05:27:56.383206 START Mgen Version 5.1.1
05:27:56.383496 ON flow>3001 srcPort>44807 dst>fd10:62:100::2/20000 
05:27:56.384581 CONNECT flow>3001 srcPort>44807 dst>fd10:62:100::2/20000 
05:27:56.883354 ON flow>3002 srcPort>36447 dst>fd10:62:100::2/20001 
05:27:56.883743 CONNECT flow>3002 srcPort>36447 dst>fd10:62:100::2/20001 
05:27:57.383351 ON flow>3003 srcPort>41969 dst>fd10:62:100::2/20002 
05:27:57.383794 CONNECT flow>3003 srcPort>41969 dst>fd10:62:100::2/20002 
05:27:57.883353 ON flow>3004 srcPort>35275 dst>fd10:62:100::2/20003 
05:27:57.883783 CONNECT flow>3004 srcPort>35275 dst>fd10:62:100::2/20003 
05:28:01.800358 ON flow>3200 srcPort>42017 dst>fd10:62:100::2/21000 
05:28:01.800641 CONNECT flow>3200 srcPort>42017 dst>fd10:62:100::2/21000 
05:28:01.804031 ON flow>3201 srcPort>36897 dst>fd10:62:100::2/21001 
05:28:01.804367 CONNECT flow>3201 srcPort>36897 dst>fd10:62:100::2/21001 
05:28:01.996745 ON flow>3202 srcPort>42781 dst>fd10:62:100::2/21002 
05:28:01.997130 CONNECT flow>3202 srcPort>42781 dst>fd10:62:100::2/21002 
05:28:02.191235 ON flow>3203 srcPort>38863 dst>fd10:62:100::2/21003 
05:28:02.191606 CONNECT flow>3203 srcPort>38863 dst>fd10:62:100::2/21003 
05:28:02.588525 ON flow>3204 srcPort>43857 dst>fd10:62:100::2/21004 
05:28:02.588951 CONNECT flow>3204 srcPort>43857 dst>fd10:62:100::2/21004 
05:28:02.659416 ON flow>3205 srcPort>39155 dst>fd10:62:100::2/21005 
05:28:02.660188 CONNECT flow>3205 srcPort>39155 dst>fd10:62:100::2/21005 
05:28:02.667035 ON flow>3206 srcPort>38219 dst>fd10:62:100::2/21006 
05:28:02.667375 CONNECT flow>3206 srcPort>38219 dst>fd10:62:100::2/21006 
05:28:02.757045 ON flow>3207 srcPort>44581 dst>fd10:62:100::2/21007 
05:28:02.757396 CONNECT flow>3207 srcPort>44581 dst>fd10:62:100::2/21007 
05:28:02.762683 ON flow>3208 srcPort>41521 dst>fd10:62:100::2/21008 
05:28:02.763044 CONNECT flow>3208 srcPort>41521 dst>fd10:62:100::2/21008 
05:28:02.870029 ON flow>3209 srcPort>46553 dst>fd10:62:100::2/21009 
05:28:02.870374 CONNECT flow>3209 srcPort>46553 dst>fd10:62:100::2/21009 
05:28:02.877942 ON flow>3210 srcPort>34059 dst>fd10:62:100::2/21010 
05:28:02.878259 CONNECT flow>3210 srcPort>34059 dst>fd10:62:100::2/21010 
05:28:03.388571 ON flow>3211 srcPort>39907 dst>fd10:62:100::2/21011 
05:28:03.388981 CONNECT flow>3211 srcPort>39907 dst>fd10:62:100::2/21011 
05:28:03.562639 ON flow>3212 srcPort>35033 dst>fd10:62:100::2/21012 
05:28:03.562962 CONNECT flow>3212 srcPort>35033 dst>fd10:62:100::2/21012 
05:28:03.641013 ON flow>3213 srcPort>35891 dst>fd10:62:100::2/21013 
05:28:03.641490 CONNECT flow>3213 srcPort>35891 dst>fd10:62:100::2/21013 
05:28:03.696331 ON flow>3214 srcPort>36729 dst>fd10:62:100::2/21014 
05:28:03.696699 CONNECT flow>3214 srcPort>36729 dst>fd10:62:100::2/21014 
05:28:03.740356 ON flow>3215 srcPort>39091 dst>fd10:62:100::2/21015 
05:28:03.740780 CONNECT flow>3215 srcPort>39091 dst>fd10:62:100::2/21015 
05:28:03.829140 ON flow>3216 srcPort>37787 dst>fd10:62:100::2/21016 
05:28:03.829448 CONNECT flow>3216 srcPort>37787 dst>fd10:62:100::2/21016 
05:28:03.859123 ON flow>3217 srcPort>43777 dst>fd10:62:100::2/21017 
05:28:03.859531 CONNECT flow>3217 srcPort>43777 dst>fd10:62:100::2/21017 
05:28:03.920253 ON flow>3218 srcPort>35515 dst>fd10:62:100::2/21018 
05:28:03.920515 CONNECT flow>3218 srcPort>35515 dst>fd10:62:100::2/21018 
05:28:03.972330 ON flow>3219 srcPort>45323 dst>fd10:62:100::2/21019 
05:28:03.972649 CONNECT flow>3219 srcPort>45323 dst>fd10:62:100::2/21019 
05:28:04.052438 ON flow>3220 srcPort>35973 dst>fd10:62:100::2/21020 
05:28:04.052731 CONNECT flow>3220 srcPort>35973 dst>fd10:62:100::2/21020 
05:28:04.053260 ON flow>3221 srcPort>32825 dst>fd10:62:100::2/21021 
05:28:04.053658 CONNECT flow>3221 srcPort>32825 dst>fd10:62:100::2/21021 
05:28:04.172346 ON flow>3222 srcPort>36525 dst>fd10:62:100::2/21022 
05:28:04.172731 CONNECT flow>3222 srcPort>36525 dst>fd10:62:100::2/21022 
05:28:04.180143 ON flow>3223 srcPort>40821 dst>fd10:62:100::2/21023 
05:28:04.180472 CONNECT flow>3223 srcPort>40821 dst>fd10:62:100::2/21023 
05:28:04.244450 ON flow>3224 srcPort>34663 dst>fd10:62:100::2/21024 
05:28:04.244833 CONNECT flow>3224 srcPort>34663 dst>fd10:62:100::2/21024 
05:28:04.307477 ON flow>3225 srcPort>42723 dst>fd10:62:100::2/21025 
05:28:04.307983 CONNECT flow>3225 srcPort>42723 dst>fd10:62:100::2/21025 
05:28:04.348152 ON flow>3226 srcPort>41371 dst>fd10:62:100::2/21026 
05:28:04.348461 CONNECT flow>3226 srcPort>41371 dst>fd10:62:100::2/21026 
05:28:04.504301 ON flow>3227 srcPort>45355 dst>fd10:62:100::2/21027 
05:28:04.504977 CONNECT flow>3227 srcPort>45355 dst>fd10:62:100::2/21027 
05:28:04.518500 ON flow>3228 srcPort>42453 dst>fd10:62:100::2/21028 
05:28:04.518831 CONNECT flow>3228 srcPort>42453 dst>fd10:62:100::2/21028 
05:28:04.522856 ON flow>3229 srcPort>43561 dst>fd10:62:100::2/21029 
05:28:04.523213 CONNECT flow>3229 srcPort>43561 dst>fd10:62:100::2/21029 
05:28:04.611757 ON flow>3230 srcPort>35915 dst>fd10:62:100::2/21030 
05:28:04.612144 CONNECT flow>3230 srcPort>35915 dst>fd10:62:100::2/21030 
05:28:04.748343 ON flow>3231 srcPort>39971 dst>fd10:62:100::2/21031 
05:28:04.748693 CONNECT flow>3231 srcPort>39971 dst>fd10:62:100::2/21031 
05:28:06.600279 SHUTDOWN flow>3200 srcPort>42017 dst>fd10:62:100::2/21000 
05:28:06.600794 OFF flow>3200 srcPort>42017 dst>fd10:62:100::2/21000 
05:28:06.603978 SHUTDOWN flow>3201 srcPort>36897 dst>fd10:62:100::2/21001 
05:28:06.604482 OFF flow>3201 srcPort>36897 dst>fd10:62:100::2/21001 
05:28:06.796690 SHUTDOWN flow>3202 srcPort>42781 dst>fd10:62:100::2/21002 
05:28:06.797289 OFF flow>3202 srcPort>42781 dst>fd10:62:100::2/21002 
05:28:06.991187 SHUTDOWN flow>3203 srcPort>38863 dst>fd10:62:100::2/21003 
05:28:06.991614 OFF flow>3203 srcPort>38863 dst>fd10:62:100::2/21003 
05:28:07.176775 ON flow>3232 srcPort>41153 dst>fd10:62:100::2/21032 
05:28:07.177768 CONNECT flow>3232 srcPort>41153 dst>fd10:62:100::2/21032 
05:28:07.199386 ON flow>3233 srcPort>42741 dst>fd10:62:100::2/21033 
05:28:07.199770 CONNECT flow>3233 srcPort>42741 dst>fd10:62:100::2/21033 
05:28:07.388296 SHUTDOWN flow>3204 srcPort>43857 dst>fd10:62:100::2/21004 
05:28:07.388824 OFF flow>3204 srcPort>43857 dst>fd10:62:100::2/21004 
05:28:07.459287 SHUTDOWN flow>3205 srcPort>39155 dst>fd10:62:100::2/21005 
05:28:07.459804 OFF flow>3205 srcPort>39155 dst>fd10:62:100::2/21005 
05:28:07.467057 SHUTDOWN flow>3206 srcPort>38219 dst>fd10:62:100::2/21006 
05:28:07.467488 OFF flow>3206 srcPort>38219 dst>fd10:62:100::2/21006 
05:28:07.504200 ON flow>3234 srcPort>45489 dst>fd10:62:100::2/21034 
05:28:07.504929 CONNECT flow>3234 srcPort>45489 dst>fd10:62:100::2/21034 
05:28:07.556987 SHUTDOWN flow>3207 srcPort>44581 dst>fd10:62:100::2/21007 
05:28:07.557445 OFF flow>3207 srcPort>44581 dst>fd10:62:100::2/21007 
05:28:07.562598 SHUTDOWN flow>3208 srcPort>41521 dst>fd10:62:100::2/21008 
05:28:07.563161 OFF flow>3208 srcPort>41521 dst>fd10:62:100::2/21008 
05:28:07.669991 SHUTDOWN flow>3209 srcPort>46553 dst>fd10:62:100::2/21009 
05:28:07.670554 OFF flow>3209 srcPort>46553 dst>fd10:62:100::2/21009 
05:28:07.677899 SHUTDOWN flow>3210 srcPort>34059 dst>fd10:62:100::2/21010 
05:28:07.678432 OFF flow>3210 srcPort>34059 dst>fd10:62:100::2/21010 
05:28:07.890083 ON flow>3235 srcPort>38447 dst>fd10:62:100::2/21035 
05:28:07.890437 CONNECT flow>3235 srcPort>38447 dst>fd10:62:100::2/21035 
05:28:07.964174 ON flow>3236 srcPort>36179 dst>fd10:62:100::2/21036 
05:28:07.964470 CONNECT flow>3236 srcPort>36179 dst>fd10:62:100::2/21036 
05:28:08.102393 ON flow>3237 srcPort>41679 dst>fd10:62:100::2/21037 
05:28:08.102966 CONNECT flow>3237 srcPort>41679 dst>fd10:62:100::2/21037 
05:28:08.124484 ON flow>3238 srcPort>40085 dst>fd10:62:100::2/21038 
05:28:08.124985 ON flow>3239 srcPort>39803 dst>fd10:62:100::2/21039 
05:28:08.125001 CONNECT flow>3238 srcPort>40085 dst>fd10:62:100::2/21038 
05:28:08.125763 CONNECT flow>3239 srcPort>39803 dst>fd10:62:100::2/21039 
05:28:08.188489 SHUTDOWN flow>3211 srcPort>39907 dst>fd10:62:100::2/21011 
05:28:08.188983 OFF flow>3211 srcPort>39907 dst>fd10:62:100::2/21011 
05:28:08.207584 ON flow>3240 srcPort>37503 dst>fd10:62:100::2/21040 
05:28:08.207995 CONNECT flow>3240 srcPort>37503 dst>fd10:62:100::2/21040 
05:28:08.362586 SHUTDOWN flow>3212 srcPort>35033 dst>fd10:62:100::2/21012 
05:28:08.363065 OFF flow>3212 srcPort>35033 dst>fd10:62:100::2/21012 
05:28:08.440926 SHUTDOWN flow>3213 srcPort>35891 dst>fd10:62:100::2/21013 
05:28:08.441417 OFF flow>3213 srcPort>35891 dst>fd10:62:100::2/21013 
05:28:08.496290 SHUTDOWN flow>3214 srcPort>36729 dst>fd10:62:100::2/21014 
05:28:08.496862 OFF flow>3214 srcPort>36729 dst>fd10:62:100::2/21014 
05:28:08.540289 SHUTDOWN flow>3215 srcPort>39091 dst>fd10:62:100::2/21015 
05:28:08.540759 OFF flow>3215 srcPort>39091 dst>fd10:62:100::2/21015 
05:28:08.563054 ON flow>3241 srcPort>36031 dst>fd10:62:100::2/21041 
05:28:08.563415 CONNECT flow>3241 srcPort>36031 dst>fd10:62:100::2/21041 
05:28:08.616365 ON flow>3242 srcPort>45375 dst>fd10:62:100::2/21042 
05:28:08.616796 CONNECT flow>3242 srcPort>45375 dst>fd10:62:100::2/21042 
05:28:08.629083 SHUTDOWN flow>3216 srcPort>37787 dst>fd10:62:100::2/21016 
05:28:08.629501 OFF flow>3216 srcPort>37787 dst>fd10:62:100::2/21016 
05:28:08.658994 SHUTDOWN flow>3217 srcPort>43777 dst>fd10:62:100::2/21017 
05:28:08.659562 OFF flow>3217 srcPort>43777 dst>fd10:62:100::2/21017 
05:28:08.720182 SHUTDOWN flow>3218 srcPort>35515 dst>fd10:62:100::2/21018 
05:28:08.720639 OFF flow>3218 srcPort>35515 dst>fd10:62:100::2/21018 
05:28:08.772340 SHUTDOWN flow>3219 srcPort>45323 dst>fd10:62:100::2/21019 
05:28:08.773068 OFF flow>3219 srcPort>45323 dst>fd10:62:100::2/21019 
05:28:08.852384 SHUTDOWN flow>3220 srcPort>35973 dst>fd10:62:100::2/21020 
05:28:08.853087 OFF flow>3220 srcPort>35973 dst>fd10:62:100::2/21020 
05:28:08.853182 SHUTDOWN flow>3221 srcPort>32825 dst>fd10:62:100::2/21021 
05:28:08.853574 OFF flow>3221 srcPort>32825 dst>fd10:62:100::2/21021 
05:28:08.972293 SHUTDOWN flow>3222 srcPort>36525 dst>fd10:62:100::2/21022 
05:28:08.972750 OFF flow>3222 srcPort>36525 dst>fd10:62:100::2/21022 
05:28:08.980084 SHUTDOWN flow>3223 srcPort>40821 dst>fd10:62:100::2/21023 
05:28:08.980884 OFF flow>3223 srcPort>40821 dst>fd10:62:100::2/21023 
05:28:09.044388 SHUTDOWN flow>3224 srcPort>34663 dst>fd10:62:100::2/21024 
05:28:09.044752 OFF flow>3224 srcPort>34663 dst>fd10:62:100::2/21024 
05:28:09.107403 SHUTDOWN flow>3225 srcPort>42723 dst>fd10:62:100::2/21025 
05:28:09.109817 OFF flow>3225 srcPort>42723 dst>fd10:62:100::2/21025 
05:28:09.148121 SHUTDOWN flow>3226 srcPort>41371 dst>fd10:62:100::2/21026 
05:28:09.148678 OFF flow>3226 srcPort>41371 dst>fd10:62:100::2/21026 
05:28:09.304202 SHUTDOWN flow>3227 srcPort>45355 dst>fd10:62:100::2/21027 
05:28:09.304700 OFF flow>3227 srcPort>45355 dst>fd10:62:100::2/21027 
05:28:09.318396 SHUTDOWN flow>3228 srcPort>42453 dst>fd10:62:100::2/21028 
05:28:09.318814 OFF flow>3228 srcPort>42453 dst>fd10:62:100::2/21028 
05:28:09.322823 SHUTDOWN flow>3229 srcPort>43561 dst>fd10:62:100::2/21029 
05:28:09.323177 OFF flow>3229 srcPort>43561 dst>fd10:62:100::2/21029 
05:28:09.411709 SHUTDOWN flow>3230 srcPort>35915 dst>fd10:62:100::2/21030 
05:28:09.412119 OFF flow>3230 srcPort>35915 dst>fd10:62:100::2/21030 
05:28:09.548212 SHUTDOWN flow>3231 srcPort>39971 dst>fd10:62:100::2/21031 
05:28:09.548808 OFF flow>3231 srcPort>39971 dst>fd10:62:100::2/21031 
05:28:11.191698 ON flow>3243 srcPort>40701 dst>fd10:62:100::2/21043 
05:28:11.192051 CONNECT flow>3243 srcPort>40701 dst>fd10:62:100::2/21043 
05:28:11.264003 ON flow>3244 srcPort>37615 dst>fd10:62:100::2/21044 
05:28:11.264373 CONNECT flow>3244 srcPort>37615 dst>fd10:62:100::2/21044 
05:28:11.277659 ON flow>3245 srcPort>46041 dst>fd10:62:100::2/21045 
05:28:11.277964 CONNECT flow>3245 srcPort>46041 dst>fd10:62:100::2/21045 
05:28:11.976689 SHUTDOWN flow>3232 srcPort>41153 dst>fd10:62:100::2/21032 
05:28:11.977227 ON flow>3246 srcPort>32883 dst>fd10:62:100::2/21046 
05:28:11.977269 OFF flow>3232 srcPort>41153 dst>fd10:62:100::2/21032 
05:28:11.977506 CONNECT flow>3246 srcPort>32883 dst>fd10:62:100::2/21046 
05:28:11.999291 SHUTDOWN flow>3233 srcPort>42741 dst>fd10:62:100::2/21033 
05:28:11.999729 OFF flow>3233 srcPort>42741 dst>fd10:62:100::2/21033 
05:28:12.004446 ON flow>3247 srcPort>45821 dst>fd10:62:100::2/21047 
05:28:12.006090 CONNECT flow>3247 srcPort>45821 dst>fd10:62:100::2/21047 
05:28:12.075457 ON flow>3248 srcPort>45911 dst>fd10:62:100::2/21048 
05:28:12.075959 CONNECT flow>3248 srcPort>45911 dst>fd10:62:100::2/21048 
05:28:12.129472 ON flow>3249 srcPort>43071 dst>fd10:62:100::2/21049 
05:28:12.129924 CONNECT flow>3249 srcPort>43071 dst>fd10:62:100::2/21049 
05:28:12.202552 ON flow>3250 srcPort>35785 dst>fd10:62:100::2/21050 
05:28:12.203441 CONNECT flow>3250 srcPort>35785 dst>fd10:62:100::2/21050 
05:28:12.232115 ON flow>3251 srcPort>40467 dst>fd10:62:100::2/21051 
05:28:12.232442 CONNECT flow>3251 srcPort>40467 dst>fd10:62:100::2/21051 
05:28:12.304137 SHUTDOWN flow>3234 srcPort>45489 dst>fd10:62:100::2/21034 
05:28:12.304625 OFF flow>3234 srcPort>45489 dst>fd10:62:100::2/21034 
05:28:12.662047 ON flow>3252 srcPort>32801 dst>fd10:62:100::2/21052 
05:28:12.662359 CONNECT flow>3252 srcPort>32801 dst>fd10:62:100::2/21052 
05:28:12.690038 SHUTDOWN flow>3235 srcPort>38447 dst>fd10:62:100::2/21035 
05:28:12.690618 OFF flow>3235 srcPort>38447 dst>fd10:62:100::2/21035 
05:28:12.715308 ON flow>3253 srcPort>42607 dst>fd10:62:100::2/21053 
05:28:12.715638 CONNECT flow>3253 srcPort>42607 dst>fd10:62:100::2/21053 
05:28:12.742574 ON flow>3254 srcPort>39417 dst>fd10:62:100::2/21054 
05:28:12.742994 CONNECT flow>3254 srcPort>39417 dst>fd10:62:100::2/21054 
05:28:12.764118 SHUTDOWN flow>3236 srcPort>36179 dst>fd10:62:100::2/21036 
05:28:12.764526 OFF flow>3236 srcPort>36179 dst>fd10:62:100::2/21036 
05:28:12.902333 SHUTDOWN flow>3237 srcPort>41679 dst>fd10:62:100::2/21037 
05:28:12.902724 OFF flow>3237 srcPort>41679 dst>fd10:62:100::2/21037 
05:28:12.924458 SHUTDOWN flow>3238 srcPort>40085 dst>fd10:62:100::2/21038 
05:28:12.924862 OFF flow>3238 srcPort>40085 dst>fd10:62:100::2/21038 
05:28:12.924961 SHUTDOWN flow>3239 srcPort>39803 dst>fd10:62:100::2/21039 
05:28:12.925546 OFF flow>3239 srcPort>39803 dst>fd10:62:100::2/21039 
05:28:13.007465 SHUTDOWN flow>3240 srcPort>37503 dst>fd10:62:100::2/21040 
05:28:13.007928 OFF flow>3240 srcPort>37503 dst>fd10:62:100::2/21040 
05:28:13.362968 SHUTDOWN flow>3241 srcPort>36031 dst>fd10:62:100::2/21041 
05:28:13.363412 OFF flow>3241 srcPort>36031 dst>fd10:62:100::2/21041 
05:28:13.416307 SHUTDOWN flow>3242 srcPort>45375 dst>fd10:62:100::2/21042 
05:28:13.416894 OFF flow>3242 srcPort>45375 dst>fd10:62:100::2/21042 
05:28:14.307393 ON flow>3255 srcPort>41729 dst>fd10:62:100::2/21055 
05:28:14.307769 CONNECT flow>3255 srcPort>41729 dst>fd10:62:100::2/21055 
05:28:14.337513 ON flow>3256 srcPort>37405 dst>fd10:62:100::2/21056 
05:28:14.337889 CONNECT flow>3256 srcPort>37405 dst>fd10:62:100::2/21056 
05:28:14.482178 ON flow>3257 srcPort>34573 dst>fd10:62:100::2/21057 
05:28:14.482612 CONNECT flow>3257 srcPort>34573 dst>fd10:62:100::2/21057 
05:28:14.503326 ON flow>3258 srcPort>40799 dst>fd10:62:100::2/21058 
05:28:14.503705 CONNECT flow>3258 srcPort>40799 dst>fd10:62:100::2/21058 
05:28:14.615873 ON flow>3259 srcPort>33059 dst>fd10:62:100::2/21059 
05:28:14.616175 CONNECT flow>3259 srcPort>33059 dst>fd10:62:100::2/21059 
05:28:14.753515 ON flow>3260 srcPort>38645 dst>fd10:62:100::2/21060 
05:28:14.753876 CONNECT flow>3260 srcPort>38645 dst>fd10:62:100::2/21060 
05:28:15.100541 ON flow>3261 srcPort>35173 dst>fd10:62:100::2/21061 
05:28:15.100869 CONNECT flow>3261 srcPort>35173 dst>fd10:62:100::2/21061 
05:28:15.104803 ON flow>3262 srcPort>41033 dst>fd10:62:100::2/21062 
05:28:15.105180 CONNECT flow>3262 srcPort>41033 dst>fd10:62:100::2/21062 
05:28:15.138932 ON flow>3263 srcPort>32789 dst>fd10:62:100::2/21063 
05:28:15.139315 CONNECT flow>3263 srcPort>32789 dst>fd10:62:100::2/21063 
05:28:15.176496 ON flow>3264 srcPort>33863 dst>fd10:62:100::2/21064 
05:28:15.177205 CONNECT flow>3264 srcPort>33863 dst>fd10:62:100::2/21064 
05:28:15.267724 ON flow>3265 srcPort>36321 dst>fd10:62:100::2/21065 
05:28:15.268132 CONNECT flow>3265 srcPort>36321 dst>fd10:62:100::2/21065 
05:28:15.343594 ON flow>3266 srcPort>38885 dst>fd10:62:100::2/21066 
05:28:15.344116 CONNECT flow>3266 srcPort>38885 dst>fd10:62:100::2/21066 
05:28:15.548320 ON flow>3267 srcPort>46639 dst>fd10:62:100::2/21067 
05:28:15.548719 CONNECT flow>3267 srcPort>46639 dst>fd10:62:100::2/21067 
05:28:15.555012 ON flow>3268 srcPort>37803 dst>fd10:62:100::2/21068 
05:28:15.555419 CONNECT flow>3268 srcPort>37803 dst>fd10:62:100::2/21068 
05:28:15.874635 ON flow>3269 srcPort>41955 dst>fd10:62:100::2/21069 
05:28:15.875432 CONNECT flow>3269 srcPort>41955 dst>fd10:62:100::2/21069 
05:28:15.991629 SHUTDOWN flow>3243 srcPort>40701 dst>fd10:62:100::2/21043 
05:28:15.992064 OFF flow>3243 srcPort>40701 dst>fd10:62:100::2/21043 
05:28:16.063925 SHUTDOWN flow>3244 srcPort>37615 dst>fd10:62:100::2/21044 
05:28:16.064364 OFF flow>3244 srcPort>37615 dst>fd10:62:100::2/21044 
05:28:16.077631 SHUTDOWN flow>3245 srcPort>46041 dst>fd10:62:100::2/21045 
05:28:16.078097 OFF flow>3245 srcPort>46041 dst>fd10:62:100::2/21045 
05:28:16.777110 SHUTDOWN flow>3246 srcPort>32883 dst>fd10:62:100::2/21046 
05:28:16.778388 OFF flow>3246 srcPort>32883 dst>fd10:62:100::2/21046 
05:28:16.804400 SHUTDOWN flow>3247 srcPort>45821 dst>fd10:62:100::2/21047 
05:28:16.804853 OFF flow>3247 srcPort>45821 dst>fd10:62:100::2/21047 
05:28:16.875435 SHUTDOWN flow>3248 srcPort>45911 dst>fd10:62:100::2/21048 
05:28:16.876024 OFF flow>3248 srcPort>45911 dst>fd10:62:100::2/21048 
05:28:16.929416 SHUTDOWN flow>3249 srcPort>43071 dst>fd10:62:100::2/21049 
05:28:16.929914 OFF flow>3249 srcPort>43071 dst>fd10:62:100::2/21049 
05:28:17.002509 SHUTDOWN flow>3250 srcPort>35785 dst>fd10:62:100::2/21050 
05:28:17.002939 OFF flow>3250 srcPort>35785 dst>fd10:62:100::2/21050 
05:28:17.032006 SHUTDOWN flow>3251 srcPort>40467 dst>fd10:62:100::2/21051 
05:28:17.032488 OFF flow>3251 srcPort>40467 dst>fd10:62:100::2/21051 
05:28:17.304410 ON flow>3270 srcPort>42789 dst>fd10:62:100::2/21070 
05:28:17.304737 CONNECT flow>3270 srcPort>42789 dst>fd10:62:100::2/21070 
05:28:17.461996 SHUTDOWN flow>3252 srcPort>32801 dst>fd10:62:100::2/21052 
05:28:17.462649 OFF flow>3252 srcPort>32801 dst>fd10:62:100::2/21052 
05:28:17.489503 ON flow>3271 srcPort>46811 dst>fd10:62:100::2/21071 
05:28:17.489837 CONNECT flow>3271 srcPort>46811 dst>fd10:62:100::2/21071 
05:28:17.515197 SHUTDOWN flow>3253 srcPort>42607 dst>fd10:62:100::2/21053 
05:28:17.515692 OFF flow>3253 srcPort>42607 dst>fd10:62:100::2/21053 
05:28:17.542501 SHUTDOWN flow>3254 srcPort>39417 dst>fd10:62:100::2/21054 
05:28:17.543127 OFF flow>3254 srcPort>39417 dst>fd10:62:100::2/21054 
05:28:17.658624 ON flow>3272 srcPort>39133 dst>fd10:62:100::2/21072 
05:28:17.658993 CONNECT flow>3272 srcPort>39133 dst>fd10:62:100::2/21072 
05:28:19.107257 SHUTDOWN flow>3255 srcPort>41729 dst>fd10:62:100::2/21055 
05:28:19.108321 OFF flow>3255 srcPort>41729 dst>fd10:62:100::2/21055 
05:28:19.137431 SHUTDOWN flow>3256 srcPort>37405 dst>fd10:62:100::2/21056 
05:28:19.137836 OFF flow>3256 srcPort>37405 dst>fd10:62:100::2/21056 
05:28:19.282035 SHUTDOWN flow>3257 srcPort>34573 dst>fd10:62:100::2/21057 
05:28:19.282615 OFF flow>3257 srcPort>34573 dst>fd10:62:100::2/21057 
05:28:19.303233 SHUTDOWN flow>3258 srcPort>40799 dst>fd10:62:100::2/21058 
05:28:19.303624 OFF flow>3258 srcPort>40799 dst>fd10:62:100::2/21058 
05:28:19.343706 ON flow>3273 srcPort>42477 dst>fd10:62:100::2/21073 
05:28:19.344868 CONNECT flow>3273 srcPort>42477 dst>fd10:62:100::2/21073 
05:28:19.413415 ON flow>3274 srcPort>36669 dst>fd10:62:100::2/21074 
05:28:19.413738 CONNECT flow>3274 srcPort>36669 dst>fd10:62:100::2/21074 
05:28:19.415850 SHUTDOWN flow>3259 srcPort>33059 dst>fd10:62:100::2/21059 
05:28:19.416280 OFF flow>3259 srcPort>33059 dst>fd10:62:100::2/21059 
05:28:19.553439 SHUTDOWN flow>3260 srcPort>38645 dst>fd10:62:100::2/21060 
05:28:19.553922 OFF flow>3260 srcPort>38645 dst>fd10:62:100::2/21060 
05:28:19.596035 ON flow>3275 srcPort>40803 dst>fd10:62:100::2/21075 
05:28:19.596433 CONNECT flow>3275 srcPort>40803 dst>fd10:62:100::2/21075 
05:28:19.663272 ON flow>3276 srcPort>41731 dst>fd10:62:100::2/21076 
05:28:19.663596 CONNECT flow>3276 srcPort>41731 dst>fd10:62:100::2/21076 
05:28:19.713188 ON flow>3277 srcPort>44957 dst>fd10:62:100::2/21077 
05:28:19.714786 CONNECT flow>3277 srcPort>44957 dst>fd10:62:100::2/21077 
05:28:19.750643 ON flow>3278 srcPort>45251 dst>fd10:62:100::2/21078 
05:28:19.752731 CONNECT flow>3278 srcPort>45251 dst>fd10:62:100::2/21078 
05:28:19.832089 ON flow>3279 srcPort>42743 dst>fd10:62:100::2/21079 
05:28:19.832496 CONNECT flow>3279 srcPort>42743 dst>fd10:62:100::2/21079 
05:28:19.863853 ON flow>3280 srcPort>35123 dst>fd10:62:100::2/21080 
05:28:19.864166 CONNECT flow>3280 srcPort>35123 dst>fd10:62:100::2/21080 
05:28:19.900440 SHUTDOWN flow>3261 srcPort>35173 dst>fd10:62:100::2/21061 
05:28:19.901491 OFF flow>3261 srcPort>35173 dst>fd10:62:100::2/21061 
05:28:19.904628 SHUTDOWN flow>3262 srcPort>41033 dst>fd10:62:100::2/21062 
05:28:19.905141 OFF flow>3262 srcPort>41033 dst>fd10:62:100::2/21062 
05:28:19.938738 SHUTDOWN flow>3263 srcPort>32789 dst>fd10:62:100::2/21063 
05:28:19.939151 OFF flow>3263 srcPort>32789 dst>fd10:62:100::2/21063 
05:28:19.976345 SHUTDOWN flow>3264 srcPort>33863 dst>fd10:62:100::2/21064 
05:28:19.977719 OFF flow>3264 srcPort>33863 dst>fd10:62:100::2/21064 
05:28:20.067643 SHUTDOWN flow>3265 srcPort>36321 dst>fd10:62:100::2/21065 
05:28:20.068105 OFF flow>3265 srcPort>36321 dst>fd10:62:100::2/21065 
05:28:20.143544 SHUTDOWN flow>3266 srcPort>38885 dst>fd10:62:100::2/21066 
05:28:20.143969 OFF flow>3266 srcPort>38885 dst>fd10:62:100::2/21066 
05:28:20.348190 SHUTDOWN flow>3267 srcPort>46639 dst>fd10:62:100::2/21067 
05:28:20.348811 OFF flow>3267 srcPort>46639 dst>fd10:62:100::2/21067 
05:28:20.354902 SHUTDOWN flow>3268 srcPort>37803 dst>fd10:62:100::2/21068 
05:28:20.355402 OFF flow>3268 srcPort>37803 dst>fd10:62:100::2/21068 
05:28:20.378636 ON flow>3281 srcPort>42333 dst>fd10:62:100::2/21081 
05:28:20.378986 CONNECT flow>3281 srcPort>42333 dst>fd10:62:100::2/21081 
05:28:20.451043 ON flow>3282 srcPort>44773 dst>fd10:62:100::2/21082 
05:28:20.451527 CONNECT flow>3282 srcPort>44773 dst>fd10:62:100::2/21082 
05:28:20.562529 ON flow>3283 srcPort>36181 dst>fd10:62:100::2/21083 
05:28:20.562839 CONNECT flow>3283 srcPort>36181 dst>fd10:62:100::2/21083 
05:28:20.674494 SHUTDOWN flow>3269 srcPort>41955 dst>fd10:62:100::2/21069 
05:28:20.674954 OFF flow>3269 srcPort>41955 dst>fd10:62:100::2/21069 
05:28:20.875561 ON flow>3284 srcPort>36627 dst>fd10:62:100::2/21084 
05:28:20.875997 CONNECT flow>3284 srcPort>36627 dst>fd10:62:100::2/21084 
05:28:20.942834 ON flow>3285 srcPort>39693 dst>fd10:62:100::2/21085 
05:28:20.943206 CONNECT flow>3285 srcPort>39693 dst>fd10:62:100::2/21085 
05:28:20.957534 ON flow>3286 srcPort>44021 dst>fd10:62:100::2/21086 
05:28:20.957927 CONNECT flow>3286 srcPort>44021 dst>fd10:62:100::2/21086 
05:28:21.019295 ON flow>3287 srcPort>40183 dst>fd10:62:100::2/21087 
05:28:21.019615 CONNECT flow>3287 srcPort>40183 dst>fd10:62:100::2/21087 
05:28:21.113591 ON flow>3288 srcPort>41803 dst>fd10:62:100::2/21088 
05:28:21.114109 CONNECT flow>3288 srcPort>41803 dst>fd10:62:100::2/21088 
05:28:21.294334 ON flow>3289 srcPort>41411 dst>fd10:62:100::2/21089 
05:28:21.294819 CONNECT flow>3289 srcPort>41411 dst>fd10:62:100::2/21089 
05:28:21.407426 ON flow>3290 srcPort>46359 dst>fd10:62:100::2/21090 
05:28:21.407791 CONNECT flow>3290 srcPort>46359 dst>fd10:62:100::2/21090 
05:28:21.534430 ON flow>3291 srcPort>44243 dst>fd10:62:100::2/21091 
05:28:21.534823 CONNECT flow>3291 srcPort>44243 dst>fd10:62:100::2/21091 
05:28:21.586275 ON flow>3292 srcPort>38299 dst>fd10:62:100::2/21092 
05:28:21.586625 CONNECT flow>3292 srcPort>38299 dst>fd10:62:100::2/21092 
05:28:21.695466 ON flow>3293 srcPort>39423 dst>fd10:62:100::2/21093 
05:28:21.695940 CONNECT flow>3293 srcPort>39423 dst>fd10:62:100::2/21093 
05:28:21.745159 ON flow>3294 srcPort>33625 dst>fd10:62:100::2/21094 
05:28:21.745804 CONNECT flow>3294 srcPort>33625 dst>fd10:62:100::2/21094 
05:28:21.917726 ON flow>3295 srcPort>40529 dst>fd10:62:100::2/21095 
05:28:21.918345 CONNECT flow>3295 srcPort>40529 dst>fd10:62:100::2/21095 
05:28:21.959679 ON flow>3296 srcPort>41541 dst>fd10:62:100::2/21096 
05:28:21.960039 CONNECT flow>3296 srcPort>41541 dst>fd10:62:100::2/21096 
05:28:21.970928 ON flow>3297 srcPort>43807 dst>fd10:62:100::2/21097 
05:28:21.971253 CONNECT flow>3297 srcPort>43807 dst>fd10:62:100::2/21097 
05:28:22.073095 ON flow>3298 srcPort>34809 dst>fd10:62:100::2/21098 
05:28:22.073559 CONNECT flow>3298 srcPort>34809 dst>fd10:62:100::2/21098 
05:28:22.077630 ON flow>3299 srcPort>43301 dst>fd10:62:100::2/21099 
05:28:22.078013 CONNECT flow>3299 srcPort>43301 dst>fd10:62:100::2/21099 
05:28:22.091165 ON flow>3300 srcPort>34735 dst>fd10:62:100::2/21100 
05:28:22.091490 CONNECT flow>3300 srcPort>34735 dst>fd10:62:100::2/21100 
05:28:22.104344 SHUTDOWN flow>3270 srcPort>42789 dst>fd10:62:100::2/21070 
05:28:22.104855 OFF flow>3270 srcPort>42789 dst>fd10:62:100::2/21070 
05:28:22.289446 SHUTDOWN flow>3271 srcPort>46811 dst>fd10:62:100::2/21071 
05:28:22.289950 OFF flow>3271 srcPort>46811 dst>fd10:62:100::2/21071 
05:28:22.305489 ON flow>3301 srcPort>43239 dst>fd10:62:100::2/21101 
05:28:22.305931 CONNECT flow>3301 srcPort>43239 dst>fd10:62:100::2/21101 
05:28:22.445629 ON flow>3302 srcPort>42451 dst>fd10:62:100::2/21102 
05:28:22.445987 CONNECT flow>3302 srcPort>42451 dst>fd10:62:100::2/21102 
05:28:22.458553 SHUTDOWN flow>3272 srcPort>39133 dst>fd10:62:100::2/21072 
05:28:22.458975 OFF flow>3272 srcPort>39133 dst>fd10:62:100::2/21072 
05:28:22.510673 ON flow>3303 srcPort>33689 dst>fd10:62:100::2/21103 
05:28:22.511952 CONNECT flow>3303 srcPort>33689 dst>fd10:62:100::2/21103 
05:28:22.656078 ON flow>3304 srcPort>33001 dst>fd10:62:100::2/21104 
05:28:22.656435 CONNECT flow>3304 srcPort>33001 dst>fd10:62:100::2/21104 
05:28:22.793520 ON flow>3305 srcPort>35765 dst>fd10:62:100::2/21105 
05:28:22.794022 CONNECT flow>3305 srcPort>35765 dst>fd10:62:100::2/21105 
05:28:22.840682 ON flow>3306 srcPort>43403 dst>fd10:62:100::2/21106 
05:28:22.841613 CONNECT flow>3306 srcPort>43403 dst>fd10:62:100::2/21106 
05:28:23.018284 ON flow>3307 srcPort>46865 dst>fd10:62:100::2/21107 
05:28:23.018583 CONNECT flow>3307 srcPort>46865 dst>fd10:62:100::2/21107 
05:28:23.042623 ON flow>3308 srcPort>41039 dst>fd10:62:100::2/21108 
05:28:23.042948 CONNECT flow>3308 srcPort>41039 dst>fd10:62:100::2/21108 
05:28:23.049503 ON flow>3309 srcPort>45971 dst>fd10:62:100::2/21109 
05:28:23.049951 CONNECT flow>3309 srcPort>45971 dst>fd10:62:100::2/21109 
05:28:24.035674 ON flow>3310 srcPort>43627 dst>fd10:62:100::2/21110 
05:28:24.036111 CONNECT flow>3310 srcPort>43627 dst>fd10:62:100::2/21110 
05:28:24.143616 SHUTDOWN flow>3273 srcPort>42477 dst>fd10:62:100::2/21073 
05:28:24.144915 OFF flow>3273 srcPort>42477 dst>fd10:62:100::2/21073 
05:28:24.213306 SHUTDOWN flow>3274 srcPort>36669 dst>fd10:62:100::2/21074 
05:28:24.213918 OFF flow>3274 srcPort>36669 dst>fd10:62:100::2/21074 
05:28:24.259305 ON flow>3311 srcPort>41813 dst>fd10:62:100::2/21111 
05:28:24.259726 CONNECT flow>3311 srcPort>41813 dst>fd10:62:100::2/21111 
05:28:24.273585 ON flow>3312 srcPort>46419 dst>fd10:62:100::2/21112 
05:28:24.274144 CONNECT flow>3312 srcPort>46419 dst>fd10:62:100::2/21112 
05:28:24.358656 ON flow>3313 srcPort>38515 dst>fd10:62:100::2/21113 
05:28:24.359027 CONNECT flow>3313 srcPort>38515 dst>fd10:62:100::2/21113 
05:28:24.395886 SHUTDOWN flow>3275 srcPort>40803 dst>fd10:62:100::2/21075 
05:28:24.396764 OFF flow>3275 srcPort>40803 dst>fd10:62:100::2/21075 
05:28:24.463194 SHUTDOWN flow>3276 srcPort>41731 dst>fd10:62:100::2/21076 
05:28:24.463633 OFF flow>3276 srcPort>41731 dst>fd10:62:100::2/21076 
05:28:24.510723 ON flow>3314 srcPort>33831 dst>fd10:62:100::2/21114 
05:28:24.513103 SHUTDOWN flow>3277 srcPort>44957 dst>fd10:62:100::2/21077 
05:28:24.513797 CONNECT flow>3314 srcPort>33831 dst>fd10:62:100::2/21114 
05:28:24.516413 OFF flow>3277 srcPort>44957 dst>fd10:62:100::2/21077 
05:28:24.550575 SHUTDOWN flow>3278 srcPort>45251 dst>fd10:62:100::2/21078 
05:28:24.551054 OFF flow>3278 srcPort>45251 dst>fd10:62:100::2/21078 
05:28:24.631991 SHUTDOWN flow>3279 srcPort>42743 dst>fd10:62:100::2/21079 
05:28:24.632481 OFF flow>3279 srcPort>42743 dst>fd10:62:100::2/21079 
05:28:24.663783 SHUTDOWN flow>3280 srcPort>35123 dst>fd10:62:100::2/21080 
05:28:24.664372 OFF flow>3280 srcPort>35123 dst>fd10:62:100::2/21080 
05:28:25.178486 SHUTDOWN flow>3281 srcPort>42333 dst>fd10:62:100::2/21081 
05:28:25.179041 OFF flow>3281 srcPort>42333 dst>fd10:62:100::2/21081 
05:28:25.251046 SHUTDOWN flow>3282 srcPort>44773 dst>fd10:62:100::2/21082 
05:28:25.251590 OFF flow>3282 srcPort>44773 dst>fd10:62:100::2/21082 
05:28:25.362478 SHUTDOWN flow>3283 srcPort>36181 dst>fd10:62:100::2/21083 
05:28:25.363177 OFF flow>3283 srcPort>36181 dst>fd10:62:100::2/21083 
05:28:25.675482 SHUTDOWN flow>3284 srcPort>36627 dst>fd10:62:100::2/21084 
05:28:25.676037 OFF flow>3284 srcPort>36627 dst>fd10:62:100::2/21084 
05:28:25.742781 SHUTDOWN flow>3285 srcPort>39693 dst>fd10:62:100::2/21085 
05:28:25.743477 OFF flow>3285 srcPort>39693 dst>fd10:62:100::2/21085 
05:28:25.757466 SHUTDOWN flow>3286 srcPort>44021 dst>fd10:62:100::2/21086 
05:28:25.757922 OFF flow>3286 srcPort>44021 dst>fd10:62:100::2/21086 
05:28:25.819279 SHUTDOWN flow>3287 srcPort>40183 dst>fd10:62:100::2/21087 
05:28:25.819718 OFF flow>3287 srcPort>40183 dst>fd10:62:100::2/21087 
05:28:25.913524 SHUTDOWN flow>3288 srcPort>41803 dst>fd10:62:100::2/21088 
05:28:25.913997 OFF flow>3288 srcPort>41803 dst>fd10:62:100::2/21088 
05:28:26.094072 SHUTDOWN flow>3289 srcPort>41411 dst>fd10:62:100::2/21089 
05:28:26.094530 OFF flow>3289 srcPort>41411 dst>fd10:62:100::2/21089 
05:28:26.207368 SHUTDOWN flow>3290 srcPort>46359 dst>fd10:62:100::2/21090 
05:28:26.207812 OFF flow>3290 srcPort>46359 dst>fd10:62:100::2/21090 
05:28:26.334381 SHUTDOWN flow>3291 srcPort>44243 dst>fd10:62:100::2/21091 
05:28:26.335059 OFF flow>3291 srcPort>44243 dst>fd10:62:100::2/21091 
05:28:26.386165 SHUTDOWN flow>3292 srcPort>38299 dst>fd10:62:100::2/21092 
05:28:26.386639 OFF flow>3292 srcPort>38299 dst>fd10:62:100::2/21092 
05:28:26.495361 SHUTDOWN flow>3293 srcPort>39423 dst>fd10:62:100::2/21093 
05:28:26.495848 OFF flow>3293 srcPort>39423 dst>fd10:62:100::2/21093 
05:28:26.544967 SHUTDOWN flow>3294 srcPort>33625 dst>fd10:62:100::2/21094 
05:28:26.545412 OFF flow>3294 srcPort>33625 dst>fd10:62:100::2/21094 
05:28:26.717391 SHUTDOWN flow>3295 srcPort>40529 dst>fd10:62:100::2/21095 
05:28:26.717888 OFF flow>3295 srcPort>40529 dst>fd10:62:100::2/21095 
05:28:26.759571 SHUTDOWN flow>3296 srcPort>41541 dst>fd10:62:100::2/21096 
05:28:26.760090 OFF flow>3296 srcPort>41541 dst>fd10:62:100::2/21096 
05:28:26.770868 SHUTDOWN flow>3297 srcPort>43807 dst>fd10:62:100::2/21097 
05:28:26.771299 OFF flow>3297 srcPort>43807 dst>fd10:62:100::2/21097 
05:28:26.863471 ON flow>3315 srcPort>46823 dst>fd10:62:100::2/21115 
05:28:26.863882 CONNECT flow>3315 srcPort>46823 dst>fd10:62:100::2/21115 
05:28:26.872980 SHUTDOWN flow>3298 srcPort>34809 dst>fd10:62:100::2/21098 
05:28:26.873462 OFF flow>3298 srcPort>34809 dst>fd10:62:100::2/21098 
05:28:26.877601 SHUTDOWN flow>3299 srcPort>43301 dst>fd10:62:100::2/21099 
05:28:26.878082 OFF flow>3299 srcPort>43301 dst>fd10:62:100::2/21099 
05:28:26.891128 SHUTDOWN flow>3300 srcPort>34735 dst>fd10:62:100::2/21100 
05:28:26.891560 OFF flow>3300 srcPort>34735 dst>fd10:62:100::2/21100 
05:28:27.072523 ON flow>3316 srcPort>37567 dst>fd10:62:100::2/21116 
05:28:27.072958 CONNECT flow>3316 srcPort>37567 dst>fd10:62:100::2/21116 
05:28:27.105397 SHUTDOWN flow>3301 srcPort>43239 dst>fd10:62:100::2/21101 
05:28:27.105856 OFF flow>3301 srcPort>43239 dst>fd10:62:100::2/21101 
05:28:27.122393 ON flow>3317 srcPort>36497 dst>fd10:62:100::2/21117 
05:28:27.122745 CONNECT flow>3317 srcPort>36497 dst>fd10:62:100::2/21117 
05:28:27.245511 SHUTDOWN flow>3302 srcPort>42451 dst>fd10:62:100::2/21102 
05:28:27.246060 OFF flow>3302 srcPort>42451 dst>fd10:62:100::2/21102 
05:28:27.310619 SHUTDOWN flow>3303 srcPort>33689 dst>fd10:62:100::2/21103 
05:28:27.311077 OFF flow>3303 srcPort>33689 dst>fd10:62:100::2/21103 
05:28:27.455768 SHUTDOWN flow>3304 srcPort>33001 dst>fd10:62:100::2/21104 
05:28:27.456201 OFF flow>3304 srcPort>33001 dst>fd10:62:100::2/21104 
05:28:27.593158 SHUTDOWN flow>3305 srcPort>35765 dst>fd10:62:100::2/21105 
05:28:27.593613 OFF flow>3305 srcPort>35765 dst>fd10:62:100::2/21105 
05:28:27.640575 SHUTDOWN flow>3306 srcPort>43403 dst>fd10:62:100::2/21106 
05:28:27.641142 OFF flow>3306 srcPort>43403 dst>fd10:62:100::2/21106 
05:28:27.818164 SHUTDOWN flow>3307 srcPort>46865 dst>fd10:62:100::2/21107 
05:28:27.818628 OFF flow>3307 srcPort>46865 dst>fd10:62:100::2/21107 
05:28:27.842561 SHUTDOWN flow>3308 srcPort>41039 dst>fd10:62:100::2/21108 
05:28:27.843036 OFF flow>3308 srcPort>41039 dst>fd10:62:100::2/21108 
05:28:27.849203 SHUTDOWN flow>3309 srcPort>45971 dst>fd10:62:100::2/21109 
05:28:27.849802 OFF flow>3309 srcPort>45971 dst>fd10:62:100::2/21109 
05:28:28.835472 SHUTDOWN flow>3310 srcPort>43627 dst>fd10:62:100::2/21110 
05:28:28.836042 OFF flow>3310 srcPort>43627 dst>fd10:62:100::2/21110 
05:28:29.059056 SHUTDOWN flow>3311 srcPort>41813 dst>fd10:62:100::2/21111 
05:28:29.059507 OFF flow>3311 srcPort>41813 dst>fd10:62:100::2/21111 
05:28:29.073447 SHUTDOWN flow>3312 srcPort>46419 dst>fd10:62:100::2/21112 
05:28:29.073802 OFF flow>3312 srcPort>46419 dst>fd10:62:100::2/21112 
05:28:29.141161 ON flow>3318 srcPort>37671 dst>fd10:62:100::2/21118 
05:28:29.141578 CONNECT flow>3318 srcPort>37671 dst>fd10:62:100::2/21118 
05:28:29.158672 SHUTDOWN flow>3313 srcPort>38515 dst>fd10:62:100::2/21113 
05:28:29.159339 OFF flow>3313 srcPort>38515 dst>fd10:62:100::2/21113 
05:28:29.190748 ON flow>3319 srcPort>33193 dst>fd10:62:100::2/21119 
05:28:29.191151 CONNECT flow>3319 srcPort>33193 dst>fd10:62:100::2/21119 
05:28:29.201813 ON flow>3320 srcPort>34973 dst>fd10:62:100::2/21120 
05:28:29.202157 CONNECT flow>3320 srcPort>34973 dst>fd10:62:100::2/21120 
05:28:29.225807 ON flow>3321 srcPort>44681 dst>fd10:62:100::2/21121 
05:28:29.226163 CONNECT flow>3321 srcPort>44681 dst>fd10:62:100::2/21121 
05:28:29.310624 SHUTDOWN flow>3314 srcPort>33831 dst>fd10:62:100::2/21114 
05:28:29.311139 OFF flow>3314 srcPort>33831 dst>fd10:62:100::2/21114 
05:28:29.312800 ON flow>3322 srcPort>43357 dst>fd10:62:100::2/21122 
05:28:29.313228 CONNECT flow>3322 srcPort>43357 dst>fd10:62:100::2/21122 
05:28:29.340945 ON flow>3323 srcPort>41905 dst>fd10:62:100::2/21123 
05:28:29.341516 CONNECT flow>3323 srcPort>41905 dst>fd10:62:100::2/21123 
05:28:29.458630 ON flow>3324 srcPort>41747 dst>fd10:62:100::2/21124 
05:28:29.459047 CONNECT flow>3324 srcPort>41747 dst>fd10:62:100::2/21124 
05:28:30.937294 ON flow>3325 srcPort>39361 dst>fd10:62:100::2/21125 
05:28:30.937686 CONNECT flow>3325 srcPort>39361 dst>fd10:62:100::2/21125 
05:28:31.030165 ON flow>3326 srcPort>38073 dst>fd10:62:100::2/21126 
05:28:31.030686 CONNECT flow>3326 srcPort>38073 dst>fd10:62:100::2/21126 
05:28:31.078799 ON flow>3327 srcPort>34491 dst>fd10:62:100::2/21127 
05:28:31.079201 CONNECT flow>3327 srcPort>34491 dst>fd10:62:100::2/21127 
05:28:31.127256 ON flow>3328 srcPort>44739 dst>fd10:62:100::2/21128 
05:28:31.127683 CONNECT flow>3328 srcPort>44739 dst>fd10:62:100::2/21128 
05:28:31.663357 SHUTDOWN flow>3315 srcPort>46823 dst>fd10:62:100::2/21115 
05:28:31.663835 OFF flow>3315 srcPort>46823 dst>fd10:62:100::2/21115 
05:28:31.872365 SHUTDOWN flow>3316 srcPort>37567 dst>fd10:62:100::2/21116 
05:28:31.873601 OFF flow>3316 srcPort>37567 dst>fd10:62:100::2/21116 
05:28:31.922275 SHUTDOWN flow>3317 srcPort>36497 dst>fd10:62:100::2/21117 
05:28:31.922943 OFF flow>3317 srcPort>36497 dst>fd10:62:100::2/21117 
05:28:32.470785 ON flow>3329 srcPort>45221 dst>fd10:62:100::2/21129 
05:28:32.471136 CONNECT flow>3329 srcPort>45221 dst>fd10:62:100::2/21129 
05:28:32.800274 ON flow>3330 srcPort>46735 dst>fd10:62:100::2/21130 
05:28:32.800655 CONNECT flow>3330 srcPort>46735 dst>fd10:62:100::2/21130 
05:28:32.838008 ON flow>3331 srcPort>41967 dst>fd10:62:100::2/21131 
05:28:32.838530 CONNECT flow>3331 srcPort>41967 dst>fd10:62:100::2/21131 
05:28:33.941068 SHUTDOWN flow>3318 srcPort>37671 dst>fd10:62:100::2/21118 
05:28:33.942119 OFF flow>3318 srcPort>37671 dst>fd10:62:100::2/21118 
05:28:33.990682 SHUTDOWN flow>3319 srcPort>33193 dst>fd10:62:100::2/21119 
05:28:33.991140 OFF flow>3319 srcPort>33193 dst>fd10:62:100::2/21119 
05:28:34.001746 SHUTDOWN flow>3320 srcPort>34973 dst>fd10:62:100::2/21120 
05:28:34.002149 OFF flow>3320 srcPort>34973 dst>fd10:62:100::2/21120 
05:28:34.025752 SHUTDOWN flow>3321 srcPort>44681 dst>fd10:62:100::2/21121 
05:28:34.026264 OFF flow>3321 srcPort>44681 dst>fd10:62:100::2/21121 
05:28:34.112656 SHUTDOWN flow>3322 srcPort>43357 dst>fd10:62:100::2/21122 
05:28:34.113184 OFF flow>3322 srcPort>43357 dst>fd10:62:100::2/21122 
05:28:34.140853 SHUTDOWN flow>3323 srcPort>41905 dst>fd10:62:100::2/21123 
05:28:34.141536 OFF flow>3323 srcPort>41905 dst>fd10:62:100::2/21123 
05:28:34.258576 SHUTDOWN flow>3324 srcPort>41747 dst>fd10:62:100::2/21124 
05:28:34.259059 OFF flow>3324 srcPort>41747 dst>fd10:62:100::2/21124 
05:28:35.551803 ON flow>3332 srcPort>46083 dst>fd10:62:100::2/21132 
05:28:35.552218 CONNECT flow>3332 srcPort>46083 dst>fd10:62:100::2/21132 
05:28:35.584255 ON flow>3333 srcPort>32803 dst>fd10:62:100::2/21133 
05:28:35.584713 CONNECT flow>3333 srcPort>32803 dst>fd10:62:100::2/21133 
05:28:35.687765 ON flow>3334 srcPort>38571 dst>fd10:62:100::2/21134 
05:28:35.688321 CONNECT flow>3334 srcPort>38571 dst>fd10:62:100::2/21134 
05:28:35.737173 SHUTDOWN flow>3325 srcPort>39361 dst>fd10:62:100::2/21125 
05:28:35.737775 OFF flow>3325 srcPort>39361 dst>fd10:62:100::2/21125 
05:28:35.830167 SHUTDOWN flow>3326 srcPort>38073 dst>fd10:62:100::2/21126 
05:28:35.830605 OFF flow>3326 srcPort>38073 dst>fd10:62:100::2/21126 
05:28:35.878711 SHUTDOWN flow>3327 srcPort>34491 dst>fd10:62:100::2/21127 
05:28:35.879282 OFF flow>3327 srcPort>34491 dst>fd10:62:100::2/21127 
05:28:35.927191 SHUTDOWN flow>3328 srcPort>44739 dst>fd10:62:100::2/21128 
05:28:35.927865 OFF flow>3328 srcPort>44739 dst>fd10:62:100::2/21128 
05:28:35.933462 ON flow>3335 srcPort>35595 dst>fd10:62:100::2/21135 
05:28:35.933828 CONNECT flow>3335 srcPort>35595 dst>fd10:62:100::2/21135 
05:28:35.969052 ON flow>3336 srcPort>42463 dst>fd10:62:100::2/21136 
05:28:35.970019 CONNECT flow>3336 srcPort>42463 dst>fd10:62:100::2/21136 
05:28:36.032665 ON flow>3337 srcPort>44753 dst>fd10:62:100::2/21137 
05:28:36.034262 CONNECT flow>3337 srcPort>44753 dst>fd10:62:100::2/21137 
05:28:36.077639 ON flow>3338 srcPort>34091 dst>fd10:62:100::2/21138 
05:28:36.078064 CONNECT flow>3338 srcPort>34091 dst>fd10:62:100::2/21138 
05:28:36.140752 ON flow>3339 srcPort>41021 dst>fd10:62:100::2/21139 
05:28:36.141259 CONNECT flow>3339 srcPort>41021 dst>fd10:62:100::2/21139 
05:28:36.149306 ON flow>3340 srcPort>44441 dst>fd10:62:100::2/21140 
05:28:36.149655 CONNECT flow>3340 srcPort>44441 dst>fd10:62:100::2/21140 
05:28:36.157548 ON flow>3341 srcPort>42753 dst>fd10:62:100::2/21141 
05:28:36.158439 CONNECT flow>3341 srcPort>42753 dst>fd10:62:100::2/21141 
05:28:36.159753 ON flow>3342 srcPort>42555 dst>fd10:62:100::2/21142 
05:28:36.160161 CONNECT flow>3342 srcPort>42555 dst>fd10:62:100::2/21142 
05:28:36.208816 ON flow>3343 srcPort>41101 dst>fd10:62:100::2/21143 
05:28:36.209178 CONNECT flow>3343 srcPort>41101 dst>fd10:62:100::2/21143 
05:28:37.270639 SHUTDOWN flow>3329 srcPort>45221 dst>fd10:62:100::2/21129 
05:28:37.271130 OFF flow>3329 srcPort>45221 dst>fd10:62:100::2/21129 
05:28:37.600158 SHUTDOWN flow>3330 srcPort>46735 dst>fd10:62:100::2/21130 
05:28:37.600802 OFF flow>3330 srcPort>46735 dst>fd10:62:100::2/21130 
05:28:37.612023 ON flow>3344 srcPort>40245 dst>fd10:62:100::2/21144 
05:28:37.612394 CONNECT flow>3344 srcPort>40245 dst>fd10:62:100::2/21144 
05:28:37.637942 SHUTDOWN flow>3331 srcPort>41967 dst>fd10:62:100::2/21131 
05:28:37.638344 OFF flow>3331 srcPort>41967 dst>fd10:62:100::2/21131 
05:28:37.735153 ON flow>3345 srcPort>33467 dst>fd10:62:100::2/21145 
05:28:37.735524 CONNECT flow>3345 srcPort>33467 dst>fd10:62:100::2/21145 
05:28:40.024437 ON flow>3346 srcPort>36723 dst>fd10:62:100::2/21146 
05:28:40.024862 CONNECT flow>3346 srcPort>36723 dst>fd10:62:100::2/21146 
05:28:40.037905 ON flow>3347 srcPort>35927 dst>fd10:62:100::2/21147 
05:28:40.038636 CONNECT flow>3347 srcPort>35927 dst>fd10:62:100::2/21147 
05:28:40.140590 ON flow>3348 srcPort>38323 dst>fd10:62:100::2/21148 
05:28:40.141067 CONNECT flow>3348 srcPort>38323 dst>fd10:62:100::2/21148 
05:28:40.162095 ON flow>3349 srcPort>35419 dst>fd10:62:100::2/21149 
05:28:40.162538 CONNECT flow>3349 srcPort>35419 dst>fd10:62:100::2/21149 
05:28:40.224933 ON flow>3350 srcPort>36329 dst>fd10:62:100::2/21150 
05:28:40.225279 CONNECT flow>3350 srcPort>36329 dst>fd10:62:100::2/21150 
05:28:40.287412 ON flow>3351 srcPort>35985 dst>fd10:62:100::2/21151 
05:28:40.287779 CONNECT flow>3351 srcPort>35985 dst>fd10:62:100::2/21151 
05:28:40.313800 ON flow>3352 srcPort>44959 dst>fd10:62:100::2/21152 
05:28:40.314973 CONNECT flow>3352 srcPort>44959 dst>fd10:62:100::2/21152 
05:28:40.351677 SHUTDOWN flow>3332 srcPort>46083 dst>fd10:62:100::2/21132 
05:28:40.352175 OFF flow>3332 srcPort>46083 dst>fd10:62:100::2/21132 
05:28:40.384209 SHUTDOWN flow>3333 srcPort>32803 dst>fd10:62:100::2/21133 
05:28:40.384568 OFF flow>3333 srcPort>32803 dst>fd10:62:100::2/21133 
05:28:40.487682 SHUTDOWN flow>3334 srcPort>38571 dst>fd10:62:100::2/21134 
05:28:40.488296 OFF flow>3334 srcPort>38571 dst>fd10:62:100::2/21134 
05:28:40.542059 ON flow>3353 srcPort>46009 dst>fd10:62:100::2/21153 
05:28:40.542425 CONNECT flow>3353 srcPort>46009 dst>fd10:62:100::2/21153 
05:28:40.576635 ON flow>3354 srcPort>45463 dst>fd10:62:100::2/21154 
05:28:40.576945 CONNECT flow>3354 srcPort>45463 dst>fd10:62:100::2/21154 
05:28:40.585716 ON flow>3355 srcPort>37437 dst>fd10:62:100::2/21155 
05:28:40.586163 CONNECT flow>3355 srcPort>37437 dst>fd10:62:100::2/21155 
05:28:40.606832 ON flow>3356 srcPort>34369 dst>fd10:62:100::2/21156 
05:28:40.607479 CONNECT flow>3356 srcPort>34369 dst>fd10:62:100::2/21156 
05:28:40.661850 ON flow>3357 srcPort>43059 dst>fd10:62:100::2/21157 
05:28:40.662194 CONNECT flow>3357 srcPort>43059 dst>fd10:62:100::2/21157 
05:28:40.719251 ON flow>3358 srcPort>41469 dst>fd10:62:100::2/21158 
05:28:40.719642 CONNECT flow>3358 srcPort>41469 dst>fd10:62:100::2/21158 
05:28:40.733185 SHUTDOWN flow>3335 srcPort>35595 dst>fd10:62:100::2/21135 
05:28:40.733596 OFF flow>3335 srcPort>35595 dst>fd10:62:100::2/21135 
05:28:40.768813 SHUTDOWN flow>3336 srcPort>42463 dst>fd10:62:100::2/21136 
05:28:40.769277 OFF flow>3336 srcPort>42463 dst>fd10:62:100::2/21136 
05:28:40.832596 SHUTDOWN flow>3337 srcPort>44753 dst>fd10:62:100::2/21137 
05:28:40.833032 OFF flow>3337 srcPort>44753 dst>fd10:62:100::2/21137 
05:28:40.877595 SHUTDOWN flow>3338 srcPort>34091 dst>fd10:62:100::2/21138 
05:28:40.877989 OFF flow>3338 srcPort>34091 dst>fd10:62:100::2/21138 
05:28:40.940716 SHUTDOWN flow>3339 srcPort>41021 dst>fd10:62:100::2/21139 
05:28:40.941300 OFF flow>3339 srcPort>41021 dst>fd10:62:100::2/21139 
05:28:40.949252 SHUTDOWN flow>3340 srcPort>44441 dst>fd10:62:100::2/21140 
05:28:40.949650 OFF flow>3340 srcPort>44441 dst>fd10:62:100::2/21140 
05:28:40.957489 SHUTDOWN flow>3341 srcPort>42753 dst>fd10:62:100::2/21141 
05:28:40.957970 OFF flow>3341 srcPort>42753 dst>fd10:62:100::2/21141 
05:28:40.959698 SHUTDOWN flow>3342 srcPort>42555 dst>fd10:62:100::2/21142 
05:28:40.960139 OFF flow>3342 srcPort>42555 dst>fd10:62:100::2/21142 
05:28:41.008713 SHUTDOWN flow>3343 srcPort>41101 dst>fd10:62:100::2/21143 
05:28:41.009415 OFF flow>3343 srcPort>41101 dst>fd10:62:100::2/21143 
05:28:41.018384 ON flow>3359 srcPort>38667 dst>fd10:62:100::2/21159 
05:28:41.018697 CONNECT flow>3359 srcPort>38667 dst>fd10:62:100::2/21159 
05:28:41.806421 ON flow>3360 srcPort>41985 dst>fd10:62:100::2/21160 
05:28:41.806815 CONNECT flow>3360 srcPort>41985 dst>fd10:62:100::2/21160 
05:28:42.411976 SHUTDOWN flow>3344 srcPort>40245 dst>fd10:62:100::2/21144 
05:28:42.412465 OFF flow>3344 srcPort>40245 dst>fd10:62:100::2/21144 
05:28:42.535078 SHUTDOWN flow>3345 srcPort>33467 dst>fd10:62:100::2/21145 
05:28:42.535516 OFF flow>3345 srcPort>33467 dst>fd10:62:100::2/21145 
05:28:44.299372 ON flow>3361 srcPort>35311 dst>fd10:62:100::2/21161 
05:28:44.299728 CONNECT flow>3361 srcPort>35311 dst>fd10:62:100::2/21161 
05:28:44.331460 ON flow>3362 srcPort>34399 dst>fd10:62:100::2/21162 
05:28:44.331771 CONNECT flow>3362 srcPort>34399 dst>fd10:62:100::2/21162 
05:28:44.363488 ON flow>3363 srcPort>46509 dst>fd10:62:100::2/21163 
05:28:44.363818 CONNECT flow>3363 srcPort>46509 dst>fd10:62:100::2/21163 
05:28:44.495911 ON flow>3364 srcPort>36731 dst>fd10:62:100::2/21164 
05:28:44.496886 CONNECT flow>3364 srcPort>36731 dst>fd10:62:100::2/21164 
05:28:44.503102 ON flow>3365 srcPort>38775 dst>fd10:62:100::2/21165 
05:28:44.504079 CONNECT flow>3365 srcPort>38775 dst>fd10:62:100::2/21165 
05:28:44.626908 ON flow>3366 srcPort>38991 dst>fd10:62:100::2/21166 
05:28:44.627294 CONNECT flow>3366 srcPort>38991 dst>fd10:62:100::2/21166 
05:28:44.683823 ON flow>3367 srcPort>42577 dst>fd10:62:100::2/21167 
05:28:44.684211 CONNECT flow>3367 srcPort>42577 dst>fd10:62:100::2/21167 
05:28:44.824317 SHUTDOWN flow>3346 srcPort>36723 dst>fd10:62:100::2/21146 
05:28:44.824767 OFF flow>3346 srcPort>36723 dst>fd10:62:100::2/21146 
05:28:44.837718 SHUTDOWN flow>3347 srcPort>35927 dst>fd10:62:100::2/21147 
05:28:44.838107 OFF flow>3347 srcPort>35927 dst>fd10:62:100::2/21147 
05:28:44.888756 ON flow>3368 srcPort>37365 dst>fd10:62:100::2/21168 
05:28:44.889057 CONNECT flow>3368 srcPort>37365 dst>fd10:62:100::2/21168 
05:28:44.940538 SHUTDOWN flow>3348 srcPort>38323 dst>fd10:62:100::2/21148 
05:28:44.940957 OFF flow>3348 srcPort>38323 dst>fd10:62:100::2/21148 
05:28:44.962134 SHUTDOWN flow>3349 srcPort>35419 dst>fd10:62:100::2/21149 
05:28:44.962784 OFF flow>3349 srcPort>35419 dst>fd10:62:100::2/21149 
05:28:45.024827 SHUTDOWN flow>3350 srcPort>36329 dst>fd10:62:100::2/21150 
05:28:45.025607 OFF flow>3350 srcPort>36329 dst>fd10:62:100::2/21150 
05:28:45.053581 ON flow>3369 srcPort>38331 dst>fd10:62:100::2/21169 
05:28:45.053963 CONNECT flow>3369 srcPort>38331 dst>fd10:62:100::2/21169 
05:28:45.087328 SHUTDOWN flow>3351 srcPort>35985 dst>fd10:62:100::2/21151 
05:28:45.087762 OFF flow>3351 srcPort>35985 dst>fd10:62:100::2/21151 
05:28:45.113581 SHUTDOWN flow>3352 srcPort>44959 dst>fd10:62:100::2/21152 
05:28:45.114183 OFF flow>3352 srcPort>44959 dst>fd10:62:100::2/21152 
05:28:45.341956 SHUTDOWN flow>3353 srcPort>46009 dst>fd10:62:100::2/21153 
05:28:45.342428 OFF flow>3353 srcPort>46009 dst>fd10:62:100::2/21153 
05:28:45.376559 SHUTDOWN flow>3354 srcPort>45463 dst>fd10:62:100::2/21154 
05:28:45.377031 OFF flow>3354 srcPort>45463 dst>fd10:62:100::2/21154 
05:28:45.385656 SHUTDOWN flow>3355 srcPort>37437 dst>fd10:62:100::2/21155 
05:28:45.386017 OFF flow>3355 srcPort>37437 dst>fd10:62:100::2/21155 
05:28:45.406682 SHUTDOWN flow>3356 srcPort>34369 dst>fd10:62:100::2/21156 
05:28:45.407280 OFF flow>3356 srcPort>34369 dst>fd10:62:100::2/21156 
05:28:45.461760 SHUTDOWN flow>3357 srcPort>43059 dst>fd10:62:100::2/21157 
05:28:45.462265 OFF flow>3357 srcPort>43059 dst>fd10:62:100::2/21157 
05:28:45.519154 SHUTDOWN flow>3358 srcPort>41469 dst>fd10:62:100::2/21158 
05:28:45.519595 OFF flow>3358 srcPort>41469 dst>fd10:62:100::2/21158 
05:28:45.818292 SHUTDOWN flow>3359 srcPort>38667 dst>fd10:62:100::2/21159 
05:28:45.818764 OFF flow>3359 srcPort>38667 dst>fd10:62:100::2/21159 
05:28:45.878985 ON flow>3370 srcPort>39669 dst>fd10:62:100::2/21170 
05:28:45.879356 CONNECT flow>3370 srcPort>39669 dst>fd10:62:100::2/21170 
05:28:45.940750 ON flow>3371 srcPort>43707 dst>fd10:62:100::2/21171 
05:28:45.941147 CONNECT flow>3371 srcPort>43707 dst>fd10:62:100::2/21171 
05:28:45.987115 ON flow>3372 srcPort>44587 dst>fd10:62:100::2/21172 
05:28:45.987629 CONNECT flow>3372 srcPort>44587 dst>fd10:62:100::2/21172 
05:28:46.010948 ON flow>3373 srcPort>45951 dst>fd10:62:100::2/21173 
05:28:46.011346 CONNECT flow>3373 srcPort>45951 dst>fd10:62:100::2/21173 
05:28:46.275674 ON flow>3374 srcPort>42585 dst>fd10:62:100::2/21174 
05:28:46.276125 CONNECT flow>3374 srcPort>42585 dst>fd10:62:100::2/21174 
05:28:46.305335 ON flow>3375 srcPort>43207 dst>fd10:62:100::2/21175 
05:28:46.305832 CONNECT flow>3375 srcPort>43207 dst>fd10:62:100::2/21175 
05:28:46.372954 ON flow>3376 srcPort>43305 dst>fd10:62:100::2/21176 
05:28:46.373334 CONNECT flow>3376 srcPort>43305 dst>fd10:62:100::2/21176 
05:28:46.436833 ON flow>3377 srcPort>44931 dst>fd10:62:100::2/21177 
05:28:46.437201 CONNECT flow>3377 srcPort>44931 dst>fd10:62:100::2/21177 
05:28:46.444008 ON flow>3378 srcPort>34401 dst>fd10:62:100::2/21178 
05:28:46.444586 CONNECT flow>3378 srcPort>34401 dst>fd10:62:100::2/21178 
05:28:46.445343 ON flow>3379 srcPort>35243 dst>fd10:62:100::2/21179 
05:28:46.445800 CONNECT flow>3379 srcPort>35243 dst>fd10:62:100::2/21179 
05:28:46.514763 ON flow>3380 srcPort>39979 dst>fd10:62:100::2/21180 
05:28:46.515139 CONNECT flow>3380 srcPort>39979 dst>fd10:62:100::2/21180 
05:28:46.551544 ON flow>3381 srcPort>35421 dst>fd10:62:100::2/21181 
05:28:46.551977 CONNECT flow>3381 srcPort>35421 dst>fd10:62:100::2/21181 
05:28:46.606300 SHUTDOWN flow>3360 srcPort>41985 dst>fd10:62:100::2/21160 
05:28:46.606733 OFF flow>3360 srcPort>41985 dst>fd10:62:100::2/21160 
05:28:46.609158 ON flow>3382 srcPort>46233 dst>fd10:62:100::2/21182 
05:28:46.609537 CONNECT flow>3382 srcPort>46233 dst>fd10:62:100::2/21182 
05:28:46.624308 ON flow>3383 srcPort>41027 dst>fd10:62:100::2/21183 
05:28:46.624852 CONNECT flow>3383 srcPort>41027 dst>fd10:62:100::2/21183 
05:28:46.649177 ON flow>3384 srcPort>36211 dst>fd10:62:100::2/21184 
05:28:46.649719 CONNECT flow>3384 srcPort>36211 dst>fd10:62:100::2/21184 
05:28:46.910643 ON flow>3385 srcPort>42787 dst>fd10:62:100::2/21185 
05:28:46.911026 CONNECT flow>3385 srcPort>42787 dst>fd10:62:100::2/21185 
05:28:47.101219 ON flow>3386 srcPort>33541 dst>fd10:62:100::2/21186 
05:28:47.101710 CONNECT flow>3386 srcPort>33541 dst>fd10:62:100::2/21186 
05:28:47.185612 ON flow>3387 srcPort>44569 dst>fd10:62:100::2/21187 
05:28:47.185970 CONNECT flow>3387 srcPort>44569 dst>fd10:62:100::2/21187 
05:28:47.198301 ON flow>3388 srcPort>35323 dst>fd10:62:100::2/21188 
05:28:47.198633 CONNECT flow>3388 srcPort>35323 dst>fd10:62:100::2/21188 
05:28:49.099161 SHUTDOWN flow>3361 srcPort>35311 dst>fd10:62:100::2/21161 
05:28:49.099730 OFF flow>3361 srcPort>35311 dst>fd10:62:100::2/21161 
05:28:49.131315 SHUTDOWN flow>3362 srcPort>34399 dst>fd10:62:100::2/21162 
05:28:49.131759 OFF flow>3362 srcPort>34399 dst>fd10:62:100::2/21162 
05:28:49.163527 SHUTDOWN flow>3363 srcPort>46509 dst>fd10:62:100::2/21163 
05:28:49.164051 OFF flow>3363 srcPort>46509 dst>fd10:62:100::2/21163 
05:28:49.237270 ON flow>3389 srcPort>34227 dst>fd10:62:100::2/21189 
05:28:49.237694 CONNECT flow>3389 srcPort>34227 dst>fd10:62:100::2/21189 
05:28:49.295866 SHUTDOWN flow>3364 srcPort>36731 dst>fd10:62:100::2/21164 
05:28:49.296538 OFF flow>3364 srcPort>36731 dst>fd10:62:100::2/21164 
05:28:49.302979 SHUTDOWN flow>3365 srcPort>38775 dst>fd10:62:100::2/21165 
05:28:49.303589 OFF flow>3365 srcPort>38775 dst>fd10:62:100::2/21165 
05:28:49.378191 ON flow>3390 srcPort>38315 dst>fd10:62:100::2/21190 
05:28:49.378594 CONNECT flow>3390 srcPort>38315 dst>fd10:62:100::2/21190 
05:28:49.384974 ON flow>3391 srcPort>46777 dst>fd10:62:100::2/21191 
05:28:49.386755 CONNECT flow>3391 srcPort>46777 dst>fd10:62:100::2/21191 
05:28:49.426880 SHUTDOWN flow>3366 srcPort>38991 dst>fd10:62:100::2/21166 
05:28:49.427326 OFF flow>3366 srcPort>38991 dst>fd10:62:100::2/21166 
05:28:49.483716 SHUTDOWN flow>3367 srcPort>42577 dst>fd10:62:100::2/21167 
05:28:49.484190 OFF flow>3367 srcPort>42577 dst>fd10:62:100::2/21167 
05:28:49.540989 ON flow>3392 srcPort>46723 dst>fd10:62:100::2/21192 
05:28:49.541512 CONNECT flow>3392 srcPort>46723 dst>fd10:62:100::2/21192 
05:28:49.567105 ON flow>3393 srcPort>34559 dst>fd10:62:100::2/21193 
05:28:49.567452 CONNECT flow>3393 srcPort>34559 dst>fd10:62:100::2/21193 
05:28:49.581477 ON flow>3394 srcPort>38319 dst>fd10:62:100::2/21194 
05:28:49.581968 CONNECT flow>3394 srcPort>38319 dst>fd10:62:100::2/21194 
05:28:49.612160 ON flow>3395 srcPort>33407 dst>fd10:62:100::2/21195 
05:28:49.612563 CONNECT flow>3395 srcPort>33407 dst>fd10:62:100::2/21195 
05:28:49.668371 ON flow>3396 srcPort>35271 dst>fd10:62:100::2/21196 
05:28:49.668764 CONNECT flow>3396 srcPort>35271 dst>fd10:62:100::2/21196 
05:28:49.672367 ON flow>3397 srcPort>36463 dst>fd10:62:100::2/21197 
05:28:49.672672 CONNECT flow>3397 srcPort>36463 dst>fd10:62:100::2/21197 
05:28:49.688695 SHUTDOWN flow>3368 srcPort>37365 dst>fd10:62:100::2/21168 
05:28:49.689161 OFF flow>3368 srcPort>37365 dst>fd10:62:100::2/21168 
05:28:49.853463 SHUTDOWN flow>3369 srcPort>38331 dst>fd10:62:100::2/21169 
05:28:49.853923 OFF flow>3369 srcPort>38331 dst>fd10:62:100::2/21169 
05:28:50.678871 SHUTDOWN flow>3370 srcPort>39669 dst>fd10:62:100::2/21170 
05:28:50.679391 OFF flow>3370 srcPort>39669 dst>fd10:62:100::2/21170 
05:28:50.740689 SHUTDOWN flow>3371 srcPort>43707 dst>fd10:62:100::2/21171 
05:28:50.741330 OFF flow>3371 srcPort>43707 dst>fd10:62:100::2/21171 
05:28:50.787095 SHUTDOWN flow>3372 srcPort>44587 dst>fd10:62:100::2/21172 
05:28:50.787626 OFF flow>3372 srcPort>44587 dst>fd10:62:100::2/21172 
05:28:50.810969 SHUTDOWN flow>3373 srcPort>45951 dst>fd10:62:100::2/21173 
05:28:50.811490 OFF flow>3373 srcPort>45951 dst>fd10:62:100::2/21173 
05:28:51.075596 SHUTDOWN flow>3374 srcPort>42585 dst>fd10:62:100::2/21174 
05:28:51.076122 OFF flow>3374 srcPort>42585 dst>fd10:62:100::2/21174 
05:28:51.105290 SHUTDOWN flow>3375 srcPort>43207 dst>fd10:62:100::2/21175 
05:28:51.105785 OFF flow>3375 srcPort>43207 dst>fd10:62:100::2/21175 
05:28:51.172809 SHUTDOWN flow>3376 srcPort>43305 dst>fd10:62:100::2/21176 
05:28:51.173447 OFF flow>3376 srcPort>43305 dst>fd10:62:100::2/21176 
05:28:51.236821 SHUTDOWN flow>3377 srcPort>44931 dst>fd10:62:100::2/21177 
05:28:51.237491 OFF flow>3377 srcPort>44931 dst>fd10:62:100::2/21177 
05:28:51.243878 SHUTDOWN flow>3378 srcPort>34401 dst>fd10:62:100::2/21178 
05:28:51.244372 OFF flow>3378 srcPort>34401 dst>fd10:62:100::2/21178 
05:28:51.245289 SHUTDOWN flow>3379 srcPort>35243 dst>fd10:62:100::2/21179 
05:28:51.245698 OFF flow>3379 srcPort>35243 dst>fd10:62:100::2/21179 
05:28:51.314590 SHUTDOWN flow>3380 srcPort>39979 dst>fd10:62:100::2/21180 
05:28:51.315090 OFF flow>3380 srcPort>39979 dst>fd10:62:100::2/21180 
05:28:51.351505 SHUTDOWN flow>3381 srcPort>35421 dst>fd10:62:100::2/21181 
05:28:51.351973 OFF flow>3381 srcPort>35421 dst>fd10:62:100::2/21181 
05:28:51.384410 ON flow>3398 srcPort>42435 dst>fd10:62:100::2/21198 
05:28:51.384747 CONNECT flow>3398 srcPort>42435 dst>fd10:62:100::2/21198 
05:28:51.409088 SHUTDOWN flow>3382 srcPort>46233 dst>fd10:62:100::2/21182 
05:28:51.409599 OFF flow>3382 srcPort>46233 dst>fd10:62:100::2/21182 
05:28:51.424210 SHUTDOWN flow>3383 srcPort>41027 dst>fd10:62:100::2/21183 
05:28:51.424757 OFF flow>3383 srcPort>41027 dst>fd10:62:100::2/21183 
05:28:51.449090 SHUTDOWN flow>3384 srcPort>36211 dst>fd10:62:100::2/21184 
05:28:51.449669 OFF flow>3384 srcPort>36211 dst>fd10:62:100::2/21184 
05:28:51.506353 ON flow>3399 srcPort>35533 dst>fd10:62:100::2/21199 
05:28:51.506782 CONNECT flow>3399 srcPort>35533 dst>fd10:62:100::2/21199 
05:28:51.710581 SHUTDOWN flow>3385 srcPort>42787 dst>fd10:62:100::2/21185 
05:28:51.711142 OFF flow>3385 srcPort>42787 dst>fd10:62:100::2/21185 
05:28:51.901158 SHUTDOWN flow>3386 srcPort>33541 dst>fd10:62:100::2/21186 
05:28:51.901614 OFF flow>3386 srcPort>33541 dst>fd10:62:100::2/21186 
05:28:51.985645 SHUTDOWN flow>3387 srcPort>44569 dst>fd10:62:100::2/21187 
05:28:51.986286 OFF flow>3387 srcPort>44569 dst>fd10:62:100::2/21187 
05:28:51.998249 SHUTDOWN flow>3388 srcPort>35323 dst>fd10:62:100::2/21188 
05:28:51.998704 OFF flow>3388 srcPort>35323 dst>fd10:62:100::2/21188 
05:28:54.037072 SHUTDOWN flow>3389 srcPort>34227 dst>fd10:62:100::2/21189 
05:28:54.037700 OFF flow>3389 srcPort>34227 dst>fd10:62:100::2/21189 
05:28:54.046026 ON flow>3400 srcPort>33817 dst>fd10:62:100::2/21200 
05:28:54.046491 CONNECT flow>3400 srcPort>33817 dst>fd10:62:100::2/21200 
05:28:54.178094 SHUTDOWN flow>3390 srcPort>38315 dst>fd10:62:100::2/21190 
05:28:54.178536 OFF flow>3390 srcPort>38315 dst>fd10:62:100::2/21190 
05:28:54.184907 SHUTDOWN flow>3391 srcPort>46777 dst>fd10:62:100::2/21191 
05:28:54.185369 OFF flow>3391 srcPort>46777 dst>fd10:62:100::2/21191 
05:28:54.255447 ON flow>3401 srcPort>42545 dst>fd10:62:100::2/21201 
05:28:54.255822 CONNECT flow>3401 srcPort>42545 dst>fd10:62:100::2/21201 
05:28:54.340912 SHUTDOWN flow>3392 srcPort>46723 dst>fd10:62:100::2/21192 
05:28:54.341360 OFF flow>3392 srcPort>46723 dst>fd10:62:100::2/21192 
05:28:54.367045 SHUTDOWN flow>3393 srcPort>34559 dst>fd10:62:100::2/21193 
05:28:54.367525 OFF flow>3393 srcPort>34559 dst>fd10:62:100::2/21193 
05:28:54.381406 SHUTDOWN flow>3394 srcPort>38319 dst>fd10:62:100::2/21194 
05:28:54.382208 OFF flow>3394 srcPort>38319 dst>fd10:62:100::2/21194 
05:28:54.412110 SHUTDOWN flow>3395 srcPort>33407 dst>fd10:62:100::2/21195 
05:28:54.412540 OFF flow>3395 srcPort>33407 dst>fd10:62:100::2/21195 
05:28:54.468315 SHUTDOWN flow>3396 srcPort>35271 dst>fd10:62:100::2/21196 
05:28:54.468812 OFF flow>3396 srcPort>35271 dst>fd10:62:100::2/21196 
05:28:54.472299 SHUTDOWN flow>3397 srcPort>36463 dst>fd10:62:100::2/21197 
05:28:54.472719 OFF flow>3397 srcPort>36463 dst>fd10:62:100::2/21197 
05:28:55.055126 ON flow>3402 srcPort>34489 dst>fd10:62:100::2/21202 
05:28:55.055760 CONNECT flow>3402 srcPort>34489 dst>fd10:62:100::2/21202 
05:28:55.077288 ON flow>3403 srcPort>43689 dst>fd10:62:100::2/21203 
05:28:55.077742 CONNECT flow>3403 srcPort>43689 dst>fd10:62:100::2/21203 
05:28:55.079343 ON flow>3404 srcPort>35449 dst>fd10:62:100::2/21204 
05:28:55.079676 CONNECT flow>3404 srcPort>35449 dst>fd10:62:100::2/21204 
05:28:55.111339 ON flow>3405 srcPort>34127 dst>fd10:62:100::2/21205 
05:28:55.111746 CONNECT flow>3405 srcPort>34127 dst>fd10:62:100::2/21205 
05:28:55.163036 ON flow>3406 srcPort>39265 dst>fd10:62:100::2/21206 
05:28:55.163501 CONNECT flow>3406 srcPort>39265 dst>fd10:62:100::2/21206 
05:28:55.208339 ON flow>3407 srcPort>36159 dst>fd10:62:100::2/21207 
05:28:55.208680 CONNECT flow>3407 srcPort>36159 dst>fd10:62:100::2/21207 
05:28:55.318172 ON flow>3408 srcPort>43655 dst>fd10:62:100::2/21208 
05:28:55.318570 CONNECT flow>3408 srcPort>43655 dst>fd10:62:100::2/21208 
05:28:55.427882 ON flow>3409 srcPort>36411 dst>fd10:62:100::2/21209 
05:28:55.428282 CONNECT flow>3409 srcPort>36411 dst>fd10:62:100::2/21209 
05:28:55.787950 ON flow>3410 srcPort>41453 dst>fd10:62:100::2/21210 
05:28:55.788359 CONNECT flow>3410 srcPort>41453 dst>fd10:62:100::2/21210 
05:28:55.794756 ON flow>3411 srcPort>43811 dst>fd10:62:100::2/21211 
05:28:55.795099 CONNECT flow>3411 srcPort>43811 dst>fd10:62:100::2/21211 
05:28:55.798661 ON flow>3412 srcPort>45555 dst>fd10:62:100::2/21212 
05:28:55.799001 CONNECT flow>3412 srcPort>45555 dst>fd10:62:100::2/21212 
05:28:55.839452 ON flow>3413 srcPort>39581 dst>fd10:62:100::2/21213 
05:28:55.839873 CONNECT flow>3413 srcPort>39581 dst>fd10:62:100::2/21213 
05:28:56.184305 SHUTDOWN flow>3398 srcPort>42435 dst>fd10:62:100::2/21198 
05:28:56.185037 OFF flow>3398 srcPort>42435 dst>fd10:62:100::2/21198 
05:28:56.306202 SHUTDOWN flow>3399 srcPort>35533 dst>fd10:62:100::2/21199 
05:28:56.306703 OFF flow>3399 srcPort>35533 dst>fd10:62:100::2/21199 
05:28:56.457501 ON flow>3414 srcPort>37213 dst>fd10:62:100::2/21214 
05:28:56.457926 CONNECT flow>3414 srcPort>37213 dst>fd10:62:100::2/21214 
05:28:56.518685 ON flow>3415 srcPort>43205 dst>fd10:62:100::2/21215 
05:28:56.519025 CONNECT flow>3415 srcPort>43205 dst>fd10:62:100::2/21215 
05:28:56.690221 ON flow>3416 srcPort>46733 dst>fd10:62:100::2/21216 
05:28:56.690570 CONNECT flow>3416 srcPort>46733 dst>fd10:62:100::2/21216 
05:28:56.714947 ON flow>3417 srcPort>37967 dst>fd10:62:100::2/21217 
05:28:56.715282 CONNECT flow>3417 srcPort>37967 dst>fd10:62:100::2/21217 
05:28:57.094840 ON flow>3418 srcPort>45207 dst>fd10:62:100::2/21218 
05:28:57.095256 CONNECT flow>3418 srcPort>45207 dst>fd10:62:100::2/21218 
05:28:57.121500 ON flow>3419 srcPort>44785 dst>fd10:62:100::2/21219 
05:28:57.121859 CONNECT flow>3419 srcPort>44785 dst>fd10:62:100::2/21219 
05:28:57.135889 ON flow>3420 srcPort>45255 dst>fd10:62:100::2/21220 
05:28:57.136166 CONNECT flow>3420 srcPort>45255 dst>fd10:62:100::2/21220 
05:28:57.267822 ON flow>3421 srcPort>37229 dst>fd10:62:100::2/21221 
05:28:57.268181 CONNECT flow>3421 srcPort>37229 dst>fd10:62:100::2/21221 
05:28:58.719597 ON flow>3422 srcPort>34351 dst>fd10:62:100::2/21222 
05:28:58.720222 CONNECT flow>3422 srcPort>34351 dst>fd10:62:100::2/21222 
05:28:58.735771 ON flow>3423 srcPort>36009 dst>fd10:62:100::2/21223 
05:28:58.736210 CONNECT flow>3423 srcPort>36009 dst>fd10:62:100::2/21223 
05:28:58.778035 ON flow>3424 srcPort>33333 dst>fd10:62:100::2/21224 
05:28:58.778419 CONNECT flow>3424 srcPort>33333 dst>fd10:62:100::2/21224 
05:28:58.835602 ON flow>3425 srcPort>39183 dst>fd10:62:100::2/21225 
05:28:58.838058 CONNECT flow>3425 srcPort>39183 dst>fd10:62:100::2/21225 
05:28:58.845895 SHUTDOWN flow>3400 srcPort>33817 dst>fd10:62:100::2/21200 
05:28:58.846350 OFF flow>3400 srcPort>33817 dst>fd10:62:100::2/21200 
05:28:58.861592 ON flow>3426 srcPort>37109 dst>fd10:62:100::2/21226 
05:28:58.861930 CONNECT flow>3426 srcPort>37109 dst>fd10:62:100::2/21226 
05:28:58.917646 ON flow>3427 srcPort>40647 dst>fd10:62:100::2/21227 
05:28:58.918134 CONNECT flow>3427 srcPort>40647 dst>fd10:62:100::2/21227 
05:28:59.047811 ON flow>3428 srcPort>45613 dst>fd10:62:100::2/21228 
05:28:59.050152 CONNECT flow>3428 srcPort>45613 dst>fd10:62:100::2/21228 
05:28:59.051770 ON flow>3429 srcPort>35397 dst>fd10:62:100::2/21229 
05:28:59.052668 CONNECT flow>3429 srcPort>35397 dst>fd10:62:100::2/21229 
05:28:59.055368 SHUTDOWN flow>3401 srcPort>42545 dst>fd10:62:100::2/21201 
05:28:59.058772 OFF flow>3401 srcPort>42545 dst>fd10:62:100::2/21201 
05:28:59.089138 ON flow>3430 srcPort>42563 dst>fd10:62:100::2/21230 
05:28:59.089884 CONNECT flow>3430 srcPort>42563 dst>fd10:62:100::2/21230 
05:28:59.107274 ON flow>3431 srcPort>43771 dst>fd10:62:100::2/21231 
05:28:59.107636 CONNECT flow>3431 srcPort>43771 dst>fd10:62:100::2/21231 
05:28:59.854989 SHUTDOWN flow>3402 srcPort>34489 dst>fd10:62:100::2/21202 
05:28:59.855542 OFF flow>3402 srcPort>34489 dst>fd10:62:100::2/21202 
05:28:59.877177 SHUTDOWN flow>3403 srcPort>43689 dst>fd10:62:100::2/21203 
05:28:59.877777 OFF flow>3403 srcPort>43689 dst>fd10:62:100::2/21203 
05:28:59.879271 SHUTDOWN flow>3404 srcPort>35449 dst>fd10:62:100::2/21204 
05:28:59.879692 OFF flow>3404 srcPort>35449 dst>fd10:62:100::2/21204 
05:28:59.911312 SHUTDOWN flow>3405 srcPort>34127 dst>fd10:62:100::2/21205 
05:28:59.911785 OFF flow>3405 srcPort>34127 dst>fd10:62:100::2/21205 
05:28:59.962992 SHUTDOWN flow>3406 srcPort>39265 dst>fd10:62:100::2/21206 
05:28:59.963435 OFF flow>3406 srcPort>39265 dst>fd10:62:100::2/21206 
05:29:00.008293 SHUTDOWN flow>3407 srcPort>36159 dst>fd10:62:100::2/21207 
05:29:00.008721 OFF flow>3407 srcPort>36159 dst>fd10:62:100::2/21207 
05:29:00.118078 SHUTDOWN flow>3408 srcPort>43655 dst>fd10:62:100::2/21208 
05:29:00.118648 OFF flow>3408 srcPort>43655 dst>fd10:62:100::2/21208 
05:29:00.227795 SHUTDOWN flow>3409 srcPort>36411 dst>fd10:62:100::2/21209 
05:29:00.228352 OFF flow>3409 srcPort>36411 dst>fd10:62:100::2/21209 
05:29:00.358553 ON flow>3432 srcPort>34501 dst>fd10:62:100::2/21232 
05:29:00.359080 CONNECT flow>3432 srcPort>34501 dst>fd10:62:100::2/21232 
05:29:00.587829 SHUTDOWN flow>3410 srcPort>41453 dst>fd10:62:100::2/21210 
05:29:00.588392 OFF flow>3410 srcPort>41453 dst>fd10:62:100::2/21210 
05:29:00.594701 SHUTDOWN flow>3411 srcPort>43811 dst>fd10:62:100::2/21211 
05:29:00.595223 OFF flow>3411 srcPort>43811 dst>fd10:62:100::2/21211 
05:29:00.598637 SHUTDOWN flow>3412 srcPort>45555 dst>fd10:62:100::2/21212 
05:29:00.599085 OFF flow>3412 srcPort>45555 dst>fd10:62:100::2/21212 
05:29:00.639434 SHUTDOWN flow>3413 srcPort>39581 dst>fd10:62:100::2/21213 
05:29:00.639911 OFF flow>3413 srcPort>39581 dst>fd10:62:100::2/21213 
05:29:00.774463 ON flow>3433 srcPort>34561 dst>fd10:62:100::2/21233 
05:29:00.774855 CONNECT flow>3433 srcPort>34561 dst>fd10:62:100::2/21233 
05:29:00.812108 ON flow>3434 srcPort>42299 dst>fd10:62:100::2/21234 
05:29:00.812472 CONNECT flow>3434 srcPort>42299 dst>fd10:62:100::2/21234 
05:29:00.838590 ON flow>3435 srcPort>38883 dst>fd10:62:100::2/21235 
05:29:00.838987 CONNECT flow>3435 srcPort>38883 dst>fd10:62:100::2/21235 
05:29:01.004192 ON flow>3436 srcPort>33777 dst>fd10:62:100::2/21236 
05:29:01.004530 CONNECT flow>3436 srcPort>33777 dst>fd10:62:100::2/21236 
05:29:01.075171 ON flow>3437 srcPort>39859 dst>fd10:62:100::2/21237 
05:29:01.075531 CONNECT flow>3437 srcPort>39859 dst>fd10:62:100::2/21237 
05:29:01.083836 ON flow>3438 srcPort>37831 dst>fd10:62:100::2/21238 
05:29:01.084283 CONNECT flow>3438 srcPort>37831 dst>fd10:62:100::2/21238 
05:29:01.257486 SHUTDOWN flow>3414 srcPort>37213 dst>fd10:62:100::2/21214 
05:29:01.258184 OFF flow>3414 srcPort>37213 dst>fd10:62:100::2/21214 
05:29:01.318641 SHUTDOWN flow>3415 srcPort>43205 dst>fd10:62:100::2/21215 
05:29:01.319087 OFF flow>3415 srcPort>43205 dst>fd10:62:100::2/21215 
05:29:01.490179 SHUTDOWN flow>3416 srcPort>46733 dst>fd10:62:100::2/21216 
05:29:01.490682 OFF flow>3416 srcPort>46733 dst>fd10:62:100::2/21216 
05:29:01.514836 SHUTDOWN flow>3417 srcPort>37967 dst>fd10:62:100::2/21217 
05:29:01.515288 OFF flow>3417 srcPort>37967 dst>fd10:62:100::2/21217 
05:29:01.894765 SHUTDOWN flow>3418 srcPort>45207 dst>fd10:62:100::2/21218 
05:29:01.895281 OFF flow>3418 srcPort>45207 dst>fd10:62:100::2/21218 
05:29:01.921438 SHUTDOWN flow>3419 srcPort>44785 dst>fd10:62:100::2/21219 
05:29:01.921835 OFF flow>3419 srcPort>44785 dst>fd10:62:100::2/21219 
05:29:01.935861 SHUTDOWN flow>3420 srcPort>45255 dst>fd10:62:100::2/21220 
05:29:01.936441 OFF flow>3420 srcPort>45255 dst>fd10:62:100::2/21220 
05:29:02.067740 SHUTDOWN flow>3421 srcPort>37229 dst>fd10:62:100::2/21221 
05:29:02.068329 OFF flow>3421 srcPort>37229 dst>fd10:62:100::2/21221 
05:29:03.519481 SHUTDOWN flow>3422 srcPort>34351 dst>fd10:62:100::2/21222 
05:29:03.519996 OFF flow>3422 srcPort>34351 dst>fd10:62:100::2/21222 
05:29:03.535751 SHUTDOWN flow>3423 srcPort>36009 dst>fd10:62:100::2/21223 
05:29:03.536248 OFF flow>3423 srcPort>36009 dst>fd10:62:100::2/21223 
05:29:03.577994 SHUTDOWN flow>3424 srcPort>33333 dst>fd10:62:100::2/21224 
05:29:03.578415 OFF flow>3424 srcPort>33333 dst>fd10:62:100::2/21224 
05:29:03.635492 SHUTDOWN flow>3425 srcPort>39183 dst>fd10:62:100::2/21225 
05:29:03.636012 OFF flow>3425 srcPort>39183 dst>fd10:62:100::2/21225 
05:29:03.661492 SHUTDOWN flow>3426 srcPort>37109 dst>fd10:62:100::2/21226 
05:29:03.661993 OFF flow>3426 srcPort>37109 dst>fd10:62:100::2/21226 
05:29:03.717626 SHUTDOWN flow>3427 srcPort>40647 dst>fd10:62:100::2/21227 
05:29:03.718075 OFF flow>3427 srcPort>40647 dst>fd10:62:100::2/21227 
05:29:03.847726 SHUTDOWN flow>3428 srcPort>45613 dst>fd10:62:100::2/21228 
05:29:03.848517 OFF flow>3428 srcPort>45613 dst>fd10:62:100::2/21228 
05:29:03.851592 SHUTDOWN flow>3429 srcPort>35397 dst>fd10:62:100::2/21229 
05:29:03.852115 OFF flow>3429 srcPort>35397 dst>fd10:62:100::2/21229 
05:29:03.889001 SHUTDOWN flow>3430 srcPort>42563 dst>fd10:62:100::2/21230 
05:29:03.889482 OFF flow>3430 srcPort>42563 dst>fd10:62:100::2/21230 
05:29:03.893820 ON flow>3439 srcPort>38339 dst>fd10:62:100::2/21239 
05:29:03.894289 CONNECT flow>3439 srcPort>38339 dst>fd10:62:100::2/21239 
05:29:03.907206 SHUTDOWN flow>3431 srcPort>43771 dst>fd10:62:100::2/21231 
05:29:03.907732 OFF flow>3431 srcPort>43771 dst>fd10:62:100::2/21231 
05:29:04.305683 ON flow>3440 srcPort>43885 dst>fd10:62:100::2/21240 
05:29:04.306078 CONNECT flow>3440 srcPort>43885 dst>fd10:62:100::2/21240 
05:29:04.387053 ON flow>3441 srcPort>43949 dst>fd10:62:100::2/21241 
05:29:04.387405 CONNECT flow>3441 srcPort>43949 dst>fd10:62:100::2/21241 
05:29:04.458341 ON flow>3442 srcPort>43095 dst>fd10:62:100::2/21242 
05:29:04.458728 CONNECT flow>3442 srcPort>43095 dst>fd10:62:100::2/21242 
05:29:04.574222 ON flow>3443 srcPort>44007 dst>fd10:62:100::2/21243 
05:29:04.574589 CONNECT flow>3443 srcPort>44007 dst>fd10:62:100::2/21243 
05:29:04.647714 ON flow>3444 srcPort>33355 dst>fd10:62:100::2/21244 
05:29:04.648180 CONNECT flow>3444 srcPort>33355 dst>fd10:62:100::2/21244 
05:29:04.723028 ON flow>3445 srcPort>43553 dst>fd10:62:100::2/21245 
05:29:04.723455 CONNECT flow>3445 srcPort>43553 dst>fd10:62:100::2/21245 
05:29:05.158421 SHUTDOWN flow>3432 srcPort>34501 dst>fd10:62:100::2/21232 
05:29:05.159156 OFF flow>3432 srcPort>34501 dst>fd10:62:100::2/21232 
05:29:05.163412 ON flow>3446 srcPort>44583 dst>fd10:62:100::2/21246 
05:29:05.163800 CONNECT flow>3446 srcPort>44583 dst>fd10:62:100::2/21246 
05:29:05.250047 ON flow>3447 srcPort>42953 dst>fd10:62:100::2/21247 
05:29:05.250494 CONNECT flow>3447 srcPort>42953 dst>fd10:62:100::2/21247 
05:29:05.546264 ON flow>3448 srcPort>33489 dst>fd10:62:100::2/21248 
05:29:05.546648 CONNECT flow>3448 srcPort>33489 dst>fd10:62:100::2/21248 
05:29:05.574338 SHUTDOWN flow>3433 srcPort>34561 dst>fd10:62:100::2/21233 
05:29:05.575092 OFF flow>3433 srcPort>34561 dst>fd10:62:100::2/21233 
05:29:05.612008 SHUTDOWN flow>3434 srcPort>42299 dst>fd10:62:100::2/21234 
05:29:05.612483 OFF flow>3434 srcPort>42299 dst>fd10:62:100::2/21234 
05:29:05.638521 SHUTDOWN flow>3435 srcPort>38883 dst>fd10:62:100::2/21235 
05:29:05.638971 OFF flow>3435 srcPort>38883 dst>fd10:62:100::2/21235 
05:29:05.693209 ON flow>3449 srcPort>39841 dst>fd10:62:100::2/21249 
05:29:05.693575 CONNECT flow>3449 srcPort>39841 dst>fd10:62:100::2/21249 
05:29:05.703118 ON flow>3450 srcPort>42845 dst>fd10:62:100::2/21250 
05:29:05.703532 CONNECT flow>3450 srcPort>42845 dst>fd10:62:100::2/21250 
05:29:05.804105 SHUTDOWN flow>3436 srcPort>33777 dst>fd10:62:100::2/21236 
05:29:05.804555 OFF flow>3436 srcPort>33777 dst>fd10:62:100::2/21236 
05:29:05.875010 SHUTDOWN flow>3437 srcPort>39859 dst>fd10:62:100::2/21237 
05:29:05.875538 OFF flow>3437 srcPort>39859 dst>fd10:62:100::2/21237 
05:29:05.883702 SHUTDOWN flow>3438 srcPort>37831 dst>fd10:62:100::2/21238 
05:29:05.884116 OFF flow>3438 srcPort>37831 dst>fd10:62:100::2/21238 
05:29:07.086648 ON flow>3451 srcPort>39741 dst>fd10:62:100::2/21251 
05:29:07.087015 CONNECT flow>3451 srcPort>39741 dst>fd10:62:100::2/21251 
05:29:07.172480 ON flow>3452 srcPort>33259 dst>fd10:62:100::2/21252 
05:29:07.172842 CONNECT flow>3452 srcPort>33259 dst>fd10:62:100::2/21252 
05:29:07.232935 ON flow>3453 srcPort>37829 dst>fd10:62:100::2/21253 
05:29:07.233303 CONNECT flow>3453 srcPort>37829 dst>fd10:62:100::2/21253 
05:29:07.298873 ON flow>3454 srcPort>39469 dst>fd10:62:100::2/21254 
05:29:07.299266 CONNECT flow>3454 srcPort>39469 dst>fd10:62:100::2/21254 
05:29:07.676774 ON flow>3455 srcPort>45751 dst>fd10:62:100::2/21255 
05:29:07.677258 CONNECT flow>3455 srcPort>45751 dst>fd10:62:100::2/21255 
05:29:07.752103 ON flow>3456 srcPort>35987 dst>fd10:62:100::2/21256 
05:29:07.752492 CONNECT flow>3456 srcPort>35987 dst>fd10:62:100::2/21256 
05:29:07.840573 ON flow>3457 srcPort>37517 dst>fd10:62:100::2/21257 
05:29:07.840989 CONNECT flow>3457 srcPort>37517 dst>fd10:62:100::2/21257 
05:29:07.929570 ON flow>3458 srcPort>39873 dst>fd10:62:100::2/21258 
05:29:07.930027 CONNECT flow>3458 srcPort>39873 dst>fd10:62:100::2/21258 
05:29:08.038583 ON flow>3459 srcPort>33911 dst>fd10:62:100::2/21259 
05:29:08.038909 CONNECT flow>3459 srcPort>33911 dst>fd10:62:100::2/21259 
05:29:08.693596 SHUTDOWN flow>3439 srcPort>38339 dst>fd10:62:100::2/21239 
05:29:08.694094 OFF flow>3439 srcPort>38339 dst>fd10:62:100::2/21239 
05:29:09.105423 SHUTDOWN flow>3440 srcPort>43885 dst>fd10:62:100::2/21240 
05:29:09.105928 OFF flow>3440 srcPort>43885 dst>fd10:62:100::2/21240 
05:29:09.160205 ON flow>3460 srcPort>35245 dst>fd10:62:100::2/21260 
05:29:09.160527 CONNECT flow>3460 srcPort>35245 dst>fd10:62:100::2/21260 
05:29:09.186861 SHUTDOWN flow>3441 srcPort>43949 dst>fd10:62:100::2/21241 
05:29:09.187506 OFF flow>3441 srcPort>43949 dst>fd10:62:100::2/21241 
05:29:09.241316 ON flow>3461 srcPort>46193 dst>fd10:62:100::2/21261 
05:29:09.241605 CONNECT flow>3461 srcPort>46193 dst>fd10:62:100::2/21261 
05:29:09.248625 ON flow>3462 srcPort>45843 dst>fd10:62:100::2/21262 
05:29:09.248923 CONNECT flow>3462 srcPort>45843 dst>fd10:62:100::2/21262 
05:29:09.258263 SHUTDOWN flow>3442 srcPort>43095 dst>fd10:62:100::2/21242 
05:29:09.258709 OFF flow>3442 srcPort>43095 dst>fd10:62:100::2/21242 
05:29:09.301495 ON flow>3463 srcPort>39493 dst>fd10:62:100::2/21263 
05:29:09.301845 CONNECT flow>3463 srcPort>39493 dst>fd10:62:100::2/21263 
05:29:09.336745 ON flow>3464 srcPort>45651 dst>fd10:62:100::2/21264 
05:29:09.337128 CONNECT flow>3464 srcPort>45651 dst>fd10:62:100::2/21264 
05:29:09.374169 SHUTDOWN flow>3443 srcPort>44007 dst>fd10:62:100::2/21243 
05:29:09.374622 OFF flow>3443 srcPort>44007 dst>fd10:62:100::2/21243 
05:29:09.425098 ON flow>3465 srcPort>39775 dst>fd10:62:100::2/21265 
05:29:09.425503 CONNECT flow>3465 srcPort>39775 dst>fd10:62:100::2/21265 
05:29:09.447650 SHUTDOWN flow>3444 srcPort>33355 dst>fd10:62:100::2/21244 
05:29:09.448378 OFF flow>3444 srcPort>33355 dst>fd10:62:100::2/21244 
05:29:09.522951 SHUTDOWN flow>3445 srcPort>43553 dst>fd10:62:100::2/21245 
05:29:09.523400 OFF flow>3445 srcPort>43553 dst>fd10:62:100::2/21245 
05:29:09.963276 SHUTDOWN flow>3446 srcPort>44583 dst>fd10:62:100::2/21246 
05:29:09.963815 OFF flow>3446 srcPort>44583 dst>fd10:62:100::2/21246 
05:29:10.049961 SHUTDOWN flow>3447 srcPort>42953 dst>fd10:62:100::2/21247 
05:29:10.050397 OFF flow>3447 srcPort>42953 dst>fd10:62:100::2/21247 
05:29:10.346122 SHUTDOWN flow>3448 srcPort>33489 dst>fd10:62:100::2/21248 
05:29:10.346709 OFF flow>3448 srcPort>33489 dst>fd10:62:100::2/21248 
05:29:10.381685 ON flow>3466 srcPort>38511 dst>fd10:62:100::2/21266 
05:29:10.382106 CONNECT flow>3466 srcPort>38511 dst>fd10:62:100::2/21266 
05:29:10.395695 ON flow>3467 srcPort>41065 dst>fd10:62:100::2/21267 
05:29:10.396680 CONNECT flow>3467 srcPort>41065 dst>fd10:62:100::2/21267 
05:29:10.407050 ON flow>3468 srcPort>39437 dst>fd10:62:100::2/21268 
05:29:10.407476 CONNECT flow>3468 srcPort>39437 dst>fd10:62:100::2/21268 
05:29:10.409295 ON flow>3469 srcPort>41261 dst>fd10:62:100::2/21269 
05:29:10.409706 CONNECT flow>3469 srcPort>41261 dst>fd10:62:100::2/21269 
05:29:10.432662 ON flow>3470 srcPort>35643 dst>fd10:62:100::2/21270 
05:29:10.433092 CONNECT flow>3470 srcPort>35643 dst>fd10:62:100::2/21270 
05:29:10.456948 ON flow>3471 srcPort>45675 dst>fd10:62:100::2/21271 
05:29:10.457530 CONNECT flow>3471 srcPort>45675 dst>fd10:62:100::2/21271 
05:29:10.463986 ON flow>3472 srcPort>40667 dst>fd10:62:100::2/21272 
05:29:10.464401 CONNECT flow>3472 srcPort>40667 dst>fd10:62:100::2/21272 
05:29:10.493113 SHUTDOWN flow>3449 srcPort>39841 dst>fd10:62:100::2/21249 
05:29:10.493543 OFF flow>3449 srcPort>39841 dst>fd10:62:100::2/21249 
05:29:10.503027 SHUTDOWN flow>3450 srcPort>42845 dst>fd10:62:100::2/21250 
05:29:10.503696 OFF flow>3450 srcPort>42845 dst>fd10:62:100::2/21250 
05:29:10.534202 ON flow>3473 srcPort>45765 dst>fd10:62:100::2/21273 
05:29:10.534613 CONNECT flow>3473 srcPort>45765 dst>fd10:62:100::2/21273 
05:29:10.593275 ON flow>3474 srcPort>33989 dst>fd10:62:100::2/21274 
05:29:10.593826 CONNECT flow>3474 srcPort>33989 dst>fd10:62:100::2/21274 
05:29:10.641857 ON flow>3475 srcPort>33065 dst>fd10:62:100::2/21275 
05:29:10.642263 CONNECT flow>3475 srcPort>33065 dst>fd10:62:100::2/21275 
05:29:10.731829 ON flow>3476 srcPort>33493 dst>fd10:62:100::2/21276 
05:29:10.732217 CONNECT flow>3476 srcPort>33493 dst>fd10:62:100::2/21276 
05:29:10.786751 ON flow>3477 srcPort>38925 dst>fd10:62:100::2/21277 
05:29:10.787162 CONNECT flow>3477 srcPort>38925 dst>fd10:62:100::2/21277 
05:29:11.846313 ON flow>3478 srcPort>38609 dst>fd10:62:100::2/21278 
05:29:11.846686 CONNECT flow>3478 srcPort>38609 dst>fd10:62:100::2/21278 
05:29:11.886473 SHUTDOWN flow>3451 srcPort>39741 dst>fd10:62:100::2/21251 
05:29:11.886906 OFF flow>3451 srcPort>39741 dst>fd10:62:100::2/21251 
05:29:11.905413 ON flow>3479 srcPort>39231 dst>fd10:62:100::2/21279 
05:29:11.905753 CONNECT flow>3479 srcPort>39231 dst>fd10:62:100::2/21279 
05:29:11.972348 SHUTDOWN flow>3452 srcPort>33259 dst>fd10:62:100::2/21252 
05:29:11.972889 OFF flow>3452 srcPort>33259 dst>fd10:62:100::2/21252 
05:29:12.020931 ON flow>3480 srcPort>42793 dst>fd10:62:100::2/21280 
05:29:12.021424 CONNECT flow>3480 srcPort>42793 dst>fd10:62:100::2/21280 
05:29:12.031383 ON flow>3481 srcPort>37613 dst>fd10:62:100::2/21281 
05:29:12.031886 CONNECT flow>3481 srcPort>37613 dst>fd10:62:100::2/21281 
05:29:12.032884 SHUTDOWN flow>3453 srcPort>37829 dst>fd10:62:100::2/21253 
05:29:12.033469 OFF flow>3453 srcPort>37829 dst>fd10:62:100::2/21253 
05:29:12.074809 ON flow>3482 srcPort>42159 dst>fd10:62:100::2/21282 
05:29:12.075109 CONNECT flow>3482 srcPort>42159 dst>fd10:62:100::2/21282 
05:29:12.081158 ON flow>3483 srcPort>41441 dst>fd10:62:100::2/21283 
05:29:12.081618 CONNECT flow>3483 srcPort>41441 dst>fd10:62:100::2/21283 
05:29:12.098065 SHUTDOWN flow>3454 srcPort>39469 dst>fd10:62:100::2/21254 
05:29:12.098524 OFF flow>3454 srcPort>39469 dst>fd10:62:100::2/21254 
05:29:12.107425 ON flow>3484 srcPort>41739 dst>fd10:62:100::2/21284 
05:29:12.107695 CONNECT flow>3484 srcPort>41739 dst>fd10:62:100::2/21284 
05:29:12.110957 ON flow>3485 srcPort>42211 dst>fd10:62:100::2/21285 
05:29:12.111433 CONNECT flow>3485 srcPort>42211 dst>fd10:62:100::2/21285 
05:29:12.149771 ON flow>3486 srcPort>40347 dst>fd10:62:100::2/21286 
05:29:12.150136 CONNECT flow>3486 srcPort>40347 dst>fd10:62:100::2/21286 
05:29:12.153304 ON flow>3487 srcPort>38839 dst>fd10:62:100::2/21287 
05:29:12.153726 CONNECT flow>3487 srcPort>38839 dst>fd10:62:100::2/21287 
05:29:12.161852 ON flow>3488 srcPort>35119 dst>fd10:62:100::2/21288 
05:29:12.162274 CONNECT flow>3488 srcPort>35119 dst>fd10:62:100::2/21288 
05:29:12.198228 ON flow>3489 srcPort>41837 dst>fd10:62:100::2/21289 
05:29:12.198608 CONNECT flow>3489 srcPort>41837 dst>fd10:62:100::2/21289 
05:29:12.218267 ON flow>3490 srcPort>38005 dst>fd10:62:100::2/21290 
05:29:12.218769 CONNECT flow>3490 srcPort>38005 dst>fd10:62:100::2/21290 
05:29:12.263492 ON flow>3491 srcPort>36297 dst>fd10:62:100::2/21291 
05:29:12.263817 CONNECT flow>3491 srcPort>36297 dst>fd10:62:100::2/21291 
05:29:12.309586 ON flow>3492 srcPort>39455 dst>fd10:62:100::2/21292 
05:29:12.310846 ON flow>3493 srcPort>36849 dst>fd10:62:100::2/21293 
05:29:12.311038 CONNECT flow>3492 srcPort>39455 dst>fd10:62:100::2/21292 
05:29:12.311174 CONNECT flow>3493 srcPort>36849 dst>fd10:62:100::2/21293 
05:29:12.431540 ON flow>3494 srcPort>43719 dst>fd10:62:100::2/21294 
05:29:12.431991 CONNECT flow>3494 srcPort>43719 dst>fd10:62:100::2/21294 
05:29:12.455708 ON flow>3495 srcPort>44563 dst>fd10:62:100::2/21295 
05:29:12.456112 CONNECT flow>3495 srcPort>44563 dst>fd10:62:100::2/21295 
05:29:12.475297 ON flow>3496 srcPort>44649 dst>fd10:62:100::2/21296 
05:29:12.476104 CONNECT flow>3496 srcPort>44649 dst>fd10:62:100::2/21296 
05:29:12.476645 SHUTDOWN flow>3455 srcPort>45751 dst>fd10:62:100::2/21255 
05:29:12.477107 OFF flow>3455 srcPort>45751 dst>fd10:62:100::2/21255 
05:29:12.552109 SHUTDOWN flow>3456 srcPort>35987 dst>fd10:62:100::2/21256 
05:29:12.552598 OFF flow>3456 srcPort>35987 dst>fd10:62:100::2/21256 
05:29:12.640633 SHUTDOWN flow>3457 srcPort>37517 dst>fd10:62:100::2/21257 
05:29:12.641551 OFF flow>3457 srcPort>37517 dst>fd10:62:100::2/21257 
05:29:12.729444 SHUTDOWN flow>3458 srcPort>39873 dst>fd10:62:100::2/21258 
05:29:12.729888 OFF flow>3458 srcPort>39873 dst>fd10:62:100::2/21258 
05:29:12.838366 SHUTDOWN flow>3459 srcPort>33911 dst>fd10:62:100::2/21259 
05:29:12.838830 OFF flow>3459 srcPort>33911 dst>fd10:62:100::2/21259 
05:29:13.960022 SHUTDOWN flow>3460 srcPort>35245 dst>fd10:62:100::2/21260 
05:29:13.960577 OFF flow>3460 srcPort>35245 dst>fd10:62:100::2/21260 
05:29:14.041119 SHUTDOWN flow>3461 srcPort>46193 dst>fd10:62:100::2/21261 
05:29:14.041626 OFF flow>3461 srcPort>46193 dst>fd10:62:100::2/21261 
05:29:14.048557 SHUTDOWN flow>3462 srcPort>45843 dst>fd10:62:100::2/21262 
05:29:14.049003 OFF flow>3462 srcPort>45843 dst>fd10:62:100::2/21262 
05:29:14.101408 SHUTDOWN flow>3463 srcPort>39493 dst>fd10:62:100::2/21263 
05:29:14.101899 OFF flow>3463 srcPort>39493 dst>fd10:62:100::2/21263 
05:29:14.107357 ON flow>3497 srcPort>46071 dst>fd10:62:100::2/21297 
05:29:14.107737 CONNECT flow>3497 srcPort>46071 dst>fd10:62:100::2/21297 
05:29:14.136622 SHUTDOWN flow>3464 srcPort>45651 dst>fd10:62:100::2/21264 
05:29:14.137008 OFF flow>3464 srcPort>45651 dst>fd10:62:100::2/21264 
05:29:14.194629 ON flow>3498 srcPort>36043 dst>fd10:62:100::2/21298 
05:29:14.195041 CONNECT flow>3498 srcPort>36043 dst>fd10:62:100::2/21298 
05:29:14.196084 ON flow>3499 srcPort>33469 dst>fd10:62:100::2/21299 
05:29:14.196709 CONNECT flow>3499 srcPort>33469 dst>fd10:62:100::2/21299 
05:29:14.225035 SHUTDOWN flow>3465 srcPort>39775 dst>fd10:62:100::2/21265 
05:29:14.225643 OFF flow>3465 srcPort>39775 dst>fd10:62:100::2/21265 
05:29:14.560624 ON flow>3500 srcPort>34961 dst>fd10:62:100::2/21300 
05:29:14.561021 CONNECT flow>3500 srcPort>34961 dst>fd10:62:100::2/21300 
05:29:14.722321 ON flow>3501 srcPort>39405 dst>fd10:62:100::2/21301 
05:29:14.722668 CONNECT flow>3501 srcPort>39405 dst>fd10:62:100::2/21301 
05:29:15.181522 SHUTDOWN flow>3466 srcPort>38511 dst>fd10:62:100::2/21266 
05:29:15.182044 OFF flow>3466 srcPort>38511 dst>fd10:62:100::2/21266 
05:29:15.195563 SHUTDOWN flow>3467 srcPort>41065 dst>fd10:62:100::2/21267 
05:29:15.195968 OFF flow>3467 srcPort>41065 dst>fd10:62:100::2/21267 
05:29:15.207069 SHUTDOWN flow>3468 srcPort>39437 dst>fd10:62:100::2/21268 
05:29:15.207612 OFF flow>3468 srcPort>39437 dst>fd10:62:100::2/21268 
05:29:15.209260 SHUTDOWN flow>3469 srcPort>41261 dst>fd10:62:100::2/21269 
05:29:15.209772 OFF flow>3469 srcPort>41261 dst>fd10:62:100::2/21269 
05:29:15.232611 SHUTDOWN flow>3470 srcPort>35643 dst>fd10:62:100::2/21270 
05:29:15.233076 OFF flow>3470 srcPort>35643 dst>fd10:62:100::2/21270 
05:29:15.256859 SHUTDOWN flow>3471 srcPort>45675 dst>fd10:62:100::2/21271 
05:29:15.257300 OFF flow>3471 srcPort>45675 dst>fd10:62:100::2/21271 
05:29:15.263936 SHUTDOWN flow>3472 srcPort>40667 dst>fd10:62:100::2/21272 
05:29:15.264564 OFF flow>3472 srcPort>40667 dst>fd10:62:100::2/21272 
05:29:15.334158 SHUTDOWN flow>3473 srcPort>45765 dst>fd10:62:100::2/21273 
05:29:15.334594 OFF flow>3473 srcPort>45765 dst>fd10:62:100::2/21273 
05:29:15.393178 SHUTDOWN flow>3474 srcPort>33989 dst>fd10:62:100::2/21274 
05:29:15.393686 OFF flow>3474 srcPort>33989 dst>fd10:62:100::2/21274 
05:29:15.441789 SHUTDOWN flow>3475 srcPort>33065 dst>fd10:62:100::2/21275 
05:29:15.442326 OFF flow>3475 srcPort>33065 dst>fd10:62:100::2/21275 
05:29:15.531709 SHUTDOWN flow>3476 srcPort>33493 dst>fd10:62:100::2/21276 
05:29:15.532185 OFF flow>3476 srcPort>33493 dst>fd10:62:100::2/21276 
05:29:15.586650 SHUTDOWN flow>3477 srcPort>38925 dst>fd10:62:100::2/21277 
05:29:15.587139 OFF flow>3477 srcPort>38925 dst>fd10:62:100::2/21277 
05:29:16.453880 ON flow>3502 srcPort>43527 dst>fd10:62:100::2/21302 
05:29:16.454366 CONNECT flow>3502 srcPort>43527 dst>fd10:62:100::2/21302 
05:29:16.468291 ON flow>3503 srcPort>43117 dst>fd10:62:100::2/21303 
05:29:16.468950 CONNECT flow>3503 srcPort>43117 dst>fd10:62:100::2/21303 
05:29:16.477449 ON flow>3504 srcPort>40151 dst>fd10:62:100::2/21304 
05:29:16.477879 CONNECT flow>3504 srcPort>40151 dst>fd10:62:100::2/21304 
05:29:16.490497 ON flow>3505 srcPort>34807 dst>fd10:62:100::2/21305 
05:29:16.490853 CONNECT flow>3505 srcPort>34807 dst>fd10:62:100::2/21305 
05:29:16.492908 ON flow>3506 srcPort>41797 dst>fd10:62:100::2/21306 
05:29:16.493300 CONNECT flow>3506 srcPort>41797 dst>fd10:62:100::2/21306 
05:29:16.526189 ON flow>3507 srcPort>35795 dst>fd10:62:100::2/21307 
05:29:16.526599 CONNECT flow>3507 srcPort>35795 dst>fd10:62:100::2/21307 
05:29:16.566400 ON flow>3508 srcPort>40471 dst>fd10:62:100::2/21308 
05:29:16.566802 CONNECT flow>3508 srcPort>40471 dst>fd10:62:100::2/21308 
05:29:16.585119 ON flow>3509 srcPort>35843 dst>fd10:62:100::2/21309 
05:29:16.585673 CONNECT flow>3509 srcPort>35843 dst>fd10:62:100::2/21309 
05:29:16.605351 ON flow>3510 srcPort>35067 dst>fd10:62:100::2/21310 
05:29:16.605771 CONNECT flow>3510 srcPort>35067 dst>fd10:62:100::2/21310 
05:29:16.613220 ON flow>3511 srcPort>41351 dst>fd10:62:100::2/21311 
05:29:16.613603 CONNECT flow>3511 srcPort>41351 dst>fd10:62:100::2/21311 
05:29:16.622962 ON flow>3512 srcPort>32979 dst>fd10:62:100::2/21312 
05:29:16.623674 CONNECT flow>3512 srcPort>32979 dst>fd10:62:100::2/21312 
05:29:16.646209 SHUTDOWN flow>3478 srcPort>38609 dst>fd10:62:100::2/21278 
05:29:16.646736 OFF flow>3478 srcPort>38609 dst>fd10:62:100::2/21278 
05:29:16.659469 ON flow>3513 srcPort>34099 dst>fd10:62:100::2/21313 
05:29:16.659801 CONNECT flow>3513 srcPort>34099 dst>fd10:62:100::2/21313 
05:29:16.674354 ON flow>3514 srcPort>37117 dst>fd10:62:100::2/21314 
05:29:16.674739 CONNECT flow>3514 srcPort>37117 dst>fd10:62:100::2/21314 
05:29:16.680052 ON flow>3515 srcPort>40597 dst>fd10:62:100::2/21315 
05:29:16.680463 CONNECT flow>3515 srcPort>40597 dst>fd10:62:100::2/21315 
05:29:16.691572 ON flow>3516 srcPort>34421 dst>fd10:62:100::2/21316 
05:29:16.691934 CONNECT flow>3516 srcPort>34421 dst>fd10:62:100::2/21316 
05:29:16.705304 SHUTDOWN flow>3479 srcPort>39231 dst>fd10:62:100::2/21279 
05:29:16.705830 OFF flow>3479 srcPort>39231 dst>fd10:62:100::2/21279 
05:29:16.784975 ON flow>3517 srcPort>46099 dst>fd10:62:100::2/21317 
05:29:16.785412 CONNECT flow>3517 srcPort>46099 dst>fd10:62:100::2/21317 
05:29:16.799185 ON flow>3518 srcPort>35381 dst>fd10:62:100::2/21318 
05:29:16.799517 CONNECT flow>3518 srcPort>35381 dst>fd10:62:100::2/21318 
05:29:16.820793 SHUTDOWN flow>3480 srcPort>42793 dst>fd10:62:100::2/21280 
05:29:16.821350 OFF flow>3480 srcPort>42793 dst>fd10:62:100::2/21280 
05:29:16.831348 SHUTDOWN flow>3481 srcPort>37613 dst>fd10:62:100::2/21281 
05:29:16.831717 OFF flow>3481 srcPort>37613 dst>fd10:62:100::2/21281 
05:29:16.833070 ON flow>3519 srcPort>34621 dst>fd10:62:100::2/21319 
05:29:16.833494 CONNECT flow>3519 srcPort>34621 dst>fd10:62:100::2/21319 
05:29:16.860941 ON flow>3520 srcPort>33441 dst>fd10:62:100::2/21320 
05:29:16.861353 CONNECT flow>3520 srcPort>33441 dst>fd10:62:100::2/21320 
05:29:16.865312 ON flow>3521 srcPort>38317 dst>fd10:62:100::2/21321 
05:29:16.865617 CONNECT flow>3521 srcPort>38317 dst>fd10:62:100::2/21321 
05:29:16.874701 SHUTDOWN flow>3482 srcPort>42159 dst>fd10:62:100::2/21282 
05:29:16.875198 OFF flow>3482 srcPort>42159 dst>fd10:62:100::2/21282 
05:29:16.881102 SHUTDOWN flow>3483 srcPort>41441 dst>fd10:62:100::2/21283 
05:29:16.881555 OFF flow>3483 srcPort>41441 dst>fd10:62:100::2/21283 
05:29:16.884037 ON flow>3522 srcPort>46657 dst>fd10:62:100::2/21322 
05:29:16.884378 CONNECT flow>3522 srcPort>46657 dst>fd10:62:100::2/21322 
05:29:16.886323 ON flow>3523 srcPort>43883 dst>fd10:62:100::2/21323 
05:29:16.886703 CONNECT flow>3523 srcPort>43883 dst>fd10:62:100::2/21323 
05:29:16.898618 ON flow>3524 srcPort>35325 dst>fd10:62:100::2/21324 
05:29:16.899182 CONNECT flow>3524 srcPort>35325 dst>fd10:62:100::2/21324 
05:29:16.906300 SHUTDOWN flow>3484 srcPort>41739 dst>fd10:62:100::2/21284 
05:29:16.906903 OFF flow>3484 srcPort>41739 dst>fd10:62:100::2/21284 
05:29:16.911045 SHUTDOWN flow>3485 srcPort>42211 dst>fd10:62:100::2/21285 
05:29:16.911586 OFF flow>3485 srcPort>42211 dst>fd10:62:100::2/21285 
05:29:16.949600 SHUTDOWN flow>3486 srcPort>40347 dst>fd10:62:100::2/21286 
05:29:16.950176 OFF flow>3486 srcPort>40347 dst>fd10:62:100::2/21286 
05:29:16.951360 ON flow>3525 srcPort>41419 dst>fd10:62:100::2/21325 
05:29:16.951988 CONNECT flow>3525 srcPort>41419 dst>fd10:62:100::2/21325 
05:29:16.953253 SHUTDOWN flow>3487 srcPort>38839 dst>fd10:62:100::2/21287 
05:29:16.953677 OFF flow>3487 srcPort>38839 dst>fd10:62:100::2/21287 
05:29:16.961808 SHUTDOWN flow>3488 srcPort>35119 dst>fd10:62:100::2/21288 
05:29:16.962315 OFF flow>3488 srcPort>35119 dst>fd10:62:100::2/21288 
05:29:16.998117 SHUTDOWN flow>3489 srcPort>41837 dst>fd10:62:100::2/21289 
05:29:16.998618 OFF flow>3489 srcPort>41837 dst>fd10:62:100::2/21289 
05:29:17.018259 SHUTDOWN flow>3490 srcPort>38005 dst>fd10:62:100::2/21290 
05:29:17.018742 OFF flow>3490 srcPort>38005 dst>fd10:62:100::2/21290 
05:29:17.063410 SHUTDOWN flow>3491 srcPort>36297 dst>fd10:62:100::2/21291 
05:29:17.063935 OFF flow>3491 srcPort>36297 dst>fd10:62:100::2/21291 
05:29:17.109614 SHUTDOWN flow>3492 srcPort>39455 dst>fd10:62:100::2/21292 
05:29:17.110118 OFF flow>3492 srcPort>39455 dst>fd10:62:100::2/21292 
05:29:17.110831 SHUTDOWN flow>3493 srcPort>36849 dst>fd10:62:100::2/21293 
05:29:17.111266 OFF flow>3493 srcPort>36849 dst>fd10:62:100::2/21293 
05:29:17.231438 SHUTDOWN flow>3494 srcPort>43719 dst>fd10:62:100::2/21294 
05:29:17.231822 OFF flow>3494 srcPort>43719 dst>fd10:62:100::2/21294 
05:29:17.255670 SHUTDOWN flow>3495 srcPort>44563 dst>fd10:62:100::2/21295 
05:29:17.256104 OFF flow>3495 srcPort>44563 dst>fd10:62:100::2/21295 
05:29:17.275254 SHUTDOWN flow>3496 srcPort>44649 dst>fd10:62:100::2/21296 
05:29:17.275708 OFF flow>3496 srcPort>44649 dst>fd10:62:100::2/21296 
05:29:18.907203 SHUTDOWN flow>3497 srcPort>46071 dst>fd10:62:100::2/21297 
05:29:18.907681 OFF flow>3497 srcPort>46071 dst>fd10:62:100::2/21297 
05:29:18.994507 SHUTDOWN flow>3498 srcPort>36043 dst>fd10:62:100::2/21298 
05:29:18.994954 OFF flow>3498 srcPort>36043 dst>fd10:62:100::2/21298 
05:29:18.996015 SHUTDOWN flow>3499 srcPort>33469 dst>fd10:62:100::2/21299 
05:29:18.996460 OFF flow>3499 srcPort>33469 dst>fd10:62:100::2/21299 
05:29:19.360440 SHUTDOWN flow>3500 srcPort>34961 dst>fd10:62:100::2/21300 
05:29:19.361127 OFF flow>3500 srcPort>34961 dst>fd10:62:100::2/21300 
05:29:19.522262 SHUTDOWN flow>3501 srcPort>39405 dst>fd10:62:100::2/21301 
05:29:19.522729 OFF flow>3501 srcPort>39405 dst>fd10:62:100::2/21301 
05:29:19.992896 ON flow>3526 srcPort>38289 dst>fd10:62:100::2/21326 
05:29:19.993268 CONNECT flow>3526 srcPort>38289 dst>fd10:62:100::2/21326 
05:29:20.110305 ON flow>3527 srcPort>42981 dst>fd10:62:100::2/21327 
05:29:20.110682 CONNECT flow>3527 srcPort>42981 dst>fd10:62:100::2/21327 
05:29:20.145100 ON flow>3528 srcPort>33865 dst>fd10:62:100::2/21328 
05:29:20.145474 CONNECT flow>3528 srcPort>33865 dst>fd10:62:100::2/21328 
05:29:20.183130 ON flow>3529 srcPort>39927 dst>fd10:62:100::2/21329 
05:29:20.183717 CONNECT flow>3529 srcPort>39927 dst>fd10:62:100::2/21329 
05:29:20.271878 ON flow>3530 srcPort>37763 dst>fd10:62:100::2/21330 
05:29:20.272248 CONNECT flow>3530 srcPort>37763 dst>fd10:62:100::2/21330 
05:29:20.808771 ON flow>3531 srcPort>41415 dst>fd10:62:100::2/21331 
05:29:20.809274 CONNECT flow>3531 srcPort>41415 dst>fd10:62:100::2/21331 
05:29:20.814728 ON flow>3532 srcPort>39353 dst>fd10:62:100::2/21332 
05:29:20.815097 CONNECT flow>3532 srcPort>39353 dst>fd10:62:100::2/21332 
05:29:20.875472 ON flow>3533 srcPort>41741 dst>fd10:62:100::2/21333 
05:29:20.875794 CONNECT flow>3533 srcPort>41741 dst>fd10:62:100::2/21333 
05:29:20.895687 ON flow>3534 srcPort>46827 dst>fd10:62:100::2/21334 
05:29:20.896161 CONNECT flow>3534 srcPort>46827 dst>fd10:62:100::2/21334 
05:29:20.904220 ON flow>3535 srcPort>37409 dst>fd10:62:100::2/21335 
05:29:20.904554 CONNECT flow>3535 srcPort>37409 dst>fd10:62:100::2/21335 
05:29:20.925185 ON flow>3536 srcPort>36339 dst>fd10:62:100::2/21336 
05:29:20.925548 CONNECT flow>3536 srcPort>36339 dst>fd10:62:100::2/21336 
05:29:20.981804 ON flow>3537 srcPort>40535 dst>fd10:62:100::2/21337 
05:29:20.982140 CONNECT flow>3537 srcPort>40535 dst>fd10:62:100::2/21337 
05:29:21.013992 ON flow>3538 srcPort>43939 dst>fd10:62:100::2/21338 
05:29:21.014310 CONNECT flow>3538 srcPort>43939 dst>fd10:62:100::2/21338 
05:29:21.040996 ON flow>3539 srcPort>35907 dst>fd10:62:100::2/21339 
05:29:21.041429 CONNECT flow>3539 srcPort>35907 dst>fd10:62:100::2/21339 
05:29:21.126816 ON flow>3540 srcPort>35745 dst>fd10:62:100::2/21340 
05:29:21.127264 CONNECT flow>3540 srcPort>35745 dst>fd10:62:100::2/21340 
05:29:21.253707 SHUTDOWN flow>3502 srcPort>43527 dst>fd10:62:100::2/21302 
05:29:21.254162 OFF flow>3502 srcPort>43527 dst>fd10:62:100::2/21302 
05:29:21.268005 SHUTDOWN flow>3503 srcPort>43117 dst>fd10:62:100::2/21303 
05:29:21.268461 OFF flow>3503 srcPort>43117 dst>fd10:62:100::2/21303 
05:29:21.277199 SHUTDOWN flow>3504 srcPort>40151 dst>fd10:62:100::2/21304 
05:29:21.277763 OFF flow>3504 srcPort>40151 dst>fd10:62:100::2/21304 
05:29:21.290408 SHUTDOWN flow>3505 srcPort>34807 dst>fd10:62:100::2/21305 
05:29:21.290918 OFF flow>3505 srcPort>34807 dst>fd10:62:100::2/21305 
05:29:21.292713 SHUTDOWN flow>3506 srcPort>41797 dst>fd10:62:100::2/21306 
05:29:21.293199 OFF flow>3506 srcPort>41797 dst>fd10:62:100::2/21306 
05:29:21.326155 SHUTDOWN flow>3507 srcPort>35795 dst>fd10:62:100::2/21307 
05:29:21.326645 OFF flow>3507 srcPort>35795 dst>fd10:62:100::2/21307 
05:29:21.366316 SHUTDOWN flow>3508 srcPort>40471 dst>fd10:62:100::2/21308 
05:29:21.366789 OFF flow>3508 srcPort>40471 dst>fd10:62:100::2/21308 
05:29:21.384814 SHUTDOWN flow>3509 srcPort>35843 dst>fd10:62:100::2/21309 
05:29:21.385281 OFF flow>3509 srcPort>35843 dst>fd10:62:100::2/21309 
05:29:21.405229 SHUTDOWN flow>3510 srcPort>35067 dst>fd10:62:100::2/21310 
05:29:21.405748 OFF flow>3510 srcPort>35067 dst>fd10:62:100::2/21310 
05:29:21.413202 SHUTDOWN flow>3511 srcPort>41351 dst>fd10:62:100::2/21311 
05:29:21.413713 OFF flow>3511 srcPort>41351 dst>fd10:62:100::2/21311 
05:29:21.422849 SHUTDOWN flow>3512 srcPort>32979 dst>fd10:62:100::2/21312 
05:29:21.423379 OFF flow>3512 srcPort>32979 dst>fd10:62:100::2/21312 
05:29:21.459326 SHUTDOWN flow>3513 srcPort>34099 dst>fd10:62:100::2/21313 
05:29:21.460195 OFF flow>3513 srcPort>34099 dst>fd10:62:100::2/21313 
05:29:21.474126 SHUTDOWN flow>3514 srcPort>37117 dst>fd10:62:100::2/21314 
05:29:21.474566 OFF flow>3514 srcPort>37117 dst>fd10:62:100::2/21314 
05:29:21.479932 SHUTDOWN flow>3515 srcPort>40597 dst>fd10:62:100::2/21315 
05:29:21.480622 OFF flow>3515 srcPort>40597 dst>fd10:62:100::2/21315 
05:29:21.491316 SHUTDOWN flow>3516 srcPort>34421 dst>fd10:62:100::2/21316 
05:29:21.491854 OFF flow>3516 srcPort>34421 dst>fd10:62:100::2/21316 
05:29:21.584827 SHUTDOWN flow>3517 srcPort>46099 dst>fd10:62:100::2/21317 
05:29:21.585353 OFF flow>3517 srcPort>46099 dst>fd10:62:100::2/21317 
05:29:21.599017 SHUTDOWN flow>3518 srcPort>35381 dst>fd10:62:100::2/21318 
05:29:21.599575 OFF flow>3518 srcPort>35381 dst>fd10:62:100::2/21318 
05:29:21.632823 SHUTDOWN flow>3519 srcPort>34621 dst>fd10:62:100::2/21319 
05:29:21.633420 OFF flow>3519 srcPort>34621 dst>fd10:62:100::2/21319 
05:29:21.660851 SHUTDOWN flow>3520 srcPort>33441 dst>fd10:62:100::2/21320 
05:29:21.661341 OFF flow>3520 srcPort>33441 dst>fd10:62:100::2/21320 
05:29:21.665123 SHUTDOWN flow>3521 srcPort>38317 dst>fd10:62:100::2/21321 
05:29:21.665667 OFF flow>3521 srcPort>38317 dst>fd10:62:100::2/21321 
05:29:21.683948 SHUTDOWN flow>3522 srcPort>46657 dst>fd10:62:100::2/21322 
05:29:21.684469 OFF flow>3522 srcPort>46657 dst>fd10:62:100::2/21322 
05:29:21.686122 SHUTDOWN flow>3523 srcPort>43883 dst>fd10:62:100::2/21323 
05:29:21.686647 OFF flow>3523 srcPort>43883 dst>fd10:62:100::2/21323 
05:29:21.698522 SHUTDOWN flow>3524 srcPort>35325 dst>fd10:62:100::2/21324 
05:29:21.699061 OFF flow>3524 srcPort>35325 dst>fd10:62:100::2/21324 
05:29:21.751034 SHUTDOWN flow>3525 srcPort>41419 dst>fd10:62:100::2/21325 
05:29:21.751571 OFF flow>3525 srcPort>41419 dst>fd10:62:100::2/21325 
05:29:22.224345 ON flow>3541 srcPort>34985 dst>fd10:62:100::2/21341 
05:29:22.224742 CONNECT flow>3541 srcPort>34985 dst>fd10:62:100::2/21341 
05:29:22.344660 ON flow>3542 srcPort>45305 dst>fd10:62:100::2/21342 
05:29:22.345151 CONNECT flow>3542 srcPort>45305 dst>fd10:62:100::2/21342 
05:29:22.452286 ON flow>3543 srcPort>32973 dst>fd10:62:100::2/21343 
05:29:22.452757 CONNECT flow>3543 srcPort>32973 dst>fd10:62:100::2/21343 
05:29:22.500997 ON flow>3544 srcPort>36407 dst>fd10:62:100::2/21344 
05:29:22.501398 CONNECT flow>3544 srcPort>36407 dst>fd10:62:100::2/21344 
05:29:24.080226 ON flow>3545 srcPort>46353 dst>fd10:62:100::2/21345 
05:29:24.080700 CONNECT flow>3545 srcPort>46353 dst>fd10:62:100::2/21345 
05:29:24.171938 ON flow>3546 srcPort>35023 dst>fd10:62:100::2/21346 
05:29:24.172452 CONNECT flow>3546 srcPort>35023 dst>fd10:62:100::2/21346 
05:29:24.279436 ON flow>3547 srcPort>35353 dst>fd10:62:100::2/21347 
05:29:24.279826 CONNECT flow>3547 srcPort>35353 dst>fd10:62:100::2/21347 
05:29:24.792814 SHUTDOWN flow>3526 srcPort>38289 dst>fd10:62:100::2/21326 
05:29:24.793458 OFF flow>3526 srcPort>38289 dst>fd10:62:100::2/21326 
05:29:24.910150 SHUTDOWN flow>3527 srcPort>42981 dst>fd10:62:100::2/21327 
05:29:24.910612 OFF flow>3527 srcPort>42981 dst>fd10:62:100::2/21327 
05:29:24.938995 ON flow>3548 srcPort>34711 dst>fd10:62:100::2/21348 
05:29:24.939359 CONNECT flow>3548 srcPort>34711 dst>fd10:62:100::2/21348 
05:29:24.944949 SHUTDOWN flow>3528 srcPort>33865 dst>fd10:62:100::2/21328 
05:29:24.945444 OFF flow>3528 srcPort>33865 dst>fd10:62:100::2/21328 
05:29:24.950708 ON flow>3549 srcPort>33973 dst>fd10:62:100::2/21349 
05:29:24.951367 CONNECT flow>3549 srcPort>33973 dst>fd10:62:100::2/21349 
05:29:24.983066 SHUTDOWN flow>3529 srcPort>39927 dst>fd10:62:100::2/21329 
05:29:24.983822 OFF flow>3529 srcPort>39927 dst>fd10:62:100::2/21329 
05:29:25.006061 ON flow>3550 srcPort>43743 dst>fd10:62:100::2/21350 
05:29:25.006528 CONNECT flow>3550 srcPort>43743 dst>fd10:62:100::2/21350 
05:29:25.008924 ON flow>3551 srcPort>37907 dst>fd10:62:100::2/21351 
05:29:25.009507 CONNECT flow>3551 srcPort>37907 dst>fd10:62:100::2/21351 
05:29:25.063967 ON flow>3552 srcPort>41743 dst>fd10:62:100::2/21352 
05:29:25.064374 CONNECT flow>3552 srcPort>41743 dst>fd10:62:100::2/21352 
05:29:25.071777 SHUTDOWN flow>3530 srcPort>37763 dst>fd10:62:100::2/21330 
05:29:25.073006 OFF flow>3530 srcPort>37763 dst>fd10:62:100::2/21330 
05:29:25.100452 ON flow>3553 srcPort>37299 dst>fd10:62:100::2/21353 
05:29:25.100827 CONNECT flow>3553 srcPort>37299 dst>fd10:62:100::2/21353 
05:29:25.137227 ON flow>3554 srcPort>36399 dst>fd10:62:100::2/21354 
05:29:25.137918 CONNECT flow>3554 srcPort>36399 dst>fd10:62:100::2/21354 
05:29:25.318495 ON flow>3555 srcPort>43619 dst>fd10:62:100::2/21355 
05:29:25.318859 CONNECT flow>3555 srcPort>43619 dst>fd10:62:100::2/21355 
05:29:25.351546 ON flow>3556 srcPort>46845 dst>fd10:62:100::2/21356 
05:29:25.351909 CONNECT flow>3556 srcPort>46845 dst>fd10:62:100::2/21356 
05:29:25.377728 ON flow>3557 srcPort>45907 dst>fd10:62:100::2/21357 
05:29:25.378063 CONNECT flow>3557 srcPort>45907 dst>fd10:62:100::2/21357 
05:29:25.608681 SHUTDOWN flow>3531 srcPort>41415 dst>fd10:62:100::2/21331 
05:29:25.609294 OFF flow>3531 srcPort>41415 dst>fd10:62:100::2/21331 
05:29:25.614621 SHUTDOWN flow>3532 srcPort>39353 dst>fd10:62:100::2/21332 
05:29:25.615062 OFF flow>3532 srcPort>39353 dst>fd10:62:100::2/21332 
05:29:25.675339 SHUTDOWN flow>3533 srcPort>41741 dst>fd10:62:100::2/21333 
05:29:25.675803 OFF flow>3533 srcPort>41741 dst>fd10:62:100::2/21333 
05:29:25.695628 SHUTDOWN flow>3534 srcPort>46827 dst>fd10:62:100::2/21334 
05:29:25.696026 OFF flow>3534 srcPort>46827 dst>fd10:62:100::2/21334 
05:29:25.704125 SHUTDOWN flow>3535 srcPort>37409 dst>fd10:62:100::2/21335 
05:29:25.704701 OFF flow>3535 srcPort>37409 dst>fd10:62:100::2/21335 
05:29:25.725122 SHUTDOWN flow>3536 srcPort>36339 dst>fd10:62:100::2/21336 
05:29:25.725531 OFF flow>3536 srcPort>36339 dst>fd10:62:100::2/21336 
05:29:25.781626 SHUTDOWN flow>3537 srcPort>40535 dst>fd10:62:100::2/21337 
05:29:25.782092 OFF flow>3537 srcPort>40535 dst>fd10:62:100::2/21337 
05:29:25.814035 SHUTDOWN flow>3538 srcPort>43939 dst>fd10:62:100::2/21338 
05:29:25.814556 OFF flow>3538 srcPort>43939 dst>fd10:62:100::2/21338 
05:29:25.840931 SHUTDOWN flow>3539 srcPort>35907 dst>fd10:62:100::2/21339 
05:29:25.841427 OFF flow>3539 srcPort>35907 dst>fd10:62:100::2/21339 
05:29:25.926773 SHUTDOWN flow>3540 srcPort>35745 dst>fd10:62:100::2/21340 
05:29:25.927225 OFF flow>3540 srcPort>35745 dst>fd10:62:100::2/21340 
05:29:27.023930 SHUTDOWN flow>3541 srcPort>34985 dst>fd10:62:100::2/21341 
05:29:27.024446 OFF flow>3541 srcPort>34985 dst>fd10:62:100::2/21341 
05:29:27.144576 SHUTDOWN flow>3542 srcPort>45305 dst>fd10:62:100::2/21342 
05:29:27.145212 OFF flow>3542 srcPort>45305 dst>fd10:62:100::2/21342 
05:29:27.252138 SHUTDOWN flow>3543 srcPort>32973 dst>fd10:62:100::2/21343 
05:29:27.252532 OFF flow>3543 srcPort>32973 dst>fd10:62:100::2/21343 
05:29:27.300851 SHUTDOWN flow>3544 srcPort>36407 dst>fd10:62:100::2/21344 
05:29:27.301565 OFF flow>3544 srcPort>36407 dst>fd10:62:100::2/21344 
05:29:28.876744 ON flow>3558 srcPort>46263 dst>fd10:62:100::2/21358 
05:29:28.877214 CONNECT flow>3558 srcPort>46263 dst>fd10:62:100::2/21358 
05:29:28.881422 SHUTDOWN flow>3545 srcPort>46353 dst>fd10:62:100::2/21345 
05:29:28.882037 OFF flow>3545 srcPort>46353 dst>fd10:62:100::2/21345 
05:29:28.889134 ON flow>3559 srcPort>36057 dst>fd10:62:100::2/21359 
05:29:28.889516 CONNECT flow>3559 srcPort>36057 dst>fd10:62:100::2/21359 
05:29:28.971618 SHUTDOWN flow>3546 srcPort>35023 dst>fd10:62:100::2/21346 
05:29:28.972071 OFF flow>3546 srcPort>35023 dst>fd10:62:100::2/21346 
05:29:29.079122 SHUTDOWN flow>3547 srcPort>35353 dst>fd10:62:100::2/21347 
05:29:29.079633 OFF flow>3547 srcPort>35353 dst>fd10:62:100::2/21347 
05:29:29.174318 ON flow>3560 srcPort>42531 dst>fd10:62:100::2/21360 
05:29:29.174919 CONNECT flow>3560 srcPort>42531 dst>fd10:62:100::2/21360 
05:29:29.254852 ON flow>3561 srcPort>41829 dst>fd10:62:100::2/21361 
05:29:29.255178 CONNECT flow>3561 srcPort>41829 dst>fd10:62:100::2/21361 
05:29:29.738874 SHUTDOWN flow>3548 srcPort>34711 dst>fd10:62:100::2/21348 
05:29:29.739489 OFF flow>3548 srcPort>34711 dst>fd10:62:100::2/21348 
05:29:29.750502 SHUTDOWN flow>3549 srcPort>33973 dst>fd10:62:100::2/21349 
05:29:29.750943 OFF flow>3549 srcPort>33973 dst>fd10:62:100::2/21349 
05:29:29.806029 SHUTDOWN flow>3550 srcPort>43743 dst>fd10:62:100::2/21350 
05:29:29.806496 OFF flow>3550 srcPort>43743 dst>fd10:62:100::2/21350 
05:29:29.808823 SHUTDOWN flow>3551 srcPort>37907 dst>fd10:62:100::2/21351 
05:29:29.809215 OFF flow>3551 srcPort>37907 dst>fd10:62:100::2/21351 
05:29:29.863809 SHUTDOWN flow>3552 srcPort>41743 dst>fd10:62:100::2/21352 
05:29:29.864370 OFF flow>3552 srcPort>41743 dst>fd10:62:100::2/21352 
05:29:29.900348 SHUTDOWN flow>3553 srcPort>37299 dst>fd10:62:100::2/21353 
05:29:29.900795 OFF flow>3553 srcPort>37299 dst>fd10:62:100::2/21353 
05:29:29.937008 SHUTDOWN flow>3554 srcPort>36399 dst>fd10:62:100::2/21354 
05:29:29.937468 OFF flow>3554 srcPort>36399 dst>fd10:62:100::2/21354 
05:29:29.945222 ON flow>3562 srcPort>40129 dst>fd10:62:100::2/21362 
05:29:29.945613 CONNECT flow>3562 srcPort>40129 dst>fd10:62:100::2/21362 
05:29:29.956840 ON flow>3563 srcPort>43789 dst>fd10:62:100::2/21363 
05:29:29.957216 CONNECT flow>3563 srcPort>43789 dst>fd10:62:100::2/21363 
05:29:30.118249 SHUTDOWN flow>3555 srcPort>43619 dst>fd10:62:100::2/21355 
05:29:30.118705 OFF flow>3555 srcPort>43619 dst>fd10:62:100::2/21355 
05:29:30.151441 SHUTDOWN flow>3556 srcPort>46845 dst>fd10:62:100::2/21356 
05:29:30.152223 OFF flow>3556 srcPort>46845 dst>fd10:62:100::2/21356 
05:29:30.177644 SHUTDOWN flow>3557 srcPort>45907 dst>fd10:62:100::2/21357 
05:29:30.178331 OFF flow>3557 srcPort>45907 dst>fd10:62:100::2/21357 
05:29:30.557065 ON flow>3564 srcPort>40391 dst>fd10:62:100::2/21364 
05:29:30.557524 CONNECT flow>3564 srcPort>40391 dst>fd10:62:100::2/21364 
05:29:30.627988 ON flow>3565 srcPort>36859 dst>fd10:62:100::2/21365 
05:29:30.628364 CONNECT flow>3565 srcPort>36859 dst>fd10:62:100::2/21365 
05:29:31.208629 ON flow>3566 srcPort>39837 dst>fd10:62:100::2/21366 
05:29:31.208979 CONNECT flow>3566 srcPort>39837 dst>fd10:62:100::2/21366 
05:29:31.259126 ON flow>3567 srcPort>45199 dst>fd10:62:100::2/21367 
05:29:31.259513 CONNECT flow>3567 srcPort>45199 dst>fd10:62:100::2/21367 
05:29:31.265738 ON flow>3568 srcPort>39329 dst>fd10:62:100::2/21368 
05:29:31.266123 CONNECT flow>3568 srcPort>39329 dst>fd10:62:100::2/21368 
05:29:31.310458 ON flow>3569 srcPort>46875 dst>fd10:62:100::2/21369 
05:29:31.310805 CONNECT flow>3569 srcPort>46875 dst>fd10:62:100::2/21369 
05:29:31.358851 ON flow>3570 srcPort>33951 dst>fd10:62:100::2/21370 
05:29:31.359184 CONNECT flow>3570 srcPort>33951 dst>fd10:62:100::2/21370 
05:29:31.364644 ON flow>3571 srcPort>33373 dst>fd10:62:100::2/21371 
05:29:31.365189 CONNECT flow>3571 srcPort>33373 dst>fd10:62:100::2/21371 
05:29:31.593461 ON flow>3572 srcPort>37557 dst>fd10:62:100::2/21372 
05:29:31.593841 CONNECT flow>3572 srcPort>37557 dst>fd10:62:100::2/21372 
05:29:31.616704 ON flow>3573 srcPort>40907 dst>fd10:62:100::2/21373 
05:29:31.617186 CONNECT flow>3573 srcPort>40907 dst>fd10:62:100::2/21373 
05:29:31.639591 ON flow>3574 srcPort>34825 dst>fd10:62:100::2/21374 
05:29:31.640185 CONNECT flow>3574 srcPort>34825 dst>fd10:62:100::2/21374 
05:29:33.576885 ON flow>3575 srcPort>34443 dst>fd10:62:100::2/21375 
05:29:33.577333 CONNECT flow>3575 srcPort>34443 dst>fd10:62:100::2/21375 
05:29:33.676530 SHUTDOWN flow>3558 srcPort>46263 dst>fd10:62:100::2/21358 
05:29:33.677030 OFF flow>3558 srcPort>46263 dst>fd10:62:100::2/21358 
05:29:33.689025 SHUTDOWN flow>3559 srcPort>36057 dst>fd10:62:100::2/21359 
05:29:33.689462 OFF flow>3559 srcPort>36057 dst>fd10:62:100::2/21359 
05:29:33.902156 ON flow>3576 srcPort>41553 dst>fd10:62:100::2/21376 
05:29:33.902506 CONNECT flow>3576 srcPort>41553 dst>fd10:62:100::2/21376 
05:29:33.974134 SHUTDOWN flow>3560 srcPort>42531 dst>fd10:62:100::2/21360 
05:29:33.974600 OFF flow>3560 srcPort>42531 dst>fd10:62:100::2/21360 
05:29:33.994974 ON flow>3577 srcPort>39861 dst>fd10:62:100::2/21377 
05:29:33.995310 CONNECT flow>3577 srcPort>39861 dst>fd10:62:100::2/21377 
05:29:34.039345 ON flow>3578 srcPort>38143 dst>fd10:62:100::2/21378 
05:29:34.039726 CONNECT flow>3578 srcPort>38143 dst>fd10:62:100::2/21378 
05:29:34.054749 SHUTDOWN flow>3561 srcPort>41829 dst>fd10:62:100::2/21361 
05:29:34.055167 OFF flow>3561 srcPort>41829 dst>fd10:62:100::2/21361 
05:29:34.205753 ON flow>3579 srcPort>40459 dst>fd10:62:100::2/21379 
05:29:34.206131 CONNECT flow>3579 srcPort>40459 dst>fd10:62:100::2/21379 
05:29:34.745046 SHUTDOWN flow>3562 srcPort>40129 dst>fd10:62:100::2/21362 
05:29:34.745507 OFF flow>3562 srcPort>40129 dst>fd10:62:100::2/21362 
05:29:34.756726 SHUTDOWN flow>3563 srcPort>43789 dst>fd10:62:100::2/21363 
05:29:34.757262 OFF flow>3563 srcPort>43789 dst>fd10:62:100::2/21363 
05:29:35.356959 SHUTDOWN flow>3564 srcPort>40391 dst>fd10:62:100::2/21364 
05:29:35.357540 OFF flow>3564 srcPort>40391 dst>fd10:62:100::2/21364 
05:29:35.427893 SHUTDOWN flow>3565 srcPort>36859 dst>fd10:62:100::2/21365 
05:29:35.428353 OFF flow>3565 srcPort>36859 dst>fd10:62:100::2/21365 
05:29:35.811957 ON flow>3580 srcPort>40671 dst>fd10:62:100::2/21380 
05:29:35.812544 CONNECT flow>3580 srcPort>40671 dst>fd10:62:100::2/21380 
05:29:36.008687 SHUTDOWN flow>3566 srcPort>39837 dst>fd10:62:100::2/21366 
05:29:36.009268 OFF flow>3566 srcPort>39837 dst>fd10:62:100::2/21366 
05:29:36.010013 ON flow>3581 srcPort>41727 dst>fd10:62:100::2/21381 
05:29:36.010328 CONNECT flow>3581 srcPort>41727 dst>fd10:62:100::2/21381 
05:29:36.011270 ON flow>3582 srcPort>34573 dst>fd10:62:100::2/21382 
05:29:36.011768 CONNECT flow>3582 srcPort>34573 dst>fd10:62:100::2/21382 
05:29:36.042377 ON flow>3583 srcPort>37687 dst>fd10:62:100::2/21383 
05:29:36.042721 CONNECT flow>3583 srcPort>37687 dst>fd10:62:100::2/21383 
05:29:36.058996 SHUTDOWN flow>3567 srcPort>45199 dst>fd10:62:100::2/21367 
05:29:36.060047 OFF flow>3567 srcPort>45199 dst>fd10:62:100::2/21367 
05:29:36.065495 SHUTDOWN flow>3568 srcPort>39329 dst>fd10:62:100::2/21368 
05:29:36.066002 OFF flow>3568 srcPort>39329 dst>fd10:62:100::2/21368 
05:29:36.110396 SHUTDOWN flow>3569 srcPort>46875 dst>fd10:62:100::2/21369 
05:29:36.110885 OFF flow>3569 srcPort>46875 dst>fd10:62:100::2/21369 
05:29:36.159162 SHUTDOWN flow>3570 srcPort>33951 dst>fd10:62:100::2/21370 
05:29:36.159613 OFF flow>3570 srcPort>33951 dst>fd10:62:100::2/21370 
05:29:36.164398 SHUTDOWN flow>3571 srcPort>33373 dst>fd10:62:100::2/21371 
05:29:36.164781 OFF flow>3571 srcPort>33373 dst>fd10:62:100::2/21371 
05:29:36.393331 SHUTDOWN flow>3572 srcPort>37557 dst>fd10:62:100::2/21372 
05:29:36.393886 OFF flow>3572 srcPort>37557 dst>fd10:62:100::2/21372 
05:29:36.416827 SHUTDOWN flow>3573 srcPort>40907 dst>fd10:62:100::2/21373 
05:29:36.417327 OFF flow>3573 srcPort>40907 dst>fd10:62:100::2/21373 
05:29:36.439508 SHUTDOWN flow>3574 srcPort>34825 dst>fd10:62:100::2/21374 
05:29:36.439963 OFF flow>3574 srcPort>34825 dst>fd10:62:100::2/21374 
05:29:36.498113 ON flow>3584 srcPort>38161 dst>fd10:62:100::2/21384 
05:29:36.498555 CONNECT flow>3584 srcPort>38161 dst>fd10:62:100::2/21384 
05:29:36.529172 ON flow>3585 srcPort>33635 dst>fd10:62:100::2/21385 
05:29:36.530383 CONNECT flow>3585 srcPort>33635 dst>fd10:62:100::2/21385 
05:29:36.610883 ON flow>3586 srcPort>39511 dst>fd10:62:100::2/21386 
05:29:36.611176 CONNECT flow>3586 srcPort>39511 dst>fd10:62:100::2/21386 
05:29:37.822384 ON flow>3587 srcPort>40247 dst>fd10:62:100::2/21387 
05:29:37.822665 CONNECT flow>3587 srcPort>40247 dst>fd10:62:100::2/21387 
05:29:37.829829 ON flow>3588 srcPort>44809 dst>fd10:62:100::2/21388 
05:29:37.830502 CONNECT flow>3588 srcPort>44809 dst>fd10:62:100::2/21388 
05:29:37.980388 ON flow>3589 srcPort>34081 dst>fd10:62:100::2/21389 
05:29:37.980751 CONNECT flow>3589 srcPort>34081 dst>fd10:62:100::2/21389 
05:29:38.003322 ON flow>3590 srcPort>33053 dst>fd10:62:100::2/21390 
05:29:38.003634 CONNECT flow>3590 srcPort>33053 dst>fd10:62:100::2/21390 
05:29:38.171988 ON flow>3591 srcPort>34465 dst>fd10:62:100::2/21391 
05:29:38.172366 CONNECT flow>3591 srcPort>34465 dst>fd10:62:100::2/21391 
05:29:38.226048 ON flow>3592 srcPort>44001 dst>fd10:62:100::2/21392 
05:29:38.227057 CONNECT flow>3592 srcPort>44001 dst>fd10:62:100::2/21392 
05:29:38.376699 SHUTDOWN flow>3575 srcPort>34443 dst>fd10:62:100::2/21375 
05:29:38.377500 OFF flow>3575 srcPort>34443 dst>fd10:62:100::2/21375 
05:29:38.702037 SHUTDOWN flow>3576 srcPort>41553 dst>fd10:62:100::2/21376 
05:29:38.702622 OFF flow>3576 srcPort>41553 dst>fd10:62:100::2/21376 
05:29:38.794635 SHUTDOWN flow>3577 srcPort>39861 dst>fd10:62:100::2/21377 
05:29:38.795213 OFF flow>3577 srcPort>39861 dst>fd10:62:100::2/21377 
05:29:38.839253 SHUTDOWN flow>3578 srcPort>38143 dst>fd10:62:100::2/21378 
05:29:38.839679 OFF flow>3578 srcPort>38143 dst>fd10:62:100::2/21378 
05:29:39.005634 SHUTDOWN flow>3579 srcPort>40459 dst>fd10:62:100::2/21379 
05:29:39.006012 OFF flow>3579 srcPort>40459 dst>fd10:62:100::2/21379 
05:29:39.262342 ON flow>3593 srcPort>37255 dst>fd10:62:100::2/21393 
05:29:39.262688 CONNECT flow>3593 srcPort>37255 dst>fd10:62:100::2/21393 
05:29:39.271761 ON flow>3594 srcPort>46483 dst>fd10:62:100::2/21394 
05:29:39.272101 CONNECT flow>3594 srcPort>46483 dst>fd10:62:100::2/21394 
05:29:39.428701 ON flow>3595 srcPort>41997 dst>fd10:62:100::2/21395 
05:29:39.429102 CONNECT flow>3595 srcPort>41997 dst>fd10:62:100::2/21395 
05:29:39.433932 ON flow>3596 srcPort>46749 dst>fd10:62:100::2/21396 
05:29:39.434310 CONNECT flow>3596 srcPort>46749 dst>fd10:62:100::2/21396 
05:29:39.476007 ON flow>3597 srcPort>36781 dst>fd10:62:100::2/21397 
05:29:39.476420 CONNECT flow>3597 srcPort>36781 dst>fd10:62:100::2/21397 
05:29:39.486003 ON flow>3598 srcPort>35889 dst>fd10:62:100::2/21398 
05:29:39.486376 CONNECT flow>3598 srcPort>35889 dst>fd10:62:100::2/21398 
05:29:39.504810 ON flow>3599 srcPort>44879 dst>fd10:62:100::2/21399 
05:29:39.505159 CONNECT flow>3599 srcPort>44879 dst>fd10:62:100::2/21399 
05:29:39.519274 ON flow>3600 srcPort>37033 dst>fd10:62:100::2/21400 
05:29:39.520420 CONNECT flow>3600 srcPort>37033 dst>fd10:62:100::2/21400 
05:29:39.887247 ON flow>3601 srcPort>39715 dst>fd10:62:100::2/21401 
05:29:39.887648 CONNECT flow>3601 srcPort>39715 dst>fd10:62:100::2/21401 
05:29:40.005434 ON flow>3602 srcPort>41705 dst>fd10:62:100::2/21402 
05:29:40.005839 CONNECT flow>3602 srcPort>41705 dst>fd10:62:100::2/21402 
05:29:40.141191 ON flow>3603 srcPort>44887 dst>fd10:62:100::2/21403 
05:29:40.141542 CONNECT flow>3603 srcPort>44887 dst>fd10:62:100::2/21403 
05:29:40.166259 ON flow>3604 srcPort>34615 dst>fd10:62:100::2/21404 
05:29:40.166600 CONNECT flow>3604 srcPort>34615 dst>fd10:62:100::2/21404 
05:29:40.182467 ON flow>3605 srcPort>46207 dst>fd10:62:100::2/21405 
05:29:40.182797 CONNECT flow>3605 srcPort>46207 dst>fd10:62:100::2/21405 
05:29:40.201883 ON flow>3606 srcPort>39223 dst>fd10:62:100::2/21406 
05:29:40.202280 CONNECT flow>3606 srcPort>39223 dst>fd10:62:100::2/21406 
05:29:40.263158 ON flow>3607 srcPort>33651 dst>fd10:62:100::2/21407 
05:29:40.263495 CONNECT flow>3607 srcPort>33651 dst>fd10:62:100::2/21407 
05:29:40.336364 ON flow>3608 srcPort>44101 dst>fd10:62:100::2/21408 
05:29:40.336752 CONNECT flow>3608 srcPort>44101 dst>fd10:62:100::2/21408 
05:29:40.611740 SHUTDOWN flow>3580 srcPort>40671 dst>fd10:62:100::2/21380 
05:29:40.612213 OFF flow>3580 srcPort>40671 dst>fd10:62:100::2/21380 
05:29:40.754425 ON flow>3609 srcPort>32897 dst>fd10:62:100::2/21409 
05:29:40.754844 CONNECT flow>3609 srcPort>32897 dst>fd10:62:100::2/21409 
05:29:40.809857 SHUTDOWN flow>3581 srcPort>41727 dst>fd10:62:100::2/21381 
05:29:40.810839 OFF flow>3581 srcPort>41727 dst>fd10:62:100::2/21381 
05:29:40.811165 SHUTDOWN flow>3582 srcPort>34573 dst>fd10:62:100::2/21382 
05:29:40.811965 OFF flow>3582 srcPort>34573 dst>fd10:62:100::2/21382 
05:29:40.842263 SHUTDOWN flow>3583 srcPort>37687 dst>fd10:62:100::2/21383 
05:29:40.842634 OFF flow>3583 srcPort>37687 dst>fd10:62:100::2/21383 
05:29:40.964686 ON flow>3610 srcPort>43503 dst>fd10:62:100::2/21410 
05:29:40.965019 CONNECT flow>3610 srcPort>43503 dst>fd10:62:100::2/21410 
05:29:41.036876 ON flow>3611 srcPort>42925 dst>fd10:62:100::2/21411 
05:29:41.037534 CONNECT flow>3611 srcPort>42925 dst>fd10:62:100::2/21411 
05:29:41.125943 ON flow>3612 srcPort>37753 dst>fd10:62:100::2/21412 
05:29:41.126378 CONNECT flow>3612 srcPort>37753 dst>fd10:62:100::2/21412 
05:29:41.131704 ON flow>3613 srcPort>34093 dst>fd10:62:100::2/21413 
05:29:41.132366 CONNECT flow>3613 srcPort>34093 dst>fd10:62:100::2/21413 
05:29:41.182804 ON flow>3614 srcPort>40769 dst>fd10:62:100::2/21414 
05:29:41.183191 CONNECT flow>3614 srcPort>40769 dst>fd10:62:100::2/21414 
05:29:41.297637 SHUTDOWN flow>3584 srcPort>38161 dst>fd10:62:100::2/21384 
05:29:41.298059 OFF flow>3584 srcPort>38161 dst>fd10:62:100::2/21384 
05:29:41.308386 ON flow>3615 srcPort>43311 dst>fd10:62:100::2/21415 
05:29:41.308690 CONNECT flow>3615 srcPort>43311 dst>fd10:62:100::2/21415 
05:29:41.329011 SHUTDOWN flow>3585 srcPort>33635 dst>fd10:62:100::2/21385 
05:29:41.329363 OFF flow>3585 srcPort>33635 dst>fd10:62:100::2/21385 
05:29:41.410740 SHUTDOWN flow>3586 srcPort>39511 dst>fd10:62:100::2/21386 
05:29:41.411167 OFF flow>3586 srcPort>39511 dst>fd10:62:100::2/21386 
05:29:41.635081 ON flow>3616 srcPort>44669 dst>fd10:62:100::2/21416 
05:29:41.635407 CONNECT flow>3616 srcPort>44669 dst>fd10:62:100::2/21416 
05:29:41.740414 ON flow>3617 srcPort>45885 dst>fd10:62:100::2/21417 
05:29:41.740864 CONNECT flow>3617 srcPort>45885 dst>fd10:62:100::2/21417 
05:29:41.809039 ON flow>3618 srcPort>34549 dst>fd10:62:100::2/21418 
05:29:41.809457 CONNECT flow>3618 srcPort>34549 dst>fd10:62:100::2/21418 
05:29:42.299968 ON flow>3619 srcPort>45845 dst>fd10:62:100::2/21419 
05:29:42.300312 CONNECT flow>3619 srcPort>45845 dst>fd10:62:100::2/21419 
05:29:42.384264 ON flow>3620 srcPort>40281 dst>fd10:62:100::2/21420 
05:29:42.384716 CONNECT flow>3620 srcPort>40281 dst>fd10:62:100::2/21420 
05:29:42.481321 ON flow>3621 srcPort>39025 dst>fd10:62:100::2/21421 
05:29:42.481687 CONNECT flow>3621 srcPort>39025 dst>fd10:62:100::2/21421 
05:29:42.622140 SHUTDOWN flow>3587 srcPort>40247 dst>fd10:62:100::2/21387 
05:29:42.622670 OFF flow>3587 srcPort>40247 dst>fd10:62:100::2/21387 
05:29:42.629441 SHUTDOWN flow>3588 srcPort>44809 dst>fd10:62:100::2/21388 
05:29:42.629907 OFF flow>3588 srcPort>44809 dst>fd10:62:100::2/21388 
05:29:42.654159 ON flow>3622 srcPort>34713 dst>fd10:62:100::2/21422 
05:29:42.654816 CONNECT flow>3622 srcPort>34713 dst>fd10:62:100::2/21422 
05:29:42.780151 SHUTDOWN flow>3589 srcPort>34081 dst>fd10:62:100::2/21389 
05:29:42.780587 OFF flow>3589 srcPort>34081 dst>fd10:62:100::2/21389 
05:29:42.803258 SHUTDOWN flow>3590 srcPort>33053 dst>fd10:62:100::2/21390 
05:29:42.803728 OFF flow>3590 srcPort>33053 dst>fd10:62:100::2/21390 
05:29:42.971871 SHUTDOWN flow>3591 srcPort>34465 dst>fd10:62:100::2/21391 
05:29:42.972421 OFF flow>3591 srcPort>34465 dst>fd10:62:100::2/21391 
05:29:43.025951 SHUTDOWN flow>3592 srcPort>44001 dst>fd10:62:100::2/21392 
05:29:43.026463 OFF flow>3592 srcPort>44001 dst>fd10:62:100::2/21392 
05:29:43.138020 ON flow>3623 srcPort>39343 dst>fd10:62:100::2/21423 
05:29:43.138365 CONNECT flow>3623 srcPort>39343 dst>fd10:62:100::2/21423 
05:29:43.292314 ON flow>3624 srcPort>43841 dst>fd10:62:100::2/21424 
05:29:43.292704 CONNECT flow>3624 srcPort>43841 dst>fd10:62:100::2/21424 
05:29:43.322282 ON flow>3625 srcPort>36885 dst>fd10:62:100::2/21425 
05:29:43.322753 CONNECT flow>3625 srcPort>36885 dst>fd10:62:100::2/21425 
05:29:43.574155 ON flow>3626 srcPort>37709 dst>fd10:62:100::2/21426 
05:29:43.574487 CONNECT flow>3626 srcPort>37709 dst>fd10:62:100::2/21426 
05:29:43.623549 ON flow>3627 srcPort>44277 dst>fd10:62:100::2/21427 
05:29:43.623963 CONNECT flow>3627 srcPort>44277 dst>fd10:62:100::2/21427 
05:29:43.638476 ON flow>3628 srcPort>35175 dst>fd10:62:100::2/21428 
05:29:43.638925 CONNECT flow>3628 srcPort>35175 dst>fd10:62:100::2/21428 
05:29:43.689360 ON flow>3629 srcPort>39179 dst>fd10:62:100::2/21429 
05:29:43.689702 CONNECT flow>3629 srcPort>39179 dst>fd10:62:100::2/21429 
05:29:43.743064 ON flow>3630 srcPort>40643 dst>fd10:62:100::2/21430 
05:29:43.743481 CONNECT flow>3630 srcPort>40643 dst>fd10:62:100::2/21430 
05:29:43.744467 ON flow>3631 srcPort>37949 dst>fd10:62:100::2/21431 
05:29:43.744831 CONNECT flow>3631 srcPort>37949 dst>fd10:62:100::2/21431 
05:29:43.847081 ON flow>3632 srcPort>45577 dst>fd10:62:100::2/21432 
05:29:43.847904 CONNECT flow>3632 srcPort>45577 dst>fd10:62:100::2/21432 
05:29:43.856363 ON flow>3633 srcPort>38885 dst>fd10:62:100::2/21433 
05:29:43.856706 CONNECT flow>3633 srcPort>38885 dst>fd10:62:100::2/21433 
05:29:44.013014 ON flow>3634 srcPort>43739 dst>fd10:62:100::2/21434 
05:29:44.013485 CONNECT flow>3634 srcPort>43739 dst>fd10:62:100::2/21434 
05:29:44.042503 ON flow>3635 srcPort>40093 dst>fd10:62:100::2/21435 
05:29:44.042902 CONNECT flow>3635 srcPort>40093 dst>fd10:62:100::2/21435 
05:29:44.062198 SHUTDOWN flow>3593 srcPort>37255 dst>fd10:62:100::2/21393 
05:29:44.062744 OFF flow>3593 srcPort>37255 dst>fd10:62:100::2/21393 
05:29:44.071685 SHUTDOWN flow>3594 srcPort>46483 dst>fd10:62:100::2/21394 
05:29:44.072090 OFF flow>3594 srcPort>46483 dst>fd10:62:100::2/21394 
05:29:44.127297 ON flow>3636 srcPort>44421 dst>fd10:62:100::2/21436 
05:29:44.127658 CONNECT flow>3636 srcPort>44421 dst>fd10:62:100::2/21436 
05:29:44.228543 SHUTDOWN flow>3595 srcPort>41997 dst>fd10:62:100::2/21395 
05:29:44.228939 OFF flow>3595 srcPort>41997 dst>fd10:62:100::2/21395 
05:29:44.233841 SHUTDOWN flow>3596 srcPort>46749 dst>fd10:62:100::2/21396 
05:29:44.234288 OFF flow>3596 srcPort>46749 dst>fd10:62:100::2/21396 
05:29:44.275950 SHUTDOWN flow>3597 srcPort>36781 dst>fd10:62:100::2/21397 
05:29:44.276339 OFF flow>3597 srcPort>36781 dst>fd10:62:100::2/21397 
05:29:44.285936 SHUTDOWN flow>3598 srcPort>35889 dst>fd10:62:100::2/21398 
05:29:44.286342 OFF flow>3598 srcPort>35889 dst>fd10:62:100::2/21398 
05:29:44.304744 SHUTDOWN flow>3599 srcPort>44879 dst>fd10:62:100::2/21399 
05:29:44.305157 OFF flow>3599 srcPort>44879 dst>fd10:62:100::2/21399 
05:29:44.319143 SHUTDOWN flow>3600 srcPort>37033 dst>fd10:62:100::2/21400 
05:29:44.319688 OFF flow>3600 srcPort>37033 dst>fd10:62:100::2/21400 
05:29:44.330383 ON flow>3637 srcPort>39049 dst>fd10:62:100::2/21437 
05:29:44.330683 CONNECT flow>3637 srcPort>39049 dst>fd10:62:100::2/21437 
05:29:44.398658 ON flow>3638 srcPort>38415 dst>fd10:62:100::2/21438 
05:29:44.399287 CONNECT flow>3638 srcPort>38415 dst>fd10:62:100::2/21438 
05:29:44.429594 ON flow>3639 srcPort>33753 dst>fd10:62:100::2/21439 
05:29:44.429928 CONNECT flow>3639 srcPort>33753 dst>fd10:62:100::2/21439 
05:29:44.687065 SHUTDOWN flow>3601 srcPort>39715 dst>fd10:62:100::2/21401 
05:29:44.687568 OFF flow>3601 srcPort>39715 dst>fd10:62:100::2/21401 
05:29:44.804346 SHUTDOWN flow>3602 srcPort>41705 dst>fd10:62:100::2/21402 
05:29:44.804782 OFF flow>3602 srcPort>41705 dst>fd10:62:100::2/21402 
05:29:44.940775 SHUTDOWN flow>3603 srcPort>44887 dst>fd10:62:100::2/21403 
05:29:44.941300 OFF flow>3603 srcPort>44887 dst>fd10:62:100::2/21403 
05:29:44.966146 SHUTDOWN flow>3604 srcPort>34615 dst>fd10:62:100::2/21404 
05:29:44.966553 OFF flow>3604 srcPort>34615 dst>fd10:62:100::2/21404 
05:29:44.982256 SHUTDOWN flow>3605 srcPort>46207 dst>fd10:62:100::2/21405 
05:29:44.982612 OFF flow>3605 srcPort>46207 dst>fd10:62:100::2/21405 
05:29:45.001470 SHUTDOWN flow>3606 srcPort>39223 dst>fd10:62:100::2/21406 
05:29:45.001865 OFF flow>3606 srcPort>39223 dst>fd10:62:100::2/21406 
05:29:45.063041 SHUTDOWN flow>3607 srcPort>33651 dst>fd10:62:100::2/21407 
05:29:45.063623 OFF flow>3607 srcPort>33651 dst>fd10:62:100::2/21407 
05:29:45.136274 SHUTDOWN flow>3608 srcPort>44101 dst>fd10:62:100::2/21408 
05:29:45.136706 OFF flow>3608 srcPort>44101 dst>fd10:62:100::2/21408 
05:29:45.387831 ON flow>3640 srcPort>38979 dst>fd10:62:100::2/21440 
05:29:45.388215 CONNECT flow>3640 srcPort>38979 dst>fd10:62:100::2/21440 
05:29:45.394020 ON flow>3641 srcPort>36721 dst>fd10:62:100::2/21441 
05:29:45.394360 CONNECT flow>3641 srcPort>36721 dst>fd10:62:100::2/21441 
05:29:45.501970 ON flow>3642 srcPort>36243 dst>fd10:62:100::2/21442 
05:29:45.502900 CONNECT flow>3642 srcPort>36243 dst>fd10:62:100::2/21442 
05:29:45.553981 SHUTDOWN flow>3609 srcPort>32897 dst>fd10:62:100::2/21409 
05:29:45.554639 OFF flow>3609 srcPort>32897 dst>fd10:62:100::2/21409 
05:29:45.645442 ON flow>3643 srcPort>45711 dst>fd10:62:100::2/21443 
05:29:45.645773 CONNECT flow>3643 srcPort>45711 dst>fd10:62:100::2/21443 
05:29:45.712253 ON flow>3644 srcPort>35221 dst>fd10:62:100::2/21444 
05:29:45.712542 CONNECT flow>3644 srcPort>35221 dst>fd10:62:100::2/21444 
05:29:45.764390 SHUTDOWN flow>3610 srcPort>43503 dst>fd10:62:100::2/21410 
05:29:45.764800 OFF flow>3610 srcPort>43503 dst>fd10:62:100::2/21410 
05:29:45.836682 SHUTDOWN flow>3611 srcPort>42925 dst>fd10:62:100::2/21411 
05:29:45.837277 OFF flow>3611 srcPort>42925 dst>fd10:62:100::2/21411 
05:29:45.925812 SHUTDOWN flow>3612 srcPort>37753 dst>fd10:62:100::2/21412 
05:29:45.926204 OFF flow>3612 srcPort>37753 dst>fd10:62:100::2/21412 
05:29:45.931483 SHUTDOWN flow>3613 srcPort>34093 dst>fd10:62:100::2/21413 
05:29:45.931977 OFF flow>3613 srcPort>34093 dst>fd10:62:100::2/21413 
05:29:45.982692 SHUTDOWN flow>3614 srcPort>40769 dst>fd10:62:100::2/21414 
05:29:45.983031 OFF flow>3614 srcPort>40769 dst>fd10:62:100::2/21414 
05:29:46.108306 SHUTDOWN flow>3615 srcPort>43311 dst>fd10:62:100::2/21415 
05:29:46.108712 OFF flow>3615 srcPort>43311 dst>fd10:62:100::2/21415 
05:29:46.434844 SHUTDOWN flow>3616 srcPort>44669 dst>fd10:62:100::2/21416 
05:29:46.435264 OFF flow>3616 srcPort>44669 dst>fd10:62:100::2/21416 
05:29:46.464980 ON flow>3645 srcPort>35789 dst>fd10:62:100::2/21445 
05:29:46.465319 CONNECT flow>3645 srcPort>35789 dst>fd10:62:100::2/21445 
05:29:46.465995 ON flow>3646 srcPort>35719 dst>fd10:62:100::2/21446 
05:29:46.466333 CONNECT flow>3646 srcPort>35719 dst>fd10:62:100::2/21446 
05:29:46.540254 SHUTDOWN flow>3617 srcPort>45885 dst>fd10:62:100::2/21417 
05:29:46.540647 OFF flow>3617 srcPort>45885 dst>fd10:62:100::2/21417 
05:29:46.572950 ON flow>3647 srcPort>35581 dst>fd10:62:100::2/21447 
05:29:46.573247 CONNECT flow>3647 srcPort>35581 dst>fd10:62:100::2/21447 
05:29:46.608954 SHUTDOWN flow>3618 srcPort>34549 dst>fd10:62:100::2/21418 
05:29:46.609338 OFF flow>3618 srcPort>34549 dst>fd10:62:100::2/21418 
05:29:46.684367 ON flow>3648 srcPort>36371 dst>fd10:62:100::2/21448 
05:29:46.684724 CONNECT flow>3648 srcPort>36371 dst>fd10:62:100::2/21448 
05:29:46.727191 ON flow>3649 srcPort>39915 dst>fd10:62:100::2/21449 
05:29:46.727662 CONNECT flow>3649 srcPort>39915 dst>fd10:62:100::2/21449 
05:29:46.751571 ON flow>3650 srcPort>46165 dst>fd10:62:100::2/21450 
05:29:46.751904 CONNECT flow>3650 srcPort>46165 dst>fd10:62:100::2/21450 
05:29:46.859489 ON flow>3651 srcPort>45909 dst>fd10:62:100::2/21451 
05:29:46.859842 CONNECT flow>3651 srcPort>45909 dst>fd10:62:100::2/21451 
05:29:46.863599 ON flow>3652 srcPort>45825 dst>fd10:62:100::2/21452 
05:29:46.864017 CONNECT flow>3652 srcPort>45825 dst>fd10:62:100::2/21452 
05:29:46.877681 ON flow>3653 srcPort>36035 dst>fd10:62:100::2/21453 
05:29:46.877999 CONNECT flow>3653 srcPort>36035 dst>fd10:62:100::2/21453 
05:29:46.954901 ON flow>3654 srcPort>34927 dst>fd10:62:100::2/21454 
05:29:46.955244 CONNECT flow>3654 srcPort>34927 dst>fd10:62:100::2/21454 
05:29:47.079543 ON flow>3655 srcPort>46561 dst>fd10:62:100::2/21455 
05:29:47.079886 CONNECT flow>3655 srcPort>46561 dst>fd10:62:100::2/21455 
05:29:47.099802 SHUTDOWN flow>3619 srcPort>45845 dst>fd10:62:100::2/21419 
05:29:47.100324 OFF flow>3619 srcPort>45845 dst>fd10:62:100::2/21419 
05:29:47.184173 SHUTDOWN flow>3620 srcPort>40281 dst>fd10:62:100::2/21420 
05:29:47.184614 OFF flow>3620 srcPort>40281 dst>fd10:62:100::2/21420 
05:29:47.190685 ON flow>3656 srcPort>40493 dst>fd10:62:100::2/21456 
05:29:47.191002 CONNECT flow>3656 srcPort>40493 dst>fd10:62:100::2/21456 
05:29:47.281184 SHUTDOWN flow>3621 srcPort>39025 dst>fd10:62:100::2/21421 
05:29:47.281537 OFF flow>3621 srcPort>39025 dst>fd10:62:100::2/21421 
05:29:47.454070 SHUTDOWN flow>3622 srcPort>34713 dst>fd10:62:100::2/21422 
05:29:47.454555 OFF flow>3622 srcPort>34713 dst>fd10:62:100::2/21422 
05:29:47.937879 SHUTDOWN flow>3623 srcPort>39343 dst>fd10:62:100::2/21423 
05:29:47.938303 OFF flow>3623 srcPort>39343 dst>fd10:62:100::2/21423 
05:29:48.023101 ON flow>3657 srcPort>46051 dst>fd10:62:100::2/21457 
05:29:48.023432 CONNECT flow>3657 srcPort>46051 dst>fd10:62:100::2/21457 
05:29:48.091882 SHUTDOWN flow>3624 srcPort>43841 dst>fd10:62:100::2/21424 
05:29:48.092382 OFF flow>3624 srcPort>43841 dst>fd10:62:100::2/21424 
05:29:48.122254 SHUTDOWN flow>3625 srcPort>36885 dst>fd10:62:100::2/21425 
05:29:48.122783 OFF flow>3625 srcPort>36885 dst>fd10:62:100::2/21425 
05:29:48.175202 ON flow>3658 srcPort>39657 dst>fd10:62:100::2/21458 
05:29:48.175511 CONNECT flow>3658 srcPort>39657 dst>fd10:62:100::2/21458 
05:29:48.194742 ON flow>3659 srcPort>42941 dst>fd10:62:100::2/21459 
05:29:48.195075 CONNECT flow>3659 srcPort>42941 dst>fd10:62:100::2/21459 
05:29:48.317983 ON flow>3660 srcPort>36011 dst>fd10:62:100::2/21460 
05:29:48.318351 CONNECT flow>3660 srcPort>36011 dst>fd10:62:100::2/21460 
05:29:48.373992 SHUTDOWN flow>3626 srcPort>37709 dst>fd10:62:100::2/21426 
05:29:48.374382 OFF flow>3626 srcPort>37709 dst>fd10:62:100::2/21426 
05:29:48.423505 SHUTDOWN flow>3627 srcPort>44277 dst>fd10:62:100::2/21427 
05:29:48.424058 OFF flow>3627 srcPort>44277 dst>fd10:62:100::2/21427 
05:29:48.438395 SHUTDOWN flow>3628 srcPort>35175 dst>fd10:62:100::2/21428 
05:29:48.438765 OFF flow>3628 srcPort>35175 dst>fd10:62:100::2/21428 
05:29:48.489295 SHUTDOWN flow>3629 srcPort>39179 dst>fd10:62:100::2/21429 
05:29:48.489651 OFF flow>3629 srcPort>39179 dst>fd10:62:100::2/21429 
05:29:48.543011 SHUTDOWN flow>3630 srcPort>40643 dst>fd10:62:100::2/21430 
05:29:48.543552 OFF flow>3630 srcPort>40643 dst>fd10:62:100::2/21430 
05:29:48.544404 SHUTDOWN flow>3631 srcPort>37949 dst>fd10:62:100::2/21431 
05:29:48.544737 OFF flow>3631 srcPort>37949 dst>fd10:62:100::2/21431 
05:29:48.647009 SHUTDOWN flow>3632 srcPort>45577 dst>fd10:62:100::2/21432 
05:29:48.647443 OFF flow>3632 srcPort>45577 dst>fd10:62:100::2/21432 
05:29:48.656303 SHUTDOWN flow>3633 srcPort>38885 dst>fd10:62:100::2/21433 
05:29:48.656673 OFF flow>3633 srcPort>38885 dst>fd10:62:100::2/21433 
05:29:48.812899 SHUTDOWN flow>3634 srcPort>43739 dst>fd10:62:100::2/21434 
05:29:48.813689 OFF flow>3634 srcPort>43739 dst>fd10:62:100::2/21434 
05:29:48.842408 SHUTDOWN flow>3635 srcPort>40093 dst>fd10:62:100::2/21435 
05:29:48.842865 OFF flow>3635 srcPort>40093 dst>fd10:62:100::2/21435 
05:29:48.927205 SHUTDOWN flow>3636 srcPort>44421 dst>fd10:62:100::2/21436 
05:29:48.927614 OFF flow>3636 srcPort>44421 dst>fd10:62:100::2/21436 
05:29:49.130309 SHUTDOWN flow>3637 srcPort>39049 dst>fd10:62:100::2/21437 
05:29:49.130702 OFF flow>3637 srcPort>39049 dst>fd10:62:100::2/21437 
05:29:49.198612 SHUTDOWN flow>3638 srcPort>38415 dst>fd10:62:100::2/21438 
05:29:49.198962 OFF flow>3638 srcPort>38415 dst>fd10:62:100::2/21438 
05:29:49.229505 SHUTDOWN flow>3639 srcPort>33753 dst>fd10:62:100::2/21439 
05:29:49.229903 OFF flow>3639 srcPort>33753 dst>fd10:62:100::2/21439 
05:29:50.187668 SHUTDOWN flow>3640 srcPort>38979 dst>fd10:62:100::2/21440 
05:29:50.188253 OFF flow>3640 srcPort>38979 dst>fd10:62:100::2/21440 
05:29:50.193950 SHUTDOWN flow>3641 srcPort>36721 dst>fd10:62:100::2/21441 
05:29:50.194331 OFF flow>3641 srcPort>36721 dst>fd10:62:100::2/21441 
05:29:50.301859 SHUTDOWN flow>3642 srcPort>36243 dst>fd10:62:100::2/21442 
05:29:50.302261 OFF flow>3642 srcPort>36243 dst>fd10:62:100::2/21442 
05:29:50.445361 SHUTDOWN flow>3643 srcPort>45711 dst>fd10:62:100::2/21443 
05:29:50.445830 OFF flow>3643 srcPort>45711 dst>fd10:62:100::2/21443 
05:29:50.512155 SHUTDOWN flow>3644 srcPort>35221 dst>fd10:62:100::2/21444 
05:29:50.512551 OFF flow>3644 srcPort>35221 dst>fd10:62:100::2/21444 
05:29:51.264816 SHUTDOWN flow>3645 srcPort>35789 dst>fd10:62:100::2/21445 
05:29:51.265209 OFF flow>3645 srcPort>35789 dst>fd10:62:100::2/21445 
05:29:51.265914 SHUTDOWN flow>3646 srcPort>35719 dst>fd10:62:100::2/21446 
05:29:51.266272 OFF flow>3646 srcPort>35719 dst>fd10:62:100::2/21446 
05:29:51.372825 SHUTDOWN flow>3647 srcPort>35581 dst>fd10:62:100::2/21447 
05:29:51.373280 OFF flow>3647 srcPort>35581 dst>fd10:62:100::2/21447 
05:29:51.383391 SHUTDOWN flow>3003 srcPort>41969 dst>fd10:62:100::2/20002 
05:29:51.383512 SHUTDOWN flow>3002 srcPort>36447 dst>fd10:62:100::2/20001 
05:29:51.383520 SHUTDOWN flow>3004 srcPort>35275 dst>fd10:62:100::2/20003 
05:29:51.383699 SHUTDOWN flow>3001 srcPort>44807 dst>fd10:62:100::2/20000 
05:29:51.383771 OFF flow>3003 srcPort>41969 dst>fd10:62:100::2/20002 
05:29:51.383925 OFF flow>3002 srcPort>36447 dst>fd10:62:100::2/20001 
05:29:51.383962 OFF flow>3004 srcPort>35275 dst>fd10:62:100::2/20003 
05:29:51.383988 OFF flow>3001 srcPort>44807 dst>fd10:62:100::2/20000 
05:29:51.484228 SHUTDOWN flow>3648 srcPort>36371 dst>fd10:62:100::2/21448 
05:29:51.484656 OFF flow>3648 srcPort>36371 dst>fd10:62:100::2/21448 
05:29:51.527128 SHUTDOWN flow>3649 srcPort>39915 dst>fd10:62:100::2/21449 
05:29:51.527526 OFF flow>3649 srcPort>39915 dst>fd10:62:100::2/21449 
05:29:51.551427 SHUTDOWN flow>3650 srcPort>46165 dst>fd10:62:100::2/21450 
05:29:51.551897 OFF flow>3650 srcPort>46165 dst>fd10:62:100::2/21450 
05:29:51.659428 SHUTDOWN flow>3651 srcPort>45909 dst>fd10:62:100::2/21451 
05:29:51.659806 OFF flow>3651 srcPort>45909 dst>fd10:62:100::2/21451 
05:29:51.663516 SHUTDOWN flow>3652 srcPort>45825 dst>fd10:62:100::2/21452 
05:29:51.663898 OFF flow>3652 srcPort>45825 dst>fd10:62:100::2/21452 
05:29:51.677623 SHUTDOWN flow>3653 srcPort>36035 dst>fd10:62:100::2/21453 
05:29:51.678059 OFF flow>3653 srcPort>36035 dst>fd10:62:100::2/21453 
05:29:51.754840 SHUTDOWN flow>3654 srcPort>34927 dst>fd10:62:100::2/21454 
05:29:51.755425 OFF flow>3654 srcPort>34927 dst>fd10:62:100::2/21454 
05:29:51.879329 SHUTDOWN flow>3655 srcPort>46561 dst>fd10:62:100::2/21455 
05:29:51.879689 OFF flow>3655 srcPort>46561 dst>fd10:62:100::2/21455 
05:29:51.990531 SHUTDOWN flow>3656 srcPort>40493 dst>fd10:62:100::2/21456 
05:29:51.990979 OFF flow>3656 srcPort>40493 dst>fd10:62:100::2/21456 
05:29:52.822902 SHUTDOWN flow>3657 srcPort>46051 dst>fd10:62:100::2/21457 
05:29:52.823395 OFF flow>3657 srcPort>46051 dst>fd10:62:100::2/21457 
05:29:52.975006 SHUTDOWN flow>3658 srcPort>39657 dst>fd10:62:100::2/21458 
05:29:52.975494 OFF flow>3658 srcPort>39657 dst>fd10:62:100::2/21458 
05:29:52.994605 SHUTDOWN flow>3659 srcPort>42941 dst>fd10:62:100::2/21459 
05:29:52.995090 OFF flow>3659 srcPort>42941 dst>fd10:62:100::2/21459 
05:29:53.117918 SHUTDOWN flow>3660 srcPort>36011 dst>fd10:62:100::2/21460 
05:29:53.118374 OFF flow>3660 srcPort>36011 dst>fd10:62:100::2/21460 
05:29:53.118428 STOP
