05:40:22.047372 START Mgen Version 5.1.1
05:40:27.339021 ON flow>4207 srcPort>36345 dst>fd10:23:100::2/21007 
05:40:27.339385 CONNECT flow>4207 srcPort>36345 dst>fd10:23:100::2/21007 
05:40:27.650482 ON flow>4215 srcPort>43861 dst>fd10:23:100::2/21015 
05:40:27.650819 CONNECT flow>4215 srcPort>43861 dst>fd10:23:100::2/21015 
05:40:27.792991 ON flow>4223 srcPort>46371 dst>fd10:23:100::2/21023 
05:40:27.793385 CONNECT flow>4223 srcPort>46371 dst>fd10:23:100::2/21023 
05:40:27.843699 ON flow>4231 srcPort>33229 dst>fd10:23:100::2/21031 
05:40:27.844081 CONNECT flow>4231 srcPort>33229 dst>fd10:23:100::2/21031 
05:40:27.919589 ON flow>4239 srcPort>40541 dst>fd10:23:100::2/21039 
05:40:27.919949 CONNECT flow>4239 srcPort>40541 dst>fd10:23:100::2/21039 
05:40:27.948069 ON flow>4247 srcPort>36699 dst>fd10:23:100::2/21047 
05:40:27.948486 CONNECT flow>4247 srcPort>36699 dst>fd10:23:100::2/21047 
05:40:28.008602 ON flow>4255 srcPort>39431 dst>fd10:23:100::2/21055 
05:40:28.009195 CONNECT flow>4255 srcPort>39431 dst>fd10:23:100::2/21055 
05:40:28.147202 ON flow>4263 srcPort>43847 dst>fd10:23:100::2/21063 
05:40:28.147584 CONNECT flow>4263 srcPort>43847 dst>fd10:23:100::2/21063 
05:40:28.234530 ON flow>4271 srcPort>39507 dst>fd10:23:100::2/21071 
05:40:28.234858 CONNECT flow>4271 srcPort>39507 dst>fd10:23:100::2/21071 
05:40:28.293880 ON flow>4279 srcPort>42517 dst>fd10:23:100::2/21079 
05:40:28.294241 CONNECT flow>4279 srcPort>42517 dst>fd10:23:100::2/21079 
05:40:28.398583 ON flow>4287 srcPort>33945 dst>fd10:23:100::2/21087 
05:40:28.399339 CONNECT flow>4287 srcPort>33945 dst>fd10:23:100::2/21087 
05:40:28.476382 ON flow>4295 srcPort>39735 dst>fd10:23:100::2/21095 
05:40:28.476809 CONNECT flow>4295 srcPort>39735 dst>fd10:23:100::2/21095 
05:40:28.696185 ON flow>4303 srcPort>44213 dst>fd10:23:100::2/21103 
05:40:28.696771 CONNECT flow>4303 srcPort>44213 dst>fd10:23:100::2/21103 
05:40:28.830492 ON flow>4311 srcPort>45217 dst>fd10:23:100::2/21111 
05:40:28.830932 CONNECT flow>4311 srcPort>45217 dst>fd10:23:100::2/21111 
05:40:28.899198 ON flow>4319 srcPort>35775 dst>fd10:23:100::2/21119 
05:40:28.899487 CONNECT flow>4319 srcPort>35775 dst>fd10:23:100::2/21119 
05:40:29.030591 ON flow>4327 srcPort>33691 dst>fd10:23:100::2/21127 
05:40:29.031253 CONNECT flow>4327 srcPort>33691 dst>fd10:23:100::2/21127 
05:40:29.163483 ON flow>4335 srcPort>35111 dst>fd10:23:100::2/21135 
05:40:29.163905 CONNECT flow>4335 srcPort>35111 dst>fd10:23:100::2/21135 
05:40:29.232097 ON flow>4343 srcPort>46163 dst>fd10:23:100::2/21143 
05:40:29.232482 CONNECT flow>4343 srcPort>46163 dst>fd10:23:100::2/21143 
05:40:29.417503 ON flow>4351 srcPort>40251 dst>fd10:23:100::2/21151 
05:40:29.417990 CONNECT flow>4351 srcPort>40251 dst>fd10:23:100::2/21151 
05:40:29.521760 ON flow>4359 srcPort>36205 dst>fd10:23:100::2/21159 
05:40:29.522363 CONNECT flow>4359 srcPort>36205 dst>fd10:23:100::2/21159 
05:40:29.757899 ON flow>4367 srcPort>37907 dst>fd10:23:100::2/21167 
05:40:29.758602 CONNECT flow>4367 srcPort>37907 dst>fd10:23:100::2/21167 
05:40:29.841292 ON flow>4375 srcPort>41119 dst>fd10:23:100::2/21175 
05:40:29.841995 CONNECT flow>4375 srcPort>41119 dst>fd10:23:100::2/21175 
05:40:29.949120 ON flow>4383 srcPort>42881 dst>fd10:23:100::2/21183 
05:40:29.949685 CONNECT flow>4383 srcPort>42881 dst>fd10:23:100::2/21183 
05:40:30.140765 ON flow>4391 srcPort>43735 dst>fd10:23:100::2/21191 
05:40:30.141184 CONNECT flow>4391 srcPort>43735 dst>fd10:23:100::2/21191 
05:40:30.463969 ON flow>4399 srcPort>43437 dst>fd10:23:100::2/21199 
05:40:30.465033 CONNECT flow>4399 srcPort>43437 dst>fd10:23:100::2/21199 
05:40:30.618788 ON flow>4407 srcPort>34233 dst>fd10:23:100::2/21207 
05:40:30.619636 CONNECT flow>4407 srcPort>34233 dst>fd10:23:100::2/21207 
05:40:30.742453 ON flow>4415 srcPort>44583 dst>fd10:23:100::2/21215 
05:40:30.742994 CONNECT flow>4415 srcPort>44583 dst>fd10:23:100::2/21215 
05:40:30.829791 ON flow>4423 srcPort>39121 dst>fd10:23:100::2/21223 
05:40:30.830251 CONNECT flow>4423 srcPort>39121 dst>fd10:23:100::2/21223 
05:40:30.927188 ON flow>4431 srcPort>34529 dst>fd10:23:100::2/21231 
05:40:30.928237 CONNECT flow>4431 srcPort>34529 dst>fd10:23:100::2/21231 
05:40:31.075143 ON flow>4439 srcPort>39901 dst>fd10:23:100::2/21239 
05:40:31.075846 CONNECT flow>4439 srcPort>39901 dst>fd10:23:100::2/21239 
05:40:31.362007 ON flow>4447 srcPort>37083 dst>fd10:23:100::2/21247 
05:40:31.362941 CONNECT flow>4447 srcPort>37083 dst>fd10:23:100::2/21247 
05:40:31.443056 ON flow>4455 srcPort>45461 dst>fd10:23:100::2/21255 
05:40:31.443936 CONNECT flow>4455 srcPort>45461 dst>fd10:23:100::2/21255 
05:40:31.541399 ON flow>4463 srcPort>42767 dst>fd10:23:100::2/21263 
05:40:31.541786 CONNECT flow>4463 srcPort>42767 dst>fd10:23:100::2/21263 
05:40:31.639053 ON flow>4471 srcPort>37371 dst>fd10:23:100::2/21271 
05:40:31.641396 CONNECT flow>4471 srcPort>37371 dst>fd10:23:100::2/21271 
05:40:31.723768 ON flow>4479 srcPort>41465 dst>fd10:23:100::2/21279 
05:40:31.725581 CONNECT flow>4479 srcPort>41465 dst>fd10:23:100::2/21279 
05:40:31.838087 ON flow>4487 srcPort>45439 dst>fd10:23:100::2/21287 
05:40:31.849833 CONNECT flow>4487 srcPort>45439 dst>fd10:23:100::2/21287 
05:40:31.910282 ON flow>4495 srcPort>39139 dst>fd10:23:100::2/21295 
05:40:31.917777 CONNECT flow>4495 srcPort>39139 dst>fd10:23:100::2/21295 
05:40:32.065248 ON flow>4503 srcPort>37521 dst>fd10:23:100::2/21303 
05:40:32.068200 CONNECT flow>4503 srcPort>37521 dst>fd10:23:100::2/21303 
05:40:32.138951 SHUTDOWN flow>4207 srcPort>36345 dst>fd10:23:100::2/21007 
05:40:32.140026 OFF flow>4207 srcPort>36345 dst>fd10:23:100::2/21007 
05:40:32.257269 ON flow>4511 srcPort>35083 dst>fd10:23:100::2/21311 
05:40:32.267360 CONNECT flow>4511 srcPort>35083 dst>fd10:23:100::2/21311 
05:40:32.450243 ON flow>4519 srcPort>34539 dst>fd10:23:100::2/21319 
05:40:32.450440 SHUTDOWN flow>4215 srcPort>43861 dst>fd10:23:100::2/21015 
05:40:32.490073 CONNECT flow>4519 srcPort>34539 dst>fd10:23:100::2/21319 
05:40:32.491255 OFF flow>4215 srcPort>43861 dst>fd10:23:100::2/21015 
05:40:32.574425 ON flow>4527 srcPort>46523 dst>fd10:23:100::2/21327 
05:40:32.592943 SHUTDOWN flow>4223 srcPort>46371 dst>fd10:23:100::2/21023 
05:40:32.643917 SHUTDOWN flow>4231 srcPort>33229 dst>fd10:23:100::2/21031 
05:40:32.647110 CONNECT flow>4527 srcPort>46523 dst>fd10:23:100::2/21327 
05:40:32.670057 OFF flow>4223 srcPort>46371 dst>fd10:23:100::2/21023 
05:40:32.707593 ON flow>4535 srcPort>43387 dst>fd10:23:100::2/21335 
05:40:32.719669 SHUTDOWN flow>4239 srcPort>40541 dst>fd10:23:100::2/21039 
05:40:32.731650 OFF flow>4231 srcPort>33229 dst>fd10:23:100::2/21031 
05:40:32.748050 SHUTDOWN flow>4247 srcPort>36699 dst>fd10:23:100::2/21047 
05:40:32.793960 CONNECT flow>4535 srcPort>43387 dst>fd10:23:100::2/21335 
05:40:32.808543 SHUTDOWN flow>4255 srcPort>39431 dst>fd10:23:100::2/21055 
05:40:32.830472 OFF flow>4239 srcPort>40541 dst>fd10:23:100::2/21039 
05:40:32.912787 OFF flow>4255 srcPort>39431 dst>fd10:23:100::2/21055 
05:40:32.947238 SHUTDOWN flow>4263 srcPort>43847 dst>fd10:23:100::2/21063 
05:40:32.978421 OFF flow>4247 srcPort>36699 dst>fd10:23:100::2/21047 
05:40:33.034452 SHUTDOWN flow>4271 srcPort>39507 dst>fd10:23:100::2/21071 
05:40:33.042599 ON flow>4543 srcPort>37203 dst>fd10:23:100::2/21343 
05:40:33.084574 OFF flow>4263 srcPort>43847 dst>fd10:23:100::2/21063 
05:40:33.094162 SHUTDOWN flow>4279 srcPort>42517 dst>fd10:23:100::2/21079 
05:40:33.128190 OFF flow>4271 srcPort>39507 dst>fd10:23:100::2/21071 
05:40:33.140093 CONNECT flow>4543 srcPort>37203 dst>fd10:23:100::2/21343 
05:40:33.198545 SHUTDOWN flow>4287 srcPort>33945 dst>fd10:23:100::2/21087 
05:40:33.209850 OFF flow>4279 srcPort>42517 dst>fd10:23:100::2/21079 
05:40:33.276393 SHUTDOWN flow>4295 srcPort>39735 dst>fd10:23:100::2/21095 
05:40:33.288858 OFF flow>4287 srcPort>33945 dst>fd10:23:100::2/21087 
05:40:33.358097 ON flow>4551 srcPort>33345 dst>fd10:23:100::2/21351 
05:40:33.450374 CONNECT flow>4551 srcPort>33345 dst>fd10:23:100::2/21351 
05:40:33.496156 SHUTDOWN flow>4303 srcPort>44213 dst>fd10:23:100::2/21103 
05:40:33.502174 ON flow>4559 srcPort>36639 dst>fd10:23:100::2/21359 
05:40:33.584570 OFF flow>4303 srcPort>44213 dst>fd10:23:100::2/21103 
05:40:33.589128 CONNECT flow>4559 srcPort>36639 dst>fd10:23:100::2/21359 
05:40:33.609917 ON flow>4567 srcPort>40589 dst>fd10:23:100::2/21367 
05:40:33.630531 SHUTDOWN flow>4311 srcPort>45217 dst>fd10:23:100::2/21111 
05:40:33.657053 OFF flow>4295 srcPort>39735 dst>fd10:23:100::2/21095 
05:40:33.695145 CONNECT flow>4567 srcPort>40589 dst>fd10:23:100::2/21367 
05:40:33.698928 ON flow>4575 srcPort>35989 dst>fd10:23:100::2/21375 
05:40:33.699157 SHUTDOWN flow>4319 srcPort>35775 dst>fd10:23:100::2/21119 
05:40:33.785835 CONNECT flow>4575 srcPort>35989 dst>fd10:23:100::2/21375 
05:40:33.827888 OFF flow>4311 srcPort>45217 dst>fd10:23:100::2/21111 
05:40:33.830564 SHUTDOWN flow>4327 srcPort>33691 dst>fd10:23:100::2/21127 
05:40:33.918207 ON flow>4583 srcPort>46723 dst>fd10:23:100::2/21383 
05:40:33.921017 OFF flow>4327 srcPort>33691 dst>fd10:23:100::2/21127 
05:40:34.006551 CONNECT flow>4583 srcPort>46723 dst>fd10:23:100::2/21383 
05:40:34.024887 SHUTDOWN flow>4335 srcPort>35111 dst>fd10:23:100::2/21135 
05:40:34.032046 SHUTDOWN flow>4343 srcPort>46163 dst>fd10:23:100::2/21143 
05:40:34.032155 ON flow>4591 srcPort>38433 dst>fd10:23:100::2/21391 
05:40:34.105252 ON flow>4599 srcPort>41287 dst>fd10:23:100::2/21399 
05:40:34.123668 CONNECT flow>4591 srcPort>38433 dst>fd10:23:100::2/21391 
05:40:34.196089 CONNECT flow>4599 srcPort>41287 dst>fd10:23:100::2/21399 
05:40:34.199974 ON flow>4607 srcPort>41277 dst>fd10:23:100::2/21407 
05:40:34.205403 OFF flow>4335 srcPort>35111 dst>fd10:23:100::2/21135 
05:40:34.217475 SHUTDOWN flow>4351 srcPort>40251 dst>fd10:23:100::2/21151 
05:40:34.292339 CONNECT flow>4607 srcPort>41277 dst>fd10:23:100::2/21407 
05:40:34.293466 ON flow>4615 srcPort>34099 dst>fd10:23:100::2/21415 
05:40:34.321787 SHUTDOWN flow>4359 srcPort>36205 dst>fd10:23:100::2/21159 
05:40:34.358955 ON flow>4623 srcPort>37287 dst>fd10:23:100::2/21423 
05:40:34.384752 CONNECT flow>4615 srcPort>34099 dst>fd10:23:100::2/21415 
05:40:34.445610 OFF flow>4319 srcPort>35775 dst>fd10:23:100::2/21119 
05:40:34.448177 CONNECT flow>4623 srcPort>37287 dst>fd10:23:100::2/21423 
05:40:34.454485 OFF flow>4351 srcPort>40251 dst>fd10:23:100::2/21151 
05:40:34.482437 OFF flow>4343 srcPort>46163 dst>fd10:23:100::2/21143 
05:40:34.487765 ON flow>4631 srcPort>38455 dst>fd10:23:100::2/21431 
05:40:34.557854 SHUTDOWN flow>4367 srcPort>37907 dst>fd10:23:100::2/21167 
05:40:34.583423 CONNECT flow>4631 srcPort>38455 dst>fd10:23:100::2/21431 
05:40:34.593507 OFF flow>4359 srcPort>36205 dst>fd10:23:100::2/21159 
05:40:34.605576 ON flow>4639 srcPort>45143 dst>fd10:23:100::2/21439 
05:40:34.641337 SHUTDOWN flow>4375 srcPort>41119 dst>fd10:23:100::2/21175 
05:40:34.655166 OFF flow>4367 srcPort>37907 dst>fd10:23:100::2/21167 
05:40:34.703525 CONNECT flow>4639 srcPort>45143 dst>fd10:23:100::2/21439 
05:40:34.775430 OFF flow>4375 srcPort>41119 dst>fd10:23:100::2/21175 
05:40:34.778083 ON flow>4647 srcPort>38111 dst>fd10:23:100::2/21447 
05:40:34.806081 SHUTDOWN flow>4383 srcPort>42881 dst>fd10:23:100::2/21183 
05:40:34.870334 CONNECT flow>4647 srcPort>38111 dst>fd10:23:100::2/21447 
05:40:34.940700 SHUTDOWN flow>4391 srcPort>43735 dst>fd10:23:100::2/21191 
05:40:35.191950 OFF flow>4383 srcPort>42881 dst>fd10:23:100::2/21183 
05:40:35.263914 SHUTDOWN flow>4399 srcPort>43437 dst>fd10:23:100::2/21199 
05:40:35.308329 OFF flow>4391 srcPort>43735 dst>fd10:23:100::2/21191 
05:40:35.323234 ON flow>4655 srcPort>44637 dst>fd10:23:100::2/21455 
05:40:35.359280 OFF flow>4399 srcPort>43437 dst>fd10:23:100::2/21199 
05:40:35.411329 CONNECT flow>4655 srcPort>44637 dst>fd10:23:100::2/21455 
05:40:35.418731 SHUTDOWN flow>4407 srcPort>34233 dst>fd10:23:100::2/21207 
05:40:35.608457 OFF flow>4407 srcPort>34233 dst>fd10:23:100::2/21207 
05:40:35.629707 SHUTDOWN flow>4423 srcPort>39121 dst>fd10:23:100::2/21223 
05:40:35.640499 ON flow>4663 srcPort>39437 dst>fd10:23:100::2/21463 
05:40:35.715482 OFF flow>4423 srcPort>39121 dst>fd10:23:100::2/21223 
05:40:35.721834 SHUTDOWN flow>4415 srcPort>44583 dst>fd10:23:100::2/21215 
05:40:35.722841 CONNECT flow>4663 srcPort>39437 dst>fd10:23:100::2/21463 
05:40:35.727161 SHUTDOWN flow>4431 srcPort>34529 dst>fd10:23:100::2/21231 
05:40:35.875211 SHUTDOWN flow>4439 srcPort>39901 dst>fd10:23:100::2/21239 
05:40:35.945552 OFF flow>4439 srcPort>39901 dst>fd10:23:100::2/21239 
05:40:35.988911 ON flow>4671 srcPort>33573 dst>fd10:23:100::2/21471 
05:40:36.036338 OFF flow>4415 srcPort>44583 dst>fd10:23:100::2/21215 
05:40:36.050780 CONNECT flow>4671 srcPort>33573 dst>fd10:23:100::2/21471 
05:40:36.110117 ON flow>4679 srcPort>45651 dst>fd10:23:100::2/21479 
05:40:36.139528 OFF flow>4431 srcPort>34529 dst>fd10:23:100::2/21231 
05:40:36.164444 CONNECT flow>4679 srcPort>45651 dst>fd10:23:100::2/21479 
05:40:36.209186 SHUTDOWN flow>4447 srcPort>37083 dst>fd10:23:100::2/21247 
05:40:36.217411 ON flow>4687 srcPort>38539 dst>fd10:23:100::2/21487 
05:40:36.243016 SHUTDOWN flow>4455 srcPort>45461 dst>fd10:23:100::2/21255 
05:40:36.269220 CONNECT flow>4687 srcPort>38539 dst>fd10:23:100::2/21487 
05:40:36.285397 ON flow>4695 srcPort>44445 dst>fd10:23:100::2/21495 
05:40:36.296628 OFF flow>4455 srcPort>45461 dst>fd10:23:100::2/21255 
05:40:36.333181 OFF flow>4447 srcPort>37083 dst>fd10:23:100::2/21247 
05:40:36.335944 CONNECT flow>4695 srcPort>44445 dst>fd10:23:100::2/21495 
05:40:36.341321 SHUTDOWN flow>4463 srcPort>42767 dst>fd10:23:100::2/21263 
05:40:36.391787 ON flow>4703 srcPort>35135 dst>fd10:23:100::2/21503 
05:40:36.427789 ON flow>4711 srcPort>43075 dst>fd10:23:100::2/21511 
05:40:36.436762 CONNECT flow>4703 srcPort>35135 dst>fd10:23:100::2/21503 
05:40:36.438925 SHUTDOWN flow>4471 srcPort>37371 dst>fd10:23:100::2/21271 
05:40:36.471102 CONNECT flow>4711 srcPort>43075 dst>fd10:23:100::2/21511 
05:40:36.483254 OFF flow>4471 srcPort>37371 dst>fd10:23:100::2/21271 
05:40:36.545613 ON flow>4719 srcPort>32863 dst>fd10:23:100::2/21519 
05:40:36.549662 OFF flow>4463 srcPort>42767 dst>fd10:23:100::2/21263 
05:40:36.572580 SHUTDOWN flow>4479 srcPort>41465 dst>fd10:23:100::2/21279 
05:40:36.587570 CONNECT flow>4719 srcPort>32863 dst>fd10:23:100::2/21519 
05:40:36.638031 SHUTDOWN flow>4487 srcPort>45439 dst>fd10:23:100::2/21287 
05:40:36.676705 OFF flow>4487 srcPort>45439 dst>fd10:23:100::2/21287 
05:40:36.710225 SHUTDOWN flow>4495 srcPort>39139 dst>fd10:23:100::2/21295 
05:40:36.735907 ON flow>4727 srcPort>39185 dst>fd10:23:100::2/21527 
05:40:36.743859 OFF flow>4495 srcPort>39139 dst>fd10:23:100::2/21295 
05:40:36.767174 CONNECT flow>4727 srcPort>39185 dst>fd10:23:100::2/21527 
05:40:36.801038 OFF flow>4479 srcPort>41465 dst>fd10:23:100::2/21279 
05:40:36.865337 SHUTDOWN flow>4503 srcPort>37521 dst>fd10:23:100::2/21303 
05:40:36.878831 ON flow>4735 srcPort>36931 dst>fd10:23:100::2/21535 
05:40:36.883884 OFF flow>4503 srcPort>37521 dst>fd10:23:100::2/21303 
05:40:36.895833 CONNECT flow>4735 srcPort>36931 dst>fd10:23:100::2/21535 
05:40:37.018982 ON flow>4743 srcPort>40529 dst>fd10:23:100::2/21543 
05:40:37.019556 CONNECT flow>4743 srcPort>40529 dst>fd10:23:100::2/21543 
05:40:37.057209 SHUTDOWN flow>4511 srcPort>35083 dst>fd10:23:100::2/21311 
05:40:37.057799 OFF flow>4511 srcPort>35083 dst>fd10:23:100::2/21311 
05:40:37.132486 ON flow>4751 srcPort>33997 dst>fd10:23:100::2/21551 
05:40:37.133410 CONNECT flow>4751 srcPort>33997 dst>fd10:23:100::2/21551 
05:40:37.250213 SHUTDOWN flow>4519 srcPort>34539 dst>fd10:23:100::2/21319 
05:40:37.250663 OFF flow>4519 srcPort>34539 dst>fd10:23:100::2/21319 
05:40:37.374321 SHUTDOWN flow>4527 srcPort>46523 dst>fd10:23:100::2/21327 
05:40:37.375757 OFF flow>4527 srcPort>46523 dst>fd10:23:100::2/21327 
05:40:37.405489 ON flow>4759 srcPort>36519 dst>fd10:23:100::2/21559 
05:40:37.405888 CONNECT flow>4759 srcPort>36519 dst>fd10:23:100::2/21559 
05:40:37.507527 SHUTDOWN flow>4535 srcPort>43387 dst>fd10:23:100::2/21335 
05:40:37.507957 OFF flow>4535 srcPort>43387 dst>fd10:23:100::2/21335 
05:40:37.550861 ON flow>4767 srcPort>45529 dst>fd10:23:100::2/21567 
05:40:37.552044 CONNECT flow>4767 srcPort>45529 dst>fd10:23:100::2/21567 
05:40:37.696270 ON flow>4775 srcPort>37923 dst>fd10:23:100::2/21575 
05:40:37.696648 CONNECT flow>4775 srcPort>37923 dst>fd10:23:100::2/21575 
05:40:37.779958 ON flow>4783 srcPort>33837 dst>fd10:23:100::2/21583 
05:40:37.780955 CONNECT flow>4783 srcPort>33837 dst>fd10:23:100::2/21583 
05:40:37.842240 SHUTDOWN flow>4543 srcPort>37203 dst>fd10:23:100::2/21343 
05:40:37.843244 OFF flow>4543 srcPort>37203 dst>fd10:23:100::2/21343 
05:40:37.880801 ON flow>4791 srcPort>33295 dst>fd10:23:100::2/21591 
05:40:37.881550 CONNECT flow>4791 srcPort>33295 dst>fd10:23:100::2/21591 
05:40:37.987264 ON flow>4799 srcPort>35563 dst>fd10:23:100::2/21599 
05:40:37.987871 CONNECT flow>4799 srcPort>35563 dst>fd10:23:100::2/21599 
05:40:38.157995 SHUTDOWN flow>4551 srcPort>33345 dst>fd10:23:100::2/21351 
05:40:38.159490 OFF flow>4551 srcPort>33345 dst>fd10:23:100::2/21351 
05:40:38.170257 ON flow>4807 srcPort>40583 dst>fd10:23:100::2/21607 
05:40:38.170635 CONNECT flow>4807 srcPort>40583 dst>fd10:23:100::2/21607 
05:40:38.302106 SHUTDOWN flow>4559 srcPort>36639 dst>fd10:23:100::2/21359 
05:40:38.302567 OFF flow>4559 srcPort>36639 dst>fd10:23:100::2/21359 
05:40:38.328377 ON flow>4815 srcPort>36803 dst>fd10:23:100::2/21615 
05:40:38.328973 CONNECT flow>4815 srcPort>36803 dst>fd10:23:100::2/21615 
05:40:38.409812 SHUTDOWN flow>4567 srcPort>40589 dst>fd10:23:100::2/21367 
05:40:38.411677 OFF flow>4567 srcPort>40589 dst>fd10:23:100::2/21367 
05:40:38.464677 ON flow>4823 srcPort>41615 dst>fd10:23:100::2/21623 
05:40:38.465336 CONNECT flow>4823 srcPort>41615 dst>fd10:23:100::2/21623 
05:40:38.498800 SHUTDOWN flow>4575 srcPort>35989 dst>fd10:23:100::2/21375 
05:40:38.499340 OFF flow>4575 srcPort>35989 dst>fd10:23:100::2/21375 
05:40:38.555975 ON flow>4831 srcPort>38391 dst>fd10:23:100::2/21631 
05:40:38.556906 CONNECT flow>4831 srcPort>38391 dst>fd10:23:100::2/21631 
05:40:38.600284 ON flow>4839 srcPort>35235 dst>fd10:23:100::2/21639 
05:40:38.601671 CONNECT flow>4839 srcPort>35235 dst>fd10:23:100::2/21639 
05:40:38.718116 SHUTDOWN flow>4583 srcPort>46723 dst>fd10:23:100::2/21383 
05:40:38.724655 OFF flow>4583 srcPort>46723 dst>fd10:23:100::2/21383 
05:40:38.783464 ON flow>4847 srcPort>34377 dst>fd10:23:100::2/21647 
05:40:38.784032 CONNECT flow>4847 srcPort>34377 dst>fd10:23:100::2/21647 
05:40:38.832103 SHUTDOWN flow>4591 srcPort>38433 dst>fd10:23:100::2/21391 
05:40:38.833252 OFF flow>4591 srcPort>38433 dst>fd10:23:100::2/21391 
05:40:38.867577 ON flow>4855 srcPort>40095 dst>fd10:23:100::2/21655 
05:40:38.868316 CONNECT flow>4855 srcPort>40095 dst>fd10:23:100::2/21655 
05:40:38.905222 SHUTDOWN flow>4599 srcPort>41287 dst>fd10:23:100::2/21399 
05:40:38.907045 OFF flow>4599 srcPort>41287 dst>fd10:23:100::2/21399 
05:40:38.999810 SHUTDOWN flow>4607 srcPort>41277 dst>fd10:23:100::2/21407 
05:40:39.001143 OFF flow>4607 srcPort>41277 dst>fd10:23:100::2/21407 
05:40:39.028075 ON flow>4863 srcPort>33975 dst>fd10:23:100::2/21663 
05:40:39.029850 CONNECT flow>4863 srcPort>33975 dst>fd10:23:100::2/21663 
05:40:39.093295 SHUTDOWN flow>4615 srcPort>34099 dst>fd10:23:100::2/21415 
05:40:39.095700 OFF flow>4615 srcPort>34099 dst>fd10:23:100::2/21415 
05:40:39.125307 ON flow>4871 srcPort>39267 dst>fd10:23:100::2/21671 
05:40:39.127048 CONNECT flow>4871 srcPort>39267 dst>fd10:23:100::2/21671 
05:40:39.158913 SHUTDOWN flow>4623 srcPort>37287 dst>fd10:23:100::2/21423 
05:40:39.160398 OFF flow>4623 srcPort>37287 dst>fd10:23:100::2/21423 
05:40:39.237454 ON flow>4879 srcPort>42591 dst>fd10:23:100::2/21679 
05:40:39.239558 CONNECT flow>4879 srcPort>42591 dst>fd10:23:100::2/21679 
05:40:39.287627 SHUTDOWN flow>4631 srcPort>38455 dst>fd10:23:100::2/21431 
05:40:39.290572 OFF flow>4631 srcPort>38455 dst>fd10:23:100::2/21431 
05:40:39.306047 ON flow>4887 srcPort>42479 dst>fd10:23:100::2/21687 
05:40:39.306352 CONNECT flow>4887 srcPort>42479 dst>fd10:23:100::2/21687 
05:40:39.405540 SHUTDOWN flow>4639 srcPort>45143 dst>fd10:23:100::2/21439 
05:40:39.406500 OFF flow>4639 srcPort>45143 dst>fd10:23:100::2/21439 
05:40:39.424153 ON flow>4895 srcPort>44037 dst>fd10:23:100::2/21695 
05:40:39.424555 CONNECT flow>4895 srcPort>44037 dst>fd10:23:100::2/21695 
05:40:39.578019 SHUTDOWN flow>4647 srcPort>38111 dst>fd10:23:100::2/21447 
05:40:39.578963 OFF flow>4647 srcPort>38111 dst>fd10:23:100::2/21447 
05:40:39.660509 ON flow>4903 srcPort>40531 dst>fd10:23:100::2/21703 
05:40:39.661503 CONNECT flow>4903 srcPort>40531 dst>fd10:23:100::2/21703 
05:40:39.781603 ON flow>4911 srcPort>33001 dst>fd10:23:100::2/21711 
05:40:39.782918 CONNECT flow>4911 srcPort>33001 dst>fd10:23:100::2/21711 
05:40:39.902011 ON flow>4919 srcPort>40663 dst>fd10:23:100::2/21719 
05:40:39.902985 CONNECT flow>4919 srcPort>40663 dst>fd10:23:100::2/21719 
05:40:39.983967 ON flow>4927 srcPort>46883 dst>fd10:23:100::2/21727 
05:40:39.985784 CONNECT flow>4927 srcPort>46883 dst>fd10:23:100::2/21727 
05:40:40.079800 ON flow>4935 srcPort>41595 dst>fd10:23:100::2/21735 
05:40:40.082029 CONNECT flow>4935 srcPort>41595 dst>fd10:23:100::2/21735 
05:40:40.123118 SHUTDOWN flow>4655 srcPort>44637 dst>fd10:23:100::2/21455 
05:40:40.125323 OFF flow>4655 srcPort>44637 dst>fd10:23:100::2/21455 
05:40:40.209736 ON flow>4943 srcPort>42441 dst>fd10:23:100::2/21743 
05:40:40.211082 CONNECT flow>4943 srcPort>42441 dst>fd10:23:100::2/21743 
05:40:40.420222 ON flow>4951 srcPort>40327 dst>fd10:23:100::2/21751 
05:40:40.421122 CONNECT flow>4951 srcPort>40327 dst>fd10:23:100::2/21751 
05:40:40.440410 SHUTDOWN flow>4663 srcPort>39437 dst>fd10:23:100::2/21463 
05:40:40.441115 OFF flow>4663 srcPort>39437 dst>fd10:23:100::2/21463 
05:40:40.521134 ON flow>4959 srcPort>39255 dst>fd10:23:100::2/21759 
05:40:40.524394 CONNECT flow>4959 srcPort>39255 dst>fd10:23:100::2/21759 
05:40:40.612135 ON flow>4967 srcPort>39509 dst>fd10:23:100::2/21767 
05:40:40.615983 CONNECT flow>4967 srcPort>39509 dst>fd10:23:100::2/21767 
05:40:40.669566 ON flow>4975 srcPort>38475 dst>fd10:23:100::2/21775 
05:40:40.676082 CONNECT flow>4975 srcPort>38475 dst>fd10:23:100::2/21775 
05:40:40.731703 ON flow>4983 srcPort>42839 dst>fd10:23:100::2/21783 
05:40:40.743679 CONNECT flow>4983 srcPort>42839 dst>fd10:23:100::2/21783 
05:40:40.788866 SHUTDOWN flow>4671 srcPort>33573 dst>fd10:23:100::2/21471 
05:40:40.806937 OFF flow>4671 srcPort>33573 dst>fd10:23:100::2/21471 
05:40:40.829025 ON flow>4991 srcPort>41001 dst>fd10:23:100::2/21791 
05:40:40.852402 CONNECT flow>4991 srcPort>41001 dst>fd10:23:100::2/21791 
05:40:40.874875 ON flow>4999 srcPort>33483 dst>fd10:23:100::2/21799 
05:40:40.904912 CONNECT flow>4999 srcPort>33483 dst>fd10:23:100::2/21799 
05:40:40.910040 SHUTDOWN flow>4679 srcPort>45651 dst>fd10:23:100::2/21479 
05:40:40.949040 OFF flow>4679 srcPort>45651 dst>fd10:23:100::2/21479 
05:40:40.957683 ON flow>5007 srcPort>35507 dst>fd10:23:100::2/21807 
05:40:41.008666 CONNECT flow>5007 srcPort>35507 dst>fd10:23:100::2/21807 
05:40:41.017340 SHUTDOWN flow>4687 srcPort>38539 dst>fd10:23:100::2/21487 
05:40:41.030765 ON flow>5015 srcPort>44337 dst>fd10:23:100::2/21815 
05:40:41.051123 ON flow>5023 srcPort>37399 dst>fd10:23:100::2/21823 
05:40:41.085134 SHUTDOWN flow>4695 srcPort>44445 dst>fd10:23:100::2/21495 
05:40:41.086878 OFF flow>4687 srcPort>38539 dst>fd10:23:100::2/21487 
05:40:41.093191 ON flow>5031 srcPort>43063 dst>fd10:23:100::2/21831 
05:40:41.105765 CONNECT flow>5015 srcPort>44337 dst>fd10:23:100::2/21815 
05:40:41.134712 CONNECT flow>5023 srcPort>37399 dst>fd10:23:100::2/21823 
05:40:41.173674 ON flow>5039 srcPort>44247 dst>fd10:23:100::2/21839 
05:40:41.179055 OFF flow>4695 srcPort>44445 dst>fd10:23:100::2/21495 
05:40:41.190568 CONNECT flow>5031 srcPort>43063 dst>fd10:23:100::2/21831 
05:40:41.191737 SHUTDOWN flow>4703 srcPort>35135 dst>fd10:23:100::2/21503 
05:40:41.227744 SHUTDOWN flow>4711 srcPort>43075 dst>fd10:23:100::2/21511 
05:40:41.286637 CONNECT flow>5039 srcPort>44247 dst>fd10:23:100::2/21839 
05:40:41.340971 OFF flow>4711 srcPort>43075 dst>fd10:23:100::2/21511 
05:40:41.345558 SHUTDOWN flow>4719 srcPort>32863 dst>fd10:23:100::2/21519 
05:40:41.362186 ON flow>5047 srcPort>38701 dst>fd10:23:100::2/21847 
05:40:41.419786 OFF flow>4703 srcPort>35135 dst>fd10:23:100::2/21503 
05:40:41.453350 OFF flow>4719 srcPort>32863 dst>fd10:23:100::2/21519 
05:40:41.470060 CONNECT flow>5047 srcPort>38701 dst>fd10:23:100::2/21847 
05:40:41.535844 SHUTDOWN flow>4727 srcPort>39185 dst>fd10:23:100::2/21527 
05:40:41.678745 SHUTDOWN flow>4735 srcPort>36931 dst>fd10:23:100::2/21535 
05:40:41.697565 ON flow>5055 srcPort>36611 dst>fd10:23:100::2/21855 
05:40:41.800756 CONNECT flow>5055 srcPort>36611 dst>fd10:23:100::2/21855 
05:40:41.818942 SHUTDOWN flow>4743 srcPort>40529 dst>fd10:23:100::2/21543 
05:40:41.861954 ON flow>5063 srcPort>42721 dst>fd10:23:100::2/21863 
05:40:41.974306 CONNECT flow>5063 srcPort>42721 dst>fd10:23:100::2/21863 
05:40:42.028483 SHUTDOWN flow>4751 srcPort>33997 dst>fd10:23:100::2/21551 
05:40:42.033909 ON flow>5071 srcPort>42943 dst>fd10:23:100::2/21871 
05:40:42.048474 OFF flow>4743 srcPort>40529 dst>fd10:23:100::2/21543 
05:40:42.070193 OFF flow>4727 srcPort>39185 dst>fd10:23:100::2/21527 
05:40:42.148805 CONNECT flow>5071 srcPort>42943 dst>fd10:23:100::2/21871 
05:40:42.171334 ON flow>5079 srcPort>35713 dst>fd10:23:100::2/21879 
05:40:42.263004 OFF flow>4735 srcPort>36931 dst>fd10:23:100::2/21535 
05:40:42.282840 CONNECT flow>5079 srcPort>35713 dst>fd10:23:100::2/21879 
05:40:42.314416 ON flow>5087 srcPort>39187 dst>fd10:23:100::2/21887 
05:40:42.350813 SHUTDOWN flow>4767 srcPort>45529 dst>fd10:23:100::2/21567 
05:40:42.432228 CONNECT flow>5087 srcPort>39187 dst>fd10:23:100::2/21887 
05:40:42.441469 SHUTDOWN flow>4759 srcPort>36519 dst>fd10:23:100::2/21559 
05:40:42.460471 ON flow>5095 srcPort>34513 dst>fd10:23:100::2/21895 
05:40:42.496224 SHUTDOWN flow>4775 srcPort>37923 dst>fd10:23:100::2/21575 
05:40:42.576016 CONNECT flow>5095 srcPort>34513 dst>fd10:23:100::2/21895 
05:40:42.594986 OFF flow>4751 srcPort>33997 dst>fd10:23:100::2/21551 
05:40:42.611098 OFF flow>4775 srcPort>37923 dst>fd10:23:100::2/21575 
05:40:42.646642 OFF flow>4767 srcPort>45529 dst>fd10:23:100::2/21567 
05:40:42.680790 SHUTDOWN flow>4791 srcPort>33295 dst>fd10:23:100::2/21591 
05:40:42.714372 ON flow>5103 srcPort>45329 dst>fd10:23:100::2/21903 
05:40:42.787313 SHUTDOWN flow>4799 srcPort>35563 dst>fd10:23:100::2/21599 
05:40:42.817655 CONNECT flow>5103 srcPort>45329 dst>fd10:23:100::2/21903 
05:40:42.851411 OFF flow>4759 srcPort>36519 dst>fd10:23:100::2/21559 
05:40:42.852418 SHUTDOWN flow>4783 srcPort>33837 dst>fd10:23:100::2/21583 
05:40:42.876936 ON flow>5111 srcPort>37215 dst>fd10:23:100::2/21911 
05:40:42.963279 ON flow>5119 srcPort>45397 dst>fd10:23:100::2/21919 
05:40:42.983447 CONNECT flow>5111 srcPort>37215 dst>fd10:23:100::2/21911 
05:40:42.988309 SHUTDOWN flow>4807 srcPort>40583 dst>fd10:23:100::2/21607 
05:40:42.993562 OFF flow>4791 srcPort>33295 dst>fd10:23:100::2/21591 
05:40:43.072014 CONNECT flow>5119 srcPort>45397 dst>fd10:23:100::2/21919 
05:40:43.074202 ON flow>5127 srcPort>32933 dst>fd10:23:100::2/21927 
05:40:43.185389 CONNECT flow>5127 srcPort>32933 dst>fd10:23:100::2/21927 
05:40:43.213975 ON flow>5135 srcPort>37353 dst>fd10:23:100::2/21935 
05:40:43.303393 SHUTDOWN flow>4815 srcPort>36803 dst>fd10:23:100::2/21615 
05:40:43.324292 CONNECT flow>5135 srcPort>37353 dst>fd10:23:100::2/21935 
05:40:43.341650 ON flow>5143 srcPort>45347 dst>fd10:23:100::2/21943 
05:40:43.366033 OFF flow>4799 srcPort>35563 dst>fd10:23:100::2/21599 
05:40:43.392094 OFF flow>4807 srcPort>40583 dst>fd10:23:100::2/21607 
05:40:43.447425 CONNECT flow>5143 srcPort>45347 dst>fd10:23:100::2/21943 
05:40:43.462051 OFF flow>4783 srcPort>33837 dst>fd10:23:100::2/21583 
05:40:43.492245 ON flow>5151 srcPort>36253 dst>fd10:23:100::2/21951 
05:40:43.508424 SHUTDOWN flow>4823 srcPort>41615 dst>fd10:23:100::2/21623 
05:40:43.600673 CONNECT flow>5151 srcPort>36253 dst>fd10:23:100::2/21951 
05:40:43.604441 SHUTDOWN flow>4831 srcPort>38391 dst>fd10:23:100::2/21631 
05:40:43.683523 SHUTDOWN flow>4847 srcPort>34377 dst>fd10:23:100::2/21647 
05:40:43.697343 SHUTDOWN flow>4839 srcPort>35235 dst>fd10:23:100::2/21639 
05:40:43.777159 SHUTDOWN flow>4855 srcPort>40095 dst>fd10:23:100::2/21655 
05:40:43.802420 ON flow>5159 srcPort>34785 dst>fd10:23:100::2/21959 
05:40:43.819543 OFF flow>4815 srcPort>36803 dst>fd10:23:100::2/21615 
05:40:43.833852 SHUTDOWN flow>4863 srcPort>33975 dst>fd10:23:100::2/21663 
05:40:43.912106 CONNECT flow>5159 srcPort>34785 dst>fd10:23:100::2/21959 
05:40:43.925107 SHUTDOWN flow>4871 srcPort>39267 dst>fd10:23:100::2/21671 
05:40:44.001701 ON flow>5167 srcPort>41475 dst>fd10:23:100::2/21967 
05:40:44.037595 SHUTDOWN flow>4879 srcPort>42591 dst>fd10:23:100::2/21679 
05:40:44.060871 OFF flow>4823 srcPort>41615 dst>fd10:23:100::2/21623 
05:40:44.106050 SHUTDOWN flow>4887 srcPort>42479 dst>fd10:23:100::2/21687 
05:40:44.109377 CONNECT flow>5167 srcPort>41475 dst>fd10:23:100::2/21967 
05:40:44.115934 ON flow>5175 srcPort>41559 dst>fd10:23:100::2/21975 
05:40:44.219150 CONNECT flow>5175 srcPort>41559 dst>fd10:23:100::2/21975 
05:40:44.233386 OFF flow>4839 srcPort>35235 dst>fd10:23:100::2/21639 
05:40:44.257111 ON flow>5183 srcPort>46155 dst>fd10:23:100::2/21983 
05:40:44.310548 OFF flow>4855 srcPort>40095 dst>fd10:23:100::2/21655 
05:40:44.322470 OFF flow>4871 srcPort>39267 dst>fd10:23:100::2/21671 
05:40:44.333865 SHUTDOWN flow>4895 srcPort>44037 dst>fd10:23:100::2/21695 
05:40:44.357602 CONNECT flow>5183 srcPort>46155 dst>fd10:23:100::2/21983 
05:40:44.385250 OFF flow>4831 srcPort>38391 dst>fd10:23:100::2/21631 
05:40:44.412601 OFF flow>4847 srcPort>34377 dst>fd10:23:100::2/21647 
05:40:44.420474 ON flow>5191 srcPort>46197 dst>fd10:23:100::2/21991 
05:40:44.523524 CONNECT flow>5191 srcPort>46197 dst>fd10:23:100::2/21991 
05:40:44.554163 OFF flow>4863 srcPort>33975 dst>fd10:23:100::2/21663 
05:40:44.577818 ON flow>5199 srcPort>46015 dst>fd10:23:100::2/21999 
05:40:44.581524 SHUTDOWN flow>4911 srcPort>33001 dst>fd10:23:100::2/21711 
05:40:44.595648 SHUTDOWN flow>4903 srcPort>40531 dst>fd10:23:100::2/21703 
05:40:44.683197 CONNECT flow>5199 srcPort>46015 dst>fd10:23:100::2/21999 
05:40:44.701098 ON flow>5207 srcPort>46385 dst>fd10:23:100::2/22007 
05:40:44.701922 SHUTDOWN flow>4919 srcPort>40663 dst>fd10:23:100::2/21719 
05:40:44.748161 OFF flow>4887 srcPort>42479 dst>fd10:23:100::2/21687 
05:40:44.804606 CONNECT flow>5207 srcPort>46385 dst>fd10:23:100::2/22007 
05:40:44.858310 OFF flow>4895 srcPort>44037 dst>fd10:23:100::2/21695 
05:40:44.863643 ON flow>5215 srcPort>37637 dst>fd10:23:100::2/22015 
05:40:44.899232 SHUTDOWN flow>4927 srcPort>46883 dst>fd10:23:100::2/21727 
05:40:44.923318 OFF flow>4879 srcPort>42591 dst>fd10:23:100::2/21679 
05:40:44.968898 CONNECT flow>5215 srcPort>37637 dst>fd10:23:100::2/22015 
05:40:45.007454 ON flow>5223 srcPort>45359 dst>fd10:23:100::2/22023 
05:40:45.019878 SHUTDOWN flow>4935 srcPort>41595 dst>fd10:23:100::2/21735 
05:40:45.081771 ON flow>5231 srcPort>45221 dst>fd10:23:100::2/22031 
05:40:45.104992 CONNECT flow>5223 srcPort>45359 dst>fd10:23:100::2/22023 
05:40:45.148646 SHUTDOWN flow>4943 srcPort>42441 dst>fd10:23:100::2/21743 
05:40:45.175240 CONNECT flow>5231 srcPort>45221 dst>fd10:23:100::2/22031 
05:40:45.202884 ON flow>5239 srcPort>45535 dst>fd10:23:100::2/22039 
05:40:45.220184 SHUTDOWN flow>4951 srcPort>40327 dst>fd10:23:100::2/21751 
05:40:45.308823 CONNECT flow>5239 srcPort>45535 dst>fd10:23:100::2/22039 
05:40:45.321053 SHUTDOWN flow>4959 srcPort>39255 dst>fd10:23:100::2/21759 
05:40:45.412100 SHUTDOWN flow>4967 srcPort>39509 dst>fd10:23:100::2/21767 
05:40:45.417229 OFF flow>4903 srcPort>40531 dst>fd10:23:100::2/21703 
05:40:45.470168 SHUTDOWN flow>4975 srcPort>38475 dst>fd10:23:100::2/21775 
05:40:45.470958 OFF flow>4927 srcPort>46883 dst>fd10:23:100::2/21727 
05:40:45.585501 ON flow>5247 srcPort>43993 dst>fd10:23:100::2/22047 
05:40:45.676013 SHUTDOWN flow>4991 srcPort>41001 dst>fd10:23:100::2/21791 
05:40:45.691736 CONNECT flow>5247 srcPort>43993 dst>fd10:23:100::2/22047 
05:40:45.761147 ON flow>5255 srcPort>42125 dst>fd10:23:100::2/22055 
05:40:45.786947 SHUTDOWN flow>5007 srcPort>35507 dst>fd10:23:100::2/21807 
05:40:45.865307 CONNECT flow>5255 srcPort>42125 dst>fd10:23:100::2/22055 
05:40:45.900132 SHUTDOWN flow>4999 srcPort>33483 dst>fd10:23:100::2/21799 
05:40:45.925995 SHUTDOWN flow>4983 srcPort>42839 dst>fd10:23:100::2/21783 
05:40:45.926093 SHUTDOWN flow>5031 srcPort>43063 dst>fd10:23:100::2/21831 
05:40:45.944971 OFF flow>4959 srcPort>39255 dst>fd10:23:100::2/21759 
05:40:45.952012 ON flow>5263 srcPort>43765 dst>fd10:23:100::2/22063 
05:40:45.999367 SHUTDOWN flow>5015 srcPort>44337 dst>fd10:23:100::2/21815 
05:40:46.060170 CONNECT flow>5263 srcPort>43765 dst>fd10:23:100::2/22063 
05:40:46.083936 SHUTDOWN flow>5023 srcPort>37399 dst>fd10:23:100::2/21823 
05:40:46.108469 ON flow>5271 srcPort>33569 dst>fd10:23:100::2/22071 
05:40:46.162063 SHUTDOWN flow>5047 srcPort>38701 dst>fd10:23:100::2/21847 
05:40:46.216815 CONNECT flow>5271 srcPort>33569 dst>fd10:23:100::2/22071 
05:40:46.235831 OFF flow>5007 srcPort>35507 dst>fd10:23:100::2/21807 
05:40:46.237398 OFF flow>4935 srcPort>41595 dst>fd10:23:100::2/21735 
05:40:46.264449 OFF flow>4943 srcPort>42441 dst>fd10:23:100::2/21743 
05:40:46.270894 OFF flow>4919 srcPort>40663 dst>fd10:23:100::2/21719 
05:40:46.284446 OFF flow>4991 srcPort>41001 dst>fd10:23:100::2/21791 
05:40:46.311150 SHUTDOWN flow>5039 srcPort>44247 dst>fd10:23:100::2/21839 
05:40:46.406161 OFF flow>5047 srcPort>38701 dst>fd10:23:100::2/21847 
05:40:46.406814 OFF flow>5023 srcPort>37399 dst>fd10:23:100::2/21823 
05:40:46.438977 OFF flow>4999 srcPort>33483 dst>fd10:23:100::2/21799 
05:40:46.445952 ON flow>5279 srcPort>32837 dst>fd10:23:100::2/22079 
05:40:46.506741 OFF flow>4975 srcPort>38475 dst>fd10:23:100::2/21775 
05:40:46.549906 CONNECT flow>5279 srcPort>32837 dst>fd10:23:100::2/22079 
05:40:46.571150 OFF flow>4951 srcPort>40327 dst>fd10:23:100::2/21751 
05:40:46.582361 ON flow>5287 srcPort>40377 dst>fd10:23:100::2/22087 
05:40:46.661652 SHUTDOWN flow>5063 srcPort>42721 dst>fd10:23:100::2/21863 
05:40:46.677190 CONNECT flow>5287 srcPort>40377 dst>fd10:23:100::2/22087 
05:40:46.680629 OFF flow>5039 srcPort>44247 dst>fd10:23:100::2/21839 
05:40:46.711496 ON flow>5295 srcPort>34841 dst>fd10:23:100::2/22095 
05:40:46.743996 SHUTDOWN flow>5055 srcPort>36611 dst>fd10:23:100::2/21855 
05:40:46.746952 OFF flow>5015 srcPort>44337 dst>fd10:23:100::2/21815 
05:40:46.751692 OFF flow>5063 srcPort>42721 dst>fd10:23:100::2/21863 
05:40:46.770108 OFF flow>4983 srcPort>42839 dst>fd10:23:100::2/21783 
05:40:46.800647 CONNECT flow>5295 srcPort>34841 dst>fd10:23:100::2/22095 
05:40:46.833157 ON flow>5303 srcPort>42945 dst>fd10:23:100::2/22103 
05:40:46.833769 SHUTDOWN flow>5071 srcPort>42943 dst>fd10:23:100::2/21871 
05:40:46.841688 OFF flow>5031 srcPort>43063 dst>fd10:23:100::2/21831 
05:40:46.917247 CONNECT flow>5303 srcPort>42945 dst>fd10:23:100::2/22103 
05:40:46.919196 OFF flow>4911 srcPort>33001 dst>fd10:23:100::2/21711 
05:40:46.920303 OFF flow>5071 srcPort>42943 dst>fd10:23:100::2/21871 
05:40:46.952008 ON flow>5311 srcPort>42355 dst>fd10:23:100::2/22111 
05:40:46.971376 SHUTDOWN flow>5079 srcPort>35713 dst>fd10:23:100::2/21879 
05:40:47.035868 CONNECT flow>5311 srcPort>42355 dst>fd10:23:100::2/22111 
05:40:47.057128 OFF flow>5079 srcPort>35713 dst>fd10:23:100::2/21879 
05:40:47.097687 ON flow>5319 srcPort>45953 dst>fd10:23:100::2/22119 
05:40:47.114282 SHUTDOWN flow>5087 srcPort>39187 dst>fd10:23:100::2/21887 
05:40:47.181887 CONNECT flow>5319 srcPort>45953 dst>fd10:23:100::2/22119 
05:40:47.190544 ON flow>5327 srcPort>40321 dst>fd10:23:100::2/22127 
05:40:47.196360 OFF flow>5087 srcPort>39187 dst>fd10:23:100::2/21887 
05:40:47.260328 SHUTDOWN flow>5095 srcPort>34513 dst>fd10:23:100::2/21895 
05:40:47.268215 ON flow>5335 srcPort>44863 dst>fd10:23:100::2/22135 
05:40:47.269934 CONNECT flow>5327 srcPort>40321 dst>fd10:23:100::2/22127 
05:40:47.338792 OFF flow>5095 srcPort>34513 dst>fd10:23:100::2/21895 
05:40:47.345374 CONNECT flow>5335 srcPort>44863 dst>fd10:23:100::2/22135 
05:40:47.386073 ON flow>5343 srcPort>44097 dst>fd10:23:100::2/22143 
05:40:47.459716 CONNECT flow>5343 srcPort>44097 dst>fd10:23:100::2/22143 
05:40:47.474834 ON flow>5351 srcPort>36935 dst>fd10:23:100::2/22151 
05:40:47.514233 SHUTDOWN flow>5103 srcPort>45329 dst>fd10:23:100::2/21903 
05:40:47.549225 CONNECT flow>5351 srcPort>36935 dst>fd10:23:100::2/22151 
05:40:47.588888 OFF flow>5103 srcPort>45329 dst>fd10:23:100::2/21903 
05:40:47.625585 OFF flow>5055 srcPort>36611 dst>fd10:23:100::2/21855 
05:40:47.641813 ON flow>5359 srcPort>38753 dst>fd10:23:100::2/22159 
05:40:47.676838 SHUTDOWN flow>5111 srcPort>37215 dst>fd10:23:100::2/21911 
05:40:47.719435 CONNECT flow>5359 srcPort>38753 dst>fd10:23:100::2/22159 
05:40:47.754773 OFF flow>5111 srcPort>37215 dst>fd10:23:100::2/21911 
05:40:47.763169 SHUTDOWN flow>5119 srcPort>45397 dst>fd10:23:100::2/21919 
05:40:47.835365 OFF flow>5119 srcPort>45397 dst>fd10:23:100::2/21919 
05:40:47.864535 ON flow>5367 srcPort>32911 dst>fd10:23:100::2/22167 
05:40:47.934563 CONNECT flow>5367 srcPort>32911 dst>fd10:23:100::2/22167 
05:40:48.008444 SHUTDOWN flow>5127 srcPort>32933 dst>fd10:23:100::2/21927 
05:40:48.013827 SHUTDOWN flow>5135 srcPort>37353 dst>fd10:23:100::2/21935 
05:40:48.072600 OFF flow>5135 srcPort>37353 dst>fd10:23:100::2/21935 
05:40:48.110917 ON flow>5375 srcPort>34901 dst>fd10:23:100::2/22175 
05:40:48.122451 OFF flow>4967 srcPort>39509 dst>fd10:23:100::2/21767 
05:40:48.141232 SHUTDOWN flow>5143 srcPort>45347 dst>fd10:23:100::2/21943 
05:40:48.166696 CONNECT flow>5375 srcPort>34901 dst>fd10:23:100::2/22175 
05:40:48.188552 ON flow>5383 srcPort>41695 dst>fd10:23:100::2/22183 
05:40:48.194233 OFF flow>5143 srcPort>45347 dst>fd10:23:100::2/21943 
05:40:48.226039 OFF flow>5127 srcPort>32933 dst>fd10:23:100::2/21927 
05:40:48.237982 CONNECT flow>5383 srcPort>41695 dst>fd10:23:100::2/22183 
05:40:48.248565 ON flow>5391 srcPort>40867 dst>fd10:23:100::2/22191 
05:40:48.290184 CONNECT flow>5391 srcPort>40867 dst>fd10:23:100::2/22191 
05:40:48.292128 SHUTDOWN flow>5151 srcPort>36253 dst>fd10:23:100::2/21951 
05:40:48.329698 OFF flow>5151 srcPort>36253 dst>fd10:23:100::2/21951 
05:40:48.357786 ON flow>5399 srcPort>37071 dst>fd10:23:100::2/22199 
05:40:48.399197 CONNECT flow>5399 srcPort>37071 dst>fd10:23:100::2/22199 
05:40:48.490507 ON flow>5407 srcPort>38623 dst>fd10:23:100::2/22207 
05:40:48.530716 CONNECT flow>5407 srcPort>38623 dst>fd10:23:100::2/22207 
05:40:48.602127 SHUTDOWN flow>5159 srcPort>34785 dst>fd10:23:100::2/21959 
05:40:48.634359 OFF flow>5159 srcPort>34785 dst>fd10:23:100::2/21959 
05:40:48.677698 ON flow>5415 srcPort>43325 dst>fd10:23:100::2/22215 
05:40:48.713946 CONNECT flow>5415 srcPort>43325 dst>fd10:23:100::2/22215 
05:40:48.801538 SHUTDOWN flow>5167 srcPort>41475 dst>fd10:23:100::2/21967 
05:40:48.823174 ON flow>5423 srcPort>42471 dst>fd10:23:100::2/22223 
05:40:48.834136 OFF flow>5167 srcPort>41475 dst>fd10:23:100::2/21967 
05:40:48.853789 CONNECT flow>5423 srcPort>42471 dst>fd10:23:100::2/22223 
05:40:48.915865 SHUTDOWN flow>5175 srcPort>41559 dst>fd10:23:100::2/21975 
05:40:48.941835 OFF flow>5175 srcPort>41559 dst>fd10:23:100::2/21975 
05:40:48.942349 ON flow>5431 srcPort>38399 dst>fd10:23:100::2/22231 
05:40:48.969960 CONNECT flow>5431 srcPort>38399 dst>fd10:23:100::2/22231 
05:40:49.056936 SHUTDOWN flow>5183 srcPort>46155 dst>fd10:23:100::2/21983 
05:40:49.078189 OFF flow>5183 srcPort>46155 dst>fd10:23:100::2/21983 
05:40:49.088913 ON flow>5439 srcPort>36497 dst>fd10:23:100::2/22239 
05:40:49.110251 CONNECT flow>5439 srcPort>36497 dst>fd10:23:100::2/22239 
05:40:49.183825 ON flow>5447 srcPort>37109 dst>fd10:23:100::2/22247 
05:40:49.197058 CONNECT flow>5447 srcPort>37109 dst>fd10:23:100::2/22247 
05:40:49.220331 SHUTDOWN flow>5191 srcPort>46197 dst>fd10:23:100::2/21991 
05:40:49.234149 OFF flow>5191 srcPort>46197 dst>fd10:23:100::2/21991 
05:40:49.322137 ON flow>5455 srcPort>44631 dst>fd10:23:100::2/22255 
05:40:49.327654 CONNECT flow>5455 srcPort>44631 dst>fd10:23:100::2/22255 
05:40:49.377750 SHUTDOWN flow>5199 srcPort>46015 dst>fd10:23:100::2/21999 
05:40:49.378885 OFF flow>5199 srcPort>46015 dst>fd10:23:100::2/21999 
05:40:49.398711 ON flow>5463 srcPort>39889 dst>fd10:23:100::2/22263 
05:40:49.399919 CONNECT flow>5463 srcPort>39889 dst>fd10:23:100::2/22263 
05:40:49.501034 SHUTDOWN flow>5207 srcPort>46385 dst>fd10:23:100::2/22007 
05:40:49.502864 OFF flow>5207 srcPort>46385 dst>fd10:23:100::2/22007 
05:40:49.545452 ON flow>5471 srcPort>40033 dst>fd10:23:100::2/22271 
05:40:49.546294 CONNECT flow>5471 srcPort>40033 dst>fd10:23:100::2/22271 
05:40:49.663447 SHUTDOWN flow>5215 srcPort>37637 dst>fd10:23:100::2/22015 
05:40:49.664519 OFF flow>5215 srcPort>37637 dst>fd10:23:100::2/22015 
05:40:49.749070 ON flow>5479 srcPort>42755 dst>fd10:23:100::2/22279 
05:40:49.750070 CONNECT flow>5479 srcPort>42755 dst>fd10:23:100::2/22279 
05:40:49.807366 SHUTDOWN flow>5223 srcPort>45359 dst>fd10:23:100::2/22023 
05:40:49.808897 OFF flow>5223 srcPort>45359 dst>fd10:23:100::2/22023 
05:40:49.881664 SHUTDOWN flow>5231 srcPort>45221 dst>fd10:23:100::2/22031 
05:40:49.884314 OFF flow>5231 srcPort>45221 dst>fd10:23:100::2/22031 
05:40:50.001441 ON flow>5487 srcPort>36373 dst>fd10:23:100::2/22287 
05:40:50.002262 CONNECT flow>5487 srcPort>36373 dst>fd10:23:100::2/22287 
05:40:50.002748 SHUTDOWN flow>5239 srcPort>45535 dst>fd10:23:100::2/22039 
05:40:50.003451 OFF flow>5239 srcPort>45535 dst>fd10:23:100::2/22039 
05:40:50.387112 SHUTDOWN flow>5247 srcPort>43993 dst>fd10:23:100::2/22047 
05:40:50.388727 OFF flow>5247 srcPort>43993 dst>fd10:23:100::2/22047 
05:40:50.413906 ON flow>5495 srcPort>43201 dst>fd10:23:100::2/22295 
05:40:50.414318 CONNECT flow>5495 srcPort>43201 dst>fd10:23:100::2/22295 
05:40:50.560941 SHUTDOWN flow>5255 srcPort>42125 dst>fd10:23:100::2/22055 
05:40:50.562432 OFF flow>5255 srcPort>42125 dst>fd10:23:100::2/22055 
05:40:50.624246 ON flow>5503 srcPort>37955 dst>fd10:23:100::2/22303 
05:40:50.624663 CONNECT flow>5503 srcPort>37955 dst>fd10:23:100::2/22303 
05:40:50.751841 SHUTDOWN flow>5263 srcPort>43765 dst>fd10:23:100::2/22063 
05:40:50.752739 OFF flow>5263 srcPort>43765 dst>fd10:23:100::2/22063 
05:40:50.807159 ON flow>5511 srcPort>34131 dst>fd10:23:100::2/22311 
05:40:50.808346 CONNECT flow>5511 srcPort>34131 dst>fd10:23:100::2/22311 
05:40:50.907842 SHUTDOWN flow>5271 srcPort>33569 dst>fd10:23:100::2/22071 
05:40:50.911296 OFF flow>5271 srcPort>33569 dst>fd10:23:100::2/22071 
05:40:50.947966 ON flow>5519 srcPort>34535 dst>fd10:23:100::2/22319 
05:40:50.949547 CONNECT flow>5519 srcPort>34535 dst>fd10:23:100::2/22319 
05:40:51.035013 ON flow>5527 srcPort>46447 dst>fd10:23:100::2/22327 
05:40:51.036251 CONNECT flow>5527 srcPort>46447 dst>fd10:23:100::2/22327 
05:40:51.105652 ON flow>5535 srcPort>43597 dst>fd10:23:100::2/22335 
05:40:51.106842 CONNECT flow>5535 srcPort>43597 dst>fd10:23:100::2/22335 
05:40:51.224657 ON flow>5543 srcPort>39821 dst>fd10:23:100::2/22343 
05:40:51.225603 CONNECT flow>5543 srcPort>39821 dst>fd10:23:100::2/22343 
05:40:51.245830 SHUTDOWN flow>5279 srcPort>32837 dst>fd10:23:100::2/22079 
05:40:51.247402 OFF flow>5279 srcPort>32837 dst>fd10:23:100::2/22079 
05:40:51.263481 ON flow>5551 srcPort>41389 dst>fd10:23:100::2/22351 
05:40:51.264995 CONNECT flow>5551 srcPort>41389 dst>fd10:23:100::2/22351 
05:40:51.322242 ON flow>5559 srcPort>44589 dst>fd10:23:100::2/22359 
05:40:51.325470 CONNECT flow>5559 srcPort>44589 dst>fd10:23:100::2/22359 
05:40:51.382258 SHUTDOWN flow>5287 srcPort>40377 dst>fd10:23:100::2/22087 
05:40:51.384188 OFF flow>5287 srcPort>40377 dst>fd10:23:100::2/22087 
05:40:51.403765 ON flow>5567 srcPort>42541 dst>fd10:23:100::2/22367 
05:40:51.404770 CONNECT flow>5567 srcPort>42541 dst>fd10:23:100::2/22367 
05:40:51.504074 ON flow>5575 srcPort>42033 dst>fd10:23:100::2/22375 
05:40:51.504430 CONNECT flow>5575 srcPort>42033 dst>fd10:23:100::2/22375 
05:40:51.511290 SHUTDOWN flow>5295 srcPort>34841 dst>fd10:23:100::2/22095 
05:40:51.513114 OFF flow>5295 srcPort>34841 dst>fd10:23:100::2/22095 
05:40:51.632867 SHUTDOWN flow>5303 srcPort>42945 dst>fd10:23:100::2/22103 
05:40:51.634208 OFF flow>5303 srcPort>42945 dst>fd10:23:100::2/22103 
05:40:51.649548 ON flow>5583 srcPort>44123 dst>fd10:23:100::2/22383 
05:40:51.650233 CONNECT flow>5583 srcPort>44123 dst>fd10:23:100::2/22383 
05:40:51.751783 SHUTDOWN flow>5311 srcPort>42355 dst>fd10:23:100::2/22111 
05:40:51.753771 OFF flow>5311 srcPort>42355 dst>fd10:23:100::2/22111 
05:40:51.837991 ON flow>5591 srcPort>36223 dst>fd10:23:100::2/22391 
05:40:51.840267 CONNECT flow>5591 srcPort>36223 dst>fd10:23:100::2/22391 
05:40:51.897560 SHUTDOWN flow>5319 srcPort>45953 dst>fd10:23:100::2/22119 
05:40:51.899315 OFF flow>5319 srcPort>45953 dst>fd10:23:100::2/22119 
05:40:51.990439 SHUTDOWN flow>5327 srcPort>40321 dst>fd10:23:100::2/22127 
05:40:51.991056 OFF flow>5327 srcPort>40321 dst>fd10:23:100::2/22127 
05:40:52.068153 SHUTDOWN flow>5335 srcPort>44863 dst>fd10:23:100::2/22135 
05:40:52.068608 OFF flow>5335 srcPort>44863 dst>fd10:23:100::2/22135 
05:40:52.185954 SHUTDOWN flow>5343 srcPort>44097 dst>fd10:23:100::2/22143 
05:40:52.187161 OFF flow>5343 srcPort>44097 dst>fd10:23:100::2/22143 
05:40:52.274798 SHUTDOWN flow>5351 srcPort>36935 dst>fd10:23:100::2/22151 
05:40:52.276429 OFF flow>5351 srcPort>36935 dst>fd10:23:100::2/22151 
05:40:52.377086 ON flow>5599 srcPort>44655 dst>fd10:23:100::2/22399 
05:40:52.377609 CONNECT flow>5599 srcPort>44655 dst>fd10:23:100::2/22399 
05:40:52.441554 SHUTDOWN flow>5359 srcPort>38753 dst>fd10:23:100::2/22159 
05:40:52.442731 OFF flow>5359 srcPort>38753 dst>fd10:23:100::2/22159 
05:40:52.506702 ON flow>5607 srcPort>42019 dst>fd10:23:100::2/22407 
05:40:52.507364 CONNECT flow>5607 srcPort>42019 dst>fd10:23:100::2/22407 
05:40:52.600127 ON flow>5615 srcPort>36605 dst>fd10:23:100::2/22415 
05:40:52.601188 CONNECT flow>5615 srcPort>36605 dst>fd10:23:100::2/22415 
05:40:52.664350 SHUTDOWN flow>5367 srcPort>32911 dst>fd10:23:100::2/22167 
05:40:52.664903 OFF flow>5367 srcPort>32911 dst>fd10:23:100::2/22167 
05:40:52.690017 ON flow>5623 srcPort>38447 dst>fd10:23:100::2/22423 
05:40:52.690632 CONNECT flow>5623 srcPort>38447 dst>fd10:23:100::2/22423 
05:40:52.867462 ON flow>5631 srcPort>39367 dst>fd10:23:100::2/22431 
05:40:52.867798 CONNECT flow>5631 srcPort>39367 dst>fd10:23:100::2/22431 
05:40:52.910765 SHUTDOWN flow>5375 srcPort>34901 dst>fd10:23:100::2/22175 
05:40:52.911653 OFF flow>5375 srcPort>34901 dst>fd10:23:100::2/22175 
05:40:52.982859 ON flow>5639 srcPort>40963 dst>fd10:23:100::2/22439 
05:40:52.984569 CONNECT flow>5639 srcPort>40963 dst>fd10:23:100::2/22439 
05:40:52.988461 SHUTDOWN flow>5383 srcPort>41695 dst>fd10:23:100::2/22183 
05:40:52.989090 OFF flow>5383 srcPort>41695 dst>fd10:23:100::2/22183 
05:40:53.048497 SHUTDOWN flow>5391 srcPort>40867 dst>fd10:23:100::2/22191 
05:40:53.051095 OFF flow>5391 srcPort>40867 dst>fd10:23:100::2/22191 
05:40:53.142453 ON flow>5647 srcPort>36747 dst>fd10:23:100::2/22447 
05:40:53.142907 CONNECT flow>5647 srcPort>36747 dst>fd10:23:100::2/22447 
05:40:53.157567 SHUTDOWN flow>5399 srcPort>37071 dst>fd10:23:100::2/22199 
05:40:53.159879 OFF flow>5399 srcPort>37071 dst>fd10:23:100::2/22199 
05:40:53.255758 ON flow>5655 srcPort>42619 dst>fd10:23:100::2/22455 
05:40:53.256185 CONNECT flow>5655 srcPort>42619 dst>fd10:23:100::2/22455 
05:40:53.290365 SHUTDOWN flow>5407 srcPort>38623 dst>fd10:23:100::2/22207 
05:40:53.291309 OFF flow>5407 srcPort>38623 dst>fd10:23:100::2/22207 
05:40:53.349215 ON flow>5663 srcPort>41129 dst>fd10:23:100::2/22463 
05:40:53.349733 CONNECT flow>5663 srcPort>41129 dst>fd10:23:100::2/22463 
05:40:53.468210 ON flow>5671 srcPort>36023 dst>fd10:23:100::2/22471 
05:40:53.469657 CONNECT flow>5671 srcPort>36023 dst>fd10:23:100::2/22471 
05:40:53.477474 SHUTDOWN flow>5415 srcPort>43325 dst>fd10:23:100::2/22215 
05:40:53.479306 OFF flow>5415 srcPort>43325 dst>fd10:23:100::2/22215 
05:40:53.593680 ON flow>5679 srcPort>38561 dst>fd10:23:100::2/22479 
05:40:53.594453 CONNECT flow>5679 srcPort>38561 dst>fd10:23:100::2/22479 
05:40:53.623080 SHUTDOWN flow>5423 srcPort>42471 dst>fd10:23:100::2/22223 
05:40:53.623572 OFF flow>5423 srcPort>42471 dst>fd10:23:100::2/22223 
05:40:53.663455 ON flow>5687 srcPort>43933 dst>fd10:23:100::2/22487 
05:40:53.664003 CONNECT flow>5687 srcPort>43933 dst>fd10:23:100::2/22487 
05:40:53.742167 SHUTDOWN flow>5431 srcPort>38399 dst>fd10:23:100::2/22231 
05:40:53.743007 OFF flow>5431 srcPort>38399 dst>fd10:23:100::2/22231 
05:40:53.746166 ON flow>5695 srcPort>39543 dst>fd10:23:100::2/22495 
05:40:53.746976 CONNECT flow>5695 srcPort>39543 dst>fd10:23:100::2/22495 
05:40:53.888647 SHUTDOWN flow>5439 srcPort>36497 dst>fd10:23:100::2/22239 
05:40:53.889714 OFF flow>5439 srcPort>36497 dst>fd10:23:100::2/22239 
05:40:53.983661 SHUTDOWN flow>5447 srcPort>37109 dst>fd10:23:100::2/22247 
05:40:53.984754 OFF flow>5447 srcPort>37109 dst>fd10:23:100::2/22247 
05:40:54.020436 ON flow>5703 srcPort>34397 dst>fd10:23:100::2/22503 
05:40:54.021181 CONNECT flow>5703 srcPort>34397 dst>fd10:23:100::2/22503 
05:40:54.121952 SHUTDOWN flow>5455 srcPort>44631 dst>fd10:23:100::2/22255 
05:40:54.122682 OFF flow>5455 srcPort>44631 dst>fd10:23:100::2/22255 
05:40:54.198672 SHUTDOWN flow>5463 srcPort>39889 dst>fd10:23:100::2/22263 
05:40:54.199798 OFF flow>5463 srcPort>39889 dst>fd10:23:100::2/22263 
05:40:54.241304 ON flow>5711 srcPort>39089 dst>fd10:23:100::2/22511 
05:40:54.241866 CONNECT flow>5711 srcPort>39089 dst>fd10:23:100::2/22511 
05:40:54.333820 ON flow>5719 srcPort>33435 dst>fd10:23:100::2/22519 
05:40:54.334527 CONNECT flow>5719 srcPort>33435 dst>fd10:23:100::2/22519 
05:40:54.345354 SHUTDOWN flow>5471 srcPort>40033 dst>fd10:23:100::2/22271 
05:40:54.346163 OFF flow>5471 srcPort>40033 dst>fd10:23:100::2/22271 
05:40:54.392329 ON flow>5727 srcPort>34323 dst>fd10:23:100::2/22527 
05:40:54.392788 CONNECT flow>5727 srcPort>34323 dst>fd10:23:100::2/22527 
05:40:54.459690 ON flow>5735 srcPort>33293 dst>fd10:23:100::2/22535 
05:40:54.461201 CONNECT flow>5735 srcPort>33293 dst>fd10:23:100::2/22535 
05:40:54.548964 SHUTDOWN flow>5479 srcPort>42755 dst>fd10:23:100::2/22279 
05:40:54.550063 OFF flow>5479 srcPort>42755 dst>fd10:23:100::2/22279 
05:40:54.603382 ON flow>5743 srcPort>37613 dst>fd10:23:100::2/22543 
05:40:54.603994 CONNECT flow>5743 srcPort>37613 dst>fd10:23:100::2/22543 
05:40:54.732687 ON flow>5751 srcPort>37747 dst>fd10:23:100::2/22551 
05:40:54.733862 CONNECT flow>5751 srcPort>37747 dst>fd10:23:100::2/22551 
05:40:54.801388 SHUTDOWN flow>5487 srcPort>36373 dst>fd10:23:100::2/22287 
05:40:54.802629 OFF flow>5487 srcPort>36373 dst>fd10:23:100::2/22287 
05:40:54.867469 ON flow>5759 srcPort>44839 dst>fd10:23:100::2/22559 
05:40:54.868691 CONNECT flow>5759 srcPort>44839 dst>fd10:23:100::2/22559 
05:40:55.012571 ON flow>5767 srcPort>43091 dst>fd10:23:100::2/22567 
05:40:55.013544 CONNECT flow>5767 srcPort>43091 dst>fd10:23:100::2/22567 
05:40:55.070483 ON flow>5775 srcPort>39999 dst>fd10:23:100::2/22575 
05:40:55.071708 CONNECT flow>5775 srcPort>39999 dst>fd10:23:100::2/22575 
05:40:55.129450 ON flow>5783 srcPort>45405 dst>fd10:23:100::2/22583 
05:40:55.131208 CONNECT flow>5783 srcPort>45405 dst>fd10:23:100::2/22583 
05:40:55.213772 SHUTDOWN flow>5495 srcPort>43201 dst>fd10:23:100::2/22295 
05:40:55.214465 OFF flow>5495 srcPort>43201 dst>fd10:23:100::2/22295 
05:40:55.238318 ON flow>5791 srcPort>36309 dst>fd10:23:100::2/22591 
05:40:55.242930 CONNECT flow>5791 srcPort>36309 dst>fd10:23:100::2/22591 
05:40:55.424150 SHUTDOWN flow>5503 srcPort>37955 dst>fd10:23:100::2/22303 
05:40:55.432901 OFF flow>5503 srcPort>37955 dst>fd10:23:100::2/22303 
05:40:55.480463 ON flow>5799 srcPort>43017 dst>fd10:23:100::2/22599 
05:40:55.494238 CONNECT flow>5799 srcPort>43017 dst>fd10:23:100::2/22599 
05:40:55.606955 SHUTDOWN flow>5511 srcPort>34131 dst>fd10:23:100::2/22311 
05:40:55.629113 OFF flow>5511 srcPort>34131 dst>fd10:23:100::2/22311 
05:40:55.747905 SHUTDOWN flow>5519 srcPort>34535 dst>fd10:23:100::2/22319 
05:40:55.771171 ON flow>5807 srcPort>40727 dst>fd10:23:100::2/22607 
05:40:55.790395 OFF flow>5519 srcPort>34535 dst>fd10:23:100::2/22319 
05:40:55.818450 CONNECT flow>5807 srcPort>40727 dst>fd10:23:100::2/22607 
05:40:55.834988 SHUTDOWN flow>5527 srcPort>46447 dst>fd10:23:100::2/22327 
05:40:55.840622 ON flow>5815 srcPort>37767 dst>fd10:23:100::2/22615 
05:40:55.897033 OFF flow>5527 srcPort>46447 dst>fd10:23:100::2/22327 
05:40:55.902755 CONNECT flow>5815 srcPort>37767 dst>fd10:23:100::2/22615 
05:40:55.905355 SHUTDOWN flow>5535 srcPort>43597 dst>fd10:23:100::2/22335 
05:40:55.907293 ON flow>5823 srcPort>41625 dst>fd10:23:100::2/22623 
05:40:55.980314 ON flow>5831 srcPort>46633 dst>fd10:23:100::2/22631 
05:40:55.988449 OFF flow>5535 srcPort>43597 dst>fd10:23:100::2/22335 
05:40:55.995700 CONNECT flow>5823 srcPort>41625 dst>fd10:23:100::2/22623 
05:40:56.024585 SHUTDOWN flow>5543 srcPort>39821 dst>fd10:23:100::2/22343 
05:40:56.063285 SHUTDOWN flow>5551 srcPort>41389 dst>fd10:23:100::2/22351 
05:40:56.072185 ON flow>5839 srcPort>41369 dst>fd10:23:100::2/22639 
05:40:56.090395 CONNECT flow>5831 srcPort>46633 dst>fd10:23:100::2/22631 
05:40:56.122341 SHUTDOWN flow>5559 srcPort>44589 dst>fd10:23:100::2/22359 
05:40:56.141791 OFF flow>5543 srcPort>39821 dst>fd10:23:100::2/22343 
05:40:56.180931 OFF flow>5551 srcPort>41389 dst>fd10:23:100::2/22351 
05:40:56.188956 CONNECT flow>5839 srcPort>41369 dst>fd10:23:100::2/22639 
05:40:56.197024 ON flow>5847 srcPort>39191 dst>fd10:23:100::2/22647 
05:40:56.203570 SHUTDOWN flow>5567 srcPort>42541 dst>fd10:23:100::2/22367 
05:40:56.231775 ON flow>5855 srcPort>45071 dst>fd10:23:100::2/22655 
05:40:56.294779 ON flow>5863 srcPort>45263 dst>fd10:23:100::2/22663 
05:40:56.294804 OFF flow>5559 srcPort>44589 dst>fd10:23:100::2/22359 
05:40:56.303965 SHUTDOWN flow>5575 srcPort>42033 dst>fd10:23:100::2/22375 
05:40:56.306753 CONNECT flow>5847 srcPort>39191 dst>fd10:23:100::2/22647 
05:40:56.338480 CONNECT flow>5855 srcPort>45071 dst>fd10:23:100::2/22655 
05:40:56.405935 CONNECT flow>5863 srcPort>45263 dst>fd10:23:100::2/22663 
05:40:56.425983 ON flow>5871 srcPort>42241 dst>fd10:23:100::2/22671 
05:40:56.449465 SHUTDOWN flow>5583 srcPort>44123 dst>fd10:23:100::2/22383 
05:40:56.493368 OFF flow>5575 srcPort>42033 dst>fd10:23:100::2/22375 
05:40:56.509100 ON flow>5879 srcPort>33117 dst>fd10:23:100::2/22679 
05:40:56.538819 OFF flow>5567 srcPort>42541 dst>fd10:23:100::2/22367 
05:40:56.542601 CONNECT flow>5871 srcPort>42241 dst>fd10:23:100::2/22671 
05:40:56.608861 ON flow>5887 srcPort>35813 dst>fd10:23:100::2/22687 
05:40:56.627270 CONNECT flow>5879 srcPort>33117 dst>fd10:23:100::2/22679 
05:40:56.637902 SHUTDOWN flow>5591 srcPort>36223 dst>fd10:23:100::2/22391 
05:40:56.666731 ON flow>5895 srcPort>46263 dst>fd10:23:100::2/22695 
05:40:56.721971 CONNECT flow>5887 srcPort>35813 dst>fd10:23:100::2/22687 
05:40:56.754129 OFF flow>5591 srcPort>36223 dst>fd10:23:100::2/22391 
05:40:56.780717 CONNECT flow>5895 srcPort>46263 dst>fd10:23:100::2/22695 
05:40:56.807246 ON flow>5903 srcPort>39643 dst>fd10:23:100::2/22703 
05:40:56.831201 OFF flow>5583 srcPort>44123 dst>fd10:23:100::2/22383 
05:40:56.901549 ON flow>5911 srcPort>33441 dst>fd10:23:100::2/22711 
05:40:56.922164 CONNECT flow>5903 srcPort>39643 dst>fd10:23:100::2/22703 
05:40:57.016921 ON flow>5919 srcPort>33467 dst>fd10:23:100::2/22719 
05:40:57.017584 CONNECT flow>5911 srcPort>33441 dst>fd10:23:100::2/22711 
05:40:57.088115 ON flow>5927 srcPort>40329 dst>fd10:23:100::2/22727 
05:40:57.126903 CONNECT flow>5919 srcPort>33467 dst>fd10:23:100::2/22719 
05:40:57.169312 ON flow>5935 srcPort>40537 dst>fd10:23:100::2/22735 
05:40:57.199636 CONNECT flow>5927 srcPort>40329 dst>fd10:23:100::2/22727 
05:40:57.259708 ON flow>5943 srcPort>42095 dst>fd10:23:100::2/22743 
05:40:57.275481 SHUTDOWN flow>5599 srcPort>44655 dst>fd10:23:100::2/22399 
05:40:57.284394 CONNECT flow>5935 srcPort>40537 dst>fd10:23:100::2/22735 
05:40:57.306616 SHUTDOWN flow>5607 srcPort>42019 dst>fd10:23:100::2/22407 
05:40:57.345458 ON flow>5951 srcPort>45311 dst>fd10:23:100::2/22751 
05:40:57.371591 CONNECT flow>5943 srcPort>42095 dst>fd10:23:100::2/22743 
05:40:57.400050 SHUTDOWN flow>5615 srcPort>36605 dst>fd10:23:100::2/22415 
05:40:57.420028 ON flow>5959 srcPort>43409 dst>fd10:23:100::2/22759 
05:40:57.451421 CONNECT flow>5951 srcPort>45311 dst>fd10:23:100::2/22751 
05:40:57.489972 SHUTDOWN flow>5623 srcPort>38447 dst>fd10:23:100::2/22423 
05:40:57.526897 CONNECT flow>5959 srcPort>43409 dst>fd10:23:100::2/22759 
05:40:57.577062 OFF flow>5607 srcPort>42019 dst>fd10:23:100::2/22407 
05:40:57.608835 ON flow>5967 srcPort>42531 dst>fd10:23:100::2/22767 
05:40:57.667371 SHUTDOWN flow>5631 srcPort>39367 dst>fd10:23:100::2/22431 
05:40:57.721358 CONNECT flow>5967 srcPort>42531 dst>fd10:23:100::2/22767 
05:40:57.783009 SHUTDOWN flow>5639 srcPort>40963 dst>fd10:23:100::2/22439 
05:40:57.807299 ON flow>5975 srcPort>42937 dst>fd10:23:100::2/22775 
05:40:57.892539 ON flow>5983 srcPort>45747 dst>fd10:23:100::2/22783 
05:40:57.918526 CONNECT flow>5975 srcPort>42937 dst>fd10:23:100::2/22775 
05:40:57.942611 SHUTDOWN flow>5647 srcPort>36747 dst>fd10:23:100::2/22447 
05:40:57.950570 OFF flow>5615 srcPort>36605 dst>fd10:23:100::2/22415 
05:40:57.963275 OFF flow>5623 srcPort>38447 dst>fd10:23:100::2/22423 
05:40:58.005206 CONNECT flow>5983 srcPort>45747 dst>fd10:23:100::2/22783 
05:40:58.030997 ON flow>5991 srcPort>35011 dst>fd10:23:100::2/22791 
05:40:58.040801 OFF flow>5599 srcPort>44655 dst>fd10:23:100::2/22399 
05:40:58.055717 SHUTDOWN flow>5655 srcPort>42619 dst>fd10:23:100::2/22455 
05:40:58.138692 OFF flow>5631 srcPort>39367 dst>fd10:23:100::2/22431 
05:40:58.139029 CONNECT flow>5991 srcPort>35011 dst>fd10:23:100::2/22791 
05:40:58.174542 OFF flow>5639 srcPort>40963 dst>fd10:23:100::2/22439 
05:40:58.186588 ON flow>5999 srcPort>35175 dst>fd10:23:100::2/22799 
05:40:58.268081 SHUTDOWN flow>5671 srcPort>36023 dst>fd10:23:100::2/22471 
05:40:58.285504 CONNECT flow>5999 srcPort>35175 dst>fd10:23:100::2/22799 
05:40:58.287779 SHUTDOWN flow>5663 srcPort>41129 dst>fd10:23:100::2/22463 
05:40:58.393616 SHUTDOWN flow>5679 srcPort>38561 dst>fd10:23:100::2/22479 
05:40:58.446412 ON flow>6007 srcPort>39175 dst>fd10:23:100::2/22807 
05:40:58.463710 SHUTDOWN flow>5687 srcPort>43933 dst>fd10:23:100::2/22487 
05:40:58.556445 CONNECT flow>6007 srcPort>39175 dst>fd10:23:100::2/22807 
05:40:58.629523 OFF flow>5655 srcPort>42619 dst>fd10:23:100::2/22455 
05:40:58.650921 ON flow>6015 srcPort>38459 dst>fd10:23:100::2/22815 
05:40:58.729136 ON flow>6023 srcPort>46329 dst>fd10:23:100::2/22823 
05:40:58.762407 CONNECT flow>6015 srcPort>38459 dst>fd10:23:100::2/22815 
05:40:58.776988 ON flow>6031 srcPort>45699 dst>fd10:23:100::2/22831 
05:40:58.813614 SHUTDOWN flow>5695 srcPort>39543 dst>fd10:23:100::2/22495 
05:40:58.842223 CONNECT flow>6023 srcPort>46329 dst>fd10:23:100::2/22823 
05:40:58.849775 SHUTDOWN flow>5703 srcPort>34397 dst>fd10:23:100::2/22503 
05:40:58.866003 ON flow>6039 srcPort>45459 dst>fd10:23:100::2/22839 
05:40:58.889231 CONNECT flow>6031 srcPort>45699 dst>fd10:23:100::2/22831 
05:40:58.939214 ON flow>6047 srcPort>35749 dst>fd10:23:100::2/22847 
05:40:58.979452 CONNECT flow>6039 srcPort>45459 dst>fd10:23:100::2/22839 
05:40:59.014654 ON flow>6055 srcPort>46055 dst>fd10:23:100::2/22855 
05:40:59.046986 SHUTDOWN flow>5711 srcPort>39089 dst>fd10:23:100::2/22511 
05:40:59.050247 CONNECT flow>6047 srcPort>35749 dst>fd10:23:100::2/22847 
05:40:59.089749 ON flow>6063 srcPort>42589 dst>fd10:23:100::2/22863 
05:40:59.128746 CONNECT flow>6055 srcPort>46055 dst>fd10:23:100::2/22855 
05:40:59.133745 SHUTDOWN flow>5719 srcPort>33435 dst>fd10:23:100::2/22519 
05:40:59.155911 ON flow>6071 srcPort>37367 dst>fd10:23:100::2/22871 
05:40:59.200635 CONNECT flow>6063 srcPort>42589 dst>fd10:23:100::2/22863 
05:40:59.211000 ON flow>6079 srcPort>38445 dst>fd10:23:100::2/22879 
05:40:59.267665 CONNECT flow>6071 srcPort>37367 dst>fd10:23:100::2/22871 
05:40:59.292644 ON flow>6087 srcPort>33925 dst>fd10:23:100::2/22887 
05:40:59.311820 SHUTDOWN flow>5727 srcPort>34323 dst>fd10:23:100::2/22527 
05:40:59.320587 CONNECT flow>6079 srcPort>38445 dst>fd10:23:100::2/22879 
05:40:59.403234 SHUTDOWN flow>5743 srcPort>37613 dst>fd10:23:100::2/22543 
05:40:59.404263 CONNECT flow>6087 srcPort>33925 dst>fd10:23:100::2/22887 
05:40:59.463379 ON flow>6095 srcPort>39123 dst>fd10:23:100::2/22895 
05:40:59.532591 SHUTDOWN flow>5751 srcPort>37747 dst>fd10:23:100::2/22551 
05:40:59.575496 CONNECT flow>6095 srcPort>39123 dst>fd10:23:100::2/22895 
05:40:59.603414 SHUTDOWN flow>5735 srcPort>33293 dst>fd10:23:100::2/22535 
05:40:59.648606 ON flow>6103 srcPort>33099 dst>fd10:23:100::2/22903 
05:40:59.766040 OFF flow>5671 srcPort>36023 dst>fd10:23:100::2/22471 
05:40:59.766355 CONNECT flow>6103 srcPort>33099 dst>fd10:23:100::2/22903 
05:40:59.812491 SHUTDOWN flow>5767 srcPort>43091 dst>fd10:23:100::2/22567 
05:40:59.842282 ON flow>6111 srcPort>33145 dst>fd10:23:100::2/22911 
05:40:59.926050 OFF flow>5727 srcPort>34323 dst>fd10:23:100::2/22527 
05:40:59.945999 CONNECT flow>6111 srcPort>33145 dst>fd10:23:100::2/22911 
05:40:59.990114 OFF flow>5743 srcPort>37613 dst>fd10:23:100::2/22543 
05:41:00.039009 OFF flow>5703 srcPort>34397 dst>fd10:23:100::2/22503 
05:41:00.047712 ON flow>6119 srcPort>46373 dst>fd10:23:100::2/22919 
05:41:00.159727 CONNECT flow>6119 srcPort>46373 dst>fd10:23:100::2/22919 
05:41:00.171197 ON flow>6127 srcPort>35457 dst>fd10:23:100::2/22927 
05:41:00.237349 OFF flow>5679 srcPort>38561 dst>fd10:23:100::2/22479 
05:41:00.284306 CONNECT flow>6127 srcPort>35457 dst>fd10:23:100::2/22927 
05:41:00.300622 OFF flow>5695 srcPort>39543 dst>fd10:23:100::2/22495 
05:41:00.315781 OFF flow>5687 srcPort>43933 dst>fd10:23:100::2/22487 
05:41:00.317231 ON flow>6135 srcPort>42723 dst>fd10:23:100::2/22935 
05:41:00.409268 SHUTDOWN flow>5783 srcPort>45405 dst>fd10:23:100::2/22583 
05:41:00.424344 ON flow>6143 srcPort>39279 dst>fd10:23:100::2/22943 
05:41:00.428860 CONNECT flow>6135 srcPort>42723 dst>fd10:23:100::2/22935 
05:41:00.460357 OFF flow>5647 srcPort>36747 dst>fd10:23:100::2/22447 
05:41:00.474148 SHUTDOWN flow>5791 srcPort>36309 dst>fd10:23:100::2/22591 
05:41:00.482564 OFF flow>5711 srcPort>39089 dst>fd10:23:100::2/22511 
05:41:00.516730 ON flow>6151 srcPort>36249 dst>fd10:23:100::2/22951 
05:41:00.535163 CONNECT flow>6143 srcPort>39279 dst>fd10:23:100::2/22943 
05:41:00.535780 SHUTDOWN flow>5799 srcPort>43017 dst>fd10:23:100::2/22599 
05:41:00.566912 ON flow>6159 srcPort>43235 dst>fd10:23:100::2/22959 
05:41:00.627441 CONNECT flow>6151 srcPort>36249 dst>fd10:23:100::2/22951 
05:41:00.678053 CONNECT flow>6159 srcPort>43235 dst>fd10:23:100::2/22959 
05:41:00.682217 SHUTDOWN flow>5775 srcPort>39999 dst>fd10:23:100::2/22575 
05:41:00.729804 ON flow>6167 srcPort>43935 dst>fd10:23:100::2/22967 
05:41:00.768554 SHUTDOWN flow>5759 srcPort>44839 dst>fd10:23:100::2/22559 
05:41:00.774736 OFF flow>5719 srcPort>33435 dst>fd10:23:100::2/22519 
05:41:00.814088 SHUTDOWN flow>5807 srcPort>40727 dst>fd10:23:100::2/22607 
05:41:00.818258 ON flow>6175 srcPort>40373 dst>fd10:23:100::2/22975 
05:41:00.840709 CONNECT flow>6167 srcPort>43935 dst>fd10:23:100::2/22967 
05:41:00.871992 SHUTDOWN flow>5839 srcPort>41369 dst>fd10:23:100::2/22639 
05:41:00.932962 CONNECT flow>6175 srcPort>40373 dst>fd10:23:100::2/22975 
05:41:00.933260 ON flow>6183 srcPort>33715 dst>fd10:23:100::2/22983 
05:41:00.955431 SHUTDOWN flow>5815 srcPort>37767 dst>fd10:23:100::2/22615 
05:41:00.978053 OFF flow>5663 srcPort>41129 dst>fd10:23:100::2/22463 
05:41:00.985981 OFF flow>5839 srcPort>41369 dst>fd10:23:100::2/22639 
05:41:01.044203 CONNECT flow>6183 srcPort>33715 dst>fd10:23:100::2/22983 
05:41:01.094631 SHUTDOWN flow>5863 srcPort>45263 dst>fd10:23:100::2/22663 
05:41:01.103072 ON flow>6191 srcPort>36811 dst>fd10:23:100::2/22991 
05:41:01.210740 CONNECT flow>6191 srcPort>36811 dst>fd10:23:100::2/22991 
05:41:01.272415 SHUTDOWN flow>5871 srcPort>42241 dst>fd10:23:100::2/22671 
05:41:01.292522 ON flow>6199 srcPort>39545 dst>fd10:23:100::2/22999 
05:41:01.404758 CONNECT flow>6199 srcPort>39545 dst>fd10:23:100::2/22999 
05:41:01.408897 SHUTDOWN flow>5887 srcPort>35813 dst>fd10:23:100::2/22687 
05:41:01.443591 SHUTDOWN flow>5831 srcPort>46633 dst>fd10:23:100::2/22631 
05:41:01.467015 SHUTDOWN flow>5895 srcPort>46263 dst>fd10:23:100::2/22695 
05:41:01.472840 OFF flow>5735 srcPort>33293 dst>fd10:23:100::2/22535 
05:41:01.482739 ON flow>6207 srcPort>39907 dst>fd10:23:100::2/23007 
05:41:01.573074 SHUTDOWN flow>5847 srcPort>39191 dst>fd10:23:100::2/22647 
05:41:01.595872 CONNECT flow>6207 srcPort>39907 dst>fd10:23:100::2/23007 
05:41:01.607076 SHUTDOWN flow>5903 srcPort>39643 dst>fd10:23:100::2/22703 
05:41:01.677963 SHUTDOWN flow>5823 srcPort>41625 dst>fd10:23:100::2/22623 
05:41:01.680979 OFF flow>5815 srcPort>37767 dst>fd10:23:100::2/22615 
05:41:01.684104 ON flow>6215 srcPort>38679 dst>fd10:23:100::2/23015 
05:41:01.701214 SHUTDOWN flow>5911 srcPort>33441 dst>fd10:23:100::2/22711 
05:41:01.758057 SHUTDOWN flow>5879 srcPort>33117 dst>fd10:23:100::2/22679 
05:41:01.792951 CONNECT flow>6215 srcPort>38679 dst>fd10:23:100::2/23015 
05:41:01.793265 ON flow>6223 srcPort>38977 dst>fd10:23:100::2/23023 
05:41:01.863860 SHUTDOWN flow>5919 srcPort>33467 dst>fd10:23:100::2/22719 
05:41:01.872573 SHUTDOWN flow>5855 srcPort>45071 dst>fd10:23:100::2/22655 
05:41:01.887878 SHUTDOWN flow>5927 srcPort>40329 dst>fd10:23:100::2/22727 
05:41:01.888314 ON flow>6231 srcPort>33727 dst>fd10:23:100::2/23031 
05:41:01.904580 CONNECT flow>6223 srcPort>38977 dst>fd10:23:100::2/23023 
05:41:01.997888 CONNECT flow>6231 srcPort>33727 dst>fd10:23:100::2/23031 
05:41:02.021038 ON flow>6239 srcPort>33583 dst>fd10:23:100::2/23039 
05:41:02.059193 SHUTDOWN flow>5943 srcPort>42095 dst>fd10:23:100::2/22743 
05:41:02.116255 OFF flow>5783 srcPort>45405 dst>fd10:23:100::2/22583 
05:41:02.130718 ON flow>6247 srcPort>41645 dst>fd10:23:100::2/23047 
05:41:02.132908 CONNECT flow>6239 srcPort>33583 dst>fd10:23:100::2/23039 
05:41:02.161433 OFF flow>5887 srcPort>35813 dst>fd10:23:100::2/22687 
05:41:02.200596 OFF flow>5831 srcPort>46633 dst>fd10:23:100::2/22631 
05:41:02.219904 SHUTDOWN flow>5959 srcPort>43409 dst>fd10:23:100::2/22759 
05:41:02.241444 CONNECT flow>6247 srcPort>41645 dst>fd10:23:100::2/23047 
05:41:02.252792 OFF flow>5751 srcPort>37747 dst>fd10:23:100::2/22551 
05:41:02.260168 ON flow>6255 srcPort>43829 dst>fd10:23:100::2/23055 
05:41:02.276447 SHUTDOWN flow>5935 srcPort>40537 dst>fd10:23:100::2/22735 
05:41:02.338088 OFF flow>5799 srcPort>43017 dst>fd10:23:100::2/22599 
05:41:02.363441 OFF flow>5895 srcPort>46263 dst>fd10:23:100::2/22695 
05:41:02.373215 CONNECT flow>6255 srcPort>43829 dst>fd10:23:100::2/23055 
05:41:02.410295 ON flow>6263 srcPort>37253 dst>fd10:23:100::2/23063 
05:41:02.488308 OFF flow>5919 srcPort>33467 dst>fd10:23:100::2/22719 
05:41:02.501464 OFF flow>5767 srcPort>43091 dst>fd10:23:100::2/22567 
05:41:02.504517 OFF flow>5863 srcPort>45263 dst>fd10:23:100::2/22663 
05:41:02.521881 CONNECT flow>6263 srcPort>37253 dst>fd10:23:100::2/23063 
05:41:02.545568 ON flow>6271 srcPort>43079 dst>fd10:23:100::2/23071 
05:41:02.587194 OFF flow>5807 srcPort>40727 dst>fd10:23:100::2/22607 
05:41:02.607413 SHUTDOWN flow>5975 srcPort>42937 dst>fd10:23:100::2/22775 
05:41:02.635593 ON flow>6279 srcPort>38409 dst>fd10:23:100::2/23079 
05:41:02.654501 CONNECT flow>6271 srcPort>43079 dst>fd10:23:100::2/23071 
05:41:02.692220 SHUTDOWN flow>5983 srcPort>45747 dst>fd10:23:100::2/22783 
05:41:02.710067 OFF flow>5903 srcPort>39643 dst>fd10:23:100::2/22703 
05:41:02.718799 ON flow>6287 srcPort>37483 dst>fd10:23:100::2/23087 
05:41:02.746100 CONNECT flow>6279 srcPort>38409 dst>fd10:23:100::2/23079 
05:41:02.800779 ON flow>6295 srcPort>35705 dst>fd10:23:100::2/23095 
05:41:02.826948 CONNECT flow>6287 srcPort>37483 dst>fd10:23:100::2/23087 
05:41:02.830950 SHUTDOWN flow>5991 srcPort>35011 dst>fd10:23:100::2/22791 
05:41:02.876741 OFF flow>5871 srcPort>42241 dst>fd10:23:100::2/22671 
05:41:02.913419 CONNECT flow>6295 srcPort>35705 dst>fd10:23:100::2/23095 
05:41:02.918839 ON flow>6303 srcPort>33939 dst>fd10:23:100::2/23103 
05:41:02.944441 OFF flow>5959 srcPort>43409 dst>fd10:23:100::2/22759 
05:41:02.953911 SHUTDOWN flow>5967 srcPort>42531 dst>fd10:23:100::2/22767 
05:41:02.981462 ON flow>6311 srcPort>46595 dst>fd10:23:100::2/23111 
05:41:02.998815 SHUTDOWN flow>5999 srcPort>35175 dst>fd10:23:100::2/22799 
05:41:03.013609 OFF flow>5943 srcPort>42095 dst>fd10:23:100::2/22743 
05:41:03.030663 CONNECT flow>6303 srcPort>33939 dst>fd10:23:100::2/23103 
05:41:03.071323 OFF flow>5991 srcPort>35011 dst>fd10:23:100::2/22791 
05:41:03.075094 SHUTDOWN flow>5951 srcPort>45311 dst>fd10:23:100::2/22751 
05:41:03.096060 CONNECT flow>6311 srcPort>46595 dst>fd10:23:100::2/23111 
05:41:03.201569 ON flow>6319 srcPort>44543 dst>fd10:23:100::2/23119 
05:41:03.246326 SHUTDOWN flow>6007 srcPort>39175 dst>fd10:23:100::2/22807 
05:41:03.313534 CONNECT flow>6319 srcPort>44543 dst>fd10:23:100::2/23119 
05:41:03.346485 OFF flow>5775 srcPort>39999 dst>fd10:23:100::2/22575 
05:41:03.393028 OFF flow>5975 srcPort>42937 dst>fd10:23:100::2/22775 
05:41:03.428365 OFF flow>5759 srcPort>44839 dst>fd10:23:100::2/22559 
05:41:03.487131 OFF flow>5935 srcPort>40537 dst>fd10:23:100::2/22735 
05:41:03.494116 OFF flow>5927 srcPort>40329 dst>fd10:23:100::2/22727 
05:41:03.501827 OFF flow>5879 srcPort>33117 dst>fd10:23:100::2/22679 
05:41:03.527033 ON flow>6327 srcPort>42769 dst>fd10:23:100::2/23127 
05:41:03.559736 SHUTDOWN flow>6023 srcPort>46329 dst>fd10:23:100::2/22823 
05:41:03.635044 CONNECT flow>6327 srcPort>42769 dst>fd10:23:100::2/23127 
05:41:03.665503 SHUTDOWN flow>6039 srcPort>45459 dst>fd10:23:100::2/22839 
05:41:03.738928 SHUTDOWN flow>6047 srcPort>35749 dst>fd10:23:100::2/22847 
05:41:03.741329 ON flow>6335 srcPort>42081 dst>fd10:23:100::2/23135 
05:41:03.767766 OFF flow>6039 srcPort>45459 dst>fd10:23:100::2/22839 
05:41:03.833102 SHUTDOWN flow>6015 srcPort>38459 dst>fd10:23:100::2/22815 
05:41:03.840006 OFF flow>6047 srcPort>35749 dst>fd10:23:100::2/22847 
05:41:03.843173 CONNECT flow>6335 srcPort>42081 dst>fd10:23:100::2/23135 
05:41:03.889600 SHUTDOWN flow>6063 srcPort>42589 dst>fd10:23:100::2/22863 
05:41:03.938668 SHUTDOWN flow>6031 srcPort>45699 dst>fd10:23:100::2/22831 
05:41:03.955517 SHUTDOWN flow>6071 srcPort>37367 dst>fd10:23:100::2/22871 
05:41:03.976743 ON flow>6343 srcPort>34949 dst>fd10:23:100::2/23143 
05:41:04.010826 SHUTDOWN flow>6079 srcPort>38445 dst>fd10:23:100::2/22879 
05:41:04.071899 SHUTDOWN flow>6055 srcPort>46055 dst>fd10:23:100::2/22855 
05:41:04.080556 CONNECT flow>6343 srcPort>34949 dst>fd10:23:100::2/23143 
05:41:04.095365 OFF flow>5911 srcPort>33441 dst>fd10:23:100::2/22711 
05:41:04.104628 OFF flow>5847 srcPort>39191 dst>fd10:23:100::2/22647 
05:41:04.123866 OFF flow>6079 srcPort>38445 dst>fd10:23:100::2/22879 
05:41:04.124108 ON flow>6351 srcPort>39833 dst>fd10:23:100::2/23151 
05:41:04.156803 OFF flow>5791 srcPort>36309 dst>fd10:23:100::2/22591 
05:41:04.160818 OFF flow>6023 srcPort>46329 dst>fd10:23:100::2/22823 
05:41:04.229245 CONNECT flow>6351 srcPort>39833 dst>fd10:23:100::2/23151 
05:41:04.401039 SHUTDOWN flow>6087 srcPort>33925 dst>fd10:23:100::2/22887 
05:41:04.519913 ON flow>6359 srcPort>41307 dst>fd10:23:100::2/23159 
05:41:04.603662 SHUTDOWN flow>6095 srcPort>39123 dst>fd10:23:100::2/22895 
05:41:04.616162 OFF flow>6071 srcPort>37367 dst>fd10:23:100::2/22871 
05:41:04.625065 OFF flow>5823 srcPort>41625 dst>fd10:23:100::2/22623 
05:41:04.626147 CONNECT flow>6359 srcPort>41307 dst>fd10:23:100::2/23159 
05:41:04.642032 SHUTDOWN flow>6111 srcPort>33145 dst>fd10:23:100::2/22911 
05:41:04.659853 OFF flow>6063 srcPort>42589 dst>fd10:23:100::2/22863 
05:41:04.703731 OFF flow>6031 srcPort>45699 dst>fd10:23:100::2/22831 
05:41:04.743380 SHUTDOWN flow>6103 srcPort>33099 dst>fd10:23:100::2/22903 
05:41:04.744728 OFF flow>6111 srcPort>33145 dst>fd10:23:100::2/22911 
05:41:04.904250 ON flow>6367 srcPort>35223 dst>fd10:23:100::2/23167 
05:41:05.008921 CONNECT flow>6367 srcPort>35223 dst>fd10:23:100::2/23167 
05:41:05.017491 OFF flow>6055 srcPort>46055 dst>fd10:23:100::2/22855 
05:41:05.052783 SHUTDOWN flow>6119 srcPort>46373 dst>fd10:23:100::2/22919 
05:41:05.087234 OFF flow>6007 srcPort>39175 dst>fd10:23:100::2/22807 
05:41:05.096711 OFF flow>5855 srcPort>45071 dst>fd10:23:100::2/22655 
05:41:05.117148 SHUTDOWN flow>6135 srcPort>42723 dst>fd10:23:100::2/22935 
05:41:05.147564 SHUTDOWN flow>6127 srcPort>35457 dst>fd10:23:100::2/22927 
05:41:05.185558 ON flow>6375 srcPort>38725 dst>fd10:23:100::2/23175 
05:41:05.202437 OFF flow>5983 srcPort>45747 dst>fd10:23:100::2/22783 
05:41:05.227180 OFF flow>6087 srcPort>33925 dst>fd10:23:100::2/22887 
05:41:05.258232 OFF flow>5967 srcPort>42531 dst>fd10:23:100::2/22767 
05:41:05.285902 CONNECT flow>6375 srcPort>38725 dst>fd10:23:100::2/23175 
05:41:05.316339 SHUTDOWN flow>6151 srcPort>36249 dst>fd10:23:100::2/22951 
05:41:05.346383 OFF flow>6095 srcPort>39123 dst>fd10:23:100::2/22895 
05:41:05.414220 ON flow>6383 srcPort>38473 dst>fd10:23:100::2/23183 
05:41:05.447296 SHUTDOWN flow>6143 srcPort>39279 dst>fd10:23:100::2/22943 
05:41:05.509073 SHUTDOWN flow>6159 srcPort>43235 dst>fd10:23:100::2/22959 
05:41:05.512243 CONNECT flow>6383 srcPort>38473 dst>fd10:23:100::2/23183 
05:41:05.529328 SHUTDOWN flow>6167 srcPort>43935 dst>fd10:23:100::2/22967 
05:41:05.533975 OFF flow>6151 srcPort>36249 dst>fd10:23:100::2/22951 
05:41:05.547358 ON flow>6391 srcPort>36841 dst>fd10:23:100::2/23191 
05:41:05.586046 OFF flow>6103 srcPort>33099 dst>fd10:23:100::2/22903 
05:41:05.618139 SHUTDOWN flow>6175 srcPort>40373 dst>fd10:23:100::2/22975 
05:41:05.628959 OFF flow>6167 srcPort>43935 dst>fd10:23:100::2/22967 
05:41:05.647878 CONNECT flow>6391 srcPort>36841 dst>fd10:23:100::2/23191 
05:41:05.712694 OFF flow>6175 srcPort>40373 dst>fd10:23:100::2/22975 
05:41:05.732969 SHUTDOWN flow>6183 srcPort>33715 dst>fd10:23:100::2/22983 
05:41:05.763266 OFF flow>5999 srcPort>35175 dst>fd10:23:100::2/22799 
05:41:05.793436 OFF flow>6119 srcPort>46373 dst>fd10:23:100::2/22919 
05:41:05.811802 ON flow>6399 srcPort>44557 dst>fd10:23:100::2/23199 
05:41:05.819763 OFF flow>6127 srcPort>35457 dst>fd10:23:100::2/22927 
05:41:05.822287 OFF flow>6183 srcPort>33715 dst>fd10:23:100::2/22983 
05:41:05.896627 CONNECT flow>6399 srcPort>44557 dst>fd10:23:100::2/23199 
05:41:05.902809 SHUTDOWN flow>6191 srcPort>36811 dst>fd10:23:100::2/22991 
05:41:05.907693 ON flow>6407 srcPort>43369 dst>fd10:23:100::2/23207 
05:41:05.972996 ON flow>6415 srcPort>41587 dst>fd10:23:100::2/23215 
05:41:05.989001 OFF flow>6191 srcPort>36811 dst>fd10:23:100::2/22991 
05:41:05.994477 CONNECT flow>6407 srcPort>43369 dst>fd10:23:100::2/23207 
05:41:05.998077 OFF flow>6143 srcPort>39279 dst>fd10:23:100::2/22943 
05:41:06.033276 OFF flow>5951 srcPort>45311 dst>fd10:23:100::2/22751 
05:41:06.038385 OFF flow>6135 srcPort>42723 dst>fd10:23:100::2/22935 
05:41:06.056476 CONNECT flow>6415 srcPort>41587 dst>fd10:23:100::2/23215 
05:41:06.081035 ON flow>6423 srcPort>34921 dst>fd10:23:100::2/23223 
05:41:06.092107 SHUTDOWN flow>6199 srcPort>39545 dst>fd10:23:100::2/22999 
05:41:06.156660 CONNECT flow>6423 srcPort>34921 dst>fd10:23:100::2/23223 
05:41:06.164492 ON flow>6431 srcPort>35703 dst>fd10:23:100::2/23231 
05:41:06.165338 OFF flow>6199 srcPort>39545 dst>fd10:23:100::2/22999 
05:41:06.232767 CONNECT flow>6431 srcPort>35703 dst>fd10:23:100::2/23231 
05:41:06.241496 ON flow>6439 srcPort>36755 dst>fd10:23:100::2/23239 
05:41:06.282406 SHUTDOWN flow>6207 srcPort>39907 dst>fd10:23:100::2/23007 
05:41:06.310238 CONNECT flow>6439 srcPort>36755 dst>fd10:23:100::2/23239 
05:41:06.348613 OFF flow>6207 srcPort>39907 dst>fd10:23:100::2/23007 
05:41:06.406759 OFF flow>6159 srcPort>43235 dst>fd10:23:100::2/22959 
05:41:06.422269 OFF flow>6015 srcPort>38459 dst>fd10:23:100::2/22815 
05:41:06.439827 ON flow>6447 srcPort>35105 dst>fd10:23:100::2/23247 
05:41:06.483905 SHUTDOWN flow>6215 srcPort>38679 dst>fd10:23:100::2/23015 
05:41:06.510589 CONNECT flow>6447 srcPort>35105 dst>fd10:23:100::2/23247 
05:41:06.553404 OFF flow>6215 srcPort>38679 dst>fd10:23:100::2/23015 
05:41:06.592915 SHUTDOWN flow>6223 srcPort>38977 dst>fd10:23:100::2/23023 
05:41:06.688114 SHUTDOWN flow>6231 srcPort>33727 dst>fd10:23:100::2/23031 
05:41:06.702091 ON flow>6455 srcPort>33589 dst>fd10:23:100::2/23255 
05:41:06.764166 CONNECT flow>6455 srcPort>33589 dst>fd10:23:100::2/23255 
05:41:06.820706 SHUTDOWN flow>6239 srcPort>33583 dst>fd10:23:100::2/23039 
05:41:06.894400 OFF flow>6223 srcPort>38977 dst>fd10:23:100::2/23023 
05:41:06.953826 SHUTDOWN flow>6247 srcPort>41645 dst>fd10:23:100::2/23047 
05:41:06.965204 OFF flow>6231 srcPort>33727 dst>fd10:23:100::2/23031 
05:41:06.987720 OFF flow>6239 srcPort>33583 dst>fd10:23:100::2/23039 
05:41:07.037262 OFF flow>6247 srcPort>41645 dst>fd10:23:100::2/23047 
05:41:07.059903 SHUTDOWN flow>6255 srcPort>43829 dst>fd10:23:100::2/23055 
05:41:07.120177 OFF flow>6255 srcPort>43829 dst>fd10:23:100::2/23055 
05:41:07.167052 ON flow>6463 srcPort>36553 dst>fd10:23:100::2/23263 
05:41:07.178779 CONNECT flow>6463 srcPort>36553 dst>fd10:23:100::2/23263 
05:41:07.210007 SHUTDOWN flow>6263 srcPort>37253 dst>fd10:23:100::2/23063 
05:41:07.213474 OFF flow>6263 srcPort>37253 dst>fd10:23:100::2/23063 
05:41:07.345105 SHUTDOWN flow>6271 srcPort>43079 dst>fd10:23:100::2/23071 
05:41:07.345541 OFF flow>6271 srcPort>43079 dst>fd10:23:100::2/23071 
05:41:07.396342 ON flow>6471 srcPort>33235 dst>fd10:23:100::2/23271 
05:41:07.397019 CONNECT flow>6471 srcPort>33235 dst>fd10:23:100::2/23271 
05:41:07.435458 SHUTDOWN flow>6279 srcPort>38409 dst>fd10:23:100::2/23079 
05:41:07.435933 OFF flow>6279 srcPort>38409 dst>fd10:23:100::2/23079 
05:41:07.518521 SHUTDOWN flow>6287 srcPort>37483 dst>fd10:23:100::2/23087 
05:41:07.519249 OFF flow>6287 srcPort>37483 dst>fd10:23:100::2/23087 
05:41:07.600605 SHUTDOWN flow>6295 srcPort>35705 dst>fd10:23:100::2/23095 
05:41:07.601176 OFF flow>6295 srcPort>35705 dst>fd10:23:100::2/23095 
05:41:07.643437 ON flow>6479 srcPort>42521 dst>fd10:23:100::2/23279 
05:41:07.643824 CONNECT flow>6479 srcPort>42521 dst>fd10:23:100::2/23279 
05:41:07.718118 SHUTDOWN flow>6303 srcPort>33939 dst>fd10:23:100::2/23103 
05:41:07.718588 OFF flow>6303 srcPort>33939 dst>fd10:23:100::2/23103 
05:41:07.781351 SHUTDOWN flow>6311 srcPort>46595 dst>fd10:23:100::2/23111 
05:41:07.781958 OFF flow>6311 srcPort>46595 dst>fd10:23:100::2/23111 
05:41:07.843652 ON flow>6487 srcPort>33471 dst>fd10:23:100::2/23287 
05:41:07.843995 CONNECT flow>6487 srcPort>33471 dst>fd10:23:100::2/23287 
05:41:08.001402 SHUTDOWN flow>6319 srcPort>44543 dst>fd10:23:100::2/23119 
05:41:08.003555 OFF flow>6319 srcPort>44543 dst>fd10:23:100::2/23119 
05:41:08.017412 ON flow>6495 srcPort>45729 dst>fd10:23:100::2/23295 
05:41:08.017785 CONNECT flow>6495 srcPort>45729 dst>fd10:23:100::2/23295 
05:41:08.168254 ON flow>6503 srcPort>39877 dst>fd10:23:100::2/23303 
05:41:08.168782 CONNECT flow>6503 srcPort>39877 dst>fd10:23:100::2/23303 
05:41:08.326718 SHUTDOWN flow>6327 srcPort>42769 dst>fd10:23:100::2/23127 
05:41:08.327138 OFF flow>6327 srcPort>42769 dst>fd10:23:100::2/23127 
05:41:08.385604 ON flow>6511 srcPort>35739 dst>fd10:23:100::2/23311 
05:41:08.386859 CONNECT flow>6511 srcPort>35739 dst>fd10:23:100::2/23311 
05:41:08.491006 ON flow>6519 srcPort>33561 dst>fd10:23:100::2/23319 
05:41:08.491341 CONNECT flow>6519 srcPort>33561 dst>fd10:23:100::2/23319 
05:41:08.541114 SHUTDOWN flow>6335 srcPort>42081 dst>fd10:23:100::2/23135 
05:41:08.542111 OFF flow>6335 srcPort>42081 dst>fd10:23:100::2/23135 
05:41:08.588581 ON flow>6527 srcPort>38563 dst>fd10:23:100::2/23327 
05:41:08.589554 CONNECT flow>6527 srcPort>38563 dst>fd10:23:100::2/23327 
05:41:08.776327 SHUTDOWN flow>6343 srcPort>34949 dst>fd10:23:100::2/23143 
05:41:08.776827 OFF flow>6343 srcPort>34949 dst>fd10:23:100::2/23143 
05:41:08.811707 ON flow>6535 srcPort>36397 dst>fd10:23:100::2/23335 
05:41:08.812243 CONNECT flow>6535 srcPort>36397 dst>fd10:23:100::2/23335 
05:41:08.923927 SHUTDOWN flow>6351 srcPort>39833 dst>fd10:23:100::2/23151 
05:41:08.925813 OFF flow>6351 srcPort>39833 dst>fd10:23:100::2/23151 
05:41:08.951169 ON flow>6543 srcPort>38739 dst>fd10:23:100::2/23343 
05:41:08.951497 CONNECT flow>6543 srcPort>38739 dst>fd10:23:100::2/23343 
05:41:09.158776 ON flow>6551 srcPort>42855 dst>fd10:23:100::2/23351 
05:41:09.159386 CONNECT flow>6551 srcPort>42855 dst>fd10:23:100::2/23351 
05:41:09.263848 ON flow>6559 srcPort>37983 dst>fd10:23:100::2/23359 
05:41:09.264293 CONNECT flow>6559 srcPort>37983 dst>fd10:23:100::2/23359 
05:41:09.319531 SHUTDOWN flow>6359 srcPort>41307 dst>fd10:23:100::2/23159 
05:41:09.320630 OFF flow>6359 srcPort>41307 dst>fd10:23:100::2/23159 
05:41:09.333346 ON flow>6567 srcPort>35331 dst>fd10:23:100::2/23367 
05:41:09.333979 CONNECT flow>6567 srcPort>35331 dst>fd10:23:100::2/23367 
05:41:09.487570 ON flow>6575 srcPort>46859 dst>fd10:23:100::2/23375 
05:41:09.488272 CONNECT flow>6575 srcPort>46859 dst>fd10:23:100::2/23375 
05:41:09.564459 ON flow>6583 srcPort>40875 dst>fd10:23:100::2/23383 
05:41:09.565678 CONNECT flow>6583 srcPort>40875 dst>fd10:23:100::2/23383 
05:41:09.662550 ON flow>6591 srcPort>43807 dst>fd10:23:100::2/23391 
05:41:09.663274 CONNECT flow>6591 srcPort>43807 dst>fd10:23:100::2/23391 
05:41:09.704031 SHUTDOWN flow>6367 srcPort>35223 dst>fd10:23:100::2/23167 
05:41:09.705050 OFF flow>6367 srcPort>35223 dst>fd10:23:100::2/23167 
05:41:09.807922 ON flow>6599 srcPort>36329 dst>fd10:23:100::2/23399 
05:41:09.809941 CONNECT flow>6599 srcPort>36329 dst>fd10:23:100::2/23399 
05:41:09.967832 ON flow>6607 srcPort>34893 dst>fd10:23:100::2/23407 
05:41:09.970616 CONNECT flow>6607 srcPort>34893 dst>fd10:23:100::2/23407 
05:41:09.985395 SHUTDOWN flow>6375 srcPort>38725 dst>fd10:23:100::2/23175 
05:41:09.986287 OFF flow>6375 srcPort>38725 dst>fd10:23:100::2/23175 
05:41:10.067248 ON flow>6615 srcPort>43433 dst>fd10:23:100::2/23415 
05:41:10.068022 CONNECT flow>6615 srcPort>43433 dst>fd10:23:100::2/23415 
05:41:10.132906 ON flow>6623 srcPort>43859 dst>fd10:23:100::2/23423 
05:41:10.133301 CONNECT flow>6623 srcPort>43859 dst>fd10:23:100::2/23423 
05:41:10.199882 ON flow>6631 srcPort>42247 dst>fd10:23:100::2/23431 
05:41:10.200265 CONNECT flow>6631 srcPort>42247 dst>fd10:23:100::2/23431 
05:41:10.213962 SHUTDOWN flow>6383 srcPort>38473 dst>fd10:23:100::2/23183 
05:41:10.214723 OFF flow>6383 srcPort>38473 dst>fd10:23:100::2/23183 
05:41:10.347168 SHUTDOWN flow>6391 srcPort>36841 dst>fd10:23:100::2/23191 
05:41:10.348559 OFF flow>6391 srcPort>36841 dst>fd10:23:100::2/23191 
05:41:10.401334 ON flow>6639 srcPort>41775 dst>fd10:23:100::2/23439 
05:41:10.402188 CONNECT flow>6639 srcPort>41775 dst>fd10:23:100::2/23439 
05:41:10.555113 ON flow>6647 srcPort>35783 dst>fd10:23:100::2/23447 
05:41:10.556411 CONNECT flow>6647 srcPort>35783 dst>fd10:23:100::2/23447 
05:41:10.611565 SHUTDOWN flow>6399 srcPort>44557 dst>fd10:23:100::2/23199 
05:41:10.612191 OFF flow>6399 srcPort>44557 dst>fd10:23:100::2/23199 
05:41:10.688805 ON flow>6655 srcPort>36083 dst>fd10:23:100::2/23455 
05:41:10.689605 CONNECT flow>6655 srcPort>36083 dst>fd10:23:100::2/23455 
05:41:10.707463 SHUTDOWN flow>6407 srcPort>43369 dst>fd10:23:100::2/23207 
05:41:10.709085 OFF flow>6407 srcPort>43369 dst>fd10:23:100::2/23207 
05:41:10.772864 SHUTDOWN flow>6415 srcPort>41587 dst>fd10:23:100::2/23215 
05:41:10.775557 OFF flow>6415 srcPort>41587 dst>fd10:23:100::2/23215 
05:41:10.880860 SHUTDOWN flow>6423 srcPort>34921 dst>fd10:23:100::2/23223 
05:41:10.881401 OFF flow>6423 srcPort>34921 dst>fd10:23:100::2/23223 
05:41:10.930775 ON flow>6663 srcPort>38695 dst>fd10:23:100::2/23463 
05:41:10.931292 CONNECT flow>6663 srcPort>38695 dst>fd10:23:100::2/23463 
05:41:10.964381 SHUTDOWN flow>6431 srcPort>35703 dst>fd10:23:100::2/23231 
05:41:10.965483 OFF flow>6431 srcPort>35703 dst>fd10:23:100::2/23231 
05:41:11.041383 SHUTDOWN flow>6439 srcPort>36755 dst>fd10:23:100::2/23239 
05:41:11.042038 OFF flow>6439 srcPort>36755 dst>fd10:23:100::2/23239 
05:41:11.074468 ON flow>6671 srcPort>46341 dst>fd10:23:100::2/23471 
05:41:11.075079 CONNECT flow>6671 srcPort>46341 dst>fd10:23:100::2/23471 
05:41:11.239682 SHUTDOWN flow>6447 srcPort>35105 dst>fd10:23:100::2/23247 
05:41:11.241166 OFF flow>6447 srcPort>35105 dst>fd10:23:100::2/23247 
05:41:11.254437 ON flow>6679 srcPort>37275 dst>fd10:23:100::2/23479 
05:41:11.254854 CONNECT flow>6679 srcPort>37275 dst>fd10:23:100::2/23479 
05:41:11.352336 ON flow>6687 srcPort>39729 dst>fd10:23:100::2/23487 
05:41:11.353285 CONNECT flow>6687 srcPort>39729 dst>fd10:23:100::2/23487 
05:41:11.433538 ON flow>6695 srcPort>45033 dst>fd10:23:100::2/23495 
05:41:11.433951 CONNECT flow>6695 srcPort>45033 dst>fd10:23:100::2/23495 
05:41:11.501875 SHUTDOWN flow>6455 srcPort>33589 dst>fd10:23:100::2/23255 
05:41:11.503660 OFF flow>6455 srcPort>33589 dst>fd10:23:100::2/23255 
05:41:11.566046 ON flow>6703 srcPort>35393 dst>fd10:23:100::2/23503 
05:41:11.566414 CONNECT flow>6703 srcPort>35393 dst>fd10:23:100::2/23503 
05:41:11.629709 ON flow>6711 srcPort>40855 dst>fd10:23:100::2/23511 
05:41:11.630384 CONNECT flow>6711 srcPort>40855 dst>fd10:23:100::2/23511 
05:41:11.966924 SHUTDOWN flow>6463 srcPort>36553 dst>fd10:23:100::2/23263 
05:41:11.968483 OFF flow>6463 srcPort>36553 dst>fd10:23:100::2/23263 
05:41:12.060558 ON flow>6719 srcPort>33717 dst>fd10:23:100::2/23519 
05:41:12.060936 CONNECT flow>6719 srcPort>33717 dst>fd10:23:100::2/23519 
05:41:12.196206 SHUTDOWN flow>6471 srcPort>33235 dst>fd10:23:100::2/23271 
05:41:12.197591 OFF flow>6471 srcPort>33235 dst>fd10:23:100::2/23271 
05:41:12.249825 ON flow>6727 srcPort>42489 dst>fd10:23:100::2/23527 
05:41:12.250188 CONNECT flow>6727 srcPort>42489 dst>fd10:23:100::2/23527 
05:41:12.378229 ON flow>6735 srcPort>41205 dst>fd10:23:100::2/23535 
05:41:12.378707 CONNECT flow>6735 srcPort>41205 dst>fd10:23:100::2/23535 
05:41:12.443324 SHUTDOWN flow>6479 srcPort>42521 dst>fd10:23:100::2/23279 
05:41:12.445469 OFF flow>6479 srcPort>42521 dst>fd10:23:100::2/23279 
05:41:12.508074 ON flow>6743 srcPort>40887 dst>fd10:23:100::2/23543 
05:41:12.509215 CONNECT flow>6743 srcPort>40887 dst>fd10:23:100::2/23543 
05:41:12.643519 SHUTDOWN flow>6487 srcPort>33471 dst>fd10:23:100::2/23287 
05:41:12.644598 OFF flow>6487 srcPort>33471 dst>fd10:23:100::2/23287 
05:41:12.672672 ON flow>6751 srcPort>40829 dst>fd10:23:100::2/23551 
05:41:12.673040 CONNECT flow>6751 srcPort>40829 dst>fd10:23:100::2/23551 
05:41:12.765521 ON flow>6759 srcPort>40009 dst>fd10:23:100::2/23559 
05:41:12.766615 CONNECT flow>6759 srcPort>40009 dst>fd10:23:100::2/23559 
05:41:12.817305 SHUTDOWN flow>6495 srcPort>45729 dst>fd10:23:100::2/23295 
05:41:12.818125 OFF flow>6495 srcPort>45729 dst>fd10:23:100::2/23295 
05:41:12.887780 ON flow>6767 srcPort>35381 dst>fd10:23:100::2/23567 
05:41:12.888917 CONNECT flow>6767 srcPort>35381 dst>fd10:23:100::2/23567 
05:41:12.968066 SHUTDOWN flow>6503 srcPort>39877 dst>fd10:23:100::2/23303 
05:41:12.970687 OFF flow>6503 srcPort>39877 dst>fd10:23:100::2/23303 
05:41:13.011492 ON flow>6775 srcPort>46079 dst>fd10:23:100::2/23575 
05:41:13.012989 CONNECT flow>6775 srcPort>46079 dst>fd10:23:100::2/23575 
05:41:13.102517 ON flow>6783 srcPort>37575 dst>fd10:23:100::2/23583 
05:41:13.102987 CONNECT flow>6783 srcPort>37575 dst>fd10:23:100::2/23583 
05:41:13.150899 ON flow>6791 srcPort>32967 dst>fd10:23:100::2/23591 
05:41:13.152051 CONNECT flow>6791 srcPort>32967 dst>fd10:23:100::2/23591 
05:41:13.185465 SHUTDOWN flow>6511 srcPort>35739 dst>fd10:23:100::2/23311 
05:41:13.188346 OFF flow>6511 srcPort>35739 dst>fd10:23:100::2/23311 
05:41:13.188650 ON flow>6799 srcPort>33011 dst>fd10:23:100::2/23599 
05:41:13.190961 CONNECT flow>6799 srcPort>33011 dst>fd10:23:100::2/23599 
05:41:13.233713 ON flow>6807 srcPort>46827 dst>fd10:23:100::2/23607 
05:41:13.238107 CONNECT flow>6807 srcPort>46827 dst>fd10:23:100::2/23607 
05:41:13.290812 SHUTDOWN flow>6519 srcPort>33561 dst>fd10:23:100::2/23319 
05:41:13.293806 OFF flow>6519 srcPort>33561 dst>fd10:23:100::2/23319 
05:41:13.300270 ON flow>6815 srcPort>35315 dst>fd10:23:100::2/23615 
05:41:13.303076 CONNECT flow>6815 srcPort>35315 dst>fd10:23:100::2/23615 
05:41:13.388385 SHUTDOWN flow>6527 srcPort>38563 dst>fd10:23:100::2/23327 
05:41:13.391099 OFF flow>6527 srcPort>38563 dst>fd10:23:100::2/23327 
05:41:13.473145 ON flow>6823 srcPort>35913 dst>fd10:23:100::2/23623 
05:41:13.473678 CONNECT flow>6823 srcPort>35913 dst>fd10:23:100::2/23623 
05:41:13.611590 SHUTDOWN flow>6535 srcPort>36397 dst>fd10:23:100::2/23335 
05:41:13.613101 OFF flow>6535 srcPort>36397 dst>fd10:23:100::2/23335 
05:41:13.652494 ON flow>6831 srcPort>35977 dst>fd10:23:100::2/23631 
05:41:13.654596 CONNECT flow>6831 srcPort>35977 dst>fd10:23:100::2/23631 
05:41:13.751086 SHUTDOWN flow>6543 srcPort>38739 dst>fd10:23:100::2/23343 
05:41:13.752128 OFF flow>6543 srcPort>38739 dst>fd10:23:100::2/23343 
05:41:13.774313 ON flow>6839 srcPort>35197 dst>fd10:23:100::2/23639 
05:41:13.776732 CONNECT flow>6839 srcPort>35197 dst>fd10:23:100::2/23639 
05:41:13.958580 SHUTDOWN flow>6551 srcPort>42855 dst>fd10:23:100::2/23351 
05:41:13.959946 OFF flow>6551 srcPort>42855 dst>fd10:23:100::2/23351 
05:41:14.005747 ON flow>6847 srcPort>41517 dst>fd10:23:100::2/23647 
05:41:14.007035 CONNECT flow>6847 srcPort>41517 dst>fd10:23:100::2/23647 
05:41:14.063681 SHUTDOWN flow>6559 srcPort>37983 dst>fd10:23:100::2/23359 
05:41:14.065347 OFF flow>6559 srcPort>37983 dst>fd10:23:100::2/23359 
05:41:14.133180 SHUTDOWN flow>6567 srcPort>35331 dst>fd10:23:100::2/23367 
05:41:14.134682 OFF flow>6567 srcPort>35331 dst>fd10:23:100::2/23367 
05:41:14.287381 SHUTDOWN flow>6575 srcPort>46859 dst>fd10:23:100::2/23375 
05:41:14.290610 OFF flow>6575 srcPort>46859 dst>fd10:23:100::2/23375 
05:41:14.364288 SHUTDOWN flow>6583 srcPort>40875 dst>fd10:23:100::2/23383 
05:41:14.364757 OFF flow>6583 srcPort>40875 dst>fd10:23:100::2/23383 
05:41:14.462377 SHUTDOWN flow>6591 srcPort>43807 dst>fd10:23:100::2/23391 
05:41:14.463804 OFF flow>6591 srcPort>43807 dst>fd10:23:100::2/23391 
05:41:14.518333 ON flow>6855 srcPort>43509 dst>fd10:23:100::2/23655 
05:41:14.518724 CONNECT flow>6855 srcPort>43509 dst>fd10:23:100::2/23655 
05:41:14.605689 SHUTDOWN flow>6599 srcPort>36329 dst>fd10:23:100::2/23399 
05:41:14.606457 OFF flow>6599 srcPort>36329 dst>fd10:23:100::2/23399 
05:41:14.723198 ON flow>6863 srcPort>43051 dst>fd10:23:100::2/23663 
05:41:14.723754 CONNECT flow>6863 srcPort>43051 dst>fd10:23:100::2/23663 
05:41:14.767797 SHUTDOWN flow>6607 srcPort>34893 dst>fd10:23:100::2/23407 
05:41:14.771123 OFF flow>6607 srcPort>34893 dst>fd10:23:100::2/23407 
05:41:14.838288 ON flow>6871 srcPort>41313 dst>fd10:23:100::2/23671 
05:41:14.838898 CONNECT flow>6871 srcPort>41313 dst>fd10:23:100::2/23671 
05:41:14.867131 SHUTDOWN flow>6615 srcPort>43433 dst>fd10:23:100::2/23415 
05:41:14.867570 OFF flow>6615 srcPort>43433 dst>fd10:23:100::2/23415 
05:41:14.932830 SHUTDOWN flow>6623 srcPort>43859 dst>fd10:23:100::2/23423 
05:41:14.933958 OFF flow>6623 srcPort>43859 dst>fd10:23:100::2/23423 
05:41:14.999827 SHUTDOWN flow>6631 srcPort>42247 dst>fd10:23:100::2/23431 
05:41:15.000629 OFF flow>6631 srcPort>42247 dst>fd10:23:100::2/23431 
05:41:15.040907 ON flow>6879 srcPort>37155 dst>fd10:23:100::2/23679 
05:41:15.041665 CONNECT flow>6879 srcPort>37155 dst>fd10:23:100::2/23679 
05:41:15.201136 SHUTDOWN flow>6639 srcPort>41775 dst>fd10:23:100::2/23439 
05:41:15.201565 OFF flow>6639 srcPort>41775 dst>fd10:23:100::2/23439 
05:41:15.216829 ON flow>6887 srcPort>36669 dst>fd10:23:100::2/23687 
05:41:15.217444 CONNECT flow>6887 srcPort>36669 dst>fd10:23:100::2/23687 
05:41:15.355042 SHUTDOWN flow>6647 srcPort>35783 dst>fd10:23:100::2/23447 
05:41:15.355883 OFF flow>6647 srcPort>35783 dst>fd10:23:100::2/23447 
05:41:15.371792 ON flow>6895 srcPort>45921 dst>fd10:23:100::2/23695 
05:41:15.372450 CONNECT flow>6895 srcPort>45921 dst>fd10:23:100::2/23695 
05:41:15.472136 ON flow>6903 srcPort>44635 dst>fd10:23:100::2/23703 
05:41:15.472685 CONNECT flow>6903 srcPort>44635 dst>fd10:23:100::2/23703 
05:41:15.488735 SHUTDOWN flow>6655 srcPort>36083 dst>fd10:23:100::2/23455 
05:41:15.492717 OFF flow>6655 srcPort>36083 dst>fd10:23:100::2/23455 
05:41:15.607962 ON flow>6911 srcPort>38275 dst>fd10:23:100::2/23711 
05:41:15.608494 CONNECT flow>6911 srcPort>38275 dst>fd10:23:100::2/23711 
05:41:15.713635 ON flow>6919 srcPort>43893 dst>fd10:23:100::2/23719 
05:41:15.714026 CONNECT flow>6919 srcPort>43893 dst>fd10:23:100::2/23719 
05:41:15.730672 SHUTDOWN flow>6663 srcPort>38695 dst>fd10:23:100::2/23463 
05:41:15.733080 OFF flow>6663 srcPort>38695 dst>fd10:23:100::2/23463 
05:41:15.809463 ON flow>6927 srcPort>46195 dst>fd10:23:100::2/23727 
05:41:15.810973 CONNECT flow>6927 srcPort>46195 dst>fd10:23:100::2/23727 
05:41:15.874327 SHUTDOWN flow>6671 srcPort>46341 dst>fd10:23:100::2/23471 
05:41:15.877238 OFF flow>6671 srcPort>46341 dst>fd10:23:100::2/23471 
05:41:15.891543 ON flow>6935 srcPort>42175 dst>fd10:23:100::2/23735 
05:41:15.893121 CONNECT flow>6935 srcPort>42175 dst>fd10:23:100::2/23735 
05:41:16.018654 ON flow>6943 srcPort>38371 dst>fd10:23:100::2/23743 
05:41:16.021488 CONNECT flow>6943 srcPort>38371 dst>fd10:23:100::2/23743 
05:41:16.054338 SHUTDOWN flow>6679 srcPort>37275 dst>fd10:23:100::2/23479 
05:41:16.055958 OFF flow>6679 srcPort>37275 dst>fd10:23:100::2/23479 
05:41:16.152247 SHUTDOWN flow>6687 srcPort>39729 dst>fd10:23:100::2/23487 
05:41:16.154039 OFF flow>6687 srcPort>39729 dst>fd10:23:100::2/23487 
05:41:16.163259 ON flow>6951 srcPort>39245 dst>fd10:23:100::2/23751 
05:41:16.163710 CONNECT flow>6951 srcPort>39245 dst>fd10:23:100::2/23751 
05:41:16.214004 ON flow>6959 srcPort>39249 dst>fd10:23:100::2/23759 
05:41:16.215124 CONNECT flow>6959 srcPort>39249 dst>fd10:23:100::2/23759 
05:41:16.233437 SHUTDOWN flow>6695 srcPort>45033 dst>fd10:23:100::2/23495 
05:41:16.235866 OFF flow>6695 srcPort>45033 dst>fd10:23:100::2/23495 
05:41:16.320560 ON flow>6967 srcPort>43589 dst>fd10:23:100::2/23767 
05:41:16.322124 CONNECT flow>6967 srcPort>43589 dst>fd10:23:100::2/23767 
05:41:16.365940 SHUTDOWN flow>6703 srcPort>35393 dst>fd10:23:100::2/23503 
05:41:16.368751 OFF flow>6703 srcPort>35393 dst>fd10:23:100::2/23503 
05:41:16.416854 ON flow>6975 srcPort>35621 dst>fd10:23:100::2/23775 
05:41:16.417427 CONNECT flow>6975 srcPort>35621 dst>fd10:23:100::2/23775 
05:41:16.429639 SHUTDOWN flow>6711 srcPort>40855 dst>fd10:23:100::2/23511 
05:41:16.430930 OFF flow>6711 srcPort>40855 dst>fd10:23:100::2/23511 
05:41:16.594240 ON flow>6983 srcPort>39305 dst>fd10:23:100::2/23783 
05:41:16.595457 CONNECT flow>6983 srcPort>39305 dst>fd10:23:100::2/23783 
05:41:16.860383 SHUTDOWN flow>6719 srcPort>33717 dst>fd10:23:100::2/23519 
05:41:16.864722 OFF flow>6719 srcPort>33717 dst>fd10:23:100::2/23519 
05:41:16.939185 ON flow>6991 srcPort>33231 dst>fd10:23:100::2/23791 
05:41:16.940134 CONNECT flow>6991 srcPort>33231 dst>fd10:23:100::2/23791 
05:41:17.049708 SHUTDOWN flow>6727 srcPort>42489 dst>fd10:23:100::2/23527 
05:41:17.050628 OFF flow>6727 srcPort>42489 dst>fd10:23:100::2/23527 
05:41:17.099391 ON flow>6999 srcPort>32867 dst>fd10:23:100::2/23799 
05:41:17.100929 CONNECT flow>6999 srcPort>32867 dst>fd10:23:100::2/23799 
05:41:17.178095 SHUTDOWN flow>6735 srcPort>41205 dst>fd10:23:100::2/23535 
05:41:17.181292 OFF flow>6735 srcPort>41205 dst>fd10:23:100::2/23535 
05:41:17.307908 SHUTDOWN flow>6743 srcPort>40887 dst>fd10:23:100::2/23543 
05:41:17.318588 OFF flow>6743 srcPort>40887 dst>fd10:23:100::2/23543 
05:41:17.394928 ON flow>7007 srcPort>33487 dst>fd10:23:100::2/23807 
05:41:17.395917 CONNECT flow>7007 srcPort>33487 dst>fd10:23:100::2/23807 
05:41:17.472521 SHUTDOWN flow>6751 srcPort>40829 dst>fd10:23:100::2/23551 
05:41:17.474566 OFF flow>6751 srcPort>40829 dst>fd10:23:100::2/23551 
05:41:17.494763 ON flow>7015 srcPort>32973 dst>fd10:23:100::2/23815 
05:41:17.497125 CONNECT flow>7015 srcPort>32973 dst>fd10:23:100::2/23815 
05:41:17.565315 SHUTDOWN flow>6759 srcPort>40009 dst>fd10:23:100::2/23559 
05:41:17.566016 OFF flow>6759 srcPort>40009 dst>fd10:23:100::2/23559 
05:41:17.633608 ON flow>7023 srcPort>39561 dst>fd10:23:100::2/23823 
05:41:17.634152 CONNECT flow>7023 srcPort>39561 dst>fd10:23:100::2/23823 
05:41:17.687647 SHUTDOWN flow>6767 srcPort>35381 dst>fd10:23:100::2/23567 
05:41:17.688288 OFF flow>6767 srcPort>35381 dst>fd10:23:100::2/23567 
05:41:17.786285 ON flow>7031 srcPort>38763 dst>fd10:23:100::2/23831 
05:41:17.787562 CONNECT flow>7031 srcPort>38763 dst>fd10:23:100::2/23831 
05:41:17.811410 SHUTDOWN flow>6775 srcPort>46079 dst>fd10:23:100::2/23575 
05:41:17.813332 OFF flow>6775 srcPort>46079 dst>fd10:23:100::2/23575 
05:41:17.902474 SHUTDOWN flow>6783 srcPort>37575 dst>fd10:23:100::2/23583 
05:41:17.904992 OFF flow>6783 srcPort>37575 dst>fd10:23:100::2/23583 
05:41:17.950748 SHUTDOWN flow>6791 srcPort>32967 dst>fd10:23:100::2/23591 
05:41:17.951699 OFF flow>6791 srcPort>32967 dst>fd10:23:100::2/23591 
05:41:17.988456 SHUTDOWN flow>6799 srcPort>33011 dst>fd10:23:100::2/23599 
05:41:17.989190 OFF flow>6799 srcPort>33011 dst>fd10:23:100::2/23599 
05:41:18.033571 SHUTDOWN flow>6807 srcPort>46827 dst>fd10:23:100::2/23607 
05:41:18.034225 OFF flow>6807 srcPort>46827 dst>fd10:23:100::2/23607 
05:41:18.100166 SHUTDOWN flow>6815 srcPort>35315 dst>fd10:23:100::2/23615 
05:41:18.101060 OFF flow>6815 srcPort>35315 dst>fd10:23:100::2/23615 
05:41:18.183556 ON flow>7039 srcPort>33983 dst>fd10:23:100::2/23839 
05:41:18.184622 CONNECT flow>7039 srcPort>33983 dst>fd10:23:100::2/23839 
05:41:18.272974 SHUTDOWN flow>6823 srcPort>35913 dst>fd10:23:100::2/23623 
05:41:18.273858 OFF flow>6823 srcPort>35913 dst>fd10:23:100::2/23623 
05:41:18.414685 ON flow>7047 srcPort>36197 dst>fd10:23:100::2/23847 
05:41:18.415113 CONNECT flow>7047 srcPort>36197 dst>fd10:23:100::2/23847 
05:41:18.452363 SHUTDOWN flow>6831 srcPort>35977 dst>fd10:23:100::2/23631 
05:41:18.453119 OFF flow>6831 srcPort>35977 dst>fd10:23:100::2/23631 
05:41:18.574070 SHUTDOWN flow>6839 srcPort>35197 dst>fd10:23:100::2/23639 
05:41:18.574660 OFF flow>6839 srcPort>35197 dst>fd10:23:100::2/23639 
05:41:18.748291 ON flow>7055 srcPort>46681 dst>fd10:23:100::2/23855 
05:41:18.748759 CONNECT flow>7055 srcPort>46681 dst>fd10:23:100::2/23855 
05:41:18.805465 SHUTDOWN flow>6847 srcPort>41517 dst>fd10:23:100::2/23647 
05:41:18.806318 OFF flow>6847 srcPort>41517 dst>fd10:23:100::2/23647 
05:41:19.041219 ON flow>7063 srcPort>33699 dst>fd10:23:100::2/23863 
05:41:19.041679 CONNECT flow>7063 srcPort>33699 dst>fd10:23:100::2/23863 
05:41:19.318155 SHUTDOWN flow>6855 srcPort>43509 dst>fd10:23:100::2/23655 
05:41:19.318808 OFF flow>6855 srcPort>43509 dst>fd10:23:100::2/23655 
05:41:19.523050 SHUTDOWN flow>6863 srcPort>43051 dst>fd10:23:100::2/23663 
05:41:19.524767 OFF flow>6863 srcPort>43051 dst>fd10:23:100::2/23663 
05:41:19.638159 SHUTDOWN flow>6871 srcPort>41313 dst>fd10:23:100::2/23671 
05:41:19.638962 OFF flow>6871 srcPort>41313 dst>fd10:23:100::2/23671 
05:41:19.840751 SHUTDOWN flow>6879 srcPort>37155 dst>fd10:23:100::2/23679 
05:41:19.841567 OFF flow>6879 srcPort>37155 dst>fd10:23:100::2/23679 
05:41:20.016681 SHUTDOWN flow>6887 srcPort>36669 dst>fd10:23:100::2/23687 
05:41:20.017839 OFF flow>6887 srcPort>36669 dst>fd10:23:100::2/23687 
05:41:20.067377 ON flow>7071 srcPort>33665 dst>fd10:23:100::2/23871 
05:41:20.068251 CONNECT flow>7071 srcPort>33665 dst>fd10:23:100::2/23871 
05:41:20.171583 SHUTDOWN flow>6895 srcPort>45921 dst>fd10:23:100::2/23695 
05:41:20.172681 OFF flow>6895 srcPort>45921 dst>fd10:23:100::2/23695 
05:41:20.272092 SHUTDOWN flow>6903 srcPort>44635 dst>fd10:23:100::2/23703 
05:41:20.272973 OFF flow>6903 srcPort>44635 dst>fd10:23:100::2/23703 
05:41:20.396058 ON flow>7079 srcPort>41949 dst>fd10:23:100::2/23879 
05:41:20.396385 CONNECT flow>7079 srcPort>41949 dst>fd10:23:100::2/23879 
05:41:20.407882 SHUTDOWN flow>6911 srcPort>38275 dst>fd10:23:100::2/23711 
05:41:20.408776 OFF flow>6911 srcPort>38275 dst>fd10:23:100::2/23711 
05:41:20.513595 SHUTDOWN flow>6919 srcPort>43893 dst>fd10:23:100::2/23719 
05:41:20.514723 OFF flow>6919 srcPort>43893 dst>fd10:23:100::2/23719 
05:41:20.524210 ON flow>7087 srcPort>46017 dst>fd10:23:100::2/23887 
05:41:20.524596 CONNECT flow>7087 srcPort>46017 dst>fd10:23:100::2/23887 
05:41:20.609391 SHUTDOWN flow>6927 srcPort>46195 dst>fd10:23:100::2/23727 
05:41:20.609933 OFF flow>6927 srcPort>46195 dst>fd10:23:100::2/23727 
05:41:20.640610 ON flow>7095 srcPort>44115 dst>fd10:23:100::2/23895 
05:41:20.641045 CONNECT flow>7095 srcPort>44115 dst>fd10:23:100::2/23895 
05:41:20.683912 ON flow>7103 srcPort>33961 dst>fd10:23:100::2/23903 
05:41:20.684287 CONNECT flow>7103 srcPort>33961 dst>fd10:23:100::2/23903 
05:41:20.691490 SHUTDOWN flow>6935 srcPort>42175 dst>fd10:23:100::2/23735 
05:41:20.691908 OFF flow>6935 srcPort>42175 dst>fd10:23:100::2/23735 
05:41:20.737104 ON flow>7111 srcPort>41293 dst>fd10:23:100::2/23911 
05:41:20.737639 CONNECT flow>7111 srcPort>41293 dst>fd10:23:100::2/23911 
05:41:20.818493 SHUTDOWN flow>6943 srcPort>38371 dst>fd10:23:100::2/23743 
05:41:20.819393 OFF flow>6943 srcPort>38371 dst>fd10:23:100::2/23743 
05:41:20.823811 ON flow>7119 srcPort>40771 dst>fd10:23:100::2/23919 
05:41:20.824391 CONNECT flow>7119 srcPort>40771 dst>fd10:23:100::2/23919 
05:41:20.891415 ON flow>7127 srcPort>40563 dst>fd10:23:100::2/23927 
05:41:20.891905 CONNECT flow>7127 srcPort>40563 dst>fd10:23:100::2/23927 
05:41:20.963070 SHUTDOWN flow>6951 srcPort>39245 dst>fd10:23:100::2/23751 
05:41:20.963653 OFF flow>6951 srcPort>39245 dst>fd10:23:100::2/23751 
05:41:20.986642 ON flow>7135 srcPort>39401 dst>fd10:23:100::2/23935 
05:41:20.987035 CONNECT flow>7135 srcPort>39401 dst>fd10:23:100::2/23935 
05:41:21.013779 SHUTDOWN flow>6959 srcPort>39249 dst>fd10:23:100::2/23759 
05:41:21.014496 OFF flow>6959 srcPort>39249 dst>fd10:23:100::2/23759 
05:41:21.071597 ON flow>7143 srcPort>36725 dst>fd10:23:100::2/23943 
05:41:21.072004 CONNECT flow>7143 srcPort>36725 dst>fd10:23:100::2/23943 
05:41:21.120376 SHUTDOWN flow>6967 srcPort>43589 dst>fd10:23:100::2/23767 
05:41:21.120821 OFF flow>6967 srcPort>43589 dst>fd10:23:100::2/23767 
05:41:21.216804 SHUTDOWN flow>6975 srcPort>35621 dst>fd10:23:100::2/23775 
05:41:21.217317 OFF flow>6975 srcPort>35621 dst>fd10:23:100::2/23775 
05:41:21.238243 ON flow>7151 srcPort>42535 dst>fd10:23:100::2/23951 
05:41:21.238931 CONNECT flow>7151 srcPort>42535 dst>fd10:23:100::2/23951 
05:41:21.380154 ON flow>7159 srcPort>43187 dst>fd10:23:100::2/23959 
05:41:21.380785 CONNECT flow>7159 srcPort>43187 dst>fd10:23:100::2/23959 
05:41:21.394187 SHUTDOWN flow>6983 srcPort>39305 dst>fd10:23:100::2/23783 
05:41:21.394640 OFF flow>6983 srcPort>39305 dst>fd10:23:100::2/23783 
05:41:21.512211 ON flow>7167 srcPort>38905 dst>fd10:23:100::2/23967 
05:41:21.512702 CONNECT flow>7167 srcPort>38905 dst>fd10:23:100::2/23967 
05:41:21.689684 ON flow>7175 srcPort>35931 dst>fd10:23:100::2/23975 
05:41:21.690336 CONNECT flow>7175 srcPort>35931 dst>fd10:23:100::2/23975 
05:41:21.739092 SHUTDOWN flow>6991 srcPort>33231 dst>fd10:23:100::2/23791 
05:41:21.739670 OFF flow>6991 srcPort>33231 dst>fd10:23:100::2/23791 
05:41:21.899325 SHUTDOWN flow>6999 srcPort>32867 dst>fd10:23:100::2/23799 
05:41:21.900179 OFF flow>6999 srcPort>32867 dst>fd10:23:100::2/23799 
05:41:21.902001 ON flow>7183 srcPort>43521 dst>fd10:23:100::2/23983 
05:41:21.902367 CONNECT flow>7183 srcPort>43521 dst>fd10:23:100::2/23983 
05:41:22.068495 ON flow>7191 srcPort>44919 dst>fd10:23:100::2/23991 
05:41:22.068852 CONNECT flow>7191 srcPort>44919 dst>fd10:23:100::2/23991 
05:41:22.194719 SHUTDOWN flow>7007 srcPort>33487 dst>fd10:23:100::2/23807 
05:41:22.195218 OFF flow>7007 srcPort>33487 dst>fd10:23:100::2/23807 
05:41:22.209670 ON flow>7199 srcPort>45465 dst>fd10:23:100::2/23999 
05:41:22.210028 CONNECT flow>7199 srcPort>45465 dst>fd10:23:100::2/23999 
05:41:22.294619 SHUTDOWN flow>7015 srcPort>32973 dst>fd10:23:100::2/23815 
05:41:22.294979 OFF flow>7015 srcPort>32973 dst>fd10:23:100::2/23815 
05:41:22.433414 SHUTDOWN flow>7023 srcPort>39561 dst>fd10:23:100::2/23823 
05:41:22.433935 OFF flow>7023 srcPort>39561 dst>fd10:23:100::2/23823 
05:41:22.466379 ON flow>7207 srcPort>43149 dst>fd10:23:100::2/24007 
05:41:22.466927 CONNECT flow>7207 srcPort>43149 dst>fd10:23:100::2/24007 
05:41:22.586127 SHUTDOWN flow>7031 srcPort>38763 dst>fd10:23:100::2/23831 
05:41:22.586598 OFF flow>7031 srcPort>38763 dst>fd10:23:100::2/23831 
05:41:22.590846 ON flow>7215 srcPort>45713 dst>fd10:23:100::2/24015 
05:41:22.591484 CONNECT flow>7215 srcPort>45713 dst>fd10:23:100::2/24015 
05:41:22.701334 ON flow>7223 srcPort>45059 dst>fd10:23:100::2/24023 
05:41:22.702098 CONNECT flow>7223 srcPort>45059 dst>fd10:23:100::2/24023 
05:41:22.820449 ON flow>7231 srcPort>41383 dst>fd10:23:100::2/24031 
05:41:22.820795 CONNECT flow>7231 srcPort>41383 dst>fd10:23:100::2/24031 
05:41:22.983374 SHUTDOWN flow>7039 srcPort>33983 dst>fd10:23:100::2/23839 
05:41:22.983766 OFF flow>7039 srcPort>33983 dst>fd10:23:100::2/23839 
05:41:23.012402 ON flow>7239 srcPort>44349 dst>fd10:23:100::2/24039 
05:41:23.013119 CONNECT flow>7239 srcPort>44349 dst>fd10:23:100::2/24039 
05:41:23.214579 SHUTDOWN flow>7047 srcPort>36197 dst>fd10:23:100::2/23847 
05:41:23.215159 OFF flow>7047 srcPort>36197 dst>fd10:23:100::2/23847 
05:41:23.486121 ON flow>7247 srcPort>46731 dst>fd10:23:100::2/24047 
05:41:23.487017 CONNECT flow>7247 srcPort>46731 dst>fd10:23:100::2/24047 
05:41:23.548176 SHUTDOWN flow>7055 srcPort>46681 dst>fd10:23:100::2/23855 
05:41:23.551000 OFF flow>7055 srcPort>46681 dst>fd10:23:100::2/23855 
05:41:23.705565 ON flow>7255 srcPort>36147 dst>fd10:23:100::2/24055 
05:41:23.706036 CONNECT flow>7255 srcPort>36147 dst>fd10:23:100::2/24055 
05:41:23.841078 SHUTDOWN flow>7063 srcPort>33699 dst>fd10:23:100::2/23863 
05:41:23.841640 OFF flow>7063 srcPort>33699 dst>fd10:23:100::2/23863 
05:41:24.263105 ON flow>7263 srcPort>40341 dst>fd10:23:100::2/24063 
05:41:24.263581 CONNECT flow>7263 srcPort>40341 dst>fd10:23:100::2/24063 
05:41:24.433490 ON flow>7271 srcPort>35883 dst>fd10:23:100::2/24071 
05:41:24.434291 CONNECT flow>7271 srcPort>35883 dst>fd10:23:100::2/24071 
05:41:24.651909 ON flow>7279 srcPort>46255 dst>fd10:23:100::2/24079 
05:41:24.652566 CONNECT flow>7279 srcPort>46255 dst>fd10:23:100::2/24079 
05:41:24.698702 ON flow>7287 srcPort>46561 dst>fd10:23:100::2/24087 
05:41:24.700032 CONNECT flow>7287 srcPort>46561 dst>fd10:23:100::2/24087 
05:41:24.790718 ON flow>7295 srcPort>44001 dst>fd10:23:100::2/24095 
05:41:24.792579 CONNECT flow>7295 srcPort>44001 dst>fd10:23:100::2/24095 
05:41:24.837254 ON flow>7303 srcPort>40467 dst>fd10:23:100::2/24103 
05:41:24.837815 CONNECT flow>7303 srcPort>40467 dst>fd10:23:100::2/24103 
05:41:24.867150 SHUTDOWN flow>7071 srcPort>33665 dst>fd10:23:100::2/23871 
05:41:24.868076 OFF flow>7071 srcPort>33665 dst>fd10:23:100::2/23871 
05:41:24.897538 ON flow>7311 srcPort>33077 dst>fd10:23:100::2/24111 
05:41:24.897957 CONNECT flow>7311 srcPort>33077 dst>fd10:23:100::2/24111 
05:41:24.999539 ON flow>7319 srcPort>43877 dst>fd10:23:100::2/24119 
05:41:24.999963 CONNECT flow>7319 srcPort>43877 dst>fd10:23:100::2/24119 
05:41:25.077972 ON flow>7327 srcPort>45995 dst>fd10:23:100::2/24127 
05:41:25.078655 CONNECT flow>7327 srcPort>45995 dst>fd10:23:100::2/24127 
05:41:25.195874 SHUTDOWN flow>7079 srcPort>41949 dst>fd10:23:100::2/23879 
05:41:25.197302 OFF flow>7079 srcPort>41949 dst>fd10:23:100::2/23879 
05:41:25.324149 SHUTDOWN flow>7087 srcPort>46017 dst>fd10:23:100::2/23887 
05:41:25.325394 OFF flow>7087 srcPort>46017 dst>fd10:23:100::2/23887 
05:41:25.387140 ON flow>7335 srcPort>45331 dst>fd10:23:100::2/24135 
05:41:25.387549 CONNECT flow>7335 srcPort>45331 dst>fd10:23:100::2/24135 
05:41:25.440552 SHUTDOWN flow>7095 srcPort>44115 dst>fd10:23:100::2/23895 
05:41:25.441967 OFF flow>7095 srcPort>44115 dst>fd10:23:100::2/23895 
05:41:25.483847 SHUTDOWN flow>7103 srcPort>33961 dst>fd10:23:100::2/23903 
05:41:25.484678 OFF flow>7103 srcPort>33961 dst>fd10:23:100::2/23903 
05:41:25.537068 SHUTDOWN flow>7111 srcPort>41293 dst>fd10:23:100::2/23911 
05:41:25.537888 OFF flow>7111 srcPort>41293 dst>fd10:23:100::2/23911 
05:41:25.550611 ON flow>7343 srcPort>44817 dst>fd10:23:100::2/24143 
05:41:25.551402 CONNECT flow>7343 srcPort>44817 dst>fd10:23:100::2/24143 
05:41:25.623777 SHUTDOWN flow>7119 srcPort>40771 dst>fd10:23:100::2/23919 
05:41:25.624622 OFF flow>7119 srcPort>40771 dst>fd10:23:100::2/23919 
05:41:25.691359 SHUTDOWN flow>7127 srcPort>40563 dst>fd10:23:100::2/23927 
05:41:25.692653 OFF flow>7127 srcPort>40563 dst>fd10:23:100::2/23927 
05:41:25.702622 ON flow>7351 srcPort>44711 dst>fd10:23:100::2/24151 
05:41:25.704248 CONNECT flow>7351 srcPort>44711 dst>fd10:23:100::2/24151 
05:41:25.786557 SHUTDOWN flow>7135 srcPort>39401 dst>fd10:23:100::2/23935 
05:41:25.787032 OFF flow>7135 srcPort>39401 dst>fd10:23:100::2/23935 
05:41:25.830992 ON flow>7359 srcPort>37853 dst>fd10:23:100::2/24159 
05:41:25.831461 CONNECT flow>7359 srcPort>37853 dst>fd10:23:100::2/24159 
05:41:25.871528 SHUTDOWN flow>7143 srcPort>36725 dst>fd10:23:100::2/23943 
05:41:25.872105 OFF flow>7143 srcPort>36725 dst>fd10:23:100::2/23943 
05:41:26.038132 SHUTDOWN flow>7151 srcPort>42535 dst>fd10:23:100::2/23951 
05:41:26.039222 OFF flow>7151 srcPort>42535 dst>fd10:23:100::2/23951 
05:41:26.142492 ON flow>7367 srcPort>34627 dst>fd10:23:100::2/24167 
05:41:26.142947 CONNECT flow>7367 srcPort>34627 dst>fd10:23:100::2/24167 
05:41:26.180001 SHUTDOWN flow>7159 srcPort>43187 dst>fd10:23:100::2/23959 
05:41:26.180695 OFF flow>7159 srcPort>43187 dst>fd10:23:100::2/23959 
05:41:26.312111 SHUTDOWN flow>7167 srcPort>38905 dst>fd10:23:100::2/23967 
05:41:26.312596 OFF flow>7167 srcPort>38905 dst>fd10:23:100::2/23967 
05:41:26.341640 ON flow>7375 srcPort>34003 dst>fd10:23:100::2/24175 
05:41:26.342135 CONNECT flow>7375 srcPort>34003 dst>fd10:23:100::2/24175 
05:41:26.467230 ON flow>7383 srcPort>42637 dst>fd10:23:100::2/24183 
05:41:26.467665 CONNECT flow>7383 srcPort>42637 dst>fd10:23:100::2/24183 
05:41:26.489512 SHUTDOWN flow>7175 srcPort>35931 dst>fd10:23:100::2/23975 
05:41:26.490045 OFF flow>7175 srcPort>35931 dst>fd10:23:100::2/23975 
05:41:26.587871 ON flow>7391 srcPort>38717 dst>fd10:23:100::2/24191 
05:41:26.588322 CONNECT flow>7391 srcPort>38717 dst>fd10:23:100::2/24191 
05:41:26.664119 ON flow>7399 srcPort>42785 dst>fd10:23:100::2/24199 
05:41:26.664493 CONNECT flow>7399 srcPort>42785 dst>fd10:23:100::2/24199 
05:41:26.701797 SHUTDOWN flow>7183 srcPort>43521 dst>fd10:23:100::2/23983 
05:41:26.703285 OFF flow>7183 srcPort>43521 dst>fd10:23:100::2/23983 
05:41:26.718279 ON flow>7407 srcPort>37335 dst>fd10:23:100::2/24207 
05:41:26.719237 CONNECT flow>7407 srcPort>37335 dst>fd10:23:100::2/24207 
05:41:26.853590 ON flow>7415 srcPort>37331 dst>fd10:23:100::2/24215 
05:41:26.853947 CONNECT flow>7415 srcPort>37331 dst>fd10:23:100::2/24215 
05:41:26.868375 SHUTDOWN flow>7191 srcPort>44919 dst>fd10:23:100::2/23991 
05:41:26.871110 OFF flow>7191 srcPort>44919 dst>fd10:23:100::2/23991 
05:41:26.997778 ON flow>7423 srcPort>43441 dst>fd10:23:100::2/24223 
05:41:26.998332 CONNECT flow>7423 srcPort>43441 dst>fd10:23:100::2/24223 
05:41:27.009581 SHUTDOWN flow>7199 srcPort>45465 dst>fd10:23:100::2/23999 
05:41:27.010083 OFF flow>7199 srcPort>45465 dst>fd10:23:100::2/23999 
05:41:27.129631 ON flow>7431 srcPort>37317 dst>fd10:23:100::2/24231 
05:41:27.130287 CONNECT flow>7431 srcPort>37317 dst>fd10:23:100::2/24231 
05:41:27.235933 ON flow>7439 srcPort>45641 dst>fd10:23:100::2/24239 
05:41:27.237778 CONNECT flow>7439 srcPort>45641 dst>fd10:23:100::2/24239 
05:41:27.266184 SHUTDOWN flow>7207 srcPort>43149 dst>fd10:23:100::2/24007 
05:41:27.267100 OFF flow>7207 srcPort>43149 dst>fd10:23:100::2/24007 
05:41:27.317087 ON flow>7447 srcPort>45159 dst>fd10:23:100::2/24247 
05:41:27.317481 CONNECT flow>7447 srcPort>45159 dst>fd10:23:100::2/24247 
05:41:27.390811 SHUTDOWN flow>7215 srcPort>45713 dst>fd10:23:100::2/24015 
05:41:27.392711 OFF flow>7215 srcPort>45713 dst>fd10:23:100::2/24015 
05:41:27.409387 ON flow>7455 srcPort>44427 dst>fd10:23:100::2/24255 
05:41:27.410364 CONNECT flow>7455 srcPort>44427 dst>fd10:23:100::2/24255 
05:41:27.501283 SHUTDOWN flow>7223 srcPort>45059 dst>fd10:23:100::2/24023 
05:41:27.501952 OFF flow>7223 srcPort>45059 dst>fd10:23:100::2/24023 
05:41:27.543704 ON flow>7463 srcPort>40003 dst>fd10:23:100::2/24263 
05:41:27.544042 CONNECT flow>7463 srcPort>40003 dst>fd10:23:100::2/24263 
05:41:27.620390 SHUTDOWN flow>7231 srcPort>41383 dst>fd10:23:100::2/24031 
05:41:27.621883 OFF flow>7231 srcPort>41383 dst>fd10:23:100::2/24031 
05:41:27.684223 ON flow>7471 srcPort>33443 dst>fd10:23:100::2/24271 
05:41:27.685079 CONNECT flow>7471 srcPort>33443 dst>fd10:23:100::2/24271 
05:41:27.812320 SHUTDOWN flow>7239 srcPort>44349 dst>fd10:23:100::2/24039 
05:41:27.813699 OFF flow>7239 srcPort>44349 dst>fd10:23:100::2/24039 
05:41:27.814748 ON flow>7479 srcPort>33377 dst>fd10:23:100::2/24279 
05:41:27.815874 CONNECT flow>7479 srcPort>33377 dst>fd10:23:100::2/24279 
05:41:27.890663 ON flow>7487 srcPort>43275 dst>fd10:23:100::2/24287 
05:41:27.891330 CONNECT flow>7487 srcPort>43275 dst>fd10:23:100::2/24287 
05:41:28.018609 ON flow>7495 srcPort>36475 dst>fd10:23:100::2/24295 
05:41:28.019732 CONNECT flow>7495 srcPort>36475 dst>fd10:23:100::2/24295 
05:41:28.259599 ON flow>7503 srcPort>42387 dst>fd10:23:100::2/24303 
05:41:28.259946 CONNECT flow>7503 srcPort>42387 dst>fd10:23:100::2/24303 
05:41:28.285936 SHUTDOWN flow>7247 srcPort>46731 dst>fd10:23:100::2/24047 
05:41:28.353542 ON flow>7511 srcPort>39915 dst>fd10:23:100::2/24311 
05:41:28.354669 CONNECT flow>7511 srcPort>39915 dst>fd10:23:100::2/24311 
05:41:28.404671 OFF flow>7247 srcPort>46731 dst>fd10:23:100::2/24047 
05:41:28.415555 ON flow>7519 srcPort>40305 dst>fd10:23:100::2/24319 
05:41:28.416157 CONNECT flow>7519 srcPort>40305 dst>fd10:23:100::2/24319 
05:41:28.484254 ON flow>7527 srcPort>34517 dst>fd10:23:100::2/24327 
05:41:28.485031 CONNECT flow>7527 srcPort>34517 dst>fd10:23:100::2/24327 
05:41:28.505308 SHUTDOWN flow>7255 srcPort>36147 dst>fd10:23:100::2/24055 
05:41:28.506384 OFF flow>7255 srcPort>36147 dst>fd10:23:100::2/24055 
05:41:28.585841 ON flow>7535 srcPort>39341 dst>fd10:23:100::2/24335 
05:41:28.586191 CONNECT flow>7535 srcPort>39341 dst>fd10:23:100::2/24335 
05:41:28.700660 ON flow>7543 srcPort>33137 dst>fd10:23:100::2/24343 
05:41:28.701484 CONNECT flow>7543 srcPort>33137 dst>fd10:23:100::2/24343 
05:41:28.825892 ON flow>7551 srcPort>41767 dst>fd10:23:100::2/24351 
05:41:28.828837 CONNECT flow>7551 srcPort>41767 dst>fd10:23:100::2/24351 
05:41:28.966469 ON flow>7559 srcPort>37537 dst>fd10:23:100::2/24359 
05:41:28.971450 CONNECT flow>7559 srcPort>37537 dst>fd10:23:100::2/24359 
05:41:29.048293 ON flow>7567 srcPort>35605 dst>fd10:23:100::2/24367 
05:41:29.056798 CONNECT flow>7567 srcPort>35605 dst>fd10:23:100::2/24367 
05:41:29.062943 SHUTDOWN flow>7263 srcPort>40341 dst>fd10:23:100::2/24063 
05:41:29.068904 OFF flow>7263 srcPort>40341 dst>fd10:23:100::2/24063 
05:41:29.181403 ON flow>7575 srcPort>46655 dst>fd10:23:100::2/24375 
05:41:29.184168 CONNECT flow>7575 srcPort>46655 dst>fd10:23:100::2/24375 
05:41:29.233305 SHUTDOWN flow>7271 srcPort>35883 dst>fd10:23:100::2/24071 
05:41:29.238357 OFF flow>7271 srcPort>35883 dst>fd10:23:100::2/24071 
05:41:29.451517 SHUTDOWN flow>7279 srcPort>46255 dst>fd10:23:100::2/24079 
05:41:29.458564 OFF flow>7279 srcPort>46255 dst>fd10:23:100::2/24079 
05:41:29.474266 ON flow>7583 srcPort>34125 dst>fd10:23:100::2/24383 
05:41:29.483052 CONNECT flow>7583 srcPort>34125 dst>fd10:23:100::2/24383 
05:41:29.498593 SHUTDOWN flow>7287 srcPort>46561 dst>fd10:23:100::2/24087 
05:41:29.510034 OFF flow>7287 srcPort>46561 dst>fd10:23:100::2/24087 
05:41:29.590630 SHUTDOWN flow>7295 srcPort>44001 dst>fd10:23:100::2/24095 
05:41:29.600657 OFF flow>7295 srcPort>44001 dst>fd10:23:100::2/24095 
05:41:29.637011 SHUTDOWN flow>7303 srcPort>40467 dst>fd10:23:100::2/24103 
05:41:29.648120 OFF flow>7303 srcPort>40467 dst>fd10:23:100::2/24103 
05:41:29.697395 SHUTDOWN flow>7311 srcPort>33077 dst>fd10:23:100::2/24111 
05:41:29.706190 OFF flow>7311 srcPort>33077 dst>fd10:23:100::2/24111 
05:41:29.765035 ON flow>7591 srcPort>39467 dst>fd10:23:100::2/24391 
05:41:29.770962 CONNECT flow>7591 srcPort>39467 dst>fd10:23:100::2/24391 
05:41:29.799300 SHUTDOWN flow>7319 srcPort>43877 dst>fd10:23:100::2/24119 
05:41:29.804706 OFF flow>7319 srcPort>43877 dst>fd10:23:100::2/24119 
05:41:29.811234 ON flow>7599 srcPort>43629 dst>fd10:23:100::2/24399 
05:41:29.816351 CONNECT flow>7599 srcPort>43629 dst>fd10:23:100::2/24399 
05:41:29.877799 SHUTDOWN flow>7327 srcPort>45995 dst>fd10:23:100::2/24127 
05:41:29.878706 OFF flow>7327 srcPort>45995 dst>fd10:23:100::2/24127 
05:41:29.955950 ON flow>7607 srcPort>34213 dst>fd10:23:100::2/24407 
05:41:29.956422 CONNECT flow>7607 srcPort>34213 dst>fd10:23:100::2/24407 
05:41:30.061906 ON flow>7615 srcPort>39855 dst>fd10:23:100::2/24415 
05:41:30.062803 CONNECT flow>7615 srcPort>39855 dst>fd10:23:100::2/24415 
05:41:30.113763 ON flow>7623 srcPort>46779 dst>fd10:23:100::2/24423 
05:41:30.114560 CONNECT flow>7623 srcPort>46779 dst>fd10:23:100::2/24423 
05:41:30.186913 SHUTDOWN flow>7335 srcPort>45331 dst>fd10:23:100::2/24135 
05:41:30.189263 OFF flow>7335 srcPort>45331 dst>fd10:23:100::2/24135 
05:41:30.206920 ON flow>7631 srcPort>35785 dst>fd10:23:100::2/24431 
05:41:30.209498 CONNECT flow>7631 srcPort>35785 dst>fd10:23:100::2/24431 
05:41:30.350401 SHUTDOWN flow>7343 srcPort>44817 dst>fd10:23:100::2/24143 
05:41:30.351051 OFF flow>7343 srcPort>44817 dst>fd10:23:100::2/24143 
05:41:30.355218 ON flow>7639 srcPort>43925 dst>fd10:23:100::2/24439 
05:41:30.356213 CONNECT flow>7639 srcPort>43925 dst>fd10:23:100::2/24439 
05:41:30.472154 ON flow>7647 srcPort>40103 dst>fd10:23:100::2/24447 
05:41:30.474292 CONNECT flow>7647 srcPort>40103 dst>fd10:23:100::2/24447 
05:41:30.502487 SHUTDOWN flow>7351 srcPort>44711 dst>fd10:23:100::2/24151 
05:41:30.505290 OFF flow>7351 srcPort>44711 dst>fd10:23:100::2/24151 
05:41:30.565883 ON flow>7655 srcPort>45407 dst>fd10:23:100::2/24455 
05:41:30.570422 CONNECT flow>7655 srcPort>45407 dst>fd10:23:100::2/24455 
05:41:30.630891 SHUTDOWN flow>7359 srcPort>37853 dst>fd10:23:100::2/24159 
05:41:30.638158 ON flow>7663 srcPort>34911 dst>fd10:23:100::2/24463 
05:41:30.638876 OFF flow>7359 srcPort>37853 dst>fd10:23:100::2/24159 
05:41:30.645972 CONNECT flow>7663 srcPort>34911 dst>fd10:23:100::2/24463 
05:41:30.752904 ON flow>7671 srcPort>37199 dst>fd10:23:100::2/24471 
05:41:30.766248 CONNECT flow>7671 srcPort>37199 dst>fd10:23:100::2/24471 
05:41:30.903926 ON flow>7679 srcPort>46311 dst>fd10:23:100::2/24479 
05:41:30.932919 CONNECT flow>7679 srcPort>46311 dst>fd10:23:100::2/24479 
05:41:30.942347 SHUTDOWN flow>7367 srcPort>34627 dst>fd10:23:100::2/24167 
05:41:30.980380 OFF flow>7367 srcPort>34627 dst>fd10:23:100::2/24167 
05:41:30.986343 ON flow>7687 srcPort>38167 dst>fd10:23:100::2/24487 
05:41:31.029913 CONNECT flow>7687 srcPort>38167 dst>fd10:23:100::2/24487 
05:41:31.052591 ON flow>7695 srcPort>36541 dst>fd10:23:100::2/24495 
05:41:31.111170 CONNECT flow>7695 srcPort>36541 dst>fd10:23:100::2/24495 
05:41:31.141857 SHUTDOWN flow>7375 srcPort>34003 dst>fd10:23:100::2/24175 
05:41:31.227786 OFF flow>7375 srcPort>34003 dst>fd10:23:100::2/24175 
05:41:31.267188 SHUTDOWN flow>7383 srcPort>42637 dst>fd10:23:100::2/24183 
05:41:31.387817 SHUTDOWN flow>7391 srcPort>38717 dst>fd10:23:100::2/24191 
05:41:31.393973 ON flow>7703 srcPort>33195 dst>fd10:23:100::2/24503 
05:41:31.459016 OFF flow>7383 srcPort>42637 dst>fd10:23:100::2/24183 
05:41:31.463899 SHUTDOWN flow>7399 srcPort>42785 dst>fd10:23:100::2/24199 
05:41:31.491023 CONNECT flow>7703 srcPort>33195 dst>fd10:23:100::2/24503 
05:41:31.518195 SHUTDOWN flow>7407 srcPort>37335 dst>fd10:23:100::2/24207 
05:41:31.653675 SHUTDOWN flow>7415 srcPort>37331 dst>fd10:23:100::2/24215 
05:41:31.661704 OFF flow>7391 srcPort>38717 dst>fd10:23:100::2/24191 
05:41:31.687791 OFF flow>7399 srcPort>42785 dst>fd10:23:100::2/24199 
05:41:31.749331 ON flow>7711 srcPort>34239 dst>fd10:23:100::2/24511 
05:41:31.797601 SHUTDOWN flow>7423 srcPort>43441 dst>fd10:23:100::2/24223 
05:41:31.830339 ON flow>7719 srcPort>37755 dst>fd10:23:100::2/24519 
05:41:31.842177 CONNECT flow>7711 srcPort>34239 dst>fd10:23:100::2/24511 
05:41:31.898666 ON flow>7727 srcPort>34805 dst>fd10:23:100::2/24527 
05:41:31.925844 CONNECT flow>7719 srcPort>37755 dst>fd10:23:100::2/24519 
05:41:31.929562 SHUTDOWN flow>7431 srcPort>37317 dst>fd10:23:100::2/24231 
05:41:31.997618 CONNECT flow>7727 srcPort>34805 dst>fd10:23:100::2/24527 
05:41:32.026945 ON flow>7735 srcPort>34603 dst>fd10:23:100::2/24535 
05:41:32.035872 SHUTDOWN flow>7439 srcPort>45641 dst>fd10:23:100::2/24239 
05:41:32.093877 OFF flow>7415 srcPort>37331 dst>fd10:23:100::2/24215 
05:41:32.100623 ON flow>7743 srcPort>40737 dst>fd10:23:100::2/24543 
05:41:32.117006 SHUTDOWN flow>7447 srcPort>45159 dst>fd10:23:100::2/24247 
05:41:32.134121 CONNECT flow>7735 srcPort>34603 dst>fd10:23:100::2/24535 
05:41:32.190149 ON flow>7751 srcPort>36927 dst>fd10:23:100::2/24551 
05:41:32.197836 CONNECT flow>7743 srcPort>40737 dst>fd10:23:100::2/24543 
05:41:32.205106 OFF flow>7431 srcPort>37317 dst>fd10:23:100::2/24231 
05:41:32.209207 SHUTDOWN flow>7455 srcPort>44427 dst>fd10:23:100::2/24255 
05:41:32.216284 OFF flow>7447 srcPort>45159 dst>fd10:23:100::2/24247 
05:41:32.262093 OFF flow>7407 srcPort>37335 dst>fd10:23:100::2/24207 
05:41:32.285735 ON flow>7759 srcPort>35897 dst>fd10:23:100::2/24559 
05:41:32.291092 OFF flow>7423 srcPort>43441 dst>fd10:23:100::2/24223 
05:41:32.291179 CONNECT flow>7751 srcPort>36927 dst>fd10:23:100::2/24551 
05:41:32.309012 OFF flow>7455 srcPort>44427 dst>fd10:23:100::2/24255 
05:41:32.343520 SHUTDOWN flow>7463 srcPort>40003 dst>fd10:23:100::2/24263 
05:41:32.393173 CONNECT flow>7759 srcPort>35897 dst>fd10:23:100::2/24559 
05:41:32.400789 ON flow>7767 srcPort>39753 dst>fd10:23:100::2/24567 
05:41:32.484117 SHUTDOWN flow>7471 srcPort>33443 dst>fd10:23:100::2/24271 
05:41:32.511915 CONNECT flow>7767 srcPort>39753 dst>fd10:23:100::2/24567 
05:41:32.526901 ON flow>7775 srcPort>45463 dst>fd10:23:100::2/24575 
05:41:32.555705 OFF flow>7439 srcPort>45641 dst>fd10:23:100::2/24239 
05:41:32.614641 SHUTDOWN flow>7479 srcPort>33377 dst>fd10:23:100::2/24279 
05:41:32.630356 CONNECT flow>7775 srcPort>45463 dst>fd10:23:100::2/24575 
05:41:32.733875 OFF flow>7463 srcPort>40003 dst>fd10:23:100::2/24263 
05:41:32.828596 SHUTDOWN flow>7487 srcPort>43275 dst>fd10:23:100::2/24287 
05:41:32.846558 SHUTDOWN flow>7495 srcPort>36475 dst>fd10:23:100::2/24295 
05:41:32.876320 ON flow>7783 srcPort>34029 dst>fd10:23:100::2/24583 
05:41:32.894616 OFF flow>7471 srcPort>33443 dst>fd10:23:100::2/24271 
05:41:32.981555 CONNECT flow>7783 srcPort>34029 dst>fd10:23:100::2/24583 
05:41:33.021627 OFF flow>7479 srcPort>33377 dst>fd10:23:100::2/24279 
05:41:33.070373 ON flow>7791 srcPort>43535 dst>fd10:23:100::2/24591 
05:41:33.153197 SHUTDOWN flow>7511 srcPort>39915 dst>fd10:23:100::2/24311 
05:41:33.172828 CONNECT flow>7791 srcPort>43535 dst>fd10:23:100::2/24591 
05:41:33.215457 SHUTDOWN flow>7519 srcPort>40305 dst>fd10:23:100::2/24319 
05:41:33.240978 ON flow>7799 srcPort>40015 dst>fd10:23:100::2/24599 
05:41:33.284038 SHUTDOWN flow>7527 srcPort>34517 dst>fd10:23:100::2/24327 
05:41:33.292003 OFF flow>7511 srcPort>39915 dst>fd10:23:100::2/24311 
05:41:33.338568 CONNECT flow>7799 srcPort>40015 dst>fd10:23:100::2/24599 
05:41:33.363451 OFF flow>7495 srcPort>36475 dst>fd10:23:100::2/24295 
05:41:33.382080 OFF flow>7527 srcPort>34517 dst>fd10:23:100::2/24327 
05:41:33.383375 ON flow>7807 srcPort>38485 dst>fd10:23:100::2/24607 
05:41:33.384595 OFF flow>7487 srcPort>43275 dst>fd10:23:100::2/24287 
05:41:33.385647 SHUTDOWN flow>7535 srcPort>39341 dst>fd10:23:100::2/24335 
05:41:33.409128 SHUTDOWN flow>7503 srcPort>42387 dst>fd10:23:100::2/24303 
05:41:33.478601 CONNECT flow>7807 srcPort>38485 dst>fd10:23:100::2/24607 
05:41:33.496464 ON flow>7815 srcPort>40707 dst>fd10:23:100::2/24615 
05:41:33.500405 SHUTDOWN flow>7543 srcPort>33137 dst>fd10:23:100::2/24343 
05:41:33.587443 ON flow>7823 srcPort>45315 dst>fd10:23:100::2/24623 
05:41:33.593786 CONNECT flow>7815 srcPort>40707 dst>fd10:23:100::2/24615 
05:41:33.598519 OFF flow>7543 srcPort>33137 dst>fd10:23:100::2/24343 
05:41:33.625808 SHUTDOWN flow>7551 srcPort>41767 dst>fd10:23:100::2/24351 
05:41:33.682480 ON flow>7831 srcPort>36593 dst>fd10:23:100::2/24631 
05:41:33.684312 CONNECT flow>7823 srcPort>45315 dst>fd10:23:100::2/24623 
05:41:33.780854 CONNECT flow>7831 srcPort>36593 dst>fd10:23:100::2/24631 
05:41:33.788971 OFF flow>7519 srcPort>40305 dst>fd10:23:100::2/24319 
05:41:33.848100 SHUTDOWN flow>7567 srcPort>35605 dst>fd10:23:100::2/24367 
05:41:33.895238 ON flow>7839 srcPort>37257 dst>fd10:23:100::2/24639 
05:41:33.967124 SHUTDOWN flow>7559 srcPort>37537 dst>fd10:23:100::2/24359 
05:41:33.975037 OFF flow>7551 srcPort>41767 dst>fd10:23:100::2/24351 
05:41:33.991614 CONNECT flow>7839 srcPort>37257 dst>fd10:23:100::2/24639 
05:41:34.055405 OFF flow>7535 srcPort>39341 dst>fd10:23:100::2/24335 
05:41:34.068043 SHUTDOWN flow>7575 srcPort>46655 dst>fd10:23:100::2/24375 
05:41:34.174426 ON flow>7847 srcPort>42363 dst>fd10:23:100::2/24647 
05:41:34.196014 OFF flow>7503 srcPort>42387 dst>fd10:23:100::2/24303 
05:41:34.271900 CONNECT flow>7847 srcPort>42363 dst>fd10:23:100::2/24647 
05:41:34.274000 SHUTDOWN flow>7583 srcPort>34125 dst>fd10:23:100::2/24383 
05:41:34.362331 OFF flow>7559 srcPort>37537 dst>fd10:23:100::2/24359 
05:41:34.425643 ON flow>7855 srcPort>45279 dst>fd10:23:100::2/24655 
05:41:34.470918 OFF flow>7567 srcPort>35605 dst>fd10:23:100::2/24367 
05:41:34.521000 CONNECT flow>7855 srcPort>45279 dst>fd10:23:100::2/24655 
05:41:34.530561 ON flow>7863 srcPort>39969 dst>fd10:23:100::2/24663 
05:41:34.598518 SHUTDOWN flow>7591 srcPort>39467 dst>fd10:23:100::2/24391 
05:41:34.600015 ON flow>7871 srcPort>46659 dst>fd10:23:100::2/24671 
05:41:34.611114 SHUTDOWN flow>7599 srcPort>43629 dst>fd10:23:100::2/24399 
05:41:34.626353 CONNECT flow>7863 srcPort>39969 dst>fd10:23:100::2/24663 
05:41:34.638265 OFF flow>7583 srcPort>34125 dst>fd10:23:100::2/24383 
05:41:34.666364 OFF flow>7575 srcPort>46655 dst>fd10:23:100::2/24375 
05:41:34.674206 ON flow>7879 srcPort>40655 dst>fd10:23:100::2/24679 
05:41:34.693948 CONNECT flow>7871 srcPort>46659 dst>fd10:23:100::2/24671 
05:41:34.707317 OFF flow>7599 srcPort>43629 dst>fd10:23:100::2/24399 
05:41:34.762671 ON flow>7887 srcPort>34051 dst>fd10:23:100::2/24687 
05:41:34.777049 CONNECT flow>7879 srcPort>40655 dst>fd10:23:100::2/24679 
05:41:34.784462 SHUTDOWN flow>7607 srcPort>34213 dst>fd10:23:100::2/24407 
05:41:34.865159 CONNECT flow>7887 srcPort>34051 dst>fd10:23:100::2/24687 
05:41:34.899786 ON flow>7895 srcPort>46211 dst>fd10:23:100::2/24695 
05:41:34.913624 SHUTDOWN flow>7623 srcPort>46779 dst>fd10:23:100::2/24423 
05:41:34.993675 CONNECT flow>7895 srcPort>46211 dst>fd10:23:100::2/24695 
05:41:35.006235 OFF flow>7623 srcPort>46779 dst>fd10:23:100::2/24423 
05:41:35.023154 SHUTDOWN flow>7615 srcPort>39855 dst>fd10:23:100::2/24415 
05:41:35.111976 ON flow>7903 srcPort>34129 dst>fd10:23:100::2/24703 
05:41:35.155018 SHUTDOWN flow>7639 srcPort>43925 dst>fd10:23:100::2/24439 
05:41:35.209363 CONNECT flow>7903 srcPort>34129 dst>fd10:23:100::2/24703 
05:41:35.209520 SHUTDOWN flow>7631 srcPort>35785 dst>fd10:23:100::2/24431 
05:41:35.271957 SHUTDOWN flow>7647 srcPort>40103 dst>fd10:23:100::2/24447 
05:41:35.295167 OFF flow>7607 srcPort>34213 dst>fd10:23:100::2/24407 
05:41:35.316414 OFF flow>7591 srcPort>39467 dst>fd10:23:100::2/24391 
05:41:35.371472 SHUTDOWN flow>7655 srcPort>45407 dst>fd10:23:100::2/24455 
05:41:35.399955 ON flow>7911 srcPort>33521 dst>fd10:23:100::2/24711 
05:41:35.437937 SHUTDOWN flow>7663 srcPort>34911 dst>fd10:23:100::2/24463 
05:41:35.496721 CONNECT flow>7911 srcPort>33521 dst>fd10:23:100::2/24711 
05:41:35.575883 OFF flow>7631 srcPort>35785 dst>fd10:23:100::2/24431 
05:41:35.619351 ON flow>7919 srcPort>39881 dst>fd10:23:100::2/24719 
05:41:35.671429 SHUTDOWN flow>7671 srcPort>37199 dst>fd10:23:100::2/24471 
05:41:35.701049 SHUTDOWN flow>7679 srcPort>46311 dst>fd10:23:100::2/24479 
05:41:35.708769 CONNECT flow>7919 srcPort>39881 dst>fd10:23:100::2/24719 
05:41:35.759019 OFF flow>7639 srcPort>43925 dst>fd10:23:100::2/24439 
05:41:35.778553 OFF flow>7655 srcPort>45407 dst>fd10:23:100::2/24455 
05:41:35.814372 OFF flow>7615 srcPort>39855 dst>fd10:23:100::2/24415 
05:41:35.909897 ON flow>7927 srcPort>38305 dst>fd10:23:100::2/24727 
05:41:35.943046 OFF flow>7679 srcPort>46311 dst>fd10:23:100::2/24479 
05:41:35.970595 SHUTDOWN flow>7687 srcPort>38167 dst>fd10:23:100::2/24487 
05:41:35.971634 SHUTDOWN flow>7695 srcPort>36541 dst>fd10:23:100::2/24495 
05:41:35.995922 CONNECT flow>7927 srcPort>38305 dst>fd10:23:100::2/24727 
05:41:36.055050 ON flow>7935 srcPort>42327 dst>fd10:23:100::2/24735 
05:41:36.129544 ON flow>7943 srcPort>41935 dst>fd10:23:100::2/24743 
05:41:36.137635 CONNECT flow>7935 srcPort>42327 dst>fd10:23:100::2/24735 
05:41:36.177751 ON flow>7951 srcPort>34687 dst>fd10:23:100::2/24751 
05:41:36.193572 SHUTDOWN flow>7703 srcPort>33195 dst>fd10:23:100::2/24503 
05:41:36.215636 CONNECT flow>7943 srcPort>41935 dst>fd10:23:100::2/24743 
05:41:36.248370 ON flow>7959 srcPort>42261 dst>fd10:23:100::2/24759 
05:41:36.257987 CONNECT flow>7951 srcPort>34687 dst>fd10:23:100::2/24751 
05:41:36.326157 OFF flow>7671 srcPort>37199 dst>fd10:23:100::2/24471 
05:41:36.331686 CONNECT flow>7959 srcPort>42261 dst>fd10:23:100::2/24759 
05:41:36.336489 ON flow>7967 srcPort>41961 dst>fd10:23:100::2/24767 
05:41:36.384533 OFF flow>7695 srcPort>36541 dst>fd10:23:100::2/24495 
05:41:36.417474 CONNECT flow>7967 srcPort>41961 dst>fd10:23:100::2/24767 
05:41:36.459291 OFF flow>7663 srcPort>34911 dst>fd10:23:100::2/24463 
05:41:36.481886 ON flow>7975 srcPort>40085 dst>fd10:23:100::2/24775 
05:41:36.548917 SHUTDOWN flow>7711 srcPort>34239 dst>fd10:23:100::2/24511 
05:41:36.569004 CONNECT flow>7975 srcPort>40085 dst>fd10:23:100::2/24775 
05:41:36.577060 OFF flow>7703 srcPort>33195 dst>fd10:23:100::2/24503 
05:41:36.612877 ON flow>7983 srcPort>41539 dst>fd10:23:100::2/24783 
05:41:36.612940 OFF flow>7687 srcPort>38167 dst>fd10:23:100::2/24487 
05:41:36.629235 SHUTDOWN flow>7719 srcPort>37755 dst>fd10:23:100::2/24519 
05:41:36.644546 OFF flow>7711 srcPort>34239 dst>fd10:23:100::2/24511 
05:41:36.698215 SHUTDOWN flow>7727 srcPort>34805 dst>fd10:23:100::2/24527 
05:41:36.710557 CONNECT flow>7983 srcPort>41539 dst>fd10:23:100::2/24783 
05:41:36.712003 OFF flow>7647 srcPort>40103 dst>fd10:23:100::2/24447 
05:41:36.721769 ON flow>7991 srcPort>46753 dst>fd10:23:100::2/24791 
05:41:36.766617 ON flow>7999 srcPort>39117 dst>fd10:23:100::2/24799 
05:41:36.796977 OFF flow>7727 srcPort>34805 dst>fd10:23:100::2/24527 
05:41:36.819893 OFF flow>7719 srcPort>37755 dst>fd10:23:100::2/24519 
05:41:36.820972 CONNECT flow>7991 srcPort>46753 dst>fd10:23:100::2/24791 
05:41:36.826636 SHUTDOWN flow>7735 srcPort>34603 dst>fd10:23:100::2/24535 
05:41:36.863610 ON flow>8007 srcPort>43593 dst>fd10:23:100::2/24807 
05:41:36.865148 CONNECT flow>7999 srcPort>39117 dst>fd10:23:100::2/24799 
05:41:36.900419 SHUTDOWN flow>7743 srcPort>40737 dst>fd10:23:100::2/24543 
05:41:36.927674 OFF flow>7735 srcPort>34603 dst>fd10:23:100::2/24535 
05:41:36.966154 ON flow>8015 srcPort>35831 dst>fd10:23:100::2/24815 
05:41:36.969817 CONNECT flow>8007 srcPort>43593 dst>fd10:23:100::2/24807 
05:41:37.080535 CONNECT flow>8015 srcPort>35831 dst>fd10:23:100::2/24815 
05:41:37.085547 SHUTDOWN flow>7759 srcPort>35897 dst>fd10:23:100::2/24559 
05:41:37.192311 SHUTDOWN flow>7751 srcPort>36927 dst>fd10:23:100::2/24551 
05:41:37.192812 OFF flow>7759 srcPort>35897 dst>fd10:23:100::2/24559 
05:41:37.200240 SHUTDOWN flow>7767 srcPort>39753 dst>fd10:23:100::2/24567 
05:41:37.206069 OFF flow>7743 srcPort>40737 dst>fd10:23:100::2/24543 
05:41:37.220952 ON flow>8023 srcPort>44019 dst>fd10:23:100::2/24823 
05:41:37.326566 SHUTDOWN flow>7775 srcPort>45463 dst>fd10:23:100::2/24575 
05:41:37.328674 CONNECT flow>8023 srcPort>44019 dst>fd10:23:100::2/24823 
05:41:37.433638 OFF flow>7775 srcPort>45463 dst>fd10:23:100::2/24575 
05:41:37.605680 ON flow>8031 srcPort>36745 dst>fd10:23:100::2/24831 
05:41:37.708886 CONNECT flow>8031 srcPort>36745 dst>fd10:23:100::2/24831 
05:41:37.772526 OFF flow>7751 srcPort>36927 dst>fd10:23:100::2/24551 
05:41:37.773779 ON flow>8039 srcPort>44417 dst>fd10:23:100::2/24839 
05:41:37.870114 SHUTDOWN flow>7791 srcPort>43535 dst>fd10:23:100::2/24591 
05:41:37.873927 CONNECT flow>8039 srcPort>44417 dst>fd10:23:100::2/24839 
05:41:37.998184 SHUTDOWN flow>7783 srcPort>34029 dst>fd10:23:100::2/24583 
05:41:38.040334 SHUTDOWN flow>7799 srcPort>40015 dst>fd10:23:100::2/24599 
05:41:38.084271 OFF flow>7767 srcPort>39753 dst>fd10:23:100::2/24567 
05:41:38.089842 OFF flow>7791 srcPort>43535 dst>fd10:23:100::2/24591 
05:41:38.173139 OFF flow>7799 srcPort>40015 dst>fd10:23:100::2/24599 
05:41:38.180717 ON flow>8047 srcPort>35069 dst>fd10:23:100::2/24847 
05:41:38.182924 SHUTDOWN flow>7807 srcPort>38485 dst>fd10:23:100::2/24607 
05:41:38.279541 OFF flow>7807 srcPort>38485 dst>fd10:23:100::2/24607 
05:41:38.282372 CONNECT flow>8047 srcPort>35069 dst>fd10:23:100::2/24847 
05:41:38.296118 SHUTDOWN flow>7815 srcPort>40707 dst>fd10:23:100::2/24615 
05:41:38.325014 ON flow>8055 srcPort>45973 dst>fd10:23:100::2/24855 
05:41:38.387221 SHUTDOWN flow>7823 srcPort>45315 dst>fd10:23:100::2/24623 
05:41:38.418016 CONNECT flow>8055 srcPort>45973 dst>fd10:23:100::2/24855 
05:41:38.422275 ON flow>8063 srcPort>35247 dst>fd10:23:100::2/24863 
05:41:38.474385 OFF flow>7815 srcPort>40707 dst>fd10:23:100::2/24615 
05:41:38.479041 OFF flow>7823 srcPort>45315 dst>fd10:23:100::2/24623 
05:41:38.482202 SHUTDOWN flow>7831 srcPort>36593 dst>fd10:23:100::2/24631 
05:41:38.512392 CONNECT flow>8063 srcPort>35247 dst>fd10:23:100::2/24863 
05:41:38.517158 ON flow>8071 srcPort>44127 dst>fd10:23:100::2/24871 
05:41:38.564219 OFF flow>7831 srcPort>36593 dst>fd10:23:100::2/24631 
05:41:38.584376 ON flow>8079 srcPort>40225 dst>fd10:23:100::2/24879 
05:41:38.601232 CONNECT flow>8071 srcPort>44127 dst>fd10:23:100::2/24871 
05:41:38.662589 CONNECT flow>8079 srcPort>40225 dst>fd10:23:100::2/24879 
05:41:38.687208 ON flow>8087 srcPort>34537 dst>fd10:23:100::2/24887 
05:41:38.694922 SHUTDOWN flow>7839 srcPort>37257 dst>fd10:23:100::2/24639 
05:41:38.769969 CONNECT flow>8087 srcPort>34537 dst>fd10:23:100::2/24887 
05:41:38.776741 OFF flow>7839 srcPort>37257 dst>fd10:23:100::2/24639 
05:41:38.778351 ON flow>8095 srcPort>36615 dst>fd10:23:100::2/24895 
05:41:38.826909 OFF flow>7783 srcPort>34029 dst>fd10:23:100::2/24583 
05:41:38.849740 ON flow>8103 srcPort>35279 dst>fd10:23:100::2/24903 
05:41:38.864710 CONNECT flow>8095 srcPort>36615 dst>fd10:23:100::2/24895 
05:41:38.940604 CONNECT flow>8103 srcPort>35279 dst>fd10:23:100::2/24903 
05:41:38.967954 ON flow>8111 srcPort>37225 dst>fd10:23:100::2/24911 
05:41:38.974127 SHUTDOWN flow>7847 srcPort>42363 dst>fd10:23:100::2/24647 
05:41:39.064841 CONNECT flow>8111 srcPort>37225 dst>fd10:23:100::2/24911 
05:41:39.134225 ON flow>8119 srcPort>35111 dst>fd10:23:100::2/24919 
05:41:39.220359 OFF flow>7847 srcPort>42363 dst>fd10:23:100::2/24647 
05:41:39.225476 SHUTDOWN flow>7855 srcPort>45279 dst>fd10:23:100::2/24655 
05:41:39.237911 CONNECT flow>8119 srcPort>35111 dst>fd10:23:100::2/24919 
05:41:39.259074 ON flow>8127 srcPort>46865 dst>fd10:23:100::2/24927 
05:41:39.330527 SHUTDOWN flow>7863 srcPort>39969 dst>fd10:23:100::2/24663 
05:41:39.331644 OFF flow>7855 srcPort>45279 dst>fd10:23:100::2/24655 
05:41:39.361418 CONNECT flow>8127 srcPort>46865 dst>fd10:23:100::2/24927 
05:41:39.409297 ON flow>8135 srcPort>41143 dst>fd10:23:100::2/24935 
05:41:39.438632 OFF flow>7863 srcPort>39969 dst>fd10:23:100::2/24663 
05:41:39.473755 SHUTDOWN flow>7879 srcPort>40655 dst>fd10:23:100::2/24679 
05:41:39.515042 CONNECT flow>8135 srcPort>41143 dst>fd10:23:100::2/24935 
05:41:39.562176 SHUTDOWN flow>7887 srcPort>34051 dst>fd10:23:100::2/24687 
05:41:39.567722 ON flow>8143 srcPort>41359 dst>fd10:23:100::2/24943 
05:41:39.662483 OFF flow>7887 srcPort>34051 dst>fd10:23:100::2/24687 
05:41:39.674114 OFF flow>7879 srcPort>40655 dst>fd10:23:100::2/24679 
05:41:39.683755 CONNECT flow>8143 srcPort>41359 dst>fd10:23:100::2/24943 
05:41:39.821766 SHUTDOWN flow>7895 srcPort>46211 dst>fd10:23:100::2/24695 
05:41:39.836174 ON flow>8151 srcPort>37835 dst>fd10:23:100::2/24951 
05:41:39.851415 SHUTDOWN flow>7871 srcPort>46659 dst>fd10:23:100::2/24671 
05:41:39.911677 SHUTDOWN flow>7903 srcPort>34129 dst>fd10:23:100::2/24703 
05:41:39.944392 CONNECT flow>8151 srcPort>37835 dst>fd10:23:100::2/24951 
05:41:40.013546 OFF flow>7903 srcPort>34129 dst>fd10:23:100::2/24703 
05:41:40.018981 ON flow>8159 srcPort>46715 dst>fd10:23:100::2/24959 
05:41:40.020588 OFF flow>7895 srcPort>46211 dst>fd10:23:100::2/24695 
05:41:40.125313 CONNECT flow>8159 srcPort>46715 dst>fd10:23:100::2/24959 
05:41:40.199682 SHUTDOWN flow>7911 srcPort>33521 dst>fd10:23:100::2/24711 
05:41:40.219434 ON flow>8167 srcPort>39343 dst>fd10:23:100::2/24967 
05:41:40.314232 ON flow>8175 srcPort>33751 dst>fd10:23:100::2/24975 
05:41:40.318100 CONNECT flow>8167 srcPort>39343 dst>fd10:23:100::2/24967 
05:41:40.407825 CONNECT flow>8175 srcPort>33751 dst>fd10:23:100::2/24975 
05:41:40.418030 OFF flow>7911 srcPort>33521 dst>fd10:23:100::2/24711 
05:41:40.419040 SHUTDOWN flow>7919 srcPort>39881 dst>fd10:23:100::2/24719 
05:41:40.512945 OFF flow>7919 srcPort>39881 dst>fd10:23:100::2/24719 
05:41:40.592016 OFF flow>7871 srcPort>46659 dst>fd10:23:100::2/24671 
05:41:40.613364 ON flow>8183 srcPort>42677 dst>fd10:23:100::2/24983 
05:41:40.709534 SHUTDOWN flow>7927 srcPort>38305 dst>fd10:23:100::2/24727 
05:41:40.711369 CONNECT flow>8183 srcPort>42677 dst>fd10:23:100::2/24983 
05:41:40.854724 SHUTDOWN flow>7935 srcPort>42327 dst>fd10:23:100::2/24735 
05:41:40.860269 ON flow>8191 srcPort>46555 dst>fd10:23:100::2/24991 
05:41:40.929337 SHUTDOWN flow>7943 srcPort>41935 dst>fd10:23:100::2/24743 
05:41:40.954909 OFF flow>7935 srcPort>42327 dst>fd10:23:100::2/24735 
05:41:40.959799 CONNECT flow>8191 srcPort>46555 dst>fd10:23:100::2/24991 
05:41:40.977590 SHUTDOWN flow>7951 srcPort>34687 dst>fd10:23:100::2/24751 
05:41:40.993024 OFF flow>7927 srcPort>38305 dst>fd10:23:100::2/24727 
05:41:41.037282 OFF flow>7943 srcPort>41935 dst>fd10:23:100::2/24743 
05:41:41.048061 SHUTDOWN flow>7959 srcPort>42261 dst>fd10:23:100::2/24759 
05:41:41.281631 SHUTDOWN flow>7975 srcPort>40085 dst>fd10:23:100::2/24775 
05:41:41.358571 OFF flow>7959 srcPort>42261 dst>fd10:23:100::2/24759 
05:41:41.370660 OFF flow>7975 srcPort>40085 dst>fd10:23:100::2/24775 
05:41:41.407913 SHUTDOWN flow>7967 srcPort>41961 dst>fd10:23:100::2/24767 
05:41:41.412532 SHUTDOWN flow>7983 srcPort>41539 dst>fd10:23:100::2/24783 
05:41:41.489252 OFF flow>7983 srcPort>41539 dst>fd10:23:100::2/24783 
05:41:41.511902 ON flow>8199 srcPort>37677 dst>fd10:23:100::2/24999 
05:41:41.521545 SHUTDOWN flow>7991 srcPort>46753 dst>fd10:23:100::2/24791 
05:41:41.556841 OFF flow>7951 srcPort>34687 dst>fd10:23:100::2/24751 
05:41:41.566586 SHUTDOWN flow>7999 srcPort>39117 dst>fd10:23:100::2/24799 
05:41:41.576148 CONNECT flow>8199 srcPort>37677 dst>fd10:23:100::2/24999 
05:41:41.586393 OFF flow>7991 srcPort>46753 dst>fd10:23:100::2/24791 
05:41:41.663440 SHUTDOWN flow>8007 srcPort>43593 dst>fd10:23:100::2/24807 
05:41:41.678894 ON flow>8207 srcPort>41633 dst>fd10:23:100::2/25007 
05:41:41.725246 CONNECT flow>8207 srcPort>41633 dst>fd10:23:100::2/25007 
05:41:41.759434 OFF flow>7967 srcPort>41961 dst>fd10:23:100::2/24767 
05:41:41.765689 SHUTDOWN flow>8015 srcPort>35831 dst>fd10:23:100::2/24815 
05:41:41.816905 OFF flow>8015 srcPort>35831 dst>fd10:23:100::2/24815 
05:41:41.835764 OFF flow>8007 srcPort>43593 dst>fd10:23:100::2/24807 
05:41:41.843532 ON flow>8215 srcPort>33089 dst>fd10:23:100::2/25015 
05:41:41.870554 CONNECT flow>8215 srcPort>33089 dst>fd10:23:100::2/25015 
05:41:41.884125 OFF flow>7999 srcPort>39117 dst>fd10:23:100::2/24799 
05:41:41.962343 ON flow>8223 srcPort>40675 dst>fd10:23:100::2/25023 
05:41:41.975938 CONNECT flow>8223 srcPort>40675 dst>fd10:23:100::2/25023 
05:41:42.021517 SHUTDOWN flow>8023 srcPort>44019 dst>fd10:23:100::2/24823 
05:41:42.028551 OFF flow>8023 srcPort>44019 dst>fd10:23:100::2/24823 
05:41:42.070733 ON flow>8231 srcPort>36001 dst>fd10:23:100::2/25031 
05:41:42.071360 CONNECT flow>8231 srcPort>36001 dst>fd10:23:100::2/25031 
05:41:42.315787 ON flow>8239 srcPort>42281 dst>fd10:23:100::2/25039 
05:41:42.316289 CONNECT flow>8239 srcPort>42281 dst>fd10:23:100::2/25039 
05:41:42.405363 SHUTDOWN flow>8031 srcPort>36745 dst>fd10:23:100::2/24831 
05:41:42.406157 OFF flow>8031 srcPort>36745 dst>fd10:23:100::2/24831 
05:41:42.491844 ON flow>8247 srcPort>37895 dst>fd10:23:100::2/25047 
05:41:42.492568 CONNECT flow>8247 srcPort>37895 dst>fd10:23:100::2/25047 
05:41:42.573364 SHUTDOWN flow>8039 srcPort>44417 dst>fd10:23:100::2/24839 
05:41:42.573865 OFF flow>8039 srcPort>44417 dst>fd10:23:100::2/24839 
05:41:42.650687 ON flow>8255 srcPort>44483 dst>fd10:23:100::2/25055 
05:41:42.650914 CONNECT flow>8255 srcPort>44483 dst>fd10:23:100::2/25055 
05:41:42.753254 ON flow>8263 srcPort>42897 dst>fd10:23:100::2/25063 
05:41:42.753632 CONNECT flow>8263 srcPort>42897 dst>fd10:23:100::2/25063 
05:41:42.845299 ON flow>8271 srcPort>34245 dst>fd10:23:100::2/25071 
05:41:42.845760 CONNECT flow>8271 srcPort>34245 dst>fd10:23:100::2/25071 
05:41:42.948177 ON flow>8279 srcPort>38571 dst>fd10:23:100::2/25079 
05:41:42.948616 CONNECT flow>8279 srcPort>38571 dst>fd10:23:100::2/25079 
05:41:42.980436 SHUTDOWN flow>8047 srcPort>35069 dst>fd10:23:100::2/24847 
05:41:42.981288 OFF flow>8047 srcPort>35069 dst>fd10:23:100::2/24847 
05:41:43.057661 ON flow>8287 srcPort>33127 dst>fd10:23:100::2/25087 
05:41:43.058060 CONNECT flow>8287 srcPort>33127 dst>fd10:23:100::2/25087 
05:41:43.124740 SHUTDOWN flow>8055 srcPort>45973 dst>fd10:23:100::2/24855 
05:41:43.126507 OFF flow>8055 srcPort>45973 dst>fd10:23:100::2/24855 
05:41:43.128436 ON flow>8295 srcPort>46839 dst>fd10:23:100::2/25095 
05:41:43.129269 CONNECT flow>8295 srcPort>46839 dst>fd10:23:100::2/25095 
05:41:43.221743 SHUTDOWN flow>8063 srcPort>35247 dst>fd10:23:100::2/24863 
05:41:43.223107 OFF flow>8063 srcPort>35247 dst>fd10:23:100::2/24863 
05:41:43.317015 SHUTDOWN flow>8071 srcPort>44127 dst>fd10:23:100::2/24871 
05:41:43.318310 OFF flow>8071 srcPort>44127 dst>fd10:23:100::2/24871 
05:41:43.329657 ON flow>8303 srcPort>46091 dst>fd10:23:100::2/25103 
05:41:43.330168 CONNECT flow>8303 srcPort>46091 dst>fd10:23:100::2/25103 
05:41:43.384120 SHUTDOWN flow>8079 srcPort>40225 dst>fd10:23:100::2/24879 
05:41:43.384904 OFF flow>8079 srcPort>40225 dst>fd10:23:100::2/24879 
05:41:43.406848 ON flow>8311 srcPort>46757 dst>fd10:23:100::2/25111 
05:41:43.407833 CONNECT flow>8311 srcPort>46757 dst>fd10:23:100::2/25111 
05:41:43.486932 SHUTDOWN flow>8087 srcPort>34537 dst>fd10:23:100::2/24887 
05:41:43.487348 OFF flow>8087 srcPort>34537 dst>fd10:23:100::2/24887 
05:41:43.511623 ON flow>8319 srcPort>38129 dst>fd10:23:100::2/25119 
05:41:43.512010 CONNECT flow>8319 srcPort>38129 dst>fd10:23:100::2/25119 
05:41:43.578025 SHUTDOWN flow>8095 srcPort>36615 dst>fd10:23:100::2/24895 
05:41:43.578722 OFF flow>8095 srcPort>36615 dst>fd10:23:100::2/24895 
05:41:43.596203 ON flow>8327 srcPort>45525 dst>fd10:23:100::2/25127 
05:41:43.596873 CONNECT flow>8327 srcPort>45525 dst>fd10:23:100::2/25127 
05:41:43.649547 SHUTDOWN flow>8103 srcPort>35279 dst>fd10:23:100::2/24903 
05:41:43.650836 OFF flow>8103 srcPort>35279 dst>fd10:23:100::2/24903 
05:41:43.681930 ON flow>8335 srcPort>36111 dst>fd10:23:100::2/25135 
05:41:43.682443 CONNECT flow>8335 srcPort>36111 dst>fd10:23:100::2/25135 
05:41:43.767541 SHUTDOWN flow>8111 srcPort>37225 dst>fd10:23:100::2/24911 
05:41:43.768159 OFF flow>8111 srcPort>37225 dst>fd10:23:100::2/24911 
05:41:43.796217 ON flow>8343 srcPort>39469 dst>fd10:23:100::2/25143 
05:41:43.797073 CONNECT flow>8343 srcPort>39469 dst>fd10:23:100::2/25143 
05:41:43.857191 ON flow>8351 srcPort>43699 dst>fd10:23:100::2/25151 
05:41:43.857690 CONNECT flow>8351 srcPort>43699 dst>fd10:23:100::2/25151 
05:41:43.933856 SHUTDOWN flow>8119 srcPort>35111 dst>fd10:23:100::2/24919 
05:41:43.934662 OFF flow>8119 srcPort>35111 dst>fd10:23:100::2/24919 
05:41:43.955034 ON flow>8359 srcPort>33541 dst>fd10:23:100::2/25159 
05:41:43.955821 CONNECT flow>8359 srcPort>33541 dst>fd10:23:100::2/25159 
05:41:44.058644 SHUTDOWN flow>8127 srcPort>46865 dst>fd10:23:100::2/24927 
05:41:44.059262 OFF flow>8127 srcPort>46865 dst>fd10:23:100::2/24927 
05:41:44.163234 ON flow>8367 srcPort>37369 dst>fd10:23:100::2/25167 
05:41:44.163749 CONNECT flow>8367 srcPort>37369 dst>fd10:23:100::2/25167 
05:41:44.209070 SHUTDOWN flow>8135 srcPort>41143 dst>fd10:23:100::2/24935 
05:41:44.209819 OFF flow>8135 srcPort>41143 dst>fd10:23:100::2/24935 
05:41:44.256949 ON flow>8375 srcPort>38863 dst>fd10:23:100::2/25175 
05:41:44.257682 CONNECT flow>8375 srcPort>38863 dst>fd10:23:100::2/25175 
05:41:44.344425 ON flow>8383 srcPort>44829 dst>fd10:23:100::2/25183 
05:41:44.344876 CONNECT flow>8383 srcPort>44829 dst>fd10:23:100::2/25183 
05:41:44.367239 SHUTDOWN flow>8143 srcPort>41359 dst>fd10:23:100::2/24943 
05:41:44.368007 OFF flow>8143 srcPort>41359 dst>fd10:23:100::2/24943 
05:41:44.444876 ON flow>8391 srcPort>38441 dst>fd10:23:100::2/25191 
05:41:44.445651 CONNECT flow>8391 srcPort>38441 dst>fd10:23:100::2/25191 
05:41:44.551254 ON flow>8399 srcPort>41721 dst>fd10:23:100::2/25199 
05:41:44.552130 CONNECT flow>8399 srcPort>41721 dst>fd10:23:100::2/25199 
05:41:44.635746 SHUTDOWN flow>8151 srcPort>37835 dst>fd10:23:100::2/24951 
05:41:44.637227 OFF flow>8151 srcPort>37835 dst>fd10:23:100::2/24951 
05:41:44.741736 ON flow>8407 srcPort>43277 dst>fd10:23:100::2/25207 
05:41:44.742366 CONNECT flow>8407 srcPort>43277 dst>fd10:23:100::2/25207 
05:41:44.818742 SHUTDOWN flow>8159 srcPort>46715 dst>fd10:23:100::2/24959 
05:41:44.819530 OFF flow>8159 srcPort>46715 dst>fd10:23:100::2/24959 
05:41:45.019053 SHUTDOWN flow>8167 srcPort>39343 dst>fd10:23:100::2/24967 
05:41:45.021046 OFF flow>8167 srcPort>39343 dst>fd10:23:100::2/24967 
05:41:45.059953 ON flow>8415 srcPort>41835 dst>fd10:23:100::2/25215 
05:41:45.061351 CONNECT flow>8415 srcPort>41835 dst>fd10:23:100::2/25215 
05:41:45.113964 SHUTDOWN flow>8175 srcPort>33751 dst>fd10:23:100::2/24975 
05:41:45.114987 OFF flow>8175 srcPort>33751 dst>fd10:23:100::2/24975 
05:41:45.303154 ON flow>8423 srcPort>37999 dst>fd10:23:100::2/25223 
05:41:45.303621 CONNECT flow>8423 srcPort>37999 dst>fd10:23:100::2/25223 
05:41:45.412865 SHUTDOWN flow>8183 srcPort>42677 dst>fd10:23:100::2/24983 
05:41:45.413284 OFF flow>8183 srcPort>42677 dst>fd10:23:100::2/24983 
05:41:45.449257 ON flow>8431 srcPort>41209 dst>fd10:23:100::2/25231 
05:41:45.450144 CONNECT flow>8431 srcPort>41209 dst>fd10:23:100::2/25231 
05:41:45.581579 ON flow>8439 srcPort>37371 dst>fd10:23:100::2/25239 
05:41:45.582374 CONNECT flow>8439 srcPort>37371 dst>fd10:23:100::2/25239 
05:41:45.659856 SHUTDOWN flow>8191 srcPort>46555 dst>fd10:23:100::2/24991 
05:41:45.662267 OFF flow>8191 srcPort>46555 dst>fd10:23:100::2/24991 
05:41:45.672738 ON flow>8447 srcPort>39029 dst>fd10:23:100::2/25247 
05:41:45.673537 CONNECT flow>8447 srcPort>39029 dst>fd10:23:100::2/25247 
05:41:45.726657 ON flow>8455 srcPort>33191 dst>fd10:23:100::2/25255 
05:41:45.727189 CONNECT flow>8455 srcPort>33191 dst>fd10:23:100::2/25255 
05:41:45.835012 ON flow>8463 srcPort>46215 dst>fd10:23:100::2/25263 
05:41:45.835449 CONNECT flow>8463 srcPort>46215 dst>fd10:23:100::2/25263 
05:41:45.921778 ON flow>8471 srcPort>39673 dst>fd10:23:100::2/25271 
05:41:45.922774 CONNECT flow>8471 srcPort>39673 dst>fd10:23:100::2/25271 
05:41:45.999108 ON flow>8479 srcPort>39001 dst>fd10:23:100::2/25279 
05:41:46.003274 CONNECT flow>8479 srcPort>39001 dst>fd10:23:100::2/25279 
05:41:46.126159 ON flow>8487 srcPort>46515 dst>fd10:23:100::2/25287 
05:41:46.126612 CONNECT flow>8487 srcPort>46515 dst>fd10:23:100::2/25287 
05:41:46.311573 SHUTDOWN flow>8199 srcPort>37677 dst>fd10:23:100::2/24999 
05:41:46.312408 OFF flow>8199 srcPort>37677 dst>fd10:23:100::2/24999 
05:41:46.478671 SHUTDOWN flow>8207 srcPort>41633 dst>fd10:23:100::2/25007 
05:41:46.479942 OFF flow>8207 srcPort>41633 dst>fd10:23:100::2/25007 
05:41:46.540628 ON flow>8495 srcPort>43631 dst>fd10:23:100::2/25295 
05:41:46.541110 CONNECT flow>8495 srcPort>43631 dst>fd10:23:100::2/25295 
05:41:46.643206 SHUTDOWN flow>8215 srcPort>33089 dst>fd10:23:100::2/25015 
05:41:46.646936 OFF flow>8215 srcPort>33089 dst>fd10:23:100::2/25015 
05:41:46.755130 ON flow>8503 srcPort>33987 dst>fd10:23:100::2/25303 
05:41:46.756340 CONNECT flow>8503 srcPort>33987 dst>fd10:23:100::2/25303 
05:41:46.761987 SHUTDOWN flow>8223 srcPort>40675 dst>fd10:23:100::2/25023 
05:41:46.763712 OFF flow>8223 srcPort>40675 dst>fd10:23:100::2/25023 
05:41:46.870527 SHUTDOWN flow>8231 srcPort>36001 dst>fd10:23:100::2/25031 
05:41:46.872293 OFF flow>8231 srcPort>36001 dst>fd10:23:100::2/25031 
05:41:46.887787 ON flow>8511 srcPort>38793 dst>fd10:23:100::2/25311 
05:41:46.888072 CONNECT flow>8511 srcPort>38793 dst>fd10:23:100::2/25311 
05:41:47.055755 ON flow>8519 srcPort>46669 dst>fd10:23:100::2/25319 
05:41:47.057924 CONNECT flow>8519 srcPort>46669 dst>fd10:23:100::2/25319 
05:41:47.115525 SHUTDOWN flow>8239 srcPort>42281 dst>fd10:23:100::2/25039 
05:41:47.118390 OFF flow>8239 srcPort>42281 dst>fd10:23:100::2/25039 
05:41:47.205943 ON flow>8527 srcPort>42957 dst>fd10:23:100::2/25327 
05:41:47.206382 CONNECT flow>8527 srcPort>42957 dst>fd10:23:100::2/25327 
05:41:47.291531 SHUTDOWN flow>8247 srcPort>37895 dst>fd10:23:100::2/25047 
05:41:47.293262 OFF flow>8247 srcPort>37895 dst>fd10:23:100::2/25047 
05:41:47.338626 ON flow>8535 srcPort>44867 dst>fd10:23:100::2/25335 
05:41:47.341743 CONNECT flow>8535 srcPort>44867 dst>fd10:23:100::2/25335 
05:41:47.450287 ON flow>8543 srcPort>33809 dst>fd10:23:100::2/25343 
05:41:47.450303 SHUTDOWN flow>8255 srcPort>44483 dst>fd10:23:100::2/25055 
05:41:47.453160 CONNECT flow>8543 srcPort>33809 dst>fd10:23:100::2/25343 
05:41:47.453484 OFF flow>8255 srcPort>44483 dst>fd10:23:100::2/25055 
05:41:47.508476 ON flow>8551 srcPort>34555 dst>fd10:23:100::2/25351 
05:41:47.510295 CONNECT flow>8551 srcPort>34555 dst>fd10:23:100::2/25351 
05:41:47.553013 SHUTDOWN flow>8263 srcPort>42897 dst>fd10:23:100::2/25063 
05:41:47.556484 OFF flow>8263 srcPort>42897 dst>fd10:23:100::2/25063 
05:41:47.584512 ON flow>8559 srcPort>33965 dst>fd10:23:100::2/25359 
05:41:47.588077 CONNECT flow>8559 srcPort>33965 dst>fd10:23:100::2/25359 
05:41:47.645012 SHUTDOWN flow>8271 srcPort>34245 dst>fd10:23:100::2/25071 
05:41:47.647423 OFF flow>8271 srcPort>34245 dst>fd10:23:100::2/25071 
05:41:47.648587 ON flow>8567 srcPort>34931 dst>fd10:23:100::2/25367 
05:41:47.649783 CONNECT flow>8567 srcPort>34931 dst>fd10:23:100::2/25367 
05:41:47.748127 SHUTDOWN flow>8279 srcPort>38571 dst>fd10:23:100::2/25079 
05:41:47.754445 OFF flow>8279 srcPort>38571 dst>fd10:23:100::2/25079 
05:41:47.795447 ON flow>8575 srcPort>41395 dst>fd10:23:100::2/25375 
05:41:47.800148 CONNECT flow>8575 srcPort>41395 dst>fd10:23:100::2/25375 
05:41:47.857710 SHUTDOWN flow>8287 srcPort>33127 dst>fd10:23:100::2/25087 
05:41:47.863739 OFF flow>8287 srcPort>33127 dst>fd10:23:100::2/25087 
05:41:47.924059 ON flow>8583 srcPort>37559 dst>fd10:23:100::2/25383 
05:41:47.928349 SHUTDOWN flow>8295 srcPort>46839 dst>fd10:23:100::2/25095 
05:41:47.930947 CONNECT flow>8583 srcPort>37559 dst>fd10:23:100::2/25383 
05:41:47.935567 OFF flow>8295 srcPort>46839 dst>fd10:23:100::2/25095 
05:41:48.009937 ON flow>8591 srcPort>34005 dst>fd10:23:100::2/25391 
05:41:48.022642 CONNECT flow>8591 srcPort>34005 dst>fd10:23:100::2/25391 
05:41:48.129423 SHUTDOWN flow>8303 srcPort>46091 dst>fd10:23:100::2/25103 
05:41:48.151220 ON flow>8599 srcPort>42325 dst>fd10:23:100::2/25399 
05:41:48.156023 OFF flow>8303 srcPort>46091 dst>fd10:23:100::2/25103 
05:41:48.178359 CONNECT flow>8599 srcPort>42325 dst>fd10:23:100::2/25399 
05:41:48.206640 SHUTDOWN flow>8311 srcPort>46757 dst>fd10:23:100::2/25111 
05:41:48.241004 OFF flow>8311 srcPort>46757 dst>fd10:23:100::2/25111 
05:41:48.282974 ON flow>8607 srcPort>41415 dst>fd10:23:100::2/25407 
05:41:48.311710 SHUTDOWN flow>8319 srcPort>38129 dst>fd10:23:100::2/25119 
05:41:48.329633 CONNECT flow>8607 srcPort>41415 dst>fd10:23:100::2/25407 
05:41:48.360265 ON flow>8615 srcPort>43489 dst>fd10:23:100::2/25415 
05:41:48.360292 OFF flow>8319 srcPort>38129 dst>fd10:23:100::2/25119 
05:41:48.396150 SHUTDOWN flow>8327 srcPort>45525 dst>fd10:23:100::2/25127 
05:41:48.419761 CONNECT flow>8615 srcPort>43489 dst>fd10:23:100::2/25415 
05:41:48.446015 ON flow>8623 srcPort>45321 dst>fd10:23:100::2/25423 
05:41:48.466529 OFF flow>8327 srcPort>45525 dst>fd10:23:100::2/25127 
05:41:48.481726 SHUTDOWN flow>8335 srcPort>36111 dst>fd10:23:100::2/25135 
05:41:48.525878 CONNECT flow>8623 srcPort>45321 dst>fd10:23:100::2/25423 
05:41:48.572598 ON flow>8631 srcPort>42611 dst>fd10:23:100::2/25431 
05:41:48.579797 OFF flow>8335 srcPort>36111 dst>fd10:23:100::2/25135 
05:41:48.596089 SHUTDOWN flow>8343 srcPort>39469 dst>fd10:23:100::2/25143 
05:41:48.657056 SHUTDOWN flow>8351 srcPort>43699 dst>fd10:23:100::2/25151 
05:41:48.680801 CONNECT flow>8631 srcPort>42611 dst>fd10:23:100::2/25431 
05:41:48.715112 OFF flow>8343 srcPort>39469 dst>fd10:23:100::2/25143 
05:41:48.754828 SHUTDOWN flow>8359 srcPort>33541 dst>fd10:23:100::2/25159 
05:41:48.779033 ON flow>8639 srcPort>36939 dst>fd10:23:100::2/25439 
05:41:48.846974 ON flow>8647 srcPort>34607 dst>fd10:23:100::2/25447 
05:41:48.889088 CONNECT flow>8639 srcPort>36939 dst>fd10:23:100::2/25439 
05:41:48.926823 OFF flow>8359 srcPort>33541 dst>fd10:23:100::2/25159 
05:41:48.935024 OFF flow>8351 srcPort>43699 dst>fd10:23:100::2/25151 
05:41:48.951764 CONNECT flow>8647 srcPort>34607 dst>fd10:23:100::2/25447 
05:41:48.962787 ON flow>8655 srcPort>38981 dst>fd10:23:100::2/25455 
05:41:48.962967 SHUTDOWN flow>8367 srcPort>37369 dst>fd10:23:100::2/25167 
05:41:49.057462 SHUTDOWN flow>8375 srcPort>38863 dst>fd10:23:100::2/25175 
05:41:49.073012 CONNECT flow>8655 srcPort>38981 dst>fd10:23:100::2/25455 
05:41:49.079737 OFF flow>8367 srcPort>37369 dst>fd10:23:100::2/25167 
05:41:49.088067 ON flow>8663 srcPort>43423 dst>fd10:23:100::2/25463 
05:41:49.143982 ON flow>8671 srcPort>33501 dst>fd10:23:100::2/25471 
05:41:49.144355 SHUTDOWN flow>8383 srcPort>44829 dst>fd10:23:100::2/25183 
05:41:49.191074 CONNECT flow>8663 srcPort>43423 dst>fd10:23:100::2/25463 
05:41:49.244714 SHUTDOWN flow>8391 srcPort>38441 dst>fd10:23:100::2/25191 
05:41:49.246617 CONNECT flow>8671 srcPort>33501 dst>fd10:23:100::2/25471 
05:41:49.297543 ON flow>8679 srcPort>40359 dst>fd10:23:100::2/25479 
05:41:49.351151 SHUTDOWN flow>8399 srcPort>41721 dst>fd10:23:100::2/25199 
05:41:49.393530 ON flow>8687 srcPort>38177 dst>fd10:23:100::2/25487 
05:41:49.409127 CONNECT flow>8679 srcPort>40359 dst>fd10:23:100::2/25479 
05:41:49.413473 OFF flow>8383 srcPort>44829 dst>fd10:23:100::2/25183 
05:41:49.511749 CONNECT flow>8687 srcPort>38177 dst>fd10:23:100::2/25487 
05:41:49.533512 OFF flow>8391 srcPort>38441 dst>fd10:23:100::2/25191 
05:41:49.663345 ON flow>8695 srcPort>35633 dst>fd10:23:100::2/25495 
05:41:49.731031 OFF flow>8375 srcPort>38863 dst>fd10:23:100::2/25175 
05:41:49.768567 ON flow>8703 srcPort>41371 dst>fd10:23:100::2/25503 
05:41:49.777259 CONNECT flow>8695 srcPort>35633 dst>fd10:23:100::2/25495 
05:41:49.779299 SHUTDOWN flow>8407 srcPort>43277 dst>fd10:23:100::2/25207 
05:41:49.879176 CONNECT flow>8703 srcPort>41371 dst>fd10:23:100::2/25503 
05:41:49.926459 ON flow>8711 srcPort>46285 dst>fd10:23:100::2/25511 
05:41:50.028011 CONNECT flow>8711 srcPort>46285 dst>fd10:23:100::2/25511 
05:41:50.114963 ON flow>8719 srcPort>42105 dst>fd10:23:100::2/25519 
05:41:50.117912 SHUTDOWN flow>8415 srcPort>41835 dst>fd10:23:100::2/25215 
05:41:50.211286 CONNECT flow>8719 srcPort>42105 dst>fd10:23:100::2/25519 
05:41:50.246168 OFF flow>8399 srcPort>41721 dst>fd10:23:100::2/25199 
05:41:50.301095 SHUTDOWN flow>8423 srcPort>37999 dst>fd10:23:100::2/25223 
05:41:50.319227 OFF flow>8407 srcPort>43277 dst>fd10:23:100::2/25207 
05:41:50.381263 SHUTDOWN flow>8439 srcPort>37371 dst>fd10:23:100::2/25239 
05:41:50.427859 ON flow>8727 srcPort>39321 dst>fd10:23:100::2/25527 
05:41:50.486776 SHUTDOWN flow>8431 srcPort>41209 dst>fd10:23:100::2/25231 
05:41:50.493279 OFF flow>8439 srcPort>37371 dst>fd10:23:100::2/25239 
05:41:50.526594 SHUTDOWN flow>8455 srcPort>33191 dst>fd10:23:100::2/25255 
05:41:50.535348 CONNECT flow>8727 srcPort>39321 dst>fd10:23:100::2/25527 
05:41:50.622981 ON flow>8735 srcPort>34631 dst>fd10:23:100::2/25535 
05:41:50.646306 OFF flow>8415 srcPort>41835 dst>fd10:23:100::2/25215 
05:41:50.701639 SHUTDOWN flow>8447 srcPort>39029 dst>fd10:23:100::2/25247 
05:41:50.717230 CONNECT flow>8735 srcPort>34631 dst>fd10:23:100::2/25535 
05:41:50.721670 SHUTDOWN flow>8471 srcPort>39673 dst>fd10:23:100::2/25271 
05:41:50.736623 ON flow>8743 srcPort>37037 dst>fd10:23:100::2/25543 
05:41:50.766264 SHUTDOWN flow>8463 srcPort>46215 dst>fd10:23:100::2/25263 
05:41:50.799032 SHUTDOWN flow>8479 srcPort>39001 dst>fd10:23:100::2/25279 
05:41:50.800930 ON flow>8751 srcPort>42807 dst>fd10:23:100::2/25551 
05:41:50.813551 OFF flow>8471 srcPort>39673 dst>fd10:23:100::2/25271 
05:41:50.827947 CONNECT flow>8743 srcPort>37037 dst>fd10:23:100::2/25543 
05:41:50.885615 ON flow>8759 srcPort>45147 dst>fd10:23:100::2/25559 
05:41:50.894242 CONNECT flow>8751 srcPort>42807 dst>fd10:23:100::2/25551 
05:41:50.925676 SHUTDOWN flow>8487 srcPort>46515 dst>fd10:23:100::2/25287 
05:41:50.969642 ON flow>8767 srcPort>44495 dst>fd10:23:100::2/25567 
05:41:50.973450 CONNECT flow>8759 srcPort>45147 dst>fd10:23:100::2/25559 
05:41:51.045020 ON flow>8775 srcPort>45851 dst>fd10:23:100::2/25575 
05:41:51.052055 OFF flow>8423 srcPort>37999 dst>fd10:23:100::2/25223 
05:41:51.059878 CONNECT flow>8767 srcPort>44495 dst>fd10:23:100::2/25567 
05:41:51.137288 OFF flow>8431 srcPort>41209 dst>fd10:23:100::2/25231 
05:41:51.138363 CONNECT flow>8775 srcPort>45851 dst>fd10:23:100::2/25575 
05:41:51.141234 ON flow>8783 srcPort>35057 dst>fd10:23:100::2/25583 
05:41:51.161513 ON flow>8791 srcPort>34871 dst>fd10:23:100::2/25591 
05:41:51.162777 OFF flow>8455 srcPort>33191 dst>fd10:23:100::2/25255 
05:41:51.228726 ON flow>8799 srcPort>45551 dst>fd10:23:100::2/25599 
05:41:51.228770 OFF flow>8487 srcPort>46515 dst>fd10:23:100::2/25287 
05:41:51.240082 CONNECT flow>8783 srcPort>35057 dst>fd10:23:100::2/25583 
05:41:51.243310 OFF flow>8463 srcPort>46215 dst>fd10:23:100::2/25263 
05:41:51.259257 CONNECT flow>8791 srcPort>34871 dst>fd10:23:100::2/25591 
05:41:51.287281 ON flow>8807 srcPort>40327 dst>fd10:23:100::2/25607 
05:41:51.322859 OFF flow>8447 srcPort>39029 dst>fd10:23:100::2/25247 
05:41:51.333961 CONNECT flow>8799 srcPort>45551 dst>fd10:23:100::2/25599 
05:41:51.340390 SHUTDOWN flow>8495 srcPort>43631 dst>fd10:23:100::2/25295 
05:41:51.344734 ON flow>8815 srcPort>38461 dst>fd10:23:100::2/25615 
05:41:51.397273 CONNECT flow>8807 srcPort>40327 dst>fd10:23:100::2/25607 
05:41:51.447881 ON flow>8823 srcPort>37849 dst>fd10:23:100::2/25623 
05:41:51.450234 OFF flow>8495 srcPort>43631 dst>fd10:23:100::2/25295 
05:41:51.455145 CONNECT flow>8815 srcPort>38461 dst>fd10:23:100::2/25615 
05:41:51.554069 ON flow>8831 srcPort>38821 dst>fd10:23:100::2/25631 
05:41:51.558039 CONNECT flow>8823 srcPort>37849 dst>fd10:23:100::2/25623 
05:41:51.596463 SHUTDOWN flow>8503 srcPort>33987 dst>fd10:23:100::2/25303 
05:41:51.651841 OFF flow>8479 srcPort>39001 dst>fd10:23:100::2/25279 
05:41:51.656234 ON flow>8839 srcPort>44025 dst>fd10:23:100::2/25639 
05:41:51.663933 CONNECT flow>8831 srcPort>38821 dst>fd10:23:100::2/25631 
05:41:51.691314 SHUTDOWN flow>8511 srcPort>38793 dst>fd10:23:100::2/25311 
05:41:51.731209 ON flow>8847 srcPort>34589 dst>fd10:23:100::2/25647 
05:41:51.768858 CONNECT flow>8839 srcPort>44025 dst>fd10:23:100::2/25639 
05:41:51.845406 CONNECT flow>8847 srcPort>34589 dst>fd10:23:100::2/25647 
05:41:51.866090 ON flow>8855 srcPort>45225 dst>fd10:23:100::2/25655 
05:41:51.920884 ON flow>8863 srcPort>44745 dst>fd10:23:100::2/25663 
05:41:51.978219 CONNECT flow>8855 srcPort>45225 dst>fd10:23:100::2/25655 
05:41:51.991183 ON flow>8871 srcPort>42193 dst>fd10:23:100::2/25671 
05:41:52.005667 SHUTDOWN flow>8527 srcPort>42957 dst>fd10:23:100::2/25327 
05:41:52.035147 CONNECT flow>8863 srcPort>44745 dst>fd10:23:100::2/25663 
05:41:52.096027 CONNECT flow>8871 srcPort>42193 dst>fd10:23:100::2/25671 
05:41:52.107983 ON flow>8879 srcPort>45269 dst>fd10:23:100::2/25679 
05:41:52.115353 OFF flow>8503 srcPort>33987 dst>fd10:23:100::2/25303 
05:41:52.178034 ON flow>8887 srcPort>39927 dst>fd10:23:100::2/25687 
05:41:52.218722 CONNECT flow>8879 srcPort>45269 dst>fd10:23:100::2/25679 
05:41:52.246768 OFF flow>8511 srcPort>38793 dst>fd10:23:100::2/25311 
05:41:52.250161 SHUTDOWN flow>8543 srcPort>33809 dst>fd10:23:100::2/25343 
05:41:52.251465 SHUTDOWN flow>8535 srcPort>44867 dst>fd10:23:100::2/25335 
05:41:52.286916 CONNECT flow>8887 srcPort>39927 dst>fd10:23:100::2/25687 
05:41:52.319528 SHUTDOWN flow>8519 srcPort>46669 dst>fd10:23:100::2/25319 
05:41:52.402329 ON flow>8895 srcPort>38097 dst>fd10:23:100::2/25695 
05:41:52.448376 SHUTDOWN flow>8567 srcPort>34931 dst>fd10:23:100::2/25367 
05:41:52.508262 CONNECT flow>8895 srcPort>38097 dst>fd10:23:100::2/25695 
05:41:52.567172 SHUTDOWN flow>8551 srcPort>34555 dst>fd10:23:100::2/25351 
05:41:52.634806 ON flow>8903 srcPort>34907 dst>fd10:23:100::2/25703 
05:41:52.739770 CONNECT flow>8903 srcPort>34907 dst>fd10:23:100::2/25703 
05:41:52.834219 SHUTDOWN flow>8591 srcPort>34005 dst>fd10:23:100::2/25391 
05:41:52.861030 ON flow>8911 srcPort>39063 dst>fd10:23:100::2/25711 
05:41:52.886975 OFF flow>8535 srcPort>44867 dst>fd10:23:100::2/25335 
05:41:52.935738 ON flow>8919 srcPort>40583 dst>fd10:23:100::2/25719 
05:41:52.964661 CONNECT flow>8911 srcPort>39063 dst>fd10:23:100::2/25711 
05:41:53.033946 CONNECT flow>8919 srcPort>40583 dst>fd10:23:100::2/25719 
05:41:53.085123 ON flow>8927 srcPort>39911 dst>fd10:23:100::2/25727 
05:41:53.102343 SHUTDOWN flow>8559 srcPort>33965 dst>fd10:23:100::2/25359 
05:41:53.126468 ON flow>8935 srcPort>45429 dst>fd10:23:100::2/25735 
05:41:53.196543 CONNECT flow>8927 srcPort>39911 dst>fd10:23:100::2/25727 
05:41:53.228985 ON flow>8943 srcPort>32891 dst>fd10:23:100::2/25743 
05:41:53.236870 CONNECT flow>8935 srcPort>45429 dst>fd10:23:100::2/25735 
05:41:53.245562 SHUTDOWN flow>8623 srcPort>45321 dst>fd10:23:100::2/25423 
05:41:53.292085 SHUTDOWN flow>8607 srcPort>41415 dst>fd10:23:100::2/25407 
05:41:53.332175 CONNECT flow>8943 srcPort>32891 dst>fd10:23:100::2/25743 
05:41:53.375043 ON flow>8951 srcPort>34307 dst>fd10:23:100::2/25751 
05:41:53.403317 OFF flow>8623 srcPort>45321 dst>fd10:23:100::2/25423 
05:41:53.482332 CONNECT flow>8951 srcPort>34307 dst>fd10:23:100::2/25751 
05:41:53.483239 SHUTDOWN flow>8575 srcPort>41395 dst>fd10:23:100::2/25375 
05:41:53.511525 SHUTDOWN flow>8615 srcPort>43489 dst>fd10:23:100::2/25415 
05:41:53.539950 ON flow>8959 srcPort>35135 dst>fd10:23:100::2/25759 
05:41:53.594267 OFF flow>8527 srcPort>42957 dst>fd10:23:100::2/25327 
05:41:53.597302 SHUTDOWN flow>8599 srcPort>42325 dst>fd10:23:100::2/25399 
05:41:53.625476 ON flow>8967 srcPort>35531 dst>fd10:23:100::2/25767 
05:41:53.642467 CONNECT flow>8959 srcPort>35135 dst>fd10:23:100::2/25759 
05:41:53.728684 CONNECT flow>8967 srcPort>35531 dst>fd10:23:100::2/25767 
05:41:53.740835 SHUTDOWN flow>8631 srcPort>42611 dst>fd10:23:100::2/25431 
05:41:53.762551 ON flow>8975 srcPort>34723 dst>fd10:23:100::2/25775 
05:41:53.869150 CONNECT flow>8975 srcPort>34723 dst>fd10:23:100::2/25775 
05:41:53.875182 ON flow>8983 srcPort>38615 dst>fd10:23:100::2/25783 
05:41:53.888183 SHUTDOWN flow>8663 srcPort>43423 dst>fd10:23:100::2/25463 
05:41:53.895967 SHUTDOWN flow>8639 srcPort>36939 dst>fd10:23:100::2/25439 
05:41:53.928698 ON flow>8991 srcPort>34261 dst>fd10:23:100::2/25791 
05:41:53.965353 OFF flow>8551 srcPort>34555 dst>fd10:23:100::2/25351 
05:41:53.974871 CONNECT flow>8983 srcPort>38615 dst>fd10:23:100::2/25783 
05:41:53.998435 SHUTDOWN flow>8647 srcPort>34607 dst>fd10:23:100::2/25447 
05:41:54.014771 ON flow>8999 srcPort>44059 dst>fd10:23:100::2/25799 
05:41:54.026110 CONNECT flow>8991 srcPort>34261 dst>fd10:23:100::2/25791 
05:41:54.066770 OFF flow>8631 srcPort>42611 dst>fd10:23:100::2/25431 
05:41:54.087023 ON flow>9007 srcPort>37715 dst>fd10:23:100::2/25807 
05:41:54.087047 OFF flow>8591 srcPort>34005 dst>fd10:23:100::2/25391 
05:41:54.097282 SHUTDOWN flow>8679 srcPort>40359 dst>fd10:23:100::2/25479 
05:41:54.118576 CONNECT flow>8999 srcPort>44059 dst>fd10:23:100::2/25799 
05:41:54.161129 SHUTDOWN flow>8583 srcPort>37559 dst>fd10:23:100::2/25383 
05:41:54.173592 ON flow>9015 srcPort>45099 dst>fd10:23:100::2/25815 
05:41:54.191856 CONNECT flow>9007 srcPort>37715 dst>fd10:23:100::2/25807 
05:41:54.261594 OFF flow>8567 srcPort>34931 dst>fd10:23:100::2/25367 
05:41:54.266479 ON flow>9023 srcPort>40171 dst>fd10:23:100::2/25823 
05:41:54.280647 CONNECT flow>9015 srcPort>45099 dst>fd10:23:100::2/25815 
05:41:54.347620 OFF flow>8663 srcPort>43423 dst>fd10:23:100::2/25463 
05:41:54.372648 CONNECT flow>9023 srcPort>40171 dst>fd10:23:100::2/25823 
05:41:54.383970 SHUTDOWN flow>8687 srcPort>38177 dst>fd10:23:100::2/25487 
05:41:54.386663 SHUTDOWN flow>8655 srcPort>38981 dst>fd10:23:100::2/25455 
05:41:54.388342 ON flow>9031 srcPort>45979 dst>fd10:23:100::2/25831 
05:41:54.398429 SHUTDOWN flow>8671 srcPort>33501 dst>fd10:23:100::2/25471 
05:41:54.446484 OFF flow>8543 srcPort>33809 dst>fd10:23:100::2/25343 
05:41:54.462121 ON flow>9039 srcPort>37869 dst>fd10:23:100::2/25839 
05:41:54.463084 SHUTDOWN flow>8695 srcPort>35633 dst>fd10:23:100::2/25495 
05:41:54.494931 CONNECT flow>9031 srcPort>45979 dst>fd10:23:100::2/25831 
05:41:54.565535 CONNECT flow>9039 srcPort>37869 dst>fd10:23:100::2/25839 
05:41:54.568201 SHUTDOWN flow>8703 srcPort>41371 dst>fd10:23:100::2/25503 
05:41:54.657145 OFF flow>8607 srcPort>41415 dst>fd10:23:100::2/25407 
05:41:54.726175 SHUTDOWN flow>8711 srcPort>46285 dst>fd10:23:100::2/25511 
05:41:54.771671 OFF flow>8647 srcPort>34607 dst>fd10:23:100::2/25447 
05:41:54.827668 ON flow>9047 srcPort>35697 dst>fd10:23:100::2/25847 
05:41:54.934709 CONNECT flow>9047 srcPort>35697 dst>fd10:23:100::2/25847 
05:41:55.009442 OFF flow>8519 srcPort>46669 dst>fd10:23:100::2/25319 
05:41:55.118157 OFF flow>8559 srcPort>33965 dst>fd10:23:100::2/25359 
05:41:55.136696 SHUTDOWN flow>8719 srcPort>42105 dst>fd10:23:100::2/25519 
05:41:55.284555 OFF flow>8671 srcPort>33501 dst>fd10:23:100::2/25471 
05:41:55.402571 OFF flow>8711 srcPort>46285 dst>fd10:23:100::2/25511 
05:41:55.422705 SHUTDOWN flow>8735 srcPort>34631 dst>fd10:23:100::2/25535 
05:41:55.445890 OFF flow>8687 srcPort>38177 dst>fd10:23:100::2/25487 
05:41:55.448671 ON flow>9055 srcPort>46793 dst>fd10:23:100::2/25855 
05:41:55.517112 OFF flow>8639 srcPort>36939 dst>fd10:23:100::2/25439 
05:41:55.547847 CONNECT flow>9055 srcPort>46793 dst>fd10:23:100::2/25855 
05:41:55.597195 OFF flow>8615 srcPort>43489 dst>fd10:23:100::2/25415 
05:41:55.599949 OFF flow>8695 srcPort>35633 dst>fd10:23:100::2/25495 
05:41:55.623641 SHUTDOWN flow>8727 srcPort>39321 dst>fd10:23:100::2/25527 
05:41:55.652018 SHUTDOWN flow>8751 srcPort>42807 dst>fd10:23:100::2/25551 
05:41:55.653307 OFF flow>8599 srcPort>42325 dst>fd10:23:100::2/25399 
05:41:55.664138 ON flow>9063 srcPort>37403 dst>fd10:23:100::2/25863 
05:41:55.766537 CONNECT flow>9063 srcPort>37403 dst>fd10:23:100::2/25863 
05:41:55.769426 SHUTDOWN flow>8767 srcPort>44495 dst>fd10:23:100::2/25567 
05:41:55.792968 ON flow>9071 srcPort>33415 dst>fd10:23:100::2/25871 
05:41:55.891039 CONNECT flow>9071 srcPort>33415 dst>fd10:23:100::2/25871 
05:41:55.898217 SHUTDOWN flow>8743 srcPort>37037 dst>fd10:23:100::2/25543 
05:41:55.935246 SHUTDOWN flow>8759 srcPort>45147 dst>fd10:23:100::2/25559 
05:41:55.961413 SHUTDOWN flow>8791 srcPort>34871 dst>fd10:23:100::2/25591 
05:41:55.996815 SHUTDOWN flow>8775 srcPort>45851 dst>fd10:23:100::2/25575 
05:41:56.005264 ON flow>9079 srcPort>43865 dst>fd10:23:100::2/25879 
05:41:56.028397 SHUTDOWN flow>8799 srcPort>45551 dst>fd10:23:100::2/25599 
05:41:56.104402 SHUTDOWN flow>8783 srcPort>35057 dst>fd10:23:100::2/25583 
05:41:56.110746 CONNECT flow>9079 srcPort>43865 dst>fd10:23:100::2/25879 
05:41:56.133905 OFF flow>8799 srcPort>45551 dst>fd10:23:100::2/25599 
05:41:56.144496 SHUTDOWN flow>8815 srcPort>38461 dst>fd10:23:100::2/25615 
05:41:56.154287 OFF flow>8719 srcPort>42105 dst>fd10:23:100::2/25519 
05:41:56.193809 OFF flow>8655 srcPort>38981 dst>fd10:23:100::2/25455 
05:41:56.204779 ON flow>9087 srcPort>39505 dst>fd10:23:100::2/25887 
05:41:56.249817 OFF flow>8815 srcPort>38461 dst>fd10:23:100::2/25615 
05:41:56.312832 CONNECT flow>9087 srcPort>39505 dst>fd10:23:100::2/25887 
05:41:56.353685 SHUTDOWN flow>8831 srcPort>38821 dst>fd10:23:100::2/25631 
05:41:56.363211 OFF flow>8759 srcPort>45147 dst>fd10:23:100::2/25559 
05:41:56.403891 ON flow>9095 srcPort>43879 dst>fd10:23:100::2/25895 
05:41:56.455987 SHUTDOWN flow>8839 srcPort>44025 dst>fd10:23:100::2/25639 
05:41:56.514074 CONNECT flow>9095 srcPort>43879 dst>fd10:23:100::2/25895 
05:41:56.530977 SHUTDOWN flow>8847 srcPort>34589 dst>fd10:23:100::2/25647 
05:41:56.567686 OFF flow>8767 srcPort>44495 dst>fd10:23:100::2/25567 
05:41:56.614250 OFF flow>8575 srcPort>41395 dst>fd10:23:100::2/25375 
05:41:56.644194 OFF flow>8735 srcPort>34631 dst>fd10:23:100::2/25535 
05:41:56.665776 SHUTDOWN flow>8855 srcPort>45225 dst>fd10:23:100::2/25655 
05:41:56.680557 OFF flow>8727 srcPort>39321 dst>fd10:23:100::2/25527 
05:41:56.686291 ON flow>9103 srcPort>34371 dst>fd10:23:100::2/25903 
05:41:56.706442 OFF flow>8751 srcPort>42807 dst>fd10:23:100::2/25551 
05:41:56.720602 SHUTDOWN flow>8863 srcPort>44745 dst>fd10:23:100::2/25663 
05:41:56.794549 CONNECT flow>9103 srcPort>34371 dst>fd10:23:100::2/25903 
05:41:56.828116 OFF flow>8703 srcPort>41371 dst>fd10:23:100::2/25503 
05:41:56.913293 ON flow>9111 srcPort>43905 dst>fd10:23:100::2/25911 
05:41:56.913348 SHUTDOWN flow>8807 srcPort>40327 dst>fd10:23:100::2/25607 
05:41:56.924221 SHUTDOWN flow>8871 srcPort>42193 dst>fd10:23:100::2/25671 
05:41:56.927172 SHUTDOWN flow>8823 srcPort>37849 dst>fd10:23:100::2/25623 
05:41:56.977354 SHUTDOWN flow>8887 srcPort>39927 dst>fd10:23:100::2/25687 
05:41:57.018294 CONNECT flow>9111 srcPort>43905 dst>fd10:23:100::2/25911 
05:41:57.055839 OFF flow>8855 srcPort>45225 dst>fd10:23:100::2/25655 
05:41:57.081982 OFF flow>8887 srcPort>39927 dst>fd10:23:100::2/25687 
05:41:57.095304 ON flow>9119 srcPort>33399 dst>fd10:23:100::2/25919 
05:41:57.190960 CONNECT flow>9119 srcPort>33399 dst>fd10:23:100::2/25919 
05:41:57.203244 OFF flow>8831 srcPort>38821 dst>fd10:23:100::2/25631 
05:41:57.203669 OFF flow>8839 srcPort>44025 dst>fd10:23:100::2/25639 
05:41:57.221231 OFF flow>8743 srcPort>37037 dst>fd10:23:100::2/25543 
05:41:57.244430 SHUTDOWN flow>8879 srcPort>45269 dst>fd10:23:100::2/25679 
05:41:57.325774 OFF flow>8775 srcPort>45851 dst>fd10:23:100::2/25575 
05:41:57.340782 ON flow>9127 srcPort>40409 dst>fd10:23:100::2/25927 
05:41:57.345753 OFF flow>8791 srcPort>34871 dst>fd10:23:100::2/25591 
05:41:57.348224 OFF flow>8783 srcPort>35057 dst>fd10:23:100::2/25583 
05:41:57.413231 SHUTDOWN flow>8895 srcPort>38097 dst>fd10:23:100::2/25695 
05:41:57.431124 CONNECT flow>9127 srcPort>40409 dst>fd10:23:100::2/25927 
05:41:57.434733 SHUTDOWN flow>8903 srcPort>34907 dst>fd10:23:100::2/25703 
05:41:57.560039 OFF flow>8847 srcPort>34589 dst>fd10:23:100::2/25647 
05:41:57.568586 OFF flow>8863 srcPort>44745 dst>fd10:23:100::2/25663 
05:41:57.626614 ON flow>9135 srcPort>45579 dst>fd10:23:100::2/25935 
05:41:57.660668 SHUTDOWN flow>8911 srcPort>39063 dst>fd10:23:100::2/25711 
05:41:57.696068 OFF flow>8903 srcPort>34907 dst>fd10:23:100::2/25703 
05:41:57.705513 ON flow>9143 srcPort>45187 dst>fd10:23:100::2/25943 
05:41:57.709248 CONNECT flow>9135 srcPort>45579 dst>fd10:23:100::2/25935 
05:41:57.735481 SHUTDOWN flow>8919 srcPort>40583 dst>fd10:23:100::2/25719 
05:41:57.746294 OFF flow>8871 srcPort>42193 dst>fd10:23:100::2/25671 
05:41:57.753226 OFF flow>8879 srcPort>45269 dst>fd10:23:100::2/25679 
05:41:57.784892 CONNECT flow>9143 srcPort>45187 dst>fd10:23:100::2/25943 
05:41:57.810364 OFF flow>8919 srcPort>40583 dst>fd10:23:100::2/25719 
05:41:57.823617 ON flow>9151 srcPort>41819 dst>fd10:23:100::2/25951 
05:41:57.823966 OFF flow>8823 srcPort>37849 dst>fd10:23:100::2/25623 
05:41:57.829589 OFF flow>8679 srcPort>40359 dst>fd10:23:100::2/25479 
05:41:57.884465 SHUTDOWN flow>8927 srcPort>39911 dst>fd10:23:100::2/25727 
05:41:57.893712 CONNECT flow>9151 srcPort>41819 dst>fd10:23:100::2/25951 
05:41:57.899907 OFF flow>8895 srcPort>38097 dst>fd10:23:100::2/25695 
05:41:57.926368 SHUTDOWN flow>8935 srcPort>45429 dst>fd10:23:100::2/25735 
05:41:57.951164 OFF flow>8927 srcPort>39911 dst>fd10:23:100::2/25727 
05:41:57.978660 OFF flow>8807 srcPort>40327 dst>fd10:23:100::2/25607 
05:41:57.992824 OFF flow>8935 srcPort>45429 dst>fd10:23:100::2/25735 
05:41:58.028461 SHUTDOWN flow>8943 srcPort>32891 dst>fd10:23:100::2/25743 
05:41:58.036529 ON flow>9159 srcPort>36323 dst>fd10:23:100::2/25959 
05:41:58.099327 CONNECT flow>9159 srcPort>36323 dst>fd10:23:100::2/25959 
05:41:58.174573 SHUTDOWN flow>8951 srcPort>34307 dst>fd10:23:100::2/25751 
05:41:58.232829 OFF flow>8951 srcPort>34307 dst>fd10:23:100::2/25751 
05:41:58.278238 OFF flow>8943 srcPort>32891 dst>fd10:23:100::2/25743 
05:41:58.339674 SHUTDOWN flow>8959 srcPort>35135 dst>fd10:23:100::2/25759 
05:41:58.343768 ON flow>9167 srcPort>37103 dst>fd10:23:100::2/25967 
05:41:58.344719 OFF flow>8583 srcPort>37559 dst>fd10:23:100::2/25383 
05:41:58.367665 OFF flow>8911 srcPort>39063 dst>fd10:23:100::2/25711 
05:41:58.382387 OFF flow>8959 srcPort>35135 dst>fd10:23:100::2/25759 
05:41:58.386105 CONNECT flow>9167 srcPort>37103 dst>fd10:23:100::2/25967 
05:41:58.425080 SHUTDOWN flow>8967 srcPort>35531 dst>fd10:23:100::2/25767 
05:41:58.494795 ON flow>9175 srcPort>41535 dst>fd10:23:100::2/25975 
05:41:58.525325 CONNECT flow>9175 srcPort>41535 dst>fd10:23:100::2/25975 
05:41:58.562263 SHUTDOWN flow>8975 srcPort>34723 dst>fd10:23:100::2/25775 
05:41:58.570667 OFF flow>8967 srcPort>35531 dst>fd10:23:100::2/25767 
05:41:58.581079 ON flow>9183 srcPort>40847 dst>fd10:23:100::2/25983 
05:41:58.603616 CONNECT flow>9183 srcPort>40847 dst>fd10:23:100::2/25983 
05:41:58.646002 OFF flow>8975 srcPort>34723 dst>fd10:23:100::2/25775 
05:41:58.674883 SHUTDOWN flow>8983 srcPort>38615 dst>fd10:23:100::2/25783 
05:41:58.686692 OFF flow>8983 srcPort>38615 dst>fd10:23:100::2/25783 
05:41:58.728372 SHUTDOWN flow>8991 srcPort>34261 dst>fd10:23:100::2/25791 
05:41:58.730814 OFF flow>8991 srcPort>34261 dst>fd10:23:100::2/25791 
05:41:58.735906 ON flow>9191 srcPort>43163 dst>fd10:23:100::2/25991 
05:41:58.736455 CONNECT flow>9191 srcPort>43163 dst>fd10:23:100::2/25991 
05:41:58.814521 SHUTDOWN flow>8999 srcPort>44059 dst>fd10:23:100::2/25799 
05:41:58.815557 OFF flow>8999 srcPort>44059 dst>fd10:23:100::2/25799 
05:41:58.886777 SHUTDOWN flow>9007 srcPort>37715 dst>fd10:23:100::2/25807 
05:41:58.887294 OFF flow>9007 srcPort>37715 dst>fd10:23:100::2/25807 
05:41:58.905595 ON flow>9199 srcPort>40593 dst>fd10:23:100::2/25999 
05:41:58.906015 CONNECT flow>9199 srcPort>40593 dst>fd10:23:100::2/25999 
05:41:58.973166 SHUTDOWN flow>9015 srcPort>45099 dst>fd10:23:100::2/25815 
05:41:58.973774 OFF flow>9015 srcPort>45099 dst>fd10:23:100::2/25815 
05:41:59.022382 ON flow>9207 srcPort>44873 dst>fd10:23:100::2/26007 
05:41:59.022849 CONNECT flow>9207 srcPort>44873 dst>fd10:23:100::2/26007 
05:41:59.065870 SHUTDOWN flow>9023 srcPort>40171 dst>fd10:23:100::2/25823 
05:41:59.066695 OFF flow>9023 srcPort>40171 dst>fd10:23:100::2/25823 
05:41:59.187703 SHUTDOWN flow>9031 srcPort>45979 dst>fd10:23:100::2/25831 
05:41:59.188094 OFF flow>9031 srcPort>45979 dst>fd10:23:100::2/25831 
05:41:59.233960 ON flow>9215 srcPort>44823 dst>fd10:23:100::2/26015 
05:41:59.234255 CONNECT flow>9215 srcPort>44823 dst>fd10:23:100::2/26015 
05:41:59.261578 SHUTDOWN flow>9039 srcPort>37869 dst>fd10:23:100::2/25839 
05:41:59.262068 OFF flow>9039 srcPort>37869 dst>fd10:23:100::2/25839 
05:41:59.334086 ON flow>9223 srcPort>39065 dst>fd10:23:100::2/26023 
05:41:59.334406 CONNECT flow>9223 srcPort>39065 dst>fd10:23:100::2/26023 
05:41:59.393941 ON flow>9231 srcPort>43943 dst>fd10:23:100::2/26031 
05:41:59.394266 CONNECT flow>9231 srcPort>43943 dst>fd10:23:100::2/26031 
05:41:59.475849 ON flow>9239 srcPort>42545 dst>fd10:23:100::2/26039 
05:41:59.476537 CONNECT flow>9239 srcPort>42545 dst>fd10:23:100::2/26039 
05:41:59.535335 ON flow>9247 srcPort>33651 dst>fd10:23:100::2/26047 
05:41:59.535700 CONNECT flow>9247 srcPort>33651 dst>fd10:23:100::2/26047 
05:41:59.627276 SHUTDOWN flow>9047 srcPort>35697 dst>fd10:23:100::2/25847 
05:41:59.627972 OFF flow>9047 srcPort>35697 dst>fd10:23:100::2/25847 
05:41:59.648053 ON flow>9255 srcPort>34087 dst>fd10:23:100::2/26055 
05:41:59.648536 CONNECT flow>9255 srcPort>34087 dst>fd10:23:100::2/26055 
05:41:59.709724 ON flow>9263 srcPort>42593 dst>fd10:23:100::2/26063 
05:41:59.710930 CONNECT flow>9263 srcPort>42593 dst>fd10:23:100::2/26063 
05:41:59.749063 ON flow>9271 srcPort>40109 dst>fd10:23:100::2/26071 
05:41:59.749402 CONNECT flow>9271 srcPort>40109 dst>fd10:23:100::2/26071 
05:41:59.866533 ON flow>9279 srcPort>39973 dst>fd10:23:100::2/26079 
05:41:59.867444 CONNECT flow>9279 srcPort>39973 dst>fd10:23:100::2/26079 
05:41:59.966349 ON flow>9287 srcPort>43495 dst>fd10:23:100::2/26087 
05:41:59.966931 CONNECT flow>9287 srcPort>43495 dst>fd10:23:100::2/26087 
05:42:00.066911 ON flow>9295 srcPort>38513 dst>fd10:23:100::2/26095 
05:42:00.067640 CONNECT flow>9295 srcPort>38513 dst>fd10:23:100::2/26095 
05:42:00.166589 ON flow>9303 srcPort>38543 dst>fd10:23:100::2/26103 
05:42:00.166965 CONNECT flow>9303 srcPort>38543 dst>fd10:23:100::2/26103 
05:42:00.248358 SHUTDOWN flow>9055 srcPort>46793 dst>fd10:23:100::2/25855 
05:42:00.248918 OFF flow>9055 srcPort>46793 dst>fd10:23:100::2/25855 
05:42:00.321513 ON flow>9311 srcPort>37771 dst>fd10:23:100::2/26111 
05:42:00.322473 CONNECT flow>9311 srcPort>37771 dst>fd10:23:100::2/26111 
05:42:00.401206 ON flow>9319 srcPort>34939 dst>fd10:23:100::2/26119 
05:42:00.401833 CONNECT flow>9319 srcPort>34939 dst>fd10:23:100::2/26119 
05:42:00.463690 SHUTDOWN flow>9063 srcPort>37403 dst>fd10:23:100::2/25863 
05:42:00.464924 OFF flow>9063 srcPort>37403 dst>fd10:23:100::2/25863 
05:42:00.592673 SHUTDOWN flow>9071 srcPort>33415 dst>fd10:23:100::2/25871 
05:42:00.593177 OFF flow>9071 srcPort>33415 dst>fd10:23:100::2/25871 
05:42:00.688653 ON flow>9327 srcPort>43271 dst>fd10:23:100::2/26127 
05:42:00.689049 CONNECT flow>9327 srcPort>43271 dst>fd10:23:100::2/26127 
05:42:00.804975 SHUTDOWN flow>9079 srcPort>43865 dst>fd10:23:100::2/25879 
05:42:00.805981 OFF flow>9079 srcPort>43865 dst>fd10:23:100::2/25879 
05:42:00.892774 ON flow>9335 srcPort>46395 dst>fd10:23:100::2/26135 
05:42:00.893260 CONNECT flow>9335 srcPort>46395 dst>fd10:23:100::2/26135 
05:42:01.004586 SHUTDOWN flow>9087 srcPort>39505 dst>fd10:23:100::2/25887 
05:42:01.005309 OFF flow>9087 srcPort>39505 dst>fd10:23:100::2/25887 
05:42:01.042117 ON flow>9343 srcPort>41829 dst>fd10:23:100::2/26143 
05:42:01.042456 CONNECT flow>9343 srcPort>41829 dst>fd10:23:100::2/26143 
05:42:01.203495 SHUTDOWN flow>9095 srcPort>43879 dst>fd10:23:100::2/25895 
05:42:01.204227 OFF flow>9095 srcPort>43879 dst>fd10:23:100::2/25895 
05:42:01.357437 ON flow>9351 srcPort>42313 dst>fd10:23:100::2/26151 
05:42:01.357956 CONNECT flow>9351 srcPort>42313 dst>fd10:23:100::2/26151 
05:42:01.486170 SHUTDOWN flow>9103 srcPort>34371 dst>fd10:23:100::2/25903 
05:42:01.487221 OFF flow>9103 srcPort>34371 dst>fd10:23:100::2/25903 
05:42:01.712977 SHUTDOWN flow>9111 srcPort>43905 dst>fd10:23:100::2/25911 
05:42:01.713897 OFF flow>9111 srcPort>43905 dst>fd10:23:100::2/25911 
05:42:01.839789 ON flow>9359 srcPort>37871 dst>fd10:23:100::2/26159 
05:42:01.840477 CONNECT flow>9359 srcPort>37871 dst>fd10:23:100::2/26159 
05:42:01.894876 SHUTDOWN flow>9119 srcPort>33399 dst>fd10:23:100::2/25919 
05:42:01.895272 OFF flow>9119 srcPort>33399 dst>fd10:23:100::2/25919 
05:42:02.021387 ON flow>9367 srcPort>44465 dst>fd10:23:100::2/26167 
05:42:02.022298 CONNECT flow>9367 srcPort>44465 dst>fd10:23:100::2/26167 
05:42:02.114423 ON flow>9375 srcPort>42833 dst>fd10:23:100::2/26175 
05:42:02.114868 CONNECT flow>9375 srcPort>42833 dst>fd10:23:100::2/26175 
05:42:02.140468 SHUTDOWN flow>9127 srcPort>40409 dst>fd10:23:100::2/25927 
05:42:02.142422 OFF flow>9127 srcPort>40409 dst>fd10:23:100::2/25927 
05:42:02.170405 ON flow>9383 srcPort>37169 dst>fd10:23:100::2/26183 
05:42:02.171730 CONNECT flow>9383 srcPort>37169 dst>fd10:23:100::2/26183 
05:42:02.294931 ON flow>9391 srcPort>34965 dst>fd10:23:100::2/26191 
05:42:02.295719 CONNECT flow>9391 srcPort>34965 dst>fd10:23:100::2/26191 
05:42:02.371988 ON flow>9399 srcPort>42339 dst>fd10:23:100::2/26199 
05:42:02.372389 CONNECT flow>9399 srcPort>42339 dst>fd10:23:100::2/26199 
05:42:02.426275 SHUTDOWN flow>9135 srcPort>45579 dst>fd10:23:100::2/25935 
05:42:02.427623 OFF flow>9135 srcPort>45579 dst>fd10:23:100::2/25935 
05:42:02.505179 SHUTDOWN flow>9143 srcPort>45187 dst>fd10:23:100::2/25943 
05:42:02.505835 OFF flow>9143 srcPort>45187 dst>fd10:23:100::2/25943 
05:42:02.623091 SHUTDOWN flow>9151 srcPort>41819 dst>fd10:23:100::2/25951 
05:42:02.624137 OFF flow>9151 srcPort>41819 dst>fd10:23:100::2/25951 
05:42:02.648959 ON flow>9407 srcPort>33407 dst>fd10:23:100::2/26207 
05:42:02.650054 CONNECT flow>9407 srcPort>33407 dst>fd10:23:100::2/26207 
05:42:02.751266 ON flow>9415 srcPort>43733 dst>fd10:23:100::2/26215 
05:42:02.751700 CONNECT flow>9415 srcPort>43733 dst>fd10:23:100::2/26215 
05:42:02.836312 SHUTDOWN flow>9159 srcPort>36323 dst>fd10:23:100::2/25959 
05:42:02.837122 OFF flow>9159 srcPort>36323 dst>fd10:23:100::2/25959 
05:42:02.839663 ON flow>9423 srcPort>41511 dst>fd10:23:100::2/26223 
05:42:02.840328 CONNECT flow>9423 srcPort>41511 dst>fd10:23:100::2/26223 
05:42:02.943349 ON flow>9431 srcPort>39367 dst>fd10:23:100::2/26231 
05:42:02.944029 CONNECT flow>9431 srcPort>39367 dst>fd10:23:100::2/26231 
05:42:03.058085 ON flow>9439 srcPort>34441 dst>fd10:23:100::2/26239 
05:42:03.058600 CONNECT flow>9439 srcPort>34441 dst>fd10:23:100::2/26239 
05:42:03.126113 ON flow>9447 srcPort>44263 dst>fd10:23:100::2/26247 
05:42:03.127713 CONNECT flow>9447 srcPort>44263 dst>fd10:23:100::2/26247 
05:42:03.143398 SHUTDOWN flow>9167 srcPort>37103 dst>fd10:23:100::2/25967 
05:42:03.144990 OFF flow>9167 srcPort>37103 dst>fd10:23:100::2/25967 
05:42:03.219618 ON flow>9455 srcPort>43405 dst>fd10:23:100::2/26255 
05:42:03.220326 CONNECT flow>9455 srcPort>43405 dst>fd10:23:100::2/26255 
05:42:03.294477 SHUTDOWN flow>9175 srcPort>41535 dst>fd10:23:100::2/25975 
05:42:03.294993 OFF flow>9175 srcPort>41535 dst>fd10:23:100::2/25975 
05:42:03.322632 ON flow>9463 srcPort>38211 dst>fd10:23:100::2/26263 
05:42:03.324637 CONNECT flow>9463 srcPort>38211 dst>fd10:23:100::2/26263 
05:42:03.380688 SHUTDOWN flow>9183 srcPort>40847 dst>fd10:23:100::2/25983 
05:42:03.382970 OFF flow>9183 srcPort>40847 dst>fd10:23:100::2/25983 
05:42:03.418408 ON flow>9471 srcPort>37811 dst>fd10:23:100::2/26271 
05:42:03.420928 CONNECT flow>9471 srcPort>37811 dst>fd10:23:100::2/26271 
05:42:03.522120 ON flow>9479 srcPort>45715 dst>fd10:23:100::2/26279 
05:42:03.522474 CONNECT flow>9479 srcPort>45715 dst>fd10:23:100::2/26279 
05:42:03.535596 SHUTDOWN flow>9191 srcPort>43163 dst>fd10:23:100::2/25991 
05:42:03.537130 OFF flow>9191 srcPort>43163 dst>fd10:23:100::2/25991 
05:42:03.619107 ON flow>9487 srcPort>39075 dst>fd10:23:100::2/26287 
05:42:03.622176 CONNECT flow>9487 srcPort>39075 dst>fd10:23:100::2/26287 
05:42:03.683821 ON flow>9495 srcPort>35061 dst>fd10:23:100::2/26295 
05:42:03.686028 CONNECT flow>9495 srcPort>35061 dst>fd10:23:100::2/26295 
05:42:03.705276 SHUTDOWN flow>9199 srcPort>40593 dst>fd10:23:100::2/25999 
05:42:03.708287 OFF flow>9199 srcPort>40593 dst>fd10:23:100::2/25999 
05:42:03.766481 ON flow>9503 srcPort>37815 dst>fd10:23:100::2/26303 
05:42:03.773597 CONNECT flow>9503 srcPort>37815 dst>fd10:23:100::2/26303 
05:42:03.822282 SHUTDOWN flow>9207 srcPort>44873 dst>fd10:23:100::2/26007 
05:42:03.834493 OFF flow>9207 srcPort>44873 dst>fd10:23:100::2/26007 
05:42:03.949164 ON flow>9511 srcPort>37765 dst>fd10:23:100::2/26311 
05:42:03.975166 CONNECT flow>9511 srcPort>37765 dst>fd10:23:100::2/26311 
05:42:04.033889 SHUTDOWN flow>9215 srcPort>44823 dst>fd10:23:100::2/26015 
05:42:04.054236 ON flow>9519 srcPort>37893 dst>fd10:23:100::2/26319 
05:42:04.077303 OFF flow>9215 srcPort>44823 dst>fd10:23:100::2/26015 
05:42:04.100421 CONNECT flow>9519 srcPort>37893 dst>fd10:23:100::2/26319 
05:42:04.133999 SHUTDOWN flow>9223 srcPort>39065 dst>fd10:23:100::2/26023 
05:42:04.183829 ON flow>9527 srcPort>41177 dst>fd10:23:100::2/26327 
05:42:04.194056 SHUTDOWN flow>9231 srcPort>43943 dst>fd10:23:100::2/26031 
05:42:04.206265 OFF flow>9223 srcPort>39065 dst>fd10:23:100::2/26023 
05:42:04.273810 CONNECT flow>9527 srcPort>41177 dst>fd10:23:100::2/26327 
05:42:04.275522 SHUTDOWN flow>9239 srcPort>42545 dst>fd10:23:100::2/26039 
05:42:04.313769 OFF flow>9231 srcPort>43943 dst>fd10:23:100::2/26031 
05:42:04.329014 ON flow>9535 srcPort>35375 dst>fd10:23:100::2/26335 
05:42:04.335186 SHUTDOWN flow>9247 srcPort>33651 dst>fd10:23:100::2/26047 
05:42:04.394587 OFF flow>9239 srcPort>42545 dst>fd10:23:100::2/26039 
05:42:04.411226 ON flow>9543 srcPort>36855 dst>fd10:23:100::2/26343 
05:42:04.447900 SHUTDOWN flow>9255 srcPort>34087 dst>fd10:23:100::2/26055 
05:42:04.448074 CONNECT flow>9535 srcPort>35375 dst>fd10:23:100::2/26335 
05:42:04.509926 SHUTDOWN flow>9263 srcPort>42593 dst>fd10:23:100::2/26063 
05:42:04.530431 CONNECT flow>9543 srcPort>36855 dst>fd10:23:100::2/26343 
05:42:04.549004 SHUTDOWN flow>9271 srcPort>40109 dst>fd10:23:100::2/26071 
05:42:04.618526 OFF flow>9247 srcPort>33651 dst>fd10:23:100::2/26047 
05:42:04.637295 OFF flow>9263 srcPort>42593 dst>fd10:23:100::2/26063 
05:42:04.666407 SHUTDOWN flow>9279 srcPort>39973 dst>fd10:23:100::2/26079 
05:42:04.701870 OFF flow>9255 srcPort>34087 dst>fd10:23:100::2/26055 
05:42:04.766207 SHUTDOWN flow>9287 srcPort>43495 dst>fd10:23:100::2/26087 
05:42:04.811517 OFF flow>9271 srcPort>40109 dst>fd10:23:100::2/26071 
05:42:04.875235 ON flow>9551 srcPort>46751 dst>fd10:23:100::2/26351 
05:42:04.913598 OFF flow>9279 srcPort>39973 dst>fd10:23:100::2/26079 
05:42:04.957422 SHUTDOWN flow>9295 srcPort>38513 dst>fd10:23:100::2/26095 
05:42:04.966439 SHUTDOWN flow>9303 srcPort>38543 dst>fd10:23:100::2/26103 
05:42:04.978953 CONNECT flow>9551 srcPort>46751 dst>fd10:23:100::2/26351 
05:42:05.007790 OFF flow>9287 srcPort>43495 dst>fd10:23:100::2/26087 
05:42:05.069716 OFF flow>9303 srcPort>38543 dst>fd10:23:100::2/26103 
05:42:05.121324 SHUTDOWN flow>9311 srcPort>37771 dst>fd10:23:100::2/26111 
05:42:05.152619 ON flow>9559 srcPort>36211 dst>fd10:23:100::2/26359 
05:42:05.200947 SHUTDOWN flow>9319 srcPort>34939 dst>fd10:23:100::2/26119 
05:42:05.253184 CONNECT flow>9559 srcPort>36211 dst>fd10:23:100::2/26359 
05:42:05.260797 OFF flow>9295 srcPort>38513 dst>fd10:23:100::2/26095 
05:42:05.413710 OFF flow>9311 srcPort>37771 dst>fd10:23:100::2/26111 
05:42:05.419590 ON flow>9567 srcPort>34751 dst>fd10:23:100::2/26367 
05:42:05.488324 SHUTDOWN flow>9327 srcPort>43271 dst>fd10:23:100::2/26127 
05:42:05.527113 CONNECT flow>9567 srcPort>34751 dst>fd10:23:100::2/26367 
05:42:05.539050 ON flow>9575 srcPort>33227 dst>fd10:23:100::2/26375 
05:42:05.648106 CONNECT flow>9575 srcPort>33227 dst>fd10:23:100::2/26375 
05:42:05.692431 SHUTDOWN flow>9335 srcPort>46395 dst>fd10:23:100::2/26135 
05:42:05.713689 ON flow>9583 srcPort>41905 dst>fd10:23:100::2/26383 
05:42:05.820429 CONNECT flow>9583 srcPort>41905 dst>fd10:23:100::2/26383 
05:42:05.852807 ON flow>9591 srcPort>41133 dst>fd10:23:100::2/26391 
05:42:05.865708 OFF flow>9319 srcPort>34939 dst>fd10:23:100::2/26119 
05:42:05.885702 OFF flow>9327 srcPort>43271 dst>fd10:23:100::2/26127 
05:42:05.937042 SHUTDOWN flow>9343 srcPort>41829 dst>fd10:23:100::2/26143 
05:42:05.947760 ON flow>9599 srcPort>33269 dst>fd10:23:100::2/26399 
05:42:05.955655 CONNECT flow>9591 srcPort>41133 dst>fd10:23:100::2/26391 
05:42:06.024890 ON flow>9607 srcPort>38037 dst>fd10:23:100::2/26407 
05:42:06.052779 CONNECT flow>9599 srcPort>33269 dst>fd10:23:100::2/26399 
05:42:06.131782 CONNECT flow>9607 srcPort>38037 dst>fd10:23:100::2/26407 
05:42:06.136324 OFF flow>9335 srcPort>46395 dst>fd10:23:100::2/26135 
05:42:06.143632 ON flow>9615 srcPort>40235 dst>fd10:23:100::2/26415 
05:42:06.157154 SHUTDOWN flow>9351 srcPort>42313 dst>fd10:23:100::2/26151 
05:42:06.252300 CONNECT flow>9615 srcPort>40235 dst>fd10:23:100::2/26415 
05:42:06.293847 OFF flow>9343 srcPort>41829 dst>fd10:23:100::2/26143 
05:42:06.332485 ON flow>9623 srcPort>43611 dst>fd10:23:100::2/26423 
05:42:06.430924 CONNECT flow>9623 srcPort>43611 dst>fd10:23:100::2/26423 
05:42:06.638248 ON flow>9631 srcPort>34841 dst>fd10:23:100::2/26431 
05:42:06.639489 SHUTDOWN flow>9359 srcPort>37871 dst>fd10:23:100::2/26159 
05:42:06.744336 CONNECT flow>9631 srcPort>34841 dst>fd10:23:100::2/26431 
05:42:06.770365 OFF flow>9351 srcPort>42313 dst>fd10:23:100::2/26151 
05:42:06.793622 ON flow>9639 srcPort>37625 dst>fd10:23:100::2/26439 
05:42:06.842114 OFF flow>9359 srcPort>37871 dst>fd10:23:100::2/26159 
05:42:06.869261 ON flow>9647 srcPort>34109 dst>fd10:23:100::2/26447 
05:42:06.895458 CONNECT flow>9639 srcPort>37625 dst>fd10:23:100::2/26439 
05:42:06.905444 SHUTDOWN flow>9367 srcPort>44465 dst>fd10:23:100::2/26167 
05:42:06.948431 SHUTDOWN flow>9375 srcPort>42833 dst>fd10:23:100::2/26175 
05:42:06.973724 CONNECT flow>9647 srcPort>34109 dst>fd10:23:100::2/26447 
05:42:06.986549 SHUTDOWN flow>9383 srcPort>37169 dst>fd10:23:100::2/26183 
05:42:07.003380 ON flow>9655 srcPort>40607 dst>fd10:23:100::2/26455 
05:42:07.094852 SHUTDOWN flow>9391 srcPort>34965 dst>fd10:23:100::2/26191 
05:42:07.103584 ON flow>9663 srcPort>40371 dst>fd10:23:100::2/26463 
05:42:07.107527 CONNECT flow>9655 srcPort>40607 dst>fd10:23:100::2/26455 
05:42:07.171917 SHUTDOWN flow>9399 srcPort>42339 dst>fd10:23:100::2/26199 
05:42:07.207353 CONNECT flow>9663 srcPort>40371 dst>fd10:23:100::2/26463 
05:42:07.232208 OFF flow>9367 srcPort>44465 dst>fd10:23:100::2/26167 
05:42:07.254136 ON flow>9671 srcPort>46293 dst>fd10:23:100::2/26471 
05:42:07.360571 CONNECT flow>9671 srcPort>46293 dst>fd10:23:100::2/26471 
05:42:07.448557 SHUTDOWN flow>9407 srcPort>33407 dst>fd10:23:100::2/26207 
05:42:07.476173 OFF flow>9375 srcPort>42833 dst>fd10:23:100::2/26175 
05:42:07.476900 OFF flow>9383 srcPort>37169 dst>fd10:23:100::2/26183 
05:42:07.489226 ON flow>9679 srcPort>36277 dst>fd10:23:100::2/26479 
05:42:07.551252 SHUTDOWN flow>9415 srcPort>43733 dst>fd10:23:100::2/26215 
05:42:07.591843 CONNECT flow>9679 srcPort>36277 dst>fd10:23:100::2/26479 
05:42:07.601850 OFF flow>9399 srcPort>42339 dst>fd10:23:100::2/26199 
05:42:07.649247 OFF flow>9391 srcPort>34965 dst>fd10:23:100::2/26191 
05:42:07.689675 ON flow>9687 srcPort>34783 dst>fd10:23:100::2/26487 
05:42:07.741226 OFF flow>9415 srcPort>43733 dst>fd10:23:100::2/26215 
05:42:07.779663 CONNECT flow>9687 srcPort>34783 dst>fd10:23:100::2/26487 
05:42:07.789722 ON flow>9695 srcPort>45115 dst>fd10:23:100::2/26495 
05:42:07.803262 SHUTDOWN flow>9423 srcPort>41511 dst>fd10:23:100::2/26223 
05:42:07.844119 SHUTDOWN flow>9431 srcPort>39367 dst>fd10:23:100::2/26231 
05:42:07.885219 CONNECT flow>9695 srcPort>45115 dst>fd10:23:100::2/26495 
05:42:07.898772 ON flow>9703 srcPort>35175 dst>fd10:23:100::2/26503 
05:42:07.952146 ON flow>9711 srcPort>43083 dst>fd10:23:100::2/26511 
05:42:07.970293 OFF flow>9407 srcPort>33407 dst>fd10:23:100::2/26207 
05:42:07.998254 CONNECT flow>9703 srcPort>35175 dst>fd10:23:100::2/26503 
05:42:08.019406 SHUTDOWN flow>9455 srcPort>43405 dst>fd10:23:100::2/26255 
05:42:08.022469 ON flow>9719 srcPort>35689 dst>fd10:23:100::2/26519 
05:42:08.052057 CONNECT flow>9711 srcPort>43083 dst>fd10:23:100::2/26511 
05:42:08.074330 SHUTDOWN flow>9447 srcPort>44263 dst>fd10:23:100::2/26247 
05:42:08.119391 SHUTDOWN flow>9439 srcPort>34441 dst>fd10:23:100::2/26239 
05:42:08.122416 SHUTDOWN flow>9463 srcPort>38211 dst>fd10:23:100::2/26263 
05:42:08.123071 CONNECT flow>9719 srcPort>35689 dst>fd10:23:100::2/26519 
05:42:08.139982 ON flow>9727 srcPort>35555 dst>fd10:23:100::2/26527 
05:42:08.162667 OFF flow>9455 srcPort>43405 dst>fd10:23:100::2/26255 
05:42:08.200239 ON flow>9735 srcPort>36811 dst>fd10:23:100::2/26535 
05:42:08.218314 SHUTDOWN flow>9471 srcPort>37811 dst>fd10:23:100::2/26271 
05:42:08.229247 OFF flow>9423 srcPort>41511 dst>fd10:23:100::2/26223 
05:42:08.244095 CONNECT flow>9727 srcPort>35555 dst>fd10:23:100::2/26527 
05:42:08.281232 ON flow>9743 srcPort>46219 dst>fd10:23:100::2/26543 
05:42:08.303096 CONNECT flow>9735 srcPort>36811 dst>fd10:23:100::2/26535 
05:42:08.364086 ON flow>9751 srcPort>45339 dst>fd10:23:100::2/26551 
05:42:08.386081 CONNECT flow>9743 srcPort>46219 dst>fd10:23:100::2/26543 
05:42:08.418813 SHUTDOWN flow>9487 srcPort>39075 dst>fd10:23:100::2/26287 
05:42:08.432218 OFF flow>9471 srcPort>37811 dst>fd10:23:100::2/26271 
05:42:08.443040 OFF flow>9431 srcPort>39367 dst>fd10:23:100::2/26231 
05:42:08.459142 SHUTDOWN flow>9479 srcPort>45715 dst>fd10:23:100::2/26279 
05:42:08.463561 CONNECT flow>9751 srcPort>45339 dst>fd10:23:100::2/26551 
05:42:08.483553 SHUTDOWN flow>9495 srcPort>35061 dst>fd10:23:100::2/26295 
05:42:08.563819 OFF flow>9439 srcPort>34441 dst>fd10:23:100::2/26239 
05:42:08.566136 SHUTDOWN flow>9503 srcPort>37815 dst>fd10:23:100::2/26303 
05:42:08.605677 ON flow>9759 srcPort>36439 dst>fd10:23:100::2/26559 
05:42:08.660912 ON flow>9767 srcPort>45045 dst>fd10:23:100::2/26567 
05:42:08.710618 CONNECT flow>9759 srcPort>36439 dst>fd10:23:100::2/26559 
05:42:08.732873 ON flow>9775 srcPort>45039 dst>fd10:23:100::2/26575 
05:42:08.765702 CONNECT flow>9767 srcPort>45045 dst>fd10:23:100::2/26567 
05:42:08.776249 ON flow>9783 srcPort>45091 dst>fd10:23:100::2/26583 
05:42:08.832758 CONNECT flow>9775 srcPort>45039 dst>fd10:23:100::2/26575 
05:42:08.855950 ON flow>9791 srcPort>37989 dst>fd10:23:100::2/26591 
05:42:08.864856 SHUTDOWN flow>9519 srcPort>37893 dst>fd10:23:100::2/26319 
05:42:08.875265 SHUTDOWN flow>9511 srcPort>37765 dst>fd10:23:100::2/26311 
05:42:08.876221 CONNECT flow>9783 srcPort>45091 dst>fd10:23:100::2/26583 
05:42:08.885522 ON flow>9799 srcPort>43375 dst>fd10:23:100::2/26599 
05:42:08.949655 ON flow>9807 srcPort>35433 dst>fd10:23:100::2/26607 
05:42:08.964709 CONNECT flow>9791 srcPort>37989 dst>fd10:23:100::2/26591 
05:42:08.981724 OFF flow>9479 srcPort>45715 dst>fd10:23:100::2/26279 
05:42:08.983532 SHUTDOWN flow>9527 srcPort>41177 dst>fd10:23:100::2/26327 
05:42:08.992246 CONNECT flow>9799 srcPort>43375 dst>fd10:23:100::2/26599 
05:42:08.995785 OFF flow>9447 srcPort>44263 dst>fd10:23:100::2/26247 
05:42:09.045151 ON flow>9815 srcPort>37099 dst>fd10:23:100::2/26615 
05:42:09.054743 CONNECT flow>9807 srcPort>35433 dst>fd10:23:100::2/26607 
05:42:09.087152 OFF flow>9527 srcPort>41177 dst>fd10:23:100::2/26327 
05:42:09.128519 SHUTDOWN flow>9535 srcPort>35375 dst>fd10:23:100::2/26335 
05:42:09.145007 CONNECT flow>9815 srcPort>37099 dst>fd10:23:100::2/26615 
05:42:09.224920 ON flow>9823 srcPort>38907 dst>fd10:23:100::2/26623 
05:42:09.225837 OFF flow>9511 srcPort>37765 dst>fd10:23:100::2/26311 
05:42:09.270829 SHUTDOWN flow>9543 srcPort>36855 dst>fd10:23:100::2/26343 
05:42:09.335136 CONNECT flow>9823 srcPort>38907 dst>fd10:23:100::2/26623 
05:42:09.344371 OFF flow>9519 srcPort>37893 dst>fd10:23:100::2/26319 
05:42:09.376234 ON flow>9831 srcPort>43493 dst>fd10:23:100::2/26631 
05:42:09.440348 OFF flow>9535 srcPort>35375 dst>fd10:23:100::2/26335 
05:42:09.485752 CONNECT flow>9831 srcPort>43493 dst>fd10:23:100::2/26631 
05:42:09.504121 ON flow>9839 srcPort>43899 dst>fd10:23:100::2/26639 
05:42:09.554823 OFF flow>9463 srcPort>38211 dst>fd10:23:100::2/26263 
05:42:09.614331 CONNECT flow>9839 srcPort>43899 dst>fd10:23:100::2/26639 
05:42:09.674996 SHUTDOWN flow>9551 srcPort>46751 dst>fd10:23:100::2/26351 
05:42:09.715396 ON flow>9847 srcPort>38277 dst>fd10:23:100::2/26647 
05:42:09.725930 OFF flow>9495 srcPort>35061 dst>fd10:23:100::2/26295 
05:42:09.806289 OFF flow>9543 srcPort>36855 dst>fd10:23:100::2/26343 
05:42:09.821382 CONNECT flow>9847 srcPort>38277 dst>fd10:23:100::2/26647 
05:42:09.855338 ON flow>9855 srcPort>42707 dst>fd10:23:100::2/26655 
05:42:09.952121 SHUTDOWN flow>9559 srcPort>36211 dst>fd10:23:100::2/26359 
05:42:09.967763 CONNECT flow>9855 srcPort>42707 dst>fd10:23:100::2/26655 
05:42:10.040982 ON flow>9863 srcPort>42907 dst>fd10:23:100::2/26663 
05:42:10.149874 CONNECT flow>9863 srcPort>42907 dst>fd10:23:100::2/26663 
05:42:10.191153 OFF flow>9559 srcPort>36211 dst>fd10:23:100::2/26359 
05:42:10.210450 ON flow>9871 srcPort>41975 dst>fd10:23:100::2/26671 
05:42:10.218754 SHUTDOWN flow>9567 srcPort>34751 dst>fd10:23:100::2/26367 
05:42:10.301154 OFF flow>9487 srcPort>39075 dst>fd10:23:100::2/26287 
05:42:10.314448 CONNECT flow>9871 srcPort>41975 dst>fd10:23:100::2/26671 
05:42:10.375169 OFF flow>9567 srcPort>34751 dst>fd10:23:100::2/26367 
05:42:10.398356 ON flow>9879 srcPort>33555 dst>fd10:23:100::2/26679 
05:42:10.421399 OFF flow>9551 srcPort>46751 dst>fd10:23:100::2/26351 
05:42:10.462018 SHUTDOWN flow>9575 srcPort>33227 dst>fd10:23:100::2/26375 
05:42:10.500222 CONNECT flow>9879 srcPort>33555 dst>fd10:23:100::2/26679 
05:42:10.513133 SHUTDOWN flow>9583 srcPort>41905 dst>fd10:23:100::2/26383 
05:42:10.529487 OFF flow>9503 srcPort>37815 dst>fd10:23:100::2/26303 
05:42:10.576287 ON flow>9887 srcPort>39445 dst>fd10:23:100::2/26687 
05:42:10.620688 OFF flow>9583 srcPort>41905 dst>fd10:23:100::2/26383 
05:42:10.651837 SHUTDOWN flow>9591 srcPort>41133 dst>fd10:23:100::2/26391 
05:42:10.681784 CONNECT flow>9887 srcPort>39445 dst>fd10:23:100::2/26687 
05:42:10.733587 ON flow>9895 srcPort>33847 dst>fd10:23:100::2/26695 
05:42:10.747139 SHUTDOWN flow>9599 srcPort>33269 dst>fd10:23:100::2/26399 
05:42:10.823042 ON flow>9903 srcPort>34633 dst>fd10:23:100::2/26703 
05:42:10.824431 SHUTDOWN flow>9607 srcPort>38037 dst>fd10:23:100::2/26407 
05:42:10.840157 CONNECT flow>9895 srcPort>33847 dst>fd10:23:100::2/26695 
05:42:10.925891 CONNECT flow>9903 srcPort>34633 dst>fd10:23:100::2/26703 
05:42:10.941717 ON flow>9911 srcPort>35765 dst>fd10:23:100::2/26711 
05:42:10.943206 SHUTDOWN flow>9615 srcPort>40235 dst>fd10:23:100::2/26415 
05:42:10.997828 ON flow>9919 srcPort>41521 dst>fd10:23:100::2/26719 
05:42:11.039205 CONNECT flow>9911 srcPort>35765 dst>fd10:23:100::2/26711 
05:42:11.062091 ON flow>9927 srcPort>41001 dst>fd10:23:100::2/26727 
05:42:11.080822 OFF flow>9591 srcPort>41133 dst>fd10:23:100::2/26391 
05:42:11.081303 OFF flow>9615 srcPort>40235 dst>fd10:23:100::2/26415 
05:42:11.102936 CONNECT flow>9919 srcPort>41521 dst>fd10:23:100::2/26719 
05:42:11.140186 ON flow>9935 srcPort>42843 dst>fd10:23:100::2/26735 
05:42:11.166562 CONNECT flow>9927 srcPort>41001 dst>fd10:23:100::2/26727 
05:42:11.196342 ON flow>9943 srcPort>46831 dst>fd10:23:100::2/26743 
05:42:11.250014 CONNECT flow>9935 srcPort>42843 dst>fd10:23:100::2/26735 
05:42:11.302349 ON flow>9951 srcPort>43035 dst>fd10:23:100::2/26751 
05:42:11.305176 CONNECT flow>9943 srcPort>46831 dst>fd10:23:100::2/26743 
05:42:11.356386 ON flow>9959 srcPort>46155 dst>fd10:23:100::2/26759 
05:42:11.410468 CONNECT flow>9951 srcPort>43035 dst>fd10:23:100::2/26751 
05:42:11.437805 SHUTDOWN flow>9631 srcPort>34841 dst>fd10:23:100::2/26431 
05:42:11.464547 CONNECT flow>9959 srcPort>46155 dst>fd10:23:100::2/26759 
05:42:11.507907 ON flow>9967 srcPort>42613 dst>fd10:23:100::2/26767 
05:42:11.592898 SHUTDOWN flow>9639 srcPort>37625 dst>fd10:23:100::2/26439 
05:42:11.619691 ON flow>9975 srcPort>37837 dst>fd10:23:100::2/26775 
05:42:11.622425 CONNECT flow>9967 srcPort>42613 dst>fd10:23:100::2/26767 
05:42:11.713402 ON flow>9983 srcPort>38713 dst>fd10:23:100::2/26783 
05:42:11.723289 CONNECT flow>9975 srcPort>37837 dst>fd10:23:100::2/26775 
05:42:11.754588 ON flow>9991 srcPort>41673 dst>fd10:23:100::2/26791 
05:42:11.759619 SHUTDOWN flow>9647 srcPort>34109 dst>fd10:23:100::2/26447 
05:42:11.816055 OFF flow>9607 srcPort>38037 dst>fd10:23:100::2/26407 
05:42:11.817097 CONNECT flow>9983 srcPort>38713 dst>fd10:23:100::2/26783 
05:42:11.836708 ON flow>9999 srcPort>38311 dst>fd10:23:100::2/26799 
05:42:11.862263 CONNECT flow>9991 srcPort>41673 dst>fd10:23:100::2/26791 
05:42:11.903191 SHUTDOWN flow>9663 srcPort>40371 dst>fd10:23:100::2/26463 
05:42:11.915218 ON flow>10007 srcPort>46105 dst>fd10:23:100::2/26807 
05:42:11.946286 CONNECT flow>9999 srcPort>38311 dst>fd10:23:100::2/26799 
05:42:12.018934 CONNECT flow>10007 srcPort>46105 dst>fd10:23:100::2/26807 
05:42:12.033134 ON flow>10015 srcPort>44283 dst>fd10:23:100::2/26815 
05:42:12.052982 OFF flow>9663 srcPort>40371 dst>fd10:23:100::2/26463 
05:42:12.053680 SHUTDOWN flow>9671 srcPort>46293 dst>fd10:23:100::2/26471 
05:42:12.121788 ON flow>10023 srcPort>37455 dst>fd10:23:100::2/26823 
05:42:12.138541 CONNECT flow>10015 srcPort>44283 dst>fd10:23:100::2/26815 
05:42:12.204788 ON flow>10031 srcPort>45485 dst>fd10:23:100::2/26831 
05:42:12.228208 OFF flow>9639 srcPort>37625 dst>fd10:23:100::2/26439 
05:42:12.235964 CONNECT flow>10023 srcPort>37455 dst>fd10:23:100::2/26823 
05:42:12.285229 ON flow>10039 srcPort>38811 dst>fd10:23:100::2/26839 
05:42:12.313101 CONNECT flow>10031 srcPort>45485 dst>fd10:23:100::2/26831 
05:42:12.348491 SHUTDOWN flow>9623 srcPort>43611 dst>fd10:23:100::2/26423 
05:42:12.363016 ON flow>10047 srcPort>44801 dst>fd10:23:100::2/26847 
05:42:12.397232 CONNECT flow>10039 srcPort>38811 dst>fd10:23:100::2/26839 
05:42:12.406307 ON flow>10055 srcPort>36529 dst>fd10:23:100::2/26855 
05:42:12.410039 SHUTDOWN flow>9655 srcPort>40607 dst>fd10:23:100::2/26455 
05:42:12.468264 OFF flow>9599 srcPort>33269 dst>fd10:23:100::2/26399 
05:42:12.475832 CONNECT flow>10047 srcPort>44801 dst>fd10:23:100::2/26847 
05:42:12.477063 ON flow>10063 srcPort>43737 dst>fd10:23:100::2/26863 
05:42:12.489422 SHUTDOWN flow>9687 srcPort>34783 dst>fd10:23:100::2/26487 
05:42:12.522448 CONNECT flow>10055 srcPort>36529 dst>fd10:23:100::2/26855 
05:42:12.541735 ON flow>10071 srcPort>40129 dst>fd10:23:100::2/26871 
05:42:12.588701 CONNECT flow>10063 srcPort>43737 dst>fd10:23:100::2/26863 
05:42:12.589307 SHUTDOWN flow>9695 srcPort>45115 dst>fd10:23:100::2/26495 
05:42:12.592874 ON flow>10079 srcPort>35357 dst>fd10:23:100::2/26879 
05:42:12.649779 CONNECT flow>10071 srcPort>40129 dst>fd10:23:100::2/26871 
05:42:12.661840 ON flow>10087 srcPort>41025 dst>fd10:23:100::2/26887 
05:42:12.700182 OFF flow>9695 srcPort>45115 dst>fd10:23:100::2/26495 
05:42:12.700532 CONNECT flow>10079 srcPort>35357 dst>fd10:23:100::2/26879 
05:42:12.751317 SHUTDOWN flow>9711 srcPort>43083 dst>fd10:23:100::2/26511 
05:42:12.764556 ON flow>10095 srcPort>44367 dst>fd10:23:100::2/26895 
05:42:12.767530 CONNECT flow>10087 srcPort>41025 dst>fd10:23:100::2/26887 
05:42:12.801109 SHUTDOWN flow>9703 srcPort>35175 dst>fd10:23:100::2/26503 
05:42:12.829688 ON flow>10103 srcPort>40523 dst>fd10:23:100::2/26903 
05:42:12.873157 CONNECT flow>10095 srcPort>44367 dst>fd10:23:100::2/26895 
05:42:12.937994 CONNECT flow>10103 srcPort>40523 dst>fd10:23:100::2/26903 
05:42:13.070554 ON flow>10111 srcPort>33329 dst>fd10:23:100::2/26911 
05:42:13.080811 SHUTDOWN flow>9743 srcPort>46219 dst>fd10:23:100::2/26543 
05:42:13.140866 OFF flow>9631 srcPort>34841 dst>fd10:23:100::2/26431 
05:42:13.180579 CONNECT flow>10111 srcPort>33329 dst>fd10:23:100::2/26911 
05:42:13.291287 ON flow>10119 srcPort>33325 dst>fd10:23:100::2/26919 
05:42:13.332928 SHUTDOWN flow>9719 srcPort>35689 dst>fd10:23:100::2/26519 
05:42:13.374809 OFF flow>9743 srcPort>46219 dst>fd10:23:100::2/26543 
05:42:13.384645 SHUTDOWN flow>9735 srcPort>36811 dst>fd10:23:100::2/26535 
05:42:13.393268 CONNECT flow>10119 srcPort>33325 dst>fd10:23:100::2/26919 
05:42:13.405302 SHUTDOWN flow>9759 srcPort>36439 dst>fd10:23:100::2/26559 
05:42:13.413704 ON flow>10127 srcPort>44097 dst>fd10:23:100::2/26927 
05:42:13.460416 SHUTDOWN flow>9767 srcPort>45045 dst>fd10:23:100::2/26567 
05:42:13.471017 SHUTDOWN flow>9727 srcPort>35555 dst>fd10:23:100::2/26527 
05:42:13.480837 SHUTDOWN flow>9751 srcPort>45339 dst>fd10:23:100::2/26551 
05:42:13.513469 ON flow>10135 srcPort>43903 dst>fd10:23:100::2/26935 
05:42:13.520254 CONNECT flow>10127 srcPort>44097 dst>fd10:23:100::2/26927 
05:42:13.600259 ON flow>10143 srcPort>33375 dst>fd10:23:100::2/26943 
05:42:13.616281 OFF flow>9575 srcPort>33227 dst>fd10:23:100::2/26375 
05:42:13.619729 CONNECT flow>10135 srcPort>43903 dst>fd10:23:100::2/26935 
05:42:13.710677 CONNECT flow>10143 srcPort>33375 dst>fd10:23:100::2/26943 
05:42:13.733334 SHUTDOWN flow>9783 srcPort>45091 dst>fd10:23:100::2/26583 
05:42:13.812109 ON flow>10151 srcPort>43613 dst>fd10:23:100::2/26951 
05:42:13.924363 CONNECT flow>10151 srcPort>43613 dst>fd10:23:100::2/26951 
05:42:13.932309 SHUTDOWN flow>9799 srcPort>43375 dst>fd10:23:100::2/26599 
05:42:14.024628 SHUTDOWN flow>9823 srcPort>38907 dst>fd10:23:100::2/26623 
05:42:14.050295 SHUTDOWN flow>9791 srcPort>37989 dst>fd10:23:100::2/26591 
05:42:14.087023 SHUTDOWN flow>9807 srcPort>35433 dst>fd10:23:100::2/26607 
05:42:14.108611 ON flow>10159 srcPort>41575 dst>fd10:23:100::2/26959 
05:42:14.211426 OFF flow>9703 srcPort>35175 dst>fd10:23:100::2/26503 
05:42:14.213986 CONNECT flow>10159 srcPort>41575 dst>fd10:23:100::2/26959 
05:42:14.288143 SHUTDOWN flow>9679 srcPort>36277 dst>fd10:23:100::2/26479 
05:42:14.303960 SHUTDOWN flow>9839 srcPort>43899 dst>fd10:23:100::2/26639 
05:42:14.304571 ON flow>10167 srcPort>38035 dst>fd10:23:100::2/26967 
05:42:14.363826 OFF flow>9719 srcPort>35689 dst>fd10:23:100::2/26519 
05:42:14.386969 ON flow>10175 srcPort>35533 dst>fd10:23:100::2/26975 
05:42:14.395725 OFF flow>9647 srcPort>34109 dst>fd10:23:100::2/26447 
05:42:14.406053 SHUTDOWN flow>9815 srcPort>37099 dst>fd10:23:100::2/26615 
05:42:14.409786 CONNECT flow>10167 srcPort>38035 dst>fd10:23:100::2/26967 
05:42:14.477401 OFF flow>9751 srcPort>45339 dst>fd10:23:100::2/26551 
05:42:14.478431 OFF flow>9807 srcPort>35433 dst>fd10:23:100::2/26607 
05:42:14.492976 CONNECT flow>10175 srcPort>35533 dst>fd10:23:100::2/26975 
05:42:14.497525 ON flow>10183 srcPort>44713 dst>fd10:23:100::2/26983 
05:42:14.514920 SHUTDOWN flow>9847 srcPort>38277 dst>fd10:23:100::2/26647 
05:42:14.545970 OFF flow>9791 srcPort>37989 dst>fd10:23:100::2/26591 
05:42:14.547963 OFF flow>9735 srcPort>36811 dst>fd10:23:100::2/26535 
05:42:14.598220 ON flow>10191 srcPort>41873 dst>fd10:23:100::2/26991 
05:42:14.602670 CONNECT flow>10183 srcPort>44713 dst>fd10:23:100::2/26983 
05:42:14.708213 CONNECT flow>10191 srcPort>41873 dst>fd10:23:100::2/26991 
05:42:14.763072 OFF flow>9839 srcPort>43899 dst>fd10:23:100::2/26639 
05:42:14.783356 ON flow>10199 srcPort>38955 dst>fd10:23:100::2/26999 
05:42:14.804465 OFF flow>9671 srcPort>46293 dst>fd10:23:100::2/26471 
05:42:14.895719 CONNECT flow>10199 srcPort>38955 dst>fd10:23:100::2/26999 
05:42:14.954513 ON flow>10207 srcPort>36357 dst>fd10:23:100::2/27007 
05:42:15.047915 SHUTDOWN flow>9831 srcPort>43493 dst>fd10:23:100::2/26631 
05:42:15.067943 CONNECT flow>10207 srcPort>36357 dst>fd10:23:100::2/27007 
05:42:15.149778 OFF flow>9767 srcPort>45045 dst>fd10:23:100::2/26567 
05:42:15.179994 SHUTDOWN flow>9855 srcPort>42707 dst>fd10:23:100::2/26655 
05:42:15.214728 SHUTDOWN flow>9863 srcPort>42907 dst>fd10:23:100::2/26663 
05:42:15.295683 OFF flow>9823 srcPort>38907 dst>fd10:23:100::2/26623 
05:42:15.377890 ON flow>10215 srcPort>46537 dst>fd10:23:100::2/27015 
05:42:15.421670 SHUTDOWN flow>9887 srcPort>39445 dst>fd10:23:100::2/26687 
05:42:15.442035 OFF flow>9759 srcPort>36439 dst>fd10:23:100::2/26559 
05:42:15.476811 CONNECT flow>10215 srcPort>46537 dst>fd10:23:100::2/27015 
05:42:15.492921 ON flow>10223 srcPort>41925 dst>fd10:23:100::2/27023 
05:42:15.530726 OFF flow>9655 srcPort>40607 dst>fd10:23:100::2/26455 
05:42:15.533102 SHUTDOWN flow>9895 srcPort>33847 dst>fd10:23:100::2/26695 
05:42:15.560055 SHUTDOWN flow>9775 srcPort>45039 dst>fd10:23:100::2/26575 
05:42:15.593025 CONNECT flow>10223 srcPort>41925 dst>fd10:23:100::2/27023 
05:42:15.597085 SHUTDOWN flow>9871 srcPort>41975 dst>fd10:23:100::2/26671 
05:42:15.622458 SHUTDOWN flow>9903 srcPort>34633 dst>fd10:23:100::2/26703 
05:42:15.688217 ON flow>10231 srcPort>44259 dst>fd10:23:100::2/27031 
05:42:15.710377 OFF flow>9799 srcPort>43375 dst>fd10:23:100::2/26599 
05:42:15.741326 SHUTDOWN flow>9911 srcPort>35765 dst>fd10:23:100::2/26711 
05:42:15.791883 CONNECT flow>10231 srcPort>44259 dst>fd10:23:100::2/27031 
05:42:15.794508 SHUTDOWN flow>9879 srcPort>33555 dst>fd10:23:100::2/26679 
05:42:15.797147 SHUTDOWN flow>9919 srcPort>41521 dst>fd10:23:100::2/26719 
05:42:15.846960 OFF flow>9911 srcPort>35765 dst>fd10:23:100::2/26711 
05:42:15.855041 ON flow>10239 srcPort>46377 dst>fd10:23:100::2/27039 
05:42:15.965356 CONNECT flow>10239 srcPort>46377 dst>fd10:23:100::2/27039 
05:42:16.035125 OFF flow>9783 srcPort>45091 dst>fd10:23:100::2/26583 
05:42:16.087987 SHUTDOWN flow>9943 srcPort>46831 dst>fd10:23:100::2/26743 
05:42:16.090745 SHUTDOWN flow>9927 srcPort>41001 dst>fd10:23:100::2/26727 
05:42:16.101892 SHUTDOWN flow>9951 srcPort>43035 dst>fd10:23:100::2/26751 
05:42:16.142073 OFF flow>9623 srcPort>43611 dst>fd10:23:100::2/26423 
05:42:16.155989 SHUTDOWN flow>9959 srcPort>46155 dst>fd10:23:100::2/26759 
05:42:16.160266 ON flow>10247 srcPort>34727 dst>fd10:23:100::2/27047 
05:42:16.196332 OFF flow>9711 srcPort>43083 dst>fd10:23:100::2/26511 
05:42:16.228361 OFF flow>9887 srcPort>39445 dst>fd10:23:100::2/26687 
05:42:16.266527 OFF flow>9959 srcPort>46155 dst>fd10:23:100::2/26759 
05:42:16.270768 CONNECT flow>10247 srcPort>34727 dst>fd10:23:100::2/27047 
05:42:16.285536 OFF flow>9863 srcPort>42907 dst>fd10:23:100::2/26663 
05:42:16.307570 SHUTDOWN flow>9967 srcPort>42613 dst>fd10:23:100::2/26767 
05:42:16.424402 OFF flow>9967 srcPort>42613 dst>fd10:23:100::2/26767 
05:42:16.425647 OFF flow>9815 srcPort>37099 dst>fd10:23:100::2/26615 
05:42:16.427554 ON flow>10255 srcPort>41179 dst>fd10:23:100::2/27055 
05:42:16.479228 SHUTDOWN flow>9935 srcPort>42843 dst>fd10:23:100::2/26735 
05:42:16.481657 OFF flow>9687 srcPort>34783 dst>fd10:23:100::2/26487 
05:42:16.518777 SHUTDOWN flow>9983 srcPort>38713 dst>fd10:23:100::2/26783 
05:42:16.536085 CONNECT flow>10255 srcPort>41179 dst>fd10:23:100::2/27055 
05:42:16.578276 ON flow>10263 srcPort>39595 dst>fd10:23:100::2/27063 
05:42:16.617478 OFF flow>9943 srcPort>46831 dst>fd10:23:100::2/26743 
05:42:16.636265 SHUTDOWN flow>9999 srcPort>38311 dst>fd10:23:100::2/26799 
05:42:16.662845 ON flow>10271 srcPort>44519 dst>fd10:23:100::2/27071 
05:42:16.686157 CONNECT flow>10263 srcPort>39595 dst>fd10:23:100::2/27063 
05:42:16.725575 SHUTDOWN flow>9991 srcPort>41673 dst>fd10:23:100::2/26791 
05:42:16.773976 CONNECT flow>10271 srcPort>44519 dst>fd10:23:100::2/27071 
05:42:16.811388 ON flow>10279 srcPort>38503 dst>fd10:23:100::2/27079 
05:42:16.899686 OFF flow>9727 srcPort>35555 dst>fd10:23:100::2/26527 
05:42:16.909720 SHUTDOWN flow>9975 srcPort>37837 dst>fd10:23:100::2/26775 
05:42:16.919172 CONNECT flow>10279 srcPort>38503 dst>fd10:23:100::2/27079 
05:42:16.935382 SHUTDOWN flow>10007 srcPort>46105 dst>fd10:23:100::2/26807 
05:42:16.974390 OFF flow>9871 srcPort>41975 dst>fd10:23:100::2/26671 
05:42:17.000087 ON flow>10287 srcPort>36069 dst>fd10:23:100::2/27087 
05:42:17.051426 OFF flow>9879 srcPort>33555 dst>fd10:23:100::2/26679 
05:42:17.084863 SHUTDOWN flow>10039 srcPort>38811 dst>fd10:23:100::2/26839 
05:42:17.106918 CONNECT flow>10287 srcPort>36069 dst>fd10:23:100::2/27087 
05:42:17.112226 SHUTDOWN flow>10031 srcPort>45485 dst>fd10:23:100::2/26831 
05:42:17.162661 SHUTDOWN flow>10047 srcPort>44801 dst>fd10:23:100::2/26847 
05:42:17.177566 OFF flow>9999 srcPort>38311 dst>fd10:23:100::2/26799 
05:42:17.195121 OFF flow>10039 srcPort>38811 dst>fd10:23:100::2/26839 
05:42:17.203299 OFF flow>9991 srcPort>41673 dst>fd10:23:100::2/26791 
05:42:17.213976 OFF flow>9847 srcPort>38277 dst>fd10:23:100::2/26647 
05:42:17.236799 OFF flow>9895 srcPort>33847 dst>fd10:23:100::2/26695 
05:42:17.267026 OFF flow>10007 srcPort>46105 dst>fd10:23:100::2/26807 
05:42:17.274558 OFF flow>10047 srcPort>44801 dst>fd10:23:100::2/26847 
05:42:17.330435 OFF flow>9831 srcPort>43493 dst>fd10:23:100::2/26631 
05:42:17.357075 OFF flow>9951 srcPort>43035 dst>fd10:23:100::2/26751 
05:42:17.392561 SHUTDOWN flow>10079 srcPort>35357 dst>fd10:23:100::2/26879 
05:42:17.412848 SHUTDOWN flow>10055 srcPort>36529 dst>fd10:23:100::2/26855 
05:42:17.450801 OFF flow>9935 srcPort>42843 dst>fd10:23:100::2/26735 
05:42:17.513460 OFF flow>9983 srcPort>38713 dst>fd10:23:100::2/26783 
05:42:17.539975 SHUTDOWN flow>10063 srcPort>43737 dst>fd10:23:100::2/26863 
05:42:17.551477 OFF flow>9927 srcPort>41001 dst>fd10:23:100::2/26727 
05:42:17.620127 SHUTDOWN flow>10015 srcPort>44283 dst>fd10:23:100::2/26815 
05:42:17.632319 SHUTDOWN flow>10023 srcPort>37455 dst>fd10:23:100::2/26823 
05:42:17.699908 SHUTDOWN flow>10071 srcPort>40129 dst>fd10:23:100::2/26871 
05:42:17.705062 OFF flow>9903 srcPort>34633 dst>fd10:23:100::2/26703 
05:42:17.720394 OFF flow>10031 srcPort>45485 dst>fd10:23:100::2/26831 
05:42:17.722089 SHUTDOWN flow>10103 srcPort>40523 dst>fd10:23:100::2/26903 
05:42:17.731218 SHUTDOWN flow>10087 srcPort>41025 dst>fd10:23:100::2/26887 
05:42:17.805354 OFF flow>10079 srcPort>35357 dst>fd10:23:100::2/26879 
05:42:17.806612 SHUTDOWN flow>10095 srcPort>44367 dst>fd10:23:100::2/26895 
05:42:17.869953 SHUTDOWN flow>10111 srcPort>33329 dst>fd10:23:100::2/26911 
05:42:17.884411 OFF flow>10055 srcPort>36529 dst>fd10:23:100::2/26855 
05:42:17.922746 OFF flow>10111 srcPort>33329 dst>fd10:23:100::2/26911 
05:42:17.947706 OFF flow>9855 srcPort>42707 dst>fd10:23:100::2/26655 
05:42:17.957193 OFF flow>10087 srcPort>41025 dst>fd10:23:100::2/26887 
05:42:17.966084 OFF flow>10095 srcPort>44367 dst>fd10:23:100::2/26895 
05:42:17.974348 OFF flow>9919 srcPort>41521 dst>fd10:23:100::2/26719 
05:42:17.982289 OFF flow>9679 srcPort>36277 dst>fd10:23:100::2/26479 
05:42:18.005539 OFF flow>10063 srcPort>43737 dst>fd10:23:100::2/26863 
05:42:18.053668 OFF flow>9975 srcPort>37837 dst>fd10:23:100::2/26775 
05:42:18.090937 SHUTDOWN flow>10119 srcPort>33325 dst>fd10:23:100::2/26919 
05:42:18.123357 OFF flow>10119 srcPort>33325 dst>fd10:23:100::2/26919 
05:42:18.123923 OFF flow>10071 srcPort>40129 dst>fd10:23:100::2/26871 
05:42:18.130106 OFF flow>10103 srcPort>40523 dst>fd10:23:100::2/26903 
05:42:18.188333 OFF flow>9775 srcPort>45039 dst>fd10:23:100::2/26575 
05:42:18.202446 OFF flow>10023 srcPort>37455 dst>fd10:23:100::2/26823 
05:42:18.213189 SHUTDOWN flow>10127 srcPort>44097 dst>fd10:23:100::2/26927 
05:42:18.220255 OFF flow>10015 srcPort>44283 dst>fd10:23:100::2/26815 
05:42:18.226247 OFF flow>10127 srcPort>44097 dst>fd10:23:100::2/26927 
05:42:18.312951 SHUTDOWN flow>10135 srcPort>43903 dst>fd10:23:100::2/26935 
05:42:18.313342 OFF flow>10135 srcPort>43903 dst>fd10:23:100::2/26935 
05:42:18.399548 SHUTDOWN flow>10143 srcPort>33375 dst>fd10:23:100::2/26943 
05:42:18.399947 OFF flow>10143 srcPort>33375 dst>fd10:23:100::2/26943 
05:42:18.611565 SHUTDOWN flow>10151 srcPort>43613 dst>fd10:23:100::2/26951 
05:42:18.611913 OFF flow>10151 srcPort>43613 dst>fd10:23:100::2/26951 
05:42:18.908120 SHUTDOWN flow>10159 srcPort>41575 dst>fd10:23:100::2/26959 
05:42:18.908539 OFF flow>10159 srcPort>41575 dst>fd10:23:100::2/26959 
05:42:19.104027 SHUTDOWN flow>10167 srcPort>38035 dst>fd10:23:100::2/26967 
05:42:19.104467 OFF flow>10167 srcPort>38035 dst>fd10:23:100::2/26967 
05:42:19.186523 SHUTDOWN flow>10175 srcPort>35533 dst>fd10:23:100::2/26975 
05:42:19.186940 OFF flow>10175 srcPort>35533 dst>fd10:23:100::2/26975 
05:42:19.297226 SHUTDOWN flow>10183 srcPort>44713 dst>fd10:23:100::2/26983 
05:42:19.297652 OFF flow>10183 srcPort>44713 dst>fd10:23:100::2/26983 
05:42:19.397826 SHUTDOWN flow>10191 srcPort>41873 dst>fd10:23:100::2/26991 
05:42:19.398225 OFF flow>10191 srcPort>41873 dst>fd10:23:100::2/26991 
05:42:19.582827 SHUTDOWN flow>10199 srcPort>38955 dst>fd10:23:100::2/26999 
05:42:19.583265 OFF flow>10199 srcPort>38955 dst>fd10:23:100::2/26999 
05:42:19.753828 SHUTDOWN flow>10207 srcPort>36357 dst>fd10:23:100::2/27007 
05:42:19.754239 OFF flow>10207 srcPort>36357 dst>fd10:23:100::2/27007 
05:42:20.177265 SHUTDOWN flow>10215 srcPort>46537 dst>fd10:23:100::2/27015 
05:42:20.177750 OFF flow>10215 srcPort>46537 dst>fd10:23:100::2/27015 
05:42:20.292243 SHUTDOWN flow>10223 srcPort>41925 dst>fd10:23:100::2/27023 
05:42:20.292640 OFF flow>10223 srcPort>41925 dst>fd10:23:100::2/27023 
05:42:20.487740 SHUTDOWN flow>10231 srcPort>44259 dst>fd10:23:100::2/27031 
05:42:20.488227 OFF flow>10231 srcPort>44259 dst>fd10:23:100::2/27031 
05:42:20.654648 SHUTDOWN flow>10239 srcPort>46377 dst>fd10:23:100::2/27039 
05:42:20.655165 OFF flow>10239 srcPort>46377 dst>fd10:23:100::2/27039 
05:42:20.959746 SHUTDOWN flow>10247 srcPort>34727 dst>fd10:23:100::2/27047 
05:42:20.960179 OFF flow>10247 srcPort>34727 dst>fd10:23:100::2/27047 
05:42:21.227163 SHUTDOWN flow>10255 srcPort>41179 dst>fd10:23:100::2/27055 
05:42:21.227588 OFF flow>10255 srcPort>41179 dst>fd10:23:100::2/27055 
05:42:21.377935 SHUTDOWN flow>10263 srcPort>39595 dst>fd10:23:100::2/27063 
05:42:21.378373 OFF flow>10263 srcPort>39595 dst>fd10:23:100::2/27063 
05:42:21.462550 SHUTDOWN flow>10271 srcPort>44519 dst>fd10:23:100::2/27071 
05:42:21.463002 OFF flow>10271 srcPort>44519 dst>fd10:23:100::2/27071 
05:42:21.610935 SHUTDOWN flow>10279 srcPort>38503 dst>fd10:23:100::2/27079 
05:42:21.611334 OFF flow>10279 srcPort>38503 dst>fd10:23:100::2/27079 
05:42:21.799552 SHUTDOWN flow>10287 srcPort>36069 dst>fd10:23:100::2/27087 
05:42:21.800152 OFF flow>10287 srcPort>36069 dst>fd10:23:100::2/27087 
05:42:21.800345 STOP
