05:34:09.562513 START Mgen Version 5.1.1
05:34:09.563016 ON flow>4001 srcPort>36075 dst>fd10:23:100::2/20000 
05:34:09.564041 CONNECT flow>4001 srcPort>36075 dst>fd10:23:100::2/20000 
05:34:14.588544 ON flow>4200 srcPort>44739 dst>fd10:23:100::2/21000 
05:34:14.588829 CONNECT flow>4200 srcPort>44739 dst>fd10:23:100::2/21000 
05:34:14.674019 ON flow>4208 srcPort>34171 dst>fd10:23:100::2/21008 
05:34:14.674386 CONNECT flow>4208 srcPort>34171 dst>fd10:23:100::2/21008 
05:34:14.743299 ON flow>4216 srcPort>39221 dst>fd10:23:100::2/21016 
05:34:14.743651 CONNECT flow>4216 srcPort>39221 dst>fd10:23:100::2/21016 
05:34:14.842000 ON flow>4224 srcPort>36015 dst>fd10:23:100::2/21024 
05:34:14.842340 CONNECT flow>4224 srcPort>36015 dst>fd10:23:100::2/21024 
05:34:14.896298 ON flow>4232 srcPort>44435 dst>fd10:23:100::2/21032 
05:34:14.896665 CONNECT flow>4232 srcPort>44435 dst>fd10:23:100::2/21032 
05:34:14.957397 ON flow>4240 srcPort>36709 dst>fd10:23:100::2/21040 
05:34:14.957737 CONNECT flow>4240 srcPort>36709 dst>fd10:23:100::2/21040 
05:34:15.005614 ON flow>4248 srcPort>37957 dst>fd10:23:100::2/21048 
05:34:15.005894 CONNECT flow>4248 srcPort>37957 dst>fd10:23:100::2/21048 
05:34:15.043302 ON flow>4256 srcPort>43939 dst>fd10:23:100::2/21056 
05:34:15.043750 CONNECT flow>4256 srcPort>43939 dst>fd10:23:100::2/21056 
05:34:15.110109 ON flow>4264 srcPort>36079 dst>fd10:23:100::2/21064 
05:34:15.110656 CONNECT flow>4264 srcPort>36079 dst>fd10:23:100::2/21064 
05:34:15.153308 ON flow>4272 srcPort>45341 dst>fd10:23:100::2/21072 
05:34:15.153648 CONNECT flow>4272 srcPort>45341 dst>fd10:23:100::2/21072 
05:34:15.223307 ON flow>4280 srcPort>40099 dst>fd10:23:100::2/21080 
05:34:15.223653 CONNECT flow>4280 srcPort>40099 dst>fd10:23:100::2/21080 
05:34:15.279998 ON flow>4288 srcPort>46863 dst>fd10:23:100::2/21088 
05:34:15.280532 CONNECT flow>4288 srcPort>46863 dst>fd10:23:100::2/21088 
05:34:15.315312 ON flow>4296 srcPort>39227 dst>fd10:23:100::2/21096 
05:34:15.315867 CONNECT flow>4296 srcPort>39227 dst>fd10:23:100::2/21096 
05:34:15.357712 ON flow>4304 srcPort>42367 dst>fd10:23:100::2/21104 
05:34:15.358125 CONNECT flow>4304 srcPort>42367 dst>fd10:23:100::2/21104 
05:34:15.382321 ON flow>4312 srcPort>37077 dst>fd10:23:100::2/21112 
05:34:15.382694 CONNECT flow>4312 srcPort>37077 dst>fd10:23:100::2/21112 
05:34:15.522822 ON flow>4320 srcPort>41779 dst>fd10:23:100::2/21120 
05:34:15.523317 CONNECT flow>4320 srcPort>41779 dst>fd10:23:100::2/21120 
05:34:15.667016 ON flow>4328 srcPort>33777 dst>fd10:23:100::2/21128 
05:34:15.667307 CONNECT flow>4328 srcPort>33777 dst>fd10:23:100::2/21128 
05:34:15.762020 ON flow>4336 srcPort>43257 dst>fd10:23:100::2/21136 
05:34:15.762477 CONNECT flow>4336 srcPort>43257 dst>fd10:23:100::2/21136 
05:34:15.859716 ON flow>4344 srcPort>36839 dst>fd10:23:100::2/21144 
05:34:15.860442 CONNECT flow>4344 srcPort>36839 dst>fd10:23:100::2/21144 
05:34:15.970227 ON flow>4352 srcPort>41447 dst>fd10:23:100::2/21152 
05:34:15.970539 CONNECT flow>4352 srcPort>41447 dst>fd10:23:100::2/21152 
05:34:16.052143 ON flow>4360 srcPort>36687 dst>fd10:23:100::2/21160 
05:34:16.052775 CONNECT flow>4360 srcPort>36687 dst>fd10:23:100::2/21160 
05:34:16.181108 ON flow>4368 srcPort>37791 dst>fd10:23:100::2/21168 
05:34:16.181449 CONNECT flow>4368 srcPort>37791 dst>fd10:23:100::2/21168 
05:34:16.370986 ON flow>4376 srcPort>45207 dst>fd10:23:100::2/21176 
05:34:16.371670 CONNECT flow>4376 srcPort>45207 dst>fd10:23:100::2/21176 
05:34:16.662830 ON flow>4384 srcPort>36645 dst>fd10:23:100::2/21184 
05:34:16.663234 CONNECT flow>4384 srcPort>36645 dst>fd10:23:100::2/21184 
05:34:16.915763 ON flow>4392 srcPort>43601 dst>fd10:23:100::2/21192 
05:34:16.916931 CONNECT flow>4392 srcPort>43601 dst>fd10:23:100::2/21192 
05:34:17.042812 ON flow>4400 srcPort>44281 dst>fd10:23:100::2/21200 
05:34:17.043209 CONNECT flow>4400 srcPort>44281 dst>fd10:23:100::2/21200 
05:34:17.235039 ON flow>4408 srcPort>37691 dst>fd10:23:100::2/21208 
05:34:17.235413 CONNECT flow>4408 srcPort>37691 dst>fd10:23:100::2/21208 
05:34:17.316318 ON flow>4416 srcPort>41071 dst>fd10:23:100::2/21216 
05:34:17.316773 CONNECT flow>4416 srcPort>41071 dst>fd10:23:100::2/21216 
05:34:17.418520 ON flow>4424 srcPort>43827 dst>fd10:23:100::2/21224 
05:34:17.418910 CONNECT flow>4424 srcPort>43827 dst>fd10:23:100::2/21224 
05:34:17.570223 ON flow>4432 srcPort>39921 dst>fd10:23:100::2/21232 
05:34:17.571058 CONNECT flow>4432 srcPort>39921 dst>fd10:23:100::2/21232 
05:34:17.646712 ON flow>4440 srcPort>38095 dst>fd10:23:100::2/21240 
05:34:17.647870 CONNECT flow>4440 srcPort>38095 dst>fd10:23:100::2/21240 
05:34:17.723258 ON flow>4448 srcPort>39515 dst>fd10:23:100::2/21248 
05:34:17.723580 CONNECT flow>4448 srcPort>39515 dst>fd10:23:100::2/21248 
05:34:17.785812 ON flow>4456 srcPort>36677 dst>fd10:23:100::2/21256 
05:34:17.786431 CONNECT flow>4456 srcPort>36677 dst>fd10:23:100::2/21256 
05:34:17.837916 ON flow>4464 srcPort>34857 dst>fd10:23:100::2/21264 
05:34:17.838804 CONNECT flow>4464 srcPort>34857 dst>fd10:23:100::2/21264 
05:34:17.973826 ON flow>4472 srcPort>36477 dst>fd10:23:100::2/21272 
05:34:17.978074 CONNECT flow>4472 srcPort>36477 dst>fd10:23:100::2/21272 
05:34:18.064799 ON flow>4480 srcPort>45269 dst>fd10:23:100::2/21280 
05:34:18.069302 CONNECT flow>4480 srcPort>45269 dst>fd10:23:100::2/21280 
05:34:18.128702 ON flow>4488 srcPort>34311 dst>fd10:23:100::2/21288 
05:34:18.134045 CONNECT flow>4488 srcPort>34311 dst>fd10:23:100::2/21288 
05:34:18.210378 ON flow>4496 srcPort>40227 dst>fd10:23:100::2/21296 
05:34:18.214668 CONNECT flow>4496 srcPort>40227 dst>fd10:23:100::2/21296 
05:34:18.342027 ON flow>4504 srcPort>46449 dst>fd10:23:100::2/21304 
05:34:18.355225 CONNECT flow>4504 srcPort>46449 dst>fd10:23:100::2/21304 
05:34:18.473516 ON flow>4512 srcPort>46267 dst>fd10:23:100::2/21312 
05:34:18.503542 CONNECT flow>4512 srcPort>46267 dst>fd10:23:100::2/21312 
05:34:18.730258 ON flow>4520 srcPort>38561 dst>fd10:23:100::2/21320 
05:34:18.831923 CONNECT flow>4520 srcPort>38561 dst>fd10:23:100::2/21320 
05:34:18.849082 ON flow>4528 srcPort>37103 dst>fd10:23:100::2/21328 
05:34:18.900906 ON flow>4536 srcPort>42561 dst>fd10:23:100::2/21336 
05:34:18.953724 CONNECT flow>4528 srcPort>37103 dst>fd10:23:100::2/21328 
05:34:18.981232 ON flow>4544 srcPort>41075 dst>fd10:23:100::2/21344 
05:34:19.003871 CONNECT flow>4536 srcPort>42561 dst>fd10:23:100::2/21336 
05:34:19.084440 CONNECT flow>4544 srcPort>41075 dst>fd10:23:100::2/21344 
05:34:19.084995 ON flow>4552 srcPort>33653 dst>fd10:23:100::2/21352 
05:34:19.148159 ON flow>4560 srcPort>40561 dst>fd10:23:100::2/21360 
05:34:19.189246 CONNECT flow>4552 srcPort>33653 dst>fd10:23:100::2/21352 
05:34:19.214141 ON flow>4568 srcPort>35755 dst>fd10:23:100::2/21368 
05:34:19.250643 CONNECT flow>4560 srcPort>40561 dst>fd10:23:100::2/21360 
05:34:19.311222 CONNECT flow>4568 srcPort>35755 dst>fd10:23:100::2/21368 
05:34:19.325543 ON flow>4576 srcPort>46157 dst>fd10:23:100::2/21376 
05:34:19.386625 ON flow>4584 srcPort>36661 dst>fd10:23:100::2/21384 
05:34:19.388471 SHUTDOWN flow>4200 srcPort>44739 dst>fd10:23:100::2/21000 
05:34:19.433925 CONNECT flow>4576 srcPort>46157 dst>fd10:23:100::2/21376 
05:34:19.493782 CONNECT flow>4584 srcPort>36661 dst>fd10:23:100::2/21384 
05:34:19.562891 ON flow>4592 srcPort>40871 dst>fd10:23:100::2/21392 
05:34:19.638067 SHUTDOWN flow>4216 srcPort>39221 dst>fd10:23:100::2/21016 
05:34:19.641964 SHUTDOWN flow>4224 srcPort>36015 dst>fd10:23:100::2/21024 
05:34:19.665480 CONNECT flow>4592 srcPort>40871 dst>fd10:23:100::2/21392 
05:34:19.692858 SHUTDOWN flow>4208 srcPort>34171 dst>fd10:23:100::2/21008 
05:34:19.739449 ON flow>4600 srcPort>41295 dst>fd10:23:100::2/21400 
05:34:19.805574 SHUTDOWN flow>4248 srcPort>37957 dst>fd10:23:100::2/21048 
05:34:19.813466 SHUTDOWN flow>4240 srcPort>36709 dst>fd10:23:100::2/21040 
05:34:19.841968 CONNECT flow>4600 srcPort>41295 dst>fd10:23:100::2/21400 
05:34:19.843269 SHUTDOWN flow>4256 srcPort>43939 dst>fd10:23:100::2/21056 
05:34:19.942260 SHUTDOWN flow>4264 srcPort>36079 dst>fd10:23:100::2/21064 
05:34:19.958486 SHUTDOWN flow>4272 srcPort>45341 dst>fd10:23:100::2/21072 
05:34:19.972684 OFF flow>4200 srcPort>44739 dst>fd10:23:100::2/21000 
05:34:19.985033 SHUTDOWN flow>4232 srcPort>44435 dst>fd10:23:100::2/21032 
05:34:20.015535 ON flow>4608 srcPort>36405 dst>fd10:23:100::2/21408 
05:34:20.020219 OFF flow>4216 srcPort>39221 dst>fd10:23:100::2/21016 
05:34:20.023270 SHUTDOWN flow>4280 srcPort>40099 dst>fd10:23:100::2/21080 
05:34:20.081145 SHUTDOWN flow>4288 srcPort>46863 dst>fd10:23:100::2/21088 
05:34:20.094675 OFF flow>4224 srcPort>36015 dst>fd10:23:100::2/21024 
05:34:20.108721 CONNECT flow>4608 srcPort>36405 dst>fd10:23:100::2/21408 
05:34:20.108904 OFF flow>4248 srcPort>37957 dst>fd10:23:100::2/21048 
05:34:20.115275 SHUTDOWN flow>4296 srcPort>39227 dst>fd10:23:100::2/21096 
05:34:20.157707 SHUTDOWN flow>4304 srcPort>42367 dst>fd10:23:100::2/21104 
05:34:20.173349 OFF flow>4256 srcPort>43939 dst>fd10:23:100::2/21056 
05:34:20.193055 ON flow>4616 srcPort>45631 dst>fd10:23:100::2/21416 
05:34:20.231869 SHUTDOWN flow>4312 srcPort>37077 dst>fd10:23:100::2/21112 
05:34:20.244593 OFF flow>4280 srcPort>40099 dst>fd10:23:100::2/21080 
05:34:20.251322 OFF flow>4264 srcPort>36079 dst>fd10:23:100::2/21064 
05:34:20.284155 CONNECT flow>4616 srcPort>45631 dst>fd10:23:100::2/21416 
05:34:20.323787 SHUTDOWN flow>4320 srcPort>41779 dst>fd10:23:100::2/21120 
05:34:20.329059 OFF flow>4240 srcPort>36709 dst>fd10:23:100::2/21040 
05:34:20.366646 OFF flow>4272 srcPort>45341 dst>fd10:23:100::2/21072 
05:34:20.382154 ON flow>4624 srcPort>38101 dst>fd10:23:100::2/21424 
05:34:20.429528 OFF flow>4304 srcPort>42367 dst>fd10:23:100::2/21104 
05:34:20.454049 OFF flow>4232 srcPort>44435 dst>fd10:23:100::2/21032 
05:34:20.467029 SHUTDOWN flow>4328 srcPort>33777 dst>fd10:23:100::2/21128 
05:34:20.473065 CONNECT flow>4624 srcPort>38101 dst>fd10:23:100::2/21424 
05:34:20.522395 ON flow>4632 srcPort>46077 dst>fd10:23:100::2/21432 
05:34:20.542107 OFF flow>4296 srcPort>39227 dst>fd10:23:100::2/21096 
05:34:20.562036 SHUTDOWN flow>4336 srcPort>43257 dst>fd10:23:100::2/21136 
05:34:20.579552 OFF flow>4208 srcPort>34171 dst>fd10:23:100::2/21008 
05:34:20.612981 ON flow>4640 srcPort>44283 dst>fd10:23:100::2/21440 
05:34:20.613253 OFF flow>4288 srcPort>46863 dst>fd10:23:100::2/21088 
05:34:20.617658 CONNECT flow>4632 srcPort>46077 dst>fd10:23:100::2/21432 
05:34:20.638645 OFF flow>4312 srcPort>37077 dst>fd10:23:100::2/21112 
05:34:20.702761 CONNECT flow>4640 srcPort>44283 dst>fd10:23:100::2/21440 
05:34:20.770384 SHUTDOWN flow>4352 srcPort>41447 dst>fd10:23:100::2/21152 
05:34:20.778541 SHUTDOWN flow>4344 srcPort>36839 dst>fd10:23:100::2/21144 
05:34:20.800259 ON flow>4648 srcPort>35309 dst>fd10:23:100::2/21448 
05:34:20.862175 OFF flow>4352 srcPort>41447 dst>fd10:23:100::2/21152 
05:34:20.890615 CONNECT flow>4648 srcPort>35309 dst>fd10:23:100::2/21448 
05:34:20.892709 OFF flow>4320 srcPort>41779 dst>fd10:23:100::2/21120 
05:34:20.909030 ON flow>4656 srcPort>45947 dst>fd10:23:100::2/21456 
05:34:20.958250 ON flow>4664 srcPort>37193 dst>fd10:23:100::2/21464 
05:34:20.999583 CONNECT flow>4656 srcPort>45947 dst>fd10:23:100::2/21456 
05:34:21.002574 ON flow>4672 srcPort>45403 dst>fd10:23:100::2/21472 
05:34:21.049127 CONNECT flow>4664 srcPort>37193 dst>fd10:23:100::2/21464 
05:34:21.090592 SHUTDOWN flow>4360 srcPort>36687 dst>fd10:23:100::2/21160 
05:34:21.095708 CONNECT flow>4672 srcPort>45403 dst>fd10:23:100::2/21472 
05:34:21.125890 ON flow>4680 srcPort>39823 dst>fd10:23:100::2/21480 
05:34:21.142401 OFF flow>4336 srcPort>43257 dst>fd10:23:100::2/21136 
05:34:21.171378 SHUTDOWN flow>4376 srcPort>45207 dst>fd10:23:100::2/21176 
05:34:21.184794 ON flow>4688 srcPort>38385 dst>fd10:23:100::2/21488 
05:34:21.225777 CONNECT flow>4680 srcPort>39823 dst>fd10:23:100::2/21480 
05:34:21.234114 ON flow>4696 srcPort>40553 dst>fd10:23:100::2/21496 
05:34:21.281620 CONNECT flow>4688 srcPort>38385 dst>fd10:23:100::2/21488 
05:34:21.288024 ON flow>4704 srcPort>37107 dst>fd10:23:100::2/21504 
05:34:21.316817 SHUTDOWN flow>4368 srcPort>37791 dst>fd10:23:100::2/21168 
05:34:21.330832 CONNECT flow>4696 srcPort>40553 dst>fd10:23:100::2/21496 
05:34:21.337705 OFF flow>4344 srcPort>36839 dst>fd10:23:100::2/21144 
05:34:21.353902 ON flow>4712 srcPort>42829 dst>fd10:23:100::2/21512 
05:34:21.381635 CONNECT flow>4704 srcPort>37107 dst>fd10:23:100::2/21504 
05:34:21.415101 ON flow>4720 srcPort>35819 dst>fd10:23:100::2/21520 
05:34:21.450157 CONNECT flow>4712 srcPort>42829 dst>fd10:23:100::2/21512 
05:34:21.462808 SHUTDOWN flow>4384 srcPort>36645 dst>fd10:23:100::2/21184 
05:34:21.493725 ON flow>4728 srcPort>41197 dst>fd10:23:100::2/21528 
05:34:21.513753 CONNECT flow>4720 srcPort>35819 dst>fd10:23:100::2/21520 
05:34:21.545347 ON flow>4736 srcPort>40661 dst>fd10:23:100::2/21536 
05:34:21.593752 CONNECT flow>4728 srcPort>41197 dst>fd10:23:100::2/21528 
05:34:21.648319 CONNECT flow>4736 srcPort>40661 dst>fd10:23:100::2/21536 
05:34:21.652502 ON flow>4744 srcPort>42967 dst>fd10:23:100::2/21544 
05:34:21.718520 OFF flow>4360 srcPort>36687 dst>fd10:23:100::2/21160 
05:34:21.754067 CONNECT flow>4744 srcPort>42967 dst>fd10:23:100::2/21544 
05:34:21.760508 OFF flow>4328 srcPort>33777 dst>fd10:23:100::2/21128 
05:34:21.769786 SHUTDOWN flow>4392 srcPort>43601 dst>fd10:23:100::2/21192 
05:34:21.839916 OFF flow>4376 srcPort>45207 dst>fd10:23:100::2/21176 
05:34:21.842772 SHUTDOWN flow>4400 srcPort>44281 dst>fd10:23:100::2/21200 
05:34:21.856735 ON flow>4752 srcPort>41383 dst>fd10:23:100::2/21552 
05:34:21.945937 ON flow>4760 srcPort>40055 dst>fd10:23:100::2/21560 
05:34:21.952662 CONNECT flow>4752 srcPort>41383 dst>fd10:23:100::2/21552 
05:34:21.999618 OFF flow>4368 srcPort>37791 dst>fd10:23:100::2/21168 
05:34:22.007559 OFF flow>4384 srcPort>36645 dst>fd10:23:100::2/21184 
05:34:22.043336 CONNECT flow>4760 srcPort>40055 dst>fd10:23:100::2/21560 
05:34:22.223215 ON flow>4768 srcPort>43951 dst>fd10:23:100::2/21568 
05:34:22.261516 SHUTDOWN flow>4408 srcPort>37691 dst>fd10:23:100::2/21208 
05:34:22.311543 CONNECT flow>4768 srcPort>43951 dst>fd10:23:100::2/21568 
05:34:22.405031 ON flow>4776 srcPort>36391 dst>fd10:23:100::2/21576 
05:34:22.446649 SHUTDOWN flow>4440 srcPort>38095 dst>fd10:23:100::2/21240 
05:34:22.503247 CONNECT flow>4776 srcPort>36391 dst>fd10:23:100::2/21576 
05:34:22.585147 ON flow>4784 srcPort>40663 dst>fd10:23:100::2/21584 
05:34:22.627686 OFF flow>4400 srcPort>44281 dst>fd10:23:100::2/21200 
05:34:22.629970 SHUTDOWN flow>4424 srcPort>43827 dst>fd10:23:100::2/21224 
05:34:22.679458 CONNECT flow>4784 srcPort>40663 dst>fd10:23:100::2/21584 
05:34:22.697756 ON flow>4792 srcPort>42213 dst>fd10:23:100::2/21592 
05:34:22.731302 SHUTDOWN flow>4416 srcPort>41071 dst>fd10:23:100::2/21216 
05:34:22.770581 SHUTDOWN flow>4456 srcPort>36677 dst>fd10:23:100::2/21256 
05:34:22.773838 SHUTDOWN flow>4472 srcPort>36477 dst>fd10:23:100::2/21272 
05:34:22.798715 CONNECT flow>4792 srcPort>42213 dst>fd10:23:100::2/21592 
05:34:22.864764 SHUTDOWN flow>4480 srcPort>45269 dst>fd10:23:100::2/21280 
05:34:22.876924 OFF flow>4472 srcPort>36477 dst>fd10:23:100::2/21272 
05:34:22.948574 ON flow>4800 srcPort>41515 dst>fd10:23:100::2/21600 
05:34:22.978836 SHUTDOWN flow>4432 srcPort>39921 dst>fd10:23:100::2/21232 
05:34:23.031711 OFF flow>4408 srcPort>37691 dst>fd10:23:100::2/21208 
05:34:23.049915 CONNECT flow>4800 srcPort>41515 dst>fd10:23:100::2/21600 
05:34:23.201004 ON flow>4808 srcPort>38549 dst>fd10:23:100::2/21608 
05:34:23.250928 SHUTDOWN flow>4464 srcPort>34857 dst>fd10:23:100::2/21264 
05:34:23.266109 SHUTDOWN flow>4488 srcPort>34311 dst>fd10:23:100::2/21288 
05:34:23.272459 SHUTDOWN flow>4448 srcPort>39515 dst>fd10:23:100::2/21248 
05:34:23.296964 CONNECT flow>4808 srcPort>38549 dst>fd10:23:100::2/21608 
05:34:23.304449 SHUTDOWN flow>4496 srcPort>40227 dst>fd10:23:100::2/21296 
05:34:23.308389 OFF flow>4440 srcPort>38095 dst>fd10:23:100::2/21240 
05:34:23.315663 ON flow>4816 srcPort>44597 dst>fd10:23:100::2/21616 
05:34:23.395415 ON flow>4824 srcPort>33867 dst>fd10:23:100::2/21624 
05:34:23.414005 CONNECT flow>4816 srcPort>44597 dst>fd10:23:100::2/21616 
05:34:23.474376 SHUTDOWN flow>4512 srcPort>46267 dst>fd10:23:100::2/21312 
05:34:23.494242 CONNECT flow>4824 srcPort>33867 dst>fd10:23:100::2/21624 
05:34:23.530187 SHUTDOWN flow>4520 srcPort>38561 dst>fd10:23:100::2/21320 
05:34:23.543924 ON flow>4832 srcPort>37859 dst>fd10:23:100::2/21632 
05:34:23.609613 ON flow>4840 srcPort>36877 dst>fd10:23:100::2/21640 
05:34:23.643979 CONNECT flow>4832 srcPort>37859 dst>fd10:23:100::2/21632 
05:34:23.644379 SHUTDOWN flow>4504 srcPort>46449 dst>fd10:23:100::2/21304 
05:34:23.674385 SHUTDOWN flow>4528 srcPort>37103 dst>fd10:23:100::2/21328 
05:34:23.682591 OFF flow>4392 srcPort>43601 dst>fd10:23:100::2/21192 
05:34:23.683675 OFF flow>4456 srcPort>36677 dst>fd10:23:100::2/21256 
05:34:23.713504 CONNECT flow>4840 srcPort>36877 dst>fd10:23:100::2/21640 
05:34:23.739474 ON flow>4848 srcPort>32985 dst>fd10:23:100::2/21648 
05:34:23.777968 ON flow>4856 srcPort>33185 dst>fd10:23:100::2/21656 
05:34:23.781193 SHUTDOWN flow>4544 srcPort>41075 dst>fd10:23:100::2/21344 
05:34:23.841513 CONNECT flow>4848 srcPort>32985 dst>fd10:23:100::2/21648 
05:34:23.854943 SHUTDOWN flow>4536 srcPort>42561 dst>fd10:23:100::2/21336 
05:34:23.879054 CONNECT flow>4856 srcPort>33185 dst>fd10:23:100::2/21656 
05:34:23.885008 SHUTDOWN flow>4552 srcPort>33653 dst>fd10:23:100::2/21352 
05:34:23.914876 OFF flow>4544 srcPort>41075 dst>fd10:23:100::2/21344 
05:34:23.927249 ON flow>4864 srcPort>35297 dst>fd10:23:100::2/21664 
05:34:23.933961 OFF flow>4528 srcPort>37103 dst>fd10:23:100::2/21328 
05:34:23.947939 SHUTDOWN flow>4560 srcPort>40561 dst>fd10:23:100::2/21360 
05:34:24.014110 SHUTDOWN flow>4568 srcPort>35755 dst>fd10:23:100::2/21368 
05:34:24.028328 CONNECT flow>4864 srcPort>35297 dst>fd10:23:100::2/21664 
05:34:24.058798 OFF flow>4552 srcPort>33653 dst>fd10:23:100::2/21352 
05:34:24.099563 ON flow>4872 srcPort>40269 dst>fd10:23:100::2/21672 
05:34:24.116691 OFF flow>4568 srcPort>35755 dst>fd10:23:100::2/21368 
05:34:24.124675 SHUTDOWN flow>4576 srcPort>46157 dst>fd10:23:100::2/21376 
05:34:24.155802 OFF flow>4416 srcPort>41071 dst>fd10:23:100::2/21216 
05:34:24.157696 OFF flow>4512 srcPort>46267 dst>fd10:23:100::2/21312 
05:34:24.186633 SHUTDOWN flow>4584 srcPort>36661 dst>fd10:23:100::2/21384 
05:34:24.198486 CONNECT flow>4872 srcPort>40269 dst>fd10:23:100::2/21672 
05:34:24.296428 ON flow>4880 srcPort>35665 dst>fd10:23:100::2/21680 
05:34:24.357520 OFF flow>4488 srcPort>34311 dst>fd10:23:100::2/21288 
05:34:24.362844 SHUTDOWN flow>4592 srcPort>40871 dst>fd10:23:100::2/21392 
05:34:24.369938 ON flow>4888 srcPort>43915 dst>fd10:23:100::2/21688 
05:34:24.397888 CONNECT flow>4880 srcPort>35665 dst>fd10:23:100::2/21680 
05:34:24.437072 ON flow>4896 srcPort>42105 dst>fd10:23:100::2/21696 
05:34:24.447484 OFF flow>4424 srcPort>43827 dst>fd10:23:100::2/21224 
05:34:24.463091 OFF flow>4592 srcPort>40871 dst>fd10:23:100::2/21392 
05:34:24.468229 CONNECT flow>4888 srcPort>43915 dst>fd10:23:100::2/21688 
05:34:24.531591 OFF flow>4576 srcPort>46157 dst>fd10:23:100::2/21376 
05:34:24.531809 ON flow>4904 srcPort>36895 dst>fd10:23:100::2/21704 
05:34:24.532019 CONNECT flow>4896 srcPort>42105 dst>fd10:23:100::2/21696 
05:34:24.540967 OFF flow>4536 srcPort>42561 dst>fd10:23:100::2/21336 
05:34:24.580846 ON flow>4912 srcPort>42853 dst>fd10:23:100::2/21712 
05:34:24.581968 OFF flow>4520 srcPort>38561 dst>fd10:23:100::2/21320 
05:34:24.596835 OFF flow>4584 srcPort>36661 dst>fd10:23:100::2/21384 
05:34:24.605385 ON flow>4920 srcPort>36689 dst>fd10:23:100::2/21720 
05:34:24.632205 CONNECT flow>4904 srcPort>36895 dst>fd10:23:100::2/21704 
05:34:24.690753 CONNECT flow>4912 srcPort>42853 dst>fd10:23:100::2/21712 
05:34:24.698581 ON flow>4928 srcPort>44523 dst>fd10:23:100::2/21728 
05:34:24.712842 CONNECT flow>4920 srcPort>36689 dst>fd10:23:100::2/21720 
05:34:24.782230 ON flow>4936 srcPort>41325 dst>fd10:23:100::2/21736 
05:34:24.810378 CONNECT flow>4928 srcPort>44523 dst>fd10:23:100::2/21728 
05:34:24.881549 ON flow>4944 srcPort>41445 dst>fd10:23:100::2/21744 
05:34:24.890549 CONNECT flow>4936 srcPort>41325 dst>fd10:23:100::2/21736 
05:34:24.903991 OFF flow>4504 srcPort>46449 dst>fd10:23:100::2/21304 
05:34:24.985435 OFF flow>4464 srcPort>34857 dst>fd10:23:100::2/21264 
05:34:24.989973 CONNECT flow>4944 srcPort>41445 dst>fd10:23:100::2/21744 
05:34:25.085743 ON flow>4952 srcPort>41541 dst>fd10:23:100::2/21752 
05:34:25.194526 CONNECT flow>4952 srcPort>41541 dst>fd10:23:100::2/21752 
05:34:25.236764 SHUTDOWN flow>4608 srcPort>36405 dst>fd10:23:100::2/21408 
05:34:25.275117 ON flow>4960 srcPort>39983 dst>fd10:23:100::2/21760 
05:34:25.319180 OFF flow>4480 srcPort>45269 dst>fd10:23:100::2/21280 
05:34:25.322339 SHUTDOWN flow>4632 srcPort>46077 dst>fd10:23:100::2/21432 
05:34:25.399800 CONNECT flow>4960 srcPort>39983 dst>fd10:23:100::2/21760 
05:34:25.439288 OFF flow>4632 srcPort>46077 dst>fd10:23:100::2/21432 
05:34:25.499889 OFF flow>4432 srcPort>39921 dst>fd10:23:100::2/21232 
05:34:25.536824 ON flow>4968 srcPort>38553 dst>fd10:23:100::2/21768 
05:34:25.571522 SHUTDOWN flow>4624 srcPort>38101 dst>fd10:23:100::2/21424 
05:34:25.600195 SHUTDOWN flow>4648 srcPort>35309 dst>fd10:23:100::2/21448 
05:34:25.607839 SHUTDOWN flow>4616 srcPort>45631 dst>fd10:23:100::2/21416 
05:34:25.637293 CONNECT flow>4968 srcPort>38553 dst>fd10:23:100::2/21768 
05:34:25.640676 SHUTDOWN flow>4600 srcPort>41295 dst>fd10:23:100::2/21400 
05:34:25.647251 OFF flow>4560 srcPort>40561 dst>fd10:23:100::2/21360 
05:34:25.697477 SHUTDOWN flow>4640 srcPort>44283 dst>fd10:23:100::2/21440 
05:34:25.885838 OFF flow>4448 srcPort>39515 dst>fd10:23:100::2/21248 
05:34:25.930030 SHUTDOWN flow>4656 srcPort>45947 dst>fd10:23:100::2/21456 
05:34:25.974955 SHUTDOWN flow>4672 srcPort>45403 dst>fd10:23:100::2/21472 
05:34:25.984726 SHUTDOWN flow>4688 srcPort>38385 dst>fd10:23:100::2/21488 
05:34:26.086609 SHUTDOWN flow>4664 srcPort>37193 dst>fd10:23:100::2/21464 
05:34:26.146683 ON flow>4976 srcPort>38953 dst>fd10:23:100::2/21776 
05:34:26.153966 SHUTDOWN flow>4712 srcPort>42829 dst>fd10:23:100::2/21512 
05:34:26.260370 CONNECT flow>4976 srcPort>38953 dst>fd10:23:100::2/21776 
05:34:26.293672 SHUTDOWN flow>4728 srcPort>41197 dst>fd10:23:100::2/21528 
05:34:26.323142 SHUTDOWN flow>4720 srcPort>35819 dst>fd10:23:100::2/21520 
05:34:26.344073 ON flow>4984 srcPort>37613 dst>fd10:23:100::2/21784 
05:34:26.347971 SHUTDOWN flow>4696 srcPort>40553 dst>fd10:23:100::2/21496 
05:34:26.408898 SHUTDOWN flow>4704 srcPort>37107 dst>fd10:23:100::2/21504 
05:34:26.457953 CONNECT flow>4984 srcPort>37613 dst>fd10:23:100::2/21784 
05:34:26.596983 OFF flow>4616 srcPort>45631 dst>fd10:23:100::2/21416 
05:34:26.604324 ON flow>4992 srcPort>35907 dst>fd10:23:100::2/21792 
05:34:26.619749 OFF flow>4688 srcPort>38385 dst>fd10:23:100::2/21488 
05:34:26.674289 SHUTDOWN flow>4736 srcPort>40661 dst>fd10:23:100::2/21536 
05:34:26.704953 CONNECT flow>4992 srcPort>35907 dst>fd10:23:100::2/21792 
05:34:26.728341 SHUTDOWN flow>4744 srcPort>42967 dst>fd10:23:100::2/21544 
05:34:26.728577 OFF flow>4624 srcPort>38101 dst>fd10:23:100::2/21424 
05:34:26.745866 SHUTDOWN flow>4760 srcPort>40055 dst>fd10:23:100::2/21560 
05:34:26.764010 SHUTDOWN flow>4680 srcPort>39823 dst>fd10:23:100::2/21480 
05:34:26.765359 ON flow>5000 srcPort>39361 dst>fd10:23:100::2/21800 
05:34:26.793088 OFF flow>4608 srcPort>36405 dst>fd10:23:100::2/21408 
05:34:26.798452 OFF flow>4496 srcPort>40227 dst>fd10:23:100::2/21296 
05:34:26.805245 OFF flow>4656 srcPort>45947 dst>fd10:23:100::2/21456 
05:34:26.816846 OFF flow>4728 srcPort>41197 dst>fd10:23:100::2/21528 
05:34:26.865850 CONNECT flow>5000 srcPort>39361 dst>fd10:23:100::2/21800 
05:34:26.873712 ON flow>5008 srcPort>35525 dst>fd10:23:100::2/21808 
05:34:26.903062 OFF flow>4648 srcPort>35309 dst>fd10:23:100::2/21448 
05:34:26.923245 OFF flow>4704 srcPort>37107 dst>fd10:23:100::2/21504 
05:34:26.978553 CONNECT flow>5008 srcPort>35525 dst>fd10:23:100::2/21808 
05:34:27.015952 ON flow>5016 srcPort>39259 dst>fd10:23:100::2/21816 
05:34:27.024949 OFF flow>4640 srcPort>44283 dst>fd10:23:100::2/21440 
05:34:27.048984 OFF flow>4664 srcPort>37193 dst>fd10:23:100::2/21464 
05:34:27.081570 SHUTDOWN flow>4752 srcPort>41383 dst>fd10:23:100::2/21552 
05:34:27.116316 CONNECT flow>5016 srcPort>39259 dst>fd10:23:100::2/21816 
05:34:27.136333 ON flow>5024 srcPort>33663 dst>fd10:23:100::2/21824 
05:34:27.215192 ON flow>5032 srcPort>45505 dst>fd10:23:100::2/21832 
05:34:27.228521 CONNECT flow>5024 srcPort>33663 dst>fd10:23:100::2/21824 
05:34:27.292831 OFF flow>4712 srcPort>42829 dst>fd10:23:100::2/21512 
05:34:27.301135 ON flow>5040 srcPort>42791 dst>fd10:23:100::2/21840 
05:34:27.303454 CONNECT flow>5032 srcPort>45505 dst>fd10:23:100::2/21832 
05:34:27.360184 OFF flow>4752 srcPort>41383 dst>fd10:23:100::2/21552 
05:34:27.382394 OFF flow>4744 srcPort>42967 dst>fd10:23:100::2/21544 
05:34:27.385025 SHUTDOWN flow>4784 srcPort>40663 dst>fd10:23:100::2/21584 
05:34:27.388046 SHUTDOWN flow>4776 srcPort>36391 dst>fd10:23:100::2/21576 
05:34:27.393386 OFF flow>4600 srcPort>41295 dst>fd10:23:100::2/21400 
05:34:27.396202 CONNECT flow>5040 srcPort>42791 dst>fd10:23:100::2/21840 
05:34:27.445153 ON flow>5048 srcPort>42905 dst>fd10:23:100::2/21848 
05:34:27.485883 OFF flow>4784 srcPort>40663 dst>fd10:23:100::2/21584 
05:34:27.497638 SHUTDOWN flow>4792 srcPort>42213 dst>fd10:23:100::2/21592 
05:34:27.506795 OFF flow>4672 srcPort>45403 dst>fd10:23:100::2/21472 
05:34:27.521474 OFF flow>4720 srcPort>35819 dst>fd10:23:100::2/21520 
05:34:27.538946 ON flow>5056 srcPort>36311 dst>fd10:23:100::2/21856 
05:34:27.544161 CONNECT flow>5048 srcPort>42905 dst>fd10:23:100::2/21848 
05:34:27.630869 ON flow>5064 srcPort>38081 dst>fd10:23:100::2/21864 
05:34:27.640073 CONNECT flow>5056 srcPort>36311 dst>fd10:23:100::2/21856 
05:34:27.689057 SHUTDOWN flow>4768 srcPort>43951 dst>fd10:23:100::2/21568 
05:34:27.731367 CONNECT flow>5064 srcPort>38081 dst>fd10:23:100::2/21864 
05:34:27.748445 SHUTDOWN flow>4800 srcPort>41515 dst>fd10:23:100::2/21600 
05:34:27.773084 ON flow>5072 srcPort>35875 dst>fd10:23:100::2/21872 
05:34:27.848261 OFF flow>4800 srcPort>41515 dst>fd10:23:100::2/21600 
05:34:27.873543 CONNECT flow>5072 srcPort>35875 dst>fd10:23:100::2/21872 
05:34:27.929832 ON flow>5080 srcPort>33019 dst>fd10:23:100::2/21880 
05:34:27.981254 OFF flow>4776 srcPort>36391 dst>fd10:23:100::2/21576 
05:34:27.989743 OFF flow>4736 srcPort>40661 dst>fd10:23:100::2/21536 
05:34:28.001064 SHUTDOWN flow>4808 srcPort>38549 dst>fd10:23:100::2/21608 
05:34:28.018709 ON flow>5088 srcPort>43407 dst>fd10:23:100::2/21888 
05:34:28.028899 CONNECT flow>5080 srcPort>33019 dst>fd10:23:100::2/21880 
05:34:28.038894 OFF flow>4680 srcPort>39823 dst>fd10:23:100::2/21480 
05:34:28.120156 CONNECT flow>5088 srcPort>43407 dst>fd10:23:100::2/21888 
05:34:28.171725 ON flow>5096 srcPort>35359 dst>fd10:23:100::2/21896 
05:34:28.195343 SHUTDOWN flow>4824 srcPort>33867 dst>fd10:23:100::2/21624 
05:34:28.266388 CONNECT flow>5096 srcPort>35359 dst>fd10:23:100::2/21896 
05:34:28.281792 OFF flow>4792 srcPort>42213 dst>fd10:23:100::2/21592 
05:34:28.441835 ON flow>5104 srcPort>46065 dst>fd10:23:100::2/21904 
05:34:28.538359 OFF flow>4696 srcPort>40553 dst>fd10:23:100::2/21496 
05:34:28.539380 SHUTDOWN flow>4848 srcPort>32985 dst>fd10:23:100::2/21648 
05:34:28.545990 CONNECT flow>5104 srcPort>46065 dst>fd10:23:100::2/21904 
05:34:28.587772 SHUTDOWN flow>4856 srcPort>33185 dst>fd10:23:100::2/21656 
05:34:28.641410 OFF flow>4848 srcPort>32985 dst>fd10:23:100::2/21648 
05:34:28.654013 SHUTDOWN flow>4832 srcPort>37859 dst>fd10:23:100::2/21632 
05:34:28.727046 SHUTDOWN flow>4864 srcPort>35297 dst>fd10:23:100::2/21664 
05:34:28.737852 OFF flow>4808 srcPort>38549 dst>fd10:23:100::2/21608 
05:34:28.738438 ON flow>5112 srcPort>45439 dst>fd10:23:100::2/21912 
05:34:28.758009 SHUTDOWN flow>4840 srcPort>36877 dst>fd10:23:100::2/21640 
05:34:28.828692 OFF flow>4856 srcPort>33185 dst>fd10:23:100::2/21656 
05:34:28.833432 CONNECT flow>5112 srcPort>45439 dst>fd10:23:100::2/21912 
05:34:28.849827 OFF flow>4824 srcPort>33867 dst>fd10:23:100::2/21624 
05:34:28.851769 ON flow>5120 srcPort>41157 dst>fd10:23:100::2/21920 
05:34:28.943552 CONNECT flow>5120 srcPort>41157 dst>fd10:23:100::2/21920 
05:34:28.974632 OFF flow>4768 srcPort>43951 dst>fd10:23:100::2/21568 
05:34:28.986246 ON flow>5128 srcPort>43239 dst>fd10:23:100::2/21928 
05:34:29.078391 CONNECT flow>5128 srcPort>43239 dst>fd10:23:100::2/21928 
05:34:29.090818 ON flow>5136 srcPort>32913 dst>fd10:23:100::2/21936 
05:34:29.119140 OFF flow>4760 srcPort>40055 dst>fd10:23:100::2/21560 
05:34:29.149511 SHUTDOWN flow>4880 srcPort>35665 dst>fd10:23:100::2/21680 
05:34:29.179652 CONNECT flow>5136 srcPort>32913 dst>fd10:23:100::2/21936 
05:34:29.236448 SHUTDOWN flow>4896 srcPort>42105 dst>fd10:23:100::2/21696 
05:34:29.245115 SHUTDOWN flow>4888 srcPort>43915 dst>fd10:23:100::2/21688 
05:34:29.250448 SHUTDOWN flow>4872 srcPort>40269 dst>fd10:23:100::2/21672 
05:34:29.269553 ON flow>5144 srcPort>34137 dst>fd10:23:100::2/21944 
05:34:29.331249 SHUTDOWN flow>4904 srcPort>36895 dst>fd10:23:100::2/21704 
05:34:29.361524 CONNECT flow>5144 srcPort>34137 dst>fd10:23:100::2/21944 
05:34:29.380259 SHUTDOWN flow>4912 srcPort>42853 dst>fd10:23:100::2/21712 
05:34:29.405338 SHUTDOWN flow>4920 srcPort>36689 dst>fd10:23:100::2/21720 
05:34:29.424710 OFF flow>4904 srcPort>36895 dst>fd10:23:100::2/21704 
05:34:29.442723 OFF flow>4864 srcPort>35297 dst>fd10:23:100::2/21664 
05:34:29.454396 OFF flow>4888 srcPort>43915 dst>fd10:23:100::2/21688 
05:34:29.461321 ON flow>5152 srcPort>42371 dst>fd10:23:100::2/21952 
05:34:29.470884 OFF flow>4912 srcPort>42853 dst>fd10:23:100::2/21712 
05:34:29.495730 OFF flow>4920 srcPort>36689 dst>fd10:23:100::2/21720 
05:34:29.498479 SHUTDOWN flow>4928 srcPort>44523 dst>fd10:23:100::2/21728 
05:34:29.499341 OFF flow>4896 srcPort>42105 dst>fd10:23:100::2/21696 
05:34:29.534676 OFF flow>4840 srcPort>36877 dst>fd10:23:100::2/21640 
05:34:29.548444 CONNECT flow>5152 srcPort>42371 dst>fd10:23:100::2/21952 
05:34:29.580183 ON flow>5160 srcPort>46093 dst>fd10:23:100::2/21960 
05:34:29.582080 SHUTDOWN flow>4936 srcPort>41325 dst>fd10:23:100::2/21736 
05:34:29.584973 OFF flow>4928 srcPort>44523 dst>fd10:23:100::2/21728 
05:34:29.591671 OFF flow>4832 srcPort>37859 dst>fd10:23:100::2/21632 
05:34:29.652688 ON flow>5168 srcPort>46229 dst>fd10:23:100::2/21968 
05:34:29.665776 CONNECT flow>5160 srcPort>46093 dst>fd10:23:100::2/21960 
05:34:29.673182 OFF flow>4936 srcPort>41325 dst>fd10:23:100::2/21736 
05:34:29.681722 SHUTDOWN flow>4944 srcPort>41445 dst>fd10:23:100::2/21744 
05:34:29.692650 ON flow>5176 srcPort>39101 dst>fd10:23:100::2/21976 
05:34:29.733481 CONNECT flow>5168 srcPort>46229 dst>fd10:23:100::2/21968 
05:34:29.761445 OFF flow>4944 srcPort>41445 dst>fd10:23:100::2/21744 
05:34:29.766690 OFF flow>4880 srcPort>35665 dst>fd10:23:100::2/21680 
05:34:29.770473 CONNECT flow>5176 srcPort>39101 dst>fd10:23:100::2/21976 
05:34:29.781523 ON flow>5184 srcPort>46485 dst>fd10:23:100::2/21984 
05:34:29.853726 ON flow>5192 srcPort>33603 dst>fd10:23:100::2/21992 
05:34:29.859041 CONNECT flow>5184 srcPort>46485 dst>fd10:23:100::2/21984 
05:34:29.885725 SHUTDOWN flow>4952 srcPort>41541 dst>fd10:23:100::2/21752 
05:34:29.917786 ON flow>5200 srcPort>40047 dst>fd10:23:100::2/22000 
05:34:29.927371 CONNECT flow>5192 srcPort>33603 dst>fd10:23:100::2/21992 
05:34:29.959049 OFF flow>4952 srcPort>41541 dst>fd10:23:100::2/21752 
05:34:29.991432 CONNECT flow>5200 srcPort>40047 dst>fd10:23:100::2/22000 
05:34:30.033565 ON flow>5208 srcPort>40003 dst>fd10:23:100::2/22008 
05:34:30.074763 SHUTDOWN flow>4960 srcPort>39983 dst>fd10:23:100::2/21760 
05:34:30.082171 OFF flow>4872 srcPort>40269 dst>fd10:23:100::2/21672 
05:34:30.083541 ON flow>5216 srcPort>43405 dst>fd10:23:100::2/22016 
05:34:30.111107 SHUTDOWN flow>4816 srcPort>44597 dst>fd10:23:100::2/21616 
05:34:30.112198 CONNECT flow>5208 srcPort>40003 dst>fd10:23:100::2/22008 
05:34:30.141193 ON flow>5224 srcPort>44143 dst>fd10:23:100::2/22024 
05:34:30.153135 OFF flow>4960 srcPort>39983 dst>fd10:23:100::2/21760 
05:34:30.160672 CONNECT flow>5216 srcPort>43405 dst>fd10:23:100::2/22016 
05:34:30.224618 CONNECT flow>5224 srcPort>44143 dst>fd10:23:100::2/22024 
05:34:30.336660 SHUTDOWN flow>4968 srcPort>38553 dst>fd10:23:100::2/21768 
05:34:30.353667 ON flow>5232 srcPort>34787 dst>fd10:23:100::2/22032 
05:34:30.423864 OFF flow>4968 srcPort>38553 dst>fd10:23:100::2/21768 
05:34:30.442959 CONNECT flow>5232 srcPort>34787 dst>fd10:23:100::2/22032 
05:34:30.492514 ON flow>5240 srcPort>34397 dst>fd10:23:100::2/22040 
05:34:30.526856 OFF flow>4816 srcPort>44597 dst>fd10:23:100::2/21616 
05:34:30.584990 CONNECT flow>5240 srcPort>34397 dst>fd10:23:100::2/22040 
05:34:30.621499 ON flow>5248 srcPort>35835 dst>fd10:23:100::2/22048 
05:34:30.715007 CONNECT flow>5248 srcPort>35835 dst>fd10:23:100::2/22048 
05:34:30.826420 ON flow>5256 srcPort>32941 dst>fd10:23:100::2/22056 
05:34:30.887181 ON flow>5264 srcPort>35703 dst>fd10:23:100::2/22064 
05:34:30.922825 CONNECT flow>5256 srcPort>32941 dst>fd10:23:100::2/22056 
05:34:30.946550 SHUTDOWN flow>4976 srcPort>38953 dst>fd10:23:100::2/21776 
05:34:30.956862 ON flow>5272 srcPort>36531 dst>fd10:23:100::2/22072 
05:34:30.988064 CONNECT flow>5264 srcPort>35703 dst>fd10:23:100::2/22064 
05:34:31.054348 CONNECT flow>5272 srcPort>36531 dst>fd10:23:100::2/22072 
05:34:31.144073 SHUTDOWN flow>4984 srcPort>37613 dst>fd10:23:100::2/21784 
05:34:31.168137 ON flow>5280 srcPort>33983 dst>fd10:23:100::2/22080 
05:34:31.269645 CONNECT flow>5280 srcPort>33983 dst>fd10:23:100::2/22080 
05:34:31.300153 ON flow>5288 srcPort>37035 dst>fd10:23:100::2/22088 
05:34:31.393256 CONNECT flow>5288 srcPort>37035 dst>fd10:23:100::2/22088 
05:34:31.404043 SHUTDOWN flow>4992 srcPort>35907 dst>fd10:23:100::2/21792 
05:34:31.484067 ON flow>5296 srcPort>44605 dst>fd10:23:100::2/22096 
05:34:31.530771 OFF flow>4992 srcPort>35907 dst>fd10:23:100::2/21792 
05:34:31.565252 SHUTDOWN flow>5000 srcPort>39361 dst>fd10:23:100::2/21800 
05:34:31.590072 CONNECT flow>5296 srcPort>44605 dst>fd10:23:100::2/22096 
05:34:31.672425 OFF flow>4984 srcPort>37613 dst>fd10:23:100::2/21784 
05:34:31.673562 SHUTDOWN flow>5008 srcPort>35525 dst>fd10:23:100::2/21808 
05:34:31.755695 ON flow>5304 srcPort>37907 dst>fd10:23:100::2/22104 
05:34:31.781627 OFF flow>5000 srcPort>39361 dst>fd10:23:100::2/21800 
05:34:31.859656 CONNECT flow>5304 srcPort>37907 dst>fd10:23:100::2/22104 
05:34:31.896958 OFF flow>4976 srcPort>38953 dst>fd10:23:100::2/21776 
05:34:31.900217 ON flow>5312 srcPort>36831 dst>fd10:23:100::2/22112 
05:34:31.936270 SHUTDOWN flow>5024 srcPort>33663 dst>fd10:23:100::2/21824 
05:34:32.005988 CONNECT flow>5312 srcPort>36831 dst>fd10:23:100::2/22112 
05:34:32.033016 ON flow>5320 srcPort>34189 dst>fd10:23:100::2/22120 
05:34:32.101082 SHUTDOWN flow>5040 srcPort>42791 dst>fd10:23:100::2/21840 
05:34:32.119437 ON flow>5328 srcPort>37169 dst>fd10:23:100::2/22128 
05:34:32.142067 CONNECT flow>5320 srcPort>34189 dst>fd10:23:100::2/22120 
05:34:32.183287 ON flow>5336 srcPort>36785 dst>fd10:23:100::2/22136 
05:34:32.219028 CONNECT flow>5328 srcPort>37169 dst>fd10:23:100::2/22128 
05:34:32.278625 CONNECT flow>5336 srcPort>36785 dst>fd10:23:100::2/22136 
05:34:32.294120 ON flow>5344 srcPort>39381 dst>fd10:23:100::2/22144 
05:34:32.338776 SHUTDOWN flow>5056 srcPort>36311 dst>fd10:23:100::2/21856 
05:34:32.394263 CONNECT flow>5344 srcPort>39381 dst>fd10:23:100::2/22144 
05:34:32.430869 SHUTDOWN flow>5064 srcPort>38081 dst>fd10:23:100::2/21864 
05:34:32.439790 ON flow>5352 srcPort>34517 dst>fd10:23:100::2/22152 
05:34:32.447801 OFF flow>5056 srcPort>36311 dst>fd10:23:100::2/21856 
05:34:32.549639 CONNECT flow>5352 srcPort>34517 dst>fd10:23:100::2/22152 
05:34:32.566051 ON flow>5360 srcPort>32877 dst>fd10:23:100::2/22160 
05:34:32.603247 OFF flow>5008 srcPort>35525 dst>fd10:23:100::2/21808 
05:34:32.661224 SHUTDOWN flow>5072 srcPort>35875 dst>fd10:23:100::2/21872 
05:34:32.670243 CONNECT flow>5360 srcPort>32877 dst>fd10:23:100::2/22160 
05:34:32.685318 SHUTDOWN flow>5032 srcPort>45505 dst>fd10:23:100::2/21832 
05:34:32.694094 SHUTDOWN flow>5016 srcPort>39259 dst>fd10:23:100::2/21816 
05:34:32.710581 ON flow>5368 srcPort>36847 dst>fd10:23:100::2/22168 
05:34:32.728751 OFF flow>5064 srcPort>38081 dst>fd10:23:100::2/21864 
05:34:32.729714 SHUTDOWN flow>5080 srcPort>33019 dst>fd10:23:100::2/21880 
05:34:32.815134 CONNECT flow>5368 srcPort>36847 dst>fd10:23:100::2/22168 
05:34:32.818614 SHUTDOWN flow>5088 srcPort>43407 dst>fd10:23:100::2/21888 
05:34:32.834414 OFF flow>5080 srcPort>33019 dst>fd10:23:100::2/21880 
05:34:32.911403 OFF flow>5024 srcPort>33663 dst>fd10:23:100::2/21824 
05:34:32.912215 ON flow>5376 srcPort>37057 dst>fd10:23:100::2/22176 
05:34:32.959373 SHUTDOWN flow>5048 srcPort>42905 dst>fd10:23:100::2/21848 
05:34:33.011774 CONNECT flow>5376 srcPort>37057 dst>fd10:23:100::2/22176 
05:34:33.039206 SHUTDOWN flow>5096 srcPort>35359 dst>fd10:23:100::2/21896 
05:34:33.183366 OFF flow>5072 srcPort>35875 dst>fd10:23:100::2/21872 
05:34:33.212538 ON flow>5384 srcPort>37053 dst>fd10:23:100::2/22184 
05:34:33.241750 SHUTDOWN flow>5104 srcPort>46065 dst>fd10:23:100::2/21904 
05:34:33.297329 ON flow>5392 srcPort>41001 dst>fd10:23:100::2/22192 
05:34:33.310378 CONNECT flow>5384 srcPort>37053 dst>fd10:23:100::2/22184 
05:34:33.346345 OFF flow>5104 srcPort>46065 dst>fd10:23:100::2/21904 
05:34:33.398725 CONNECT flow>5392 srcPort>41001 dst>fd10:23:100::2/22192 
05:34:33.463523 ON flow>5400 srcPort>43813 dst>fd10:23:100::2/22200 
05:34:33.471522 OFF flow>5096 srcPort>35359 dst>fd10:23:100::2/21896 
05:34:33.538046 SHUTDOWN flow>5112 srcPort>45439 dst>fd10:23:100::2/21912 
05:34:33.570812 CONNECT flow>5400 srcPort>43813 dst>fd10:23:100::2/22200 
05:34:33.575357 ON flow>5408 srcPort>46643 dst>fd10:23:100::2/22208 
05:34:33.651691 SHUTDOWN flow>5120 srcPort>41157 dst>fd10:23:100::2/21920 
05:34:33.677655 CONNECT flow>5408 srcPort>46643 dst>fd10:23:100::2/22208 
05:34:33.753862 OFF flow>5120 srcPort>41157 dst>fd10:23:100::2/21920 
05:34:33.772031 ON flow>5416 srcPort>36327 dst>fd10:23:100::2/22216 
05:34:33.786142 SHUTDOWN flow>5128 srcPort>43239 dst>fd10:23:100::2/21928 
05:34:33.853780 ON flow>5424 srcPort>46283 dst>fd10:23:100::2/22224 
05:34:33.876959 CONNECT flow>5416 srcPort>36327 dst>fd10:23:100::2/22216 
05:34:33.946502 SHUTDOWN flow>5136 srcPort>32913 dst>fd10:23:100::2/21936 
05:34:33.957239 CONNECT flow>5424 srcPort>46283 dst>fd10:23:100::2/22224 
05:34:33.980066 ON flow>5432 srcPort>39011 dst>fd10:23:100::2/22232 
05:34:34.022184 ON flow>5440 srcPort>36997 dst>fd10:23:100::2/22240 
05:34:34.069443 SHUTDOWN flow>5144 srcPort>34137 dst>fd10:23:100::2/21944 
05:34:34.080920 CONNECT flow>5432 srcPort>39011 dst>fd10:23:100::2/22232 
05:34:34.123515 CONNECT flow>5440 srcPort>36997 dst>fd10:23:100::2/22240 
05:34:34.147282 OFF flow>5032 srcPort>45505 dst>fd10:23:100::2/21832 
05:34:34.171190 ON flow>5448 srcPort>33337 dst>fd10:23:100::2/22248 
05:34:34.221305 OFF flow>5088 srcPort>43407 dst>fd10:23:100::2/21888 
05:34:34.260857 SHUTDOWN flow>5152 srcPort>42371 dst>fd10:23:100::2/21952 
05:34:34.270969 CONNECT flow>5448 srcPort>33337 dst>fd10:23:100::2/22248 
05:34:34.380090 SHUTDOWN flow>5160 srcPort>46093 dst>fd10:23:100::2/21960 
05:34:34.387982 OFF flow>5144 srcPort>34137 dst>fd10:23:100::2/21944 
05:34:34.452729 SHUTDOWN flow>5168 srcPort>46229 dst>fd10:23:100::2/21968 
05:34:34.472036 OFF flow>5160 srcPort>46093 dst>fd10:23:100::2/21960 
05:34:34.492633 SHUTDOWN flow>5176 srcPort>39101 dst>fd10:23:100::2/21976 
05:34:34.553358 OFF flow>5168 srcPort>46229 dst>fd10:23:100::2/21968 
05:34:34.581442 SHUTDOWN flow>5184 srcPort>46485 dst>fd10:23:100::2/21984 
05:34:34.586482 OFF flow>5016 srcPort>39259 dst>fd10:23:100::2/21816 
05:34:34.595629 OFF flow>5176 srcPort>39101 dst>fd10:23:100::2/21976 
05:34:34.596643 ON flow>5456 srcPort>45845 dst>fd10:23:100::2/22256 
05:34:34.637820 OFF flow>5048 srcPort>42905 dst>fd10:23:100::2/21848 
05:34:34.653624 SHUTDOWN flow>5192 srcPort>33603 dst>fd10:23:100::2/21992 
05:34:34.691647 CONNECT flow>5456 srcPort>45845 dst>fd10:23:100::2/22256 
05:34:34.692081 OFF flow>5112 srcPort>45439 dst>fd10:23:100::2/21912 
05:34:34.724605 OFF flow>5152 srcPort>42371 dst>fd10:23:100::2/21952 
05:34:34.742943 OFF flow>5192 srcPort>33603 dst>fd10:23:100::2/21992 
05:34:34.767187 ON flow>5464 srcPort>46493 dst>fd10:23:100::2/22264 
05:34:34.821688 OFF flow>5184 srcPort>46485 dst>fd10:23:100::2/21984 
05:34:34.825640 OFF flow>5136 srcPort>32913 dst>fd10:23:100::2/21936 
05:34:34.833404 SHUTDOWN flow>5208 srcPort>40003 dst>fd10:23:100::2/22008 
05:34:34.856647 CONNECT flow>5464 srcPort>46493 dst>fd10:23:100::2/22264 
05:34:34.883450 SHUTDOWN flow>5216 srcPort>43405 dst>fd10:23:100::2/22016 
05:34:34.890470 OFF flow>5040 srcPort>42791 dst>fd10:23:100::2/21840 
05:34:34.914109 SHUTDOWN flow>5200 srcPort>40047 dst>fd10:23:100::2/22000 
05:34:34.941080 SHUTDOWN flow>5224 srcPort>44143 dst>fd10:23:100::2/22024 
05:34:34.964931 ON flow>5472 srcPort>33985 dst>fd10:23:100::2/22272 
05:34:35.043160 CONNECT flow>5472 srcPort>33985 dst>fd10:23:100::2/22272 
05:34:35.060393 OFF flow>5216 srcPort>43405 dst>fd10:23:100::2/22016 
05:34:35.119302 ON flow>5480 srcPort>33391 dst>fd10:23:100::2/22280 
05:34:35.196039 ON flow>5488 srcPort>34679 dst>fd10:23:100::2/22288 
05:34:35.199261 CONNECT flow>5480 srcPort>33391 dst>fd10:23:100::2/22280 
05:34:35.220341 SHUTDOWN flow>5232 srcPort>34787 dst>fd10:23:100::2/22032 
05:34:35.278254 CONNECT flow>5488 srcPort>34679 dst>fd10:23:100::2/22288 
05:34:35.292414 SHUTDOWN flow>5240 srcPort>34397 dst>fd10:23:100::2/22040 
05:34:35.345801 ON flow>5496 srcPort>39275 dst>fd10:23:100::2/22296 
05:34:35.383698 OFF flow>5208 srcPort>40003 dst>fd10:23:100::2/22008 
05:34:35.421473 SHUTDOWN flow>5248 srcPort>35835 dst>fd10:23:100::2/22048 
05:34:35.426332 CONNECT flow>5496 srcPort>39275 dst>fd10:23:100::2/22296 
05:34:35.501790 OFF flow>5248 srcPort>35835 dst>fd10:23:100::2/22048 
05:34:35.518356 OFF flow>5240 srcPort>34397 dst>fd10:23:100::2/22040 
05:34:35.626343 SHUTDOWN flow>5256 srcPort>32941 dst>fd10:23:100::2/22056 
05:34:35.651290 ON flow>5504 srcPort>36479 dst>fd10:23:100::2/22304 
05:34:35.735271 CONNECT flow>5504 srcPort>36479 dst>fd10:23:100::2/22304 
05:34:35.777452 ON flow>5512 srcPort>45609 dst>fd10:23:100::2/22312 
05:34:35.813689 SHUTDOWN flow>5264 srcPort>35703 dst>fd10:23:100::2/22064 
05:34:35.846989 SHUTDOWN flow>5272 srcPort>36531 dst>fd10:23:100::2/22072 
05:34:35.862781 CONNECT flow>5512 srcPort>45609 dst>fd10:23:100::2/22312 
05:34:35.867879 OFF flow>5256 srcPort>32941 dst>fd10:23:100::2/22056 
05:34:35.884458 ON flow>5520 srcPort>42665 dst>fd10:23:100::2/22320 
05:34:35.908765 OFF flow>5232 srcPort>34787 dst>fd10:23:100::2/22032 
05:34:35.967860 CONNECT flow>5520 srcPort>42665 dst>fd10:23:100::2/22320 
05:34:35.970162 SHUTDOWN flow>5280 srcPort>33983 dst>fd10:23:100::2/22080 
05:34:35.984568 OFF flow>5200 srcPort>40047 dst>fd10:23:100::2/22000 
05:34:36.025227 ON flow>5528 srcPort>39579 dst>fd10:23:100::2/22328 
05:34:36.048370 OFF flow>5264 srcPort>35703 dst>fd10:23:100::2/22064 
05:34:36.099965 SHUTDOWN flow>5288 srcPort>37035 dst>fd10:23:100::2/22088 
05:34:36.101135 CONNECT flow>5528 srcPort>39579 dst>fd10:23:100::2/22328 
05:34:36.118750 ON flow>5536 srcPort>39067 dst>fd10:23:100::2/22336 
05:34:36.123002 OFF flow>5280 srcPort>33983 dst>fd10:23:100::2/22080 
05:34:36.176971 OFF flow>5288 srcPort>37035 dst>fd10:23:100::2/22088 
05:34:36.194789 CONNECT flow>5536 srcPort>39067 dst>fd10:23:100::2/22336 
05:34:36.208991 ON flow>5544 srcPort>45107 dst>fd10:23:100::2/22344 
05:34:36.284080 SHUTDOWN flow>5296 srcPort>44605 dst>fd10:23:100::2/22096 
05:34:36.285769 CONNECT flow>5544 srcPort>45107 dst>fd10:23:100::2/22344 
05:34:36.323835 ON flow>5552 srcPort>37953 dst>fd10:23:100::2/22352 
05:34:36.328245 OFF flow>5224 srcPort>44143 dst>fd10:23:100::2/22024 
05:34:36.359059 OFF flow>5296 srcPort>44605 dst>fd10:23:100::2/22096 
05:34:36.394555 ON flow>5560 srcPort>37735 dst>fd10:23:100::2/22360 
05:34:36.396559 CONNECT flow>5552 srcPort>37953 dst>fd10:23:100::2/22352 
05:34:36.460316 OFF flow>5272 srcPort>36531 dst>fd10:23:100::2/22072 
05:34:36.462525 ON flow>5568 srcPort>42445 dst>fd10:23:100::2/22368 
05:34:36.464667 CONNECT flow>5560 srcPort>37735 dst>fd10:23:100::2/22360 
05:34:36.472199 OFF flow>5128 srcPort>43239 dst>fd10:23:100::2/21928 
05:34:36.534699 CONNECT flow>5568 srcPort>42445 dst>fd10:23:100::2/22368 
05:34:36.553217 ON flow>5576 srcPort>44091 dst>fd10:23:100::2/22376 
05:34:36.555173 SHUTDOWN flow>5304 srcPort>37907 dst>fd10:23:100::2/22104 
05:34:36.624260 ON flow>5584 srcPort>33209 dst>fd10:23:100::2/22384 
05:34:36.627190 CONNECT flow>5576 srcPort>44091 dst>fd10:23:100::2/22376 
05:34:36.630334 OFF flow>5304 srcPort>37907 dst>fd10:23:100::2/22104 
05:34:36.699291 CONNECT flow>5584 srcPort>33209 dst>fd10:23:100::2/22384 
05:34:36.700071 SHUTDOWN flow>5312 srcPort>36831 dst>fd10:23:100::2/22112 
05:34:36.712224 ON flow>5592 srcPort>43577 dst>fd10:23:100::2/22392 
05:34:36.772778 OFF flow>5312 srcPort>36831 dst>fd10:23:100::2/22112 
05:34:36.786769 CONNECT flow>5592 srcPort>43577 dst>fd10:23:100::2/22392 
05:34:36.801016 ON flow>5600 srcPort>32845 dst>fd10:23:100::2/22400 
05:34:36.832899 SHUTDOWN flow>5320 srcPort>34189 dst>fd10:23:100::2/22120 
05:34:36.870755 ON flow>5608 srcPort>45507 dst>fd10:23:100::2/22408 
05:34:36.879703 CONNECT flow>5600 srcPort>32845 dst>fd10:23:100::2/22400 
05:34:36.912553 OFF flow>5320 srcPort>34189 dst>fd10:23:100::2/22120 
05:34:36.949114 CONNECT flow>5608 srcPort>45507 dst>fd10:23:100::2/22408 
05:34:36.952377 ON flow>5616 srcPort>41259 dst>fd10:23:100::2/22416 
05:34:36.977676 SHUTDOWN flow>5328 srcPort>37169 dst>fd10:23:100::2/22128 
05:34:36.982704 SHUTDOWN flow>5336 srcPort>36785 dst>fd10:23:100::2/22136 
05:34:37.036449 CONNECT flow>5616 srcPort>41259 dst>fd10:23:100::2/22416 
05:34:37.052062 ON flow>5624 srcPort>34257 dst>fd10:23:100::2/22424 
05:34:37.091218 OFF flow>5336 srcPort>36785 dst>fd10:23:100::2/22136 
05:34:37.141833 CONNECT flow>5624 srcPort>34257 dst>fd10:23:100::2/22424 
05:34:37.144345 ON flow>5632 srcPort>36281 dst>fd10:23:100::2/22432 
05:34:37.169906 SHUTDOWN flow>5344 srcPort>39381 dst>fd10:23:100::2/22144 
05:34:37.237652 CONNECT flow>5632 srcPort>36281 dst>fd10:23:100::2/22432 
05:34:37.239854 SHUTDOWN flow>5352 srcPort>34517 dst>fd10:23:100::2/22152 
05:34:37.252338 OFF flow>5328 srcPort>37169 dst>fd10:23:100::2/22128 
05:34:37.262073 ON flow>5640 srcPort>33419 dst>fd10:23:100::2/22440 
05:34:37.353448 CONNECT flow>5640 srcPort>33419 dst>fd10:23:100::2/22440 
05:34:37.365717 SHUTDOWN flow>5360 srcPort>32877 dst>fd10:23:100::2/22160 
05:34:37.406253 ON flow>5648 srcPort>40953 dst>fd10:23:100::2/22448 
05:34:37.450083 OFF flow>5344 srcPort>39381 dst>fd10:23:100::2/22144 
05:34:37.462481 OFF flow>5360 srcPort>32877 dst>fd10:23:100::2/22160 
05:34:37.502232 CONNECT flow>5648 srcPort>40953 dst>fd10:23:100::2/22448 
05:34:37.510329 SHUTDOWN flow>5368 srcPort>36847 dst>fd10:23:100::2/22168 
05:34:37.632434 ON flow>5656 srcPort>43741 dst>fd10:23:100::2/22456 
05:34:37.651809 OFF flow>5368 srcPort>36847 dst>fd10:23:100::2/22168 
05:34:37.663284 OFF flow>5352 srcPort>34517 dst>fd10:23:100::2/22152 
05:34:37.712100 SHUTDOWN flow>5376 srcPort>37057 dst>fd10:23:100::2/22176 
05:34:37.727072 CONNECT flow>5656 srcPort>43741 dst>fd10:23:100::2/22456 
05:34:37.850367 ON flow>5664 srcPort>44285 dst>fd10:23:100::2/22464 
05:34:37.948940 CONNECT flow>5664 srcPort>44285 dst>fd10:23:100::2/22464 
05:34:38.012177 SHUTDOWN flow>5384 srcPort>37053 dst>fd10:23:100::2/22184 
05:34:38.012787 ON flow>5672 srcPort>34777 dst>fd10:23:100::2/22472 
05:34:38.060737 ON flow>5680 srcPort>43357 dst>fd10:23:100::2/22480 
05:34:38.097221 SHUTDOWN flow>5392 srcPort>41001 dst>fd10:23:100::2/22192 
05:34:38.122187 CONNECT flow>5672 srcPort>34777 dst>fd10:23:100::2/22472 
05:34:38.173220 CONNECT flow>5680 srcPort>43357 dst>fd10:23:100::2/22480 
05:34:38.223152 ON flow>5688 srcPort>35307 dst>fd10:23:100::2/22488 
05:34:38.263419 SHUTDOWN flow>5400 srcPort>43813 dst>fd10:23:100::2/22200 
05:34:38.331723 CONNECT flow>5688 srcPort>35307 dst>fd10:23:100::2/22488 
05:34:38.339924 ON flow>5696 srcPort>35593 dst>fd10:23:100::2/22496 
05:34:38.443337 CONNECT flow>5696 srcPort>35593 dst>fd10:23:100::2/22496 
05:34:38.489789 ON flow>5704 srcPort>45569 dst>fd10:23:100::2/22504 
05:34:38.571783 SHUTDOWN flow>5416 srcPort>36327 dst>fd10:23:100::2/22216 
05:34:38.606725 CONNECT flow>5704 srcPort>45569 dst>fd10:23:100::2/22504 
05:34:38.629692 ON flow>5712 srcPort>34179 dst>fd10:23:100::2/22512 
05:34:38.653583 SHUTDOWN flow>5424 srcPort>46283 dst>fd10:23:100::2/22224 
05:34:38.733411 ON flow>5720 srcPort>41117 dst>fd10:23:100::2/22520 
05:34:38.740284 CONNECT flow>5712 srcPort>34179 dst>fd10:23:100::2/22512 
05:34:38.762796 OFF flow>5424 srcPort>46283 dst>fd10:23:100::2/22224 
05:34:38.821876 SHUTDOWN flow>5440 srcPort>36997 dst>fd10:23:100::2/22240 
05:34:38.844605 ON flow>5728 srcPort>38291 dst>fd10:23:100::2/22528 
05:34:38.848810 CONNECT flow>5720 srcPort>41117 dst>fd10:23:100::2/22520 
05:34:38.929359 OFF flow>5440 srcPort>36997 dst>fd10:23:100::2/22240 
05:34:38.943243 ON flow>5736 srcPort>42075 dst>fd10:23:100::2/22536 
05:34:38.955761 CONNECT flow>5728 srcPort>38291 dst>fd10:23:100::2/22528 
05:34:38.971157 SHUTDOWN flow>5448 srcPort>33337 dst>fd10:23:100::2/22248 
05:34:39.016807 ON flow>5744 srcPort>41027 dst>fd10:23:100::2/22544 
05:34:39.050587 CONNECT flow>5736 srcPort>42075 dst>fd10:23:100::2/22536 
05:34:39.083195 OFF flow>5448 srcPort>33337 dst>fd10:23:100::2/22248 
05:34:39.103113 ON flow>5752 srcPort>33421 dst>fd10:23:100::2/22552 
05:34:39.108355 SHUTDOWN flow>5432 srcPort>39011 dst>fd10:23:100::2/22232 
05:34:39.130897 CONNECT flow>5744 srcPort>41027 dst>fd10:23:100::2/22544 
05:34:39.149177 OFF flow>5384 srcPort>37053 dst>fd10:23:100::2/22184 
05:34:39.174033 SHUTDOWN flow>5408 srcPort>46643 dst>fd10:23:100::2/22208 
05:34:39.189690 ON flow>5760 srcPort>46351 dst>fd10:23:100::2/22560 
05:34:39.212016 CONNECT flow>5752 srcPort>33421 dst>fd10:23:100::2/22552 
05:34:39.298983 CONNECT flow>5760 srcPort>46351 dst>fd10:23:100::2/22560 
05:34:39.304626 ON flow>5768 srcPort>33429 dst>fd10:23:100::2/22568 
05:34:39.372083 ON flow>5776 srcPort>33015 dst>fd10:23:100::2/22576 
05:34:39.396352 SHUTDOWN flow>5456 srcPort>45845 dst>fd10:23:100::2/22256 
05:34:39.412954 CONNECT flow>5768 srcPort>33429 dst>fd10:23:100::2/22568 
05:34:39.464651 ON flow>5784 srcPort>42763 dst>fd10:23:100::2/22584 
05:34:39.480567 CONNECT flow>5776 srcPort>33015 dst>fd10:23:100::2/22576 
05:34:39.552562 ON flow>5792 srcPort>43013 dst>fd10:23:100::2/22592 
05:34:39.567045 SHUTDOWN flow>5464 srcPort>46493 dst>fd10:23:100::2/22264 
05:34:39.577857 CONNECT flow>5784 srcPort>42763 dst>fd10:23:100::2/22584 
05:34:39.624445 ON flow>5800 srcPort>39885 dst>fd10:23:100::2/22600 
05:34:39.664452 CONNECT flow>5792 srcPort>43013 dst>fd10:23:100::2/22592 
05:34:39.736443 CONNECT flow>5800 srcPort>39885 dst>fd10:23:100::2/22600 
05:34:39.751556 ON flow>5808 srcPort>44033 dst>fd10:23:100::2/22608 
05:34:39.786186 OFF flow>5456 srcPort>45845 dst>fd10:23:100::2/22256 
05:34:39.806158 OFF flow>5376 srcPort>37057 dst>fd10:23:100::2/22176 
05:34:39.811799 OFF flow>5432 srcPort>39011 dst>fd10:23:100::2/22232 
05:34:39.857799 CONNECT flow>5808 srcPort>44033 dst>fd10:23:100::2/22608 
05:34:39.876360 OFF flow>5400 srcPort>43813 dst>fd10:23:100::2/22200 
05:34:39.881702 ON flow>5816 srcPort>36219 dst>fd10:23:100::2/22616 
05:34:39.904869 OFF flow>5392 srcPort>41001 dst>fd10:23:100::2/22192 
05:34:39.919047 SHUTDOWN flow>5480 srcPort>33391 dst>fd10:23:100::2/22280 
05:34:39.984710 CONNECT flow>5816 srcPort>36219 dst>fd10:23:100::2/22616 
05:34:39.986441 ON flow>5824 srcPort>33669 dst>fd10:23:100::2/22624 
05:34:39.996024 SHUTDOWN flow>5488 srcPort>34679 dst>fd10:23:100::2/22288 
05:34:40.094619 CONNECT flow>5824 srcPort>33669 dst>fd10:23:100::2/22624 
05:34:40.105708 OFF flow>5488 srcPort>34679 dst>fd10:23:100::2/22288 
05:34:40.145635 SHUTDOWN flow>5496 srcPort>39275 dst>fd10:23:100::2/22296 
05:34:40.175790 ON flow>5832 srcPort>46571 dst>fd10:23:100::2/22632 
05:34:40.255171 OFF flow>5416 srcPort>36327 dst>fd10:23:100::2/22216 
05:34:40.284218 CONNECT flow>5832 srcPort>46571 dst>fd10:23:100::2/22632 
05:34:40.286430 ON flow>5840 srcPort>33631 dst>fd10:23:100::2/22640 
05:34:40.393539 CONNECT flow>5840 srcPort>33631 dst>fd10:23:100::2/22640 
05:34:40.419686 SHUTDOWN flow>5472 srcPort>33985 dst>fd10:23:100::2/22272 
05:34:40.441064 ON flow>5848 srcPort>46249 dst>fd10:23:100::2/22648 
05:34:40.549937 CONNECT flow>5848 srcPort>46249 dst>fd10:23:100::2/22648 
05:34:40.577405 SHUTDOWN flow>5512 srcPort>45609 dst>fd10:23:100::2/22312 
05:34:40.606634 ON flow>5856 srcPort>43763 dst>fd10:23:100::2/22656 
05:34:40.616860 OFF flow>5496 srcPort>39275 dst>fd10:23:100::2/22296 
05:34:40.684385 SHUTDOWN flow>5520 srcPort>42665 dst>fd10:23:100::2/22320 
05:34:40.713776 CONNECT flow>5856 srcPort>43763 dst>fd10:23:100::2/22656 
05:34:40.741319 ON flow>5864 srcPort>34843 dst>fd10:23:100::2/22664 
05:34:40.824735 SHUTDOWN flow>5504 srcPort>36479 dst>fd10:23:100::2/22304 
05:34:40.838861 OFF flow>5520 srcPort>42665 dst>fd10:23:100::2/22320 
05:34:40.846376 CONNECT flow>5864 srcPort>34843 dst>fd10:23:100::2/22664 
05:34:40.854841 ON flow>5872 srcPort>33877 dst>fd10:23:100::2/22672 
05:34:40.909233 OFF flow>5480 srcPort>33391 dst>fd10:23:100::2/22280 
05:34:40.959353 CONNECT flow>5872 srcPort>33877 dst>fd10:23:100::2/22672 
05:34:40.968262 SHUTDOWN flow>5536 srcPort>39067 dst>fd10:23:100::2/22336 
05:34:41.000335 ON flow>5880 srcPort>40959 dst>fd10:23:100::2/22680 
05:34:41.097705 OFF flow>5408 srcPort>46643 dst>fd10:23:100::2/22208 
05:34:41.110635 CONNECT flow>5880 srcPort>40959 dst>fd10:23:100::2/22680 
05:34:41.192733 ON flow>5888 srcPort>41941 dst>fd10:23:100::2/22688 
05:34:41.220077 SHUTDOWN flow>5544 srcPort>45107 dst>fd10:23:100::2/22344 
05:34:41.234081 SHUTDOWN flow>5528 srcPort>39579 dst>fd10:23:100::2/22328 
05:34:41.289009 ON flow>5896 srcPort>45669 dst>fd10:23:100::2/22696 
05:34:41.298253 CONNECT flow>5888 srcPort>41941 dst>fd10:23:100::2/22688 
05:34:41.393183 SHUTDOWN flow>5576 srcPort>44091 dst>fd10:23:100::2/22376 
05:34:41.401033 CONNECT flow>5896 srcPort>45669 dst>fd10:23:100::2/22696 
05:34:41.462649 ON flow>5904 srcPort>41073 dst>fd10:23:100::2/22704 
05:34:41.467642 SHUTDOWN flow>5560 srcPort>37735 dst>fd10:23:100::2/22360 
05:34:41.558302 ON flow>5912 srcPort>35551 dst>fd10:23:100::2/22712 
05:34:41.572329 CONNECT flow>5904 srcPort>41073 dst>fd10:23:100::2/22704 
05:34:41.601232 SHUTDOWN flow>5600 srcPort>32845 dst>fd10:23:100::2/22400 
05:34:41.611689 SHUTDOWN flow>5552 srcPort>37953 dst>fd10:23:100::2/22352 
05:34:41.672247 CONNECT flow>5912 srcPort>35551 dst>fd10:23:100::2/22712 
05:34:41.703923 ON flow>5920 srcPort>37581 dst>fd10:23:100::2/22720 
05:34:41.722858 SHUTDOWN flow>5608 srcPort>45507 dst>fd10:23:100::2/22408 
05:34:41.737902 SHUTDOWN flow>5592 srcPort>43577 dst>fd10:23:100::2/22392 
05:34:41.782847 ON flow>5928 srcPort>33719 dst>fd10:23:100::2/22728 
05:34:41.810021 CONNECT flow>5920 srcPort>37581 dst>fd10:23:100::2/22720 
05:34:41.845522 SHUTDOWN flow>5584 srcPort>33209 dst>fd10:23:100::2/22384 
05:34:41.849576 ON flow>5936 srcPort>35403 dst>fd10:23:100::2/22736 
05:34:41.887647 ON flow>5944 srcPort>41519 dst>fd10:23:100::2/22744 
05:34:41.891999 CONNECT flow>5928 srcPort>33719 dst>fd10:23:100::2/22728 
05:34:41.959116 CONNECT flow>5936 srcPort>35403 dst>fd10:23:100::2/22736 
05:34:41.964133 OFF flow>5608 srcPort>45507 dst>fd10:23:100::2/22408 
05:34:41.968616 ON flow>5952 srcPort>34037 dst>fd10:23:100::2/22752 
05:34:42.006466 CONNECT flow>5944 srcPort>41519 dst>fd10:23:100::2/22744 
05:34:42.030019 ON flow>5960 srcPort>43843 dst>fd10:23:100::2/22760 
05:34:42.076467 OFF flow>5600 srcPort>32845 dst>fd10:23:100::2/22400 
05:34:42.086928 CONNECT flow>5952 srcPort>34037 dst>fd10:23:100::2/22752 
05:34:42.140540 CONNECT flow>5960 srcPort>43843 dst>fd10:23:100::2/22760 
05:34:42.158546 ON flow>5968 srcPort>40785 dst>fd10:23:100::2/22768 
05:34:42.206271 SHUTDOWN flow>5648 srcPort>40953 dst>fd10:23:100::2/22448 
05:34:42.249984 OFF flow>5464 srcPort>46493 dst>fd10:23:100::2/22264 
05:34:42.257510 ON flow>5976 srcPort>35957 dst>fd10:23:100::2/22776 
05:34:42.269994 CONNECT flow>5968 srcPort>40785 dst>fd10:23:100::2/22768 
05:34:42.356248 ON flow>5984 srcPort>40027 dst>fd10:23:100::2/22784 
05:34:42.373169 CONNECT flow>5976 srcPort>35957 dst>fd10:23:100::2/22776 
05:34:42.381157 SHUTDOWN flow>5640 srcPort>33419 dst>fd10:23:100::2/22440 
05:34:42.382443 OFF flow>5648 srcPort>40953 dst>fd10:23:100::2/22448 
05:34:42.387398 SHUTDOWN flow>5632 srcPort>36281 dst>fd10:23:100::2/22432 
05:34:42.452664 ON flow>5992 srcPort>46671 dst>fd10:23:100::2/22792 
05:34:42.469738 CONNECT flow>5984 srcPort>40027 dst>fd10:23:100::2/22784 
05:34:42.508896 ON flow>6000 srcPort>41331 dst>fd10:23:100::2/22800 
05:34:42.565052 CONNECT flow>5992 srcPort>46671 dst>fd10:23:100::2/22792 
05:34:42.569585 OFF flow>5576 srcPort>44091 dst>fd10:23:100::2/22376 
05:34:42.611238 ON flow>6008 srcPort>40301 dst>fd10:23:100::2/22808 
05:34:42.613626 SHUTDOWN flow>5568 srcPort>42445 dst>fd10:23:100::2/22368 
05:34:42.621240 CONNECT flow>6000 srcPort>41331 dst>fd10:23:100::2/22800 
05:34:42.626034 OFF flow>5472 srcPort>33985 dst>fd10:23:100::2/22272 
05:34:42.650302 SHUTDOWN flow>5664 srcPort>44285 dst>fd10:23:100::2/22464 
05:34:42.662769 OFF flow>5552 srcPort>37953 dst>fd10:23:100::2/22352 
05:34:42.721254 CONNECT flow>6008 srcPort>40301 dst>fd10:23:100::2/22808 
05:34:42.729658 SHUTDOWN flow>5656 srcPort>43741 dst>fd10:23:100::2/22456 
05:34:42.810258 ON flow>6016 srcPort>39811 dst>fd10:23:100::2/22816 
05:34:42.812432 SHUTDOWN flow>5672 srcPort>34777 dst>fd10:23:100::2/22472 
05:34:42.844753 OFF flow>5504 srcPort>36479 dst>fd10:23:100::2/22304 
05:34:42.850170 SHUTDOWN flow>5624 srcPort>34257 dst>fd10:23:100::2/22424 
05:34:42.866183 OFF flow>5512 srcPort>45609 dst>fd10:23:100::2/22312 
05:34:42.925305 CONNECT flow>6016 srcPort>39811 dst>fd10:23:100::2/22816 
05:34:42.929046 SHUTDOWN flow>5680 srcPort>43357 dst>fd10:23:100::2/22480 
05:34:42.986913 ON flow>6024 srcPort>42095 dst>fd10:23:100::2/22824 
05:34:43.022847 SHUTDOWN flow>5688 srcPort>35307 dst>fd10:23:100::2/22488 
05:34:43.077056 OFF flow>5560 srcPort>37735 dst>fd10:23:100::2/22360 
05:34:43.084164 ON flow>6032 srcPort>43427 dst>fd10:23:100::2/22832 
05:34:43.098083 CONNECT flow>6024 srcPort>42095 dst>fd10:23:100::2/22824 
05:34:43.117365 OFF flow>5584 srcPort>33209 dst>fd10:23:100::2/22384 
05:34:43.139453 SHUTDOWN flow>5696 srcPort>35593 dst>fd10:23:100::2/22496 
05:34:43.197821 CONNECT flow>6032 srcPort>43427 dst>fd10:23:100::2/22832 
05:34:43.236953 OFF flow>5672 srcPort>34777 dst>fd10:23:100::2/22472 
05:34:43.239650 ON flow>6040 srcPort>45095 dst>fd10:23:100::2/22840 
05:34:43.289426 SHUTDOWN flow>5704 srcPort>45569 dst>fd10:23:100::2/22504 
05:34:43.349665 CONNECT flow>6040 srcPort>45095 dst>fd10:23:100::2/22840 
05:34:43.383918 SHUTDOWN flow>5616 srcPort>41259 dst>fd10:23:100::2/22416 
05:34:43.396733 OFF flow>5704 srcPort>45569 dst>fd10:23:100::2/22504 
05:34:43.416600 OFF flow>5640 srcPort>33419 dst>fd10:23:100::2/22440 
05:34:43.429531 SHUTDOWN flow>5712 srcPort>34179 dst>fd10:23:100::2/22512 
05:34:43.477091 ON flow>6048 srcPort>38067 dst>fd10:23:100::2/22848 
05:34:43.533305 SHUTDOWN flow>5720 srcPort>41117 dst>fd10:23:100::2/22520 
05:34:43.543744 OFF flow>5632 srcPort>36281 dst>fd10:23:100::2/22432 
05:34:43.591247 CONNECT flow>6048 srcPort>38067 dst>fd10:23:100::2/22848 
05:34:43.591664 OFF flow>5544 srcPort>45107 dst>fd10:23:100::2/22344 
05:34:43.601654 ON flow>6056 srcPort>40789 dst>fd10:23:100::2/22856 
05:34:43.643945 OFF flow>5536 srcPort>39067 dst>fd10:23:100::2/22336 
05:34:43.729447 CONNECT flow>6056 srcPort>40789 dst>fd10:23:100::2/22856 
05:34:43.739095 OFF flow>5680 srcPort>43357 dst>fd10:23:100::2/22480 
05:34:43.841936 ON flow>6064 srcPort>36213 dst>fd10:23:100::2/22864 
05:34:43.902971 SHUTDOWN flow>5752 srcPort>33421 dst>fd10:23:100::2/22552 
05:34:43.944280 CONNECT flow>6064 srcPort>36213 dst>fd10:23:100::2/22864 
05:34:43.989378 SHUTDOWN flow>5760 srcPort>46351 dst>fd10:23:100::2/22560 
05:34:44.008036 SHUTDOWN flow>5744 srcPort>41027 dst>fd10:23:100::2/22544 
05:34:44.032753 ON flow>6072 srcPort>32893 dst>fd10:23:100::2/22872 
05:34:44.115884 OFF flow>5528 srcPort>39579 dst>fd10:23:100::2/22328 
05:34:44.129490 SHUTDOWN flow>5736 srcPort>42075 dst>fd10:23:100::2/22536 
05:34:44.135642 CONNECT flow>6072 srcPort>32893 dst>fd10:23:100::2/22872 
05:34:44.196526 OFF flow>5696 srcPort>35593 dst>fd10:23:100::2/22496 
05:34:44.229740 OFF flow>5664 srcPort>44285 dst>fd10:23:100::2/22464 
05:34:44.237396 ON flow>6080 srcPort>41627 dst>fd10:23:100::2/22880 
05:34:44.323938 ON flow>6088 srcPort>45321 dst>fd10:23:100::2/22888 
05:34:44.337710 CONNECT flow>6080 srcPort>41627 dst>fd10:23:100::2/22880 
05:34:44.384477 OFF flow>5592 srcPort>43577 dst>fd10:23:100::2/22392 
05:34:44.424326 SHUTDOWN flow>5800 srcPort>39885 dst>fd10:23:100::2/22600 
05:34:44.425476 CONNECT flow>6088 srcPort>45321 dst>fd10:23:100::2/22888 
05:34:44.524797 SHUTDOWN flow>5768 srcPort>33429 dst>fd10:23:100::2/22568 
05:34:44.525350 SHUTDOWN flow>5776 srcPort>33015 dst>fd10:23:100::2/22576 
05:34:44.551365 SHUTDOWN flow>5808 srcPort>44033 dst>fd10:23:100::2/22608 
05:34:44.600338 ON flow>6096 srcPort>34165 dst>fd10:23:100::2/22896 
05:34:44.677134 OFF flow>5760 srcPort>46351 dst>fd10:23:100::2/22560 
05:34:44.680852 SHUTDOWN flow>5816 srcPort>36219 dst>fd10:23:100::2/22616 
05:34:44.694579 CONNECT flow>6096 srcPort>34165 dst>fd10:23:100::2/22896 
05:34:44.700213 ON flow>6104 srcPort>42227 dst>fd10:23:100::2/22904 
05:34:44.726992 OFF flow>5744 srcPort>41027 dst>fd10:23:100::2/22544 
05:34:44.753103 SHUTDOWN flow>5728 srcPort>38291 dst>fd10:23:100::2/22528 
05:34:44.773916 ON flow>6112 srcPort>40013 dst>fd10:23:100::2/22912 
05:34:44.786963 SHUTDOWN flow>5824 srcPort>33669 dst>fd10:23:100::2/22624 
05:34:44.800698 CONNECT flow>6104 srcPort>42227 dst>fd10:23:100::2/22904 
05:34:44.846734 SHUTDOWN flow>5792 srcPort>43013 dst>fd10:23:100::2/22592 
05:34:44.872013 CONNECT flow>6112 srcPort>40013 dst>fd10:23:100::2/22912 
05:34:44.876463 ON flow>6120 srcPort>36669 dst>fd10:23:100::2/22920 
05:34:44.881844 OFF flow>5752 srcPort>33421 dst>fd10:23:100::2/22552 
05:34:44.911436 OFF flow>5688 srcPort>35307 dst>fd10:23:100::2/22488 
05:34:44.961674 OFF flow>5816 srcPort>36219 dst>fd10:23:100::2/22616 
05:34:44.973334 CONNECT flow>6120 srcPort>36669 dst>fd10:23:100::2/22920 
05:34:44.974495 ON flow>6128 srcPort>41653 dst>fd10:23:100::2/22928 
05:34:44.975704 SHUTDOWN flow>5832 srcPort>46571 dst>fd10:23:100::2/22632 
05:34:45.001830 OFF flow>5712 srcPort>34179 dst>fd10:23:100::2/22512 
05:34:45.026480 OFF flow>5656 srcPort>43741 dst>fd10:23:100::2/22456 
05:34:45.075779 CONNECT flow>6128 srcPort>41653 dst>fd10:23:100::2/22928 
05:34:45.083358 ON flow>6136 srcPort>37817 dst>fd10:23:100::2/22936 
05:34:45.139848 SHUTDOWN flow>5784 srcPort>42763 dst>fd10:23:100::2/22584 
05:34:45.140516 OFF flow>5736 srcPort>42075 dst>fd10:23:100::2/22536 
05:34:45.147814 OFF flow>5800 srcPort>39885 dst>fd10:23:100::2/22600 
05:34:45.185057 CONNECT flow>6136 srcPort>37817 dst>fd10:23:100::2/22936 
05:34:45.230866 ON flow>6144 srcPort>40615 dst>fd10:23:100::2/22944 
05:34:45.251710 OFF flow>5824 srcPort>33669 dst>fd10:23:100::2/22624 
05:34:45.285261 OFF flow>5768 srcPort>33429 dst>fd10:23:100::2/22568 
05:34:45.334730 CONNECT flow>6144 srcPort>40615 dst>fd10:23:100::2/22944 
05:34:45.352350 ON flow>6152 srcPort>39665 dst>fd10:23:100::2/22952 
05:34:45.454191 CONNECT flow>6152 srcPort>39665 dst>fd10:23:100::2/22952 
05:34:45.540426 ON flow>6160 srcPort>41807 dst>fd10:23:100::2/22960 
05:34:45.593976 OFF flow>5624 srcPort>34257 dst>fd10:23:100::2/22424 
05:34:45.645652 SHUTDOWN flow>5856 srcPort>43763 dst>fd10:23:100::2/22656 
05:34:45.646199 CONNECT flow>6160 srcPort>41807 dst>fd10:23:100::2/22960 
05:34:45.654233 ON flow>6168 srcPort>37151 dst>fd10:23:100::2/22968 
05:34:45.692521 OFF flow>5832 srcPort>46571 dst>fd10:23:100::2/22632 
05:34:45.754424 CONNECT flow>6168 srcPort>37151 dst>fd10:23:100::2/22968 
05:34:45.827444 ON flow>6176 srcPort>46811 dst>fd10:23:100::2/22976 
05:34:45.836130 SHUTDOWN flow>5840 srcPort>33631 dst>fd10:23:100::2/22640 
05:34:45.858543 SHUTDOWN flow>5848 srcPort>46249 dst>fd10:23:100::2/22648 
05:34:45.892287 ON flow>6184 srcPort>45157 dst>fd10:23:100::2/22984 
05:34:45.932813 CONNECT flow>6176 srcPort>46811 dst>fd10:23:100::2/22976 
05:34:45.952000 OFF flow>5792 srcPort>43013 dst>fd10:23:100::2/22592 
05:34:45.970438 ON flow>6192 srcPort>33887 dst>fd10:23:100::2/22992 
05:34:45.970705 OFF flow>5856 srcPort>43763 dst>fd10:23:100::2/22656 
05:34:45.989944 SHUTDOWN flow>5872 srcPort>33877 dst>fd10:23:100::2/22672 
05:34:45.996636 CONNECT flow>6184 srcPort>45157 dst>fd10:23:100::2/22984 
05:34:46.076323 CONNECT flow>6192 srcPort>33887 dst>fd10:23:100::2/22992 
05:34:46.092162 SHUTDOWN flow>5880 srcPort>40959 dst>fd10:23:100::2/22680 
05:34:46.140442 ON flow>6200 srcPort>33733 dst>fd10:23:100::2/23000 
05:34:46.163091 SHUTDOWN flow>5864 srcPort>34843 dst>fd10:23:100::2/22664 
05:34:46.220078 OFF flow>5616 srcPort>41259 dst>fd10:23:100::2/22416 
05:34:46.243696 CONNECT flow>6200 srcPort>33733 dst>fd10:23:100::2/23000 
05:34:46.262419 SHUTDOWN flow>5904 srcPort>41073 dst>fd10:23:100::2/22704 
05:34:46.288027 ON flow>6208 srcPort>36613 dst>fd10:23:100::2/23008 
05:34:46.358192 SHUTDOWN flow>5912 srcPort>35551 dst>fd10:23:100::2/22712 
05:34:46.379469 CONNECT flow>6208 srcPort>36613 dst>fd10:23:100::2/23008 
05:34:46.503778 SHUTDOWN flow>5920 srcPort>37581 dst>fd10:23:100::2/22720 
05:34:46.609519 OFF flow>5920 srcPort>37581 dst>fd10:23:100::2/22720 
05:34:46.615166 OFF flow>5912 srcPort>35551 dst>fd10:23:100::2/22712 
05:34:46.687506 SHUTDOWN flow>5944 srcPort>41519 dst>fd10:23:100::2/22744 
05:34:46.705528 SHUTDOWN flow>5896 srcPort>45669 dst>fd10:23:100::2/22696 
05:34:46.845090 OFF flow>5776 srcPort>33015 dst>fd10:23:100::2/22576 
05:34:46.890773 OFF flow>5880 srcPort>40959 dst>fd10:23:100::2/22680 
05:34:46.922440 OFF flow>5720 srcPort>41117 dst>fd10:23:100::2/22520 
05:34:46.931529 SHUTDOWN flow>5936 srcPort>35403 dst>fd10:23:100::2/22736 
05:34:46.931764 OFF flow>5728 srcPort>38291 dst>fd10:23:100::2/22528 
05:34:46.944751 ON flow>6216 srcPort>37217 dst>fd10:23:100::2/23016 
05:34:46.946116 SHUTDOWN flow>5952 srcPort>34037 dst>fd10:23:100::2/22752 
05:34:46.958030 SHUTDOWN flow>5968 srcPort>40785 dst>fd10:23:100::2/22768 
05:34:46.979013 SHUTDOWN flow>5960 srcPort>43843 dst>fd10:23:100::2/22760 
05:34:47.042910 CONNECT flow>6216 srcPort>37217 dst>fd10:23:100::2/23016 
05:34:47.053093 OFF flow>5968 srcPort>40785 dst>fd10:23:100::2/22768 
05:34:47.163921 ON flow>6224 srcPort>37161 dst>fd10:23:100::2/23024 
05:34:47.241839 ON flow>6232 srcPort>45425 dst>fd10:23:100::2/23032 
05:34:47.253673 CONNECT flow>6224 srcPort>37161 dst>fd10:23:100::2/23024 
05:34:47.261505 OFF flow>5960 srcPort>43843 dst>fd10:23:100::2/22760 
05:34:47.268393 OFF flow>5944 srcPort>41519 dst>fd10:23:100::2/22744 
05:34:47.300700 SHUTDOWN flow>5928 srcPort>33719 dst>fd10:23:100::2/22728 
05:34:47.309660 OFF flow>5936 srcPort>35403 dst>fd10:23:100::2/22736 
05:34:47.330863 CONNECT flow>6232 srcPort>45425 dst>fd10:23:100::2/23032 
05:34:47.370021 OFF flow>5568 srcPort>42445 dst>fd10:23:100::2/22368 
05:34:47.411031 SHUTDOWN flow>6008 srcPort>40301 dst>fd10:23:100::2/22808 
05:34:47.411889 ON flow>6240 srcPort>45775 dst>fd10:23:100::2/23040 
05:34:47.411922 OFF flow>5904 srcPort>41073 dst>fd10:23:100::2/22704 
05:34:47.425675 OFF flow>5864 srcPort>34843 dst>fd10:23:100::2/22664 
05:34:47.466705 OFF flow>5840 srcPort>33631 dst>fd10:23:100::2/22640 
05:34:47.483259 OFF flow>5848 srcPort>46249 dst>fd10:23:100::2/22648 
05:34:47.500952 OFF flow>5808 srcPort>44033 dst>fd10:23:100::2/22608 
05:34:47.502178 CONNECT flow>6240 srcPort>45775 dst>fd10:23:100::2/23040 
05:34:47.503663 OFF flow>5952 srcPort>34037 dst>fd10:23:100::2/22752 
05:34:47.522814 SHUTDOWN flow>5984 srcPort>40027 dst>fd10:23:100::2/22784 
05:34:47.683078 ON flow>6248 srcPort>33589 dst>fd10:23:100::2/23048 
05:34:47.687488 SHUTDOWN flow>5992 srcPort>46671 dst>fd10:23:100::2/22792 
05:34:47.688786 SHUTDOWN flow>5976 srcPort>35957 dst>fd10:23:100::2/22776 
05:34:47.700487 SHUTDOWN flow>5888 srcPort>41941 dst>fd10:23:100::2/22688 
05:34:47.738652 OFF flow>5784 srcPort>42763 dst>fd10:23:100::2/22584 
05:34:47.765645 CONNECT flow>6248 srcPort>33589 dst>fd10:23:100::2/23048 
05:34:47.786722 SHUTDOWN flow>6024 srcPort>42095 dst>fd10:23:100::2/22824 
05:34:47.789023 SHUTDOWN flow>6016 srcPort>39811 dst>fd10:23:100::2/22816 
05:34:47.805490 ON flow>6256 srcPort>41701 dst>fd10:23:100::2/23056 
05:34:47.866741 OFF flow>6024 srcPort>42095 dst>fd10:23:100::2/22824 
05:34:47.883795 SHUTDOWN flow>6032 srcPort>43427 dst>fd10:23:100::2/22832 
05:34:47.884829 CONNECT flow>6256 srcPort>41701 dst>fd10:23:100::2/23056 
05:34:47.892166 OFF flow>5896 srcPort>45669 dst>fd10:23:100::2/22696 
05:34:47.964746 OFF flow>5984 srcPort>40027 dst>fd10:23:100::2/22784 
05:34:47.975505 OFF flow>5872 srcPort>33877 dst>fd10:23:100::2/22672 
05:34:48.010170 ON flow>6264 srcPort>36593 dst>fd10:23:100::2/23064 
05:34:48.039423 SHUTDOWN flow>6040 srcPort>45095 dst>fd10:23:100::2/22840 
05:34:48.079117 CONNECT flow>6264 srcPort>36593 dst>fd10:23:100::2/23064 
05:34:48.103475 ON flow>6272 srcPort>44871 dst>fd10:23:100::2/23072 
05:34:48.109759 OFF flow>6040 srcPort>45095 dst>fd10:23:100::2/22840 
05:34:48.160450 OFF flow>6016 srcPort>39811 dst>fd10:23:100::2/22816 
05:34:48.172698 CONNECT flow>6272 srcPort>44871 dst>fd10:23:100::2/23072 
05:34:48.264290 ON flow>6280 srcPort>42695 dst>fd10:23:100::2/23080 
05:34:48.315252 ON flow>6288 srcPort>44669 dst>fd10:23:100::2/23088 
05:34:48.321260 OFF flow>6032 srcPort>43427 dst>fd10:23:100::2/22832 
05:34:48.328713 CONNECT flow>6280 srcPort>42695 dst>fd10:23:100::2/23080 
05:34:48.378755 CONNECT flow>6288 srcPort>44669 dst>fd10:23:100::2/23088 
05:34:48.381470 OFF flow>5928 srcPort>33719 dst>fd10:23:100::2/22728 
05:34:48.401613 SHUTDOWN flow>6056 srcPort>40789 dst>fd10:23:100::2/22856 
05:34:48.404091 OFF flow>5992 srcPort>46671 dst>fd10:23:100::2/22792 
05:34:48.535194 ON flow>6296 srcPort>41863 dst>fd10:23:100::2/23096 
05:34:48.535636 SHUTDOWN flow>6048 srcPort>38067 dst>fd10:23:100::2/22848 
05:34:48.561532 OFF flow>6056 srcPort>40789 dst>fd10:23:100::2/22856 
05:34:48.570998 OFF flow>6008 srcPort>40301 dst>fd10:23:100::2/22808 
05:34:48.598755 CONNECT flow>6296 srcPort>41863 dst>fd10:23:100::2/23096 
05:34:48.641552 SHUTDOWN flow>6064 srcPort>36213 dst>fd10:23:100::2/22864 
05:34:48.661585 OFF flow>5976 srcPort>35957 dst>fd10:23:100::2/22776 
05:34:48.701216 OFF flow>6064 srcPort>36213 dst>fd10:23:100::2/22864 
05:34:48.729195 ON flow>6304 srcPort>45753 dst>fd10:23:100::2/23104 
05:34:48.785660 CONNECT flow>6304 srcPort>45753 dst>fd10:23:100::2/23104 
05:34:48.832471 SHUTDOWN flow>6072 srcPort>32893 dst>fd10:23:100::2/22872 
05:34:48.869418 ON flow>6312 srcPort>38083 dst>fd10:23:100::2/23112 
05:34:48.881102 OFF flow>6072 srcPort>32893 dst>fd10:23:100::2/22872 
05:34:48.916886 CONNECT flow>6312 srcPort>38083 dst>fd10:23:100::2/23112 
05:34:48.970018 ON flow>6320 srcPort>37809 dst>fd10:23:100::2/23120 
05:34:48.985611 OFF flow>6048 srcPort>38067 dst>fd10:23:100::2/22848 
05:34:49.019218 CONNECT flow>6320 srcPort>37809 dst>fd10:23:100::2/23120 
05:34:49.036987 SHUTDOWN flow>6080 srcPort>41627 dst>fd10:23:100::2/22880 
05:34:49.057363 ON flow>6328 srcPort>42271 dst>fd10:23:100::2/23128 
05:34:49.087659 OFF flow>6080 srcPort>41627 dst>fd10:23:100::2/22880 
05:34:49.108677 CONNECT flow>6328 srcPort>42271 dst>fd10:23:100::2/23128 
05:34:49.113389 ON flow>6336 srcPort>44367 dst>fd10:23:100::2/23136 
05:34:49.124047 SHUTDOWN flow>6088 srcPort>45321 dst>fd10:23:100::2/22888 
05:34:49.165404 CONNECT flow>6336 srcPort>44367 dst>fd10:23:100::2/23136 
05:34:49.178019 OFF flow>6088 srcPort>45321 dst>fd10:23:100::2/22888 
05:34:49.221809 ON flow>6344 srcPort>45957 dst>fd10:23:100::2/23144 
05:34:49.272803 CONNECT flow>6344 srcPort>45957 dst>fd10:23:100::2/23144 
05:34:49.307990 ON flow>6352 srcPort>33629 dst>fd10:23:100::2/23152 
05:34:49.333902 OFF flow>5888 srcPort>41941 dst>fd10:23:100::2/22688 
05:34:49.336111 SHUTDOWN flow>6000 srcPort>41331 dst>fd10:23:100::2/22800 
05:34:49.360514 CONNECT flow>6352 srcPort>33629 dst>fd10:23:100::2/23152 
05:34:49.387764 ON flow>6360 srcPort>35867 dst>fd10:23:100::2/23160 
05:34:49.400344 SHUTDOWN flow>6096 srcPort>34165 dst>fd10:23:100::2/22896 
05:34:49.443487 CONNECT flow>6360 srcPort>35867 dst>fd10:23:100::2/23160 
05:34:49.500032 SHUTDOWN flow>6104 srcPort>42227 dst>fd10:23:100::2/22904 
05:34:49.505419 OFF flow>6096 srcPort>34165 dst>fd10:23:100::2/22896 
05:34:49.535105 ON flow>6368 srcPort>46515 dst>fd10:23:100::2/23168 
05:34:49.553931 OFF flow>6104 srcPort>42227 dst>fd10:23:100::2/22904 
05:34:49.575899 OFF flow>6000 srcPort>41331 dst>fd10:23:100::2/22800 
05:34:49.589030 CONNECT flow>6368 srcPort>46515 dst>fd10:23:100::2/23168 
05:34:49.620912 ON flow>6376 srcPort>42871 dst>fd10:23:100::2/23176 
05:34:49.628380 SHUTDOWN flow>6112 srcPort>40013 dst>fd10:23:100::2/22912 
05:34:49.673108 CONNECT flow>6376 srcPort>42871 dst>fd10:23:100::2/23176 
05:34:49.676232 SHUTDOWN flow>6120 srcPort>36669 dst>fd10:23:100::2/22920 
05:34:49.736195 OFF flow>6112 srcPort>40013 dst>fd10:23:100::2/22912 
05:34:49.739914 ON flow>6384 srcPort>40649 dst>fd10:23:100::2/23184 
05:34:49.774234 SHUTDOWN flow>6128 srcPort>41653 dst>fd10:23:100::2/22928 
05:34:49.791504 CONNECT flow>6384 srcPort>40649 dst>fd10:23:100::2/23184 
05:34:49.799377 ON flow>6392 srcPort>35181 dst>fd10:23:100::2/23192 
05:34:49.829108 OFF flow>6120 srcPort>36669 dst>fd10:23:100::2/22920 
05:34:49.829383 OFF flow>6128 srcPort>41653 dst>fd10:23:100::2/22928 
05:34:49.853387 CONNECT flow>6392 srcPort>35181 dst>fd10:23:100::2/23192 
05:34:49.883133 SHUTDOWN flow>6136 srcPort>37817 dst>fd10:23:100::2/22936 
05:34:49.938012 OFF flow>6136 srcPort>37817 dst>fd10:23:100::2/22936 
05:34:49.959535 ON flow>6400 srcPort>39353 dst>fd10:23:100::2/23200 
05:34:50.013691 CONNECT flow>6400 srcPort>39353 dst>fd10:23:100::2/23200 
05:34:50.030638 SHUTDOWN flow>6144 srcPort>40615 dst>fd10:23:100::2/22944 
05:34:50.078901 OFF flow>6144 srcPort>40615 dst>fd10:23:100::2/22944 
05:34:50.080374 ON flow>6408 srcPort>42839 dst>fd10:23:100::2/23208 
05:34:50.127035 CONNECT flow>6408 srcPort>42839 dst>fd10:23:100::2/23208 
05:34:50.152197 SHUTDOWN flow>6152 srcPort>39665 dst>fd10:23:100::2/22952 
05:34:50.172384 ON flow>6416 srcPort>43809 dst>fd10:23:100::2/23216 
05:34:50.200829 OFF flow>6152 srcPort>39665 dst>fd10:23:100::2/22952 
05:34:50.223678 CONNECT flow>6416 srcPort>43809 dst>fd10:23:100::2/23216 
05:34:50.270325 ON flow>6424 srcPort>36485 dst>fd10:23:100::2/23224 
05:34:50.324208 CONNECT flow>6424 srcPort>36485 dst>fd10:23:100::2/23224 
05:34:50.340140 SHUTDOWN flow>6160 srcPort>41807 dst>fd10:23:100::2/22960 
05:34:50.395423 OFF flow>6160 srcPort>41807 dst>fd10:23:100::2/22960 
05:34:50.453892 SHUTDOWN flow>6168 srcPort>37151 dst>fd10:23:100::2/22968 
05:34:50.457290 ON flow>6432 srcPort>35811 dst>fd10:23:100::2/23232 
05:34:50.510031 OFF flow>6168 srcPort>37151 dst>fd10:23:100::2/22968 
05:34:50.513612 CONNECT flow>6432 srcPort>35811 dst>fd10:23:100::2/23232 
05:34:50.547751 ON flow>6440 srcPort>43053 dst>fd10:23:100::2/23240 
05:34:50.604960 CONNECT flow>6440 srcPort>43053 dst>fd10:23:100::2/23240 
05:34:50.626902 SHUTDOWN flow>6176 srcPort>46811 dst>fd10:23:100::2/22976 
05:34:50.632854 ON flow>6448 srcPort>45347 dst>fd10:23:100::2/23248 
05:34:50.685331 OFF flow>6176 srcPort>46811 dst>fd10:23:100::2/22976 
05:34:50.690721 CONNECT flow>6448 srcPort>45347 dst>fd10:23:100::2/23248 
05:34:50.692094 SHUTDOWN flow>6184 srcPort>45157 dst>fd10:23:100::2/22984 
05:34:50.753337 OFF flow>6184 srcPort>45157 dst>fd10:23:100::2/22984 
05:34:50.770200 SHUTDOWN flow>6192 srcPort>33887 dst>fd10:23:100::2/22992 
05:34:50.801005 ON flow>6456 srcPort>39071 dst>fd10:23:100::2/23256 
05:34:50.859110 CONNECT flow>6456 srcPort>39071 dst>fd10:23:100::2/23256 
05:34:50.923711 ON flow>6464 srcPort>38163 dst>fd10:23:100::2/23264 
05:34:50.940297 SHUTDOWN flow>6200 srcPort>33733 dst>fd10:23:100::2/23000 
05:34:50.945790 OFF flow>6192 srcPort>33887 dst>fd10:23:100::2/22992 
05:34:50.979335 CONNECT flow>6464 srcPort>38163 dst>fd10:23:100::2/23264 
05:34:50.995746 OFF flow>6200 srcPort>33733 dst>fd10:23:100::2/23000 
05:34:51.004597 ON flow>6472 srcPort>36497 dst>fd10:23:100::2/23272 
05:34:51.061800 CONNECT flow>6472 srcPort>36497 dst>fd10:23:100::2/23272 
05:34:51.087961 SHUTDOWN flow>6208 srcPort>36613 dst>fd10:23:100::2/23008 
05:34:51.093236 ON flow>6480 srcPort>38551 dst>fd10:23:100::2/23280 
05:34:51.144288 OFF flow>6208 srcPort>36613 dst>fd10:23:100::2/23008 
05:34:51.149062 CONNECT flow>6480 srcPort>38551 dst>fd10:23:100::2/23280 
05:34:51.201400 ON flow>6488 srcPort>40671 dst>fd10:23:100::2/23288 
05:34:51.261851 CONNECT flow>6488 srcPort>40671 dst>fd10:23:100::2/23288 
05:34:51.272673 ON flow>6496 srcPort>46647 dst>fd10:23:100::2/23296 
05:34:51.341794 CONNECT flow>6496 srcPort>46647 dst>fd10:23:100::2/23296 
05:34:51.369991 ON flow>6504 srcPort>46567 dst>fd10:23:100::2/23304 
05:34:51.442353 CONNECT flow>6504 srcPort>46567 dst>fd10:23:100::2/23304 
05:34:51.507838 ON flow>6512 srcPort>40449 dst>fd10:23:100::2/23312 
05:34:51.600247 CONNECT flow>6512 srcPort>40449 dst>fd10:23:100::2/23312 
05:34:51.744505 SHUTDOWN flow>6216 srcPort>37217 dst>fd10:23:100::2/23016 
05:34:51.846524 OFF flow>6216 srcPort>37217 dst>fd10:23:100::2/23016 
05:34:51.898276 ON flow>6520 srcPort>38557 dst>fd10:23:100::2/23320 
05:34:51.963632 SHUTDOWN flow>6224 srcPort>37161 dst>fd10:23:100::2/23024 
05:34:52.000161 CONNECT flow>6520 srcPort>38557 dst>fd10:23:100::2/23320 
05:34:52.041484 SHUTDOWN flow>6232 srcPort>45425 dst>fd10:23:100::2/23032 
05:34:52.069407 ON flow>6528 srcPort>44659 dst>fd10:23:100::2/23328 
05:34:52.177379 ON flow>6536 srcPort>34561 dst>fd10:23:100::2/23336 
05:34:52.182056 CONNECT flow>6528 srcPort>44659 dst>fd10:23:100::2/23328 
05:34:52.194026 OFF flow>6232 srcPort>45425 dst>fd10:23:100::2/23032 
05:34:52.211781 SHUTDOWN flow>6240 srcPort>45775 dst>fd10:23:100::2/23040 
05:34:52.261815 ON flow>6544 srcPort>39799 dst>fd10:23:100::2/23344 
05:34:52.287482 CONNECT flow>6536 srcPort>34561 dst>fd10:23:100::2/23336 
05:34:52.370118 CONNECT flow>6544 srcPort>39799 dst>fd10:23:100::2/23344 
05:34:52.382099 ON flow>6552 srcPort>32989 dst>fd10:23:100::2/23352 
05:34:52.413691 OFF flow>6240 srcPort>45775 dst>fd10:23:100::2/23040 
05:34:52.465382 OFF flow>6224 srcPort>37161 dst>fd10:23:100::2/23024 
05:34:52.483837 SHUTDOWN flow>6248 srcPort>33589 dst>fd10:23:100::2/23048 
05:34:52.491883 CONNECT flow>6552 srcPort>32989 dst>fd10:23:100::2/23352 
05:34:52.499961 ON flow>6560 srcPort>32857 dst>fd10:23:100::2/23360 
05:34:52.605282 SHUTDOWN flow>6256 srcPort>41701 dst>fd10:23:100::2/23056 
05:34:52.610471 ON flow>6568 srcPort>36937 dst>fd10:23:100::2/23368 
05:34:52.613671 CONNECT flow>6560 srcPort>32857 dst>fd10:23:100::2/23360 
05:34:52.711750 OFF flow>6256 srcPort>41701 dst>fd10:23:100::2/23056 
05:34:52.714169 CONNECT flow>6568 srcPort>36937 dst>fd10:23:100::2/23368 
05:34:52.720222 ON flow>6576 srcPort>36119 dst>fd10:23:100::2/23376 
05:34:52.809920 SHUTDOWN flow>6264 srcPort>36593 dst>fd10:23:100::2/23064 
05:34:52.831403 CONNECT flow>6576 srcPort>36119 dst>fd10:23:100::2/23376 
05:34:52.903186 SHUTDOWN flow>6272 srcPort>44871 dst>fd10:23:100::2/23072 
05:34:52.925913 ON flow>6584 srcPort>32885 dst>fd10:23:100::2/23384 
05:34:53.033791 CONNECT flow>6584 srcPort>32885 dst>fd10:23:100::2/23384 
05:34:53.056499 ON flow>6592 srcPort>42531 dst>fd10:23:100::2/23392 
05:34:53.064189 SHUTDOWN flow>6280 srcPort>42695 dst>fd10:23:100::2/23080 
05:34:53.118772 SHUTDOWN flow>6288 srcPort>44669 dst>fd10:23:100::2/23088 
05:34:53.131217 OFF flow>6272 srcPort>44871 dst>fd10:23:100::2/23072 
05:34:53.152622 CONNECT flow>6592 srcPort>42531 dst>fd10:23:100::2/23392 
05:34:53.236421 ON flow>6600 srcPort>41995 dst>fd10:23:100::2/23400 
05:34:53.322803 ON flow>6608 srcPort>44535 dst>fd10:23:100::2/23408 
05:34:53.335010 SHUTDOWN flow>6296 srcPort>41863 dst>fd10:23:100::2/23096 
05:34:53.339336 CONNECT flow>6600 srcPort>41995 dst>fd10:23:100::2/23400 
05:34:53.372332 OFF flow>6264 srcPort>36593 dst>fd10:23:100::2/23064 
05:34:53.405809 ON flow>6616 srcPort>42703 dst>fd10:23:100::2/23416 
05:34:53.420511 OFF flow>6288 srcPort>44669 dst>fd10:23:100::2/23088 
05:34:53.429528 CONNECT flow>6608 srcPort>44535 dst>fd10:23:100::2/23408 
05:34:53.445056 OFF flow>6280 srcPort>42695 dst>fd10:23:100::2/23080 
05:34:53.467778 ON flow>6624 srcPort>44015 dst>fd10:23:100::2/23424 
05:34:53.507357 CONNECT flow>6616 srcPort>42703 dst>fd10:23:100::2/23416 
05:34:53.528938 SHUTDOWN flow>6304 srcPort>45753 dst>fd10:23:100::2/23104 
05:34:53.570825 ON flow>6632 srcPort>43681 dst>fd10:23:100::2/23432 
05:34:53.573958 CONNECT flow>6624 srcPort>44015 dst>fd10:23:100::2/23424 
05:34:53.616498 ON flow>6640 srcPort>32973 dst>fd10:23:100::2/23440 
05:34:53.669297 SHUTDOWN flow>6312 srcPort>38083 dst>fd10:23:100::2/23112 
05:34:53.676246 CONNECT flow>6632 srcPort>43681 dst>fd10:23:100::2/23432 
05:34:53.710428 ON flow>6648 srcPort>34481 dst>fd10:23:100::2/23448 
05:34:53.723553 CONNECT flow>6640 srcPort>32973 dst>fd10:23:100::2/23440 
05:34:53.766433 ON flow>6656 srcPort>45453 dst>fd10:23:100::2/23456 
05:34:53.817916 CONNECT flow>6648 srcPort>34481 dst>fd10:23:100::2/23448 
05:34:53.831580 ON flow>6664 srcPort>44547 dst>fd10:23:100::2/23464 
05:34:53.857146 SHUTDOWN flow>6328 srcPort>42271 dst>fd10:23:100::2/23128 
05:34:53.872552 CONNECT flow>6656 srcPort>45453 dst>fd10:23:100::2/23456 
05:34:53.913381 SHUTDOWN flow>6336 srcPort>44367 dst>fd10:23:100::2/23136 
05:34:53.930736 ON flow>6672 srcPort>44467 dst>fd10:23:100::2/23472 
05:34:53.941776 CONNECT flow>6664 srcPort>44547 dst>fd10:23:100::2/23464 
05:34:54.005182 ON flow>6680 srcPort>34041 dst>fd10:23:100::2/23480 
05:34:54.008156 SHUTDOWN flow>6320 srcPort>37809 dst>fd10:23:100::2/23120 
05:34:54.021393 SHUTDOWN flow>6344 srcPort>45957 dst>fd10:23:100::2/23144 
05:34:54.036694 CONNECT flow>6672 srcPort>44467 dst>fd10:23:100::2/23472 
05:34:54.043019 OFF flow>6296 srcPort>41863 dst>fd10:23:100::2/23096 
05:34:54.108086 SHUTDOWN flow>6352 srcPort>33629 dst>fd10:23:100::2/23152 
05:34:54.112563 CONNECT flow>6680 srcPort>34041 dst>fd10:23:100::2/23480 
05:34:54.117873 OFF flow>6304 srcPort>45753 dst>fd10:23:100::2/23104 
05:34:54.130851 ON flow>6688 srcPort>35849 dst>fd10:23:100::2/23488 
05:34:54.133213 OFF flow>6328 srcPort>42271 dst>fd10:23:100::2/23128 
05:34:54.187396 SHUTDOWN flow>6360 srcPort>35867 dst>fd10:23:100::2/23160 
05:34:54.234029 CONNECT flow>6688 srcPort>35849 dst>fd10:23:100::2/23488 
05:34:54.317992 ON flow>6696 srcPort>43183 dst>fd10:23:100::2/23496 
05:34:54.335003 SHUTDOWN flow>6368 srcPort>46515 dst>fd10:23:100::2/23168 
05:34:54.336327 OFF flow>6312 srcPort>38083 dst>fd10:23:100::2/23112 
05:34:54.338521 OFF flow>6248 srcPort>33589 dst>fd10:23:100::2/23048 
05:34:54.420689 SHUTDOWN flow>6376 srcPort>42871 dst>fd10:23:100::2/23176 
05:34:54.424920 CONNECT flow>6696 srcPort>43183 dst>fd10:23:100::2/23496 
05:34:54.449911 ON flow>6704 srcPort>43957 dst>fd10:23:100::2/23504 
05:34:54.469728 OFF flow>6352 srcPort>33629 dst>fd10:23:100::2/23152 
05:34:54.487183 OFF flow>6336 srcPort>44367 dst>fd10:23:100::2/23136 
05:34:54.520034 ON flow>6712 srcPort>36891 dst>fd10:23:100::2/23512 
05:34:54.555227 CONNECT flow>6704 srcPort>43957 dst>fd10:23:100::2/23504 
05:34:54.564092 OFF flow>6368 srcPort>46515 dst>fd10:23:100::2/23168 
05:34:54.573409 OFF flow>6360 srcPort>35867 dst>fd10:23:100::2/23160 
05:34:54.617707 ON flow>6720 srcPort>45593 dst>fd10:23:100::2/23520 
05:34:54.624639 CONNECT flow>6712 srcPort>36891 dst>fd10:23:100::2/23512 
05:34:54.626706 SHUTDOWN flow>6384 srcPort>40649 dst>fd10:23:100::2/23184 
05:34:54.648869 OFF flow>6376 srcPort>42871 dst>fd10:23:100::2/23176 
05:34:54.670991 ON flow>6728 srcPort>36955 dst>fd10:23:100::2/23528 
05:34:54.724476 CONNECT flow>6720 srcPort>45593 dst>fd10:23:100::2/23520 
05:34:54.759663 SHUTDOWN flow>6400 srcPort>39353 dst>fd10:23:100::2/23200 
05:34:54.761306 OFF flow>6344 srcPort>45957 dst>fd10:23:100::2/23144 
05:34:54.775647 CONNECT flow>6728 srcPort>36955 dst>fd10:23:100::2/23528 
05:34:54.810453 ON flow>6736 srcPort>36923 dst>fd10:23:100::2/23536 
05:34:54.880216 SHUTDOWN flow>6408 srcPort>42839 dst>fd10:23:100::2/23208 
05:34:54.915124 CONNECT flow>6736 srcPort>36923 dst>fd10:23:100::2/23536 
05:34:54.961364 SHUTDOWN flow>6392 srcPort>35181 dst>fd10:23:100::2/23192 
05:34:54.968198 ON flow>6744 srcPort>44837 dst>fd10:23:100::2/23544 
05:34:55.070079 SHUTDOWN flow>6424 srcPort>36485 dst>fd10:23:100::2/23224 
05:34:55.082872 CONNECT flow>6744 srcPort>44837 dst>fd10:23:100::2/23544 
05:34:55.146735 ON flow>6752 srcPort>45151 dst>fd10:23:100::2/23552 
05:34:55.223675 OFF flow>6384 srcPort>40649 dst>fd10:23:100::2/23184 
05:34:55.259373 CONNECT flow>6752 srcPort>45151 dst>fd10:23:100::2/23552 
05:34:55.291059 ON flow>6760 srcPort>39769 dst>fd10:23:100::2/23560 
05:34:55.325486 SHUTDOWN flow>6432 srcPort>35811 dst>fd10:23:100::2/23232 
05:34:55.344463 SHUTDOWN flow>6416 srcPort>43809 dst>fd10:23:100::2/23216 
05:34:55.347549 SHUTDOWN flow>6440 srcPort>43053 dst>fd10:23:100::2/23240 
05:34:55.393016 ON flow>6768 srcPort>37955 dst>fd10:23:100::2/23568 
05:34:55.400121 CONNECT flow>6760 srcPort>39769 dst>fd10:23:100::2/23560 
05:34:55.498094 CONNECT flow>6768 srcPort>37955 dst>fd10:23:100::2/23568 
05:34:55.559032 OFF flow>6424 srcPort>36485 dst>fd10:23:100::2/23224 
05:34:55.567467 ON flow>6776 srcPort>35825 dst>fd10:23:100::2/23576 
05:34:55.600767 SHUTDOWN flow>6456 srcPort>39071 dst>fd10:23:100::2/23256 
05:34:55.611451 OFF flow>6320 srcPort>37809 dst>fd10:23:100::2/23120 
05:34:55.670302 CONNECT flow>6776 srcPort>35825 dst>fd10:23:100::2/23576 
05:34:55.700540 OFF flow>6400 srcPort>39353 dst>fd10:23:100::2/23200 
05:34:55.714756 ON flow>6784 srcPort>36627 dst>fd10:23:100::2/23584 
05:34:55.723525 SHUTDOWN flow>6464 srcPort>38163 dst>fd10:23:100::2/23264 
05:34:55.820967 CONNECT flow>6784 srcPort>36627 dst>fd10:23:100::2/23584 
05:34:55.828744 ON flow>6792 srcPort>39235 dst>fd10:23:100::2/23592 
05:34:55.909711 ON flow>6800 srcPort>40313 dst>fd10:23:100::2/23600 
05:34:55.933364 CONNECT flow>6792 srcPort>39235 dst>fd10:23:100::2/23592 
05:34:56.001225 SHUTDOWN flow>6488 srcPort>40671 dst>fd10:23:100::2/23288 
05:34:56.012873 CONNECT flow>6800 srcPort>40313 dst>fd10:23:100::2/23600 
05:34:56.038057 SHUTDOWN flow>6480 srcPort>38551 dst>fd10:23:100::2/23280 
05:34:56.046059 ON flow>6808 srcPort>45315 dst>fd10:23:100::2/23608 
05:34:56.149756 CONNECT flow>6808 srcPort>45315 dst>fd10:23:100::2/23608 
05:34:56.169812 SHUTDOWN flow>6504 srcPort>46567 dst>fd10:23:100::2/23304 
05:34:56.213829 SHUTDOWN flow>6448 srcPort>45347 dst>fd10:23:100::2/23248 
05:34:56.248997 ON flow>6816 srcPort>36651 dst>fd10:23:100::2/23616 
05:34:56.262003 SHUTDOWN flow>6472 srcPort>36497 dst>fd10:23:100::2/23272 
05:34:56.353287 CONNECT flow>6816 srcPort>36651 dst>fd10:23:100::2/23616 
05:34:56.448129 SHUTDOWN flow>6512 srcPort>40449 dst>fd10:23:100::2/23312 
05:34:56.499131 OFF flow>6416 srcPort>43809 dst>fd10:23:100::2/23216 
05:34:56.686182 ON flow>6824 srcPort>42005 dst>fd10:23:100::2/23624 
05:34:56.698052 SHUTDOWN flow>6520 srcPort>38557 dst>fd10:23:100::2/23320 
05:34:56.793556 CONNECT flow>6824 srcPort>42005 dst>fd10:23:100::2/23624 
05:34:56.806964 OFF flow>6432 srcPort>35811 dst>fd10:23:100::2/23232 
05:34:56.821756 SHUTDOWN flow>6496 srcPort>46647 dst>fd10:23:100::2/23296 
05:34:56.869425 SHUTDOWN flow>6528 srcPort>44659 dst>fd10:23:100::2/23328 
05:34:56.909109 OFF flow>6408 srcPort>42839 dst>fd10:23:100::2/23208 
05:34:56.945052 ON flow>6832 srcPort>38475 dst>fd10:23:100::2/23632 
05:34:57.046172 OFF flow>6480 srcPort>38551 dst>fd10:23:100::2/23280 
05:34:57.047385 CONNECT flow>6832 srcPort>38475 dst>fd10:23:100::2/23632 
05:34:57.061656 SHUTDOWN flow>6544 srcPort>39799 dst>fd10:23:100::2/23344 
05:34:57.121438 OFF flow>6528 srcPort>44659 dst>fd10:23:100::2/23328 
05:34:57.181770 SHUTDOWN flow>6552 srcPort>32989 dst>fd10:23:100::2/23352 
05:34:57.191989 OFF flow>6440 srcPort>43053 dst>fd10:23:100::2/23240 
05:34:57.261992 ON flow>6840 srcPort>43343 dst>fd10:23:100::2/23640 
05:34:57.271163 OFF flow>6464 srcPort>38163 dst>fd10:23:100::2/23264 
05:34:57.299514 SHUTDOWN flow>6560 srcPort>32857 dst>fd10:23:100::2/23360 
05:34:57.327543 OFF flow>6392 srcPort>35181 dst>fd10:23:100::2/23192 
05:34:57.372487 CONNECT flow>6840 srcPort>43343 dst>fd10:23:100::2/23640 
05:34:57.386267 ON flow>6848 srcPort>43501 dst>fd10:23:100::2/23648 
05:34:57.410217 SHUTDOWN flow>6568 srcPort>36937 dst>fd10:23:100::2/23368 
05:34:57.475614 OFF flow>6488 srcPort>40671 dst>fd10:23:100::2/23288 
05:34:57.476438 ON flow>6856 srcPort>44917 dst>fd10:23:100::2/23656 
05:34:57.486679 SHUTDOWN flow>6536 srcPort>34561 dst>fd10:23:100::2/23336 
05:34:57.492948 CONNECT flow>6848 srcPort>43501 dst>fd10:23:100::2/23648 
05:34:57.520058 SHUTDOWN flow>6576 srcPort>36119 dst>fd10:23:100::2/23376 
05:34:57.532294 ON flow>6864 srcPort>45279 dst>fd10:23:100::2/23664 
05:34:57.543251 OFF flow>6544 srcPort>39799 dst>fd10:23:100::2/23344 
05:34:57.580377 CONNECT flow>6856 srcPort>44917 dst>fd10:23:100::2/23656 
05:34:57.606939 ON flow>6872 srcPort>45353 dst>fd10:23:100::2/23672 
05:34:57.615669 OFF flow>6560 srcPort>32857 dst>fd10:23:100::2/23360 
05:34:57.623727 OFF flow>6576 srcPort>36119 dst>fd10:23:100::2/23376 
05:34:57.636246 CONNECT flow>6864 srcPort>45279 dst>fd10:23:100::2/23664 
05:34:57.693347 OFF flow>6504 srcPort>46567 dst>fd10:23:100::2/23304 
05:34:57.703727 ON flow>6880 srcPort>44543 dst>fd10:23:100::2/23680 
05:34:57.705261 CONNECT flow>6872 srcPort>45353 dst>fd10:23:100::2/23672 
05:34:57.762487 ON flow>6888 srcPort>40247 dst>fd10:23:100::2/23688 
05:34:57.803025 CONNECT flow>6880 srcPort>44543 dst>fd10:23:100::2/23680 
05:34:57.810628 ON flow>6896 srcPort>35177 dst>fd10:23:100::2/23696 
05:34:57.832111 SHUTDOWN flow>6584 srcPort>32885 dst>fd10:23:100::2/23384 
05:34:57.856369 SHUTDOWN flow>6592 srcPort>42531 dst>fd10:23:100::2/23392 
05:34:57.858497 ON flow>6904 srcPort>38421 dst>fd10:23:100::2/23704 
05:34:57.860476 CONNECT flow>6888 srcPort>40247 dst>fd10:23:100::2/23688 
05:34:57.905084 OFF flow>6536 srcPort>34561 dst>fd10:23:100::2/23336 
05:34:57.913612 CONNECT flow>6896 srcPort>35177 dst>fd10:23:100::2/23696 
05:34:57.915884 ON flow>6912 srcPort>37875 dst>fd10:23:100::2/23712 
05:34:57.928335 OFF flow>6496 srcPort>46647 dst>fd10:23:100::2/23296 
05:34:57.954230 OFF flow>6472 srcPort>36497 dst>fd10:23:100::2/23272 
05:34:57.964406 CONNECT flow>6904 srcPort>38421 dst>fd10:23:100::2/23704 
05:34:57.987369 ON flow>6920 srcPort>44905 dst>fd10:23:100::2/23720 
05:34:58.027514 CONNECT flow>6912 srcPort>37875 dst>fd10:23:100::2/23712 
05:34:58.035798 SHUTDOWN flow>6600 srcPort>41995 dst>fd10:23:100::2/23400 
05:34:58.050054 ON flow>6928 srcPort>39289 dst>fd10:23:100::2/23728 
05:34:58.099645 CONNECT flow>6920 srcPort>44905 dst>fd10:23:100::2/23720 
05:34:58.128704 ON flow>6936 srcPort>34321 dst>fd10:23:100::2/23736 
05:34:58.158638 CONNECT flow>6928 srcPort>39289 dst>fd10:23:100::2/23728 
05:34:58.213993 OFF flow>6520 srcPort>38557 dst>fd10:23:100::2/23320 
05:34:58.239413 CONNECT flow>6936 srcPort>34321 dst>fd10:23:100::2/23736 
05:34:58.261819 OFF flow>6600 srcPort>41995 dst>fd10:23:100::2/23400 
05:34:58.289708 ON flow>6944 srcPort>44841 dst>fd10:23:100::2/23744 
05:34:58.298521 OFF flow>6552 srcPort>32989 dst>fd10:23:100::2/23352 
05:34:58.342620 SHUTDOWN flow>6608 srcPort>44535 dst>fd10:23:100::2/23408 
05:34:58.375612 OFF flow>6448 srcPort>45347 dst>fd10:23:100::2/23248 
05:34:58.405267 SHUTDOWN flow>6632 srcPort>43681 dst>fd10:23:100::2/23432 
05:34:58.407801 CONNECT flow>6944 srcPort>44841 dst>fd10:23:100::2/23744 
05:34:58.416288 SHUTDOWN flow>6640 srcPort>32973 dst>fd10:23:100::2/23440 
05:34:58.418232 ON flow>6952 srcPort>39733 dst>fd10:23:100::2/23752 
05:34:58.510218 SHUTDOWN flow>6648 srcPort>34481 dst>fd10:23:100::2/23448 
05:34:58.530402 CONNECT flow>6952 srcPort>39733 dst>fd10:23:100::2/23752 
05:34:58.592086 OFF flow>6456 srcPort>39071 dst>fd10:23:100::2/23256 
05:34:58.622117 SHUTDOWN flow>6624 srcPort>44015 dst>fd10:23:100::2/23424 
05:34:58.625315 OFF flow>6584 srcPort>32885 dst>fd10:23:100::2/23384 
05:34:58.627241 OFF flow>6632 srcPort>43681 dst>fd10:23:100::2/23432 
05:34:58.671743 ON flow>6960 srcPort>35827 dst>fd10:23:100::2/23760 
05:34:58.695434 SHUTDOWN flow>6616 srcPort>42703 dst>fd10:23:100::2/23416 
05:34:58.725274 SHUTDOWN flow>6656 srcPort>45453 dst>fd10:23:100::2/23456 
05:34:58.729924 SHUTDOWN flow>6672 srcPort>44467 dst>fd10:23:100::2/23472 
05:34:58.780349 CONNECT flow>6960 srcPort>35827 dst>fd10:23:100::2/23760 
05:34:58.830753 SHUTDOWN flow>6664 srcPort>44547 dst>fd10:23:100::2/23464 
05:34:58.844177 OFF flow>6672 srcPort>44467 dst>fd10:23:100::2/23472 
05:34:58.853189 ON flow>6968 srcPort>40287 dst>fd10:23:100::2/23768 
05:34:58.877596 SHUTDOWN flow>6680 srcPort>34041 dst>fd10:23:100::2/23480 
05:34:58.930907 SHUTDOWN flow>6688 srcPort>35849 dst>fd10:23:100::2/23488 
05:34:58.956459 ON flow>6976 srcPort>33535 dst>fd10:23:100::2/23776 
05:34:58.958766 CONNECT flow>6968 srcPort>40287 dst>fd10:23:100::2/23768 
05:34:59.059277 CONNECT flow>6976 srcPort>33535 dst>fd10:23:100::2/23776 
05:34:59.064773 ON flow>6984 srcPort>46221 dst>fd10:23:100::2/23784 
05:34:59.150850 SHUTDOWN flow>6696 srcPort>43183 dst>fd10:23:100::2/23496 
05:34:59.168466 CONNECT flow>6984 srcPort>46221 dst>fd10:23:100::2/23784 
05:34:59.249818 SHUTDOWN flow>6704 srcPort>43957 dst>fd10:23:100::2/23504 
05:34:59.251535 OFF flow>6512 srcPort>40449 dst>fd10:23:100::2/23312 
05:34:59.332085 ON flow>6992 srcPort>38559 dst>fd10:23:100::2/23792 
05:34:59.434212 CONNECT flow>6992 srcPort>38559 dst>fd10:23:100::2/23792 
05:34:59.469630 OFF flow>6704 srcPort>43957 dst>fd10:23:100::2/23504 
05:34:59.495924 ON flow>7000 srcPort>35791 dst>fd10:23:100::2/23800 
05:34:59.513584 OFF flow>6568 srcPort>36937 dst>fd10:23:100::2/23368 
05:34:59.536908 SHUTDOWN flow>6728 srcPort>36955 dst>fd10:23:100::2/23528 
05:34:59.601894 CONNECT flow>7000 srcPort>35791 dst>fd10:23:100::2/23800 
05:34:59.610218 SHUTDOWN flow>6736 srcPort>36923 dst>fd10:23:100::2/23536 
05:34:59.666791 OFF flow>6624 srcPort>44015 dst>fd10:23:100::2/23424 
05:34:59.686158 OFF flow>6696 srcPort>43183 dst>fd10:23:100::2/23496 
05:34:59.733551 ON flow>7008 srcPort>46325 dst>fd10:23:100::2/23808 
05:34:59.757132 SHUTDOWN flow>6720 srcPort>45593 dst>fd10:23:100::2/23520 
05:34:59.767874 SHUTDOWN flow>6744 srcPort>44837 dst>fd10:23:100::2/23544 
05:34:59.779636 SHUTDOWN flow>6712 srcPort>36891 dst>fd10:23:100::2/23512 
05:34:59.818440 OFF flow>6608 srcPort>44535 dst>fd10:23:100::2/23408 
05:34:59.829095 ON flow>7016 srcPort>40125 dst>fd10:23:100::2/23816 
05:34:59.829133 CONNECT flow>7008 srcPort>46325 dst>fd10:23:100::2/23808 
05:34:59.859824 OFF flow>6736 srcPort>36923 dst>fd10:23:100::2/23536 
05:34:59.894946 OFF flow>6640 srcPort>32973 dst>fd10:23:100::2/23440 
05:34:59.931161 CONNECT flow>7016 srcPort>40125 dst>fd10:23:100::2/23816 
05:34:59.944073 OFF flow>6688 srcPort>35849 dst>fd10:23:100::2/23488 
05:34:59.946467 SHUTDOWN flow>6752 srcPort>45151 dst>fd10:23:100::2/23552 
05:34:59.948689 ON flow>7024 srcPort>38157 dst>fd10:23:100::2/23824 
05:35:00.046174 CONNECT flow>7024 srcPort>38157 dst>fd10:23:100::2/23824 
05:35:00.072850 ON flow>7032 srcPort>33325 dst>fd10:23:100::2/23832 
05:35:00.090854 SHUTDOWN flow>6760 srcPort>39769 dst>fd10:23:100::2/23560 
05:35:00.114115 OFF flow>6664 srcPort>44547 dst>fd10:23:100::2/23464 
05:35:00.170305 CONNECT flow>7032 srcPort>33325 dst>fd10:23:100::2/23832 
05:35:00.203494 ON flow>7040 srcPort>39301 dst>fd10:23:100::2/23840 
05:35:00.214958 OFF flow>6616 srcPort>42703 dst>fd10:23:100::2/23416 
05:35:00.298733 ON flow>7048 srcPort>40877 dst>fd10:23:100::2/23848 
05:35:00.298762 CONNECT flow>7040 srcPort>39301 dst>fd10:23:100::2/23840 
05:35:00.303743 SHUTDOWN flow>6768 srcPort>37955 dst>fd10:23:100::2/23568 
05:35:00.364149 OFF flow>6744 srcPort>44837 dst>fd10:23:100::2/23544 
05:35:00.367195 SHUTDOWN flow>6776 srcPort>35825 dst>fd10:23:100::2/23576 
05:35:00.395809 CONNECT flow>7048 srcPort>40877 dst>fd10:23:100::2/23848 
05:35:00.405448 OFF flow>6728 srcPort>36955 dst>fd10:23:100::2/23528 
05:35:00.471787 OFF flow>6680 srcPort>34041 dst>fd10:23:100::2/23480 
05:35:00.503958 ON flow>7056 srcPort>39189 dst>fd10:23:100::2/23856 
05:35:00.514505 SHUTDOWN flow>6784 srcPort>36627 dst>fd10:23:100::2/23584 
05:35:00.523401 OFF flow>6656 srcPort>45453 dst>fd10:23:100::2/23456 
05:35:00.523683 OFF flow>6592 srcPort>42531 dst>fd10:23:100::2/23392 
05:35:00.600826 CONNECT flow>7056 srcPort>39189 dst>fd10:23:100::2/23856 
05:35:00.628519 SHUTDOWN flow>6792 srcPort>39235 dst>fd10:23:100::2/23592 
05:35:00.709311 SHUTDOWN flow>6800 srcPort>40313 dst>fd10:23:100::2/23600 
05:35:00.846057 OFF flow>6800 srcPort>40313 dst>fd10:23:100::2/23600 
05:35:00.863699 OFF flow>6792 srcPort>39235 dst>fd10:23:100::2/23592 
05:35:00.892326 OFF flow>6752 srcPort>45151 dst>fd10:23:100::2/23552 
05:35:00.923773 SHUTDOWN flow>6808 srcPort>45315 dst>fd10:23:100::2/23608 
05:35:00.924710 OFF flow>6760 srcPort>39769 dst>fd10:23:100::2/23560 
05:35:00.992761 ON flow>7064 srcPort>43425 dst>fd10:23:100::2/23864 
05:35:01.075246 OFF flow>6648 srcPort>34481 dst>fd10:23:100::2/23448 
05:35:01.079293 CONNECT flow>7064 srcPort>43425 dst>fd10:23:100::2/23864 
05:35:01.101080 OFF flow>6768 srcPort>37955 dst>fd10:23:100::2/23568 
05:35:01.107336 OFF flow>6712 srcPort>36891 dst>fd10:23:100::2/23512 
05:35:01.142178 OFF flow>6720 srcPort>45593 dst>fd10:23:100::2/23520 
05:35:01.153612 ON flow>7072 srcPort>42743 dst>fd10:23:100::2/23872 
05:35:01.230532 CONNECT flow>7072 srcPort>42743 dst>fd10:23:100::2/23872 
05:35:01.284441 OFF flow>6808 srcPort>45315 dst>fd10:23:100::2/23608 
05:35:01.298437 OFF flow>6776 srcPort>35825 dst>fd10:23:100::2/23576 
05:35:01.391333 ON flow>7080 srcPort>37829 dst>fd10:23:100::2/23880 
05:35:01.461954 CONNECT flow>7080 srcPort>37829 dst>fd10:23:100::2/23880 
05:35:01.485277 SHUTDOWN flow>6824 srcPort>42005 dst>fd10:23:100::2/23624 
05:35:01.490918 ON flow>7088 srcPort>40973 dst>fd10:23:100::2/23888 
05:35:01.557255 OFF flow>6824 srcPort>42005 dst>fd10:23:100::2/23624 
05:35:01.562763 CONNECT flow>7088 srcPort>40973 dst>fd10:23:100::2/23888 
05:35:01.659751 ON flow>7096 srcPort>42041 dst>fd10:23:100::2/23896 
05:35:01.660473 OFF flow>6784 srcPort>36627 dst>fd10:23:100::2/23584 
05:35:01.728821 CONNECT flow>7096 srcPort>42041 dst>fd10:23:100::2/23896 
05:35:01.731967 ON flow>7104 srcPort>36509 dst>fd10:23:100::2/23904 
05:35:01.744980 SHUTDOWN flow>6832 srcPort>38475 dst>fd10:23:100::2/23632 
05:35:01.801596 CONNECT flow>7104 srcPort>36509 dst>fd10:23:100::2/23904 
05:35:01.815635 OFF flow>6832 srcPort>38475 dst>fd10:23:100::2/23632 
05:35:01.958665 ON flow>7112 srcPort>38409 dst>fd10:23:100::2/23912 
05:35:02.035327 CONNECT flow>7112 srcPort>38409 dst>fd10:23:100::2/23912 
05:35:02.061752 SHUTDOWN flow>6840 srcPort>43343 dst>fd10:23:100::2/23640 
05:35:02.121400 ON flow>7120 srcPort>43489 dst>fd10:23:100::2/23920 
05:35:02.142649 OFF flow>6840 srcPort>43343 dst>fd10:23:100::2/23640 
05:35:02.186088 SHUTDOWN flow>6848 srcPort>43501 dst>fd10:23:100::2/23648 
05:35:02.199843 CONNECT flow>7120 srcPort>43489 dst>fd10:23:100::2/23920 
05:35:02.244965 ON flow>7128 srcPort>42841 dst>fd10:23:100::2/23928 
05:35:02.271391 OFF flow>6848 srcPort>43501 dst>fd10:23:100::2/23648 
05:35:02.276298 SHUTDOWN flow>6856 srcPort>44917 dst>fd10:23:100::2/23656 
05:35:02.331905 SHUTDOWN flow>6864 srcPort>45279 dst>fd10:23:100::2/23664 
05:35:02.333306 CONNECT flow>7128 srcPort>42841 dst>fd10:23:100::2/23928 
05:35:02.353621 ON flow>7136 srcPort>45599 dst>fd10:23:100::2/23936 
05:35:02.364180 OFF flow>6856 srcPort>44917 dst>fd10:23:100::2/23656 
05:35:02.406771 SHUTDOWN flow>6872 srcPort>45353 dst>fd10:23:100::2/23672 
05:35:02.422627 OFF flow>6864 srcPort>45279 dst>fd10:23:100::2/23664 
05:35:02.445828 CONNECT flow>7136 srcPort>45599 dst>fd10:23:100::2/23936 
05:35:02.503440 SHUTDOWN flow>6880 srcPort>44543 dst>fd10:23:100::2/23680 
05:35:02.547789 ON flow>7144 srcPort>36279 dst>fd10:23:100::2/23944 
05:35:02.562314 SHUTDOWN flow>6888 srcPort>40247 dst>fd10:23:100::2/23688 
05:35:02.639267 ON flow>7152 srcPort>36135 dst>fd10:23:100::2/23952 
05:35:02.641283 CONNECT flow>7144 srcPort>36279 dst>fd10:23:100::2/23944 
05:35:02.658332 SHUTDOWN flow>6904 srcPort>38421 dst>fd10:23:100::2/23704 
05:35:02.703996 SHUTDOWN flow>6896 srcPort>35177 dst>fd10:23:100::2/23696 
05:35:02.715519 SHUTDOWN flow>6912 srcPort>37875 dst>fd10:23:100::2/23712 
05:35:02.718794 ON flow>7160 srcPort>45447 dst>fd10:23:100::2/23960 
05:35:02.731493 CONNECT flow>7152 srcPort>36135 dst>fd10:23:100::2/23952 
05:35:02.758888 OFF flow>6904 srcPort>38421 dst>fd10:23:100::2/23704 
05:35:02.787223 SHUTDOWN flow>6920 srcPort>44905 dst>fd10:23:100::2/23720 
05:35:02.790800 ON flow>7168 srcPort>35379 dst>fd10:23:100::2/23968 
05:35:02.815213 CONNECT flow>7160 srcPort>45447 dst>fd10:23:100::2/23960 
05:35:02.830062 ON flow>7176 srcPort>46807 dst>fd10:23:100::2/23976 
05:35:02.845969 OFF flow>6872 srcPort>45353 dst>fd10:23:100::2/23672 
05:35:02.850104 SHUTDOWN flow>6928 srcPort>39289 dst>fd10:23:100::2/23728 
05:35:02.881158 OFF flow>6920 srcPort>44905 dst>fd10:23:100::2/23720 
05:35:02.883767 CONNECT flow>7168 srcPort>35379 dst>fd10:23:100::2/23968 
05:35:02.923545 CONNECT flow>7176 srcPort>46807 dst>fd10:23:100::2/23976 
05:35:02.928233 SHUTDOWN flow>6936 srcPort>34321 dst>fd10:23:100::2/23736 
05:35:02.942120 OFF flow>6928 srcPort>39289 dst>fd10:23:100::2/23728 
05:35:02.945475 ON flow>7184 srcPort>44495 dst>fd10:23:100::2/23984 
05:35:02.952900 OFF flow>6888 srcPort>40247 dst>fd10:23:100::2/23688 
05:35:02.958189 OFF flow>6912 srcPort>37875 dst>fd10:23:100::2/23712 
05:35:02.985405 OFF flow>6896 srcPort>35177 dst>fd10:23:100::2/23696 
05:35:03.021115 OFF flow>6936 srcPort>34321 dst>fd10:23:100::2/23736 
05:35:03.027513 ON flow>7192 srcPort>46007 dst>fd10:23:100::2/23992 
05:35:03.037450 CONNECT flow>7184 srcPort>44495 dst>fd10:23:100::2/23984 
05:35:03.089546 SHUTDOWN flow>6944 srcPort>44841 dst>fd10:23:100::2/23744 
05:35:03.115255 CONNECT flow>7192 srcPort>46007 dst>fd10:23:100::2/23992 
05:35:03.172288 ON flow>7200 srcPort>43633 dst>fd10:23:100::2/24000 
05:35:03.181342 OFF flow>6944 srcPort>44841 dst>fd10:23:100::2/23744 
05:35:03.218031 SHUTDOWN flow>6952 srcPort>39733 dst>fd10:23:100::2/23752 
05:35:03.264334 CONNECT flow>7200 srcPort>43633 dst>fd10:23:100::2/24000 
05:35:03.310619 OFF flow>6952 srcPort>39733 dst>fd10:23:100::2/23752 
05:35:03.409875 SHUTDOWN flow>6816 srcPort>36651 dst>fd10:23:100::2/23616 
05:35:03.471510 SHUTDOWN flow>6960 srcPort>35827 dst>fd10:23:100::2/23760 
05:35:03.477852 ON flow>7208 srcPort>36373 dst>fd10:23:100::2/24008 
05:35:03.563169 OFF flow>6960 srcPort>35827 dst>fd10:23:100::2/23760 
05:35:03.567346 CONNECT flow>7208 srcPort>36373 dst>fd10:23:100::2/24008 
05:35:03.591290 ON flow>7216 srcPort>34015 dst>fd10:23:100::2/24016 
05:35:03.652811 SHUTDOWN flow>6968 srcPort>40287 dst>fd10:23:100::2/23768 
05:35:03.682338 CONNECT flow>7216 srcPort>34015 dst>fd10:23:100::2/24016 
05:35:03.725922 OFF flow>6816 srcPort>36651 dst>fd10:23:100::2/23616 
05:35:03.726546 ON flow>7224 srcPort>39601 dst>fd10:23:100::2/24024 
05:35:03.748352 OFF flow>6968 srcPort>40287 dst>fd10:23:100::2/23768 
05:35:03.756221 SHUTDOWN flow>6976 srcPort>33535 dst>fd10:23:100::2/23776 
05:35:03.799300 ON flow>7232 srcPort>38517 dst>fd10:23:100::2/24032 
05:35:03.816803 CONNECT flow>7224 srcPort>39601 dst>fd10:23:100::2/24024 
05:35:03.849746 OFF flow>6976 srcPort>33535 dst>fd10:23:100::2/23776 
05:35:03.864642 SHUTDOWN flow>6984 srcPort>46221 dst>fd10:23:100::2/23784 
05:35:03.867135 ON flow>7240 srcPort>46063 dst>fd10:23:100::2/24040 
05:35:03.887005 CONNECT flow>7232 srcPort>38517 dst>fd10:23:100::2/24032 
05:35:03.954262 OFF flow>6984 srcPort>46221 dst>fd10:23:100::2/23784 
05:35:03.957140 CONNECT flow>7240 srcPort>46063 dst>fd10:23:100::2/24040 
05:35:03.988462 ON flow>7248 srcPort>34779 dst>fd10:23:100::2/24048 
05:35:04.084281 CONNECT flow>7248 srcPort>34779 dst>fd10:23:100::2/24048 
05:35:04.122218 ON flow>7256 srcPort>34693 dst>fd10:23:100::2/24056 
05:35:04.131711 SHUTDOWN flow>6992 srcPort>38559 dst>fd10:23:100::2/23792 
05:35:04.212513 ON flow>7264 srcPort>38971 dst>fd10:23:100::2/24064 
05:35:04.218374 OFF flow>6880 srcPort>44543 dst>fd10:23:100::2/23680 
05:35:04.221960 CONNECT flow>7256 srcPort>34693 dst>fd10:23:100::2/24056 
05:35:04.231157 OFF flow>6992 srcPort>38559 dst>fd10:23:100::2/23792 
05:35:04.295331 SHUTDOWN flow>7000 srcPort>35791 dst>fd10:23:100::2/23800 
05:35:04.310387 CONNECT flow>7264 srcPort>38971 dst>fd10:23:100::2/24064 
05:35:04.328987 ON flow>7272 srcPort>37839 dst>fd10:23:100::2/24072 
05:35:04.399641 OFF flow>7000 srcPort>35791 dst>fd10:23:100::2/23800 
05:35:04.431721 CONNECT flow>7272 srcPort>37839 dst>fd10:23:100::2/24072 
05:35:04.515870 ON flow>7280 srcPort>42855 dst>fd10:23:100::2/24080 
05:35:04.533342 SHUTDOWN flow>7008 srcPort>46325 dst>fd10:23:100::2/23808 
05:35:04.613794 CONNECT flow>7280 srcPort>42855 dst>fd10:23:100::2/24080 
05:35:04.628978 SHUTDOWN flow>7016 srcPort>40125 dst>fd10:23:100::2/23816 
05:35:04.667968 OFF flow>7008 srcPort>46325 dst>fd10:23:100::2/23808 
05:35:04.730860 ON flow>7288 srcPort>43699 dst>fd10:23:100::2/24088 
05:35:04.731948 OFF flow>7016 srcPort>40125 dst>fd10:23:100::2/23816 
05:35:04.748102 SHUTDOWN flow>7024 srcPort>38157 dst>fd10:23:100::2/23824 
05:35:04.824697 ON flow>7296 srcPort>37243 dst>fd10:23:100::2/24096 
05:35:04.831244 CONNECT flow>7288 srcPort>43699 dst>fd10:23:100::2/24088 
05:35:04.847290 OFF flow>7024 srcPort>38157 dst>fd10:23:100::2/23824 
05:35:04.872666 SHUTDOWN flow>7032 srcPort>33325 dst>fd10:23:100::2/23832 
05:35:04.875536 ON flow>7304 srcPort>44041 dst>fd10:23:100::2/24104 
05:35:04.920682 CONNECT flow>7296 srcPort>37243 dst>fd10:23:100::2/24096 
05:35:04.976905 CONNECT flow>7304 srcPort>44041 dst>fd10:23:100::2/24104 
05:35:05.003349 SHUTDOWN flow>7040 srcPort>39301 dst>fd10:23:100::2/23840 
05:35:05.098925 SHUTDOWN flow>7048 srcPort>40877 dst>fd10:23:100::2/23848 
05:35:05.107908 OFF flow>7040 srcPort>39301 dst>fd10:23:100::2/23840 
05:35:05.202189 OFF flow>7048 srcPort>40877 dst>fd10:23:100::2/23848 
05:35:05.302649 SHUTDOWN flow>7056 srcPort>39189 dst>fd10:23:100::2/23856 
05:35:05.500279 ON flow>7312 srcPort>34267 dst>fd10:23:100::2/24112 
05:35:05.588026 CONNECT flow>7312 srcPort>34267 dst>fd10:23:100::2/24112 
05:35:05.698135 OFF flow>7056 srcPort>39189 dst>fd10:23:100::2/23856 
05:35:05.706867 OFF flow>7032 srcPort>33325 dst>fd10:23:100::2/23832 
05:35:05.792446 SHUTDOWN flow>7064 srcPort>43425 dst>fd10:23:100::2/23864 
05:35:05.824777 ON flow>7320 srcPort>39501 dst>fd10:23:100::2/24120 
05:35:05.868162 OFF flow>7064 srcPort>43425 dst>fd10:23:100::2/23864 
05:35:05.898652 CONNECT flow>7320 srcPort>39501 dst>fd10:23:100::2/24120 
05:35:05.953639 SHUTDOWN flow>7072 srcPort>42743 dst>fd10:23:100::2/23872 
05:35:05.964346 ON flow>7328 srcPort>39373 dst>fd10:23:100::2/24128 
05:35:06.037422 CONNECT flow>7328 srcPort>39373 dst>fd10:23:100::2/24128 
05:35:06.111727 ON flow>7336 srcPort>43933 dst>fd10:23:100::2/24136 
05:35:06.182712 OFF flow>7072 srcPort>42743 dst>fd10:23:100::2/23872 
05:35:06.183615 CONNECT flow>7336 srcPort>43933 dst>fd10:23:100::2/24136 
05:35:06.191218 SHUTDOWN flow>7080 srcPort>37829 dst>fd10:23:100::2/23880 
05:35:06.265223 OFF flow>7080 srcPort>37829 dst>fd10:23:100::2/23880 
05:35:06.273696 ON flow>7344 srcPort>46573 dst>fd10:23:100::2/24144 
05:35:06.290792 SHUTDOWN flow>7088 srcPort>40973 dst>fd10:23:100::2/23888 
05:35:06.329643 ON flow>7352 srcPort>41057 dst>fd10:23:100::2/24152 
05:35:06.350436 CONNECT flow>7344 srcPort>46573 dst>fd10:23:100::2/24144 
05:35:06.367802 OFF flow>7088 srcPort>40973 dst>fd10:23:100::2/23888 
05:35:06.405139 CONNECT flow>7352 srcPort>41057 dst>fd10:23:100::2/24152 
05:35:06.467171 ON flow>7360 srcPort>38643 dst>fd10:23:100::2/24160 
05:35:06.521454 ON flow>7368 srcPort>33117 dst>fd10:23:100::2/24168 
05:35:06.531800 SHUTDOWN flow>7104 srcPort>36509 dst>fd10:23:100::2/23904 
05:35:06.545864 CONNECT flow>7360 srcPort>38643 dst>fd10:23:100::2/24160 
05:35:06.548030 SHUTDOWN flow>7096 srcPort>42041 dst>fd10:23:100::2/23896 
05:35:06.602734 CONNECT flow>7368 srcPort>33117 dst>fd10:23:100::2/24168 
05:35:06.691408 ON flow>7376 srcPort>45715 dst>fd10:23:100::2/24176 
05:35:06.758515 SHUTDOWN flow>7112 srcPort>38409 dst>fd10:23:100::2/23912 
05:35:06.770258 ON flow>7384 srcPort>39941 dst>fd10:23:100::2/24184 
05:35:06.774169 OFF flow>7104 srcPort>36509 dst>fd10:23:100::2/23904 
05:35:06.787306 CONNECT flow>7376 srcPort>45715 dst>fd10:23:100::2/24176 
05:35:06.867307 CONNECT flow>7384 srcPort>39941 dst>fd10:23:100::2/24184 
05:35:06.921218 SHUTDOWN flow>7120 srcPort>43489 dst>fd10:23:100::2/23920 
05:35:06.938385 ON flow>7392 srcPort>43115 dst>fd10:23:100::2/24192 
05:35:07.032060 ON flow>7400 srcPort>39385 dst>fd10:23:100::2/24200 
05:35:07.044555 CONNECT flow>7392 srcPort>43115 dst>fd10:23:100::2/24192 
05:35:07.139572 CONNECT flow>7400 srcPort>39385 dst>fd10:23:100::2/24200 
05:35:07.185218 OFF flow>7112 srcPort>38409 dst>fd10:23:100::2/23912 
05:35:07.186024 SHUTDOWN flow>7128 srcPort>42841 dst>fd10:23:100::2/23928 
05:35:07.192425 ON flow>7408 srcPort>46645 dst>fd10:23:100::2/24208 
05:35:07.301099 CONNECT flow>7408 srcPort>46645 dst>fd10:23:100::2/24208 
05:35:07.347464 SHUTDOWN flow>7144 srcPort>36279 dst>fd10:23:100::2/23944 
05:35:07.385894 SHUTDOWN flow>7136 srcPort>45599 dst>fd10:23:100::2/23936 
05:35:07.439126 SHUTDOWN flow>7152 srcPort>36135 dst>fd10:23:100::2/23952 
05:35:07.441839 ON flow>7416 srcPort>45057 dst>fd10:23:100::2/24216 
05:35:07.518641 SHUTDOWN flow>7160 srcPort>45447 dst>fd10:23:100::2/23960 
05:35:07.543370 OFF flow>7120 srcPort>43489 dst>fd10:23:100::2/23920 
05:35:07.552434 CONNECT flow>7416 srcPort>45057 dst>fd10:23:100::2/24216 
05:35:07.587939 OFF flow>7144 srcPort>36279 dst>fd10:23:100::2/23944 
05:35:07.590627 SHUTDOWN flow>7168 srcPort>35379 dst>fd10:23:100::2/23968 
05:35:07.620240 ON flow>7424 srcPort>42439 dst>fd10:23:100::2/24224 
05:35:07.629845 SHUTDOWN flow>7176 srcPort>46807 dst>fd10:23:100::2/23976 
05:35:07.643120 OFF flow>7152 srcPort>36135 dst>fd10:23:100::2/23952 
05:35:07.658161 OFF flow>7136 srcPort>45599 dst>fd10:23:100::2/23936 
05:35:07.692599 OFF flow>7168 srcPort>35379 dst>fd10:23:100::2/23968 
05:35:07.715748 CONNECT flow>7424 srcPort>42439 dst>fd10:23:100::2/24224 
05:35:07.723100 OFF flow>7176 srcPort>46807 dst>fd10:23:100::2/23976 
05:35:07.745564 SHUTDOWN flow>7184 srcPort>44495 dst>fd10:23:100::2/23984 
05:35:07.748823 ON flow>7432 srcPort>40471 dst>fd10:23:100::2/24232 
05:35:07.834160 OFF flow>7184 srcPort>44495 dst>fd10:23:100::2/23984 
05:35:07.837406 CONNECT flow>7432 srcPort>40471 dst>fd10:23:100::2/24232 
05:35:07.930048 ON flow>7440 srcPort>40433 dst>fd10:23:100::2/24240 
05:35:07.958151 OFF flow>7096 srcPort>42041 dst>fd10:23:100::2/23896 
05:35:07.972171 SHUTDOWN flow>7200 srcPort>43633 dst>fd10:23:100::2/24000 
05:35:08.010437 CONNECT flow>7440 srcPort>40433 dst>fd10:23:100::2/24240 
05:35:08.015665 OFF flow>7128 srcPort>42841 dst>fd10:23:100::2/23928 
05:35:08.026858 ON flow>7448 srcPort>42467 dst>fd10:23:100::2/24248 
05:35:08.038147 SHUTDOWN flow>7192 srcPort>46007 dst>fd10:23:100::2/23992 
05:35:08.048084 OFF flow>7200 srcPort>43633 dst>fd10:23:100::2/24000 
05:35:08.104884 CONNECT flow>7448 srcPort>42467 dst>fd10:23:100::2/24248 
05:35:08.154922 ON flow>7456 srcPort>42877 dst>fd10:23:100::2/24256 
05:35:08.226072 CONNECT flow>7456 srcPort>42877 dst>fd10:23:100::2/24256 
05:35:08.259223 OFF flow>7160 srcPort>45447 dst>fd10:23:100::2/23960 
05:35:08.271021 ON flow>7464 srcPort>43631 dst>fd10:23:100::2/24264 
05:35:08.277479 SHUTDOWN flow>7208 srcPort>36373 dst>fd10:23:100::2/24008 
05:35:08.343805 CONNECT flow>7464 srcPort>43631 dst>fd10:23:100::2/24264 
05:35:08.351418 ON flow>7472 srcPort>36573 dst>fd10:23:100::2/24272 
05:35:08.351478 OFF flow>7208 srcPort>36373 dst>fd10:23:100::2/24008 
05:35:08.391207 SHUTDOWN flow>7216 srcPort>34015 dst>fd10:23:100::2/24016 
05:35:08.424023 CONNECT flow>7472 srcPort>36573 dst>fd10:23:100::2/24272 
05:35:08.465849 OFF flow>7216 srcPort>34015 dst>fd10:23:100::2/24016 
05:35:08.487290 ON flow>7480 srcPort>39389 dst>fd10:23:100::2/24280 
05:35:08.525921 SHUTDOWN flow>7224 srcPort>39601 dst>fd10:23:100::2/24024 
05:35:08.557905 CONNECT flow>7480 srcPort>39389 dst>fd10:23:100::2/24280 
05:35:08.598992 OFF flow>7224 srcPort>39601 dst>fd10:23:100::2/24024 
05:35:08.599675 SHUTDOWN flow>7232 srcPort>38517 dst>fd10:23:100::2/24032 
05:35:08.636471 ON flow>7488 srcPort>39003 dst>fd10:23:100::2/24288 
05:35:08.666480 OFF flow>7192 srcPort>46007 dst>fd10:23:100::2/23992 
05:35:08.666848 SHUTDOWN flow>7240 srcPort>46063 dst>fd10:23:100::2/24040 
05:35:08.705696 CONNECT flow>7488 srcPort>39003 dst>fd10:23:100::2/24288 
05:35:08.718962 ON flow>7496 srcPort>46705 dst>fd10:23:100::2/24296 
05:35:08.738347 OFF flow>7240 srcPort>46063 dst>fd10:23:100::2/24040 
05:35:08.749766 ON flow>7504 srcPort>36713 dst>fd10:23:100::2/24304 
05:35:08.788438 SHUTDOWN flow>7248 srcPort>34779 dst>fd10:23:100::2/24048 
05:35:08.790381 CONNECT flow>7496 srcPort>46705 dst>fd10:23:100::2/24296 
05:35:08.819819 CONNECT flow>7504 srcPort>36713 dst>fd10:23:100::2/24304 
05:35:08.835799 ON flow>7512 srcPort>41351 dst>fd10:23:100::2/24312 
05:35:08.906369 CONNECT flow>7512 srcPort>41351 dst>fd10:23:100::2/24312 
05:35:08.921980 SHUTDOWN flow>7256 srcPort>34693 dst>fd10:23:100::2/24056 
05:35:08.945573 ON flow>7520 srcPort>32917 dst>fd10:23:100::2/24320 
05:35:08.967344 OFF flow>7248 srcPort>34779 dst>fd10:23:100::2/24048 
05:35:09.012641 SHUTDOWN flow>7264 srcPort>38971 dst>fd10:23:100::2/24064 
05:35:09.023365 CONNECT flow>7520 srcPort>32917 dst>fd10:23:100::2/24320 
05:35:09.040964 ON flow>7528 srcPort>36879 dst>fd10:23:100::2/24328 
05:35:09.087579 OFF flow>7264 srcPort>38971 dst>fd10:23:100::2/24064 
05:35:09.106011 ON flow>7536 srcPort>33885 dst>fd10:23:100::2/24336 
05:35:09.118076 CONNECT flow>7528 srcPort>36879 dst>fd10:23:100::2/24328 
05:35:09.146114 OFF flow>7232 srcPort>38517 dst>fd10:23:100::2/24032 
05:35:09.148599 ON flow>7544 srcPort>46649 dst>fd10:23:100::2/24344 
05:35:09.173260 SHUTDOWN flow>7272 srcPort>37839 dst>fd10:23:100::2/24072 
05:35:09.184682 CONNECT flow>7536 srcPort>33885 dst>fd10:23:100::2/24336 
05:35:09.231381 CONNECT flow>7544 srcPort>46649 dst>fd10:23:100::2/24344 
05:35:09.315704 SHUTDOWN flow>7280 srcPort>42855 dst>fd10:23:100::2/24080 
05:35:09.319533 ON flow>7552 srcPort>46737 dst>fd10:23:100::2/24352 
05:35:09.369507 OFF flow>7272 srcPort>37839 dst>fd10:23:100::2/24072 
05:35:09.403440 OFF flow>7280 srcPort>42855 dst>fd10:23:100::2/24080 
05:35:09.406804 CONNECT flow>7552 srcPort>46737 dst>fd10:23:100::2/24352 
05:35:09.434834 ON flow>7560 srcPort>34479 dst>fd10:23:100::2/24360 
05:35:09.442126 OFF flow>7256 srcPort>34693 dst>fd10:23:100::2/24056 
05:35:09.526761 CONNECT flow>7560 srcPort>34479 dst>fd10:23:100::2/24360 
05:35:09.530255 SHUTDOWN flow>7288 srcPort>43699 dst>fd10:23:100::2/24088 
05:35:09.540127 ON flow>7568 srcPort>40253 dst>fd10:23:100::2/24368 
05:35:09.622796 OFF flow>7288 srcPort>43699 dst>fd10:23:100::2/24088 
05:35:09.623371 SHUTDOWN flow>7296 srcPort>37243 dst>fd10:23:100::2/24096 
05:35:09.633056 CONNECT flow>7568 srcPort>40253 dst>fd10:23:100::2/24368 
05:35:09.675173 SHUTDOWN flow>7304 srcPort>44041 dst>fd10:23:100::2/24104 
05:35:09.690573 ON flow>7576 srcPort>36215 dst>fd10:23:100::2/24376 
05:35:09.716227 OFF flow>7296 srcPort>37243 dst>fd10:23:100::2/24096 
05:35:09.779176 CONNECT flow>7576 srcPort>36215 dst>fd10:23:100::2/24376 
05:35:09.814337 OFF flow>7304 srcPort>44041 dst>fd10:23:100::2/24104 
05:35:10.059207 ON flow>7584 srcPort>34295 dst>fd10:23:100::2/24384 
05:35:10.162715 CONNECT flow>7584 srcPort>34295 dst>fd10:23:100::2/24384 
05:35:10.299900 SHUTDOWN flow>7312 srcPort>34267 dst>fd10:23:100::2/24112 
05:35:10.498104 ON flow>7592 srcPort>38097 dst>fd10:23:100::2/24392 
05:35:10.596218 CONNECT flow>7592 srcPort>38097 dst>fd10:23:100::2/24392 
05:35:10.624530 SHUTDOWN flow>7320 srcPort>39501 dst>fd10:23:100::2/24120 
05:35:10.709266 OFF flow>7312 srcPort>34267 dst>fd10:23:100::2/24112 
05:35:10.756856 ON flow>7600 srcPort>44561 dst>fd10:23:100::2/24400 
05:35:10.764062 SHUTDOWN flow>7328 srcPort>39373 dst>fd10:23:100::2/24128 
05:35:10.764901 OFF flow>7320 srcPort>39501 dst>fd10:23:100::2/24120 
05:35:10.862686 CONNECT flow>7600 srcPort>44561 dst>fd10:23:100::2/24400 
05:35:10.899197 ON flow>7608 srcPort>46133 dst>fd10:23:100::2/24408 
05:35:10.911552 SHUTDOWN flow>7336 srcPort>43933 dst>fd10:23:100::2/24136 
05:35:10.976833 ON flow>7616 srcPort>34225 dst>fd10:23:100::2/24416 
05:35:10.995997 CONNECT flow>7608 srcPort>46133 dst>fd10:23:100::2/24408 
05:35:11.041446 OFF flow>7336 srcPort>43933 dst>fd10:23:100::2/24136 
05:35:11.050968 OFF flow>7328 srcPort>39373 dst>fd10:23:100::2/24128 
05:35:11.071142 CONNECT flow>7616 srcPort>34225 dst>fd10:23:100::2/24416 
05:35:11.073567 SHUTDOWN flow>7344 srcPort>46573 dst>fd10:23:100::2/24144 
05:35:11.142729 ON flow>7624 srcPort>37917 dst>fd10:23:100::2/24424 
05:35:11.251261 CONNECT flow>7624 srcPort>37917 dst>fd10:23:100::2/24424 
05:35:11.321143 SHUTDOWN flow>7368 srcPort>33117 dst>fd10:23:100::2/24168 
05:35:11.323428 ON flow>7632 srcPort>34187 dst>fd10:23:100::2/24432 
05:35:11.372715 SHUTDOWN flow>7360 srcPort>38643 dst>fd10:23:100::2/24160 
05:35:11.428883 CONNECT flow>7632 srcPort>34187 dst>fd10:23:100::2/24432 
05:35:11.465683 SHUTDOWN flow>7352 srcPort>41057 dst>fd10:23:100::2/24152 
05:35:11.491405 SHUTDOWN flow>7376 srcPort>45715 dst>fd10:23:100::2/24176 
05:35:11.496627 ON flow>7640 srcPort>42313 dst>fd10:23:100::2/24440 
05:35:11.569770 SHUTDOWN flow>7384 srcPort>39941 dst>fd10:23:100::2/24184 
05:35:11.599302 OFF flow>7376 srcPort>45715 dst>fd10:23:100::2/24176 
05:35:11.603117 CONNECT flow>7640 srcPort>42313 dst>fd10:23:100::2/24440 
05:35:11.623722 OFF flow>7368 srcPort>33117 dst>fd10:23:100::2/24168 
05:35:11.684727 OFF flow>7360 srcPort>38643 dst>fd10:23:100::2/24160 
05:35:11.738157 SHUTDOWN flow>7392 srcPort>43115 dst>fd10:23:100::2/24192 
05:35:11.741133 ON flow>7648 srcPort>43275 dst>fd10:23:100::2/24448 
05:35:11.865520 CONNECT flow>7648 srcPort>43275 dst>fd10:23:100::2/24448 
05:35:11.870364 OFF flow>7392 srcPort>43115 dst>fd10:23:100::2/24192 
05:35:11.992325 SHUTDOWN flow>7408 srcPort>46645 dst>fd10:23:100::2/24208 
05:35:12.031558 OFF flow>7352 srcPort>41057 dst>fd10:23:100::2/24152 
05:35:12.032098 OFF flow>7344 srcPort>46573 dst>fd10:23:100::2/24144 
05:35:12.096266 OFF flow>7408 srcPort>46645 dst>fd10:23:100::2/24208 
05:35:12.179676 SHUTDOWN flow>7400 srcPort>39385 dst>fd10:23:100::2/24200 
05:35:12.241559 SHUTDOWN flow>7416 srcPort>45057 dst>fd10:23:100::2/24216 
05:35:12.406679 ON flow>7656 srcPort>40909 dst>fd10:23:100::2/24456 
05:35:12.419387 SHUTDOWN flow>7424 srcPort>42439 dst>fd10:23:100::2/24224 
05:35:12.501332 CONNECT flow>7656 srcPort>40909 dst>fd10:23:100::2/24456 
05:35:12.548476 SHUTDOWN flow>7432 srcPort>40471 dst>fd10:23:100::2/24232 
05:35:12.558212 OFF flow>7384 srcPort>39941 dst>fd10:23:100::2/24184 
05:35:12.633431 OFF flow>7432 srcPort>40471 dst>fd10:23:100::2/24232 
05:35:12.637618 OFF flow>7400 srcPort>39385 dst>fd10:23:100::2/24200 
05:35:12.716692 ON flow>7664 srcPort>34909 dst>fd10:23:100::2/24464 
05:35:12.729872 SHUTDOWN flow>7440 srcPort>40433 dst>fd10:23:100::2/24240 
05:35:12.794926 CONNECT flow>7664 srcPort>34909 dst>fd10:23:100::2/24464 
05:35:12.826492 SHUTDOWN flow>7448 srcPort>42467 dst>fd10:23:100::2/24248 
05:35:12.954379 SHUTDOWN flow>7456 srcPort>42877 dst>fd10:23:100::2/24256 
05:35:13.002104 OFF flow>7424 srcPort>42439 dst>fd10:23:100::2/24224 
05:35:13.037570 OFF flow>7440 srcPort>40433 dst>fd10:23:100::2/24240 
05:35:13.070495 SHUTDOWN flow>7464 srcPort>43631 dst>fd10:23:100::2/24264 
05:35:13.089822 ON flow>7672 srcPort>40105 dst>fd10:23:100::2/24472 
05:35:13.092219 OFF flow>7416 srcPort>45057 dst>fd10:23:100::2/24216 
05:35:13.137685 OFF flow>7464 srcPort>43631 dst>fd10:23:100::2/24264 
05:35:13.151086 SHUTDOWN flow>7472 srcPort>36573 dst>fd10:23:100::2/24272 
05:35:13.154813 OFF flow>7456 srcPort>42877 dst>fd10:23:100::2/24256 
05:35:13.159482 CONNECT flow>7672 srcPort>40105 dst>fd10:23:100::2/24472 
05:35:13.215821 OFF flow>7472 srcPort>36573 dst>fd10:23:100::2/24272 
05:35:13.286993 SHUTDOWN flow>7480 srcPort>39389 dst>fd10:23:100::2/24280 
05:35:13.342261 OFF flow>7480 srcPort>39389 dst>fd10:23:100::2/24280 
05:35:13.436156 SHUTDOWN flow>7488 srcPort>39003 dst>fd10:23:100::2/24288 
05:35:13.469919 ON flow>7680 srcPort>43807 dst>fd10:23:100::2/24480 
05:35:13.482324 OFF flow>7488 srcPort>39003 dst>fd10:23:100::2/24288 
05:35:13.514500 CONNECT flow>7680 srcPort>43807 dst>fd10:23:100::2/24480 
05:35:13.518718 SHUTDOWN flow>7496 srcPort>46705 dst>fd10:23:100::2/24296 
05:35:13.549617 SHUTDOWN flow>7504 srcPort>36713 dst>fd10:23:100::2/24304 
05:35:13.558846 OFF flow>7496 srcPort>46705 dst>fd10:23:100::2/24296 
05:35:13.602462 OFF flow>7448 srcPort>42467 dst>fd10:23:100::2/24248 
05:35:13.608371 ON flow>7688 srcPort>34333 dst>fd10:23:100::2/24488 
05:35:13.634647 SHUTDOWN flow>7512 srcPort>41351 dst>fd10:23:100::2/24312 
05:35:13.639818 CONNECT flow>7688 srcPort>34333 dst>fd10:23:100::2/24488 
05:35:13.664360 OFF flow>7512 srcPort>41351 dst>fd10:23:100::2/24312 
05:35:13.711296 OFF flow>7504 srcPort>36713 dst>fd10:23:100::2/24304 
05:35:13.745412 SHUTDOWN flow>7520 srcPort>32917 dst>fd10:23:100::2/24320 
05:35:13.748560 ON flow>7696 srcPort>43685 dst>fd10:23:100::2/24496 
05:35:13.771694 CONNECT flow>7696 srcPort>43685 dst>fd10:23:100::2/24496 
05:35:13.823071 OFF flow>7520 srcPort>32917 dst>fd10:23:100::2/24320 
05:35:13.840716 SHUTDOWN flow>7528 srcPort>36879 dst>fd10:23:100::2/24328 
05:35:13.856330 OFF flow>7528 srcPort>36879 dst>fd10:23:100::2/24328 
05:35:13.905721 SHUTDOWN flow>7536 srcPort>33885 dst>fd10:23:100::2/24336 
05:35:13.913696 OFF flow>7536 srcPort>33885 dst>fd10:23:100::2/24336 
05:35:13.945596 ON flow>7704 srcPort>34485 dst>fd10:23:100::2/24504 
05:35:13.945967 CONNECT flow>7704 srcPort>34485 dst>fd10:23:100::2/24504 
05:35:13.948339 SHUTDOWN flow>7544 srcPort>46649 dst>fd10:23:100::2/24344 
05:35:13.949891 OFF flow>7544 srcPort>46649 dst>fd10:23:100::2/24344 
05:35:14.119259 SHUTDOWN flow>7552 srcPort>46737 dst>fd10:23:100::2/24352 
05:35:14.120043 OFF flow>7552 srcPort>46737 dst>fd10:23:100::2/24352 
05:35:14.124499 ON flow>7712 srcPort>45673 dst>fd10:23:100::2/24512 
05:35:14.124929 CONNECT flow>7712 srcPort>45673 dst>fd10:23:100::2/24512 
05:35:14.234540 SHUTDOWN flow>7560 srcPort>34479 dst>fd10:23:100::2/24360 
05:35:14.235778 OFF flow>7560 srcPort>34479 dst>fd10:23:100::2/24360 
05:35:14.264327 ON flow>7720 srcPort>33523 dst>fd10:23:100::2/24520 
05:35:14.264615 CONNECT flow>7720 srcPort>33523 dst>fd10:23:100::2/24520 
05:35:14.339752 SHUTDOWN flow>7568 srcPort>40253 dst>fd10:23:100::2/24368 
05:35:14.340300 OFF flow>7568 srcPort>40253 dst>fd10:23:100::2/24368 
05:35:14.490223 SHUTDOWN flow>7576 srcPort>36215 dst>fd10:23:100::2/24376 
05:35:14.490687 OFF flow>7576 srcPort>36215 dst>fd10:23:100::2/24376 
05:35:14.572742 ON flow>7728 srcPort>44315 dst>fd10:23:100::2/24528 
05:35:14.573110 CONNECT flow>7728 srcPort>44315 dst>fd10:23:100::2/24528 
05:35:14.858727 SHUTDOWN flow>7584 srcPort>34295 dst>fd10:23:100::2/24384 
05:35:14.859117 OFF flow>7584 srcPort>34295 dst>fd10:23:100::2/24384 
05:35:15.235125 ON flow>7736 srcPort>41353 dst>fd10:23:100::2/24536 
05:35:15.235519 CONNECT flow>7736 srcPort>41353 dst>fd10:23:100::2/24536 
05:35:15.297833 SHUTDOWN flow>7592 srcPort>38097 dst>fd10:23:100::2/24392 
05:35:15.298289 OFF flow>7592 srcPort>38097 dst>fd10:23:100::2/24392 
05:35:15.411277 ON flow>7744 srcPort>36375 dst>fd10:23:100::2/24544 
05:35:15.411634 CONNECT flow>7744 srcPort>36375 dst>fd10:23:100::2/24544 
05:35:15.556515 SHUTDOWN flow>7600 srcPort>44561 dst>fd10:23:100::2/24400 
05:35:15.557339 OFF flow>7600 srcPort>44561 dst>fd10:23:100::2/24400 
05:35:15.586436 ON flow>7752 srcPort>36065 dst>fd10:23:100::2/24552 
05:35:15.587146 CONNECT flow>7752 srcPort>36065 dst>fd10:23:100::2/24552 
05:35:15.667182 ON flow>7760 srcPort>45099 dst>fd10:23:100::2/24560 
05:35:15.667538 CONNECT flow>7760 srcPort>45099 dst>fd10:23:100::2/24560 
05:35:15.698821 SHUTDOWN flow>7608 srcPort>46133 dst>fd10:23:100::2/24408 
05:35:15.699254 OFF flow>7608 srcPort>46133 dst>fd10:23:100::2/24408 
05:35:15.776546 SHUTDOWN flow>7616 srcPort>34225 dst>fd10:23:100::2/24416 
05:35:15.777399 OFF flow>7616 srcPort>34225 dst>fd10:23:100::2/24416 
05:35:15.794677 ON flow>7768 srcPort>40251 dst>fd10:23:100::2/24568 
05:35:15.795078 CONNECT flow>7768 srcPort>40251 dst>fd10:23:100::2/24568 
05:35:15.942527 SHUTDOWN flow>7624 srcPort>37917 dst>fd10:23:100::2/24424 
05:35:15.943197 OFF flow>7624 srcPort>37917 dst>fd10:23:100::2/24424 
05:35:15.951482 ON flow>7776 srcPort>46167 dst>fd10:23:100::2/24576 
05:35:15.951786 CONNECT flow>7776 srcPort>46167 dst>fd10:23:100::2/24576 
05:35:16.063910 ON flow>7784 srcPort>39391 dst>fd10:23:100::2/24584 
05:35:16.064237 CONNECT flow>7784 srcPort>39391 dst>fd10:23:100::2/24584 
05:35:16.123033 SHUTDOWN flow>7632 srcPort>34187 dst>fd10:23:100::2/24432 
05:35:16.123542 OFF flow>7632 srcPort>34187 dst>fd10:23:100::2/24432 
05:35:16.184243 ON flow>7792 srcPort>39195 dst>fd10:23:100::2/24592 
05:35:16.184716 CONNECT flow>7792 srcPort>39195 dst>fd10:23:100::2/24592 
05:35:16.296226 SHUTDOWN flow>7640 srcPort>42313 dst>fd10:23:100::2/24440 
05:35:16.296742 OFF flow>7640 srcPort>42313 dst>fd10:23:100::2/24440 
05:35:16.335812 ON flow>7800 srcPort>43861 dst>fd10:23:100::2/24600 
05:35:16.336745 CONNECT flow>7800 srcPort>43861 dst>fd10:23:100::2/24600 
05:35:16.459452 ON flow>7808 srcPort>34765 dst>fd10:23:100::2/24608 
05:35:16.460369 CONNECT flow>7808 srcPort>34765 dst>fd10:23:100::2/24608 
05:35:16.540776 SHUTDOWN flow>7648 srcPort>43275 dst>fd10:23:100::2/24448 
05:35:16.541726 OFF flow>7648 srcPort>43275 dst>fd10:23:100::2/24448 
05:35:16.668261 ON flow>7816 srcPort>39107 dst>fd10:23:100::2/24616 
05:35:16.668643 CONNECT flow>7816 srcPort>39107 dst>fd10:23:100::2/24616 
05:35:16.833433 ON flow>7824 srcPort>35079 dst>fd10:23:100::2/24624 
05:35:16.833798 CONNECT flow>7824 srcPort>35079 dst>fd10:23:100::2/24624 
05:35:16.960362 ON flow>7832 srcPort>42495 dst>fd10:23:100::2/24632 
05:35:16.960907 CONNECT flow>7832 srcPort>42495 dst>fd10:23:100::2/24632 
05:35:17.047031 ON flow>7840 srcPort>43711 dst>fd10:23:100::2/24640 
05:35:17.047353 CONNECT flow>7840 srcPort>43711 dst>fd10:23:100::2/24640 
05:35:17.176367 ON flow>7848 srcPort>34571 dst>fd10:23:100::2/24648 
05:35:17.176777 CONNECT flow>7848 srcPort>34571 dst>fd10:23:100::2/24648 
05:35:17.206282 SHUTDOWN flow>7656 srcPort>40909 dst>fd10:23:100::2/24456 
05:35:17.207158 OFF flow>7656 srcPort>40909 dst>fd10:23:100::2/24456 
05:35:17.275884 ON flow>7856 srcPort>39409 dst>fd10:23:100::2/24656 
05:35:17.276612 CONNECT flow>7856 srcPort>39409 dst>fd10:23:100::2/24656 
05:35:17.490532 ON flow>7864 srcPort>32777 dst>fd10:23:100::2/24664 
05:35:17.491355 CONNECT flow>7864 srcPort>32777 dst>fd10:23:100::2/24664 
05:35:17.516549 SHUTDOWN flow>7664 srcPort>34909 dst>fd10:23:100::2/24464 
05:35:17.517012 OFF flow>7664 srcPort>34909 dst>fd10:23:100::2/24464 
05:35:17.735926 ON flow>7872 srcPort>36933 dst>fd10:23:100::2/24672 
05:35:17.736488 CONNECT flow>7872 srcPort>36933 dst>fd10:23:100::2/24672 
05:35:17.889539 SHUTDOWN flow>7672 srcPort>40105 dst>fd10:23:100::2/24472 
05:35:17.890085 OFF flow>7672 srcPort>40105 dst>fd10:23:100::2/24472 
05:35:18.001468 ON flow>7880 srcPort>36423 dst>fd10:23:100::2/24680 
05:35:18.002001 CONNECT flow>7880 srcPort>36423 dst>fd10:23:100::2/24680 
05:35:18.230444 ON flow>7888 srcPort>44225 dst>fd10:23:100::2/24688 
05:35:18.231231 CONNECT flow>7888 srcPort>44225 dst>fd10:23:100::2/24688 
05:35:18.269551 SHUTDOWN flow>7680 srcPort>43807 dst>fd10:23:100::2/24480 
05:35:18.270748 OFF flow>7680 srcPort>43807 dst>fd10:23:100::2/24480 
05:35:18.297752 ON flow>7896 srcPort>35089 dst>fd10:23:100::2/24696 
05:35:18.298092 CONNECT flow>7896 srcPort>35089 dst>fd10:23:100::2/24696 
05:35:18.408111 SHUTDOWN flow>7688 srcPort>34333 dst>fd10:23:100::2/24488 
05:35:18.408810 OFF flow>7688 srcPort>34333 dst>fd10:23:100::2/24488 
05:35:18.439062 ON flow>7904 srcPort>45647 dst>fd10:23:100::2/24704 
05:35:18.439569 CONNECT flow>7904 srcPort>45647 dst>fd10:23:100::2/24704 
05:35:18.548330 SHUTDOWN flow>7696 srcPort>43685 dst>fd10:23:100::2/24496 
05:35:18.549358 OFF flow>7696 srcPort>43685 dst>fd10:23:100::2/24496 
05:35:18.554658 ON flow>7912 srcPort>43975 dst>fd10:23:100::2/24712 
05:35:18.555060 CONNECT flow>7912 srcPort>43975 dst>fd10:23:100::2/24712 
05:35:18.691538 ON flow>7920 srcPort>44049 dst>fd10:23:100::2/24720 
05:35:18.692287 CONNECT flow>7920 srcPort>44049 dst>fd10:23:100::2/24720 
05:35:18.745408 SHUTDOWN flow>7704 srcPort>34485 dst>fd10:23:100::2/24504 
05:35:18.746346 OFF flow>7704 srcPort>34485 dst>fd10:23:100::2/24504 
05:35:18.843662 ON flow>7928 srcPort>42983 dst>fd10:23:100::2/24728 
05:35:18.845698 CONNECT flow>7928 srcPort>42983 dst>fd10:23:100::2/24728 
05:35:18.924430 SHUTDOWN flow>7712 srcPort>45673 dst>fd10:23:100::2/24512 
05:35:18.925954 OFF flow>7712 srcPort>45673 dst>fd10:23:100::2/24512 
05:35:19.015471 ON flow>7936 srcPort>43511 dst>fd10:23:100::2/24736 
05:35:19.016191 CONNECT flow>7936 srcPort>43511 dst>fd10:23:100::2/24736 
05:35:19.064221 SHUTDOWN flow>7720 srcPort>33523 dst>fd10:23:100::2/24520 
05:35:19.065009 OFF flow>7720 srcPort>33523 dst>fd10:23:100::2/24520 
05:35:19.158016 ON flow>7944 srcPort>34081 dst>fd10:23:100::2/24744 
05:35:19.158330 CONNECT flow>7944 srcPort>34081 dst>fd10:23:100::2/24744 
05:35:19.326522 ON flow>7952 srcPort>34323 dst>fd10:23:100::2/24752 
05:35:19.326825 CONNECT flow>7952 srcPort>34323 dst>fd10:23:100::2/24752 
05:35:19.372563 SHUTDOWN flow>7728 srcPort>44315 dst>fd10:23:100::2/24528 
05:35:19.373399 OFF flow>7728 srcPort>44315 dst>fd10:23:100::2/24528 
05:35:19.521578 ON flow>7960 srcPort>38431 dst>fd10:23:100::2/24760 
05:35:19.521970 CONNECT flow>7960 srcPort>38431 dst>fd10:23:100::2/24760 
05:35:19.702962 ON flow>7968 srcPort>39853 dst>fd10:23:100::2/24768 
05:35:19.703995 CONNECT flow>7968 srcPort>39853 dst>fd10:23:100::2/24768 
05:35:19.894670 ON flow>7976 srcPort>45415 dst>fd10:23:100::2/24776 
05:35:19.895702 CONNECT flow>7976 srcPort>45415 dst>fd10:23:100::2/24776 
05:35:19.975771 ON flow>7984 srcPort>39081 dst>fd10:23:100::2/24784 
05:35:19.976438 CONNECT flow>7984 srcPort>39081 dst>fd10:23:100::2/24784 
05:35:20.034955 SHUTDOWN flow>7736 srcPort>41353 dst>fd10:23:100::2/24536 
05:35:20.036570 OFF flow>7736 srcPort>41353 dst>fd10:23:100::2/24536 
05:35:20.107288 ON flow>7992 srcPort>45013 dst>fd10:23:100::2/24792 
05:35:20.109085 CONNECT flow>7992 srcPort>45013 dst>fd10:23:100::2/24792 
05:35:20.171371 ON flow>8000 srcPort>43295 dst>fd10:23:100::2/24800 
05:35:20.172187 CONNECT flow>8000 srcPort>43295 dst>fd10:23:100::2/24800 
05:35:20.210961 SHUTDOWN flow>7744 srcPort>36375 dst>fd10:23:100::2/24544 
05:35:20.211929 OFF flow>7744 srcPort>36375 dst>fd10:23:100::2/24544 
05:35:20.245955 ON flow>8008 srcPort>46511 dst>fd10:23:100::2/24808 
05:35:20.246472 CONNECT flow>8008 srcPort>46511 dst>fd10:23:100::2/24808 
05:35:20.386216 SHUTDOWN flow>7752 srcPort>36065 dst>fd10:23:100::2/24552 
05:35:20.386865 OFF flow>7752 srcPort>36065 dst>fd10:23:100::2/24552 
05:35:20.426621 ON flow>8016 srcPort>34297 dst>fd10:23:100::2/24816 
05:35:20.428527 CONNECT flow>8016 srcPort>34297 dst>fd10:23:100::2/24816 
05:35:20.466815 SHUTDOWN flow>7760 srcPort>45099 dst>fd10:23:100::2/24560 
05:35:20.467621 OFF flow>7760 srcPort>45099 dst>fd10:23:100::2/24560 
05:35:20.566695 ON flow>8024 srcPort>33931 dst>fd10:23:100::2/24824 
05:35:20.566992 CONNECT flow>8024 srcPort>33931 dst>fd10:23:100::2/24824 
05:35:20.594530 SHUTDOWN flow>7768 srcPort>40251 dst>fd10:23:100::2/24568 
05:35:20.596056 OFF flow>7768 srcPort>40251 dst>fd10:23:100::2/24568 
05:35:20.701373 ON flow>8032 srcPort>38379 dst>fd10:23:100::2/24832 
05:35:20.702272 CONNECT flow>8032 srcPort>38379 dst>fd10:23:100::2/24832 
05:35:20.751330 SHUTDOWN flow>7776 srcPort>46167 dst>fd10:23:100::2/24576 
05:35:20.752961 OFF flow>7776 srcPort>46167 dst>fd10:23:100::2/24576 
05:35:20.783295 ON flow>8040 srcPort>45473 dst>fd10:23:100::2/24840 
05:35:20.783642 CONNECT flow>8040 srcPort>45473 dst>fd10:23:100::2/24840 
05:35:20.863369 SHUTDOWN flow>7784 srcPort>39391 dst>fd10:23:100::2/24584 
05:35:20.863775 ON flow>8048 srcPort>43979 dst>fd10:23:100::2/24848 
05:35:20.864639 OFF flow>7784 srcPort>39391 dst>fd10:23:100::2/24584 
05:35:20.864961 CONNECT flow>8048 srcPort>43979 dst>fd10:23:100::2/24848 
05:35:20.984033 SHUTDOWN flow>7792 srcPort>39195 dst>fd10:23:100::2/24592 
05:35:20.984562 OFF flow>7792 srcPort>39195 dst>fd10:23:100::2/24592 
05:35:21.024558 ON flow>8056 srcPort>33517 dst>fd10:23:100::2/24856 
05:35:21.025472 CONNECT flow>8056 srcPort>33517 dst>fd10:23:100::2/24856 
05:35:21.126289 ON flow>8064 srcPort>42901 dst>fd10:23:100::2/24864 
05:35:21.128140 CONNECT flow>8064 srcPort>42901 dst>fd10:23:100::2/24864 
05:35:21.135714 SHUTDOWN flow>7800 srcPort>43861 dst>fd10:23:100::2/24600 
05:35:21.136577 OFF flow>7800 srcPort>43861 dst>fd10:23:100::2/24600 
05:35:21.194776 ON flow>8072 srcPort>37967 dst>fd10:23:100::2/24872 
05:35:21.195202 CONNECT flow>8072 srcPort>37967 dst>fd10:23:100::2/24872 
05:35:21.259230 SHUTDOWN flow>7808 srcPort>34765 dst>fd10:23:100::2/24608 
05:35:21.260504 OFF flow>7808 srcPort>34765 dst>fd10:23:100::2/24608 
05:35:21.467943 SHUTDOWN flow>7816 srcPort>39107 dst>fd10:23:100::2/24616 
05:35:21.468807 OFF flow>7816 srcPort>39107 dst>fd10:23:100::2/24616 
05:35:21.502575 ON flow>8080 srcPort>34729 dst>fd10:23:100::2/24880 
05:35:21.503048 CONNECT flow>8080 srcPort>34729 dst>fd10:23:100::2/24880 
05:35:21.633370 SHUTDOWN flow>7824 srcPort>35079 dst>fd10:23:100::2/24624 
05:35:21.635271 OFF flow>7824 srcPort>35079 dst>fd10:23:100::2/24624 
05:35:21.760274 SHUTDOWN flow>7832 srcPort>42495 dst>fd10:23:100::2/24632 
05:35:21.762071 OFF flow>7832 srcPort>42495 dst>fd10:23:100::2/24632 
05:35:21.802294 ON flow>8088 srcPort>40881 dst>fd10:23:100::2/24888 
05:35:21.802960 CONNECT flow>8088 srcPort>40881 dst>fd10:23:100::2/24888 
05:35:21.846987 SHUTDOWN flow>7840 srcPort>43711 dst>fd10:23:100::2/24640 
05:35:21.847425 OFF flow>7840 srcPort>43711 dst>fd10:23:100::2/24640 
05:35:21.976163 SHUTDOWN flow>7848 srcPort>34571 dst>fd10:23:100::2/24648 
05:35:21.977345 OFF flow>7848 srcPort>34571 dst>fd10:23:100::2/24648 
05:35:21.980693 ON flow>8096 srcPort>35261 dst>fd10:23:100::2/24896 
05:35:21.981614 CONNECT flow>8096 srcPort>35261 dst>fd10:23:100::2/24896 
05:35:22.075592 SHUTDOWN flow>7856 srcPort>39409 dst>fd10:23:100::2/24656 
05:35:22.076345 OFF flow>7856 srcPort>39409 dst>fd10:23:100::2/24656 
05:35:22.141370 ON flow>8104 srcPort>37703 dst>fd10:23:100::2/24904 
05:35:22.141771 CONNECT flow>8104 srcPort>37703 dst>fd10:23:100::2/24904 
05:35:22.290272 SHUTDOWN flow>7864 srcPort>32777 dst>fd10:23:100::2/24664 
05:35:22.290954 OFF flow>7864 srcPort>32777 dst>fd10:23:100::2/24664 
05:35:22.316926 ON flow>8112 srcPort>43523 dst>fd10:23:100::2/24912 
05:35:22.318209 CONNECT flow>8112 srcPort>43523 dst>fd10:23:100::2/24912 
05:35:22.456023 ON flow>8120 srcPort>40441 dst>fd10:23:100::2/24920 
05:35:22.456713 CONNECT flow>8120 srcPort>40441 dst>fd10:23:100::2/24920 
05:35:22.535668 SHUTDOWN flow>7872 srcPort>36933 dst>fd10:23:100::2/24672 
05:35:22.536364 OFF flow>7872 srcPort>36933 dst>fd10:23:100::2/24672 
05:35:22.648451 ON flow>8128 srcPort>35035 dst>fd10:23:100::2/24928 
05:35:22.649749 CONNECT flow>8128 srcPort>35035 dst>fd10:23:100::2/24928 
05:35:22.776753 ON flow>8136 srcPort>40667 dst>fd10:23:100::2/24936 
05:35:22.777742 CONNECT flow>8136 srcPort>40667 dst>fd10:23:100::2/24936 
05:35:22.801281 SHUTDOWN flow>7880 srcPort>36423 dst>fd10:23:100::2/24680 
05:35:22.802844 OFF flow>7880 srcPort>36423 dst>fd10:23:100::2/24680 
05:35:22.995524 ON flow>8144 srcPort>33783 dst>fd10:23:100::2/24944 
05:35:22.996419 CONNECT flow>8144 srcPort>33783 dst>fd10:23:100::2/24944 
05:35:23.030193 SHUTDOWN flow>7888 srcPort>44225 dst>fd10:23:100::2/24688 
05:35:23.031212 OFF flow>7888 srcPort>44225 dst>fd10:23:100::2/24688 
05:35:23.097687 SHUTDOWN flow>7896 srcPort>35089 dst>fd10:23:100::2/24696 
05:35:23.098792 OFF flow>7896 srcPort>35089 dst>fd10:23:100::2/24696 
05:35:23.143502 ON flow>8152 srcPort>42243 dst>fd10:23:100::2/24952 
05:35:23.144340 CONNECT flow>8152 srcPort>42243 dst>fd10:23:100::2/24952 
05:35:23.239170 SHUTDOWN flow>7904 srcPort>45647 dst>fd10:23:100::2/24704 
05:35:23.240742 OFF flow>7904 srcPort>45647 dst>fd10:23:100::2/24704 
05:35:23.313200 ON flow>8160 srcPort>41595 dst>fd10:23:100::2/24960 
05:35:23.314216 CONNECT flow>8160 srcPort>41595 dst>fd10:23:100::2/24960 
05:35:23.354387 SHUTDOWN flow>7912 srcPort>43975 dst>fd10:23:100::2/24712 
05:35:23.354971 OFF flow>7912 srcPort>43975 dst>fd10:23:100::2/24712 
05:35:23.429534 ON flow>8168 srcPort>37085 dst>fd10:23:100::2/24968 
05:35:23.430158 CONNECT flow>8168 srcPort>37085 dst>fd10:23:100::2/24968 
05:35:23.491406 SHUTDOWN flow>7920 srcPort>44049 dst>fd10:23:100::2/24720 
05:35:23.493621 OFF flow>7920 srcPort>44049 dst>fd10:23:100::2/24720 
05:35:23.500141 ON flow>8176 srcPort>42801 dst>fd10:23:100::2/24976 
05:35:23.500489 CONNECT flow>8176 srcPort>42801 dst>fd10:23:100::2/24976 
05:35:23.629526 ON flow>8184 srcPort>36047 dst>fd10:23:100::2/24984 
05:35:23.630566 CONNECT flow>8184 srcPort>36047 dst>fd10:23:100::2/24984 
05:35:23.643392 SHUTDOWN flow>7928 srcPort>42983 dst>fd10:23:100::2/24728 
05:35:23.644246 OFF flow>7928 srcPort>42983 dst>fd10:23:100::2/24728 
05:35:23.796109 ON flow>8192 srcPort>38055 dst>fd10:23:100::2/24992 
05:35:23.796678 CONNECT flow>8192 srcPort>38055 dst>fd10:23:100::2/24992 
05:35:23.815273 SHUTDOWN flow>7936 srcPort>43511 dst>fd10:23:100::2/24736 
05:35:23.815684 OFF flow>7936 srcPort>43511 dst>fd10:23:100::2/24736 
05:35:23.957881 SHUTDOWN flow>7944 srcPort>34081 dst>fd10:23:100::2/24744 
05:35:23.958969 OFF flow>7944 srcPort>34081 dst>fd10:23:100::2/24744 
05:35:23.972806 ON flow>8200 srcPort>37635 dst>fd10:23:100::2/25000 
05:35:23.973340 CONNECT flow>8200 srcPort>37635 dst>fd10:23:100::2/25000 
05:35:24.126289 SHUTDOWN flow>7952 srcPort>34323 dst>fd10:23:100::2/24752 
05:35:24.128004 OFF flow>7952 srcPort>34323 dst>fd10:23:100::2/24752 
05:35:24.185042 ON flow>8208 srcPort>34487 dst>fd10:23:100::2/25008 
05:35:24.185700 CONNECT flow>8208 srcPort>34487 dst>fd10:23:100::2/25008 
05:35:24.281943 ON flow>8216 srcPort>41687 dst>fd10:23:100::2/25016 
05:35:24.282862 CONNECT flow>8216 srcPort>41687 dst>fd10:23:100::2/25016 
05:35:24.321374 SHUTDOWN flow>7960 srcPort>38431 dst>fd10:23:100::2/24760 
05:35:24.322120 OFF flow>7960 srcPort>38431 dst>fd10:23:100::2/24760 
05:35:24.499875 ON flow>8224 srcPort>39529 dst>fd10:23:100::2/25024 
05:35:24.500327 CONNECT flow>8224 srcPort>39529 dst>fd10:23:100::2/25024 
05:35:24.502777 SHUTDOWN flow>7968 srcPort>39853 dst>fd10:23:100::2/24768 
05:35:24.503981 OFF flow>7968 srcPort>39853 dst>fd10:23:100::2/24768 
05:35:24.633080 ON flow>8232 srcPort>41355 dst>fd10:23:100::2/25032 
05:35:24.633686 CONNECT flow>8232 srcPort>41355 dst>fd10:23:100::2/25032 
05:35:24.694392 SHUTDOWN flow>7976 srcPort>45415 dst>fd10:23:100::2/24776 
05:35:24.694889 OFF flow>7976 srcPort>45415 dst>fd10:23:100::2/24776 
05:35:24.775689 SHUTDOWN flow>7984 srcPort>39081 dst>fd10:23:100::2/24784 
05:35:24.776307 OFF flow>7984 srcPort>39081 dst>fd10:23:100::2/24784 
05:35:24.841151 ON flow>8240 srcPort>35785 dst>fd10:23:100::2/25040 
05:35:24.841851 CONNECT flow>8240 srcPort>35785 dst>fd10:23:100::2/25040 
05:35:24.906991 SHUTDOWN flow>7992 srcPort>45013 dst>fd10:23:100::2/24792 
05:35:24.908036 OFF flow>7992 srcPort>45013 dst>fd10:23:100::2/24792 
05:35:24.971308 SHUTDOWN flow>8000 srcPort>43295 dst>fd10:23:100::2/24800 
05:35:24.972144 OFF flow>8000 srcPort>43295 dst>fd10:23:100::2/24800 
05:35:25.022394 ON flow>8248 srcPort>40303 dst>fd10:23:100::2/25048 
05:35:25.022852 CONNECT flow>8248 srcPort>40303 dst>fd10:23:100::2/25048 
05:35:25.045898 SHUTDOWN flow>8008 srcPort>46511 dst>fd10:23:100::2/24808 
05:35:25.053099 OFF flow>8008 srcPort>46511 dst>fd10:23:100::2/24808 
05:35:25.226417 SHUTDOWN flow>8016 srcPort>34297 dst>fd10:23:100::2/24816 
05:35:25.227091 OFF flow>8016 srcPort>34297 dst>fd10:23:100::2/24816 
05:35:25.366604 SHUTDOWN flow>8024 srcPort>33931 dst>fd10:23:100::2/24824 
05:35:25.367079 OFF flow>8024 srcPort>33931 dst>fd10:23:100::2/24824 
05:35:25.501192 SHUTDOWN flow>8032 srcPort>38379 dst>fd10:23:100::2/24832 
05:35:25.502540 OFF flow>8032 srcPort>38379 dst>fd10:23:100::2/24832 
05:35:25.583103 SHUTDOWN flow>8040 srcPort>45473 dst>fd10:23:100::2/24840 
05:35:25.584829 OFF flow>8040 srcPort>45473 dst>fd10:23:100::2/24840 
05:35:25.613353 ON flow>8256 srcPort>44397 dst>fd10:23:100::2/25056 
05:35:25.613998 CONNECT flow>8256 srcPort>44397 dst>fd10:23:100::2/25056 
05:35:25.663735 SHUTDOWN flow>8048 srcPort>43979 dst>fd10:23:100::2/24848 
05:35:25.664657 OFF flow>8048 srcPort>43979 dst>fd10:23:100::2/24848 
05:35:25.805757 ON flow>8264 srcPort>38619 dst>fd10:23:100::2/25064 
05:35:25.806180 CONNECT flow>8264 srcPort>38619 dst>fd10:23:100::2/25064 
05:35:25.824404 SHUTDOWN flow>8056 srcPort>33517 dst>fd10:23:100::2/24856 
05:35:25.824856 OFF flow>8056 srcPort>33517 dst>fd10:23:100::2/24856 
05:35:25.926214 SHUTDOWN flow>8064 srcPort>42901 dst>fd10:23:100::2/24864 
05:35:25.927167 OFF flow>8064 srcPort>42901 dst>fd10:23:100::2/24864 
05:35:25.946620 ON flow>8272 srcPort>45359 dst>fd10:23:100::2/25072 
05:35:25.947034 CONNECT flow>8272 srcPort>45359 dst>fd10:23:100::2/25072 
05:35:25.994708 SHUTDOWN flow>8072 srcPort>37967 dst>fd10:23:100::2/24872 
05:35:25.995428 OFF flow>8072 srcPort>37967 dst>fd10:23:100::2/24872 
05:35:26.215524 ON flow>8280 srcPort>35917 dst>fd10:23:100::2/25080 
05:35:26.215812 CONNECT flow>8280 srcPort>35917 dst>fd10:23:100::2/25080 
05:35:26.302325 SHUTDOWN flow>8080 srcPort>34729 dst>fd10:23:100::2/24880 
05:35:26.303831 OFF flow>8080 srcPort>34729 dst>fd10:23:100::2/24880 
05:35:26.377620 ON flow>8288 srcPort>34797 dst>fd10:23:100::2/25088 
05:35:26.377943 CONNECT flow>8288 srcPort>34797 dst>fd10:23:100::2/25088 
05:35:26.501435 ON flow>8296 srcPort>36121 dst>fd10:23:100::2/25096 
05:35:26.502437 CONNECT flow>8296 srcPort>36121 dst>fd10:23:100::2/25096 
05:35:26.601954 SHUTDOWN flow>8088 srcPort>40881 dst>fd10:23:100::2/24888 
05:35:26.602516 OFF flow>8088 srcPort>40881 dst>fd10:23:100::2/24888 
05:35:26.616438 ON flow>8304 srcPort>41333 dst>fd10:23:100::2/25104 
05:35:26.618669 CONNECT flow>8304 srcPort>41333 dst>fd10:23:100::2/25104 
05:35:26.780456 SHUTDOWN flow>8096 srcPort>35261 dst>fd10:23:100::2/24896 
05:35:26.781885 OFF flow>8096 srcPort>35261 dst>fd10:23:100::2/24896 
05:35:26.941281 SHUTDOWN flow>8104 srcPort>37703 dst>fd10:23:100::2/24904 
05:35:26.941864 OFF flow>8104 srcPort>37703 dst>fd10:23:100::2/24904 
05:35:26.949119 ON flow>8312 srcPort>34805 dst>fd10:23:100::2/25112 
05:35:26.950178 CONNECT flow>8312 srcPort>34805 dst>fd10:23:100::2/25112 
05:35:27.116682 SHUTDOWN flow>8112 srcPort>43523 dst>fd10:23:100::2/24912 
05:35:27.117941 OFF flow>8112 srcPort>43523 dst>fd10:23:100::2/24912 
05:35:27.192239 ON flow>8320 srcPort>35111 dst>fd10:23:100::2/25120 
05:35:27.192712 CONNECT flow>8320 srcPort>35111 dst>fd10:23:100::2/25120 
05:35:27.255808 SHUTDOWN flow>8120 srcPort>40441 dst>fd10:23:100::2/24920 
05:35:27.256484 OFF flow>8120 srcPort>40441 dst>fd10:23:100::2/24920 
05:35:27.375657 ON flow>8328 srcPort>35317 dst>fd10:23:100::2/25128 
05:35:27.376219 CONNECT flow>8328 srcPort>35317 dst>fd10:23:100::2/25128 
05:35:27.448201 SHUTDOWN flow>8128 srcPort>35035 dst>fd10:23:100::2/24928 
05:35:27.449484 OFF flow>8128 srcPort>35035 dst>fd10:23:100::2/24928 
05:35:27.528161 ON flow>8336 srcPort>43269 dst>fd10:23:100::2/25136 
05:35:27.528718 CONNECT flow>8336 srcPort>43269 dst>fd10:23:100::2/25136 
05:35:27.576421 SHUTDOWN flow>8136 srcPort>40667 dst>fd10:23:100::2/24936 
05:35:27.577138 OFF flow>8136 srcPort>40667 dst>fd10:23:100::2/24936 
05:35:27.597212 ON flow>8344 srcPort>40641 dst>fd10:23:100::2/25144 
05:35:27.597734 CONNECT flow>8344 srcPort>40641 dst>fd10:23:100::2/25144 
05:35:27.668416 ON flow>8352 srcPort>35547 dst>fd10:23:100::2/25152 
05:35:27.668862 CONNECT flow>8352 srcPort>35547 dst>fd10:23:100::2/25152 
05:35:27.727556 ON flow>8360 srcPort>33021 dst>fd10:23:100::2/25160 
05:35:27.727909 CONNECT flow>8360 srcPort>33021 dst>fd10:23:100::2/25160 
05:35:27.795212 SHUTDOWN flow>8144 srcPort>33783 dst>fd10:23:100::2/24944 
05:35:27.795694 OFF flow>8144 srcPort>33783 dst>fd10:23:100::2/24944 
05:35:27.943206 SHUTDOWN flow>8152 srcPort>42243 dst>fd10:23:100::2/24952 
05:35:27.944068 OFF flow>8152 srcPort>42243 dst>fd10:23:100::2/24952 
05:35:27.946246 ON flow>8368 srcPort>35331 dst>fd10:23:100::2/25168 
05:35:27.946858 CONNECT flow>8368 srcPort>35331 dst>fd10:23:100::2/25168 
05:35:28.035950 ON flow>8376 srcPort>37919 dst>fd10:23:100::2/25176 
05:35:28.036606 CONNECT flow>8376 srcPort>37919 dst>fd10:23:100::2/25176 
05:35:28.112913 SHUTDOWN flow>8160 srcPort>41595 dst>fd10:23:100::2/24960 
05:35:28.113392 OFF flow>8160 srcPort>41595 dst>fd10:23:100::2/24960 
05:35:28.113640 ON flow>8384 srcPort>35407 dst>fd10:23:100::2/25184 
05:35:28.114253 CONNECT flow>8384 srcPort>35407 dst>fd10:23:100::2/25184 
05:35:28.229438 ON flow>8392 srcPort>34193 dst>fd10:23:100::2/25192 
05:35:28.229495 SHUTDOWN flow>8168 srcPort>37085 dst>fd10:23:100::2/24968 
05:35:28.229776 CONNECT flow>8392 srcPort>34193 dst>fd10:23:100::2/25192 
05:35:28.230013 OFF flow>8168 srcPort>37085 dst>fd10:23:100::2/24968 
05:35:28.300024 SHUTDOWN flow>8176 srcPort>42801 dst>fd10:23:100::2/24976 
05:35:28.300591 OFF flow>8176 srcPort>42801 dst>fd10:23:100::2/24976 
05:35:28.345303 ON flow>8400 srcPort>37785 dst>fd10:23:100::2/25200 
05:35:28.346511 CONNECT flow>8400 srcPort>37785 dst>fd10:23:100::2/25200 
05:35:28.419107 ON flow>8408 srcPort>44781 dst>fd10:23:100::2/25208 
05:35:28.419423 CONNECT flow>8408 srcPort>44781 dst>fd10:23:100::2/25208 
05:35:28.429356 SHUTDOWN flow>8184 srcPort>36047 dst>fd10:23:100::2/24984 
05:35:28.429780 OFF flow>8184 srcPort>36047 dst>fd10:23:100::2/24984 
05:35:28.489365 ON flow>8416 srcPort>35413 dst>fd10:23:100::2/25216 
05:35:28.490167 CONNECT flow>8416 srcPort>35413 dst>fd10:23:100::2/25216 
05:35:28.533628 ON flow>8424 srcPort>33789 dst>fd10:23:100::2/25224 
05:35:28.534310 CONNECT flow>8424 srcPort>33789 dst>fd10:23:100::2/25224 
05:35:28.576530 ON flow>8432 srcPort>38499 dst>fd10:23:100::2/25232 
05:35:28.577451 CONNECT flow>8432 srcPort>38499 dst>fd10:23:100::2/25232 
05:35:28.595869 SHUTDOWN flow>8192 srcPort>38055 dst>fd10:23:100::2/24992 
05:35:28.596689 OFF flow>8192 srcPort>38055 dst>fd10:23:100::2/24992 
05:35:28.653493 ON flow>8440 srcPort>45531 dst>fd10:23:100::2/25240 
05:35:28.655282 CONNECT flow>8440 srcPort>45531 dst>fd10:23:100::2/25240 
05:35:28.719666 ON flow>8448 srcPort>34043 dst>fd10:23:100::2/25248 
05:35:28.720932 CONNECT flow>8448 srcPort>34043 dst>fd10:23:100::2/25248 
05:35:28.772764 SHUTDOWN flow>8200 srcPort>37635 dst>fd10:23:100::2/25000 
05:35:28.774219 OFF flow>8200 srcPort>37635 dst>fd10:23:100::2/25000 
05:35:28.805770 ON flow>8456 srcPort>34253 dst>fd10:23:100::2/25256 
05:35:28.807203 CONNECT flow>8456 srcPort>34253 dst>fd10:23:100::2/25256 
05:35:28.936813 ON flow>8464 srcPort>33413 dst>fd10:23:100::2/25264 
05:35:28.938709 CONNECT flow>8464 srcPort>33413 dst>fd10:23:100::2/25264 
05:35:28.984666 SHUTDOWN flow>8208 srcPort>34487 dst>fd10:23:100::2/25008 
05:35:28.986597 OFF flow>8208 srcPort>34487 dst>fd10:23:100::2/25008 
05:35:29.081619 SHUTDOWN flow>8216 srcPort>41687 dst>fd10:23:100::2/25016 
05:35:29.083512 OFF flow>8216 srcPort>41687 dst>fd10:23:100::2/25016 
05:35:29.121317 ON flow>8472 srcPort>40885 dst>fd10:23:100::2/25272 
05:35:29.122480 CONNECT flow>8472 srcPort>40885 dst>fd10:23:100::2/25272 
05:35:29.217756 ON flow>8480 srcPort>41849 dst>fd10:23:100::2/25280 
05:35:29.218413 CONNECT flow>8480 srcPort>41849 dst>fd10:23:100::2/25280 
05:35:29.299590 SHUTDOWN flow>8224 srcPort>39529 dst>fd10:23:100::2/25024 
05:35:29.301637 OFF flow>8224 srcPort>39529 dst>fd10:23:100::2/25024 
05:35:29.333541 ON flow>8488 srcPort>35073 dst>fd10:23:100::2/25288 
05:35:29.336015 CONNECT flow>8488 srcPort>35073 dst>fd10:23:100::2/25288 
05:35:29.432788 SHUTDOWN flow>8232 srcPort>41355 dst>fd10:23:100::2/25032 
05:35:29.442105 OFF flow>8232 srcPort>41355 dst>fd10:23:100::2/25032 
05:35:29.475567 ON flow>8496 srcPort>36707 dst>fd10:23:100::2/25296 
05:35:29.476229 CONNECT flow>8496 srcPort>36707 dst>fd10:23:100::2/25296 
05:35:29.582483 ON flow>8504 srcPort>43811 dst>fd10:23:100::2/25304 
05:35:29.583572 CONNECT flow>8504 srcPort>43811 dst>fd10:23:100::2/25304 
05:35:29.640904 SHUTDOWN flow>8240 srcPort>35785 dst>fd10:23:100::2/25040 
05:35:29.641525 OFF flow>8240 srcPort>35785 dst>fd10:23:100::2/25040 
05:35:29.727294 ON flow>8512 srcPort>46169 dst>fd10:23:100::2/25312 
05:35:29.727735 CONNECT flow>8512 srcPort>46169 dst>fd10:23:100::2/25312 
05:35:29.796713 ON flow>8520 srcPort>39919 dst>fd10:23:100::2/25320 
05:35:29.797647 CONNECT flow>8520 srcPort>39919 dst>fd10:23:100::2/25320 
05:35:29.822286 SHUTDOWN flow>8248 srcPort>40303 dst>fd10:23:100::2/25048 
05:35:29.826422 OFF flow>8248 srcPort>40303 dst>fd10:23:100::2/25048 
05:35:29.957783 ON flow>8528 srcPort>41003 dst>fd10:23:100::2/25328 
05:35:29.958840 CONNECT flow>8528 srcPort>41003 dst>fd10:23:100::2/25328 
05:35:30.131531 ON flow>8536 srcPort>36099 dst>fd10:23:100::2/25336 
05:35:30.133223 CONNECT flow>8536 srcPort>36099 dst>fd10:23:100::2/25336 
05:35:30.413023 SHUTDOWN flow>8256 srcPort>44397 dst>fd10:23:100::2/25056 
05:35:30.414275 OFF flow>8256 srcPort>44397 dst>fd10:23:100::2/25056 
05:35:30.438408 ON flow>8544 srcPort>41951 dst>fd10:23:100::2/25344 
05:35:30.439845 CONNECT flow>8544 srcPort>41951 dst>fd10:23:100::2/25344 
05:35:30.605665 SHUTDOWN flow>8264 srcPort>38619 dst>fd10:23:100::2/25064 
05:35:30.606729 OFF flow>8264 srcPort>38619 dst>fd10:23:100::2/25064 
05:35:30.643231 ON flow>8552 srcPort>35309 dst>fd10:23:100::2/25352 
05:35:30.645666 CONNECT flow>8552 srcPort>35309 dst>fd10:23:100::2/25352 
05:35:30.746431 SHUTDOWN flow>8272 srcPort>45359 dst>fd10:23:100::2/25072 
05:35:30.747659 OFF flow>8272 srcPort>45359 dst>fd10:23:100::2/25072 
05:35:30.873652 ON flow>8560 srcPort>38751 dst>fd10:23:100::2/25360 
05:35:30.876302 CONNECT flow>8560 srcPort>38751 dst>fd10:23:100::2/25360 
05:35:31.006494 ON flow>8568 srcPort>34953 dst>fd10:23:100::2/25368 
05:35:31.007116 CONNECT flow>8568 srcPort>34953 dst>fd10:23:100::2/25368 
05:35:31.015259 SHUTDOWN flow>8280 srcPort>35917 dst>fd10:23:100::2/25080 
05:35:31.016633 OFF flow>8280 srcPort>35917 dst>fd10:23:100::2/25080 
05:35:31.141092 ON flow>8576 srcPort>37259 dst>fd10:23:100::2/25376 
05:35:31.143198 CONNECT flow>8576 srcPort>37259 dst>fd10:23:100::2/25376 
05:35:31.177531 SHUTDOWN flow>8288 srcPort>34797 dst>fd10:23:100::2/25088 
05:35:31.178687 OFF flow>8288 srcPort>34797 dst>fd10:23:100::2/25088 
05:35:31.276859 ON flow>8584 srcPort>39327 dst>fd10:23:100::2/25384 
05:35:31.277384 CONNECT flow>8584 srcPort>39327 dst>fd10:23:100::2/25384 
05:35:31.301039 SHUTDOWN flow>8296 srcPort>36121 dst>fd10:23:100::2/25096 
05:35:31.305479 OFF flow>8296 srcPort>36121 dst>fd10:23:100::2/25096 
05:35:31.416188 SHUTDOWN flow>8304 srcPort>41333 dst>fd10:23:100::2/25104 
05:35:31.416897 OFF flow>8304 srcPort>41333 dst>fd10:23:100::2/25104 
05:35:31.433443 ON flow>8592 srcPort>46833 dst>fd10:23:100::2/25392 
05:35:31.435287 CONNECT flow>8592 srcPort>46833 dst>fd10:23:100::2/25392 
05:35:31.662208 ON flow>8600 srcPort>36657 dst>fd10:23:100::2/25400 
05:35:31.665077 CONNECT flow>8600 srcPort>36657 dst>fd10:23:100::2/25400 
05:35:31.748782 SHUTDOWN flow>8312 srcPort>34805 dst>fd10:23:100::2/25112 
05:35:31.750215 OFF flow>8312 srcPort>34805 dst>fd10:23:100::2/25112 
05:35:31.754726 ON flow>8608 srcPort>35503 dst>fd10:23:100::2/25408 
05:35:31.755785 CONNECT flow>8608 srcPort>35503 dst>fd10:23:100::2/25408 
05:35:31.851229 ON flow>8616 srcPort>34663 dst>fd10:23:100::2/25416 
05:35:31.857791 CONNECT flow>8616 srcPort>34663 dst>fd10:23:100::2/25416 
05:35:31.887652 ON flow>8624 srcPort>46109 dst>fd10:23:100::2/25424 
05:35:31.895745 CONNECT flow>8624 srcPort>46109 dst>fd10:23:100::2/25424 
05:35:31.991884 SHUTDOWN flow>8320 srcPort>35111 dst>fd10:23:100::2/25120 
05:35:32.013311 OFF flow>8320 srcPort>35111 dst>fd10:23:100::2/25120 
05:35:32.020937 ON flow>8632 srcPort>42793 dst>fd10:23:100::2/25432 
05:35:32.046907 CONNECT flow>8632 srcPort>42793 dst>fd10:23:100::2/25432 
05:35:32.175403 SHUTDOWN flow>8328 srcPort>35317 dst>fd10:23:100::2/25128 
05:35:32.178790 ON flow>8640 srcPort>39119 dst>fd10:23:100::2/25440 
05:35:32.236157 OFF flow>8328 srcPort>35317 dst>fd10:23:100::2/25128 
05:35:32.238783 CONNECT flow>8640 srcPort>39119 dst>fd10:23:100::2/25440 
05:35:32.328049 SHUTDOWN flow>8336 srcPort>43269 dst>fd10:23:100::2/25136 
05:35:32.396995 SHUTDOWN flow>8344 srcPort>40641 dst>fd10:23:100::2/25144 
05:35:32.434231 OFF flow>8336 srcPort>43269 dst>fd10:23:100::2/25136 
05:35:32.468152 SHUTDOWN flow>8352 srcPort>35547 dst>fd10:23:100::2/25152 
05:35:32.527391 SHUTDOWN flow>8360 srcPort>33021 dst>fd10:23:100::2/25160 
05:35:32.635770 OFF flow>8352 srcPort>35547 dst>fd10:23:100::2/25152 
05:35:32.648748 ON flow>8648 srcPort>39503 dst>fd10:23:100::2/25448 
05:35:32.670904 OFF flow>8344 srcPort>40641 dst>fd10:23:100::2/25144 
05:35:32.712679 OFF flow>8360 srcPort>33021 dst>fd10:23:100::2/25160 
05:35:32.745991 SHUTDOWN flow>8368 srcPort>35331 dst>fd10:23:100::2/25168 
05:35:32.758704 CONNECT flow>8648 srcPort>39503 dst>fd10:23:100::2/25448 
05:35:32.835703 SHUTDOWN flow>8376 srcPort>37919 dst>fd10:23:100::2/25176 
05:35:32.870367 OFF flow>8368 srcPort>35331 dst>fd10:23:100::2/25168 
05:35:32.915340 ON flow>8656 srcPort>38111 dst>fd10:23:100::2/25456 
05:35:32.995813 ON flow>8664 srcPort>33973 dst>fd10:23:100::2/25464 
05:35:33.029219 SHUTDOWN flow>8392 srcPort>34193 dst>fd10:23:100::2/25192 
05:35:33.062010 CONNECT flow>8656 srcPort>38111 dst>fd10:23:100::2/25456 
05:35:33.083855 SHUTDOWN flow>8384 srcPort>35407 dst>fd10:23:100::2/25184 
05:35:33.095113 CONNECT flow>8664 srcPort>33973 dst>fd10:23:100::2/25464 
05:35:33.117604 OFF flow>8392 srcPort>34193 dst>fd10:23:100::2/25192 
05:35:33.218920 SHUTDOWN flow>8408 srcPort>44781 dst>fd10:23:100::2/25208 
05:35:33.251785 SHUTDOWN flow>8400 srcPort>37785 dst>fd10:23:100::2/25200 
05:35:33.289105 SHUTDOWN flow>8416 srcPort>35413 dst>fd10:23:100::2/25216 
05:35:33.306303 ON flow>8672 srcPort>34027 dst>fd10:23:100::2/25472 
05:35:33.376568 SHUTDOWN flow>8432 srcPort>38499 dst>fd10:23:100::2/25232 
05:35:33.387467 CONNECT flow>8672 srcPort>34027 dst>fd10:23:100::2/25472 
05:35:33.453381 SHUTDOWN flow>8440 srcPort>45531 dst>fd10:23:100::2/25240 
05:35:33.465803 ON flow>8680 srcPort>35293 dst>fd10:23:100::2/25480 
05:35:33.498759 SHUTDOWN flow>8424 srcPort>33789 dst>fd10:23:100::2/25224 
05:35:33.513472 OFF flow>8400 srcPort>37785 dst>fd10:23:100::2/25200 
05:35:33.516521 OFF flow>8416 srcPort>35413 dst>fd10:23:100::2/25216 
05:35:33.544674 CONNECT flow>8680 srcPort>35293 dst>fd10:23:100::2/25480 
05:35:33.571517 SHUTDOWN flow>8448 srcPort>34043 dst>fd10:23:100::2/25248 
05:35:33.598076 OFF flow>8384 srcPort>35407 dst>fd10:23:100::2/25184 
05:35:33.605758 ON flow>8688 srcPort>33791 dst>fd10:23:100::2/25488 
05:35:33.605774 SHUTDOWN flow>8456 srcPort>34253 dst>fd10:23:100::2/25256 
05:35:33.664841 ON flow>8696 srcPort>35333 dst>fd10:23:100::2/25496 
05:35:33.683963 OFF flow>8376 srcPort>37919 dst>fd10:23:100::2/25176 
05:35:33.689880 CONNECT flow>8688 srcPort>33791 dst>fd10:23:100::2/25488 
05:35:33.745766 CONNECT flow>8696 srcPort>35333 dst>fd10:23:100::2/25496 
05:35:33.748026 OFF flow>8432 srcPort>38499 dst>fd10:23:100::2/25232 
05:35:33.761129 ON flow>8704 srcPort>44497 dst>fd10:23:100::2/25504 
05:35:33.785038 SHUTDOWN flow>8464 srcPort>33413 dst>fd10:23:100::2/25264 
05:35:33.810399 OFF flow>8456 srcPort>34253 dst>fd10:23:100::2/25256 
05:35:33.842524 CONNECT flow>8704 srcPort>44497 dst>fd10:23:100::2/25504 
05:35:33.842850 OFF flow>8440 srcPort>45531 dst>fd10:23:100::2/25240 
05:35:33.866093 OFF flow>8408 srcPort>44781 dst>fd10:23:100::2/25208 
05:35:33.921062 SHUTDOWN flow>8472 srcPort>40885 dst>fd10:23:100::2/25272 
05:35:33.949154 ON flow>8712 srcPort>35085 dst>fd10:23:100::2/25512 
05:35:34.016395 ON flow>8720 srcPort>33905 dst>fd10:23:100::2/25520 
05:35:34.020654 OFF flow>8448 srcPort>34043 dst>fd10:23:100::2/25248 
05:35:34.027039 SHUTDOWN flow>8480 srcPort>41849 dst>fd10:23:100::2/25280 
05:35:34.035325 CONNECT flow>8712 srcPort>35085 dst>fd10:23:100::2/25512 
05:35:34.058706 OFF flow>8464 srcPort>33413 dst>fd10:23:100::2/25264 
05:35:34.059377 OFF flow>8424 srcPort>33789 dst>fd10:23:100::2/25224 
05:35:34.101507 OFF flow>8472 srcPort>40885 dst>fd10:23:100::2/25272 
05:35:34.101845 CONNECT flow>8720 srcPort>33905 dst>fd10:23:100::2/25520 
05:35:34.102464 ON flow>8728 srcPort>37825 dst>fd10:23:100::2/25528 
05:35:34.191646 CONNECT flow>8728 srcPort>37825 dst>fd10:23:100::2/25528 
05:35:34.210357 ON flow>8736 srcPort>34607 dst>fd10:23:100::2/25536 
05:35:34.253059 SHUTDOWN flow>8488 srcPort>35073 dst>fd10:23:100::2/25288 
05:35:34.294925 ON flow>8744 srcPort>35201 dst>fd10:23:100::2/25544 
05:35:34.298822 CONNECT flow>8736 srcPort>34607 dst>fd10:23:100::2/25536 
05:35:34.335352 OFF flow>8480 srcPort>41849 dst>fd10:23:100::2/25280 
05:35:34.359437 SHUTDOWN flow>8496 srcPort>36707 dst>fd10:23:100::2/25296 
05:35:34.384173 CONNECT flow>8744 srcPort>35201 dst>fd10:23:100::2/25544 
05:35:34.420050 ON flow>8752 srcPort>38413 dst>fd10:23:100::2/25552 
05:35:34.474466 SHUTDOWN flow>8504 srcPort>43811 dst>fd10:23:100::2/25304 
05:35:34.513716 CONNECT flow>8752 srcPort>38413 dst>fd10:23:100::2/25552 
05:35:34.527000 SHUTDOWN flow>8512 srcPort>46169 dst>fd10:23:100::2/25312 
05:35:34.531037 ON flow>8760 srcPort>43385 dst>fd10:23:100::2/25560 
05:35:34.624482 OFF flow>8512 srcPort>46169 dst>fd10:23:100::2/25312 
05:35:34.630481 CONNECT flow>8760 srcPort>43385 dst>fd10:23:100::2/25560 
05:35:34.682296 OFF flow>8496 srcPort>36707 dst>fd10:23:100::2/25296 
05:35:34.685544 OFF flow>8488 srcPort>35073 dst>fd10:23:100::2/25288 
05:35:34.757534 SHUTDOWN flow>8528 srcPort>41003 dst>fd10:23:100::2/25328 
05:35:34.782593 SHUTDOWN flow>8520 srcPort>39919 dst>fd10:23:100::2/25320 
05:35:34.799317 OFF flow>8504 srcPort>43811 dst>fd10:23:100::2/25304 
05:35:34.858541 OFF flow>8528 srcPort>41003 dst>fd10:23:100::2/25328 
05:35:34.927804 SHUTDOWN flow>8536 srcPort>36099 dst>fd10:23:100::2/25336 
05:35:35.057180 ON flow>8768 srcPort>36289 dst>fd10:23:100::2/25568 
05:35:35.111255 OFF flow>8520 srcPort>39919 dst>fd10:23:100::2/25320 
05:35:35.159500 CONNECT flow>8768 srcPort>36289 dst>fd10:23:100::2/25568 
05:35:35.227444 ON flow>8776 srcPort>36449 dst>fd10:23:100::2/25576 
05:35:35.260299 OFF flow>8536 srcPort>36099 dst>fd10:23:100::2/25336 
05:35:35.305161 SHUTDOWN flow>8544 srcPort>41951 dst>fd10:23:100::2/25344 
05:35:35.330297 CONNECT flow>8776 srcPort>36449 dst>fd10:23:100::2/25576 
05:35:35.437363 ON flow>8784 srcPort>38459 dst>fd10:23:100::2/25584 
05:35:35.502183 SHUTDOWN flow>8552 srcPort>35309 dst>fd10:23:100::2/25352 
05:35:35.526538 CONNECT flow>8784 srcPort>38459 dst>fd10:23:100::2/25584 
05:35:35.673290 SHUTDOWN flow>8560 srcPort>38751 dst>fd10:23:100::2/25360 
05:35:35.703800 OFF flow>8544 srcPort>41951 dst>fd10:23:100::2/25344 
05:35:35.798945 OFF flow>8552 srcPort>35309 dst>fd10:23:100::2/25352 
05:35:35.806275 SHUTDOWN flow>8568 srcPort>34953 dst>fd10:23:100::2/25368 
05:35:35.869937 ON flow>8792 srcPort>46685 dst>fd10:23:100::2/25592 
05:35:35.897066 OFF flow>8568 srcPort>34953 dst>fd10:23:100::2/25368 
05:35:35.960151 CONNECT flow>8792 srcPort>46685 dst>fd10:23:100::2/25592 
05:35:35.961351 ON flow>8800 srcPort>41143 dst>fd10:23:100::2/25600 
05:35:36.045143 CONNECT flow>8800 srcPort>41143 dst>fd10:23:100::2/25600 
05:35:36.054979 SHUTDOWN flow>8576 srcPort>37259 dst>fd10:23:100::2/25376 
05:35:36.071978 ON flow>8808 srcPort>44699 dst>fd10:23:100::2/25608 
05:35:36.076725 SHUTDOWN flow>8584 srcPort>39327 dst>fd10:23:100::2/25384 
05:35:36.150053 CONNECT flow>8808 srcPort>44699 dst>fd10:23:100::2/25608 
05:35:36.164491 OFF flow>8560 srcPort>38751 dst>fd10:23:100::2/25360 
05:35:36.233200 SHUTDOWN flow>8592 srcPort>46833 dst>fd10:23:100::2/25392 
05:35:36.302417 OFF flow>8592 srcPort>46833 dst>fd10:23:100::2/25392 
05:35:36.329680 ON flow>8816 srcPort>40993 dst>fd10:23:100::2/25616 
05:35:36.377823 OFF flow>8584 srcPort>39327 dst>fd10:23:100::2/25384 
05:35:36.392780 OFF flow>8576 srcPort>37259 dst>fd10:23:100::2/25376 
05:35:36.399901 CONNECT flow>8816 srcPort>40993 dst>fd10:23:100::2/25616 
05:35:36.435459 ON flow>8824 srcPort>34917 dst>fd10:23:100::2/25624 
05:35:36.462140 SHUTDOWN flow>8600 srcPort>36657 dst>fd10:23:100::2/25400 
05:35:36.495451 CONNECT flow>8824 srcPort>34917 dst>fd10:23:100::2/25624 
05:35:36.522850 OFF flow>8600 srcPort>36657 dst>fd10:23:100::2/25400 
05:35:36.554602 SHUTDOWN flow>8608 srcPort>35503 dst>fd10:23:100::2/25408 
05:35:36.556338 ON flow>8832 srcPort>33585 dst>fd10:23:100::2/25632 
05:35:36.610053 CONNECT flow>8832 srcPort>33585 dst>fd10:23:100::2/25632 
05:35:36.650901 SHUTDOWN flow>8616 srcPort>34663 dst>fd10:23:100::2/25416 
05:35:36.662457 ON flow>8840 srcPort>46761 dst>fd10:23:100::2/25640 
05:35:36.687512 SHUTDOWN flow>8624 srcPort>46109 dst>fd10:23:100::2/25424 
05:35:36.697701 OFF flow>8616 srcPort>34663 dst>fd10:23:100::2/25416 
05:35:36.709968 CONNECT flow>8840 srcPort>46761 dst>fd10:23:100::2/25640 
05:35:36.741298 OFF flow>8624 srcPort>46109 dst>fd10:23:100::2/25424 
05:35:36.806669 ON flow>8848 srcPort>41761 dst>fd10:23:100::2/25648 
05:35:36.820602 SHUTDOWN flow>8632 srcPort>42793 dst>fd10:23:100::2/25432 
05:35:36.838218 OFF flow>8608 srcPort>35503 dst>fd10:23:100::2/25408 
05:35:36.843323 CONNECT flow>8848 srcPort>41761 dst>fd10:23:100::2/25648 
05:35:36.883248 OFF flow>8632 srcPort>42793 dst>fd10:23:100::2/25432 
05:35:36.883937 ON flow>8856 srcPort>42859 dst>fd10:23:100::2/25656 
05:35:36.913772 CONNECT flow>8856 srcPort>42859 dst>fd10:23:100::2/25656 
05:35:36.978522 SHUTDOWN flow>8640 srcPort>39119 dst>fd10:23:100::2/25440 
05:35:36.993602 OFF flow>8640 srcPort>39119 dst>fd10:23:100::2/25440 
05:35:37.231084 ON flow>8864 srcPort>43841 dst>fd10:23:100::2/25664 
05:35:37.231403 CONNECT flow>8864 srcPort>43841 dst>fd10:23:100::2/25664 
05:35:37.448327 SHUTDOWN flow>8648 srcPort>39503 dst>fd10:23:100::2/25448 
05:35:37.450498 OFF flow>8648 srcPort>39503 dst>fd10:23:100::2/25448 
05:35:37.539840 ON flow>8872 srcPort>40571 dst>fd10:23:100::2/25672 
05:35:37.540261 CONNECT flow>8872 srcPort>40571 dst>fd10:23:100::2/25672 
05:35:37.715008 SHUTDOWN flow>8656 srcPort>38111 dst>fd10:23:100::2/25456 
05:35:37.716244 ON flow>8880 srcPort>45873 dst>fd10:23:100::2/25680 
05:35:37.716657 OFF flow>8656 srcPort>38111 dst>fd10:23:100::2/25456 
05:35:37.717293 CONNECT flow>8880 srcPort>45873 dst>fd10:23:100::2/25680 
05:35:37.795310 SHUTDOWN flow>8664 srcPort>33973 dst>fd10:23:100::2/25464 
05:35:37.795825 OFF flow>8664 srcPort>33973 dst>fd10:23:100::2/25464 
05:35:37.855456 ON flow>8888 srcPort>43693 dst>fd10:23:100::2/25688 
05:35:37.856511 CONNECT flow>8888 srcPort>43693 dst>fd10:23:100::2/25688 
05:35:37.948572 ON flow>8896 srcPort>45663 dst>fd10:23:100::2/25696 
05:35:37.950323 CONNECT flow>8896 srcPort>45663 dst>fd10:23:100::2/25696 
05:35:37.990104 ON flow>8904 srcPort>39121 dst>fd10:23:100::2/25704 
05:35:37.990823 CONNECT flow>8904 srcPort>39121 dst>fd10:23:100::2/25704 
05:35:38.059905 ON flow>8912 srcPort>42019 dst>fd10:23:100::2/25712 
05:35:38.060473 CONNECT flow>8912 srcPort>42019 dst>fd10:23:100::2/25712 
05:35:38.106114 SHUTDOWN flow>8672 srcPort>34027 dst>fd10:23:100::2/25472 
05:35:38.108339 OFF flow>8672 srcPort>34027 dst>fd10:23:100::2/25472 
05:35:38.134268 ON flow>8920 srcPort>32787 dst>fd10:23:100::2/25720 
05:35:38.136832 CONNECT flow>8920 srcPort>32787 dst>fd10:23:100::2/25720 
05:35:38.204663 ON flow>8928 srcPort>43705 dst>fd10:23:100::2/25728 
05:35:38.204990 CONNECT flow>8928 srcPort>43705 dst>fd10:23:100::2/25728 
05:35:38.265517 SHUTDOWN flow>8680 srcPort>35293 dst>fd10:23:100::2/25480 
05:35:38.267312 OFF flow>8680 srcPort>35293 dst>fd10:23:100::2/25480 
05:35:38.304140 ON flow>8936 srcPort>36197 dst>fd10:23:100::2/25736 
05:35:38.304865 CONNECT flow>8936 srcPort>36197 dst>fd10:23:100::2/25736 
05:35:38.405425 SHUTDOWN flow>8688 srcPort>33791 dst>fd10:23:100::2/25488 
05:35:38.407390 OFF flow>8688 srcPort>33791 dst>fd10:23:100::2/25488 
05:35:38.464533 SHUTDOWN flow>8696 srcPort>35333 dst>fd10:23:100::2/25496 
05:35:38.465063 OFF flow>8696 srcPort>35333 dst>fd10:23:100::2/25496 
05:35:38.504956 ON flow>8944 srcPort>37465 dst>fd10:23:100::2/25744 
05:35:38.507304 CONNECT flow>8944 srcPort>37465 dst>fd10:23:100::2/25744 
05:35:38.560626 SHUTDOWN flow>8704 srcPort>44497 dst>fd10:23:100::2/25504 
05:35:38.561099 OFF flow>8704 srcPort>44497 dst>fd10:23:100::2/25504 
05:35:38.613899 ON flow>8952 srcPort>45959 dst>fd10:23:100::2/25752 
05:35:38.614897 CONNECT flow>8952 srcPort>45959 dst>fd10:23:100::2/25752 
05:35:38.748850 SHUTDOWN flow>8712 srcPort>35085 dst>fd10:23:100::2/25512 
05:35:38.751237 OFF flow>8712 srcPort>35085 dst>fd10:23:100::2/25512 
05:35:38.816127 SHUTDOWN flow>8720 srcPort>33905 dst>fd10:23:100::2/25520 
05:35:38.817055 OFF flow>8720 srcPort>33905 dst>fd10:23:100::2/25520 
05:35:38.902218 SHUTDOWN flow>8728 srcPort>37825 dst>fd10:23:100::2/25528 
05:35:38.902935 OFF flow>8728 srcPort>37825 dst>fd10:23:100::2/25528 
05:35:38.951734 ON flow>8960 srcPort>45619 dst>fd10:23:100::2/25760 
05:35:38.952113 CONNECT flow>8960 srcPort>45619 dst>fd10:23:100::2/25760 
05:35:39.010025 SHUTDOWN flow>8736 srcPort>34607 dst>fd10:23:100::2/25536 
05:35:39.010952 OFF flow>8736 srcPort>34607 dst>fd10:23:100::2/25536 
05:35:39.093495 ON flow>8968 srcPort>40861 dst>fd10:23:100::2/25768 
05:35:39.094176 CONNECT flow>8968 srcPort>40861 dst>fd10:23:100::2/25768 
05:35:39.094548 SHUTDOWN flow>8744 srcPort>35201 dst>fd10:23:100::2/25544 
05:35:39.096055 OFF flow>8744 srcPort>35201 dst>fd10:23:100::2/25544 
05:35:39.219823 SHUTDOWN flow>8752 srcPort>38413 dst>fd10:23:100::2/25552 
05:35:39.220394 OFF flow>8752 srcPort>38413 dst>fd10:23:100::2/25552 
05:35:39.225184 ON flow>8976 srcPort>35963 dst>fd10:23:100::2/25776 
05:35:39.225714 CONNECT flow>8976 srcPort>35963 dst>fd10:23:100::2/25776 
05:35:39.330624 SHUTDOWN flow>8760 srcPort>43385 dst>fd10:23:100::2/25560 
05:35:39.331173 OFF flow>8760 srcPort>43385 dst>fd10:23:100::2/25560 
05:35:39.387704 ON flow>8984 srcPort>38867 dst>fd10:23:100::2/25784 
05:35:39.388064 CONNECT flow>8984 srcPort>38867 dst>fd10:23:100::2/25784 
05:35:39.558459 ON flow>8992 srcPort>34379 dst>fd10:23:100::2/25792 
05:35:39.559207 CONNECT flow>8992 srcPort>34379 dst>fd10:23:100::2/25792 
05:35:39.727984 ON flow>9000 srcPort>42281 dst>fd10:23:100::2/25800 
05:35:39.728754 CONNECT flow>9000 srcPort>42281 dst>fd10:23:100::2/25800 
05:35:39.818385 ON flow>9008 srcPort>35489 dst>fd10:23:100::2/25808 
05:35:39.818813 CONNECT flow>9008 srcPort>35489 dst>fd10:23:100::2/25808 
05:35:39.856955 SHUTDOWN flow>8768 srcPort>36289 dst>fd10:23:100::2/25568 
05:35:39.858099 OFF flow>8768 srcPort>36289 dst>fd10:23:100::2/25568 
05:35:39.920466 ON flow>9016 srcPort>45503 dst>fd10:23:100::2/25816 
05:35:39.921844 CONNECT flow>9016 srcPort>45503 dst>fd10:23:100::2/25816 
05:35:40.001271 ON flow>9024 srcPort>43445 dst>fd10:23:100::2/25824 
05:35:40.001923 CONNECT flow>9024 srcPort>43445 dst>fd10:23:100::2/25824 
05:35:40.027106 SHUTDOWN flow>8776 srcPort>36449 dst>fd10:23:100::2/25576 
05:35:40.028485 OFF flow>8776 srcPort>36449 dst>fd10:23:100::2/25576 
05:35:40.111546 ON flow>9032 srcPort>33131 dst>fd10:23:100::2/25832 
05:35:40.111908 CONNECT flow>9032 srcPort>33131 dst>fd10:23:100::2/25832 
05:35:40.237012 SHUTDOWN flow>8784 srcPort>38459 dst>fd10:23:100::2/25584 
05:35:40.238277 OFF flow>8784 srcPort>38459 dst>fd10:23:100::2/25584 
05:35:40.270900 ON flow>9040 srcPort>39797 dst>fd10:23:100::2/25840 
05:35:40.271539 CONNECT flow>9040 srcPort>39797 dst>fd10:23:100::2/25840 
05:35:40.367392 ON flow>9048 srcPort>34211 dst>fd10:23:100::2/25848 
05:35:40.367777 CONNECT flow>9048 srcPort>34211 dst>fd10:23:100::2/25848 
05:35:40.504589 ON flow>9056 srcPort>40321 dst>fd10:23:100::2/25856 
05:35:40.506014 CONNECT flow>9056 srcPort>40321 dst>fd10:23:100::2/25856 
05:35:40.599787 ON flow>9064 srcPort>32961 dst>fd10:23:100::2/25864 
05:35:40.600220 CONNECT flow>9064 srcPort>32961 dst>fd10:23:100::2/25864 
05:35:40.669600 SHUTDOWN flow>8792 srcPort>46685 dst>fd10:23:100::2/25592 
05:35:40.670901 OFF flow>8792 srcPort>46685 dst>fd10:23:100::2/25592 
05:35:40.724762 ON flow>9072 srcPort>32949 dst>fd10:23:100::2/25872 
05:35:40.725111 CONNECT flow>9072 srcPort>32949 dst>fd10:23:100::2/25872 
05:35:40.761103 SHUTDOWN flow>8800 srcPort>41143 dst>fd10:23:100::2/25600 
05:35:40.761916 OFF flow>8800 srcPort>41143 dst>fd10:23:100::2/25600 
05:35:40.865880 ON flow>9080 srcPort>39243 dst>fd10:23:100::2/25880 
05:35:40.867695 CONNECT flow>9080 srcPort>39243 dst>fd10:23:100::2/25880 
05:35:40.871616 SHUTDOWN flow>8808 srcPort>44699 dst>fd10:23:100::2/25608 
05:35:40.875368 OFF flow>8808 srcPort>44699 dst>fd10:23:100::2/25608 
05:35:40.923883 ON flow>9088 srcPort>39703 dst>fd10:23:100::2/25888 
05:35:40.927481 CONNECT flow>9088 srcPort>39703 dst>fd10:23:100::2/25888 
05:35:41.033050 ON flow>9096 srcPort>38537 dst>fd10:23:100::2/25896 
05:35:41.034631 CONNECT flow>9096 srcPort>38537 dst>fd10:23:100::2/25896 
05:35:41.129125 SHUTDOWN flow>8816 srcPort>40993 dst>fd10:23:100::2/25616 
05:35:41.130333 OFF flow>8816 srcPort>40993 dst>fd10:23:100::2/25616 
05:35:41.234702 SHUTDOWN flow>8824 srcPort>34917 dst>fd10:23:100::2/25624 
05:35:41.235470 OFF flow>8824 srcPort>34917 dst>fd10:23:100::2/25624 
05:35:41.356111 SHUTDOWN flow>8832 srcPort>33585 dst>fd10:23:100::2/25632 
05:35:41.357166 OFF flow>8832 srcPort>33585 dst>fd10:23:100::2/25632 
05:35:41.416824 ON flow>9104 srcPort>33271 dst>fd10:23:100::2/25904 
05:35:41.418173 CONNECT flow>9104 srcPort>33271 dst>fd10:23:100::2/25904 
05:35:41.462194 SHUTDOWN flow>8840 srcPort>46761 dst>fd10:23:100::2/25640 
05:35:41.463298 OFF flow>8840 srcPort>46761 dst>fd10:23:100::2/25640 
05:35:41.569724 ON flow>9112 srcPort>33273 dst>fd10:23:100::2/25912 
05:35:41.571556 CONNECT flow>9112 srcPort>33273 dst>fd10:23:100::2/25912 
05:35:41.606406 SHUTDOWN flow>8848 srcPort>41761 dst>fd10:23:100::2/25648 
05:35:41.607370 OFF flow>8848 srcPort>41761 dst>fd10:23:100::2/25648 
05:35:41.683707 SHUTDOWN flow>8856 srcPort>42859 dst>fd10:23:100::2/25656 
05:35:41.685027 OFF flow>8856 srcPort>42859 dst>fd10:23:100::2/25656 
05:35:41.739293 ON flow>9120 srcPort>38089 dst>fd10:23:100::2/25920 
05:35:41.740727 CONNECT flow>9120 srcPort>38089 dst>fd10:23:100::2/25920 
05:35:42.030827 SHUTDOWN flow>8864 srcPort>43841 dst>fd10:23:100::2/25664 
05:35:42.032304 OFF flow>8864 srcPort>43841 dst>fd10:23:100::2/25664 
05:35:42.270883 ON flow>9128 srcPort>33037 dst>fd10:23:100::2/25928 
05:35:42.271358 CONNECT flow>9128 srcPort>33037 dst>fd10:23:100::2/25928 
05:35:42.339669 SHUTDOWN flow>8872 srcPort>40571 dst>fd10:23:100::2/25672 
05:35:42.340110 OFF flow>8872 srcPort>40571 dst>fd10:23:100::2/25672 
05:35:42.410016 ON flow>9136 srcPort>37047 dst>fd10:23:100::2/25936 
05:35:42.411303 CONNECT flow>9136 srcPort>37047 dst>fd10:23:100::2/25936 
05:35:42.516025 SHUTDOWN flow>8880 srcPort>45873 dst>fd10:23:100::2/25680 
05:35:42.518054 OFF flow>8880 srcPort>45873 dst>fd10:23:100::2/25680 
05:35:42.628843 ON flow>9144 srcPort>39539 dst>fd10:23:100::2/25944 
05:35:42.629972 CONNECT flow>9144 srcPort>39539 dst>fd10:23:100::2/25944 
05:35:42.655322 SHUTDOWN flow>8888 srcPort>43693 dst>fd10:23:100::2/25688 
05:35:42.655902 OFF flow>8888 srcPort>43693 dst>fd10:23:100::2/25688 
05:35:42.748127 SHUTDOWN flow>8896 srcPort>45663 dst>fd10:23:100::2/25696 
05:35:42.749055 OFF flow>8896 srcPort>45663 dst>fd10:23:100::2/25696 
05:35:42.789927 SHUTDOWN flow>8904 srcPort>39121 dst>fd10:23:100::2/25704 
05:35:42.791986 OFF flow>8904 srcPort>39121 dst>fd10:23:100::2/25704 
05:35:42.859746 SHUTDOWN flow>8912 srcPort>42019 dst>fd10:23:100::2/25712 
05:35:42.860252 OFF flow>8912 srcPort>42019 dst>fd10:23:100::2/25712 
05:35:42.934030 SHUTDOWN flow>8920 srcPort>32787 dst>fd10:23:100::2/25720 
05:35:42.934918 OFF flow>8920 srcPort>32787 dst>fd10:23:100::2/25720 
05:35:42.990065 ON flow>9152 srcPort>34461 dst>fd10:23:100::2/25952 
05:35:42.991344 CONNECT flow>9152 srcPort>34461 dst>fd10:23:100::2/25952 
05:35:43.004472 SHUTDOWN flow>8928 srcPort>43705 dst>fd10:23:100::2/25728 
05:35:43.005523 OFF flow>8928 srcPort>43705 dst>fd10:23:100::2/25728 
05:35:43.103940 SHUTDOWN flow>8936 srcPort>36197 dst>fd10:23:100::2/25736 
05:35:43.104503 OFF flow>8936 srcPort>36197 dst>fd10:23:100::2/25736 
05:35:43.241139 ON flow>9160 srcPort>35683 dst>fd10:23:100::2/25960 
05:35:43.241611 CONNECT flow>9160 srcPort>35683 dst>fd10:23:100::2/25960 
05:35:43.304646 SHUTDOWN flow>8944 srcPort>37465 dst>fd10:23:100::2/25744 
05:35:43.306060 OFF flow>8944 srcPort>37465 dst>fd10:23:100::2/25744 
05:35:43.330329 ON flow>9168 srcPort>45457 dst>fd10:23:100::2/25968 
05:35:43.331160 CONNECT flow>9168 srcPort>45457 dst>fd10:23:100::2/25968 
05:35:43.413612 SHUTDOWN flow>8952 srcPort>45959 dst>fd10:23:100::2/25752 
05:35:43.415888 OFF flow>8952 srcPort>45959 dst>fd10:23:100::2/25752 
05:35:43.433025 ON flow>9176 srcPort>40481 dst>fd10:23:100::2/25976 
05:35:43.433498 CONNECT flow>9176 srcPort>40481 dst>fd10:23:100::2/25976 
05:35:43.503201 ON flow>9184 srcPort>46751 dst>fd10:23:100::2/25984 
05:35:43.503641 CONNECT flow>9184 srcPort>46751 dst>fd10:23:100::2/25984 
05:35:43.585999 ON flow>9192 srcPort>45365 dst>fd10:23:100::2/25992 
05:35:43.586300 CONNECT flow>9192 srcPort>45365 dst>fd10:23:100::2/25992 
05:35:43.694750 ON flow>9200 srcPort>36321 dst>fd10:23:100::2/26000 
05:35:43.695105 CONNECT flow>9200 srcPort>36321 dst>fd10:23:100::2/26000 
05:35:43.751408 SHUTDOWN flow>8960 srcPort>45619 dst>fd10:23:100::2/25760 
05:35:43.753375 OFF flow>8960 srcPort>45619 dst>fd10:23:100::2/25760 
05:35:43.853635 ON flow>9208 srcPort>37767 dst>fd10:23:100::2/26008 
05:35:43.855007 CONNECT flow>9208 srcPort>37767 dst>fd10:23:100::2/26008 
05:35:43.893218 SHUTDOWN flow>8968 srcPort>40861 dst>fd10:23:100::2/25768 
05:35:43.894083 OFF flow>8968 srcPort>40861 dst>fd10:23:100::2/25768 
05:35:44.025133 SHUTDOWN flow>8976 srcPort>35963 dst>fd10:23:100::2/25776 
05:35:44.026083 OFF flow>8976 srcPort>35963 dst>fd10:23:100::2/25776 
05:35:44.126195 ON flow>9216 srcPort>36731 dst>fd10:23:100::2/26016 
05:35:44.126643 CONNECT flow>9216 srcPort>36731 dst>fd10:23:100::2/26016 
05:35:44.187651 SHUTDOWN flow>8984 srcPort>38867 dst>fd10:23:100::2/25784 
05:35:44.188617 OFF flow>8984 srcPort>38867 dst>fd10:23:100::2/25784 
05:35:44.208624 ON flow>9224 srcPort>36475 dst>fd10:23:100::2/26024 
05:35:44.209481 CONNECT flow>9224 srcPort>36475 dst>fd10:23:100::2/26024 
05:35:44.358037 SHUTDOWN flow>8992 srcPort>34379 dst>fd10:23:100::2/25792 
05:35:44.359356 OFF flow>8992 srcPort>34379 dst>fd10:23:100::2/25792 
05:35:44.478872 ON flow>9232 srcPort>33895 dst>fd10:23:100::2/26032 
05:35:44.479191 CONNECT flow>9232 srcPort>33895 dst>fd10:23:100::2/26032 
05:35:44.527626 SHUTDOWN flow>9000 srcPort>42281 dst>fd10:23:100::2/25800 
05:35:44.528736 OFF flow>9000 srcPort>42281 dst>fd10:23:100::2/25800 
05:35:44.618219 SHUTDOWN flow>9008 srcPort>35489 dst>fd10:23:100::2/25808 
05:35:44.618772 OFF flow>9008 srcPort>35489 dst>fd10:23:100::2/25808 
05:35:44.719546 ON flow>9240 srcPort>33189 dst>fd10:23:100::2/26040 
05:35:44.719834 CONNECT flow>9240 srcPort>33189 dst>fd10:23:100::2/26040 
05:35:44.720216 SHUTDOWN flow>9016 srcPort>45503 dst>fd10:23:100::2/25816 
05:35:44.720793 OFF flow>9016 srcPort>45503 dst>fd10:23:100::2/25816 
05:35:44.801116 SHUTDOWN flow>9024 srcPort>43445 dst>fd10:23:100::2/25824 
05:35:44.802460 OFF flow>9024 srcPort>43445 dst>fd10:23:100::2/25824 
05:35:44.874475 ON flow>9248 srcPort>44509 dst>fd10:23:100::2/26048 
05:35:44.874994 CONNECT flow>9248 srcPort>44509 dst>fd10:23:100::2/26048 
05:35:44.911439 SHUTDOWN flow>9032 srcPort>33131 dst>fd10:23:100::2/25832 
05:35:44.912170 OFF flow>9032 srcPort>33131 dst>fd10:23:100::2/25832 
05:35:44.977847 ON flow>9256 srcPort>46557 dst>fd10:23:100::2/26056 
05:35:44.978255 CONNECT flow>9256 srcPort>46557 dst>fd10:23:100::2/26056 
05:35:45.023226 ON flow>9264 srcPort>33527 dst>fd10:23:100::2/26064 
05:35:45.023884 CONNECT flow>9264 srcPort>33527 dst>fd10:23:100::2/26064 
05:35:45.070818 SHUTDOWN flow>9040 srcPort>39797 dst>fd10:23:100::2/25840 
05:35:45.072021 OFF flow>9040 srcPort>39797 dst>fd10:23:100::2/25840 
05:35:45.149901 ON flow>9272 srcPort>39505 dst>fd10:23:100::2/26072 
05:35:45.150816 CONNECT flow>9272 srcPort>39505 dst>fd10:23:100::2/26072 
05:35:45.167332 SHUTDOWN flow>9048 srcPort>34211 dst>fd10:23:100::2/25848 
05:35:45.168086 OFF flow>9048 srcPort>34211 dst>fd10:23:100::2/25848 
05:35:45.185554 ON flow>9280 srcPort>35509 dst>fd10:23:100::2/26080 
05:35:45.186650 CONNECT flow>9280 srcPort>35509 dst>fd10:23:100::2/26080 
05:35:45.261480 ON flow>9288 srcPort>36551 dst>fd10:23:100::2/26088 
05:35:45.262237 CONNECT flow>9288 srcPort>36551 dst>fd10:23:100::2/26088 
05:35:45.304991 SHUTDOWN flow>9056 srcPort>40321 dst>fd10:23:100::2/25856 
05:35:45.306239 OFF flow>9056 srcPort>40321 dst>fd10:23:100::2/25856 
05:35:45.361216 ON flow>9296 srcPort>35005 dst>fd10:23:100::2/26096 
05:35:45.361788 CONNECT flow>9296 srcPort>35005 dst>fd10:23:100::2/26096 
05:35:45.399643 SHUTDOWN flow>9064 srcPort>32961 dst>fd10:23:100::2/25864 
05:35:45.400727 OFF flow>9064 srcPort>32961 dst>fd10:23:100::2/25864 
05:35:45.513339 ON flow>9304 srcPort>46239 dst>fd10:23:100::2/26104 
05:35:45.513756 CONNECT flow>9304 srcPort>46239 dst>fd10:23:100::2/26104 
05:35:45.524528 SHUTDOWN flow>9072 srcPort>32949 dst>fd10:23:100::2/25872 
05:35:45.526046 OFF flow>9072 srcPort>32949 dst>fd10:23:100::2/25872 
05:35:45.605934 ON flow>9312 srcPort>39569 dst>fd10:23:100::2/26112 
05:35:45.606537 CONNECT flow>9312 srcPort>39569 dst>fd10:23:100::2/26112 
05:35:45.658789 ON flow>9320 srcPort>41997 dst>fd10:23:100::2/26120 
05:35:45.659287 CONNECT flow>9320 srcPort>41997 dst>fd10:23:100::2/26120 
05:35:45.665734 SHUTDOWN flow>9080 srcPort>39243 dst>fd10:23:100::2/25880 
05:35:45.666274 OFF flow>9080 srcPort>39243 dst>fd10:23:100::2/25880 
05:35:45.723445 SHUTDOWN flow>9088 srcPort>39703 dst>fd10:23:100::2/25888 
05:35:45.724483 OFF flow>9088 srcPort>39703 dst>fd10:23:100::2/25888 
05:35:45.832855 SHUTDOWN flow>9096 srcPort>38537 dst>fd10:23:100::2/25896 
05:35:45.834432 OFF flow>9096 srcPort>38537 dst>fd10:23:100::2/25896 
05:35:45.893619 ON flow>9328 srcPort>42981 dst>fd10:23:100::2/26128 
05:35:45.894233 CONNECT flow>9328 srcPort>42981 dst>fd10:23:100::2/26128 
05:35:46.106708 ON flow>9336 srcPort>41027 dst>fd10:23:100::2/26136 
05:35:46.107172 CONNECT flow>9336 srcPort>41027 dst>fd10:23:100::2/26136 
05:35:46.216544 SHUTDOWN flow>9104 srcPort>33271 dst>fd10:23:100::2/25904 
05:35:46.217460 OFF flow>9104 srcPort>33271 dst>fd10:23:100::2/25904 
05:35:46.301841 ON flow>9344 srcPort>45801 dst>fd10:23:100::2/26144 
05:35:46.302126 CONNECT flow>9344 srcPort>45801 dst>fd10:23:100::2/26144 
05:35:46.369239 SHUTDOWN flow>9112 srcPort>33273 dst>fd10:23:100::2/25912 
05:35:46.370094 OFF flow>9112 srcPort>33273 dst>fd10:23:100::2/25912 
05:35:46.435200 ON flow>9352 srcPort>35655 dst>fd10:23:100::2/26152 
05:35:46.435565 CONNECT flow>9352 srcPort>35655 dst>fd10:23:100::2/26152 
05:35:46.538933 SHUTDOWN flow>9120 srcPort>38089 dst>fd10:23:100::2/25920 
05:35:46.540258 OFF flow>9120 srcPort>38089 dst>fd10:23:100::2/25920 
05:35:46.640191 ON flow>9360 srcPort>40071 dst>fd10:23:100::2/26160 
05:35:46.640979 CONNECT flow>9360 srcPort>40071 dst>fd10:23:100::2/26160 
05:35:46.901947 ON flow>9368 srcPort>44487 dst>fd10:23:100::2/26168 
05:35:46.902372 CONNECT flow>9368 srcPort>44487 dst>fd10:23:100::2/26168 
05:35:47.070641 SHUTDOWN flow>9128 srcPort>33037 dst>fd10:23:100::2/25928 
05:35:47.071853 OFF flow>9128 srcPort>33037 dst>fd10:23:100::2/25928 
05:35:47.209943 SHUTDOWN flow>9136 srcPort>37047 dst>fd10:23:100::2/25936 
05:35:47.210913 OFF flow>9136 srcPort>37047 dst>fd10:23:100::2/25936 
05:35:47.339454 ON flow>9376 srcPort>46881 dst>fd10:23:100::2/26176 
05:35:47.340430 CONNECT flow>9376 srcPort>46881 dst>fd10:23:100::2/26176 
05:35:47.428722 SHUTDOWN flow>9144 srcPort>39539 dst>fd10:23:100::2/25944 
05:35:47.430283 OFF flow>9144 srcPort>39539 dst>fd10:23:100::2/25944 
05:35:47.477502 ON flow>9384 srcPort>38935 dst>fd10:23:100::2/26184 
05:35:47.478696 CONNECT flow>9384 srcPort>38935 dst>fd10:23:100::2/26184 
05:35:47.612810 ON flow>9392 srcPort>41041 dst>fd10:23:100::2/26192 
05:35:47.613272 CONNECT flow>9392 srcPort>41041 dst>fd10:23:100::2/26192 
05:35:47.707781 ON flow>9400 srcPort>37045 dst>fd10:23:100::2/26200 
05:35:47.708767 CONNECT flow>9400 srcPort>37045 dst>fd10:23:100::2/26200 
05:35:47.789859 SHUTDOWN flow>9152 srcPort>34461 dst>fd10:23:100::2/25952 
05:35:47.790651 OFF flow>9152 srcPort>34461 dst>fd10:23:100::2/25952 
05:35:47.794434 ON flow>9408 srcPort>39103 dst>fd10:23:100::2/26208 
05:35:47.796654 CONNECT flow>9408 srcPort>39103 dst>fd10:23:100::2/26208 
05:35:47.925336 ON flow>9416 srcPort>35787 dst>fd10:23:100::2/26216 
05:35:47.926684 CONNECT flow>9416 srcPort>35787 dst>fd10:23:100::2/26216 
05:35:48.024244 ON flow>9424 srcPort>35477 dst>fd10:23:100::2/26224 
05:35:48.025391 CONNECT flow>9424 srcPort>35477 dst>fd10:23:100::2/26224 
05:35:48.040947 SHUTDOWN flow>9160 srcPort>35683 dst>fd10:23:100::2/25960 
05:35:48.041837 OFF flow>9160 srcPort>35683 dst>fd10:23:100::2/25960 
05:35:48.083114 ON flow>9432 srcPort>32921 dst>fd10:23:100::2/26232 
05:35:48.083687 CONNECT flow>9432 srcPort>32921 dst>fd10:23:100::2/26232 
05:35:48.113730 ON flow>9440 srcPort>44611 dst>fd10:23:100::2/26240 
05:35:48.115049 CONNECT flow>9440 srcPort>44611 dst>fd10:23:100::2/26240 
05:35:48.130224 SHUTDOWN flow>9168 srcPort>45457 dst>fd10:23:100::2/25968 
05:35:48.132397 OFF flow>9168 srcPort>45457 dst>fd10:23:100::2/25968 
05:35:48.199638 ON flow>9448 srcPort>41875 dst>fd10:23:100::2/26248 
05:35:48.200737 CONNECT flow>9448 srcPort>41875 dst>fd10:23:100::2/26248 
05:35:48.232945 SHUTDOWN flow>9176 srcPort>40481 dst>fd10:23:100::2/25976 
05:35:48.238266 OFF flow>9176 srcPort>40481 dst>fd10:23:100::2/25976 
05:35:48.303130 SHUTDOWN flow>9184 srcPort>46751 dst>fd10:23:100::2/25984 
05:35:48.303991 OFF flow>9184 srcPort>46751 dst>fd10:23:100::2/25984 
05:35:48.328653 ON flow>9456 srcPort>33741 dst>fd10:23:100::2/26256 
05:35:48.329665 CONNECT flow>9456 srcPort>33741 dst>fd10:23:100::2/26256 
05:35:48.385642 SHUTDOWN flow>9192 srcPort>45365 dst>fd10:23:100::2/25992 
05:35:48.386851 OFF flow>9192 srcPort>45365 dst>fd10:23:100::2/25992 
05:35:48.463780 ON flow>9464 srcPort>36557 dst>fd10:23:100::2/26264 
05:35:48.464916 CONNECT flow>9464 srcPort>36557 dst>fd10:23:100::2/26264 
05:35:48.494526 SHUTDOWN flow>9200 srcPort>36321 dst>fd10:23:100::2/26000 
05:35:48.495028 OFF flow>9200 srcPort>36321 dst>fd10:23:100::2/26000 
05:35:48.575009 ON flow>9472 srcPort>32967 dst>fd10:23:100::2/26272 
05:35:48.575592 CONNECT flow>9472 srcPort>32967 dst>fd10:23:100::2/26272 
05:35:48.653653 ON flow>9480 srcPort>38399 dst>fd10:23:100::2/26280 
05:35:48.653672 SHUTDOWN flow>9208 srcPort>37767 dst>fd10:23:100::2/26008 
05:35:48.654189 CONNECT flow>9480 srcPort>38399 dst>fd10:23:100::2/26280 
05:35:48.654493 OFF flow>9208 srcPort>37767 dst>fd10:23:100::2/26008 
05:35:48.925929 SHUTDOWN flow>9216 srcPort>36731 dst>fd10:23:100::2/26016 
05:35:48.926329 OFF flow>9216 srcPort>36731 dst>fd10:23:100::2/26016 
05:35:48.940260 ON flow>9488 srcPort>34577 dst>fd10:23:100::2/26288 
05:35:48.940917 CONNECT flow>9488 srcPort>34577 dst>fd10:23:100::2/26288 
05:35:49.008334 SHUTDOWN flow>9224 srcPort>36475 dst>fd10:23:100::2/26024 
05:35:49.010755 OFF flow>9224 srcPort>36475 dst>fd10:23:100::2/26024 
05:35:49.159167 ON flow>9496 srcPort>41659 dst>fd10:23:100::2/26296 
05:35:49.159854 CONNECT flow>9496 srcPort>41659 dst>fd10:23:100::2/26296 
05:35:49.278636 SHUTDOWN flow>9232 srcPort>33895 dst>fd10:23:100::2/26032 
05:35:49.281595 OFF flow>9232 srcPort>33895 dst>fd10:23:100::2/26032 
05:35:49.392417 ON flow>9504 srcPort>39801 dst>fd10:23:100::2/26304 
05:35:49.393526 CONNECT flow>9504 srcPort>39801 dst>fd10:23:100::2/26304 
05:35:49.519318 SHUTDOWN flow>9240 srcPort>33189 dst>fd10:23:100::2/26040 
05:35:49.520827 OFF flow>9240 srcPort>33189 dst>fd10:23:100::2/26040 
05:35:49.571160 ON flow>9512 srcPort>33709 dst>fd10:23:100::2/26312 
05:35:49.571616 CONNECT flow>9512 srcPort>33709 dst>fd10:23:100::2/26312 
05:35:49.648697 ON flow>9520 srcPort>46213 dst>fd10:23:100::2/26320 
05:35:49.649089 CONNECT flow>9520 srcPort>46213 dst>fd10:23:100::2/26320 
05:35:49.674231 SHUTDOWN flow>9248 srcPort>44509 dst>fd10:23:100::2/26048 
05:35:49.676345 OFF flow>9248 srcPort>44509 dst>fd10:23:100::2/26048 
05:35:49.751427 ON flow>9528 srcPort>43153 dst>fd10:23:100::2/26328 
05:35:49.754722 CONNECT flow>9528 srcPort>43153 dst>fd10:23:100::2/26328 
05:35:49.777626 SHUTDOWN flow>9256 srcPort>46557 dst>fd10:23:100::2/26056 
05:35:49.779486 OFF flow>9256 srcPort>46557 dst>fd10:23:100::2/26056 
05:35:49.823135 SHUTDOWN flow>9264 srcPort>33527 dst>fd10:23:100::2/26064 
05:35:49.823908 OFF flow>9264 srcPort>33527 dst>fd10:23:100::2/26064 
05:35:49.873877 ON flow>9536 srcPort>46313 dst>fd10:23:100::2/26336 
05:35:49.874511 CONNECT flow>9536 srcPort>46313 dst>fd10:23:100::2/26336 
05:35:49.940624 ON flow>9544 srcPort>43771 dst>fd10:23:100::2/26344 
05:35:49.941553 CONNECT flow>9544 srcPort>43771 dst>fd10:23:100::2/26344 
05:35:49.949435 SHUTDOWN flow>9272 srcPort>39505 dst>fd10:23:100::2/26072 
05:35:49.951237 OFF flow>9272 srcPort>39505 dst>fd10:23:100::2/26072 
05:35:49.985441 SHUTDOWN flow>9280 srcPort>35509 dst>fd10:23:100::2/26080 
05:35:49.986399 OFF flow>9280 srcPort>35509 dst>fd10:23:100::2/26080 
05:35:50.018349 ON flow>9552 srcPort>41369 dst>fd10:23:100::2/26352 
05:35:50.019246 CONNECT flow>9552 srcPort>41369 dst>fd10:23:100::2/26352 
05:35:50.061349 SHUTDOWN flow>9288 srcPort>36551 dst>fd10:23:100::2/26088 
05:35:50.064051 OFF flow>9288 srcPort>36551 dst>fd10:23:100::2/26088 
05:35:50.068741 ON flow>9560 srcPort>42249 dst>fd10:23:100::2/26360 
05:35:50.070849 CONNECT flow>9560 srcPort>42249 dst>fd10:23:100::2/26360 
05:35:50.141149 ON flow>9568 srcPort>35273 dst>fd10:23:100::2/26368 
05:35:50.142150 CONNECT flow>9568 srcPort>35273 dst>fd10:23:100::2/26368 
05:35:50.160838 SHUTDOWN flow>9296 srcPort>35005 dst>fd10:23:100::2/26096 
05:35:50.162218 OFF flow>9296 srcPort>35005 dst>fd10:23:100::2/26096 
05:35:50.227446 ON flow>9576 srcPort>42403 dst>fd10:23:100::2/26376 
05:35:50.229665 CONNECT flow>9576 srcPort>42403 dst>fd10:23:100::2/26376 
05:35:50.281457 ON flow>9584 srcPort>43387 dst>fd10:23:100::2/26384 
05:35:50.284072 CONNECT flow>9584 srcPort>43387 dst>fd10:23:100::2/26384 
05:35:50.313044 SHUTDOWN flow>9304 srcPort>46239 dst>fd10:23:100::2/26104 
05:35:50.315728 OFF flow>9304 srcPort>46239 dst>fd10:23:100::2/26104 
05:35:50.364260 ON flow>9592 srcPort>33499 dst>fd10:23:100::2/26392 
05:35:50.367405 CONNECT flow>9592 srcPort>33499 dst>fd10:23:100::2/26392 
05:35:50.405841 SHUTDOWN flow>9312 srcPort>39569 dst>fd10:23:100::2/26112 
05:35:50.409326 OFF flow>9312 srcPort>39569 dst>fd10:23:100::2/26112 
05:35:50.458437 SHUTDOWN flow>9320 srcPort>41997 dst>fd10:23:100::2/26120 
05:35:50.463473 OFF flow>9320 srcPort>41997 dst>fd10:23:100::2/26120 
05:35:50.493930 ON flow>9600 srcPort>35401 dst>fd10:23:100::2/26400 
05:35:50.495814 CONNECT flow>9600 srcPort>35401 dst>fd10:23:100::2/26400 
05:35:50.617469 ON flow>9608 srcPort>39281 dst>fd10:23:100::2/26408 
05:35:50.618304 CONNECT flow>9608 srcPort>39281 dst>fd10:23:100::2/26408 
05:35:50.693394 SHUTDOWN flow>9328 srcPort>42981 dst>fd10:23:100::2/26128 
05:35:50.696430 OFF flow>9328 srcPort>42981 dst>fd10:23:100::2/26128 
05:35:50.906541 SHUTDOWN flow>9336 srcPort>41027 dst>fd10:23:100::2/26136 
05:35:50.908168 OFF flow>9336 srcPort>41027 dst>fd10:23:100::2/26136 
05:35:50.915168 ON flow>9616 srcPort>46249 dst>fd10:23:100::2/26416 
05:35:50.917563 CONNECT flow>9616 srcPort>46249 dst>fd10:23:100::2/26416 
05:35:50.990360 ON flow>9624 srcPort>43239 dst>fd10:23:100::2/26424 
05:35:50.991022 CONNECT flow>9624 srcPort>43239 dst>fd10:23:100::2/26424 
05:35:51.082659 ON flow>9632 srcPort>43065 dst>fd10:23:100::2/26432 
05:35:51.084661 CONNECT flow>9632 srcPort>43065 dst>fd10:23:100::2/26432 
05:35:51.101735 SHUTDOWN flow>9344 srcPort>45801 dst>fd10:23:100::2/26144 
05:35:51.103981 OFF flow>9344 srcPort>45801 dst>fd10:23:100::2/26144 
05:35:51.234844 SHUTDOWN flow>9352 srcPort>35655 dst>fd10:23:100::2/26152 
05:35:51.237711 OFF flow>9352 srcPort>35655 dst>fd10:23:100::2/26152 
05:35:51.240041 ON flow>9640 srcPort>42825 dst>fd10:23:100::2/26440 
05:35:51.240811 CONNECT flow>9640 srcPort>42825 dst>fd10:23:100::2/26440 
05:35:51.377306 ON flow>9648 srcPort>39931 dst>fd10:23:100::2/26448 
05:35:51.380915 CONNECT flow>9648 srcPort>39931 dst>fd10:23:100::2/26448 
05:35:51.439959 SHUTDOWN flow>9360 srcPort>40071 dst>fd10:23:100::2/26160 
05:35:51.440838 OFF flow>9360 srcPort>40071 dst>fd10:23:100::2/26160 
05:35:51.456034 ON flow>9656 srcPort>45295 dst>fd10:23:100::2/26456 
05:35:51.458219 CONNECT flow>9656 srcPort>45295 dst>fd10:23:100::2/26456 
05:35:51.509916 ON flow>9664 srcPort>35335 dst>fd10:23:100::2/26464 
05:35:51.513248 CONNECT flow>9664 srcPort>35335 dst>fd10:23:100::2/26464 
05:35:51.603486 ON flow>9672 srcPort>45155 dst>fd10:23:100::2/26472 
05:35:51.606337 CONNECT flow>9672 srcPort>45155 dst>fd10:23:100::2/26472 
05:35:51.682061 ON flow>9680 srcPort>46677 dst>fd10:23:100::2/26480 
05:35:51.686684 CONNECT flow>9680 srcPort>46677 dst>fd10:23:100::2/26480 
05:35:51.701557 SHUTDOWN flow>9368 srcPort>44487 dst>fd10:23:100::2/26168 
05:35:51.708077 OFF flow>9368 srcPort>44487 dst>fd10:23:100::2/26168 
05:35:51.802391 ON flow>9688 srcPort>32923 dst>fd10:23:100::2/26488 
05:35:51.821233 CONNECT flow>9688 srcPort>32923 dst>fd10:23:100::2/26488 
05:35:51.957885 ON flow>9696 srcPort>35987 dst>fd10:23:100::2/26496 
05:35:52.014218 CONNECT flow>9696 srcPort>35987 dst>fd10:23:100::2/26496 
05:35:52.088644 ON flow>9704 srcPort>42453 dst>fd10:23:100::2/26504 
05:35:52.139059 SHUTDOWN flow>9376 srcPort>46881 dst>fd10:23:100::2/26176 
05:35:52.186635 CONNECT flow>9704 srcPort>42453 dst>fd10:23:100::2/26504 
05:35:52.240645 OFF flow>9376 srcPort>46881 dst>fd10:23:100::2/26176 
05:35:52.252240 ON flow>9712 srcPort>41887 dst>fd10:23:100::2/26512 
05:35:52.276960 SHUTDOWN flow>9384 srcPort>38935 dst>fd10:23:100::2/26184 
05:35:52.342457 ON flow>9720 srcPort>42847 dst>fd10:23:100::2/26520 
05:35:52.351657 CONNECT flow>9712 srcPort>41887 dst>fd10:23:100::2/26512 
05:35:52.412546 SHUTDOWN flow>9392 srcPort>41041 dst>fd10:23:100::2/26192 
05:35:52.438346 CONNECT flow>9720 srcPort>42847 dst>fd10:23:100::2/26520 
05:35:52.478379 ON flow>9728 srcPort>33385 dst>fd10:23:100::2/26528 
05:35:52.507355 SHUTDOWN flow>9400 srcPort>37045 dst>fd10:23:100::2/26200 
05:35:52.571953 CONNECT flow>9728 srcPort>33385 dst>fd10:23:100::2/26528 
05:35:52.632205 ON flow>9736 srcPort>44331 dst>fd10:23:100::2/26536 
05:35:52.725058 SHUTDOWN flow>9416 srcPort>35787 dst>fd10:23:100::2/26216 
05:35:52.726661 OFF flow>9392 srcPort>41041 dst>fd10:23:100::2/26192 
05:35:52.738943 CONNECT flow>9736 srcPort>44331 dst>fd10:23:100::2/26536 
05:35:52.788315 SHUTDOWN flow>9408 srcPort>39103 dst>fd10:23:100::2/26208 
05:35:52.791097 OFF flow>9384 srcPort>38935 dst>fd10:23:100::2/26184 
05:35:52.818245 ON flow>9744 srcPort>44523 dst>fd10:23:100::2/26544 
05:35:52.882998 SHUTDOWN flow>9432 srcPort>32921 dst>fd10:23:100::2/26232 
05:35:52.913568 SHUTDOWN flow>9440 srcPort>44611 dst>fd10:23:100::2/26240 
05:35:52.935292 CONNECT flow>9744 srcPort>44523 dst>fd10:23:100::2/26544 
05:35:53.030616 OFF flow>9400 srcPort>37045 dst>fd10:23:100::2/26200 
05:35:53.031143 OFF flow>9416 srcPort>35787 dst>fd10:23:100::2/26216 
05:35:53.044611 ON flow>9752 srcPort>44789 dst>fd10:23:100::2/26552 
05:35:53.175065 CONNECT flow>9752 srcPort>44789 dst>fd10:23:100::2/26552 
05:35:53.253260 SHUTDOWN flow>9448 srcPort>41875 dst>fd10:23:100::2/26248 
05:35:53.255095 SHUTDOWN flow>9424 srcPort>35477 dst>fd10:23:100::2/26224 
05:35:53.263541 SHUTDOWN flow>9464 srcPort>36557 dst>fd10:23:100::2/26264 
05:35:53.283851 SHUTDOWN flow>9456 srcPort>33741 dst>fd10:23:100::2/26256 
05:35:53.298476 OFF flow>9432 srcPort>32921 dst>fd10:23:100::2/26232 
05:35:53.374596 SHUTDOWN flow>9472 srcPort>32967 dst>fd10:23:100::2/26272 
05:35:53.431401 ON flow>9760 srcPort>36895 dst>fd10:23:100::2/26560 
05:35:53.434305 OFF flow>9440 srcPort>44611 dst>fd10:23:100::2/26240 
05:35:53.503292 OFF flow>9408 srcPort>39103 dst>fd10:23:100::2/26208 
05:35:53.530017 SHUTDOWN flow>9480 srcPort>38399 dst>fd10:23:100::2/26280 
05:35:53.540751 CONNECT flow>9760 srcPort>36895 dst>fd10:23:100::2/26560 
05:35:53.584724 ON flow>9768 srcPort>45579 dst>fd10:23:100::2/26568 
05:35:53.675250 OFF flow>9448 srcPort>41875 dst>fd10:23:100::2/26248 
05:35:53.691535 CONNECT flow>9768 srcPort>45579 dst>fd10:23:100::2/26568 
05:35:53.739950 SHUTDOWN flow>9488 srcPort>34577 dst>fd10:23:100::2/26288 
05:35:53.769328 ON flow>9776 srcPort>34095 dst>fd10:23:100::2/26576 
05:35:53.837997 OFF flow>9472 srcPort>32967 dst>fd10:23:100::2/26272 
05:35:53.875158 CONNECT flow>9776 srcPort>34095 dst>fd10:23:100::2/26576 
05:35:53.901309 OFF flow>9464 srcPort>36557 dst>fd10:23:100::2/26264 
05:35:53.928885 ON flow>9784 srcPort>43669 dst>fd10:23:100::2/26584 
05:35:53.958679 SHUTDOWN flow>9496 srcPort>41659 dst>fd10:23:100::2/26296 
05:35:53.984629 OFF flow>9456 srcPort>33741 dst>fd10:23:100::2/26256 
05:35:54.035776 ON flow>9792 srcPort>43943 dst>fd10:23:100::2/26592 
05:35:54.041177 CONNECT flow>9784 srcPort>43669 dst>fd10:23:100::2/26584 
05:35:54.148194 CONNECT flow>9792 srcPort>43943 dst>fd10:23:100::2/26592 
05:35:54.204825 ON flow>9800 srcPort>38247 dst>fd10:23:100::2/26600 
05:35:54.312124 CONNECT flow>9800 srcPort>38247 dst>fd10:23:100::2/26600 
05:35:54.319420 ON flow>9808 srcPort>41201 dst>fd10:23:100::2/26608 
05:35:54.371741 OFF flow>9480 srcPort>38399 dst>fd10:23:100::2/26280 
05:35:54.384213 OFF flow>9424 srcPort>35477 dst>fd10:23:100::2/26224 
05:35:54.419288 ON flow>9816 srcPort>42875 dst>fd10:23:100::2/26616 
05:35:54.423628 CONNECT flow>9808 srcPort>41201 dst>fd10:23:100::2/26608 
05:35:54.448607 SHUTDOWN flow>9520 srcPort>46213 dst>fd10:23:100::2/26320 
05:35:54.483910 ON flow>9824 srcPort>43259 dst>fd10:23:100::2/26624 
05:35:54.490340 SHUTDOWN flow>9512 srcPort>33709 dst>fd10:23:100::2/26312 
05:35:54.520718 CONNECT flow>9816 srcPort>42875 dst>fd10:23:100::2/26616 
05:35:54.523634 SHUTDOWN flow>9504 srcPort>39801 dst>fd10:23:100::2/26304 
05:35:54.542546 ON flow>9832 srcPort>36171 dst>fd10:23:100::2/26632 
05:35:54.588775 CONNECT flow>9824 srcPort>43259 dst>fd10:23:100::2/26624 
05:35:54.645513 OFF flow>9488 srcPort>34577 dst>fd10:23:100::2/26288 
05:35:54.651482 CONNECT flow>9832 srcPort>36171 dst>fd10:23:100::2/26632 
05:35:54.658909 ON flow>9840 srcPort>44881 dst>fd10:23:100::2/26640 
05:35:54.674427 SHUTDOWN flow>9536 srcPort>46313 dst>fd10:23:100::2/26336 
05:35:54.706406 ON flow>9848 srcPort>40085 dst>fd10:23:100::2/26648 
05:35:54.713542 SHUTDOWN flow>9528 srcPort>43153 dst>fd10:23:100::2/26328 
05:35:54.716274 OFF flow>9496 srcPort>41659 dst>fd10:23:100::2/26296 
05:35:54.740390 SHUTDOWN flow>9544 srcPort>43771 dst>fd10:23:100::2/26344 
05:35:54.763012 CONNECT flow>9840 srcPort>44881 dst>fd10:23:100::2/26640 
05:35:54.817243 CONNECT flow>9848 srcPort>40085 dst>fd10:23:100::2/26648 
05:35:54.842172 ON flow>9856 srcPort>38185 dst>fd10:23:100::2/26656 
05:35:54.869709 OFF flow>9520 srcPort>46213 dst>fd10:23:100::2/26320 
05:35:54.880997 OFF flow>9544 srcPort>43771 dst>fd10:23:100::2/26344 
05:35:54.941562 SHUTDOWN flow>9568 srcPort>35273 dst>fd10:23:100::2/26368 
05:35:54.943415 OFF flow>9528 srcPort>43153 dst>fd10:23:100::2/26328 
05:35:54.943857 CONNECT flow>9856 srcPort>38185 dst>fd10:23:100::2/26656 
05:35:54.986325 ON flow>9864 srcPort>43345 dst>fd10:23:100::2/26664 
05:35:55.025759 SHUTDOWN flow>9552 srcPort>41369 dst>fd10:23:100::2/26352 
05:35:55.050549 SHUTDOWN flow>9576 srcPort>42403 dst>fd10:23:100::2/26376 
05:35:55.081372 SHUTDOWN flow>9584 srcPort>43387 dst>fd10:23:100::2/26384 
05:35:55.087998 CONNECT flow>9864 srcPort>43345 dst>fd10:23:100::2/26664 
05:35:55.164178 SHUTDOWN flow>9592 srcPort>33499 dst>fd10:23:100::2/26392 
05:35:55.191475 ON flow>9872 srcPort>46163 dst>fd10:23:100::2/26672 
05:35:55.212060 OFF flow>9512 srcPort>33709 dst>fd10:23:100::2/26312 
05:35:55.271923 OFF flow>9536 srcPort>46313 dst>fd10:23:100::2/26336 
05:35:55.292389 CONNECT flow>9872 srcPort>46163 dst>fd10:23:100::2/26672 
05:35:55.350097 SHUTDOWN flow>9600 srcPort>35401 dst>fd10:23:100::2/26400 
05:35:55.401804 SHUTDOWN flow>9560 srcPort>42249 dst>fd10:23:100::2/26360 
05:35:55.417226 SHUTDOWN flow>9608 srcPort>39281 dst>fd10:23:100::2/26408 
05:35:55.456125 OFF flow>9552 srcPort>41369 dst>fd10:23:100::2/26352 
05:35:55.472233 OFF flow>9576 srcPort>42403 dst>fd10:23:100::2/26376 
05:35:55.515234 ON flow>9880 srcPort>40643 dst>fd10:23:100::2/26680 
05:35:55.587530 OFF flow>9608 srcPort>39281 dst>fd10:23:100::2/26408 
05:35:55.597720 OFF flow>9568 srcPort>35273 dst>fd10:23:100::2/26368 
05:35:55.608774 CONNECT flow>9880 srcPort>40643 dst>fd10:23:100::2/26680 
05:35:55.632231 ON flow>9888 srcPort>43139 dst>fd10:23:100::2/26688 
05:35:55.722233 CONNECT flow>9888 srcPort>43139 dst>fd10:23:100::2/26688 
05:35:55.729376 OFF flow>9600 srcPort>35401 dst>fd10:23:100::2/26400 
05:35:55.737198 ON flow>9896 srcPort>41415 dst>fd10:23:100::2/26696 
05:35:55.790244 SHUTDOWN flow>9624 srcPort>43239 dst>fd10:23:100::2/26424 
05:35:55.814680 OFF flow>9504 srcPort>39801 dst>fd10:23:100::2/26304 
05:35:55.815070 OFF flow>9592 srcPort>33499 dst>fd10:23:100::2/26392 
05:35:55.822356 ON flow>9904 srcPort>33411 dst>fd10:23:100::2/26704 
05:35:55.822676 CONNECT flow>9896 srcPort>41415 dst>fd10:23:100::2/26696 
05:35:55.882421 SHUTDOWN flow>9632 srcPort>43065 dst>fd10:23:100::2/26432 
05:35:55.888512 OFF flow>9584 srcPort>43387 dst>fd10:23:100::2/26384 
05:35:55.912320 CONNECT flow>9904 srcPort>33411 dst>fd10:23:100::2/26704 
05:35:55.932060 ON flow>9912 srcPort>45973 dst>fd10:23:100::2/26712 
05:35:55.999504 ON flow>9920 srcPort>40457 dst>fd10:23:100::2/26720 
05:35:56.020434 CONNECT flow>9912 srcPort>45973 dst>fd10:23:100::2/26712 
05:35:56.034788 ON flow>9928 srcPort>39603 dst>fd10:23:100::2/26728 
05:35:56.039619 SHUTDOWN flow>9640 srcPort>42825 dst>fd10:23:100::2/26440 
05:35:56.055865 SHUTDOWN flow>9616 srcPort>46249 dst>fd10:23:100::2/26416 
05:35:56.086967 CONNECT flow>9920 srcPort>40457 dst>fd10:23:100::2/26720 
05:35:56.095205 ON flow>9936 srcPort>38179 dst>fd10:23:100::2/26736 
05:35:56.124367 CONNECT flow>9928 srcPort>39603 dst>fd10:23:100::2/26728 
05:35:56.130103 OFF flow>9640 srcPort>42825 dst>fd10:23:100::2/26440 
05:35:56.175928 ON flow>9944 srcPort>43519 dst>fd10:23:100::2/26744 
05:35:56.177034 SHUTDOWN flow>9648 srcPort>39931 dst>fd10:23:100::2/26448 
05:35:56.188233 CONNECT flow>9936 srcPort>38179 dst>fd10:23:100::2/26736 
05:35:56.193168 OFF flow>9624 srcPort>43239 dst>fd10:23:100::2/26424 
05:35:56.255874 SHUTDOWN flow>9656 srcPort>45295 dst>fd10:23:100::2/26456 
05:35:56.272314 CONNECT flow>9944 srcPort>43519 dst>fd10:23:100::2/26744 
05:35:56.303446 ON flow>9952 srcPort>39019 dst>fd10:23:100::2/26752 
05:35:56.307939 OFF flow>9560 srcPort>42249 dst>fd10:23:100::2/26360 
05:35:56.309789 SHUTDOWN flow>9664 srcPort>35335 dst>fd10:23:100::2/26464 
05:35:56.396992 CONNECT flow>9952 srcPort>39019 dst>fd10:23:100::2/26752 
05:35:56.430149 ON flow>9960 srcPort>43723 dst>fd10:23:100::2/26760 
05:35:56.513845 ON flow>9968 srcPort>42165 dst>fd10:23:100::2/26768 
05:35:56.522953 SHUTDOWN flow>9680 srcPort>46677 dst>fd10:23:100::2/26480 
05:35:56.531232 CONNECT flow>9960 srcPort>43723 dst>fd10:23:100::2/26760 
05:35:56.545225 OFF flow>9632 srcPort>43065 dst>fd10:23:100::2/26432 
05:35:56.578704 ON flow>9976 srcPort>42611 dst>fd10:23:100::2/26776 
05:35:56.615726 CONNECT flow>9968 srcPort>42165 dst>fd10:23:100::2/26768 
05:35:56.651449 SHUTDOWN flow>9688 srcPort>32923 dst>fd10:23:100::2/26488 
05:35:56.678698 CONNECT flow>9976 srcPort>42611 dst>fd10:23:100::2/26776 
05:35:56.745773 ON flow>9984 srcPort>45339 dst>fd10:23:100::2/26784 
05:35:56.760367 SHUTDOWN flow>9696 srcPort>35987 dst>fd10:23:100::2/26496 
05:35:56.809618 ON flow>9992 srcPort>40723 dst>fd10:23:100::2/26792 
05:35:56.847014 CONNECT flow>9984 srcPort>45339 dst>fd10:23:100::2/26784 
05:35:56.884032 ON flow>10000 srcPort>43739 dst>fd10:23:100::2/26800 
05:35:56.903784 SHUTDOWN flow>9672 srcPort>45155 dst>fd10:23:100::2/26472 
05:35:56.904952 OFF flow>9648 srcPort>39931 dst>fd10:23:100::2/26448 
05:35:56.910864 CONNECT flow>9992 srcPort>40723 dst>fd10:23:100::2/26792 
05:35:56.980764 CONNECT flow>10000 srcPort>43739 dst>fd10:23:100::2/26800 
05:35:56.991265 ON flow>10008 srcPort>38875 dst>fd10:23:100::2/26808 
05:35:57.051457 SHUTDOWN flow>9712 srcPort>41887 dst>fd10:23:100::2/26512 
05:35:57.071922 OFF flow>9696 srcPort>35987 dst>fd10:23:100::2/26496 
05:35:57.098419 CONNECT flow>10008 srcPort>38875 dst>fd10:23:100::2/26808 
05:35:57.104041 ON flow>10016 srcPort>46025 dst>fd10:23:100::2/26816 
05:35:57.140104 ON flow>10024 srcPort>39549 dst>fd10:23:100::2/26824 
05:35:57.194598 ON flow>10032 srcPort>41059 dst>fd10:23:100::2/26832 
05:35:57.210346 CONNECT flow>10016 srcPort>46025 dst>fd10:23:100::2/26816 
05:35:57.233257 SHUTDOWN flow>9720 srcPort>42847 dst>fd10:23:100::2/26520 
05:35:57.245930 CONNECT flow>10024 srcPort>39549 dst>fd10:23:100::2/26824 
05:35:57.267724 OFF flow>9656 srcPort>45295 dst>fd10:23:100::2/26456 
05:35:57.295855 CONNECT flow>10032 srcPort>41059 dst>fd10:23:100::2/26832 
05:35:57.305387 ON flow>10040 srcPort>41627 dst>fd10:23:100::2/26840 
05:35:57.373710 ON flow>10048 srcPort>37201 dst>fd10:23:100::2/26848 
05:35:57.407665 CONNECT flow>10040 srcPort>41627 dst>fd10:23:100::2/26840 
05:35:57.431874 SHUTDOWN flow>9736 srcPort>44331 dst>fd10:23:100::2/26536 
05:35:57.450210 OFF flow>9664 srcPort>35335 dst>fd10:23:100::2/26464 
05:35:57.475419 ON flow>10056 srcPort>46783 dst>fd10:23:100::2/26856 
05:35:57.481224 CONNECT flow>10048 srcPort>37201 dst>fd10:23:100::2/26848 
05:35:57.507450 OFF flow>9688 srcPort>32923 dst>fd10:23:100::2/26488 
05:35:57.531144 ON flow>10064 srcPort>44181 dst>fd10:23:100::2/26864 
05:35:57.537236 OFF flow>9736 srcPort>44331 dst>fd10:23:100::2/26536 
05:35:57.580292 CONNECT flow>10056 srcPort>46783 dst>fd10:23:100::2/26856 
05:35:57.617445 SHUTDOWN flow>9744 srcPort>44523 dst>fd10:23:100::2/26544 
05:35:57.631344 CONNECT flow>10064 srcPort>44181 dst>fd10:23:100::2/26864 
05:35:57.721897 SHUTDOWN flow>9728 srcPort>33385 dst>fd10:23:100::2/26528 
05:35:57.743086 OFF flow>9720 srcPort>42847 dst>fd10:23:100::2/26520 
05:35:57.816476 ON flow>10072 srcPort>46193 dst>fd10:23:100::2/26872 
05:35:57.844057 SHUTDOWN flow>9752 srcPort>44789 dst>fd10:23:100::2/26552 
05:35:57.918197 CONNECT flow>10072 srcPort>46193 dst>fd10:23:100::2/26872 
05:35:57.955148 SHUTDOWN flow>9704 srcPort>42453 dst>fd10:23:100::2/26504 
05:35:58.026915 OFF flow>9712 srcPort>41887 dst>fd10:23:100::2/26512 
05:35:58.074098 OFF flow>9680 srcPort>46677 dst>fd10:23:100::2/26480 
05:35:58.230971 SHUTDOWN flow>9760 srcPort>36895 dst>fd10:23:100::2/26560 
05:35:58.327494 OFF flow>9616 srcPort>46249 dst>fd10:23:100::2/26416 
05:35:58.385569 OFF flow>9744 srcPort>44523 dst>fd10:23:100::2/26544 
05:35:58.489685 OFF flow>9672 srcPort>45155 dst>fd10:23:100::2/26472 
05:35:58.511280 SHUTDOWN flow>9768 srcPort>45579 dst>fd10:23:100::2/26568 
05:35:58.569043 SHUTDOWN flow>9776 srcPort>34095 dst>fd10:23:100::2/26576 
05:35:58.572958 ON flow>10080 srcPort>39459 dst>fd10:23:100::2/26880 
05:35:58.659268 OFF flow>9752 srcPort>44789 dst>fd10:23:100::2/26552 
05:35:58.662958 OFF flow>9776 srcPort>34095 dst>fd10:23:100::2/26576 
05:35:58.666541 CONNECT flow>10080 srcPort>39459 dst>fd10:23:100::2/26880 
05:35:58.728312 SHUTDOWN flow>9784 srcPort>43669 dst>fd10:23:100::2/26584 
05:35:58.905111 OFF flow>9760 srcPort>36895 dst>fd10:23:100::2/26560 
05:35:58.979879 ON flow>10088 srcPort>42407 dst>fd10:23:100::2/26888 
05:35:59.036926 OFF flow>9704 srcPort>42453 dst>fd10:23:100::2/26504 
05:35:59.074704 CONNECT flow>10088 srcPort>42407 dst>fd10:23:100::2/26888 
05:35:59.118579 SHUTDOWN flow>9808 srcPort>41201 dst>fd10:23:100::2/26608 
05:35:59.146292 ON flow>10096 srcPort>37251 dst>fd10:23:100::2/26896 
05:35:59.218411 OFF flow>9808 srcPort>41201 dst>fd10:23:100::2/26608 
05:35:59.218867 SHUTDOWN flow>9816 srcPort>42875 dst>fd10:23:100::2/26616 
05:35:59.246056 CONNECT flow>10096 srcPort>37251 dst>fd10:23:100::2/26896 
05:35:59.259500 OFF flow>9768 srcPort>45579 dst>fd10:23:100::2/26568 
05:35:59.283423 SHUTDOWN flow>9824 srcPort>43259 dst>fd10:23:100::2/26624 
05:35:59.321771 OFF flow>9816 srcPort>42875 dst>fd10:23:100::2/26616 
05:35:59.342264 SHUTDOWN flow>9832 srcPort>36171 dst>fd10:23:100::2/26632 
05:35:59.343124 ON flow>10104 srcPort>39419 dst>fd10:23:100::2/26904 
05:35:59.386787 OFF flow>9824 srcPort>43259 dst>fd10:23:100::2/26624 
05:35:59.442976 CONNECT flow>10104 srcPort>39419 dst>fd10:23:100::2/26904 
05:35:59.458501 SHUTDOWN flow>9840 srcPort>44881 dst>fd10:23:100::2/26640 
05:35:59.480158 OFF flow>9728 srcPort>33385 dst>fd10:23:100::2/26528 
05:35:59.505816 SHUTDOWN flow>9848 srcPort>40085 dst>fd10:23:100::2/26648 
05:35:59.516726 ON flow>10112 srcPort>42527 dst>fd10:23:100::2/26912 
05:35:59.538373 SHUTDOWN flow>9800 srcPort>38247 dst>fd10:23:100::2/26600 
05:35:59.552038 OFF flow>9832 srcPort>36171 dst>fd10:23:100::2/26632 
05:35:59.558053 OFF flow>9840 srcPort>44881 dst>fd10:23:100::2/26640 
05:35:59.591522 OFF flow>9784 srcPort>43669 dst>fd10:23:100::2/26584 
05:35:59.602414 OFF flow>9848 srcPort>40085 dst>fd10:23:100::2/26648 
05:35:59.608051 SHUTDOWN flow>9792 srcPort>43943 dst>fd10:23:100::2/26592 
05:35:59.612453 CONNECT flow>10112 srcPort>42527 dst>fd10:23:100::2/26912 
05:35:59.641418 SHUTDOWN flow>9856 srcPort>38185 dst>fd10:23:100::2/26656 
05:35:59.724929 ON flow>10120 srcPort>45681 dst>fd10:23:100::2/26920 
05:35:59.785612 SHUTDOWN flow>9864 srcPort>43345 dst>fd10:23:100::2/26664 
05:35:59.818100 CONNECT flow>10120 srcPort>45681 dst>fd10:23:100::2/26920 
05:35:59.871982 ON flow>10128 srcPort>34469 dst>fd10:23:100::2/26928 
05:35:59.901596 OFF flow>9864 srcPort>43345 dst>fd10:23:100::2/26664 
05:35:59.940683 ON flow>10136 srcPort>38729 dst>fd10:23:100::2/26936 
05:35:59.967211 CONNECT flow>10128 srcPort>34469 dst>fd10:23:100::2/26928 
05:35:59.991031 SHUTDOWN flow>9872 srcPort>46163 dst>fd10:23:100::2/26672 
05:36:00.014536 ON flow>10144 srcPort>33875 dst>fd10:23:100::2/26944 
05:36:00.034954 CONNECT flow>10136 srcPort>38729 dst>fd10:23:100::2/26936 
05:36:00.063788 ON flow>10152 srcPort>45975 dst>fd10:23:100::2/26952 
05:36:00.105320 CONNECT flow>10144 srcPort>33875 dst>fd10:23:100::2/26944 
05:36:00.153089 CONNECT flow>10152 srcPort>45975 dst>fd10:23:100::2/26952 
05:36:00.156513 OFF flow>9856 srcPort>38185 dst>fd10:23:100::2/26656 
05:36:00.190034 ON flow>10160 srcPort>33211 dst>fd10:23:100::2/26960 
05:36:00.280701 CONNECT flow>10160 srcPort>33211 dst>fd10:23:100::2/26960 
05:36:00.286831 ON flow>10168 srcPort>44685 dst>fd10:23:100::2/26968 
05:36:00.314976 SHUTDOWN flow>9880 srcPort>40643 dst>fd10:23:100::2/26680 
05:36:00.330467 ON flow>10176 srcPort>35061 dst>fd10:23:100::2/26976 
05:36:00.379053 ON flow>10184 srcPort>42961 dst>fd10:23:100::2/26984 
05:36:00.384474 CONNECT flow>10168 srcPort>44685 dst>fd10:23:100::2/26968 
05:36:00.416527 OFF flow>9880 srcPort>40643 dst>fd10:23:100::2/26680 
05:36:00.430265 CONNECT flow>10176 srcPort>35061 dst>fd10:23:100::2/26976 
05:36:00.431967 SHUTDOWN flow>9888 srcPort>43139 dst>fd10:23:100::2/26688 
05:36:00.440965 ON flow>10192 srcPort>44467 dst>fd10:23:100::2/26992 
05:36:00.479844 CONNECT flow>10184 srcPort>42961 dst>fd10:23:100::2/26984 
05:36:00.510167 ON flow>10200 srcPort>36243 dst>fd10:23:100::2/27000 
05:36:00.517744 OFF flow>9800 srcPort>38247 dst>fd10:23:100::2/26600 
05:36:00.541016 CONNECT flow>10192 srcPort>44467 dst>fd10:23:100::2/26992 
05:36:00.555269 ON flow>10208 srcPort>44409 dst>fd10:23:100::2/27008 
05:36:00.608403 CONNECT flow>10200 srcPort>36243 dst>fd10:23:100::2/27000 
05:36:00.615994 OFF flow>9888 srcPort>43139 dst>fd10:23:100::2/26688 
05:36:00.621900 SHUTDOWN flow>9904 srcPort>33411 dst>fd10:23:100::2/26704 
05:36:00.657202 CONNECT flow>10208 srcPort>44409 dst>fd10:23:100::2/27008 
05:36:00.729745 ON flow>10216 srcPort>42301 dst>fd10:23:100::2/27016 
05:36:00.799123 SHUTDOWN flow>9920 srcPort>40457 dst>fd10:23:100::2/26720 
05:36:00.835818 CONNECT flow>10216 srcPort>42301 dst>fd10:23:100::2/27016 
05:36:00.955548 ON flow>10224 srcPort>39857 dst>fd10:23:100::2/27024 
05:36:00.955666 OFF flow>9792 srcPort>43943 dst>fd10:23:100::2/26592 
05:36:00.970285 SHUTDOWN flow>9896 srcPort>41415 dst>fd10:23:100::2/26696 
05:36:00.975282 SHUTDOWN flow>9944 srcPort>43519 dst>fd10:23:100::2/26744 
05:36:01.026028 OFF flow>9920 srcPort>40457 dst>fd10:23:100::2/26720 
05:36:01.063343 CONNECT flow>10224 srcPort>39857 dst>fd10:23:100::2/27024 
05:36:01.099880 ON flow>10232 srcPort>34241 dst>fd10:23:100::2/27032 
05:36:01.106336 SHUTDOWN flow>9936 srcPort>38179 dst>fd10:23:100::2/26736 
05:36:01.201874 CONNECT flow>10232 srcPort>34241 dst>fd10:23:100::2/27032 
05:36:01.229922 SHUTDOWN flow>9960 srcPort>43723 dst>fd10:23:100::2/26760 
05:36:01.241816 ON flow>10240 srcPort>41209 dst>fd10:23:100::2/27040 
05:36:01.313443 SHUTDOWN flow>9968 srcPort>42165 dst>fd10:23:100::2/26768 
05:36:01.325136 ON flow>10248 srcPort>43053 dst>fd10:23:100::2/27048 
05:36:01.344198 CONNECT flow>10240 srcPort>41209 dst>fd10:23:100::2/27040 
05:36:01.344546 SHUTDOWN flow>9952 srcPort>39019 dst>fd10:23:100::2/26752 
05:36:01.378466 SHUTDOWN flow>9976 srcPort>42611 dst>fd10:23:100::2/26776 
05:36:01.382260 OFF flow>9944 srcPort>43519 dst>fd10:23:100::2/26744 
05:36:01.397094 SHUTDOWN flow>9928 srcPort>39603 dst>fd10:23:100::2/26728 
05:36:01.421254 OFF flow>9968 srcPort>42165 dst>fd10:23:100::2/26768 
05:36:01.431198 CONNECT flow>10248 srcPort>43053 dst>fd10:23:100::2/27048 
05:36:01.460814 OFF flow>9960 srcPort>43723 dst>fd10:23:100::2/26760 
05:36:01.550799 SHUTDOWN flow>9984 srcPort>45339 dst>fd10:23:100::2/26784 
05:36:01.580425 SHUTDOWN flow>9912 srcPort>45973 dst>fd10:23:100::2/26712 
05:36:01.609238 SHUTDOWN flow>9992 srcPort>40723 dst>fd10:23:100::2/26792 
05:36:01.626103 OFF flow>9976 srcPort>42611 dst>fd10:23:100::2/26776 
05:36:01.631051 OFF flow>9936 srcPort>38179 dst>fd10:23:100::2/26736 
05:36:01.655041 ON flow>10256 srcPort>34767 dst>fd10:23:100::2/27056 
05:36:01.683617 SHUTDOWN flow>10000 srcPort>43739 dst>fd10:23:100::2/26800 
05:36:01.765362 CONNECT flow>10256 srcPort>34767 dst>fd10:23:100::2/27056 
05:36:01.803095 OFF flow>9984 srcPort>45339 dst>fd10:23:100::2/26784 
05:36:01.844680 OFF flow>10000 srcPort>43739 dst>fd10:23:100::2/26800 
05:36:01.919272 SHUTDOWN flow>10008 srcPort>38875 dst>fd10:23:100::2/26808 
05:36:01.919507 OFF flow>9992 srcPort>40723 dst>fd10:23:100::2/26792 
05:36:01.940053 SHUTDOWN flow>10024 srcPort>39549 dst>fd10:23:100::2/26824 
05:36:02.024914 OFF flow>9952 srcPort>39019 dst>fd10:23:100::2/26752 
05:36:02.043318 OFF flow>10024 srcPort>39549 dst>fd10:23:100::2/26824 
05:36:02.058799 ON flow>10264 srcPort>41855 dst>fd10:23:100::2/27064 
05:36:02.062842 SHUTDOWN flow>10016 srcPort>46025 dst>fd10:23:100::2/26816 
05:36:02.147199 SHUTDOWN flow>10032 srcPort>41059 dst>fd10:23:100::2/26832 
05:36:02.151212 CONNECT flow>10264 srcPort>41855 dst>fd10:23:100::2/27064 
05:36:02.172865 SHUTDOWN flow>10048 srcPort>37201 dst>fd10:23:100::2/26848 
05:36:02.217482 ON flow>10272 srcPort>45153 dst>fd10:23:100::2/27072 
05:36:02.257976 OFF flow>10048 srcPort>37201 dst>fd10:23:100::2/26848 
05:36:02.274460 SHUTDOWN flow>10056 srcPort>46783 dst>fd10:23:100::2/26856 
05:36:02.297465 CONNECT flow>10272 srcPort>45153 dst>fd10:23:100::2/27072 
05:36:02.311997 OFF flow>10016 srcPort>46025 dst>fd10:23:100::2/26816 
05:36:02.334934 OFF flow>10032 srcPort>41059 dst>fd10:23:100::2/26832 
05:36:02.352184 ON flow>10280 srcPort>46413 dst>fd10:23:100::2/27080 
05:36:02.352213 OFF flow>10056 srcPort>46783 dst>fd10:23:100::2/26856 
05:36:02.353283 SHUTDOWN flow>10064 srcPort>44181 dst>fd10:23:100::2/26864 
05:36:02.365628 OFF flow>9904 srcPort>33411 dst>fd10:23:100::2/26704 
05:36:02.423825 CONNECT flow>10280 srcPort>46413 dst>fd10:23:100::2/27080 
05:36:02.439880 OFF flow>9896 srcPort>41415 dst>fd10:23:100::2/26696 
05:36:02.467082 OFF flow>10008 srcPort>38875 dst>fd10:23:100::2/26808 
05:36:02.518721 ON flow>10288 srcPort>46759 dst>fd10:23:100::2/27088 
05:36:02.586003 CONNECT flow>10288 srcPort>46759 dst>fd10:23:100::2/27088 
05:36:02.616097 SHUTDOWN flow>10072 srcPort>46193 dst>fd10:23:100::2/26872 
05:36:02.679703 OFF flow>10072 srcPort>46193 dst>fd10:23:100::2/26872 
05:36:02.685169 OFF flow>10064 srcPort>44181 dst>fd10:23:100::2/26864 
05:36:02.720977 ON flow>10296 srcPort>45303 dst>fd10:23:100::2/27096 
05:36:02.779275 CONNECT flow>10296 srcPort>45303 dst>fd10:23:100::2/27096 
05:36:02.867158 ON flow>10304 srcPort>33461 dst>fd10:23:100::2/27104 
05:36:02.888292 OFF flow>9928 srcPort>39603 dst>fd10:23:100::2/26728 
05:36:02.908052 OFF flow>9912 srcPort>45973 dst>fd10:23:100::2/26712 
05:36:02.919390 CONNECT flow>10304 srcPort>33461 dst>fd10:23:100::2/27104 
05:36:02.958154 ON flow>10312 srcPort>39235 dst>fd10:23:100::2/27112 
05:36:03.009310 CONNECT flow>10312 srcPort>39235 dst>fd10:23:100::2/27112 
05:36:03.075844 ON flow>10320 srcPort>33187 dst>fd10:23:100::2/27120 
05:36:03.129703 CONNECT flow>10320 srcPort>33187 dst>fd10:23:100::2/27120 
05:36:03.154823 ON flow>10328 srcPort>46851 dst>fd10:23:100::2/27128 
05:36:03.212708 CONNECT flow>10328 srcPort>46851 dst>fd10:23:100::2/27128 
05:36:03.263288 ON flow>10336 srcPort>39683 dst>fd10:23:100::2/27136 
05:36:03.323734 CONNECT flow>10336 srcPort>39683 dst>fd10:23:100::2/27136 
05:36:03.372399 SHUTDOWN flow>10080 srcPort>39459 dst>fd10:23:100::2/26880 
05:36:03.384338 ON flow>10344 srcPort>37617 dst>fd10:23:100::2/27144 
05:36:03.411895 SHUTDOWN flow>10040 srcPort>41627 dst>fd10:23:100::2/26840 
05:36:03.437074 OFF flow>10080 srcPort>39459 dst>fd10:23:100::2/26880 
05:36:03.448482 CONNECT flow>10344 srcPort>37617 dst>fd10:23:100::2/27144 
05:36:03.455178 OFF flow>9872 srcPort>46163 dst>fd10:23:100::2/26672 
05:36:03.490867 ON flow>10352 srcPort>40743 dst>fd10:23:100::2/27152 
05:36:03.562409 ON flow>10360 srcPort>42251 dst>fd10:23:100::2/27160 
05:36:03.566073 CONNECT flow>10352 srcPort>40743 dst>fd10:23:100::2/27152 
05:36:03.632099 ON flow>10368 srcPort>44083 dst>fd10:23:100::2/27168 
05:36:03.649234 CONNECT flow>10360 srcPort>42251 dst>fd10:23:100::2/27160 
05:36:03.718705 ON flow>10376 srcPort>40261 dst>fd10:23:100::2/27176 
05:36:03.730721 CONNECT flow>10368 srcPort>44083 dst>fd10:23:100::2/27168 
05:36:03.779367 SHUTDOWN flow>10088 srcPort>42407 dst>fd10:23:100::2/26888 
05:36:03.799626 OFF flow>10040 srcPort>41627 dst>fd10:23:100::2/26840 
05:36:03.824551 CONNECT flow>10376 srcPort>40261 dst>fd10:23:100::2/27176 
05:36:03.886963 OFF flow>10088 srcPort>42407 dst>fd10:23:100::2/26888 
05:36:03.945920 SHUTDOWN flow>10096 srcPort>37251 dst>fd10:23:100::2/26896 
05:36:03.971843 ON flow>10384 srcPort>35501 dst>fd10:23:100::2/27184 
05:36:04.076903 CONNECT flow>10384 srcPort>35501 dst>fd10:23:100::2/27184 
05:36:04.096455 OFF flow>10096 srcPort>37251 dst>fd10:23:100::2/26896 
05:36:04.142701 SHUTDOWN flow>10104 srcPort>39419 dst>fd10:23:100::2/26904 
05:36:04.231541 ON flow>10392 srcPort>35017 dst>fd10:23:100::2/27192 
05:36:04.337540 CONNECT flow>10392 srcPort>35017 dst>fd10:23:100::2/27192 
05:36:04.342319 ON flow>10400 srcPort>35149 dst>fd10:23:100::2/27200 
05:36:04.351103 OFF flow>10104 srcPort>39419 dst>fd10:23:100::2/26904 
05:36:04.450567 CONNECT flow>10400 srcPort>35149 dst>fd10:23:100::2/27200 
05:36:04.542141 ON flow>10408 srcPort>38031 dst>fd10:23:100::2/27208 
05:36:04.613866 SHUTDOWN flow>10112 srcPort>42527 dst>fd10:23:100::2/26912 
05:36:04.648998 CONNECT flow>10408 srcPort>38031 dst>fd10:23:100::2/27208 
05:36:04.671584 SHUTDOWN flow>10128 srcPort>34469 dst>fd10:23:100::2/26928 
05:36:04.774316 OFF flow>10128 srcPort>34469 dst>fd10:23:100::2/26928 
05:36:04.814007 SHUTDOWN flow>10144 srcPort>33875 dst>fd10:23:100::2/26944 
05:36:04.863548 SHUTDOWN flow>10152 srcPort>45975 dst>fd10:23:100::2/26952 
05:36:04.927821 SHUTDOWN flow>10136 srcPort>38729 dst>fd10:23:100::2/26936 
05:36:04.989586 SHUTDOWN flow>10160 srcPort>33211 dst>fd10:23:100::2/26960 
05:36:05.016621 OFF flow>10144 srcPort>33875 dst>fd10:23:100::2/26944 
05:36:05.092524 OFF flow>10152 srcPort>45975 dst>fd10:23:100::2/26952 
05:36:05.094010 OFF flow>10160 srcPort>33211 dst>fd10:23:100::2/26960 
05:36:05.109738 SHUTDOWN flow>4001 srcPort>36075 dst>fd10:23:100::2/20000 
05:36:05.114293 SHUTDOWN flow>10120 srcPort>45681 dst>fd10:23:100::2/26920 
05:36:05.309891 SHUTDOWN flow>10200 srcPort>36243 dst>fd10:23:100::2/27000 
05:36:05.342620 SHUTDOWN flow>10168 srcPort>44685 dst>fd10:23:100::2/26968 
05:36:05.346001 SHUTDOWN flow>10176 srcPort>35061 dst>fd10:23:100::2/26976 
05:36:05.355079 SHUTDOWN flow>10208 srcPort>44409 dst>fd10:23:100::2/27008 
05:36:05.366894 SHUTDOWN flow>10184 srcPort>42961 dst>fd10:23:100::2/26984 
05:36:05.400316 OFF flow>10200 srcPort>36243 dst>fd10:23:100::2/27000 
05:36:05.500732 SHUTDOWN flow>10192 srcPort>44467 dst>fd10:23:100::2/26992 
05:36:05.529273 SHUTDOWN flow>10216 srcPort>42301 dst>fd10:23:100::2/27016 
05:36:05.553811 OFF flow>10184 srcPort>42961 dst>fd10:23:100::2/26984 
05:36:05.554448 OFF flow>10208 srcPort>44409 dst>fd10:23:100::2/27008 
05:36:05.634965 OFF flow>10176 srcPort>35061 dst>fd10:23:100::2/26976 
05:36:05.734711 OFF flow>10168 srcPort>44685 dst>fd10:23:100::2/26968 
05:36:05.754966 SHUTDOWN flow>10224 srcPort>39857 dst>fd10:23:100::2/27024 
05:36:05.757072 OFF flow>10192 srcPort>44467 dst>fd10:23:100::2/26992 
05:36:05.802631 OFF flow>10224 srcPort>39857 dst>fd10:23:100::2/27024 
05:36:05.819650 OFF flow>10120 srcPort>45681 dst>fd10:23:100::2/26920 
05:36:05.846290 OFF flow>4001 srcPort>36075 dst>fd10:23:100::2/20000 
05:36:05.850148 OFF flow>10112 srcPort>42527 dst>fd10:23:100::2/26912 
05:36:05.872744 OFF flow>10136 srcPort>38729 dst>fd10:23:100::2/26936 
05:36:05.911212 OFF flow>10216 srcPort>42301 dst>fd10:23:100::2/27016 
05:36:05.936472 SHUTDOWN flow>10232 srcPort>34241 dst>fd10:23:100::2/27032 
05:36:05.979781 OFF flow>10232 srcPort>34241 dst>fd10:23:100::2/27032 
05:36:06.041274 SHUTDOWN flow>10240 srcPort>41209 dst>fd10:23:100::2/27040 
05:36:06.041870 OFF flow>10240 srcPort>41209 dst>fd10:23:100::2/27040 
05:36:06.124702 SHUTDOWN flow>10248 srcPort>43053 dst>fd10:23:100::2/27048 
05:36:06.125686 OFF flow>10248 srcPort>43053 dst>fd10:23:100::2/27048 
05:36:06.454557 SHUTDOWN flow>10256 srcPort>34767 dst>fd10:23:100::2/27056 
05:36:06.455167 OFF flow>10256 srcPort>34767 dst>fd10:23:100::2/27056 
05:36:06.858451 SHUTDOWN flow>10264 srcPort>41855 dst>fd10:23:100::2/27064 
05:36:06.858820 OFF flow>10264 srcPort>41855 dst>fd10:23:100::2/27064 
05:36:07.017302 SHUTDOWN flow>10272 srcPort>45153 dst>fd10:23:100::2/27072 
05:36:07.017701 OFF flow>10272 srcPort>45153 dst>fd10:23:100::2/27072 
05:36:07.151964 SHUTDOWN flow>10280 srcPort>46413 dst>fd10:23:100::2/27080 
05:36:07.152549 OFF flow>10280 srcPort>46413 dst>fd10:23:100::2/27080 
05:36:07.318558 SHUTDOWN flow>10288 srcPort>46759 dst>fd10:23:100::2/27088 
05:36:07.318913 OFF flow>10288 srcPort>46759 dst>fd10:23:100::2/27088 
05:36:07.520501 SHUTDOWN flow>10296 srcPort>45303 dst>fd10:23:100::2/27096 
05:36:07.521046 OFF flow>10296 srcPort>45303 dst>fd10:23:100::2/27096 
05:36:07.666796 SHUTDOWN flow>10304 srcPort>33461 dst>fd10:23:100::2/27104 
05:36:07.667341 OFF flow>10304 srcPort>33461 dst>fd10:23:100::2/27104 
05:36:07.758004 SHUTDOWN flow>10312 srcPort>39235 dst>fd10:23:100::2/27112 
05:36:07.758836 OFF flow>10312 srcPort>39235 dst>fd10:23:100::2/27112 
05:36:07.875597 SHUTDOWN flow>10320 srcPort>33187 dst>fd10:23:100::2/27120 
05:36:07.875989 OFF flow>10320 srcPort>33187 dst>fd10:23:100::2/27120 
05:36:07.954509 SHUTDOWN flow>10328 srcPort>46851 dst>fd10:23:100::2/27128 
05:36:07.955175 OFF flow>10328 srcPort>46851 dst>fd10:23:100::2/27128 
05:36:08.062819 SHUTDOWN flow>10336 srcPort>39683 dst>fd10:23:100::2/27136 
05:36:08.063292 OFF flow>10336 srcPort>39683 dst>fd10:23:100::2/27136 
05:36:08.183908 SHUTDOWN flow>10344 srcPort>37617 dst>fd10:23:100::2/27144 
05:36:08.184337 OFF flow>10344 srcPort>37617 dst>fd10:23:100::2/27144 
05:36:08.290599 SHUTDOWN flow>10352 srcPort>40743 dst>fd10:23:100::2/27152 
05:36:08.290985 OFF flow>10352 srcPort>40743 dst>fd10:23:100::2/27152 
05:36:08.361803 SHUTDOWN flow>10360 srcPort>42251 dst>fd10:23:100::2/27160 
05:36:08.362215 OFF flow>10360 srcPort>42251 dst>fd10:23:100::2/27160 
05:36:08.431400 SHUTDOWN flow>10368 srcPort>44083 dst>fd10:23:100::2/27168 
05:36:08.431842 OFF flow>10368 srcPort>44083 dst>fd10:23:100::2/27168 
05:36:08.518196 SHUTDOWN flow>10376 srcPort>40261 dst>fd10:23:100::2/27176 
05:36:08.518610 OFF flow>10376 srcPort>40261 dst>fd10:23:100::2/27176 
05:36:08.771084 SHUTDOWN flow>10384 srcPort>35501 dst>fd10:23:100::2/27184 
05:36:08.771526 OFF flow>10384 srcPort>35501 dst>fd10:23:100::2/27184 
05:36:09.031180 SHUTDOWN flow>10392 srcPort>35017 dst>fd10:23:100::2/27192 
05:36:09.031591 OFF flow>10392 srcPort>35017 dst>fd10:23:100::2/27192 
05:36:09.141985 SHUTDOWN flow>10400 srcPort>35149 dst>fd10:23:100::2/27200 
05:36:09.142421 OFF flow>10400 srcPort>35149 dst>fd10:23:100::2/27200 
05:36:09.341694 SHUTDOWN flow>10408 srcPort>38031 dst>fd10:23:100::2/27208 
05:36:09.342110 OFF flow>10408 srcPort>38031 dst>fd10:23:100::2/27208 
05:36:09.342426 STOP
