05:03:06.464230 START Mgen Version 5.1.1
05:03:06.464509 ON flow>2001 srcPort>41451 dst>fd10:43:100::2/20000 
05:03:06.466283 CONNECT flow>2001 srcPort>41451 dst>fd10:43:100::2/20000 
05:03:06.964322 ON flow>2002 srcPort>41875 dst>fd10:43:100::2/20001 
05:03:06.964791 CONNECT flow>2002 srcPort>41875 dst>fd10:43:100::2/20001 
05:03:07.464353 ON flow>2003 srcPort>39355 dst>fd10:43:100::2/20002 
05:03:07.464712 CONNECT flow>2003 srcPort>39355 dst>fd10:43:100::2/20002 
05:03:07.964396 ON flow>2004 srcPort>36795 dst>fd10:43:100::2/20003 
05:03:07.964696 CONNECT flow>2004 srcPort>36795 dst>fd10:43:100::2/20003 
05:03:12.453963 ON flow>2200 srcPort>34539 dst>fd10:43:100::2/21000 
05:03:12.454229 CONNECT flow>2200 srcPort>34539 dst>fd10:43:100::2/21000 
05:03:12.554922 ON flow>2201 srcPort>34931 dst>fd10:43:100::2/21001 
05:03:12.555202 CONNECT flow>2201 srcPort>34931 dst>fd10:43:100::2/21001 
05:03:12.709570 ON flow>2202 srcPort>36791 dst>fd10:43:100::2/21002 
05:03:12.710455 CONNECT flow>2202 srcPort>36791 dst>fd10:43:100::2/21002 
05:03:12.729018 ON flow>2203 srcPort>38897 dst>fd10:43:100::2/21003 
05:03:12.729277 CONNECT flow>2203 srcPort>38897 dst>fd10:43:100::2/21003 
05:03:12.775440 ON flow>2204 srcPort>39935 dst>fd10:43:100::2/21004 
05:03:12.775691 CONNECT flow>2204 srcPort>39935 dst>fd10:43:100::2/21004 
05:03:13.113520 ON flow>2205 srcPort>36977 dst>fd10:43:100::2/21005 
05:03:13.113759 CONNECT flow>2205 srcPort>36977 dst>fd10:43:100::2/21005 
05:03:13.124221 ON flow>2206 srcPort>38301 dst>fd10:43:100::2/21006 
05:03:13.124454 CONNECT flow>2206 srcPort>38301 dst>fd10:43:100::2/21006 
05:03:13.129520 ON flow>2207 srcPort>43477 dst>fd10:43:100::2/21007 
05:03:13.129883 CONNECT flow>2207 srcPort>43477 dst>fd10:43:100::2/21007 
05:03:13.197823 ON flow>2208 srcPort>45103 dst>fd10:43:100::2/21008 
05:03:13.198095 CONNECT flow>2208 srcPort>45103 dst>fd10:43:100::2/21008 
05:03:13.371966 ON flow>2209 srcPort>35789 dst>fd10:43:100::2/21009 
05:03:13.372207 CONNECT flow>2209 srcPort>35789 dst>fd10:43:100::2/21009 
05:03:13.468824 ON flow>2210 srcPort>44537 dst>fd10:43:100::2/21010 
05:03:13.469052 CONNECT flow>2210 srcPort>44537 dst>fd10:43:100::2/21010 
05:03:14.848360 ON flow>2211 srcPort>38183 dst>fd10:43:100::2/21011 
05:03:14.848654 CONNECT flow>2211 srcPort>38183 dst>fd10:43:100::2/21011 
05:03:14.993892 ON flow>2212 srcPort>37837 dst>fd10:43:100::2/21012 
05:03:14.994194 CONNECT flow>2212 srcPort>37837 dst>fd10:43:100::2/21012 
05:03:15.086645 ON flow>2213 srcPort>46783 dst>fd10:43:100::2/21013 
05:03:15.086880 CONNECT flow>2213 srcPort>46783 dst>fd10:43:100::2/21013 
05:03:15.173330 ON flow>2214 srcPort>38357 dst>fd10:43:100::2/21014 
05:03:15.173646 CONNECT flow>2214 srcPort>38357 dst>fd10:43:100::2/21014 
05:03:15.191932 ON flow>2215 srcPort>46451 dst>fd10:43:100::2/21015 
05:03:15.192169 CONNECT flow>2215 srcPort>46451 dst>fd10:43:100::2/21015 
05:03:15.376135 ON flow>2216 srcPort>39651 dst>fd10:43:100::2/21016 
05:03:15.376336 CONNECT flow>2216 srcPort>39651 dst>fd10:43:100::2/21016 
05:03:15.545253 ON flow>2217 srcPort>35325 dst>fd10:43:100::2/21017 
05:03:15.545576 CONNECT flow>2217 srcPort>35325 dst>fd10:43:100::2/21017 
05:03:15.595655 ON flow>2218 srcPort>33983 dst>fd10:43:100::2/21018 
05:03:15.595958 CONNECT flow>2218 srcPort>33983 dst>fd10:43:100::2/21018 
05:03:15.627256 ON flow>2219 srcPort>35203 dst>fd10:43:100::2/21019 
05:03:15.627483 CONNECT flow>2219 srcPort>35203 dst>fd10:43:100::2/21019 
05:03:16.546199 ON flow>2220 srcPort>46289 dst>fd10:43:100::2/21020 
05:03:16.546442 CONNECT flow>2220 srcPort>46289 dst>fd10:43:100::2/21020 
05:03:16.724860 ON flow>2221 srcPort>42837 dst>fd10:43:100::2/21021 
05:03:16.725152 CONNECT flow>2221 srcPort>42837 dst>fd10:43:100::2/21021 
05:03:16.826152 ON flow>2222 srcPort>33661 dst>fd10:43:100::2/21022 
05:03:16.826397 CONNECT flow>2222 srcPort>33661 dst>fd10:43:100::2/21022 
05:03:16.826752 ON flow>2223 srcPort>38743 dst>fd10:43:100::2/21023 
05:03:16.827142 CONNECT flow>2223 srcPort>38743 dst>fd10:43:100::2/21023 
05:03:16.907965 ON flow>2224 srcPort>40165 dst>fd10:43:100::2/21024 
05:03:16.908252 CONNECT flow>2224 srcPort>40165 dst>fd10:43:100::2/21024 
05:03:17.253893 SHUTDOWN flow>2200 srcPort>34539 dst>fd10:43:100::2/21000 
05:03:17.254353 OFF flow>2200 srcPort>34539 dst>fd10:43:100::2/21000 
05:03:17.354923 SHUTDOWN flow>2201 srcPort>34931 dst>fd10:43:100::2/21001 
05:03:17.355441 OFF flow>2201 srcPort>34931 dst>fd10:43:100::2/21001 
05:03:17.509492 SHUTDOWN flow>2202 srcPort>36791 dst>fd10:43:100::2/21002 
05:03:17.509899 OFF flow>2202 srcPort>36791 dst>fd10:43:100::2/21002 
05:03:17.528991 SHUTDOWN flow>2203 srcPort>38897 dst>fd10:43:100::2/21003 
05:03:17.529316 OFF flow>2203 srcPort>38897 dst>fd10:43:100::2/21003 
05:03:17.575407 SHUTDOWN flow>2204 srcPort>39935 dst>fd10:43:100::2/21004 
05:03:17.575719 OFF flow>2204 srcPort>39935 dst>fd10:43:100::2/21004 
05:03:17.913493 SHUTDOWN flow>2205 srcPort>36977 dst>fd10:43:100::2/21005 
05:03:17.913894 OFF flow>2205 srcPort>36977 dst>fd10:43:100::2/21005 
05:03:17.924186 SHUTDOWN flow>2206 srcPort>38301 dst>fd10:43:100::2/21006 
05:03:17.924574 OFF flow>2206 srcPort>38301 dst>fd10:43:100::2/21006 
05:03:17.929487 SHUTDOWN flow>2207 srcPort>43477 dst>fd10:43:100::2/21007 
05:03:17.929809 OFF flow>2207 srcPort>43477 dst>fd10:43:100::2/21007 
05:03:17.997792 SHUTDOWN flow>2208 srcPort>45103 dst>fd10:43:100::2/21008 
05:03:17.998119 OFF flow>2208 srcPort>45103 dst>fd10:43:100::2/21008 
05:03:18.171892 SHUTDOWN flow>2209 srcPort>35789 dst>fd10:43:100::2/21009 
05:03:18.172304 OFF flow>2209 srcPort>35789 dst>fd10:43:100::2/21009 
05:03:18.268794 SHUTDOWN flow>2210 srcPort>44537 dst>fd10:43:100::2/21010 
05:03:18.269337 OFF flow>2210 srcPort>44537 dst>fd10:43:100::2/21010 
05:03:18.861828 ON flow>2225 srcPort>41935 dst>fd10:43:100::2/21025 
05:03:18.862051 CONNECT flow>2225 srcPort>41935 dst>fd10:43:100::2/21025 
05:03:18.988460 ON flow>2226 srcPort>43261 dst>fd10:43:100::2/21026 
05:03:18.988854 CONNECT flow>2226 srcPort>43261 dst>fd10:43:100::2/21026 
05:03:19.049062 ON flow>2227 srcPort>40175 dst>fd10:43:100::2/21027 
05:03:19.049284 CONNECT flow>2227 srcPort>40175 dst>fd10:43:100::2/21027 
05:03:19.116589 ON flow>2228 srcPort>34137 dst>fd10:43:100::2/21028 
05:03:19.116839 CONNECT flow>2228 srcPort>34137 dst>fd10:43:100::2/21028 
05:03:19.267504 ON flow>2229 srcPort>44359 dst>fd10:43:100::2/21029 
05:03:19.267745 CONNECT flow>2229 srcPort>44359 dst>fd10:43:100::2/21029 
05:03:19.287503 ON flow>2230 srcPort>36911 dst>fd10:43:100::2/21030 
05:03:19.287767 CONNECT flow>2230 srcPort>36911 dst>fd10:43:100::2/21030 
05:03:19.648295 SHUTDOWN flow>2211 srcPort>38183 dst>fd10:43:100::2/21011 
05:03:19.648752 OFF flow>2211 srcPort>38183 dst>fd10:43:100::2/21011 
05:03:19.793800 SHUTDOWN flow>2212 srcPort>37837 dst>fd10:43:100::2/21012 
05:03:19.794176 OFF flow>2212 srcPort>37837 dst>fd10:43:100::2/21012 
05:03:19.886604 SHUTDOWN flow>2213 srcPort>46783 dst>fd10:43:100::2/21013 
05:03:19.887045 OFF flow>2213 srcPort>46783 dst>fd10:43:100::2/21013 
05:03:19.973305 SHUTDOWN flow>2214 srcPort>38357 dst>fd10:43:100::2/21014 
05:03:19.973656 OFF flow>2214 srcPort>38357 dst>fd10:43:100::2/21014 
05:03:19.991907 SHUTDOWN flow>2215 srcPort>46451 dst>fd10:43:100::2/21015 
05:03:19.992263 OFF flow>2215 srcPort>46451 dst>fd10:43:100::2/21015 
05:03:20.176124 SHUTDOWN flow>2216 srcPort>39651 dst>fd10:43:100::2/21016 
05:03:20.176625 OFF flow>2216 srcPort>39651 dst>fd10:43:100::2/21016 
05:03:20.345235 SHUTDOWN flow>2217 srcPort>35325 dst>fd10:43:100::2/21017 
05:03:20.345719 OFF flow>2217 srcPort>35325 dst>fd10:43:100::2/21017 
05:03:20.395646 SHUTDOWN flow>2218 srcPort>33983 dst>fd10:43:100::2/21018 
05:03:20.396241 OFF flow>2218 srcPort>33983 dst>fd10:43:100::2/21018 
05:03:20.427243 SHUTDOWN flow>2219 srcPort>35203 dst>fd10:43:100::2/21019 
05:03:20.427631 OFF flow>2219 srcPort>35203 dst>fd10:43:100::2/21019 
05:03:20.448586 ON flow>2231 srcPort>34545 dst>fd10:43:100::2/21031 
05:03:20.448933 CONNECT flow>2231 srcPort>34545 dst>fd10:43:100::2/21031 
05:03:20.494941 ON flow>2232 srcPort>44953 dst>fd10:43:100::2/21032 
05:03:20.495213 CONNECT flow>2232 srcPort>44953 dst>fd10:43:100::2/21032 
05:03:20.657180 ON flow>2233 srcPort>45181 dst>fd10:43:100::2/21033 
05:03:20.657443 CONNECT flow>2233 srcPort>45181 dst>fd10:43:100::2/21033 
05:03:20.785895 ON flow>2234 srcPort>39317 dst>fd10:43:100::2/21034 
05:03:20.786148 CONNECT flow>2234 srcPort>39317 dst>fd10:43:100::2/21034 
05:03:20.857444 ON flow>2235 srcPort>42301 dst>fd10:43:100::2/21035 
05:03:20.857722 CONNECT flow>2235 srcPort>42301 dst>fd10:43:100::2/21035 
05:03:21.346127 SHUTDOWN flow>2220 srcPort>46289 dst>fd10:43:100::2/21020 
05:03:21.346620 OFF flow>2220 srcPort>46289 dst>fd10:43:100::2/21020 
05:03:21.524831 SHUTDOWN flow>2221 srcPort>42837 dst>fd10:43:100::2/21021 
05:03:21.525317 OFF flow>2221 srcPort>42837 dst>fd10:43:100::2/21021 
05:03:21.626134 SHUTDOWN flow>2222 srcPort>33661 dst>fd10:43:100::2/21022 
05:03:21.626573 OFF flow>2222 srcPort>33661 dst>fd10:43:100::2/21022 
05:03:21.626728 SHUTDOWN flow>2223 srcPort>38743 dst>fd10:43:100::2/21023 
05:03:21.627066 OFF flow>2223 srcPort>38743 dst>fd10:43:100::2/21023 
05:03:21.707930 SHUTDOWN flow>2224 srcPort>40165 dst>fd10:43:100::2/21024 
05:03:21.708282 OFF flow>2224 srcPort>40165 dst>fd10:43:100::2/21024 
05:03:21.827552 ON flow>2236 srcPort>39373 dst>fd10:43:100::2/21036 
05:03:21.827811 CONNECT flow>2236 srcPort>39373 dst>fd10:43:100::2/21036 
05:03:22.517806 ON flow>2237 srcPort>34357 dst>fd10:43:100::2/21037 
05:03:22.518030 CONNECT flow>2237 srcPort>34357 dst>fd10:43:100::2/21037 
05:03:22.572396 ON flow>2238 srcPort>37049 dst>fd10:43:100::2/21038 
05:03:22.572652 CONNECT flow>2238 srcPort>37049 dst>fd10:43:100::2/21038 
05:03:22.690866 ON flow>2239 srcPort>45747 dst>fd10:43:100::2/21039 
05:03:22.691140 CONNECT flow>2239 srcPort>45747 dst>fd10:43:100::2/21039 
05:03:22.776270 ON flow>2240 srcPort>37325 dst>fd10:43:100::2/21040 
05:03:22.776569 CONNECT flow>2240 srcPort>37325 dst>fd10:43:100::2/21040 
05:03:22.812367 ON flow>2241 srcPort>43705 dst>fd10:43:100::2/21041 
05:03:22.812606 CONNECT flow>2241 srcPort>43705 dst>fd10:43:100::2/21041 
05:03:23.661744 SHUTDOWN flow>2225 srcPort>41935 dst>fd10:43:100::2/21025 
05:03:23.662215 OFF flow>2225 srcPort>41935 dst>fd10:43:100::2/21025 
05:03:23.788430 SHUTDOWN flow>2226 srcPort>43261 dst>fd10:43:100::2/21026 
05:03:23.788881 OFF flow>2226 srcPort>43261 dst>fd10:43:100::2/21026 
05:03:23.849024 SHUTDOWN flow>2227 srcPort>40175 dst>fd10:43:100::2/21027 
05:03:23.849539 OFF flow>2227 srcPort>40175 dst>fd10:43:100::2/21027 
05:03:23.916532 SHUTDOWN flow>2228 srcPort>34137 dst>fd10:43:100::2/21028 
05:03:23.916844 OFF flow>2228 srcPort>34137 dst>fd10:43:100::2/21028 
05:03:24.067445 SHUTDOWN flow>2229 srcPort>44359 dst>fd10:43:100::2/21029 
05:03:24.067860 OFF flow>2229 srcPort>44359 dst>fd10:43:100::2/21029 
05:03:24.087435 SHUTDOWN flow>2230 srcPort>36911 dst>fd10:43:100::2/21030 
05:03:24.087793 OFF flow>2230 srcPort>36911 dst>fd10:43:100::2/21030 
05:03:24.356103 ON flow>2242 srcPort>34277 dst>fd10:43:100::2/21042 
05:03:24.356327 CONNECT flow>2242 srcPort>34277 dst>fd10:43:100::2/21042 
05:03:24.371927 ON flow>2243 srcPort>45105 dst>fd10:43:100::2/21043 
05:03:24.372194 CONNECT flow>2243 srcPort>45105 dst>fd10:43:100::2/21043 
05:03:24.443508 ON flow>2244 srcPort>45381 dst>fd10:43:100::2/21044 
05:03:24.443797 CONNECT flow>2244 srcPort>45381 dst>fd10:43:100::2/21044 
05:03:25.248326 SHUTDOWN flow>2231 srcPort>34545 dst>fd10:43:100::2/21031 
05:03:25.248772 OFF flow>2231 srcPort>34545 dst>fd10:43:100::2/21031 
05:03:25.294818 SHUTDOWN flow>2232 srcPort>44953 dst>fd10:43:100::2/21032 
05:03:25.295189 OFF flow>2232 srcPort>44953 dst>fd10:43:100::2/21032 
05:03:25.457129 SHUTDOWN flow>2233 srcPort>45181 dst>fd10:43:100::2/21033 
05:03:25.457518 OFF flow>2233 srcPort>45181 dst>fd10:43:100::2/21033 
05:03:25.585840 SHUTDOWN flow>2234 srcPort>39317 dst>fd10:43:100::2/21034 
05:03:25.586241 OFF flow>2234 srcPort>39317 dst>fd10:43:100::2/21034 
05:03:25.657415 SHUTDOWN flow>2235 srcPort>42301 dst>fd10:43:100::2/21035 
05:03:25.657749 OFF flow>2235 srcPort>42301 dst>fd10:43:100::2/21035 
05:03:26.627456 SHUTDOWN flow>2236 srcPort>39373 dst>fd10:43:100::2/21036 
05:03:26.628257 OFF flow>2236 srcPort>39373 dst>fd10:43:100::2/21036 
05:03:27.317751 SHUTDOWN flow>2237 srcPort>34357 dst>fd10:43:100::2/21037 
05:03:27.318270 OFF flow>2237 srcPort>34357 dst>fd10:43:100::2/21037 
05:03:27.372332 SHUTDOWN flow>2238 srcPort>37049 dst>fd10:43:100::2/21038 
05:03:27.372740 OFF flow>2238 srcPort>37049 dst>fd10:43:100::2/21038 
05:03:27.490845 SHUTDOWN flow>2239 srcPort>45747 dst>fd10:43:100::2/21039 
05:03:27.491367 OFF flow>2239 srcPort>45747 dst>fd10:43:100::2/21039 
05:03:27.576251 SHUTDOWN flow>2240 srcPort>37325 dst>fd10:43:100::2/21040 
05:03:27.576629 OFF flow>2240 srcPort>37325 dst>fd10:43:100::2/21040 
05:03:27.612366 SHUTDOWN flow>2241 srcPort>43705 dst>fd10:43:100::2/21041 
05:03:27.612816 OFF flow>2241 srcPort>43705 dst>fd10:43:100::2/21041 
05:03:29.156017 SHUTDOWN flow>2242 srcPort>34277 dst>fd10:43:100::2/21042 
05:03:29.157086 OFF flow>2242 srcPort>34277 dst>fd10:43:100::2/21042 
05:03:29.171825 SHUTDOWN flow>2243 srcPort>45105 dst>fd10:43:100::2/21043 
05:03:29.172119 OFF flow>2243 srcPort>45105 dst>fd10:43:100::2/21043 
05:03:29.243423 SHUTDOWN flow>2244 srcPort>45381 dst>fd10:43:100::2/21044 
05:03:29.243852 OFF flow>2244 srcPort>45381 dst>fd10:43:100::2/21044 
05:03:29.271417 ON flow>2245 srcPort>44997 dst>fd10:43:100::2/21045 
05:03:29.271703 CONNECT flow>2245 srcPort>44997 dst>fd10:43:100::2/21045 
05:03:29.325587 ON flow>2246 srcPort>37021 dst>fd10:43:100::2/21046 
05:03:29.325846 CONNECT flow>2246 srcPort>37021 dst>fd10:43:100::2/21046 
05:03:29.441812 ON flow>2247 srcPort>46797 dst>fd10:43:100::2/21047 
05:03:29.442048 CONNECT flow>2247 srcPort>46797 dst>fd10:43:100::2/21047 
05:03:32.485156 ON flow>2248 srcPort>41709 dst>fd10:43:100::2/21048 
05:03:32.485519 CONNECT flow>2248 srcPort>41709 dst>fd10:43:100::2/21048 
05:03:32.677078 ON flow>2249 srcPort>41605 dst>fd10:43:100::2/21049 
05:03:32.677325 CONNECT flow>2249 srcPort>41605 dst>fd10:43:100::2/21049 
05:03:32.763578 ON flow>2250 srcPort>33107 dst>fd10:43:100::2/21050 
05:03:32.763851 CONNECT flow>2250 srcPort>33107 dst>fd10:43:100::2/21050 
05:03:34.071134 SHUTDOWN flow>2245 srcPort>44997 dst>fd10:43:100::2/21045 
05:03:34.071997 OFF flow>2245 srcPort>44997 dst>fd10:43:100::2/21045 
05:03:34.125535 SHUTDOWN flow>2246 srcPort>37021 dst>fd10:43:100::2/21046 
05:03:34.126156 OFF flow>2246 srcPort>37021 dst>fd10:43:100::2/21046 
05:03:34.223509 ON flow>2251 srcPort>33785 dst>fd10:43:100::2/21051 
05:03:34.223789 CONNECT flow>2251 srcPort>33785 dst>fd10:43:100::2/21051 
05:03:34.241736 SHUTDOWN flow>2247 srcPort>46797 dst>fd10:43:100::2/21047 
05:03:34.242142 OFF flow>2247 srcPort>46797 dst>fd10:43:100::2/21047 
05:03:34.285091 ON flow>2252 srcPort>43493 dst>fd10:43:100::2/21052 
05:03:34.285483 CONNECT flow>2252 srcPort>43493 dst>fd10:43:100::2/21052 
05:03:34.449191 ON flow>2253 srcPort>37845 dst>fd10:43:100::2/21053 
05:03:34.449464 CONNECT flow>2253 srcPort>37845 dst>fd10:43:100::2/21053 
05:03:36.438614 ON flow>2254 srcPort>38349 dst>fd10:43:100::2/21054 
05:03:36.438957 CONNECT flow>2254 srcPort>38349 dst>fd10:43:100::2/21054 
05:03:36.493867 ON flow>2255 srcPort>40289 dst>fd10:43:100::2/21055 
05:03:36.494177 CONNECT flow>2255 srcPort>40289 dst>fd10:43:100::2/21055 
05:03:37.285041 SHUTDOWN flow>2248 srcPort>41709 dst>fd10:43:100::2/21048 
05:03:37.285568 OFF flow>2248 srcPort>41709 dst>fd10:43:100::2/21048 
05:03:37.477043 SHUTDOWN flow>2249 srcPort>41605 dst>fd10:43:100::2/21049 
05:03:37.477644 OFF flow>2249 srcPort>41605 dst>fd10:43:100::2/21049 
05:03:37.563546 SHUTDOWN flow>2250 srcPort>33107 dst>fd10:43:100::2/21050 
05:03:37.564037 OFF flow>2250 srcPort>33107 dst>fd10:43:100::2/21050 
05:03:39.023446 SHUTDOWN flow>2251 srcPort>33785 dst>fd10:43:100::2/21051 
05:03:39.024001 OFF flow>2251 srcPort>33785 dst>fd10:43:100::2/21051 
05:03:39.085045 SHUTDOWN flow>2252 srcPort>43493 dst>fd10:43:100::2/21052 
05:03:39.085561 OFF flow>2252 srcPort>43493 dst>fd10:43:100::2/21052 
05:03:39.239470 ON flow>2256 srcPort>45689 dst>fd10:43:100::2/21056 
05:03:39.239702 CONNECT flow>2256 srcPort>45689 dst>fd10:43:100::2/21056 
05:03:39.249151 SHUTDOWN flow>2253 srcPort>37845 dst>fd10:43:100::2/21053 
05:03:39.249761 OFF flow>2253 srcPort>37845 dst>fd10:43:100::2/21053 
05:03:39.288912 ON flow>2257 srcPort>39379 dst>fd10:43:100::2/21057 
05:03:39.289249 CONNECT flow>2257 srcPort>39379 dst>fd10:43:100::2/21057 
05:03:39.482855 ON flow>2258 srcPort>43049 dst>fd10:43:100::2/21058 
05:03:39.483145 CONNECT flow>2258 srcPort>43049 dst>fd10:43:100::2/21058 
05:03:39.501086 ON flow>2259 srcPort>36947 dst>fd10:43:100::2/21059 
05:03:39.501334 CONNECT flow>2259 srcPort>36947 dst>fd10:43:100::2/21059 
05:03:39.664449 ON flow>2260 srcPort>36517 dst>fd10:43:100::2/21060 
05:03:39.664792 CONNECT flow>2260 srcPort>36517 dst>fd10:43:100::2/21060 
05:03:39.675622 ON flow>2261 srcPort>41695 dst>fd10:43:100::2/21061 
05:03:39.675940 CONNECT flow>2261 srcPort>41695 dst>fd10:43:100::2/21061 
05:03:41.238536 SHUTDOWN flow>2254 srcPort>38349 dst>fd10:43:100::2/21054 
05:03:41.239144 OFF flow>2254 srcPort>38349 dst>fd10:43:100::2/21054 
05:03:41.293833 SHUTDOWN flow>2255 srcPort>40289 dst>fd10:43:100::2/21055 
05:03:41.294409 OFF flow>2255 srcPort>40289 dst>fd10:43:100::2/21055 
05:03:42.133534 ON flow>2262 srcPort>42453 dst>fd10:43:100::2/21062 
05:03:42.133862 CONNECT flow>2262 srcPort>42453 dst>fd10:43:100::2/21062 
05:03:42.166998 ON flow>2263 srcPort>33853 dst>fd10:43:100::2/21063 
05:03:42.167297 CONNECT flow>2263 srcPort>33853 dst>fd10:43:100::2/21063 
05:03:42.236415 ON flow>2264 srcPort>34787 dst>fd10:43:100::2/21064 
05:03:42.236692 CONNECT flow>2264 srcPort>34787 dst>fd10:43:100::2/21064 
05:03:42.377514 ON flow>2265 srcPort>44255 dst>fd10:43:100::2/21065 
05:03:42.378044 CONNECT flow>2265 srcPort>44255 dst>fd10:43:100::2/21065 
05:03:42.750147 ON flow>2266 srcPort>37997 dst>fd10:43:100::2/21066 
05:03:42.750434 CONNECT flow>2266 srcPort>37997 dst>fd10:43:100::2/21066 
05:03:42.765503 ON flow>2267 srcPort>41647 dst>fd10:43:100::2/21067 
05:03:42.765920 CONNECT flow>2267 srcPort>41647 dst>fd10:43:100::2/21067 
05:03:42.771696 ON flow>2268 srcPort>46251 dst>fd10:43:100::2/21068 
05:03:42.771976 CONNECT flow>2268 srcPort>46251 dst>fd10:43:100::2/21068 
05:03:42.809823 ON flow>2269 srcPort>46051 dst>fd10:43:100::2/21069 
05:03:42.810042 CONNECT flow>2269 srcPort>46051 dst>fd10:43:100::2/21069 
05:03:42.949845 ON flow>2270 srcPort>35093 dst>fd10:43:100::2/21070 
05:03:42.950075 CONNECT flow>2270 srcPort>35093 dst>fd10:43:100::2/21070 
05:03:43.318957 ON flow>2271 srcPort>40217 dst>fd10:43:100::2/21071 
05:03:43.319318 CONNECT flow>2271 srcPort>40217 dst>fd10:43:100::2/21071 
05:03:43.403643 ON flow>2272 srcPort>36319 dst>fd10:43:100::2/21072 
05:03:43.403977 CONNECT flow>2272 srcPort>36319 dst>fd10:43:100::2/21072 
05:03:43.533217 ON flow>2273 srcPort>36819 dst>fd10:43:100::2/21073 
05:03:43.533538 CONNECT flow>2273 srcPort>36819 dst>fd10:43:100::2/21073 
05:03:43.668724 ON flow>2274 srcPort>41745 dst>fd10:43:100::2/21074 
05:03:43.668997 CONNECT flow>2274 srcPort>41745 dst>fd10:43:100::2/21074 
05:03:43.988452 ON flow>2275 srcPort>37727 dst>fd10:43:100::2/21075 
05:03:43.988773 CONNECT flow>2275 srcPort>37727 dst>fd10:43:100::2/21075 
05:03:43.996699 ON flow>2276 srcPort>43597 dst>fd10:43:100::2/21076 
05:03:43.997013 CONNECT flow>2276 srcPort>43597 dst>fd10:43:100::2/21076 
05:03:44.039338 SHUTDOWN flow>2256 srcPort>45689 dst>fd10:43:100::2/21056 
05:03:44.040478 OFF flow>2256 srcPort>45689 dst>fd10:43:100::2/21056 
05:03:44.088853 SHUTDOWN flow>2257 srcPort>39379 dst>fd10:43:100::2/21057 
05:03:44.089393 OFF flow>2257 srcPort>39379 dst>fd10:43:100::2/21057 
05:03:44.114114 ON flow>2277 srcPort>46407 dst>fd10:43:100::2/21077 
05:03:44.114557 CONNECT flow>2277 srcPort>46407 dst>fd10:43:100::2/21077 
05:03:44.255727 ON flow>2278 srcPort>35535 dst>fd10:43:100::2/21078 
05:03:44.256030 CONNECT flow>2278 srcPort>35535 dst>fd10:43:100::2/21078 
05:03:44.263513 ON flow>2279 srcPort>33573 dst>fd10:43:100::2/21079 
05:03:44.263870 CONNECT flow>2279 srcPort>33573 dst>fd10:43:100::2/21079 
05:03:44.282751 SHUTDOWN flow>2258 srcPort>43049 dst>fd10:43:100::2/21058 
05:03:44.283191 OFF flow>2258 srcPort>43049 dst>fd10:43:100::2/21058 
05:03:44.301050 SHUTDOWN flow>2259 srcPort>36947 dst>fd10:43:100::2/21059 
05:03:44.301551 OFF flow>2259 srcPort>36947 dst>fd10:43:100::2/21059 
05:03:44.306092 ON flow>2280 srcPort>36083 dst>fd10:43:100::2/21080 
05:03:44.306411 CONNECT flow>2280 srcPort>36083 dst>fd10:43:100::2/21080 
05:03:44.464343 SHUTDOWN flow>2260 srcPort>36517 dst>fd10:43:100::2/21060 
05:03:44.465072 OFF flow>2260 srcPort>36517 dst>fd10:43:100::2/21060 
05:03:44.475545 SHUTDOWN flow>2261 srcPort>41695 dst>fd10:43:100::2/21061 
05:03:44.475885 OFF flow>2261 srcPort>41695 dst>fd10:43:100::2/21061 
05:03:45.258637 ON flow>2281 srcPort>35217 dst>fd10:43:100::2/21081 
05:03:45.258978 CONNECT flow>2281 srcPort>35217 dst>fd10:43:100::2/21081 
05:03:45.564880 ON flow>2282 srcPort>43601 dst>fd10:43:100::2/21082 
05:03:45.565197 CONNECT flow>2282 srcPort>43601 dst>fd10:43:100::2/21082 
05:03:45.640474 ON flow>2283 srcPort>39433 dst>fd10:43:100::2/21083 
05:03:45.640735 CONNECT flow>2283 srcPort>39433 dst>fd10:43:100::2/21083 
05:03:45.643685 ON flow>2284 srcPort>34877 dst>fd10:43:100::2/21084 
05:03:45.643999 CONNECT flow>2284 srcPort>34877 dst>fd10:43:100::2/21084 
05:03:46.730986 ON flow>2285 srcPort>39227 dst>fd10:43:100::2/21085 
05:03:46.731274 CONNECT flow>2285 srcPort>39227 dst>fd10:43:100::2/21085 
05:03:46.735639 ON flow>2286 srcPort>36087 dst>fd10:43:100::2/21086 
05:03:46.735935 CONNECT flow>2286 srcPort>36087 dst>fd10:43:100::2/21086 
05:03:46.766523 ON flow>2287 srcPort>40919 dst>fd10:43:100::2/21087 
05:03:46.766792 CONNECT flow>2287 srcPort>40919 dst>fd10:43:100::2/21087 
05:03:46.828780 ON flow>2288 srcPort>41577 dst>fd10:43:100::2/21088 
05:03:46.829119 CONNECT flow>2288 srcPort>41577 dst>fd10:43:100::2/21088 
05:03:46.917971 ON flow>2289 srcPort>42503 dst>fd10:43:100::2/21089 
05:03:46.918346 CONNECT flow>2289 srcPort>42503 dst>fd10:43:100::2/21089 
05:03:46.933437 SHUTDOWN flow>2262 srcPort>42453 dst>fd10:43:100::2/21062 
05:03:46.934017 OFF flow>2262 srcPort>42453 dst>fd10:43:100::2/21062 
05:03:46.966954 SHUTDOWN flow>2263 srcPort>33853 dst>fd10:43:100::2/21063 
05:03:46.967469 OFF flow>2263 srcPort>33853 dst>fd10:43:100::2/21063 
05:03:47.036345 SHUTDOWN flow>2264 srcPort>34787 dst>fd10:43:100::2/21064 
05:03:47.036815 OFF flow>2264 srcPort>34787 dst>fd10:43:100::2/21064 
05:03:47.078458 ON flow>2290 srcPort>38869 dst>fd10:43:100::2/21090 
05:03:47.078709 CONNECT flow>2290 srcPort>38869 dst>fd10:43:100::2/21090 
05:03:47.082806 ON flow>2291 srcPort>45325 dst>fd10:43:100::2/21091 
05:03:47.083088 CONNECT flow>2291 srcPort>45325 dst>fd10:43:100::2/21091 
05:03:47.169877 ON flow>2292 srcPort>38971 dst>fd10:43:100::2/21092 
05:03:47.170140 CONNECT flow>2292 srcPort>38971 dst>fd10:43:100::2/21092 
05:03:47.177445 SHUTDOWN flow>2265 srcPort>44255 dst>fd10:43:100::2/21065 
05:03:47.177916 OFF flow>2265 srcPort>44255 dst>fd10:43:100::2/21065 
05:03:47.409966 ON flow>2293 srcPort>43983 dst>fd10:43:100::2/21093 
05:03:47.410334 CONNECT flow>2293 srcPort>43983 dst>fd10:43:100::2/21093 
05:03:47.425121 ON flow>2294 srcPort>42975 dst>fd10:43:100::2/21094 
05:03:47.425421 CONNECT flow>2294 srcPort>42975 dst>fd10:43:100::2/21094 
05:03:47.550074 SHUTDOWN flow>2266 srcPort>37997 dst>fd10:43:100::2/21066 
05:03:47.551039 OFF flow>2266 srcPort>37997 dst>fd10:43:100::2/21066 
05:03:47.565461 SHUTDOWN flow>2267 srcPort>41647 dst>fd10:43:100::2/21067 
05:03:47.565972 OFF flow>2267 srcPort>41647 dst>fd10:43:100::2/21067 
05:03:47.571660 SHUTDOWN flow>2268 srcPort>46251 dst>fd10:43:100::2/21068 
05:03:47.572113 OFF flow>2268 srcPort>46251 dst>fd10:43:100::2/21068 
05:03:47.609765 SHUTDOWN flow>2269 srcPort>46051 dst>fd10:43:100::2/21069 
05:03:47.610224 OFF flow>2269 srcPort>46051 dst>fd10:43:100::2/21069 
05:03:47.749767 SHUTDOWN flow>2270 srcPort>35093 dst>fd10:43:100::2/21070 
05:03:47.750178 OFF flow>2270 srcPort>35093 dst>fd10:43:100::2/21070 
05:03:48.018768 ON flow>2295 srcPort>41777 dst>fd10:43:100::2/21095 
05:03:48.019034 CONNECT flow>2295 srcPort>41777 dst>fd10:43:100::2/21095 
05:03:48.087055 ON flow>2296 srcPort>37063 dst>fd10:43:100::2/21096 
05:03:48.087409 CONNECT flow>2296 srcPort>37063 dst>fd10:43:100::2/21096 
05:03:48.096216 ON flow>2297 srcPort>34775 dst>fd10:43:100::2/21097 
05:03:48.096471 CONNECT flow>2297 srcPort>34775 dst>fd10:43:100::2/21097 
05:03:48.118877 SHUTDOWN flow>2271 srcPort>40217 dst>fd10:43:100::2/21071 
05:03:48.120031 OFF flow>2271 srcPort>40217 dst>fd10:43:100::2/21071 
05:03:48.203567 SHUTDOWN flow>2272 srcPort>36319 dst>fd10:43:100::2/21072 
05:03:48.204346 OFF flow>2272 srcPort>36319 dst>fd10:43:100::2/21072 
05:03:48.248661 ON flow>2298 srcPort>44149 dst>fd10:43:100::2/21098 
05:03:48.248939 CONNECT flow>2298 srcPort>44149 dst>fd10:43:100::2/21098 
05:03:48.333167 SHUTDOWN flow>2273 srcPort>36819 dst>fd10:43:100::2/21073 
05:03:48.333678 OFF flow>2273 srcPort>36819 dst>fd10:43:100::2/21073 
05:03:48.437862 ON flow>2299 srcPort>42133 dst>fd10:43:100::2/21099 
05:03:48.438214 CONNECT flow>2299 srcPort>42133 dst>fd10:43:100::2/21099 
05:03:48.468648 SHUTDOWN flow>2274 srcPort>41745 dst>fd10:43:100::2/21074 
05:03:48.469324 OFF flow>2274 srcPort>41745 dst>fd10:43:100::2/21074 
05:03:48.788347 SHUTDOWN flow>2275 srcPort>37727 dst>fd10:43:100::2/21075 
05:03:48.788846 OFF flow>2275 srcPort>37727 dst>fd10:43:100::2/21075 
05:03:48.796644 SHUTDOWN flow>2276 srcPort>43597 dst>fd10:43:100::2/21076 
05:03:48.797073 OFF flow>2276 srcPort>43597 dst>fd10:43:100::2/21076 
05:03:48.914053 SHUTDOWN flow>2277 srcPort>46407 dst>fd10:43:100::2/21077 
05:03:48.914552 OFF flow>2277 srcPort>46407 dst>fd10:43:100::2/21077 
05:03:49.055653 SHUTDOWN flow>2278 srcPort>35535 dst>fd10:43:100::2/21078 
05:03:49.056336 OFF flow>2278 srcPort>35535 dst>fd10:43:100::2/21078 
05:03:49.063446 SHUTDOWN flow>2279 srcPort>33573 dst>fd10:43:100::2/21079 
05:03:49.063969 OFF flow>2279 srcPort>33573 dst>fd10:43:100::2/21079 
05:03:49.106072 SHUTDOWN flow>2280 srcPort>36083 dst>fd10:43:100::2/21080 
05:03:49.106554 OFF flow>2280 srcPort>36083 dst>fd10:43:100::2/21080 
05:03:50.058553 SHUTDOWN flow>2281 srcPort>35217 dst>fd10:43:100::2/21081 
05:03:50.059055 OFF flow>2281 srcPort>35217 dst>fd10:43:100::2/21081 
05:03:50.323543 ON flow>2300 srcPort>36089 dst>fd10:43:100::2/21100 
05:03:50.323912 CONNECT flow>2300 srcPort>36089 dst>fd10:43:100::2/21100 
05:03:50.364793 SHUTDOWN flow>2282 srcPort>43601 dst>fd10:43:100::2/21082 
05:03:50.365325 OFF flow>2282 srcPort>43601 dst>fd10:43:100::2/21082 
05:03:50.368695 ON flow>2301 srcPort>34719 dst>fd10:43:100::2/21101 
05:03:50.369456 CONNECT flow>2301 srcPort>34719 dst>fd10:43:100::2/21101 
05:03:50.385414 ON flow>2302 srcPort>42157 dst>fd10:43:100::2/21102 
05:03:50.385685 CONNECT flow>2302 srcPort>42157 dst>fd10:43:100::2/21102 
05:03:50.440369 SHUTDOWN flow>2283 srcPort>39433 dst>fd10:43:100::2/21083 
05:03:50.441256 OFF flow>2283 srcPort>39433 dst>fd10:43:100::2/21083 
05:03:50.443583 SHUTDOWN flow>2284 srcPort>34877 dst>fd10:43:100::2/21084 
05:03:50.443955 OFF flow>2284 srcPort>34877 dst>fd10:43:100::2/21084 
05:03:50.533115 ON flow>2303 srcPort>34489 dst>fd10:43:100::2/21103 
05:03:50.533392 CONNECT flow>2303 srcPort>34489 dst>fd10:43:100::2/21103 
05:03:50.557711 ON flow>2304 srcPort>37897 dst>fd10:43:100::2/21104 
05:03:50.557989 CONNECT flow>2304 srcPort>37897 dst>fd10:43:100::2/21104 
05:03:51.530868 SHUTDOWN flow>2285 srcPort>39227 dst>fd10:43:100::2/21085 
05:03:51.531342 OFF flow>2285 srcPort>39227 dst>fd10:43:100::2/21085 
05:03:51.535567 SHUTDOWN flow>2286 srcPort>36087 dst>fd10:43:100::2/21086 
05:03:51.535917 OFF flow>2286 srcPort>36087 dst>fd10:43:100::2/21086 
05:03:51.566272 SHUTDOWN flow>2287 srcPort>40919 dst>fd10:43:100::2/21087 
05:03:51.567095 OFF flow>2287 srcPort>40919 dst>fd10:43:100::2/21087 
05:03:51.628677 SHUTDOWN flow>2288 srcPort>41577 dst>fd10:43:100::2/21088 
05:03:51.629116 OFF flow>2288 srcPort>41577 dst>fd10:43:100::2/21088 
05:03:51.717902 SHUTDOWN flow>2289 srcPort>42503 dst>fd10:43:100::2/21089 
05:03:51.718414 OFF flow>2289 srcPort>42503 dst>fd10:43:100::2/21089 
05:03:51.781724 ON flow>2305 srcPort>39377 dst>fd10:43:100::2/21105 
05:03:51.782037 CONNECT flow>2305 srcPort>39377 dst>fd10:43:100::2/21105 
05:03:51.846472 ON flow>2306 srcPort>37185 dst>fd10:43:100::2/21106 
05:03:51.846801 CONNECT flow>2306 srcPort>37185 dst>fd10:43:100::2/21106 
05:03:51.878388 SHUTDOWN flow>2290 srcPort>38869 dst>fd10:43:100::2/21090 
05:03:51.878801 OFF flow>2290 srcPort>38869 dst>fd10:43:100::2/21090 
05:03:51.882773 SHUTDOWN flow>2291 srcPort>45325 dst>fd10:43:100::2/21091 
05:03:51.883578 OFF flow>2291 srcPort>45325 dst>fd10:43:100::2/21091 
05:03:51.969771 SHUTDOWN flow>2292 srcPort>38971 dst>fd10:43:100::2/21092 
05:03:51.970289 OFF flow>2292 srcPort>38971 dst>fd10:43:100::2/21092 
05:03:51.983807 ON flow>2307 srcPort>37605 dst>fd10:43:100::2/21107 
05:03:51.984103 CONNECT flow>2307 srcPort>37605 dst>fd10:43:100::2/21107 
05:03:52.022568 ON flow>2308 srcPort>43799 dst>fd10:43:100::2/21108 
05:03:52.022880 CONNECT flow>2308 srcPort>43799 dst>fd10:43:100::2/21108 
05:03:52.048515 ON flow>2309 srcPort>42457 dst>fd10:43:100::2/21109 
05:03:52.048877 CONNECT flow>2309 srcPort>42457 dst>fd10:43:100::2/21109 
05:03:52.209875 SHUTDOWN flow>2293 srcPort>43983 dst>fd10:43:100::2/21093 
05:03:52.210757 OFF flow>2293 srcPort>43983 dst>fd10:43:100::2/21093 
05:03:52.211432 ON flow>2310 srcPort>43545 dst>fd10:43:100::2/21110 
05:03:52.211750 CONNECT flow>2310 srcPort>43545 dst>fd10:43:100::2/21110 
05:03:52.225082 SHUTDOWN flow>2294 srcPort>42975 dst>fd10:43:100::2/21094 
05:03:52.225457 OFF flow>2294 srcPort>42975 dst>fd10:43:100::2/21094 
05:03:52.818679 SHUTDOWN flow>2295 srcPort>41777 dst>fd10:43:100::2/21095 
05:03:52.819514 OFF flow>2295 srcPort>41777 dst>fd10:43:100::2/21095 
05:03:52.886981 SHUTDOWN flow>2296 srcPort>37063 dst>fd10:43:100::2/21096 
05:03:52.887623 OFF flow>2296 srcPort>37063 dst>fd10:43:100::2/21096 
05:03:52.896176 SHUTDOWN flow>2297 srcPort>34775 dst>fd10:43:100::2/21097 
05:03:52.896599 OFF flow>2297 srcPort>34775 dst>fd10:43:100::2/21097 
05:03:53.048586 SHUTDOWN flow>2298 srcPort>44149 dst>fd10:43:100::2/21098 
05:03:53.049099 OFF flow>2298 srcPort>44149 dst>fd10:43:100::2/21098 
05:03:53.237798 SHUTDOWN flow>2299 srcPort>42133 dst>fd10:43:100::2/21099 
05:03:53.238453 OFF flow>2299 srcPort>42133 dst>fd10:43:100::2/21099 
05:03:54.595321 ON flow>2311 srcPort>43475 dst>fd10:43:100::2/21111 
05:03:54.595681 CONNECT flow>2311 srcPort>43475 dst>fd10:43:100::2/21111 
05:03:54.675624 ON flow>2312 srcPort>42573 dst>fd10:43:100::2/21112 
05:03:54.675921 CONNECT flow>2312 srcPort>42573 dst>fd10:43:100::2/21112 
05:03:54.703620 ON flow>2313 srcPort>43401 dst>fd10:43:100::2/21113 
05:03:54.703919 CONNECT flow>2313 srcPort>43401 dst>fd10:43:100::2/21113 
05:03:54.743029 ON flow>2314 srcPort>40451 dst>fd10:43:100::2/21114 
05:03:54.743346 CONNECT flow>2314 srcPort>40451 dst>fd10:43:100::2/21114 
05:03:54.795223 ON flow>2315 srcPort>44823 dst>fd10:43:100::2/21115 
05:03:54.795638 CONNECT flow>2315 srcPort>44823 dst>fd10:43:100::2/21115 
05:03:54.813232 ON flow>2316 srcPort>36545 dst>fd10:43:100::2/21116 
05:03:54.813485 CONNECT flow>2316 srcPort>36545 dst>fd10:43:100::2/21116 
05:03:54.898228 ON flow>2317 srcPort>39627 dst>fd10:43:100::2/21117 
05:03:54.898488 CONNECT flow>2317 srcPort>39627 dst>fd10:43:100::2/21117 
05:03:54.912726 ON flow>2318 srcPort>37679 dst>fd10:43:100::2/21118 
05:03:54.913052 CONNECT flow>2318 srcPort>37679 dst>fd10:43:100::2/21118 
05:03:55.090902 ON flow>2319 srcPort>33349 dst>fd10:43:100::2/21119 
05:03:55.091218 CONNECT flow>2319 srcPort>33349 dst>fd10:43:100::2/21119 
05:03:55.123458 SHUTDOWN flow>2300 srcPort>36089 dst>fd10:43:100::2/21100 
05:03:55.124053 OFF flow>2300 srcPort>36089 dst>fd10:43:100::2/21100 
05:03:55.155028 ON flow>2320 srcPort>34753 dst>fd10:43:100::2/21120 
05:03:55.155286 CONNECT flow>2320 srcPort>34753 dst>fd10:43:100::2/21120 
05:03:55.168655 SHUTDOWN flow>2301 srcPort>34719 dst>fd10:43:100::2/21101 
05:03:55.169100 OFF flow>2301 srcPort>34719 dst>fd10:43:100::2/21101 
05:03:55.185353 SHUTDOWN flow>2302 srcPort>42157 dst>fd10:43:100::2/21102 
05:03:55.185757 OFF flow>2302 srcPort>42157 dst>fd10:43:100::2/21102 
05:03:55.250032 ON flow>2321 srcPort>37345 dst>fd10:43:100::2/21121 
05:03:55.250324 CONNECT flow>2321 srcPort>37345 dst>fd10:43:100::2/21121 
05:03:55.333062 SHUTDOWN flow>2303 srcPort>34489 dst>fd10:43:100::2/21103 
05:03:55.333495 OFF flow>2303 srcPort>34489 dst>fd10:43:100::2/21103 
05:03:55.357664 SHUTDOWN flow>2304 srcPort>37897 dst>fd10:43:100::2/21104 
05:03:55.358136 OFF flow>2304 srcPort>37897 dst>fd10:43:100::2/21104 
05:03:56.175114 ON flow>2322 srcPort>34415 dst>fd10:43:100::2/21122 
05:03:56.175459 CONNECT flow>2322 srcPort>34415 dst>fd10:43:100::2/21122 
05:03:56.186064 ON flow>2323 srcPort>36845 dst>fd10:43:100::2/21123 
05:03:56.186338 CONNECT flow>2323 srcPort>36845 dst>fd10:43:100::2/21123 
05:03:56.194657 ON flow>2324 srcPort>45039 dst>fd10:43:100::2/21124 
05:03:56.194928 CONNECT flow>2324 srcPort>45039 dst>fd10:43:100::2/21124 
05:03:56.224998 ON flow>2325 srcPort>37375 dst>fd10:43:100::2/21125 
05:03:56.225277 CONNECT flow>2325 srcPort>37375 dst>fd10:43:100::2/21125 
05:03:56.293462 ON flow>2326 srcPort>43069 dst>fd10:43:100::2/21126 
05:03:56.293739 CONNECT flow>2326 srcPort>43069 dst>fd10:43:100::2/21126 
05:03:56.377406 ON flow>2327 srcPort>37167 dst>fd10:43:100::2/21127 
05:03:56.378015 CONNECT flow>2327 srcPort>37167 dst>fd10:43:100::2/21127 
05:03:56.394373 ON flow>2328 srcPort>38893 dst>fd10:43:100::2/21128 
05:03:56.394774 CONNECT flow>2328 srcPort>38893 dst>fd10:43:100::2/21128 
05:03:56.438242 ON flow>2329 srcPort>46403 dst>fd10:43:100::2/21129 
05:03:56.438580 CONNECT flow>2329 srcPort>46403 dst>fd10:43:100::2/21129 
05:03:56.475433 ON flow>2330 srcPort>34031 dst>fd10:43:100::2/21130 
05:03:56.475756 CONNECT flow>2330 srcPort>34031 dst>fd10:43:100::2/21130 
05:03:56.524244 ON flow>2331 srcPort>33179 dst>fd10:43:100::2/21131 
05:03:56.524580 CONNECT flow>2331 srcPort>33179 dst>fd10:43:100::2/21131 
05:03:56.581690 SHUTDOWN flow>2305 srcPort>39377 dst>fd10:43:100::2/21105 
05:03:56.582395 OFF flow>2305 srcPort>39377 dst>fd10:43:100::2/21105 
05:03:56.646403 SHUTDOWN flow>2306 srcPort>37185 dst>fd10:43:100::2/21106 
05:03:56.646873 OFF flow>2306 srcPort>37185 dst>fd10:43:100::2/21106 
05:03:56.783778 SHUTDOWN flow>2307 srcPort>37605 dst>fd10:43:100::2/21107 
05:03:56.784335 OFF flow>2307 srcPort>37605 dst>fd10:43:100::2/21107 
05:03:56.822473 SHUTDOWN flow>2308 srcPort>43799 dst>fd10:43:100::2/21108 
05:03:56.823202 OFF flow>2308 srcPort>43799 dst>fd10:43:100::2/21108 
05:03:56.848471 SHUTDOWN flow>2309 srcPort>42457 dst>fd10:43:100::2/21109 
05:03:56.849336 OFF flow>2309 srcPort>42457 dst>fd10:43:100::2/21109 
05:03:57.011880 SHUTDOWN flow>2310 srcPort>43545 dst>fd10:43:100::2/21110 
05:03:57.012513 OFF flow>2310 srcPort>43545 dst>fd10:43:100::2/21110 
05:03:58.109351 ON flow>2332 srcPort>32869 dst>fd10:43:100::2/21132 
05:03:58.109630 CONNECT flow>2332 srcPort>32869 dst>fd10:43:100::2/21132 
05:03:58.144642 ON flow>2333 srcPort>42961 dst>fd10:43:100::2/21133 
05:03:58.144978 CONNECT flow>2333 srcPort>42961 dst>fd10:43:100::2/21133 
05:03:58.229267 ON flow>2334 srcPort>35525 dst>fd10:43:100::2/21134 
05:03:58.229562 CONNECT flow>2334 srcPort>35525 dst>fd10:43:100::2/21134 
05:03:58.274654 ON flow>2335 srcPort>44407 dst>fd10:43:100::2/21135 
05:03:58.274967 CONNECT flow>2335 srcPort>44407 dst>fd10:43:100::2/21135 
05:03:58.289120 ON flow>2336 srcPort>40017 dst>fd10:43:100::2/21136 
05:03:58.289400 CONNECT flow>2336 srcPort>40017 dst>fd10:43:100::2/21136 
05:03:58.352496 ON flow>2337 srcPort>45187 dst>fd10:43:100::2/21137 
05:03:58.352778 CONNECT flow>2337 srcPort>45187 dst>fd10:43:100::2/21137 
05:03:58.354715 ON flow>2338 srcPort>39395 dst>fd10:43:100::2/21138 
05:03:58.355081 CONNECT flow>2338 srcPort>39395 dst>fd10:43:100::2/21138 
05:03:58.522730 ON flow>2339 srcPort>43631 dst>fd10:43:100::2/21139 
05:03:58.523044 CONNECT flow>2339 srcPort>43631 dst>fd10:43:100::2/21139 
05:03:58.529086 ON flow>2340 srcPort>38631 dst>fd10:43:100::2/21140 
05:03:58.529368 CONNECT flow>2340 srcPort>38631 dst>fd10:43:100::2/21140 
05:03:59.395188 SHUTDOWN flow>2311 srcPort>43475 dst>fd10:43:100::2/21111 
05:03:59.396163 OFF flow>2311 srcPort>43475 dst>fd10:43:100::2/21111 
05:03:59.475600 SHUTDOWN flow>2312 srcPort>42573 dst>fd10:43:100::2/21112 
05:03:59.476152 OFF flow>2312 srcPort>42573 dst>fd10:43:100::2/21112 
05:03:59.503600 SHUTDOWN flow>2313 srcPort>43401 dst>fd10:43:100::2/21113 
05:03:59.504095 OFF flow>2313 srcPort>43401 dst>fd10:43:100::2/21113 
05:03:59.543006 SHUTDOWN flow>2314 srcPort>40451 dst>fd10:43:100::2/21114 
05:03:59.543555 OFF flow>2314 srcPort>40451 dst>fd10:43:100::2/21114 
05:03:59.595199 SHUTDOWN flow>2315 srcPort>44823 dst>fd10:43:100::2/21115 
05:03:59.595732 OFF flow>2315 srcPort>44823 dst>fd10:43:100::2/21115 
05:03:59.613231 SHUTDOWN flow>2316 srcPort>36545 dst>fd10:43:100::2/21116 
05:03:59.613622 OFF flow>2316 srcPort>36545 dst>fd10:43:100::2/21116 
05:03:59.698206 SHUTDOWN flow>2317 srcPort>39627 dst>fd10:43:100::2/21117 
05:03:59.698677 OFF flow>2317 srcPort>39627 dst>fd10:43:100::2/21117 
05:03:59.712704 SHUTDOWN flow>2318 srcPort>37679 dst>fd10:43:100::2/21118 
05:03:59.713531 OFF flow>2318 srcPort>37679 dst>fd10:43:100::2/21118 
05:03:59.890806 SHUTDOWN flow>2319 srcPort>33349 dst>fd10:43:100::2/21119 
05:03:59.891257 OFF flow>2319 srcPort>33349 dst>fd10:43:100::2/21119 
05:03:59.954998 SHUTDOWN flow>2320 srcPort>34753 dst>fd10:43:100::2/21120 
05:03:59.955535 OFF flow>2320 srcPort>34753 dst>fd10:43:100::2/21120 
05:04:00.049995 SHUTDOWN flow>2321 srcPort>37345 dst>fd10:43:100::2/21121 
05:04:00.050727 OFF flow>2321 srcPort>37345 dst>fd10:43:100::2/21121 
05:04:00.254594 ON flow>2341 srcPort>43241 dst>fd10:43:100::2/21141 
05:04:00.254965 CONNECT flow>2341 srcPort>43241 dst>fd10:43:100::2/21141 
05:04:00.525105 ON flow>2342 srcPort>45799 dst>fd10:43:100::2/21142 
05:04:00.525935 CONNECT flow>2342 srcPort>45799 dst>fd10:43:100::2/21142 
05:04:00.974986 SHUTDOWN flow>2322 srcPort>34415 dst>fd10:43:100::2/21122 
05:04:00.975699 OFF flow>2322 srcPort>34415 dst>fd10:43:100::2/21122 
05:04:00.985983 SHUTDOWN flow>2323 srcPort>36845 dst>fd10:43:100::2/21123 
05:04:00.986396 OFF flow>2323 srcPort>36845 dst>fd10:43:100::2/21123 
05:04:00.994582 SHUTDOWN flow>2324 srcPort>45039 dst>fd10:43:100::2/21124 
05:04:00.994948 OFF flow>2324 srcPort>45039 dst>fd10:43:100::2/21124 
05:04:01.024884 SHUTDOWN flow>2325 srcPort>37375 dst>fd10:43:100::2/21125 
05:04:01.025306 OFF flow>2325 srcPort>37375 dst>fd10:43:100::2/21125 
05:04:01.093293 SHUTDOWN flow>2326 srcPort>43069 dst>fd10:43:100::2/21126 
05:04:01.093840 OFF flow>2326 srcPort>43069 dst>fd10:43:100::2/21126 
05:04:01.175694 ON flow>2343 srcPort>39301 dst>fd10:43:100::2/21143 
05:04:01.176004 CONNECT flow>2343 srcPort>39301 dst>fd10:43:100::2/21143 
05:04:01.177289 SHUTDOWN flow>2327 srcPort>37167 dst>fd10:43:100::2/21127 
05:04:01.177639 OFF flow>2327 srcPort>37167 dst>fd10:43:100::2/21127 
05:04:01.194301 SHUTDOWN flow>2328 srcPort>38893 dst>fd10:43:100::2/21128 
05:04:01.194695 OFF flow>2328 srcPort>38893 dst>fd10:43:100::2/21128 
05:04:01.238209 SHUTDOWN flow>2329 srcPort>46403 dst>fd10:43:100::2/21129 
05:04:01.238853 OFF flow>2329 srcPort>46403 dst>fd10:43:100::2/21129 
05:04:01.275398 SHUTDOWN flow>2330 srcPort>34031 dst>fd10:43:100::2/21130 
05:04:01.275907 OFF flow>2330 srcPort>34031 dst>fd10:43:100::2/21130 
05:04:01.324190 SHUTDOWN flow>2331 srcPort>33179 dst>fd10:43:100::2/21131 
05:04:01.324762 OFF flow>2331 srcPort>33179 dst>fd10:43:100::2/21131 
05:04:02.247132 ON flow>2344 srcPort>40397 dst>fd10:43:100::2/21144 
05:04:02.247385 CONNECT flow>2344 srcPort>40397 dst>fd10:43:100::2/21144 
05:04:02.319073 ON flow>2345 srcPort>39393 dst>fd10:43:100::2/21145 
05:04:02.319346 CONNECT flow>2345 srcPort>39393 dst>fd10:43:100::2/21145 
05:04:02.355846 ON flow>2346 srcPort>36907 dst>fd10:43:100::2/21146 
05:04:02.356100 CONNECT flow>2346 srcPort>36907 dst>fd10:43:100::2/21146 
05:04:02.366660 ON flow>2347 srcPort>41693 dst>fd10:43:100::2/21147 
05:04:02.366972 CONNECT flow>2347 srcPort>41693 dst>fd10:43:100::2/21147 
05:04:02.383034 ON flow>2348 srcPort>45411 dst>fd10:43:100::2/21148 
05:04:02.383329 CONNECT flow>2348 srcPort>45411 dst>fd10:43:100::2/21148 
05:04:02.385746 ON flow>2349 srcPort>38361 dst>fd10:43:100::2/21149 
05:04:02.385998 CONNECT flow>2349 srcPort>38361 dst>fd10:43:100::2/21149 
05:04:02.401756 ON flow>2350 srcPort>33147 dst>fd10:43:100::2/21150 
05:04:02.402046 CONNECT flow>2350 srcPort>33147 dst>fd10:43:100::2/21150 
05:04:02.440450 ON flow>2351 srcPort>45503 dst>fd10:43:100::2/21151 
05:04:02.440782 CONNECT flow>2351 srcPort>45503 dst>fd10:43:100::2/21151 
05:04:02.450664 ON flow>2352 srcPort>42213 dst>fd10:43:100::2/21152 
05:04:02.450881 CONNECT flow>2352 srcPort>42213 dst>fd10:43:100::2/21152 
05:04:02.467061 ON flow>2353 srcPort>35469 dst>fd10:43:100::2/21153 
05:04:02.467351 CONNECT flow>2353 srcPort>35469 dst>fd10:43:100::2/21153 
05:04:02.468326 ON flow>2354 srcPort>40883 dst>fd10:43:100::2/21154 
05:04:02.468584 CONNECT flow>2354 srcPort>40883 dst>fd10:43:100::2/21154 
05:04:02.488456 ON flow>2355 srcPort>34521 dst>fd10:43:100::2/21155 
05:04:02.488807 CONNECT flow>2355 srcPort>34521 dst>fd10:43:100::2/21155 
05:04:02.606944 ON flow>2356 srcPort>46131 dst>fd10:43:100::2/21156 
05:04:02.607324 CONNECT flow>2356 srcPort>46131 dst>fd10:43:100::2/21156 
05:04:02.641531 ON flow>2357 srcPort>43749 dst>fd10:43:100::2/21157 
05:04:02.641807 CONNECT flow>2357 srcPort>43749 dst>fd10:43:100::2/21157 
05:04:02.658326 ON flow>2358 srcPort>42021 dst>fd10:43:100::2/21158 
05:04:02.658615 CONNECT flow>2358 srcPort>42021 dst>fd10:43:100::2/21158 
05:04:02.670748 ON flow>2359 srcPort>42009 dst>fd10:43:100::2/21159 
05:04:02.670985 CONNECT flow>2359 srcPort>42009 dst>fd10:43:100::2/21159 
05:04:02.675237 ON flow>2360 srcPort>33437 dst>fd10:43:100::2/21160 
05:04:02.675526 CONNECT flow>2360 srcPort>33437 dst>fd10:43:100::2/21160 
05:04:02.691034 ON flow>2361 srcPort>45807 dst>fd10:43:100::2/21161 
05:04:02.691251 CONNECT flow>2361 srcPort>45807 dst>fd10:43:100::2/21161 
05:04:02.696832 ON flow>2362 srcPort>39687 dst>fd10:43:100::2/21162 
05:04:02.697271 CONNECT flow>2362 srcPort>39687 dst>fd10:43:100::2/21162 
05:04:02.714536 ON flow>2363 srcPort>33509 dst>fd10:43:100::2/21163 
05:04:02.714824 CONNECT flow>2363 srcPort>33509 dst>fd10:43:100::2/21163 
05:04:02.752839 ON flow>2364 srcPort>38571 dst>fd10:43:100::2/21164 
05:04:02.753197 CONNECT flow>2364 srcPort>38571 dst>fd10:43:100::2/21164 
05:04:02.781037 ON flow>2365 srcPort>43479 dst>fd10:43:100::2/21165 
05:04:02.781480 CONNECT flow>2365 srcPort>43479 dst>fd10:43:100::2/21165 
05:04:02.909172 SHUTDOWN flow>2332 srcPort>32869 dst>fd10:43:100::2/21132 
05:04:02.909679 OFF flow>2332 srcPort>32869 dst>fd10:43:100::2/21132 
05:04:02.944576 SHUTDOWN flow>2333 srcPort>42961 dst>fd10:43:100::2/21133 
05:04:02.945002 OFF flow>2333 srcPort>42961 dst>fd10:43:100::2/21133 
05:04:02.980159 ON flow>2366 srcPort>33623 dst>fd10:43:100::2/21166 
05:04:02.980498 CONNECT flow>2366 srcPort>33623 dst>fd10:43:100::2/21166 
05:04:03.029174 SHUTDOWN flow>2334 srcPort>35525 dst>fd10:43:100::2/21134 
05:04:03.029813 OFF flow>2334 srcPort>35525 dst>fd10:43:100::2/21134 
05:04:03.074575 SHUTDOWN flow>2335 srcPort>44407 dst>fd10:43:100::2/21135 
05:04:03.075046 OFF flow>2335 srcPort>44407 dst>fd10:43:100::2/21135 
05:04:03.084440 ON flow>2367 srcPort>33039 dst>fd10:43:100::2/21167 
05:04:03.084974 CONNECT flow>2367 srcPort>33039 dst>fd10:43:100::2/21167 
05:04:03.089089 SHUTDOWN flow>2336 srcPort>40017 dst>fd10:43:100::2/21136 
05:04:03.089408 OFF flow>2336 srcPort>40017 dst>fd10:43:100::2/21136 
05:04:03.152388 SHUTDOWN flow>2337 srcPort>45187 dst>fd10:43:100::2/21137 
05:04:03.152992 OFF flow>2337 srcPort>45187 dst>fd10:43:100::2/21137 
05:04:03.154678 SHUTDOWN flow>2338 srcPort>39395 dst>fd10:43:100::2/21138 
05:04:03.154987 OFF flow>2338 srcPort>39395 dst>fd10:43:100::2/21138 
05:04:03.187179 ON flow>2368 srcPort>35475 dst>fd10:43:100::2/21168 
05:04:03.187652 CONNECT flow>2368 srcPort>35475 dst>fd10:43:100::2/21168 
05:04:03.229070 ON flow>2369 srcPort>43929 dst>fd10:43:100::2/21169 
05:04:03.229461 CONNECT flow>2369 srcPort>43929 dst>fd10:43:100::2/21169 
05:04:03.322591 SHUTDOWN flow>2339 srcPort>43631 dst>fd10:43:100::2/21139 
05:04:03.323409 OFF flow>2339 srcPort>43631 dst>fd10:43:100::2/21139 
05:04:03.328988 SHUTDOWN flow>2340 srcPort>38631 dst>fd10:43:100::2/21140 
05:04:03.329597 OFF flow>2340 srcPort>38631 dst>fd10:43:100::2/21140 
05:04:04.743704 ON flow>2370 srcPort>33447 dst>fd10:43:100::2/21170 
05:04:04.744035 CONNECT flow>2370 srcPort>33447 dst>fd10:43:100::2/21170 
05:04:04.759459 ON flow>2371 srcPort>43313 dst>fd10:43:100::2/21171 
05:04:04.759735 CONNECT flow>2371 srcPort>43313 dst>fd10:43:100::2/21171 
05:04:04.827369 ON flow>2372 srcPort>33281 dst>fd10:43:100::2/21172 
05:04:04.827650 CONNECT flow>2372 srcPort>33281 dst>fd10:43:100::2/21172 
05:04:04.863101 ON flow>2373 srcPort>37427 dst>fd10:43:100::2/21173 
05:04:04.863425 CONNECT flow>2373 srcPort>37427 dst>fd10:43:100::2/21173 
05:04:04.944262 ON flow>2374 srcPort>32785 dst>fd10:43:100::2/21174 
05:04:04.944548 CONNECT flow>2374 srcPort>32785 dst>fd10:43:100::2/21174 
05:04:05.026056 ON flow>2375 srcPort>45577 dst>fd10:43:100::2/21175 
05:04:05.026592 CONNECT flow>2375 srcPort>45577 dst>fd10:43:100::2/21175 
05:04:05.054415 SHUTDOWN flow>2341 srcPort>43241 dst>fd10:43:100::2/21141 
05:04:05.054941 OFF flow>2341 srcPort>43241 dst>fd10:43:100::2/21141 
05:04:05.101740 ON flow>2376 srcPort>41823 dst>fd10:43:100::2/21176 
05:04:05.102082 CONNECT flow>2376 srcPort>41823 dst>fd10:43:100::2/21176 
05:04:05.324999 SHUTDOWN flow>2342 srcPort>45799 dst>fd10:43:100::2/21142 
05:04:05.325424 OFF flow>2342 srcPort>45799 dst>fd10:43:100::2/21142 
05:04:05.960596 ON flow>2377 srcPort>38381 dst>fd10:43:100::2/21177 
05:04:05.960888 CONNECT flow>2377 srcPort>38381 dst>fd10:43:100::2/21177 
05:04:05.975601 SHUTDOWN flow>2343 srcPort>39301 dst>fd10:43:100::2/21143 
05:04:05.976062 OFF flow>2343 srcPort>39301 dst>fd10:43:100::2/21143 
05:04:06.557317 ON flow>2378 srcPort>45659 dst>fd10:43:100::2/21178 
05:04:06.557571 CONNECT flow>2378 srcPort>45659 dst>fd10:43:100::2/21178 
05:04:06.605469 ON flow>2379 srcPort>33975 dst>fd10:43:100::2/21179 
05:04:06.605750 CONNECT flow>2379 srcPort>33975 dst>fd10:43:100::2/21179 
05:04:06.802194 ON flow>2380 srcPort>41137 dst>fd10:43:100::2/21180 
05:04:06.804897 CONNECT flow>2380 srcPort>41137 dst>fd10:43:100::2/21180 
05:04:06.811966 ON flow>2381 srcPort>45665 dst>fd10:43:100::2/21181 
05:04:07.046981 SHUTDOWN flow>2344 srcPort>40397 dst>fd10:43:100::2/21144 
05:04:07.047395 OFF flow>2344 srcPort>40397 dst>fd10:43:100::2/21144 
05:04:07.118993 SHUTDOWN flow>2345 srcPort>39393 dst>fd10:43:100::2/21145 
05:04:07.119553 OFF flow>2345 srcPort>39393 dst>fd10:43:100::2/21145 
05:04:07.155779 SHUTDOWN flow>2346 srcPort>36907 dst>fd10:43:100::2/21146 
05:04:07.156354 OFF flow>2346 srcPort>36907 dst>fd10:43:100::2/21146 
05:04:07.166572 SHUTDOWN flow>2347 srcPort>41693 dst>fd10:43:100::2/21147 
05:04:07.167163 OFF flow>2347 srcPort>41693 dst>fd10:43:100::2/21147 
05:04:07.182876 SHUTDOWN flow>2348 srcPort>45411 dst>fd10:43:100::2/21148 
05:04:07.183287 OFF flow>2348 srcPort>45411 dst>fd10:43:100::2/21148 
05:04:07.185674 SHUTDOWN flow>2349 srcPort>38361 dst>fd10:43:100::2/21149 
05:04:07.185993 OFF flow>2349 srcPort>38361 dst>fd10:43:100::2/21149 
05:04:07.201680 SHUTDOWN flow>2350 srcPort>33147 dst>fd10:43:100::2/21150 
05:04:07.202058 OFF flow>2350 srcPort>33147 dst>fd10:43:100::2/21150 
05:04:07.240401 SHUTDOWN flow>2351 srcPort>45503 dst>fd10:43:100::2/21151 
05:04:07.240723 OFF flow>2351 srcPort>45503 dst>fd10:43:100::2/21151 
05:04:07.250583 SHUTDOWN flow>2352 srcPort>42213 dst>fd10:43:100::2/21152 
05:04:07.250910 OFF flow>2352 srcPort>42213 dst>fd10:43:100::2/21152 
05:04:07.266987 SHUTDOWN flow>2353 srcPort>35469 dst>fd10:43:100::2/21153 
05:04:07.267474 OFF flow>2353 srcPort>35469 dst>fd10:43:100::2/21153 
05:04:07.268290 SHUTDOWN flow>2354 srcPort>40883 dst>fd10:43:100::2/21154 
05:04:07.268601 OFF flow>2354 srcPort>40883 dst>fd10:43:100::2/21154 
05:04:07.288404 SHUTDOWN flow>2355 srcPort>34521 dst>fd10:43:100::2/21155 
05:04:07.288723 OFF flow>2355 srcPort>34521 dst>fd10:43:100::2/21155 
05:04:07.406893 SHUTDOWN flow>2356 srcPort>46131 dst>fd10:43:100::2/21156 
05:04:07.407249 OFF flow>2356 srcPort>46131 dst>fd10:43:100::2/21156 
05:04:07.412298 ON flow>2382 srcPort>33839 dst>fd10:43:100::2/21182 
05:04:07.412550 CONNECT flow>2382 srcPort>33839 dst>fd10:43:100::2/21182 
05:04:07.441508 SHUTDOWN flow>2357 srcPort>43749 dst>fd10:43:100::2/21157 
05:04:07.441838 OFF flow>2357 srcPort>43749 dst>fd10:43:100::2/21157 
05:04:07.458291 SHUTDOWN flow>2358 srcPort>42021 dst>fd10:43:100::2/21158 
05:04:07.458643 OFF flow>2358 srcPort>42021 dst>fd10:43:100::2/21158 
05:04:07.470698 SHUTDOWN flow>2359 srcPort>42009 dst>fd10:43:100::2/21159 
05:04:07.471288 OFF flow>2359 srcPort>42009 dst>fd10:43:100::2/21159 
05:04:07.475190 SHUTDOWN flow>2360 srcPort>33437 dst>fd10:43:100::2/21160 
05:04:07.475560 OFF flow>2360 srcPort>33437 dst>fd10:43:100::2/21160 
05:04:07.490997 SHUTDOWN flow>2361 srcPort>45807 dst>fd10:43:100::2/21161 
05:04:07.491402 OFF flow>2361 srcPort>45807 dst>fd10:43:100::2/21161 
05:04:07.496792 SHUTDOWN flow>2362 srcPort>39687 dst>fd10:43:100::2/21162 
05:04:07.497160 OFF flow>2362 srcPort>39687 dst>fd10:43:100::2/21162 
05:04:07.501929 ON flow>2383 srcPort>43445 dst>fd10:43:100::2/21183 
05:04:07.502218 CONNECT flow>2383 srcPort>43445 dst>fd10:43:100::2/21183 
05:04:07.514499 SHUTDOWN flow>2363 srcPort>33509 dst>fd10:43:100::2/21163 
05:04:07.514807 OFF flow>2363 srcPort>33509 dst>fd10:43:100::2/21163 
05:04:07.552800 SHUTDOWN flow>2364 srcPort>38571 dst>fd10:43:100::2/21164 
05:04:07.553175 OFF flow>2364 srcPort>38571 dst>fd10:43:100::2/21164 
05:04:07.581000 SHUTDOWN flow>2365 srcPort>43479 dst>fd10:43:100::2/21165 
05:04:07.581394 OFF flow>2365 srcPort>43479 dst>fd10:43:100::2/21165 
05:04:07.704639 ON flow>2384 srcPort>36149 dst>fd10:43:100::2/21184 
05:04:07.705468 CONNECT flow>2384 srcPort>36149 dst>fd10:43:100::2/21184 
05:04:07.716659 ON flow>2385 srcPort>39291 dst>fd10:43:100::2/21185 
05:04:07.716908 CONNECT flow>2385 srcPort>39291 dst>fd10:43:100::2/21185 
05:04:07.758764 ON flow>2386 srcPort>39481 dst>fd10:43:100::2/21186 
05:04:07.759039 CONNECT flow>2386 srcPort>39481 dst>fd10:43:100::2/21186 
05:04:07.779642 ON flow>2387 srcPort>46671 dst>fd10:43:100::2/21187 
05:04:07.779936 CONNECT flow>2387 srcPort>46671 dst>fd10:43:100::2/21187 
05:04:07.780162 SHUTDOWN flow>2366 srcPort>33623 dst>fd10:43:100::2/21166 
05:04:07.780588 OFF flow>2366 srcPort>33623 dst>fd10:43:100::2/21166 
05:04:07.828074 CONNECT flow>2381 srcPort>45665 dst>fd10:43:100::2/21181 
05:04:07.884422 SHUTDOWN flow>2367 srcPort>33039 dst>fd10:43:100::2/21167 
05:04:07.884800 OFF flow>2367 srcPort>33039 dst>fd10:43:100::2/21167 
05:04:07.987121 SHUTDOWN flow>2368 srcPort>35475 dst>fd10:43:100::2/21168 
05:04:07.987455 OFF flow>2368 srcPort>35475 dst>fd10:43:100::2/21168 
05:04:08.029020 SHUTDOWN flow>2369 srcPort>43929 dst>fd10:43:100::2/21169 
05:04:08.029373 OFF flow>2369 srcPort>43929 dst>fd10:43:100::2/21169 
05:04:09.543613 SHUTDOWN flow>2370 srcPort>33447 dst>fd10:43:100::2/21170 
05:04:09.544206 OFF flow>2370 srcPort>33447 dst>fd10:43:100::2/21170 
05:04:09.559397 SHUTDOWN flow>2371 srcPort>43313 dst>fd10:43:100::2/21171 
05:04:09.559729 OFF flow>2371 srcPort>43313 dst>fd10:43:100::2/21171 
05:04:09.627310 SHUTDOWN flow>2372 srcPort>33281 dst>fd10:43:100::2/21172 
05:04:09.627820 OFF flow>2372 srcPort>33281 dst>fd10:43:100::2/21172 
05:04:09.662904 SHUTDOWN flow>2373 srcPort>37427 dst>fd10:43:100::2/21173 
05:04:09.663219 OFF flow>2373 srcPort>37427 dst>fd10:43:100::2/21173 
05:04:09.692507 ON flow>2388 srcPort>42341 dst>fd10:43:100::2/21188 
05:04:09.692733 CONNECT flow>2388 srcPort>42341 dst>fd10:43:100::2/21188 
05:04:09.744212 SHUTDOWN flow>2374 srcPort>32785 dst>fd10:43:100::2/21174 
05:04:09.744574 OFF flow>2374 srcPort>32785 dst>fd10:43:100::2/21174 
05:04:09.825999 SHUTDOWN flow>2375 srcPort>45577 dst>fd10:43:100::2/21175 
05:04:09.826431 OFF flow>2375 srcPort>45577 dst>fd10:43:100::2/21175 
05:04:09.892394 ON flow>2389 srcPort>43093 dst>fd10:43:100::2/21189 
05:04:09.892668 CONNECT flow>2389 srcPort>43093 dst>fd10:43:100::2/21189 
05:04:09.901711 SHUTDOWN flow>2376 srcPort>41823 dst>fd10:43:100::2/21176 
05:04:09.902031 OFF flow>2376 srcPort>41823 dst>fd10:43:100::2/21176 
05:04:09.972656 ON flow>2390 srcPort>36847 dst>fd10:43:100::2/21190 
05:04:09.972941 CONNECT flow>2390 srcPort>36847 dst>fd10:43:100::2/21190 
05:04:10.081655 ON flow>2391 srcPort>40331 dst>fd10:43:100::2/21191 
05:04:10.081866 CONNECT flow>2391 srcPort>40331 dst>fd10:43:100::2/21191 
05:04:10.132241 ON flow>2392 srcPort>46653 dst>fd10:43:100::2/21192 
05:04:10.132544 CONNECT flow>2392 srcPort>46653 dst>fd10:43:100::2/21192 
05:04:10.188539 ON flow>2393 srcPort>35229 dst>fd10:43:100::2/21193 
05:04:10.188798 CONNECT flow>2393 srcPort>35229 dst>fd10:43:100::2/21193 
05:04:10.210044 ON flow>2394 srcPort>38343 dst>fd10:43:100::2/21194 
05:04:10.210295 CONNECT flow>2394 srcPort>38343 dst>fd10:43:100::2/21194 
05:04:10.423172 ON flow>2395 srcPort>42439 dst>fd10:43:100::2/21195 
05:04:10.423488 CONNECT flow>2395 srcPort>42439 dst>fd10:43:100::2/21195 
05:04:10.760485 SHUTDOWN flow>2377 srcPort>38381 dst>fd10:43:100::2/21177 
05:04:10.760917 OFF flow>2377 srcPort>38381 dst>fd10:43:100::2/21177 
05:04:11.357218 SHUTDOWN flow>2378 srcPort>45659 dst>fd10:43:100::2/21178 
05:04:11.357739 OFF flow>2378 srcPort>45659 dst>fd10:43:100::2/21178 
05:04:11.405436 SHUTDOWN flow>2379 srcPort>33975 dst>fd10:43:100::2/21179 
05:04:11.405850 OFF flow>2379 srcPort>33975 dst>fd10:43:100::2/21179 
05:04:11.602113 SHUTDOWN flow>2380 srcPort>41137 dst>fd10:43:100::2/21180 
05:04:11.602727 OFF flow>2380 srcPort>41137 dst>fd10:43:100::2/21180 
05:04:11.611927 SHUTDOWN flow>2381 srcPort>45665 dst>fd10:43:100::2/21181 
05:04:11.612339 OFF flow>2381 srcPort>45665 dst>fd10:43:100::2/21181 
05:04:11.732023 ON flow>2396 srcPort>34395 dst>fd10:43:100::2/21196 
05:04:11.732280 CONNECT flow>2396 srcPort>34395 dst>fd10:43:100::2/21196 
05:04:11.754569 ON flow>2397 srcPort>45709 dst>fd10:43:100::2/21197 
05:04:11.754815 CONNECT flow>2397 srcPort>45709 dst>fd10:43:100::2/21197 
05:04:11.836653 ON flow>2398 srcPort>36817 dst>fd10:43:100::2/21198 
05:04:11.836931 CONNECT flow>2398 srcPort>36817 dst>fd10:43:100::2/21198 
05:04:12.212232 SHUTDOWN flow>2382 srcPort>33839 dst>fd10:43:100::2/21182 
05:04:12.212911 OFF flow>2382 srcPort>33839 dst>fd10:43:100::2/21182 
05:04:12.301903 SHUTDOWN flow>2383 srcPort>43445 dst>fd10:43:100::2/21183 
05:04:12.302416 OFF flow>2383 srcPort>43445 dst>fd10:43:100::2/21183 
05:04:12.504600 SHUTDOWN flow>2384 srcPort>36149 dst>fd10:43:100::2/21184 
05:04:12.505044 OFF flow>2384 srcPort>36149 dst>fd10:43:100::2/21184 
05:04:12.516592 SHUTDOWN flow>2385 srcPort>39291 dst>fd10:43:100::2/21185 
05:04:12.517048 OFF flow>2385 srcPort>39291 dst>fd10:43:100::2/21185 
05:04:12.558702 SHUTDOWN flow>2386 srcPort>39481 dst>fd10:43:100::2/21186 
05:04:12.559126 OFF flow>2386 srcPort>39481 dst>fd10:43:100::2/21186 
05:04:12.579524 SHUTDOWN flow>2387 srcPort>46671 dst>fd10:43:100::2/21187 
05:04:12.580045 OFF flow>2387 srcPort>46671 dst>fd10:43:100::2/21187 
05:04:13.814948 ON flow>2399 srcPort>43829 dst>fd10:43:100::2/21199 
05:04:13.815237 CONNECT flow>2399 srcPort>43829 dst>fd10:43:100::2/21199 
05:04:14.173330 ON flow>2400 srcPort>46103 dst>fd10:43:100::2/21200 
05:04:14.173666 CONNECT flow>2400 srcPort>46103 dst>fd10:43:100::2/21200 
05:04:14.492403 SHUTDOWN flow>2388 srcPort>42341 dst>fd10:43:100::2/21188 
05:04:14.493082 OFF flow>2388 srcPort>42341 dst>fd10:43:100::2/21188 
05:04:14.692298 SHUTDOWN flow>2389 srcPort>43093 dst>fd10:43:100::2/21189 
05:04:14.692931 OFF flow>2389 srcPort>43093 dst>fd10:43:100::2/21189 
05:04:14.772622 SHUTDOWN flow>2390 srcPort>36847 dst>fd10:43:100::2/21190 
05:04:14.773399 OFF flow>2390 srcPort>36847 dst>fd10:43:100::2/21190 
05:04:14.881611 SHUTDOWN flow>2391 srcPort>40331 dst>fd10:43:100::2/21191 
05:04:14.882347 OFF flow>2391 srcPort>40331 dst>fd10:43:100::2/21191 
05:04:14.932201 SHUTDOWN flow>2392 srcPort>46653 dst>fd10:43:100::2/21192 
05:04:14.932792 OFF flow>2392 srcPort>46653 dst>fd10:43:100::2/21192 
05:04:14.988518 SHUTDOWN flow>2393 srcPort>35229 dst>fd10:43:100::2/21193 
05:04:14.988911 OFF flow>2393 srcPort>35229 dst>fd10:43:100::2/21193 
05:04:15.010030 SHUTDOWN flow>2394 srcPort>38343 dst>fd10:43:100::2/21194 
05:04:15.010448 OFF flow>2394 srcPort>38343 dst>fd10:43:100::2/21194 
05:04:15.028456 ON flow>2401 srcPort>38489 dst>fd10:43:100::2/21201 
05:04:15.028794 CONNECT flow>2401 srcPort>38489 dst>fd10:43:100::2/21201 
05:04:15.133720 ON flow>2402 srcPort>45693 dst>fd10:43:100::2/21202 
05:04:15.134148 CONNECT flow>2402 srcPort>45693 dst>fd10:43:100::2/21202 
05:04:15.223112 SHUTDOWN flow>2395 srcPort>42439 dst>fd10:43:100::2/21195 
05:04:15.223581 OFF flow>2395 srcPort>42439 dst>fd10:43:100::2/21195 
05:04:15.251935 ON flow>2403 srcPort>36779 dst>fd10:43:100::2/21203 
05:04:15.252353 CONNECT flow>2403 srcPort>36779 dst>fd10:43:100::2/21203 
05:04:15.339299 ON flow>2404 srcPort>38005 dst>fd10:43:100::2/21204 
05:04:15.339812 CONNECT flow>2404 srcPort>38005 dst>fd10:43:100::2/21204 
05:04:15.354782 ON flow>2405 srcPort>36547 dst>fd10:43:100::2/21205 
05:04:15.355074 CONNECT flow>2405 srcPort>36547 dst>fd10:43:100::2/21205 
05:04:15.411294 ON flow>2406 srcPort>46379 dst>fd10:43:100::2/21206 
05:04:15.411966 CONNECT flow>2406 srcPort>46379 dst>fd10:43:100::2/21206 
05:04:15.474441 ON flow>2407 srcPort>39879 dst>fd10:43:100::2/21207 
05:04:15.474844 CONNECT flow>2407 srcPort>39879 dst>fd10:43:100::2/21207 
05:04:15.507887 ON flow>2408 srcPort>33311 dst>fd10:43:100::2/21208 
05:04:15.508311 CONNECT flow>2408 srcPort>33311 dst>fd10:43:100::2/21208 
05:04:15.732259 ON flow>2409 srcPort>35911 dst>fd10:43:100::2/21209 
05:04:15.732656 CONNECT flow>2409 srcPort>35911 dst>fd10:43:100::2/21209 
05:04:15.958492 ON flow>2410 srcPort>33231 dst>fd10:43:100::2/21210 
05:04:15.958848 CONNECT flow>2410 srcPort>33231 dst>fd10:43:100::2/21210 
05:04:16.531929 SHUTDOWN flow>2396 srcPort>34395 dst>fd10:43:100::2/21196 
05:04:16.533207 OFF flow>2396 srcPort>34395 dst>fd10:43:100::2/21196 
05:04:16.554536 SHUTDOWN flow>2397 srcPort>45709 dst>fd10:43:100::2/21197 
05:04:16.555012 OFF flow>2397 srcPort>45709 dst>fd10:43:100::2/21197 
05:04:16.636544 SHUTDOWN flow>2398 srcPort>36817 dst>fd10:43:100::2/21198 
05:04:16.637015 OFF flow>2398 srcPort>36817 dst>fd10:43:100::2/21198 
05:04:16.657336 ON flow>2411 srcPort>36781 dst>fd10:43:100::2/21211 
05:04:16.657669 CONNECT flow>2411 srcPort>36781 dst>fd10:43:100::2/21211 
05:04:16.736057 ON flow>2412 srcPort>38811 dst>fd10:43:100::2/21212 
05:04:16.736369 CONNECT flow>2412 srcPort>38811 dst>fd10:43:100::2/21212 
05:04:16.761397 ON flow>2413 srcPort>44283 dst>fd10:43:100::2/21213 
05:04:16.761702 CONNECT flow>2413 srcPort>44283 dst>fd10:43:100::2/21213 
05:04:16.793793 ON flow>2414 srcPort>38065 dst>fd10:43:100::2/21214 
05:04:16.794156 CONNECT flow>2414 srcPort>38065 dst>fd10:43:100::2/21214 
05:04:16.811793 ON flow>2415 srcPort>41701 dst>fd10:43:100::2/21215 
05:04:16.812117 CONNECT flow>2415 srcPort>41701 dst>fd10:43:100::2/21215 
05:04:16.984157 ON flow>2416 srcPort>38745 dst>fd10:43:100::2/21216 
05:04:16.984495 CONNECT flow>2416 srcPort>38745 dst>fd10:43:100::2/21216 
05:04:16.987485 ON flow>2417 srcPort>35925 dst>fd10:43:100::2/21217 
05:04:16.987795 CONNECT flow>2417 srcPort>35925 dst>fd10:43:100::2/21217 
05:04:17.009281 ON flow>2418 srcPort>38919 dst>fd10:43:100::2/21218 
05:04:17.009586 CONNECT flow>2418 srcPort>38919 dst>fd10:43:100::2/21218 
05:04:18.614819 SHUTDOWN flow>2399 srcPort>43829 dst>fd10:43:100::2/21199 
05:04:18.615571 OFF flow>2399 srcPort>43829 dst>fd10:43:100::2/21199 
05:04:18.973212 SHUTDOWN flow>2400 srcPort>46103 dst>fd10:43:100::2/21200 
05:04:18.973920 OFF flow>2400 srcPort>46103 dst>fd10:43:100::2/21200 
05:04:19.828301 SHUTDOWN flow>2401 srcPort>38489 dst>fd10:43:100::2/21201 
05:04:19.828815 OFF flow>2401 srcPort>38489 dst>fd10:43:100::2/21201 
05:04:19.856822 ON flow>2419 srcPort>46139 dst>fd10:43:100::2/21219 
05:04:19.857087 CONNECT flow>2419 srcPort>46139 dst>fd10:43:100::2/21219 
05:04:19.933599 SHUTDOWN flow>2402 srcPort>45693 dst>fd10:43:100::2/21202 
05:04:19.933971 OFF flow>2402 srcPort>45693 dst>fd10:43:100::2/21202 
05:04:19.954869 ON flow>2420 srcPort>41839 dst>fd10:43:100::2/21220 
05:04:19.955112 CONNECT flow>2420 srcPort>41839 dst>fd10:43:100::2/21220 
05:04:20.041742 ON flow>2421 srcPort>44625 dst>fd10:43:100::2/21221 
05:04:20.042051 CONNECT flow>2421 srcPort>44625 dst>fd10:43:100::2/21221 
05:04:20.044247 ON flow>2422 srcPort>36875 dst>fd10:43:100::2/21222 
05:04:20.044535 CONNECT flow>2422 srcPort>36875 dst>fd10:43:100::2/21222 
05:04:20.051800 SHUTDOWN flow>2403 srcPort>36779 dst>fd10:43:100::2/21203 
05:04:20.052172 OFF flow>2403 srcPort>36779 dst>fd10:43:100::2/21203 
05:04:20.139099 SHUTDOWN flow>2404 srcPort>38005 dst>fd10:43:100::2/21204 
05:04:20.139607 OFF flow>2404 srcPort>38005 dst>fd10:43:100::2/21204 
05:04:20.154696 SHUTDOWN flow>2405 srcPort>36547 dst>fd10:43:100::2/21205 
05:04:20.155123 OFF flow>2405 srcPort>36547 dst>fd10:43:100::2/21205 
05:04:20.211199 SHUTDOWN flow>2406 srcPort>46379 dst>fd10:43:100::2/21206 
05:04:20.211700 OFF flow>2406 srcPort>46379 dst>fd10:43:100::2/21206 
05:04:20.274303 SHUTDOWN flow>2407 srcPort>39879 dst>fd10:43:100::2/21207 
05:04:20.274964 OFF flow>2407 srcPort>39879 dst>fd10:43:100::2/21207 
05:04:20.307817 SHUTDOWN flow>2408 srcPort>33311 dst>fd10:43:100::2/21208 
05:04:20.308473 OFF flow>2408 srcPort>33311 dst>fd10:43:100::2/21208 
05:04:20.353860 ON flow>2423 srcPort>45549 dst>fd10:43:100::2/21223 
05:04:20.354143 CONNECT flow>2423 srcPort>45549 dst>fd10:43:100::2/21223 
05:04:20.532109 SHUTDOWN flow>2409 srcPort>35911 dst>fd10:43:100::2/21209 
05:04:20.533123 OFF flow>2409 srcPort>35911 dst>fd10:43:100::2/21209 
05:04:20.758311 SHUTDOWN flow>2410 srcPort>33231 dst>fd10:43:100::2/21210 
05:04:20.759272 OFF flow>2410 srcPort>33231 dst>fd10:43:100::2/21210 
05:04:21.457210 SHUTDOWN flow>2411 srcPort>36781 dst>fd10:43:100::2/21211 
05:04:21.457735 OFF flow>2411 srcPort>36781 dst>fd10:43:100::2/21211 
05:04:21.527526 ON flow>2424 srcPort>36643 dst>fd10:43:100::2/21224 
05:04:21.527800 CONNECT flow>2424 srcPort>36643 dst>fd10:43:100::2/21224 
05:04:21.535926 SHUTDOWN flow>2412 srcPort>38811 dst>fd10:43:100::2/21212 
05:04:21.536313 OFF flow>2412 srcPort>38811 dst>fd10:43:100::2/21212 
05:04:21.561311 SHUTDOWN flow>2413 srcPort>44283 dst>fd10:43:100::2/21213 
05:04:21.561743 OFF flow>2413 srcPort>44283 dst>fd10:43:100::2/21213 
05:04:21.576789 ON flow>2425 srcPort>41395 dst>fd10:43:100::2/21225 
05:04:21.577241 CONNECT flow>2425 srcPort>41395 dst>fd10:43:100::2/21225 
05:04:21.593710 SHUTDOWN flow>2414 srcPort>38065 dst>fd10:43:100::2/21214 
05:04:21.594109 OFF flow>2414 srcPort>38065 dst>fd10:43:100::2/21214 
05:04:21.611709 SHUTDOWN flow>2415 srcPort>41701 dst>fd10:43:100::2/21215 
05:04:21.612107 OFF flow>2415 srcPort>41701 dst>fd10:43:100::2/21215 
05:04:21.629958 ON flow>2426 srcPort>39153 dst>fd10:43:100::2/21226 
05:04:21.630254 CONNECT flow>2426 srcPort>39153 dst>fd10:43:100::2/21226 
05:04:21.748461 ON flow>2427 srcPort>39977 dst>fd10:43:100::2/21227 
05:04:21.748822 CONNECT flow>2427 srcPort>39977 dst>fd10:43:100::2/21227 
05:04:21.784014 SHUTDOWN flow>2416 srcPort>38745 dst>fd10:43:100::2/21216 
05:04:21.784536 OFF flow>2416 srcPort>38745 dst>fd10:43:100::2/21216 
05:04:21.787429 SHUTDOWN flow>2417 srcPort>35925 dst>fd10:43:100::2/21217 
05:04:21.787842 OFF flow>2417 srcPort>35925 dst>fd10:43:100::2/21217 
05:04:21.809216 SHUTDOWN flow>2418 srcPort>38919 dst>fd10:43:100::2/21218 
05:04:21.809756 OFF flow>2418 srcPort>38919 dst>fd10:43:100::2/21218 
05:04:21.984283 ON flow>2428 srcPort>38179 dst>fd10:43:100::2/21228 
05:04:21.984557 CONNECT flow>2428 srcPort>38179 dst>fd10:43:100::2/21228 
05:04:21.994064 ON flow>2429 srcPort>42193 dst>fd10:43:100::2/21229 
05:04:21.994352 CONNECT flow>2429 srcPort>42193 dst>fd10:43:100::2/21229 
05:04:22.818456 ON flow>2430 srcPort>36023 dst>fd10:43:100::2/21230 
05:04:22.818900 CONNECT flow>2430 srcPort>36023 dst>fd10:43:100::2/21230 
05:04:22.896367 ON flow>2431 srcPort>40363 dst>fd10:43:100::2/21231 
05:04:22.896861 CONNECT flow>2431 srcPort>40363 dst>fd10:43:100::2/21231 
05:04:23.011649 ON flow>2432 srcPort>35951 dst>fd10:43:100::2/21232 
05:04:23.011985 CONNECT flow>2432 srcPort>35951 dst>fd10:43:100::2/21232 
05:04:24.656708 SHUTDOWN flow>2419 srcPort>46139 dst>fd10:43:100::2/21219 
05:04:24.657332 OFF flow>2419 srcPort>46139 dst>fd10:43:100::2/21219 
05:04:24.754812 SHUTDOWN flow>2420 srcPort>41839 dst>fd10:43:100::2/21220 
05:04:24.755153 OFF flow>2420 srcPort>41839 dst>fd10:43:100::2/21220 
05:04:24.837638 ON flow>2433 srcPort>46497 dst>fd10:43:100::2/21233 
05:04:24.837923 CONNECT flow>2433 srcPort>46497 dst>fd10:43:100::2/21233 
05:04:24.841615 SHUTDOWN flow>2421 srcPort>44625 dst>fd10:43:100::2/21221 
05:04:24.841990 OFF flow>2421 srcPort>44625 dst>fd10:43:100::2/21221 
05:04:24.844207 SHUTDOWN flow>2422 srcPort>36875 dst>fd10:43:100::2/21222 
05:04:24.844578 OFF flow>2422 srcPort>36875 dst>fd10:43:100::2/21222 
05:04:25.010632 ON flow>2434 srcPort>37885 dst>fd10:43:100::2/21234 
05:04:25.010961 CONNECT flow>2434 srcPort>37885 dst>fd10:43:100::2/21234 
05:04:25.153716 SHUTDOWN flow>2423 srcPort>45549 dst>fd10:43:100::2/21223 
05:04:25.154360 OFF flow>2423 srcPort>45549 dst>fd10:43:100::2/21223 
05:04:25.826143 ON flow>2435 srcPort>39039 dst>fd10:43:100::2/21235 
05:04:25.826633 CONNECT flow>2435 srcPort>39039 dst>fd10:43:100::2/21235 
05:04:25.888619 ON flow>2436 srcPort>32973 dst>fd10:43:100::2/21236 
05:04:25.889110 CONNECT flow>2436 srcPort>32973 dst>fd10:43:100::2/21236 
05:04:26.071075 ON flow>2437 srcPort>38355 dst>fd10:43:100::2/21237 
05:04:26.071333 CONNECT flow>2437 srcPort>38355 dst>fd10:43:100::2/21237 
05:04:26.186577 ON flow>2438 srcPort>41883 dst>fd10:43:100::2/21238 
05:04:26.186839 CONNECT flow>2438 srcPort>41883 dst>fd10:43:100::2/21238 
05:04:26.292689 ON flow>2439 srcPort>42119 dst>fd10:43:100::2/21239 
05:04:26.292996 CONNECT flow>2439 srcPort>42119 dst>fd10:43:100::2/21239 
05:04:26.305774 ON flow>2440 srcPort>37819 dst>fd10:43:100::2/21240 
05:04:26.306052 CONNECT flow>2440 srcPort>37819 dst>fd10:43:100::2/21240 
05:04:26.327423 SHUTDOWN flow>2424 srcPort>36643 dst>fd10:43:100::2/21224 
05:04:26.328083 OFF flow>2424 srcPort>36643 dst>fd10:43:100::2/21224 
05:04:26.376722 SHUTDOWN flow>2425 srcPort>41395 dst>fd10:43:100::2/21225 
05:04:26.377738 OFF flow>2425 srcPort>41395 dst>fd10:43:100::2/21225 
05:04:26.429925 SHUTDOWN flow>2426 srcPort>39153 dst>fd10:43:100::2/21226 
05:04:26.430266 OFF flow>2426 srcPort>39153 dst>fd10:43:100::2/21226 
05:04:26.548327 SHUTDOWN flow>2427 srcPort>39977 dst>fd10:43:100::2/21227 
05:04:26.548856 OFF flow>2427 srcPort>39977 dst>fd10:43:100::2/21227 
05:04:26.784129 SHUTDOWN flow>2428 srcPort>38179 dst>fd10:43:100::2/21228 
05:04:26.784595 OFF flow>2428 srcPort>38179 dst>fd10:43:100::2/21228 
05:04:26.794024 SHUTDOWN flow>2429 srcPort>42193 dst>fd10:43:100::2/21229 
05:04:26.794439 OFF flow>2429 srcPort>42193 dst>fd10:43:100::2/21229 
05:04:26.961689 ON flow>2441 srcPort>35373 dst>fd10:43:100::2/21241 
05:04:26.962029 CONNECT flow>2441 srcPort>35373 dst>fd10:43:100::2/21241 
05:04:27.057479 ON flow>2442 srcPort>42701 dst>fd10:43:100::2/21242 
05:04:27.057787 CONNECT flow>2442 srcPort>42701 dst>fd10:43:100::2/21242 
05:04:27.100247 ON flow>2443 srcPort>44357 dst>fd10:43:100::2/21243 
05:04:27.100543 CONNECT flow>2443 srcPort>44357 dst>fd10:43:100::2/21243 
05:04:27.171359 ON flow>2444 srcPort>37765 dst>fd10:43:100::2/21244 
05:04:27.171630 CONNECT flow>2444 srcPort>37765 dst>fd10:43:100::2/21244 
05:04:27.224752 ON flow>2445 srcPort>35349 dst>fd10:43:100::2/21245 
05:04:27.225006 CONNECT flow>2445 srcPort>35349 dst>fd10:43:100::2/21245 
05:04:27.297371 ON flow>2446 srcPort>42901 dst>fd10:43:100::2/21246 
05:04:27.297669 CONNECT flow>2446 srcPort>42901 dst>fd10:43:100::2/21246 
05:04:27.330453 ON flow>2447 srcPort>43003 dst>fd10:43:100::2/21247 
05:04:27.330714 CONNECT flow>2447 srcPort>43003 dst>fd10:43:100::2/21247 
05:04:27.611340 ON flow>2448 srcPort>36623 dst>fd10:43:100::2/21248 
05:04:27.611617 CONNECT flow>2448 srcPort>36623 dst>fd10:43:100::2/21248 
05:04:27.618328 SHUTDOWN flow>2430 srcPort>36023 dst>fd10:43:100::2/21230 
05:04:27.619071 OFF flow>2430 srcPort>36023 dst>fd10:43:100::2/21230 
05:04:27.623900 ON flow>2449 srcPort>42601 dst>fd10:43:100::2/21249 
05:04:27.624184 CONNECT flow>2449 srcPort>42601 dst>fd10:43:100::2/21249 
05:04:27.696332 SHUTDOWN flow>2431 srcPort>40363 dst>fd10:43:100::2/21231 
05:04:27.697247 OFF flow>2431 srcPort>40363 dst>fd10:43:100::2/21231 
05:04:27.811529 SHUTDOWN flow>2432 srcPort>35951 dst>fd10:43:100::2/21232 
05:04:27.811959 OFF flow>2432 srcPort>35951 dst>fd10:43:100::2/21232 
05:04:27.838008 ON flow>2450 srcPort>43821 dst>fd10:43:100::2/21250 
05:04:27.838360 CONNECT flow>2450 srcPort>43821 dst>fd10:43:100::2/21250 
05:04:27.843793 ON flow>2451 srcPort>39243 dst>fd10:43:100::2/21251 
05:04:27.844087 CONNECT flow>2451 srcPort>39243 dst>fd10:43:100::2/21251 
05:04:27.952940 ON flow>2452 srcPort>36783 dst>fd10:43:100::2/21252 
05:04:27.953208 CONNECT flow>2452 srcPort>36783 dst>fd10:43:100::2/21252 
05:04:28.026685 ON flow>2453 srcPort>41607 dst>fd10:43:100::2/21253 
05:04:28.027090 CONNECT flow>2453 srcPort>41607 dst>fd10:43:100::2/21253 
05:04:28.035390 ON flow>2454 srcPort>43695 dst>fd10:43:100::2/21254 
05:04:28.035654 CONNECT flow>2454 srcPort>43695 dst>fd10:43:100::2/21254 
05:04:28.038887 ON flow>2455 srcPort>36603 dst>fd10:43:100::2/21255 
05:04:28.039118 CONNECT flow>2455 srcPort>36603 dst>fd10:43:100::2/21255 
05:04:28.291050 ON flow>2456 srcPort>42813 dst>fd10:43:100::2/21256 
05:04:28.291314 CONNECT flow>2456 srcPort>42813 dst>fd10:43:100::2/21256 
05:04:28.435933 ON flow>2457 srcPort>35137 dst>fd10:43:100::2/21257 
05:04:28.436267 CONNECT flow>2457 srcPort>35137 dst>fd10:43:100::2/21257 
05:04:28.883733 ON flow>2458 srcPort>35961 dst>fd10:43:100::2/21258 
05:04:28.884060 CONNECT flow>2458 srcPort>35961 dst>fd10:43:100::2/21258 
05:04:28.903176 ON flow>2459 srcPort>33187 dst>fd10:43:100::2/21259 
05:04:28.903491 CONNECT flow>2459 srcPort>33187 dst>fd10:43:100::2/21259 
05:04:28.951742 ON flow>2460 srcPort>33127 dst>fd10:43:100::2/21260 
05:04:28.952048 CONNECT flow>2460 srcPort>33127 dst>fd10:43:100::2/21260 
05:04:29.109958 ON flow>2461 srcPort>33981 dst>fd10:43:100::2/21261 
05:04:29.110264 CONNECT flow>2461 srcPort>33981 dst>fd10:43:100::2/21261 
05:04:29.119578 ON flow>2462 srcPort>39003 dst>fd10:43:100::2/21262 
05:04:29.119851 CONNECT flow>2462 srcPort>39003 dst>fd10:43:100::2/21262 
05:04:29.231712 ON flow>2463 srcPort>42419 dst>fd10:43:100::2/21263 
05:04:29.232100 CONNECT flow>2463 srcPort>42419 dst>fd10:43:100::2/21263 
05:04:29.299498 ON flow>2464 srcPort>38997 dst>fd10:43:100::2/21264 
05:04:29.299902 CONNECT flow>2464 srcPort>38997 dst>fd10:43:100::2/21264 
05:04:29.637534 SHUTDOWN flow>2433 srcPort>46497 dst>fd10:43:100::2/21233 
05:04:29.638263 OFF flow>2433 srcPort>46497 dst>fd10:43:100::2/21233 
05:04:29.810535 SHUTDOWN flow>2434 srcPort>37885 dst>fd10:43:100::2/21234 
05:04:29.811028 OFF flow>2434 srcPort>37885 dst>fd10:43:100::2/21234 
05:04:30.626030 SHUTDOWN flow>2435 srcPort>39039 dst>fd10:43:100::2/21235 
05:04:30.626624 OFF flow>2435 srcPort>39039 dst>fd10:43:100::2/21235 
05:04:30.688536 SHUTDOWN flow>2436 srcPort>32973 dst>fd10:43:100::2/21236 
05:04:30.688851 OFF flow>2436 srcPort>32973 dst>fd10:43:100::2/21236 
05:04:30.870938 SHUTDOWN flow>2437 srcPort>38355 dst>fd10:43:100::2/21237 
05:04:30.871514 OFF flow>2437 srcPort>38355 dst>fd10:43:100::2/21237 
05:04:30.986548 SHUTDOWN flow>2438 srcPort>41883 dst>fd10:43:100::2/21238 
05:04:30.987045 OFF flow>2438 srcPort>41883 dst>fd10:43:100::2/21238 
05:04:31.092643 SHUTDOWN flow>2439 srcPort>42119 dst>fd10:43:100::2/21239 
05:04:31.093270 OFF flow>2439 srcPort>42119 dst>fd10:43:100::2/21239 
05:04:31.105733 SHUTDOWN flow>2440 srcPort>37819 dst>fd10:43:100::2/21240 
05:04:31.106256 OFF flow>2440 srcPort>37819 dst>fd10:43:100::2/21240 
05:04:31.761601 SHUTDOWN flow>2441 srcPort>35373 dst>fd10:43:100::2/21241 
05:04:31.762155 OFF flow>2441 srcPort>35373 dst>fd10:43:100::2/21241 
05:04:31.857411 SHUTDOWN flow>2442 srcPort>42701 dst>fd10:43:100::2/21242 
05:04:31.858960 OFF flow>2442 srcPort>42701 dst>fd10:43:100::2/21242 
05:04:31.900210 SHUTDOWN flow>2443 srcPort>44357 dst>fd10:43:100::2/21243 
05:04:31.900644 OFF flow>2443 srcPort>44357 dst>fd10:43:100::2/21243 
05:04:31.971319 SHUTDOWN flow>2444 srcPort>37765 dst>fd10:43:100::2/21244 
05:04:31.971942 OFF flow>2444 srcPort>37765 dst>fd10:43:100::2/21244 
05:04:32.024705 SHUTDOWN flow>2445 srcPort>35349 dst>fd10:43:100::2/21245 
05:04:32.025577 OFF flow>2445 srcPort>35349 dst>fd10:43:100::2/21245 
05:04:32.097316 SHUTDOWN flow>2446 srcPort>42901 dst>fd10:43:100::2/21246 
05:04:32.097754 OFF flow>2446 srcPort>42901 dst>fd10:43:100::2/21246 
05:04:32.130406 SHUTDOWN flow>2447 srcPort>43003 dst>fd10:43:100::2/21247 
05:04:32.130911 OFF flow>2447 srcPort>43003 dst>fd10:43:100::2/21247 
05:04:32.411242 SHUTDOWN flow>2448 srcPort>36623 dst>fd10:43:100::2/21248 
05:04:32.412321 OFF flow>2448 srcPort>36623 dst>fd10:43:100::2/21248 
05:04:32.423831 SHUTDOWN flow>2449 srcPort>42601 dst>fd10:43:100::2/21249 
05:04:32.424389 OFF flow>2449 srcPort>42601 dst>fd10:43:100::2/21249 
05:04:32.556357 ON flow>2465 srcPort>45541 dst>fd10:43:100::2/21265 
05:04:32.556715 CONNECT flow>2465 srcPort>45541 dst>fd10:43:100::2/21265 
05:04:32.637940 SHUTDOWN flow>2450 srcPort>43821 dst>fd10:43:100::2/21250 
05:04:32.638349 OFF flow>2450 srcPort>43821 dst>fd10:43:100::2/21250 
05:04:32.643732 SHUTDOWN flow>2451 srcPort>39243 dst>fd10:43:100::2/21251 
05:04:32.644073 OFF flow>2451 srcPort>39243 dst>fd10:43:100::2/21251 
05:04:32.673694 ON flow>2466 srcPort>41169 dst>fd10:43:100::2/21266 
05:04:32.674419 CONNECT flow>2466 srcPort>41169 dst>fd10:43:100::2/21266 
05:04:32.745299 ON flow>2467 srcPort>35481 dst>fd10:43:100::2/21267 
05:04:32.745590 CONNECT flow>2467 srcPort>35481 dst>fd10:43:100::2/21267 
05:04:32.752858 SHUTDOWN flow>2452 srcPort>36783 dst>fd10:43:100::2/21252 
05:04:32.753231 OFF flow>2452 srcPort>36783 dst>fd10:43:100::2/21252 
05:04:32.779399 ON flow>2468 srcPort>34647 dst>fd10:43:100::2/21268 
05:04:32.779673 CONNECT flow>2468 srcPort>34647 dst>fd10:43:100::2/21268 
05:04:32.826661 SHUTDOWN flow>2453 srcPort>41607 dst>fd10:43:100::2/21253 
05:04:32.827037 OFF flow>2453 srcPort>41607 dst>fd10:43:100::2/21253 
05:04:32.835352 SHUTDOWN flow>2454 srcPort>43695 dst>fd10:43:100::2/21254 
05:04:32.835798 OFF flow>2454 srcPort>43695 dst>fd10:43:100::2/21254 
05:04:32.838854 SHUTDOWN flow>2455 srcPort>36603 dst>fd10:43:100::2/21255 
05:04:32.839169 OFF flow>2455 srcPort>36603 dst>fd10:43:100::2/21255 
05:04:32.843673 ON flow>2469 srcPort>41431 dst>fd10:43:100::2/21269 
05:04:32.844066 CONNECT flow>2469 srcPort>41431 dst>fd10:43:100::2/21269 
05:04:32.864451 ON flow>2470 srcPort>33591 dst>fd10:43:100::2/21270 
05:04:32.864726 CONNECT flow>2470 srcPort>33591 dst>fd10:43:100::2/21270 
05:04:33.090968 SHUTDOWN flow>2456 srcPort>42813 dst>fd10:43:100::2/21256 
05:04:33.091504 OFF flow>2456 srcPort>42813 dst>fd10:43:100::2/21256 
05:04:33.235890 SHUTDOWN flow>2457 srcPort>35137 dst>fd10:43:100::2/21257 
05:04:33.236512 OFF flow>2457 srcPort>35137 dst>fd10:43:100::2/21257 
05:04:33.683549 SHUTDOWN flow>2458 srcPort>35961 dst>fd10:43:100::2/21258 
05:04:33.684068 OFF flow>2458 srcPort>35961 dst>fd10:43:100::2/21258 
05:04:33.703145 SHUTDOWN flow>2459 srcPort>33187 dst>fd10:43:100::2/21259 
05:04:33.703669 OFF flow>2459 srcPort>33187 dst>fd10:43:100::2/21259 
05:04:33.751669 SHUTDOWN flow>2460 srcPort>33127 dst>fd10:43:100::2/21260 
05:04:33.752564 OFF flow>2460 srcPort>33127 dst>fd10:43:100::2/21260 
05:04:33.909848 SHUTDOWN flow>2461 srcPort>33981 dst>fd10:43:100::2/21261 
05:04:33.910491 OFF flow>2461 srcPort>33981 dst>fd10:43:100::2/21261 
05:04:33.919547 SHUTDOWN flow>2462 srcPort>39003 dst>fd10:43:100::2/21262 
05:04:33.919985 OFF flow>2462 srcPort>39003 dst>fd10:43:100::2/21262 
05:04:34.031649 SHUTDOWN flow>2463 srcPort>42419 dst>fd10:43:100::2/21263 
05:04:34.032802 OFF flow>2463 srcPort>42419 dst>fd10:43:100::2/21263 
05:04:34.099455 SHUTDOWN flow>2464 srcPort>38997 dst>fd10:43:100::2/21264 
05:04:34.099832 OFF flow>2464 srcPort>38997 dst>fd10:43:100::2/21264 
05:04:36.152249 ON flow>2471 srcPort>43253 dst>fd10:43:100::2/21271 
05:04:36.152587 CONNECT flow>2471 srcPort>43253 dst>fd10:43:100::2/21271 
05:04:36.215108 ON flow>2472 srcPort>42337 dst>fd10:43:100::2/21272 
05:04:36.215448 CONNECT flow>2472 srcPort>42337 dst>fd10:43:100::2/21272 
05:04:36.408532 ON flow>2473 srcPort>37565 dst>fd10:43:100::2/21273 
05:04:36.408814 CONNECT flow>2473 srcPort>37565 dst>fd10:43:100::2/21273 
05:04:36.426800 ON flow>2474 srcPort>35869 dst>fd10:43:100::2/21274 
05:04:36.427098 CONNECT flow>2474 srcPort>35869 dst>fd10:43:100::2/21274 
05:04:36.488398 ON flow>2475 srcPort>46455 dst>fd10:43:100::2/21275 
05:04:36.488688 CONNECT flow>2475 srcPort>46455 dst>fd10:43:100::2/21275 
05:04:36.634420 ON flow>2476 srcPort>41547 dst>fd10:43:100::2/21276 
05:04:36.634722 CONNECT flow>2476 srcPort>41547 dst>fd10:43:100::2/21276 
05:04:36.636190 ON flow>2477 srcPort>39559 dst>fd10:43:100::2/21277 
05:04:36.636512 CONNECT flow>2477 srcPort>39559 dst>fd10:43:100::2/21277 
05:04:36.679803 ON flow>2478 srcPort>34885 dst>fd10:43:100::2/21278 
05:04:36.680159 CONNECT flow>2478 srcPort>34885 dst>fd10:43:100::2/21278 
05:04:36.692526 ON flow>2479 srcPort>45995 dst>fd10:43:100::2/21279 
05:04:36.692941 CONNECT flow>2479 srcPort>45995 dst>fd10:43:100::2/21279 
05:04:36.738445 ON flow>2480 srcPort>34139 dst>fd10:43:100::2/21280 
05:04:36.739072 CONNECT flow>2480 srcPort>34139 dst>fd10:43:100::2/21280 
05:04:36.753103 ON flow>2481 srcPort>34815 dst>fd10:43:100::2/21281 
05:04:36.753411 CONNECT flow>2481 srcPort>34815 dst>fd10:43:100::2/21281 
05:04:36.835715 ON flow>2482 srcPort>34891 dst>fd10:43:100::2/21282 
05:04:36.836002 CONNECT flow>2482 srcPort>34891 dst>fd10:43:100::2/21282 
05:04:36.985364 ON flow>2483 srcPort>36871 dst>fd10:43:100::2/21283 
05:04:36.985672 CONNECT flow>2483 srcPort>36871 dst>fd10:43:100::2/21283 
05:04:37.010606 ON flow>2484 srcPort>42431 dst>fd10:43:100::2/21284 
05:04:37.010883 CONNECT flow>2484 srcPort>42431 dst>fd10:43:100::2/21284 
05:04:37.050408 ON flow>2485 srcPort>34503 dst>fd10:43:100::2/21285 
05:04:37.050699 CONNECT flow>2485 srcPort>34503 dst>fd10:43:100::2/21285 
05:04:37.051499 ON flow>2486 srcPort>35565 dst>fd10:43:100::2/21286 
05:04:37.051855 CONNECT flow>2486 srcPort>35565 dst>fd10:43:100::2/21286 
05:04:37.356146 SHUTDOWN flow>2465 srcPort>45541 dst>fd10:43:100::2/21265 
05:04:37.356793 OFF flow>2465 srcPort>45541 dst>fd10:43:100::2/21265 
05:04:37.473546 SHUTDOWN flow>2466 srcPort>41169 dst>fd10:43:100::2/21266 
05:04:37.474026 OFF flow>2466 srcPort>41169 dst>fd10:43:100::2/21266 
05:04:37.507606 ON flow>2487 srcPort>37533 dst>fd10:43:100::2/21287 
05:04:37.508037 CONNECT flow>2487 srcPort>37533 dst>fd10:43:100::2/21287 
05:04:37.545072 SHUTDOWN flow>2467 srcPort>35481 dst>fd10:43:100::2/21267 
05:04:37.545589 OFF flow>2467 srcPort>35481 dst>fd10:43:100::2/21267 
05:04:37.579258 SHUTDOWN flow>2468 srcPort>34647 dst>fd10:43:100::2/21268 
05:04:37.579669 OFF flow>2468 srcPort>34647 dst>fd10:43:100::2/21268 
05:04:37.643560 SHUTDOWN flow>2469 srcPort>41431 dst>fd10:43:100::2/21269 
05:04:37.644229 OFF flow>2469 srcPort>41431 dst>fd10:43:100::2/21269 
05:04:37.664349 SHUTDOWN flow>2470 srcPort>33591 dst>fd10:43:100::2/21270 
05:04:37.664782 OFF flow>2470 srcPort>33591 dst>fd10:43:100::2/21270 
05:04:37.699126 ON flow>2488 srcPort>36887 dst>fd10:43:100::2/21288 
05:04:37.699387 CONNECT flow>2488 srcPort>36887 dst>fd10:43:100::2/21288 
05:04:37.717811 ON flow>2489 srcPort>39209 dst>fd10:43:100::2/21289 
05:04:37.718169 CONNECT flow>2489 srcPort>39209 dst>fd10:43:100::2/21289 
05:04:37.721053 ON flow>2490 srcPort>46527 dst>fd10:43:100::2/21290 
05:04:37.721396 CONNECT flow>2490 srcPort>46527 dst>fd10:43:100::2/21290 
05:04:37.801316 ON flow>2491 srcPort>36943 dst>fd10:43:100::2/21291 
05:04:37.801694 CONNECT flow>2491 srcPort>36943 dst>fd10:43:100::2/21291 
05:04:37.830024 ON flow>2492 srcPort>35773 dst>fd10:43:100::2/21292 
05:04:37.830404 CONNECT flow>2492 srcPort>35773 dst>fd10:43:100::2/21292 
05:04:37.867243 ON flow>2493 srcPort>45355 dst>fd10:43:100::2/21293 
05:04:37.867559 CONNECT flow>2493 srcPort>45355 dst>fd10:43:100::2/21293 
05:04:37.985577 ON flow>2494 srcPort>37065 dst>fd10:43:100::2/21294 
05:04:37.985953 CONNECT flow>2494 srcPort>37065 dst>fd10:43:100::2/21294 
05:04:40.381289 ON flow>2495 srcPort>38421 dst>fd10:43:100::2/21295 
05:04:40.381566 CONNECT flow>2495 srcPort>38421 dst>fd10:43:100::2/21295 
05:04:40.414047 ON flow>2496 srcPort>34619 dst>fd10:43:100::2/21296 
05:04:40.414359 CONNECT flow>2496 srcPort>34619 dst>fd10:43:100::2/21296 
05:04:40.434828 ON flow>2497 srcPort>44185 dst>fd10:43:100::2/21297 
05:04:40.435107 CONNECT flow>2497 srcPort>44185 dst>fd10:43:100::2/21297 
05:04:40.470942 ON flow>2498 srcPort>36311 dst>fd10:43:100::2/21298 
05:04:40.471343 CONNECT flow>2498 srcPort>36311 dst>fd10:43:100::2/21298 
05:04:40.505502 ON flow>2499 srcPort>40025 dst>fd10:43:100::2/21299 
05:04:40.506182 CONNECT flow>2499 srcPort>40025 dst>fd10:43:100::2/21299 
05:04:40.619102 ON flow>2500 srcPort>38013 dst>fd10:43:100::2/21300 
05:04:40.619339 CONNECT flow>2500 srcPort>38013 dst>fd10:43:100::2/21300 
05:04:40.639781 ON flow>2501 srcPort>43011 dst>fd10:43:100::2/21301 
05:04:40.640042 CONNECT flow>2501 srcPort>43011 dst>fd10:43:100::2/21301 
05:04:40.668538 ON flow>2502 srcPort>35575 dst>fd10:43:100::2/21302 
05:04:40.668824 CONNECT flow>2502 srcPort>35575 dst>fd10:43:100::2/21302 
05:04:40.694056 ON flow>2503 srcPort>43947 dst>fd10:43:100::2/21303 
05:04:40.694308 CONNECT flow>2503 srcPort>43947 dst>fd10:43:100::2/21303 
05:04:40.792876 ON flow>2504 srcPort>44365 dst>fd10:43:100::2/21304 
05:04:40.793317 CONNECT flow>2504 srcPort>44365 dst>fd10:43:100::2/21304 
05:04:40.796111 ON flow>2505 srcPort>43415 dst>fd10:43:100::2/21305 
05:04:40.796531 CONNECT flow>2505 srcPort>43415 dst>fd10:43:100::2/21305 
05:04:40.952059 SHUTDOWN flow>2471 srcPort>43253 dst>fd10:43:100::2/21271 
05:04:40.952623 OFF flow>2471 srcPort>43253 dst>fd10:43:100::2/21271 
05:04:41.015061 SHUTDOWN flow>2472 srcPort>42337 dst>fd10:43:100::2/21272 
05:04:41.015665 OFF flow>2472 srcPort>42337 dst>fd10:43:100::2/21272 
05:04:41.208454 SHUTDOWN flow>2473 srcPort>37565 dst>fd10:43:100::2/21273 
05:04:41.209155 OFF flow>2473 srcPort>37565 dst>fd10:43:100::2/21273 
05:04:41.226752 SHUTDOWN flow>2474 srcPort>35869 dst>fd10:43:100::2/21274 
05:04:41.227559 OFF flow>2474 srcPort>35869 dst>fd10:43:100::2/21274 
05:04:41.288347 SHUTDOWN flow>2475 srcPort>46455 dst>fd10:43:100::2/21275 
05:04:41.288796 OFF flow>2475 srcPort>46455 dst>fd10:43:100::2/21275 
05:04:41.434353 SHUTDOWN flow>2476 srcPort>41547 dst>fd10:43:100::2/21276 
05:04:41.435923 OFF flow>2476 srcPort>41547 dst>fd10:43:100::2/21276 
05:04:41.436149 SHUTDOWN flow>2477 srcPort>39559 dst>fd10:43:100::2/21277 
05:04:41.436539 OFF flow>2477 srcPort>39559 dst>fd10:43:100::2/21277 
05:04:41.479767 SHUTDOWN flow>2478 srcPort>34885 dst>fd10:43:100::2/21278 
05:04:41.481120 OFF flow>2478 srcPort>34885 dst>fd10:43:100::2/21278 
05:04:41.492446 SHUTDOWN flow>2479 srcPort>45995 dst>fd10:43:100::2/21279 
05:04:41.493066 OFF flow>2479 srcPort>45995 dst>fd10:43:100::2/21279 
05:04:41.538356 SHUTDOWN flow>2480 srcPort>34139 dst>fd10:43:100::2/21280 
05:04:41.539229 OFF flow>2480 srcPort>34139 dst>fd10:43:100::2/21280 
05:04:41.553053 SHUTDOWN flow>2481 srcPort>34815 dst>fd10:43:100::2/21281 
05:04:41.553560 OFF flow>2481 srcPort>34815 dst>fd10:43:100::2/21281 
05:04:41.635654 SHUTDOWN flow>2482 srcPort>34891 dst>fd10:43:100::2/21282 
05:04:41.636613 OFF flow>2482 srcPort>34891 dst>fd10:43:100::2/21282 
05:04:41.785255 SHUTDOWN flow>2483 srcPort>36871 dst>fd10:43:100::2/21283 
05:04:41.785871 OFF flow>2483 srcPort>36871 dst>fd10:43:100::2/21283 
05:04:41.810556 SHUTDOWN flow>2484 srcPort>42431 dst>fd10:43:100::2/21284 
05:04:41.811046 OFF flow>2484 srcPort>42431 dst>fd10:43:100::2/21284 
05:04:41.850360 SHUTDOWN flow>2485 srcPort>34503 dst>fd10:43:100::2/21285 
05:04:41.851211 OFF flow>2485 srcPort>34503 dst>fd10:43:100::2/21285 
05:04:41.851456 SHUTDOWN flow>2486 srcPort>35565 dst>fd10:43:100::2/21286 
05:04:41.851814 OFF flow>2486 srcPort>35565 dst>fd10:43:100::2/21286 
05:04:42.307480 SHUTDOWN flow>2487 srcPort>37533 dst>fd10:43:100::2/21287 
05:04:42.308394 OFF flow>2487 srcPort>37533 dst>fd10:43:100::2/21287 
05:04:42.499078 SHUTDOWN flow>2488 srcPort>36887 dst>fd10:43:100::2/21288 
05:04:42.499601 OFF flow>2488 srcPort>36887 dst>fd10:43:100::2/21288 
05:04:42.517796 SHUTDOWN flow>2489 srcPort>39209 dst>fd10:43:100::2/21289 
05:04:42.518200 OFF flow>2489 srcPort>39209 dst>fd10:43:100::2/21289 
05:04:42.520972 SHUTDOWN flow>2490 srcPort>46527 dst>fd10:43:100::2/21290 
05:04:42.521322 OFF flow>2490 srcPort>46527 dst>fd10:43:100::2/21290 
05:04:42.601276 SHUTDOWN flow>2491 srcPort>36943 dst>fd10:43:100::2/21291 
05:04:42.601694 OFF flow>2491 srcPort>36943 dst>fd10:43:100::2/21291 
05:04:42.629983 SHUTDOWN flow>2492 srcPort>35773 dst>fd10:43:100::2/21292 
05:04:42.630510 OFF flow>2492 srcPort>35773 dst>fd10:43:100::2/21292 
05:04:42.667178 SHUTDOWN flow>2493 srcPort>45355 dst>fd10:43:100::2/21293 
05:04:42.667648 OFF flow>2493 srcPort>45355 dst>fd10:43:100::2/21293 
05:04:42.785480 SHUTDOWN flow>2494 srcPort>37065 dst>fd10:43:100::2/21294 
05:04:42.786050 OFF flow>2494 srcPort>37065 dst>fd10:43:100::2/21294 
05:04:43.487291 ON flow>2506 srcPort>39425 dst>fd10:43:100::2/21306 
05:04:43.487592 CONNECT flow>2506 srcPort>39425 dst>fd10:43:100::2/21306 
05:04:43.539189 ON flow>2507 srcPort>37527 dst>fd10:43:100::2/21307 
05:04:43.539499 CONNECT flow>2507 srcPort>37527 dst>fd10:43:100::2/21307 
05:04:43.615600 ON flow>2508 srcPort>35473 dst>fd10:43:100::2/21308 
05:04:43.615892 CONNECT flow>2508 srcPort>35473 dst>fd10:43:100::2/21308 
05:04:43.634924 ON flow>2509 srcPort>42831 dst>fd10:43:100::2/21309 
05:04:43.635587 CONNECT flow>2509 srcPort>42831 dst>fd10:43:100::2/21309 
05:04:43.675467 ON flow>2510 srcPort>32815 dst>fd10:43:100::2/21310 
05:04:43.675792 CONNECT flow>2510 srcPort>32815 dst>fd10:43:100::2/21310 
05:04:43.718838 ON flow>2511 srcPort>46337 dst>fd10:43:100::2/21311 
05:04:43.719097 CONNECT flow>2511 srcPort>46337 dst>fd10:43:100::2/21311 
05:04:43.789669 ON flow>2512 srcPort>38749 dst>fd10:43:100::2/21312 
05:04:43.789938 CONNECT flow>2512 srcPort>38749 dst>fd10:43:100::2/21312 
05:04:43.815042 ON flow>2513 srcPort>46271 dst>fd10:43:100::2/21313 
05:04:43.815358 CONNECT flow>2513 srcPort>46271 dst>fd10:43:100::2/21313 
05:04:43.831749 ON flow>2514 srcPort>44447 dst>fd10:43:100::2/21314 
05:04:43.832192 CONNECT flow>2514 srcPort>44447 dst>fd10:43:100::2/21314 
05:04:43.862492 ON flow>2515 srcPort>39173 dst>fd10:43:100::2/21315 
05:04:43.862865 CONNECT flow>2515 srcPort>39173 dst>fd10:43:100::2/21315 
05:04:43.945605 ON flow>2516 srcPort>37931 dst>fd10:43:100::2/21316 
05:04:43.946022 CONNECT flow>2516 srcPort>37931 dst>fd10:43:100::2/21316 
05:04:43.955168 ON flow>2517 srcPort>40855 dst>fd10:43:100::2/21317 
05:04:43.955473 CONNECT flow>2517 srcPort>40855 dst>fd10:43:100::2/21317 
05:04:43.974076 ON flow>2518 srcPort>41251 dst>fd10:43:100::2/21318 
05:04:43.974392 CONNECT flow>2518 srcPort>41251 dst>fd10:43:100::2/21318 
05:04:44.008905 ON flow>2519 srcPort>41687 dst>fd10:43:100::2/21319 
05:04:44.009269 CONNECT flow>2519 srcPort>41687 dst>fd10:43:100::2/21319 
05:04:45.181185 SHUTDOWN flow>2495 srcPort>38421 dst>fd10:43:100::2/21295 
05:04:45.181863 OFF flow>2495 srcPort>38421 dst>fd10:43:100::2/21295 
05:04:45.213984 SHUTDOWN flow>2496 srcPort>34619 dst>fd10:43:100::2/21296 
05:04:45.214676 OFF flow>2496 srcPort>34619 dst>fd10:43:100::2/21296 
05:04:45.234794 SHUTDOWN flow>2497 srcPort>44185 dst>fd10:43:100::2/21297 
05:04:45.235364 OFF flow>2497 srcPort>44185 dst>fd10:43:100::2/21297 
05:04:45.270885 SHUTDOWN flow>2498 srcPort>36311 dst>fd10:43:100::2/21298 
05:04:45.271553 OFF flow>2498 srcPort>36311 dst>fd10:43:100::2/21298 
05:04:45.305393 SHUTDOWN flow>2499 srcPort>40025 dst>fd10:43:100::2/21299 
05:04:45.306047 OFF flow>2499 srcPort>40025 dst>fd10:43:100::2/21299 
05:04:45.418949 SHUTDOWN flow>2500 srcPort>38013 dst>fd10:43:100::2/21300 
05:04:45.419777 OFF flow>2500 srcPort>38013 dst>fd10:43:100::2/21300 
05:04:45.439689 SHUTDOWN flow>2501 srcPort>43011 dst>fd10:43:100::2/21301 
05:04:45.440395 OFF flow>2501 srcPort>43011 dst>fd10:43:100::2/21301 
05:04:45.468488 SHUTDOWN flow>2502 srcPort>35575 dst>fd10:43:100::2/21302 
05:04:45.469020 OFF flow>2502 srcPort>35575 dst>fd10:43:100::2/21302 
05:04:45.493972 SHUTDOWN flow>2503 srcPort>43947 dst>fd10:43:100::2/21303 
05:04:45.499577 OFF flow>2503 srcPort>43947 dst>fd10:43:100::2/21303 
05:04:45.592785 SHUTDOWN flow>2504 srcPort>44365 dst>fd10:43:100::2/21304 
05:04:45.593440 OFF flow>2504 srcPort>44365 dst>fd10:43:100::2/21304 
05:04:45.596073 SHUTDOWN flow>2505 srcPort>43415 dst>fd10:43:100::2/21305 
05:04:45.596718 OFF flow>2505 srcPort>43415 dst>fd10:43:100::2/21305 
05:04:46.096829 ON flow>2520 srcPort>35049 dst>fd10:43:100::2/21320 
05:04:46.097107 CONNECT flow>2520 srcPort>35049 dst>fd10:43:100::2/21320 
05:04:46.145200 ON flow>2521 srcPort>36711 dst>fd10:43:100::2/21321 
05:04:46.145467 CONNECT flow>2521 srcPort>36711 dst>fd10:43:100::2/21321 
05:04:46.246732 ON flow>2522 srcPort>34277 dst>fd10:43:100::2/21322 
05:04:46.247013 CONNECT flow>2522 srcPort>34277 dst>fd10:43:100::2/21322 
05:04:46.261071 ON flow>2523 srcPort>41627 dst>fd10:43:100::2/21323 
05:04:46.261400 CONNECT flow>2523 srcPort>41627 dst>fd10:43:100::2/21323 
05:04:46.416021 ON flow>2524 srcPort>43989 dst>fd10:43:100::2/21324 
05:04:46.416282 CONNECT flow>2524 srcPort>43989 dst>fd10:43:100::2/21324 
05:04:46.434281 ON flow>2525 srcPort>39971 dst>fd10:43:100::2/21325 
05:04:46.434534 ON flow>2526 srcPort>35129 dst>fd10:43:100::2/21326 
05:04:46.434686 CONNECT flow>2525 srcPort>39971 dst>fd10:43:100::2/21325 
05:04:46.434800 CONNECT flow>2526 srcPort>35129 dst>fd10:43:100::2/21326 
05:04:46.437766 ON flow>2527 srcPort>40031 dst>fd10:43:100::2/21327 
05:04:46.438070 CONNECT flow>2527 srcPort>40031 dst>fd10:43:100::2/21327 
05:04:46.463057 ON flow>2528 srcPort>41011 dst>fd10:43:100::2/21328 
05:04:46.463271 CONNECT flow>2528 srcPort>41011 dst>fd10:43:100::2/21328 
05:04:46.500310 ON flow>2529 srcPort>40073 dst>fd10:43:100::2/21329 
05:04:46.500574 CONNECT flow>2529 srcPort>40073 dst>fd10:43:100::2/21329 
05:04:46.528923 ON flow>2530 srcPort>46205 dst>fd10:43:100::2/21330 
05:04:46.529232 CONNECT flow>2530 srcPort>46205 dst>fd10:43:100::2/21330 
05:04:46.536889 ON flow>2531 srcPort>43283 dst>fd10:43:100::2/21331 
05:04:46.537158 CONNECT flow>2531 srcPort>43283 dst>fd10:43:100::2/21331 
05:04:46.830052 ON flow>2532 srcPort>45059 dst>fd10:43:100::2/21332 
05:04:46.830341 CONNECT flow>2532 srcPort>45059 dst>fd10:43:100::2/21332 
05:04:46.888528 ON flow>2533 srcPort>46449 dst>fd10:43:100::2/21333 
05:04:46.888763 CONNECT flow>2533 srcPort>46449 dst>fd10:43:100::2/21333 
05:04:46.993859 ON flow>2534 srcPort>40169 dst>fd10:43:100::2/21334 
05:04:46.994131 CONNECT flow>2534 srcPort>40169 dst>fd10:43:100::2/21334 
05:04:48.287163 SHUTDOWN flow>2506 srcPort>39425 dst>fd10:43:100::2/21306 
05:04:48.287799 OFF flow>2506 srcPort>39425 dst>fd10:43:100::2/21306 
05:04:48.339071 SHUTDOWN flow>2507 srcPort>37527 dst>fd10:43:100::2/21307 
05:04:48.339525 OFF flow>2507 srcPort>37527 dst>fd10:43:100::2/21307 
05:04:48.415495 SHUTDOWN flow>2508 srcPort>35473 dst>fd10:43:100::2/21308 
05:04:48.416226 OFF flow>2508 srcPort>35473 dst>fd10:43:100::2/21308 
05:04:48.434869 SHUTDOWN flow>2509 srcPort>42831 dst>fd10:43:100::2/21309 
05:04:48.435363 OFF flow>2509 srcPort>42831 dst>fd10:43:100::2/21309 
05:04:48.475372 SHUTDOWN flow>2510 srcPort>32815 dst>fd10:43:100::2/21310 
05:04:48.475842 OFF flow>2510 srcPort>32815 dst>fd10:43:100::2/21310 
05:04:48.518770 SHUTDOWN flow>2511 srcPort>46337 dst>fd10:43:100::2/21311 
05:04:48.519276 OFF flow>2511 srcPort>46337 dst>fd10:43:100::2/21311 
05:04:48.589573 SHUTDOWN flow>2512 srcPort>38749 dst>fd10:43:100::2/21312 
05:04:48.589971 OFF flow>2512 srcPort>38749 dst>fd10:43:100::2/21312 
05:04:48.614971 SHUTDOWN flow>2513 srcPort>46271 dst>fd10:43:100::2/21313 
05:04:48.615677 OFF flow>2513 srcPort>46271 dst>fd10:43:100::2/21313 
05:04:48.631674 SHUTDOWN flow>2514 srcPort>44447 dst>fd10:43:100::2/21314 
05:04:48.632069 OFF flow>2514 srcPort>44447 dst>fd10:43:100::2/21314 
05:04:48.662372 SHUTDOWN flow>2515 srcPort>39173 dst>fd10:43:100::2/21315 
05:04:48.662921 OFF flow>2515 srcPort>39173 dst>fd10:43:100::2/21315 
05:04:48.745371 SHUTDOWN flow>2516 srcPort>37931 dst>fd10:43:100::2/21316 
05:04:48.746195 OFF flow>2516 srcPort>37931 dst>fd10:43:100::2/21316 
05:04:48.755071 SHUTDOWN flow>2517 srcPort>40855 dst>fd10:43:100::2/21317 
05:04:48.755672 OFF flow>2517 srcPort>40855 dst>fd10:43:100::2/21317 
05:04:48.773977 SHUTDOWN flow>2518 srcPort>41251 dst>fd10:43:100::2/21318 
05:04:48.774385 OFF flow>2518 srcPort>41251 dst>fd10:43:100::2/21318 
05:04:48.808780 SHUTDOWN flow>2519 srcPort>41687 dst>fd10:43:100::2/21319 
05:04:48.809617 OFF flow>2519 srcPort>41687 dst>fd10:43:100::2/21319 
05:04:49.844557 ON flow>2535 srcPort>38865 dst>fd10:43:100::2/21335 
05:04:49.844814 CONNECT flow>2535 srcPort>38865 dst>fd10:43:100::2/21335 
05:04:49.897621 ON flow>2536 srcPort>34235 dst>fd10:43:100::2/21336 
05:04:49.897943 CONNECT flow>2536 srcPort>34235 dst>fd10:43:100::2/21336 
05:04:49.913115 ON flow>2537 srcPort>36797 dst>fd10:43:100::2/21337 
05:04:49.913420 CONNECT flow>2537 srcPort>36797 dst>fd10:43:100::2/21337 
05:04:50.009169 ON flow>2538 srcPort>46029 dst>fd10:43:100::2/21338 
05:04:50.009448 CONNECT flow>2538 srcPort>46029 dst>fd10:43:100::2/21338 
05:04:50.077094 ON flow>2539 srcPort>44969 dst>fd10:43:100::2/21339 
05:04:50.077401 CONNECT flow>2539 srcPort>44969 dst>fd10:43:100::2/21339 
05:04:50.118726 ON flow>2540 srcPort>36893 dst>fd10:43:100::2/21340 
05:04:50.118937 CONNECT flow>2540 srcPort>36893 dst>fd10:43:100::2/21340 
05:04:50.171520 ON flow>2541 srcPort>41091 dst>fd10:43:100::2/21341 
05:04:50.171843 CONNECT flow>2541 srcPort>41091 dst>fd10:43:100::2/21341 
05:04:50.175165 ON flow>2542 srcPort>42853 dst>fd10:43:100::2/21342 
05:04:50.175509 CONNECT flow>2542 srcPort>42853 dst>fd10:43:100::2/21342 
05:04:50.200717 ON flow>2543 srcPort>35443 dst>fd10:43:100::2/21343 
05:04:50.200963 CONNECT flow>2543 srcPort>35443 dst>fd10:43:100::2/21343 
05:04:50.257826 ON flow>2544 srcPort>39439 dst>fd10:43:100::2/21344 
05:04:50.258136 CONNECT flow>2544 srcPort>39439 dst>fd10:43:100::2/21344 
05:04:50.470277 ON flow>2545 srcPort>42971 dst>fd10:43:100::2/21345 
05:04:50.470564 CONNECT flow>2545 srcPort>42971 dst>fd10:43:100::2/21345 
05:04:50.547823 ON flow>2546 srcPort>33171 dst>fd10:43:100::2/21346 
05:04:50.548040 CONNECT flow>2546 srcPort>33171 dst>fd10:43:100::2/21346 
05:04:50.581331 ON flow>2547 srcPort>37467 dst>fd10:43:100::2/21347 
05:04:50.581632 CONNECT flow>2547 srcPort>37467 dst>fd10:43:100::2/21347 
05:04:50.896680 SHUTDOWN flow>2520 srcPort>35049 dst>fd10:43:100::2/21320 
05:04:50.897691 OFF flow>2520 srcPort>35049 dst>fd10:43:100::2/21320 
05:04:50.945073 SHUTDOWN flow>2521 srcPort>36711 dst>fd10:43:100::2/21321 
05:04:50.946034 OFF flow>2521 srcPort>36711 dst>fd10:43:100::2/21321 
05:04:51.046582 SHUTDOWN flow>2522 srcPort>34277 dst>fd10:43:100::2/21322 
05:04:51.047054 OFF flow>2522 srcPort>34277 dst>fd10:43:100::2/21322 
05:04:51.060987 SHUTDOWN flow>2523 srcPort>41627 dst>fd10:43:100::2/21323 
05:04:51.062006 OFF flow>2523 srcPort>41627 dst>fd10:43:100::2/21323 
05:04:51.215905 SHUTDOWN flow>2524 srcPort>43989 dst>fd10:43:100::2/21324 
05:04:51.216435 OFF flow>2524 srcPort>43989 dst>fd10:43:100::2/21324 
05:04:51.234188 SHUTDOWN flow>2525 srcPort>39971 dst>fd10:43:100::2/21325 
05:04:51.234483 SHUTDOWN flow>2526 srcPort>35129 dst>fd10:43:100::2/21326 
05:04:51.234650 OFF flow>2525 srcPort>39971 dst>fd10:43:100::2/21325 
05:04:51.234940 OFF flow>2526 srcPort>35129 dst>fd10:43:100::2/21326 
05:04:51.237681 SHUTDOWN flow>2527 srcPort>40031 dst>fd10:43:100::2/21327 
05:04:51.238047 OFF flow>2527 srcPort>40031 dst>fd10:43:100::2/21327 
05:04:51.263014 SHUTDOWN flow>2528 srcPort>41011 dst>fd10:43:100::2/21328 
05:04:51.263412 OFF flow>2528 srcPort>41011 dst>fd10:43:100::2/21328 
05:04:51.300229 SHUTDOWN flow>2529 srcPort>40073 dst>fd10:43:100::2/21329 
05:04:51.300682 OFF flow>2529 srcPort>40073 dst>fd10:43:100::2/21329 
05:04:51.328811 SHUTDOWN flow>2530 srcPort>46205 dst>fd10:43:100::2/21330 
05:04:51.329263 OFF flow>2530 srcPort>46205 dst>fd10:43:100::2/21330 
05:04:51.336804 SHUTDOWN flow>2531 srcPort>43283 dst>fd10:43:100::2/21331 
05:04:51.337354 OFF flow>2531 srcPort>43283 dst>fd10:43:100::2/21331 
05:04:51.506508 ON flow>2548 srcPort>40291 dst>fd10:43:100::2/21348 
05:04:51.506823 CONNECT flow>2548 srcPort>40291 dst>fd10:43:100::2/21348 
05:04:51.551947 ON flow>2549 srcPort>43113 dst>fd10:43:100::2/21349 
05:04:51.552327 CONNECT flow>2549 srcPort>43113 dst>fd10:43:100::2/21349 
05:04:51.629932 SHUTDOWN flow>2532 srcPort>45059 dst>fd10:43:100::2/21332 
05:04:51.630349 OFF flow>2532 srcPort>45059 dst>fd10:43:100::2/21332 
05:04:51.673443 ON flow>2550 srcPort>36873 dst>fd10:43:100::2/21350 
05:04:51.673697 CONNECT flow>2550 srcPort>36873 dst>fd10:43:100::2/21350 
05:04:51.688416 SHUTDOWN flow>2533 srcPort>46449 dst>fd10:43:100::2/21333 
05:04:51.688883 OFF flow>2533 srcPort>46449 dst>fd10:43:100::2/21333 
05:04:51.793715 SHUTDOWN flow>2534 srcPort>40169 dst>fd10:43:100::2/21334 
05:04:51.794276 OFF flow>2534 srcPort>40169 dst>fd10:43:100::2/21334 
05:04:51.824949 ON flow>2551 srcPort>34003 dst>fd10:43:100::2/21351 
05:04:51.825259 CONNECT flow>2551 srcPort>34003 dst>fd10:43:100::2/21351 
05:04:51.852639 ON flow>2552 srcPort>40731 dst>fd10:43:100::2/21352 
05:04:51.852877 CONNECT flow>2552 srcPort>40731 dst>fd10:43:100::2/21352 
05:04:51.863853 ON flow>2553 srcPort>38813 dst>fd10:43:100::2/21353 
05:04:51.864162 CONNECT flow>2553 srcPort>38813 dst>fd10:43:100::2/21353 
05:04:53.405422 ON flow>2554 srcPort>33829 dst>fd10:43:100::2/21354 
05:04:53.405683 CONNECT flow>2554 srcPort>33829 dst>fd10:43:100::2/21354 
05:04:53.516740 ON flow>2555 srcPort>45113 dst>fd10:43:100::2/21355 
05:04:53.516987 CONNECT flow>2555 srcPort>45113 dst>fd10:43:100::2/21355 
05:04:53.561918 ON flow>2556 srcPort>42825 dst>fd10:43:100::2/21356 
05:04:53.562236 CONNECT flow>2556 srcPort>42825 dst>fd10:43:100::2/21356 
05:04:53.859653 ON flow>2557 srcPort>34695 dst>fd10:43:100::2/21357 
05:04:53.859900 CONNECT flow>2557 srcPort>34695 dst>fd10:43:100::2/21357 
05:04:53.869666 ON flow>2558 srcPort>37667 dst>fd10:43:100::2/21358 
05:04:53.869897 CONNECT flow>2558 srcPort>37667 dst>fd10:43:100::2/21358 
05:04:53.934325 ON flow>2559 srcPort>34365 dst>fd10:43:100::2/21359 
05:04:53.934646 CONNECT flow>2559 srcPort>34365 dst>fd10:43:100::2/21359 
05:04:54.018470 ON flow>2560 srcPort>42797 dst>fd10:43:100::2/21360 
05:04:54.018780 CONNECT flow>2560 srcPort>42797 dst>fd10:43:100::2/21360 
05:04:54.036928 ON flow>2561 srcPort>36187 dst>fd10:43:100::2/21361 
05:04:54.037244 CONNECT flow>2561 srcPort>36187 dst>fd10:43:100::2/21361 
05:04:54.043664 ON flow>2562 srcPort>33653 dst>fd10:43:100::2/21362 
05:04:54.044199 CONNECT flow>2562 srcPort>33653 dst>fd10:43:100::2/21362 
05:04:54.122164 ON flow>2563 srcPort>39861 dst>fd10:43:100::2/21363 
05:04:54.122473 CONNECT flow>2563 srcPort>39861 dst>fd10:43:100::2/21363 
05:04:54.197983 ON flow>2564 srcPort>34207 dst>fd10:43:100::2/21364 
05:04:54.198291 CONNECT flow>2564 srcPort>34207 dst>fd10:43:100::2/21364 
05:04:54.210217 ON flow>2565 srcPort>43635 dst>fd10:43:100::2/21365 
05:04:54.210452 CONNECT flow>2565 srcPort>43635 dst>fd10:43:100::2/21365 
05:04:54.273842 ON flow>2566 srcPort>41945 dst>fd10:43:100::2/21366 
05:04:54.274158 CONNECT flow>2566 srcPort>41945 dst>fd10:43:100::2/21366 
05:04:54.292891 ON flow>2567 srcPort>37259 dst>fd10:43:100::2/21367 
05:04:54.293184 CONNECT flow>2567 srcPort>37259 dst>fd10:43:100::2/21367 
05:04:54.644399 SHUTDOWN flow>2535 srcPort>38865 dst>fd10:43:100::2/21335 
05:04:54.644982 OFF flow>2535 srcPort>38865 dst>fd10:43:100::2/21335 
05:04:54.697602 SHUTDOWN flow>2536 srcPort>34235 dst>fd10:43:100::2/21336 
05:04:54.698036 OFF flow>2536 srcPort>34235 dst>fd10:43:100::2/21336 
05:04:54.713080 SHUTDOWN flow>2537 srcPort>36797 dst>fd10:43:100::2/21337 
05:04:54.713469 OFF flow>2537 srcPort>36797 dst>fd10:43:100::2/21337 
05:04:54.809091 SHUTDOWN flow>2538 srcPort>46029 dst>fd10:43:100::2/21338 
05:04:54.809570 OFF flow>2538 srcPort>46029 dst>fd10:43:100::2/21338 
05:04:54.876983 SHUTDOWN flow>2539 srcPort>44969 dst>fd10:43:100::2/21339 
05:04:54.877863 OFF flow>2539 srcPort>44969 dst>fd10:43:100::2/21339 
05:04:54.918694 SHUTDOWN flow>2540 srcPort>36893 dst>fd10:43:100::2/21340 
05:04:54.919249 OFF flow>2540 srcPort>36893 dst>fd10:43:100::2/21340 
05:04:54.971491 SHUTDOWN flow>2541 srcPort>41091 dst>fd10:43:100::2/21341 
05:04:54.972190 OFF flow>2541 srcPort>41091 dst>fd10:43:100::2/21341 
05:04:54.975091 SHUTDOWN flow>2542 srcPort>42853 dst>fd10:43:100::2/21342 
05:04:54.975440 OFF flow>2542 srcPort>42853 dst>fd10:43:100::2/21342 
05:04:55.000696 SHUTDOWN flow>2543 srcPort>35443 dst>fd10:43:100::2/21343 
05:04:55.001020 OFF flow>2543 srcPort>35443 dst>fd10:43:100::2/21343 
05:04:55.057788 SHUTDOWN flow>2544 srcPort>39439 dst>fd10:43:100::2/21344 
05:04:55.058530 OFF flow>2544 srcPort>39439 dst>fd10:43:100::2/21344 
05:04:55.270175 SHUTDOWN flow>2545 srcPort>42971 dst>fd10:43:100::2/21345 
05:04:55.270806 OFF flow>2545 srcPort>42971 dst>fd10:43:100::2/21345 
05:04:55.347779 SHUTDOWN flow>2546 srcPort>33171 dst>fd10:43:100::2/21346 
05:04:55.348521 OFF flow>2546 srcPort>33171 dst>fd10:43:100::2/21346 
05:04:55.381279 SHUTDOWN flow>2547 srcPort>37467 dst>fd10:43:100::2/21347 
05:04:55.381679 OFF flow>2547 srcPort>37467 dst>fd10:43:100::2/21347 
05:04:55.904127 ON flow>2568 srcPort>37049 dst>fd10:43:100::2/21368 
05:04:55.904405 CONNECT flow>2568 srcPort>37049 dst>fd10:43:100::2/21368 
05:04:55.918538 ON flow>2569 srcPort>45701 dst>fd10:43:100::2/21369 
05:04:55.918841 CONNECT flow>2569 srcPort>45701 dst>fd10:43:100::2/21369 
05:04:56.108326 ON flow>2570 srcPort>34563 dst>fd10:43:100::2/21370 
05:04:56.108615 CONNECT flow>2570 srcPort>34563 dst>fd10:43:100::2/21370 
05:04:56.229115 ON flow>2571 srcPort>35769 dst>fd10:43:100::2/21371 
05:04:56.229420 CONNECT flow>2571 srcPort>35769 dst>fd10:43:100::2/21371 
05:04:56.306405 SHUTDOWN flow>2548 srcPort>40291 dst>fd10:43:100::2/21348 
05:04:56.307787 OFF flow>2548 srcPort>40291 dst>fd10:43:100::2/21348 
05:04:56.351903 SHUTDOWN flow>2549 srcPort>43113 dst>fd10:43:100::2/21349 
05:04:56.352355 OFF flow>2549 srcPort>43113 dst>fd10:43:100::2/21349 
05:04:56.473424 SHUTDOWN flow>2550 srcPort>36873 dst>fd10:43:100::2/21350 
05:04:56.473809 OFF flow>2550 srcPort>36873 dst>fd10:43:100::2/21350 
05:04:56.624902 SHUTDOWN flow>2551 srcPort>34003 dst>fd10:43:100::2/21351 
05:04:56.625390 OFF flow>2551 srcPort>34003 dst>fd10:43:100::2/21351 
05:04:56.652605 SHUTDOWN flow>2552 srcPort>40731 dst>fd10:43:100::2/21352 
05:04:56.652904 OFF flow>2552 srcPort>40731 dst>fd10:43:100::2/21352 
05:04:56.663797 SHUTDOWN flow>2553 srcPort>38813 dst>fd10:43:100::2/21353 
05:04:56.664333 OFF flow>2553 srcPort>38813 dst>fd10:43:100::2/21353 
05:04:58.205297 SHUTDOWN flow>2554 srcPort>33829 dst>fd10:43:100::2/21354 
05:04:58.205923 OFF flow>2554 srcPort>33829 dst>fd10:43:100::2/21354 
05:04:58.316697 SHUTDOWN flow>2555 srcPort>45113 dst>fd10:43:100::2/21355 
05:04:58.317254 OFF flow>2555 srcPort>45113 dst>fd10:43:100::2/21355 
05:04:58.361792 SHUTDOWN flow>2556 srcPort>42825 dst>fd10:43:100::2/21356 
05:04:58.362268 OFF flow>2556 srcPort>42825 dst>fd10:43:100::2/21356 
05:04:58.659511 SHUTDOWN flow>2557 srcPort>34695 dst>fd10:43:100::2/21357 
05:04:58.660035 OFF flow>2557 srcPort>34695 dst>fd10:43:100::2/21357 
05:04:58.669598 SHUTDOWN flow>2558 srcPort>37667 dst>fd10:43:100::2/21358 
05:04:58.670018 OFF flow>2558 srcPort>37667 dst>fd10:43:100::2/21358 
05:04:58.734198 SHUTDOWN flow>2559 srcPort>34365 dst>fd10:43:100::2/21359 
05:04:58.734586 OFF flow>2559 srcPort>34365 dst>fd10:43:100::2/21359 
05:04:58.818302 SHUTDOWN flow>2560 srcPort>42797 dst>fd10:43:100::2/21360 
05:04:58.819051 OFF flow>2560 srcPort>42797 dst>fd10:43:100::2/21360 
05:04:58.836802 SHUTDOWN flow>2561 srcPort>36187 dst>fd10:43:100::2/21361 
05:04:58.837198 OFF flow>2561 srcPort>36187 dst>fd10:43:100::2/21361 
05:04:58.843605 SHUTDOWN flow>2562 srcPort>33653 dst>fd10:43:100::2/21362 
05:04:58.844041 OFF flow>2562 srcPort>33653 dst>fd10:43:100::2/21362 
05:04:58.922007 SHUTDOWN flow>2563 srcPort>39861 dst>fd10:43:100::2/21363 
05:04:58.922437 OFF flow>2563 srcPort>39861 dst>fd10:43:100::2/21363 
05:04:58.997813 SHUTDOWN flow>2564 srcPort>34207 dst>fd10:43:100::2/21364 
05:04:58.998276 OFF flow>2564 srcPort>34207 dst>fd10:43:100::2/21364 
05:04:59.010109 SHUTDOWN flow>2565 srcPort>43635 dst>fd10:43:100::2/21365 
05:04:59.010441 OFF flow>2565 srcPort>43635 dst>fd10:43:100::2/21365 
05:04:59.073731 SHUTDOWN flow>2566 srcPort>41945 dst>fd10:43:100::2/21366 
05:04:59.074458 OFF flow>2566 srcPort>41945 dst>fd10:43:100::2/21366 
05:04:59.092806 SHUTDOWN flow>2567 srcPort>37259 dst>fd10:43:100::2/21367 
05:04:59.093413 OFF flow>2567 srcPort>37259 dst>fd10:43:100::2/21367 
05:04:59.401579 ON flow>2572 srcPort>39697 dst>fd10:43:100::2/21372 
05:04:59.401876 CONNECT flow>2572 srcPort>39697 dst>fd10:43:100::2/21372 
05:04:59.469345 ON flow>2573 srcPort>37183 dst>fd10:43:100::2/21373 
05:04:59.469638 CONNECT flow>2573 srcPort>37183 dst>fd10:43:100::2/21373 
05:04:59.965644 ON flow>2574 srcPort>44355 dst>fd10:43:100::2/21374 
05:04:59.965902 CONNECT flow>2574 srcPort>44355 dst>fd10:43:100::2/21374 
05:05:00.021335 ON flow>2575 srcPort>41663 dst>fd10:43:100::2/21375 
05:05:00.021594 CONNECT flow>2575 srcPort>41663 dst>fd10:43:100::2/21375 
05:05:00.078077 ON flow>2576 srcPort>36549 dst>fd10:43:100::2/21376 
05:05:00.078405 CONNECT flow>2576 srcPort>36549 dst>fd10:43:100::2/21376 
05:05:00.290534 ON flow>2577 srcPort>40603 dst>fd10:43:100::2/21377 
05:05:00.290811 CONNECT flow>2577 srcPort>40603 dst>fd10:43:100::2/21377 
05:05:00.703990 SHUTDOWN flow>2568 srcPort>37049 dst>fd10:43:100::2/21368 
05:05:00.704491 OFF flow>2568 srcPort>37049 dst>fd10:43:100::2/21368 
05:05:00.718482 SHUTDOWN flow>2569 srcPort>45701 dst>fd10:43:100::2/21369 
05:05:00.719462 OFF flow>2569 srcPort>45701 dst>fd10:43:100::2/21369 
05:05:00.908205 SHUTDOWN flow>2570 srcPort>34563 dst>fd10:43:100::2/21370 
05:05:00.908861 OFF flow>2570 srcPort>34563 dst>fd10:43:100::2/21370 
05:05:01.001158 ON flow>2578 srcPort>41055 dst>fd10:43:100::2/21378 
05:05:01.001449 CONNECT flow>2578 srcPort>41055 dst>fd10:43:100::2/21378 
05:05:01.003830 ON flow>2579 srcPort>42695 dst>fd10:43:100::2/21379 
05:05:01.004291 CONNECT flow>2579 srcPort>42695 dst>fd10:43:100::2/21379 
05:05:01.026045 ON flow>2580 srcPort>40541 dst>fd10:43:100::2/21380 
05:05:01.026324 CONNECT flow>2580 srcPort>40541 dst>fd10:43:100::2/21380 
05:05:01.029005 SHUTDOWN flow>2571 srcPort>35769 dst>fd10:43:100::2/21371 
05:05:01.029422 OFF flow>2571 srcPort>35769 dst>fd10:43:100::2/21371 
05:05:01.052536 ON flow>2581 srcPort>45957 dst>fd10:43:100::2/21381 
05:05:01.052827 CONNECT flow>2581 srcPort>45957 dst>fd10:43:100::2/21381 
05:05:01.225639 ON flow>2582 srcPort>40007 dst>fd10:43:100::2/21382 
05:05:01.225998 CONNECT flow>2582 srcPort>40007 dst>fd10:43:100::2/21382 
05:05:01.230479 ON flow>2583 srcPort>45101 dst>fd10:43:100::2/21383 
05:05:01.230768 CONNECT flow>2583 srcPort>45101 dst>fd10:43:100::2/21383 
05:05:01.251240 ON flow>2584 srcPort>45413 dst>fd10:43:100::2/21384 
05:05:01.251542 CONNECT flow>2584 srcPort>45413 dst>fd10:43:100::2/21384 
05:05:01.380950 ON flow>2585 srcPort>40391 dst>fd10:43:100::2/21385 
05:05:01.381275 CONNECT flow>2585 srcPort>40391 dst>fd10:43:100::2/21385 
05:05:01.391186 ON flow>2586 srcPort>42047 dst>fd10:43:100::2/21386 
05:05:01.391537 CONNECT flow>2586 srcPort>42047 dst>fd10:43:100::2/21386 
05:05:01.464325 SHUTDOWN flow>2003 srcPort>39355 dst>fd10:43:100::2/20002 
05:05:01.464388 SHUTDOWN flow>2002 srcPort>41875 dst>fd10:43:100::2/20001 
05:05:01.464462 SHUTDOWN flow>2004 srcPort>36795 dst>fd10:43:100::2/20003 
05:05:01.464566 SHUTDOWN flow>2001 srcPort>41451 dst>fd10:43:100::2/20000 
05:05:01.464832 OFF flow>2003 srcPort>39355 dst>fd10:43:100::2/20002 
05:05:01.464948 OFF flow>2002 srcPort>41875 dst>fd10:43:100::2/20001 
05:05:01.465322 OFF flow>2004 srcPort>36795 dst>fd10:43:100::2/20003 
05:05:01.465349 OFF flow>2001 srcPort>41451 dst>fd10:43:100::2/20000 
05:05:04.201392 SHUTDOWN flow>2572 srcPort>39697 dst>fd10:43:100::2/21372 
05:05:04.201907 OFF flow>2572 srcPort>39697 dst>fd10:43:100::2/21372 
05:05:04.269287 SHUTDOWN flow>2573 srcPort>37183 dst>fd10:43:100::2/21373 
05:05:04.269683 OFF flow>2573 srcPort>37183 dst>fd10:43:100::2/21373 
05:05:04.765588 SHUTDOWN flow>2574 srcPort>44355 dst>fd10:43:100::2/21374 
05:05:04.768522 OFF flow>2574 srcPort>44355 dst>fd10:43:100::2/21374 
05:05:04.821288 SHUTDOWN flow>2575 srcPort>41663 dst>fd10:43:100::2/21375 
05:05:04.821777 OFF flow>2575 srcPort>41663 dst>fd10:43:100::2/21375 
05:05:04.877988 SHUTDOWN flow>2576 srcPort>36549 dst>fd10:43:100::2/21376 
05:05:04.878344 OFF flow>2576 srcPort>36549 dst>fd10:43:100::2/21376 
05:05:05.090490 SHUTDOWN flow>2577 srcPort>40603 dst>fd10:43:100::2/21377 
05:05:05.090829 OFF flow>2577 srcPort>40603 dst>fd10:43:100::2/21377 
05:05:05.801109 SHUTDOWN flow>2578 srcPort>41055 dst>fd10:43:100::2/21378 
05:05:05.801597 OFF flow>2578 srcPort>41055 dst>fd10:43:100::2/21378 
05:05:05.803791 SHUTDOWN flow>2579 srcPort>42695 dst>fd10:43:100::2/21379 
05:05:05.804132 OFF flow>2579 srcPort>42695 dst>fd10:43:100::2/21379 
05:05:05.825993 SHUTDOWN flow>2580 srcPort>40541 dst>fd10:43:100::2/21380 
05:05:05.826304 OFF flow>2580 srcPort>40541 dst>fd10:43:100::2/21380 
05:05:05.852499 SHUTDOWN flow>2581 srcPort>45957 dst>fd10:43:100::2/21381 
05:05:05.852953 OFF flow>2581 srcPort>45957 dst>fd10:43:100::2/21381 
05:05:06.025593 SHUTDOWN flow>2582 srcPort>40007 dst>fd10:43:100::2/21382 
05:05:06.025941 OFF flow>2582 srcPort>40007 dst>fd10:43:100::2/21382 
05:05:06.030396 SHUTDOWN flow>2583 srcPort>45101 dst>fd10:43:100::2/21383 
05:05:06.030740 OFF flow>2583 srcPort>45101 dst>fd10:43:100::2/21383 
05:05:06.051205 SHUTDOWN flow>2584 srcPort>45413 dst>fd10:43:100::2/21384 
05:05:06.051603 OFF flow>2584 srcPort>45413 dst>fd10:43:100::2/21384 
05:05:06.180901 SHUTDOWN flow>2585 srcPort>40391 dst>fd10:43:100::2/21385 
05:05:06.181636 OFF flow>2585 srcPort>40391 dst>fd10:43:100::2/21385 
05:05:06.191101 SHUTDOWN flow>2586 srcPort>42047 dst>fd10:43:100::2/21386 
05:05:06.191525 OFF flow>2586 srcPort>42047 dst>fd10:43:100::2/21386 
05:05:06.191553 STOP
