05:34:05.546056 START Mgen Version 5.1.1
05:34:15.546654 ON flow>1 srcPort>33643 dst>fd00:6::2/5201 
05:34:15.578516 CONNECT flow>1 srcPort>33643 dst>fd00:6::2/5201 
05:34:15.687257 TCPINFO flow>1 window>0.109 samples>165 rtt_avg_us>31722 rtt_min_us>31324 rtt_max_us>31852 cwnd>70 cwnd_min>10 cwnd_max>70 throughput_kbps>11513.318 goodput_kbps>5814.111 retrans>0 total_retrans>0 bytes_acked>78937
05:34:15.825825 TCPINFO flow>1 window>0.139 samples>282 rtt_avg_us>31293 rtt_min_us>30937 rtt_max_us>31709 cwnd>52 cwnd_min>50 cwnd_max>71 throughput_kbps>17508.920 goodput_kbps>18357.370 retrans>0 total_retrans>0 bytes_acked>396905
05:34:15.925916 TCPINFO flow>1 window>0.100 samples>245 rtt_avg_us>32020 rtt_min_us>31709 rtt_max_us>32532 cwnd>54 cwnd_min>52 cwnd_max>54 throughput_kbps>16658.121 goodput_kbps>16230.990 retrans>0 total_retrans>0 bytes_acked>599977
05:34:16.046694 TCPINFO flow>1 window>0.121 samples>155 rtt_avg_us>32094 rtt_min_us>31889 rtt_max_us>32471 cwnd>57 cwnd_min>54 cwnd_max>57 throughput_kbps>17875.573 goodput_kbps>17698.587 retrans>0 total_retrans>0 bytes_acked>867177
05:34:16.175269 TCPINFO flow>1 window>0.129 samples>135 rtt_avg_us>32077 rtt_min_us>31768 rtt_max_us>32390 cwnd>61 cwnd_min>57 cwnd_max>61 throughput_kbps>19285.367 goodput_kbps>19119.113 retrans>0 total_retrans>0 bytes_acked>1174457
05:34:16.329674 TCPINFO flow>1 window>0.154 samples>265 rtt_avg_us>31885 rtt_min_us>31757 rtt_max_us>32182 cwnd>66 cwnd_min>61 cwnd_max>66 throughput_kbps>20558.505 goodput_kbps>20212.402 retrans>0 total_retrans>0 bytes_acked>1564569
05:34:16.446696 TCPINFO flow>1 window>0.117 samples>266 rtt_avg_us>31915 rtt_min_us>31688 rtt_max_us>32229 cwnd>69 cwnd_min>66 cwnd_max>69 throughput_kbps>21645.981 goodput_kbps>21554.648 retrans>0 total_retrans>0 bytes_acked>1879865
05:34:16.546697 TCPINFO flow>1 window>0.100 samples>158 rtt_avg_us>31973 rtt_min_us>31764 rtt_max_us>32371 cwnd>72 cwnd_min>69 cwnd_max>72 throughput_kbps>22551.454 goodput_kbps>22017.060 retrans>0 total_retrans>0 bytes_acked>2155081
05:34:16.646711 TCPINFO flow>1 window>0.100 samples>61 rtt_avg_us>31791 rtt_min_us>31686 rtt_max_us>32074 cwnd>74 cwnd_min>72 cwnd_max>74 throughput_kbps>20485.452 goodput_kbps>22655.388 retrans>0 total_retrans>0 bytes_acked>2438313
05:34:16.846709 TCPINFO flow>1 window>0.200 samples>3 rtt_avg_us>31995 rtt_min_us>31956 rtt_max_us>32074 cwnd>75 cwnd_min>74 cwnd_max>75 throughput_kbps>0.000 goodput_kbps>2495.385 retrans>0 total_retrans>0 bytes_acked>2500697
05:34:17.046721 TCPINFO flow>1 window>0.200 samples>3 rtt_avg_us>31956 rtt_min_us>31956 rtt_max_us>31956 cwnd>75 cwnd_min>75 cwnd_max>75 throughput_kbps>0.000 goodput_kbps>0.000 retrans>0 total_retrans>0 bytes_acked>2500697
05:34:17.246711 TCPINFO flow>1 window>0.200 samples>3 rtt_avg_us>31956 rtt_min_us>31956 rtt_max_us>31956 cwnd>75 cwnd_min>75 cwnd_max>75 throughput_kbps>0.000 goodput_kbps>0.000 retrans>0 total_retrans>0 bytes_acked>2500697
05:34:17.446752 TCPINFO flow>1 window>0.200 samples>3 rtt_avg_us>31956 rtt_min_us>31956 rtt_max_us>31956 cwnd>75 cwnd_min>75 cwnd_max>75 throughput_kbps>0.000 goodput_kbps>0.000 retrans>0 total_retrans>0 bytes_acked>2500697
05:34:17.546807 TCPINFO flow>1 window>0.100 samples>9 rtt_avg_us>31956 rtt_min_us>31956 rtt_max_us>31956 cwnd>75 cwnd_min>75 cwnd_max>75 throughput_kbps>320.464 goodput_kbps>0.000 retrans>0 total_retrans>0 bytes_acked>2500697
05:34:17.698992 TCPINFO flow>1 window>0.152 samples>407 rtt_avg_us>31889 rtt_min_us>31617 rtt_max_us>32187 cwnd>77 cwnd_min>75 cwnd_max>77 throughput_kbps>24580.609 goodput_kbps>19453.796 retrans>0 total_retrans>0 bytes_acked>2870769
05:34:17.821116 TCPINFO flow>1 window>0.122 samples>266 rtt_avg_us>31949 rtt_min_us>31702 rtt_max_us>32586 cwnd>80 cwnd_min>76 cwnd_max>80 throughput_kbps>24942.517 goodput_kbps>25205.070 retrans>0 total_retrans>0 bytes_acked>3255537
05:34:17.940713 TCPINFO flow>1 window>0.120 samples>265 rtt_avg_us>31936 rtt_min_us>31713 rtt_max_us>32586 cwnd>83 cwnd_min>80 cwnd_max>83 throughput_kbps>26541.937 goodput_kbps>25916.369 retrans>0 total_retrans>0 bytes_acked>3642977
05:34:18.046694 TCPINFO flow>1 window>0.106 samples>266 rtt_avg_us>31860 rtt_min_us>31715 rtt_max_us>32301 cwnd>85 cwnd_min>83 cwnd_max>85 throughput_kbps>27027.335 goodput_kbps>27027.335 retrans>0 total_retrans>0 bytes_acked>4001025
05:34:18.185044 TCPINFO flow>1 window>0.138 samples>311 rtt_avg_us>32017 rtt_min_us>31713 rtt_max_us>32527 cwnd>88 cwnd_min>85 cwnd_max>88 throughput_kbps>27733.950 goodput_kbps>27656.697 retrans>0 total_retrans>0 bytes_acked>4479313
05:34:18.346713 TCPINFO flow>1 window>0.162 samples>208 rtt_avg_us>31798 rtt_min_us>31631 rtt_max_us>32015 cwnd>91 cwnd_min>88 cwnd_max>91 throughput_kbps>20479.572 goodput_kbps>25834.514 retrans>0 total_retrans>0 bytes_acked>5001393
05:34:18.446715 TCPINFO flow>1 window>0.100 samples>2 rtt_avg_us>31798 rtt_min_us>31798 rtt_max_us>31798 cwnd>91 cwnd_min>91 cwnd_max>91 throughput_kbps>0.000 goodput_kbps>0.000 retrans>0 total_retrans>0 bytes_acked>5001393
05:34:18.646712 TCPINFO flow>1 window>0.200 samples>3 rtt_avg_us>31798 rtt_min_us>31798 rtt_max_us>31798 cwnd>91 cwnd_min>91 cwnd_max>91 throughput_kbps>0.000 goodput_kbps>0.000 retrans>0 total_retrans>0 bytes_acked>5001393
05:34:18.846710 TCPINFO flow>1 window>0.200 samples>3 rtt_avg_us>31798 rtt_min_us>31798 rtt_max_us>31798 cwnd>91 cwnd_min>91 cwnd_max>91 throughput_kbps>0.000 goodput_kbps>0.000 retrans>0 total_retrans>0 bytes_acked>5001393
05:34:18.946711 TCPINFO flow>1 window>0.100 samples>2 rtt_avg_us>31798 rtt_min_us>31798 rtt_max_us>31798 cwnd>91 cwnd_min>91 cwnd_max>91 throughput_kbps>0.000 goodput_kbps>0.000 retrans>0 total_retrans>0 bytes_acked>5001393
05:34:19.146710 TCPINFO flow>1 window>0.200 samples>3 rtt_avg_us>31798 rtt_min_us>31798 rtt_max_us>31798 cwnd>91 cwnd_min>91 cwnd_max>91 throughput_kbps>0.000 goodput_kbps>0.000 retrans>0 total_retrans>0 bytes_acked>5001393
05:34:19.346726 TCPINFO flow>1 window>0.200 samples>3 rtt_avg_us>31798 rtt_min_us>31798 rtt_max_us>31798 cwnd>91 cwnd_min>91 cwnd_max>91 throughput_kbps>0.000 goodput_kbps>0.000 retrans>0 total_retrans>0 bytes_acked>5001393
05:34:19.546171 TCPINFO flow>1 window>0.199 samples>3 rtt_avg_us>31798 rtt_min_us>31798 rtt_max_us>31798 cwnd>91 cwnd_min>91 cwnd_max>91 throughput_kbps>53.589 goodput_kbps>0.000 retrans>0 total_retrans>0 bytes_acked>5001393
05:34:19.646245 TCPINFO flow>1 window>0.100 samples>450 rtt_avg_us>31917 rtt_min_us>31798 rtt_max_us>32572 cwnd>93 cwnd_min>91 cwnd_max>93 throughput_kbps>30117.873 goodput_kbps>20292.184 retrans>0 total_retrans>0 bytes_acked>5255233
05:34:19.746704 TCPINFO flow>1 window>0.100 samples>190 rtt_avg_us>31705 rtt_min_us>31485 rtt_max_us>32297 cwnd>96 cwnd_min>93 cwnd_max>96 throughput_kbps>30747.190 goodput_kbps>31066.365 retrans>0 total_retrans>0 bytes_acked>5645345
05:34:19.846738 TCPINFO flow>1 window>0.100 samples>349 rtt_avg_us>31903 rtt_min_us>31585 rtt_max_us>32818 cwnd>98 cwnd_min>96 cwnd_max>98 throughput_kbps>31198.353 goodput_kbps>31198.353 retrans>0 total_retrans>0 bytes_acked>6035457
05:34:19.946742 TCPINFO flow>1 window>0.100 samples>192 rtt_avg_us>31805 rtt_min_us>31616 rtt_max_us>32081 cwnd>101 cwnd_min>98 cwnd_max>101 throughput_kbps>32062.717 goodput_kbps>31528.339 retrans>0 total_retrans>0 bytes_acked>6429577
05:34:20.062405 TCPINFO flow>1 window>0.116 samples>302 rtt_avg_us>31785 rtt_min_us>31472 rtt_max_us>32287 cwnd>105 cwnd_min>101 cwnd_max>105 throughput_kbps>33820.738 goodput_kbps>33543.519 retrans>0 total_retrans>0 bytes_acked>6914545
05:34:20.246711 TCPINFO flow>1 window>0.184 samples>248 rtt_avg_us>31799 rtt_min_us>31539 rtt_max_us>32453 cwnd>109 cwnd_min>105 cwnd_max>109 throughput_kbps>19819.908 goodput_kbps>25502.979 retrans>0 total_retrans>0 bytes_acked>7502089
05:34:20.446709 TCPINFO flow>1 window>0.200 samples>3 rtt_avg_us>31906 rtt_min_us>31906 rtt_max_us>31906 cwnd>109 cwnd_min>109 cwnd_max>109 throughput_kbps>0.000 goodput_kbps>0.000 retrans>0 total_retrans>0 bytes_acked>7502089
05:34:20.646707 TCPINFO flow>1 window>0.200 samples>3 rtt_avg_us>31906 rtt_min_us>31906 rtt_max_us>31906 cwnd>109 cwnd_min>109 cwnd_max>109 throughput_kbps>0.000 goodput_kbps>0.000 retrans>0 total_retrans>0 bytes_acked>7502089
05:34:20.746708 TCPINFO flow>1 window>0.100 samples>2 rtt_avg_us>31906 rtt_min_us>31906 rtt_max_us>31906 cwnd>109 cwnd_min>109 cwnd_max>109 throughput_kbps>0.000 goodput_kbps>0.000 retrans>0 total_retrans>0 bytes_acked>7502089
05:34:20.846713 TCPINFO flow>1 window>0.100 samples>2 rtt_avg_us>31906 rtt_min_us>31906 rtt_max_us>31906 cwnd>109 cwnd_min>109 cwnd_max>109 throughput_kbps>0.000 goodput_kbps>0.000 retrans>0 total_retrans>0 bytes_acked>7502089
05:34:20.946715 TCPINFO flow>1 window>0.100 samples>2 rtt_avg_us>31906 rtt_min_us>31906 rtt_max_us>31906 cwnd>109 cwnd_min>109 cwnd_max>109 throughput_kbps>0.000 goodput_kbps>0.000 retrans>0 total_retrans>0 bytes_acked>7502089
05:34:21.146712 TCPINFO flow>1 window>0.200 samples>3 rtt_avg_us>31906 rtt_min_us>31906 rtt_max_us>31906 cwnd>109 cwnd_min>109 cwnd_max>109 throughput_kbps>0.000 goodput_kbps>0.000 retrans>0 total_retrans>0 bytes_acked>7502089
05:34:21.346710 TCPINFO flow>1 window>0.200 samples>3 rtt_avg_us>31906 rtt_min_us>31906 rtt_max_us>31906 cwnd>109 cwnd_min>109 cwnd_max>109 throughput_kbps>0.000 goodput_kbps>0.000 retrans>0 total_retrans>0 bytes_acked>7502089
05:34:21.546192 TCPINFO flow>1 window>0.199 samples>3 rtt_avg_us>31906 rtt_min_us>31906 rtt_max_us>31906 cwnd>109 cwnd_min>109 cwnd_max>109 throughput_kbps>53.579 goodput_kbps>0.000 retrans>0 total_retrans>0 bytes_acked>7502089
05:34:21.646694 TCPINFO flow>1 window>0.101 samples>466 rtt_avg_us>31865 rtt_min_us>31565 rtt_max_us>32146 cwnd>111 cwnd_min>109 cwnd_max>111 throughput_kbps>35944.996 goodput_kbps>24246.920 retrans>0 total_retrans>0 bytes_acked>7806697
05:34:21.746698 TCPINFO flow>1 window>0.100 samples>355 rtt_avg_us>31759 rtt_min_us>31491 rtt_max_us>32437 cwnd>114 cwnd_min>111 cwnd_max>114 throughput_kbps>37192.752 goodput_kbps>36872.125 retrans>0 total_retrans>0 bytes_acked>8267617
05:34:21.846699 TCPINFO flow>1 window>0.100 samples>222 rtt_avg_us>31765 rtt_min_us>31475 rtt_max_us>32432 cwnd>117 cwnd_min>114 cwnd_max>117 throughput_kbps>37621.384 goodput_kbps>37835.142 retrans>0 total_retrans>0 bytes_acked>8740561
05:34:21.983190 TCPINFO flow>1 window>0.136 samples>444 rtt_avg_us>31680 rtt_min_us>31424 rtt_max_us>32853 cwnd>121 cwnd_min>117 cwnd_max>121 throughput_kbps>37899.876 goodput_kbps>37899.876 retrans>0 total_retrans>0 bytes_acked>9387185
05:34:22.146739 TCPINFO flow>1 window>0.164 samples>243 rtt_avg_us>32255 rtt_min_us>31753 rtt_max_us>33936 cwnd>124 cwnd_min>121 cwnd_max>124 throughput_kbps>22792.827 goodput_kbps>30112.077 retrans>0 total_retrans>0 bytes_acked>10002785
05:34:22.346739 TCPINFO flow>1 window>0.200 samples>3 rtt_avg_us>31801 rtt_min_us>31801 rtt_max_us>31801 cwnd>124 cwnd_min>124 cwnd_max>124 throughput_kbps>0.000 goodput_kbps>0.000 retrans>0 total_retrans>0 bytes_acked>10002785
05:34:22.546709 TCPINFO flow>1 window>0.200 samples>3 rtt_avg_us>31801 rtt_min_us>31801 rtt_max_us>31801 cwnd>124 cwnd_min>124 cwnd_max>124 throughput_kbps>0.000 goodput_kbps>0.000 retrans>0 total_retrans>0 bytes_acked>10002785
05:34:22.646726 TCPINFO flow>1 window>0.100 samples>2 rtt_avg_us>31801 rtt_min_us>31801 rtt_max_us>31801 cwnd>124 cwnd_min>124 cwnd_max>124 throughput_kbps>0.000 goodput_kbps>0.000 retrans>0 total_retrans>0 bytes_acked>10002785
05:34:22.846716 TCPINFO flow>1 window>0.200 samples>3 rtt_avg_us>31801 rtt_min_us>31801 rtt_max_us>31801 cwnd>124 cwnd_min>124 cwnd_max>124 throughput_kbps>0.000 goodput_kbps>0.000 retrans>0 total_retrans>0 bytes_acked>10002785
05:34:22.946723 TCPINFO flow>1 window>0.100 samples>2 rtt_avg_us>31801 rtt_min_us>31801 rtt_max_us>31801 cwnd>124 cwnd_min>124 cwnd_max>124 throughput_kbps>0.000 goodput_kbps>0.000 retrans>0 total_retrans>0 bytes_acked>10002785
05:34:23.146722 TCPINFO flow>1 window>0.200 samples>3 rtt_avg_us>31801 rtt_min_us>31801 rtt_max_us>31801 cwnd>124 cwnd_min>124 cwnd_max>124 throughput_kbps>0.000 goodput_kbps>0.000 retrans>0 total_retrans>0 bytes_acked>10002785
05:34:23.246725 TCPINFO flow>1 window>0.100 samples>2 rtt_avg_us>31801 rtt_min_us>31801 rtt_max_us>31801 cwnd>124 cwnd_min>124 cwnd_max>124 throughput_kbps>0.000 goodput_kbps>0.000 retrans>0 total_retrans>0 bytes_acked>10002785
05:34:23.446722 TCPINFO flow>1 window>0.200 samples>3 rtt_avg_us>31801 rtt_min_us>31801 rtt_max_us>31801 cwnd>124 cwnd_min>124 cwnd_max>124 throughput_kbps>0.000 goodput_kbps>0.000 retrans>0 total_retrans>0 bytes_acked>10002785
05:34:23.546738 TCPINFO flow>1 window>0.100 samples>8 rtt_avg_us>31801 rtt_min_us>31801 rtt_max_us>31801 cwnd>124 cwnd_min>124 cwnd_max>124 throughput_kbps>320.589 goodput_kbps>0.000 retrans>0 total_retrans>0 bytes_acked>10002785
05:34:23.683015 TCPINFO flow>1 window>0.136 samples>555 rtt_avg_us>31732 rtt_min_us>31401 rtt_max_us>32342 cwnd>127 cwnd_min>124 cwnd_max>127 throughput_kbps>40469.103 goodput_kbps>31214.541 retrans>0 total_retrans>0 bytes_acked>10534513
05:34:23.806801 TCPINFO flow>1 window>0.124 samples>443 rtt_avg_us>31616 rtt_min_us>31349 rtt_max_us>33455 cwnd>131 cwnd_min>127 cwnd_max>131 throughput_kbps>41530.771 goodput_kbps>41012.715 retrans>0 total_retrans>0 bytes_acked>11169113
05:34:23.933860 TCPINFO flow>1 window>0.127 samples>487 rtt_avg_us>31998 rtt_min_us>31389 rtt_max_us>34019 cwnd>133 cwnd_min>131 cwnd_max>133 throughput_kbps>43405.095 goodput_kbps>43657.450 retrans>0 total_retrans>0 bytes_acked>11862497
05:34:24.046747 TCPINFO flow>1 window>0.113 samples>238 rtt_avg_us>31637 rtt_min_us>31346 rtt_max_us>32360 cwnd>137 cwnd_min>133 cwnd_max>137 throughput_kbps>33684.658 goodput_kbps>43741.582 retrans>0 total_retrans>0 bytes_acked>12479729
05:34:24.146763 TCPINFO flow>1 window>0.100 samples>2 rtt_avg_us>31594 rtt_min_us>31436 rtt_max_us>31753 cwnd>137 cwnd_min>137 cwnd_max>137 throughput_kbps>0.000 goodput_kbps>1899.856 retrans>0 total_retrans>0 bytes_acked>12503481
05:34:24.346789 TCPINFO flow>1 window>0.200 samples>3 rtt_avg_us>31436 rtt_min_us>31436 rtt_max_us>31436 cwnd>137 cwnd_min>137 cwnd_max>137 throughput_kbps>0.000 goodput_kbps>0.000 retrans>0 total_retrans>0 bytes_acked>12503481
05:34:24.546721 TCPINFO flow>1 window>0.200 samples>3 rtt_avg_us>31436 rtt_min_us>31436 rtt_max_us>31436 cwnd>137 cwnd_min>137 cwnd_max>137 throughput_kbps>0.000 goodput_kbps>0.000 retrans>0 total_retrans>0 bytes_acked>12503481
05:34:24.646750 TCPINFO flow>1 window>0.100 samples>2 rtt_avg_us>31436 rtt_min_us>31436 rtt_max_us>31436 cwnd>137 cwnd_min>137 cwnd_max>137 throughput_kbps>0.000 goodput_kbps>0.000 retrans>0 total_retrans>0 bytes_acked>12503481
05:34:24.846739 TCPINFO flow>1 window>0.200 samples>3 rtt_avg_us>31436 rtt_min_us>31436 rtt_max_us>31436 cwnd>137 cwnd_min>137 cwnd_max>137 throughput_kbps>0.000 goodput_kbps>0.000 retrans>0 total_retrans>0 bytes_acked>12503481
05:34:24.946767 TCPINFO flow>1 window>0.100 samples>2 rtt_avg_us>31436 rtt_min_us>31436 rtt_max_us>31436 cwnd>137 cwnd_min>137 cwnd_max>137 throughput_kbps>0.000 goodput_kbps>0.000 retrans>0 total_retrans>0 bytes_acked>12503481
05:34:25.046772 TCPINFO flow>1 window>0.100 samples>2 rtt_avg_us>31436 rtt_min_us>31436 rtt_max_us>31436 cwnd>137 cwnd_min>137 cwnd_max>137 throughput_kbps>0.000 goodput_kbps>0.000 retrans>0 total_retrans>0 bytes_acked>12503481
05:34:25.246752 TCPINFO flow>1 window>0.200 samples>3 rtt_avg_us>31436 rtt_min_us>31436 rtt_max_us>31436 cwnd>137 cwnd_min>137 cwnd_max>137 throughput_kbps>0.000 goodput_kbps>0.000 retrans>0 total_retrans>0 bytes_acked>12503481
05:34:25.346761 TCPINFO flow>1 window>0.100 samples>2 rtt_avg_us>31436 rtt_min_us>31436 rtt_max_us>31436 cwnd>137 cwnd_min>137 cwnd_max>137 throughput_kbps>0.000 goodput_kbps>0.000 retrans>0 total_retrans>0 bytes_acked>12503481
05:34:25.546263 TCPINFO flow>1 window>0.200 samples>3 rtt_avg_us>31436 rtt_min_us>31436 rtt_max_us>31436 cwnd>137 cwnd_min>137 cwnd_max>137 throughput_kbps>53.573 goodput_kbps>0.000 retrans>0 total_retrans>0 bytes_acked>12503481
05:34:25.646699 TCPINFO flow>1 window>0.100 samples>610 rtt_avg_us>31485 rtt_min_us>31365 rtt_max_us>32150 cwnd>138 cwnd_min>137 cwnd_max>138 throughput_kbps>44481.899 goodput_kbps>29902.903 retrans>0 total_retrans>0 bytes_acked>12878897
05:34:25.746700 TCPINFO flow>1 window>0.100 samples>267 rtt_avg_us>31626 rtt_min_us>31395 rtt_max_us>32223 cwnd>140 cwnd_min>138 cwnd_max>140 throughput_kbps>45851.061 goodput_kbps>45637.304 retrans>0 total_retrans>0 bytes_acked>13449369
05:34:25.846702 TCPINFO flow>1 window>0.100 samples>514 rtt_avg_us>31836 rtt_min_us>31335 rtt_max_us>34072 cwnd>140 cwnd_min>140 cwnd_max>142 throughput_kbps>44461.191 goodput_kbps>46384.992 retrans>0 total_retrans>0 bytes_acked>14029193
05:34:25.964081 TCPINFO flow>1 window>0.117 samples>330 rtt_avg_us>31549 rtt_min_us>31372 rtt_max_us>32222 cwnd>139 cwnd_min>139 cwnd_max>141 throughput_kbps>45072.458 goodput_kbps>44070.847 retrans>0 total_retrans>0 bytes_acked>14675817
05:34:26.146756 TCPINFO flow>1 window>0.183 samples>11 rtt_avg_us>31487 rtt_min_us>31461 rtt_max_us>31549 cwnd>139 cwnd_min>139 cwnd_max>139 throughput_kbps>6598.473 goodput_kbps>14380.074 retrans>0 total_retrans>0 bytes_acked>15004177
05:34:26.246759 TCPINFO flow>1 window>0.100 samples>2 rtt_avg_us>31549 rtt_min_us>31549 rtt_max_us>31549 cwnd>139 cwnd_min>139 cwnd_max>139 throughput_kbps>0.000 goodput_kbps>0.000 retrans>0 total_retrans>0 bytes_acked>15004177
05:34:26.446771 TCPINFO flow>1 window>0.200 samples>3 rtt_avg_us>31549 rtt_min_us>31549 rtt_max_us>31549 cwnd>139 cwnd_min>139 cwnd_max>139 throughput_kbps>0.000 goodput_kbps>0.000 retrans>0 total_retrans>0 bytes_acked>15004177
05:34:26.646741 TCPINFO flow>1 window>0.200 samples>3 rtt_avg_us>31549 rtt_min_us>31549 rtt_max_us>31549 cwnd>139 cwnd_min>139 cwnd_max>139 throughput_kbps>0.000 goodput_kbps>0.000 retrans>0 total_retrans>0 bytes_acked>15004177
05:34:26.746751 TCPINFO flow>1 window>0.100 samples>2 rtt_avg_us>31549 rtt_min_us>31549 rtt_max_us>31549 cwnd>139 cwnd_min>139 cwnd_max>139 throughput_kbps>0.000 goodput_kbps>0.000 retrans>0 total_retrans>0 bytes_acked>15004177
05:34:26.946747 TCPINFO flow>1 window>0.200 samples>3 rtt_avg_us>31549 rtt_min_us>31549 rtt_max_us>31549 cwnd>139 cwnd_min>139 cwnd_max>139 throughput_kbps>0.000 goodput_kbps>0.000 retrans>0 total_retrans>0 bytes_acked>15004177
05:34:27.046747 TCPINFO flow>1 window>0.100 samples>2 rtt_avg_us>31549 rtt_min_us>31549 rtt_max_us>31549 cwnd>139 cwnd_min>139 cwnd_max>139 throughput_kbps>0.000 goodput_kbps>0.000 retrans>0 total_retrans>0 bytes_acked>15004177
05:34:27.246737 TCPINFO flow>1 window>0.200 samples>3 rtt_avg_us>31549 rtt_min_us>31549 rtt_max_us>31549 cwnd>139 cwnd_min>139 cwnd_max>139 throughput_kbps>0.000 goodput_kbps>0.000 retrans>0 total_retrans>0 bytes_acked>15004177
05:34:27.346742 TCPINFO flow>1 window>0.100 samples>2 rtt_avg_us>31549 rtt_min_us>31549 rtt_max_us>31549 cwnd>139 cwnd_min>139 cwnd_max>139 throughput_kbps>0.000 goodput_kbps>0.000 retrans>0 total_retrans>0 bytes_acked>15004177
05:34:27.446747 TCPINFO flow>1 window>0.100 samples>2 rtt_avg_us>31549 rtt_min_us>31549 rtt_max_us>31549 cwnd>139 cwnd_min>139 cwnd_max>139 throughput_kbps>0.000 goodput_kbps>0.000 retrans>0 total_retrans>0 bytes_acked>15004177
05:34:27.546808 TCPINFO flow>1 window>0.100 samples>7 rtt_avg_us>31549 rtt_min_us>31549 rtt_max_us>31549 cwnd>139 cwnd_min>139 cwnd_max>139 throughput_kbps>320.445 goodput_kbps>0.000 retrans>0 total_retrans>0 bytes_acked>15004177
05:34:27.646905 TCPINFO flow>1 window>0.100 samples>582 rtt_avg_us>31612 rtt_min_us>31462 rtt_max_us>32368 cwnd>139 cwnd_min>138 cwnd_max>139 throughput_kbps>44952.876 goodput_kbps>30644.835 retrans>0 total_retrans>0 bytes_acked>15387609
05:34:27.770561 TCPINFO flow>1 window>0.124 samples>381 rtt_avg_us>31906 rtt_min_us>31386 rtt_max_us>32847 cwnd>135 cwnd_min>135 cwnd_max>139 throughput_kbps>43908.132 goodput_kbps>44858.899 retrans>0 total_retrans>0 bytes_acked>16080993
05:34:27.913227 TCPINFO flow>1 window>0.143 samples>531 rtt_avg_us>31677 rtt_min_us>31356 rtt_max_us>32415 cwnd>121 cwnd_min>121 cwnd_max>136 throughput_kbps>42028.009 goodput_kbps>42777.172 retrans>0 total_retrans>0 bytes_acked>16843849
05:34:28.046784 TCPINFO flow>1 window>0.134 samples>232 rtt_avg_us>31540 rtt_min_us>31335 rtt_max_us>32191 cwnd>107 cwnd_min>107 cwnd_max>121 throughput_kbps>30312.032 goodput_kbps>37211.977 retrans>0 total_retrans>0 bytes_acked>17465089
05:34:28.246754 TCPINFO flow>1 window>0.200 samples>3 rtt_avg_us>31621 rtt_min_us>31503 rtt_max_us>31856 cwnd>107 cwnd_min>107 cwnd_max>107 throughput_kbps>0.000 goodput_kbps>1591.599 retrans>0 total_retrans>0 bytes_acked>17504873
05:34:28.346758 TCPINFO flow>1 window>0.100 samples>2 rtt_avg_us>31503 rtt_min_us>31503 rtt_max_us>31503 cwnd>107 cwnd_min>107 cwnd_max>107 throughput_kbps>0.000 goodput_kbps>0.000 retrans>0 total_retrans>0 bytes_acked>17504873
05:34:28.546725 TCPINFO flow>1 window>0.200 samples>3 rtt_avg_us>31503 rtt_min_us>31503 rtt_max_us>31503 cwnd>107 cwnd_min>107 cwnd_max>107 throughput_kbps>0.000 goodput_kbps>0.000 retrans>0 total_retrans>0 bytes_acked>17504873
05:34:28.646734 TCPINFO flow>1 window>0.100 samples>2 rtt_avg_us>31503 rtt_min_us>31503 rtt_max_us>31503 cwnd>107 cwnd_min>107 cwnd_max>107 throughput_kbps>0.000 goodput_kbps>0.000 retrans>0 total_retrans>0 bytes_acked>17504873
05:34:28.846709 TCPINFO flow>1 window>0.200 samples>3 rtt_avg_us>31503 rtt_min_us>31503 rtt_max_us>31503 cwnd>107 cwnd_min>107 cwnd_max>107 throughput_kbps>0.000 goodput_kbps>0.000 retrans>0 total_retrans>0 bytes_acked>17504873
05:34:28.946730 TCPINFO flow>1 window>0.100 samples>2 rtt_avg_us>31503 rtt_min_us>31503 rtt_max_us>31503 cwnd>107 cwnd_min>107 cwnd_max>107 throughput_kbps>0.000 goodput_kbps>0.000 retrans>0 total_retrans>0 bytes_acked>17504873
05:34:29.146723 TCPINFO flow>1 window>0.200 samples>3 rtt_avg_us>31503 rtt_min_us>31503 rtt_max_us>31503 cwnd>107 cwnd_min>107 cwnd_max>107 throughput_kbps>0.000 goodput_kbps>0.000 retrans>0 total_retrans>0 bytes_acked>17504873
05:34:29.246731 TCPINFO flow>1 window>0.100 samples>2 rtt_avg_us>31503 rtt_min_us>31503 rtt_max_us>31503 cwnd>107 cwnd_min>107 cwnd_max>107 throughput_kbps>0.000 goodput_kbps>0.000 retrans>0 total_retrans>0 bytes_acked>17504873
05:34:29.446727 TCPINFO flow>1 window>0.200 samples>3 rtt_avg_us>31503 rtt_min_us>31503 rtt_max_us>31503 cwnd>107 cwnd_min>107 cwnd_max>107 throughput_kbps>0.000 goodput_kbps>0.000 retrans>0 total_retrans>0 bytes_acked>17504873
05:34:29.546744 TCPINFO flow>1 window>0.100 samples>9 rtt_avg_us>31503 rtt_min_us>31503 rtt_max_us>31503 cwnd>107 cwnd_min>107 cwnd_max>107 throughput_kbps>320.586 goodput_kbps>0.000 retrans>0 total_retrans>0 bytes_acked>17504873
05:34:29.646750 TCPINFO flow>1 window>0.100 samples>528 rtt_avg_us>31502 rtt_min_us>31305 rtt_max_us>31719 cwnd>104 cwnd_min>104 cwnd_max>107 throughput_kbps>34520.169 goodput_kbps>23725.936 retrans>0 total_retrans>0 bytes_acked>17801465
05:34:29.803409 TCPINFO flow>1 window>0.157 samples>376 rtt_avg_us>31821 rtt_min_us>31443 rtt_max_us>32534 cwnd>106 cwnd_min>104 cwnd_max>108 throughput_kbps>34453.431 goodput_kbps>34658.105 retrans>0 total_retrans>0 bytes_acked>18480153
05:34:29.946699 TCPINFO flow>1 window>0.143 samples>443 rtt_avg_us>31772 rtt_min_us>31509 rtt_max_us>32496 cwnd>110 cwnd_min>106 cwnd_max>110 throughput_kbps>35057.296 goodput_kbps>34908.116 retrans>0 total_retrans>0 bytes_acked>19105401
05:34:30.046705 TCPINFO flow>1 window>0.100 samples>376 rtt_avg_us>31822 rtt_min_us>31460 rtt_max_us>32946 cwnd>113 cwnd_min>110 cwnd_max>113 throughput_kbps>36016.399 goodput_kbps>35588.905 retrans>0 total_retrans>0 bytes_acked>19550289
05:34:30.146709 TCPINFO flow>1 window>0.100 samples>2 rtt_avg_us>31671 rtt_min_us>31670 rtt_max_us>31672 cwnd>114 cwnd_min>113 cwnd_max>114 throughput_kbps>24985.241 goodput_kbps>35696.492 retrans>0 total_retrans>0 bytes_acked>19996513
05:34:30.246710 TCPINFO flow>1 window>0.100 samples>2 rtt_avg_us>31849 rtt_min_us>31672 rtt_max_us>32026 cwnd>114 cwnd_min>114 cwnd_max>114 throughput_kbps>0.000 goodput_kbps>724.473 retrans>0 total_retrans>0 bytes_acked>20005569
05:34:30.346718 TCPINFO flow>1 window>0.100 samples>2 rtt_avg_us>32026 rtt_min_us>32026 rtt_max_us>32026 cwnd>114 cwnd_min>114 cwnd_max>114 throughput_kbps>0.000 goodput_kbps>0.000 retrans>0 total_retrans>0 bytes_acked>20005569
05:34:30.546262 ON flow>2 srcPort>40839 dst>fd00:6::2/5202 
05:34:30.546327 ON flow>8 srcPort>45679 dst>fd00:6::2/5401 
05:34:30.546699 TCPINFO flow>1 window>0.200 samples>3 rtt_avg_us>32026 rtt_min_us>32026 rtt_max_us>32026 cwnd>114 cwnd_min>114 cwnd_max>114 throughput_kbps>0.000 goodput_kbps>0.000 retrans>0 total_retrans>0 bytes_acked>20005569
05:34:30.578595 CONNECT flow>8 srcPort>45679 dst>fd00:6::2/5401 
05:34:30.578654 CONNECT flow>2 srcPort>40839 dst>fd00:6::2/5202 
05:34:30.685412 TCPINFO flow>8 window>0.107 samples>137 rtt_avg_us>32158 rtt_min_us>31964 rtt_max_us>32445 cwnd>60 cwnd_min>10 cwnd_max>60 throughput_kbps>9915.028 goodput_kbps>4915.834 retrans>0 total_retrans>0 bytes_acked>65577
05:34:30.691622 TCPINFO flow>2 window>0.113 samples>137 rtt_avg_us>32387 rtt_min_us>31305 rtt_max_us>33575 cwnd>24 cwnd_min>10 cwnd_max>39 throughput_kbps>7779.439 goodput_kbps>5795.097 retrans>0 total_retrans>0 bytes_acked>81609
05:34:30.746693 TCPINFO flow>1 window>0.200 samples>3 rtt_avg_us>32026 rtt_min_us>32026 rtt_max_us>32026 cwnd>114 cwnd_min>114 cwnd_max>114 throughput_kbps>0.000 goodput_kbps>0.000 retrans>0 total_retrans>0 bytes_acked>20005569
05:34:30.785463 TCPINFO flow>8 window>0.100 samples>790 rtt_avg_us>32537 rtt_min_us>31111 rtt_max_us>35592 cwnd>115 cwnd_min>60 cwnd_max>228 throughput_kbps>41768.778 goodput_kbps>40059.570 retrans>0 total_retrans>0 bytes_acked>566577
05:34:30.798907 TCPINFO flow>2 window>0.107 samples>73 rtt_avg_us>31322 rtt_min_us>31246 rtt_max_us>33537 cwnd>26 cwnd_min>24 cwnd_max>26 throughput_kbps>7571.310 goodput_kbps>7670.933 retrans>0 total_retrans>0 bytes_acked>184481
05:34:30.846694 TCPINFO flow>1 window>0.100 samples>2 rtt_avg_us>32026 rtt_min_us>32026 rtt_max_us>32026 cwnd>114 cwnd_min>114 cwnd_max>114 throughput_kbps>0.000 goodput_kbps>0.000 retrans>0 total_retrans>0 bytes_acked>20005569
05:34:30.891596 TCPINFO flow>8 window>0.106 samples>152 rtt_avg_us>36552 rtt_min_us>31458 rtt_max_us>36858 cwnd>111 cwnd_min>110 cwnd_max>115 throughput_kbps>35850.565 goodput_kbps>32124.523 retrans>0 total_retrans>0 bytes_acked>992761
05:34:30.924666 TCPINFO flow>2 window>0.126 samples>90 rtt_avg_us>33523 rtt_min_us>32726 rtt_max_us>33537 cwnd>30 cwnd_min>26 cwnd_max>30 throughput_kbps>8923.735 goodput_kbps>8413.807 retrans>0 total_retrans>0 bytes_acked>316745
05:34:31.010062 TCPINFO flow>8 window>0.118 samples>349 rtt_avg_us>31752 rtt_min_us>31482 rtt_max_us>32725 cwnd>107 cwnd_min>107 cwnd_max>112 throughput_kbps>33922.712 goodput_kbps>33922.712 retrans>0 total_retrans>0 bytes_acked>1495097
05:34:31.032524 TCPINFO flow>2 window>0.108 samples>89 rtt_avg_us>33016 rtt_min_us>32809 rtt_max_us>33081 cwnd>32 cwnd_min>29 cwnd_max>32 throughput_kbps>9909.325 goodput_kbps>9711.139 retrans>0 total_retrans>0 bytes_acked>447673
05:34:31.046696 TCPINFO flow>1 window>0.200 samples>3 rtt_avg_us>32026 rtt_min_us>32026 rtt_max_us>32026 cwnd>114 cwnd_min>114 cwnd_max>114 throughput_kbps>0.000 goodput_kbps>0.000 retrans>0 total_retrans>0 bytes_acked>20005569
05:34:31.124460 TCPINFO flow>8 window>0.114 samples>334 rtt_avg_us>31849 rtt_min_us>31542 rtt_max_us>32496 cwnd>100 cwnd_min>100 cwnd_max>107 throughput_kbps>32742.950 goodput_kbps>33540.726 retrans>0 total_retrans>0 bytes_acked>1974721
05:34:31.146294 TCPINFO flow>2 window>0.114 samples>156 rtt_avg_us>32769 rtt_min_us>32343 rtt_max_us>32952 cwnd>34 cwnd_min>32 cwnd_max>34 throughput_kbps>10251.701 goodput_kbps>9843.860 retrans>0 total_retrans>0 bytes_acked>587665
05:34:31.246295 TCPINFO flow>2 window>0.100 samples>89 rtt_avg_us>32774 rtt_min_us>32343 rtt_max_us>32851 cwnd>35 cwnd_min>34 cwnd_max>35 throughput_kbps>11142.289 goodput_kbps>11285.647 retrans>0 total_retrans>0 bytes_acked>728737
05:34:31.246349 TCPINFO flow>8 window>0.122 samples>355 rtt_avg_us>31757 rtt_min_us>31528 rtt_max_us>32338 cwnd>98 cwnd_min>98 cwnd_max>101 throughput_kbps>31587.034 goodput_kbps>31860.594 retrans>0 total_retrans>0 bytes_acked>2460153
05:34:31.246693 TCPINFO flow>1 window>0.200 samples>3 rtt_avg_us>32026 rtt_min_us>32026 rtt_max_us>32026 cwnd>114 cwnd_min>114 cwnd_max>114 throughput_kbps>0.000 goodput_kbps>0.000 retrans>0 total_retrans>0 bytes_acked>20005569
05:34:31.346492 TCPINFO flow>2 window>0.100 samples>92 rtt_avg_us>32737 rtt_min_us>32424 rtt_max_us>32926 cwnd>38 cwnd_min>35 cwnd_max>38 throughput_kbps>11627.015 goodput_kbps>11307.005 retrans>0 total_retrans>0 bytes_acked>870353
05:34:31.346529 TCPINFO flow>8 window>0.100 samples>311 rtt_avg_us>31699 rtt_min_us>31486 rtt_max_us>32233 cwnd>98 cwnd_min>98 cwnd_max>99 throughput_kbps>31472.949 goodput_kbps>31509.363 retrans>0 total_retrans>0 bytes_acked>2854729
05:34:31.346694 TCPINFO flow>1 window>0.100 samples>2 rtt_avg_us>32026 rtt_min_us>32026 rtt_max_us>32026 cwnd>114 cwnd_min>114 cwnd_max>114 throughput_kbps>0.000 goodput_kbps>0.000 retrans>0 total_retrans>0 bytes_acked>20005569
05:34:31.457973 TCPINFO flow>2 window>0.111 samples>69 rtt_avg_us>33046 rtt_min_us>32442 rtt_max_us>33519 cwnd>39 cwnd_min>38 cwnd_max>39 throughput_kbps>11735.524 goodput_kbps>11792.359 retrans>0 total_retrans>0 bytes_acked>1034681
05:34:31.486259 TCPINFO flow>8 window>0.140 samples>315 rtt_avg_us>33296 rtt_min_us>31660 rtt_max_us>36967 cwnd>93 cwnd_min>93 cwnd_max>98 throughput_kbps>29678.265 goodput_kbps>30137.207 retrans>0 total_retrans>0 bytes_acked>3381113
05:34:31.546142 TCPINFO flow>1 window>0.199 samples>3 rtt_avg_us>32026 rtt_min_us>32026 rtt_max_us>32026 cwnd>114 cwnd_min>114 cwnd_max>114 throughput_kbps>53.588 goodput_kbps>0.000 retrans>0 total_retrans>0 bytes_acked>20005569
05:34:31.599707 TCPINFO flow>2 window>0.142 samples>144 rtt_avg_us>32368 rtt_min_us>32221 rtt_max_us>34396 cwnd>40 cwnd_min>39 cwnd_max>40 throughput_kbps>12230.686 goodput_kbps>11884.347 retrans>0 total_retrans>0 bytes_acked>1245233
05:34:31.611862 TCPINFO flow>8 window>0.126 samples>311 rtt_avg_us>31965 rtt_min_us>31632 rtt_max_us>36271 cwnd>92 cwnd_min>92 cwnd_max>95 throughput_kbps>29120.324 goodput_kbps>28750.906 retrans>0 total_retrans>0 bytes_acked>3832513
05:34:31.646694 TCPINFO flow>1 window>0.101 samples>442 rtt_avg_us>32306 rtt_min_us>32026 rtt_max_us>35291 cwnd>107 cwnd_min>107 cwnd_max>114 throughput_kbps>34175.511 goodput_kbps>23227.305 retrans>0 total_retrans>0 bytes_acked>20297513
05:34:31.739379 TCPINFO flow>8 window>0.128 samples>311 rtt_avg_us>35350 rtt_min_us>33171 rtt_max_us>36371 cwnd>70 cwnd_min>70 cwnd_max>92 throughput_kbps>25312.515 goodput_kbps>27017.449 retrans>0 total_retrans>0 bytes_acked>4263161
05:34:31.746294 TCPINFO flow>2 window>0.147 samples>178 rtt_avg_us>34018 rtt_min_us>32913 rtt_max_us>35566 cwnd>30 cwnd_min>30 cwnd_max>40 throughput_kbps>10650.440 goodput_kbps>11306.651 retrans>0 total_retrans>0 bytes_acked>1452409
05:34:31.746739 TCPINFO flow>1 window>0.100 samples>328 rtt_avg_us>33489 rtt_min_us>32022 rtt_max_us>35630 cwnd>83 cwnd_min>83 cwnd_max>107 throughput_kbps>29271.948 goodput_kbps>31835.914 retrans>0 total_retrans>0 bytes_acked>20695641
05:34:31.846353 TCPINFO flow>8 window>0.107 samples>314 rtt_avg_us>32468 rtt_min_us>32092 rtt_max_us>33171 cwnd>56 cwnd_min>56 cwnd_max>70 throughput_kbps>19882.514 goodput_kbps>21880.756 retrans>0 total_retrans>0 bytes_acked>4555745
05:34:31.846839 TCPINFO flow>1 window>0.100 samples>320 rtt_avg_us>32199 rtt_min_us>31721 rtt_max_us>32626 cwnd>70 cwnd_min>69 cwnd_max>84 throughput_kbps>24213.227 goodput_kbps>26266.214 retrans>0 total_retrans>0 bytes_acked>21024297
05:34:31.893725 TCPINFO flow>2 window>0.147 samples>90 rtt_avg_us>33208 rtt_min_us>32733 rtt_max_us>33375 cwnd>24 cwnd_min>24 cwnd_max>31 throughput_kbps>8554.402 goodput_kbps>9061.866 retrans>0 total_retrans>0 bytes_acked>1619409
05:34:31.946842 TCPINFO flow>1 window>0.100 samples>58 rtt_avg_us>31897 rtt_min_us>31860 rtt_max_us>32041 cwnd>55 cwnd_min>55 cwnd_max>70 throughput_kbps>19210.944 goodput_kbps>20350.749 retrans>0 total_retrans>0 bytes_acked>21278689
05:34:32.028109 TCPINFO flow>2 window>0.134 samples>90 rtt_avg_us>32708 rtt_min_us>32665 rtt_max_us>32925 cwnd>25 cwnd_min>23 cwnd_max>25 throughput_kbps>7555.661 goodput_kbps>7555.661 retrans>0 total_retrans>0 bytes_acked>1746329
05:34:32.046339 TCPINFO flow>8 window>0.200 samples>312 rtt_avg_us>32106 rtt_min_us>31863 rtt_max_us>32638 cwnd>55 cwnd_min>52 cwnd_max>56 throughput_kbps>16656.206 goodput_kbps>16654.926 retrans>0 total_retrans>0 bytes_acked>4972089
05:34:32.092053 TCPINFO flow>1 window>0.145 samples>220 rtt_avg_us>31950 rtt_min_us>31806 rtt_max_us>32388 cwnd>51 cwnd_min>51 cwnd_max>55 throughput_kbps>17223.158 goodput_kbps>17231.091 retrans>0 total_retrans>0 bytes_acked>21591457
05:34:32.146296 TCPINFO flow>2 window>0.118 samples>89 rtt_avg_us>32886 rtt_min_us>32822 rtt_max_us>32939 cwnd>29 cwnd_min>25 cwnd_max>29 throughput_kbps>8591.131 goodput_kbps>8138.966 retrans>0 total_retrans>0 bytes_acked>1866569
05:34:32.146341 TCPINFO flow>8 window>0.100 samples>213 rtt_avg_us>32160 rtt_min_us>31896 rtt_max_us>32589 cwnd>50 cwnd_min>50 cwnd_max>55 throughput_kbps>15770.565 goodput_kbps>15843.523 retrans>0 total_retrans>0 bytes_acked>5170137
05:34:32.219470 TCPINFO flow>1 window>0.127 samples>179 rtt_avg_us>32309 rtt_min_us>32056 rtt_max_us>32728 cwnd>48 cwnd_min>48 cwnd_max>51 throughput_kbps>15602.063 goodput_kbps>16021.473 retrans>0 total_retrans>0 bytes_acked>21846633
05:34:32.246349 TCPINFO flow>8 window>0.100 samples>56 rtt_avg_us>32624 rtt_min_us>32508 rtt_max_us>33463 cwnd>50 cwnd_min>50 cwnd_max>51 throughput_kbps>16244.460 goodput_kbps>16494.680 retrans>0 total_retrans>0 bytes_acked>5376337
05:34:32.260551 TCPINFO flow>2 window>0.114 samples>91 rtt_avg_us>32856 rtt_min_us>32781 rtt_max_us>34353 cwnd>30 cwnd_min>29 cwnd_max>30 throughput_kbps>9073.879 goodput_kbps>9541.604 retrans>0 total_retrans>0 bytes_acked>2002841
05:34:32.346352 TCPINFO flow>8 window>0.100 samples>167 rtt_avg_us>32230 rtt_min_us>32091 rtt_max_us>33463 cwnd>47 cwnd_min>47 cwnd_max>50 throughput_kbps>14214.614 goodput_kbps>14428.367 retrans>0 total_retrans>0 bytes_acked>5556697
05:34:32.346693 TCPINFO flow>1 window>0.127 samples>189 rtt_avg_us>32498 rtt_min_us>32133 rtt_max_us>32840 cwnd>46 cwnd_min>46 cwnd_max>49 throughput_kbps>14281.694 goodput_kbps>14365.704 retrans>0 total_retrans>0 bytes_acked>22075089
05:34:32.379264 TCPINFO flow>2 window>0.119 samples>89 rtt_avg_us>34065 rtt_min_us>32415 rtt_max_us>34353 cwnd>32 cwnd_min>30 cwnd_max>32 throughput_kbps>9453.388 goodput_kbps>9003.226 retrans>0 total_retrans>0 bytes_acked>2136441
05:34:32.446695 TCPINFO flow>1 window>0.100 samples>2 rtt_avg_us>32587 rtt_min_us>32133 rtt_max_us>33041 cwnd>48 cwnd_min>46 cwnd_max>48 throughput_kbps>15283.534 goodput_kbps>14962.901 retrans>0 total_retrans>0 bytes_acked>22262129
05:34:32.480474 TCPINFO flow>2 window>0.101 samples>90 rtt_avg_us>32390 rtt_min_us>32351 rtt_max_us>33032 cwnd>33 cwnd_min>32 cwnd_max>34 throughput_kbps>10349.017 goodput_kbps>10137.812 retrans>0 total_retrans>0 bytes_acked>2264697
05:34:32.528321 TCPINFO flow>8 window>0.182 samples>103 rtt_avg_us>32084 rtt_min_us>31989 rtt_max_us>33114 cwnd>47 cwnd_min>47 cwnd_max>47 throughput_kbps>15388.643 goodput_kbps>15506.114 retrans>0 total_retrans>0 bytes_acked>5909401
05:34:32.546696 TCPINFO flow>1 window>0.100 samples>2 rtt_avg_us>32768 rtt_min_us>32495 rtt_max_us>33041 cwnd>47 cwnd_min>47 cwnd_max>48 throughput_kbps>14507.375 goodput_kbps>15390.566 retrans>0 total_retrans>0 bytes_acked>22454513
05:34:32.623424 TCPINFO flow>2 window>0.143 samples>123 rtt_avg_us>32851 rtt_min_us>32713 rtt_max_us>33867 cwnd>35 cwnd_min>33 cwnd_max>35 throughput_kbps>9644.995 goodput_kbps>9869.297 retrans>0 total_retrans>0 bytes_acked>2441049
05:34:32.646349 TCPINFO flow>8 window>0.118 samples>301 rtt_avg_us>32273 rtt_min_us>32047 rtt_max_us>32575 cwnd>50 cwnd_min>47 cwnd_max>50 throughput_kbps>14217.101 goodput_kbps>13583.218 retrans>0 total_retrans>0 bytes_acked>6109801
05:34:32.723461 TCPINFO flow>2 window>0.100 samples>145 rtt_avg_us>33223 rtt_min_us>32372 rtt_max_us>33867 cwnd>38 cwnd_min>35 cwnd_max>38 throughput_kbps>11930.306 goodput_kbps>11075.582 retrans>0 total_retrans>0 bytes_acked>2579545
05:34:32.746354 TCPINFO flow>8 window>0.100 samples>2 rtt_avg_us>32160 rtt_min_us>31867 rtt_max_us>32454 cwnd>53 cwnd_min>50 cwnd_max>53 throughput_kbps>17206.820 goodput_kbps>16886.196 retrans>0 total_retrans>0 bytes_acked>6320889
05:34:32.746698 TCPINFO flow>1 window>0.200 samples>3 rtt_avg_us>34339 rtt_min_us>32495 rtt_max_us>35261 cwnd>48 cwnd_min>47 cwnd_max>48 throughput_kbps>0.000 goodput_kbps>2070.059 retrans>0 total_retrans>0 bytes_acked>22506265
05:34:32.846313 TCPINFO flow>2 window>0.123 samples>85 rtt_avg_us>32342 rtt_min_us>32217 rtt_max_us>32393 cwnd>42 cwnd_min>38 cwnd_max>42 throughput_kbps>12962.850 goodput_kbps>12527.855 retrans>0 total_retrans>0 bytes_acked>2771929
05:34:32.846355 TCPINFO flow>8 window>0.100 samples>311 rtt_avg_us>32368 rtt_min_us>31867 rtt_max_us>32673 cwnd>56 cwnd_min>53 cwnd_max>56 throughput_kbps>17528.145 goodput_kbps>17528.145 retrans>0 total_retrans>0 bytes_acked>6539993
05:34:32.846715 TCPINFO flow>1 window>0.100 samples>2 rtt_avg_us>35261 rtt_min_us>35261 rtt_max_us>35261 cwnd>48 cwnd_min>48 cwnd_max>48 throughput_kbps>0.000 goodput_kbps>0.000 retrans>0 total_retrans>0 bytes_acked>22506265
05:34:32.946360 TCPINFO flow>2 window>0.100 samples>118 rtt_avg_us>32376 rtt_min_us>32217 rtt_max_us>32518 cwnd>45 cwnd_min>42 cwnd_max>45 throughput_kbps>13781.043 goodput_kbps>13674.213 retrans>0 total_retrans>0 bytes_acked>2942937
05:34:32.963990 TCPINFO flow>8 window>0.118 samples>3 rtt_avg_us>32018 rtt_min_us>31981 rtt_max_us>32054 cwnd>60 cwnd_min>56 cwnd_max>60 throughput_kbps>17874.952 goodput_kbps>17898.891 retrans>0 total_retrans>0 bytes_acked>6803185
05:34:33.046361 TCPINFO flow>2 window>0.100 samples>141 rtt_avg_us>32338 rtt_min_us>32237 rtt_max_us>32459 cwnd>48 cwnd_min>45 cwnd_max>48 throughput_kbps>14749.293 goodput_kbps>14108.019 retrans>0 total_retrans>0 bytes_acked>3119289
05:34:33.046698 TCPINFO flow>1 window>0.200 samples>3 rtt_avg_us>35261 rtt_min_us>35261 rtt_max_us>35261 cwnd>48 cwnd_min>48 cwnd_max>48 throughput_kbps>0.000 goodput_kbps>0.000 retrans>0 total_retrans>0 bytes_acked>22506265
05:34:33.124152 TCPINFO flow>8 window>0.160 samples>267 rtt_avg_us>32050 rtt_min_us>31709 rtt_max_us>32450 cwnd>63 cwnd_min>60 cwnd_max>63 throughput_kbps>20219.927 goodput_kbps>19601.753 retrans>0 total_retrans>0 bytes_acked>7195617
05:34:33.161664 TCPINFO flow>2 window>0.115 samples>135 rtt_avg_us>32178 rtt_min_us>32036 rtt_max_us>32550 cwnd>50 cwnd_min>48 cwnd_max>50 throughput_kbps>15943.523 goodput_kbps>15758.133 retrans>0 total_retrans>0 bytes_acked>3346409
05:34:33.246351 TCPINFO flow>8 window>0.122 samples>311 rtt_avg_us>31947 rtt_min_us>31709 rtt_max_us>32313 cwnd>66 cwnd_min>63 cwnd_max>66 throughput_kbps>20816.406 goodput_kbps>20903.870 retrans>0 total_retrans>0 bytes_acked>7514921
05:34:33.246695 TCPINFO flow>1 window>0.200 samples>3 rtt_avg_us>35261 rtt_min_us>35261 rtt_max_us>35261 cwnd>48 cwnd_min>48 cwnd_max>48 throughput_kbps>0.000 goodput_kbps>0.000 retrans>0 total_retrans>0 bytes_acked>22506265
05:34:33.303547 TCPINFO flow>2 window>0.142 samples>207 rtt_avg_us>32468 rtt_min_us>32084 rtt_max_us>32889 cwnd>54 cwnd_min>50 cwnd_max>54 throughput_kbps>16647.858 goodput_kbps>16421.869 retrans>0 total_retrans>0 bytes_acked>3637657
05:34:33.346700 TCPINFO flow>1 window>0.100 samples>2 rtt_avg_us>35261 rtt_min_us>35261 rtt_max_us>35261 cwnd>48 cwnd_min>48 cwnd_max>48 throughput_kbps>0.000 goodput_kbps>0.000 retrans>0 total_retrans>0 bytes_acked>22506265
05:34:33.407846 TCPINFO flow>2 window>0.104 samples>168 rtt_avg_us>32235 rtt_min_us>31995 rtt_max_us>32450 cwnd>57 cwnd_min>54 cwnd_max>57 throughput_kbps>17851.446 goodput_kbps>17953.921 retrans>0 total_retrans>0 bytes_acked>3871729
05:34:33.446363 TCPINFO flow>8 window>0.200 samples>291 rtt_avg_us>32009 rtt_min_us>31754 rtt_max_us>32440 cwnd>70 cwnd_min>66 cwnd_max>70 throughput_kbps>22069.396 goodput_kbps>21909.085 retrans>0 total_retrans>0 bytes_acked>8062681
05:34:33.527787 TCPINFO flow>2 window>0.120 samples>194 rtt_avg_us>32021 rtt_min_us>31911 rtt_max_us>32654 cwnd>60 cwnd_min>57 cwnd_max>60 throughput_kbps>18619.821 goodput_kbps>18356.759 retrans>0 total_retrans>0 bytes_acked>4146945
05:34:33.546153 TCPINFO flow>1 window>0.199 samples>3 rtt_avg_us>35261 rtt_min_us>35261 rtt_max_us>35261 cwnd>48 cwnd_min>48 cwnd_max>48 throughput_kbps>53.587 goodput_kbps>0.000 retrans>0 total_retrans>0 bytes_acked>22506265
05:34:33.587005 TCPINFO flow>8 window>0.141 samples>273 rtt_avg_us>31936 rtt_min_us>31764 rtt_max_us>32394 cwnd>71 cwnd_min>70 cwnd_max>71 throughput_kbps>22643.592 goodput_kbps>22587.165 retrans>0 total_retrans>0 bytes_acked>8459769
05:34:33.636179 TCPINFO flow>2 window>0.108 samples>178 rtt_avg_us>31999 rtt_min_us>31852 rtt_max_us>32497 cwnd>61 cwnd_min>59 cwnd_max>61 throughput_kbps>19080.375 goodput_kbps>18927.449 retrans>0 total_retrans>0 bytes_acked>4403393
05:34:33.646699 TCPINFO flow>1 window>0.101 samples>443 rtt_avg_us>34596 rtt_min_us>31823 rtt_max_us>35261 cwnd>46 cwnd_min>46 cwnd_max>49 throughput_kbps>15094.544 goodput_kbps>10311.062 retrans>0 total_retrans>0 bytes_acked>22635857
05:34:33.726841 TCPINFO flow>8 window>0.140 samples>273 rtt_avg_us>32088 rtt_min_us>31817 rtt_max_us>32536 cwnd>69 cwnd_min>69 cwnd_max>72 throughput_kbps>22088.961 goodput_kbps>22375.011 retrans>0 total_retrans>0 bytes_acked>8850873
05:34:33.746296 TCPINFO flow>2 window>0.110 samples>181 rtt_avg_us>32357 rtt_min_us>31879 rtt_max_us>32613 cwnd>60 cwnd_min>60 cwnd_max>61 throughput_kbps>19034.300 goodput_kbps>18694.879 retrans>0 total_retrans>0 bytes_acked>4660721
05:34:33.846345 TCPINFO flow>8 window>0.120 samples>278 rtt_avg_us>31989 rtt_min_us>31702 rtt_max_us>32444 cwnd>65 cwnd_min>65 cwnd_max>69 throughput_kbps>21098.942 goodput_kbps>21277.815 retrans>0 total_retrans>0 bytes_acked>9168721
05:34:33.846727 TCPINFO flow>1 window>0.200 samples>179 rtt_avg_us>32954 rtt_min_us>32142 rtt_max_us>33372 cwnd>40 cwnd_min>40 cwnd_max>46 throughput_kbps>13678.725 goodput_kbps>14052.753 retrans>0 total_retrans>0 bytes_acked>22987225
05:34:33.946299 TCPINFO flow>2 window>0.200 samples>142 rtt_avg_us>32057 rtt_min_us>31785 rtt_max_us>32357 cwnd>57 cwnd_min>57 cwnd_max>60 throughput_kbps>10473.763 goodput_kbps>13626.676 retrans>0 total_retrans>0 bytes_acked>5001393
05:34:34.017661 TCPINFO flow>1 window>0.171 samples>179 rtt_avg_us>32281 rtt_min_us>32160 rtt_max_us>32453 cwnd>43 cwnd_min>40 cwnd_max>43 throughput_kbps>13066.283 goodput_kbps>13003.756 retrans>0 total_retrans>0 bytes_acked>23265073
05:34:34.046299 TCPINFO flow>2 window>0.100 samples>2 rtt_avg_us>32208 rtt_min_us>32208 rtt_max_us>32208 cwnd>57 cwnd_min>57 cwnd_max>57 throughput_kbps>0.000 goodput_kbps>0.000 retrans>0 total_retrans>0 bytes_acked>5001393
05:34:34.046348 TCPINFO flow>8 window>0.200 samples>312 rtt_avg_us>32070 rtt_min_us>31740 rtt_max_us>32552 cwnd>69 cwnd_min>65 cwnd_max>69 throughput_kbps>21396.159 goodput_kbps>21161.923 retrans>0 total_retrans>0 bytes_acked>9697777
05:34:34.060943 SHUTDOWN flow>8 srcPort>45679 dst>fd00:6::2/5401 
05:34:34.146306 TCPINFO flow>2 window>0.100 samples>2 rtt_avg_us>32208 rtt_min_us>32208 rtt_max_us>32208 cwnd>57 cwnd_min>57 cwnd_max>57 throughput_kbps>0.000 goodput_kbps>0.000 retrans>0 total_retrans>0 bytes_acked>5001393
05:34:34.146696 TCPINFO flow>1 window>0.129 samples>178 rtt_avg_us>32196 rtt_min_us>32065 rtt_max_us>32461 cwnd>45 cwnd_min>43 cwnd_max>45 throughput_kbps>13418.499 goodput_kbps>13004.348 retrans>0 total_retrans>0 bytes_acked>23474825
05:34:34.246703 TCPINFO flow>1 window>0.100 samples>178 rtt_avg_us>32345 rtt_min_us>31896 rtt_max_us>32685 cwnd>48 cwnd_min>45 cwnd_max>48 throughput_kbps>15389.643 goodput_kbps>15069.025 retrans>0 total_retrans>0 bytes_acked>23663201
05:34:34.330425 OFF flow>8 srcPort>45679 dst>fd00:6::2/5401 
05:34:34.346296 TCPINFO flow>2 window>0.200 samples>3 rtt_avg_us>32208 rtt_min_us>32208 rtt_max_us>32208 cwnd>57 cwnd_min>57 cwnd_max>57 throughput_kbps>0.000 goodput_kbps>0.000 retrans>0 total_retrans>0 bytes_acked>5001393
05:34:34.432181 TCPINFO flow>1 window>0.185 samples>179 rtt_avg_us>32222 rtt_min_us>31845 rtt_max_us>32496 cwnd>54 cwnd_min>48 cwnd_max>54 throughput_kbps>16480.488 goodput_kbps>16365.240 retrans>0 total_retrans>0 bytes_acked>24042625
05:34:34.446297 TCPINFO flow>2 window>0.100 samples>2 rtt_avg_us>32208 rtt_min_us>32208 rtt_max_us>32208 cwnd>57 cwnd_min>57 cwnd_max>57 throughput_kbps>0.000 goodput_kbps>0.000 retrans>0 total_retrans>0 bytes_acked>5001393
05:34:34.546380 TCPINFO flow>2 window>0.100 samples>5 rtt_avg_us>32208 rtt_min_us>32208 rtt_max_us>32208 cwnd>57 cwnd_min>57 cwnd_max>57 throughput_kbps>106.791 goodput_kbps>0.000 retrans>0 total_retrans>0 bytes_acked>5001393
05:34:34.546697 TCPINFO flow>1 window>0.115 samples>178 rtt_avg_us>32028 rtt_min_us>31820 rtt_max_us>32383 cwnd>57 cwnd_min>54 cwnd_max>57 throughput_kbps>18106.396 goodput_kbps>17546.404 retrans>0 total_retrans>0 bytes_acked>24293793
05:34:34.668272 TCPINFO flow>1 window>0.122 samples>190 rtt_avg_us>32465 rtt_min_us>31985 rtt_max_us>33008 cwnd>60 cwnd_min>57 cwnd_max>60 throughput_kbps>18725.429 goodput_kbps>18725.429 retrans>0 total_retrans>0 bytes_acked>24578361
05:34:34.682234 TCPINFO flow>2 window>0.136 samples>258 rtt_avg_us>32315 rtt_min_us>32208 rtt_max_us>32687 cwnd>59 cwnd_min>57 cwnd_max>59 throughput_kbps>18435.791 goodput_kbps>14160.614 retrans>0 total_retrans>0 bytes_acked>5241865
05:34:34.790189 TCPINFO flow>2 window>0.108 samples>184 rtt_avg_us>32052 rtt_min_us>31785 rtt_max_us>32418 cwnd>62 cwnd_min>59 cwnd_max>62 throughput_kbps>19701.839 goodput_kbps>19537.622 retrans>0 total_retrans>0 bytes_acked>5505513
05:34:34.846693 TCPINFO flow>1 window>0.178 samples>37 rtt_avg_us>32074 rtt_min_us>31852 rtt_max_us>32162 cwnd>65 cwnd_min>60 cwnd_max>65 throughput_kbps>15862.886 goodput_kbps>19217.469 retrans>0 total_retrans>0 bytes_acked>25006961
05:34:34.892195 TCPINFO flow>2 window>0.102 samples>181 rtt_avg_us>31870 rtt_min_us>31728 rtt_max_us>32018 cwnd>65 cwnd_min>62 cwnd_max>65 throughput_kbps>20746.074 goodput_kbps>20326.961 retrans>0 total_retrans>0 bytes_acked>5764697
05:34:34.992288 TCPINFO flow>2 window>0.100 samples>194 rtt_avg_us>31816 rtt_min_us>31662 rtt_max_us>32139 cwnd>68 cwnd_min>65 cwnd_max>68 throughput_kbps>21676.481 goodput_kbps>21249.358 retrans>0 total_retrans>0 bytes_acked>6030561
05:34:35.046685 TCPINFO flow>1 window>0.200 samples>3 rtt_avg_us>31889 rtt_min_us>31889 rtt_max_us>31889 cwnd>65 cwnd_min>65 cwnd_max>65 throughput_kbps>0.000 goodput_kbps>0.000 retrans>0 total_retrans>0 bytes_acked>25006961
05:34:35.126682 TCPINFO flow>2 window>0.134 samples>262 rtt_avg_us>31830 rtt_min_us>31614 rtt_max_us>32370 cwnd>72 cwnd_min>68 cwnd_max>72 throughput_kbps>23062.934 goodput_kbps>22585.770 retrans>0 total_retrans>0 bytes_acked>6409985
05:34:35.246286 TCPINFO flow>2 window>0.120 samples>268 rtt_avg_us>31954 rtt_min_us>31660 rtt_max_us>32356 cwnd>76 cwnd_min>72 cwnd_max>76 throughput_kbps>24216.983 goodput_kbps>23859.536 retrans>0 total_retrans>0 bytes_acked>6766697
05:34:35.246685 TCPINFO flow>1 window>0.200 samples>3 rtt_avg_us>31889 rtt_min_us>31889 rtt_max_us>31889 cwnd>65 cwnd_min>65 cwnd_max>65 throughput_kbps>0.000 goodput_kbps>0.000 retrans>0 total_retrans>0 bytes_acked>25006961
05:34:35.372581 TCPINFO flow>2 window>0.126 samples>267 rtt_avg_us>31759 rtt_min_us>31579 rtt_max_us>32292 cwnd>80 cwnd_min>76 cwnd_max>80 throughput_kbps>25049.669 goodput_kbps>25049.669 retrans>0 total_retrans>0 bytes_acked>7162153
05:34:35.446718 TCPINFO flow>1 window>0.200 samples>3 rtt_avg_us>31889 rtt_min_us>31889 rtt_max_us>31889 cwnd>65 cwnd_min>65 cwnd_max>65 throughput_kbps>0.000 goodput_kbps>0.000 retrans>0 total_retrans>0 bytes_acked>25006961
05:34:35.546290 TCPINFO flow>2 window>0.174 samples>114 rtt_avg_us>31906 rtt_min_us>31626 rtt_max_us>32292 cwnd>83 cwnd_min>80 cwnd_max>83 throughput_kbps>11040.810 goodput_kbps>15655.424 retrans>0 total_retrans>0 bytes_acked>7502089
05:34:35.546776 TCPINFO flow>1 window>0.100 samples>9 rtt_avg_us>31889 rtt_min_us>31889 rtt_max_us>31889 cwnd>65 cwnd_min>65 cwnd_max>65 throughput_kbps>213.636 goodput_kbps>0.000 retrans>0 total_retrans>0 bytes_acked>25006961
05:34:35.646296 TCPINFO flow>2 window>0.100 samples>2 rtt_avg_us>32027 rtt_min_us>32027 rtt_max_us>32027 cwnd>83 cwnd_min>83 cwnd_max>83 throughput_kbps>0.000 goodput_kbps>0.000 retrans>0 total_retrans>0 bytes_acked>7502089
05:34:35.683478 TCPINFO flow>1 window>0.137 samples>450 rtt_avg_us>31774 rtt_min_us>31356 rtt_max_us>32162 cwnd>68 cwnd_min>65 cwnd_max>68 throughput_kbps>21500.783 goodput_kbps>16731.518 retrans>0 total_retrans>0 bytes_acked>25292865
05:34:35.746298 TCPINFO flow>2 window>0.100 samples>2 rtt_avg_us>32027 rtt_min_us>32027 rtt_max_us>32027 cwnd>83 cwnd_min>83 cwnd_max>83 throughput_kbps>0.000 goodput_kbps>0.000 retrans>0 total_retrans>0 bytes_acked>7502089
05:34:35.802022 TCPINFO flow>1 window>0.119 samples>223 rtt_avg_us>31953 rtt_min_us>31726 rtt_max_us>32256 cwnd>71 cwnd_min>68 cwnd_max>71 throughput_kbps>22449.993 goodput_kbps>21909.030 retrans>0 total_retrans>0 bytes_acked>25617513
05:34:35.909933 TCPINFO flow>1 window>0.108 samples>222 rtt_avg_us>31892 rtt_min_us>31678 rtt_max_us>32297 cwnd>75 cwnd_min>71 cwnd_max>75 throughput_kbps>23770.700 goodput_kbps>23770.700 retrans>0 total_retrans>0 bytes_acked>25938153
05:34:35.946295 TCPINFO flow>2 window>0.200 samples>3 rtt_avg_us>32027 rtt_min_us>32027 rtt_max_us>32027 cwnd>83 cwnd_min>83 cwnd_max>83 throughput_kbps>0.000 goodput_kbps>0.000 retrans>0 total_retrans>0 bytes_acked>7502089
05:34:36.017253 TCPINFO flow>1 window>0.107 samples>223 rtt_avg_us>32256 rtt_min_us>31623 rtt_max_us>33940 cwnd>78 cwnd_min>75 cwnd_max>78 throughput_kbps>24499.143 goodput_kbps>24100.783 retrans>0 total_retrans>0 bytes_acked>26261465
05:34:36.046399 TCPINFO flow>2 window>0.100 samples>2 rtt_avg_us>32027 rtt_min_us>32027 rtt_max_us>32027 cwnd>83 cwnd_min>83 cwnd_max>83 throughput_kbps>0.000 goodput_kbps>0.000 retrans>0 total_retrans>0 bytes_acked>7502089
05:34:36.118717 TCPINFO flow>1 window>0.101 samples>222 rtt_avg_us>31924 rtt_min_us>31688 rtt_max_us>32453 cwnd>81 cwnd_min>78 cwnd_max>81 throughput_kbps>25807.774 goodput_kbps>25491.761 retrans>0 total_retrans>0 bytes_acked>26584777
05:34:36.218726 TCPINFO flow>1 window>0.100 samples>223 rtt_avg_us>31732 rtt_min_us>31635 rtt_max_us>32021 cwnd>84 cwnd_min>81 cwnd_max>84 throughput_kbps>26076.373 goodput_kbps>25969.503 retrans>0 total_retrans>0 bytes_acked>26909425
05:34:36.246313 TCPINFO flow>2 window>0.200 samples>3 rtt_avg_us>32027 rtt_min_us>32027 rtt_max_us>32027 cwnd>83 cwnd_min>83 cwnd_max>83 throughput_kbps>0.000 goodput_kbps>0.000 retrans>0 total_retrans>0 bytes_acked>7502089
05:34:36.346317 TCPINFO flow>2 window>0.100 samples>2 rtt_avg_us>32027 rtt_min_us>32027 rtt_max_us>32027 cwnd>83 cwnd_min>83 cwnd_max>83 throughput_kbps>0.000 goodput_kbps>0.000 retrans>0 total_retrans>0 bytes_acked>7502089
05:34:36.346712 TCPINFO flow>1 window>0.128 samples>166 rtt_avg_us>31741 rtt_min_us>31596 rtt_max_us>32097 cwnd>88 cwnd_min>84 cwnd_max>88 throughput_kbps>27975.560 goodput_kbps>27641.523 retrans>0 total_retrans>0 bytes_acked>27351641
05:34:36.546182 TCPINFO flow>2 window>0.200 samples>3 rtt_avg_us>32027 rtt_min_us>32027 rtt_max_us>32027 cwnd>83 cwnd_min>83 cwnd_max>83 throughput_kbps>53.476 goodput_kbps>0.000 retrans>0 total_retrans>0 bytes_acked>7502089
05:34:36.546694 TCPINFO flow>1 window>0.200 samples>3 rtt_avg_us>31875 rtt_min_us>31843 rtt_max_us>31891 cwnd>89 cwnd_min>88 cwnd_max>89 throughput_kbps>1912.172 goodput_kbps>6241.202 retrans>0 total_retrans>0 bytes_acked>27507657
05:34:36.646295 TCPINFO flow>2 window>0.100 samples>370 rtt_avg_us>31946 rtt_min_us>31523 rtt_max_us>32257 cwnd>85 cwnd_min>83 cwnd_max>85 throughput_kbps>27223.637 goodput_kbps>18255.851 retrans>0 total_retrans>0 bytes_acked>7730545
05:34:36.646718 TCPINFO flow>1 window>0.100 samples>2 rtt_avg_us>31891 rtt_min_us>31891 rtt_max_us>31891 cwnd>89 cwnd_min>89 cwnd_max>89 throughput_kbps>0.000 goodput_kbps>0.000 retrans>0 total_retrans>0 bytes_acked>27507657
05:34:36.746337 TCPINFO flow>2 window>0.100 samples>249 rtt_avg_us>31869 rtt_min_us>31633 rtt_max_us>32400 cwnd>88 cwnd_min>85 cwnd_max>88 throughput_kbps>28204.474 goodput_kbps>28097.639 retrans>0 total_retrans>0 bytes_acked>8081913
05:34:36.846357 TCPINFO flow>2 window>0.100 samples>226 rtt_avg_us>31788 rtt_min_us>31625 rtt_max_us>32213 cwnd>91 cwnd_min>88 cwnd_max>91 throughput_kbps>28958.688 goodput_kbps>29172.406 retrans>0 total_retrans>0 bytes_acked>8446641
05:34:36.846694 TCPINFO flow>1 window>0.200 samples>3 rtt_avg_us>31891 rtt_min_us>31891 rtt_max_us>31891 cwnd>89 cwnd_min>89 cwnd_max>89 throughput_kbps>0.000 goodput_kbps>0.000 retrans>0 total_retrans>0 bytes_acked>27507657
05:34:36.946483 TCPINFO flow>2 window>0.100 samples>259 rtt_avg_us>31748 rtt_min_us>31524 rtt_max_us>32647 cwnd>94 cwnd_min>91 cwnd_max>94 throughput_kbps>27967.321 goodput_kbps>29461.758 retrans>0 total_retrans>0 bytes_acked>8815377
05:34:37.046699 TCPINFO flow>1 window>0.200 samples>3 rtt_avg_us>31891 rtt_min_us>31891 rtt_max_us>31891 cwnd>89 cwnd_min>89 cwnd_max>89 throughput_kbps>0.000 goodput_kbps>0.000 retrans>0 total_retrans>0 bytes_acked>27507657
05:34:37.048712 TCPINFO flow>2 window>0.102 samples>199 rtt_avg_us>31767 rtt_min_us>31532 rtt_max_us>32083 cwnd>96 cwnd_min>94 cwnd_max>96 throughput_kbps>30319.381 goodput_kbps>28123.840 retrans>0 total_retrans>0 bytes_acked>9174761
05:34:37.146704 TCPINFO flow>1 window>0.100 samples>2 rtt_avg_us>31891 rtt_min_us>31891 rtt_max_us>31891 cwnd>89 cwnd_min>89 cwnd_max>89 throughput_kbps>0.000 goodput_kbps>0.000 retrans>0 total_retrans>0 bytes_acked>27507657
05:34:37.175285 TCPINFO flow>2 window>0.127 samples>354 rtt_avg_us>31684 rtt_min_us>31441 rtt_max_us>32143 cwnd>100 cwnd_min>96 cwnd_max>100 throughput_kbps>32172.169 goodput_kbps>31834.404 retrans>0 total_retrans>0 bytes_acked>9678433
05:34:37.346309 TCPINFO flow>2 window>0.171 samples>74 rtt_avg_us>31562 rtt_min_us>31440 rtt_max_us>31970 cwnd>103 cwnd_min>100 cwnd_max>103 throughput_kbps>9235.289 goodput_kbps>15172.233 retrans>0 total_retrans>0 bytes_acked>10002785
05:34:37.346721 TCPINFO flow>1 window>0.200 samples>3 rtt_avg_us>31891 rtt_min_us>31891 rtt_max_us>31891 cwnd>89 cwnd_min>89 cwnd_max>89 throughput_kbps>0.000 goodput_kbps>0.000 retrans>0 total_retrans>0 bytes_acked>27507657
05:34:37.546156 TCPINFO flow>1 window>0.199 samples>3 rtt_avg_us>31891 rtt_min_us>31891 rtt_max_us>31891 cwnd>89 cwnd_min>89 cwnd_max>89 throughput_kbps>53.591 goodput_kbps>0.000 retrans>0 total_retrans>0 bytes_acked>27507657
05:34:37.546300 TCPINFO flow>2 window>0.200 samples>3 rtt_avg_us>31832 rtt_min_us>31832 rtt_max_us>31832 cwnd>103 cwnd_min>103 cwnd_max>103 throughput_kbps>0.000 goodput_kbps>0.000 retrans>0 total_retrans>0 bytes_acked>10002785
05:34:37.646308 TCPINFO flow>2 window>0.100 samples>2 rtt_avg_us>31832 rtt_min_us>31832 rtt_max_us>31832 cwnd>103 cwnd_min>103 cwnd_max>103 throughput_kbps>0.000 goodput_kbps>0.000 retrans>0 total_retrans>0 bytes_acked>10002785
05:34:37.646699 TCPINFO flow>1 window>0.101 samples>462 rtt_avg_us>31765 rtt_min_us>31302 rtt_max_us>32192 cwnd>91 cwnd_min>89 cwnd_max>91 throughput_kbps>29126.961 goodput_kbps>19559.711 retrans>0 total_retrans>0 bytes_acked>27753481
05:34:37.750463 TCPINFO flow>1 window>0.104 samples>223 rtt_avg_us>32638 rtt_min_us>31592 rtt_max_us>33197 cwnd>94 cwnd_min>91 cwnd_max>94 throughput_kbps>29664.855 goodput_kbps>29973.864 retrans>0 total_retrans>0 bytes_acked>28142257
05:34:37.846293 TCPINFO flow>2 window>0.200 samples>3 rtt_avg_us>31832 rtt_min_us>31832 rtt_max_us>31832 cwnd>103 cwnd_min>103 cwnd_max>103 throughput_kbps>0.000 goodput_kbps>0.000 retrans>0 total_retrans>0 bytes_acked>10002785
05:34:37.850541 TCPINFO flow>1 window>0.100 samples>365 rtt_avg_us>31871 rtt_min_us>31536 rtt_max_us>32602 cwnd>97 cwnd_min>94 cwnd_max>97 throughput_kbps>31291.433 goodput_kbps>30330.262 retrans>0 total_retrans>0 bytes_acked>28521681
05:34:37.946294 TCPINFO flow>2 window>0.100 samples>2 rtt_avg_us>31832 rtt_min_us>31832 rtt_max_us>31832 cwnd>103 cwnd_min>103 cwnd_max>103 throughput_kbps>0.000 goodput_kbps>0.000 retrans>0 total_retrans>0 bytes_acked>10002785
05:34:38.000663 TCPINFO flow>1 window>0.150 samples>301 rtt_avg_us>31743 rtt_min_us>31530 rtt_max_us>32189 cwnd>101 cwnd_min>97 cwnd_max>101 throughput_kbps>31539.574 goodput_kbps>31539.574 retrans>0 total_retrans>0 bytes_acked>29113529
05:34:38.046299 TCPINFO flow>2 window>0.100 samples>2 rtt_avg_us>31832 rtt_min_us>31832 rtt_max_us>31832 cwnd>103 cwnd_min>103 cwnd_max>103 throughput_kbps>0.000 goodput_kbps>0.000 retrans>0 total_retrans>0 bytes_acked>10002785
05:34:38.146322 TCPINFO flow>2 window>0.100 samples>2 rtt_avg_us>31832 rtt_min_us>31832 rtt_max_us>31832 cwnd>103 cwnd_min>103 cwnd_max>103 throughput_kbps>0.000 goodput_kbps>0.000 retrans>0 total_retrans>0 bytes_acked>10002785
05:34:38.146717 TCPINFO flow>1 window>0.146 samples>381 rtt_avg_us>31735 rtt_min_us>31514 rtt_max_us>32626 cwnd>105 cwnd_min>101 cwnd_max>105 throughput_kbps>33296.178 goodput_kbps>32783.929 retrans>0 total_retrans>0 bytes_acked>29712057
05:34:38.246323 TCPINFO flow>2 window>0.100 samples>2 rtt_avg_us>31832 rtt_min_us>31832 rtt_max_us>31832 cwnd>103 cwnd_min>103 cwnd_max>103 throughput_kbps>0.000 goodput_kbps>0.000 retrans>0 total_retrans>0 bytes_acked>10002785
05:34:38.346330 TCPINFO flow>2 window>0.100 samples>2 rtt_avg_us>31832 rtt_min_us>31832 rtt_max_us>31832 cwnd>103 cwnd_min>103 cwnd_max>103 throughput_kbps>0.000 goodput_kbps>0.000 retrans>0 total_retrans>0 bytes_acked>10002785
05:34:38.346715 TCPINFO flow>1 window>0.200 samples>3 rtt_avg_us>32231 rtt_min_us>32034 rtt_max_us>32626 cwnd>107 cwnd_min>105 cwnd_max>107 throughput_kbps>6294.143 goodput_kbps>11851.959 retrans>0 total_retrans>0 bytes_acked>30008353
05:34:38.546168 TCPINFO flow>2 window>0.200 samples>3 rtt_avg_us>31832 rtt_min_us>31832 rtt_max_us>31832 cwnd>103 cwnd_min>103 cwnd_max>103 throughput_kbps>53.483 goodput_kbps>0.000 retrans>0 total_retrans>0 bytes_acked>10002785
05:34:38.546694 TCPINFO flow>1 window>0.200 samples>3 rtt_avg_us>32034 rtt_min_us>32034 rtt_max_us>32034 cwnd>107 cwnd_min>107 cwnd_max>107 throughput_kbps>0.000 goodput_kbps>0.000 retrans>0 total_retrans>0 bytes_acked>30008353
05:34:38.646301 TCPINFO flow>2 window>0.100 samples>465 rtt_avg_us>31792 rtt_min_us>31480 rtt_max_us>32238 cwnd>105 cwnd_min>103 cwnd_max>105 throughput_kbps>34049.434 goodput_kbps>22948.678 retrans>0 total_retrans>0 bytes_acked>10290025
05:34:38.646701 TCPINFO flow>1 window>0.100 samples>2 rtt_avg_us>32034 rtt_min_us>32034 rtt_max_us>32034 cwnd>107 cwnd_min>107 cwnd_max>107 throughput_kbps>0.000 goodput_kbps>0.000 retrans>0 total_retrans>0 bytes_acked>30008353
05:34:38.746354 TCPINFO flow>2 window>0.100 samples>255 rtt_avg_us>31709 rtt_min_us>31462 rtt_max_us>32304 cwnd>108 cwnd_min>105 cwnd_max>108 throughput_kbps>34824.423 goodput_kbps>35038.070 retrans>0 total_retrans>0 bytes_acked>10728233
05:34:38.846694 TCPINFO flow>1 window>0.200 samples>3 rtt_avg_us>32034 rtt_min_us>32034 rtt_max_us>32034 cwnd>107 cwnd_min>107 cwnd_max>107 throughput_kbps>0.000 goodput_kbps>0.000 retrans>0 total_retrans>0 bytes_acked>30008353
05:34:38.871533 TCPINFO flow>2 window>0.125 samples>322 rtt_avg_us>31720 rtt_min_us>31462 rtt_max_us>32383 cwnd>111 cwnd_min>108 cwnd_max>111 throughput_kbps>35006.511 goodput_kbps>34494.220 retrans>0 total_retrans>0 bytes_acked>11267977
05:34:38.946704 TCPINFO flow>1 window>0.100 samples>2 rtt_avg_us>32034 rtt_min_us>32034 rtt_max_us>32034 cwnd>107 cwnd_min>107 cwnd_max>107 throughput_kbps>0.000 goodput_kbps>0.000 retrans>0 total_retrans>0 bytes_acked>30008353
05:34:39.009592 TCPINFO flow>2 window>0.138 samples>443 rtt_avg_us>31715 rtt_min_us>31415 rtt_max_us>32332 cwnd>116 cwnd_min>111 cwnd_max>116 throughput_kbps>36617.852 goodput_kbps>36385.603 retrans>0 total_retrans>0 bytes_acked>11895897
05:34:39.146304 TCPINFO flow>2 window>0.137 samples>245 rtt_avg_us>32049 rtt_min_us>31635 rtt_max_us>33055 cwnd>119 cwnd_min>116 cwnd_max>119 throughput_kbps>26798.057 goodput_kbps>35554.099 retrans>0 total_retrans>0 bytes_acked>12503481
05:34:39.146702 TCPINFO flow>1 window>0.200 samples>3 rtt_avg_us>32034 rtt_min_us>32034 rtt_max_us>32034 cwnd>107 cwnd_min>107 cwnd_max>107 throughput_kbps>0.000 goodput_kbps>0.000 retrans>0 total_retrans>0 bytes_acked>30008353
05:34:39.246308 TCPINFO flow>2 window>0.100 samples>2 rtt_avg_us>31635 rtt_min_us>31635 rtt_max_us>31635 cwnd>119 cwnd_min>119 cwnd_max>119 throughput_kbps>0.000 goodput_kbps>0.000 retrans>0 total_retrans>0 bytes_acked>12503481
05:34:39.246715 TCPINFO flow>1 window>0.100 samples>2 rtt_avg_us>32034 rtt_min_us>32034 rtt_max_us>32034 cwnd>107 cwnd_min>107 cwnd_max>107 throughput_kbps>0.000 goodput_kbps>0.000 retrans>0 total_retrans>0 bytes_acked>30008353
05:34:39.346316 TCPINFO flow>2 window>0.100 samples>2 rtt_avg_us>31635 rtt_min_us>31635 rtt_max_us>31635 cwnd>119 cwnd_min>119 cwnd_max>119 throughput_kbps>0.000 goodput_kbps>0.000 retrans>0 total_retrans>0 bytes_acked>12503481
05:34:39.446327 TCPINFO flow>2 window>0.100 samples>2 rtt_avg_us>31635 rtt_min_us>31635 rtt_max_us>31635 cwnd>119 cwnd_min>119 cwnd_max>119 throughput_kbps>0.000 goodput_kbps>0.000 retrans>0 total_retrans>0 bytes_acked>12503481
05:34:39.446715 TCPINFO flow>1 window>0.200 samples>3 rtt_avg_us>32034 rtt_min_us>32034 rtt_max_us>32034 cwnd>107 cwnd_min>107 cwnd_max>107 throughput_kbps>0.000 goodput_kbps>0.000 retrans>0 total_retrans>0 bytes_acked>30008353
05:34:39.546761 TCPINFO flow>1 window>0.100 samples>9 rtt_avg_us>32034 rtt_min_us>32034 rtt_max_us>32034 cwnd>107 cwnd_min>107 cwnd_max>107 throughput_kbps>320.493 goodput_kbps>0.000 retrans>0 total_retrans>0 bytes_acked>30008353
05:34:39.646296 TCPINFO flow>2 window>0.200 samples>3 rtt_avg_us>31635 rtt_min_us>31635 rtt_max_us>31635 cwnd>119 cwnd_min>119 cwnd_max>119 throughput_kbps>0.000 goodput_kbps>0.000 retrans>0 total_retrans>0 bytes_acked>12503481
05:34:39.646782 TCPINFO flow>1 window>0.100 samples>510 rtt_avg_us>31884 rtt_min_us>31450 rtt_max_us>32096 cwnd>109 cwnd_min>107 cwnd_max>109 throughput_kbps>34728.707 goodput_kbps>23508.663 retrans>0 total_retrans>0 bytes_acked>30302273
05:34:39.796839 TCPINFO flow>1 window>0.150 samples>393 rtt_avg_us>31879 rtt_min_us>31534 rtt_max_us>32464 cwnd>113 cwnd_min>109 cwnd_max>113 throughput_kbps>36254.170 goodput_kbps>36467.849 retrans>0 total_retrans>0 bytes_acked>30986305
05:34:39.846294 TCPINFO flow>2 window>0.200 samples>3 rtt_avg_us>31635 rtt_min_us>31635 rtt_max_us>31635 cwnd>119 cwnd_min>119 cwnd_max>119 throughput_kbps>0.000 goodput_kbps>0.000 retrans>0 total_retrans>0 bytes_acked>12503481
05:34:39.942489 TCPINFO flow>1 window>0.146 samples>443 rtt_avg_us>31941 rtt_min_us>31534 rtt_max_us>33166 cwnd>117 cwnd_min>113 cwnd_max>117 throughput_kbps>35883.502 goodput_kbps>36397.171 retrans>0 total_retrans>0 bytes_acked>31648961
05:34:40.046329 TCPINFO flow>2 window>0.200 samples>3 rtt_avg_us>31635 rtt_min_us>31635 rtt_max_us>31635 cwnd>119 cwnd_min>119 cwnd_max>119 throughput_kbps>0.000 goodput_kbps>0.000 retrans>0 total_retrans>0 bytes_acked>12503481
05:34:40.046720 TCPINFO flow>1 window>0.104 samples>377 rtt_avg_us>31786 rtt_min_us>31465 rtt_max_us>32927 cwnd>119 cwnd_min>117 cwnd_max>119 throughput_kbps>38247.968 goodput_kbps>36914.929 retrans>0 total_retrans>0 bytes_acked>32129921
05:34:40.146331 TCPINFO flow>2 window>0.100 samples>2 rtt_avg_us>31635 rtt_min_us>31635 rtt_max_us>31635 cwnd>119 cwnd_min>119 cwnd_max>119 throughput_kbps>0.000 goodput_kbps>0.000 retrans>0 total_retrans>0 bytes_acked>12503481
05:34:40.246712 TCPINFO flow>1 window>0.200 samples>3 rtt_avg_us>31696 rtt_min_us>31521 rtt_max_us>32045 cwnd>121 cwnd_min>119 cwnd_max>121 throughput_kbps>9233.649 goodput_kbps>15165.727 retrans>0 total_retrans>0 bytes_acked>32509049
05:34:40.346315 TCPINFO flow>2 window>0.200 samples>3 rtt_avg_us>31635 rtt_min_us>31635 rtt_max_us>31635 cwnd>119 cwnd_min>119 cwnd_max>119 throughput_kbps>0.000 goodput_kbps>0.000 retrans>0 total_retrans>0 bytes_acked>12503481
05:34:40.346716 TCPINFO flow>1 window>0.100 samples>2 rtt_avg_us>31521 rtt_min_us>31521 rtt_max_us>31521 cwnd>121 cwnd_min>121 cwnd_max>121 throughput_kbps>0.000 goodput_kbps>0.000 retrans>0 total_retrans>0 bytes_acked>32509049
05:34:40.446318 TCPINFO flow>2 window>0.100 samples>2 rtt_avg_us>31635 rtt_min_us>31635 rtt_max_us>31635 cwnd>119 cwnd_min>119 cwnd_max>119 throughput_kbps>0.000 goodput_kbps>0.000 retrans>0 total_retrans>0 bytes_acked>12503481
05:34:40.546255 ON flow>9 srcPort>39999 dst>fd00:6::2/5402 
05:34:40.546320 TCPINFO flow>2 window>0.100 samples>3 rtt_avg_us>31635 rtt_min_us>31635 rtt_max_us>31635 cwnd>119 cwnd_min>119 cwnd_max>119 throughput_kbps>106.878 goodput_kbps>0.000 retrans>0 total_retrans>0 bytes_acked>12503481
05:34:40.546706 TCPINFO flow>1 window>0.200 samples>3 rtt_avg_us>31521 rtt_min_us>31521 rtt_max_us>31521 cwnd>121 cwnd_min>121 cwnd_max>121 throughput_kbps>0.000 goodput_kbps>0.000 retrans>0 total_retrans>0 bytes_acked>32509049
05:34:40.578304 CONNECT flow>9 srcPort>39999 dst>fd00:6::2/5402 
05:34:40.666419 TCPINFO flow>2 window>0.120 samples>470 rtt_avg_us>31696 rtt_min_us>31425 rtt_max_us>32298 cwnd>120 cwnd_min>119 cwnd_max>121 throughput_kbps>36932.198 goodput_kbps>27320.927 retrans>0 total_retrans>0 bytes_acked>12913633
05:34:40.685419 TCPINFO flow>9 window>0.107 samples>88 rtt_avg_us>32170 rtt_min_us>31963 rtt_max_us>32405 cwnd>15 cwnd_min>10 cwnd_max>26 throughput_kbps>5191.597 goodput_kbps>4401.259 retrans>0 total_retrans>0 bytes_acked>58897
05:34:40.746712 TCPINFO flow>1 window>0.200 samples>3 rtt_avg_us>31521 rtt_min_us>31521 rtt_max_us>31521 cwnd>121 cwnd_min>121 cwnd_max>121 throughput_kbps>0.000 goodput_kbps>0.000 retrans>0 total_retrans>0 bytes_acked>32509049
05:34:40.812954 TCPINFO flow>2 window>0.147 samples>443 rtt_avg_us>31909 rtt_min_us>31520 rtt_max_us>40017 cwnd>118 cwnd_min>118 cwnd_max>121 throughput_kbps>35375.030 goodput_kbps>36177.350 retrans>0 total_retrans>0 bytes_acked>13576289
05:34:40.813103 TCPINFO flow>9 window>0.128 samples>51 rtt_avg_us>32042 rtt_min_us>31569 rtt_max_us>36363 cwnd>18 cwnd_min>15 cwnd_max>18 throughput_kbps>4938.692 goodput_kbps>4687.572 retrans>0 total_retrans>0 bytes_acked>133713
05:34:40.912995 TCPINFO flow>2 window>0.100 samples>476 rtt_avg_us>32036 rtt_min_us>31482 rtt_max_us>40017 cwnd>121 cwnd_min>118 cwnd_max>121 throughput_kbps>39743.065 goodput_kbps>38033.686 retrans>0 total_retrans>0 bytes_acked>14051905
05:34:40.932760 TCPINFO flow>9 window>0.120 samples>56 rtt_avg_us>36300 rtt_min_us>33203 rtt_max_us>36363 cwnd>21 cwnd_min>18 cwnd_max>21 throughput_kbps>6341.860 goodput_kbps>5716.607 retrans>0 total_retrans>0 bytes_acked>219217
05:34:40.946697 TCPINFO flow>1 window>0.200 samples>3 rtt_avg_us>31521 rtt_min_us>31521 rtt_max_us>31521 cwnd>121 cwnd_min>121 cwnd_max>121 throughput_kbps>0.000 goodput_kbps>0.000 retrans>0 total_retrans>0 bytes_acked>32509049
05:34:41.023716 TCPINFO flow>2 window>0.111 samples>234 rtt_avg_us>31857 rtt_min_us>31447 rtt_max_us>32535 cwnd>121 cwnd_min>121 cwnd_max>123 throughput_kbps>38612.368 goodput_kbps>38226.244 retrans>0 total_retrans>0 bytes_acked>14580961
05:34:41.045567 TCPINFO flow>9 window>0.113 samples>66 rtt_avg_us>33208 rtt_min_us>33203 rtt_max_us>33528 cwnd>24 cwnd_min>21 cwnd_max>24 throughput_kbps>7105.942 goodput_kbps>6821.704 retrans>0 total_retrans>0 bytes_acked>315409
05:34:41.046713 TCPINFO flow>1 window>0.100 samples>2 rtt_avg_us>31521 rtt_min_us>31521 rtt_max_us>31521 cwnd>121 cwnd_min>121 cwnd_max>121 throughput_kbps>0.000 goodput_kbps>0.000 retrans>0 total_retrans>0 bytes_acked>32509049
05:34:41.146293 TCPINFO flow>9 window>0.101 samples>70 rtt_avg_us>33516 rtt_min_us>32722 rtt_max_us>33528 cwnd>27 cwnd_min>24 cwnd_max>27 throughput_kbps>8170.443 goodput_kbps>7639.894 retrans>0 total_retrans>0 bytes_acked>411601
05:34:41.146301 TCPINFO flow>2 window>0.123 samples>107 rtt_avg_us>32360 rtt_min_us>31985 rtt_max_us>33593 cwnd>121 cwnd_min>121 cwnd_max>121 throughput_kbps>17331.191 goodput_kbps>27619.431 retrans>0 total_retrans>0 bytes_acked>15004177
05:34:41.246693 TCPINFO flow>1 window>0.200 samples>3 rtt_avg_us>31521 rtt_min_us>31521 rtt_max_us>31521 cwnd>121 cwnd_min>121 cwnd_max>121 throughput_kbps>0.000 goodput_kbps>0.000 retrans>0 total_retrans>0 bytes_acked>32509049
05:34:41.318003 TCPINFO flow>9 window>0.172 samples>146 rtt_avg_us>32490 rtt_min_us>32369 rtt_max_us>32722 cwnd>32 cwnd_min>27 cwnd_max>32 throughput_kbps>9710.139 goodput_kbps>9461.161 retrans>0 total_retrans>0 bytes_acked>614673
05:34:41.346298 TCPINFO flow>2 window>0.200 samples>3 rtt_avg_us>33179 rtt_min_us>33179 rtt_max_us>33179 cwnd>121 cwnd_min>121 cwnd_max>121 throughput_kbps>0.000 goodput_kbps>0.000 retrans>0 total_retrans>0 bytes_acked>15004177
05:34:41.346702 TCPINFO flow>1 window>0.100 samples>2 rtt_avg_us>31521 rtt_min_us>31521 rtt_max_us>31521 cwnd>121 cwnd_min>121 cwnd_max>121 throughput_kbps>0.000 goodput_kbps>0.000 retrans>0 total_retrans>0 bytes_acked>32509049
05:34:41.446297 TCPINFO flow>9 window>0.128 samples>142 rtt_avg_us>32511 rtt_min_us>32442 rtt_max_us>32670 cwnd>36 cwnd_min>32 cwnd_max>36 throughput_kbps>11080.051 goodput_kbps>10746.816 retrans>0 total_retrans>0 bytes_acked>787017
05:34:41.446360 TCPINFO flow>2 window>0.100 samples>2 rtt_avg_us>33179 rtt_min_us>33179 rtt_max_us>33179 cwnd>121 cwnd_min>121 cwnd_max>121 throughput_kbps>0.000 goodput_kbps>0.000 retrans>0 total_retrans>0 bytes_acked>15004177
05:34:41.546157 TCPINFO flow>1 window>0.199 samples>3 rtt_avg_us>31521 rtt_min_us>31521 rtt_max_us>31521 cwnd>121 cwnd_min>121 cwnd_max>121 throughput_kbps>53.586 goodput_kbps>0.000 retrans>0 total_retrans>0 bytes_acked>32509049
05:34:41.546300 TCPINFO flow>9 window>0.100 samples>137 rtt_avg_us>32435 rtt_min_us>32198 rtt_max_us>32533 cwnd>39 cwnd_min>36 cwnd_max>39 throughput_kbps>12290.831 goodput_kbps>11970.201 retrans>0 total_retrans>0 bytes_acked>936649
05:34:41.646256 TCPINFO flow>1 window>0.100 samples>563 rtt_avg_us>31618 rtt_min_us>31445 rtt_max_us>32378 cwnd>122 cwnd_min>121 cwnd_max>122 throughput_kbps>39515.440 goodput_kbps>26595.750 retrans>0 total_retrans>0 bytes_acked>32841825
05:34:41.646296 TCPINFO flow>2 window>0.200 samples>3 rtt_avg_us>33179 rtt_min_us>33179 rtt_max_us>33179 cwnd>121 cwnd_min>121 cwnd_max>121 throughput_kbps>0.000 goodput_kbps>0.000 retrans>0 total_retrans>0 bytes_acked>15004177
05:34:41.649453 TCPINFO flow>9 window>0.103 samples>78 rtt_avg_us>32440 rtt_min_us>32198 rtt_max_us>32578 cwnd>41 cwnd_min>39 cwnd_max>41 throughput_kbps>12793.423 goodput_kbps>12951.635 retrans>0 total_retrans>0 bytes_acked>1103649
05:34:41.746305 TCPINFO flow>2 window>0.100 samples>2 rtt_avg_us>33179 rtt_min_us>33179 rtt_max_us>33179 cwnd>121 cwnd_min>121 cwnd_max>121 throughput_kbps>0.000 goodput_kbps>0.000 retrans>0 total_retrans>0 bytes_acked>15004177
05:34:41.746694 TCPINFO flow>1 window>0.100 samples>346 rtt_avg_us>32007 rtt_min_us>31527 rtt_max_us>32995 cwnd>121 cwnd_min>120 cwnd_max>122 throughput_kbps>39451.522 goodput_kbps>39767.578 retrans>0 total_retrans>0 bytes_acked>33341097
05:34:41.786909 TCPINFO flow>9 window>0.137 samples>154 rtt_avg_us>32623 rtt_min_us>32336 rtt_max_us>33213 cwnd>42 cwnd_min>41 cwnd_max>43 throughput_kbps>13267.373 goodput_kbps>12993.132 retrans>0 total_retrans>0 bytes_acked>1326897
05:34:41.846701 TCPINFO flow>1 window>0.100 samples>235 rtt_avg_us>32198 rtt_min_us>31568 rtt_max_us>33100 cwnd>116 cwnd_min>116 cwnd_max>121 throughput_kbps>37619.127 goodput_kbps>38477.307 retrans>0 total_retrans>0 bytes_acked>33822097
05:34:41.923211 TCPINFO flow>9 window>0.136 samples>153 rtt_avg_us>32580 rtt_min_us>32283 rtt_max_us>32932 cwnd>43 cwnd_min>42 cwnd_max>43 throughput_kbps>12971.196 goodput_kbps>12814.368 retrans>0 total_retrans>0 bytes_acked>1545225
05:34:41.946299 TCPINFO flow>2 window>0.200 samples>3 rtt_avg_us>33179 rtt_min_us>33179 rtt_max_us>33179 cwnd>121 cwnd_min>121 cwnd_max>121 throughput_kbps>0.000 goodput_kbps>0.000 retrans>0 total_retrans>0 bytes_acked>15004177
05:34:41.946750 TCPINFO flow>1 window>0.100 samples>430 rtt_avg_us>31966 rtt_min_us>31504 rtt_max_us>32674 cwnd>112 cwnd_min>112 cwnd_max>117 throughput_kbps>34912.813 goodput_kbps>36622.055 retrans>0 total_retrans>0 bytes_acked>34280097
05:34:42.027508 TCPINFO flow>9 window>0.104 samples>127 rtt_avg_us>32817 rtt_min_us>32421 rtt_max_us>33149 cwnd>43 cwnd_min>43 cwnd_max>44 throughput_kbps>13936.815 goodput_kbps>14141.768 retrans>0 total_retrans>0 bytes_acked>1729593
05:34:42.129608 TCPINFO flow>9 window>0.102 samples>124 rtt_avg_us>32591 rtt_min_us>32355 rtt_max_us>33027 cwnd>43 cwnd_min>43 cwnd_max>44 throughput_kbps>13922.664 goodput_kbps>13922.664 retrans>0 total_retrans>0 bytes_acked>1907281
05:34:42.146293 TCPINFO flow>2 window>0.200 samples>3 rtt_avg_us>33179 rtt_min_us>33179 rtt_max_us>33179 cwnd>121 cwnd_min>121 cwnd_max>121 throughput_kbps>0.000 goodput_kbps>0.000 retrans>0 total_retrans>0 bytes_acked>15004177
05:34:42.146694 TCPINFO flow>1 window>0.200 samples>158 rtt_avg_us>31967 rtt_min_us>31500 rtt_max_us>33114 cwnd>104 cwnd_min>104 cwnd_max>112 throughput_kbps>24115.872 goodput_kbps>29194.094 retrans>0 total_retrans>0 bytes_acked>35009745
05:34:42.230349 TCPINFO flow>9 window>0.101 samples>124 rtt_avg_us>32154 rtt_min_us>32010 rtt_max_us>32392 cwnd>46 cwnd_min>43 cwnd_max>46 throughput_kbps>14640.951 goodput_kbps>14216.575 retrans>0 total_retrans>0 bytes_acked>2086305
05:34:42.246295 TCPINFO flow>2 window>0.100 samples>2 rtt_avg_us>33179 rtt_min_us>33179 rtt_max_us>33179 cwnd>121 cwnd_min>121 cwnd_max>121 throughput_kbps>0.000 goodput_kbps>0.000 retrans>0 total_retrans>0 bytes_acked>15004177
05:34:42.346295 TCPINFO flow>9 window>0.116 samples>223 rtt_avg_us>32101 rtt_min_us>31885 rtt_max_us>32443 cwnd>50 cwnd_min>46 cwnd_max>50 throughput_kbps>15578.562 goodput_kbps>15302.020 retrans>0 total_retrans>0 bytes_acked>2308081
05:34:42.346303 TCPINFO flow>2 window>0.100 samples>2 rtt_avg_us>33179 rtt_min_us>33179 rtt_max_us>33179 cwnd>121 cwnd_min>121 cwnd_max>121 throughput_kbps>0.000 goodput_kbps>0.000 retrans>0 total_retrans>0 bytes_acked>15004177
05:34:42.346694 TCPINFO flow>1 window>0.200 samples>3 rtt_avg_us>31790 rtt_min_us>31790 rtt_max_us>31790 cwnd>104 cwnd_min>104 cwnd_max>104 throughput_kbps>0.000 goodput_kbps>0.000 retrans>0 total_retrans>0 bytes_acked>35009745
05:34:42.446297 TCPINFO flow>9 window>0.100 samples>101 rtt_avg_us>31983 rtt_min_us>31885 rtt_max_us>32069 cwnd>53 cwnd_min>50 cwnd_max>53 throughput_kbps>16566.069 goodput_kbps>16352.313 retrans>0 total_retrans>0 bytes_acked>2512489
05:34:42.446304 TCPINFO flow>2 window>0.100 samples>2 rtt_avg_us>33179 rtt_min_us>33179 rtt_max_us>33179 cwnd>121 cwnd_min>121 cwnd_max>121 throughput_kbps>0.000 goodput_kbps>0.000 retrans>0 total_retrans>0 bytes_acked>15004177
05:34:42.446698 TCPINFO flow>1 window>0.100 samples>2 rtt_avg_us>31790 rtt_min_us>31790 rtt_max_us>31790 cwnd>104 cwnd_min>104 cwnd_max>104 throughput_kbps>0.000 goodput_kbps>0.000 retrans>0 total_retrans>0 bytes_acked>35009745
05:34:42.546309 TCPINFO flow>9 window>0.100 samples>203 rtt_avg_us>32096 rtt_min_us>31629 rtt_max_us>32694 cwnd>56 cwnd_min>53 cwnd_max>56 throughput_kbps>17312.483 goodput_kbps>16991.881 retrans>0 total_retrans>0 bytes_acked>2724913
05:34:42.546318 TCPINFO flow>2 window>0.100 samples>4 rtt_avg_us>33179 rtt_min_us>33179 rtt_max_us>33179 cwnd>121 cwnd_min>121 cwnd_max>121 throughput_kbps>213.730 goodput_kbps>0.000 retrans>0 total_retrans>0 bytes_acked>15004177
05:34:42.646694 TCPINFO flow>1 window>0.200 samples>3 rtt_avg_us>31790 rtt_min_us>31790 rtt_max_us>31790 cwnd>104 cwnd_min>104 cwnd_max>104 throughput_kbps>0.000 goodput_kbps>0.000 retrans>0 total_retrans>0 bytes_acked>35009745
05:34:42.651315 TCPINFO flow>9 window>0.105 samples>97 rtt_avg_us>32078 rtt_min_us>31862 rtt_max_us>32833 cwnd>57 cwnd_min>56 cwnd_max>57 throughput_kbps>18423.023 goodput_kbps>18117.669 retrans>0 total_retrans>0 bytes_acked>2962721
05:34:42.685305 TCPINFO flow>2 window>0.139 samples>557 rtt_avg_us>32697 rtt_min_us>31718 rtt_max_us>33179 cwnd>118 cwnd_min>118 cwnd_max>121 throughput_kbps>38911.035 goodput_kbps>30529.014 retrans>0 total_retrans>0 bytes_acked>15534569
05:34:42.746696 TCPINFO flow>1 window>0.100 samples>2 rtt_avg_us>31790 rtt_min_us>31790 rtt_max_us>31790 cwnd>104 cwnd_min>104 cwnd_max>104 throughput_kbps>0.000 goodput_kbps>0.000 retrans>0 total_retrans>0 bytes_acked>35009745
05:34:42.774606 TCPINFO flow>9 window>0.123 samples>200 rtt_avg_us>32716 rtt_min_us>32205 rtt_max_us>33034 cwnd>54 cwnd_min>54 cwnd_max>57 throughput_kbps>18031.357 goodput_kbps>18378.114 retrans>0 total_retrans>0 bytes_acked>3245953
05:34:42.822404 TCPINFO flow>2 window>0.137 samples>434 rtt_avg_us>31941 rtt_min_us>31475 rtt_max_us>32588 cwnd>106 cwnd_min>106 cwnd_max>119 throughput_kbps>35159.177 goodput_kbps>36094.676 retrans>0 total_retrans>0 bytes_acked>16153137
05:34:42.846710 TCPINFO flow>1 window>0.100 samples>2 rtt_avg_us>31790 rtt_min_us>31790 rtt_max_us>31790 cwnd>104 cwnd_min>104 cwnd_max>104 throughput_kbps>0.000 goodput_kbps>0.000 retrans>0 total_retrans>0 bytes_acked>35009745
05:34:42.874701 TCPINFO flow>9 window>0.100 samples>166 rtt_avg_us>32228 rtt_min_us>31902 rtt_max_us>32733 cwnd>52 cwnd_min>52 cwnd_max>55 throughput_kbps>16642.110 goodput_kbps>17216.924 retrans>0 total_retrans>0 bytes_acked>3461369
05:34:42.946298 TCPINFO flow>2 window>0.124 samples>406 rtt_avg_us>31991 rtt_min_us>31534 rtt_max_us>32627 cwnd>92 cwnd_min>92 cwnd_max>106 throughput_kbps>31593.975 goodput_kbps>32542.916 retrans>0 total_retrans>0 bytes_acked>16657121
05:34:43.000370 TCPINFO flow>9 window>0.126 samples>157 rtt_avg_us>32422 rtt_min_us>32013 rtt_max_us>32641 cwnd>51 cwnd_min>50 cwnd_max>52 throughput_kbps>16076.264 goodput_kbps>15958.621 retrans>0 total_retrans>0 bytes_acked>3712057
05:34:43.046367 TCPINFO flow>2 window>0.100 samples>288 rtt_avg_us>31822 rtt_min_us>31519 rtt_max_us>32416 cwnd>87 cwnd_min>87 cwnd_max>93 throughput_kbps>28196.864 goodput_kbps>29051.315 retrans>0 total_retrans>0 bytes_acked>17020513
05:34:43.046694 TCPINFO flow>1 window>0.200 samples>3 rtt_avg_us>31790 rtt_min_us>31790 rtt_max_us>31790 cwnd>104 cwnd_min>104 cwnd_max>104 throughput_kbps>0.000 goodput_kbps>0.000 retrans>0 total_retrans>0 bytes_acked>35009745
05:34:43.129531 TCPINFO flow>9 window>0.129 samples>178 rtt_avg_us>32119 rtt_min_us>31902 rtt_max_us>32637 cwnd>52 cwnd_min>50 cwnd_max>52 throughput_kbps>16301.639 goodput_kbps>16053.391 retrans>0 total_retrans>0 bytes_acked>3971241
05:34:43.146696 TCPINFO flow>1 window>0.100 samples>2 rtt_avg_us>31790 rtt_min_us>31790 rtt_max_us>31790 cwnd>104 cwnd_min>104 cwnd_max>104 throughput_kbps>0.000 goodput_kbps>0.000 retrans>0 total_retrans>0 bytes_acked>35009745
05:34:43.246292 TCPINFO flow>9 window>0.117 samples>179 rtt_avg_us>32345 rtt_min_us>31889 rtt_max_us>32708 cwnd>54 cwnd_min>52 cwnd_max>54 throughput_kbps>16751.347 goodput_kbps>16751.347 retrans>0 total_retrans>0 bytes_acked>4215729
05:34:43.246299 TCPINFO flow>2 window>0.200 samples>45 rtt_avg_us>32003 rtt_min_us>31854 rtt_max_us>32246 cwnd>88 cwnd_min>87 cwnd_max>90 throughput_kbps>15104.335 goodput_kbps>19380.990 retrans>0 total_retrans>0 bytes_acked>17504873
05:34:43.346293 TCPINFO flow>9 window>0.100 samples>180 rtt_avg_us>31952 rtt_min_us>31871 rtt_max_us>32125 cwnd>56 cwnd_min>54 cwnd_max>56 throughput_kbps>17848.782 goodput_kbps>17421.266 retrans>0 total_retrans>0 bytes_acked>4433497
05:34:43.346300 TCPINFO flow>2 window>0.100 samples>2 rtt_avg_us>32113 rtt_min_us>32113 rtt_max_us>32113 cwnd>88 cwnd_min>88 cwnd_max>88 throughput_kbps>0.000 goodput_kbps>0.000 retrans>0 total_retrans>0 bytes_acked>17504873
05:34:43.346703 TCPINFO flow>1 window>0.200 samples>3 rtt_avg_us>31790 rtt_min_us>31790 rtt_max_us>31790 cwnd>104 cwnd_min>104 cwnd_max>104 throughput_kbps>0.000 goodput_kbps>0.000 retrans>0 total_retrans>0 bytes_acked>35009745
05:34:43.484520 TCPINFO flow>9 window>0.138 samples>192 rtt_avg_us>31904 rtt_min_us>31772 rtt_max_us>32100 cwnd>61 cwnd_min>56 cwnd_max>61 throughput_kbps>19021.233 goodput_kbps>18866.589 retrans>0 total_retrans>0 bytes_acked>4759481
05:34:43.546149 TCPINFO flow>1 window>0.199 samples>3 rtt_avg_us>31790 rtt_min_us>31790 rtt_max_us>31790 cwnd>104 cwnd_min>104 cwnd_max>104 throughput_kbps>53.588 goodput_kbps>0.000 retrans>0 total_retrans>0 bytes_acked>35009745
05:34:43.546310 TCPINFO flow>2 window>0.200 samples>3 rtt_avg_us>32113 rtt_min_us>32113 rtt_max_us>32113 cwnd>88 cwnd_min>88 cwnd_max>88 throughput_kbps>0.000 goodput_kbps>0.000 retrans>0 total_retrans>0 bytes_acked>17504873
05:34:43.589739 TCPINFO flow>9 window>0.105 samples>186 rtt_avg_us>32000 rtt_min_us>31785 rtt_max_us>32259 cwnd>64 cwnd_min>61 cwnd_max>64 throughput_kbps>20315.722 goodput_kbps>20112.565 retrans>0 total_retrans>0 bytes_acked>5024009
05:34:43.646153 TCPINFO flow>1 window>0.100 samples>514 rtt_avg_us>31782 rtt_min_us>31447 rtt_max_us>33720 cwnd>100 cwnd_min>100 cwnd_max>105 throughput_kbps>32170.873 goodput_kbps>22338.306 retrans>0 total_retrans>0 bytes_acked>35288985
05:34:43.701268 TCPINFO flow>9 window>0.112 samples>189 rtt_avg_us>32332 rtt_min_us>31785 rtt_max_us>32979 cwnd>63 cwnd_min>63 cwnd_max>64 throughput_kbps>19768.276 goodput_kbps>19793.525 retrans>0 total_retrans>0 bytes_acked>5299953
05:34:43.746250 TCPINFO flow>1 window>0.100 samples>359 rtt_avg_us>32314 rtt_min_us>31809 rtt_max_us>33682 cwnd>93 cwnd_min>93 cwnd_max>100 throughput_kbps>30814.910 goodput_kbps>30965.164 retrans>0 total_retrans>0 bytes_acked>35676425
05:34:43.746306 TCPINFO flow>2 window>0.200 samples>3 rtt_avg_us>32113 rtt_min_us>32113 rtt_max_us>32113 cwnd>88 cwnd_min>88 cwnd_max>88 throughput_kbps>0.000 goodput_kbps>0.000 retrans>0 total_retrans>0 bytes_acked>17504873
05:34:43.804765 TCPINFO flow>9 window>0.103 samples>177 rtt_avg_us>32171 rtt_min_us>32020 rtt_max_us>32485 cwnd>61 cwnd_min>61 cwnd_max>63 throughput_kbps>19632.183 goodput_kbps>19604.974 retrans>0 total_retrans>0 bytes_acked>5553585
05:34:43.846695 TCPINFO flow>1 window>0.100 samples>227 rtt_avg_us>32085 rtt_min_us>31638 rtt_max_us>32743 cwnd>89 cwnd_min>88 cwnd_max>93 throughput_kbps>28573.647 goodput_kbps>28955.946 retrans>0 total_retrans>0 bytes_acked>36039985
05:34:43.907855 TCPINFO flow>9 window>0.103 samples>177 rtt_avg_us>32114 rtt_min_us>31924 rtt_max_us>32301 cwnd>62 cwnd_min>61 cwnd_max>62 throughput_kbps>19594.839 goodput_kbps>19802.192 retrans>0 total_retrans>0 bytes_acked>5808761
05:34:43.946295 TCPINFO flow>2 window>0.200 samples>3 rtt_avg_us>32113 rtt_min_us>32113 rtt_max_us>32113 cwnd>88 cwnd_min>88 cwnd_max>88 throughput_kbps>0.000 goodput_kbps>0.000 retrans>0 total_retrans>0 bytes_acked>17504873
05:34:43.995006 TCPINFO flow>1 window>0.148 samples>221 rtt_avg_us>31890 rtt_min_us>31680 rtt_max_us>32204 cwnd>85 cwnd_min>85 cwnd_max>89 throughput_kbps>27600.812 goodput_kbps>28033.201 retrans>0 total_retrans>0 bytes_acked>36559689
05:34:44.010006 TCPINFO flow>9 window>0.102 samples>169 rtt_avg_us>32179 rtt_min_us>31900 rtt_max_us>32582 cwnd>62 cwnd_min>61 cwnd_max>62 throughput_kbps>19509.941 goodput_kbps>19264.970 retrans>0 total_retrans>0 bytes_acked>6054753
05:34:44.095055 TCPINFO flow>1 window>0.100 samples>287 rtt_avg_us>32341 rtt_min_us>31552 rtt_max_us>33923 cwnd>83 cwnd_min>83 cwnd_max>86 throughput_kbps>26579.616 goodput_kbps>26579.616 retrans>0 total_retrans>0 bytes_acked>36892097
05:34:44.137797 TCPINFO flow>9 window>0.128 samples>216 rtt_avg_us>32792 rtt_min_us>31917 rtt_max_us>33801 cwnd>61 cwnd_min>61 cwnd_max>62 throughput_kbps>19771.283 goodput_kbps>19716.193 retrans>0 total_retrans>0 bytes_acked>6369697
05:34:44.146319 TCPINFO flow>2 window>0.200 samples>3 rtt_avg_us>32113 rtt_min_us>32113 rtt_max_us>32113 cwnd>88 cwnd_min>88 cwnd_max>88 throughput_kbps>0.000 goodput_kbps>0.000 retrans>0 total_retrans>0 bytes_acked>17504873
05:34:44.240400 TCPINFO flow>9 window>0.103 samples>177 rtt_avg_us>32064 rtt_min_us>31826 rtt_max_us>32331 cwnd>61 cwnd_min>61 cwnd_max>62 throughput_kbps>19384.696 goodput_kbps>19697.202 retrans>0 total_retrans>0 bytes_acked>6622321
05:34:44.246696 TCPINFO flow>1 window>0.152 samples>126 rtt_avg_us>32333 rtt_min_us>31736 rtt_max_us>33150 cwnd>80 cwnd_min>80 cwnd_max>83 throughput_kbps>25985.162 goodput_kbps>26337.574 retrans>0 total_retrans>0 bytes_acked>37391329
05:34:44.343512 TCPINFO flow>9 window>0.103 samples>177 rtt_avg_us>31959 rtt_min_us>31809 rtt_max_us>32214 cwnd>63 cwnd_min>61 cwnd_max>63 throughput_kbps>20316.239 goodput_kbps>20005.276 retrans>0 total_retrans>0 bytes_acked>6880169
05:34:44.346295 TCPINFO flow>2 window>0.200 samples>3 rtt_avg_us>32113 rtt_min_us>32113 rtt_max_us>32113 cwnd>88 cwnd_min>88 cwnd_max>88 throughput_kbps>0.000 goodput_kbps>0.000 retrans>0 total_retrans>0 bytes_acked>17504873
05:34:44.445498 TCPINFO flow>9 window>0.102 samples>181 rtt_avg_us>31842 rtt_min_us>31739 rtt_max_us>32392 cwnd>66 cwnd_min>63 cwnd_max>66 throughput_kbps>20540.545 goodput_kbps>20226.149 retrans>0 total_retrans>0 bytes_acked>7138017
05:34:44.446300 TCPINFO flow>2 window>0.100 samples>2 rtt_avg_us>32113 rtt_min_us>32113 rtt_max_us>32113 cwnd>88 cwnd_min>88 cwnd_max>88 throughput_kbps>0.000 goodput_kbps>0.000 retrans>0 total_retrans>0 bytes_acked>17504873
05:34:44.446696 TCPINFO flow>1 window>0.200 samples>3 rtt_avg_us>32213 rtt_min_us>31784 rtt_max_us>32427 cwnd>78 cwnd_min>78 cwnd_max>80 throughput_kbps>649.600 goodput_kbps>4764.480 retrans>0 total_retrans>0 bytes_acked>37510441
05:34:44.545595 TCPINFO flow>9 window>0.100 samples>182 rtt_avg_us>32055 rtt_min_us>31755 rtt_max_us>32653 cwnd>68 cwnd_min>66 cwnd_max>68 throughput_kbps>20607.850 goodput_kbps>20394.298 retrans>0 total_retrans>0 bytes_acked>7393193
05:34:44.546302 TCPINFO flow>2 window>0.100 samples>4 rtt_avg_us>32113 rtt_min_us>32113 rtt_max_us>32113 cwnd>88 cwnd_min>88 cwnd_max>88 throughput_kbps>106.878 goodput_kbps>0.000 retrans>0 total_retrans>0 bytes_acked>17504873
05:34:44.546715 TCPINFO flow>1 window>0.100 samples>2 rtt_avg_us>32427 rtt_min_us>32427 rtt_max_us>32427 cwnd>78 cwnd_min>78 cwnd_max>78 throughput_kbps>0.000 goodput_kbps>0.000 retrans>0 total_retrans>0 bytes_acked>37510441
05:34:44.646296 TCPINFO flow>9 window>0.101 samples>220 rtt_avg_us>31899 rtt_min_us>31651 rtt_max_us>32285 cwnd>68 cwnd_min>68 cwnd_max>69 throughput_kbps>21597.084 goodput_kbps>21233.553 retrans>0 total_retrans>0 bytes_acked>7660473
05:34:44.646304 TCPINFO flow>2 window>0.100 samples>382 rtt_avg_us>32040 rtt_min_us>31465 rtt_max_us>32113 cwnd>85 cwnd_min>85 cwnd_max>88 throughput_kbps>27792.084 goodput_kbps>18814.344 retrans>0 total_retrans>0 bytes_acked>17740057
05:34:44.646723 TCPINFO flow>1 window>0.100 samples>2 rtt_avg_us>32427 rtt_min_us>32427 rtt_max_us>32427 cwnd>78 cwnd_min>78 cwnd_max>78 throughput_kbps>0.000 goodput_kbps>0.000 retrans>0 total_retrans>0 bytes_acked>37510441
05:34:44.746413 TCPINFO flow>9 window>0.100 samples>213 rtt_avg_us>33139 rtt_min_us>32122 rtt_max_us>34558 cwnd>67 cwnd_min>67 cwnd_max>69 throughput_kbps>21564.530 goodput_kbps>22143.692 retrans>0 total_retrans>0 bytes_acked>7937593
05:34:44.807662 TCPINFO flow>2 window>0.161 samples>355 rtt_avg_us>32377 rtt_min_us>31682 rtt_max_us>34724 cwnd>77 cwnd_min>77 cwnd_max>85 throughput_kbps>25104.129 goodput_kbps>25898.982 retrans>0 total_retrans>0 bytes_acked>18262433
05:34:44.846698 TCPINFO flow>1 window>0.200 samples>3 rtt_avg_us>32427 rtt_min_us>32427 rtt_max_us>32427 cwnd>78 cwnd_min>78 cwnd_max>78 throughput_kbps>0.000 goodput_kbps>0.000 retrans>0 total_retrans>0 bytes_acked>37510441
05:34:44.861842 TCPINFO flow>9 window>0.115 samples>157 rtt_avg_us>32675 rtt_min_us>31870 rtt_max_us>34215 cwnd>68 cwnd_min>67 cwnd_max>68 throughput_kbps>21605.385 goodput_kbps>21481.742 retrans>0 total_retrans>0 bytes_acked>8247545
05:34:44.907676 TCPINFO flow>2 window>0.100 samples>221 rtt_avg_us>31919 rtt_min_us>31684 rtt_max_us>32383 cwnd>77 cwnd_min>75 cwnd_max>78 throughput_kbps>24590.477 goodput_kbps>24685.824 retrans>0 total_retrans>0 bytes_acked>18571049
05:34:44.962514 TCPINFO flow>9 window>0.101 samples>188 rtt_avg_us>32039 rtt_min_us>31922 rtt_max_us>32543 cwnd>70 cwnd_min>68 cwnd_max>70 throughput_kbps>21788.938 goodput_kbps>21542.912 retrans>0 total_retrans>0 bytes_acked>8518641
05:34:45.007786 TCPINFO flow>2 window>0.100 samples>315 rtt_avg_us>32003 rtt_min_us>31804 rtt_max_us>32443 cwnd>77 cwnd_min>75 cwnd_max>77 throughput_kbps>23685.945 goodput_kbps>23324.743 retrans>0 total_retrans>0 bytes_acked>18862929
05:34:45.046693 TCPINFO flow>1 window>0.200 samples>3 rtt_avg_us>32427 rtt_min_us>32427 rtt_max_us>32427 cwnd>78 cwnd_min>78 cwnd_max>78 throughput_kbps>0.000 goodput_kbps>0.000 retrans>0 total_retrans>0 bytes_acked>37510441
05:34:45.079087 TCPINFO flow>9 window>0.117 samples>221 rtt_avg_us>31930 rtt_min_us>31720 rtt_max_us>33204 cwnd>69 cwnd_min>69 cwnd_max>71 throughput_kbps>21830.921 goodput_kbps>21615.709 retrans>0 total_retrans>0 bytes_acked>8833617
05:34:45.146511 TCPINFO flow>2 window>0.139 samples>185 rtt_avg_us>32002 rtt_min_us>31819 rtt_max_us>33332 cwnd>73 cwnd_min>73 cwnd_max>77 throughput_kbps>23526.718 goodput_kbps>23718.638 retrans>0 total_retrans>0 bytes_acked>19274225
05:34:45.146713 TCPINFO flow>1 window>0.100 samples>2 rtt_avg_us>32427 rtt_min_us>32427 rtt_max_us>32427 cwnd>78 cwnd_min>78 cwnd_max>78 throughput_kbps>0.000 goodput_kbps>0.000 retrans>0 total_retrans>0 bytes_acked>37510441
05:34:45.188329 TCPINFO flow>9 window>0.109 samples>216 rtt_avg_us>31908 rtt_min_us>31689 rtt_max_us>32462 cwnd>69 cwnd_min>69 cwnd_max>70 throughput_kbps>22069.168 goodput_kbps>22656.195 retrans>0 total_retrans>0 bytes_acked>9142993
05:34:45.246563 TCPINFO flow>2 window>0.100 samples>240 rtt_avg_us>31932 rtt_min_us>31487 rtt_max_us>32393 cwnd>71 cwnd_min>71 cwnd_max>74 throughput_kbps>22605.205 goodput_kbps>23591.572 retrans>0 total_retrans>0 bytes_acked>19569273
05:34:45.290594 TCPINFO flow>9 window>0.102 samples>190 rtt_avg_us>32149 rtt_min_us>31745 rtt_max_us>32650 cwnd>64 cwnd_min>64 cwnd_max>69 throughput_kbps>21111.583 goodput_kbps>21425.121 retrans>0 total_retrans>0 bytes_acked>9416873
05:34:45.346693 TCPINFO flow>1 window>0.200 samples>3 rtt_avg_us>32427 rtt_min_us>32427 rtt_max_us>32427 cwnd>78 cwnd_min>78 cwnd_max>78 throughput_kbps>0.000 goodput_kbps>0.000 retrans>0 total_retrans>0 bytes_acked>37510441
05:34:45.412647 TCPINFO flow>9 window>0.122 samples>221 rtt_avg_us>32095 rtt_min_us>31781 rtt_max_us>32650 cwnd>65 cwnd_min>64 cwnd_max>66 throughput_kbps>20753.214 goodput_kbps>20753.214 retrans>0 total_retrans>0 bytes_acked>9733497
05:34:45.446298 TCPINFO flow>2 window>0.200 samples>35 rtt_avg_us>31576 rtt_min_us>31515 rtt_max_us>32189 cwnd>64 cwnd_min>64 cwnd_max>71 throughput_kbps>14062.793 goodput_kbps>17474.994 retrans>0 total_retrans>0 bytes_acked>20005569
05:34:45.446698 TCPINFO flow>1 window>0.100 samples>2 rtt_avg_us>32427 rtt_min_us>32427 rtt_max_us>32427 cwnd>78 cwnd_min>78 cwnd_max>78 throughput_kbps>0.000 goodput_kbps>0.000 retrans>0 total_retrans>0 bytes_acked>37510441
05:34:45.512698 TCPINFO flow>9 window>0.100 samples>179 rtt_avg_us>31821 rtt_min_us>31741 rtt_max_us>31908 cwnd>68 cwnd_min>65 cwnd_max>68 throughput_kbps>21365.104 goodput_kbps>20830.976 retrans>0 total_retrans>0 bytes_acked>9994017
05:34:45.546201 ON flow>3 srcPort>34831 dst>fd00:6::2/5203 
05:34:45.546299 TCPINFO flow>2 window>0.100 samples>2 rtt_avg_us>32189 rtt_min_us>32189 rtt_max_us>32189 cwnd>64 cwnd_min>64 cwnd_max>64 throughput_kbps>0.000 goodput_kbps>0.000 retrans>0 total_retrans>0 bytes_acked>20005569
05:34:45.546769 TCPINFO flow>1 window>0.100 samples>9 rtt_avg_us>32427 rtt_min_us>32427 rtt_max_us>32427 cwnd>78 cwnd_min>78 cwnd_max>78 throughput_kbps>213.608 goodput_kbps>0.000 retrans>0 total_retrans>0 bytes_acked>37510441
05:34:45.577898 CONNECT flow>3 srcPort>34831 dst>fd00:6::2/5203 
05:34:45.591395 SHUTDOWN flow>9 srcPort>39999 dst>fd00:6::2/5402 
05:34:45.646348 TCPINFO flow>2 window>0.100 samples>2 rtt_avg_us>32189 rtt_min_us>32189 rtt_max_us>32189 cwnd>64 cwnd_min>64 cwnd_max>64 throughput_kbps>0.000 goodput_kbps>0.000 retrans>0 total_retrans>0 bytes_acked>20005569
05:34:45.658254 TCPINFO flow>1 window>0.111 samples>429 rtt_avg_us>32227 rtt_min_us>31451 rtt_max_us>32449 cwnd>76 cwnd_min>76 cwnd_max>79 throughput_kbps>25021.913 goodput_kbps>18694.533 retrans>0 total_retrans>0 bytes_acked>37770961
05:34:45.691064 OFF flow>9 srcPort>39999 dst>fd00:6::2/5402 
05:34:45.746221 TCPINFO flow>3 window>0.168 samples>115 rtt_avg_us>31749 rtt_min_us>31532 rtt_max_us>31842 cwnd>16 cwnd_min>10 cwnd_max>26 throughput_kbps>5144.874 goodput_kbps>4197.445 retrans>0 total_retrans>0 bytes_acked>88289
05:34:45.767540 TCPINFO flow>1 window>0.109 samples>222 rtt_avg_us>32297 rtt_min_us>31870 rtt_max_us>32733 cwnd>78 cwnd_min>75 cwnd_max>78 throughput_kbps>24478.890 goodput_kbps>23825.339 retrans>0 total_retrans>0 bytes_acked>38096433
05:34:45.846222 TCPINFO flow>3 window>0.100 samples>62 rtt_avg_us>31665 rtt_min_us>31532 rtt_max_us>33123 cwnd>19 cwnd_min>16 cwnd_max>19 throughput_kbps>5557.704 goodput_kbps>5450.825 retrans>0 total_retrans>0 bytes_acked>156425
05:34:45.846294 TCPINFO flow>2 window>0.200 samples>3 rtt_avg_us>32189 rtt_min_us>32189 rtt_max_us>32189 cwnd>64 cwnd_min>64 cwnd_max>64 throughput_kbps>0.000 goodput_kbps>0.000 retrans>0 total_retrans>0 bytes_acked>20005569
05:34:45.867560 TCPINFO flow>1 window>0.100 samples>223 rtt_avg_us>31908 rtt_min_us>31685 rtt_max_us>32424 cwnd>81 cwnd_min>78 cwnd_max>81 throughput_kbps>25539.212 goodput_kbps>25505.299 retrans>0 total_retrans>0 bytes_acked>38415313
05:34:45.946303 TCPINFO flow>2 window>0.100 samples>2 rtt_avg_us>32189 rtt_min_us>32189 rtt_max_us>32189 cwnd>64 cwnd_min>64 cwnd_max>64 throughput_kbps>0.000 goodput_kbps>0.000 retrans>0 total_retrans>0 bytes_acked>20005569
05:34:45.967656 TCPINFO flow>1 window>0.100 samples>243 rtt_avg_us>31901 rtt_min_us>31721 rtt_max_us>32288 cwnd>82 cwnd_min>81 cwnd_max>82 throughput_kbps>26160.486 goodput_kbps>26053.708 retrans>0 total_retrans>0 bytes_acked>38741297
05:34:46.012238 TCPINFO flow>3 window>0.166 samples>65 rtt_avg_us>33140 rtt_min_us>33099 rtt_max_us>33189 cwnd>23 cwnd_min>19 cwnd_max>23 throughput_kbps>6631.072 goodput_kbps>6373.554 retrans>0 total_retrans>0 bytes_acked>288689
05:34:46.067675 TCPINFO flow>1 window>0.100 samples>235 rtt_avg_us>31891 rtt_min_us>31702 rtt_max_us>32483 cwnd>83 cwnd_min>82 cwnd_max>84 throughput_kbps>26501.205 goodput_kbps>26501.205 retrans>0 total_retrans>0 bytes_acked>39072625
05:34:46.118237 TCPINFO flow>3 window>0.106 samples>69 rtt_avg_us>33102 rtt_min_us>33099 rtt_max_us>33334 cwnd>26 cwnd_min>23 cwnd_max>26 throughput_kbps>7763.998 goodput_kbps>7562.335 retrans>0 total_retrans>0 bytes_acked>388889
05:34:46.146299 TCPINFO flow>2 window>0.200 samples>3 rtt_avg_us>32189 rtt_min_us>32189 rtt_max_us>32189 cwnd>64 cwnd_min>64 cwnd_max>64 throughput_kbps>0.000 goodput_kbps>0.000 retrans>0 total_retrans>0 bytes_acked>20005569
05:34:46.167755 TCPINFO flow>1 window>0.100 samples>230 rtt_avg_us>31991 rtt_min_us>31767 rtt_max_us>32325 cwnd>86 cwnd_min>83 cwnd_max>86 throughput_kbps>27339.408 goodput_kbps>26805.436 retrans>0 total_retrans>0 bytes_acked>39407961
05:34:46.246221 TCPINFO flow>3 window>0.128 samples>144 rtt_avg_us>33041 rtt_min_us>32675 rtt_max_us>33189 cwnd>30 cwnd_min>26 cwnd_max>30 throughput_kbps>8852.107 goodput_kbps>8518.065 retrans>0 total_retrans>0 bytes_acked>525161
05:34:46.346225 TCPINFO flow>3 window>0.100 samples>75 rtt_avg_us>33082 rtt_min_us>32607 rtt_max_us>33310 cwnd>32 cwnd_min>30 cwnd_max>32 throughput_kbps>9939.442 goodput_kbps>9618.815 retrans>0 total_retrans>0 bytes_acked>645401
05:34:46.346298 TCPINFO flow>2 window>0.200 samples>3 rtt_avg_us>32189 rtt_min_us>32189 rtt_max_us>32189 cwnd>64 cwnd_min>64 cwnd_max>64 throughput_kbps>0.000 goodput_kbps>0.000 retrans>0 total_retrans>0 bytes_acked>20005569
05:34:46.346699 TCPINFO flow>1 window>0.179 samples>147 rtt_avg_us>31781 rtt_min_us>31622 rtt_max_us>32217 cwnd>87 cwnd_min>86 cwnd_max>87 throughput_kbps>22128.040 goodput_kbps>26966.023 retrans>0 total_retrans>0 bytes_acked>40011137
05:34:46.446304 TCPINFO flow>2 window>0.100 samples>2 rtt_avg_us>32189 rtt_min_us>32189 rtt_max_us>32189 cwnd>64 cwnd_min>64 cwnd_max>64 throughput_kbps>0.000 goodput_kbps>0.000 retrans>0 total_retrans>0 bytes_acked>20005569
05:34:46.449236 TCPINFO flow>3 window>0.103 samples>73 rtt_avg_us>32249 rtt_min_us>32225 rtt_max_us>32677 cwnd>35 cwnd_min>32 cwnd_max>35 throughput_kbps>10894.371 goodput_kbps>10790.615 retrans>0 total_retrans>0 bytes_acked>784345
05:34:46.546349 TCPINFO flow>2 window>0.100 samples>5 rtt_avg_us>32189 rtt_min_us>32189 rtt_max_us>32189 cwnd>64 cwnd_min>64 cwnd_max>64 throughput_kbps>106.832 goodput_kbps>0.000 retrans>0 total_retrans>0 bytes_acked>20005569
05:34:46.546694 TCPINFO flow>1 window>0.200 samples>3 rtt_avg_us>31864 rtt_min_us>31864 rtt_max_us>31864 cwnd>87 cwnd_min>87 cwnd_max>87 throughput_kbps>0.000 goodput_kbps>0.000 retrans>0 total_retrans>0 bytes_acked>40011137
05:34:46.572457 TCPINFO flow>3 window>0.123 samples>131 rtt_avg_us>32424 rtt_min_us>32176 rtt_max_us>32677 cwnd>39 cwnd_min>35 cwnd_max>39 throughput_kbps>12056.646 goodput_kbps>11796.431 retrans>0 total_retrans>0 bytes_acked>966041
05:34:46.646699 TCPINFO flow>1 window>0.100 samples>2 rtt_avg_us>31864 rtt_min_us>31864 rtt_max_us>31864 cwnd>87 cwnd_min>87 cwnd_max>87 throughput_kbps>0.000 goodput_kbps>0.000 retrans>0 total_retrans>0 bytes_acked>40011137
05:34:46.665454 TCPINFO flow>2 window>0.119 samples>380 rtt_avg_us>32136 rtt_min_us>31518 rtt_max_us>32369 cwnd>64 cwnd_min>64 cwnd_max>66 throughput_kbps>20998.212 goodput_kbps>15703.791 retrans>0 total_retrans>0 bytes_acked>20239369
05:34:46.699164 TCPINFO flow>3 window>0.127 samples>135 rtt_avg_us>32460 rtt_min_us>32237 rtt_max_us>32884 cwnd>42 cwnd_min>39 cwnd_max>42 throughput_kbps>12720.497 goodput_kbps>12130.032 retrans>0 total_retrans>0 bytes_acked>1158161
05:34:46.746717 TCPINFO flow>1 window>0.100 samples>2 rtt_avg_us>31864 rtt_min_us>31864 rtt_max_us>31864 cwnd>87 cwnd_min>87 cwnd_max>87 throughput_kbps>0.000 goodput_kbps>0.000 retrans>0 total_retrans>0 bytes_acked>40011137
05:34:46.765456 TCPINFO flow>2 window>0.100 samples>215 rtt_avg_us>32062 rtt_min_us>31893 rtt_max_us>32375 cwnd>65 cwnd_min>64 cwnd_max>66 throughput_kbps>20932.061 goodput_kbps>20504.550 retrans>0 total_retrans>0 bytes_acked>20495681
05:34:46.803350 TCPINFO flow>3 window>0.104 samples>128 rtt_avg_us>32675 rtt_min_us>32132 rtt_max_us>33114 cwnd>44 cwnd_min>42 cwnd_max>44 throughput_kbps>13746.492 goodput_kbps>13746.492 retrans>0 total_retrans>0 bytes_acked>1337185
05:34:46.865459 TCPINFO flow>2 window>0.100 samples>178 rtt_avg_us>32102 rtt_min_us>31862 rtt_max_us>32501 cwnd>64 cwnd_min>64 cwnd_max>65 throughput_kbps>20520.344 goodput_kbps>20947.852 retrans>0 total_retrans>0 bytes_acked>20757537
05:34:46.941740 TCPINFO flow>3 window>0.138 samples>176 rtt_avg_us>32479 rtt_min_us>32108 rtt_max_us>33114 cwnd>48 cwnd_min>44 cwnd_max>48 throughput_kbps>14673.893 goodput_kbps>14364.969 retrans>0 total_retrans>0 bytes_acked>1585681
05:34:46.946694 TCPINFO flow>1 window>0.200 samples>3 rtt_avg_us>31864 rtt_min_us>31864 rtt_max_us>31864 cwnd>87 cwnd_min>87 cwnd_max>87 throughput_kbps>0.000 goodput_kbps>0.000 retrans>0 total_retrans>0 bytes_acked>40011137
05:34:46.965547 TCPINFO flow>2 window>0.100 samples>188 rtt_avg_us>32024 rtt_min_us>31870 rtt_max_us>32326 cwnd>67 cwnd_min>64 cwnd_max>67 throughput_kbps>21357.206 goodput_kbps>20930.062 retrans>0 total_retrans>0 bytes_acked>21019393
05:34:47.046221 TCPINFO flow>3 window>0.104 samples>219 rtt_avg_us>32257 rtt_min_us>31882 rtt_max_us>33013 cwnd>50 cwnd_min>48 cwnd_max>50 throughput_kbps>15446.713 goodput_kbps>15446.713 retrans>0 total_retrans>0 bytes_acked>1787417
05:34:47.046699 TCPINFO flow>1 window>0.100 samples>2 rtt_avg_us>31864 rtt_min_us>31864 rtt_max_us>31864 cwnd>87 cwnd_min>87 cwnd_max>87 throughput_kbps>0.000 goodput_kbps>0.000 retrans>0 total_retrans>0 bytes_acked>40011137
05:34:47.065547 TCPINFO flow>2 window>0.100 samples>218 rtt_avg_us>32021 rtt_min_us>31715 rtt_max_us>32787 cwnd>67 cwnd_min>66 cwnd_max>68 throughput_kbps>21162.240 goodput_kbps>21589.760 retrans>0 total_retrans>0 bytes_acked>21289265
05:34:47.146222 TCPINFO flow>3 window>0.100 samples>100 rtt_avg_us>32276 rtt_min_us>32168 rtt_max_us>33013 cwnd>52 cwnd_min>50 cwnd_max>52 throughput_kbps>16245.598 goodput_kbps>15497.445 retrans>0 total_retrans>0 bytes_acked>1981137
05:34:47.165548 TCPINFO flow>2 window>0.100 samples>192 rtt_avg_us>32170 rtt_min_us>31962 rtt_max_us>32650 cwnd>67 cwnd_min>66 cwnd_max>68 throughput_kbps>21162.028 goodput_kbps>20734.513 retrans>0 total_retrans>0 bytes_acked>21548449
05:34:47.246696 TCPINFO flow>1 window>0.200 samples>3 rtt_avg_us>31864 rtt_min_us>31864 rtt_max_us>31864 cwnd>87 cwnd_min>87 cwnd_max>87 throughput_kbps>0.000 goodput_kbps>0.000 retrans>0 total_retrans>0 bytes_acked>40011137
05:34:47.289762 TCPINFO flow>3 window>0.144 samples>179 rtt_avg_us>32155 rtt_min_us>32064 rtt_max_us>32469 cwnd>55 cwnd_min>52 cwnd_max>55 throughput_kbps>17200.279 goodput_kbps>17274.739 retrans>0 total_retrans>0 bytes_acked>2291089
05:34:47.328303 TCPINFO flow>2 window>0.163 samples>228 rtt_avg_us>32072 rtt_min_us>31724 rtt_max_us>32729 cwnd>70 cwnd_min>67 cwnd_max>70 throughput_kbps>21661.811 goodput_kbps>21999.201 retrans>0 total_retrans>0 bytes_acked>21996009
05:34:47.346698 TCPINFO flow>1 window>0.100 samples>2 rtt_avg_us>31864 rtt_min_us>31864 rtt_max_us>31864 cwnd>87 cwnd_min>87 cwnd_max>87 throughput_kbps>0.000 goodput_kbps>0.000 retrans>0 total_retrans>0 bytes_acked>40011137
05:34:47.446239 TCPINFO flow>3 window>0.156 samples>64 rtt_avg_us>32287 rtt_min_us>32136 rtt_max_us>32469 cwnd>58 cwnd_min>55 cwnd_max>58 throughput_kbps>7232.859 goodput_kbps>10716.361 retrans>0 total_retrans>0 bytes_acked>2500697
05:34:47.446299 TCPINFO flow>2 window>0.118 samples>134 rtt_avg_us>32059 rtt_min_us>31868 rtt_max_us>32346 cwnd>73 cwnd_min>70 cwnd_max>73 throughput_kbps>22903.014 goodput_kbps>22165.904 retrans>0 total_retrans>0 bytes_acked>22322945
05:34:47.446737 TCPINFO flow>1 window>0.100 samples>2 rtt_avg_us>31864 rtt_min_us>31864 rtt_max_us>31864 cwnd>87 cwnd_min>87 cwnd_max>87 throughput_kbps>0.000 goodput_kbps>0.000 retrans>0 total_retrans>0 bytes_acked>40011137
05:34:47.546243 TCPINFO flow>3 window>0.100 samples>4 rtt_avg_us>32274 rtt_min_us>32274 rtt_max_us>32274 cwnd>58 cwnd_min>58 cwnd_max>58 throughput_kbps>106.876 goodput_kbps>0.000 retrans>0 total_retrans>0 bytes_acked>2500697
05:34:47.546745 TCPINFO flow>1 window>0.100 samples>9 rtt_avg_us>31864 rtt_min_us>31864 rtt_max_us>31864 cwnd>87 cwnd_min>87 cwnd_max>87 throughput_kbps>320.614 goodput_kbps>0.000 retrans>0 total_retrans>0 bytes_acked>40011137
05:34:47.646245 TCPINFO flow>3 window>0.100 samples>254 rtt_avg_us>32323 rtt_min_us>31971 rtt_max_us>32643 cwnd>59 cwnd_min>58 cwnd_max>59 throughput_kbps>18123.798 goodput_kbps>12127.117 retrans>0 total_retrans>0 bytes_acked>2652289
05:34:47.646296 TCPINFO flow>2 window>0.200 samples>3 rtt_avg_us>32092 rtt_min_us>31869 rtt_max_us>32204 cwnd>75 cwnd_min>73 cwnd_max>75 throughput_kbps>3752.376 goodput_kbps>7332.910 retrans>0 total_retrans>0 bytes_acked>22506265
05:34:47.669063 TCPINFO flow>1 window>0.122 samples>456 rtt_avg_us>32052 rtt_min_us>31781 rtt_max_us>34348 cwnd>85 cwnd_min>85 cwnd_max>88 throughput_kbps>26688.206 goodput_kbps>20047.417 retrans>0 total_retrans>0 bytes_acked>40317657
05:34:47.746266 TCPINFO flow>3 window>0.100 samples>117 rtt_avg_us>32154 rtt_min_us>31971 rtt_max_us>32354 cwnd>60 cwnd_min>59 cwnd_max>60 throughput_kbps>18637.366 goodput_kbps>18757.021 retrans>0 total_retrans>0 bytes_acked>2886801
05:34:47.769077 TCPINFO flow>1 window>0.100 samples>335 rtt_avg_us>32196 rtt_min_us>31789 rtt_max_us>32798 cwnd>84 cwnd_min>84 cwnd_max>86 throughput_kbps>27036.855 goodput_kbps>26823.125 retrans>0 total_retrans>0 bytes_acked>40652993
05:34:47.846294 TCPINFO flow>2 window>0.200 samples>3 rtt_avg_us>32204 rtt_min_us>32204 rtt_max_us>32204 cwnd>75 cwnd_min>75 cwnd_max>75 throughput_kbps>0.000 goodput_kbps>0.000 retrans>0 total_retrans>0 bytes_acked>22506265
05:34:47.859356 TCPINFO flow>3 window>0.113 samples>172 rtt_avg_us>32391 rtt_min_us>32052 rtt_max_us>33233 cwnd>57 cwnd_min>57 cwnd_max>60 throughput_kbps>18429.216 goodput_kbps>18711.610 retrans>0 total_retrans>0 bytes_acked>3151313
05:34:47.869151 TCPINFO flow>1 window>0.100 samples>230 rtt_avg_us>32681 rtt_min_us>31811 rtt_max_us>33336 cwnd>82 cwnd_min>81 cwnd_max>84 throughput_kbps>26120.191 goodput_kbps>26013.390 retrans>0 total_retrans>0 bytes_acked>40978401
05:34:47.946295 TCPINFO flow>2 window>0.100 samples>2 rtt_avg_us>32204 rtt_min_us>32204 rtt_max_us>32204 cwnd>75 cwnd_min>75 cwnd_max>75 throughput_kbps>0.000 goodput_kbps>0.000 retrans>0 total_retrans>0 bytes_acked>22506265
05:34:47.976473 TCPINFO flow>3 window>0.117 samples>171 rtt_avg_us>32600 rtt_min_us>31985 rtt_max_us>33233 cwnd>54 cwnd_min>54 cwnd_max>57 throughput_kbps>16737.587 goodput_kbps>16888.957 retrans>0 total_retrans>0 bytes_acked>3398561
05:34:48.046296 TCPINFO flow>2 window>0.100 samples>2 rtt_avg_us>32204 rtt_min_us>32204 rtt_max_us>32204 cwnd>75 cwnd_min>75 cwnd_max>75 throughput_kbps>0.000 goodput_kbps>0.000 retrans>0 total_retrans>0 bytes_acked>22506265
05:34:48.046695 TCPINFO flow>1 window>0.178 samples>284 rtt_avg_us>32265 rtt_min_us>31859 rtt_max_us>33119 cwnd>71 cwnd_min>71 cwnd_max>82 throughput_kbps>23693.237 goodput_kbps>24536.025 retrans>0 total_retrans>0 bytes_acked>41522929
05:34:48.095805 TCPINFO flow>3 window>0.119 samples>177 rtt_avg_us>32435 rtt_min_us>32025 rtt_max_us>33240 cwnd>52 cwnd_min>52 cwnd_max>55 throughput_kbps>17106.962 goodput_kbps>17137.532 retrans>0 total_retrans>0 bytes_acked>3654193
05:34:48.146307 TCPINFO flow>2 window>0.100 samples>2 rtt_avg_us>32204 rtt_min_us>32204 rtt_max_us>32204 cwnd>75 cwnd_min>75 cwnd_max>75 throughput_kbps>0.000 goodput_kbps>0.000 retrans>0 total_retrans>0 bytes_acked>22506265
05:34:48.146699 TCPINFO flow>1 window>0.100 samples>222 rtt_avg_us>32244 rtt_min_us>31915 rtt_max_us>32866 cwnd>68 cwnd_min>68 cwnd_max>72 throughput_kbps>21588.896 goodput_kbps>21802.648 retrans>0 total_retrans>0 bytes_acked>41795473
05:34:48.217076 TCPINFO flow>3 window>0.121 samples>177 rtt_avg_us>32428 rtt_min_us>31937 rtt_max_us>32863 cwnd>51 cwnd_min>51 cwnd_max>52 throughput_kbps>16216.507 goodput_kbps>16657.173 retrans>0 total_retrans>0 bytes_acked>3906697
05:34:48.246321 TCPINFO flow>2 window>0.100 samples>2 rtt_avg_us>32204 rtt_min_us>32204 rtt_max_us>32204 cwnd>75 cwnd_min>75 cwnd_max>75 throughput_kbps>0.000 goodput_kbps>0.000 retrans>0 total_retrans>0 bytes_acked>22506265
05:34:48.342169 TCPINFO flow>3 window>0.125 samples>178 rtt_avg_us>32358 rtt_min_us>31960 rtt_max_us>32704 cwnd>51 cwnd_min>50 cwnd_max>51 throughput_kbps>16575.444 goodput_kbps>16490.003 retrans>0 total_retrans>0 bytes_acked>4164545
05:34:48.346695 TCPINFO flow>1 window>0.200 samples>201 rtt_avg_us>32376 rtt_min_us>31795 rtt_max_us>32708 cwnd>65 cwnd_min>65 cwnd_max>68 throughput_kbps>20895.458 goodput_kbps>21109.222 retrans>0 total_retrans>0 bytes_acked>42323193
05:34:48.446220 TCPINFO flow>3 window>0.104 samples>177 rtt_avg_us>32214 rtt_min_us>31947 rtt_max_us>32896 cwnd>52 cwnd_min>51 cwnd_max>52 throughput_kbps>16640.455 goodput_kbps>16229.580 retrans>0 total_retrans>0 bytes_acked>4375633
05:34:48.446293 TCPINFO flow>2 window>0.200 samples>3 rtt_avg_us>32204 rtt_min_us>32204 rtt_max_us>32204 cwnd>75 cwnd_min>75 cwnd_max>75 throughput_kbps>0.000 goodput_kbps>0.000 retrans>0 total_retrans>0 bytes_acked>22506265
05:34:48.446697 TCPINFO flow>1 window>0.100 samples>2 rtt_avg_us>31842 rtt_min_us>31795 rtt_max_us>31889 cwnd>66 cwnd_min>65 cwnd_max>66 throughput_kbps>8464.471 goodput_kbps>15090.898 retrans>0 total_retrans>0 bytes_acked>42511833
05:34:48.546226 TCPINFO flow>3 window>0.100 samples>177 rtt_avg_us>32193 rtt_min_us>32079 rtt_max_us>32511 cwnd>55 cwnd_min>52 cwnd_max>55 throughput_kbps>16886.027 goodput_kbps>16672.280 retrans>0 total_retrans>0 bytes_acked>4584049
05:34:48.546297 TCPINFO flow>2 window>0.100 samples>4 rtt_avg_us>32204 rtt_min_us>32204 rtt_max_us>32204 cwnd>75 cwnd_min>75 cwnd_max>75 throughput_kbps>106.876 goodput_kbps>0.000 retrans>0 total_retrans>0 bytes_acked>22506265
05:34:48.646298 TCPINFO flow>2 window>0.100 samples>368 rtt_avg_us>32179 rtt_min_us>31611 rtt_max_us>32503 cwnd>77 cwnd_min>75 cwnd_max>77 throughput_kbps>24689.033 goodput_kbps>16566.234 retrans>0 total_retrans>0 bytes_acked>22713345
05:34:48.646698 TCPINFO flow>1 window>0.200 samples>3 rtt_avg_us>31889 rtt_min_us>31889 rtt_max_us>31889 cwnd>66 cwnd_min>66 cwnd_max>66 throughput_kbps>0.000 goodput_kbps>0.000 retrans>0 total_retrans>0 bytes_acked>42511833
05:34:48.649926 TCPINFO flow>3 window>0.104 samples>90 rtt_avg_us>32329 rtt_min_us>32175 rtt_max_us>33047 cwnd>58 cwnd_min>55 cwnd_max>58 throughput_kbps>17933.578 goodput_kbps>17727.445 retrans>0 total_retrans>0 bytes_acked>4813841
05:34:48.746302 TCPINFO flow>2 window>0.100 samples>258 rtt_avg_us>32506 rtt_min_us>31651 rtt_max_us>33059 cwnd>78 cwnd_min>77 cwnd_max>78 throughput_kbps>24717.731 goodput_kbps>25222.671 retrans>0 total_retrans>0 bytes_acked>23028641
05:34:48.846243 TCPINFO flow>3 window>0.196 samples>41 rtt_avg_us>33114 rtt_min_us>32559 rtt_max_us>35260 cwnd>59 cwnd_min>58 cwnd_max>59 throughput_kbps>4648.482 goodput_kbps>7642.823 retrans>0 total_retrans>0 bytes_acked>5001393
05:34:48.846694 TCPINFO flow>1 window>0.200 samples>3 rtt_avg_us>31889 rtt_min_us>31889 rtt_max_us>31889 cwnd>66 cwnd_min>66 cwnd_max>66 throughput_kbps>0.000 goodput_kbps>0.000 retrans>0 total_retrans>0 bytes_acked>42511833
05:34:48.907158 TCPINFO flow>2 window>0.161 samples>292 rtt_avg_us>31848 rtt_min_us>31651 rtt_max_us>32871 cwnd>82 cwnd_min>78 cwnd_max>82 throughput_kbps>25049.585 goodput_kbps>24802.109 retrans>0 total_retrans>0 bytes_acked>23527337
05:34:49.046242 TCPINFO flow>3 window>0.200 samples>3 rtt_avg_us>35260 rtt_min_us>35260 rtt_max_us>35260 cwnd>59 cwnd_min>59 cwnd_max>59 throughput_kbps>0.000 goodput_kbps>0.000 retrans>0 total_retrans>0 bytes_acked>5001393
05:34:49.046295 TCPINFO flow>2 window>0.139 samples>354 rtt_avg_us>32179 rtt_min_us>31741 rtt_max_us>33021 cwnd>85 cwnd_min>81 cwnd_max>85 throughput_kbps>26732.099 goodput_kbps>26578.466 retrans>0 total_retrans>0 bytes_acked>23989593
05:34:49.046695 TCPINFO flow>1 window>0.200 samples>3 rtt_avg_us>31889 rtt_min_us>31889 rtt_max_us>31889 cwnd>66 cwnd_min>66 cwnd_max>66 throughput_kbps>0.000 goodput_kbps>0.000 retrans>0 total_retrans>0 bytes_acked>42511833
05:34:49.146707 TCPINFO flow>1 window>0.100 samples>2 rtt_avg_us>31889 rtt_min_us>31889 rtt_max_us>31889 cwnd>66 cwnd_min>66 cwnd_max>66 throughput_kbps>0.000 goodput_kbps>0.000 retrans>0 total_retrans>0 bytes_acked>42511833
05:34:49.155284 TCPINFO flow>2 window>0.109 samples>224 rtt_avg_us>32156 rtt_min_us>31666 rtt_max_us>33132 cwnd>88 cwnd_min>85 cwnd_max>88 throughput_kbps>28046.574 goodput_kbps>27752.379 retrans>0 total_retrans>0 bytes_acked>24367681
05:34:49.246229 TCPINFO flow>3 window>0.200 samples>3 rtt_avg_us>35260 rtt_min_us>35260 rtt_max_us>35260 cwnd>59 cwnd_min>59 cwnd_max>59 throughput_kbps>0.000 goodput_kbps>0.000 retrans>0 total_retrans>0 bytes_acked>5001393
05:34:49.346236 TCPINFO flow>3 window>0.100 samples>2 rtt_avg_us>35260 rtt_min_us>35260 rtt_max_us>35260 cwnd>59 cwnd_min>59 cwnd_max>59 throughput_kbps>0.000 goodput_kbps>0.000 retrans>0 total_retrans>0 bytes_acked>5001393
05:34:49.346301 TCPINFO flow>2 window>0.191 samples>235 rtt_avg_us>32044 rtt_min_us>31658 rtt_max_us>32707 cwnd>93 cwnd_min>88 cwnd_max>93 throughput_kbps>22241.539 goodput_kbps>26773.743 retrans>0 total_retrans>0 bytes_acked>25006961
05:34:49.346704 TCPINFO flow>1 window>0.200 samples>3 rtt_avg_us>31889 rtt_min_us>31889 rtt_max_us>31889 cwnd>66 cwnd_min>66 cwnd_max>66 throughput_kbps>0.000 goodput_kbps>0.000 retrans>0 total_retrans>0 bytes_acked>42511833
05:34:49.446244 TCPINFO flow>3 window>0.100 samples>2 rtt_avg_us>35260 rtt_min_us>35260 rtt_max_us>35260 cwnd>59 cwnd_min>59 cwnd_max>59 throughput_kbps>0.000 goodput_kbps>0.000 retrans>0 total_retrans>0 bytes_acked>5001393
05:34:49.446711 TCPINFO flow>1 window>0.100 samples>2 rtt_avg_us>31889 rtt_min_us>31889 rtt_max_us>31889 cwnd>66 cwnd_min>66 cwnd_max>66 throughput_kbps>0.000 goodput_kbps>0.000 retrans>0 total_retrans>0 bytes_acked>42511833
05:34:49.546265 TCPINFO flow>3 window>0.100 samples>4 rtt_avg_us>35260 rtt_min_us>35260 rtt_max_us>35260 cwnd>59 cwnd_min>59 cwnd_max>59 throughput_kbps>106.858 goodput_kbps>0.000 retrans>0 total_retrans>0 bytes_acked>5001393
05:34:49.546296 TCPINFO flow>2 window>0.200 samples>3 rtt_avg_us>31773 rtt_min_us>31773 rtt_max_us>31773 cwnd>93 cwnd_min>93 cwnd_max>93 throughput_kbps>0.000 goodput_kbps>0.000 retrans>0 total_retrans>0 bytes_acked>25006961
05:34:49.546763 TCPINFO flow>1 window>0.100 samples>9 rtt_avg_us>31889 rtt_min_us>31889 rtt_max_us>31889 cwnd>66 cwnd_min>66 cwnd_max>66 throughput_kbps>213.649 goodput_kbps>0.000 retrans>0 total_retrans>0 bytes_acked>42511833
05:34:49.646298 TCPINFO flow>2 window>0.100 samples>2 rtt_avg_us>31773 rtt_min_us>31773 rtt_max_us>31773 cwnd>93 cwnd_min>93 cwnd_max>93 throughput_kbps>0.000 goodput_kbps>0.000 retrans>0 total_retrans>0 bytes_acked>25006961
05:34:49.672227 TCPINFO flow>1 window>0.125 samples>428 rtt_avg_us>31851 rtt_min_us>31579 rtt_max_us>32528 cwnd>67 cwnd_min>66 cwnd_max>68 throughput_kbps>21211.758 goodput_kbps>16100.491 retrans>0 total_retrans>0 bytes_acked>42764337
05:34:49.676081 TCPINFO flow>3 window>0.130 samples>255 rtt_avg_us>34415 rtt_min_us>32242 rtt_max_us>35260 cwnd>61 cwnd_min>59 cwnd_max>61 throughput_kbps>18689.345 goodput_kbps>14373.082 retrans>0 total_retrans>0 bytes_acked>5234625
05:34:49.777407 TCPINFO flow>3 window>0.101 samples>170 rtt_avg_us>32184 rtt_min_us>31960 rtt_max_us>32727 cwnd>63 cwnd_min>61 cwnd_max>63 throughput_kbps>19329.609 goodput_kbps>19127.489 retrans>0 total_retrans>0 bytes_acked>5476889
05:34:49.784503 TCPINFO flow>1 window>0.112 samples>199 rtt_avg_us>32285 rtt_min_us>31848 rtt_max_us>32683 cwnd>70 cwnd_min>67 cwnd_max>70 throughput_kbps>21513.841 goodput_kbps>20847.483 retrans>0 total_retrans>0 bytes_acked>43056921
05:34:49.846293 TCPINFO flow>2 window>0.200 samples>3 rtt_avg_us>31773 rtt_min_us>31773 rtt_max_us>31773 cwnd>93 cwnd_min>93 cwnd_max>93 throughput_kbps>0.000 goodput_kbps>0.000 retrans>0 total_retrans>0 bytes_acked>25006961
05:34:49.877473 TCPINFO flow>3 window>0.100 samples>180 rtt_avg_us>32153 rtt_min_us>31903 rtt_max_us>32442 cwnd>64 cwnd_min>63 cwnd_max>64 throughput_kbps>20570.104 goodput_kbps>19903.024 retrans>0 total_retrans>0 bytes_acked>5725841
05:34:49.896784 TCPINFO flow>1 window>0.112 samples>223 rtt_avg_us>32176 rtt_min_us>31927 rtt_max_us>32683 cwnd>71 cwnd_min>70 cwnd_max>71 throughput_kbps>22601.580 goodput_kbps>22791.959 retrans>0 total_retrans>0 bytes_acked>43376809
05:34:49.946299 TCPINFO flow>2 window>0.100 samples>2 rtt_avg_us>31773 rtt_min_us>31773 rtt_max_us>31773 cwnd>93 cwnd_min>93 cwnd_max>93 throughput_kbps>0.000 goodput_kbps>0.000 retrans>0 total_retrans>0 bytes_acked>25006961
05:34:49.977483 TCPINFO flow>3 window>0.100 samples>180 rtt_avg_us>32191 rtt_min_us>32026 rtt_max_us>32554 cwnd>65 cwnd_min>64 cwnd_max>66 throughput_kbps>20732.647 goodput_kbps>20688.491 retrans>0 total_retrans>0 bytes_acked>5984473
05:34:50.010338 TCPINFO flow>1 window>0.114 samples>222 rtt_avg_us>32252 rtt_min_us>31930 rtt_max_us>32717 cwnd>69 cwnd_min>69 cwnd_max>71 throughput_kbps>22589.429 goodput_kbps>22589.429 retrans>0 total_retrans>0 bytes_acked>43697449
05:34:50.083513 TCPINFO flow>3 window>0.106 samples>187 rtt_avg_us>32350 rtt_min_us>32004 rtt_max_us>32797 cwnd>65 cwnd_min>65 cwnd_max>66 throughput_kbps>20872.583 goodput_kbps>21067.547 retrans>0 total_retrans>0 bytes_acked>6263697
05:34:50.110358 TCPINFO flow>1 window>0.100 samples>220 rtt_avg_us>32526 rtt_min_us>31898 rtt_max_us>32894 cwnd>69 cwnd_min>69 cwnd_max>71 throughput_kbps>22440.312 goodput_kbps>22333.453 retrans>0 total_retrans>0 bytes_acked>43976673
05:34:50.146294 TCPINFO flow>2 window>0.200 samples>3 rtt_avg_us>31773 rtt_min_us>31773 rtt_max_us>31773 cwnd>93 cwnd_min>93 cwnd_max>93 throughput_kbps>0.000 goodput_kbps>0.000 retrans>0 total_retrans>0 bytes_acked>25006961
05:34:50.185834 TCPINFO flow>3 window>0.102 samples>177 rtt_avg_us>32539 rtt_min_us>31964 rtt_max_us>33824 cwnd>64 cwnd_min>64 cwnd_max>66 throughput_kbps>20055.472 goodput_kbps>20062.353 retrans>0 total_retrans>0 bytes_acked>6520297
05:34:50.210373 TCPINFO flow>1 window>0.100 samples>222 rtt_avg_us>32562 rtt_min_us>31909 rtt_max_us>33109 cwnd>70 cwnd_min>69 cwnd_max>70 throughput_kbps>21586.522 goodput_kbps>21800.250 retrans>0 total_retrans>0 bytes_acked>44249217
05:34:50.289152 TCPINFO flow>3 window>0.103 samples>177 rtt_avg_us>32288 rtt_min_us>31848 rtt_max_us>33715 cwnd>64 cwnd_min>64 cwnd_max>64 throughput_kbps>19655.046 goodput_kbps>19861.941 retrans>0 total_retrans>0 bytes_acked>6776809
05:34:50.323296 TCPINFO flow>1 window>0.113 samples>153 rtt_avg_us>32184 rtt_min_us>31850 rtt_max_us>32492 cwnd>69 cwnd_min>69 cwnd_max>70 throughput_kbps>21748.200 goodput_kbps>21558.903 retrans>0 total_retrans>0 bytes_acked>44553529
05:34:50.346301 TCPINFO flow>2 window>0.200 samples>3 rtt_avg_us>31773 rtt_min_us>31773 rtt_max_us>31773 cwnd>93 cwnd_min>93 cwnd_max>93 throughput_kbps>0.000 goodput_kbps>0.000 retrans>0 total_retrans>0 bytes_acked>25006961
05:34:50.411217 TCPINFO flow>3 window>0.122 samples>222 rtt_avg_us>32601 rtt_min_us>31981 rtt_max_us>33846 cwnd>63 cwnd_min>63 cwnd_max>64 throughput_kbps>20576.578 goodput_kbps>20751.698 retrans>0 total_retrans>0 bytes_acked>7093441
05:34:50.446699 TCPINFO flow>1 window>0.123 samples>63 rtt_avg_us>31827 rtt_min_us>31801 rtt_max_us>32302 cwnd>69 cwnd_min>68 cwnd_max>69 throughput_kbps>21999.076 goodput_kbps>22085.687 retrans>0 total_retrans>0 bytes_acked>44894209
05:34:50.515119 TCPINFO flow>3 window>0.104 samples>177 rtt_avg_us>32387 rtt_min_us>31958 rtt_max_us>32621 cwnd>64 cwnd_min>62 cwnd_max>64 throughput_kbps>20367.500 goodput_kbps>19956.035 retrans>0 total_retrans>0 bytes_acked>7352625
05:34:50.546178 ON flow>10 srcPort>35791 dst>fd00:6::2/5403 
05:34:50.546217 TCPINFO flow>2 window>0.200 samples>3 rtt_avg_us>31773 rtt_min_us>31773 rtt_max_us>31773 cwnd>93 cwnd_min>93 cwnd_max>93 throughput_kbps>53.462 goodput_kbps>0.000 retrans>0 total_retrans>0 bytes_acked>25006961
05:34:50.546704 TCPINFO flow>1 window>0.100 samples>2 rtt_avg_us>32377 rtt_min_us>32302 rtt_max_us>32452 cwnd>68 cwnd_min>68 cwnd_max>69 throughput_kbps>2304.525 goodput_kbps>9465.127 retrans>0 total_retrans>0 bytes_acked>45012529
05:34:50.581878 CONNECT flow>10 srcPort>35791 dst>fd00:6::2/5403 
05:34:50.646211 TCPINFO flow>3 window>0.131 samples>3 rtt_avg_us>32152 rtt_min_us>31958 rtt_max_us>32257 cwnd>66 cwnd_min>64 cwnd_max>66 throughput_kbps>4229.335 goodput_kbps>9121.167 retrans>0 total_retrans>0 bytes_acked>7502089
05:34:50.646307 TCPINFO flow>2 window>0.100 samples>440 rtt_avg_us>31759 rtt_min_us>31577 rtt_max_us>32493 cwnd>95 cwnd_min>93 cwnd_max>95 throughput_kbps>30219.842 goodput_kbps>20182.156 retrans>0 total_retrans>0 bytes_acked>25259465
05:34:50.688716 TCPINFO flow>10 window>0.107 samples>137 rtt_avg_us>33797 rtt_min_us>31842 rtt_max_us>35677 cwnd>59 cwnd_min>10 cwnd_max>59 throughput_kbps>9107.499 goodput_kbps>4812.345 retrans>0 total_retrans>0 bytes_acked>64241
05:34:50.746217 TCPINFO flow>3 window>0.100 samples>2 rtt_avg_us>32240 rtt_min_us>32240 rtt_max_us>32240 cwnd>66 cwnd_min>66 cwnd_max>66 throughput_kbps>0.000 goodput_kbps>0.000 retrans>0 total_retrans>0 bytes_acked>7502089
05:34:50.746698 TCPINFO flow>1 window>0.200 samples>3 rtt_avg_us>32452 rtt_min_us>32452 rtt_max_us>32452 cwnd>68 cwnd_min>68 cwnd_max>68 throughput_kbps>0.000 goodput_kbps>0.000 retrans>0 total_retrans>0 bytes_acked>45012529
05:34:50.776715 TCPINFO flow>2 window>0.130 samples>290 rtt_avg_us>32272 rtt_min_us>31672 rtt_max_us>33388 cwnd>95 cwnd_min>95 cwnd_max>97 throughput_kbps>30652.353 goodput_kbps>31144.102 retrans>0 total_retrans>0 bytes_acked>25767145
05:34:50.846207 TCPINFO flow>10 window>0.157 samples>277 rtt_avg_us>32222 rtt_min_us>31493 rtt_max_us>33189 cwnd>41 cwnd_min>41 cwnd_max>62 throughput_kbps>14522.938 goodput_kbps>14794.395 retrans>0 total_retrans>0 bytes_acked>355489
05:34:50.846699 TCPINFO flow>1 window>0.100 samples>2 rtt_avg_us>32452 rtt_min_us>32452 rtt_max_us>32452 cwnd>68 cwnd_min>68 cwnd_max>68 throughput_kbps>0.000 goodput_kbps>0.000 retrans>0 total_retrans>0 bytes_acked>45012529
05:34:50.924136 TCPINFO flow>2 window>0.147 samples>382 rtt_avg_us>32084 rtt_min_us>31676 rtt_max_us>32678 cwnd>90 cwnd_min>90 cwnd_max>95 throughput_kbps>29681.524 goodput_kbps>29899.024 retrans>0 total_retrans>0 bytes_acked>26318113
05:34:50.946216 TCPINFO flow>3 window>0.200 samples>3 rtt_avg_us>32240 rtt_min_us>32240 rtt_max_us>32240 cwnd>66 cwnd_min>66 cwnd_max>66 throughput_kbps>0.000 goodput_kbps>0.000 retrans>0 total_retrans>0 bytes_acked>7502089
05:34:50.963508 TCPINFO flow>10 window>0.117 samples>114 rtt_avg_us>31760 rtt_min_us>31394 rtt_max_us>32676 cwnd>39 cwnd_min>39 cwnd_max>42 throughput_kbps>12789.524 goodput_kbps>13211.823 retrans>0 total_retrans>0 bytes_acked>549209
05:34:51.046294 TCPINFO flow>2 window>0.122 samples>354 rtt_avg_us>32067 rtt_min_us>31659 rtt_max_us>32573 cwnd>86 cwnd_min>86 cwnd_max>91 throughput_kbps>28397.583 goodput_kbps>28660.063 retrans>0 total_retrans>0 bytes_acked>26755745
05:34:51.046720 TCPINFO flow>1 window>0.200 samples>3 rtt_avg_us>32452 rtt_min_us>32452 rtt_max_us>32452 cwnd>68 cwnd_min>68 cwnd_max>68 throughput_kbps>0.000 goodput_kbps>0.000 retrans>0 total_retrans>0 bytes_acked>45012529
05:34:51.088110 TCPINFO flow>10 window>0.125 samples>134 rtt_avg_us>32437 rtt_min_us>32289 rtt_max_us>32676 cwnd>40 cwnd_min>38 cwnd_max>40 throughput_kbps>12355.500 goodput_kbps>12129.500 retrans>0 total_retrans>0 bytes_acked>738129
05:34:51.146215 TCPINFO flow>3 window>0.200 samples>3 rtt_avg_us>32240 rtt_min_us>32240 rtt_max_us>32240 cwnd>66 cwnd_min>66 cwnd_max>66 throughput_kbps>0.000 goodput_kbps>0.000 retrans>0 total_retrans>0 bytes_acked>7502089
05:34:51.146310 TCPINFO flow>2 window>0.100 samples>254 rtt_avg_us>31963 rtt_min_us>31766 rtt_max_us>32584 cwnd>84 cwnd_min>84 cwnd_max>87 throughput_kbps>26929.451 goodput_kbps>26822.588 retrans>0 total_retrans>0 bytes_acked>27091081
05:34:51.207722 TCPINFO flow>10 window>0.120 samples>134 rtt_avg_us>32448 rtt_min_us>32295 rtt_max_us>32599 cwnd>40 cwnd_min>40 cwnd_max>40 throughput_kbps>12777.848 goodput_kbps>12867.204 retrans>0 total_retrans>0 bytes_acked>930513
05:34:51.246256 TCPINFO flow>3 window>0.100 samples>2 rtt_avg_us>32240 rtt_min_us>32240 rtt_max_us>32240 cwnd>66 cwnd_min>66 cwnd_max>66 throughput_kbps>0.000 goodput_kbps>0.000 retrans>0 total_retrans>0 bytes_acked>7502089
05:34:51.246320 TCPINFO flow>2 window>0.100 samples>12 rtt_avg_us>31917 rtt_min_us>31793 rtt_max_us>31939 cwnd>80 cwnd_min>80 cwnd_max>84 throughput_kbps>24345.725 goodput_kbps>27037.936 retrans>0 total_retrans>0 bytes_acked>27429089
05:34:51.246693 TCPINFO flow>1 window>0.200 samples>3 rtt_avg_us>32452 rtt_min_us>32452 rtt_max_us>32452 cwnd>68 cwnd_min>68 cwnd_max>68 throughput_kbps>0.000 goodput_kbps>0.000 retrans>0 total_retrans>0 bytes_acked>45012529
05:34:51.331350 TCPINFO flow>10 window>0.124 samples>133 rtt_avg_us>32784 rtt_min_us>32495 rtt_max_us>33681 cwnd>41 cwnd_min>40 cwnd_max>41 throughput_kbps>12189.860 goodput_kbps>12449.219 retrans>0 total_retrans>0 bytes_acked>1122897
05:34:51.346699 TCPINFO flow>1 window>0.100 samples>2 rtt_avg_us>32452 rtt_min_us>32452 rtt_max_us>32452 cwnd>68 cwnd_min>68 cwnd_max>68 throughput_kbps>0.000 goodput_kbps>0.000 retrans>0 total_retrans>0 bytes_acked>45012529
05:34:51.446195 TCPINFO flow>10 window>0.115 samples>134 rtt_avg_us>33238 rtt_min_us>32474 rtt_max_us>33681 cwnd>23 cwnd_min>23 cwnd_max>42 throughput_kbps>9027.263 goodput_kbps>9957.908 retrans>1 total_retrans>1 bytes_acked>1265849
05:34:51.446216 TCPINFO flow>3 window>0.200 samples>3 rtt_avg_us>32240 rtt_min_us>32240 rtt_max_us>32240 cwnd>66 cwnd_min>66 cwnd_max>66 throughput_kbps>0.000 goodput_kbps>0.000 retrans>0 total_retrans>0 bytes_acked>7502089
05:34:51.446293 TCPINFO flow>2 window>0.200 samples>3 rtt_avg_us>32178 rtt_min_us>31793 rtt_max_us>32371 cwnd>81 cwnd_min>80 cwnd_max>81 throughput_kbps>0.000 goodput_kbps>3143.144 retrans>0 total_retrans>0 bytes_acked>27507657
05:34:51.546163 TCPINFO flow>1 window>0.199 samples>3 rtt_avg_us>32452 rtt_min_us>32452 rtt_max_us>32452 cwnd>68 cwnd_min>68 cwnd_max>68 throughput_kbps>53.584 goodput_kbps>0.000 retrans>0 total_retrans>0 bytes_acked>45012529
05:34:51.546219 TCPINFO flow>3 window>0.100 samples>3 rtt_avg_us>32240 rtt_min_us>32240 rtt_max_us>32240 cwnd>66 cwnd_min>66 cwnd_max>66 throughput_kbps>106.877 goodput_kbps>0.000 retrans>0 total_retrans>0 bytes_acked>7502089
05:34:51.546296 TCPINFO flow>2 window>0.100 samples>2 rtt_avg_us>32371 rtt_min_us>32371 rtt_max_us>32371 cwnd>81 cwnd_min>81 cwnd_max>81 throughput_kbps>0.000 goodput_kbps>0.000 retrans>0 total_retrans>0 bytes_acked>27507657
05:34:51.646195 TCPINFO flow>10 window>0.200 samples>135 rtt_avg_us>33155 rtt_min_us>32663 rtt_max_us>33272 cwnd>27 cwnd_min>23 cwnd_max>27 throughput_kbps>8122.880 goodput_kbps>7909.120 retrans>0 total_retrans>1 bytes_acked>1463577
05:34:51.646695 TCPINFO flow>1 window>0.101 samples>450 rtt_avg_us>32626 rtt_min_us>31935 rtt_max_us>34523 cwnd>66 cwnd_min>66 cwnd_max>69 throughput_kbps>20624.995 goodput_kbps>13906.816 retrans>0 total_retrans>0 bytes_acked>45187289
05:34:51.674504 TCPINFO flow>3 window>0.128 samples>273 rtt_avg_us>32351 rtt_min_us>31938 rtt_max_us>32773 cwnd>62 cwnd_min>62 cwnd_max>66 throughput_kbps>19697.642 goodput_kbps>15246.553 retrans>0 total_retrans>0 bytes_acked>7746577
05:34:51.746196 TCPINFO flow>10 window>0.100 samples>93 rtt_avg_us>33249 rtt_min_us>32952 rtt_max_us>33318 cwnd>27 cwnd_min>27 cwnd_max>27 throughput_kbps>8550.314 goodput_kbps>8657.193 retrans>0 total_retrans>1 bytes_acked>1571793
05:34:51.746310 TCPINFO flow>2 window>0.200 samples>3 rtt_avg_us>32371 rtt_min_us>32371 rtt_max_us>32371 cwnd>81 cwnd_min>81 cwnd_max>81 throughput_kbps>0.000 goodput_kbps>0.000 retrans>0 total_retrans>0 bytes_acked>27507657
05:34:51.774698 TCPINFO flow>3 window>0.100 samples>169 rtt_avg_us>32228 rtt_min_us>32070 rtt_max_us>32648 cwnd>60 cwnd_min>60 cwnd_max>62 throughput_kbps>19219.035 goodput_kbps>19404.914 retrans>0 total_retrans>0 bytes_acked>7989609
05:34:51.809359 TCPINFO flow>1 window>0.163 samples>224 rtt_avg_us>32318 rtt_min_us>31935 rtt_max_us>32680 cwnd>59 cwnd_min>59 cwnd_max>66 throughput_kbps>19668.519 goodput_kbps>20338.169 retrans>0 total_retrans>0 bytes_acked>45600825
05:34:51.846206 TCPINFO flow>10 window>0.100 samples>96 rtt_avg_us>33343 rtt_min_us>32785 rtt_max_us>33518 cwnd>27 cwnd_min>27 cwnd_max>27 throughput_kbps>8763.284 goodput_kbps>8656.414 retrans>0 total_retrans>1 bytes_acked>1680009
05:34:51.891191 TCPINFO flow>3 window>0.116 samples>177 rtt_avg_us>32280 rtt_min_us>32023 rtt_max_us>33024 cwnd>55 cwnd_min>55 cwnd_max>60 throughput_kbps>17523.868 goodput_kbps>17678.247 retrans>0 total_retrans>0 bytes_acked>8247033
05:34:51.923817 TCPINFO flow>1 window>0.114 samples>181 rtt_avg_us>32350 rtt_min_us>32025 rtt_max_us>32700 cwnd>54 cwnd_min>54 cwnd_max>59 throughput_kbps>18115.571 goodput_kbps>18302.329 retrans>0 total_retrans>0 bytes_acked>45862681
05:34:51.946301 TCPINFO flow>2 window>0.200 samples>3 rtt_avg_us>32371 rtt_min_us>32371 rtt_max_us>32371 cwnd>81 cwnd_min>81 cwnd_max>81 throughput_kbps>0.000 goodput_kbps>0.000 retrans>0 total_retrans>0 bytes_acked>27507657
05:34:52.046198 TCPINFO flow>10 window>0.200 samples>100 rtt_avg_us>33295 rtt_min_us>32785 rtt_max_us>33500 cwnd>27 cwnd_min>26 cwnd_max>27 throughput_kbps>8233.609 goodput_kbps>8393.936 retrans>0 total_retrans>1 bytes_acked>1889849
05:34:52.046210 TCPINFO flow>3 window>0.155 samples>266 rtt_avg_us>33513 rtt_min_us>32130 rtt_max_us>36219 cwnd>51 cwnd_min>49 cwnd_max>55 throughput_kbps>15857.669 goodput_kbps>15995.562 retrans>0 total_retrans>0 bytes_acked>8556985
05:34:52.046694 TCPINFO flow>1 window>0.123 samples>216 rtt_avg_us>32139 rtt_min_us>31916 rtt_max_us>32530 cwnd>52 cwnd_min>52 cwnd_max>55 throughput_kbps>16520.716 goodput_kbps>16868.641 retrans>0 total_retrans>0 bytes_acked>46121777
05:34:52.146233 TCPINFO flow>3 window>0.100 samples>115 rtt_avg_us>32315 rtt_min_us>32028 rtt_max_us>32531 cwnd>51 cwnd_min>49 cwnd_max>51 throughput_kbps>15817.162 goodput_kbps>15707.747 retrans>0 total_retrans>0 bytes_acked>8753377
05:34:52.146318 TCPINFO flow>2 window>0.200 samples>3 rtt_avg_us>32371 rtt_min_us>32371 rtt_max_us>32371 cwnd>81 cwnd_min>81 cwnd_max>81 throughput_kbps>0.000 goodput_kbps>0.000 retrans>0 total_retrans>0 bytes_acked>27507657
05:34:52.146695 TCPINFO flow>1 window>0.100 samples>186 rtt_avg_us>32500 rtt_min_us>32185 rtt_max_us>32867 cwnd>55 cwnd_min>52 cwnd_max>55 throughput_kbps>16872.151 goodput_kbps>16459.355 retrans>0 total_retrans>0 bytes_acked>46327521
05:34:52.204053 TCPINFO flow>10 window>0.158 samples>103 rtt_avg_us>33113 rtt_min_us>32670 rtt_max_us>33477 cwnd>29 cwnd_min>27 cwnd_max>30 throughput_kbps>8694.561 goodput_kbps>8580.634 retrans>0 total_retrans>1 bytes_acked>2059161
05:34:52.291877 TCPINFO flow>3 window>0.146 samples>178 rtt_avg_us>32348 rtt_min_us>32028 rtt_max_us>32693 cwnd>47 cwnd_min>47 cwnd_max>52 throughput_kbps>15241.108 goodput_kbps>15829.942 retrans>0 total_retrans>0 bytes_acked>9041569
05:34:52.330795 TCPINFO flow>10 window>0.127 samples>100 rtt_avg_us>33211 rtt_min_us>32703 rtt_max_us>33477 cwnd>29 cwnd_min>29 cwnd_max>29 throughput_kbps>9146.897 goodput_kbps>9139.827 retrans>0 total_retrans>1 bytes_acked>2203961
05:34:52.346294 TCPINFO flow>2 window>0.200 samples>3 rtt_avg_us>32371 rtt_min_us>32371 rtt_max_us>32371 cwnd>81 cwnd_min>81 cwnd_max>81 throughput_kbps>0.000 goodput_kbps>0.000 retrans>0 total_retrans>0 bytes_acked>27507657
05:34:52.346694 TCPINFO flow>1 window>0.200 samples>216 rtt_avg_us>32507 rtt_min_us>32027 rtt_max_us>32834 cwnd>49 cwnd_min>49 cwnd_max>55 throughput_kbps>16311.442 goodput_kbps>16676.883 retrans>0 total_retrans>0 bytes_acked>46744441
05:34:52.428876 TCPINFO flow>3 window>0.137 samples>171 rtt_avg_us>32239 rtt_min_us>32082 rtt_max_us>32733 cwnd>47 cwnd_min>47 cwnd_max>47 throughput_kbps>14978.912 goodput_kbps>14744.867 retrans>0 total_retrans>0 bytes_acked>9294073
05:34:52.446195 TCPINFO flow>10 window>0.115 samples>133 rtt_avg_us>32768 rtt_min_us>32703 rtt_max_us>33038 cwnd>31 cwnd_min>29 cwnd_max>31 throughput_kbps>8952.236 goodput_kbps>8926.724 retrans>0 total_retrans>1 bytes_acked>2332729
05:34:52.446704 TCPINFO flow>1 window>0.100 samples>199 rtt_avg_us>32356 rtt_min_us>32027 rtt_max_us>32679 cwnd>48 cwnd_min>48 cwnd_max>49 throughput_kbps>14817.078 goodput_kbps>15021.858 retrans>0 total_retrans>0 bytes_acked>46932233
05:34:52.546166 TCPINFO flow>2 window>0.200 samples>3 rtt_avg_us>32371 rtt_min_us>32371 rtt_max_us>32371 cwnd>81 cwnd_min>81 cwnd_max>81 throughput_kbps>53.474 goodput_kbps>0.000 retrans>0 total_retrans>0 bytes_acked>27507657
05:34:52.546220 TCPINFO flow>3 window>0.117 samples>169 rtt_avg_us>32535 rtt_min_us>32267 rtt_max_us>32733 cwnd>45 cwnd_min>45 cwnd_max>47 throughput_kbps>14166.349 goodput_kbps>14439.596 retrans>0 total_retrans>0 bytes_acked>9505873
05:34:52.646196 TCPINFO flow>10 window>0.200 samples>128 rtt_avg_us>32656 rtt_min_us>32517 rtt_max_us>33845 cwnd>30 cwnd_min>30 cwnd_max>31 throughput_kbps>9747.791 goodput_kbps>9536.272 retrans>0 total_retrans>1 bytes_acked>2571137
05:34:52.646323 TCPINFO flow>2 window>0.100 samples>368 rtt_avg_us>32378 rtt_min_us>32262 rtt_max_us>33026 cwnd>76 cwnd_min>76 cwnd_max>81 throughput_kbps>24963.687 goodput_kbps>17287.419 retrans>0 total_retrans>0 bytes_acked>27724089
05:34:52.646717 TCPINFO flow>1 window>0.200 samples>67 rtt_avg_us>32243 rtt_min_us>32182 rtt_max_us>32984 cwnd>45 cwnd_min>45 cwnd_max>48 throughput_kbps>14782.079 goodput_kbps>14782.079 retrans>0 total_retrans>0 bytes_acked>47301809
05:34:52.703293 TCPINFO flow>3 window>0.157 samples>172 rtt_avg_us>32885 rtt_min_us>32256 rtt_max_us>33385 cwnd>39 cwnd_min>39 cwnd_max>46 throughput_kbps>13549.471 goodput_kbps>13837.541 retrans>0 total_retrans>0 bytes_acked>9777561
05:34:52.746221 TCPINFO flow>10 window>0.100 samples>100 rtt_avg_us>33142 rtt_min_us>32893 rtt_max_us>33845 cwnd>26 cwnd_min>26 cwnd_max>30 throughput_kbps>8489.398 goodput_kbps>9073.572 retrans>0 total_retrans>1 bytes_acked>2684585
05:34:52.826208 TCPINFO flow>2 window>0.180 samples>340 rtt_avg_us>32371 rtt_min_us>31925 rtt_max_us>33026 cwnd>63 cwnd_min>63 cwnd_max>76 throughput_kbps>20952.408 goodput_kbps>21661.484 retrans>0 total_retrans>0 bytes_acked>28211161
05:34:52.846219 TCPINFO flow>3 window>0.143 samples>42 rtt_avg_us>32793 rtt_min_us>32476 rtt_max_us>32844 cwnd>38 cwnd_min>37 cwnd_max>39 throughput_kbps>9782.293 goodput_kbps>12171.669 retrans>0 total_retrans>0 bytes_acked>9995017
05:34:52.846705 TCPINFO flow>1 window>0.200 samples>3 rtt_avg_us>32963 rtt_min_us>32455 rtt_max_us>33449 cwnd>37 cwnd_min>37 cwnd_max>45 throughput_kbps>6153.329 goodput_kbps>8457.147 retrans>0 total_retrans>0 bytes_acked>47513225
05:34:52.909833 TCPINFO flow>10 window>0.164 samples>90 rtt_avg_us>33217 rtt_min_us>32723 rtt_max_us>33723 cwnd>27 cwnd_min>25 cwnd_max>27 throughput_kbps>7928.612 goodput_kbps>7913.356 retrans>0 total_retrans>1 bytes_acked>2846425
05:34:52.926251 TCPINFO flow>2 window>0.100 samples>208 rtt_avg_us>32090 rtt_min_us>31844 rtt_max_us>32571 cwnd>66 cwnd_min>63 cwnd_max>66 throughput_kbps>21153.144 goodput_kbps>21046.310 retrans>0 total_retrans>0 bytes_acked>28474353
05:34:52.946226 TCPINFO flow>3 window>0.100 samples>2 rtt_avg_us>32666 rtt_min_us>32476 rtt_max_us>32855 cwnd>38 cwnd_min>38 cwnd_max>38 throughput_kbps>0.000 goodput_kbps>621.397 retrans>0 total_retrans>0 bytes_acked>10002785
05:34:53.026253 TCPINFO flow>2 window>0.100 samples>261 rtt_avg_us>32301 rtt_min_us>31899 rtt_max_us>33294 cwnd>65 cwnd_min>65 cwnd_max>67 throughput_kbps>19131.137 goodput_kbps>20199.916 retrans>0 total_retrans>0 bytes_acked>28726857
05:34:53.046195 TCPINFO flow>10 window>0.136 samples>134 rtt_avg_us>32543 rtt_min_us>32459 rtt_max_us>33232 cwnd>28 cwnd_min>27 cwnd_max>28 throughput_kbps>8159.927 goodput_kbps>7984.864 retrans>0 total_retrans>1 bytes_acked>2982529
05:34:53.046694 TCPINFO flow>1 window>0.200 samples>3 rtt_avg_us>33449 rtt_min_us>33449 rtt_max_us>33449 cwnd>37 cwnd_min>37 cwnd_max>37 throughput_kbps>0.000 goodput_kbps>0.000 retrans>0 total_retrans>0 bytes_acked>47513225
05:34:53.129017 TCPINFO flow>2 window>0.103 samples>65 rtt_avg_us>32271 rtt_min_us>32243 rtt_max_us>32310 cwnd>68 cwnd_min>65 cwnd_max>68 throughput_kbps>21633.101 goodput_kbps>20073.022 retrans>0 total_retrans>0 bytes_acked>28984705
05:34:53.146199 TCPINFO flow>10 window>0.100 samples>134 rtt_avg_us>32769 rtt_min_us>32714 rtt_max_us>33232 cwnd>31 cwnd_min>28 cwnd_max>31 throughput_kbps>9511.940 goodput_kbps>9084.437 retrans>0 total_retrans>1 bytes_acked>3096089
05:34:53.146218 TCPINFO flow>3 window>0.200 samples>3 rtt_avg_us>32855 rtt_min_us>32855 rtt_max_us>32855 cwnd>38 cwnd_min>38 cwnd_max>38 throughput_kbps>0.000 goodput_kbps>0.000 retrans>0 total_retrans>0 bytes_acked>10002785
05:34:53.146698 TCPINFO flow>1 window>0.100 samples>2 rtt_avg_us>33449 rtt_min_us>33449 rtt_max_us>33449 cwnd>37 cwnd_min>37 cwnd_max>37 throughput_kbps>0.000 goodput_kbps>0.000 retrans>0 total_retrans>0 bytes_acked>47513225
05:34:53.229050 TCPINFO flow>2 window>0.100 samples>281 rtt_avg_us>32028 rtt_min_us>31810 rtt_max_us>32369 cwnd>71 cwnd_min>68 cwnd_max>71 throughput_kbps>22651.085 goodput_kbps>22330.551 retrans>0 total_retrans>0 bytes_acked>29263929
05:34:53.251295 TCPINFO flow>10 window>0.105 samples>3 rtt_avg_us>33140 rtt_min_us>32892 rtt_max_us>33502 cwnd>33 cwnd_min>31 cwnd_max>34 throughput_kbps>10373.145 goodput_kbps>10373.145 retrans>0 total_retrans>1 bytes_acked>3232361
05:34:53.346217 TCPINFO flow>3 window>0.200 samples>3 rtt_avg_us>32855 rtt_min_us>32855 rtt_max_us>32855 cwnd>38 cwnd_min>38 cwnd_max>38 throughput_kbps>0.000 goodput_kbps>0.000 retrans>0 total_retrans>0 bytes_acked>10002785
05:34:53.346293 TCPINFO flow>2 window>0.117 samples>211 rtt_avg_us>32321 rtt_min_us>31772 rtt_max_us>32821 cwnd>72 cwnd_min>69 cwnd_max>72 throughput_kbps>22243.307 goodput_kbps>22607.951 retrans>0 total_retrans>0 bytes_acked>29595257
05:34:53.346694 TCPINFO flow>1 window>0.200 samples>3 rtt_avg_us>33449 rtt_min_us>33449 rtt_max_us>33449 cwnd>37 cwnd_min>37 cwnd_max>37 throughput_kbps>0.000 goodput_kbps>0.000 retrans>0 total_retrans>0 bytes_acked>47513225
05:34:53.393651 TCPINFO flow>10 window>0.142 samples>134 rtt_avg_us>32939 rtt_min_us>32429 rtt_max_us>33502 cwnd>36 cwnd_min>33 cwnd_max>36 throughput_kbps>10961.589 goodput_kbps>10886.510 retrans>0 total_retrans>1 bytes_acked>3426081
05:34:53.446299 TCPINFO flow>2 window>0.100 samples>2 rtt_avg_us>31946 rtt_min_us>31772 rtt_max_us>32119 cwnd>70 cwnd_min>70 cwnd_max>72 throughput_kbps>22550.327 goodput_kbps>22550.327 retrans>0 total_retrans>0 bytes_acked>29877153
05:34:53.446699 TCPINFO flow>1 window>0.100 samples>2 rtt_avg_us>33449 rtt_min_us>33449 rtt_max_us>33449 cwnd>37 cwnd_min>37 cwnd_max>37 throughput_kbps>0.000 goodput_kbps>0.000 retrans>0 total_retrans>0 bytes_acked>47513225
05:34:53.525838 TCPINFO flow>10 window>0.132 samples>134 rtt_avg_us>32693 rtt_min_us>32509 rtt_max_us>32920 cwnd>40 cwnd_min>36 cwnd_max>40 throughput_kbps>12289.983 goodput_kbps>11885.707 retrans>0 total_retrans>1 bytes_acked>3622473
05:34:53.546192 TCPINFO flow>3 window>0.200 samples>3 rtt_avg_us>32855 rtt_min_us>32855 rtt_max_us>32855 cwnd>38 cwnd_min>38 cwnd_max>38 throughput_kbps>53.447 goodput_kbps>0.000 retrans>0 total_retrans>0 bytes_acked>10002785
05:34:53.546769 TCPINFO flow>1 window>0.100 samples>9 rtt_avg_us>33449 rtt_min_us>33449 rtt_max_us>33449 cwnd>37 cwnd_min>37 cwnd_max>37 throughput_kbps>213.610 goodput_kbps>0.000 retrans>0 total_retrans>0 bytes_acked>47513225
05:34:53.646200 TCPINFO flow>10 window>0.120 samples>133 rtt_avg_us>32514 rtt_min_us>32198 rtt_max_us>32745 cwnd>43 cwnd_min>40 cwnd_max>43 throughput_kbps>13142.221 goodput_kbps>12609.428 retrans>0 total_retrans>1 bytes_acked>3812185
05:34:53.646220 TCPINFO flow>3 window>0.100 samples>201 rtt_avg_us>32853 rtt_min_us>32400 rtt_max_us>32855 cwnd>40 cwnd_min>38 cwnd_max>40 throughput_kbps>12221.858 goodput_kbps>8186.508 retrans>0 total_retrans>0 bytes_acked>10105145
05:34:53.646292 TCPINFO flow>2 window>0.200 samples>3 rtt_avg_us>32253 rtt_min_us>32119 rtt_max_us>32320 cwnd>72 cwnd_min>70 cwnd_max>72 throughput_kbps>1721.020 goodput_kbps>5248.184 retrans>0 total_retrans>0 bytes_acked>30008353
05:34:53.746269 TCPINFO flow>3 window>0.100 samples>152 rtt_avg_us>32483 rtt_min_us>32264 rtt_max_us>33181 cwnd>39 cwnd_min>38 cwnd_max>40 throughput_kbps>11889.854 goodput_kbps>12317.165 retrans>0 total_retrans>0 bytes_acked>10259185
05:34:53.746294 TCPINFO flow>2 window>0.100 samples>2 rtt_avg_us>32320 rtt_min_us>32320 rtt_max_us>32320 cwnd>72 cwnd_min>72 cwnd_max>72 throughput_kbps>0.000 goodput_kbps>0.000 retrans>0 total_retrans>0 bytes_acked>30008353
05:34:53.746694 TCPINFO flow>1 window>0.200 samples>458 rtt_avg_us>33042 rtt_min_us>31617 rtt_max_us>33449 cwnd>38 cwnd_min>37 cwnd_max>39 throughput_kbps>11735.281 goodput_kbps>10094.986 retrans>0 total_retrans>0 bytes_acked>47765505
05:34:53.754681 TCPINFO flow>10 window>0.108 samples>129 rtt_avg_us>32308 rtt_min_us>32060 rtt_max_us>32633 cwnd>45 cwnd_min>43 cwnd_max>45 throughput_kbps>13990.432 goodput_kbps>14088.956 retrans>0 total_retrans>1 bytes_acked>4003233
05:34:53.854699 TCPINFO flow>10 window>0.100 samples>236 rtt_avg_us>32356 rtt_min_us>32152 rtt_max_us>32633 cwnd>47 cwnd_min>45 cwnd_max>47 throughput_kbps>14713.512 goodput_kbps>14426.203 retrans>0 total_retrans>1 bytes_acked>4183593
05:34:53.908150 TCPINFO flow>3 window>0.162 samples>115 rtt_avg_us>32439 rtt_min_us>32264 rtt_max_us>32676 cwnd>41 cwnd_min>39 cwnd_max>41 throughput_kbps>12676.571 goodput_kbps>12463.081 retrans>0 total_retrans>0 bytes_acked>10511377
05:34:53.923115 TCPINFO flow>1 window>0.176 samples>172 rtt_avg_us>33020 rtt_min_us>32376 rtt_max_us>33566 cwnd>41 cwnd_min>38 cwnd_max>41 throughput_kbps>12782.877 goodput_kbps>12400.156 retrans>0 total_retrans>0 bytes_acked>48038961
05:34:53.946302 TCPINFO flow>2 window>0.200 samples>3 rtt_avg_us>32320 rtt_min_us>32320 rtt_max_us>32320 cwnd>72 cwnd_min>72 cwnd_max>72 throughput_kbps>0.000 goodput_kbps>0.000 retrans>0 total_retrans>0 bytes_acked>30008353
05:34:53.954703 TCPINFO flow>10 window>0.100 samples>111 rtt_avg_us>32501 rtt_min_us>32372 rtt_max_us>32707 cwnd>48 cwnd_min>47 cwnd_max>48 throughput_kbps>15288.988 goodput_kbps>15103.396 retrans>0 total_retrans>1 bytes_acked>4372393
05:34:54.046216 TCPINFO flow>3 window>0.138 samples>177 rtt_avg_us>32532 rtt_min_us>32251 rtt_max_us>32928 cwnd>41 cwnd_min>41 cwnd_max>42 throughput_kbps>12618.197 goodput_kbps>12385.960 retrans>0 total_retrans>0 bytes_acked>10725137
05:34:54.046698 TCPINFO flow>1 window>0.124 samples>178 rtt_avg_us>32289 rtt_min_us>32148 rtt_max_us>32771 cwnd>40 cwnd_min>40 cwnd_max>42 throughput_kbps>12432.001 goodput_kbps>12459.448 retrans>0 total_retrans>0 bytes_acked>48231433
05:34:54.054703 TCPINFO flow>10 window>0.100 samples>58 rtt_avg_us>33868 rtt_min_us>32293 rtt_max_us>35694 cwnd>49 cwnd_min>48 cwnd_max>49 throughput_kbps>13894.400 goodput_kbps>15649.920 retrans>0 total_retrans>1 bytes_acked>4568017
05:34:54.146217 TCPINFO flow>3 window>0.100 samples>123 rtt_avg_us>33364 rtt_min_us>32373 rtt_max_us>34241 cwnd>42 cwnd_min>40 cwnd_max>42 throughput_kbps>12718.593 goodput_kbps>12718.593 retrans>0 total_retrans>0 bytes_acked>10884121
05:34:54.146298 TCPINFO flow>2 window>0.200 samples>3 rtt_avg_us>32320 rtt_min_us>32320 rtt_max_us>32320 cwnd>72 cwnd_min>72 cwnd_max>72 throughput_kbps>0.000 goodput_kbps>0.000 retrans>0 total_retrans>0 bytes_acked>30008353
05:34:54.154799 TCPINFO flow>10 window>0.100 samples>173 rtt_avg_us>33342 rtt_min_us>32276 rtt_max_us>34426 cwnd>50 cwnd_min>49 cwnd_max>50 throughput_kbps>16336.957 goodput_kbps>14521.739 retrans>0 total_retrans>1 bytes_acked>4749713
05:34:54.239825 TCPINFO flow>1 window>0.193 samples>179 rtt_avg_us>32511 rtt_min_us>32324 rtt_max_us>32771 cwnd>41 cwnd_min>40 cwnd_max>43 throughput_kbps>12956.945 goodput_kbps>12994.724 retrans>0 total_retrans>0 bytes_acked>48545137
05:34:54.246224 TCPINFO flow>3 window>0.100 samples>90 rtt_avg_us>32475 rtt_min_us>32246 rtt_max_us>32677 cwnd>42 cwnd_min>42 cwnd_max>42 throughput_kbps>13028.208 goodput_kbps>13241.953 retrans>0 total_retrans>0 bytes_acked>11049657
05:34:54.246302 TCPINFO flow>2 window>0.100 samples>2 rtt_avg_us>32320 rtt_min_us>32320 rtt_max_us>32320 cwnd>72 cwnd_min>72 cwnd_max>72 throughput_kbps>0.000 goodput_kbps>0.000 retrans>0 total_retrans>0 bytes_acked>30008353
05:34:54.314783 TCPINFO flow>10 window>0.160 samples>155 rtt_avg_us>32105 rtt_min_us>31909 rtt_max_us>32429 cwnd>52 cwnd_min>50 cwnd_max>52 throughput_kbps>16018.802 goodput_kbps>15951.995 retrans>0 total_retrans>1 bytes_acked>5068721
05:34:54.346272 TCPINFO flow>3 window>0.100 samples>177 rtt_avg_us>32414 rtt_min_us>32150 rtt_max_us>32811 cwnd>44 cwnd_min>42 cwnd_max>44 throughput_kbps>13994.563 goodput_kbps>13780.905 retrans>0 total_retrans>0 bytes_acked>11222001
05:34:54.346694 TCPINFO flow>1 window>0.107 samples>189 rtt_avg_us>32345 rtt_min_us>32201 rtt_max_us>32558 cwnd>43 cwnd_min>41 cwnd_max>43 throughput_kbps>13401.379 goodput_kbps>13101.348 retrans>0 total_retrans>0 bytes_acked>48720153
05:34:54.414799 TCPINFO flow>10 window>0.100 samples>209 rtt_avg_us>32343 rtt_min_us>32082 rtt_max_us>32640 cwnd>52 cwnd_min>52 cwnd_max>53 throughput_kbps>16273.236 goodput_kbps>16273.236 retrans>0 total_retrans>1 bytes_acked>5272169
05:34:54.446303 TCPINFO flow>2 window>0.200 samples>3 rtt_avg_us>32320 rtt_min_us>32320 rtt_max_us>32320 cwnd>72 cwnd_min>72 cwnd_max>72 throughput_kbps>0.000 goodput_kbps>0.000 retrans>0 total_retrans>0 bytes_acked>30008353
05:34:54.446695 TCPINFO flow>1 window>0.100 samples>186 rtt_avg_us>32517 rtt_min_us>32269 rtt_max_us>32988 cwnd>42 cwnd_min>42 cwnd_max>43 throughput_kbps>13359.866 goodput_kbps>13573.624 retrans>0 total_retrans>0 bytes_acked>48889825
05:34:54.478519 TCPINFO flow>3 window>0.132 samples>85 rtt_avg_us>32429 rtt_min_us>32169 rtt_max_us>33670 cwnd>47 cwnd_min>44 cwnd_max>47 throughput_kbps>14224.050 goodput_kbps>14143.232 retrans>0 total_retrans>0 bytes_acked>11455801
05:34:54.546190 TCPINFO flow>10 window>0.131 samples>172 rtt_avg_us>32726 rtt_min_us>32007 rtt_max_us>33179 cwnd>52 cwnd_min>52 cwnd_max>53 throughput_kbps>16433.637 goodput_kbps>16296.763 retrans>0 total_retrans>1 bytes_acked>5539825
05:34:54.546398 TCPINFO flow>2 window>0.100 samples>5 rtt_avg_us>32320 rtt_min_us>32320 rtt_max_us>32320 cwnd>72 cwnd_min>72 cwnd_max>72 throughput_kbps>213.557 goodput_kbps>0.000 retrans>0 total_retrans>0 bytes_acked>30008353
05:34:54.566993 TCPINFO flow>1 window>0.120 samples>3 rtt_avg_us>32543 rtt_min_us>32366 rtt_max_us>32737 cwnd>43 cwnd_min>42 cwnd_max>43 throughput_kbps>13369.466 goodput_kbps>13406.707 retrans>0 total_retrans>0 bytes_acked>49091425
05:34:54.621898 TCPINFO flow>3 window>0.143 samples>182 rtt_avg_us>33047 rtt_min_us>32273 rtt_max_us>33834 cwnd>46 cwnd_min>46 cwnd_max>48 throughput_kbps>14732.422 goodput_kbps>14657.879 retrans>0 total_retrans>0 bytes_acked>11718505
05:34:54.646200 TCPINFO flow>10 window>0.100 samples>134 rtt_avg_us>33248 rtt_min_us>32416 rtt_max_us>33454 cwnd>51 cwnd_min>51 cwnd_max>52 throughput_kbps>15364.224 goodput_kbps>15223.438 retrans>0 total_retrans>1 bytes_acked>5730137
05:34:54.658838 TCPINFO flow>2 window>0.112 samples>354 rtt_avg_us>32362 rtt_min_us>32320 rtt_max_us>39444 cwnd>64 cwnd_min>64 cwnd_max>72 throughput_kbps>20242.191 goodput_kbps>14348.773 retrans>0 total_retrans>0 bytes_acked>30210025
05:34:54.730472 TCPINFO flow>1 window>0.163 samples>170 rtt_avg_us>32797 rtt_min_us>32552 rtt_max_us>33304 cwnd>37 cwnd_min>37 cwnd_max>43 throughput_kbps>11300.681 goodput_kbps>11746.194 retrans>0 total_retrans>0 bytes_acked>49331457
05:34:54.746205 TCPINFO flow>10 window>0.100 samples>134 rtt_avg_us>35861 rtt_min_us>32607 rtt_max_us>38747 cwnd>42 cwnd_min>42 cwnd_max>51 throughput_kbps>13573.081 goodput_kbps>14534.953 retrans>0 total_retrans>1 bytes_acked>5911833
05:34:54.746214 TCPINFO flow>3 window>0.124 samples>177 rtt_avg_us>33627 rtt_min_us>32742 rtt_max_us>34760 cwnd>39 cwnd_min>39 cwnd_max>46 throughput_kbps>11456.739 goodput_kbps>12144.535 retrans>0 total_retrans>0 bytes_acked>11907225
05:34:54.758913 TCPINFO flow>2 window>0.100 samples>178 rtt_avg_us>40295 rtt_min_us>32289 rtt_max_us>40788 cwnd>56 cwnd_min>55 cwnd_max>64 throughput_kbps>17556.113 goodput_kbps>19183.053 retrans>0 total_retrans>0 bytes_acked>30449993
05:34:54.846219 TCPINFO flow>3 window>0.100 samples>89 rtt_avg_us>32919 rtt_min_us>32742 rtt_max_us>33077 cwnd>35 cwnd_min>35 cwnd_max>39 throughput_kbps>10794.340 goodput_kbps>11114.964 retrans>0 total_retrans>0 bytes_acked>12046169
05:34:54.846697 TCPINFO flow>1 window>0.116 samples>178 rtt_avg_us>33111 rtt_min_us>32694 rtt_max_us>33344 cwnd>31 cwnd_min>31 cwnd_max>37 throughput_kbps>9721.833 goodput_kbps>9961.919 retrans>0 total_retrans>0 bytes_acked>49476185
05:34:54.887640 TCPINFO flow>2 window>0.129 samples>178 rtt_avg_us>32550 rtt_min_us>32150 rtt_max_us>33050 cwnd>47 cwnd_min>47 cwnd_max>56 throughput_kbps>15554.654 goodput_kbps>15784.350 retrans>0 total_retrans>0 bytes_acked>30703977
05:34:54.923700 TCPINFO flow>10 window>0.177 samples>135 rtt_avg_us>32488 rtt_min_us>32346 rtt_max_us>33447 cwnd>37 cwnd_min>37 cwnd_max>42 throughput_kbps>11742.077 goodput_kbps>12163.588 retrans>0 total_retrans>1 bytes_acked>6181705
05:34:54.946223 TCPINFO flow>3 window>0.100 samples>90 rtt_avg_us>32526 rtt_min_us>32495 rtt_max_us>32907 cwnd>32 cwnd_min>32 cwnd_max>35 throughput_kbps>10687.572 goodput_kbps>10794.448 retrans>0 total_retrans>0 bytes_acked>12181105
05:34:55.020185 TCPINFO flow>2 window>0.133 samples>178 rtt_avg_us>32609 rtt_min_us>32187 rtt_max_us>32970 cwnd>44 cwnd_min>44 cwnd_max>47 throughput_kbps>14756.528 goodput_kbps>15159.712 retrans>0 total_retrans>0 bytes_acked>30955145
05:34:55.046195 TCPINFO flow>10 window>0.122 samples>134 rtt_avg_us>33003 rtt_min_us>32523 rtt_max_us>33447 cwnd>35 cwnd_min>35 cwnd_max>37 throughput_kbps>11342.830 goodput_kbps>11517.335 retrans>0 total_retrans>1 bytes_acked>6358057
05:34:55.046694 TCPINFO flow>1 window>0.200 samples>24 rtt_avg_us>32640 rtt_min_us>32617 rtt_max_us>32827 cwnd>29 cwnd_min>29 cwnd_max>31 throughput_kbps>9002.695 goodput_kbps>9123.017 retrans>0 total_retrans>0 bytes_acked>49704257
05:34:55.146196 TCPINFO flow>10 window>0.100 samples>134 rtt_avg_us>32579 rtt_min_us>32380 rtt_max_us>32720 cwnd>36 cwnd_min>35 cwnd_max>36 throughput_kbps>11115.409 goodput_kbps>10794.772 retrans>0 total_retrans>1 bytes_acked>6492993
05:34:55.146217 TCPINFO flow>3 window>0.200 samples>81 rtt_avg_us>33129 rtt_min_us>32822 rtt_max_us>33433 cwnd>34 cwnd_min>32 cwnd_max>34 throughput_kbps>10314.229 goodput_kbps>10153.905 retrans>0 total_retrans>0 bytes_acked>12434945
05:34:55.146293 TCPINFO flow>2 window>0.126 samples>178 rtt_avg_us>32307 rtt_min_us>32187 rtt_max_us>32597 cwnd>43 cwnd_min>43 cwnd_max>45 throughput_kbps>13899.451 goodput_kbps>13729.946 retrans>0 total_retrans>0 bytes_acked>31171577
05:34:55.246200 TCPINFO flow>10 window>0.100 samples>134 rtt_avg_us>32795 rtt_min_us>32525 rtt_max_us>33035 cwnd>35 cwnd_min>33 cwnd_max>36 throughput_kbps>11115.075 goodput_kbps>11221.951 retrans>0 total_retrans>1 bytes_acked>6633273
05:34:55.246297 TCPINFO flow>2 window>0.100 samples>178 rtt_avg_us>32596 rtt_min_us>32198 rtt_max_us>33014 cwnd>41 cwnd_min>41 cwnd_max>43 throughput_kbps>13145.714 goodput_kbps>13466.341 retrans>0 total_retrans>0 bytes_acked>31339913
05:34:55.246686 TCPINFO flow>1 window>0.200 samples>3 rtt_avg_us>32751 rtt_min_us>32602 rtt_max_us>32926 cwnd>28 cwnd_min>28 cwnd_max>29 throughput_kbps>9192.048 goodput_kbps>9133.485 retrans>0 total_retrans>0 bytes_acked>49932585
05:34:55.346216 TCPINFO flow>3 window>0.200 samples>3 rtt_avg_us>33129 rtt_min_us>33104 rtt_max_us>33142 cwnd>31 cwnd_min>31 cwnd_max>34 throughput_kbps>924.485 goodput_kbps>2741.454 retrans>0 total_retrans>0 bytes_acked>12503481
05:34:55.346698 TCPINFO flow>1 window>0.100 samples>2 rtt_avg_us>32584 rtt_min_us>32567 rtt_max_us>32602 cwnd>29 cwnd_min>28 cwnd_max>29 throughput_kbps>3513.818 goodput_kbps>6506.099 retrans>0 total_retrans>0 bytes_acked>50013921
05:34:55.446205 TCPINFO flow>10 window>0.200 samples>124 rtt_avg_us>32367 rtt_min_us>32250 rtt_max_us>32525 cwnd>39 cwnd_min>35 cwnd_max>39 throughput_kbps>11596.190 goodput_kbps>11542.751 retrans>0 total_retrans>1 bytes_acked>6921849
05:34:55.446331 TCPINFO flow>3 window>0.100 samples>2 rtt_avg_us>33142 rtt_min_us>33142 rtt_max_us>33142 cwnd>31 cwnd_min>31 cwnd_max>31 throughput_kbps>0.000 goodput_kbps>0.000 retrans>0 total_retrans>0 bytes_acked>12503481
05:34:55.446336 TCPINFO flow>2 window>0.200 samples>160 rtt_avg_us>32209 rtt_min_us>32065 rtt_max_us>32303 cwnd>47 cwnd_min>41 cwnd_max>47 throughput_kbps>14158.839 goodput_kbps>13945.121 retrans>0 total_retrans>0 bytes_acked>31688609
05:34:55.546153 TCPINFO flow>1 window>0.199 samples>3 rtt_avg_us>32567 rtt_min_us>32567 rtt_max_us>32567 cwnd>29 cwnd_min>29 cwnd_max>29 throughput_kbps>53.586 goodput_kbps>0.000 retrans>0 total_retrans>0 bytes_acked>50013921
05:34:55.546352 TCPINFO flow>3 window>0.100 samples>5 rtt_avg_us>33142 rtt_min_us>33142 rtt_max_us>33142 cwnd>31 cwnd_min>31 cwnd_max>31 throughput_kbps>106.858 goodput_kbps>0.000 retrans>0 total_retrans>0 bytes_acked>12503481
05:34:55.548721 TCPINFO flow>10 window>0.103 samples>100 rtt_avg_us>32259 rtt_min_us>32173 rtt_max_us>32331 cwnd>42 cwnd_min>39 cwnd_max>42 throughput_kbps>12804.245 goodput_kbps>12595.731 retrans>0 total_retrans>1 bytes_acked>7083257
05:34:55.574366 TCPINFO flow>2 window>0.128 samples>160 rtt_avg_us>32077 rtt_min_us>31990 rtt_max_us>32269 cwnd>51 cwnd_min>47 cwnd_max>51 throughput_kbps>15590.346 goodput_kbps>15360.400 retrans>0 total_retrans>0 bytes_acked>31934433
05:34:55.646729 TCPINFO flow>1 window>0.101 samples>462 rtt_avg_us>32510 rtt_min_us>31853 rtt_max_us>33043 cwnd>28 cwnd_min>28 cwnd_max>30 throughput_kbps>8673.242 goodput_kbps>5874.006 retrans>0 total_retrans>0 bytes_acked>50087769
05:34:55.648802 TCPINFO flow>10 window>0.100 samples>205 rtt_avg_us>32428 rtt_min_us>32124 rtt_max_us>32794 cwnd>42 cwnd_min>42 cwnd_max>42 throughput_kbps>13092.115 goodput_kbps>13089.557 retrans>0 total_retrans>1 bytes_acked>7247009
05:34:55.670675 TCPINFO flow>3 window>0.124 samples>198 rtt_avg_us>33141 rtt_min_us>32927 rtt_max_us>33142 cwnd>29 cwnd_min>29 cwnd_max>31 throughput_kbps>9489.604 goodput_kbps>7367.647 retrans>0 total_retrans>0 bytes_acked>12617977
05:34:55.684183 TCPINFO flow>2 window>0.110 samples>149 rtt_avg_us>32457 rtt_min_us>31990 rtt_max_us>32880 cwnd>49 cwnd_min>49 cwnd_max>51 throughput_kbps>15375.689 goodput_kbps>15577.916 retrans>0 total_retrans>0 bytes_acked>32148273
05:34:55.755416 TCPINFO flow>10 window>0.107 samples>29 rtt_avg_us>32700 rtt_min_us>32204 rtt_max_us>32794 cwnd>40 cwnd_min>40 cwnd_max>42 throughput_kbps>12669.856 goodput_kbps>12729.885 retrans>0 total_retrans>1 bytes_acked>7416657
05:34:55.787779 TCPINFO flow>3 window>0.117 samples>89 rtt_avg_us>33064 rtt_min_us>32772 rtt_max_us>33312 cwnd>29 cwnd_min>29 cwnd_max>29 throughput_kbps>8377.647 goodput_kbps>8461.265 retrans>0 total_retrans>0 bytes_acked>12741833
05:34:55.823472 TCPINFO flow>1 window>0.177 samples>3 rtt_avg_us>33157 rtt_min_us>32817 rtt_max_us>33610 cwnd>27 cwnd_min>27 cwnd_max>28 throughput_kbps>8404.520 goodput_kbps>8585.936 retrans>0 total_retrans>0 bytes_acked>50277457
05:34:55.846296 TCPINFO flow>2 window>0.162 samples>25 rtt_avg_us>32761 rtt_min_us>31970 rtt_max_us>33301 cwnd>46 cwnd_min>46 cwnd_max>49 throughput_kbps>14659.602 goodput_kbps>14922.924 retrans>0 total_retrans>0 bytes_acked>32450673
05:34:55.874541 TCPINFO flow>10 window>0.119 samples>134 rtt_avg_us>32547 rtt_min_us>32407 rtt_max_us>33415 cwnd>39 cwnd_min>39 cwnd_max>41 throughput_kbps>12471.203 goodput_kbps>12688.789 retrans>0 total_retrans>1 bytes_acked>7605601
05:34:55.906119 TCPINFO flow>3 window>0.118 samples>90 rtt_avg_us>33061 rtt_min_us>32821 rtt_max_us>33312 cwnd>28 cwnd_min>28 cwnd_max>29 throughput_kbps>8799.054 goodput_kbps>8687.646 retrans>0 total_retrans>0 bytes_acked>12870345
05:34:55.946693 TCPINFO flow>1 window>0.123 samples>178 rtt_avg_us>33263 rtt_min_us>32814 rtt_max_us>33610 cwnd>29 cwnd_min>27 cwnd_max>29 throughput_kbps>8760.585 goodput_kbps>8703.452 retrans>0 total_retrans>0 bytes_acked>50411513
05:34:55.996344 TCPINFO flow>10 window>0.122 samples>134 rtt_avg_us>32671 rtt_min_us>32441 rtt_max_us>33087 cwnd>40 cwnd_min>39 cwnd_max>41 throughput_kbps>13074.489 goodput_kbps>12811.244 retrans>0 total_retrans>1 bytes_acked>7800657
05:34:56.017115 TCPINFO flow>3 window>0.111 samples>89 rtt_avg_us>32918 rtt_min_us>32638 rtt_max_us>33089 cwnd>30 cwnd_min>28 cwnd_max>30 throughput_kbps>9436.592 goodput_kbps>9340.301 retrans>0 total_retrans>0 bytes_acked>12999937
05:34:56.046297 TCPINFO flow>2 window>0.200 samples>3 rtt_avg_us>33470 rtt_min_us>33301 rtt_max_us>33555 cwnd>45 cwnd_min>45 cwnd_max>46 throughput_kbps>160.959 goodput_kbps>2335.028 retrans>0 total_retrans>0 bytes_acked>32509049
05:34:56.046695 TCPINFO flow>1 window>0.100 samples>2 rtt_avg_us>33080 rtt_min_us>32814 rtt_max_us>33346 cwnd>30 cwnd_min>29 cwnd_max>30 throughput_kbps>8879.822 goodput_kbps>9279.814 retrans>0 total_retrans>0 bytes_acked>50527513
05:34:56.117008 TCPINFO flow>10 window>0.121 samples>134 rtt_avg_us>32318 rtt_min_us>32224 rtt_max_us>33364 cwnd>42 cwnd_min>40 cwnd_max>42 throughput_kbps>12755.022 goodput_kbps>12755.022 retrans>0 total_retrans>1 bytes_acked>7993041
05:34:56.130407 TCPINFO flow>3 window>0.113 samples>90 rtt_avg_us>32770 rtt_min_us>32684 rtt_max_us>33631 cwnd>32 cwnd_min>29 cwnd_max>32 throughput_kbps>9622.709 goodput_kbps>9339.689 retrans>0 total_retrans>0 bytes_acked>13132201
05:34:56.146310 TCPINFO flow>2 window>0.100 samples>2 rtt_avg_us>33555 rtt_min_us>33555 rtt_max_us>33555 cwnd>45 cwnd_min>45 cwnd_max>45 throughput_kbps>0.000 goodput_kbps>0.000 retrans>0 total_retrans>0 bytes_acked>32509049
05:34:56.230444 TCPINFO flow>3 window>0.100 samples>116 rtt_avg_us>32661 rtt_min_us>32575 rtt_max_us>33090 cwnd>33 cwnd_min>32 cwnd_max>33 throughput_kbps>10470.366 goodput_kbps>10256.685 retrans>0 total_retrans>0 bytes_acked>13260457
05:34:56.235175 TCPINFO flow>10 window>0.118 samples>134 rtt_avg_us>32389 rtt_min_us>32250 rtt_max_us>32906 cwnd>44 cwnd_min>42 cwnd_max>44 throughput_kbps>13748.136 goodput_kbps>13295.895 retrans>0 total_retrans>1 bytes_acked>8189433
05:34:56.246711 TCPINFO flow>1 window>0.200 samples>179 rtt_avg_us>33383 rtt_min_us>32346 rtt_max_us>34178 cwnd>34 cwnd_min>30 cwnd_max>34 throughput_kbps>10430.206 goodput_kbps>9749.300 retrans>0 total_retrans>0 bytes_acked>50771265
05:34:56.330546 TCPINFO flow>3 window>0.100 samples>138 rtt_avg_us>32513 rtt_min_us>32365 rtt_max_us>32692 cwnd>35 cwnd_min>33 cwnd_max>35 throughput_kbps>11210.965 goodput_kbps>10890.652 retrans>0 total_retrans>0 bytes_acked>13396729
05:34:56.335202 TCPINFO flow>10 window>0.100 samples>169 rtt_avg_us>32306 rtt_min_us>32137 rtt_max_us>32489 cwnd>44 cwnd_min>44 cwnd_max>44 throughput_kbps>13997.501 goodput_kbps>13890.650 retrans>0 total_retrans>1 bytes_acked>8363113
05:34:56.346311 TCPINFO flow>2 window>0.200 samples>3 rtt_avg_us>33555 rtt_min_us>33555 rtt_max_us>33555 cwnd>45 cwnd_min>45 cwnd_max>45 throughput_kbps>0.000 goodput_kbps>0.000 retrans>0 total_retrans>0 bytes_acked>32509049
05:34:56.446205 TCPINFO flow>10 window>0.111 samples>88 rtt_avg_us>32797 rtt_min_us>32278 rtt_max_us>33075 cwnd>44 cwnd_min>43 cwnd_max>44 throughput_kbps>13313.946 goodput_kbps>13313.946 retrans>0 total_retrans>1 bytes_acked>8547849
05:34:56.446216 TCPINFO flow>3 window>0.116 samples>102 rtt_avg_us>32465 rtt_min_us>32365 rtt_max_us>32894 cwnd>36 cwnd_min>35 cwnd_max>36 throughput_kbps>10626.091 goodput_kbps>10533.691 retrans>0 total_retrans>0 bytes_acked>13549033
05:34:56.446701 TCPINFO flow>1 window>0.200 samples>179 rtt_avg_us>32461 rtt_min_us>32346 rtt_max_us>32929 cwnd>37 cwnd_min>34 cwnd_max>37 throughput_kbps>11116.076 goodput_kbps>10955.748 retrans>0 total_retrans>0 bytes_acked>51045145
05:34:56.546162 TCPINFO flow>2 window>0.200 samples>3 rtt_avg_us>33555 rtt_min_us>33555 rtt_max_us>33555 cwnd>45 cwnd_min>45 cwnd_max>45 throughput_kbps>53.480 goodput_kbps>0.000 retrans>0 total_retrans>0 bytes_acked>32509049
05:34:56.546223 TCPINFO flow>3 window>0.100 samples>90 rtt_avg_us>32919 rtt_min_us>32500 rtt_max_us>33161 cwnd>36 cwnd_min>36 cwnd_max>37 throughput_kbps>10580.379 goodput_kbps>10794.124 retrans>0 total_retrans>0 bytes_acked>13683969
05:34:56.551994 TCPINFO flow>10 window>0.106 samples>118 rtt_avg_us>34674 rtt_min_us>32293 rtt_max_us>35129 cwnd>45 cwnd_min>43 cwnd_max>45 throughput_kbps>13235.100 goodput_kbps>13639.225 retrans>0 total_retrans>1 bytes_acked>8728209
05:34:56.646296 TCPINFO flow>2 window>0.100 samples>378 rtt_avg_us>33486 rtt_min_us>32635 rtt_max_us>33555 cwnd>41 cwnd_min>41 cwnd_max>45 throughput_kbps>13561.348 goodput_kbps>9423.532 retrans>0 total_retrans>0 bytes_acked>32627001
05:34:56.646694 TCPINFO flow>1 window>0.200 samples>214 rtt_avg_us>34181 rtt_min_us>32648 rtt_max_us>35106 cwnd>38 cwnd_min>37 cwnd_max>38 throughput_kbps>11596.886 goodput_kbps>11596.886 retrans>0 total_retrans>0 bytes_acked>51335057
05:34:56.698954 TCPINFO flow>3 window>0.153 samples>90 rtt_avg_us>32733 rtt_min_us>32686 rtt_max_us>32900 cwnd>35 cwnd_min>35 cwnd_max>37 throughput_kbps>11336.638 goodput_kbps>11406.617 retrans>0 total_retrans>0 bytes_acked>13901737
05:34:56.746199 TCPINFO flow>10 window>0.194 samples>232 rtt_avg_us>32532 rtt_min_us>32211 rtt_max_us>32937 cwnd>39 cwnd_min>39 cwnd_max>45 throughput_kbps>12926.217 goodput_kbps>13159.208 retrans>0 total_retrans>1 bytes_acked>9047657
05:34:56.746695 TCPINFO flow>1 window>0.100 samples>178 rtt_avg_us>33276 rtt_min_us>32598 rtt_max_us>33613 cwnd>36 cwnd_min>36 cwnd_max>38 throughput_kbps>11139.089 goodput_kbps>11734.923 retrans>0 total_retrans>0 bytes_acked>51481745
05:34:56.799053 TCPINFO flow>3 window>0.100 samples>126 rtt_avg_us>32934 rtt_min_us>32677 rtt_max_us>33183 cwnd>32 cwnd_min>32 cwnd_max>35 throughput_kbps>10570.655 goodput_kbps>10677.429 retrans>0 total_retrans>0 bytes_acked>14035337
05:34:56.846293 TCPINFO flow>2 window>0.200 samples>185 rtt_avg_us>33041 rtt_min_us>32651 rtt_max_us>33229 cwnd>28 cwnd_min>28 cwnd_max>41 throughput_kbps>9776.467 goodput_kbps>10565.598 retrans>0 total_retrans>0 bytes_acked>32891137
05:34:56.846745 TCPINFO flow>1 window>0.100 samples>39 rtt_avg_us>32768 rtt_min_us>32598 rtt_max_us>32809 cwnd>33 cwnd_min>33 cwnd_max>36 throughput_kbps>9855.552 goodput_kbps>10250.875 retrans>0 total_retrans>0 bytes_acked>51609945
05:34:56.877994 TCPINFO flow>10 window>0.132 samples>135 rtt_avg_us>32561 rtt_min_us>32343 rtt_max_us>32926 cwnd>34 cwnd_min>34 cwnd_max>40 throughput_kbps>11515.581 goodput_kbps>11983.216 retrans>0 total_retrans>1 bytes_acked>9245073
05:34:56.899058 TCPINFO flow>3 window>0.100 samples>112 rtt_avg_us>33029 rtt_min_us>32609 rtt_max_us>33362 cwnd>29 cwnd_min>29 cwnd_max>32 throughput_kbps>9580.961 goodput_kbps>9971.981 retrans>0 total_retrans>0 bytes_acked>14159993
05:34:56.946296 TCPINFO flow>2 window>0.100 samples>179 rtt_avg_us>33078 rtt_min_us>32957 rtt_max_us>33545 cwnd>24 cwnd_min>23 cwnd_max>28 throughput_kbps>7481.376 goodput_kbps>7908.883 retrans>0 total_retrans>0 bytes_acked>32990001
05:34:56.978002 TCPINFO flow>10 window>0.100 samples>102 rtt_avg_us>32560 rtt_min_us>32494 rtt_max_us>32889 cwnd>32 cwnd_min>32 cwnd_max>34 throughput_kbps>10473.402 goodput_kbps>10366.531 retrans>0 total_retrans>1 bytes_acked>9374665
05:34:57.012118 TCPINFO flow>3 window>0.113 samples>35 rtt_avg_us>33210 rtt_min_us>32893 rtt_max_us>33222 cwnd>27 cwnd_min>27 cwnd_max>29 throughput_kbps>8729.383 goodput_kbps>9045.250 retrans>0 total_retrans>0 bytes_acked>14287825
05:34:57.046703 TCPINFO flow>1 window>0.200 samples>142 rtt_avg_us>32678 rtt_min_us>32546 rtt_max_us>33377 cwnd>29 cwnd_min>29 cwnd_max>33 throughput_kbps>9193.611 goodput_kbps>9232.339 retrans>0 total_retrans>0 bytes_acked>51840705
05:34:57.130318 TCPINFO flow>10 window>0.152 samples>122 rtt_avg_us>32694 rtt_min_us>32563 rtt_max_us>33028 cwnd>33 cwnd_min>31 cwnd_max>33 throughput_kbps>10174.637 goodput_kbps>10174.637 retrans>0 total_retrans>1 bytes_acked>9568385
05:34:57.130859 TCPINFO flow>3 window>0.119 samples>89 rtt_avg_us>32990 rtt_min_us>32862 rtt_max_us>33368 cwnd>29 cwnd_min>27 cwnd_max>29 throughput_kbps>8911.092 goodput_kbps>8731.070 retrans>0 total_retrans>0 bytes_acked>14417417
05:34:57.146319 TCPINFO flow>2 window>0.200 samples>3 rtt_avg_us>33523 rtt_min_us>33220 rtt_max_us>33924 cwnd>24 cwnd_min>23 cwnd_max>24 throughput_kbps>7096.144 goodput_kbps>6989.276 retrans>0 total_retrans>0 bytes_acked>33164753
05:34:57.239300 TCPINFO flow>3 window>0.108 samples>85 rtt_avg_us>32857 rtt_min_us>32696 rtt_max_us>32931 cwnd>29 cwnd_min>29 cwnd_max>29 throughput_kbps>8969.006 goodput_kbps>8969.006 retrans>0 total_retrans>0 bytes_acked>14538993
05:34:57.246195 TCPINFO flow>10 window>0.116 samples>133 rtt_avg_us>32664 rtt_min_us>32467 rtt_max_us>32846 cwnd>33 cwnd_min>33 cwnd_max>33 throughput_kbps>10330.402 goodput_kbps>10238.166 retrans>0 total_retrans>1 bytes_acked>9716681
05:34:57.246697 TCPINFO flow>1 window>0.200 samples>172 rtt_avg_us>33381 rtt_min_us>32653 rtt_max_us>33949 cwnd>29 cwnd_min>28 cwnd_max>30 throughput_kbps>9191.956 goodput_kbps>9085.073 retrans>0 total_retrans>0 bytes_acked>52067825
05:34:57.344314 TCPINFO flow>3 window>0.105 samples>89 rtt_avg_us>32716 rtt_min_us>32637 rtt_max_us>35933 cwnd>30 cwnd_min>29 cwnd_max>30 throughput_kbps>8744.282 goodput_kbps>9378.711 retrans>0 total_retrans>0 bytes_acked>14662105
05:34:57.346213 TCPINFO flow>10 window>0.100 samples>134 rtt_avg_us>32706 rtt_min_us>32565 rtt_max_us>35629 cwnd>34 cwnd_min>33 cwnd_max>34 throughput_kbps>9886.860 goodput_kbps>10803.175 retrans>0 total_retrans>1 bytes_acked>9851745
05:34:57.346296 TCPINFO flow>2 window>0.200 samples>179 rtt_avg_us>33421 rtt_min_us>33232 rtt_max_us>36070 cwnd>26 cwnd_min>24 cwnd_max>26 throughput_kbps>7642.799 goodput_kbps>7910.030 retrans>0 total_retrans>0 bytes_acked>33362481
05:34:57.446216 TCPINFO flow>10 window>0.100 samples>134 rtt_avg_us>32340 rtt_min_us>32210 rtt_max_us>35629 cwnd>37 cwnd_min>34 cwnd_max>37 throughput_kbps>11188.144 goodput_kbps>10164.815 retrans>0 total_retrans>1 bytes_acked>9978809
05:34:57.446225 TCPINFO flow>3 window>0.102 samples>90 rtt_avg_us>35189 rtt_min_us>33006 rtt_max_us>35933 cwnd>31 cwnd_min>30 cwnd_max>31 throughput_kbps>9684.372 goodput_kbps>8715.997 retrans>0 total_retrans>0 bytes_acked>14773137
05:34:57.446302 TCPINFO flow>2 window>0.100 samples>2 rtt_avg_us>34579 rtt_min_us>33088 rtt_max_us>36070 cwnd>29 cwnd_min>26 cwnd_max>29 throughput_kbps>8763.634 goodput_kbps>7801.772 retrans>0 total_retrans>0 bytes_acked>33460009
05:34:57.446709 TCPINFO flow>1 window>0.200 samples>3 rtt_avg_us>33680 rtt_min_us>32653 rtt_max_us>35688 cwnd>33 cwnd_min>29 cwnd_max>33 throughput_kbps>9458.313 goodput_kbps>9351.439 retrans>0 total_retrans>0 bytes_acked>52301625
05:34:57.546217 TCPINFO flow>10 window>0.100 samples>2 rtt_avg_us>32837 rtt_min_us>32585 rtt_max_us>33089 cwnd>34 cwnd_min>34 cwnd_max>37 throughput_kbps>11222.288 goodput_kbps>11115.409 retrans>0 total_retrans>1 bytes_acked>10117753
05:34:57.546226 TCPINFO flow>3 window>0.100 samples>27 rtt_avg_us>32684 rtt_min_us>32654 rtt_max_us>33006 cwnd>32 cwnd_min>31 cwnd_max>32 throughput_kbps>10260.377 goodput_kbps>10260.377 retrans>0 total_retrans>0 bytes_acked>14901393
05:34:57.546743 TCPINFO flow>1 window>0.100 samples>9 rtt_avg_us>32750 rtt_min_us>32698 rtt_max_us>32792 cwnd>34 cwnd_min>33 cwnd_max>34 throughput_kbps>10791.211 goodput_kbps>10791.211 retrans>0 total_retrans>0 bytes_acked>52436561
05:34:57.569497 SHUTDOWN flow>10 srcPort>35791 dst>fd00:6::2/5403 
05:34:57.646243 TCPINFO flow>3 window>0.100 samples>193 rtt_avg_us>32879 rtt_min_us>32685 rtt_max_us>33149 cwnd>32 cwnd_min>31 cwnd_max>32 throughput_kbps>9799.294 goodput_kbps>9717.388 retrans>0 total_retrans>0 bytes_acked>15022881
05:34:57.646294 TCPINFO flow>2 window>0.200 samples>175 rtt_avg_us>32632 rtt_min_us>32549 rtt_max_us>33088 cwnd>29 cwnd_min>28 cwnd_max>30 throughput_kbps>9085.163 goodput_kbps>9085.163 retrans>0 total_retrans>0 bytes_acked>33687129
05:34:57.746342 TCPINFO flow>3 window>0.100 samples>33 rtt_avg_us>32932 rtt_min_us>32621 rtt_max_us>33084 cwnd>31 cwnd_min>31 cwnd_max>32 throughput_kbps>9505.470 goodput_kbps>9846.252 retrans>0 total_retrans>0 bytes_acked>15146081
05:34:57.746694 TCPINFO flow>1 window>0.200 samples>403 rtt_avg_us>32793 rtt_min_us>32480 rtt_max_us>33257 cwnd>31 cwnd_min>31 cwnd_max>34 throughput_kbps>9736.786 goodput_kbps>9767.513 retrans>0 total_retrans>0 bytes_acked>52680689
05:34:57.828497 OFF flow>10 srcPort>35791 dst>fd00:6::2/5403 
05:34:57.846294 TCPINFO flow>2 window>0.200 samples>179 rtt_avg_us>32997 rtt_min_us>32642 rtt_max_us>33491 cwnd>27 cwnd_min>27 cwnd_max>29 throughput_kbps>8736.640 goodput_kbps>8790.080 retrans>0 total_retrans>0 bytes_acked>33906881
05:34:57.855884 TCPINFO flow>3 window>0.110 samples>85 rtt_avg_us>32726 rtt_min_us>32621 rtt_max_us>33049 cwnd>30 cwnd_min>29 cwnd_max>31 throughput_kbps>9084.516 goodput_kbps>9238.173 retrans>0 total_retrans>0 bytes_acked>15272577
05:34:57.946298 TCPINFO flow>2 window>0.100 samples>178 rtt_avg_us>32819 rtt_min_us>32642 rtt_max_us>33279 cwnd>27 cwnd_min>27 cwnd_max>28 throughput_kbps>8443.182 goodput_kbps>8550.058 retrans>0 total_retrans>0 bytes_acked>34013761
05:34:57.946699 TCPINFO flow>1 window>0.200 samples>179 rtt_avg_us>32781 rtt_min_us>32299 rtt_max_us>32990 cwnd>31 cwnd_min>30 cwnd_max>32 throughput_kbps>9488.083 goodput_kbps>9510.802 retrans>0 total_retrans>0 bytes_acked>52918465
05:34:57.967593 TCPINFO flow>3 window>0.112 samples>89 rtt_avg_us>32906 rtt_min_us>32502 rtt_max_us>33049 cwnd>30 cwnd_min>29 cwnd_max>30 throughput_kbps>9663.393 goodput_kbps>9472.039 retrans>0 total_retrans>0 bytes_acked>15404841
05:34:58.074711 TCPINFO flow>3 window>0.107 samples>90 rtt_avg_us>32565 rtt_min_us>32336 rtt_max_us>32919 cwnd>33 cwnd_min>30 cwnd_max>33 throughput_kbps>10077.559 goodput_kbps>9678.448 retrans>0 total_retrans>0 bytes_acked>15534433
05:34:58.146298 TCPINFO flow>2 window>0.200 samples>3 rtt_avg_us>33026 rtt_min_us>32899 rtt_max_us>33260 cwnd>32 cwnd_min>27 cwnd_max>32 throughput_kbps>9565.760 goodput_kbps>9352.000 retrans>0 total_retrans>0 bytes_acked>34247561
05:34:58.146698 TCPINFO flow>1 window>0.200 samples>179 rtt_avg_us>32757 rtt_min_us>32465 rtt_max_us>32970 cwnd>34 cwnd_min>31 cwnd_max>34 throughput_kbps>10313.972 goodput_kbps>10100.211 retrans>0 total_retrans>0 bytes_acked>53170969
05:34:58.246220 TCPINFO flow>3 window>0.172 samples>179 rtt_avg_us>34035 rtt_min_us>32336 rtt_max_us>36876 cwnd>36 cwnd_min>33 cwnd_max>36 throughput_kbps>10344.693 goodput_kbps>10095.424 retrans>0 total_retrans>0 bytes_acked>15750865
05:34:58.246305 TCPINFO flow>2 window>0.100 samples>178 rtt_avg_us>33072 rtt_min_us>32302 rtt_max_us>33599 cwnd>35 cwnd_min>32 cwnd_max>35 throughput_kbps>10687.252 goodput_kbps>10152.889 retrans>0 total_retrans>0 bytes_acked>34374481
05:34:58.346221 TCPINFO flow>3 window>0.100 samples>89 rtt_avg_us>32273 rtt_min_us>32207 rtt_max_us>32580 cwnd>39 cwnd_min>36 cwnd_max>39 throughput_kbps>11997.960 goodput_kbps>12031.880 retrans>0 total_retrans>0 bytes_acked>15901265
05:34:58.346368 TCPINFO flow>2 window>0.100 samples>70 rtt_avg_us>32503 rtt_min_us>32302 rtt_max_us>32600 cwnd>37 cwnd_min>35 cwnd_max>37 throughput_kbps>11535.772 goodput_kbps>11428.960 retrans>0 total_retrans>0 bytes_acked>34517433
05:34:58.346698 TCPINFO flow>1 window>0.200 samples>186 rtt_avg_us>33979 rtt_min_us>32364 rtt_max_us>34896 cwnd>38 cwnd_min>34 cwnd_max>38 throughput_kbps>11168.960 goodput_kbps>11115.520 retrans>0 total_retrans>0 bytes_acked>53448857
05:34:58.446229 TCPINFO flow>3 window>0.100 samples>123 rtt_avg_us>32431 rtt_min_us>32276 rtt_max_us>32658 cwnd>41 cwnd_min>39 cwnd_max>41 throughput_kbps>12656.267 goodput_kbps>12515.479 retrans>0 total_retrans>0 bytes_acked>16057721
05:34:58.446702 TCPINFO flow>1 window>0.100 samples>179 rtt_avg_us>32523 rtt_min_us>32351 rtt_max_us>32786 cwnd>39 cwnd_min>38 cwnd_max>40 throughput_kbps>12515.979 goodput_kbps>12290.708 retrans>0 total_retrans>0 bytes_acked>53602497
05:34:58.546177 TCPINFO flow>2 window>0.200 samples>43 rtt_avg_us>32373 rtt_min_us>32334 rtt_max_us>32549 cwnd>39 cwnd_min>37 cwnd_max>39 throughput_kbps>11982.003 goodput_kbps>11875.021 retrans>0 total_retrans>0 bytes_acked>34814025
05:34:58.546752 TCPINFO flow>1 window>0.100 samples>87 rtt_avg_us>32398 rtt_min_us>32270 rtt_max_us>32668 cwnd>41 cwnd_min>39 cwnd_max>42 throughput_kbps>12687.416 goodput_kbps>12378.451 retrans>0 total_retrans>0 bytes_acked>53757305
05:34:58.603678 TCPINFO flow>3 window>0.157 samples>145 rtt_avg_us>32589 rtt_min_us>32412 rtt_max_us>32930 cwnd>43 cwnd_min>41 cwnd_max>43 throughput_kbps>12965.519 goodput_kbps>12897.637 retrans>0 total_retrans>0 bytes_acked>16311561
05:34:58.646291 TCPINFO flow>2 window>0.100 samples>258 rtt_avg_us>32419 rtt_min_us>32241 rtt_max_us>32713 cwnd>41 cwnd_min>39 cwnd_max>41 throughput_kbps>12810.995 goodput_kbps>12490.721 retrans>0 total_retrans>0 bytes_acked>34970337
05:34:58.688469 TCPINFO flow>1 window>0.142 samples>88 rtt_avg_us>32398 rtt_min_us>32179 rtt_max_us>32594 cwnd>42 cwnd_min>41 cwnd_max>43 throughput_kbps>13499.806 goodput_kbps>13575.224 retrans>0 total_retrans>0 bytes_acked>53997785
05:34:58.746219 TCPINFO flow>3 window>0.143 samples>178 rtt_avg_us>32492 rtt_min_us>32255 rtt_max_us>32778 cwnd>43 cwnd_min>43 cwnd_max>44 throughput_kbps>13721.694 goodput_kbps>13571.730 retrans>0 total_retrans>0 bytes_acked>16553377
05:34:58.746294 TCPINFO flow>2 window>0.100 samples>148 rtt_avg_us>32634 rtt_min_us>32467 rtt_max_us>32885 cwnd>43 cwnd_min>41 cwnd_max>43 throughput_kbps>13372.399 goodput_kbps>13051.768 retrans>0 total_retrans>0 bytes_acked>35133489
05:34:58.843612 TCPINFO flow>1 window>0.155 samples>179 rtt_avg_us>32583 rtt_min_us>32306 rtt_max_us>32782 cwnd>43 cwnd_min>42 cwnd_max>43 throughput_kbps>13350.470 goodput_kbps>13364.909 retrans>0 total_retrans>0 bytes_acked>54256969
05:34:58.846221 TCPINFO flow>3 window>0.100 samples>210 rtt_avg_us>32689 rtt_min_us>32341 rtt_max_us>33056 cwnd>44 cwnd_min>43 cwnd_max>44 throughput_kbps>13851.243 goodput_kbps>13921.642 retrans>0 total_retrans>0 bytes_acked>16727401
05:34:58.946224 TCPINFO flow>3 window>0.100 samples>90 rtt_avg_us>32853 rtt_min_us>32351 rtt_max_us>33017 cwnd>42 cwnd_min>42 cwnd_max>44 throughput_kbps>13490.795 goodput_kbps>13490.795 retrans>0 total_retrans>0 bytes_acked>16896041
05:34:58.946292 TCPINFO flow>2 window>0.200 samples>157 rtt_avg_us>32579 rtt_min_us>32387 rtt_max_us>32869 cwnd>42 cwnd_min>42 cwnd_max>43 throughput_kbps>13233.412 goodput_kbps>13464.135 retrans>0 total_retrans>0 bytes_acked>35470089
05:34:58.946692 TCPINFO flow>1 window>0.103 samples>178 rtt_avg_us>32433 rtt_min_us>32276 rtt_max_us>32600 cwnd>42 cwnd_min>42 cwnd_max>44 throughput_kbps>12854.637 goodput_kbps>12952.115 retrans>0 total_retrans>0 bytes_acked>54423857
05:34:59.046225 TCPINFO flow>3 window>0.100 samples>89 rtt_avg_us>32658 rtt_min_us>32430 rtt_max_us>32890 cwnd>41 cwnd_min>41 cwnd_max>42 throughput_kbps>13466.745 goodput_kbps>13503.225 retrans>0 total_retrans>0 bytes_acked>17064833
05:34:59.046692 TCPINFO flow>1 window>0.100 samples>79 rtt_avg_us>32256 rtt_min_us>32181 rtt_max_us>32444 cwnd>40 cwnd_min>40 cwnd_max>42 throughput_kbps>12910.080 goodput_kbps>12894.080 retrans>0 total_retrans>0 bytes_acked>54585033
05:34:59.113636 TCPINFO flow>2 window>0.167 samples>179 rtt_avg_us>32306 rtt_min_us>32175 rtt_max_us>33152 cwnd>40 cwnd_min>40 cwnd_max>42 throughput_kbps>12763.744 goodput_kbps>12787.456 retrans>0 total_retrans>0 bytes_acked>35737577
05:34:59.146234 TCPINFO flow>3 window>0.100 samples>90 rtt_avg_us>32368 rtt_min_us>32215 rtt_max_us>32690 cwnd>41 cwnd_min>41 cwnd_max>41 throughput_kbps>13145.057 goodput_kbps>13038.187 retrans>0 total_retrans>0 bytes_acked>17227825
05:34:59.246290 TCPINFO flow>2 window>0.133 samples>178 rtt_avg_us>32815 rtt_min_us>32460 rtt_max_us>33169 cwnd>40 cwnd_min>39 cwnd_max>40 throughput_kbps>12301.717 goodput_kbps>12487.946 retrans>0 total_retrans>0 bytes_acked>35944649
05:34:59.246694 TCPINFO flow>1 window>0.200 samples>3 rtt_avg_us>32754 rtt_min_us>32442 rtt_max_us>33237 cwnd>40 cwnd_min>40 cwnd_max>40 throughput_kbps>12397.956 goodput_kbps>12451.395 retrans>0 total_retrans>0 bytes_acked>54896321
05:34:59.346225 TCPINFO flow>3 window>0.200 samples>58 rtt_avg_us>32976 rtt_min_us>32259 rtt_max_us>33150 cwnd>43 cwnd_min>40 cwnd_max>43 throughput_kbps>8944.723 goodput_kbps>11082.419 retrans>0 total_retrans>0 bytes_acked>17504873
05:34:59.346293 TCPINFO flow>2 window>0.100 samples>178 rtt_avg_us>32658 rtt_min_us>32341 rtt_max_us>32949 cwnd>42 cwnd_min>40 cwnd_max>42 throughput_kbps>13038.969 goodput_kbps>12504.585 retrans>0 total_retrans>0 bytes_acked>36100961
05:34:59.446377 TCPINFO flow>2 window>0.100 samples>138 rtt_avg_us>32325 rtt_min_us>32069 rtt_max_us>32636 cwnd>44 cwnd_min>42 cwnd_max>44 throughput_kbps>13669.158 goodput_kbps>13669.158 retrans>0 total_retrans>0 bytes_acked>36271969
05:34:59.446693 TCPINFO flow>1 window>0.200 samples>3 rtt_avg_us>32735 rtt_min_us>32583 rtt_max_us>32811 cwnd>40 cwnd_min>40 cwnd_max>40 throughput_kbps>2782.414 goodput_kbps>4759.704 retrans>0 total_retrans>0 bytes_acked>55015313
05:34:59.546192 TCPINFO flow>3 window>0.200 samples>3 rtt_avg_us>32259 rtt_min_us>32259 rtt_max_us>32259 cwnd>43 cwnd_min>43 cwnd_max>43 throughput_kbps>53.449 goodput_kbps>0.000 retrans>0 total_retrans>0 bytes_acked>17504873
05:34:59.546698 TCPINFO flow>1 window>0.100 samples>8 rtt_avg_us>32811 rtt_min_us>32811 rtt_max_us>32811 cwnd>40 cwnd_min>40 cwnd_max>40 throughput_kbps>213.749 goodput_kbps>0.000 retrans>0 total_retrans>0 bytes_acked>55015313
05:34:59.577480 TCPINFO flow>2 window>0.131 samples>43 rtt_avg_us>32244 rtt_min_us>32180 rtt_max_us>32303 cwnd>48 cwnd_min>44 cwnd_max>48 throughput_kbps>15000.358 goodput_kbps>14674.264 retrans>0 total_retrans>0 bytes_acked>36512449
05:34:59.646221 TCPINFO flow>3 window>0.100 samples>200 rtt_avg_us>32261 rtt_min_us>32259 rtt_max_us>32628 cwnd>43 cwnd_min>43 cwnd_max>43 throughput_kbps>13433.544 goodput_kbps>9139.110 retrans>0 total_retrans>0 bytes_acked>17619145
05:34:59.708565 TCPINFO flow>2 window>0.131 samples>176 rtt_avg_us>32102 rtt_min_us>31981 rtt_max_us>32510 cwnd>50 cwnd_min>48 cwnd_max>50 throughput_kbps>15736.232 goodput_kbps>15736.232 retrans>0 total_retrans>0 bytes_acked>36770297
05:34:59.733865 TCPINFO flow>1 window>0.187 samples>440 rtt_avg_us>32533 rtt_min_us>31464 rtt_max_us>32811 cwnd>43 cwnd_min>40 cwnd_max>43 throughput_kbps>12996.821 goodput_kbps>10785.491 retrans>0 total_retrans>0 bytes_acked>55267649
05:34:59.746223 TCPINFO flow>3 window>0.100 samples>177 rtt_avg_us>32422 rtt_min_us>32201 rtt_max_us>32855 cwnd>45 cwnd_min>43 cwnd_max>45 throughput_kbps>13773.805 goodput_kbps>13437.171 retrans>0 total_retrans>0 bytes_acked>17787113
05:34:59.838087 TCPINFO flow>2 window>0.130 samples>178 rtt_avg_us>32395 rtt_min_us>31910 rtt_max_us>33008 cwnd>52 cwnd_min>50 cwnd_max>52 throughput_kbps>15953.799 goodput_kbps>15760.597 retrans>0 total_retrans>0 bytes_acked>37025465
05:34:59.846693 TCPINFO flow>1 window>0.113 samples>178 rtt_avg_us>32323 rtt_min_us>32157 rtt_max_us>32515 cwnd>43 cwnd_min>43 cwnd_max>43 throughput_kbps>13441.770 goodput_kbps>13614.776 retrans>0 total_retrans>0 bytes_acked>55459665
05:34:59.873144 TCPINFO flow>3 window>0.127 samples>90 rtt_avg_us>32640 rtt_min_us>32329 rtt_max_us>32849 cwnd>44 cwnd_min>44 cwnd_max>45 throughput_kbps>14063.047 goodput_kbps>14260.209 retrans>0 total_retrans>0 bytes_acked>18013353
05:34:59.946298 TCPINFO flow>2 window>0.108 samples>110 rtt_avg_us>32579 rtt_min_us>32297 rtt_max_us>33008 cwnd>50 cwnd_min>50 cwnd_max>52 throughput_kbps>16099.509 goodput_kbps>16231.991 retrans>0 total_retrans>0 bytes_acked>37245025
05:34:59.946699 TCPINFO flow>1 window>0.100 samples>178 rtt_avg_us>32661 rtt_min_us>32398 rtt_max_us>33074 cwnd>41 cwnd_min>41 cwnd_max>43 throughput_kbps>12465.812 goodput_kbps>12809.471 retrans>0 total_retrans>0 bytes_acked>55619793
05:35:00.018510 TCPINFO flow>3 window>0.145 samples>177 rtt_avg_us>32605 rtt_min_us>32356 rtt_max_us>33356 cwnd>42 cwnd_min>42 cwnd_max>45 throughput_kbps>13528.556 goodput_kbps>13896.179 retrans>0 total_retrans>0 bytes_acked>18265857
05:35:00.046298 TCPINFO flow>2 window>0.100 samples>2 rtt_avg_us>33149 rtt_min_us>32895 rtt_max_us>33403 cwnd>47 cwnd_min>47 cwnd_max>50 throughput_kbps>15070.080 goodput_kbps>15818.240 retrans>0 total_retrans>0 bytes_acked>37442753
05:35:00.046700 TCPINFO flow>1 window>0.100 samples>28 rtt_avg_us>34522 rtt_min_us>32717 rtt_max_us>35118 cwnd>38 cwnd_min>38 cwnd_max>41 throughput_kbps>12077.319 goodput_kbps>12577.794 retrans>0 total_retrans>0 bytes_acked>55777017
05:35:00.146224 TCPINFO flow>3 window>0.128 samples>178 rtt_avg_us>33694 rtt_min_us>32678 rtt_max_us>34572 cwnd>41 cwnd_min>40 cwnd_max>42 throughput_kbps>12050.926 goodput_kbps>11799.865 retrans>0 total_retrans>0 bytes_acked>18454233
05:35:00.146299 TCPINFO flow>2 window>0.100 samples>2 rtt_avg_us>35147 rtt_min_us>33403 rtt_max_us>36891 cwnd>46 cwnd_min>46 cwnd_max>47 throughput_kbps>1246.708 goodput_kbps>5414.986 retrans>0 total_retrans>0 bytes_acked>37510441
05:35:00.219877 TCPINFO flow>1 window>0.173 samples>153 rtt_avg_us>33545 rtt_min_us>32467 rtt_max_us>34323 cwnd>41 cwnd_min>38 cwnd_max>41 throughput_kbps>12096.572 goodput_kbps>11726.268 retrans>0 total_retrans>0 bytes_acked>56030857
05:35:00.266662 TCPINFO flow>3 window>0.120 samples>90 rtt_avg_us>32318 rtt_min_us>32229 rtt_max_us>32678 cwnd>45 cwnd_min>41 cwnd_max>45 throughput_kbps>13843.870 goodput_kbps>13488.899 retrans>0 total_retrans>0 bytes_acked>18657305
05:35:00.346294 TCPINFO flow>2 window>0.200 samples>3 rtt_avg_us>36891 rtt_min_us>36891 rtt_max_us>36891 cwnd>46 cwnd_min>46 cwnd_max>46 throughput_kbps>0.000 goodput_kbps>0.000 retrans>0 total_retrans>0 bytes_acked>37510441
05:35:00.346694 TCPINFO flow>1 window>0.127 samples>178 rtt_avg_us>32344 rtt_min_us>32208 rtt_max_us>32477 cwnd>45 cwnd_min>41 cwnd_max>45 throughput_kbps>13821.743 goodput_kbps>13484.627 retrans>0 total_retrans>0 bytes_acked>56244617
05:35:00.408605 TCPINFO flow>3 window>0.142 samples>177 rtt_avg_us>32314 rtt_min_us>32073 rtt_max_us>33214 cwnd>46 cwnd_min>45 cwnd_max>46 throughput_kbps>14457.184 goodput_kbps>14457.184 retrans>0 total_retrans>0 bytes_acked>18913817
05:35:00.446298 TCPINFO flow>2 window>0.100 samples>2 rtt_avg_us>36891 rtt_min_us>36891 rtt_max_us>36891 cwnd>46 cwnd_min>46 cwnd_max>46 throughput_kbps>0.000 goodput_kbps>0.000 retrans>0 total_retrans>0 bytes_acked>37510441
05:35:00.446698 TCPINFO flow>1 window>0.100 samples>178 rtt_avg_us>32370 rtt_min_us>32209 rtt_max_us>32643 cwnd>44 cwnd_min>44 cwnd_max>46 throughput_kbps>13893.844 goodput_kbps>13893.844 retrans>0 total_retrans>0 bytes_acked>56418297
05:35:00.546219 ON flow>11 srcPort>34477 dst>fd00:6::2/5404 
05:35:00.546243 TCPINFO flow>3 window>0.138 samples>177 rtt_avg_us>32723 rtt_min_us>32232 rtt_max_us>33389 cwnd>46 cwnd_min>45 cwnd_max>46 throughput_kbps>14443.453 goodput_kbps>14521.106 retrans>0 total_retrans>0 bytes_acked>19163649
05:35:00.546345 TCPINFO flow>2 window>0.100 samples>4 rtt_avg_us>36891 rtt_min_us>36891 rtt_max_us>36891 cwnd>46 cwnd_min>46 cwnd_max>46 throughput_kbps>106.830 goodput_kbps>0.000 retrans>0 total_retrans>0 bytes_acked>37510441
05:35:00.578498 CONNECT flow>11 srcPort>34477 dst>fd00:6::2/5404 
05:35:00.646698 TCPINFO flow>1 window>0.200 samples>179 rtt_avg_us>32299 rtt_min_us>32172 rtt_max_us>32954 cwnd>45 cwnd_min>44 cwnd_max>45 throughput_kbps>14375.360 goodput_kbps>14161.600 retrans>0 total_retrans>0 bytes_acked>56772337
05:35:00.684047 TCPINFO flow>3 window>0.138 samples>170 rtt_avg_us>32597 rtt_min_us>32146 rtt_max_us>33275 cwnd>44 cwnd_min>44 cwnd_max>46 throughput_kbps>14179.443 goodput_kbps>14436.736 retrans>0 total_retrans>0 bytes_acked>19412329
05:35:00.694639 TCPINFO flow>11 window>0.116 samples>54 rtt_avg_us>32304 rtt_min_us>32264 rtt_max_us>33682 cwnd>8 cwnd_min>7 cwnd_max>10 throughput_kbps>2394.183 goodput_kbps>1941.483 retrans>0 total_retrans>0 bytes_acked>28169
05:35:00.717261 TCPINFO flow>2 window>0.171 samples>395 rtt_avg_us>36325 rtt_min_us>32653 rtt_max_us>36891 cwnd>42 cwnd_min>42 cwnd_max>46 throughput_kbps>13509.888 goodput_kbps>11071.076 retrans>0 total_retrans>0 bytes_acked>37746969
05:35:00.809374 TCPINFO flow>1 window>0.163 samples>180 rtt_avg_us>32442 rtt_min_us>32228 rtt_max_us>32954 cwnd>45 cwnd_min>43 cwnd_max>45 throughput_kbps>13928.643 goodput_kbps>14125.747 retrans>0 total_retrans>0 bytes_acked>57059577
05:35:00.829630 TCPINFO flow>3 window>0.146 samples>177 rtt_avg_us>32659 rtt_min_us>32130 rtt_max_us>33977 cwnd>43 cwnd_min>43 cwnd_max>45 throughput_kbps>13802.051 goodput_kbps>13925.582 retrans>0 total_retrans>0 bytes_acked>19665745
05:35:00.837232 TCPINFO flow>11 window>0.143 samples>31 rtt_avg_us>33135 rtt_min_us>33011 rtt_max_us>35693 cwnd>10 cwnd_min>8 cwnd_max>10 throughput_kbps>2698.365 goodput_kbps>2473.502 retrans>0 total_retrans>0 bytes_acked>72257
05:35:00.846291 TCPINFO flow>2 window>0.129 samples>178 rtt_avg_us>32633 rtt_min_us>32280 rtt_max_us>33222 cwnd>39 cwnd_min>39 cwnd_max>42 throughput_kbps>12176.517 goodput_kbps>12342.184 retrans>0 total_retrans>0 bytes_acked>37946033
05:35:00.946224 TCPINFO flow>3 window>0.117 samples>121 rtt_avg_us>33316 rtt_min_us>32314 rtt_max_us>33977 cwnd>42 cwnd_min>42 cwnd_max>43 throughput_kbps>13750.279 goodput_kbps>13658.610 retrans>0 total_retrans>0 bytes_acked>19864809
05:35:00.946246 TCPINFO flow>11 window>0.109 samples>44 rtt_avg_us>35551 rtt_min_us>34685 rtt_max_us>35883 cwnd>11 cwnd_min>10 cwnd_max>12 throughput_kbps>3137.359 goodput_kbps>2941.274 retrans>0 total_retrans>0 bytes_acked>112337
05:35:00.946299 TCPINFO flow>2 window>0.100 samples>178 rtt_avg_us>32926 rtt_min_us>32349 rtt_max_us>33243 cwnd>40 cwnd_min>38 cwnd_max>40 throughput_kbps>12397.088 goodput_kbps>12503.960 retrans>0 total_retrans>0 bytes_acked>38102345
05:35:00.946700 TCPINFO flow>1 window>0.137 samples>45 rtt_avg_us>32469 rtt_min_us>32326 rtt_max_us>32813 cwnd>43 cwnd_min>43 cwnd_max>45 throughput_kbps>13464.486 goodput_kbps>13697.974 retrans>0 total_retrans>0 bytes_acked>57294713
05:35:01.046252 TCPINFO flow>11 window>0.100 samples>25 rtt_avg_us>34468 rtt_min_us>33229 rtt_max_us>34685 cwnd>14 cwnd_min>11 cwnd_max>14 throughput_kbps>4168.070 goodput_kbps>3847.449 retrans>0 total_retrans>0 bytes_acked>160433
05:35:01.046299 TCPINFO flow>2 window>0.100 samples>13 rtt_avg_us>32465 rtt_min_us>32349 rtt_max_us>32475 cwnd>36 cwnd_min>36 cwnd_max>40 throughput_kbps>11756.800 goodput_kbps>12077.440 retrans>0 total_retrans>0 bytes_acked>38253313
05:35:01.146220 TCPINFO flow>3 window>0.200 samples>3 rtt_avg_us>32273 rtt_min_us>32253 rtt_max_us>32314 cwnd>41 cwnd_min>41 cwnd_max>42 throughput_kbps>3546.311 goodput_kbps>5630.513 retrans>0 total_retrans>0 bytes_acked>20005569
05:35:01.146694 TCPINFO flow>1 window>0.200 samples>3 rtt_avg_us>32614 rtt_min_us>32326 rtt_max_us>32845 cwnd>41 cwnd_min>40 cwnd_max>43 throughput_kbps>6767.883 goodput_kbps>8852.106 retrans>0 total_retrans>0 bytes_acked>57516009
05:35:01.158479 TCPINFO flow>11 window>0.112 samples>39 rtt_avg_us>33606 rtt_min_us>33229 rtt_max_us>33623 cwnd>17 cwnd_min>14 cwnd_max>17 throughput_kbps>5142.720 goodput_kbps>4952.249 retrans>0 total_retrans>0 bytes_acked>229905
05:35:01.217658 TCPINFO flow>2 window>0.171 samples>168 rtt_avg_us>32297 rtt_min_us>32183 rtt_max_us>32503 cwnd>41 cwnd_min>36 cwnd_max>41 throughput_kbps>12412.024 goodput_kbps>12162.536 retrans>0 total_retrans>0 bytes_acked>38513833
05:35:01.246229 TCPINFO flow>3 window>0.100 samples>2 rtt_avg_us>32253 rtt_min_us>32253 rtt_max_us>32253 cwnd>41 cwnd_min>41 cwnd_max>41 throughput_kbps>0.000 goodput_kbps>0.000 retrans>0 total_retrans>0 bytes_acked>20005569
05:35:01.317959 TCPINFO flow>11 window>0.159 samples>85 rtt_avg_us>33245 rtt_min_us>33127 rtt_max_us>33624 cwnd>22 cwnd_min>17 cwnd_max>22 throughput_kbps>6031.603 goodput_kbps>5830.549 retrans>0 total_retrans>0 bytes_acked>346137
05:35:01.346295 TCPINFO flow>2 window>0.129 samples>178 rtt_avg_us>32391 rtt_min_us>32242 rtt_max_us>32541 cwnd>45 cwnd_min>41 cwnd_max>45 throughput_kbps>13958.534 goodput_kbps>13626.188 retrans>0 total_retrans>0 bytes_acked>38732937
05:35:01.346695 TCPINFO flow>1 window>0.200 samples>3 rtt_avg_us>32671 rtt_min_us>32671 rtt_max_us>32671 cwnd>41 cwnd_min>41 cwnd_max>41 throughput_kbps>0.000 goodput_kbps>0.000 retrans>0 total_retrans>0 bytes_acked>57516009
05:35:01.444833 TCPINFO flow>11 window>0.127 samples>85 rtt_avg_us>33154 rtt_min_us>32529 rtt_max_us>33624 cwnd>25 cwnd_min>22 cwnd_max>25 throughput_kbps>7497.454 goodput_kbps>7244.731 retrans>0 total_retrans>0 bytes_acked>461033
05:35:01.446229 TCPINFO flow>3 window>0.200 samples>3 rtt_avg_us>32253 rtt_min_us>32253 rtt_max_us>32253 cwnd>41 cwnd_min>41 cwnd_max>41 throughput_kbps>0.000 goodput_kbps>0.000 retrans>0 total_retrans>0 bytes_acked>20005569
05:35:01.446317 TCPINFO flow>2 window>0.100 samples>166 rtt_avg_us>32178 rtt_min_us>32105 rtt_max_us>32736 cwnd>47 cwnd_min>45 cwnd_max>47 throughput_kbps>14639.339 goodput_kbps>14532.483 retrans>0 total_retrans>0 bytes_acked>38914633
05:35:01.546175 TCPINFO flow>1 window>0.199 samples>3 rtt_avg_us>32671 rtt_min_us>32671 rtt_max_us>32671 cwnd>41 cwnd_min>41 cwnd_max>41 throughput_kbps>53.579 goodput_kbps>0.000 retrans>0 total_retrans>0 bytes_acked>57516009
05:35:01.546248 TCPINFO flow>11 window>0.101 samples>76 rtt_avg_us>32956 rtt_min_us>32744 rtt_max_us>32980 cwnd>28 cwnd_min>25 cwnd_max>28 throughput_kbps>8625.470 goodput_kbps>8203.915 retrans>0 total_retrans>0 bytes_acked>565033
05:35:01.546262 TCPINFO flow>3 window>0.100 samples>4 rtt_avg_us>32253 rtt_min_us>32253 rtt_max_us>32253 cwnd>41 cwnd_min>41 cwnd_max>41 throughput_kbps>106.845 goodput_kbps>0.000 retrans>0 total_retrans>0 bytes_acked>20005569
05:35:01.613601 TCPINFO flow>2 window>0.167 samples>152 rtt_avg_us>32193 rtt_min_us>32074 rtt_max_us>32729 cwnd>51 cwnd_min>47 cwnd_max>51 throughput_kbps>15812.152 goodput_kbps>15397.814 retrans>0 total_retrans>0 bytes_acked>39236609
05:35:01.646692 TCPINFO flow>1 window>0.101 samples>464 rtt_avg_us>32438 rtt_min_us>31631 rtt_max_us>33250 cwnd>39 cwnd_min>39 cwnd_max>41 throughput_kbps>12366.147 goodput_kbps>8572.003 retrans>0 total_retrans>0 bytes_acked>57623713
05:35:01.653863 TCPINFO flow>3 window>0.108 samples>200 rtt_avg_us>32259 rtt_min_us>32253 rtt_max_us>32839 cwnd>39 cwnd_min>39 cwnd_max>41 throughput_kbps>12570.292 goodput_kbps>9150.844 retrans>0 total_retrans>0 bytes_acked>20128649
05:35:01.708333 TCPINFO flow>11 window>0.162 samples>131 rtt_avg_us>32768 rtt_min_us>32447 rtt_max_us>33119 cwnd>30 cwnd_min>28 cwnd_max>30 throughput_kbps>9246.309 goodput_kbps>9180.368 retrans>0 total_retrans>0 bytes_acked>751033
05:35:01.737468 TCPINFO flow>2 window>0.124 samples>179 rtt_avg_us>32813 rtt_min_us>32255 rtt_max_us>32952 cwnd>49 cwnd_min>49 cwnd_max>51 throughput_kbps>15893.692 goodput_kbps>16280.688 retrans>0 total_retrans>0 bytes_acked>39488689
05:35:01.746693 TCPINFO flow>1 window>0.100 samples>2 rtt_avg_us>32800 rtt_min_us>32350 rtt_max_us>33250 cwnd>37 cwnd_min>37 cwnd_max>39 throughput_kbps>11352.206 goodput_kbps>11450.125 retrans>0 total_retrans>0 bytes_acked>57766841
05:35:01.825425 TCPINFO flow>3 window>0.172 samples>171 rtt_avg_us>32656 rtt_min_us>32423 rtt_max_us>32949 cwnd>35 cwnd_min>35 cwnd_max>39 throughput_kbps>11221.879 goodput_kbps>11435.260 retrans>0 total_retrans>0 bytes_acked>20373881
05:35:01.844184 TCPINFO flow>11 window>0.136 samples>113 rtt_avg_us>32918 rtt_min_us>32538 rtt_max_us>33203 cwnd>29 cwnd_min>29 cwnd_max>31 throughput_kbps>9519.606 goodput_kbps>9519.606 retrans>0 total_retrans>0 bytes_acked>912689
05:35:01.846294 TCPINFO flow>2 window>0.109 samples>133 rtt_avg_us>32089 rtt_min_us>31994 rtt_max_us>32374 cwnd>46 cwnd_min>46 cwnd_max>49 throughput_kbps>14633.562 goodput_kbps>15124.621 retrans>0 total_retrans>0 bytes_acked>39694433
05:35:01.846694 TCPINFO flow>1 window>0.100 samples>178 rtt_avg_us>32823 rtt_min_us>32350 rtt_max_us>33151 cwnd>32 cwnd_min>32 cwnd_max>37 throughput_kbps>10474.135 goodput_kbps>11197.328 retrans>0 total_retrans>0 bytes_acked>57906809
05:35:01.925470 TCPINFO flow>3 window>0.100 samples>104 rtt_avg_us>32861 rtt_min_us>32595 rtt_max_us>33430 cwnd>33 cwnd_min>33 cwnd_max>35 throughput_kbps>10078.025 goodput_kbps>10209.806 retrans>0 total_retrans>0 bytes_acked>20501561
05:35:01.946254 TCPINFO flow>11 window>0.102 samples>113 rtt_avg_us>32593 rtt_min_us>32499 rtt_max_us>32859 cwnd>29 cwnd_min>29 cwnd_max>30 throughput_kbps>9319.408 goodput_kbps>9319.408 retrans>0 total_retrans>0 bytes_acked>1031593
05:35:01.946296 TCPINFO flow>2 window>0.100 samples>2 rtt_avg_us>32320 rtt_min_us>32267 rtt_max_us>32374 cwnd>44 cwnd_min>44 cwnd_max>46 throughput_kbps>14056.679 goodput_kbps>13983.720 retrans>0 total_retrans>0 bytes_acked>39869233
05:35:01.946696 TCPINFO flow>1 window>0.100 samples>2 rtt_avg_us>32788 rtt_min_us>32782 rtt_max_us>32795 cwnd>30 cwnd_min>30 cwnd_max>32 throughput_kbps>9832.763 goodput_kbps>9939.641 retrans>0 total_retrans>0 bytes_acked>58031057
05:35:02.026122 TCPINFO flow>3 window>0.101 samples>75 rtt_avg_us>33126 rtt_min_us>32537 rtt_max_us>33316 cwnd>32 cwnd_min>32 cwnd_max>33 throughput_kbps>10087.827 goodput_kbps>10063.029 retrans>0 total_retrans>0 bytes_acked>20628169
05:35:02.050981 TCPINFO flow>11 window>0.105 samples>59 rtt_avg_us>32708 rtt_min_us>32453 rtt_max_us>32859 cwnd>31 cwnd_min>29 cwnd_max>31 throughput_kbps>9593.247 goodput_kbps>9593.247 retrans>0 total_retrans>0 bytes_acked>1157177
05:35:02.129864 TCPINFO flow>3 window>0.104 samples>89 rtt_avg_us>32563 rtt_min_us>32491 rtt_max_us>33104 cwnd>31 cwnd_min>30 cwnd_max>32 throughput_kbps>9684.332 goodput_kbps>9787.357 retrans>0 total_retrans>0 bytes_acked>20755089
05:35:02.146300 TCPINFO flow>2 window>0.200 samples>3 rtt_avg_us>32528 rtt_min_us>32267 rtt_max_us>32659 cwnd>42 cwnd_min>42 cwnd_max>44 throughput_kbps>3502.010 goodput_kbps>5676.046 retrans>0 total_retrans>0 bytes_acked>40011137
05:35:02.146694 TCPINFO flow>1 window>0.200 samples>180 rtt_avg_us>32739 rtt_min_us>32570 rtt_max_us>32932 cwnd>29 cwnd_min>29 cwnd_max>31 throughput_kbps>9458.975 goodput_kbps>9405.534 retrans>0 total_retrans>0 bytes_acked>58266193
05:35:02.183348 TCPINFO flow>11 window>0.132 samples>116 rtt_avg_us>32472 rtt_min_us>32406 rtt_max_us>33315 cwnd>32 cwnd_min>31 cwnd_max>33 throughput_kbps>10012.405 goodput_kbps>9931.660 retrans>0 total_retrans>0 bytes_acked>1321505
05:35:02.234069 TCPINFO flow>3 window>0.104 samples>90 rtt_avg_us>32966 rtt_min_us>32679 rtt_max_us>33175 cwnd>30 cwnd_min>30 cwnd_max>31 throughput_kbps>9538.736 goodput_kbps>9641.303 retrans>0 total_retrans>0 bytes_acked>20880673
05:35:02.246698 TCPINFO flow>1 window>0.100 samples>178 rtt_avg_us>32675 rtt_min_us>32527 rtt_max_us>32928 cwnd>30 cwnd_min>28 cwnd_max>30 throughput_kbps>9191.312 goodput_kbps>9084.437 retrans>0 total_retrans>0 bytes_acked>58379753
05:35:02.308246 TCPINFO flow>11 window>0.125 samples>110 rtt_avg_us>32730 rtt_min_us>32338 rtt_max_us>33315 cwnd>32 cwnd_min>32 cwnd_max>32 throughput_kbps>10268.859 goodput_kbps>10183.286 retrans>0 total_retrans>0 bytes_acked>1480489
05:35:02.340398 TCPINFO flow>3 window>0.106 samples>89 rtt_avg_us>32560 rtt_min_us>32339 rtt_max_us>32736 cwnd>31 cwnd_min>30 cwnd_max>31 throughput_kbps>9649.747 goodput_kbps>9649.747 retrans>0 total_retrans>0 bytes_acked>21008929
05:35:02.346297 TCPINFO flow>2 window>0.200 samples>3 rtt_avg_us>32659 rtt_min_us>32659 rtt_max_us>32659 cwnd>42 cwnd_min>42 cwnd_max>42 throughput_kbps>0.000 goodput_kbps>0.000 retrans>0 total_retrans>0 bytes_acked>40011137
05:35:02.390370 TCPINFO flow>1 window>0.144 samples>3 rtt_avg_us>32899 rtt_min_us>32635 rtt_max_us>33162 cwnd>30 cwnd_min>30 cwnd_max>30 throughput_kbps>9447.742 goodput_kbps>9596.525 retrans>0 total_retrans>0 bytes_acked>58552097
05:35:02.444557 TCPINFO flow>3 window>0.104 samples>90 rtt_avg_us>32585 rtt_min_us>32520 rtt_max_us>32685 cwnd>33 cwnd_min>31 cwnd_max>33 throughput_kbps>10158.623 goodput_kbps>10056.011 retrans>0 total_retrans>0 bytes_acked>21139857
05:35:02.444964 TCPINFO flow>11 window>0.137 samples>123 rtt_avg_us>32751 rtt_min_us>32399 rtt_max_us>33164 cwnd>35 cwnd_min>32 cwnd_max>35 throughput_kbps>10475.519 goodput_kbps>10319.168 retrans>0 total_retrans>0 bytes_acked>1656841
05:35:02.446298 TCPINFO flow>2 window>0.100 samples>2 rtt_avg_us>32659 rtt_min_us>32659 rtt_max_us>32659 cwnd>42 cwnd_min>42 cwnd_max>42 throughput_kbps>0.000 goodput_kbps>0.000 retrans>0 total_retrans>0 bytes_acked>40011137
05:35:02.545052 TCPINFO flow>11 window>0.100 samples>119 rtt_avg_us>32542 rtt_min_us>32319 rtt_max_us>32864 cwnd>36 cwnd_min>35 cwnd_max>37 throughput_kbps>11458.716 goodput_kbps>10986.172 retrans>0 total_retrans>0 bytes_acked>1794289
05:35:02.546221 TCPINFO flow>3 window>0.102 samples>98 rtt_avg_us>32514 rtt_min_us>32404 rtt_max_us>32609 cwnd>35 cwnd_min>33 cwnd_max>35 throughput_kbps>10723.324 goodput_kbps>10513.063 retrans>0 total_retrans>0 bytes_acked>21273457
05:35:02.546357 TCPINFO flow>2 window>0.100 samples>5 rtt_avg_us>32659 rtt_min_us>32659 rtt_max_us>32659 cwnd>42 cwnd_min>42 cwnd_max>42 throughput_kbps>106.817 goodput_kbps>0.000 retrans>0 total_retrans>0 bytes_acked>40011137
05:35:02.546694 TCPINFO flow>1 window>0.156 samples>178 rtt_avg_us>32884 rtt_min_us>32583 rtt_max_us>33162 cwnd>35 cwnd_min>30 cwnd_max>35 throughput_kbps>10597.477 goodput_kbps>10255.623 retrans>0 total_retrans>0 bytes_acked>58752497
05:35:02.646224 TCPINFO flow>11 window>0.101 samples>81 rtt_avg_us>32485 rtt_min_us>32328 rtt_max_us>33368 cwnd>37 cwnd_min>36 cwnd_max>37 throughput_kbps>11634.523 goodput_kbps>11665.520 retrans>0 total_retrans>0 bytes_acked>1941817
05:35:02.646241 TCPINFO flow>3 window>0.100 samples>106 rtt_avg_us>32537 rtt_min_us>32383 rtt_max_us>32720 cwnd>35 cwnd_min>35 cwnd_max>35 throughput_kbps>11001.960 goodput_kbps>10681.384 retrans>0 total_retrans>0 bytes_acked>21407001
05:35:02.646725 TCPINFO flow>1 window>0.100 samples>190 rtt_avg_us>32876 rtt_min_us>32583 rtt_max_us>33144 cwnd>35 cwnd_min>35 cwnd_max>36 throughput_kbps>11218.922 goodput_kbps>11005.228 retrans>0 total_retrans>0 bytes_acked>58890105
05:35:02.721552 TCPINFO flow>2 window>0.175 samples>396 rtt_avg_us>32538 rtt_min_us>31659 rtt_max_us>32659 cwnd>38 cwnd_min>38 cwnd_max>42 throughput_kbps>12627.210 goodput_kbps>10614.002 retrans>0 total_retrans>0 bytes_acked>40243577
05:35:02.746248 TCPINFO flow>11 window>0.100 samples>156 rtt_avg_us>32844 rtt_min_us>32415 rtt_max_us>33476 cwnd>37 cwnd_min>36 cwnd_max>37 throughput_kbps>11180.677 goodput_kbps>11371.991 retrans>0 total_retrans>0 bytes_acked>2084001
05:35:02.759324 TCPINFO flow>3 window>0.113 samples>94 rtt_avg_us>32734 rtt_min_us>32463 rtt_max_us>32840 cwnd>34 cwnd_min>34 cwnd_max>35 throughput_kbps>10843.717 goodput_kbps>11276.107 retrans>0 total_retrans>0 bytes_acked>21566393
05:35:02.787993 TCPINFO flow>1 window>0.141 samples>3 rtt_avg_us>32850 rtt_min_us>32496 rtt_max_us>33038 cwnd>33 cwnd_min>33 cwnd_max>35 throughput_kbps>10804.995 goodput_kbps>11107.625 retrans>0 total_retrans>0 bytes_acked>59086249
05:35:02.846305 TCPINFO flow>2 window>0.125 samples>178 rtt_avg_us>32560 rtt_min_us>32310 rtt_max_us>32948 cwnd>35 cwnd_min>35 cwnd_max>38 throughput_kbps>11480.221 goodput_kbps>11651.567 retrans>0 total_retrans>0 bytes_acked>40425273
05:35:02.859370 TCPINFO flow>3 window>0.100 samples>112 rtt_avg_us>32570 rtt_min_us>32409 rtt_max_us>33040 cwnd>34 cwnd_min>34 cwnd_max>34 throughput_kbps>10446.395 goodput_kbps>10384.983 retrans>0 total_retrans>0 bytes_acked>21696265
05:35:02.873507 TCPINFO flow>11 window>0.127 samples>65 rtt_avg_us>32835 rtt_min_us>32767 rtt_max_us>33461 cwnd>34 cwnd_min>34 cwnd_max>37 throughput_kbps>11086.179 goodput_kbps>11114.845 retrans>0 total_retrans>0 bytes_acked>2260809
05:35:02.946697 TCPINFO flow>1 window>0.159 samples>178 rtt_avg_us>33078 rtt_min_us>32765 rtt_max_us>33517 cwnd>30 cwnd_min>30 cwnd_max>33 throughput_kbps>9797.359 goodput_kbps>10052.223 retrans>0 total_retrans>0 bytes_acked>59285665
05:35:02.959484 TCPINFO flow>3 window>0.100 samples>93 rtt_avg_us>32782 rtt_min_us>32718 rtt_max_us>33031 cwnd>34 cwnd_min>33 cwnd_max>34 throughput_kbps>10462.313 goodput_kbps>10248.796 retrans>0 total_retrans>0 bytes_acked>21824521
05:35:03.009961 TCPINFO flow>11 window>0.136 samples>130 rtt_avg_us>32983 rtt_min_us>32578 rtt_max_us>33472 cwnd>33 cwnd_min>33 cwnd_max>35 throughput_kbps>10809.093 goodput_kbps>10887.420 retrans>0 total_retrans>0 bytes_acked>2446513
05:35:03.046293 TCPINFO flow>2 window>0.200 samples>180 rtt_avg_us>33079 rtt_min_us>32495 rtt_max_us>33549 cwnd>33 cwnd_min>33 cwnd_max>35 throughput_kbps>10795.528 goodput_kbps>10848.971 retrans>0 total_retrans>0 bytes_acked>40696481
05:35:03.059486 TCPINFO flow>3 window>0.100 samples>92 rtt_avg_us>32715 rtt_min_us>32604 rtt_max_us>33238 cwnd>34 cwnd_min>32 cwnd_max>34 throughput_kbps>10153.397 goodput_kbps>10046.519 retrans>0 total_retrans>0 bytes_acked>21950105
05:35:03.146177 TCPINFO flow>11 window>0.136 samples>122 rtt_avg_us>32721 rtt_min_us>32516 rtt_max_us>32886 cwnd>31 cwnd_min>31 cwnd_max>34 throughput_kbps>10043.343 goodput_kbps>10278.734 retrans>0 total_retrans>0 bytes_acked>2621529
05:35:03.146296 TCPINFO flow>2 window>0.100 samples>178 rtt_avg_us>32601 rtt_min_us>32469 rtt_max_us>32766 cwnd>31 cwnd_min>31 cwnd_max>33 throughput_kbps>9939.542 goodput_kbps>9939.542 retrans>0 total_retrans>0 bytes_acked>40820729
05:35:03.146695 TCPINFO flow>1 window>0.200 samples>180 rtt_avg_us>33009 rtt_min_us>32676 rtt_max_us>33354 cwnd>28 cwnd_min>28 cwnd_max>30 throughput_kbps>9191.772 goodput_kbps>9149.851 retrans>0 total_retrans>0 bytes_acked>59514409
05:35:03.159564 TCPINFO flow>3 window>0.100 samples>115 rtt_avg_us>32680 rtt_min_us>32403 rtt_max_us>32983 cwnd>32 cwnd_min>32 cwnd_max>34 throughput_kbps>10038.890 goodput_kbps>10679.670 retrans>0 total_retrans>0 bytes_acked>22083705
05:35:03.246248 TCPINFO flow>11 window>0.100 samples>114 rtt_avg_us>32485 rtt_min_us>32418 rtt_max_us>32582 cwnd>31 cwnd_min>31 cwnd_max>32 throughput_kbps>9932.788 goodput_kbps>9825.984 retrans>0 total_retrans>0 bytes_acked>2744441
05:35:03.259660 TCPINFO flow>3 window>0.100 samples>77 rtt_avg_us>32570 rtt_min_us>32501 rtt_max_us>32657 cwnd>31 cwnd_min>31 cwnd_max>32 throughput_kbps>10250.639 goodput_kbps>10143.862 retrans>0 total_retrans>0 bytes_acked>22210625
05:35:03.297493 TCPINFO flow>2 window>0.151 samples>3 rtt_avg_us>32721 rtt_min_us>32413 rtt_max_us>33065 cwnd>31 cwnd_min>31 cwnd_max>31 throughput_kbps>9896.493 goodput_kbps>9967.182 retrans>0 total_retrans>0 bytes_acked>41009105
05:35:03.346249 TCPINFO flow>11 window>0.100 samples>85 rtt_avg_us>32890 rtt_min_us>32527 rtt_max_us>32997 cwnd>31 cwnd_min>31 cwnd_max>32 throughput_kbps>9939.741 goodput_kbps>10046.620 retrans>0 total_retrans>0 bytes_acked>2870025
05:35:03.346696 TCPINFO flow>1 window>0.200 samples>14 rtt_avg_us>32859 rtt_min_us>32647 rtt_max_us>32881 cwnd>28 cwnd_min>27 cwnd_max>28 throughput_kbps>8710.676 goodput_kbps>8977.875 retrans>0 total_retrans>0 bytes_acked>59738857
05:35:03.446223 TCPINFO flow>3 window>0.187 samples>48 rtt_avg_us>32556 rtt_min_us>32545 rtt_max_us>32864 cwnd>31 cwnd_min>31 cwnd_max>31 throughput_kbps>9796.412 goodput_kbps>9739.123 retrans>0 total_retrans>0 bytes_acked>22437745
05:35:03.446290 TCPINFO flow>2 window>0.149 samples>178 rtt_avg_us>32867 rtt_min_us>32621 rtt_max_us>33168 cwnd>31 cwnd_min>31 cwnd_max>31 throughput_kbps>9696.970 goodput_kbps>9840.629 retrans>0 total_retrans>0 bytes_acked>41192137
05:35:03.446699 TCPINFO flow>1 window>0.100 samples>2 rtt_avg_us>32852 rtt_min_us>32852 rtt_max_us>32853 cwnd>27 cwnd_min>27 cwnd_max>28 throughput_kbps>8763.897 goodput_kbps>8550.143 retrans>0 total_retrans>0 bytes_acked>59845737
05:35:03.476193 TCPINFO flow>11 window>0.130 samples>88 rtt_avg_us>32690 rtt_min_us>32600 rtt_max_us>32831 cwnd>31 cwnd_min>31 cwnd_max>32 throughput_kbps>9870.098 goodput_kbps>9952.349 retrans>0 total_retrans>0 bytes_acked>3031681
05:35:03.546235 TCPINFO flow>3 window>0.100 samples>2 rtt_avg_us>32568 rtt_min_us>32400 rtt_max_us>32735 cwnd>32 cwnd_min>31 cwnd_max>32 throughput_kbps>2381.794 goodput_kbps>5480.942 retrans>0 total_retrans>0 bytes_acked>22506265
05:35:03.546295 TCPINFO flow>2 window>0.100 samples>178 rtt_avg_us>32836 rtt_min_us>32395 rtt_max_us>33186 cwnd>31 cwnd_min>30 cwnd_max>31 throughput_kbps>9725.594 goodput_kbps>9618.719 retrans>0 total_retrans>0 bytes_acked>41312377
05:35:03.546746 TCPINFO flow>1 window>0.100 samples>9 rtt_avg_us>32741 rtt_min_us>32727 rtt_max_us>32853 cwnd>27 cwnd_min>27 cwnd_max>27 throughput_kbps>8332.724 goodput_kbps>8332.724 retrans>0 total_retrans>0 bytes_acked>59949945
05:35:03.603059 TCPINFO flow>11 window>0.127 samples>111 rtt_avg_us>32774 rtt_min_us>32558 rtt_max_us>32910 cwnd>34 cwnd_min>31 cwnd_max>34 throughput_kbps>10362.304 goodput_kbps>10278.057 retrans>0 total_retrans>0 bytes_acked>3194673
05:35:03.646302 TCPINFO flow>2 window>0.100 samples>2 rtt_avg_us>32524 rtt_min_us>32395 rtt_max_us>32653 cwnd>33 cwnd_min>31 cwnd_max>33 throughput_kbps>10473.507 goodput_kbps>10152.889 retrans>0 total_retrans>0 bytes_acked>41439297
05:35:03.667421 TCPINFO flow>3 window>0.121 samples>200 rtt_avg_us>32403 rtt_min_us>32400 rtt_max_us>32681 cwnd>32 cwnd_min>32 cwnd_max>33 throughput_kbps>10073.243 goodput_kbps>7719.968 retrans>0 total_retrans>0 bytes_acked>22623209
05:35:03.718678 TCPINFO flow>11 window>0.116 samples>102 rtt_avg_us>32657 rtt_min_us>32558 rtt_max_us>32905 cwnd>34 cwnd_min>33 cwnd_max>34 throughput_kbps>10406.594 goodput_kbps>10314.153 retrans>0 total_retrans>0 bytes_acked>3343737
05:35:03.746694 TCPINFO flow>1 window>0.200 samples>412 rtt_avg_us>32777 rtt_min_us>32472 rtt_max_us>33188 cwnd>28 cwnd_min>27 cwnd_max>29 throughput_kbps>8901.514 goodput_kbps>8776.362 retrans>0 total_retrans>0 bytes_acked>60169297
05:35:03.769649 TCPINFO flow>3 window>0.102 samples>89 rtt_avg_us>32641 rtt_min_us>32580 rtt_max_us>33677 cwnd>32 cwnd_min>32 cwnd_max>33 throughput_kbps>10032.476 goodput_kbps>9745.745 retrans>0 total_retrans>0 bytes_acked>22747745
05:35:03.830009 TCPINFO flow>11 window>0.111 samples>96 rtt_avg_us>32910 rtt_min_us>32553 rtt_max_us>33156 cwnd>33 cwnd_min>33 cwnd_max>34 throughput_kbps>10064.115 goodput_kbps>10190.585 retrans>0 total_retrans>0 bytes_acked>3485553
05:35:03.846297 TCPINFO flow>2 window>0.200 samples>177 rtt_avg_us>32491 rtt_min_us>32333 rtt_max_us>32738 cwnd>32 cwnd_min>32 cwnd_max>33 throughput_kbps>10153.854 goodput_kbps>10260.737 retrans>0 total_retrans>0 bytes_acked>41695809
05:35:03.846695 TCPINFO flow>1 window>0.100 samples>178 rtt_avg_us>33285 rtt_min_us>32472 rtt_max_us>33824 cwnd>29 cwnd_min>28 cwnd_max>29 throughput_kbps>8634.794 goodput_kbps>8741.673 retrans>0 total_retrans>0 bytes_acked>60278569
05:35:03.892150 TCPINFO flow>3 window>0.123 samples>109 rtt_avg_us>33169 rtt_min_us>32568 rtt_max_us>33677 cwnd>35 cwnd_min>32 cwnd_max>35 throughput_kbps>10586.820 goodput_kbps>10362.168 retrans>0 total_retrans>0 bytes_acked>22906417
05:35:03.930048 TCPINFO flow>11 window>0.100 samples>131 rtt_avg_us>32881 rtt_min_us>32602 rtt_max_us>33156 cwnd>34 cwnd_min>33 cwnd_max>34 throughput_kbps>10872.560 goodput_kbps>10518.138 retrans>0 total_retrans>0 bytes_acked>3617081
05:35:03.946698 TCPINFO flow>1 window>0.100 samples>2 rtt_avg_us>32582 rtt_min_us>32485 rtt_max_us>32680 cwnd>28 cwnd_min>28 cwnd_max>29 throughput_kbps>8763.897 goodput_kbps>8693.499 retrans>0 total_retrans>0 bytes_acked>60387241
05:35:04.046219 TCPINFO flow>3 window>0.154 samples>177 rtt_avg_us>32599 rtt_min_us>32434 rtt_max_us>33031 cwnd>35 cwnd_min>35 cwnd_max>35 throughput_kbps>10942.837 goodput_kbps>10942.837 retrans>0 total_retrans>0 bytes_acked>23117161
05:35:04.046243 TCPINFO flow>11 window>0.116 samples>85 rtt_avg_us>32576 rtt_min_us>32479 rtt_max_us>32830 cwnd>34 cwnd_min>34 cwnd_max>35 throughput_kbps>10854.030 goodput_kbps>10854.030 retrans>0 total_retrans>0 bytes_acked>3774729
05:35:04.046295 TCPINFO flow>2 window>0.200 samples>179 rtt_avg_us>32707 rtt_min_us>32520 rtt_max_us>32886 cwnd>33 cwnd_min>32 cwnd_max>33 throughput_kbps>10367.464 goodput_kbps>10314.023 retrans>0 total_retrans>0 bytes_acked>41953657
05:35:04.046698 TCPINFO flow>1 window>0.100 samples>178 rtt_avg_us>32663 rtt_min_us>32525 rtt_max_us>32737 cwnd>28 cwnd_min>28 cwnd_max>29 throughput_kbps>8977.920 goodput_kbps>8977.920 retrans>0 total_retrans>0 bytes_acked>60499465
05:35:04.146247 TCPINFO flow>11 window>0.100 samples>125 rtt_avg_us>32892 rtt_min_us>32425 rtt_max_us>33427 cwnd>35 cwnd_min>34 cwnd_max>35 throughput_kbps>11008.200 goodput_kbps>10687.572 retrans>0 total_retrans>0 bytes_acked>3908329
05:35:04.168198 TCPINFO flow>3 window>0.122 samples>91 rtt_avg_us>32672 rtt_min_us>32387 rtt_max_us>32831 cwnd>36 cwnd_min>35 cwnd_max>36 throughput_kbps>11390.813 goodput_kbps>11390.813 retrans>0 total_retrans>0 bytes_acked>23290841
05:35:04.246294 TCPINFO flow>2 window>0.200 samples>95 rtt_avg_us>32897 rtt_min_us>32535 rtt_max_us>33121 cwnd>34 cwnd_min>32 cwnd_max>34 throughput_kbps>10285.811 goodput_kbps>10285.811 retrans>0 total_retrans>0 bytes_acked>42210801
05:35:04.246694 TCPINFO flow>1 window>0.200 samples>3 rtt_avg_us>32993 rtt_min_us>32525 rtt_max_us>33716 cwnd>30 cwnd_min>28 cwnd_max>30 throughput_kbps>8871.217 goodput_kbps>8871.217 retrans>0 total_retrans>0 bytes_acked>60721241
05:35:04.255876 TCPINFO flow>11 window>0.110 samples>60 rtt_avg_us>33005 rtt_min_us>32381 rtt_max_us>33065 cwnd>35 cwnd_min>35 cwnd_max>35 throughput_kbps>10821.662 goodput_kbps>11016.647 retrans>0 total_retrans>0 bytes_acked>4059297
05:35:04.344250 TCPINFO flow>3 window>0.176 samples>172 rtt_avg_us>32614 rtt_min_us>32312 rtt_max_us>33259 cwnd>36 cwnd_min>36 cwnd_max>36 throughput_kbps>11352.646 goodput_kbps>11413.355 retrans>0 total_retrans>0 bytes_acked>23542009
05:35:04.355947 TCPINFO flow>11 window>0.100 samples>160 rtt_avg_us>32515 rtt_min_us>32326 rtt_max_us>32804 cwnd>35 cwnd_min>35 cwnd_max>35 throughput_kbps>10926.642 goodput_kbps>10996.992 retrans>0 total_retrans>0 bytes_acked>4196857
05:35:04.446217 TCPINFO flow>3 window>0.102 samples>184 rtt_avg_us>32470 rtt_min_us>32366 rtt_max_us>32838 cwnd>36 cwnd_min>36 cwnd_max>37 throughput_kbps>11363.049 goodput_kbps>11213.667 retrans>0 total_retrans>0 bytes_acked>23684937
05:35:04.446293 TCPINFO flow>2 window>0.200 samples>3 rtt_avg_us>32710 rtt_min_us>32580 rtt_max_us>32938 cwnd>34 cwnd_min>34 cwnd_max>34 throughput_kbps>10384.692 goodput_kbps>10741.494 retrans>0 total_retrans>0 bytes_acked>42479337
05:35:04.446695 TCPINFO flow>1 window>0.200 samples>181 rtt_avg_us>32893 rtt_min_us>32713 rtt_max_us>33261 cwnd>28 cwnd_min>28 cwnd_max>30 throughput_kbps>9138.194 goodput_kbps>9245.074 retrans>0 total_retrans>0 bytes_acked>60952369
05:35:04.481943 TCPINFO flow>11 window>0.126 samples>55 rtt_avg_us>32493 rtt_min_us>32431 rtt_max_us>32815 cwnd>34 cwnd_min>34 cwnd_max>35 throughput_kbps>11054.573 goodput_kbps>11080.987 retrans>0 total_retrans>0 bytes_acked>4371377
05:35:04.546221 TCPINFO flow>3 window>0.100 samples>114 rtt_avg_us>32289 rtt_min_us>32205 rtt_max_us>32838 cwnd>36 cwnd_min>36 cwnd_max>37 throughput_kbps>11227.711 goodput_kbps>11226.431 retrans>0 total_retrans>0 bytes_acked>23825273
05:35:04.546296 TCPINFO flow>2 window>0.100 samples>4 rtt_avg_us>32808 rtt_min_us>32764 rtt_max_us>32938 cwnd>34 cwnd_min>34 cwnd_max>34 throughput_kbps>106.877 goodput_kbps>2599.602 retrans>0 total_retrans>0 bytes_acked>42511833
05:35:04.588747 TCPINFO flow>11 window>0.107 samples>101 rtt_avg_us>32313 rtt_min_us>32204 rtt_max_us>32441 cwnd>36 cwnd_min>34 cwnd_max>36 throughput_kbps>11062.956 goodput_kbps>10972.473 retrans>0 total_retrans>0 bytes_acked>4517865
05:35:04.646248 TCPINFO flow>3 window>0.100 samples>2 rtt_avg_us>32520 rtt_min_us>32496 rtt_max_us>32543 cwnd>38 cwnd_min>36 cwnd_max>38 throughput_kbps>11719.716 goodput_kbps>11339.018 retrans>0 total_retrans>0 bytes_acked>23967049
05:35:04.646297 TCPINFO flow>2 window>0.100 samples>404 rtt_avg_us>32734 rtt_min_us>32553 rtt_max_us>32764 cwnd>35 cwnd_min>33 cwnd_max>35 throughput_kbps>11008.530 goodput_kbps>7481.525 retrans>0 total_retrans>0 bytes_acked>42605353
05:35:04.646695 TCPINFO flow>1 window>0.200 samples>189 rtt_avg_us>33019 rtt_min_us>32800 rtt_max_us>33205 cwnd>28 cwnd_min>27 cwnd_max>28 throughput_kbps>8817.600 goodput_kbps>8657.280 retrans>0 total_retrans>0 bytes_acked>61168801
05:35:04.701703 TCPINFO flow>11 window>0.113 samples>106 rtt_avg_us>32568 rtt_min_us>32313 rtt_max_us>32939 cwnd>35 cwnd_min>35 cwnd_max>36 throughput_kbps>10851.376 goodput_kbps>10845.143 retrans>0 total_retrans>0 bytes_acked>4670993
05:35:04.746298 TCPINFO flow>3 window>0.100 samples>190 rtt_avg_us>32704 rtt_min_us>32446 rtt_max_us>32979 cwnd>37 cwnd_min>37 cwnd_max>38 throughput_kbps>11801.459 goodput_kbps>12015.112 retrans>0 total_retrans>0 bytes_acked>24117313
05:35:04.746697 TCPINFO flow>1 window>0.100 samples>172 rtt_avg_us>33022 rtt_min_us>32712 rtt_max_us>33427 cwnd>27 cwnd_min>27 cwnd_max>28 throughput_kbps>8248.795 goodput_kbps>8603.348 retrans>0 total_retrans>0 bytes_acked>61276345
05:35:04.752523 TCPINFO flow>2 window>0.106 samples>3 rtt_avg_us>32547 rtt_min_us>32345 rtt_max_us>32677 cwnd>34 cwnd_min>34 cwnd_max>35 throughput_kbps>10967.108 goodput_kbps>11168.339 retrans>0 total_retrans>0 bytes_acked>42753649
05:35:04.838101 TCPINFO flow>11 window>0.136 samples>132 rtt_avg_us>32824 rtt_min_us>32246 rtt_max_us>32989 cwnd>36 cwnd_min>35 cwnd_max>36 throughput_kbps>11518.761 goodput_kbps>11362.043 retrans>0 total_retrans>0 bytes_acked>4864713
05:35:04.846302 TCPINFO flow>3 window>0.100 samples>48 rtt_avg_us>32712 rtt_min_us>32446 rtt_max_us>32829 cwnd>38 cwnd_min>37 cwnd_max>38 throughput_kbps>11701.932 goodput_kbps>11756.330 retrans>0 total_retrans>0 bytes_acked>24264273
05:35:04.942205 TCPINFO flow>2 window>0.190 samples>178 rtt_avg_us>32530 rtt_min_us>32304 rtt_max_us>33114 cwnd>34 cwnd_min>34 cwnd_max>34 throughput_kbps>10818.612 goodput_kbps>10818.612 retrans>0 total_retrans>0 bytes_acked>43010161
05:35:04.946247 TCPINFO flow>11 window>0.108 samples>124 rtt_avg_us>32455 rtt_min_us>32304 rtt_max_us>32765 cwnd>35 cwnd_min>35 cwnd_max>36 throughput_kbps>11392.599 goodput_kbps>11464.206 retrans>0 total_retrans>0 bytes_acked>5019689
05:35:04.946693 TCPINFO flow>1 window>0.200 samples>3 rtt_avg_us>33203 rtt_min_us>32867 rtt_max_us>33451 cwnd>26 cwnd_min>26 cwnd_max>27 throughput_kbps>8282.726 goodput_kbps>8391.528 retrans>0 total_retrans>0 bytes_acked>61486129
05:35:05.016986 TCPINFO flow>3 window>0.171 samples>139 rtt_avg_us>32551 rtt_min_us>32394 rtt_max_us>32923 cwnd>37 cwnd_min>37 cwnd_max>38 throughput_kbps>11648.567 goodput_kbps>11679.314 retrans>0 total_retrans>0 bytes_acked>24513457
05:35:05.046297 TCPINFO flow>2 window>0.104 samples>178 rtt_avg_us>32827 rtt_min_us>32536 rtt_max_us>33114 cwnd>34 cwnd_min>33 cwnd_max>34 throughput_kbps>10575.875 goodput_kbps>10473.197 retrans>0 total_retrans>0 bytes_acked>43146433
05:35:05.046694 TCPINFO flow>1 window>0.100 samples>197 rtt_avg_us>33515 rtt_min_us>33128 rtt_max_us>33908 cwnd>26 cwnd_min>25 cwnd_max>27 throughput_kbps>8159.278 goodput_kbps>8014.640 retrans>0 total_retrans>0 bytes_acked>61586313
05:35:05.084622 TCPINFO flow>11 window>0.138 samples>122 rtt_avg_us>32632 rtt_min_us>32464 rtt_max_us>32936 cwnd>35 cwnd_min>35 cwnd_max>36 throughput_kbps>11092.871 goodput_kbps>11357.427 retrans>0 total_retrans>0 bytes_acked>5216137
05:35:05.146242 TCPINFO flow>3 window>0.129 samples>163 rtt_avg_us>34502 rtt_min_us>32533 rtt_max_us>36716 cwnd>34 cwnd_min>34 cwnd_max>38 throughput_kbps>9591.880 goodput_kbps>10336.077 retrans>0 total_retrans>0 bytes_acked>24680457
05:35:05.146303 TCPINFO flow>2 window>0.100 samples>134 rtt_avg_us>36784 rtt_min_us>32536 rtt_max_us>37775 cwnd>31 cwnd_min>31 cwnd_max>34 throughput_kbps>9191.129 goodput_kbps>10046.117 retrans>0 total_retrans>0 bytes_acked>43272017
05:35:05.232210 TCPINFO flow>11 window>0.148 samples>124 rtt_avg_us>33750 rtt_min_us>32350 rtt_max_us>36834 cwnd>34 cwnd_min>34 cwnd_max>36 throughput_kbps>9993.658 goodput_kbps>9837.981 retrans>0 total_retrans>0 bytes_acked>5397633
05:35:05.246694 TCPINFO flow>1 window>0.200 samples>3 rtt_avg_us>34327 rtt_min_us>32859 rtt_max_us>36993 cwnd>25 cwnd_min>24 cwnd_max>26 throughput_kbps>7428.160 goodput_kbps>7481.600 retrans>0 total_retrans>0 bytes_acked>61773353
05:35:05.340894 TCPINFO flow>2 window>0.195 samples>47 rtt_avg_us>36219 rtt_min_us>32548 rtt_max_us>36378 cwnd>33 cwnd_min>31 cwnd_max>33 throughput_kbps>10435.837 goodput_kbps>10216.135 retrans>0 total_retrans>0 bytes_acked>43520513
05:35:05.346218 TCPINFO flow>3 window>0.200 samples>64 rtt_avg_us>32706 rtt_min_us>32414 rtt_max_us>34638 cwnd>33 cwnd_min>33 cwnd_max>36 throughput_kbps>10893.147 goodput_kbps>10572.469 retrans>0 total_retrans>0 bytes_acked>24944737
05:35:05.346246 TCPINFO flow>11 window>0.114 samples>129 rtt_avg_us>32926 rtt_min_us>32401 rtt_max_us>33140 cwnd>34 cwnd_min>34 cwnd_max>35 throughput_kbps>10684.626 goodput_kbps>10872.075 retrans>0 total_retrans>0 bytes_acked>5552609
05:35:05.346695 TCPINFO flow>1 window>0.100 samples>178 rtt_avg_us>32955 rtt_min_us>32790 rtt_max_us>33096 cwnd>23 cwnd_min>23 cwnd_max>25 throughput_kbps>6764.092 goodput_kbps>7262.007 retrans>0 total_retrans>0 bytes_acked>61864129
05:35:05.446227 TCPINFO flow>3 window>0.100 samples>2 rtt_avg_us>32677 rtt_min_us>32414 rtt_max_us>32940 cwnd>33 cwnd_min>33 cwnd_max>33 throughput_kbps>1664.490 goodput_kbps>4977.472 retrans>0 total_retrans>0 bytes_acked>25006961
05:35:05.446273 TCPINFO flow>11 window>0.100 samples>125 rtt_avg_us>32935 rtt_min_us>32492 rtt_max_us>33343 cwnd>35 cwnd_min>34 cwnd_max>35 throughput_kbps>10898.817 goodput_kbps>10685.115 retrans>0 total_retrans>0 bytes_acked>5686209
05:35:05.446284 TCPINFO flow>2 window>0.105 samples>178 rtt_avg_us>32862 rtt_min_us>32554 rtt_max_us>33373 cwnd>34 cwnd_min>33 cwnd_max>34 throughput_kbps>10344.207 goodput_kbps>10242.793 retrans>0 total_retrans>0 bytes_acked>43655449
05:35:05.446699 TCPINFO flow>1 window>0.100 samples>2 rtt_avg_us>33028 rtt_min_us>32790 rtt_max_us>33266 cwnd>24 cwnd_min>23 cwnd_max>24 throughput_kbps>6948.842 goodput_kbps>6664.693 retrans>0 total_retrans>0 bytes_acked>61947441
05:35:05.546271 TCPINFO flow>3 window>0.100 samples>4 rtt_avg_us>32940 rtt_min_us>32940 rtt_max_us>32940 cwnd>33 cwnd_min>33 cwnd_max>33 throughput_kbps>106.833 goodput_kbps>0.000 retrans>0 total_retrans>0 bytes_acked>25006961
05:35:05.546295 TCPINFO flow>2 window>0.100 samples>27 rtt_avg_us>32556 rtt_min_us>32515 rtt_max_us>32623 cwnd>34 cwnd_min>34 cwnd_max>34 throughput_kbps>10579.956 goodput_kbps>10259.351 retrans>0 total_retrans>0 bytes_acked>43783705
05:35:05.549974 TCPINFO flow>1 window>0.103 samples>3 rtt_avg_us>33334 rtt_min_us>33263 rtt_max_us>33473 cwnd>24 cwnd_min>23 cwnd_max>24 throughput_kbps>7140.857 goodput_kbps>7140.857 retrans>0 total_retrans>0 bytes_acked>62039625
05:35:05.572814 TCPINFO flow>11 window>0.127 samples>71 rtt_avg_us>32893 rtt_min_us>32369 rtt_max_us>33079 cwnd>36 cwnd_min>35 cwnd_max>36 throughput_kbps>11233.545 goodput_kbps>11233.545 retrans>0 total_retrans>0 bytes_acked>5863897
05:35:05.667682 TCPINFO flow>3 window>0.121 samples>198 rtt_avg_us>32940 rtt_min_us>32563 rtt_max_us>33230 cwnd>31 cwnd_min>31 cwnd_max>33 throughput_kbps>9988.683 goodput_kbps>7625.009 retrans>0 total_retrans>0 bytes_acked>25122681
05:35:05.702544 TCPINFO flow>11 window>0.130 samples>127 rtt_avg_us>32490 rtt_min_us>32369 rtt_max_us>33415 cwnd>35 cwnd_min>35 cwnd_max>36 throughput_kbps>10875.017 goodput_kbps>11122.177 retrans>0 total_retrans>0 bytes_acked>6044257
05:35:05.704074 TCPINFO flow>2 window>0.158 samples>130 rtt_avg_us>32389 rtt_min_us>32333 rtt_max_us>33233 cwnd>32 cwnd_min>32 cwnd_max>34 throughput_kbps>10635.230 goodput_kbps>10973.932 retrans>0 total_retrans>0 bytes_acked>44000137
05:35:05.746694 TCPINFO flow>1 window>0.197 samples>193 rtt_avg_us>33299 rtt_min_us>33012 rtt_max_us>33456 cwnd>23 cwnd_min>23 cwnd_max>24 throughput_kbps>7334.689 goodput_kbps>7226.027 retrans>0 total_retrans>0 bytes_acked>62217313
05:35:05.773820 TCPINFO flow>3 window>0.106 samples>89 rtt_avg_us>32976 rtt_min_us>32653 rtt_max_us>33230 cwnd>32 cwnd_min>31 cwnd_max>32 throughput_kbps>9444.610 goodput_kbps>9487.422 retrans>0 total_retrans>0 bytes_acked>25248553
05:35:05.803722 TCPINFO flow>11 window>0.101 samples>93 rtt_avg_us>33030 rtt_min_us>32630 rtt_max_us>33415 cwnd>34 cwnd_min>34 cwnd_max>35 throughput_kbps>10650.853 goodput_kbps>10711.578 retrans>0 total_retrans>0 bytes_acked>6179729
05:35:05.846327 TCPINFO flow>2 window>0.142 samples>147 rtt_avg_us>33247 rtt_min_us>32619 rtt_max_us>33454 cwnd>32 cwnd_min>32 cwnd_max>32 throughput_kbps>9980.190 goodput_kbps>9948.247 retrans>0 total_retrans>0 bytes_acked>44177033
05:35:05.846695 TCPINFO flow>1 window>0.100 samples>2 rtt_avg_us>33257 rtt_min_us>33133 rtt_max_us>33381 cwnd>24 cwnd_min>23 cwnd_max>24 throughput_kbps>7160.888 goodput_kbps>7267.767 retrans>0 total_retrans>0 bytes_acked>62308161
05:35:05.875246 TCPINFO flow>3 window>0.101 samples>90 rtt_avg_us>32959 rtt_min_us>32780 rtt_max_us>33265 cwnd>31 cwnd_min>31 cwnd_max>33 throughput_kbps>10143.356 goodput_kbps>9977.402 retrans>0 total_retrans>0 bytes_acked>25375049
05:35:05.940745 TCPINFO flow>11 window>0.137 samples>122 rtt_avg_us>32813 rtt_min_us>32448 rtt_max_us>33171 cwnd>33 cwnd_min>33 cwnd_max>35 throughput_kbps>10470.417 goodput_kbps>10407.362 retrans>0 total_retrans>0 bytes_acked>6357985
05:35:05.976902 TCPINFO flow>3 window>0.102 samples>84 rtt_avg_us>32839 rtt_min_us>32667 rtt_max_us>32954 cwnd>32 cwnd_min>31 cwnd_max>32 throughput_kbps>9988.195 goodput_kbps>9883.057 retrans>0 total_retrans>0 bytes_acked>25500633
05:35:06.046251 TCPINFO flow>11 window>0.106 samples>107 rtt_avg_us>32964 rtt_min_us>32755 rtt_max_us>33135 cwnd>33 cwnd_min>32 cwnd_max>33 throughput_kbps>10098.080 goodput_kbps>10223.039 retrans>0 total_retrans>0 bytes_acked>6492809
05:35:06.046291 TCPINFO flow>2 window>0.200 samples>156 rtt_avg_us>33107 rtt_min_us>32619 rtt_max_us>33738 cwnd>30 cwnd_min>30 cwnd_max>32 throughput_kbps>9238.143 goodput_kbps>9254.786 retrans>0 total_retrans>0 bytes_acked>44408361
05:35:06.046691 TCPINFO flow>1 window>0.200 samples>169 rtt_avg_us>33776 rtt_min_us>33117 rtt_max_us>34066 cwnd>23 cwnd_min>22 cwnd_max>24 throughput_kbps>6979.980 goodput_kbps>7117.582 retrans>0 total_retrans>0 bytes_acked>62486097
05:35:06.078741 TCPINFO flow>3 window>0.102 samples>89 rtt_avg_us>32682 rtt_min_us>32628 rtt_max_us>32970 cwnd>31 cwnd_min>31 cwnd_max>32 throughput_kbps>9598.209 goodput_kbps>9772.288 retrans>0 total_retrans>0 bytes_acked>25625033
05:35:06.146299 TCPINFO flow>2 window>0.100 samples>150 rtt_avg_us>32803 rtt_min_us>32630 rtt_max_us>33089 cwnd>33 cwnd_min>30 cwnd_max>33 throughput_kbps>9939.045 goodput_kbps>9630.590 retrans>0 total_retrans>0 bytes_acked>44528753
05:35:06.146698 TCPINFO flow>1 window>0.100 samples>154 rtt_avg_us>32978 rtt_min_us>32815 rtt_max_us>33213 cwnd>25 cwnd_min>23 cwnd_max>25 throughput_kbps>7199.496 goodput_kbps>6674.093 retrans>0 total_retrans>0 bytes_acked>62569529
05:35:06.190755 TCPINFO flow>11 window>0.145 samples>119 rtt_avg_us>32675 rtt_min_us>32482 rtt_max_us>33044 cwnd>34 cwnd_min>33 cwnd_max>34 throughput_kbps>10798.649 goodput_kbps>10576.759 retrans>0 total_retrans>0 bytes_acked>6683857
05:35:06.200173 TCPINFO flow>3 window>0.121 samples>106 rtt_avg_us>32793 rtt_min_us>32665 rtt_max_us>32970 cwnd>31 cwnd_min>30 cwnd_max>32 throughput_kbps>9975.888 goodput_kbps>9917.913 retrans>0 total_retrans>0 bytes_acked>25775577
05:35:06.246702 TCPINFO flow>1 window>0.100 samples>26 rtt_avg_us>32986 rtt_min_us>32815 rtt_max_us>33089 cwnd>26 cwnd_min>24 cwnd_max>26 throughput_kbps>7920.323 goodput_kbps>7743.050 retrans>0 total_retrans>0 bytes_acked>62666321
05:35:06.303500 TCPINFO flow>3 window>0.103 samples>89 rtt_avg_us>32776 rtt_min_us>32519 rtt_max_us>33231 cwnd>32 cwnd_min>31 cwnd_max>32 throughput_kbps>9872.502 goodput_kbps>9975.940 retrans>0 total_retrans>0 bytes_acked>25904425
05:35:06.322287 TCPINFO flow>11 window>0.132 samples>125 rtt_avg_us>32519 rtt_min_us>32355 rtt_max_us>32815 cwnd>36 cwnd_min>34 cwnd_max>36 throughput_kbps>11132.318 goodput_kbps>11051.060 retrans>0 total_retrans>0 bytes_acked>6865553
05:35:06.346294 TCPINFO flow>2 window>0.200 samples>15 rtt_avg_us>32338 rtt_min_us>32189 rtt_max_us>32763 cwnd>33 cwnd_min>33 cwnd_max>34 throughput_kbps>10535.943 goodput_kbps>10482.502 retrans>0 total_retrans>0 bytes_acked>44790809
05:35:06.346717 TCPINFO flow>1 window>0.100 samples>2 rtt_avg_us>32835 rtt_min_us>32797 rtt_max_us>32873 cwnd>26 cwnd_min>26 cwnd_max>26 throughput_kbps>8335.390 goodput_kbps>8549.118 retrans>0 total_retrans>0 bytes_acked>62773201
05:35:06.407146 TCPINFO flow>3 window>0.104 samples>90 rtt_avg_us>33041 rtt_min_us>32641 rtt_max_us>33231 cwnd>33 cwnd_min>32 cwnd_max>33 throughput_kbps>10312.024 goodput_kbps>10002.663 retrans>0 total_retrans>0 bytes_acked>26034017
05:35:06.442655 TCPINFO flow>11 window>0.120 samples>116 rtt_avg_us>32657 rtt_min_us>32518 rtt_max_us>32998 cwnd>35 cwnd_min>35 cwnd_max>36 throughput_kbps>11099.295 goodput_kbps>11188.090 retrans>0 total_retrans>0 bytes_acked>7033889
05:35:06.446296 TCPINFO flow>2 window>0.100 samples>2 rtt_avg_us>32658 rtt_min_us>32600 rtt_max_us>32716 cwnd>33 cwnd_min>33 cwnd_max>33 throughput_kbps>10687.786 goodput_kbps>11008.420 retrans>0 total_retrans>0 bytes_acked>44928417
05:35:06.507173 TCPINFO flow>3 window>0.100 samples>147 rtt_avg_us>32626 rtt_min_us>32514 rtt_max_us>32716 cwnd>34 cwnd_min>33 cwnd_max>34 throughput_kbps>10685.115 goodput_kbps>10578.264 retrans>0 total_retrans>0 bytes_acked>26166281
05:35:06.546246 TCPINFO flow>11 window>0.104 samples>107 rtt_avg_us>32958 rtt_min_us>32780 rtt_max_us>33157 cwnd>34 cwnd_min>34 cwnd_max>35 throughput_kbps>10736.995 goodput_kbps>10840.170 retrans>0 total_retrans>0 bytes_acked>7174257
05:35:06.546373 TCPINFO flow>2 window>0.100 samples>5 rtt_avg_us>32734 rtt_min_us>32716 rtt_max_us>32738 cwnd>33 cwnd_min>33 cwnd_max>33 throughput_kbps>3733.445 goodput_kbps>6723.783 retrans>0 total_retrans>0 bytes_acked>45012529
05:35:06.546692 TCPINFO flow>1 window>0.200 samples>170 rtt_avg_us>32971 rtt_min_us>32797 rtt_max_us>33206 cwnd>27 cwnd_min>26 cwnd_max>27 throughput_kbps>8214.147 goodput_kbps>8267.593 retrans>0 total_retrans>0 bytes_acked>62979865
05:35:06.607282 TCPINFO flow>3 window>0.100 samples>114 rtt_avg_us>32737 rtt_min_us>32542 rtt_max_us>33232 cwnd>34 cwnd_min>33 cwnd_max>34 throughput_kbps>10783.126 goodput_kbps>10569.599 retrans>0 total_retrans>0 bytes_acked>26298545
05:35:06.646699 TCPINFO flow>1 window>0.100 samples>178 rtt_avg_us>32789 rtt_min_us>32583 rtt_max_us>33206 cwnd>27 cwnd_min>26 cwnd_max>28 throughput_kbps>8442.929 goodput_kbps>8015.439 retrans>0 total_retrans>0 bytes_acked>63080065
05:35:06.653489 TCPINFO flow>11 window>0.107 samples>93 rtt_avg_us>32836 rtt_min_us>32664 rtt_max_us>33163 cwnd>34 cwnd_min>34 cwnd_max>35 throughput_kbps>10862.509 goodput_kbps>10828.492 retrans>0 total_retrans>0 bytes_acked>7319417
05:35:06.707373 TCPINFO flow>3 window>0.100 samples>94 rtt_avg_us>32947 rtt_min_us>32335 rtt_max_us>33180 cwnd>34 cwnd_min>34 cwnd_max>34 throughput_kbps>10464.717 goodput_kbps>10785.066 retrans>0 total_retrans>0 bytes_acked>26433481
05:35:06.746291 TCPINFO flow>2 window>0.200 samples>391 rtt_avg_us>32719 rtt_min_us>32273 rtt_max_us>32738 cwnd>31 cwnd_min>31 cwnd_max>33 throughput_kbps>10134.395 goodput_kbps>8583.999 retrans>0 total_retrans>0 bytes_acked>45227041
05:35:06.786427 TCPINFO flow>11 window>0.133 samples>126 rtt_avg_us>32692 rtt_min_us>32352 rtt_max_us>33006 cwnd>34 cwnd_min>34 cwnd_max>36 throughput_kbps>11175.375 goodput_kbps>11122.418 retrans>0 total_retrans>0 bytes_acked>7504241
05:35:06.846224 TCPINFO flow>3 window>0.139 samples>91 rtt_avg_us>32451 rtt_min_us>32406 rtt_max_us>32730 cwnd>33 cwnd_min>33 cwnd_max>34 throughput_kbps>10699.469 goodput_kbps>10545.520 retrans>0 total_retrans>0 bytes_acked>26616513
05:35:06.846293 TCPINFO flow>2 window>0.100 samples>178 rtt_avg_us>32844 rtt_min_us>32617 rtt_max_us>33102 cwnd>31 cwnd_min>31 cwnd_max>32 throughput_kbps>9832.763 goodput_kbps>10046.519 retrans>0 total_retrans>0 bytes_acked>45352625
05:35:06.846694 TCPINFO flow>1 window>0.200 samples>3 rtt_avg_us>32787 rtt_min_us>32713 rtt_max_us>32845 cwnd>26 cwnd_min>26 cwnd_max>27 throughput_kbps>8380.050 goodput_kbps>8540.374 retrans>0 total_retrans>0 bytes_acked>63293569
05:35:06.925870 TCPINFO flow>11 window>0.139 samples>129 rtt_avg_us>33010 rtt_min_us>32629 rtt_max_us>33361 cwnd>34 cwnd_min>34 cwnd_max>35 throughput_kbps>10807.341 goodput_kbps>10807.341 retrans>0 total_retrans>0 bytes_acked>7692617
05:35:06.958780 TCPINFO flow>2 window>0.112 samples>3 rtt_avg_us>32580 rtt_min_us>32542 rtt_max_us>32617 cwnd>31 cwnd_min>31 cwnd_max>31 throughput_kbps>9691.573 goodput_kbps>9691.573 retrans>0 total_retrans>0 bytes_acked>45488897
05:35:06.992211 TCPINFO flow>3 window>0.146 samples>90 rtt_avg_us>33630 rtt_min_us>32634 rtt_max_us>34226 cwnd>33 cwnd_min>32 cwnd_max>34 throughput_kbps>10249.680 goodput_kbps>10322.892 retrans>0 total_retrans>0 bytes_acked>26804889
05:35:07.044909 TCPINFO flow>11 window>0.119 samples>113 rtt_avg_us>32752 rtt_min_us>32447 rtt_max_us>33280 cwnd>35 cwnd_min>34 cwnd_max>35 throughput_kbps>11112.997 goodput_kbps>11043.641 retrans>0 total_retrans>0 bytes_acked>7856945
05:35:07.046691 TCPINFO flow>1 window>0.200 samples>179 rtt_avg_us>33335 rtt_min_us>32803 rtt_max_us>33817 cwnd>28 cwnd_min>26 cwnd_max>28 throughput_kbps>8503.168 goodput_kbps>8342.845 retrans>0 total_retrans>0 bytes_acked>63502137
05:35:07.146220 TCPINFO flow>3 window>0.154 samples>168 rtt_avg_us>32883 rtt_min_us>32624 rtt_max_us>33398 cwnd>33 cwnd_min>33 cwnd_max>34 throughput_kbps>10452.168 goodput_kbps>10548.578 retrans>0 total_retrans>0 bytes_acked>27007961
05:35:07.146295 TCPINFO flow>11 window>0.101 samples>150 rtt_avg_us>32816 rtt_min_us>32446 rtt_max_us>33280 cwnd>35 cwnd_min>35 cwnd_max>35 throughput_kbps>11149.784 goodput_kbps>10914.959 retrans>0 total_retrans>0 bytes_acked>7995273
05:35:07.146300 TCPINFO flow>2 window>0.188 samples>179 rtt_avg_us>32447 rtt_min_us>32299 rtt_max_us>32967 cwnd>31 cwnd_min>31 cwnd_max>32 throughput_kbps>9974.403 goodput_kbps>9803.413 retrans>0 total_retrans>0 bytes_acked>45718689
05:35:07.146696 TCPINFO flow>1 window>0.100 samples>178 rtt_avg_us>32738 rtt_min_us>32616 rtt_max_us>33203 cwnd>28 cwnd_min>28 cwnd_max>29 throughput_kbps>8763.722 goodput_kbps>8656.847 retrans>0 total_retrans>0 bytes_acked>63610353
05:35:07.268715 TCPINFO flow>11 window>0.122 samples>67 rtt_avg_us>32531 rtt_min_us>32430 rtt_max_us>32633 cwnd>37 cwnd_min>35 cwnd_max>37 throughput_kbps>11437.085 goodput_kbps>11437.085 retrans>0 total_retrans>0 bytes_acked>8170289
05:35:07.289844 TCPINFO flow>3 window>0.144 samples>103 rtt_avg_us>32673 rtt_min_us>32333 rtt_max_us>32887 cwnd>32 cwnd_min>32 cwnd_max>33 throughput_kbps>10047.569 goodput_kbps>10241.854 retrans>0 total_retrans>0 bytes_acked>27191833
05:35:07.331857 TCPINFO flow>2 window>0.186 samples>141 rtt_avg_us>32700 rtt_min_us>32429 rtt_max_us>32895 cwnd>30 cwnd_min>30 cwnd_max>31 throughput_kbps>9734.324 goodput_kbps>9907.123 retrans>0 total_retrans>0 bytes_acked>45948481
05:35:07.340414 TCPINFO flow>1 window>0.194 samples>3 rtt_avg_us>32685 rtt_min_us>32453 rtt_max_us>32986 cwnd>29 cwnd_min>28 cwnd_max>29 throughput_kbps>9103.542 goodput_kbps>9213.888 retrans>0 total_retrans>0 bytes_acked>63833465
05:35:07.383904 TCPINFO flow>11 window>0.115 samples>119 rtt_avg_us>32613 rtt_min_us>32398 rtt_max_us>32722 cwnd>37 cwnd_min>36 cwnd_max>37 throughput_kbps>11627.777 goodput_kbps>11783.903 retrans>0 total_retrans>0 bytes_acked>8339961
05:35:07.392295 TCPINFO flow>3 window>0.102 samples>90 rtt_avg_us>32724 rtt_min_us>32622 rtt_max_us>33133 cwnd>31 cwnd_min>31 cwnd_max>33 throughput_kbps>10144.947 goodput_kbps>9936.301 retrans>0 total_retrans>0 bytes_acked>27319081
05:35:07.446292 TCPINFO flow>2 window>0.114 samples>144 rtt_avg_us>32886 rtt_min_us>32689 rtt_max_us>33184 cwnd>30 cwnd_min>30 cwnd_max>31 throughput_kbps>9526.596 goodput_kbps>9339.800 retrans>0 total_retrans>0 bytes_acked>46082081
05:35:07.446693 TCPINFO flow>1 window>0.106 samples>184 rtt_avg_us>32878 rtt_min_us>32722 rtt_max_us>33119 cwnd>29 cwnd_min>29 cwnd_max>30 throughput_kbps>9151.460 goodput_kbps>8950.329 retrans>0 total_retrans>0 bytes_acked>63952369
05:35:07.492291 TCPINFO flow>11 window>0.108 samples>106 rtt_avg_us>32551 rtt_min_us>32484 rtt_max_us>32849 cwnd>35 cwnd_min>35 cwnd_max>37 throughput_kbps>11174.181 goodput_kbps>11205.477 retrans>0 total_retrans>0 bytes_acked>8491777
05:35:07.546239 TCPINFO flow>3 window>0.154 samples>12 rtt_avg_us>33084 rtt_min_us>32782 rtt_max_us>33133 cwnd>32 cwnd_min>31 cwnd_max>32 throughput_kbps>7716.884 goodput_kbps>9799.719 retrans>0 total_retrans>0 bytes_acked>27507657
05:35:07.546297 TCPINFO flow>2 window>0.100 samples>178 rtt_avg_us>32965 rtt_min_us>32742 rtt_max_us>33184 cwnd>30 cwnd_min>30 cwnd_max>31 throughput_kbps>9353.772 goodput_kbps>9637.918 retrans>0 total_retrans>0 bytes_acked>46202561
05:35:07.578103 TCPINFO flow>1 window>0.131 samples>3 rtt_avg_us>33087 rtt_min_us>32744 rtt_max_us>33338 cwnd>28 cwnd_min>28 cwnd_max>29 throughput_kbps>8946.656 goodput_kbps>9027.989 retrans>0 total_retrans>0 bytes_acked>64100665
05:35:07.633468 TCPINFO flow>11 window>0.141 samples>139 rtt_avg_us>32615 rtt_min_us>32374 rtt_max_us>32849 cwnd>36 cwnd_min>34 cwnd_max>37 throughput_kbps>11523.690 goodput_kbps>11422.144 retrans>0 total_retrans>0 bytes_acked>8693345
05:35:07.665784 TCPINFO flow>3 window>0.120 samples>200 rtt_avg_us>32901 rtt_min_us>32719 rtt_max_us>33090 cwnd>30 cwnd_min>30 cwnd_max>32 throughput_kbps>10102.840 goodput_kbps>7599.481 retrans>0 total_retrans>0 bytes_acked>27621217
05:35:07.721898 TCPINFO flow>2 window>0.176 samples>3 rtt_avg_us>33298 rtt_min_us>32383 rtt_max_us>34768 cwnd>30 cwnd_min>30 cwnd_max>31 throughput_kbps>9372.521 goodput_kbps>9489.149 retrans>0 total_retrans>0 bytes_acked>46410849
05:35:07.746238 TCPINFO flow>11 window>0.113 samples>127 rtt_avg_us>33014 rtt_min_us>32327 rtt_max_us>34255 cwnd>36 cwnd_min>35 cwnd_max>36 throughput_kbps>10994.130 goodput_kbps>11216.033 retrans>0 total_retrans>0 bytes_acked>8851449
05:35:07.746697 TCPINFO flow>1 window>0.169 samples>179 rtt_avg_us>32969 rtt_min_us>32669 rtt_max_us>33338 cwnd>28 cwnd_min>28 cwnd_max>29 throughput_kbps>8735.210 goodput_kbps>8876.805 retrans>0 total_retrans>0 bytes_acked>64287737
05:35:07.773203 TCPINFO flow>3 window>0.107 samples>89 rtt_avg_us>32965 rtt_min_us>32549 rtt_max_us>33093 cwnd>30 cwnd_min>30 cwnd_max>31 throughput_kbps>9278.954 goodput_kbps>9336.151 retrans>0 total_retrans>0 bytes_acked>27746577
05:35:07.846245 TCPINFO flow>11 window>0.100 samples>131 rtt_avg_us>32915 rtt_min_us>32454 rtt_max_us>33199 cwnd>36 cwnd_min>35 cwnd_max>36 throughput_kbps>11328.487 goodput_kbps>11435.360 retrans>0 total_retrans>0 bytes_acked>8994401
05:35:07.846291 TCPINFO flow>2 window>0.124 samples>178 rtt_avg_us>34271 rtt_min_us>32775 rtt_max_us>34768 cwnd>29 cwnd_min>29 cwnd_max>31 throughput_kbps>9546.518 goodput_kbps>9239.362 retrans>0 total_retrans>0 bytes_acked>46554513
05:35:07.889577 TCPINFO flow>3 window>0.116 samples>90 rtt_avg_us>32497 rtt_min_us>32430 rtt_max_us>33213 cwnd>30 cwnd_min>29 cwnd_max>30 throughput_kbps>9024.146 goodput_kbps>8971.351 retrans>0 total_retrans>0 bytes_acked>27877081
05:35:07.946294 TCPINFO flow>2 window>0.100 samples>37 rtt_avg_us>32597 rtt_min_us>32563 rtt_max_us>32775 cwnd>30 cwnd_min>29 cwnd_max>30 throughput_kbps>9298.281 goodput_kbps>9298.281 retrans>0 total_retrans>0 bytes_acked>46670745
05:35:07.946696 TCPINFO flow>1 window>0.200 samples>167 rtt_avg_us>32698 rtt_min_us>32538 rtt_max_us>33101 cwnd>27 cwnd_min>27 cwnd_max>29 throughput_kbps>8550.443 goodput_kbps>8591.403 retrans>0 total_retrans>0 bytes_acked>64502521
05:35:07.964541 TCPINFO flow>11 window>0.118 samples>62 rtt_avg_us>32438 rtt_min_us>32353 rtt_max_us>32806 cwnd>34 cwnd_min>34 cwnd_max>36 throughput_kbps>10627.714 goodput_kbps>10718.063 retrans>0 total_retrans>0 bytes_acked>9152889
05:35:08.000001 TCPINFO flow>3 window>0.110 samples>89 rtt_avg_us>33044 rtt_min_us>32734 rtt_max_us>33213 cwnd>29 cwnd_min>28 cwnd_max>30 throughput_kbps>9098.312 goodput_kbps>9195.103 retrans>0 total_retrans>0 bytes_acked>28004001
05:35:08.046742 TCPINFO flow>1 window>0.100 samples>169 rtt_avg_us>32970 rtt_min_us>32795 rtt_max_us>33180 cwnd>28 cwnd_min>27 cwnd_max>28 throughput_kbps>8653.299 goodput_kbps>8332.807 retrans>0 total_retrans>0 bytes_acked>64606729
05:35:08.084195 TCPINFO flow>11 window>0.120 samples>111 rtt_avg_us>32850 rtt_min_us>32758 rtt_max_us>33769 cwnd>35 cwnd_min>34 cwnd_max>35 throughput_kbps>10831.230 goodput_kbps>10718.906 retrans>0 total_retrans>0 bytes_acked>9313209
05:35:08.111664 TCPINFO flow>3 window>0.112 samples>90 rtt_avg_us>32723 rtt_min_us>32681 rtt_max_us>33033 cwnd>29 cwnd_min>29 cwnd_max>30 throughput_kbps>9093.075 goodput_kbps>9093.075 retrans>0 total_retrans>0 bytes_acked>28130921
05:35:08.146294 TCPINFO flow>2 window>0.200 samples>144 rtt_avg_us>32691 rtt_min_us>32474 rtt_max_us>33099 cwnd>32 cwnd_min>29 cwnd_max>32 throughput_kbps>9672.640 goodput_kbps>9512.320 retrans>0 total_retrans>0 bytes_acked>46908553
05:35:08.199356 TCPINFO flow>11 window>0.115 samples>107 rtt_avg_us>33058 rtt_min_us>32489 rtt_max_us>33769 cwnd>35 cwnd_min>35 cwnd_max>35 throughput_kbps>11301.048 goodput_kbps>11046.517 retrans>0 total_retrans>0 bytes_acked>9472225
05:35:08.220949 TCPINFO flow>3 window>0.109 samples>89 rtt_avg_us>32928 rtt_min_us>32685 rtt_max_us>33196 cwnd>31 cwnd_min>29 cwnd_max>31 throughput_kbps>9584.335 goodput_kbps>9486.535 retrans>0 total_retrans>0 bytes_acked>28260513
05:35:08.246303 TCPINFO flow>2 window>0.100 samples>169 rtt_avg_us>32882 rtt_min_us>32743 rtt_max_us>33090 cwnd>31 cwnd_min>31 cwnd_max>32 throughput_kbps>9938.945 goodput_kbps>10152.686 retrans>0 total_retrans>0 bytes_acked>47035473
05:35:08.246705 TCPINFO flow>1 window>0.200 samples>20 rtt_avg_us>32938 rtt_min_us>32867 rtt_max_us>33316 cwnd>29 cwnd_min>28 cwnd_max>29 throughput_kbps>9033.031 goodput_kbps>8979.581 retrans>0 total_retrans>0 bytes_acked>64831177
05:35:08.346221 TCPINFO flow>3 window>0.125 samples>90 rtt_avg_us>33034 rtt_min_us>32822 rtt_max_us>34155 cwnd>29 cwnd_min>29 cwnd_max>31 throughput_kbps>7252.060 goodput_kbps>7337.378 retrans>0 total_retrans>0 bytes_acked>28375409
05:35:08.346247 TCPINFO flow>11 window>0.147 samples>141 rtt_avg_us>37546 rtt_min_us>32518 rtt_max_us>46003 cwnd>34 cwnd_min>34 cwnd_max>35 throughput_kbps>8731.372 goodput_kbps>8949.657 retrans>0 total_retrans>0 bytes_acked>9636553
05:35:08.446296 TCPINFO flow>2 window>0.200 samples>3 rtt_avg_us>33411 rtt_min_us>32750 rtt_max_us>34476 cwnd>28 cwnd_min>28 cwnd_max>31 throughput_kbps>7802.513 goodput_kbps>8069.722 retrans>0 total_retrans>0 bytes_acked>47237209
05:35:08.446694 TCPINFO flow>1 window>0.200 samples>200 rtt_avg_us>41063 rtt_min_us>33013 rtt_max_us>44811 cwnd>26 cwnd_min>26 cwnd_max>29 throughput_kbps>7018.626 goodput_kbps>7258.639 retrans>0 total_retrans>0 bytes_acked>65012633
05:35:08.474675 TCPINFO flow>3 window>0.128 samples>91 rtt_avg_us>33427 rtt_min_us>33211 rtt_max_us>34155 cwnd>29 cwnd_min>28 cwnd_max>29 throughput_kbps>8986.127 goodput_kbps>8902.922 retrans>0 total_retrans>0 bytes_acked>28518361
05:35:08.493149 TCPINFO flow>11 window>0.147 samples>108 rtt_avg_us>32614 rtt_min_us>32549 rtt_max_us>33420 cwnd>34 cwnd_min>32 cwnd_max>35 throughput_kbps>10534.370 goodput_kbps>10388.858 retrans>0 total_retrans>0 bytes_acked>9827321
05:35:08.546378 TCPINFO flow>2 window>0.100 samples>5 rtt_avg_us>33539 rtt_min_us>33008 rtt_max_us>33672 cwnd>29 cwnd_min>28 cwnd_max>29 throughput_kbps>9077.357 goodput_kbps>8650.187 retrans>0 total_retrans>0 bytes_acked>47345425
05:35:08.579255 TCPINFO flow>1 window>0.133 samples>3 rtt_avg_us>33070 rtt_min_us>32836 rtt_max_us>33360 cwnd>28 cwnd_min>26 cwnd_max>28 throughput_kbps>8576.882 goodput_kbps>8376.038 retrans>0 total_retrans>0 bytes_acked>65151425
05:35:08.581968 TCPINFO flow>3 window>0.107 samples>89 rtt_avg_us>33130 rtt_min_us>32771 rtt_max_us>33432 cwnd>30 cwnd_min>29 cwnd_max>30 throughput_kbps>9563.047 goodput_kbps>9563.047 retrans>0 total_retrans>0 bytes_acked>28646617
05:35:08.612149 TCPINFO flow>11 window>0.119 samples>111 rtt_avg_us>33030 rtt_min_us>32612 rtt_max_us>33404 cwnd>34 cwnd_min>34 cwnd_max>34 throughput_kbps>10651.429 goodput_kbps>10777.815 retrans>0 total_retrans>0 bytes_acked>9987641
05:35:08.684063 TCPINFO flow>3 window>0.102 samples>85 rtt_avg_us>32710 rtt_min_us>32648 rtt_max_us>33186 cwnd>32 cwnd_min>30 cwnd_max>32 throughput_kbps>9735.873 goodput_kbps>9631.187 retrans>0 total_retrans>0 bytes_acked>28769529
05:35:08.712151 TCPINFO flow>11 window>0.100 samples>133 rtt_avg_us>32615 rtt_min_us>32550 rtt_max_us>32917 cwnd>33 cwnd_min>33 cwnd_max>34 throughput_kbps>10333.233 goodput_kbps>10503.470 retrans>0 total_retrans>0 bytes_acked>10118937
05:35:08.746295 TCPINFO flow>2 window>0.200 samples>308 rtt_avg_us>33311 rtt_min_us>33064 rtt_max_us>33750 cwnd>31 cwnd_min>29 cwnd_max>31 throughput_kbps>9569.731 goodput_kbps>9462.807 retrans>0 total_retrans>0 bytes_acked>47581897
05:35:08.746699 TCPINFO flow>1 window>0.167 samples>197 rtt_avg_us>32927 rtt_min_us>32766 rtt_max_us>33569 cwnd>30 cwnd_min>28 cwnd_max>30 throughput_kbps>9201.500 goodput_kbps>8988.223 retrans>0 total_retrans>0 bytes_acked>65339553
05:35:08.785972 TCPINFO flow>3 window>0.102 samples>89 rtt_avg_us>32983 rtt_min_us>32680 rtt_max_us>33186 cwnd>31 cwnd_min>31 cwnd_max>32 throughput_kbps>9969.051 goodput_kbps>9924.462 retrans>0 total_retrans>0 bytes_acked>28895953
05:35:08.823351 TCPINFO flow>11 window>0.111 samples>58 rtt_avg_us>32777 rtt_min_us>32550 rtt_max_us>32913 cwnd>34 cwnd_min>32 cwnd_max>34 throughput_kbps>10380.432 goodput_kbps>10284.317 retrans>0 total_retrans>0 bytes_acked>10261889
05:35:08.879947 SHUTDOWN flow>11 srcPort>34477 dst>fd00:6::2/5404 
05:35:08.889395 TCPINFO flow>3 window>0.103 samples>90 rtt_avg_us>32693 rtt_min_us>32558 rtt_max_us>33495 cwnd>32 cwnd_min>31 cwnd_max>32 throughput_kbps>9956.161 goodput_kbps>9896.754 retrans>0 total_retrans>0 bytes_acked>29023897
05:35:08.946294 TCPINFO flow>2 window>0.200 samples>167 rtt_avg_us>32834 rtt_min_us>32686 rtt_max_us>33293 cwnd>33 cwnd_min>29 cwnd_max>33 throughput_kbps>9598.128 goodput_kbps>9705.329 retrans>0 total_retrans>0 bytes_acked>47824529
05:35:08.946694 TCPINFO flow>1 window>0.200 samples>179 rtt_avg_us>33170 rtt_min_us>32667 rtt_max_us>33739 cwnd>30 cwnd_min>29 cwnd_max>30 throughput_kbps>9298.792 goodput_kbps>9370.474 retrans>0 total_retrans>0 bytes_acked>65573809
05:35:08.990820 TCPINFO flow>3 window>0.101 samples>89 rtt_avg_us>33282 rtt_min_us>32726 rtt_max_us>33495 cwnd>32 cwnd_min>31 cwnd_max>32 throughput_kbps>10116.322 goodput_kbps>10116.322 retrans>0 total_retrans>0 bytes_acked>29152153
05:35:08.997564 OFF flow>11 srcPort>34477 dst>fd00:6::2/5404 
05:35:09.046294 TCPINFO flow>2 window>0.100 samples>178 rtt_avg_us>32580 rtt_min_us>32443 rtt_max_us>32912 cwnd>32 cwnd_min>32 cwnd_max>33 throughput_kbps>10260.480 goodput_kbps>10046.080 retrans>0 total_retrans>0 bytes_acked>47950105
05:35:09.046695 TCPINFO flow>1 window>0.100 samples>2 rtt_avg_us>32923 rtt_min_us>32667 rtt_max_us>33179 cwnd>29 cwnd_min>29 cwnd_max>30 throughput_kbps>8990.630 goodput_kbps>9061.029 retrans>0 total_retrans>0 bytes_acked>65687073
05:35:09.091406 TCPINFO flow>3 window>0.101 samples>90 rtt_avg_us>32842 rtt_min_us>32610 rtt_max_us>33326 cwnd>35 cwnd_min>32 cwnd_max>35 throughput_kbps>10413.219 goodput_kbps>10306.961 retrans>0 total_retrans>0 bytes_acked>29281745
05:35:09.146295 TCPINFO flow>2 window>0.100 samples>2 rtt_avg_us>32511 rtt_min_us>32308 rtt_max_us>32714 cwnd>35 cwnd_min>32 cwnd_max>35 throughput_kbps>10716.693 goodput_kbps>10289.177 retrans>0 total_retrans>0 bytes_acked>48078721
05:35:09.191846 TCPINFO flow>3 window>0.100 samples>89 rtt_avg_us>32736 rtt_min_us>32610 rtt_max_us>34564 cwnd>37 cwnd_min>35 cwnd_max>37 throughput_kbps>10960.414 goodput_kbps>10534.767 retrans>0 total_retrans>0 bytes_acked>29414009
05:35:09.246298 TCPINFO flow>2 window>0.100 samples>178 rtt_avg_us>32553 rtt_min_us>32308 rtt_max_us>32830 cwnd>35 cwnd_min>35 cwnd_max>35 throughput_kbps>10794.556 goodput_kbps>11115.187 retrans>0 total_retrans>0 bytes_acked>48217665
05:35:09.246688 TCPINFO flow>1 window>0.200 samples>179 rtt_avg_us>32934 rtt_min_us>32620 rtt_max_us>33265 cwnd>32 cwnd_min>29 cwnd_max>32 throughput_kbps>9886.746 goodput_kbps>9744.661 retrans>0 total_retrans>0 bytes_acked>65930681
05:35:09.346224 TCPINFO flow>3 window>0.154 samples>178 rtt_avg_us>33584 rtt_min_us>32340 rtt_max_us>35201 cwnd>37 cwnd_min>36 cwnd_max>37 throughput_kbps>11700.320 goodput_kbps>11700.320 retrans>0 total_retrans>0 bytes_acked>29639793
05:35:09.346308 TCPINFO flow>2 window>0.100 samples>2 rtt_avg_us>32718 rtt_min_us>32679 rtt_max_us>32758 cwnd>37 cwnd_min>35 cwnd_max>37 throughput_kbps>11648.755 goodput_kbps>11328.147 retrans>0 total_retrans>0 bytes_acked>48359281
05:35:09.346698 TCPINFO flow>1 window>0.100 samples>164 rtt_avg_us>32767 rtt_min_us>32618 rtt_max_us>32921 cwnd>34 cwnd_min>32 cwnd_max>34 throughput_kbps>10580.062 goodput_kbps>10366.323 retrans>0 total_retrans>0 bytes_acked>66060273
05:35:09.446738 TCPINFO flow>1 window>0.100 samples>66 rtt_avg_us>32519 rtt_min_us>32440 rtt_max_us>32742 cwnd>36 cwnd_min>34 cwnd_max>36 throughput_kbps>11111.076 goodput_kbps>10790.564 retrans>0 total_retrans>0 bytes_acked>66195209
05:35:09.461688 TCPINFO flow>3 window>0.115 samples>102 rtt_avg_us>32371 rtt_min_us>32238 rtt_max_us>32691 cwnd>38 cwnd_min>37 cwnd_max>39 throughput_kbps>12033.534 goodput_kbps>12126.100 retrans>0 total_retrans>0 bytes_acked>29814809
05:35:09.494808 TCPINFO flow>2 window>0.148 samples>148 rtt_avg_us>32488 rtt_min_us>32354 rtt_max_us>32758 cwnd>40 cwnd_min>37 cwnd_max>40 throughput_kbps>12163.448 goodput_kbps>12091.475 retrans>0 total_retrans>0 bytes_acked>48583729
05:35:09.561752 TCPINFO flow>3 window>0.100 samples>175 rtt_avg_us>32323 rtt_min_us>32190 rtt_max_us>32604 cwnd>41 cwnd_min>38 cwnd_max>41 throughput_kbps>12668.372 goodput_kbps>11920.691 retrans>0 total_retrans>0 bytes_acked>29963913
05:35:09.617748 TCPINFO flow>1 window>0.171 samples>115 rtt_avg_us>32482 rtt_min_us>32377 rtt_max_us>32726 cwnd>36 cwnd_min>36 cwnd_max>36 throughput_kbps>11624.864 goodput_kbps>11687.363 retrans>0 total_retrans>0 bytes_acked>66445041
05:35:09.646298 TCPINFO flow>2 window>0.151 samples>178 rtt_avg_us>32577 rtt_min_us>32372 rtt_max_us>32883 cwnd>42 cwnd_min>40 cwnd_max>42 throughput_kbps>13159.945 goodput_kbps>12840.557 retrans>0 total_retrans>0 bytes_acked>48826881
05:35:09.716827 TCPINFO flow>3 window>0.155 samples>104 rtt_avg_us>32297 rtt_min_us>32187 rtt_max_us>32935 cwnd>42 cwnd_min>40 cwnd_max>42 throughput_kbps>12957.240 goodput_kbps>13164.005 retrans>0 total_retrans>0 bytes_acked>30219089
05:35:09.746308 TCPINFO flow>2 window>0.100 samples>178 rtt_avg_us>32399 rtt_min_us>32213 rtt_max_us>32731 cwnd>44 cwnd_min>41 cwnd_max>44 throughput_kbps>13868.053 goodput_kbps>13603.760 retrans>0 total_retrans>0 bytes_acked>48996945
05:35:09.746702 TCPINFO flow>1 window>0.129 samples>178 rtt_avg_us>32411 rtt_min_us>32319 rtt_max_us>32760 cwnd>38 cwnd_min>36 cwnd_max>38 throughput_kbps>11911.720 goodput_kbps>11580.191 retrans>0 total_retrans>0 bytes_acked>66631705
05:35:09.846224 TCPINFO flow>3 window>0.129 samples>171 rtt_avg_us>32415 rtt_min_us>32086 rtt_max_us>32935 cwnd>43 cwnd_min>42 cwnd_max>43 throughput_kbps>13959.149 goodput_kbps>13876.550 retrans>0 total_retrans>0 bytes_acked>30443537
05:35:09.946227 TCPINFO flow>3 window>0.100 samples>163 rtt_avg_us>32396 rtt_min_us>32207 rtt_max_us>32672 cwnd>44 cwnd_min>43 cwnd_max>44 throughput_kbps>13606.632 goodput_kbps>13783.906 retrans>0 total_retrans>0 bytes_acked>30615841
05:35:09.946301 TCPINFO flow>2 window>0.200 samples>179 rtt_avg_us>32686 rtt_min_us>32361 rtt_max_us>32957 cwnd>44 cwnd_min>44 cwnd_max>45 throughput_kbps>13894.886 goodput_kbps>14055.212 retrans>0 total_retrans>0 bytes_acked>49348313
05:35:09.946693 TCPINFO flow>1 window>0.200 samples>184 rtt_avg_us>32568 rtt_min_us>32343 rtt_max_us>33029 cwnd>38 cwnd_min>38 cwnd_max>39 throughput_kbps>12024.541 goodput_kbps>12291.753 retrans>0 total_retrans>0 bytes_acked>66938985
05:35:10.046698 TCPINFO flow>1 window>0.100 samples>178 rtt_avg_us>32877 rtt_min_us>32533 rtt_max_us>33122 cwnd>37 cwnd_min>37 cwnd_max>38 throughput_kbps>11542.463 goodput_kbps>11328.714 retrans>0 total_retrans>0 bytes_acked>67080601
05:35:10.086344 TCPINFO flow>3 window>0.140 samples>104 rtt_avg_us>32693 rtt_min_us>32305 rtt_max_us>33207 cwnd>45 cwnd_min>43 cwnd_max>45 throughput_kbps>13806.519 goodput_kbps>13527.438 retrans>0 total_retrans>0 bytes_acked>30852769
05:35:10.097725 TCPINFO flow>2 window>0.151 samples>175 rtt_avg_us>32401 rtt_min_us>32168 rtt_max_us>32749 cwnd>44 cwnd_min>42 cwnd_max>44 throughput_kbps>13693.153 goodput_kbps>13622.570 retrans>0 total_retrans>0 bytes_acked>49606161
05:35:10.146746 TCPINFO flow>1 window>0.100 samples>103 rtt_avg_us>32719 rtt_min_us>32481 rtt_max_us>33018 cwnd>38 cwnd_min>37 cwnd_max>38 throughput_kbps>11838.158 goodput_kbps>11649.448 retrans>0 total_retrans>0 bytes_acked>67226289
05:35:10.233909 TCPINFO flow>3 window>0.148 samples>177 rtt_avg_us>32433 rtt_min_us>32266 rtt_max_us>32780 cwnd>45 cwnd_min>44 cwnd_max>45 throughput_kbps>14123.674 goodput_kbps>13978.816 retrans>0 total_retrans>0 bytes_acked>31110617
05:35:10.246304 TCPINFO flow>2 window>0.149 samples>51 rtt_avg_us>32408 rtt_min_us>32285 rtt_max_us>32648 cwnd>42 cwnd_min>42 cwnd_max>45 throughput_kbps>13811.481 goodput_kbps>13811.481 retrans>0 total_retrans>0 bytes_acked>49862673
05:35:10.319308 TCPINFO flow>1 window>0.173 samples>78 rtt_avg_us>33060 rtt_min_us>32476 rtt_max_us>33235 cwnd>38 cwnd_min>36 cwnd_max>38 throughput_kbps>11589.666 goodput_kbps>11637.139 retrans>0 total_retrans>0 bytes_acked>67477305
05:35:10.346223 TCPINFO flow>3 window>0.112 samples>178 rtt_avg_us>32353 rtt_min_us>32151 rtt_max_us>32521 cwnd>47 cwnd_min>43 cwnd_max>47 throughput_kbps>14464.590 goodput_kbps>14369.429 retrans>0 total_retrans>0 bytes_acked>31312353
05:35:10.446225 TCPINFO flow>3 window>0.100 samples>89 rtt_avg_us>32115 rtt_min_us>32063 rtt_max_us>32548 cwnd>49 cwnd_min>47 cwnd_max>49 throughput_kbps>15069.779 goodput_kbps>14749.145 retrans>0 total_retrans>0 bytes_acked>31496721
05:35:10.446298 TCPINFO flow>2 window>0.200 samples>3 rtt_avg_us>32401 rtt_min_us>32337 rtt_max_us>32433 cwnd>43 cwnd_min>42 cwnd_max>43 throughput_kbps>3858.996 goodput_kbps>6050.102 retrans>0 total_retrans>0 bytes_acked>50013921
05:35:10.446698 TCPINFO flow>1 window>0.127 samples>178 rtt_avg_us>32663 rtt_min_us>32428 rtt_max_us>32988 cwnd>41 cwnd_min>38 cwnd_max>41 throughput_kbps>13088.374 goodput_kbps>12836.675 retrans>0 total_retrans>0 bytes_acked>67681713
05:35:10.546291 ON flow>12 srcPort>42021 dst>fd00:6::2/5405 
05:35:10.546321 TCPINFO flow>3 window>0.100 samples>177 rtt_avg_us>32326 rtt_min_us>32145 rtt_max_us>33121 cwnd>50 cwnd_min>49 cwnd_max>50 throughput_kbps>15803.069 goodput_kbps>15803.069 retrans>0 total_retrans>0 bytes_acked>31694449
05:35:10.546327 TCPINFO flow>2 window>0.100 samples>2 rtt_avg_us>32433 rtt_min_us>32433 rtt_max_us>32433 cwnd>43 cwnd_min>43 cwnd_max>43 throughput_kbps>0.000 goodput_kbps>0.000 retrans>0 total_retrans>0 bytes_acked>50013921
05:35:10.546709 TCPINFO flow>1 window>0.100 samples>178 rtt_avg_us>32512 rtt_min_us>32341 rtt_max_us>33000 cwnd>41 cwnd_min>40 cwnd_max>41 throughput_kbps>12717.321 goodput_kbps>12824.189 retrans>0 total_retrans>0 bytes_acked>67842033
05:35:10.579624 CONNECT flow>12 srcPort>42021 dst>fd00:6::2/5405 
05:35:10.646746 TCPINFO flow>1 window>0.100 samples>100 rtt_avg_us>32509 rtt_min_us>32424 rtt_max_us>33000 cwnd>40 cwnd_min>40 cwnd_max>41 throughput_kbps>12714.016 goodput_kbps>12500.335 retrans>0 total_retrans>0 bytes_acked>67998345
05:35:10.655074 TCPINFO flow>3 window>0.109 samples>112 rtt_avg_us>32417 rtt_min_us>32244 rtt_max_us>33121 cwnd>49 cwnd_min>49 cwnd_max>51 throughput_kbps>16113.431 goodput_kbps>16314.106 retrans>0 total_retrans>0 bytes_acked>31916225
05:35:10.687237 TCPINFO flow>12 window>0.108 samples>54 rtt_avg_us>33322 rtt_min_us>33045 rtt_max_us>33329 cwnd>8 cwnd_min>7 cwnd_max>10 throughput_kbps>2582.962 goodput_kbps>1995.222 retrans>0 total_retrans>0 bytes_acked>26833
05:35:10.705168 TCPINFO flow>2 window>0.159 samples>385 rtt_avg_us>32443 rtt_min_us>32067 rtt_max_us>32739 cwnd>39 cwnd_min>39 cwnd_max>43 throughput_kbps>13255.620 goodput_kbps>10833.274 retrans>0 total_retrans>0 bytes_acked>50229017
05:35:10.789748 TCPINFO flow>3 window>0.135 samples>177 rtt_avg_us>32298 rtt_min_us>32132 rtt_max_us>32636 cwnd>49 cwnd_min>47 cwnd_max>49 throughput_kbps>14932.415 goodput_kbps>15008.450 retrans>0 total_retrans>0 bytes_acked>32168881
05:35:10.809169 TCPINFO flow>1 window>0.162 samples>81 rtt_avg_us>32908 rtt_min_us>32537 rtt_max_us>33122 cwnd>39 cwnd_min>37 cwnd_max>40 throughput_kbps>11844.628 goodput_kbps>12239.449 retrans>0 total_retrans>0 bytes_acked>68246841
05:35:10.810730 TCPINFO flow>12 window>0.123 samples>31 rtt_avg_us>33127 rtt_min_us>33045 rtt_max_us>34356 cwnd>11 cwnd_min>8 cwnd_max>11 throughput_kbps>2942.612 goodput_kbps>2856.065 retrans>0 total_retrans>0 bytes_acked>70921
05:35:10.846299 TCPINFO flow>2 window>0.141 samples>178 rtt_avg_us>32533 rtt_min_us>32323 rtt_max_us>33434 cwnd>35 cwnd_min>35 cwnd_max>40 throughput_kbps>11889.776 goodput_kbps>11965.507 retrans>0 total_retrans>0 bytes_acked>50440105
05:35:10.946225 TCPINFO flow>3 window>0.156 samples>125 rtt_avg_us>32330 rtt_min_us>31972 rtt_max_us>33235 cwnd>47 cwnd_min>46 cwnd_max>49 throughput_kbps>14385.961 goodput_kbps>14890.265 retrans>0 total_retrans>0 bytes_acked>32460129
05:35:10.946315 TCPINFO flow>12 window>0.136 samples>44 rtt_avg_us>34136 rtt_min_us>33937 rtt_max_us>35099 cwnd>12 cwnd_min>11 cwnd_max>12 throughput_kbps>3468.466 goodput_kbps>3153.151 retrans>0 total_retrans>0 bytes_acked>124361
05:35:10.946709 TCPINFO flow>1 window>0.138 samples>178 rtt_avg_us>32449 rtt_min_us>32300 rtt_max_us>33571 cwnd>34 cwnd_min>34 cwnd_max>39 throughput_kbps>11112.287 goodput_kbps>11345.412 retrans>0 total_retrans>0 bytes_acked>68441897
05:35:11.046298 TCPINFO flow>2 window>0.200 samples>179 rtt_avg_us>32886 rtt_min_us>32721 rtt_max_us>33434 cwnd>34 cwnd_min>34 cwnd_max>36 throughput_kbps>10742.774 goodput_kbps>11063.415 retrans>0 total_retrans>0 bytes_acked>50716689
05:35:11.104130 TCPINFO flow>12 window>0.158 samples>46 rtt_avg_us>34434 rtt_min_us>34197 rtt_max_us>34610 cwnd>15 cwnd_min>12 cwnd_max>15 throughput_kbps>4131.217 goodput_kbps>4063.492 retrans>0 total_retrans>0 bytes_acked>204521
05:35:11.146223 TCPINFO flow>3 window>0.200 samples>3 rtt_avg_us>32440 rtt_min_us>32408 rtt_max_us>32456 cwnd>45 cwnd_min>45 cwnd_max>47 throughput_kbps>0.000 goodput_kbps>1956.820 retrans>0 total_retrans>0 bytes_acked>32509049
05:35:11.146299 TCPINFO flow>2 window>0.100 samples>178 rtt_avg_us>33284 rtt_min_us>32654 rtt_max_us>33694 cwnd>33 cwnd_min>32 cwnd_max>34 throughput_kbps>10474.135 goodput_kbps>10046.620 retrans>0 total_retrans>0 bytes_acked>50842273
05:35:11.146698 TCPINFO flow>1 window>0.200 samples>180 rtt_avg_us>32632 rtt_min_us>32446 rtt_max_us>33321 cwnd>32 cwnd_min>32 cwnd_max>34 throughput_kbps>10047.273 goodput_kbps>10047.273 retrans>0 total_retrans>0 bytes_acked>68693065
05:35:11.246224 TCPINFO flow>3 window>0.100 samples>2 rtt_avg_us>32456 rtt_min_us>32456 rtt_max_us>32456 cwnd>45 cwnd_min>45 cwnd_max>45 throughput_kbps>0.000 goodput_kbps>0.000 retrans>0 total_retrans>0 bytes_acked>32509049
05:35:11.246313 TCPINFO flow>12 window>0.142 samples>64 rtt_avg_us>33751 rtt_min_us>33086 rtt_max_us>34197 cwnd>17 cwnd_min>15 cwnd_max>17 throughput_kbps>5111.610 goodput_kbps>4886.097 retrans>0 total_retrans>0 bytes_acked>291361
05:35:11.256585 TCPINFO flow>2 window>0.110 samples>3 rtt_avg_us>32524 rtt_min_us>32407 rtt_max_us>32654 cwnd>35 cwnd_min>33 cwnd_max>35 throughput_kbps>10660.283 goodput_kbps>10854.107 retrans>0 total_retrans>0 bytes_acked>50991905
05:35:11.346698 TCPINFO flow>1 window>0.200 samples>179 rtt_avg_us>32566 rtt_min_us>32306 rtt_max_us>32965 cwnd>34 cwnd_min>31 cwnd_max>34 throughput_kbps>10420.800 goodput_kbps>10260.480 retrans>0 total_retrans>0 bytes_acked>68949577
05:35:11.430685 TCPINFO flow>12 window>0.184 samples>96 rtt_avg_us>33217 rtt_min_us>32971 rtt_max_us>33402 cwnd>23 cwnd_min>17 cwnd_max>23 throughput_kbps>6202.764 goodput_kbps>6028.855 retrans>0 total_retrans>0 bytes_acked>430305
05:35:11.439371 TCPINFO flow>2 window>0.183 samples>178 rtt_avg_us>32404 rtt_min_us>32290 rtt_max_us>32512 cwnd>39 cwnd_min>35 cwnd_max>39 throughput_kbps>11694.550 goodput_kbps>11460.659 retrans>0 total_retrans>0 bytes_acked>51253761
05:35:11.446231 TCPINFO flow>3 window>0.200 samples>3 rtt_avg_us>32456 rtt_min_us>32456 rtt_max_us>32456 cwnd>45 cwnd_min>45 cwnd_max>45 throughput_kbps>0.000 goodput_kbps>0.000 retrans>0 total_retrans>0 bytes_acked>32509049
05:35:11.546239 TCPINFO flow>3 window>0.100 samples>3 rtt_avg_us>32456 rtt_min_us>32456 rtt_max_us>32456 cwnd>45 cwnd_min>45 cwnd_max>45 throughput_kbps>106.871 goodput_kbps>0.000 retrans>0 total_retrans>0 bytes_acked>32509049
05:35:11.546293 TCPINFO flow>2 window>0.107 samples>178 rtt_avg_us>32381 rtt_min_us>32316 rtt_max_us>32501 cwnd>41 cwnd_min>39 cwnd_max>41 throughput_kbps>12894.933 goodput_kbps>12395.129 retrans>0 total_retrans>0 bytes_acked>51419425
05:35:11.546314 TCPINFO flow>12 window>0.116 samples>115 rtt_avg_us>32847 rtt_min_us>32488 rtt_max_us>33289 cwnd>25 cwnd_min>23 cwnd_max>25 throughput_kbps>7671.985 goodput_kbps>7302.251 retrans>0 total_retrans>0 bytes_acked>535849
05:35:11.546686 TCPINFO flow>1 window>0.200 samples>179 rtt_avg_us>32409 rtt_min_us>32278 rtt_max_us>32757 cwnd>38 cwnd_min>34 cwnd_max>38 throughput_kbps>11329.960 goodput_kbps>11329.960 retrans>0 total_retrans>0 bytes_acked>69232809
05:35:11.646320 TCPINFO flow>12 window>0.100 samples>41 rtt_avg_us>33467 rtt_min_us>32695 rtt_max_us>33512 cwnd>26 cwnd_min>25 cwnd_max>26 throughput_kbps>8015.519 goodput_kbps>7801.772 retrans>0 total_retrans>0 bytes_acked>633377
05:35:11.646699 TCPINFO flow>1 window>0.100 samples>178 rtt_avg_us>32727 rtt_min_us>32458 rtt_max_us>33013 cwnd>37 cwnd_min>37 cwnd_max>38 throughput_kbps>11648.406 goodput_kbps>11327.807 retrans>0 total_retrans>0 bytes_acked>69374425
05:35:11.670929 TCPINFO flow>3 window>0.125 samples>231 rtt_avg_us>32456 rtt_min_us>32438 rtt_max_us>32567 cwnd>39 cwnd_min>39 cwnd_max>45 throughput_kbps>13371.786 goodput_kbps>10543.139 retrans>0 total_retrans>0 bytes_acked>32673377
05:35:11.738491 TCPINFO flow>2 window>0.192 samples>150 rtt_avg_us>32775 rtt_min_us>32341 rtt_max_us>33278 cwnd>39 cwnd_min>39 cwnd_max>42 throughput_kbps>12623.316 goodput_kbps>12790.143 retrans>0 total_retrans>0 bytes_acked>51726705
05:35:11.750918 TCPINFO flow>1 window>0.104 samples>3 rtt_avg_us>32788 rtt_min_us>32643 rtt_max_us>33003 cwnd>34 cwnd_min>34 cwnd_max>37 throughput_kbps>11178.307 goodput_kbps>11691.074 retrans>0 total_retrans>0 bytes_acked>69526729
05:35:11.807558 TCPINFO flow>12 window>0.161 samples>102 rtt_avg_us>33214 rtt_min_us>33030 rtt_max_us>33479 cwnd>24 cwnd_min>24 cwnd_max>26 throughput_kbps>7566.653 goodput_kbps>7831.801 retrans>0 total_retrans>0 bytes_acked>791225
05:35:11.842849 TCPINFO flow>3 window>0.172 samples>173 rtt_avg_us>32438 rtt_min_us>32324 rtt_max_us>32796 cwnd>32 cwnd_min>32 cwnd_max>39 throughput_kbps>11065.984 goodput_kbps>11438.995 retrans>0 total_retrans>0 bytes_acked>32919201
05:35:11.846303 TCPINFO flow>2 window>0.108 samples>150 rtt_avg_us>32510 rtt_min_us>32388 rtt_max_us>32688 cwnd>36 cwnd_min>36 cwnd_max>39 throughput_kbps>11354.283 goodput_kbps>11949.097 retrans>0 total_retrans>0 bytes_acked>51887737
05:35:11.930583 TCPINFO flow>1 window>0.180 samples>167 rtt_avg_us>32776 rtt_min_us>32556 rtt_max_us>33010 cwnd>31 cwnd_min>31 cwnd_max>34 throughput_kbps>10529.463 goodput_kbps>10707.929 retrans>0 total_retrans>0 bytes_acked>69767209
05:35:11.945834 TCPINFO flow>3 window>0.103 samples>89 rtt_avg_us>32735 rtt_min_us>32380 rtt_max_us>32921 cwnd>30 cwnd_min>30 cwnd_max>32 throughput_kbps>9481.458 goodput_kbps>9713.259 retrans>0 total_retrans>0 bytes_acked>33044241
05:35:11.946308 TCPINFO flow>2 window>0.100 samples>159 rtt_avg_us>32476 rtt_min_us>32318 rtt_max_us>32643 cwnd>34 cwnd_min>34 cwnd_max>36 throughput_kbps>11114.964 goodput_kbps>11114.964 retrans>0 total_retrans>0 bytes_acked>52026681
05:35:11.946313 TCPINFO flow>12 window>0.139 samples>113 rtt_avg_us>33014 rtt_min_us>32781 rtt_max_us>33101 cwnd>23 cwnd_min>23 cwnd_max>24 throughput_kbps>7471.702 goodput_kbps>7317.646 retrans>0 total_retrans>0 bytes_acked>918145
05:35:12.046223 TCPINFO flow>3 window>0.100 samples>116 rtt_avg_us>32301 rtt_min_us>32228 rtt_max_us>33230 cwnd>29 cwnd_min>29 cwnd_max>30 throughput_kbps>9298.867 goodput_kbps>9274.004 retrans>0 total_retrans>0 bytes_acked>33160617
05:35:12.046315 TCPINFO flow>12 window>0.100 samples>59 rtt_avg_us>32774 rtt_min_us>32721 rtt_max_us>33511 cwnd>22 cwnd_min>22 cwnd_max>23 throughput_kbps>7180.016 goodput_kbps>7393.772 retrans>0 total_retrans>0 bytes_acked>1010569
05:35:12.046699 TCPINFO flow>1 window>0.116 samples>170 rtt_avg_us>32595 rtt_min_us>32529 rtt_max_us>32752 cwnd>31 cwnd_min>31 cwnd_max>32 throughput_kbps>9940.956 goodput_kbps>10033.001 retrans>0 total_retrans>0 bytes_acked>69912833
05:35:12.047756 TCPINFO flow>2 window>0.101 samples>3 rtt_avg_us>33116 rtt_min_us>32635 rtt_max_us>33483 cwnd>34 cwnd_min>34 cwnd_max>34 throughput_kbps>10640.801 goodput_kbps>10746.156 retrans>0 total_retrans>0 bytes_acked>52162953
05:35:12.146324 TCPINFO flow>12 window>0.100 samples>59 rtt_avg_us>32951 rtt_min_us>32866 rtt_max_us>33511 cwnd>23 cwnd_min>21 cwnd_max>23 throughput_kbps>7053.445 goodput_kbps>6839.704 retrans>0 total_retrans>0 bytes_acked>1096073
05:35:12.205238 TCPINFO flow>3 window>0.159 samples>91 rtt_avg_us>32618 rtt_min_us>32504 rtt_max_us>33230 cwnd>26 cwnd_min>26 cwnd_max>29 throughput_kbps>8801.384 goodput_kbps>8935.811 retrans>0 total_retrans>0 bytes_acked>33338233
05:35:12.246293 TCPINFO flow>2 window>0.199 samples>6 rtt_avg_us>33016 rtt_min_us>32324 rtt_max_us>33231 cwnd>33 cwnd_min>33 cwnd_max>34 throughput_kbps>10473.735 goodput_kbps>10419.902 retrans>0 total_retrans>0 bytes_acked>52421545
05:35:12.246332 TCPINFO flow>12 window>0.100 samples>57 rtt_avg_us>33325 rtt_min_us>32991 rtt_max_us>33415 cwnd>25 cwnd_min>23 cwnd_max>25 throughput_kbps>7587.873 goodput_kbps>7481.002 retrans>0 total_retrans>0 bytes_acked>1189593
05:35:12.246702 TCPINFO flow>1 window>0.200 samples>179 rtt_avg_us>32616 rtt_min_us>32399 rtt_max_us>33125 cwnd>31 cwnd_min>30 cwnd_max>31 throughput_kbps>9495.858 goodput_kbps>9335.540 retrans>0 total_retrans>0 bytes_acked>70146225
05:35:12.324550 TCPINFO flow>3 window>0.119 samples>90 rtt_avg_us>32493 rtt_min_us>32485 rtt_max_us>32550 cwnd>27 cwnd_min>26 cwnd_max>27 throughput_kbps>8510.125 goodput_kbps>8510.125 retrans>0 total_retrans>0 bytes_acked>33465153
05:35:12.346747 TCPINFO flow>1 window>0.100 samples>65 rtt_avg_us>32662 rtt_min_us>32399 rtt_max_us>32754 cwnd>30 cwnd_min>30 cwnd_max>31 throughput_kbps>9828.537 goodput_kbps>10149.033 retrans>0 total_retrans>0 bytes_acked>70273145
05:35:12.353243 TCPINFO flow>12 window>0.107 samples>64 rtt_avg_us>32986 rtt_min_us>32949 rtt_max_us>33526 cwnd>24 cwnd_min>24 cwnd_max>25 throughput_kbps>7597.796 goodput_kbps>7797.738 retrans>0 total_retrans>0 bytes_acked>1293801
05:35:12.444039 TCPINFO flow>3 window>0.119 samples>89 rtt_avg_us>32507 rtt_min_us>32478 rtt_max_us>32943 cwnd>28 cwnd_min>26 cwnd_max>28 throughput_kbps>8586.966 goodput_kbps>8586.966 retrans>0 total_retrans>0 bytes_acked>33593409
05:35:12.446291 TCPINFO flow>2 window>0.200 samples>3 rtt_avg_us>34723 rtt_min_us>32324 rtt_max_us>35922 cwnd>32 cwnd_min>32 cwnd_max>33 throughput_kbps>2066.261 goodput_kbps>3722.917 retrans>0 total_retrans>0 bytes_acked>52514617
05:35:12.458831 TCPINFO flow>12 window>0.106 samples>70 rtt_avg_us>33022 rtt_min_us>32553 rtt_max_us>33526 cwnd>26 cwnd_min>24 cwnd_max>26 throughput_kbps>7843.316 goodput_kbps>7800.280 retrans>0 total_retrans>0 bytes_acked>1396753
05:35:12.546221 TCPINFO flow>3 window>0.102 samples>90 rtt_avg_us>32689 rtt_min_us>32624 rtt_max_us>33364 cwnd>29 cwnd_min>28 cwnd_max>29 throughput_kbps>8995.400 goodput_kbps>8681.607 retrans>0 total_retrans>0 bytes_acked>33704297
05:35:12.546293 TCPINFO flow>2 window>0.100 samples>4 rtt_avg_us>35922 rtt_min_us>35922 rtt_max_us>35922 cwnd>32 cwnd_min>32 cwnd_max>32 throughput_kbps>106.878 goodput_kbps>0.000 retrans>0 total_retrans>0 bytes_acked>52514617
05:35:12.546703 TCPINFO flow>1 window>0.200 samples>132 rtt_avg_us>32756 rtt_min_us>32568 rtt_max_us>32943 cwnd>34 cwnd_min>30 cwnd_max>34 throughput_kbps>10255.056 goodput_kbps>10041.249 retrans>0 total_retrans>0 bytes_acked>70524121
05:35:12.614451 TCPINFO flow>12 window>0.156 samples>117 rtt_avg_us>33115 rtt_min_us>32927 rtt_max_us>33643 cwnd>29 cwnd_min>26 cwnd_max>29 throughput_kbps>8722.375 goodput_kbps>8408.174 retrans>0 total_retrans>0 bytes_acked>1560313
05:35:12.646223 TCPINFO flow>3 window>0.100 samples>84 rtt_avg_us>32832 rtt_min_us>32761 rtt_max_us>33364 cwnd>30 cwnd_min>29 cwnd_max>30 throughput_kbps>9512.130 goodput_kbps>9298.374 retrans>0 total_retrans>0 bytes_acked>33820529
05:35:12.646298 TCPINFO flow>2 window>0.100 samples>396 rtt_avg_us>35657 rtt_min_us>32728 rtt_max_us>35922 cwnd>30 cwnd_min>30 cwnd_max>32 throughput_kbps>9832.468 goodput_kbps>6733.103 retrans>0 total_retrans>0 bytes_acked>52598785
05:35:12.740356 TCPINFO flow>1 window>0.194 samples>165 rtt_avg_us>32495 rtt_min_us>32359 rtt_max_us>33288 cwnd>35 cwnd_min>34 cwnd_max>35 throughput_kbps>11038.300 goodput_kbps>10983.109 retrans>0 total_retrans>0 bytes_acked>70789985
05:35:12.746315 TCPINFO flow>12 window>0.132 samples>119 rtt_avg_us>33189 rtt_min_us>32922 rtt_max_us>33643 cwnd>28 cwnd_min>28 cwnd_max>29 throughput_kbps>8672.693 goodput_kbps>8753.746 retrans>0 total_retrans>0 bytes_acked>1704601
05:35:12.769198 TCPINFO flow>2 window>0.123 samples>3 rtt_avg_us>33054 rtt_min_us>32728 rtt_max_us>33247 cwnd>28 cwnd_min>28 cwnd_max>30 throughput_kbps>9117.266 goodput_kbps>9479.186 retrans>0 total_retrans>0 bytes_acked>52744409
05:35:12.777276 TCPINFO flow>3 window>0.131 samples>90 rtt_avg_us>32802 rtt_min_us>32664 rtt_max_us>33277 cwnd>29 cwnd_min>29 cwnd_max>30 throughput_kbps>9000.816 goodput_kbps>9292.363 retrans>0 total_retrans>0 bytes_acked>33972753
05:35:12.846699 TCPINFO flow>1 window>0.106 samples>178 rtt_avg_us>33357 rtt_min_us>32906 rtt_max_us>33761 cwnd>35 cwnd_min>34 cwnd_max>35 throughput_kbps>10798.567 goodput_kbps>10686.627 retrans>0 total_retrans>0 bytes_acked>70932041
05:35:12.879132 TCPINFO flow>12 window>0.133 samples>86 rtt_avg_us>33178 rtt_min_us>32750 rtt_max_us>33246 cwnd>29 cwnd_min>28 cwnd_max>29 throughput_kbps>8925.123 goodput_kbps>8904.402 retrans>0 total_retrans>0 bytes_acked>1852433
05:35:12.923037 TCPINFO flow>3 window>0.146 samples>110 rtt_avg_us>32695 rtt_min_us>32649 rtt_max_us>33193 cwnd>29 cwnd_min>29 cwnd_max>29 throughput_kbps>8976.887 goodput_kbps>8788.085 retrans>0 total_retrans>0 bytes_acked>34132873
05:35:12.946298 TCPINFO flow>2 window>0.177 samples>149 rtt_avg_us>32786 rtt_min_us>32646 rtt_max_us>33194 cwnd>28 cwnd_min>28 cwnd_max>28 throughput_kbps>8387.578 goodput_kbps>8452.264 retrans>0 total_retrans>0 bytes_acked>52931521
05:35:12.946700 TCPINFO flow>1 window>0.100 samples>184 rtt_avg_us>32512 rtt_min_us>32355 rtt_max_us>32906 cwnd>36 cwnd_min>35 cwnd_max>36 throughput_kbps>10781.332 goodput_kbps>10961.810 retrans>0 total_retrans>0 bytes_acked>71069065
05:35:13.023074 TCPINFO flow>3 window>0.100 samples>113 rtt_avg_us>32849 rtt_min_us>32500 rtt_max_us>33096 cwnd>30 cwnd_min>29 cwnd_max>30 throughput_kbps>9169.727 goodput_kbps>9276.568 retrans>0 total_retrans>0 bytes_acked>34248873
05:35:13.030302 TCPINFO flow>12 window>0.151 samples>120 rtt_avg_us>32990 rtt_min_us>32707 rtt_max_us>33504 cwnd>29 cwnd_min>29 cwnd_max>30 throughput_kbps>9261.944 goodput_kbps>9209.446 retrans>0 total_retrans>0 bytes_acked>2026457
05:35:13.046299 TCPINFO flow>2 window>0.100 samples>178 rtt_avg_us>33164 rtt_min_us>33058 rtt_max_us>33458 cwnd>28 cwnd_min>27 cwnd_max>28 throughput_kbps>8336.557 goodput_kbps>8418.476 retrans>0 total_retrans>0 bytes_acked>53036753
05:35:13.130122 TCPINFO flow>1 window>0.183 samples>3 rtt_avg_us>32941 rtt_min_us>32476 rtt_max_us>33233 cwnd>35 cwnd_min>34 cwnd_max>36 throughput_kbps>10509.884 goodput_kbps>10476.388 retrans>0 total_retrans>0 bytes_acked>71309265
05:35:13.135057 TCPINFO flow>3 window>0.112 samples>59 rtt_avg_us>32631 rtt_min_us>32500 rtt_max_us>33383 cwnd>29 cwnd_min>29 cwnd_max>30 throughput_kbps>9088.237 goodput_kbps>9238.545 retrans>0 total_retrans>0 bytes_acked>34378193
05:35:13.146312 TCPINFO flow>12 window>0.116 samples>112 rtt_avg_us>33035 rtt_min_us>32800 rtt_max_us>33395 cwnd>30 cwnd_min>29 cwnd_max>30 throughput_kbps>8936.609 goodput_kbps>8752.349 retrans>0 total_retrans>0 bytes_acked>2153377
05:35:13.207563 TCPINFO flow>2 window>0.161 samples>3 rtt_avg_us>33070 rtt_min_us>32848 rtt_max_us>33458 cwnd>27 cwnd_min>27 cwnd_max>28 throughput_kbps>8655.224 goodput_kbps>8636.571 retrans>0 total_retrans>0 bytes_acked>53210849
05:35:13.241682 TCPINFO flow>3 window>0.107 samples>85 rtt_avg_us>32631 rtt_min_us>32603 rtt_max_us>33041 cwnd>30 cwnd_min>29 cwnd_max>30 throughput_kbps>9256.216 goodput_kbps>9098.354 retrans>0 total_retrans>0 bytes_acked>34499457
05:35:13.246316 TCPINFO flow>12 window>0.100 samples>107 rtt_avg_us>33330 rtt_min_us>33095 rtt_max_us>33660 cwnd>30 cwnd_min>30 cwnd_max>30 throughput_kbps>9405.064 goodput_kbps>9405.064 retrans>0 total_retrans>0 bytes_acked>2270945
05:35:13.246695 TCPINFO flow>1 window>0.117 samples>174 rtt_avg_us>32735 rtt_min_us>32541 rtt_max_us>33113 cwnd>34 cwnd_min>34 cwnd_max>35 throughput_kbps>10797.972 goodput_kbps>10858.363 retrans>0 total_retrans>0 bytes_acked>71467489
05:35:13.341763 TCPINFO flow>3 window>0.100 samples>86 rtt_avg_us>32667 rtt_min_us>32575 rtt_max_us>33270 cwnd>28 cwnd_min>28 cwnd_max>30 throughput_kbps>8719.977 goodput_kbps>8888.161 retrans>0 total_retrans>0 bytes_acked>34610649
05:35:13.346296 TCPINFO flow>2 window>0.139 samples>178 rtt_avg_us>32842 rtt_min_us>32629 rtt_max_us>33072 cwnd>25 cwnd_min>25 cwnd_max>28 throughput_kbps>7949.889 goodput_kbps>8125.651 retrans>0 total_retrans>0 bytes_acked>53351761
05:35:13.346360 TCPINFO flow>12 window>0.100 samples>39 rtt_avg_us>32829 rtt_min_us>32803 rtt_max_us>33259 cwnd>29 cwnd_min>29 cwnd_max>30 throughput_kbps>9359.082 goodput_kbps>9634.161 retrans>0 total_retrans>0 bytes_acked>2391425
05:35:13.446224 TCPINFO flow>3 window>0.104 samples>82 rtt_avg_us>33182 rtt_min_us>32921 rtt_max_us>33270 cwnd>28 cwnd_min>28 cwnd_max>28 throughput_kbps>8964.571 goodput_kbps>8905.754 retrans>0 total_retrans>0 bytes_acked>34726937
05:35:13.446299 TCPINFO flow>2 window>0.100 samples>2 rtt_avg_us>33168 rtt_min_us>33072 rtt_max_us>33263 cwnd>25 cwnd_min>25 cwnd_max>25 throughput_kbps>7695.129 goodput_kbps>7802.006 retrans>0 total_retrans>0 bytes_acked>53449289
05:35:13.446699 TCPINFO flow>1 window>0.200 samples>179 rtt_avg_us>32761 rtt_min_us>32576 rtt_max_us>33444 cwnd>30 cwnd_min>30 cwnd_max>34 throughput_kbps>9530.369 goodput_kbps>9869.243 retrans>0 total_retrans>0 bytes_acked>71714225
05:35:13.494933 TCPINFO flow>12 window>0.149 samples>118 rtt_avg_us>32915 rtt_min_us>32693 rtt_max_us>33192 cwnd>30 cwnd_min>29 cwnd_max>31 throughput_kbps>9495.776 goodput_kbps>9382.485 retrans>0 total_retrans>0 bytes_acked>2565673
05:35:13.546247 TCPINFO flow>3 window>0.100 samples>69 rtt_avg_us>32888 rtt_min_us>32782 rtt_max_us>33687 cwnd>27 cwnd_min>27 cwnd_max>28 throughput_kbps>8548.434 goodput_kbps>8548.434 retrans>0 total_retrans>0 bytes_acked>34833817
05:35:13.546300 TCPINFO flow>2 window>0.100 samples>178 rtt_avg_us>33039 rtt_min_us>32958 rtt_max_us>33588 cwnd>23 cwnd_min>23 cwnd_max>25 throughput_kbps>7481.525 goodput_kbps>7267.767 retrans>0 total_retrans>0 bytes_acked>53540137
05:35:13.632983 TCPINFO flow>12 window>0.138 samples>117 rtt_avg_us>32634 rtt_min_us>32548 rtt_max_us>32966 cwnd>31 cwnd_min>29 cwnd_max>31 throughput_kbps>9522.811 goodput_kbps>9677.653 retrans>0 total_retrans>0 bytes_acked>2732673
05:35:13.646693 TCPINFO flow>1 window>0.200 samples>179 rtt_avg_us>33440 rtt_min_us>32698 rtt_max_us>33852 cwnd>28 cwnd_min>27 cwnd_max>30 throughput_kbps>8651.140 goodput_kbps>8544.256 retrans>0 total_retrans>0 bytes_acked>71927825
05:35:13.699029 TCPINFO flow>3 window>0.153 samples>113 rtt_avg_us>33416 rtt_min_us>33107 rtt_max_us>33687 cwnd>28 cwnd_min>27 cwnd_max>28 throughput_kbps>8534.618 goodput_kbps>8534.618 retrans>0 total_retrans>0 bytes_acked>34996809
05:35:13.734408 TCPINFO flow>2 window>0.188 samples>3 rtt_avg_us>33386 rtt_min_us>33283 rtt_max_us>33588 cwnd>25 cwnd_min>23 cwnd_max>25 throughput_kbps>7556.850 goodput_kbps>7613.669 retrans>0 total_retrans>0 bytes_acked>53719161
05:35:13.746321 TCPINFO flow>12 window>0.113 samples>105 rtt_avg_us>32828 rtt_min_us>32591 rtt_max_us>32966 cwnd>30 cwnd_min>30 cwnd_max>31 throughput_kbps>9430.200 goodput_kbps>9052.992 retrans>0 total_retrans>0 bytes_acked>2860929
05:35:13.769888 TCPINFO flow>1 window>0.123 samples>3 rtt_avg_us>33229 rtt_min_us>32698 rtt_max_us>33853 cwnd>26 cwnd_min>26 cwnd_max>28 throughput_kbps>8415.406 goodput_kbps>8762.434 retrans>0 total_retrans>0 bytes_acked>72062761
05:35:13.846223 TCPINFO flow>3 window>0.147 samples>122 rtt_avg_us>32968 rtt_min_us>32836 rtt_max_us>33107 cwnd>26 cwnd_min>26 cwnd_max>28 throughput_kbps>8495.564 goodput_kbps>8568.175 retrans>0 total_retrans>0 bytes_acked>35154457
05:35:13.846290 TCPINFO flow>2 window>0.112 samples>134 rtt_avg_us>33249 rtt_min_us>33137 rtt_max_us>33353 cwnd>25 cwnd_min>25 cwnd_max>26 throughput_kbps>8024.454 goodput_kbps>7737.867 retrans>0 total_retrans>0 bytes_acked>53827377
05:35:13.873261 TCPINFO flow>12 window>0.127 samples>85 rtt_avg_us>33180 rtt_min_us>32765 rtt_max_us>33511 cwnd>30 cwnd_min>29 cwnd_max>30 throughput_kbps>9216.323 goodput_kbps>9440.176 retrans>0 total_retrans>0 bytes_acked>3010721
05:35:13.946228 TCPINFO flow>3 window>0.100 samples>89 rtt_avg_us>32956 rtt_min_us>32933 rtt_max_us>33141 cwnd>27 cwnd_min>26 cwnd_max>27 throughput_kbps>8597.330 goodput_kbps>8560.852 retrans>0 total_retrans>0 bytes_acked>35261473
05:35:13.946694 TCPINFO flow>1 window>0.177 samples>196 rtt_avg_us>33277 rtt_min_us>33012 rtt_max_us>33853 cwnd>25 cwnd_min>25 cwnd_max>26 throughput_kbps>8100.359 goodput_kbps>8039.908 retrans>0 total_retrans>0 bytes_acked>72240449
05:35:14.008532 TCPINFO flow>12 window>0.135 samples>113 rtt_avg_us>32906 rtt_min_us>32819 rtt_max_us>33021 cwnd>30 cwnd_min>30 cwnd_max>30 throughput_kbps>9597.800 goodput_kbps>9508.379 retrans>0 total_retrans>0 bytes_acked>3171497
05:35:14.046283 TCPINFO flow>2 window>0.200 samples>148 rtt_avg_us>32961 rtt_min_us>32817 rtt_max_us>33238 cwnd>26 cwnd_min>25 cwnd_max>26 throughput_kbps>8016.281 goodput_kbps>8069.722 retrans>0 total_retrans>0 bytes_acked>54029113
05:35:14.046701 TCPINFO flow>1 window>0.100 samples>5 rtt_avg_us>33118 rtt_min_us>33032 rtt_max_us>33140 cwnd>26 cwnd_min>25 cwnd_max>26 throughput_kbps>8122.311 goodput_kbps>8229.184 retrans>0 total_retrans>0 bytes_acked>72343321
05:35:14.104101 TCPINFO flow>3 window>0.158 samples>91 rtt_avg_us>32780 rtt_min_us>32721 rtt_max_us>33141 cwnd>27 cwnd_min>26 cwnd_max>27 throughput_kbps>8394.798 goodput_kbps>8417.906 retrans>0 total_retrans>0 bytes_acked>35427593
05:35:14.146290 TCPINFO flow>2 window>0.100 samples>87 rtt_avg_us>32606 rtt_min_us>32555 rtt_max_us>32991 cwnd>27 cwnd_min>26 cwnd_max>27 throughput_kbps>8336.056 goodput_kbps>8229.184 retrans>0 total_retrans>0 bytes_acked>54131985
05:35:14.146312 TCPINFO flow>12 window>0.138 samples>117 rtt_avg_us>32843 rtt_min_us>32579 rtt_max_us>33046 cwnd>32 cwnd_min>30 cwnd_max>32 throughput_kbps>9774.191 goodput_kbps>9500.595 retrans>0 total_retrans>0 bytes_acked>3335121
05:35:14.220929 TCPINFO flow>3 window>0.117 samples>90 rtt_avg_us>32743 rtt_min_us>32706 rtt_max_us>33170 cwnd>28 cwnd_min>27 cwnd_max>28 throughput_kbps>8874.037 goodput_kbps>8782.552 retrans>0 total_retrans>0 bytes_acked>35555849
05:35:14.246315 TCPINFO flow>12 window>0.100 samples>131 rtt_avg_us>32767 rtt_min_us>32550 rtt_max_us>32832 cwnd>33 cwnd_min>31 cwnd_max>33 throughput_kbps>9975.381 goodput_kbps>10296.011 retrans>0 total_retrans>0 bytes_acked>3463825
05:35:14.246684 TCPINFO flow>1 window>0.200 samples>176 rtt_avg_us>33176 rtt_min_us>32970 rtt_max_us>33472 cwnd>26 cwnd_min>25 cwnd_max>26 throughput_kbps>8116.850 goodput_kbps>8063.405 retrans>0 total_retrans>0 bytes_acked>72544889
05:35:14.337453 TCPINFO flow>3 window>0.117 samples>89 rtt_avg_us>32768 rtt_min_us>32652 rtt_max_us>33329 cwnd>27 cwnd_min>27 cwnd_max>29 throughput_kbps>8622.018 goodput_kbps>8713.741 retrans>0 total_retrans>0 bytes_acked>35682769
05:35:14.338566 TCPINFO flow>2 window>0.192 samples>59 rtt_avg_us>32847 rtt_min_us>32726 rtt_max_us>33639 cwnd>26 cwnd_min>26 cwnd_max>27 throughput_kbps>8338.014 goodput_kbps>8393.601 retrans>0 total_retrans>0 bytes_acked>54333721
05:35:14.346318 TCPINFO flow>12 window>0.100 samples>52 rtt_avg_us>32522 rtt_min_us>32518 rtt_max_us>32688 cwnd>32 cwnd_min>32 cwnd_max>33 throughput_kbps>9618.911 goodput_kbps>9725.788 retrans>0 total_retrans>0 bytes_acked>3585401
05:35:14.346693 TCPINFO flow>1 window>0.100 samples>178 rtt_avg_us>33038 rtt_min_us>32913 rtt_max_us>33244 cwnd>24 cwnd_min>24 cwnd_max>26 throughput_kbps>7374.056 goodput_kbps>7908.408 retrans>0 total_retrans>0 bytes_acked>72643753
05:35:14.441134 TCPINFO flow>3 window>0.104 samples>77 rtt_avg_us>33102 rtt_min_us>32610 rtt_max_us>33375 cwnd>27 cwnd_min>27 cwnd_max>28 throughput_kbps>8659.176 goodput_kbps>8659.176 retrans>0 total_retrans>0 bytes_acked>35794993
05:35:14.446287 TCPINFO flow>2 window>0.108 samples>139 rtt_avg_us>33287 rtt_min_us>32949 rtt_max_us>33639 cwnd>26 cwnd_min>26 cwnd_max>26 throughput_kbps>7993.390 goodput_kbps>8036.762 retrans>0 total_retrans>0 bytes_acked>54441937
05:35:14.446695 TCPINFO flow>1 window>0.100 samples>2 rtt_avg_us>33138 rtt_min_us>33035 rtt_max_us>33241 cwnd>23 cwnd_min>23 cwnd_max>24 throughput_kbps>7160.817 goodput_kbps>7160.817 retrans>0 total_retrans>0 bytes_acked>72733265
05:35:14.490730 TCPINFO flow>12 window>0.144 samples>111 rtt_avg_us>32901 rtt_min_us>32531 rtt_max_us>33003 cwnd>33 cwnd_min>31 cwnd_max>33 throughput_kbps>10139.434 goodput_kbps>9843.393 retrans>0 total_retrans>0 bytes_acked>3763089
05:35:14.546218 TCPINFO flow>3 window>0.105 samples>89 rtt_avg_us>32612 rtt_min_us>32603 rtt_max_us>32808 cwnd>28 cwnd_min>27 cwnd_max>28 throughput_kbps>8752.465 goodput_kbps>8514.331 retrans>0 total_retrans>0 bytes_acked>35906833
05:35:14.546300 TCPINFO flow>2 window>0.100 samples>39 rtt_avg_us>33416 rtt_min_us>32949 rtt_max_us>33460 cwnd>26 cwnd_min>26 cwnd_max>26 throughput_kbps>7944.567 goodput_kbps>7684.121 retrans>0 total_retrans>0 bytes_acked>54538001
05:35:14.579841 TCPINFO flow>1 window>0.133 samples>3 rtt_avg_us>33041 rtt_min_us>32890 rtt_max_us>33199 cwnd>22 cwnd_min>22 cwnd_max>23 throughput_kbps>7144.278 goodput_kbps>7144.278 retrans>0 total_retrans>0 bytes_acked>72852169
05:35:14.646316 TCPINFO flow>12 window>0.156 samples>149 rtt_avg_us>32660 rtt_min_us>32459 rtt_max_us>32875 cwnd>33 cwnd_min>32 cwnd_max>33 throughput_kbps>10437.546 goodput_kbps>10414.099 retrans>0 total_retrans>0 bytes_acked>3965625
05:35:14.663549 TCPINFO flow>3 window>0.117 samples>79 rtt_avg_us>32853 rtt_min_us>32734 rtt_max_us>33170 cwnd>30 cwnd_min>28 cwnd_max>30 throughput_kbps>8898.177 goodput_kbps>8747.083 retrans>0 total_retrans>0 bytes_acked>36035121
05:35:14.746292 TCPINFO flow>2 window>0.200 samples>142 rtt_avg_us>33255 rtt_min_us>32822 rtt_max_us>33516 cwnd>29 cwnd_min>26 cwnd_max>29 throughput_kbps>8662.747 goodput_kbps>8537.622 retrans>0 total_retrans>0 bytes_acked>54751433
05:35:14.746693 TCPINFO flow>1 window>0.167 samples>178 rtt_avg_us>33310 rtt_min_us>33020 rtt_max_us>33841 cwnd>25 cwnd_min>22 cwnd_max>25 throughput_kbps>7366.528 goodput_kbps>7174.358 retrans>0 total_retrans>0 bytes_acked>73001801
05:35:14.768984 TCPINFO flow>3 window>0.105 samples>89 rtt_avg_us>33050 rtt_min_us>32805 rtt_max_us>33594 cwnd>29 cwnd_min>29 cwnd_max>30 throughput_kbps>9468.734 goodput_kbps>9630.199 retrans>0 total_retrans>0 bytes_acked>36162041
05:35:14.788183 TCPINFO flow>12 window>0.142 samples>132 rtt_avg_us>32885 rtt_min_us>32465 rtt_max_us>33362 cwnd>34 cwnd_min>33 cwnd_max>35 throughput_kbps>10773.358 goodput_kbps>10874.411 retrans>0 total_retrans>0 bytes_acked>4158465
05:35:14.860612 TCPINFO flow>1 window>0.114 samples>3 rtt_avg_us>33282 rtt_min_us>33040 rtt_max_us>33471 cwnd>24 cwnd_min>24 cwnd_max>25 throughput_kbps>7505.684 goodput_kbps>7693.326 retrans>0 total_retrans>0 bytes_acked>73111353
05:35:14.882799 TCPINFO flow>3 window>0.114 samples>90 rtt_avg_us>33444 rtt_min_us>32752 rtt_max_us>33594 cwnd>29 cwnd_min>28 cwnd_max>29 throughput_kbps>9054.975 goodput_kbps>8999.306 retrans>0 total_retrans>0 bytes_acked>36290073
05:35:14.891072 TCPINFO flow>12 window>0.103 samples>93 rtt_avg_us>32739 rtt_min_us>32616 rtt_max_us>33009 cwnd>33 cwnd_min>33 cwnd_max>34 throughput_kbps>10261.000 goodput_kbps>10433.302 retrans>0 total_retrans>0 bytes_acked>4292649
05:35:14.946293 TCPINFO flow>2 window>0.200 samples>172 rtt_avg_us>32772 rtt_min_us>32624 rtt_max_us>33206 cwnd>29 cwnd_min>28 cwnd_max>29 throughput_kbps>8977.875 goodput_kbps>9049.555 retrans>0 total_retrans>0 bytes_acked>54977673
05:35:14.993726 TCPINFO flow>3 window>0.111 samples>89 rtt_avg_us>32955 rtt_min_us>32583 rtt_max_us>33179 cwnd>27 cwnd_min>27 cwnd_max>30 throughput_kbps>8864.352 goodput_kbps>9057.056 retrans>0 total_retrans>0 bytes_acked>36415657
05:35:15.030984 TCPINFO flow>12 window>0.140 samples>126 rtt_avg_us>32836 rtt_min_us>32600 rtt_max_us>33121 cwnd>31 cwnd_min>31 cwnd_max>33 throughput_kbps>10312.768 goodput_kbps>10415.232 retrans>0 total_retrans>0 bytes_acked>4474801
05:35:15.046684 TCPINFO flow>1 window>0.186 samples>178 rtt_avg_us>33263 rtt_min_us>33040 rtt_max_us>33686 cwnd>21 cwnd_min>21 cwnd_max>24 throughput_kbps>7122.576 goodput_kbps>7237.456 retrans>0 total_retrans>0 bytes_acked>73279689
05:35:15.097820 TCPINFO flow>3 window>0.104 samples>79 rtt_avg_us>33032 rtt_min_us>32876 rtt_max_us>33174 cwnd>25 cwnd_min>25 cwnd_max>27 throughput_kbps>8214.114 goodput_kbps>8522.143 retrans>0 total_retrans>0 bytes_acked>36526545
05:35:15.146293 TCPINFO flow>2 window>0.200 samples>165 rtt_avg_us>32754 rtt_min_us>32676 rtt_max_us>33206 cwnd>26 cwnd_min>26 cwnd_max>29 throughput_kbps>8710.720 goodput_kbps>8764.160 retrans>0 total_retrans>0 bytes_acked>55196777
05:35:15.146325 TCPINFO flow>12 window>0.115 samples>135 rtt_avg_us>32879 rtt_min_us>32712 rtt_max_us>33248 cwnd>28 cwnd_min>28 cwnd_max>31 throughput_kbps>8895.779 goodput_kbps>8895.779 retrans>0 total_retrans>0 bytes_acked>4603057
05:35:15.146689 TCPINFO flow>1 window>0.100 samples>51 rtt_avg_us>33489 rtt_min_us>33485 rtt_max_us>33686 cwnd>21 cwnd_min>21 cwnd_max>21 throughput_kbps>6519.354 goodput_kbps>6519.354 retrans>0 total_retrans>0 bytes_acked>73361185
05:35:15.217875 TCPINFO flow>3 window>0.120 samples>77 rtt_avg_us>32816 rtt_min_us>32765 rtt_max_us>33551 cwnd>24 cwnd_min>24 cwnd_max>25 throughput_kbps>7477.106 goodput_kbps>7439.257 retrans>0 total_retrans>0 bytes_acked>36638185
05:35:15.246694 TCPINFO flow>1 window>0.100 samples>129 rtt_avg_us>33693 rtt_min_us>33373 rtt_max_us>33951 cwnd>19 cwnd_min>19 cwnd_max>21 throughput_kbps>5878.106 goodput_kbps>6198.730 retrans>0 total_retrans>0 bytes_acked>73438673
05:35:15.274594 TCPINFO flow>12 window>0.128 samples>55 rtt_avg_us>32859 rtt_min_us>32767 rtt_max_us>33248 cwnd>24 cwnd_min>24 cwnd_max>28 throughput_kbps>8155.860 goodput_kbps>8655.809 retrans>0 total_retrans>0 bytes_acked>4741841
05:35:15.339444 TCPINFO flow>3 window>0.122 samples>84 rtt_avg_us>33261 rtt_min_us>32999 rtt_max_us>33551 cwnd>25 cwnd_min>24 cwnd_max>25 throughput_kbps>7716.178 goodput_kbps>7929.390 retrans>0 total_retrans>0 bytes_acked>36758681
05:35:15.346288 TCPINFO flow>2 window>0.200 samples>174 rtt_avg_us>32990 rtt_min_us>32739 rtt_max_us>33361 cwnd>23 cwnd_min>23 cwnd_max>26 throughput_kbps>7378.104 goodput_kbps>7569.149 retrans>0 total_retrans>0 bytes_acked>55386001
05:35:15.431342 TCPINFO flow>12 window>0.157 samples>100 rtt_avg_us>33283 rtt_min_us>32865 rtt_max_us>33496 cwnd>24 cwnd_min>23 cwnd_max>24 throughput_kbps>7364.075 goodput_kbps>7364.075 retrans>0 total_retrans>0 bytes_acked>4886129
05:35:15.446219 TCPINFO flow>3 window>0.107 samples>89 rtt_avg_us>32926 rtt_min_us>32819 rtt_max_us>32999 cwnd>25 cwnd_min>25 cwnd_max>25 throughput_kbps>7663.816 goodput_kbps>7386.898 retrans>0 total_retrans>0 bytes_acked>36857273
05:35:15.446294 TCPINFO flow>2 window>0.100 samples>2 rtt_avg_us>33036 rtt_min_us>32909 rtt_max_us>33163 cwnd>22 cwnd_min>22 cwnd_max>23 throughput_kbps>6680.559 goodput_kbps>6851.429 retrans>0 total_retrans>0 bytes_acked>55471649
05:35:15.446706 TCPINFO flow>1 window>0.200 samples>3 rtt_avg_us>33375 rtt_min_us>33309 rtt_max_us>33443 cwnd>19 cwnd_min>18 cwnd_max>19 throughput_kbps>5824.611 goodput_kbps>5717.737 retrans>0 total_retrans>0 bytes_acked>73581625
05:35:15.546316 TCPINFO flow>12 window>0.115 samples>99 rtt_avg_us>33518 rtt_min_us>32865 rtt_max_us>34241 cwnd>24 cwnd_min>22 cwnd_max>24 throughput_kbps>6693.131 goodput_kbps>6693.131 retrans>0 total_retrans>0 bytes_acked>4982321
05:35:15.613868 TCPINFO flow>3 window>0.168 samples>91 rtt_avg_us>35083 rtt_min_us>32885 rtt_max_us>35385 cwnd>25 cwnd_min>24 cwnd_max>26 throughput_kbps>7252.868 goodput_kbps>7365.484 retrans>0 total_retrans>0 bytes_acked>37011625
05:35:15.646292 TCPINFO flow>2 window>0.200 samples>136 rtt_avg_us>33968 rtt_min_us>33163 rtt_max_us>34235 cwnd>23 cwnd_min>21 cwnd_max>23 throughput_kbps>6813.508 goodput_kbps>6777.668 retrans>0 total_retrans>0 bytes_acked>55641089
05:35:15.646683 TCPINFO flow>1 window>0.200 samples>177 rtt_avg_us>34282 rtt_min_us>33309 rtt_max_us>34590 cwnd>21 cwnd_min>18 cwnd_max>21 throughput_kbps>5879.076 goodput_kbps>5718.738 retrans>0 total_retrans>0 bytes_acked>73724577
05:35:15.672658 TCPINFO flow>12 window>0.126 samples>53 rtt_avg_us>33167 rtt_min_us>32826 rtt_max_us>33494 cwnd>26 cwnd_min>24 cwnd_max>26 throughput_kbps>7782.812 goodput_kbps>7698.216 retrans>0 total_retrans>0 bytes_acked>5103897
05:35:15.740475 TCPINFO flow>3 window>0.127 samples>89 rtt_avg_us>33348 rtt_min_us>32839 rtt_max_us>33472 cwnd>27 cwnd_min>25 cwnd_max>27 throughput_kbps>8357.453 goodput_kbps>8188.615 retrans>0 total_retrans>0 bytes_acked>37141217
05:35:15.746694 TCPINFO flow>1 window>0.100 samples>2 rtt_avg_us>33149 rtt_min_us>32823 rtt_max_us>33475 cwnd>22 cwnd_min>21 cwnd_max>22 throughput_kbps>6839.568 goodput_kbps>6946.436 retrans>0 total_retrans>0 bytes_acked>73811417
05:35:15.824636 TCPINFO flow>12 window>0.152 samples>106 rtt_avg_us>33081 rtt_min_us>32826 rtt_max_us>33407 cwnd>26 cwnd_min>26 cwnd_max>27 throughput_kbps>8228.138 goodput_kbps>8157.812 retrans>0 total_retrans>0 bytes_acked>5258873
05:35:15.846219 TCPINFO flow>3 window>0.106 samples>107 rtt_avg_us>32807 rtt_min_us>32693 rtt_max_us>32989 cwnd>27 cwnd_min>27 cwnd_max>27 throughput_kbps>8389.166 goodput_kbps>8187.018 retrans>0 total_retrans>0 bytes_acked>37249433
05:35:15.846290 TCPINFO flow>2 window>0.200 samples>150 rtt_avg_us>33343 rtt_min_us>33047 rtt_max_us>33540 cwnd>23 cwnd_min>23 cwnd_max>23 throughput_kbps>7059.911 goodput_kbps>7033.030 retrans>0 total_retrans>0 bytes_acked>55816913
05:35:15.946292 TCPINFO flow>2 window>0.100 samples>2 rtt_avg_us>32993 rtt_min_us>32768 rtt_max_us>33218 cwnd>24 cwnd_min>23 cwnd_max>24 throughput_kbps>7505.770 goodput_kbps>7576.168 retrans>0 total_retrans>0 bytes_acked>55911617
05:35:15.946314 TCPINFO flow>12 window>0.122 samples>108 rtt_avg_us>32841 rtt_min_us>32679 rtt_max_us>32982 cwnd>27 cwnd_min>26 cwnd_max>27 throughput_kbps>8256.809 goodput_kbps>8081.132 retrans>0 total_retrans>0 bytes_acked>5381785
05:35:15.946693 TCPINFO flow>1 window>0.200 samples>179 rtt_avg_us>32982 rtt_min_us>32685 rtt_max_us>33318 cwnd>21 cwnd_min>21 cwnd_max>22 throughput_kbps>6626.593 goodput_kbps>6626.593 retrans>0 total_retrans>0 bytes_acked>73977081
05:35:16.008932 TCPINFO flow>3 window>0.163 samples>91 rtt_avg_us>32744 rtt_min_us>32639 rtt_max_us>33308 cwnd>28 cwnd_min>27 cwnd_max>28 throughput_kbps>8718.172 goodput_kbps>8652.486 retrans>0 total_retrans>0 bytes_acked>37425417
05:35:16.046292 TCPINFO flow>2 window>0.100 samples>150 rtt_avg_us>32710 rtt_min_us>32623 rtt_max_us>33120 cwnd>24 cwnd_min>24 cwnd_max>25 throughput_kbps>7582.080 goodput_kbps>7431.680 retrans>0 total_retrans>0 bytes_acked>56004513
05:35:16.046315 TCPINFO flow>12 window>0.100 samples>56 rtt_avg_us>32930 rtt_min_us>32679 rtt_max_us>33169 cwnd>27 cwnd_min>27 cwnd_max>27 throughput_kbps>8443.436 goodput_kbps>8443.436 retrans>0 total_retrans>0 bytes_acked>5487329
05:35:16.122365 TCPINFO flow>3 window>0.113 samples>89 rtt_avg_us>32950 rtt_min_us>32661 rtt_max_us>33308 cwnd>28 cwnd_min>27 cwnd_max>28 throughput_kbps>8951.187 goodput_kbps>9045.410 retrans>0 total_retrans>0 bytes_acked>37553673
05:35:16.132656 TCPINFO flow>1 window>0.186 samples>3 rtt_avg_us>33341 rtt_min_us>33140 rtt_max_us>33695 cwnd>22 cwnd_min>21 cwnd_max>22 throughput_kbps>6546.507 goodput_kbps>6699.311 retrans>0 total_retrans>0 bytes_acked>74132809
05:35:16.146316 TCPINFO flow>12 window>0.100 samples>97 rtt_avg_us>32792 rtt_min_us>32613 rtt_max_us>33169 cwnd>27 cwnd_min>27 cwnd_max>28 throughput_kbps>8870.951 goodput_kbps>8764.072 retrans>0 total_retrans>0 bytes_acked>5596881
05:35:16.191681 TCPINFO flow>2 window>0.145 samples>3 rtt_avg_us>32846 rtt_min_us>32570 rtt_max_us>33120 cwnd>25 cwnd_min>24 cwnd_max>25 throughput_kbps>7677.940 goodput_kbps>7659.452 retrans>0 total_retrans>0 bytes_acked>56143713
05:35:16.226896 TCPINFO flow>3 window>0.105 samples>81 rtt_avg_us>32665 rtt_min_us>32453 rtt_max_us>32915 cwnd>28 cwnd_min>28 cwnd_max>28 throughput_kbps>8691.010 goodput_kbps>8793.258 retrans>0 total_retrans>0 bytes_acked>37668569
05:35:16.246318 TCPINFO flow>12 window>0.100 samples>96 rtt_avg_us>32494 rtt_min_us>32438 rtt_max_us>32696 cwnd>28 cwnd_min>27 cwnd_max>28 throughput_kbps>8739.665 goodput_kbps>8916.942 retrans>0 total_retrans>0 bytes_acked>5708345
05:35:16.246693 TCPINFO flow>1 window>0.114 samples>178 rtt_avg_us>33374 rtt_min_us>32757 rtt_max_us>33695 cwnd>23 cwnd_min>22 cwnd_max>23 throughput_kbps>7133.123 goodput_kbps>6602.769 retrans>0 total_retrans>0 bytes_acked>74226929
05:35:16.343687 TCPINFO flow>3 window>0.117 samples>89 rtt_avg_us>32758 rtt_min_us>32713 rtt_max_us>33246 cwnd>29 cwnd_min>28 cwnd_max>29 throughput_kbps>8715.192 goodput_kbps>8715.192 retrans>0 total_retrans>0 bytes_acked>37795801
05:35:16.346287 TCPINFO flow>2 window>0.155 samples>178 rtt_avg_us>32662 rtt_min_us>32570 rtt_max_us>33289 cwnd>24 cwnd_min>24 cwnd_max>25 throughput_kbps>7632.511 goodput_kbps>7701.642 retrans>0 total_retrans>0 bytes_acked>56292553
05:35:16.346695 TCPINFO flow>1 window>0.100 samples>2 rtt_avg_us>32818 rtt_min_us>32757 rtt_max_us>32880 cwnd>23 cwnd_min>23 cwnd_max>23 throughput_kbps>7053.939 goodput_kbps>7374.573 retrans>0 total_retrans>0 bytes_acked>74319113
05:35:16.388785 TCPINFO flow>12 window>0.142 samples>57 rtt_avg_us>32852 rtt_min_us>32440 rtt_max_us>33134 cwnd>27 cwnd_min>26 cwnd_max>28 throughput_kbps>8402.339 goodput_kbps>8277.903 retrans>0 total_retrans>0 bytes_acked>5855761
05:35:16.446219 TCPINFO flow>3 window>0.103 samples>90 rtt_avg_us>33159 rtt_min_us>32459 rtt_max_us>33246 cwnd>29 cwnd_min>29 cwnd_max>29 throughput_kbps>9381.656 goodput_kbps>9068.935 retrans>0 total_retrans>0 bytes_acked>37912033
05:35:16.446295 TCPINFO flow>2 window>0.100 samples>2 rtt_avg_us>33057 rtt_min_us>32825 rtt_max_us>33289 cwnd>25 cwnd_min>24 cwnd_max>25 throughput_kbps>7908.487 goodput_kbps>7801.616 retrans>0 total_retrans>0 bytes_acked>56390081
05:35:16.526067 TCPINFO flow>12 window>0.137 samples>101 rtt_avg_us>32837 rtt_min_us>32625 rtt_max_us>33309 cwnd>26 cwnd_min>26 cwnd_max>27 throughput_kbps>8330.415 goodput_kbps>8486.123 retrans>0 total_retrans>0 bytes_acked>6001385
05:35:16.546692 TCPINFO flow>1 window>0.200 samples>156 rtt_avg_us>33310 rtt_min_us>32867 rtt_max_us>33703 cwnd>23 cwnd_min>23 cwnd_max>24 throughput_kbps>7428.271 goodput_kbps>7321.390 retrans>0 total_retrans>0 bytes_acked>74502145
05:35:16.563971 TCPINFO flow>3 window>0.118 samples>84 rtt_avg_us>32584 rtt_min_us>32459 rtt_max_us>33356 cwnd>29 cwnd_min>28 cwnd_max>29 throughput_kbps>8985.937 goodput_kbps>9167.471 retrans>0 total_retrans>0 bytes_acked>38046969
05:35:16.646291 TCPINFO flow>2 window>0.200 samples>141 rtt_avg_us>32905 rtt_min_us>32619 rtt_max_us>33281 cwnd>23 cwnd_min>23 cwnd_max>25 throughput_kbps>7454.549 goodput_kbps>7454.549 retrans>0 total_retrans>0 bytes_acked>56576441
05:35:16.646313 TCPINFO flow>12 window>0.120 samples>95 rtt_avg_us>32915 rtt_min_us>32452 rtt_max_us>33453 cwnd>25 cwnd_min>25 cwnd_max>27 throughput_kbps>8188.547 goodput_kbps>8188.547 retrans>0 total_retrans>0 bytes_acked>6124465
05:35:16.646708 TCPINFO flow>1 window>0.100 samples>2 rtt_avg_us>32832 rtt_min_us>32798 rtt_max_us>32867 cwnd>23 cwnd_min>23 cwnd_max>23 throughput_kbps>6946.089 goodput_kbps>7052.952 retrans>0 total_retrans>0 bytes_acked>74590321
05:35:16.670432 TCPINFO flow>3 window>0.106 samples>89 rtt_avg_us>33182 rtt_min_us>32545 rtt_max_us>33356 cwnd>28 cwnd_min>28 cwnd_max>29 throughput_kbps>9135.815 goodput_kbps>9274.082 retrans>0 total_retrans>0 bytes_acked>38170385
05:35:16.746294 TCPINFO flow>2 window>0.100 samples>141 rtt_avg_us>32963 rtt_min_us>32894 rtt_max_us>33420 cwnd>23 cwnd_min>23 cwnd_max>23 throughput_kbps>7374.499 goodput_kbps>7374.499 retrans>0 total_retrans>0 bytes_acked>56668625
05:35:16.806593 TCPINFO flow>12 window>0.160 samples>104 rtt_avg_us>32827 rtt_min_us>32267 rtt_max_us>33499 cwnd>23 cwnd_min>23 cwnd_max>26 throughput_kbps>7535.213 goodput_kbps>7935.313 retrans>0 total_retrans>0 bytes_acked>6283449
05:35:16.824878 TCPINFO flow>3 window>0.154 samples>112 rtt_avg_us>32242 rtt_min_us>32082 rtt_max_us>32925 cwnd>24 cwnd_min>24 cwnd_max>29 throughput_kbps>8055.217 goodput_kbps>8305.919 retrans>0 total_retrans>0 bytes_acked>38330737
05:35:16.846692 TCPINFO flow>1 window>0.200 samples>3 rtt_avg_us>32908 rtt_min_us>32798 rtt_max_us>33055 cwnd>20 cwnd_min>20 cwnd_max>23 throughput_kbps>6520.202 goodput_kbps>6680.534 retrans>0 total_retrans>0 bytes_acked>74757321
05:35:16.905739 TCPINFO flow>2 window>0.159 samples>3 rtt_avg_us>32759 rtt_min_us>32401 rtt_max_us>32983 cwnd>19 cwnd_min>19 cwnd_max>23 throughput_kbps>6347.618 goodput_kbps>6665.521 retrans>0 total_retrans>0 bytes_acked>56801473
05:35:16.946219 TCPINFO flow>3 window>0.121 samples>89 rtt_avg_us>32952 rtt_min_us>32611 rtt_max_us>33366 cwnd>23 cwnd_min>23 cwnd_max>25 throughput_kbps>7398.390 goodput_kbps>7272.859 retrans>0 total_retrans>0 bytes_acked>38441049
05:35:16.946317 TCPINFO flow>12 window>0.140 samples>93 rtt_avg_us>32778 rtt_min_us>32326 rtt_max_us>33247 cwnd>21 cwnd_min>21 cwnd_max>23 throughput_kbps>6807.936 goodput_kbps>6731.442 retrans>0 total_retrans>0 bytes_acked>6401017
05:35:16.946695 TCPINFO flow>1 window>0.100 samples>2 rtt_avg_us>32969 rtt_min_us>32883 rtt_max_us>33055 cwnd>18 cwnd_min>18 cwnd_max>20 throughput_kbps>5664.470 goodput_kbps>5878.224 retrans>0 total_retrans>0 bytes_acked>74830801
05:35:17.046219 TCPINFO flow>3 window>0.100 samples>104 rtt_avg_us>33267 rtt_min_us>32706 rtt_max_us>33360 cwnd>21 cwnd_min>21 cwnd_max>23 throughput_kbps>6626.560 goodput_kbps>6992.640 retrans>0 total_retrans>0 bytes_acked>38528457
05:35:17.046291 TCPINFO flow>2 window>0.141 samples>178 rtt_avg_us>32701 rtt_min_us>32206 rtt_max_us>32983 cwnd>18 cwnd_min>18 cwnd_max>20 throughput_kbps>5863.510 goodput_kbps>5883.090 retrans>0 total_retrans>0 bytes_acked>56904833
05:35:17.046317 TCPINFO flow>12 window>0.100 samples>51 rtt_avg_us>33452 rtt_min_us>32848 rtt_max_us>33523 cwnd>18 cwnd_min>18 cwnd_max>21 throughput_kbps>5771.520 goodput_kbps>6092.160 retrans>0 total_retrans>0 bytes_acked>6477169
05:35:17.146284 TCPINFO flow>3 window>0.100 samples>73 rtt_avg_us>33269 rtt_min_us>32706 rtt_max_us>33332 cwnd>20 cwnd_min>20 cwnd_max>21 throughput_kbps>6408.634 goodput_kbps>6408.634 retrans>0 total_retrans>0 bytes_acked>38608617
05:35:17.146293 TCPINFO flow>2 window>0.100 samples>2 rtt_avg_us>32948 rtt_min_us>32913 rtt_max_us>32982 cwnd>18 cwnd_min>18 cwnd_max>18 throughput_kbps>5771.405 goodput_kbps>5771.405 retrans>0 total_retrans>0 bytes_acked>56976977
05:35:17.146694 TCPINFO flow>1 window>0.200 samples>3 rtt_avg_us>33693 rtt_min_us>32883 rtt_max_us>34330 cwnd>16 cwnd_min>16 cwnd_max>18 throughput_kbps>4969.945 goodput_kbps>5023.385 retrans>0 total_retrans>0 bytes_acked>74956385
05:35:17.152834 TCPINFO flow>12 window>0.107 samples>46 rtt_avg_us>32745 rtt_min_us>32702 rtt_max_us>33710 cwnd>19 cwnd_min>18 cwnd_max>19 throughput_kbps>5635.307 goodput_kbps>5635.307 retrans>0 total_retrans>0 bytes_acked>6552201
05:35:17.250777 TCPINFO flow>2 window>0.104 samples>3 rtt_avg_us>32983 rtt_min_us>32913 rtt_max_us>33099 cwnd>20 cwnd_min>18 cwnd_max>20 throughput_kbps>6032.847 goodput_kbps>6137.590 retrans>0 total_retrans>0 bytes_acked>57057137
05:35:17.291380 TCPINFO flow>3 window>0.145 samples>19 rtt_avg_us>33191 rtt_min_us>32794 rtt_max_us>33222 cwnd>24 cwnd_min>20 cwnd_max>24 throughput_kbps>6998.732 goodput_kbps>6851.409 retrans>0 total_retrans>0 bytes_acked>38732881
05:35:17.324080 TCPINFO flow>12 window>0.171 samples>89 rtt_avg_us>33469 rtt_min_us>33091 rtt_max_us>33548 cwnd>21 cwnd_min>19 cwnd_max>21 throughput_kbps>6080.609 goodput_kbps>6018.196 retrans>0 total_retrans>0 bytes_acked>6681025
05:35:17.346692 TCPINFO flow>1 window>0.200 samples>3 rtt_avg_us>33495 rtt_min_us>33309 rtt_max_us>33866 cwnd>17 cwnd_min>16 cwnd_max>17 throughput_kbps>1778.258 goodput_kbps>2579.866 retrans>0 total_retrans>0 bytes_acked>75020881
05:35:17.422571 TCPINFO flow>3 window>0.131 samples>90 rtt_avg_us>33128 rtt_min_us>32695 rtt_max_us>33556 cwnd>28 cwnd_min>24 cwnd_max>28 throughput_kbps>8391.307 goodput_kbps>7983.962 retrans>0 total_retrans>0 bytes_acked>38863809
05:35:17.446292 TCPINFO flow>2 window>0.196 samples>178 rtt_avg_us>33011 rtt_min_us>32640 rtt_max_us>33350 cwnd>25 cwnd_min>20 cwnd_max>25 throughput_kbps>7240.447 goodput_kbps>6856.476 retrans>0 total_retrans>0 bytes_acked>57224705
05:35:17.446313 TCPINFO flow>12 window>0.122 samples>93 rtt_avg_us>33138 rtt_min_us>32755 rtt_max_us>33212 cwnd>24 cwnd_min>21 cwnd_max>24 throughput_kbps>7257.484 goodput_kbps>6907.725 retrans>0 total_retrans>0 bytes_acked>6786569
05:35:17.446694 TCPINFO flow>1 window>0.100 samples>2 rtt_avg_us>33309 rtt_min_us>33309 rtt_max_us>33309 cwnd>17 cwnd_min>17 cwnd_max>17 throughput_kbps>0.000 goodput_kbps>0.000 retrans>0 total_retrans>0 bytes_acked>75020881
05:35:17.535174 TCPINFO flow>3 window>0.113 samples>90 rtt_avg_us>32666 rtt_min_us>32563 rtt_max_us>32862 cwnd>31 cwnd_min>28 cwnd_max>31 throughput_kbps>9586.672 goodput_kbps>9301.919 retrans>0 total_retrans>0 bytes_acked>38994737
05:35:17.546316 TCPINFO flow>12 window>0.100 samples>53 rtt_avg_us>32717 rtt_min_us>32655 rtt_max_us>32770 cwnd>26 cwnd_min>24 cwnd_max>26 throughput_kbps>8122.636 goodput_kbps>7802.006 retrans>0 total_retrans>0 bytes_acked>6884097
05:35:17.546364 TCPINFO flow>2 window>0.100 samples>153 rtt_avg_us>32934 rtt_min_us>32741 rtt_max_us>33426 cwnd>27 cwnd_min>25 cwnd_max>28 throughput_kbps>8544.248 goodput_kbps>8437.445 retrans>0 total_retrans>0 bytes_acked>57330249
05:35:17.635729 TCPINFO flow>3 window>0.101 samples>84 rtt_avg_us>32533 rtt_min_us>32488 rtt_max_us>32694 cwnd>32 cwnd_min>31 cwnd_max>32 throughput_kbps>9884.978 goodput_kbps>9884.978 retrans>0 total_retrans>0 bytes_acked>39118985
05:35:17.646320 TCPINFO flow>12 window>0.100 samples>101 rtt_avg_us>33036 rtt_min_us>32575 rtt_max_us>33556 cwnd>27 cwnd_min>26 cwnd_max>27 throughput_kbps>8336.307 goodput_kbps>8229.431 retrans>0 total_retrans>0 bytes_acked>6986969
05:35:17.646695 TCPINFO flow>1 window>0.200 samples>3 rtt_avg_us>33309 rtt_min_us>33309 rtt_max_us>33309 cwnd>17 cwnd_min>17 cwnd_max>17 throughput_kbps>0.000 goodput_kbps>0.000 retrans>0 total_retrans>0 bytes_acked>75020881
05:35:17.733087 TCPINFO flow>2 window>0.187 samples>4 rtt_avg_us>32945 rtt_min_us>32486 rtt_max_us>33168 cwnd>29 cwnd_min>27 cwnd_max>29 throughput_kbps>9272.859 goodput_kbps>9158.379 retrans>0 total_retrans>0 bytes_acked>57544009
05:35:17.746222 TCPINFO flow>3 window>0.110 samples>165 rtt_avg_us>32606 rtt_min_us>32459 rtt_max_us>32964 cwnd>33 cwnd_min>32 cwnd_max>33 throughput_kbps>9764.528 goodput_kbps>9505.037 retrans>0 total_retrans>0 bytes_acked>39250265
05:35:17.746698 TCPINFO flow>1 window>0.100 samples>2 rtt_avg_us>33309 rtt_min_us>33309 rtt_max_us>33309 cwnd>17 cwnd_min>17 cwnd_max>17 throughput_kbps>0.000 goodput_kbps>0.000 retrans>0 total_retrans>0 bytes_acked>75020881
05:35:17.756080 TCPINFO flow>12 window>0.110 samples>46 rtt_avg_us>32986 rtt_min_us>32533 rtt_max_us>33008 cwnd>28 cwnd_min>26 cwnd_max>28 throughput_kbps>8546.939 goodput_kbps>8700.292 retrans>0 total_retrans>0 bytes_acked>7106337
05:35:17.846293 TCPINFO flow>2 window>0.113 samples>178 rtt_avg_us>32684 rtt_min_us>32569 rtt_max_us>32959 cwnd>30 cwnd_min>29 cwnd_max>30 throughput_kbps>9441.196 goodput_kbps>9157.960 retrans>0 total_retrans>0 bytes_acked>57673601
05:35:17.889140 TCPINFO flow>12 window>0.133 samples>96 rtt_avg_us>32700 rtt_min_us>32533 rtt_max_us>32879 cwnd>29 cwnd_min>28 cwnd_max>29 throughput_kbps>8835.713 goodput_kbps>8628.889 retrans>0 total_retrans>0 bytes_acked>7249857
05:35:17.927901 TCPINFO flow>3 window>0.182 samples>95 rtt_avg_us>32590 rtt_min_us>32545 rtt_max_us>32719 cwnd>35 cwnd_min>33 cwnd_max>35 throughput_kbps>10810.804 goodput_kbps>10733.304 retrans>0 total_retrans>0 bytes_acked>39494017
05:35:17.946692 TCPINFO flow>1 window>0.200 samples>3 rtt_avg_us>33309 rtt_min_us>33309 rtt_max_us>33309 cwnd>17 cwnd_min>17 cwnd_max>17 throughput_kbps>0.000 goodput_kbps>0.000 retrans>0 total_retrans>0 bytes_acked>75020881
05:35:17.947959 TCPINFO flow>2 window>0.102 samples>3 rtt_avg_us>32535 rtt_min_us>32463 rtt_max_us>32639 cwnd>33 cwnd_min>30 cwnd_max>33 throughput_kbps>9757.441 goodput_kbps>9817.874 retrans>0 total_retrans>0 bytes_acked>57798369
05:35:18.013422 TCPINFO flow>12 window>0.124 samples>101 rtt_avg_us>32777 rtt_min_us>32595 rtt_max_us>33231 cwnd>30 cwnd_min>29 cwnd_max>30 throughput_kbps>9265.123 goodput_kbps>9265.123 retrans>0 total_retrans>0 bytes_acked>7393793
05:35:18.046219 TCPINFO flow>3 window>0.118 samples>194 rtt_avg_us>32816 rtt_min_us>32613 rtt_max_us>33113 cwnd>38 cwnd_min>35 cwnd_max>38 throughput_kbps>11668.622 goodput_kbps>11307.291 retrans>0 total_retrans>0 bytes_acked>39661249
05:35:18.046692 TCPINFO flow>1 window>0.100 samples>2 rtt_avg_us>33309 rtt_min_us>33309 rtt_max_us>33309 cwnd>17 cwnd_min>17 cwnd_max>17 throughput_kbps>0.000 goodput_kbps>0.000 retrans>0 total_retrans>0 bytes_acked>75020881
05:35:18.130094 TCPINFO flow>12 window>0.117 samples>97 rtt_avg_us>32987 rtt_min_us>32848 rtt_max_us>33231 cwnd>32 cwnd_min>30 cwnd_max>32 throughput_kbps>9976.961 goodput_kbps>9854.087 retrans>0 total_retrans>0 bytes_acked>7537505
05:35:18.141285 TCPINFO flow>2 window>0.193 samples>178 rtt_avg_us>32458 rtt_min_us>32342 rtt_max_us>33163 cwnd>35 cwnd_min>33 cwnd_max>35 throughput_kbps>10891.117 goodput_kbps>10693.481 retrans>0 total_retrans>0 bytes_acked>58056785
05:35:18.204625 TCPINFO flow>3 window>0.158 samples>91 rtt_avg_us>32614 rtt_min_us>32383 rtt_max_us>33036 cwnd>39 cwnd_min>38 cwnd_max>39 throughput_kbps>12318.725 goodput_kbps>12318.725 retrans>0 total_retrans>0 bytes_acked>39905169
05:35:18.246292 TCPINFO flow>2 window>0.105 samples>178 rtt_avg_us>32472 rtt_min_us>32252 rtt_max_us>32711 cwnd>35 cwnd_min>34 cwnd_max>35 throughput_kbps>11196.206 goodput_kbps>10992.639 retrans>0 total_retrans>0 bytes_acked>58201073
05:35:18.246312 TCPINFO flow>12 window>0.116 samples>107 rtt_avg_us>32732 rtt_min_us>32391 rtt_max_us>33117 cwnd>31 cwnd_min>31 cwnd_max>32 throughput_kbps>10024.196 goodput_kbps>9779.690 retrans>0 total_retrans>0 bytes_acked>7679577
05:35:18.246688 TCPINFO flow>1 window>0.200 samples>3 rtt_avg_us>33309 rtt_min_us>33309 rtt_max_us>33309 cwnd>17 cwnd_min>17 cwnd_max>17 throughput_kbps>0.000 goodput_kbps>0.000 retrans>0 total_retrans>0 bytes_acked>75020881
05:35:18.346221 TCPINFO flow>3 window>0.142 samples>167 rtt_avg_us>32517 rtt_min_us>32069 rtt_max_us>32923 cwnd>38 cwnd_min>38 cwnd_max>39 throughput_kbps>12113.337 goodput_kbps>12152.660 retrans>0 total_retrans>0 bytes_acked>40120265
05:35:18.346316 TCPINFO flow>12 window>0.100 samples>105 rtt_avg_us>32585 rtt_min_us>32427 rtt_max_us>32699 cwnd>30 cwnd_min>30 cwnd_max>31 throughput_kbps>9902.964 goodput_kbps>10009.840 retrans>0 total_retrans>0 bytes_acked>7804705
05:35:18.346693 TCPINFO flow>1 window>0.100 samples>2 rtt_avg_us>33309 rtt_min_us>33309 rtt_max_us>33309 cwnd>17 cwnd_min>17 cwnd_max>17 throughput_kbps>0.000 goodput_kbps>0.000 retrans>0 total_retrans>0 bytes_acked>75020881
05:35:18.446235 TCPINFO flow>3 window>0.100 samples>90 rtt_avg_us>32464 rtt_min_us>32350 rtt_max_us>33037 cwnd>37 cwnd_min>37 cwnd_max>38 throughput_kbps>11327.694 goodput_kbps>11913.212 retrans>0 total_retrans>0 bytes_acked>40269201
05:35:18.446284 TCPINFO flow>2 window>0.200 samples>179 rtt_avg_us>32492 rtt_min_us>32252 rtt_max_us>32845 cwnd>36 cwnd_min>34 cwnd_max>36 throughput_kbps>11169.407 goodput_kbps>11222.849 retrans>0 total_retrans>0 bytes_acked>58481633
05:35:18.446334 TCPINFO flow>12 window>0.100 samples>61 rtt_avg_us>32533 rtt_min_us>32503 rtt_max_us>32660 cwnd>30 cwnd_min>30 cwnd_max>31 throughput_kbps>9403.747 goodput_kbps>9724.330 retrans>0 total_retrans>0 bytes_acked>7926281
05:35:18.446694 TCPINFO flow>1 window>0.100 samples>2 rtt_avg_us>33309 rtt_min_us>33309 rtt_max_us>33309 cwnd>17 cwnd_min>17 cwnd_max>17 throughput_kbps>0.000 goodput_kbps>0.000 retrans>0 total_retrans>0 bytes_acked>75020881
05:35:18.546291 TCPINFO flow>2 window>0.100 samples>179 rtt_avg_us>32738 rtt_min_us>32536 rtt_max_us>33107 cwnd>37 cwnd_min>36 cwnd_max>37 throughput_kbps>11862.850 goodput_kbps>11649.105 retrans>0 total_retrans>0 bytes_acked>58627257
05:35:18.561063 TCPINFO flow>12 window>0.115 samples>91 rtt_avg_us>32598 rtt_min_us>32558 rtt_max_us>32660 cwnd>31 cwnd_min>30 cwnd_max>31 throughput_kbps>9566.335 goodput_kbps>9433.570 retrans>0 total_retrans>0 bytes_acked>8061569
05:35:18.615136 TCPINFO flow>3 window>0.169 samples>166 rtt_avg_us>32632 rtt_min_us>32355 rtt_max_us>33037 cwnd>37 cwnd_min>36 cwnd_max>37 throughput_kbps>11617.314 goodput_kbps>11490.755 retrans>0 total_retrans>0 bytes_acked>40511801
05:35:18.646295 TCPINFO flow>2 window>0.100 samples>2 rtt_avg_us>32471 rtt_min_us>32357 rtt_max_us>32585 cwnd>39 cwnd_min>37 cwnd_max>39 throughput_kbps>12076.957 goodput_kbps>11756.330 retrans>0 total_retrans>0 bytes_acked>58774217
05:35:18.646695 TCPINFO flow>1 window>0.200 samples>3 rtt_avg_us>33309 rtt_min_us>33309 rtt_max_us>33309 cwnd>17 cwnd_min>17 cwnd_max>17 throughput_kbps>0.000 goodput_kbps>0.000 retrans>0 total_retrans>0 bytes_acked>75020881
05:35:18.705232 TCPINFO flow>12 window>0.144 samples>123 rtt_avg_us>32562 rtt_min_us>32277 rtt_max_us>32667 cwnd>30 cwnd_min>30 cwnd_max>31 throughput_kbps>9637.578 goodput_kbps>9743.232 retrans>0 total_retrans>0 bytes_acked>8237153
05:35:18.746219 TCPINFO flow>3 window>0.131 samples>183 rtt_avg_us>32529 rtt_min_us>32385 rtt_max_us>32803 cwnd>35 cwnd_min>35 cwnd_max>37 throughput_kbps>11333.522 goodput_kbps>11170.449 retrans>0 total_retrans>0 bytes_acked>40694833
05:35:18.746700 TCPINFO flow>1 window>0.100 samples>2 rtt_avg_us>33309 rtt_min_us>33309 rtt_max_us>33309 cwnd>17 cwnd_min>17 cwnd_max>17 throughput_kbps>0.000 goodput_kbps>0.000 retrans>0 total_retrans>0 bytes_acked>75020881
05:35:18.820026 TCPINFO flow>12 window>0.115 samples>91 rtt_avg_us>32604 rtt_min_us>32518 rtt_max_us>32831 cwnd>30 cwnd_min>29 cwnd_max>30 throughput_kbps>9211.910 goodput_kbps>9265.432 retrans>0 total_retrans>0 bytes_acked>8370105
05:35:18.846222 TCPINFO flow>3 window>0.100 samples>89 rtt_avg_us>32591 rtt_min_us>32376 rtt_max_us>32657 cwnd>35 cwnd_min>35 cwnd_max>36 throughput_kbps>11039.669 goodput_kbps>11328.940 retrans>0 total_retrans>0 bytes_acked>40836449
05:35:18.846295 TCPINFO flow>2 window>0.200 samples>179 rtt_avg_us>32422 rtt_min_us>32272 rtt_max_us>32664 cwnd>37 cwnd_min>37 cwnd_max>39 throughput_kbps>11649.920 goodput_kbps>11917.120 retrans>0 total_retrans>0 bytes_acked>59072145
05:35:18.946345 TCPINFO flow>12 window>0.126 samples>115 rtt_avg_us>32728 rtt_min_us>32570 rtt_max_us>32833 cwnd>29 cwnd_min>29 cwnd_max>30 throughput_kbps>9222.619 goodput_kbps>9258.591 retrans>0 total_retrans>0 bytes_acked>8516297
05:35:18.946694 TCPINFO flow>1 window>0.200 samples>3 rtt_avg_us>33309 rtt_min_us>33309 rtt_max_us>33309 cwnd>17 cwnd_min>17 cwnd_max>17 throughput_kbps>0.000 goodput_kbps>0.000 retrans>0 total_retrans>0 bytes_acked>75020881
05:35:18.993142 TCPINFO flow>3 window>0.147 samples>91 rtt_avg_us>32507 rtt_min_us>32376 rtt_max_us>32724 cwnd>33 cwnd_min>33 cwnd_max>35 throughput_kbps>10506.507 goodput_kbps>10673.346 retrans>0 total_retrans>0 bytes_acked>41032465
05:35:19.028936 TCPINFO flow>2 window>0.183 samples>179 rtt_avg_us>32327 rtt_min_us>32177 rtt_max_us>32485 cwnd>35 cwnd_min>35 cwnd_max>37 throughput_kbps>11645.315 goodput_kbps>11703.834 retrans>0 total_retrans>0 bytes_acked>59339345
05:35:19.046695 TCPINFO flow>1 window>0.100 samples>2 rtt_avg_us>33309 rtt_min_us>33309 rtt_max_us>33309 cwnd>17 cwnd_min>17 cwnd_max>17 throughput_kbps>0.000 goodput_kbps>0.000 retrans>0 total_retrans>0 bytes_acked>75020881
05:35:19.093186 TCPINFO flow>3 window>0.100 samples>111 rtt_avg_us>32382 rtt_min_us>32306 rtt_max_us>32711 cwnd>34 cwnd_min>32 cwnd_max>34 throughput_kbps>10469.633 goodput_kbps>10149.134 retrans>0 total_retrans>0 bytes_acked>41159385
05:35:19.095636 TCPINFO flow>12 window>0.149 samples>103 rtt_avg_us>32631 rtt_min_us>32587 rtt_max_us>33035 cwnd>28 cwnd_min>28 cwnd_max>29 throughput_kbps>9020.557 goodput_kbps>8948.965 retrans>0 total_retrans>0 bytes_acked>8683297
05:35:19.146292 TCPINFO flow>2 window>0.117 samples>179 rtt_avg_us>32382 rtt_min_us>32152 rtt_max_us>32920 cwnd>35 cwnd_min>35 cwnd_max>35 throughput_kbps>11019.871 goodput_kbps>10928.798 retrans>0 total_retrans>0 bytes_acked>59499665
05:35:19.197980 TCPINFO flow>12 window>0.102 samples>79 rtt_avg_us>32713 rtt_min_us>32298 rtt_max_us>33171 cwnd>29 cwnd_min>28 cwnd_max>29 throughput_kbps>8639.725 goodput_kbps>8725.397 retrans>0 total_retrans>0 bytes_acked>8794921
05:35:19.246218 TCPINFO flow>3 window>0.153 samples>146 rtt_avg_us>32451 rtt_min_us>32237 rtt_max_us>32591 cwnd>33 cwnd_min>32 cwnd_max>34 throughput_kbps>10336.557 goodput_kbps>10546.082 retrans>0 total_retrans>0 bytes_acked>41361121
05:35:19.246293 TCPINFO flow>2 window>0.100 samples>178 rtt_avg_us>32810 rtt_min_us>32286 rtt_max_us>33308 cwnd>37 cwnd_min>35 cwnd_max>37 throughput_kbps>11542.925 goodput_kbps>11222.288 retrans>0 total_retrans>0 bytes_acked>59639945
05:35:19.246691 TCPINFO flow>1 window>0.200 samples>3 rtt_avg_us>33309 rtt_min_us>33309 rtt_max_us>33309 cwnd>17 cwnd_min>17 cwnd_max>17 throughput_kbps>0.000 goodput_kbps>0.000 retrans>0 total_retrans>0 bytes_acked>75020881
05:35:19.344308 TCPINFO flow>12 window>0.146 samples>113 rtt_avg_us>33118 rtt_min_us>32865 rtt_max_us>33277 cwnd>29 cwnd_min>28 cwnd_max>29 throughput_kbps>8984.091 goodput_kbps>8997.212 retrans>0 total_retrans>0 bytes_acked>8959489
05:35:19.346237 TCPINFO flow>3 window>0.100 samples>90 rtt_avg_us>32410 rtt_min_us>32272 rtt_max_us>32740 cwnd>32 cwnd_min>32 cwnd_max>33 throughput_kbps>9789.500 goodput_kbps>9896.360 retrans>0 total_retrans>0 bytes_acked>41484849
05:35:19.393497 TCPINFO flow>2 window>0.147 samples>3 rtt_avg_us>32697 rtt_min_us>32556 rtt_max_us>32956 cwnd>36 cwnd_min>36 cwnd_max>37 throughput_kbps>11194.913 goodput_kbps>11557.947 retrans>0 total_retrans>0 bytes_acked>59852617
05:35:19.446315 TCPINFO flow>12 window>0.102 samples>117 rtt_avg_us>32801 rtt_min_us>32696 rtt_max_us>33132 cwnd>30 cwnd_min>29 cwnd_max>30 throughput_kbps>9429.941 goodput_kbps>9325.164 retrans>0 total_retrans>0 bytes_acked>9078393
05:35:19.446695 TCPINFO flow>1 window>0.200 samples>3 rtt_avg_us>33309 rtt_min_us>33309 rtt_max_us>33309 cwnd>17 cwnd_min>17 cwnd_max>17 throughput_kbps>0.000 goodput_kbps>0.000 retrans>0 total_retrans>0 bytes_acked>75020881
05:35:19.478651 TCPINFO flow>3 window>0.132 samples>90 rtt_avg_us>32830 rtt_min_us>32530 rtt_max_us>33050 cwnd>34 cwnd_min>32 cwnd_max>34 throughput_kbps>10573.867 goodput_kbps>10493.150 retrans>0 total_retrans>0 bytes_acked>41658529
05:35:19.546300 TCPINFO flow>2 window>0.153 samples>178 rtt_avg_us>32730 rtt_min_us>32497 rtt_max_us>33197 cwnd>36 cwnd_min>36 cwnd_max>36 throughput_kbps>11401.242 goodput_kbps>11261.350 retrans>0 total_retrans>0 bytes_acked>60067713
05:35:19.562972 TCPINFO flow>12 window>0.117 samples>62 rtt_avg_us>32673 rtt_min_us>32592 rtt_max_us>32995 cwnd>30 cwnd_min>29 cwnd_max>30 throughput_kbps>9345.140 goodput_kbps>9345.140 retrans>0 total_retrans>0 bytes_acked>9214665
05:35:19.578689 TCPINFO flow>3 window>0.100 samples>92 rtt_avg_us>32342 rtt_min_us>32200 rtt_max_us>33034 cwnd>34 cwnd_min>33 cwnd_max>34 throughput_kbps>10577.101 goodput_kbps>10470.261 retrans>0 total_retrans>0 bytes_acked>41789457
05:35:19.646691 TCPINFO flow>1 window>0.200 samples>3 rtt_avg_us>33309 rtt_min_us>33309 rtt_max_us>33309 cwnd>17 cwnd_min>17 cwnd_max>17 throughput_kbps>0.000 goodput_kbps>0.000 retrans>0 total_retrans>0 bytes_acked>75020881
05:35:19.702636 TCPINFO flow>12 window>0.140 samples>114 rtt_avg_us>32811 rtt_min_us>32600 rtt_max_us>32995 cwnd>30 cwnd_min>30 cwnd_max>30 throughput_kbps>9565.815 goodput_kbps>9489.289 retrans>0 total_retrans>0 bytes_acked>9380329
05:35:19.719870 TCPINFO flow>2 window>0.174 samples>145 rtt_avg_us>32361 rtt_min_us>32264 rtt_max_us>32977 cwnd>37 cwnd_min>36 cwnd_max>37 throughput_kbps>11638.140 goodput_kbps>11699.718 retrans>0 total_retrans>0 bytes_acked>60321553
05:35:19.746228 TCPINFO flow>3 window>0.168 samples>168 rtt_avg_us>32725 rtt_min_us>32460 rtt_max_us>33034 cwnd>34 cwnd_min>33 cwnd_max>34 throughput_kbps>10326.240 goodput_kbps>10218.898 retrans>0 total_retrans>0 bytes_acked>42003465
05:35:19.843481 TCPINFO flow>12 window>0.141 samples>117 rtt_avg_us>32699 rtt_min_us>32588 rtt_max_us>32773 cwnd>30 cwnd_min>30 cwnd_max>31 throughput_kbps>9713.259 goodput_kbps>9713.259 retrans>0 total_retrans>0 bytes_acked>9551337
05:35:19.846230 TCPINFO flow>3 window>0.100 samples>78 rtt_avg_us>32708 rtt_min_us>32617 rtt_max_us>32822 cwnd>32 cwnd_min>32 cwnd_max>34 throughput_kbps>9905.722 goodput_kbps>10406.192 retrans>0 total_retrans>0 bytes_acked>42133545
05:35:19.846291 TCPINFO flow>2 window>0.126 samples>178 rtt_avg_us>32826 rtt_min_us>32496 rtt_max_us>33012 cwnd>36 cwnd_min>36 cwnd_max>37 throughput_kbps>11307.488 goodput_kbps>11496.318 retrans>0 total_retrans>0 bytes_acked>60503225
05:35:19.846690 TCPINFO flow>1 window>0.200 samples>3 rtt_avg_us>33309 rtt_min_us>33309 rtt_max_us>33309 cwnd>17 cwnd_min>17 cwnd_max>17 throughput_kbps>0.000 goodput_kbps>0.000 retrans>0 total_retrans>0 bytes_acked>75020881
05:35:19.946293 TCPINFO flow>2 window>0.100 samples>178 rtt_avg_us>32522 rtt_min_us>32410 rtt_max_us>32740 cwnd>35 cwnd_min>35 cwnd_max>36 throughput_kbps>10762.025 goodput_kbps>10630.187 retrans>0 total_retrans>0 bytes_acked>60636105
05:35:19.946313 TCPINFO flow>12 window>0.103 samples>122 rtt_avg_us>32688 rtt_min_us>32552 rtt_max_us>32842 cwnd>31 cwnd_min>30 cwnd_max>31 throughput_kbps>9873.969 goodput_kbps>9666.096 retrans>0 total_retrans>0 bytes_acked>9675585
05:35:19.946699 TCPINFO flow>1 window>0.100 samples>2 rtt_avg_us>33309 rtt_min_us>33309 rtt_max_us>33309 cwnd>17 cwnd_min>17 cwnd_max>17 throughput_kbps>0.000 goodput_kbps>0.000 retrans>0 total_retrans>0 bytes_acked>75020881
05:35:19.959540 TCPINFO flow>3 window>0.113 samples>90 rtt_avg_us>32647 rtt_min_us>32541 rtt_max_us>32733 cwnd>30 cwnd_min>30 cwnd_max>32 throughput_kbps>9526.856 goodput_kbps>9715.506 retrans>0 total_retrans>0 bytes_acked>42271153
05:35:20.046302 TCPINFO flow>2 window>0.100 samples>2 rtt_avg_us>32452 rtt_min_us>32410 rtt_max_us>32494 cwnd>35 cwnd_min>35 cwnd_max>35 throughput_kbps>11007.649 goodput_kbps>11007.649 retrans>0 total_retrans>0 bytes_acked>60773713
05:35:20.064634 TCPINFO flow>12 window>0.118 samples>66 rtt_avg_us>32579 rtt_min_us>32496 rtt_max_us>32946 cwnd>31 cwnd_min>30 cwnd_max>31 throughput_kbps>9484.707 goodput_kbps>9665.368 retrans>0 total_retrans>0 bytes_acked>9818537
05:35:20.066536 TCPINFO flow>3 window>0.107 samples>90 rtt_avg_us>32659 rtt_min_us>32564 rtt_max_us>32722 cwnd>32 cwnd_min>30 cwnd_max>32 throughput_kbps>10072.302 goodput_kbps>9672.735 retrans>0 total_retrans>0 bytes_acked>42400521
05:35:20.146694 TCPINFO flow>1 window>0.200 samples>3 rtt_avg_us>33309 rtt_min_us>33309 rtt_max_us>33309 cwnd>17 cwnd_min>17 cwnd_max>17 throughput_kbps>0.000 goodput_kbps>0.000 retrans>0 total_retrans>0 bytes_acked>75020881
05:35:20.166587 TCPINFO flow>3 window>0.100 samples>115 rtt_avg_us>32774 rtt_min_us>32604 rtt_max_us>33107 cwnd>31 cwnd_min>31 cwnd_max>32 throughput_kbps>9400.646 goodput_kbps>9400.646 retrans>0 total_retrans>0 bytes_acked>42518089
05:35:20.184192 TCPINFO flow>12 window>0.120 samples>97 rtt_avg_us>32996 rtt_min_us>32821 rtt_max_us>33166 cwnd>30 cwnd_min>30 cwnd_max>31 throughput_kbps>9243.647 goodput_kbps>9391.927 retrans>0 total_retrans>0 bytes_acked>9958897
05:35:20.246292 TCPINFO flow>2 window>0.200 samples>179 rtt_avg_us>33330 rtt_min_us>32264 rtt_max_us>33906 cwnd>35 cwnd_min>34 cwnd_max>35 throughput_kbps>10848.862 goodput_kbps>10795.420 retrans>0 total_retrans>0 bytes_acked>61043585
05:35:20.267439 TCPINFO flow>3 window>0.101 samples>52 rtt_avg_us>32938 rtt_min_us>32532 rtt_max_us>33047 cwnd>32 cwnd_min>31 cwnd_max>32 throughput_kbps>9813.985 goodput_kbps>9813.985 retrans>0 total_retrans>0 bytes_acked>42641809
05:35:20.326746 TCPINFO flow>12 window>0.143 samples>118 rtt_avg_us>32784 rtt_min_us>32486 rtt_max_us>33348 cwnd>31 cwnd_min>30 cwnd_max>32 throughput_kbps>9896.713 goodput_kbps>9772.353 retrans>0 total_retrans>0 bytes_acked>10133033
05:35:20.346692 TCPINFO flow>1 window>0.200 samples>3 rtt_avg_us>33309 rtt_min_us>33309 rtt_max_us>33309 cwnd>17 cwnd_min>17 cwnd_max>17 throughput_kbps>0.000 goodput_kbps>0.000 retrans>0 total_retrans>0 bytes_acked>75020881
05:35:20.371636 TCPINFO flow>3 window>0.104 samples>90 rtt_avg_us>32874 rtt_min_us>32717 rtt_max_us>33361 cwnd>30 cwnd_min>30 cwnd_max>32 throughput_kbps>9539.469 goodput_kbps>9744.618 retrans>0 total_retrans>0 bytes_acked>42768729
05:35:20.446292 TCPINFO flow>2 window>0.200 samples>179 rtt_avg_us>32472 rtt_min_us>32264 rtt_max_us>32720 cwnd>37 cwnd_min>35 cwnd_max>37 throughput_kbps>11489.600 goodput_kbps>11596.480 retrans>0 total_retrans>0 bytes_acked>61333497
05:35:20.446313 TCPINFO flow>12 window>0.120 samples>126 rtt_avg_us>32947 rtt_min_us>32623 rtt_max_us>33348 cwnd>33 cwnd_min>31 cwnd_max>33 throughput_kbps>10279.759 goodput_kbps>10190.370 retrans>0 total_retrans>0 bytes_acked>10285337
05:35:20.446693 TCPINFO flow>1 window>0.100 samples>2 rtt_avg_us>33309 rtt_min_us>33309 rtt_max_us>33309 cwnd>17 cwnd_min>17 cwnd_max>17 throughput_kbps>0.000 goodput_kbps>0.000 retrans>0 total_retrans>0 bytes_acked>75020881
05:35:20.479090 TCPINFO flow>3 window>0.107 samples>90 rtt_avg_us>33133 rtt_min_us>33003 rtt_max_us>33361 cwnd>30 cwnd_min>29 cwnd_max>30 throughput_kbps>9349.787 goodput_kbps>9449.253 retrans>0 total_retrans>0 bytes_acked>42895649
05:35:20.535522 SHUTDOWN flow>12 srcPort>42021 dst>fd00:6::2/5405 
05:35:20.546298 TCPINFO flow>2 window>0.100 samples>179 rtt_avg_us>32744 rtt_min_us>32493 rtt_max_us>33059 cwnd>35 cwnd_min>35 cwnd_max>37 throughput_kbps>11221.727 goodput_kbps>11007.980 retrans>0 total_retrans>0 bytes_acked>61471105
05:35:20.546696 TCPINFO flow>1 window>0.100 samples>2 rtt_avg_us>33309 rtt_min_us>33309 rtt_max_us>33309 cwnd>17 cwnd_min>17 cwnd_max>17 throughput_kbps>0.000 goodput_kbps>0.000 retrans>0 total_retrans>0 bytes_acked>75020881
05:35:20.588282 TCPINFO flow>3 window>0.109 samples>89 rtt_avg_us>33072 rtt_min_us>32923 rtt_max_us>33225 cwnd>30 cwnd_min>29 cwnd_max>30 throughput_kbps>9494.615 goodput_kbps>9396.732 retrans>0 total_retrans>0 bytes_acked>43023905
05:35:20.597996 OFF flow>12 srcPort>42021 dst>fd00:6::2/5405 
05:35:20.646370 TCPINFO flow>2 window>0.100 samples>106 rtt_avg_us>32455 rtt_min_us>32377 rtt_max_us>32538 cwnd>36 cwnd_min>35 cwnd_max>36 throughput_kbps>11321.129 goodput_kbps>11107.523 retrans>0 total_retrans>0 bytes_acked>61610049
05:35:20.646697 TCPINFO flow>1 window>0.100 samples>2 rtt_avg_us>33309 rtt_min_us>33309 rtt_max_us>33309 cwnd>17 cwnd_min>17 cwnd_max>17 throughput_kbps>0.000 goodput_kbps>0.000 retrans>0 total_retrans>0 bytes_acked>75020881
05:35:20.698181 TCPINFO flow>3 window>0.110 samples>90 rtt_avg_us>33075 rtt_min_us>32842 rtt_max_us>33285 cwnd>32 cwnd_min>30 cwnd_max>32 throughput_kbps>9822.546 goodput_kbps>9530.787 retrans>0 total_retrans>0 bytes_acked>43154833
05:35:20.798184 TCPINFO flow>3 window>0.100 samples>123 rtt_avg_us>32708 rtt_min_us>32477 rtt_max_us>32884 cwnd>35 cwnd_min>32 cwnd_max>35 throughput_kbps>10580.803 goodput_kbps>10473.926 retrans>0 total_retrans>0 bytes_acked>43285761
05:35:20.811674 TCPINFO flow>2 window>0.165 samples>75 rtt_avg_us>32443 rtt_min_us>32263 rtt_max_us>32534 cwnd>41 cwnd_min>36 cwnd_max>41 throughput_kbps>12220.104 goodput_kbps>12090.790 retrans>0 total_retrans>0 bytes_acked>61859881
05:35:20.846693 TCPINFO flow>1 window>0.200 samples>3 rtt_avg_us>33309 rtt_min_us>33309 rtt_max_us>33309 cwnd>17 cwnd_min>17 cwnd_max>17 throughput_kbps>0.000 goodput_kbps>0.000 retrans>0 total_retrans>0 bytes_acked>75020881
05:35:20.898274 TCPINFO flow>3 window>0.100 samples>96 rtt_avg_us>32515 rtt_min_us>32235 rtt_max_us>33106 cwnd>34 cwnd_min>34 cwnd_max>35 throughput_kbps>10678.389 goodput_kbps>10571.606 retrans>0 total_retrans>0 bytes_acked>43418025
05:35:20.946291 TCPINFO flow>2 window>0.135 samples>178 rtt_avg_us>32421 rtt_min_us>32189 rtt_max_us>32680 cwnd>42 cwnd_min>41 cwnd_max>42 throughput_kbps>13015.176 goodput_kbps>12856.385 retrans>0 total_retrans>0 bytes_acked>62076217
05:35:20.998283 TCPINFO flow>3 window>0.100 samples>116 rtt_avg_us>32563 rtt_min_us>32218 rtt_max_us>33142 cwnd>34 cwnd_min>34 cwnd_max>34 throughput_kbps>10473.297 goodput_kbps>10793.909 retrans>0 total_retrans>0 bytes_acked>43552961
05:35:21.046293 TCPINFO flow>2 window>0.100 samples>178 rtt_avg_us>32613 rtt_min_us>32330 rtt_max_us>33028 cwnd>42 cwnd_min>41 cwnd_max>42 throughput_kbps>13252.855 goodput_kbps>13039.099 retrans>0 total_retrans>0 bytes_acked>62239209
05:35:21.046691 TCPINFO flow>1 window>0.200 samples>3 rtt_avg_us>33309 rtt_min_us>33309 rtt_max_us>33309 cwnd>17 cwnd_min>17 cwnd_max>17 throughput_kbps>0.000 goodput_kbps>0.000 retrans>0 total_retrans>0 bytes_acked>75020881
05:35:21.146224 TCPINFO flow>3 window>0.148 samples>111 rtt_avg_us>32593 rtt_min_us>32322 rtt_max_us>32807 cwnd>34 cwnd_min>34 cwnd_max>34 throughput_kbps>10692.262 goodput_kbps>10403.282 retrans>0 total_retrans>0 bytes_acked>43745345
05:35:21.246292 TCPINFO flow>2 window>0.200 samples>179 rtt_avg_us>32431 rtt_min_us>32262 rtt_max_us>32924 cwnd>46 cwnd_min>42 cwnd_max>46 throughput_kbps>14215.111 goodput_kbps>14001.350 retrans>0 total_retrans>0 bytes_acked>62589241
05:35:21.246691 TCPINFO flow>1 window>0.200 samples>3 rtt_avg_us>33309 rtt_min_us>33309 rtt_max_us>33309 cwnd>17 cwnd_min>17 cwnd_max>17 throughput_kbps>0.000 goodput_kbps>0.000 retrans>0 total_retrans>0 bytes_acked>75020881
05:35:21.274713 TCPINFO flow>3 window>0.128 samples>90 rtt_avg_us>32544 rtt_min_us>32322 rtt_max_us>32629 cwnd>36 cwnd_min>34 cwnd_max>36 throughput_kbps>11229.599 goodput_kbps>11229.599 retrans>0 total_retrans>0 bytes_acked>43925705
05:35:21.389219 TCPINFO flow>2 window>0.143 samples>153 rtt_avg_us>32065 rtt_min_us>31973 rtt_max_us>32378 cwnd>47 cwnd_min>46 cwnd_max>47 throughput_kbps>14955.887 goodput_kbps>14955.887 retrans>0 total_retrans>0 bytes_acked>62856441
05:35:21.445079 TCPINFO flow>3 window>0.170 samples>170 rtt_avg_us>32310 rtt_min_us>32144 rtt_max_us>32590 cwnd>37 cwnd_min>36 cwnd_max>37 throughput_kbps>11368.653 goodput_kbps>11508.775 retrans>0 total_retrans>0 bytes_acked>44170793
05:35:21.446693 TCPINFO flow>1 window>0.200 samples>3 rtt_avg_us>33309 rtt_min_us>33309 rtt_max_us>33309 cwnd>17 cwnd_min>17 cwnd_max>17 throughput_kbps>0.000 goodput_kbps>0.000 retrans>0 total_retrans>0 bytes_acked>75020881
05:35:21.526788 TCPINFO flow>2 window>0.138 samples>178 rtt_avg_us>32047 rtt_min_us>31894 rtt_max_us>32659 cwnd>48 cwnd_min>47 cwnd_max>48 throughput_kbps>15094.098 goodput_kbps>14956.858 retrans>0 total_retrans>0 bytes_acked>63113641
05:35:21.545081 TCPINFO flow>3 window>0.100 samples>191 rtt_avg_us>32610 rtt_min_us>32355 rtt_max_us>33079 cwnd>37 cwnd_min>37 cwnd_max>38 throughput_kbps>11756.565 goodput_kbps>11197.216 retrans>0 total_retrans>0 bytes_acked>44310761
05:35:21.636735 TCPINFO flow>2 window>0.110 samples>155 rtt_avg_us>32411 rtt_min_us>32046 rtt_max_us>32841 cwnd>49 cwnd_min>48 cwnd_max>49 throughput_kbps>15646.812 goodput_kbps>16012.952 retrans>0 total_retrans>0 bytes_acked>63333713
05:35:21.646223 TCPINFO flow>3 window>0.101 samples>11 rtt_avg_us>32836 rtt_min_us>32241 rtt_max_us>32960 cwnd>38 cwnd_min>37 cwnd_max>38 throughput_kbps>11977.774 goodput_kbps>11941.073 retrans>0 total_retrans>0 bytes_acked>44461729
05:35:21.646698 TCPINFO flow>1 window>0.200 samples>3 rtt_avg_us>33309 rtt_min_us>33309 rtt_max_us>33309 cwnd>17 cwnd_min>17 cwnd_max>17 throughput_kbps>0.000 goodput_kbps>0.000 retrans>0 total_retrans>0 bytes_acked>75020881
05:35:21.746224 TCPINFO flow>3 window>0.100 samples>181 rtt_avg_us>32347 rtt_min_us>32183 rtt_max_us>32602 cwnd>39 cwnd_min>38 cwnd_max>39 throughput_kbps>11994.120 goodput_kbps>11912.201 retrans>0 total_retrans>0 bytes_acked>44610633
05:35:21.746291 TCPINFO flow>2 window>0.110 samples>153 rtt_avg_us>32093 rtt_min_us>31948 rtt_max_us>32363 cwnd>48 cwnd_min>48 cwnd_max>49 throughput_kbps>15343.386 goodput_kbps>15121.399 retrans>0 total_retrans>0 bytes_acked>63540793
05:35:21.846690 TCPINFO flow>1 window>0.200 samples>3 rtt_avg_us>33309 rtt_min_us>33309 rtt_max_us>33309 cwnd>17 cwnd_min>17 cwnd_max>17 throughput_kbps>0.000 goodput_kbps>0.000 retrans>0 total_retrans>0 bytes_acked>75020881
05:35:21.889366 TCPINFO flow>2 window>0.143 samples>179 rtt_avg_us>32281 rtt_min_us>31948 rtt_max_us>32732 cwnd>48 cwnd_min>47 cwnd_max>48 throughput_kbps>14829.034 goodput_kbps>14975.307 retrans>0 total_retrans>0 bytes_acked>63808617
05:35:21.905976 TCPINFO flow>3 window>0.160 samples>91 rtt_avg_us>32352 rtt_min_us>32244 rtt_max_us>32636 cwnd>40 cwnd_min>39 cwnd_max>40 throughput_kbps>12489.759 goodput_kbps>12430.467 retrans>0 total_retrans>0 bytes_acked>44858857
05:35:21.946691 TCPINFO flow>1 window>0.100 samples>2 rtt_avg_us>33309 rtt_min_us>33309 rtt_max_us>33309 cwnd>17 cwnd_min>17 cwnd_max>17 throughput_kbps>0.000 goodput_kbps>0.000 retrans>0 total_retrans>0 bytes_acked>75020881
05:35:22.026706 TCPINFO flow>2 window>0.137 samples>178 rtt_avg_us>32316 rtt_min_us>32121 rtt_max_us>32895 cwnd>49 cwnd_min>48 cwnd_max>49 throughput_kbps>15519.557 goodput_kbps>15232.969 retrans>0 total_retrans>0 bytes_acked>64070129
05:35:22.046223 TCPINFO flow>3 window>0.140 samples>177 rtt_avg_us>32496 rtt_min_us>32342 rtt_max_us>32636 cwnd>39 cwnd_min>39 cwnd_max>40 throughput_kbps>12574.387 goodput_kbps>12803.012 retrans>0 total_retrans>0 bytes_acked>45083305
05:35:22.046691 TCPINFO flow>1 window>0.100 samples>2 rtt_avg_us>33309 rtt_min_us>33309 rtt_max_us>33309 cwnd>17 cwnd_min>17 cwnd_max>17 throughput_kbps>0.000 goodput_kbps>0.000 retrans>0 total_retrans>0 bytes_acked>75020881
05:35:22.146225 TCPINFO flow>3 window>0.100 samples>90 rtt_avg_us>32260 rtt_min_us>32167 rtt_max_us>32494 cwnd>39 cwnd_min>39 cwnd_max>40 throughput_kbps>12290.954 goodput_kbps>11970.321 retrans>0 total_retrans>0 bytes_acked>45232937
05:35:22.146291 TCPINFO flow>2 window>0.120 samples>178 rtt_avg_us>32308 rtt_min_us>32111 rtt_max_us>32895 cwnd>49 cwnd_min>48 cwnd_max>49 throughput_kbps>15462.006 goodput_kbps>15462.006 retrans>0 total_retrans>0 bytes_acked>64301257
05:35:22.246691 TCPINFO flow>1 window>0.200 samples>3 rtt_avg_us>33309 rtt_min_us>33309 rtt_max_us>33309 cwnd>17 cwnd_min>17 cwnd_max>17 throughput_kbps>0.000 goodput_kbps>0.000 retrans>0 total_retrans>0 bytes_acked>75020881
05:35:22.289389 TCPINFO flow>2 window>0.143 samples>179 rtt_avg_us>32154 rtt_min_us>32032 rtt_max_us>32633 cwnd>48 cwnd_min>48 cwnd_max>50 throughput_kbps>15535.535 goodput_kbps>15610.225 retrans>0 total_retrans>0 bytes_acked>64580481
05:35:22.312902 TCPINFO flow>3 window>0.167 samples>177 rtt_avg_us>32638 rtt_min_us>32267 rtt_max_us>32884 cwnd>39 cwnd_min>39 cwnd_max>40 throughput_kbps>12453.116 goodput_kbps>12632.433 retrans>0 total_retrans>0 bytes_acked>45496129
05:35:22.346697 TCPINFO flow>1 window>0.100 samples>2 rtt_avg_us>33309 rtt_min_us>33309 rtt_max_us>33309 cwnd>17 cwnd_min>17 cwnd_max>17 throughput_kbps>0.000 goodput_kbps>0.000 retrans>0 total_retrans>0 bytes_acked>75020881
05:35:22.446224 TCPINFO flow>3 window>0.133 samples>177 rtt_avg_us>32318 rtt_min_us>32220 rtt_max_us>32892 cwnd>39 cwnd_min>39 cwnd_max>40 throughput_kbps>12425.856 goodput_kbps>12522.344 retrans>0 total_retrans>0 bytes_acked>45704817
05:35:22.446285 TCPINFO flow>2 window>0.157 samples>75 rtt_avg_us>32403 rtt_min_us>32068 rtt_max_us>32633 cwnd>50 cwnd_min>48 cwnd_max>50 throughput_kbps>15531.715 goodput_kbps>15804.202 retrans>0 total_retrans>0 bytes_acked>64890433
05:35:22.546294 TCPINFO flow>2 window>0.100 samples>4 rtt_avg_us>32352 rtt_min_us>32344 rtt_max_us>32374 cwnd>51 cwnd_min>50 cwnd_max>51 throughput_kbps>5830.515 goodput_kbps>10212.201 retrans>0 total_retrans>0 bytes_acked>65018097
05:35:22.546684 TCPINFO flow>1 window>0.200 samples>3 rtt_avg_us>33309 rtt_min_us>33309 rtt_max_us>33309 cwnd>17 cwnd_min>17 cwnd_max>17 throughput_kbps>0.000 goodput_kbps>0.000 retrans>0 total_retrans>0 bytes_acked>75020881
05:35:22.561188 TCPINFO flow>3 window>0.115 samples>91 rtt_avg_us>32714 rtt_min_us>32483 rtt_max_us>32892 cwnd>41 cwnd_min>39 cwnd_max>41 throughput_kbps>12457.743 goodput_kbps>12271.807 retrans>0 total_retrans>0 bytes_acked>45881169
05:35:22.646686 TCPINFO flow>1 window>0.100 samples>2 rtt_avg_us>33309 rtt_min_us>33309 rtt_max_us>33309 cwnd>17 cwnd_min>17 cwnd_max>17 throughput_kbps>0.000 goodput_kbps>0.000 retrans>0 total_retrans>0 bytes_acked>75020881
05:35:22.671995 TCPINFO flow>2 window>0.126 samples>364 rtt_avg_us>32334 rtt_min_us>32015 rtt_max_us>32588 cwnd>50 cwnd_min>50 cwnd_max>51 throughput_kbps>16488.142 goodput_kbps>12584.021 retrans>0 total_retrans>0 bytes_acked>65215825
05:35:22.716598 TCPINFO flow>3 window>0.155 samples>172 rtt_avg_us>32345 rtt_min_us>32161 rtt_max_us>33212 cwnd>40 cwnd_min>40 cwnd_max>42 throughput_kbps>12428.544 goodput_kbps>12656.689 retrans>0 total_retrans>0 bytes_acked>46127041
05:35:22.746699 TCPINFO flow>1 window>0.100 samples>2 rtt_avg_us>33309 rtt_min_us>33309 rtt_max_us>33309 cwnd>17 cwnd_min>17 cwnd_max>17 throughput_kbps>0.000 goodput_kbps>0.000 retrans>0 total_retrans>0 bytes_acked>75020881
05:35:22.802371 TCPINFO flow>2 window>0.130 samples>179 rtt_avg_us>32075 rtt_min_us>31940 rtt_max_us>32677 cwnd>50 cwnd_min>50 cwnd_max>51 throughput_kbps>15776.646 goodput_kbps>15769.774 retrans>0 total_retrans>0 bytes_acked>65472825
05:35:22.846224 TCPINFO flow>3 window>0.130 samples>172 rtt_avg_us>32699 rtt_min_us>32309 rtt_max_us>33212 cwnd>39 cwnd_min>39 cwnd_max>40 throughput_kbps>12615.247 goodput_kbps>12424.174 retrans>0 total_retrans>0 bytes_acked>46328353
05:35:22.927700 TCPINFO flow>2 window>0.125 samples>172 rtt_avg_us>32169 rtt_min_us>32026 rtt_max_us>32456 cwnd>49 cwnd_min>49 cwnd_max>51 throughput_kbps>15691.436 goodput_kbps>15861.995 retrans>0 total_retrans>0 bytes_acked>65721321
05:35:22.946692 TCPINFO flow>1 window>0.200 samples>3 rtt_avg_us>33309 rtt_min_us>33309 rtt_max_us>33309 cwnd>17 cwnd_min>17 cwnd_max>17 throughput_kbps>0.000 goodput_kbps>0.000 retrans>0 total_retrans>0 bytes_acked>75020881
05:35:22.959993 TCPINFO flow>3 window>0.114 samples>90 rtt_avg_us>32394 rtt_min_us>32288 rtt_max_us>32523 cwnd>39 cwnd_min>39 cwnd_max>40 throughput_kbps>12287.635 goodput_kbps>12403.519 retrans>0 total_retrans>0 bytes_acked>46504745
05:35:23.046285 TCPINFO flow>2 window>0.119 samples>178 rtt_avg_us>32232 rtt_min_us>32116 rtt_max_us>32669 cwnd>49 cwnd_min>49 cwnd_max>50 throughput_kbps>15317.148 goodput_kbps>15317.148 retrans>0 total_retrans>0 bytes_acked>65948369
05:35:23.046692 TCPINFO flow>1 window>0.100 samples>2 rtt_avg_us>33309 rtt_min_us>33309 rtt_max_us>33309 cwnd>17 cwnd_min>17 cwnd_max>17 throughput_kbps>0.000 goodput_kbps>0.000 retrans>0 total_retrans>0 bytes_acked>75020881
05:35:23.130520 TCPINFO flow>3 window>0.171 samples>177 rtt_avg_us>32446 rtt_min_us>32328 rtt_max_us>32769 cwnd>39 cwnd_min>39 cwnd_max>39 throughput_kbps>12033.848 goodput_kbps>12019.211 retrans>0 total_retrans>0 bytes_acked>46760945
05:35:23.199118 TCPINFO flow>2 window>0.153 samples>179 rtt_avg_us>32444 rtt_min_us>32169 rtt_max_us>32881 cwnd>47 cwnd_min>47 cwnd_max>49 throughput_kbps>14825.699 goodput_kbps>14895.631 retrans>0 total_retrans>0 bytes_acked>66232937
05:35:23.246221 TCPINFO flow>3 window>0.116 samples>177 rtt_avg_us>32634 rtt_min_us>32465 rtt_max_us>33263 cwnd>39 cwnd_min>38 cwnd_max>39 throughput_kbps>12008.885 goodput_kbps>11824.133 retrans>0 total_retrans>0 bytes_acked>46931953
05:35:23.246692 TCPINFO flow>1 window>0.200 samples>3 rtt_avg_us>33309 rtt_min_us>33309 rtt_max_us>33309 cwnd>17 cwnd_min>17 cwnd_max>17 throughput_kbps>0.000 goodput_kbps>0.000 retrans>0 total_retrans>0 bytes_acked>75020881
05:35:23.337406 TCPINFO flow>2 window>0.138 samples>179 rtt_avg_us>32383 rtt_min_us>32146 rtt_max_us>33027 cwnd>47 cwnd_min>46 cwnd_max>48 throughput_kbps>14762.004 goodput_kbps>14762.004 retrans>0 total_retrans>0 bytes_acked>66488113
05:35:23.346229 TCPINFO flow>3 window>0.100 samples>90 rtt_avg_us>32331 rtt_min_us>32257 rtt_max_us>32571 cwnd>38 cwnd_min>38 cwnd_max>39 throughput_kbps>12397.088 goodput_kbps>12503.960 retrans>0 total_retrans>0 bytes_acked>47088265
05:35:23.346693 TCPINFO flow>1 window>0.100 samples>2 rtt_avg_us>33309 rtt_min_us>33309 rtt_max_us>33309 cwnd>17 cwnd_min>17 cwnd_max>17 throughput_kbps>0.000 goodput_kbps>0.000 retrans>0 total_retrans>0 bytes_acked>75020881
05:35:23.446287 TCPINFO flow>2 window>0.109 samples>178 rtt_avg_us>32545 rtt_min_us>32298 rtt_max_us>33027 cwnd>48 cwnd_min>46 cwnd_max>48 throughput_kbps>15018.819 goodput_kbps>15116.981 retrans>0 total_retrans>0 bytes_acked>66693857
05:35:23.466561 TCPINFO flow>3 window>0.120 samples>91 rtt_avg_us>32295 rtt_min_us>32244 rtt_max_us>32752 cwnd>39 cwnd_min>38 cwnd_max>40 throughput_kbps>12523.751 goodput_kbps>12434.930 retrans>0 total_retrans>0 bytes_acked>47275305
05:35:23.546298 TCPINFO flow>2 window>0.100 samples>178 rtt_avg_us>32462 rtt_min_us>32160 rtt_max_us>32927 cwnd>49 cwnd_min>48 cwnd_max>49 throughput_kbps>15495.895 goodput_kbps>15068.422 retrans>0 total_retrans>0 bytes_acked>66882233
05:35:23.546699 TCPINFO flow>1 window>0.200 samples>3 rtt_avg_us>33309 rtt_min_us>33309 rtt_max_us>33309 cwnd>17 cwnd_min>17 cwnd_max>17 throughput_kbps>0.000 goodput_kbps>0.000 retrans>0 total_retrans>0 bytes_acked>75020881
05:35:23.629482 TCPINFO flow>3 window>0.163 samples>178 rtt_avg_us>32377 rtt_min_us>32223 rtt_max_us>32883 cwnd>42 cwnd_min>39 cwnd_max>42 throughput_kbps>12923.662 goodput_kbps>12726.855 retrans>0 total_retrans>0 bytes_acked>47534489
05:35:23.746225 TCPINFO flow>3 window>0.117 samples>177 rtt_avg_us>32480 rtt_min_us>32130 rtt_max_us>32895 cwnd>44 cwnd_min>41 cwnd_max>44 throughput_kbps>13824.281 goodput_kbps>13458.075 retrans>0 total_retrans>0 bytes_acked>47730881
05:35:23.746300 TCPINFO flow>2 window>0.200 samples>131 rtt_avg_us>32352 rtt_min_us>32183 rtt_max_us>32776 cwnd>49 cwnd_min>48 cwnd_max>49 throughput_kbps>14909.611 goodput_kbps>15016.490 retrans>0 total_retrans>0 bytes_acked>67257649
05:35:23.746699 TCPINFO flow>1 window>0.200 samples>3 rtt_avg_us>33309 rtt_min_us>33309 rtt_max_us>33309 cwnd>17 cwnd_min>17 cwnd_max>17 throughput_kbps>0.000 goodput_kbps>0.000 retrans>0 total_retrans>0 bytes_acked>75020881
05:35:23.846706 TCPINFO flow>1 window>0.100 samples>2 rtt_avg_us>33309 rtt_min_us>33309 rtt_max_us>33309 cwnd>17 cwnd_min>17 cwnd_max>17 throughput_kbps>0.000 goodput_kbps>0.000 retrans>0 total_retrans>0 bytes_acked>75020881
05:35:23.853874 TCPINFO flow>3 window>0.108 samples>90 rtt_avg_us>32624 rtt_min_us>32432 rtt_max_us>33046 cwnd>46 cwnd_min>44 cwnd_max>46 throughput_kbps>14297.132 goodput_kbps>14297.132 retrans>0 total_retrans>0 bytes_acked>47923265
05:35:23.946299 TCPINFO flow>2 window>0.200 samples>3 rtt_avg_us>32808 rtt_min_us>32272 rtt_max_us>33376 cwnd>49 cwnd_min>49 cwnd_max>50 throughput_kbps>8041.000 goodput_kbps>10445.812 retrans>0 total_retrans>0 bytes_acked>67518793
05:35:23.992298 TCPINFO flow>3 window>0.138 samples>178 rtt_avg_us>32666 rtt_min_us>32299 rtt_max_us>33046 cwnd>49 cwnd_min>46 cwnd_max>49 throughput_kbps>14901.925 goodput_kbps>14824.712 retrans>0 total_retrans>0 bytes_acked>48179777
05:35:24.046698 TCPINFO flow>1 window>0.200 samples>3 rtt_avg_us>33309 rtt_min_us>33309 rtt_max_us>33309 cwnd>17 cwnd_min>17 cwnd_max>17 throughput_kbps>0.000 goodput_kbps>0.000 retrans>0 total_retrans>0 bytes_acked>75020881
05:35:24.119861 TCPINFO flow>3 window>0.128 samples>177 rtt_avg_us>32342 rtt_min_us>32062 rtt_max_us>32707 cwnd>53 cwnd_min>49 cwnd_max>53 throughput_kbps>16505.852 goodput_kbps>16254.494 retrans>0 total_retrans>0 bytes_acked>48438961
05:35:24.146298 TCPINFO flow>2 window>0.200 samples>3 rtt_avg_us>33376 rtt_min_us>33376 rtt_max_us>33376 cwnd>49 cwnd_min>49 cwnd_max>49 throughput_kbps>0.000 goodput_kbps>0.000 retrans>0 total_retrans>0 bytes_acked>67518793
05:35:24.146718 TCPINFO flow>1 window>0.100 samples>2 rtt_avg_us>33309 rtt_min_us>33309 rtt_max_us>33309 cwnd>17 cwnd_min>17 cwnd_max>17 throughput_kbps>0.000 goodput_kbps>0.000 retrans>0 total_retrans>0 bytes_acked>75020881
05:35:24.242685 TCPINFO flow>3 window>0.123 samples>177 rtt_avg_us>32117 rtt_min_us>31932 rtt_max_us>32379 cwnd>56 cwnd_min>53 cwnd_max>56 throughput_kbps>17229.727 goodput_kbps>16968.671 retrans>0 total_retrans>0 bytes_acked>48699481
05:35:24.346224 TCPINFO flow>3 window>0.104 samples>177 rtt_avg_us>32112 rtt_min_us>31926 rtt_max_us>32412 cwnd>58 cwnd_min>56 cwnd_max>58 throughput_kbps>18374.371 goodput_kbps>17858.237 retrans>0 total_retrans>0 bytes_acked>48930609
05:35:24.346299 TCPINFO flow>2 window>0.200 samples>3 rtt_avg_us>33376 rtt_min_us>33376 rtt_max_us>33376 cwnd>49 cwnd_min>49 cwnd_max>49 throughput_kbps>0.000 goodput_kbps>0.000 retrans>0 total_retrans>0 bytes_acked>67518793
05:35:24.346699 TCPINFO flow>1 window>0.200 samples>3 rtt_avg_us>33309 rtt_min_us>33309 rtt_max_us>33309 cwnd>17 cwnd_min>17 cwnd_max>17 throughput_kbps>0.000 goodput_kbps>0.000 retrans>0 total_retrans>0 bytes_acked>75020881
05:35:24.446227 TCPINFO flow>3 window>0.100 samples>177 rtt_avg_us>32109 rtt_min_us>32007 rtt_max_us>32346 cwnd>61 cwnd_min>58 cwnd_max>61 throughput_kbps>19130.946 goodput_kbps>19024.069 retrans>0 total_retrans>0 bytes_acked>49168417
05:35:24.546214 TCPINFO flow>2 window>0.200 samples>3 rtt_avg_us>33376 rtt_min_us>33376 rtt_max_us>33376 cwnd>49 cwnd_min>49 cwnd_max>49 throughput_kbps>53.463 goodput_kbps>0.000 retrans>0 total_retrans>0 bytes_acked>67518793
05:35:24.546703 TCPINFO flow>1 window>0.200 samples>3 rtt_avg_us>33309 rtt_min_us>33309 rtt_max_us>33309 cwnd>17 cwnd_min>17 cwnd_max>17 throughput_kbps>0.000 goodput_kbps>0.000 retrans>0 total_retrans>0 bytes_acked>75020881
05:35:24.570872 TCPINFO flow>3 window>0.125 samples>178 rtt_avg_us>31972 rtt_min_us>31829 rtt_max_us>32500 cwnd>64 cwnd_min>61 cwnd_max>64 throughput_kbps>19807.678 goodput_kbps>19721.930 retrans>0 total_retrans>0 bytes_acked>49475697
05:35:24.646298 TCPINFO flow>2 window>0.100 samples>372 rtt_avg_us>33250 rtt_min_us>31991 rtt_max_us>33376 cwnd>48 cwnd_min>48 cwnd_max>49 throughput_kbps>15591.383 goodput_kbps>10572.239 retrans>0 total_retrans>0 bytes_acked>67651057
05:35:24.670980 TCPINFO flow>3 window>0.100 samples>188 rtt_avg_us>32099 rtt_min_us>31651 rtt_max_us>32638 cwnd>63 cwnd_min>63 cwnd_max>64 throughput_kbps>19975.866 goodput_kbps>19828.825 retrans>0 total_retrans>0 bytes_acked>49723825
05:35:24.746299 TCPINFO flow>2 window>0.100 samples>178 rtt_avg_us>32382 rtt_min_us>31991 rtt_max_us>32690 cwnd>44 cwnd_min>44 cwnd_max>48 throughput_kbps>14428.656 goodput_kbps>14856.171 retrans>0 total_retrans>0 bytes_acked>67836761
05:35:24.746699 TCPINFO flow>1 window>0.200 samples>3 rtt_avg_us>33309 rtt_min_us>33309 rtt_max_us>33309 cwnd>17 cwnd_min>17 cwnd_max>17 throughput_kbps>0.000 goodput_kbps>0.000 retrans>0 total_retrans>0 bytes_acked>75020881
05:35:24.846221 TCPINFO flow>3 window>0.175 samples>83 rtt_avg_us>31772 rtt_min_us>31622 rtt_max_us>32132 cwnd>61 cwnd_min>61 cwnd_max>64 throughput_kbps>9621.858 goodput_kbps>13243.294 retrans>0 total_retrans>0 bytes_acked>50013921
05:35:24.846305 TCPINFO flow>2 window>0.100 samples>178 rtt_avg_us>32175 rtt_min_us>32066 rtt_max_us>32388 cwnd>45 cwnd_min>44 cwnd_max>45 throughput_kbps>14142.511 goodput_kbps>14035.638 retrans>0 total_retrans>0 bytes_acked>68012217
05:35:24.946695 TCPINFO flow>1 window>0.200 samples>3 rtt_avg_us>33309 rtt_min_us>33309 rtt_max_us>33309 cwnd>17 cwnd_min>17 cwnd_max>17 throughput_kbps>0.000 goodput_kbps>0.000 retrans>0 total_retrans>0 bytes_acked>75020881
05:35:24.969736 TCPINFO flow>2 window>0.123 samples>3 rtt_avg_us>32143 rtt_min_us>32048 rtt_max_us>32282 cwnd>46 cwnd_min>45 cwnd_max>46 throughput_kbps>14374.088 goodput_kbps>14460.678 retrans>0 total_retrans>0 bytes_acked>68235329
05:35:25.046219 TCPINFO flow>3 window>0.200 samples>3 rtt_avg_us>32132 rtt_min_us>32132 rtt_max_us>32132 cwnd>61 cwnd_min>61 cwnd_max>61 throughput_kbps>0.000 goodput_kbps>0.000 retrans>0 total_retrans>0 bytes_acked>50013921
05:35:25.046698 TCPINFO flow>1 window>0.100 samples>2 rtt_avg_us>33309 rtt_min_us>33309 rtt_max_us>33309 cwnd>17 cwnd_min>17 cwnd_max>17 throughput_kbps>0.000 goodput_kbps>0.000 retrans>0 total_retrans>0 bytes_acked>75020881
05:35:25.102912 TCPINFO flow>2 window>0.133 samples>178 rtt_avg_us>32122 rtt_min_us>32031 rtt_max_us>32340 cwnd>50 cwnd_min>46 cwnd_max>50 throughput_kbps>15649.667 goodput_kbps>15489.157 retrans>0 total_retrans>0 bytes_acked>68493177
05:35:25.146700 TCPINFO flow>1 window>0.100 samples>2 rtt_avg_us>33309 rtt_min_us>33309 rtt_max_us>33309 cwnd>17 cwnd_min>17 cwnd_max>17 throughput_kbps>0.000 goodput_kbps>0.000 retrans>0 total_retrans>0 bytes_acked>75020881
05:35:25.231944 TCPINFO flow>2 window>0.129 samples>178 rtt_avg_us>32341 rtt_min_us>32145 rtt_max_us>32712 cwnd>54 cwnd_min>50 cwnd_max>54 throughput_kbps>16732.097 goodput_kbps>16235.104 retrans>0 total_retrans>0 bytes_acked>68755033
05:35:25.246220 TCPINFO flow>3 window>0.200 samples>3 rtt_avg_us>32132 rtt_min_us>32132 rtt_max_us>32132 cwnd>61 cwnd_min>61 cwnd_max>61 throughput_kbps>0.000 goodput_kbps>0.000 retrans>0 total_retrans>0 bytes_acked>50013921
05:35:25.346298 TCPINFO flow>2 window>0.114 samples>179 rtt_avg_us>32337 rtt_min_us>32020 rtt_max_us>32636 cwnd>56 cwnd_min>54 cwnd_max>56 throughput_kbps>17851.654 goodput_kbps>17477.797 retrans>0 total_retrans>0 bytes_acked>69004865
05:35:25.346713 TCPINFO flow>1 window>0.200 samples>3 rtt_avg_us>33309 rtt_min_us>33309 rtt_max_us>33309 cwnd>17 cwnd_min>17 cwnd_max>17 throughput_kbps>0.000 goodput_kbps>0.000 retrans>0 total_retrans>0 bytes_acked>75020881
05:35:25.446214 TCPINFO flow>3 window>0.200 samples>3 rtt_avg_us>32132 rtt_min_us>32132 rtt_max_us>32132 cwnd>61 cwnd_min>61 cwnd_max>61 throughput_kbps>0.000 goodput_kbps>0.000 retrans>0 total_retrans>0 bytes_acked>50013921
05:35:25.446300 TCPINFO flow>2 window>0.100 samples>178 rtt_avg_us>32200 rtt_min_us>31923 rtt_max_us>32665 cwnd>59 cwnd_min>56 cwnd_max>59 throughput_kbps>18489.870 goodput_kbps>18489.870 retrans>0 total_retrans>0 bytes_acked>69235993
05:35:25.546226 TCPINFO flow>3 window>0.100 samples>3 rtt_avg_us>32132 rtt_min_us>32132 rtt_max_us>32132 cwnd>61 cwnd_min>61 cwnd_max>61 throughput_kbps>106.867 goodput_kbps>0.000 retrans>0 total_retrans>0 bytes_acked>50013921
05:35:25.546690 TCPINFO flow>1 window>0.200 samples>3 rtt_avg_us>33309 rtt_min_us>33309 rtt_max_us>33309 cwnd>17 cwnd_min>17 cwnd_max>17 throughput_kbps>0.000 goodput_kbps>0.000 retrans>0 total_retrans>0 bytes_acked>75020881
05:35:25.578921 TCPINFO flow>2 window>0.133 samples>179 rtt_avg_us>32166 rtt_min_us>31967 rtt_max_us>32534 cwnd>62 cwnd_min>59 cwnd_max>62 throughput_kbps>17729.922 goodput_kbps>17649.332 retrans>0 total_retrans>0 bytes_acked>69528577
05:35:25.682014 TCPINFO flow>3 window>0.136 samples>277 rtt_avg_us>32126 rtt_min_us>31981 rtt_max_us>32631 cwnd>57 cwnd_min>57 cwnd_max>61 throughput_kbps>18969.335 goodput_kbps>14797.655 retrans>0 total_retrans>0 bytes_acked>50265089
05:35:25.746291 TCPINFO flow>2 window>0.167 samples>118 rtt_avg_us>31939 rtt_min_us>31820 rtt_max_us>32201 cwnd>56 cwnd_min>56 cwnd_max>62 throughput_kbps>18902.121 goodput_kbps>18965.980 retrans>0 total_retrans>0 bytes_acked>69925369
05:35:25.746696 TCPINFO flow>1 window>0.200 samples>3 rtt_avg_us>33309 rtt_min_us>33309 rtt_max_us>33309 cwnd>17 cwnd_min>17 cwnd_max>17 throughput_kbps>0.000 goodput_kbps>0.000 retrans>0 total_retrans>0 bytes_acked>75020881
05:35:25.824088 TCPINFO flow>3 window>0.142 samples>222 rtt_avg_us>32017 rtt_min_us>31670 rtt_max_us>32631 cwnd>53 cwnd_min>52 cwnd_max>58 throughput_kbps>17302.532 goodput_kbps>17678.674 retrans>0 total_retrans>0 bytes_acked>50579049
05:35:25.846293 TCPINFO flow>2 window>0.100 samples>2 rtt_avg_us>32168 rtt_min_us>32024 rtt_max_us>32313 cwnd>55 cwnd_min>55 cwnd_max>56 throughput_kbps>1544.289 goodput_kbps>7529.449 retrans>0 total_retrans>0 bytes_acked>70019489
05:35:25.942298 TCPINFO flow>3 window>0.118 samples>177 rtt_avg_us>32035 rtt_min_us>31869 rtt_max_us>32231 cwnd>57 cwnd_min>53 cwnd_max>57 throughput_kbps>17992.657 goodput_kbps>17630.996 retrans>0 total_retrans>0 bytes_acked>50839569
05:35:25.946294 TCPINFO flow>2 window>0.100 samples>2 rtt_avg_us>32313 rtt_min_us>32313 rtt_max_us>32313 cwnd>55 cwnd_min>55 cwnd_max>55 throughput_kbps>0.000 goodput_kbps>0.000 retrans>0 total_retrans>0 bytes_acked>70019489
05:35:25.946692 TCPINFO flow>1 window>0.200 samples>3 rtt_avg_us>33309 rtt_min_us>33309 rtt_max_us>33309 cwnd>17 cwnd_min>17 cwnd_max>17 throughput_kbps>0.000 goodput_kbps>0.000 retrans>0 total_retrans>0 bytes_acked>75020881
05:35:26.046224 TCPINFO flow>3 window>0.104 samples>177 rtt_avg_us>31971 rtt_min_us>31844 rtt_max_us>32214 cwnd>60 cwnd_min>57 cwnd_max>60 throughput_kbps>19025.845 goodput_kbps>18717.318 retrans>0 total_retrans>0 bytes_acked>51082721
05:35:26.046693 TCPINFO flow>1 window>0.100 samples>2 rtt_avg_us>33309 rtt_min_us>33309 rtt_max_us>33309 cwnd>17 cwnd_min>17 cwnd_max>17 throughput_kbps>0.000 goodput_kbps>0.000 retrans>0 total_retrans>0 bytes_acked>75020881
05:35:26.146229 TCPINFO flow>3 window>0.100 samples>177 rtt_avg_us>32215 rtt_min_us>31895 rtt_max_us>32510 cwnd>63 cwnd_min>60 cwnd_max>63 throughput_kbps>19558.062 goodput_kbps>19023.689 retrans>0 total_retrans>0 bytes_acked>51320529
05:35:26.146290 TCPINFO flow>2 window>0.200 samples>3 rtt_avg_us>32313 rtt_min_us>32313 rtt_max_us>32313 cwnd>55 cwnd_min>55 cwnd_max>55 throughput_kbps>0.000 goodput_kbps>0.000 retrans>0 total_retrans>0 bytes_acked>70019489
05:35:26.246302 TCPINFO flow>2 window>0.100 samples>2 rtt_avg_us>32313 rtt_min_us>32313 rtt_max_us>32313 cwnd>55 cwnd_min>55 cwnd_max>55 throughput_kbps>0.000 goodput_kbps>0.000 retrans>0 total_retrans>0 bytes_acked>70019489
05:35:26.246694 TCPINFO flow>1 window>0.200 samples>3 rtt_avg_us>33309 rtt_min_us>33309 rtt_max_us>33309 cwnd>17 cwnd_min>17 cwnd_max>17 throughput_kbps>0.000 goodput_kbps>0.000 retrans>0 total_retrans>0 bytes_acked>75020881
05:35:26.284287 TCPINFO flow>3 window>0.138 samples>223 rtt_avg_us>31961 rtt_min_us>31808 rtt_max_us>32313 cwnd>67 cwnd_min>63 cwnd_max>67 throughput_kbps>20825.102 goodput_kbps>20747.686 retrans>0 total_retrans>0 bytes_acked>51678577
05:35:26.405549 TCPINFO flow>3 window>0.121 samples>224 rtt_avg_us>31886 rtt_min_us>31748 rtt_max_us>32323 cwnd>69 cwnd_min>67 cwnd_max>69 throughput_kbps>21329.815 goodput_kbps>21153.535 retrans>0 total_retrans>0 bytes_acked>51999217
05:35:26.446290 TCPINFO flow>2 window>0.200 samples>3 rtt_avg_us>32313 rtt_min_us>32313 rtt_max_us>32313 cwnd>55 cwnd_min>55 cwnd_max>55 throughput_kbps>0.000 goodput_kbps>0.000 retrans>0 total_retrans>0 bytes_acked>70019489
05:35:26.446691 TCPINFO flow>1 window>0.200 samples>3 rtt_avg_us>33309 rtt_min_us>33309 rtt_max_us>33309 cwnd>17 cwnd_min>17 cwnd_max>17 throughput_kbps>0.000 goodput_kbps>0.000 retrans>0 total_retrans>0 bytes_acked>75020881
05:35:26.526258 TCPINFO flow>3 window>0.121 samples>221 rtt_avg_us>32035 rtt_min_us>31705 rtt_max_us>32952 cwnd>70 cwnd_min>69 cwnd_max>70 throughput_kbps>21427.532 goodput_kbps>21073.358 retrans>0 total_retrans>0 bytes_acked>52317185
05:35:26.546315 TCPINFO flow>2 window>0.100 samples>3 rtt_avg_us>32313 rtt_min_us>32313 rtt_max_us>32313 cwnd>55 cwnd_min>55 cwnd_max>55 throughput_kbps>106.853 goodput_kbps>0.000 retrans>0 total_retrans>0 bytes_acked>70019489
05:35:26.546694 TCPINFO flow>1 window>0.100 samples>2 rtt_avg_us>33309 rtt_min_us>33309 rtt_max_us>33309 cwnd>17 cwnd_min>17 cwnd_max>17 throughput_kbps>0.000 goodput_kbps>0.000 retrans>0 total_retrans>0 bytes_acked>75020881
05:35:26.646220 TCPINFO flow>3 window>0.120 samples>32 rtt_avg_us>32650 rtt_min_us>31958 rtt_max_us>32952 cwnd>72 cwnd_min>70 cwnd_max>72 throughput_kbps>7107.851 goodput_kbps>13166.303 retrans>0 total_retrans>0 bytes_acked>52514617
05:35:26.646700 TCPINFO flow>1 window>0.100 samples>2 rtt_avg_us>33309 rtt_min_us>33309 rtt_max_us>33309 cwnd>17 cwnd_min>17 cwnd_max>17 throughput_kbps>0.000 goodput_kbps>0.000 retrans>0 total_retrans>0 bytes_acked>75020881
05:35:26.666017 TCPINFO flow>2 window>0.120 samples>366 rtt_avg_us>32279 rtt_min_us>31805 rtt_max_us>32340 cwnd>57 cwnd_min>55 cwnd_max>57 throughput_kbps>18125.545 goodput_kbps>13571.837 retrans>0 total_retrans>0 bytes_acked>70222561
05:35:26.785266 TCPINFO flow>2 window>0.119 samples>178 rtt_avg_us>32038 rtt_min_us>31821 rtt_max_us>32826 cwnd>58 cwnd_min>55 cwnd_max>58 throughput_kbps>17925.517 goodput_kbps>17656.634 retrans>0 total_retrans>0 bytes_acked>70485753
05:35:26.846222 TCPINFO flow>3 window>0.200 samples>3 rtt_avg_us>32727 rtt_min_us>32727 rtt_max_us>32727 cwnd>72 cwnd_min>72 cwnd_max>72 throughput_kbps>0.000 goodput_kbps>0.000 retrans>0 total_retrans>0 bytes_acked>52514617
05:35:26.846696 TCPINFO flow>1 window>0.200 samples>3 rtt_avg_us>33309 rtt_min_us>33309 rtt_max_us>33309 cwnd>17 cwnd_min>17 cwnd_max>17 throughput_kbps>0.000 goodput_kbps>0.000 retrans>0 total_retrans>0 bytes_acked>75020881
05:35:26.891240 TCPINFO flow>2 window>0.106 samples>178 rtt_avg_us>32265 rtt_min_us>31936 rtt_max_us>32863 cwnd>58 cwnd_min>58 cwnd_max>59 throughput_kbps>18960.726 goodput_kbps>18960.726 retrans>0 total_retrans>0 bytes_acked>70736921
05:35:26.946226 TCPINFO flow>3 window>0.100 samples>2 rtt_avg_us>32727 rtt_min_us>32727 rtt_max_us>32727 cwnd>72 cwnd_min>72 cwnd_max>72 throughput_kbps>0.000 goodput_kbps>0.000 retrans>0 total_retrans>0 bytes_acked>52514617
05:35:26.998443 TCPINFO flow>2 window>0.107 samples>178 rtt_avg_us>32025 rtt_min_us>31894 rtt_max_us>32298 cwnd>61 cwnd_min>58 cwnd_max>61 throughput_kbps>19441.247 goodput_kbps>19341.548 retrans>0 total_retrans>0 bytes_acked>70996105
05:35:27.046696 TCPINFO flow>1 window>0.200 samples>3 rtt_avg_us>33309 rtt_min_us>33309 rtt_max_us>33309 cwnd>17 cwnd_min>17 cwnd_max>17 throughput_kbps>0.000 goodput_kbps>0.000 retrans>0 total_retrans>0 bytes_acked>75020881
05:35:27.101508 TCPINFO flow>2 window>0.103 samples>179 rtt_avg_us>32007 rtt_min_us>31866 rtt_max_us>32312 cwnd>64 cwnd_min>61 cwnd_max>64 throughput_kbps>20118.100 goodput_kbps>19910.697 retrans>0 total_retrans>0 bytes_acked>71252617
05:35:27.146233 TCPINFO flow>3 window>0.200 samples>3 rtt_avg_us>32727 rtt_min_us>32727 rtt_max_us>32727 cwnd>72 cwnd_min>72 cwnd_max>72 throughput_kbps>0.000 goodput_kbps>0.000 retrans>0 total_retrans>0 bytes_acked>52514617
05:35:27.202489 TCPINFO flow>2 window>0.101 samples>178 rtt_avg_us>32142 rtt_min_us>31925 rtt_max_us>32512 cwnd>67 cwnd_min>64 cwnd_max>67 throughput_kbps>21168.339 goodput_kbps>20744.972 retrans>0 total_retrans>0 bytes_acked>71514473
05:35:27.246700 TCPINFO flow>1 window>0.200 samples>3 rtt_avg_us>33309 rtt_min_us>33309 rtt_max_us>33309 cwnd>17 cwnd_min>17 cwnd_max>17 throughput_kbps>0.000 goodput_kbps>0.000 retrans>0 total_retrans>0 bytes_acked>75020881
05:35:27.302498 TCPINFO flow>2 window>0.100 samples>237 rtt_avg_us>31928 rtt_min_us>31765 rtt_max_us>32576 cwnd>69 cwnd_min>67 cwnd_max>69 throughput_kbps>21374.076 goodput_kbps>21053.465 retrans>0 total_retrans>0 bytes_acked>71777665
05:35:27.346217 TCPINFO flow>3 window>0.200 samples>3 rtt_avg_us>32727 rtt_min_us>32727 rtt_max_us>32727 cwnd>72 cwnd_min>72 cwnd_max>72 throughput_kbps>0.000 goodput_kbps>0.000 retrans>0 total_retrans>0 bytes_acked>52514617
05:35:27.402597 TCPINFO flow>2 window>0.100 samples>236 rtt_avg_us>32165 rtt_min_us>31813 rtt_max_us>32663 cwnd>70 cwnd_min>69 cwnd_max>70 throughput_kbps>22209.053 goodput_kbps>22209.053 retrans>0 total_retrans>0 bytes_acked>72055553
05:35:27.446236 TCPINFO flow>3 window>0.100 samples>2 rtt_avg_us>32727 rtt_min_us>32727 rtt_max_us>32727 cwnd>72 cwnd_min>72 cwnd_max>72 throughput_kbps>0.000 goodput_kbps>0.000 retrans>0 total_retrans>0 bytes_acked>52514617
05:35:27.446706 TCPINFO flow>1 window>0.200 samples>3 rtt_avg_us>33309 rtt_min_us>33309 rtt_max_us>33309 cwnd>17 cwnd_min>17 cwnd_max>17 throughput_kbps>0.000 goodput_kbps>0.000 retrans>0 total_retrans>0 bytes_acked>75020881
05:35:27.546270 TCPINFO flow>3 window>0.100 samples>4 rtt_avg_us>32727 rtt_min_us>32727 rtt_max_us>32727 cwnd>72 cwnd_min>72 cwnd_max>72 throughput_kbps>106.844 goodput_kbps>0.000 retrans>0 total_retrans>0 bytes_acked>52514617
05:35:27.546297 TCPINFO flow>2 window>0.144 samples>7 rtt_avg_us>31936 rtt_min_us>31892 rtt_max_us>32027 cwnd>72 cwnd_min>70 cwnd_max>72 throughput_kbps>21032.262 goodput_kbps>22536.284 retrans>0 total_retrans>0 bytes_acked>72460361
05:35:27.646298 TCPINFO flow>2 window>0.100 samples>2 rtt_avg_us>31974 rtt_min_us>31920 rtt_max_us>32027 cwnd>72 cwnd_min>72 cwnd_max>72 throughput_kbps>0.000 goodput_kbps>4785.872 retrans>0 total_retrans>0 bytes_acked>72520185
05:35:27.646699 TCPINFO flow>1 window>0.200 samples>3 rtt_avg_us>33309 rtt_min_us>33309 rtt_max_us>33309 cwnd>17 cwnd_min>17 cwnd_max>17 throughput_kbps>0.000 goodput_kbps>0.000 retrans>0 total_retrans>0 bytes_acked>75020881
05:35:27.681424 TCPINFO flow>3 window>0.135 samples>322 rtt_avg_us>32476 rtt_min_us>31762 rtt_max_us>32727 cwnd>75 cwnd_min>72 cwnd_max>75 throughput_kbps>23724.048 goodput_kbps>18030.277 retrans>0 total_retrans>0 bytes_acked>52819225
05:35:27.807938 TCPINFO flow>3 window>0.127 samples>266 rtt_avg_us>31920 rtt_min_us>31617 rtt_max_us>32499 cwnd>74 cwnd_min>74 cwnd_max>75 throughput_kbps>23570.135 goodput_kbps>24077.019 retrans>0 total_retrans>0 bytes_acked>53199985
05:35:27.846298 TCPINFO flow>2 window>0.200 samples>3 rtt_avg_us>31920 rtt_min_us>31920 rtt_max_us>31920 cwnd>72 cwnd_min>72 cwnd_max>72 throughput_kbps>0.000 goodput_kbps>0.000 retrans>0 total_retrans>0 bytes_acked>72520185
05:35:27.846692 TCPINFO flow>1 window>0.200 samples>3 rtt_avg_us>33309 rtt_min_us>33309 rtt_max_us>33309 cwnd>17 cwnd_min>17 cwnd_max>17 throughput_kbps>0.000 goodput_kbps>0.000 retrans>0 total_retrans>0 bytes_acked>75020881
05:35:27.939418 TCPINFO flow>3 window>0.131 samples>266 rtt_avg_us>31901 rtt_min_us>31643 rtt_max_us>32384 cwnd>74 cwnd_min>74 cwnd_max>75 throughput_kbps>23980.529 goodput_kbps>23655.370 retrans>0 total_retrans>0 bytes_acked>53588761
05:35:27.946693 TCPINFO flow>1 window>0.100 samples>2 rtt_avg_us>33309 rtt_min_us>33309 rtt_max_us>33309 cwnd>17 cwnd_min>17 cwnd_max>17 throughput_kbps>0.000 goodput_kbps>0.000 retrans>0 total_retrans>0 bytes_acked>75020881
05:35:28.046224 TCPINFO flow>3 window>0.107 samples>221 rtt_avg_us>31961 rtt_min_us>31799 rtt_max_us>32390 cwnd>75 cwnd_min>74 cwnd_max>75 throughput_kbps>23616.351 goodput_kbps>23616.351 retrans>0 total_retrans>0 bytes_acked>53904057
05:35:28.046298 TCPINFO flow>2 window>0.200 samples>3 rtt_avg_us>31920 rtt_min_us>31920 rtt_max_us>31920 cwnd>72 cwnd_min>72 cwnd_max>72 throughput_kbps>0.000 goodput_kbps>0.000 retrans>0 total_retrans>0 bytes_acked>72520185
05:35:28.046698 TCPINFO flow>1 window>0.100 samples>2 rtt_avg_us>33309 rtt_min_us>33309 rtt_max_us>33309 cwnd>17 cwnd_min>17 cwnd_max>17 throughput_kbps>0.000 goodput_kbps>0.000 retrans>0 total_retrans>0 bytes_acked>75020881
05:35:28.146241 TCPINFO flow>3 window>0.100 samples>266 rtt_avg_us>31857 rtt_min_us>31694 rtt_max_us>32311 cwnd>76 cwnd_min>74 cwnd_max>76 throughput_kbps>23937.051 goodput_kbps>23402.742 retrans>0 total_retrans>0 bytes_acked>54196641
05:35:28.146299 TCPINFO flow>2 window>0.100 samples>2 rtt_avg_us>31920 rtt_min_us>31920 rtt_max_us>31920 cwnd>72 cwnd_min>72 cwnd_max>72 throughput_kbps>0.000 goodput_kbps>0.000 retrans>0 total_retrans>0 bytes_acked>72520185
05:35:28.146699 TCPINFO flow>1 window>0.100 samples>2 rtt_avg_us>33309 rtt_min_us>33309 rtt_max_us>33309 cwnd>17 cwnd_min>17 cwnd_max>17 throughput_kbps>0.000 goodput_kbps>0.000 retrans>0 total_retrans>0 bytes_acked>75020881
05:35:28.246271 TCPINFO flow>3 window>0.100 samples>235 rtt_avg_us>31895 rtt_min_us>31694 rtt_max_us>32392 cwnd>76 cwnd_min>75 cwnd_max>76 throughput_kbps>24468.180 goodput_kbps>24468.180 retrans>0 total_retrans>0 bytes_acked>54502585
05:35:28.246702 TCPINFO flow>1 window>0.100 samples>2 rtt_avg_us>33309 rtt_min_us>33309 rtt_max_us>33309 cwnd>17 cwnd_min>17 cwnd_max>17 throughput_kbps>0.000 goodput_kbps>0.000 retrans>0 total_retrans>0 bytes_acked>75020881
05:35:28.346304 TCPINFO flow>2 window>0.200 samples>3 rtt_avg_us>31920 rtt_min_us>31920 rtt_max_us>31920 cwnd>72 cwnd_min>72 cwnd_max>72 throughput_kbps>0.000 goodput_kbps>0.000 retrans>0 total_retrans>0 bytes_acked>72520185
05:35:28.346706 TCPINFO flow>1 window>0.100 samples>2 rtt_avg_us>33309 rtt_min_us>33309 rtt_max_us>33309 cwnd>17 cwnd_min>17 cwnd_max>17 throughput_kbps>0.000 goodput_kbps>0.000 retrans>0 total_retrans>0 bytes_acked>75020881
05:35:28.446235 TCPINFO flow>3 window>0.200 samples>153 rtt_avg_us>32138 rtt_min_us>31694 rtt_max_us>32830 cwnd>75 cwnd_min>75 cwnd_max>76 throughput_kbps>16450.641 goodput_kbps>20512.812 retrans>0 total_retrans>0 bytes_acked>55015313
05:35:28.546179 TCPINFO flow>2 window>0.200 samples>3 rtt_avg_us>31920 rtt_min_us>31920 rtt_max_us>31920 cwnd>72 cwnd_min>72 cwnd_max>72 throughput_kbps>53.473 goodput_kbps>0.000 retrans>0 total_retrans>0 bytes_acked>72520185
05:35:28.546699 TCPINFO flow>1 window>0.200 samples>3 rtt_avg_us>33309 rtt_min_us>33309 rtt_max_us>33309 cwnd>17 cwnd_min>17 cwnd_max>17 throughput_kbps>0.000 goodput_kbps>0.000 retrans>0 total_retrans>0 bytes_acked>75020881
05:35:28.646225 TCPINFO flow>3 window>0.200 samples>3 rtt_avg_us>31871 rtt_min_us>31871 rtt_max_us>31871 cwnd>75 cwnd_min>75 cwnd_max>75 throughput_kbps>0.000 goodput_kbps>0.000 retrans>0 total_retrans>0 bytes_acked>55015313
05:35:28.646298 TCPINFO flow>2 window>0.100 samples>370 rtt_avg_us>31873 rtt_min_us>31393 rtt_max_us>32346 cwnd>73 cwnd_min>72 cwnd_max>73 throughput_kbps>23592.405 goodput_kbps>16226.451 retrans>0 total_retrans>0 bytes_acked>72723257
05:35:28.746694 TCPINFO flow>1 window>0.200 samples>3 rtt_avg_us>33309 rtt_min_us>33309 rtt_max_us>33309 cwnd>17 cwnd_min>17 cwnd_max>17 throughput_kbps>0.000 goodput_kbps>0.000 retrans>0 total_retrans>0 bytes_acked>75020881
05:35:28.758792 TCPINFO flow>2 window>0.112 samples>179 rtt_avg_us>32172 rtt_min_us>31804 rtt_max_us>32568 cwnd>73 cwnd_min>72 cwnd_max>73 throughput_kbps>19191.921 goodput_kbps>19476.950 retrans>0 total_retrans>0 bytes_acked>72997137
05:35:28.846224 TCPINFO flow>3 window>0.200 samples>3 rtt_avg_us>31871 rtt_min_us>31871 rtt_max_us>31871 cwnd>75 cwnd_min>75 cwnd_max>75 throughput_kbps>0.000 goodput_kbps>0.000 retrans>0 total_retrans>0 bytes_acked>55015313
05:35:28.846698 TCPINFO flow>1 window>0.100 samples>2 rtt_avg_us>33309 rtt_min_us>33309 rtt_max_us>33309 cwnd>17 cwnd_min>17 cwnd_max>17 throughput_kbps>0.000 goodput_kbps>0.000 retrans>0 total_retrans>0 bytes_acked>75020881
05:35:28.858870 TCPINFO flow>2 window>0.100 samples>237 rtt_avg_us>31978 rtt_min_us>31577 rtt_max_us>32392 cwnd>71 cwnd_min>71 cwnd_max>73 throughput_kbps>22640.900 goodput_kbps>22747.697 retrans>0 total_retrans>0 bytes_acked>73281705
05:35:29.033538 TCPINFO flow>2 window>0.175 samples>295 rtt_avg_us>32199 rtt_min_us>31467 rtt_max_us>33356 cwnd>66 cwnd_min>66 cwnd_max>71 throughput_kbps>21600.202 goodput_kbps>21906.153 retrans>0 total_retrans>0 bytes_acked>73759993
05:35:29.046219 TCPINFO flow>3 window>0.200 samples>3 rtt_avg_us>31871 rtt_min_us>31871 rtt_max_us>31871 cwnd>75 cwnd_min>75 cwnd_max>75 throughput_kbps>0.000 goodput_kbps>0.000 retrans>0 total_retrans>0 bytes_acked>55015313
05:35:29.046695 TCPINFO flow>1 window>0.200 samples>3 rtt_avg_us>33309 rtt_min_us>33309 rtt_max_us>33309 cwnd>17 cwnd_min>17 cwnd_max>17 throughput_kbps>0.000 goodput_kbps>0.000 retrans>0 total_retrans>0 bytes_acked>75020881
05:35:29.133573 TCPINFO flow>2 window>0.100 samples>204 rtt_avg_us>31904 rtt_min_us>31720 rtt_max_us>32162 cwnd>67 cwnd_min>66 cwnd_max>67 throughput_kbps>21368.521 goodput_kbps>21047.993 retrans>0 total_retrans>0 bytes_acked>74023185
05:35:29.146224 TCPINFO flow>3 window>0.100 samples>2 rtt_avg_us>31871 rtt_min_us>31871 rtt_max_us>31871 cwnd>75 cwnd_min>75 cwnd_max>75 throughput_kbps>0.000 goodput_kbps>0.000 retrans>0 total_retrans>0 bytes_acked>55015313
05:35:29.233574 TCPINFO flow>2 window>0.100 samples>196 rtt_avg_us>31936 rtt_min_us>31731 rtt_max_us>32529 cwnd>65 cwnd_min>64 cwnd_max>67 throughput_kbps>20734.513 goodput_kbps>21162.028 retrans>0 total_retrans>0 bytes_acked>74287713
05:35:29.246695 TCPINFO flow>1 window>0.200 samples>3 rtt_avg_us>33309 rtt_min_us>33309 rtt_max_us>33309 cwnd>17 cwnd_min>17 cwnd_max>17 throughput_kbps>0.000 goodput_kbps>0.000 retrans>0 total_retrans>0 bytes_acked>75020881
05:35:29.333673 TCPINFO flow>2 window>0.100 samples>240 rtt_avg_us>31921 rtt_min_us>31730 rtt_max_us>32456 cwnd>67 cwnd_min>65 cwnd_max>67 throughput_kbps>21141.310 goodput_kbps>20500.664 retrans>0 total_retrans>0 bytes_acked>74544225
05:35:29.346231 TCPINFO flow>3 window>0.200 samples>3 rtt_avg_us>31871 rtt_min_us>31871 rtt_max_us>31871 cwnd>75 cwnd_min>75 cwnd_max>75 throughput_kbps>0.000 goodput_kbps>0.000 retrans>0 total_retrans>0 bytes_acked>55015313
05:35:29.346705 TCPINFO flow>1 window>0.100 samples>2 rtt_avg_us>33309 rtt_min_us>33309 rtt_max_us>33309 cwnd>17 cwnd_min>17 cwnd_max>17 throughput_kbps>0.000 goodput_kbps>0.000 retrans>0 total_retrans>0 bytes_acked>75020881
05:35:29.446236 TCPINFO flow>3 window>0.100 samples>2 rtt_avg_us>31871 rtt_min_us>31871 rtt_max_us>31871 cwnd>75 cwnd_min>75 cwnd_max>75 throughput_kbps>0.000 goodput_kbps>0.000 retrans>0 total_retrans>0 bytes_acked>55015313
05:35:29.446304 TCPINFO flow>2 window>0.113 samples>15 rtt_avg_us>31879 rtt_min_us>31730 rtt_max_us>32035 cwnd>68 cwnd_min>67 cwnd_max>68 throughput_kbps>21540.926 goodput_kbps>21825.608 retrans>0 total_retrans>0 bytes_acked>74851505
05:35:29.546280 TCPINFO flow>3 window>0.100 samples>4 rtt_avg_us>31871 rtt_min_us>31871 rtt_max_us>31871 cwnd>75 cwnd_min>75 cwnd_max>75 throughput_kbps>106.833 goodput_kbps>0.000 retrans>0 total_retrans>0 bytes_acked>55015313
05:35:29.546701 TCPINFO flow>1 window>0.200 samples>3 rtt_avg_us>33309 rtt_min_us>33309 rtt_max_us>33309 cwnd>17 cwnd_min>17 cwnd_max>17 throughput_kbps>0.000 goodput_kbps>0.000 retrans>0 total_retrans>0 bytes_acked>75020881
05:35:29.646291 TCPINFO flow>2 window>0.200 samples>3 rtt_avg_us>32243 rtt_min_us>32035 rtt_max_us>32347 cwnd>68 cwnd_min>68 cwnd_max>68 throughput_kbps>3408.542 goodput_kbps>6775.480 retrans>0 total_retrans>0 bytes_acked>75020881
05:35:29.698287 TCPINFO flow>3 window>0.152 samples>369 rtt_avg_us>31833 rtt_min_us>31670 rtt_max_us>32379 cwnd>75 cwnd_min>74 cwnd_max>76 throughput_kbps>24257.830 goodput_kbps>19265.639 retrans>0 total_retrans>0 bytes_acked>55381377
05:35:29.746691 TCPINFO flow>1 window>0.200 samples>3 rtt_avg_us>33309 rtt_min_us>33309 rtt_max_us>33309 cwnd>17 cwnd_min>17 cwnd_max>17 throughput_kbps>0.000 goodput_kbps>0.000 retrans>0 total_retrans>0 bytes_acked>75020881
05:35:29.829774 TCPINFO flow>3 window>0.131 samples>265 rtt_avg_us>32025 rtt_min_us>31682 rtt_max_us>32476 cwnd>73 cwnd_min>73 cwnd_max>75 throughput_kbps>22759.969 goodput_kbps>23085.111 retrans>0 total_retrans>0 bytes_acked>55760801
05:35:29.846302 TCPINFO flow>2 window>0.200 samples>3 rtt_avg_us>32347 rtt_min_us>32347 rtt_max_us>32347 cwnd>68 cwnd_min>68 cwnd_max>68 throughput_kbps>0.000 goodput_kbps>0.000 retrans>0 total_retrans>0 bytes_acked>75020881
05:35:29.846711 TCPINFO flow>1 window>0.100 samples>2 rtt_avg_us>33309 rtt_min_us>33309 rtt_max_us>33309 cwnd>17 cwnd_min>17 cwnd_max>17 throughput_kbps>0.000 goodput_kbps>0.000 retrans>0 total_retrans>0 bytes_acked>75020881
05:35:29.946224 TCPINFO flow>3 window>0.116 samples>266 rtt_avg_us>31992 rtt_min_us>31723 rtt_max_us>32439 cwnd>73 cwnd_min>71 cwnd_max>73 throughput_kbps>23312.598 goodput_kbps>23404.380 retrans>0 total_retrans>0 bytes_acked>56101481
05:35:30.046292 TCPINFO flow>2 window>0.200 samples>3 rtt_avg_us>32347 rtt_min_us>32347 rtt_max_us>32347 cwnd>68 cwnd_min>68 cwnd_max>68 throughput_kbps>0.000 goodput_kbps>0.000 retrans>0 total_retrans>0 bytes_acked>75020881
05:35:30.046691 TCPINFO flow>1 window>0.200 samples>3 rtt_avg_us>33309 rtt_min_us>33309 rtt_max_us>33309 cwnd>17 cwnd_min>17 cwnd_max>17 throughput_kbps>0.000 goodput_kbps>0.000 retrans>0 total_retrans>0 bytes_acked>75020881
05:35:30.096224 TCPINFO flow>3 window>0.150 samples>267 rtt_avg_us>31937 rtt_min_us>31739 rtt_max_us>32466 cwnd>74 cwnd_min>71 cwnd_max>74 throughput_kbps>22872.320 goodput_kbps>22872.320 retrans>0 total_retrans>0 bytes_acked>56530337
05:35:30.225021 TCPINFO flow>3 window>0.129 samples>265 rtt_avg_us>32114 rtt_min_us>31876 rtt_max_us>32426 cwnd>76 cwnd_min>74 cwnd_max>76 throughput_kbps>23816.207 goodput_kbps>23899.190 retrans>0 total_retrans>0 bytes_acked>56915105
05:35:30.246291 TCPINFO flow>2 window>0.200 samples>3 rtt_avg_us>32347 rtt_min_us>32347 rtt_max_us>32347 cwnd>68 cwnd_min>68 cwnd_max>68 throughput_kbps>0.000 goodput_kbps>0.000 retrans>0 total_retrans>0 bytes_acked>75020881
05:35:30.246692 TCPINFO flow>1 window>0.200 samples>3 rtt_avg_us>33309 rtt_min_us>33309 rtt_max_us>33309 cwnd>17 cwnd_min>17 cwnd_max>17 throughput_kbps>0.000 goodput_kbps>0.000 retrans>0 total_retrans>0 bytes_acked>75020881
05:35:30.338801 TCPINFO flow>3 window>0.114 samples>222 rtt_avg_us>31899 rtt_min_us>31659 rtt_max_us>33050 cwnd>74 cwnd_min>74 cwnd_max>77 throughput_kbps>23296.045 goodput_kbps>22826.367 retrans>0 total_retrans>0 bytes_acked>57239753
05:35:30.346307 TCPINFO flow>2 window>0.100 samples>2 rtt_avg_us>32347 rtt_min_us>32347 rtt_max_us>32347 cwnd>68 cwnd_min>68 cwnd_max>68 throughput_kbps>0.000 goodput_kbps>0.000 retrans>0 total_retrans>0 bytes_acked>75020881
05:35:30.346713 TCPINFO flow>1 window>0.100 samples>2 rtt_avg_us>33309 rtt_min_us>33309 rtt_max_us>33309 cwnd>17 cwnd_min>17 cwnd_max>17 throughput_kbps>0.000 goodput_kbps>0.000 retrans>0 total_retrans>0 bytes_acked>75020881
05:35:30.446246 TCPINFO flow>3 window>0.107 samples>75 rtt_avg_us>31980 rtt_min_us>31808 rtt_max_us>32250 cwnd>76 cwnd_min>74 cwnd_max>76 throughput_kbps>13506.445 goodput_kbps>20569.110 retrans>0 total_retrans>0 bytes_acked>57516009
05:35:30.546247 TCPINFO flow>3 window>0.100 samples>2 rtt_avg_us>31945 rtt_min_us>31945 rtt_max_us>31945 cwnd>76 cwnd_min>76 cwnd_max>76 throughput_kbps>0.000 goodput_kbps>0.000 retrans>0 total_retrans>0 bytes_acked>57516009
05:35:30.546315 TCPINFO flow>2 window>0.200 samples>3 rtt_avg_us>32347 rtt_min_us>32347 rtt_max_us>32347 cwnd>68 cwnd_min>68 cwnd_max>68 throughput_kbps>0.000 goodput_kbps>0.000 retrans>0 total_retrans>0 bytes_acked>75020881
05:35:30.546729 TCPINFO flow>1 window>0.200 samples>3 rtt_avg_us>33309 rtt_min_us>33309 rtt_max_us>33309 cwnd>17 cwnd_min>17 cwnd_max>17 throughput_kbps>0.000 goodput_kbps>0.000 retrans>0 total_retrans>0 bytes_acked>75020881
05:35:30.746234 TCPINFO flow>3 window>0.200 samples>3 rtt_avg_us>31945 rtt_min_us>31945 rtt_max_us>31945 cwnd>76 cwnd_min>76 cwnd_max>76 throughput_kbps>0.000 goodput_kbps>0.000 retrans>0 total_retrans>0 bytes_acked>57516009
05:35:30.746305 TCPINFO flow>2 window>0.200 samples>3 rtt_avg_us>32347 rtt_min_us>32347 rtt_max_us>32347 cwnd>68 cwnd_min>68 cwnd_max>68 throughput_kbps>0.000 goodput_kbps>0.000 retrans>0 total_retrans>0 bytes_acked>75020881
05:35:30.746706 TCPINFO flow>1 window>0.200 samples>3 rtt_avg_us>33309 rtt_min_us>33309 rtt_max_us>33309 cwnd>17 cwnd_min>17 cwnd_max>17 throughput_kbps>0.000 goodput_kbps>0.000 retrans>0 total_retrans>0 bytes_acked>75020881
05:35:30.846237 TCPINFO flow>3 window>0.100 samples>2 rtt_avg_us>31945 rtt_min_us>31945 rtt_max_us>31945 cwnd>76 cwnd_min>76 cwnd_max>76 throughput_kbps>0.000 goodput_kbps>0.000 retrans>0 total_retrans>0 bytes_acked>57516009
05:35:30.846311 TCPINFO flow>2 window>0.100 samples>2 rtt_avg_us>32347 rtt_min_us>32347 rtt_max_us>32347 cwnd>68 cwnd_min>68 cwnd_max>68 throughput_kbps>0.000 goodput_kbps>0.000 retrans>0 total_retrans>0 bytes_acked>75020881
05:35:30.846714 TCPINFO flow>1 window>0.100 samples>2 rtt_avg_us>33309 rtt_min_us>33309 rtt_max_us>33309 cwnd>17 cwnd_min>17 cwnd_max>17 throughput_kbps>0.000 goodput_kbps>0.000 retrans>0 total_retrans>0 bytes_acked>75020881
05:35:31.046242 TCPINFO flow>3 window>0.200 samples>3 rtt_avg_us>31945 rtt_min_us>31945 rtt_max_us>31945 cwnd>76 cwnd_min>76 cwnd_max>76 throughput_kbps>0.000 goodput_kbps>0.000 retrans>0 total_retrans>0 bytes_acked>57516009
05:35:31.046304 TCPINFO flow>2 window>0.200 samples>3 rtt_avg_us>32347 rtt_min_us>32347 rtt_max_us>32347 cwnd>68 cwnd_min>68 cwnd_max>68 throughput_kbps>0.000 goodput_kbps>0.000 retrans>0 total_retrans>0 bytes_acked>75020881
05:35:31.046704 TCPINFO flow>1 window>0.200 samples>3 rtt_avg_us>33309 rtt_min_us>33309 rtt_max_us>33309 cwnd>17 cwnd_min>17 cwnd_max>17 throughput_kbps>0.000 goodput_kbps>0.000 retrans>0 total_retrans>0 bytes_acked>75020881
05:35:31.146269 TCPINFO flow>3 window>0.100 samples>2 rtt_avg_us>31945 rtt_min_us>31945 rtt_max_us>31945 cwnd>76 cwnd_min>76 cwnd_max>76 throughput_kbps>0.000 goodput_kbps>0.000 retrans>0 total_retrans>0 bytes_acked>57516009
05:35:31.146309 TCPINFO flow>2 window>0.100 samples>2 rtt_avg_us>32347 rtt_min_us>32347 rtt_max_us>32347 cwnd>68 cwnd_min>68 cwnd_max>68 throughput_kbps>0.000 goodput_kbps>0.000 retrans>0 total_retrans>0 bytes_acked>75020881
05:35:31.146705 TCPINFO flow>1 window>0.100 samples>2 rtt_avg_us>33309 rtt_min_us>33309 rtt_max_us>33309 cwnd>17 cwnd_min>17 cwnd_max>17 throughput_kbps>0.000 goodput_kbps>0.000 retrans>0 total_retrans>0 bytes_acked>75020881
05:35:31.346236 TCPINFO flow>3 window>0.200 samples>3 rtt_avg_us>31945 rtt_min_us>31945 rtt_max_us>31945 cwnd>76 cwnd_min>76 cwnd_max>76 throughput_kbps>0.000 goodput_kbps>0.000 retrans>0 total_retrans>0 bytes_acked>57516009
05:35:31.346306 TCPINFO flow>2 window>0.200 samples>3 rtt_avg_us>32347 rtt_min_us>32347 rtt_max_us>32347 cwnd>68 cwnd_min>68 cwnd_max>68 throughput_kbps>0.000 goodput_kbps>0.000 retrans>0 total_retrans>0 bytes_acked>75020881
05:35:31.346706 TCPINFO flow>1 window>0.200 samples>3 rtt_avg_us>33309 rtt_min_us>33309 rtt_max_us>33309 cwnd>17 cwnd_min>17 cwnd_max>17 throughput_kbps>0.000 goodput_kbps>0.000 retrans>0 total_retrans>0 bytes_acked>75020881
05:35:31.546183 TCPINFO flow>3 window>0.200 samples>3 rtt_avg_us>31945 rtt_min_us>31945 rtt_max_us>31945 cwnd>76 cwnd_min>76 cwnd_max>76 throughput_kbps>53.454 goodput_kbps>0.000 retrans>0 total_retrans>0 bytes_acked>57516009
05:35:31.546296 TCPINFO flow>2 window>0.200 samples>3 rtt_avg_us>32347 rtt_min_us>32347 rtt_max_us>32347 cwnd>68 cwnd_min>68 cwnd_max>68 throughput_kbps>0.000 goodput_kbps>0.000 retrans>0 total_retrans>0 bytes_acked>75020881
05:35:31.546695 TCPINFO flow>1 window>0.200 samples>3 rtt_avg_us>33309 rtt_min_us>33309 rtt_max_us>33309 cwnd>17 cwnd_min>17 cwnd_max>17 throughput_kbps>0.000 goodput_kbps>0.000 retrans>0 total_retrans>0 bytes_acked>75020881
05:35:31.646218 TCPINFO flow>3 window>0.100 samples>370 rtt_avg_us>31964 rtt_min_us>31864 rtt_max_us>32273 cwnd>75 cwnd_min>75 cwnd_max>76 throughput_kbps>24146.429 goodput_kbps>16881.132 retrans>0 total_retrans>0 bytes_acked>57727097
05:35:31.746223 TCPINFO flow>3 window>0.100 samples>133 rtt_avg_us>32608 rtt_min_us>31645 rtt_max_us>33553 cwnd>75 cwnd_min>75 cwnd_max>75 throughput_kbps>23405.550 goodput_kbps>23084.926 retrans>0 total_retrans>0 bytes_acked>58015673
05:35:31.746299 TCPINFO flow>2 window>0.200 samples>3 rtt_avg_us>32347 rtt_min_us>32347 rtt_max_us>32347 cwnd>68 cwnd_min>68 cwnd_max>68 throughput_kbps>0.000 goodput_kbps>0.000 retrans>0 total_retrans>0 bytes_acked>75020881
05:35:31.746699 TCPINFO flow>1 window>0.200 samples>3 rtt_avg_us>33309 rtt_min_us>33309 rtt_max_us>33309 cwnd>17 cwnd_min>17 cwnd_max>17 throughput_kbps>0.000 goodput_kbps>0.000 retrans>0 total_retrans>0 bytes_acked>75020881
05:35:31.846271 TCPINFO flow>3 window>0.100 samples>231 rtt_avg_us>32600 rtt_min_us>31645 rtt_max_us>33944 cwnd>73 cwnd_min>73 cwnd_max>75 throughput_kbps>22647.689 goodput_kbps>23609.148 retrans>0 total_retrans>0 bytes_acked>58310929
05:35:31.946294 TCPINFO flow>2 window>0.200 samples>3 rtt_avg_us>32347 rtt_min_us>32347 rtt_max_us>32347 cwnd>68 cwnd_min>68 cwnd_max>68 throughput_kbps>0.000 goodput_kbps>0.000 retrans>0 total_retrans>0 bytes_acked>75020881
05:35:31.946693 TCPINFO flow>1 window>0.200 samples>3 rtt_avg_us>33309 rtt_min_us>33309 rtt_max_us>33309 cwnd>17 cwnd_min>17 cwnd_max>17 throughput_kbps>0.000 goodput_kbps>0.000 retrans>0 total_retrans>0 bytes_acked>75020881
05:35:32.000752 TCPINFO flow>3 window>0.154 samples>170 rtt_avg_us>32318 rtt_min_us>31538 rtt_max_us>32979 cwnd>40 cwnd_min>39 cwnd_max>73 throughput_kbps>14252.419 goodput_kbps>15982.082 retrans>1 total_retrans>1 bytes_acked>58619545
05:35:32.046301 TCPINFO flow>2 window>0.100 samples>2 rtt_avg_us>32347 rtt_min_us>32347 rtt_max_us>32347 cwnd>68 cwnd_min>68 cwnd_max>68 throughput_kbps>0.000 goodput_kbps>0.000 retrans>0 total_retrans>0 bytes_acked>75020881
05:35:32.046698 TCPINFO flow>1 window>0.100 samples>2 rtt_avg_us>33309 rtt_min_us>33309 rtt_max_us>33309 cwnd>17 cwnd_min>17 cwnd_max>17 throughput_kbps>0.000 goodput_kbps>0.000 retrans>0 total_retrans>0 bytes_acked>75020881
05:35:32.119650 TCPINFO flow>3 window>0.119 samples>134 rtt_avg_us>31879 rtt_min_us>31671 rtt_max_us>32140 cwnd>44 cwnd_min>40 cwnd_max>44 throughput_kbps>13663.611 goodput_kbps>13304.042 retrans>0 total_retrans>1 bytes_acked>58817273
05:35:32.146699 TCPINFO flow>1 window>0.100 samples>2 rtt_avg_us>33309 rtt_min_us>33309 rtt_max_us>33309 cwnd>17 cwnd_min>17 cwnd_max>17 throughput_kbps>0.000 goodput_kbps>0.000 retrans>0 total_retrans>0 bytes_acked>75020881
05:35:32.225716 TCPINFO flow>3 window>0.106 samples>134 rtt_avg_us>32250 rtt_min_us>32073 rtt_max_us>32691 cwnd>47 cwnd_min>44 cwnd_max>47 throughput_kbps>14611.280 goodput_kbps>14510.512 retrans>0 total_retrans>1 bytes_acked>59009657
05:35:32.246295 TCPINFO flow>2 window>0.200 samples>3 rtt_avg_us>32347 rtt_min_us>32347 rtt_max_us>32347 cwnd>68 cwnd_min>68 cwnd_max>68 throughput_kbps>0.000 goodput_kbps>0.000 retrans>0 total_retrans>0 bytes_acked>75020881
05:35:32.327353 TCPINFO flow>3 window>0.102 samples>134 rtt_avg_us>32140 rtt_min_us>31937 rtt_max_us>32237 cwnd>50 cwnd_min>47 cwnd_max>50 throughput_kbps>15773.783 goodput_kbps>15353.149 retrans>0 total_retrans>1 bytes_acked>59204713
05:35:32.346299 TCPINFO flow>2 window>0.100 samples>2 rtt_avg_us>32347 rtt_min_us>32347 rtt_max_us>32347 cwnd>68 cwnd_min>68 cwnd_max>68 throughput_kbps>0.000 goodput_kbps>0.000 retrans>0 total_retrans>0 bytes_acked>75020881
05:35:32.346702 TCPINFO flow>1 window>0.200 samples>3 rtt_avg_us>33309 rtt_min_us>33309 rtt_max_us>33309 cwnd>17 cwnd_min>17 cwnd_max>17 throughput_kbps>0.000 goodput_kbps>0.000 retrans>0 total_retrans>0 bytes_acked>75020881
05:35:32.446223 TCPINFO flow>3 window>0.119 samples>221 rtt_avg_us>32207 rtt_min_us>32074 rtt_max_us>32457 cwnd>53 cwnd_min>50 cwnd_max>53 throughput_kbps>15914.663 goodput_kbps>15285.270 retrans>0 total_retrans>1 bytes_acked>59431833
05:35:32.546225 TCPINFO flow>3 window>0.100 samples>134 rtt_avg_us>32219 rtt_min_us>32002 rtt_max_us>32498 cwnd>56 cwnd_min>53 cwnd_max>56 throughput_kbps>17421.092 goodput_kbps>17741.725 retrans>0 total_retrans>1 bytes_acked>59653609
05:35:32.546302 TCPINFO flow>2 window>0.200 samples>3 rtt_avg_us>32347 rtt_min_us>32347 rtt_max_us>32347 cwnd>68 cwnd_min>68 cwnd_max>68 throughput_kbps>0.000 goodput_kbps>0.000 retrans>0 total_retrans>0 bytes_acked>75020881
05:35:32.546702 TCPINFO flow>1 window>0.200 samples>3 rtt_avg_us>33309 rtt_min_us>33309 rtt_max_us>33309 cwnd>17 cwnd_min>17 cwnd_max>17 throughput_kbps>0.000 goodput_kbps>0.000 retrans>0 total_retrans>0 bytes_acked>75020881
05:35:32.646244 TCPINFO flow>3 window>0.100 samples>75 rtt_avg_us>32331 rtt_min_us>32068 rtt_max_us>32588 cwnd>59 cwnd_min>56 cwnd_max>59 throughput_kbps>18379.868 goodput_kbps>17738.710 retrans>0 total_retrans>1 bytes_acked>59875385
05:35:32.646307 TCPINFO flow>2 window>0.100 samples>2 rtt_avg_us>32347 rtt_min_us>32347 rtt_max_us>32347 cwnd>68 cwnd_min>68 cwnd_max>68 throughput_kbps>0.000 goodput_kbps>0.000 retrans>0 total_retrans>0 bytes_acked>75020881
05:35:32.646710 TCPINFO flow>1 window>0.100 samples>2 rtt_avg_us>33309 rtt_min_us>33309 rtt_max_us>33309 cwnd>17 cwnd_min>17 cwnd_max>17 throughput_kbps>0.000 goodput_kbps>0.000 retrans>0 total_retrans>0 bytes_acked>75020881
05:35:32.746248 TCPINFO flow>3 window>0.100 samples>2 rtt_avg_us>32152 rtt_min_us>32068 rtt_max_us>32236 cwnd>61 cwnd_min>59 cwnd_max>61 throughput_kbps>5320.107 goodput_kbps>11305.148 retrans>0 total_retrans>1 bytes_acked>60016705
05:35:32.846305 TCPINFO flow>2 window>0.200 samples>3 rtt_avg_us>32347 rtt_min_us>32347 rtt_max_us>32347 cwnd>68 cwnd_min>68 cwnd_max>68 throughput_kbps>0.000 goodput_kbps>0.000 retrans>0 total_retrans>0 bytes_acked>75020881
05:35:32.846706 TCPINFO flow>1 window>0.200 samples>3 rtt_avg_us>33309 rtt_min_us>33309 rtt_max_us>33309 cwnd>17 cwnd_min>17 cwnd_max>17 throughput_kbps>0.000 goodput_kbps>0.000 retrans>0 total_retrans>0 bytes_acked>75020881
05:35:32.946248 TCPINFO flow>3 window>0.200 samples>3 rtt_avg_us>32236 rtt_min_us>32236 rtt_max_us>32236 cwnd>61 cwnd_min>61 cwnd_max>61 throughput_kbps>0.000 goodput_kbps>0.000 retrans>0 total_retrans>1 bytes_acked>60016705
05:35:32.946306 TCPINFO flow>2 window>0.100 samples>2 rtt_avg_us>32347 rtt_min_us>32347 rtt_max_us>32347 cwnd>68 cwnd_min>68 cwnd_max>68 throughput_kbps>0.000 goodput_kbps>0.000 retrans>0 total_retrans>0 bytes_acked>75020881
05:35:32.946707 TCPINFO flow>1 window>0.100 samples>2 rtt_avg_us>33309 rtt_min_us>33309 rtt_max_us>33309 cwnd>17 cwnd_min>17 cwnd_max>17 throughput_kbps>0.000 goodput_kbps>0.000 retrans>0 total_retrans>0 bytes_acked>75020881
05:35:33.046306 TCPINFO flow>2 window>0.100 samples>2 rtt_avg_us>32347 rtt_min_us>32347 rtt_max_us>32347 cwnd>68 cwnd_min>68 cwnd_max>68 throughput_kbps>0.000 goodput_kbps>0.000 retrans>0 total_retrans>0 bytes_acked>75020881
05:35:33.146246 TCPINFO flow>3 window>0.200 samples>3 rtt_avg_us>32236 rtt_min_us>32236 rtt_max_us>32236 cwnd>61 cwnd_min>61 cwnd_max>61 throughput_kbps>0.000 goodput_kbps>0.000 retrans>0 total_retrans>1 bytes_acked>60016705
05:35:33.146705 TCPINFO flow>1 window>0.200 samples>3 rtt_avg_us>33309 rtt_min_us>33309 rtt_max_us>33309 cwnd>17 cwnd_min>17 cwnd_max>17 throughput_kbps>0.000 goodput_kbps>0.000 retrans>0 total_retrans>0 bytes_acked>75020881
05:35:33.246253 TCPINFO flow>3 window>0.100 samples>2 rtt_avg_us>32236 rtt_min_us>32236 rtt_max_us>32236 cwnd>61 cwnd_min>61 cwnd_max>61 throughput_kbps>0.000 goodput_kbps>0.000 retrans>0 total_retrans>1 bytes_acked>60016705
05:35:33.246307 TCPINFO flow>2 window>0.200 samples>3 rtt_avg_us>32347 rtt_min_us>32347 rtt_max_us>32347 cwnd>68 cwnd_min>68 cwnd_max>68 throughput_kbps>0.000 goodput_kbps>0.000 retrans>0 total_retrans>0 bytes_acked>75020881
05:35:33.246707 TCPINFO flow>1 window>0.100 samples>2 rtt_avg_us>33309 rtt_min_us>33309 rtt_max_us>33309 cwnd>17 cwnd_min>17 cwnd_max>17 throughput_kbps>0.000 goodput_kbps>0.000 retrans>0 total_retrans>0 bytes_acked>75020881
05:35:33.346308 TCPINFO flow>2 window>0.100 samples>2 rtt_avg_us>32347 rtt_min_us>32347 rtt_max_us>32347 cwnd>68 cwnd_min>68 cwnd_max>68 throughput_kbps>0.000 goodput_kbps>0.000 retrans>0 total_retrans>0 bytes_acked>75020881
05:35:33.346708 TCPINFO flow>1 window>0.100 samples>2 rtt_avg_us>33309 rtt_min_us>33309 rtt_max_us>33309 cwnd>17 cwnd_min>17 cwnd_max>17 throughput_kbps>0.000 goodput_kbps>0.000 retrans>0 total_retrans>0 bytes_acked>75020881
05:35:33.446247 TCPINFO flow>3 window>0.200 samples>3 rtt_avg_us>32236 rtt_min_us>32236 rtt_max_us>32236 cwnd>61 cwnd_min>61 cwnd_max>61 throughput_kbps>0.000 goodput_kbps>0.000 retrans>0 total_retrans>1 bytes_acked>60016705
05:35:33.446718 TCPINFO flow>1 window>0.100 samples>2 rtt_avg_us>33309 rtt_min_us>33309 rtt_max_us>33309 cwnd>17 cwnd_min>17 cwnd_max>17 throughput_kbps>0.000 goodput_kbps>0.000 retrans>0 total_retrans>0 bytes_acked>75020881
05:35:33.546300 TCPINFO flow>3 window>0.100 samples>4 rtt_avg_us>32236 rtt_min_us>32236 rtt_max_us>32236 cwnd>61 cwnd_min>61 cwnd_max>61 throughput_kbps>106.823 goodput_kbps>0.000 retrans>0 total_retrans>1 bytes_acked>60016705
05:35:33.546307 TCPINFO flow>2 window>0.200 samples>3 rtt_avg_us>32347 rtt_min_us>32347 rtt_max_us>32347 cwnd>68 cwnd_min>68 cwnd_max>68 throughput_kbps>0.000 goodput_kbps>0.000 retrans>0 total_retrans>0 bytes_acked>75020881
05:35:33.646394 TCPINFO flow>3 window>0.100 samples>320 rtt_avg_us>32169 rtt_min_us>31917 rtt_max_us>32236 cwnd>63 cwnd_min>61 cwnd_max>63 throughput_kbps>20288.129 goodput_kbps>13667.792 retrans>0 total_retrans>1 bytes_acked>60187713
05:35:33.646698 TCPINFO flow>1 window>0.200 samples>3 rtt_avg_us>33309 rtt_min_us>33309 rtt_max_us>33309 cwnd>17 cwnd_min>17 cwnd_max>17 throughput_kbps>0.000 goodput_kbps>0.000 retrans>0 total_retrans>0 bytes_acked>75020881
05:35:33.746292 TCPINFO flow>2 window>0.200 samples>3 rtt_avg_us>32347 rtt_min_us>32347 rtt_max_us>32347 cwnd>68 cwnd_min>68 cwnd_max>68 throughput_kbps>0.000 goodput_kbps>0.000 retrans>0 total_retrans>0 bytes_acked>75020881
05:35:33.787830 TCPINFO flow>3 window>0.141 samples>179 rtt_avg_us>32041 rtt_min_us>31869 rtt_max_us>32249 cwnd>67 cwnd_min>63 cwnd_max>67 throughput_kbps>20932.266 goodput_kbps>21007.834 retrans>0 total_retrans>1 bytes_acked>60559121
05:35:33.846299 TCPINFO flow>2 window>0.100 samples>2 rtt_avg_us>32347 rtt_min_us>32347 rtt_max_us>32347 cwnd>68 cwnd_min>68 cwnd_max>68 throughput_kbps>0.000 goodput_kbps>0.000 retrans>0 total_retrans>0 bytes_acked>75020881
05:35:33.846695 TCPINFO flow>1 window>0.200 samples>3 rtt_avg_us>33309 rtt_min_us>33309 rtt_max_us>33309 cwnd>17 cwnd_min>17 cwnd_max>17 throughput_kbps>0.000 goodput_kbps>0.000 retrans>0 total_retrans>0 bytes_acked>75020881
05:35:33.908058 TCPINFO flow>3 window>0.120 samples>221 rtt_avg_us>32034 rtt_min_us>31817 rtt_max_us>32367 cwnd>70 cwnd_min>67 cwnd_max>70 throughput_kbps>21779.951 goodput_kbps>21513.258 retrans>0 total_retrans>1 bytes_acked>60882433
05:35:34.046224 TCPINFO flow>3 window>0.138 samples>266 rtt_avg_us>31931 rtt_min_us>31677 rtt_max_us>35078 cwnd>74 cwnd_min>70 cwnd_max>74 throughput_kbps>22510.661 goodput_kbps>22278.592 retrans>0 total_retrans>1 bytes_acked>61267201
05:35:34.046295 TCPINFO flow>2 window>0.200 samples>3 rtt_avg_us>32347 rtt_min_us>32347 rtt_max_us>32347 cwnd>68 cwnd_min>68 cwnd_max>68 throughput_kbps>0.000 goodput_kbps>0.000 retrans>0 total_retrans>0 bytes_acked>75020881
05:35:34.046694 TCPINFO flow>1 window>0.200 samples>3 rtt_avg_us>33309 rtt_min_us>33309 rtt_max_us>33309 cwnd>17 cwnd_min>17 cwnd_max>17 throughput_kbps>0.000 goodput_kbps>0.000 retrans>0 total_retrans>0 bytes_acked>75020881
05:35:34.177449 TCPINFO flow>3 window>0.131 samples>267 rtt_avg_us>32723 rtt_min_us>31701 rtt_max_us>35197 cwnd>78 cwnd_min>74 cwnd_max>78 throughput_kbps>24678.712 goodput_kbps>23945.681 retrans>0 total_retrans>1 bytes_acked>61659985
05:35:34.246307 TCPINFO flow>2 window>0.200 samples>3 rtt_avg_us>32347 rtt_min_us>32347 rtt_max_us>32347 cwnd>68 cwnd_min>68 cwnd_max>68 throughput_kbps>0.000 goodput_kbps>0.000 retrans>0 total_retrans>0 bytes_acked>75020881
05:35:34.246689 TCPINFO flow>1 window>0.200 samples>3 rtt_avg_us>33309 rtt_min_us>33309 rtt_max_us>33309 cwnd>17 cwnd_min>17 cwnd_max>17 throughput_kbps>0.000 goodput_kbps>0.000 retrans>0 total_retrans>0 bytes_acked>75020881
05:35:34.294583 TCPINFO flow>3 window>0.117 samples>265 rtt_avg_us>31954 rtt_min_us>31728 rtt_max_us>32371 cwnd>81 cwnd_min>78 cwnd_max>81 throughput_kbps>25731.350 goodput_kbps>25731.350 retrans>0 total_retrans>1 bytes_acked>62036737
05:35:34.346691 TCPINFO flow>1 window>0.100 samples>2 rtt_avg_us>33309 rtt_min_us>33309 rtt_max_us>33309 cwnd>17 cwnd_min>17 cwnd_max>17 throughput_kbps>0.000 goodput_kbps>0.000 retrans>0 total_retrans>0 bytes_acked>75020881
05:35:34.446250 TCPINFO flow>3 window>0.152 samples>211 rtt_avg_us>31945 rtt_min_us>31751 rtt_max_us>32310 cwnd>86 cwnd_min>81 cwnd_max>86 throughput_kbps>19927.446 goodput_kbps>25353.650 retrans>0 total_retrans>1 bytes_acked>62517401
05:35:34.446307 TCPINFO flow>2 window>0.200 samples>3 rtt_avg_us>32347 rtt_min_us>32347 rtt_max_us>32347 cwnd>68 cwnd_min>68 cwnd_max>68 throughput_kbps>0.000 goodput_kbps>0.000 retrans>0 total_retrans>0 bytes_acked>75020881
05:35:34.446709 TCPINFO flow>1 window>0.100 samples>2 rtt_avg_us>33309 rtt_min_us>33309 rtt_max_us>33309 cwnd>17 cwnd_min>17 cwnd_max>17 throughput_kbps>0.000 goodput_kbps>0.000 retrans>0 total_retrans>0 bytes_acked>75020881
05:35:34.546311 TCPINFO flow>2 window>0.100 samples>2 rtt_avg_us>32347 rtt_min_us>32347 rtt_max_us>32347 cwnd>68 cwnd_min>68 cwnd_max>68 throughput_kbps>0.000 goodput_kbps>0.000 retrans>0 total_retrans>0 bytes_acked>75020881
05:35:34.646243 TCPINFO flow>3 window>0.200 samples>3 rtt_avg_us>32001 rtt_min_us>32001 rtt_max_us>32001 cwnd>86 cwnd_min>86 cwnd_max>86 throughput_kbps>0.000 goodput_kbps>0.000 retrans>0 total_retrans>1 bytes_acked>62517401
05:35:34.646320 TCPINFO flow>2 window>0.100 samples>2 rtt_avg_us>32347 rtt_min_us>32347 rtt_max_us>32347 cwnd>68 cwnd_min>68 cwnd_max>68 throughput_kbps>0.000 goodput_kbps>0.000 retrans>0 total_retrans>0 bytes_acked>75020881
05:35:34.646707 TCPINFO flow>1 window>0.200 samples>3 rtt_avg_us>33309 rtt_min_us>33309 rtt_max_us>33309 cwnd>17 cwnd_min>17 cwnd_max>17 throughput_kbps>0.000 goodput_kbps>0.000 retrans>0 total_retrans>0 bytes_acked>75020881
05:35:34.746246 TCPINFO flow>3 window>0.100 samples>2 rtt_avg_us>32001 rtt_min_us>32001 rtt_max_us>32001 cwnd>86 cwnd_min>86 cwnd_max>86 throughput_kbps>0.000 goodput_kbps>0.000 retrans>0 total_retrans>1 bytes_acked>62517401
05:35:34.846306 TCPINFO flow>2 window>0.200 samples>3 rtt_avg_us>32347 rtt_min_us>32347 rtt_max_us>32347 cwnd>68 cwnd_min>68 cwnd_max>68 throughput_kbps>0.000 goodput_kbps>0.000 retrans>0 total_retrans>0 bytes_acked>75020881
05:35:34.846707 TCPINFO flow>1 window>0.200 samples>3 rtt_avg_us>33309 rtt_min_us>33309 rtt_max_us>33309 cwnd>17 cwnd_min>17 cwnd_max>17 throughput_kbps>0.000 goodput_kbps>0.000 retrans>0 total_retrans>0 bytes_acked>75020881
05:35:34.946242 TCPINFO flow>3 window>0.200 samples>3 rtt_avg_us>32001 rtt_min_us>32001 rtt_max_us>32001 cwnd>86 cwnd_min>86 cwnd_max>86 throughput_kbps>0.000 goodput_kbps>0.000 retrans>0 total_retrans>1 bytes_acked>62517401
05:35:35.046261 TCPINFO flow>3 window>0.100 samples>2 rtt_avg_us>32001 rtt_min_us>32001 rtt_max_us>32001 cwnd>86 cwnd_min>86 cwnd_max>86 throughput_kbps>0.000 goodput_kbps>0.000 retrans>0 total_retrans>1 bytes_acked>62517401
05:35:35.046312 TCPINFO flow>2 window>0.200 samples>3 rtt_avg_us>32347 rtt_min_us>32347 rtt_max_us>32347 cwnd>68 cwnd_min>68 cwnd_max>68 throughput_kbps>0.000 goodput_kbps>0.000 retrans>0 total_retrans>0 bytes_acked>75020881
05:35:35.046720 TCPINFO flow>1 window>0.200 samples>3 rtt_avg_us>33309 rtt_min_us>33309 rtt_max_us>33309 cwnd>17 cwnd_min>17 cwnd_max>17 throughput_kbps>0.000 goodput_kbps>0.000 retrans>0 total_retrans>0 bytes_acked>75020881
05:35:35.146268 TCPINFO flow>3 window>0.100 samples>2 rtt_avg_us>32001 rtt_min_us>32001 rtt_max_us>32001 cwnd>86 cwnd_min>86 cwnd_max>86 throughput_kbps>0.000 goodput_kbps>0.000 retrans>0 total_retrans>1 bytes_acked>62517401
05:35:35.246310 TCPINFO flow>2 window>0.200 samples>3 rtt_avg_us>32347 rtt_min_us>32347 rtt_max_us>32347 cwnd>68 cwnd_min>68 cwnd_max>68 throughput_kbps>0.000 goodput_kbps>0.000 retrans>0 total_retrans>0 bytes_acked>75020881
05:35:35.246713 TCPINFO flow>1 window>0.200 samples>3 rtt_avg_us>33309 rtt_min_us>33309 rtt_max_us>33309 cwnd>17 cwnd_min>17 cwnd_max>17 throughput_kbps>0.000 goodput_kbps>0.000 retrans>0 total_retrans>0 bytes_acked>75020881
05:35:35.346259 TCPINFO flow>3 window>0.200 samples>3 rtt_avg_us>32001 rtt_min_us>32001 rtt_max_us>32001 cwnd>86 cwnd_min>86 cwnd_max>86 throughput_kbps>0.000 goodput_kbps>0.000 retrans>0 total_retrans>1 bytes_acked>62517401
05:35:35.346314 TCPINFO flow>2 window>0.100 samples>2 rtt_avg_us>32347 rtt_min_us>32347 rtt_max_us>32347 cwnd>68 cwnd_min>68 cwnd_max>68 throughput_kbps>0.000 goodput_kbps>0.000 retrans>0 total_retrans>0 bytes_acked>75020881
05:35:35.346719 TCPINFO flow>1 window>0.100 samples>2 rtt_avg_us>33309 rtt_min_us>33309 rtt_max_us>33309 cwnd>17 cwnd_min>17 cwnd_max>17 throughput_kbps>0.000 goodput_kbps>0.000 retrans>0 total_retrans>0 bytes_acked>75020881
05:35:35.446260 TCPINFO flow>3 window>0.100 samples>2 rtt_avg_us>32001 rtt_min_us>32001 rtt_max_us>32001 cwnd>86 cwnd_min>86 cwnd_max>86 throughput_kbps>0.000 goodput_kbps>0.000 retrans>0 total_retrans>1 bytes_acked>62517401
05:35:35.446721 TCPINFO flow>1 window>0.100 samples>2 rtt_avg_us>33309 rtt_min_us>33309 rtt_max_us>33309 cwnd>17 cwnd_min>17 cwnd_max>17 throughput_kbps>0.000 goodput_kbps>0.000 retrans>0 total_retrans>0 bytes_acked>75020881
05:35:35.546307 TCPINFO flow>2 window>0.200 samples>3 rtt_avg_us>32347 rtt_min_us>32347 rtt_max_us>32347 cwnd>68 cwnd_min>68 cwnd_max>68 throughput_kbps>0.000 goodput_kbps>0.000 retrans>0 total_retrans>0 bytes_acked>75020881
05:35:35.546335 TCPINFO flow>3 window>0.100 samples>4 rtt_avg_us>32001 rtt_min_us>32001 rtt_max_us>32001 cwnd>86 cwnd_min>86 cwnd_max>86 throughput_kbps>106.800 goodput_kbps>0.000 retrans>0 total_retrans>1 bytes_acked>62517401
05:35:35.646704 TCPINFO flow>1 window>0.200 samples>3 rtt_avg_us>33309 rtt_min_us>33309 rtt_max_us>33309 cwnd>17 cwnd_min>17 cwnd_max>17 throughput_kbps>0.000 goodput_kbps>0.000 retrans>0 total_retrans>0 bytes_acked>75020881
05:35:35.671750 TCPINFO flow>3 window>0.125 samples>370 rtt_avg_us>31979 rtt_min_us>31713 rtt_max_us>32398 cwnd>89 cwnd_min>86 cwnd_max>89 throughput_kbps>28463.836 goodput_kbps>21646.151 retrans>0 total_retrans>1 bytes_acked>62856745
05:35:35.746303 TCPINFO flow>2 window>0.200 samples>3 rtt_avg_us>32347 rtt_min_us>32347 rtt_max_us>32347 cwnd>68 cwnd_min>68 cwnd_max>68 throughput_kbps>0.000 goodput_kbps>0.000 retrans>0 total_retrans>0 bytes_acked>75020881
05:35:35.800434 TCPINFO flow>3 window>0.129 samples>310 rtt_avg_us>32009 rtt_min_us>31719 rtt_max_us>32693 cwnd>92 cwnd_min>89 cwnd_max>92 throughput_kbps>28737.434 goodput_kbps>27906.873 retrans>0 total_retrans>1 bytes_acked>63305641
05:35:35.846703 TCPINFO flow>1 window>0.200 samples>3 rtt_avg_us>33309 rtt_min_us>33309 rtt_max_us>33309 cwnd>17 cwnd_min>17 cwnd_max>17 throughput_kbps>0.000 goodput_kbps>0.000 retrans>0 total_retrans>0 bytes_acked>75020881
05:35:35.932506 TCPINFO flow>3 window>0.132 samples>310 rtt_avg_us>33599 rtt_min_us>31652 rtt_max_us>38638 cwnd>91 cwnd_min>91 cwnd_max>93 throughput_kbps>25734.327 goodput_kbps>26462.657 retrans>0 total_retrans>1 bytes_acked>63742513
05:35:35.946302 TCPINFO flow>2 window>0.200 samples>3 rtt_avg_us>32347 rtt_min_us>32347 rtt_max_us>32347 cwnd>68 cwnd_min>68 cwnd_max>68 throughput_kbps>0.000 goodput_kbps>0.000 retrans>0 total_retrans>0 bytes_acked>75020881
05:35:35.946704 TCPINFO flow>1 window>0.100 samples>2 rtt_avg_us>33309 rtt_min_us>33309 rtt_max_us>33309 cwnd>17 cwnd_min>17 cwnd_max>17 throughput_kbps>0.000 goodput_kbps>0.000 retrans>0 total_retrans>0 bytes_acked>75020881
05:35:36.046214 TCPINFO flow>3 window>0.114 samples>310 rtt_avg_us>31862 rtt_min_us>31590 rtt_max_us>32598 cwnd>92 cwnd_min>91 cwnd_max>93 throughput_kbps>29702.466 goodput_kbps>29044.500 retrans>0 total_retrans>1 bytes_acked>64155337
05:35:36.146226 TCPINFO flow>3 window>0.100 samples>310 rtt_avg_us>31926 rtt_min_us>31573 rtt_max_us>32692 cwnd>95 cwnd_min>92 cwnd_max>95 throughput_kbps>29709.075 goodput_kbps>29174.739 retrans>0 total_retrans>1 bytes_acked>64520065
05:35:36.146302 TCPINFO flow>2 window>0.200 samples>3 rtt_avg_us>32347 rtt_min_us>32347 rtt_max_us>32347 cwnd>68 cwnd_min>68 cwnd_max>68 throughput_kbps>0.000 goodput_kbps>0.000 retrans>0 total_retrans>0 bytes_acked>75020881
05:35:36.146703 TCPINFO flow>1 window>0.200 samples>3 rtt_avg_us>33309 rtt_min_us>33309 rtt_max_us>33309 cwnd>17 cwnd_min>17 cwnd_max>17 throughput_kbps>0.000 goodput_kbps>0.000 retrans>0 total_retrans>0 bytes_acked>75020881
05:35:36.246243 TCPINFO flow>3 window>0.100 samples>118 rtt_avg_us>31829 rtt_min_us>31658 rtt_max_us>32211 cwnd>98 cwnd_min>95 cwnd_max>98 throughput_kbps>29790.776 goodput_kbps>31310.517 retrans>0 total_retrans>1 bytes_acked>64911513
05:35:36.246706 TCPINFO flow>1 window>0.100 samples>2 rtt_avg_us>33309 rtt_min_us>33309 rtt_max_us>33309 cwnd>17 cwnd_min>17 cwnd_max>17 throughput_kbps>0.000 goodput_kbps>0.000 retrans>0 total_retrans>0 bytes_acked>75020881
05:35:36.346244 TCPINFO flow>3 window>0.100 samples>2 rtt_avg_us>31944 rtt_min_us>31758 rtt_max_us>32130 cwnd>99 cwnd_min>98 cwnd_max>99 throughput_kbps>0.000 goodput_kbps>8526.635 retrans>0 total_retrans>1 bytes_acked>65018097
05:35:36.346305 TCPINFO flow>2 window>0.200 samples>3 rtt_avg_us>32347 rtt_min_us>32347 rtt_max_us>32347 cwnd>68 cwnd_min>68 cwnd_max>68 throughput_kbps>0.000 goodput_kbps>0.000 retrans>0 total_retrans>0 bytes_acked>75020881
05:35:36.346722 TCPINFO flow>1 window>0.100 samples>2 rtt_avg_us>33309 rtt_min_us>33309 rtt_max_us>33309 cwnd>17 cwnd_min>17 cwnd_max>17 throughput_kbps>0.000 goodput_kbps>0.000 retrans>0 total_retrans>0 bytes_acked>75020881
05:35:36.446258 TCPINFO flow>3 window>0.100 samples>2 rtt_avg_us>31758 rtt_min_us>31758 rtt_max_us>31758 cwnd>99 cwnd_min>99 cwnd_max>99 throughput_kbps>0.000 goodput_kbps>0.000 retrans>0 total_retrans>1 bytes_acked>65018097
05:35:36.446306 TCPINFO flow>2 window>0.100 samples>2 rtt_avg_us>32347 rtt_min_us>32347 rtt_max_us>32347 cwnd>68 cwnd_min>68 cwnd_max>68 throughput_kbps>0.000 goodput_kbps>0.000 retrans>0 total_retrans>0 bytes_acked>75020881
05:35:36.546314 TCPINFO flow>2 window>0.100 samples>2 rtt_avg_us>32347 rtt_min_us>32347 rtt_max_us>32347 cwnd>68 cwnd_min>68 cwnd_max>68 throughput_kbps>0.000 goodput_kbps>0.000 retrans>0 total_retrans>0 bytes_acked>75020881
05:35:36.546722 TCPINFO flow>1 window>0.200 samples>3 rtt_avg_us>33309 rtt_min_us>33309 rtt_max_us>33309 cwnd>17 cwnd_min>17 cwnd_max>17 throughput_kbps>0.000 goodput_kbps>0.000 retrans>0 total_retrans>0 bytes_acked>75020881
05:35:36.646257 TCPINFO flow>3 window>0.200 samples>3 rtt_avg_us>31758 rtt_min_us>31758 rtt_max_us>31758 cwnd>99 cwnd_min>99 cwnd_max>99 throughput_kbps>0.000 goodput_kbps>0.000 retrans>0 total_retrans>1 bytes_acked>65018097
05:35:36.746305 TCPINFO flow>2 window>0.200 samples>3 rtt_avg_us>32347 rtt_min_us>32347 rtt_max_us>32347 cwnd>68 cwnd_min>68 cwnd_max>68 throughput_kbps>0.000 goodput_kbps>0.000 retrans>0 total_retrans>0 bytes_acked>75020881
05:35:36.746705 TCPINFO flow>1 window>0.200 samples>3 rtt_avg_us>33309 rtt_min_us>33309 rtt_max_us>33309 cwnd>17 cwnd_min>17 cwnd_max>17 throughput_kbps>0.000 goodput_kbps>0.000 retrans>0 total_retrans>0 bytes_acked>75020881
05:35:36.846258 TCPINFO flow>3 window>0.200 samples>3 rtt_avg_us>31758 rtt_min_us>31758 rtt_max_us>31758 cwnd>99 cwnd_min>99 cwnd_max>99 throughput_kbps>0.000 goodput_kbps>0.000 retrans>0 total_retrans>1 bytes_acked>65018097
05:35:36.846711 TCPINFO flow>1 window>0.100 samples>2 rtt_avg_us>33309 rtt_min_us>33309 rtt_max_us>33309 cwnd>17 cwnd_min>17 cwnd_max>17 throughput_kbps>0.000 goodput_kbps>0.000 retrans>0 total_retrans>0 bytes_acked>75020881
05:35:36.946311 TCPINFO flow>2 window>0.200 samples>3 rtt_avg_us>32347 rtt_min_us>32347 rtt_max_us>32347 cwnd>68 cwnd_min>68 cwnd_max>68 throughput_kbps>0.000 goodput_kbps>0.000 retrans>0 total_retrans>0 bytes_acked>75020881
05:35:36.946715 TCPINFO flow>1 window>0.100 samples>2 rtt_avg_us>33309 rtt_min_us>33309 rtt_max_us>33309 cwnd>17 cwnd_min>17 cwnd_max>17 throughput_kbps>0.000 goodput_kbps>0.000 retrans>0 total_retrans>0 bytes_acked>75020881
05:35:37.046258 TCPINFO flow>3 window>0.200 samples>3 rtt_avg_us>31758 rtt_min_us>31758 rtt_max_us>31758 cwnd>99 cwnd_min>99 cwnd_max>99 throughput_kbps>0.000 goodput_kbps>0.000 retrans>0 total_retrans>1 bytes_acked>65018097
05:35:37.146304 TCPINFO flow>2 window>0.200 samples>3 rtt_avg_us>32347 rtt_min_us>32347 rtt_max_us>32347 cwnd>68 cwnd_min>68 cwnd_max>68 throughput_kbps>0.000 goodput_kbps>0.000 retrans>0 total_retrans>0 bytes_acked>75020881
05:35:37.146720 TCPINFO flow>1 window>0.200 samples>3 rtt_avg_us>33309 rtt_min_us>33309 rtt_max_us>33309 cwnd>17 cwnd_min>17 cwnd_max>17 throughput_kbps>0.000 goodput_kbps>0.000 retrans>0 total_retrans>0 bytes_acked>75020881
05:35:37.246247 TCPINFO flow>3 window>0.200 samples>3 rtt_avg_us>31758 rtt_min_us>31758 rtt_max_us>31758 cwnd>99 cwnd_min>99 cwnd_max>99 throughput_kbps>0.000 goodput_kbps>0.000 retrans>0 total_retrans>1 bytes_acked>65018097
05:35:37.246305 TCPINFO flow>2 window>0.100 samples>2 rtt_avg_us>32347 rtt_min_us>32347 rtt_max_us>32347 cwnd>68 cwnd_min>68 cwnd_max>68 throughput_kbps>0.000 goodput_kbps>0.000 retrans>0 total_retrans>0 bytes_acked>75020881
05:35:37.346707 TCPINFO flow>1 window>0.200 samples>3 rtt_avg_us>33309 rtt_min_us>33309 rtt_max_us>33309 cwnd>17 cwnd_min>17 cwnd_max>17 throughput_kbps>0.000 goodput_kbps>0.000 retrans>0 total_retrans>0 bytes_acked>75020881
05:35:37.446314 TCPINFO flow>3 window>0.200 samples>3 rtt_avg_us>31758 rtt_min_us>31758 rtt_max_us>31758 cwnd>99 cwnd_min>99 cwnd_max>99 throughput_kbps>0.000 goodput_kbps>0.000 retrans>0 total_retrans>1 bytes_acked>65018097
05:35:37.446337 TCPINFO flow>2 window>0.200 samples>3 rtt_avg_us>32347 rtt_min_us>32347 rtt_max_us>32347 cwnd>68 cwnd_min>68 cwnd_max>68 throughput_kbps>0.000 goodput_kbps>0.000 retrans>0 total_retrans>0 bytes_acked>75020881
05:35:37.446715 TCPINFO flow>1 window>0.100 samples>2 rtt_avg_us>33309 rtt_min_us>33309 rtt_max_us>33309 cwnd>17 cwnd_min>17 cwnd_max>17 throughput_kbps>0.000 goodput_kbps>0.000 retrans>0 total_retrans>0 bytes_acked>75020881
05:35:37.546390 TCPINFO flow>3 window>0.100 samples>5 rtt_avg_us>31758 rtt_min_us>31758 rtt_max_us>31758 cwnd>99 cwnd_min>99 cwnd_max>99 throughput_kbps>213.598 goodput_kbps>0.000 retrans>0 total_retrans>1 bytes_acked>65018097
05:35:37.646291 TCPINFO flow>2 window>0.200 samples>3 rtt_avg_us>32347 rtt_min_us>32347 rtt_max_us>32347 cwnd>68 cwnd_min>68 cwnd_max>68 throughput_kbps>0.000 goodput_kbps>0.000 retrans>0 total_retrans>0 bytes_acked>75020881
05:35:37.646714 TCPINFO flow>1 window>0.200 samples>3 rtt_avg_us>33309 rtt_min_us>33309 rtt_max_us>33309 cwnd>17 cwnd_min>17 cwnd_max>17 throughput_kbps>0.000 goodput_kbps>0.000 retrans>0 total_retrans>0 bytes_acked>75020881
05:35:37.690077 TCPINFO flow>3 window>0.144 samples>462 rtt_avg_us>31782 rtt_min_us>31673 rtt_max_us>32141 cwnd>97 cwnd_min>97 cwnd_max>99 throughput_kbps>31464.391 goodput_kbps>24992.992 retrans>0 total_retrans>1 bytes_acked>65466993
05:35:37.746295 TCPINFO flow>2 window>0.100 samples>2 rtt_avg_us>32347 rtt_min_us>32347 rtt_max_us>32347 cwnd>68 cwnd_min>68 cwnd_max>68 throughput_kbps>0.000 goodput_kbps>0.000 retrans>0 total_retrans>0 bytes_acked>75020881
05:35:37.824413 TCPINFO flow>3 window>0.134 samples>354 rtt_avg_us>31902 rtt_min_us>31655 rtt_max_us>32677 cwnd>97 cwnd_min>96 cwnd_max>98 throughput_kbps>30869.938 goodput_kbps>30710.815 retrans>0 total_retrans>1 bytes_acked>65982689
05:35:37.846702 TCPINFO flow>1 window>0.200 samples>3 rtt_avg_us>33309 rtt_min_us>33309 rtt_max_us>33309 cwnd>17 cwnd_min>17 cwnd_max>17 throughput_kbps>0.000 goodput_kbps>0.000 retrans>0 total_retrans>0 bytes_acked>75020881
05:35:37.939525 TCPINFO flow>3 window>0.115 samples>310 rtt_avg_us>31795 rtt_min_us>31588 rtt_max_us>32290 cwnd>97 cwnd_min>97 cwnd_max>98 throughput_kbps>31197.165 goodput_kbps>31197.165 retrans>0 total_retrans>1 bytes_acked>66431585
05:35:37.946287 TCPINFO flow>2 window>0.200 samples>3 rtt_avg_us>32347 rtt_min_us>32347 rtt_max_us>32347 cwnd>68 cwnd_min>68 cwnd_max>68 throughput_kbps>0.000 goodput_kbps>0.000 retrans>0 total_retrans>0 bytes_acked>75020881
05:35:38.046225 TCPINFO flow>3 window>0.107 samples>310 rtt_avg_us>31897 rtt_min_us>31559 rtt_max_us>32782 cwnd>97 cwnd_min>97 cwnd_max>99 throughput_kbps>30651.621 goodput_kbps>30851.959 retrans>0 total_retrans>1 bytes_acked>66843073
05:35:38.046287 TCPINFO flow>2 window>0.100 samples>2 rtt_avg_us>32347 rtt_min_us>32347 rtt_max_us>32347 cwnd>68 cwnd_min>68 cwnd_max>68 throughput_kbps>0.000 goodput_kbps>0.000 retrans>0 total_retrans>0 bytes_acked>75020881
05:35:38.046688 TCPINFO flow>1 window>0.200 samples>3 rtt_avg_us>33309 rtt_min_us>33309 rtt_max_us>33309 cwnd>17 cwnd_min>17 cwnd_max>17 throughput_kbps>0.000 goodput_kbps>0.000 retrans>0 total_retrans>0 bytes_acked>75020881
05:35:38.146237 TCPINFO flow>3 window>0.100 samples>290 rtt_avg_us>31921 rtt_min_us>31599 rtt_max_us>32592 cwnd>97 cwnd_min>97 cwnd_max>98 throughput_kbps>31312.083 goodput_kbps>30564.012 retrans>0 total_retrans>1 bytes_acked>67225169
05:35:38.146306 TCPINFO flow>2 window>0.100 samples>2 rtt_avg_us>32347 rtt_min_us>32347 rtt_max_us>32347 cwnd>68 cwnd_min>68 cwnd_max>68 throughput_kbps>0.000 goodput_kbps>0.000 retrans>0 total_retrans>0 bytes_acked>75020881
05:35:38.146708 TCPINFO flow>1 window>0.100 samples>2 rtt_avg_us>33309 rtt_min_us>33309 rtt_max_us>33309 cwnd>17 cwnd_min>17 cwnd_max>17 throughput_kbps>0.000 goodput_kbps>0.000 retrans>0 total_retrans>0 bytes_acked>75020881
05:35:38.246255 TCPINFO flow>3 window>0.100 samples>2 rtt_avg_us>32402 rtt_min_us>32277 rtt_max_us>32526 cwnd>98 cwnd_min>97 cwnd_max>98 throughput_kbps>13227.059 goodput_kbps>23485.693 retrans>0 total_retrans>1 bytes_acked>67518793
05:35:38.346307 TCPINFO flow>2 window>0.200 samples>3 rtt_avg_us>32347 rtt_min_us>32347 rtt_max_us>32347 cwnd>68 cwnd_min>68 cwnd_max>68 throughput_kbps>0.000 goodput_kbps>0.000 retrans>0 total_retrans>0 bytes_acked>75020881
05:35:38.346706 TCPINFO flow>1 window>0.200 samples>3 rtt_avg_us>33309 rtt_min_us>33309 rtt_max_us>33309 cwnd>17 cwnd_min>17 cwnd_max>17 throughput_kbps>0.000 goodput_kbps>0.000 retrans>0 total_retrans>0 bytes_acked>75020881
05:35:38.446245 TCPINFO flow>3 window>0.200 samples>3 rtt_avg_us>32526 rtt_min_us>32526 rtt_max_us>32526 cwnd>98 cwnd_min>98 cwnd_max>98 throughput_kbps>0.000 goodput_kbps>0.000 retrans>0 total_retrans>1 bytes_acked>67518793
05:35:38.546306 TCPINFO flow>2 window>0.200 samples>3 rtt_avg_us>32347 rtt_min_us>32347 rtt_max_us>32347 cwnd>68 cwnd_min>68 cwnd_max>68 throughput_kbps>0.000 goodput_kbps>0.000 retrans>0 total_retrans>0 bytes_acked>75020881
05:35:38.546707 TCPINFO flow>1 window>0.200 samples>3 rtt_avg_us>33309 rtt_min_us>33309 rtt_max_us>33309 cwnd>17 cwnd_min>17 cwnd_max>17 throughput_kbps>0.000 goodput_kbps>0.000 retrans>0 total_retrans>0 bytes_acked>75020881
05:35:38.646247 TCPINFO flow>3 window>0.200 samples>3 rtt_avg_us>32526 rtt_min_us>32526 rtt_max_us>32526 cwnd>98 cwnd_min>98 cwnd_max>98 throughput_kbps>0.000 goodput_kbps>0.000 retrans>0 total_retrans>1 bytes_acked>67518793
05:35:38.646307 TCPINFO flow>2 window>0.100 samples>2 rtt_avg_us>32347 rtt_min_us>32347 rtt_max_us>32347 cwnd>68 cwnd_min>68 cwnd_max>68 throughput_kbps>0.000 goodput_kbps>0.000 retrans>0 total_retrans>0 bytes_acked>75020881
05:35:38.746707 TCPINFO flow>1 window>0.200 samples>3 rtt_avg_us>33309 rtt_min_us>33309 rtt_max_us>33309 cwnd>17 cwnd_min>17 cwnd_max>17 throughput_kbps>0.000 goodput_kbps>0.000 retrans>0 total_retrans>0 bytes_acked>75020881
05:35:38.846249 TCPINFO flow>3 window>0.200 samples>3 rtt_avg_us>32526 rtt_min_us>32526 rtt_max_us>32526 cwnd>98 cwnd_min>98 cwnd_max>98 throughput_kbps>0.000 goodput_kbps>0.000 retrans>0 total_retrans>1 bytes_acked>67518793
05:35:38.846303 TCPINFO flow>2 window>0.200 samples>3 rtt_avg_us>32347 rtt_min_us>32347 rtt_max_us>32347 cwnd>68 cwnd_min>68 cwnd_max>68 throughput_kbps>0.000 goodput_kbps>0.000 retrans>0 total_retrans>0 bytes_acked>75020881
05:35:38.946703 TCPINFO flow>1 window>0.200 samples>3 rtt_avg_us>33309 rtt_min_us>33309 rtt_max_us>33309 cwnd>17 cwnd_min>17 cwnd_max>17 throughput_kbps>0.000 goodput_kbps>0.000 retrans>0 total_retrans>0 bytes_acked>75020881
05:35:39.046246 TCPINFO flow>3 window>0.200 samples>3 rtt_avg_us>32526 rtt_min_us>32526 rtt_max_us>32526 cwnd>98 cwnd_min>98 cwnd_max>98 throughput_kbps>0.000 goodput_kbps>0.000 retrans>0 total_retrans>1 bytes_acked>67518793
05:35:39.046303 TCPINFO flow>2 window>0.200 samples>3 rtt_avg_us>32347 rtt_min_us>32347 rtt_max_us>32347 cwnd>68 cwnd_min>68 cwnd_max>68 throughput_kbps>0.000 goodput_kbps>0.000 retrans>0 total_retrans>0 bytes_acked>75020881
05:35:39.046703 TCPINFO flow>1 window>0.100 samples>2 rtt_avg_us>33309 rtt_min_us>33309 rtt_max_us>33309 cwnd>17 cwnd_min>17 cwnd_max>17 throughput_kbps>0.000 goodput_kbps>0.000 retrans>0 total_retrans>0 bytes_acked>75020881
05:35:39.246278 TCPINFO flow>3 window>0.200 samples>3 rtt_avg_us>32526 rtt_min_us>32526 rtt_max_us>32526 cwnd>98 cwnd_min>98 cwnd_max>98 throughput_kbps>0.000 goodput_kbps>0.000 retrans>0 total_retrans>1 bytes_acked>67518793
05:35:39.246294 TCPINFO flow>2 window>0.200 samples>3 rtt_avg_us>32347 rtt_min_us>32347 rtt_max_us>32347 cwnd>68 cwnd_min>68 cwnd_max>68 throughput_kbps>0.000 goodput_kbps>0.000 retrans>0 total_retrans>0 bytes_acked>75020881
05:35:39.246706 TCPINFO flow>1 window>0.200 samples>3 rtt_avg_us>33309 rtt_min_us>33309 rtt_max_us>33309 cwnd>17 cwnd_min>17 cwnd_max>17 throughput_kbps>0.000 goodput_kbps>0.000 retrans>0 total_retrans>0 bytes_acked>75020881
05:35:39.346306 TCPINFO flow>2 window>0.100 samples>2 rtt_avg_us>32347 rtt_min_us>32347 rtt_max_us>32347 cwnd>68 cwnd_min>68 cwnd_max>68 throughput_kbps>0.000 goodput_kbps>0.000 retrans>0 total_retrans>0 bytes_acked>75020881
05:35:39.446247 TCPINFO flow>3 window>0.200 samples>3 rtt_avg_us>32526 rtt_min_us>32526 rtt_max_us>32526 cwnd>98 cwnd_min>98 cwnd_max>98 throughput_kbps>0.000 goodput_kbps>0.000 retrans>0 total_retrans>1 bytes_acked>67518793
05:35:39.446705 TCPINFO flow>1 window>0.200 samples>3 rtt_avg_us>33309 rtt_min_us>33309 rtt_max_us>33309 cwnd>17 cwnd_min>17 cwnd_max>17 throughput_kbps>0.000 goodput_kbps>0.000 retrans>0 total_retrans>0 bytes_acked>75020881
05:35:39.546286 TCPINFO flow>3 window>0.100 samples>4 rtt_avg_us>32526 rtt_min_us>32526 rtt_max_us>32526 cwnd>98 cwnd_min>98 cwnd_max>98 throughput_kbps>106.838 goodput_kbps>0.000 retrans>0 total_retrans>1 bytes_acked>67518793
05:35:39.546294 TCPINFO flow>2 window>0.200 samples>3 rtt_avg_us>32347 rtt_min_us>32347 rtt_max_us>32347 cwnd>68 cwnd_min>68 cwnd_max>68 throughput_kbps>0.000 goodput_kbps>0.000 retrans>0 total_retrans>0 bytes_acked>75020881
05:35:39.646691 TCPINFO flow>1 window>0.200 samples>3 rtt_avg_us>33309 rtt_min_us>33309 rtt_max_us>33309 cwnd>17 cwnd_min>17 cwnd_max>17 throughput_kbps>0.000 goodput_kbps>0.000 retrans>0 total_retrans>0 bytes_acked>75020881
05:35:39.689735 TCPINFO flow>3 window>0.143 samples>462 rtt_avg_us>32287 rtt_min_us>31569 rtt_max_us>32544 cwnd>97 cwnd_min>97 cwnd_max>98 throughput_kbps>31591.102 goodput_kbps>25034.458 retrans>0 total_retrans>1 bytes_acked>67967689
05:35:39.746291 TCPINFO flow>2 window>0.200 samples>3 rtt_avg_us>32347 rtt_min_us>32347 rtt_max_us>32347 cwnd>68 cwnd_min>68 cwnd_max>68 throughput_kbps>0.000 goodput_kbps>0.000 retrans>0 total_retrans>0 bytes_acked>75020881
05:35:39.823751 TCPINFO flow>3 window>0.134 samples>354 rtt_avg_us>31681 rtt_min_us>31469 rtt_max_us>32147 cwnd>89 cwnd_min>89 cwnd_max>97 throughput_kbps>29189.112 goodput_kbps>29986.628 retrans>0 total_retrans>1 bytes_acked>68470025
05:35:39.846692 TCPINFO flow>1 window>0.200 samples>3 rtt_avg_us>33309 rtt_min_us>33309 rtt_max_us>33309 cwnd>17 cwnd_min>17 cwnd_max>17 throughput_kbps>0.000 goodput_kbps>0.000 retrans>0 total_retrans>0 bytes_acked>75020881
05:35:39.946224 TCPINFO flow>3 window>0.122 samples>310 rtt_avg_us>31908 rtt_min_us>31541 rtt_max_us>32537 cwnd>79 cwnd_min>79 cwnd_max>90 throughput_kbps>26965.878 goodput_kbps>27053.146 retrans>0 total_retrans>1 bytes_acked>68884185
05:35:39.946284 TCPINFO flow>2 window>0.200 samples>3 rtt_avg_us>32347 rtt_min_us>32347 rtt_max_us>32347 cwnd>68 cwnd_min>68 cwnd_max>68 throughput_kbps>0.000 goodput_kbps>0.000 retrans>0 total_retrans>0 bytes_acked>75020881
05:35:40.046282 TCPINFO flow>3 window>0.100 samples>263 rtt_avg_us>31832 rtt_min_us>31528 rtt_max_us>32414 cwnd>76 cwnd_min>75 cwnd_max>80 throughput_kbps>23820.424 goodput_kbps>24888.605 retrans>0 total_retrans>1 bytes_acked>69195473
05:35:40.046293 TCPINFO flow>2 window>0.100 samples>2 rtt_avg_us>32347 rtt_min_us>32347 rtt_max_us>32347 cwnd>68 cwnd_min>68 cwnd_max>68 throughput_kbps>0.000 goodput_kbps>0.000 retrans>0 total_retrans>0 bytes_acked>75020881
05:35:40.046686 TCPINFO flow>1 window>0.200 samples>3 rtt_avg_us>33309 rtt_min_us>33309 rtt_max_us>33309 cwnd>17 cwnd_min>17 cwnd_max>17 throughput_kbps>0.000 goodput_kbps>0.000 retrans>0 total_retrans>0 bytes_acked>75020881
05:35:40.146691 TCPINFO flow>1 window>0.100 samples>2 rtt_avg_us>33309 rtt_min_us>33309 rtt_max_us>33309 cwnd>17 cwnd_min>17 cwnd_max>17 throughput_kbps>0.000 goodput_kbps>0.000 retrans>0 total_retrans>0 bytes_acked>75020881
05:35:40.187441 TCPINFO flow>3 window>0.141 samples>226 rtt_avg_us>31927 rtt_min_us>31757 rtt_max_us>32363 cwnd>74 cwnd_min>74 cwnd_max>76 throughput_kbps>23850.552 goodput_kbps>23850.552 retrans>0 total_retrans>1 bytes_acked>69616313
05:35:40.246307 TCPINFO flow>2 window>0.200 samples>3 rtt_avg_us>32347 rtt_min_us>32347 rtt_max_us>32347 cwnd>68 cwnd_min>68 cwnd_max>68 throughput_kbps>0.000 goodput_kbps>0.000 retrans>0 total_retrans>0 bytes_acked>75020881
05:35:40.246707 TCPINFO flow>1 window>0.100 samples>2 rtt_avg_us>33309 rtt_min_us>33309 rtt_max_us>33309 cwnd>17 cwnd_min>17 cwnd_max>17 throughput_kbps>0.000 goodput_kbps>0.000 retrans>0 total_retrans>0 bytes_acked>75020881
05:35:40.346243 TCPINFO flow>3 window>0.159 samples>115 rtt_avg_us>31916 rtt_min_us>31776 rtt_max_us>32324 cwnd>71 cwnd_min>71 cwnd_max>74 throughput_kbps>15734.210 goodput_kbps>20310.878 retrans>0 total_retrans>1 bytes_acked>70019489
05:35:40.446245 TCPINFO flow>3 window>0.100 samples>2 rtt_avg_us>31857 rtt_min_us>31857 rtt_max_us>31857 cwnd>71 cwnd_min>71 cwnd_max>71 throughput_kbps>0.000 goodput_kbps>0.000 retrans>0 total_retrans>1 bytes_acked>70019489
05:35:40.446306 TCPINFO flow>2 window>0.200 samples>3 rtt_avg_us>32347 rtt_min_us>32347 rtt_max_us>32347 cwnd>68 cwnd_min>68 cwnd_max>68 throughput_kbps>0.000 goodput_kbps>0.000 retrans>0 total_retrans>0 bytes_acked>75020881
05:35:40.446715 TCPINFO flow>1 window>0.200 samples>3 rtt_avg_us>33309 rtt_min_us>33309 rtt_max_us>33309 cwnd>17 cwnd_min>17 cwnd_max>17 throughput_kbps>0.000 goodput_kbps>0.000 retrans>0 total_retrans>0 bytes_acked>75020881
05:35:40.646243 TCPINFO flow>3 window>0.200 samples>3 rtt_avg_us>31857 rtt_min_us>31857 rtt_max_us>31857 cwnd>71 cwnd_min>71 cwnd_max>71 throughput_kbps>0.000 goodput_kbps>0.000 retrans>0 total_retrans>1 bytes_acked>70019489
05:35:40.646307 TCPINFO flow>2 window>0.200 samples>3 rtt_avg_us>32347 rtt_min_us>32347 rtt_max_us>32347 cwnd>68 cwnd_min>68 cwnd_max>68 throughput_kbps>0.000 goodput_kbps>0.000 retrans>0 total_retrans>0 bytes_acked>75020881
05:35:40.646705 TCPINFO flow>1 window>0.200 samples>3 rtt_avg_us>33309 rtt_min_us>33309 rtt_max_us>33309 cwnd>17 cwnd_min>17 cwnd_max>17 throughput_kbps>0.000 goodput_kbps>0.000 retrans>0 total_retrans>0 bytes_acked>75020881
05:35:40.846244 TCPINFO flow>3 window>0.200 samples>3 rtt_avg_us>31857 rtt_min_us>31857 rtt_max_us>31857 cwnd>71 cwnd_min>71 cwnd_max>71 throughput_kbps>0.000 goodput_kbps>0.000 retrans>0 total_retrans>1 bytes_acked>70019489
05:35:40.846306 TCPINFO flow>2 window>0.200 samples>3 rtt_avg_us>32347 rtt_min_us>32347 rtt_max_us>32347 cwnd>68 cwnd_min>68 cwnd_max>68 throughput_kbps>0.000 goodput_kbps>0.000 retrans>0 total_retrans>0 bytes_acked>75020881
05:35:40.846706 TCPINFO flow>1 window>0.200 samples>3 rtt_avg_us>33309 rtt_min_us>33309 rtt_max_us>33309 cwnd>17 cwnd_min>17 cwnd_max>17 throughput_kbps>0.000 goodput_kbps>0.000 retrans>0 total_retrans>0 bytes_acked>75020881
05:35:40.946707 TCPINFO flow>1 window>0.100 samples>2 rtt_avg_us>33309 rtt_min_us>33309 rtt_max_us>33309 cwnd>17 cwnd_min>17 cwnd_max>17 throughput_kbps>0.000 goodput_kbps>0.000 retrans>0 total_retrans>0 bytes_acked>75020881
05:35:41.046242 TCPINFO flow>3 window>0.200 samples>3 rtt_avg_us>31857 rtt_min_us>31857 rtt_max_us>31857 cwnd>71 cwnd_min>71 cwnd_max>71 throughput_kbps>0.000 goodput_kbps>0.000 retrans>0 total_retrans>1 bytes_acked>70019489
05:35:41.046306 TCPINFO flow>2 window>0.200 samples>3 rtt_avg_us>32347 rtt_min_us>32347 rtt_max_us>32347 cwnd>68 cwnd_min>68 cwnd_max>68 throughput_kbps>0.000 goodput_kbps>0.000 retrans>0 total_retrans>0 bytes_acked>75020881
05:35:41.146706 TCPINFO flow>1 window>0.200 samples>3 rtt_avg_us>33309 rtt_min_us>33309 rtt_max_us>33309 cwnd>17 cwnd_min>17 cwnd_max>17 throughput_kbps>0.000 goodput_kbps>0.000 retrans>0 total_retrans>0 bytes_acked>75020881
05:35:41.246247 TCPINFO flow>3 window>0.200 samples>3 rtt_avg_us>31857 rtt_min_us>31857 rtt_max_us>31857 cwnd>71 cwnd_min>71 cwnd_max>71 throughput_kbps>0.000 goodput_kbps>0.000 retrans>0 total_retrans>1 bytes_acked>70019489
05:35:41.246307 TCPINFO flow>2 window>0.200 samples>3 rtt_avg_us>32347 rtt_min_us>32347 rtt_max_us>32347 cwnd>68 cwnd_min>68 cwnd_max>68 throughput_kbps>0.000 goodput_kbps>0.000 retrans>0 total_retrans>0 bytes_acked>75020881
05:35:41.346717 TCPINFO flow>1 window>0.200 samples>3 rtt_avg_us>33309 rtt_min_us>33309 rtt_max_us>33309 cwnd>17 cwnd_min>17 cwnd_max>17 throughput_kbps>0.000 goodput_kbps>0.000 retrans>0 total_retrans>0 bytes_acked>75020881
05:35:41.446250 TCPINFO flow>3 window>0.200 samples>3 rtt_avg_us>31857 rtt_min_us>31857 rtt_max_us>31857 cwnd>71 cwnd_min>71 cwnd_max>71 throughput_kbps>0.000 goodput_kbps>0.000 retrans>0 total_retrans>1 bytes_acked>70019489
05:35:41.446306 TCPINFO flow>2 window>0.200 samples>3 rtt_avg_us>32347 rtt_min_us>32347 rtt_max_us>32347 cwnd>68 cwnd_min>68 cwnd_max>68 throughput_kbps>0.000 goodput_kbps>0.000 retrans>0 total_retrans>0 bytes_acked>75020881
05:35:41.546308 TCPINFO flow>3 window>0.100 samples>4 rtt_avg_us>31857 rtt_min_us>31857 rtt_max_us>31857 cwnd>71 cwnd_min>71 cwnd_max>71 throughput_kbps>106.818 goodput_kbps>0.000 retrans>0 total_retrans>1 bytes_acked>70019489
05:35:41.546315 TCPINFO flow>2 window>0.100 samples>2 rtt_avg_us>32347 rtt_min_us>32347 rtt_max_us>32347 cwnd>68 cwnd_min>68 cwnd_max>68 throughput_kbps>0.000 goodput_kbps>0.000 retrans>0 total_retrans>0 bytes_acked>75020881
05:35:41.546692 TCPINFO flow>1 window>0.200 samples>3 rtt_avg_us>33309 rtt_min_us>33309 rtt_max_us>33309 cwnd>17 cwnd_min>17 cwnd_max>17 throughput_kbps>0.000 goodput_kbps>0.000 retrans>0 total_retrans>0 bytes_acked>75020881
05:35:41.646388 TCPINFO flow>3 window>0.100 samples>406 rtt_avg_us>31895 rtt_min_us>31848 rtt_max_us>32350 cwnd>69 cwnd_min>68 cwnd_max>71 throughput_kbps>22640.448 goodput_kbps>15912.390 retrans>0 total_retrans>1 bytes_acked>70218553
05:35:41.746290 TCPINFO flow>2 window>0.200 samples>3 rtt_avg_us>32347 rtt_min_us>32347 rtt_max_us>32347 cwnd>68 cwnd_min>68 cwnd_max>68 throughput_kbps>0.000 goodput_kbps>0.000 retrans>0 total_retrans>0 bytes_acked>75020881
05:35:41.746391 TCPINFO flow>3 window>0.100 samples>222 rtt_avg_us>32429 rtt_min_us>31987 rtt_max_us>33317 cwnd>70 cwnd_min>69 cwnd_max>70 throughput_kbps>21589.112 goodput_kbps>21909.743 retrans>0 total_retrans>1 bytes_acked>70492433
05:35:41.746689 TCPINFO flow>1 window>0.200 samples>3 rtt_avg_us>33309 rtt_min_us>33309 rtt_max_us>33309 cwnd>17 cwnd_min>17 cwnd_max>17 throughput_kbps>0.000 goodput_kbps>0.000 retrans>0 total_retrans>0 bytes_acked>75020881
05:35:41.888563 TCPINFO flow>3 window>0.142 samples>139 rtt_avg_us>32053 rtt_min_us>31790 rtt_max_us>32700 cwnd>73 cwnd_min>70 cwnd_max>73 throughput_kbps>22552.964 goodput_kbps>22177.081 retrans>0 total_retrans>1 bytes_acked>70886553
05:35:41.946292 TCPINFO flow>2 window>0.200 samples>3 rtt_avg_us>32347 rtt_min_us>32347 rtt_max_us>32347 cwnd>68 cwnd_min>68 cwnd_max>68 throughput_kbps>0.000 goodput_kbps>0.000 retrans>0 total_retrans>0 bytes_acked>75020881
05:35:41.946692 TCPINFO flow>1 window>0.200 samples>3 rtt_avg_us>33309 rtt_min_us>33309 rtt_max_us>33309 cwnd>17 cwnd_min>17 cwnd_max>17 throughput_kbps>0.000 goodput_kbps>0.000 retrans>0 total_retrans>0 bytes_acked>75020881
05:35:42.024395 TCPINFO flow>3 window>0.136 samples>266 rtt_avg_us>32051 rtt_min_us>31701 rtt_max_us>32700 cwnd>75 cwnd_min>73 cwnd_max>75 throughput_kbps>23684.316 goodput_kbps>23054.832 retrans>0 total_retrans>1 bytes_acked>71278001
05:35:42.046292 TCPINFO flow>2 window>0.100 samples>2 rtt_avg_us>32347 rtt_min_us>32347 rtt_max_us>32347 cwnd>68 cwnd_min>68 cwnd_max>68 throughput_kbps>0.000 goodput_kbps>0.000 retrans>0 total_retrans>0 bytes_acked>75020881
05:35:42.146225 TCPINFO flow>3 window>0.122 samples>310 rtt_avg_us>32107 rtt_min_us>31792 rtt_max_us>33064 cwnd>77 cwnd_min>75 cwnd_max>77 throughput_kbps>24213.149 goodput_kbps>24300.878 retrans>0 total_retrans>1 bytes_acked>71648073
05:35:42.146692 TCPINFO flow>1 window>0.200 samples>3 rtt_avg_us>33309 rtt_min_us>33309 rtt_max_us>33309 cwnd>17 cwnd_min>17 cwnd_max>17 throughput_kbps>0.000 goodput_kbps>0.000 retrans>0 total_retrans>0 bytes_acked>75020881
05:35:42.246293 TCPINFO flow>3 window>0.100 samples>257 rtt_avg_us>32225 rtt_min_us>31828 rtt_max_us>32963 cwnd>78 cwnd_min>77 cwnd_max>78 throughput_kbps>24992.925 goodput_kbps>24458.888 retrans>0 total_retrans>1 bytes_acked>71954017
05:35:42.246300 TCPINFO flow>2 window>0.200 samples>3 rtt_avg_us>32347 rtt_min_us>32347 rtt_max_us>32347 cwnd>68 cwnd_min>68 cwnd_max>68 throughput_kbps>0.000 goodput_kbps>0.000 retrans>0 total_retrans>0 bytes_acked>75020881
05:35:42.246694 TCPINFO flow>1 window>0.100 samples>2 rtt_avg_us>33309 rtt_min_us>33309 rtt_max_us>33309 cwnd>17 cwnd_min>17 cwnd_max>17 throughput_kbps>0.000 goodput_kbps>0.000 retrans>0 total_retrans>0 bytes_acked>75020881
05:35:42.346306 TCPINFO flow>2 window>0.100 samples>2 rtt_avg_us>32347 rtt_min_us>32347 rtt_max_us>32347 cwnd>68 cwnd_min>68 cwnd_max>68 throughput_kbps>0.000 goodput_kbps>0.000 retrans>0 total_retrans>0 bytes_acked>75020881
05:35:42.346706 TCPINFO flow>1 window>0.100 samples>2 rtt_avg_us>33309 rtt_min_us>33309 rtt_max_us>33309 cwnd>17 cwnd_min>17 cwnd_max>17 throughput_kbps>0.000 goodput_kbps>0.000 retrans>0 total_retrans>0 bytes_acked>75020881
05:35:42.446239 TCPINFO flow>3 window>0.200 samples>131 rtt_avg_us>31985 rtt_min_us>31770 rtt_max_us>32425 cwnd>81 cwnd_min>78 cwnd_max>81 throughput_kbps>18483.391 goodput_kbps>22652.836 retrans>0 total_retrans>1 bytes_acked>72520185
05:35:42.446314 TCPINFO flow>2 window>0.100 samples>2 rtt_avg_us>32347 rtt_min_us>32347 rtt_max_us>32347 cwnd>68 cwnd_min>68 cwnd_max>68 throughput_kbps>0.000 goodput_kbps>0.000 retrans>0 total_retrans>0 bytes_acked>75020881
05:35:42.546706 TCPINFO flow>1 window>0.200 samples>3 rtt_avg_us>33309 rtt_min_us>33309 rtt_max_us>33309 cwnd>17 cwnd_min>17 cwnd_max>17 throughput_kbps>0.000 goodput_kbps>0.000 retrans>0 total_retrans>0 bytes_acked>75020881
05:35:42.646237 TCPINFO flow>3 window>0.200 samples>3 rtt_avg_us>32240 rtt_min_us>32240 rtt_max_us>32240 cwnd>81 cwnd_min>81 cwnd_max>81 throughput_kbps>0.000 goodput_kbps>0.000 retrans>0 total_retrans>1 bytes_acked>72520185
05:35:42.646307 TCPINFO flow>2 window>0.200 samples>3 rtt_avg_us>32347 rtt_min_us>32347 rtt_max_us>32347 cwnd>68 cwnd_min>68 cwnd_max>68 throughput_kbps>0.000 goodput_kbps>0.000 retrans>0 total_retrans>0 bytes_acked>75020881
05:35:42.746247 TCPINFO flow>3 window>0.100 samples>2 rtt_avg_us>32240 rtt_min_us>32240 rtt_max_us>32240 cwnd>81 cwnd_min>81 cwnd_max>81 throughput_kbps>0.000 goodput_kbps>0.000 retrans>0 total_retrans>1 bytes_acked>72520185
05:35:42.746709 TCPINFO flow>1 window>0.200 samples>3 rtt_avg_us>33309 rtt_min_us>33309 rtt_max_us>33309 cwnd>17 cwnd_min>17 cwnd_max>17 throughput_kbps>0.000 goodput_kbps>0.000 retrans>0 total_retrans>0 bytes_acked>75020881
05:35:42.846303 TCPINFO flow>2 window>0.200 samples>3 rtt_avg_us>32347 rtt_min_us>32347 rtt_max_us>32347 cwnd>68 cwnd_min>68 cwnd_max>68 throughput_kbps>0.000 goodput_kbps>0.000 retrans>0 total_retrans>0 bytes_acked>75020881
05:35:42.946244 TCPINFO flow>3 window>0.200 samples>3 rtt_avg_us>32240 rtt_min_us>32240 rtt_max_us>32240 cwnd>81 cwnd_min>81 cwnd_max>81 throughput_kbps>0.000 goodput_kbps>0.000 retrans>0 total_retrans>1 bytes_acked>72520185
05:35:42.946304 TCPINFO flow>2 window>0.100 samples>2 rtt_avg_us>32347 rtt_min_us>32347 rtt_max_us>32347 cwnd>68 cwnd_min>68 cwnd_max>68 throughput_kbps>0.000 goodput_kbps>0.000 retrans>0 total_retrans>0 bytes_acked>75020881
05:35:42.946704 TCPINFO flow>1 window>0.200 samples>3 rtt_avg_us>33309 rtt_min_us>33309 rtt_max_us>33309 cwnd>17 cwnd_min>17 cwnd_max>17 throughput_kbps>0.000 goodput_kbps>0.000 retrans>0 total_retrans>0 bytes_acked>75020881
05:35:43.146243 TCPINFO flow>3 window>0.200 samples>3 rtt_avg_us>32240 rtt_min_us>32240 rtt_max_us>32240 cwnd>81 cwnd_min>81 cwnd_max>81 throughput_kbps>0.000 goodput_kbps>0.000 retrans>0 total_retrans>1 bytes_acked>72520185
05:35:43.146305 TCPINFO flow>2 window>0.200 samples>3 rtt_avg_us>32347 rtt_min_us>32347 rtt_max_us>32347 cwnd>68 cwnd_min>68 cwnd_max>68 throughput_kbps>0.000 goodput_kbps>0.000 retrans>0 total_retrans>0 bytes_acked>75020881
05:35:43.146703 TCPINFO flow>1 window>0.200 samples>3 rtt_avg_us>33309 rtt_min_us>33309 rtt_max_us>33309 cwnd>17 cwnd_min>17 cwnd_max>17 throughput_kbps>0.000 goodput_kbps>0.000 retrans>0 total_retrans>0 bytes_acked>75020881
05:35:43.346252 TCPINFO flow>3 window>0.200 samples>3 rtt_avg_us>32240 rtt_min_us>32240 rtt_max_us>32240 cwnd>81 cwnd_min>81 cwnd_max>81 throughput_kbps>0.000 goodput_kbps>0.000 retrans>0 total_retrans>1 bytes_acked>72520185
05:35:43.346320 TCPINFO flow>2 window>0.200 samples>3 rtt_avg_us>32347 rtt_min_us>32347 rtt_max_us>32347 cwnd>68 cwnd_min>68 cwnd_max>68 throughput_kbps>0.000 goodput_kbps>0.000 retrans>0 total_retrans>0 bytes_acked>75020881
05:35:43.346707 TCPINFO flow>1 window>0.200 samples>3 rtt_avg_us>33309 rtt_min_us>33309 rtt_max_us>33309 cwnd>17 cwnd_min>17 cwnd_max>17 throughput_kbps>0.000 goodput_kbps>0.000 retrans>0 total_retrans>0 bytes_acked>75020881
05:35:43.546223 TCPINFO flow>3 window>0.200 samples>3 rtt_avg_us>32240 rtt_min_us>32240 rtt_max_us>32240 cwnd>81 cwnd_min>81 cwnd_max>81 throughput_kbps>53.448 goodput_kbps>0.000 retrans>0 total_retrans>1 bytes_acked>72520185
05:35:43.546306 TCPINFO flow>2 window>0.200 samples>3 rtt_avg_us>32347 rtt_min_us>32347 rtt_max_us>32347 cwnd>68 cwnd_min>68 cwnd_max>68 throughput_kbps>0.000 goodput_kbps>0.000 retrans>0 total_retrans>0 bytes_acked>75020881
05:35:43.546696 TCPINFO flow>1 window>0.200 samples>3 rtt_avg_us>33309 rtt_min_us>33309 rtt_max_us>33309 cwnd>17 cwnd_min>17 cwnd_max>17 throughput_kbps>0.000 goodput_kbps>0.000 retrans>0 total_retrans>0 bytes_acked>75020881
05:35:43.646294 TCPINFO flow>3 window>0.100 samples>446 rtt_avg_us>32093 rtt_min_us>31599 rtt_max_us>32245 cwnd>81 cwnd_min>80 cwnd_max>81 throughput_kbps>26487.434 goodput_kbps>18263.513 retrans>0 total_retrans>1 bytes_acked>72748641
05:35:43.746296 TCPINFO flow>2 window>0.200 samples>3 rtt_avg_us>32347 rtt_min_us>32347 rtt_max_us>32347 cwnd>68 cwnd_min>68 cwnd_max>68 throughput_kbps>0.000 goodput_kbps>0.000 retrans>0 total_retrans>0 bytes_acked>75020881
05:35:43.746697 TCPINFO flow>1 window>0.200 samples>3 rtt_avg_us>33309 rtt_min_us>33309 rtt_max_us>33309 cwnd>17 cwnd_min>17 cwnd_max>17 throughput_kbps>0.000 goodput_kbps>0.000 retrans>0 total_retrans>0 bytes_acked>75020881
05:35:43.789109 TCPINFO flow>3 window>0.143 samples>192 rtt_avg_us>31882 rtt_min_us>31709 rtt_max_us>32342 cwnd>78 cwnd_min>78 cwnd_max>81 throughput_kbps>25070.756 goodput_kbps>25519.784 retrans>0 total_retrans>1 bytes_acked>73204217
05:35:43.913915 TCPINFO flow>3 window>0.125 samples>266 rtt_avg_us>31882 rtt_min_us>31681 rtt_max_us>32346 cwnd>74 cwnd_min>74 cwnd_max>78 throughput_kbps>24235.245 goodput_kbps>24492.156 retrans>0 total_retrans>1 bytes_acked>73586313
05:35:43.946297 TCPINFO flow>2 window>0.200 samples>3 rtt_avg_us>32347 rtt_min_us>32347 rtt_max_us>32347 cwnd>68 cwnd_min>68 cwnd_max>68 throughput_kbps>0.000 goodput_kbps>0.000 retrans>0 total_retrans>0 bytes_acked>75020881
05:35:43.946697 TCPINFO flow>1 window>0.200 samples>3 rtt_avg_us>33309 rtt_min_us>33309 rtt_max_us>33309 cwnd>17 cwnd_min>17 cwnd_max>17 throughput_kbps>0.000 goodput_kbps>0.000 retrans>0 total_retrans>0 bytes_acked>75020881
05:35:44.042975 TCPINFO flow>3 window>0.129 samples>266 rtt_avg_us>32010 rtt_min_us>31792 rtt_max_us>32462 cwnd>76 cwnd_min>74 cwnd_max>76 throughput_kbps>23850.488 goodput_kbps>23850.488 retrans>0 total_retrans>1 bytes_acked>73971081
05:35:44.146223 TCPINFO flow>3 window>0.103 samples>265 rtt_avg_us>32013 rtt_min_us>31795 rtt_max_us>32401 cwnd>77 cwnd_min>76 cwnd_max>78 throughput_kbps>24326.670 goodput_kbps>23809.081 retrans>0 total_retrans>1 bytes_acked>74278361
05:35:44.146297 TCPINFO flow>2 window>0.200 samples>3 rtt_avg_us>32347 rtt_min_us>32347 rtt_max_us>32347 cwnd>68 cwnd_min>68 cwnd_max>68 throughput_kbps>0.000 goodput_kbps>0.000 retrans>0 total_retrans>0 bytes_acked>75020881
05:35:44.146697 TCPINFO flow>1 window>0.200 samples>3 rtt_avg_us>33309 rtt_min_us>33309 rtt_max_us>33309 cwnd>17 cwnd_min>17 cwnd_max>17 throughput_kbps>0.000 goodput_kbps>0.000 retrans>0 total_retrans>0 bytes_acked>75020881
05:35:44.246224 TCPINFO flow>3 window>0.100 samples>179 rtt_avg_us>31912 rtt_min_us>31725 rtt_max_us>32284 cwnd>80 cwnd_min>77 cwnd_max>80 throughput_kbps>25330.307 goodput_kbps>25116.549 retrans>0 total_retrans>1 bytes_acked>74592321
05:35:44.346251 TCPINFO flow>3 window>0.100 samples>118 rtt_avg_us>31920 rtt_min_us>31776 rtt_max_us>32049 cwnd>82 cwnd_min>80 cwnd_max>82 throughput_kbps>26154.858 goodput_kbps>26071.681 retrans>0 total_retrans>1 bytes_acked>74918305
05:35:44.346299 TCPINFO flow>2 window>0.200 samples>3 rtt_avg_us>32347 rtt_min_us>32347 rtt_max_us>32347 cwnd>68 cwnd_min>68 cwnd_max>68 throughput_kbps>0.000 goodput_kbps>0.000 retrans>0 total_retrans>0 bytes_acked>75020881
05:35:44.346705 TCPINFO flow>1 window>0.200 samples>3 rtt_avg_us>33309 rtt_min_us>33309 rtt_max_us>33309 cwnd>17 cwnd_min>17 cwnd_max>17 throughput_kbps>0.000 goodput_kbps>0.000 retrans>0 total_retrans>0 bytes_acked>75020881
05:35:44.446303 TCPINFO flow>2 window>0.100 samples>2 rtt_avg_us>32347 rtt_min_us>32347 rtt_max_us>32347 cwnd>68 cwnd_min>68 cwnd_max>68 throughput_kbps>0.000 goodput_kbps>0.000 retrans>0 total_retrans>0 bytes_acked>75020881
05:35:44.546219 TCPINFO flow>3 window>0.200 samples>3 rtt_avg_us>31849 rtt_min_us>31776 rtt_max_us>31885 cwnd>82 cwnd_min>82 cwnd_max>82 throughput_kbps>0.000 goodput_kbps>4103.697 retrans>0 total_retrans>1 bytes_acked>75020881
05:35:44.546304 TCPINFO flow>2 window>0.100 samples>2 rtt_avg_us>32347 rtt_min_us>32347 rtt_max_us>32347 cwnd>68 cwnd_min>68 cwnd_max>68 throughput_kbps>0.000 goodput_kbps>0.000 retrans>0 total_retrans>0 bytes_acked>75020881
05:35:44.546844 TCPINFO flow>1 window>0.200 samples>3 rtt_avg_us>33309 rtt_min_us>33309 rtt_max_us>33309 cwnd>17 cwnd_min>17 cwnd_max>17 throughput_kbps>0.000 goodput_kbps>0.000 retrans>0 total_retrans>0 bytes_acked>75020881
05:35:44.646235 TCPINFO flow>3 window>0.100 samples>2 rtt_avg_us>31885 rtt_min_us>31885 rtt_max_us>31885 cwnd>82 cwnd_min>82 cwnd_max>82 throughput_kbps>0.000 goodput_kbps>0.000 retrans>0 total_retrans>1 bytes_acked>75020881
05:35:44.746241 TCPINFO flow>3 window>0.100 samples>2 rtt_avg_us>31885 rtt_min_us>31885 rtt_max_us>31885 cwnd>82 cwnd_min>82 cwnd_max>82 throughput_kbps>0.000 goodput_kbps>0.000 retrans>0 total_retrans>1 bytes_acked>75020881
05:35:44.746307 TCPINFO flow>2 window>0.200 samples>3 rtt_avg_us>32347 rtt_min_us>32347 rtt_max_us>32347 cwnd>68 cwnd_min>68 cwnd_max>68 throughput_kbps>0.000 goodput_kbps>0.000 retrans>0 total_retrans>0 bytes_acked>75020881
05:35:44.746706 TCPINFO flow>1 window>0.200 samples>3 rtt_avg_us>33309 rtt_min_us>33309 rtt_max_us>33309 cwnd>17 cwnd_min>17 cwnd_max>17 throughput_kbps>0.000 goodput_kbps>0.000 retrans>0 total_retrans>0 bytes_acked>75020881
05:35:44.846267 TCPINFO flow>3 window>0.100 samples>2 rtt_avg_us>31885 rtt_min_us>31885 rtt_max_us>31885 cwnd>82 cwnd_min>82 cwnd_max>82 throughput_kbps>0.000 goodput_kbps>0.000 retrans>0 total_retrans>1 bytes_acked>75020881
05:35:44.846333 TCPINFO flow>2 window>0.100 samples>2 rtt_avg_us>32347 rtt_min_us>32347 rtt_max_us>32347 cwnd>68 cwnd_min>68 cwnd_max>68 throughput_kbps>0.000 goodput_kbps>0.000 retrans>0 total_retrans>0 bytes_acked>75020881
05:35:44.846708 TCPINFO flow>1 window>0.100 samples>2 rtt_avg_us>33309 rtt_min_us>33309 rtt_max_us>33309 cwnd>17 cwnd_min>17 cwnd_max>17 throughput_kbps>0.000 goodput_kbps>0.000 retrans>0 total_retrans>0 bytes_acked>75020881
05:35:45.046235 TCPINFO flow>3 window>0.200 samples>3 rtt_avg_us>31885 rtt_min_us>31885 rtt_max_us>31885 cwnd>82 cwnd_min>82 cwnd_max>82 throughput_kbps>0.000 goodput_kbps>0.000 retrans>0 total_retrans>1 bytes_acked>75020881
05:35:45.046306 TCPINFO flow>2 window>0.200 samples>3 rtt_avg_us>32347 rtt_min_us>32347 rtt_max_us>32347 cwnd>68 cwnd_min>68 cwnd_max>68 throughput_kbps>0.000 goodput_kbps>0.000 retrans>0 total_retrans>0 bytes_acked>75020881
05:35:45.046707 TCPINFO flow>1 window>0.200 samples>3 rtt_avg_us>33309 rtt_min_us>33309 rtt_max_us>33309 cwnd>17 cwnd_min>17 cwnd_max>17 throughput_kbps>0.000 goodput_kbps>0.000 retrans>0 total_retrans>0 bytes_acked>75020881
05:35:45.146241 TCPINFO flow>3 window>0.100 samples>2 rtt_avg_us>31885 rtt_min_us>31885 rtt_max_us>31885 cwnd>82 cwnd_min>82 cwnd_max>82 throughput_kbps>0.000 goodput_kbps>0.000 retrans>0 total_retrans>1 bytes_acked>75020881
05:35:45.146708 TCPINFO flow>1 window>0.100 samples>2 rtt_avg_us>33309 rtt_min_us>33309 rtt_max_us>33309 cwnd>17 cwnd_min>17 cwnd_max>17 throughput_kbps>0.000 goodput_kbps>0.000 retrans>0 total_retrans>0 bytes_acked>75020881
05:35:45.246246 TCPINFO flow>3 window>0.100 samples>2 rtt_avg_us>31885 rtt_min_us>31885 rtt_max_us>31885 cwnd>82 cwnd_min>82 cwnd_max>82 throughput_kbps>0.000 goodput_kbps>0.000 retrans>0 total_retrans>1 bytes_acked>75020881
05:35:45.246306 TCPINFO flow>2 window>0.200 samples>3 rtt_avg_us>32347 rtt_min_us>32347 rtt_max_us>32347 cwnd>68 cwnd_min>68 cwnd_max>68 throughput_kbps>0.000 goodput_kbps>0.000 retrans>0 total_retrans>0 bytes_acked>75020881
05:35:45.346706 TCPINFO flow>1 window>0.200 samples>3 rtt_avg_us>33309 rtt_min_us>33309 rtt_max_us>33309 cwnd>17 cwnd_min>17 cwnd_max>17 throughput_kbps>0.000 goodput_kbps>0.000 retrans>0 total_retrans>0 bytes_acked>75020881
05:35:45.446237 TCPINFO flow>3 window>0.200 samples>3 rtt_avg_us>31885 rtt_min_us>31885 rtt_max_us>31885 cwnd>82 cwnd_min>82 cwnd_max>82 throughput_kbps>0.000 goodput_kbps>0.000 retrans>0 total_retrans>1 bytes_acked>75020881
05:35:45.446307 TCPINFO flow>2 window>0.200 samples>3 rtt_avg_us>32347 rtt_min_us>32347 rtt_max_us>32347 cwnd>68 cwnd_min>68 cwnd_max>68 throughput_kbps>0.000 goodput_kbps>0.000 retrans>0 total_retrans>0 bytes_acked>75020881
05:35:45.446707 TCPINFO flow>1 window>0.100 samples>2 rtt_avg_us>33309 rtt_min_us>33309 rtt_max_us>33309 cwnd>17 cwnd_min>17 cwnd_max>17 throughput_kbps>0.000 goodput_kbps>0.000 retrans>0 total_retrans>0 bytes_acked>75020881
05:35:45.646239 TCPINFO flow>3 window>0.200 samples>3 rtt_avg_us>31885 rtt_min_us>31885 rtt_max_us>31885 cwnd>82 cwnd_min>82 cwnd_max>82 throughput_kbps>0.000 goodput_kbps>0.000 retrans>0 total_retrans>1 bytes_acked>75020881
05:35:45.646307 TCPINFO flow>2 window>0.200 samples>3 rtt_avg_us>32347 rtt_min_us>32347 rtt_max_us>32347 cwnd>68 cwnd_min>68 cwnd_max>68 throughput_kbps>0.000 goodput_kbps>0.000 retrans>0 total_retrans>0 bytes_acked>75020881
05:35:45.646706 TCPINFO flow>1 window>0.200 samples>3 rtt_avg_us>33309 rtt_min_us>33309 rtt_max_us>33309 cwnd>17 cwnd_min>17 cwnd_max>17 throughput_kbps>0.000 goodput_kbps>0.000 retrans>0 total_retrans>0 bytes_acked>75020881
05:35:45.746707 TCPINFO flow>1 window>0.100 samples>2 rtt_avg_us>33309 rtt_min_us>33309 rtt_max_us>33309 cwnd>17 cwnd_min>17 cwnd_max>17 throughput_kbps>0.000 goodput_kbps>0.000 retrans>0 total_retrans>0 bytes_acked>75020881
05:35:45.846237 TCPINFO flow>3 window>0.200 samples>3 rtt_avg_us>31885 rtt_min_us>31885 rtt_max_us>31885 cwnd>82 cwnd_min>82 cwnd_max>82 throughput_kbps>0.000 goodput_kbps>0.000 retrans>0 total_retrans>1 bytes_acked>75020881
05:35:45.846294 TCPINFO flow>2 window>0.200 samples>3 rtt_avg_us>32347 rtt_min_us>32347 rtt_max_us>32347 cwnd>68 cwnd_min>68 cwnd_max>68 throughput_kbps>0.000 goodput_kbps>0.000 retrans>0 total_retrans>0 bytes_acked>75020881
05:35:45.946306 TCPINFO flow>2 window>0.100 samples>2 rtt_avg_us>32347 rtt_min_us>32347 rtt_max_us>32347 cwnd>68 cwnd_min>68 cwnd_max>68 throughput_kbps>0.000 goodput_kbps>0.000 retrans>0 total_retrans>0 bytes_acked>75020881
05:35:45.946707 TCPINFO flow>1 window>0.200 samples>3 rtt_avg_us>33309 rtt_min_us>33309 rtt_max_us>33309 cwnd>17 cwnd_min>17 cwnd_max>17 throughput_kbps>0.000 goodput_kbps>0.000 retrans>0 total_retrans>0 bytes_acked>75020881
05:35:46.046237 TCPINFO flow>3 window>0.200 samples>3 rtt_avg_us>31885 rtt_min_us>31885 rtt_max_us>31885 cwnd>82 cwnd_min>82 cwnd_max>82 throughput_kbps>0.000 goodput_kbps>0.000 retrans>0 total_retrans>1 bytes_acked>75020881
05:35:46.046306 TCPINFO flow>2 window>0.100 samples>2 rtt_avg_us>32347 rtt_min_us>32347 rtt_max_us>32347 cwnd>68 cwnd_min>68 cwnd_max>68 throughput_kbps>0.000 goodput_kbps>0.000 retrans>0 total_retrans>0 bytes_acked>75020881
05:35:46.046707 TCPINFO flow>1 window>0.100 samples>2 rtt_avg_us>33309 rtt_min_us>33309 rtt_max_us>33309 cwnd>17 cwnd_min>17 cwnd_max>17 throughput_kbps>0.000 goodput_kbps>0.000 retrans>0 total_retrans>0 bytes_acked>75020881
05:35:46.146240 TCPINFO flow>3 window>0.100 samples>2 rtt_avg_us>31885 rtt_min_us>31885 rtt_max_us>31885 cwnd>82 cwnd_min>82 cwnd_max>82 throughput_kbps>0.000 goodput_kbps>0.000 retrans>0 total_retrans>1 bytes_acked>75020881
05:35:46.146307 TCPINFO flow>2 window>0.100 samples>2 rtt_avg_us>32347 rtt_min_us>32347 rtt_max_us>32347 cwnd>68 cwnd_min>68 cwnd_max>68 throughput_kbps>0.000 goodput_kbps>0.000 retrans>0 total_retrans>0 bytes_acked>75020881
05:35:46.246241 TCPINFO flow>3 window>0.100 samples>2 rtt_avg_us>31885 rtt_min_us>31885 rtt_max_us>31885 cwnd>82 cwnd_min>82 cwnd_max>82 throughput_kbps>0.000 goodput_kbps>0.000 retrans>0 total_retrans>1 bytes_acked>75020881
05:35:46.246705 TCPINFO flow>1 window>0.200 samples>3 rtt_avg_us>33309 rtt_min_us>33309 rtt_max_us>33309 cwnd>17 cwnd_min>17 cwnd_max>17 throughput_kbps>0.000 goodput_kbps>0.000 retrans>0 total_retrans>0 bytes_acked>75020881
05:35:46.346305 TCPINFO flow>2 window>0.200 samples>3 rtt_avg_us>32347 rtt_min_us>32347 rtt_max_us>32347 cwnd>68 cwnd_min>68 cwnd_max>68 throughput_kbps>0.000 goodput_kbps>0.000 retrans>0 total_retrans>0 bytes_acked>75020881
05:35:46.446236 TCPINFO flow>3 window>0.200 samples>3 rtt_avg_us>31885 rtt_min_us>31885 rtt_max_us>31885 cwnd>82 cwnd_min>82 cwnd_max>82 throughput_kbps>0.000 goodput_kbps>0.000 retrans>0 total_retrans>1 bytes_acked>75020881
05:35:46.446307 TCPINFO flow>2 window>0.100 samples>2 rtt_avg_us>32347 rtt_min_us>32347 rtt_max_us>32347 cwnd>68 cwnd_min>68 cwnd_max>68 throughput_kbps>0.000 goodput_kbps>0.000 retrans>0 total_retrans>0 bytes_acked>75020881
05:35:46.446706 TCPINFO flow>1 window>0.200 samples>3 rtt_avg_us>33309 rtt_min_us>33309 rtt_max_us>33309 cwnd>17 cwnd_min>17 cwnd_max>17 throughput_kbps>0.000 goodput_kbps>0.000 retrans>0 total_retrans>0 bytes_acked>75020881
05:35:46.646239 TCPINFO flow>3 window>0.200 samples>3 rtt_avg_us>31885 rtt_min_us>31885 rtt_max_us>31885 cwnd>82 cwnd_min>82 cwnd_max>82 throughput_kbps>0.000 goodput_kbps>0.000 retrans>0 total_retrans>1 bytes_acked>75020881
05:35:46.646306 TCPINFO flow>2 window>0.200 samples>3 rtt_avg_us>32347 rtt_min_us>32347 rtt_max_us>32347 cwnd>68 cwnd_min>68 cwnd_max>68 throughput_kbps>0.000 goodput_kbps>0.000 retrans>0 total_retrans>0 bytes_acked>75020881
05:35:46.646706 TCPINFO flow>1 window>0.200 samples>3 rtt_avg_us>33309 rtt_min_us>33309 rtt_max_us>33309 cwnd>17 cwnd_min>17 cwnd_max>17 throughput_kbps>0.000 goodput_kbps>0.000 retrans>0 total_retrans>0 bytes_acked>75020881
05:35:46.846234 TCPINFO flow>3 window>0.200 samples>3 rtt_avg_us>31885 rtt_min_us>31885 rtt_max_us>31885 cwnd>82 cwnd_min>82 cwnd_max>82 throughput_kbps>0.000 goodput_kbps>0.000 retrans>0 total_retrans>1 bytes_acked>75020881
05:35:46.846308 TCPINFO flow>2 window>0.200 samples>3 rtt_avg_us>32347 rtt_min_us>32347 rtt_max_us>32347 cwnd>68 cwnd_min>68 cwnd_max>68 throughput_kbps>0.000 goodput_kbps>0.000 retrans>0 total_retrans>0 bytes_acked>75020881
05:35:46.846718 TCPINFO flow>1 window>0.200 samples>3 rtt_avg_us>33309 rtt_min_us>33309 rtt_max_us>33309 cwnd>17 cwnd_min>17 cwnd_max>17 throughput_kbps>0.000 goodput_kbps>0.000 retrans>0 total_retrans>0 bytes_acked>75020881
05:35:46.946236 TCPINFO flow>3 window>0.100 samples>2 rtt_avg_us>31885 rtt_min_us>31885 rtt_max_us>31885 cwnd>82 cwnd_min>82 cwnd_max>82 throughput_kbps>0.000 goodput_kbps>0.000 retrans>0 total_retrans>1 bytes_acked>75020881
05:35:47.046302 TCPINFO flow>2 window>0.200 samples>3 rtt_avg_us>32347 rtt_min_us>32347 rtt_max_us>32347 cwnd>68 cwnd_min>68 cwnd_max>68 throughput_kbps>0.000 goodput_kbps>0.000 retrans>0 total_retrans>0 bytes_acked>75020881
05:35:47.046704 TCPINFO flow>1 window>0.200 samples>3 rtt_avg_us>33309 rtt_min_us>33309 rtt_max_us>33309 cwnd>17 cwnd_min>17 cwnd_max>17 throughput_kbps>0.000 goodput_kbps>0.000 retrans>0 total_retrans>0 bytes_acked>75020881
05:35:47.146241 TCPINFO flow>3 window>0.200 samples>3 rtt_avg_us>31885 rtt_min_us>31885 rtt_max_us>31885 cwnd>82 cwnd_min>82 cwnd_max>82 throughput_kbps>0.000 goodput_kbps>0.000 retrans>0 total_retrans>1 bytes_acked>75020881
05:35:47.146304 TCPINFO flow>2 window>0.100 samples>2 rtt_avg_us>32347 rtt_min_us>32347 rtt_max_us>32347 cwnd>68 cwnd_min>68 cwnd_max>68 throughput_kbps>0.000 goodput_kbps>0.000 retrans>0 total_retrans>0 bytes_acked>75020881
05:35:47.246705 TCPINFO flow>1 window>0.200 samples>3 rtt_avg_us>33309 rtt_min_us>33309 rtt_max_us>33309 cwnd>17 cwnd_min>17 cwnd_max>17 throughput_kbps>0.000 goodput_kbps>0.000 retrans>0 total_retrans>0 bytes_acked>75020881
05:35:47.346238 TCPINFO flow>3 window>0.200 samples>3 rtt_avg_us>31885 rtt_min_us>31885 rtt_max_us>31885 cwnd>82 cwnd_min>82 cwnd_max>82 throughput_kbps>0.000 goodput_kbps>0.000 retrans>0 total_retrans>1 bytes_acked>75020881
05:35:47.346305 TCPINFO flow>2 window>0.200 samples>3 rtt_avg_us>32347 rtt_min_us>32347 rtt_max_us>32347 cwnd>68 cwnd_min>68 cwnd_max>68 throughput_kbps>0.000 goodput_kbps>0.000 retrans>0 total_retrans>0 bytes_acked>75020881
05:35:47.446706 TCPINFO flow>1 window>0.200 samples>3 rtt_avg_us>33309 rtt_min_us>33309 rtt_max_us>33309 cwnd>17 cwnd_min>17 cwnd_max>17 throughput_kbps>0.000 goodput_kbps>0.000 retrans>0 total_retrans>0 bytes_acked>75020881
05:35:47.546229 TCPINFO flow>3 window>0.200 samples>3 rtt_avg_us>31885 rtt_min_us>31885 rtt_max_us>31885 cwnd>82 cwnd_min>82 cwnd_max>82 throughput_kbps>0.000 goodput_kbps>0.000 retrans>0 total_retrans>1 bytes_acked>75020881
05:35:47.546304 TCPINFO flow>2 window>0.200 samples>3 rtt_avg_us>32347 rtt_min_us>32347 rtt_max_us>32347 cwnd>68 cwnd_min>68 cwnd_max>68 throughput_kbps>0.000 goodput_kbps>0.000 retrans>0 total_retrans>0 bytes_acked>75020881
05:35:47.646243 TCPINFO flow>3 window>0.100 samples>2 rtt_avg_us>31885 rtt_min_us>31885 rtt_max_us>31885 cwnd>82 cwnd_min>82 cwnd_max>82 throughput_kbps>0.000 goodput_kbps>0.000 retrans>0 total_retrans>1 bytes_acked>75020881
05:35:47.646309 TCPINFO flow>2 window>0.100 samples>2 rtt_avg_us>32347 rtt_min_us>32347 rtt_max_us>32347 cwnd>68 cwnd_min>68 cwnd_max>68 throughput_kbps>0.000 goodput_kbps>0.000 retrans>0 total_retrans>0 bytes_acked>75020881
05:35:47.646711 TCPINFO flow>1 window>0.200 samples>3 rtt_avg_us>33309 rtt_min_us>33309 rtt_max_us>33309 cwnd>17 cwnd_min>17 cwnd_max>17 throughput_kbps>0.000 goodput_kbps>0.000 retrans>0 total_retrans>0 bytes_acked>75020881
05:35:47.746245 TCPINFO flow>3 window>0.100 samples>2 rtt_avg_us>31885 rtt_min_us>31885 rtt_max_us>31885 cwnd>82 cwnd_min>82 cwnd_max>82 throughput_kbps>0.000 goodput_kbps>0.000 retrans>0 total_retrans>1 bytes_acked>75020881
05:35:47.746729 TCPINFO flow>1 window>0.100 samples>2 rtt_avg_us>33309 rtt_min_us>33309 rtt_max_us>33309 cwnd>17 cwnd_min>17 cwnd_max>17 throughput_kbps>0.000 goodput_kbps>0.000 retrans>0 total_retrans>0 bytes_acked>75020881
05:35:47.846306 TCPINFO flow>2 window>0.200 samples>3 rtt_avg_us>32347 rtt_min_us>32347 rtt_max_us>32347 cwnd>68 cwnd_min>68 cwnd_max>68 throughput_kbps>0.000 goodput_kbps>0.000 retrans>0 total_retrans>0 bytes_acked>75020881
05:35:47.946251 TCPINFO flow>3 window>0.200 samples>3 rtt_avg_us>31885 rtt_min_us>31885 rtt_max_us>31885 cwnd>82 cwnd_min>82 cwnd_max>82 throughput_kbps>0.000 goodput_kbps>0.000 retrans>0 total_retrans>1 bytes_acked>75020881
05:35:47.946307 TCPINFO flow>2 window>0.100 samples>2 rtt_avg_us>32347 rtt_min_us>32347 rtt_max_us>32347 cwnd>68 cwnd_min>68 cwnd_max>68 throughput_kbps>0.000 goodput_kbps>0.000 retrans>0 total_retrans>0 bytes_acked>75020881
05:35:47.946706 TCPINFO flow>1 window>0.200 samples>3 rtt_avg_us>33309 rtt_min_us>33309 rtt_max_us>33309 cwnd>17 cwnd_min>17 cwnd_max>17 throughput_kbps>0.000 goodput_kbps>0.000 retrans>0 total_retrans>0 bytes_acked>75020881
05:35:48.046253 TCPINFO flow>3 window>0.100 samples>2 rtt_avg_us>31885 rtt_min_us>31885 rtt_max_us>31885 cwnd>82 cwnd_min>82 cwnd_max>82 throughput_kbps>0.000 goodput_kbps>0.000 retrans>0 total_retrans>1 bytes_acked>75020881
05:35:48.046706 TCPINFO flow>1 window>0.100 samples>2 rtt_avg_us>33309 rtt_min_us>33309 rtt_max_us>33309 cwnd>17 cwnd_min>17 cwnd_max>17 throughput_kbps>0.000 goodput_kbps>0.000 retrans>0 total_retrans>0 bytes_acked>75020881
05:35:48.146305 TCPINFO flow>2 window>0.200 samples>3 rtt_avg_us>32347 rtt_min_us>32347 rtt_max_us>32347 cwnd>68 cwnd_min>68 cwnd_max>68 throughput_kbps>0.000 goodput_kbps>0.000 retrans>0 total_retrans>0 bytes_acked>75020881
05:35:48.146716 TCPINFO flow>1 window>0.100 samples>2 rtt_avg_us>33309 rtt_min_us>33309 rtt_max_us>33309 cwnd>17 cwnd_min>17 cwnd_max>17 throughput_kbps>0.000 goodput_kbps>0.000 retrans>0 total_retrans>0 bytes_acked>75020881
05:35:48.246250 TCPINFO flow>3 window>0.200 samples>3 rtt_avg_us>31885 rtt_min_us>31885 rtt_max_us>31885 cwnd>82 cwnd_min>82 cwnd_max>82 throughput_kbps>0.000 goodput_kbps>0.000 retrans>0 total_retrans>1 bytes_acked>75020881
05:35:48.246307 TCPINFO flow>2 window>0.100 samples>2 rtt_avg_us>32347 rtt_min_us>32347 rtt_max_us>32347 cwnd>68 cwnd_min>68 cwnd_max>68 throughput_kbps>0.000 goodput_kbps>0.000 retrans>0 total_retrans>0 bytes_acked>75020881
05:35:48.346705 TCPINFO flow>1 window>0.200 samples>3 rtt_avg_us>33309 rtt_min_us>33309 rtt_max_us>33309 cwnd>17 cwnd_min>17 cwnd_max>17 throughput_kbps>0.000 goodput_kbps>0.000 retrans>0 total_retrans>0 bytes_acked>75020881
05:35:48.446248 TCPINFO flow>3 window>0.200 samples>3 rtt_avg_us>31885 rtt_min_us>31885 rtt_max_us>31885 cwnd>82 cwnd_min>82 cwnd_max>82 throughput_kbps>0.000 goodput_kbps>0.000 retrans>0 total_retrans>1 bytes_acked>75020881
05:35:48.446306 TCPINFO flow>2 window>0.200 samples>3 rtt_avg_us>32347 rtt_min_us>32347 rtt_max_us>32347 cwnd>68 cwnd_min>68 cwnd_max>68 throughput_kbps>0.000 goodput_kbps>0.000 retrans>0 total_retrans>0 bytes_acked>75020881
05:35:48.446706 TCPINFO flow>1 window>0.100 samples>2 rtt_avg_us>33309 rtt_min_us>33309 rtt_max_us>33309 cwnd>17 cwnd_min>17 cwnd_max>17 throughput_kbps>0.000 goodput_kbps>0.000 retrans>0 total_retrans>0 bytes_acked>75020881
05:35:48.646249 TCPINFO flow>3 window>0.200 samples>3 rtt_avg_us>31885 rtt_min_us>31885 rtt_max_us>31885 cwnd>82 cwnd_min>82 cwnd_max>82 throughput_kbps>0.000 goodput_kbps>0.000 retrans>0 total_retrans>1 bytes_acked>75020881
05:35:48.646306 TCPINFO flow>2 window>0.200 samples>3 rtt_avg_us>32347 rtt_min_us>32347 rtt_max_us>32347 cwnd>68 cwnd_min>68 cwnd_max>68 throughput_kbps>0.000 goodput_kbps>0.000 retrans>0 total_retrans>0 bytes_acked>75020881
05:35:48.646713 TCPINFO flow>1 window>0.200 samples>3 rtt_avg_us>33309 rtt_min_us>33309 rtt_max_us>33309 cwnd>17 cwnd_min>17 cwnd_max>17 throughput_kbps>0.000 goodput_kbps>0.000 retrans>0 total_retrans>0 bytes_acked>75020881
05:35:48.846246 TCPINFO flow>3 window>0.200 samples>3 rtt_avg_us>31885 rtt_min_us>31885 rtt_max_us>31885 cwnd>82 cwnd_min>82 cwnd_max>82 throughput_kbps>0.000 goodput_kbps>0.000 retrans>0 total_retrans>1 bytes_acked>75020881
05:35:48.846324 TCPINFO flow>2 window>0.200 samples>3 rtt_avg_us>32347 rtt_min_us>32347 rtt_max_us>32347 cwnd>68 cwnd_min>68 cwnd_max>68 throughput_kbps>0.000 goodput_kbps>0.000 retrans>0 total_retrans>0 bytes_acked>75020881
05:35:48.846712 TCPINFO flow>1 window>0.200 samples>3 rtt_avg_us>33309 rtt_min_us>33309 rtt_max_us>33309 cwnd>17 cwnd_min>17 cwnd_max>17 throughput_kbps>0.000 goodput_kbps>0.000 retrans>0 total_retrans>0 bytes_acked>75020881
05:35:49.046248 TCPINFO flow>3 window>0.200 samples>3 rtt_avg_us>31885 rtt_min_us>31885 rtt_max_us>31885 cwnd>82 cwnd_min>82 cwnd_max>82 throughput_kbps>0.000 goodput_kbps>0.000 retrans>0 total_retrans>1 bytes_acked>75020881
05:35:49.046305 TCPINFO flow>2 window>0.200 samples>3 rtt_avg_us>32347 rtt_min_us>32347 rtt_max_us>32347 cwnd>68 cwnd_min>68 cwnd_max>68 throughput_kbps>0.000 goodput_kbps>0.000 retrans>0 total_retrans>0 bytes_acked>75020881
05:35:49.046716 TCPINFO flow>1 window>0.200 samples>3 rtt_avg_us>33309 rtt_min_us>33309 rtt_max_us>33309 cwnd>17 cwnd_min>17 cwnd_max>17 throughput_kbps>0.000 goodput_kbps>0.000 retrans>0 total_retrans>0 bytes_acked>75020881
05:35:49.146250 TCPINFO flow>3 window>0.100 samples>2 rtt_avg_us>31885 rtt_min_us>31885 rtt_max_us>31885 cwnd>82 cwnd_min>82 cwnd_max>82 throughput_kbps>0.000 goodput_kbps>0.000 retrans>0 total_retrans>1 bytes_acked>75020881
05:35:49.146311 TCPINFO flow>2 window>0.100 samples>2 rtt_avg_us>32347 rtt_min_us>32347 rtt_max_us>32347 cwnd>68 cwnd_min>68 cwnd_max>68 throughput_kbps>0.000 goodput_kbps>0.000 retrans>0 total_retrans>0 bytes_acked>75020881
05:35:49.246257 TCPINFO flow>3 window>0.100 samples>2 rtt_avg_us>31885 rtt_min_us>31885 rtt_max_us>31885 cwnd>82 cwnd_min>82 cwnd_max>82 throughput_kbps>0.000 goodput_kbps>0.000 retrans>0 total_retrans>1 bytes_acked>75020881
05:35:49.246715 TCPINFO flow>1 window>0.200 samples>3 rtt_avg_us>33309 rtt_min_us>33309 rtt_max_us>33309 cwnd>17 cwnd_min>17 cwnd_max>17 throughput_kbps>0.000 goodput_kbps>0.000 retrans>0 total_retrans>0 bytes_acked>75020881
05:35:49.346310 TCPINFO flow>2 window>0.200 samples>3 rtt_avg_us>32347 rtt_min_us>32347 rtt_max_us>32347 cwnd>68 cwnd_min>68 cwnd_max>68 throughput_kbps>0.000 goodput_kbps>0.000 retrans>0 total_retrans>0 bytes_acked>75020881
05:35:49.446255 TCPINFO flow>3 window>0.200 samples>3 rtt_avg_us>31885 rtt_min_us>31885 rtt_max_us>31885 cwnd>82 cwnd_min>82 cwnd_max>82 throughput_kbps>0.000 goodput_kbps>0.000 retrans>0 total_retrans>1 bytes_acked>75020881
05:35:49.446715 TCPINFO flow>1 window>0.200 samples>3 rtt_avg_us>33309 rtt_min_us>33309 rtt_max_us>33309 cwnd>17 cwnd_min>17 cwnd_max>17 throughput_kbps>0.000 goodput_kbps>0.000 retrans>0 total_retrans>0 bytes_acked>75020881
05:35:49.546312 TCPINFO flow>2 window>0.200 samples>3 rtt_avg_us>32347 rtt_min_us>32347 rtt_max_us>32347 cwnd>68 cwnd_min>68 cwnd_max>68 throughput_kbps>0.000 goodput_kbps>0.000 retrans>0 total_retrans>0 bytes_acked>75020881
05:35:49.546729 TCPINFO flow>1 window>0.100 samples>2 rtt_avg_us>33309 rtt_min_us>33309 rtt_max_us>33309 cwnd>17 cwnd_min>17 cwnd_max>17 throughput_kbps>0.000 goodput_kbps>0.000 retrans>0 total_retrans>0 bytes_acked>75020881
05:35:49.646251 TCPINFO flow>3 window>0.200 samples>3 rtt_avg_us>31885 rtt_min_us>31885 rtt_max_us>31885 cwnd>82 cwnd_min>82 cwnd_max>82 throughput_kbps>0.000 goodput_kbps>0.000 retrans>0 total_retrans>1 bytes_acked>75020881
05:35:49.746323 TCPINFO flow>2 window>0.200 samples>3 rtt_avg_us>32347 rtt_min_us>32347 rtt_max_us>32347 cwnd>68 cwnd_min>68 cwnd_max>68 throughput_kbps>0.000 goodput_kbps>0.000 retrans>0 total_retrans>0 bytes_acked>75020881
05:35:49.746706 TCPINFO flow>1 window>0.200 samples>3 rtt_avg_us>33309 rtt_min_us>33309 rtt_max_us>33309 cwnd>17 cwnd_min>17 cwnd_max>17 throughput_kbps>0.000 goodput_kbps>0.000 retrans>0 total_retrans>0 bytes_acked>75020881
05:35:49.846257 TCPINFO flow>3 window>0.200 samples>3 rtt_avg_us>31885 rtt_min_us>31885 rtt_max_us>31885 cwnd>82 cwnd_min>82 cwnd_max>82 throughput_kbps>0.000 goodput_kbps>0.000 retrans>0 total_retrans>1 bytes_acked>75020881
05:35:49.846713 TCPINFO flow>1 window>0.100 samples>2 rtt_avg_us>33309 rtt_min_us>33309 rtt_max_us>33309 cwnd>17 cwnd_min>17 cwnd_max>17 throughput_kbps>0.000 goodput_kbps>0.000 retrans>0 total_retrans>0 bytes_acked>75020881
05:35:49.946304 TCPINFO flow>2 window>0.200 samples>3 rtt_avg_us>32347 rtt_min_us>32347 rtt_max_us>32347 cwnd>68 cwnd_min>68 cwnd_max>68 throughput_kbps>0.000 goodput_kbps>0.000 retrans>0 total_retrans>0 bytes_acked>75020881
05:35:50.046244 TCPINFO flow>3 window>0.200 samples>3 rtt_avg_us>31885 rtt_min_us>31885 rtt_max_us>31885 cwnd>82 cwnd_min>82 cwnd_max>82 throughput_kbps>0.000 goodput_kbps>0.000 retrans>0 total_retrans>1 bytes_acked>75020881
05:35:50.046311 TCPINFO flow>2 window>0.100 samples>2 rtt_avg_us>32347 rtt_min_us>32347 rtt_max_us>32347 cwnd>68 cwnd_min>68 cwnd_max>68 throughput_kbps>0.000 goodput_kbps>0.000 retrans>0 total_retrans>0 bytes_acked>75020881
05:35:50.046706 TCPINFO flow>1 window>0.200 samples>3 rtt_avg_us>33309 rtt_min_us>33309 rtt_max_us>33309 cwnd>17 cwnd_min>17 cwnd_max>17 throughput_kbps>0.000 goodput_kbps>0.000 retrans>0 total_retrans>0 bytes_acked>75020881
05:35:50.146260 TCPINFO flow>3 window>0.100 samples>2 rtt_avg_us>31885 rtt_min_us>31885 rtt_max_us>31885 cwnd>82 cwnd_min>82 cwnd_max>82 throughput_kbps>0.000 goodput_kbps>0.000 retrans>0 total_retrans>1 bytes_acked>75020881
05:35:50.146719 TCPINFO flow>1 window>0.100 samples>2 rtt_avg_us>33309 rtt_min_us>33309 rtt_max_us>33309 cwnd>17 cwnd_min>17 cwnd_max>17 throughput_kbps>0.000 goodput_kbps>0.000 retrans>0 total_retrans>0 bytes_acked>75020881
05:35:50.246304 TCPINFO flow>2 window>0.200 samples>3 rtt_avg_us>32347 rtt_min_us>32347 rtt_max_us>32347 cwnd>68 cwnd_min>68 cwnd_max>68 throughput_kbps>0.000 goodput_kbps>0.000 retrans>0 total_retrans>0 bytes_acked>75020881
05:35:50.346249 TCPINFO flow>3 window>0.200 samples>3 rtt_avg_us>31885 rtt_min_us>31885 rtt_max_us>31885 cwnd>82 cwnd_min>82 cwnd_max>82 throughput_kbps>0.000 goodput_kbps>0.000 retrans>0 total_retrans>1 bytes_acked>75020881
05:35:50.346311 TCPINFO flow>2 window>0.100 samples>2 rtt_avg_us>32347 rtt_min_us>32347 rtt_max_us>32347 cwnd>68 cwnd_min>68 cwnd_max>68 throughput_kbps>0.000 goodput_kbps>0.000 retrans>0 total_retrans>0 bytes_acked>75020881
05:35:50.346715 TCPINFO flow>1 window>0.200 samples>3 rtt_avg_us>33309 rtt_min_us>33309 rtt_max_us>33309 cwnd>17 cwnd_min>17 cwnd_max>17 throughput_kbps>0.000 goodput_kbps>0.000 retrans>0 total_retrans>0 bytes_acked>75020881
05:35:50.446254 TCPINFO flow>3 window>0.100 samples>2 rtt_avg_us>31885 rtt_min_us>31885 rtt_max_us>31885 cwnd>82 cwnd_min>82 cwnd_max>82 throughput_kbps>0.000 goodput_kbps>0.000 retrans>0 total_retrans>1 bytes_acked>75020881
05:35:50.546311 TCPINFO flow>2 window>0.200 samples>3 rtt_avg_us>32347 rtt_min_us>32347 rtt_max_us>32347 cwnd>68 cwnd_min>68 cwnd_max>68 throughput_kbps>0.000 goodput_kbps>0.000 retrans>0 total_retrans>0 bytes_acked>75020881
05:35:50.546714 TCPINFO flow>1 window>0.200 samples>3 rtt_avg_us>33309 rtt_min_us>33309 rtt_max_us>33309 cwnd>17 cwnd_min>17 cwnd_max>17 throughput_kbps>0.000 goodput_kbps>0.000 retrans>0 total_retrans>0 bytes_acked>75020881
05:35:50.646245 TCPINFO flow>3 window>0.200 samples>3 rtt_avg_us>31885 rtt_min_us>31885 rtt_max_us>31885 cwnd>82 cwnd_min>82 cwnd_max>82 throughput_kbps>0.000 goodput_kbps>0.000 retrans>0 total_retrans>1 bytes_acked>75020881
05:35:50.746303 TCPINFO flow>2 window>0.200 samples>3 rtt_avg_us>32347 rtt_min_us>32347 rtt_max_us>32347 cwnd>68 cwnd_min>68 cwnd_max>68 throughput_kbps>0.000 goodput_kbps>0.000 retrans>0 total_retrans>0 bytes_acked>75020881
05:35:50.746702 TCPINFO flow>1 window>0.200 samples>3 rtt_avg_us>33309 rtt_min_us>33309 rtt_max_us>33309 cwnd>17 cwnd_min>17 cwnd_max>17 throughput_kbps>0.000 goodput_kbps>0.000 retrans>0 total_retrans>0 bytes_acked>75020881
05:35:50.846239 TCPINFO flow>3 window>0.200 samples>3 rtt_avg_us>31885 rtt_min_us>31885 rtt_max_us>31885 cwnd>82 cwnd_min>82 cwnd_max>82 throughput_kbps>0.000 goodput_kbps>0.000 retrans>0 total_retrans>1 bytes_acked>75020881
05:35:50.846306 TCPINFO flow>2 window>0.100 samples>2 rtt_avg_us>32347 rtt_min_us>32347 rtt_max_us>32347 cwnd>68 cwnd_min>68 cwnd_max>68 throughput_kbps>0.000 goodput_kbps>0.000 retrans>0 total_retrans>0 bytes_acked>75020881
05:35:50.846707 TCPINFO flow>1 window>0.100 samples>2 rtt_avg_us>33309 rtt_min_us>33309 rtt_max_us>33309 cwnd>17 cwnd_min>17 cwnd_max>17 throughput_kbps>0.000 goodput_kbps>0.000 retrans>0 total_retrans>0 bytes_acked>75020881
05:35:51.046257 TCPINFO flow>3 window>0.200 samples>3 rtt_avg_us>31885 rtt_min_us>31885 rtt_max_us>31885 cwnd>82 cwnd_min>82 cwnd_max>82 throughput_kbps>0.000 goodput_kbps>0.000 retrans>0 total_retrans>1 bytes_acked>75020881
05:35:51.046306 TCPINFO flow>2 window>0.200 samples>3 rtt_avg_us>32347 rtt_min_us>32347 rtt_max_us>32347 cwnd>68 cwnd_min>68 cwnd_max>68 throughput_kbps>0.000 goodput_kbps>0.000 retrans>0 total_retrans>0 bytes_acked>75020881
05:35:51.046716 TCPINFO flow>1 window>0.200 samples>3 rtt_avg_us>33309 rtt_min_us>33309 rtt_max_us>33309 cwnd>17 cwnd_min>17 cwnd_max>17 throughput_kbps>0.000 goodput_kbps>0.000 retrans>0 total_retrans>0 bytes_acked>75020881
05:35:51.146452 TCPINFO flow>3 window>0.100 samples>2 rtt_avg_us>31885 rtt_min_us>31885 rtt_max_us>31885 cwnd>82 cwnd_min>82 cwnd_max>82 throughput_kbps>0.000 goodput_kbps>0.000 retrans>0 total_retrans>1 bytes_acked>75020881
05:35:51.146461 TCPINFO flow>2 window>0.100 samples>2 rtt_avg_us>32347 rtt_min_us>32347 rtt_max_us>32347 cwnd>68 cwnd_min>68 cwnd_max>68 throughput_kbps>0.000 goodput_kbps>0.000 retrans>0 total_retrans>0 bytes_acked>75020881
05:35:51.246707 TCPINFO flow>1 window>0.200 samples>3 rtt_avg_us>33309 rtt_min_us>33309 rtt_max_us>33309 cwnd>17 cwnd_min>17 cwnd_max>17 throughput_kbps>0.000 goodput_kbps>0.000 retrans>0 total_retrans>0 bytes_acked>75020881
05:35:51.346243 TCPINFO flow>3 window>0.200 samples>3 rtt_avg_us>31885 rtt_min_us>31885 rtt_max_us>31885 cwnd>82 cwnd_min>82 cwnd_max>82 throughput_kbps>0.000 goodput_kbps>0.000 retrans>0 total_retrans>1 bytes_acked>75020881
05:35:51.346306 TCPINFO flow>2 window>0.200 samples>3 rtt_avg_us>32347 rtt_min_us>32347 rtt_max_us>32347 cwnd>68 cwnd_min>68 cwnd_max>68 throughput_kbps>0.000 goodput_kbps>0.000 retrans>0 total_retrans>0 bytes_acked>75020881
05:35:51.446244 TCPINFO flow>3 window>0.100 samples>2 rtt_avg_us>31885 rtt_min_us>31885 rtt_max_us>31885 cwnd>82 cwnd_min>82 cwnd_max>82 throughput_kbps>0.000 goodput_kbps>0.000 retrans>0 total_retrans>1 bytes_acked>75020881
05:35:51.446709 TCPINFO flow>1 window>0.200 samples>3 rtt_avg_us>33309 rtt_min_us>33309 rtt_max_us>33309 cwnd>17 cwnd_min>17 cwnd_max>17 throughput_kbps>0.000 goodput_kbps>0.000 retrans>0 total_retrans>0 bytes_acked>75020881
05:35:51.546311 TCPINFO flow>2 window>0.200 samples>3 rtt_avg_us>32347 rtt_min_us>32347 rtt_max_us>32347 cwnd>68 cwnd_min>68 cwnd_max>68 throughput_kbps>0.000 goodput_kbps>0.000 retrans>0 total_retrans>0 bytes_acked>75020881
05:35:51.646243 TCPINFO flow>3 window>0.200 samples>3 rtt_avg_us>31885 rtt_min_us>31885 rtt_max_us>31885 cwnd>82 cwnd_min>82 cwnd_max>82 throughput_kbps>0.000 goodput_kbps>0.000 retrans>0 total_retrans>1 bytes_acked>75020881
05:35:51.646700 TCPINFO flow>1 window>0.200 samples>3 rtt_avg_us>33309 rtt_min_us>33309 rtt_max_us>33309 cwnd>17 cwnd_min>17 cwnd_max>17 throughput_kbps>0.000 goodput_kbps>0.000 retrans>0 total_retrans>0 bytes_acked>75020881
05:35:51.746306 TCPINFO flow>2 window>0.200 samples>3 rtt_avg_us>32347 rtt_min_us>32347 rtt_max_us>32347 cwnd>68 cwnd_min>68 cwnd_max>68 throughput_kbps>0.000 goodput_kbps>0.000 retrans>0 total_retrans>0 bytes_acked>75020881
05:35:51.746705 TCPINFO flow>1 window>0.100 samples>2 rtt_avg_us>33309 rtt_min_us>33309 rtt_max_us>33309 cwnd>17 cwnd_min>17 cwnd_max>17 throughput_kbps>0.000 goodput_kbps>0.000 retrans>0 total_retrans>0 bytes_acked>75020881
05:35:51.846241 TCPINFO flow>3 window>0.200 samples>3 rtt_avg_us>31885 rtt_min_us>31885 rtt_max_us>31885 cwnd>82 cwnd_min>82 cwnd_max>82 throughput_kbps>0.000 goodput_kbps>0.000 retrans>0 total_retrans>1 bytes_acked>75020881
05:35:51.946262 TCPINFO flow>3 window>0.100 samples>2 rtt_avg_us>31885 rtt_min_us>31885 rtt_max_us>31885 cwnd>82 cwnd_min>82 cwnd_max>82 throughput_kbps>0.000 goodput_kbps>0.000 retrans>0 total_retrans>1 bytes_acked>75020881
05:35:51.946335 TCPINFO flow>2 window>0.200 samples>3 rtt_avg_us>32347 rtt_min_us>32347 rtt_max_us>32347 cwnd>68 cwnd_min>68 cwnd_max>68 throughput_kbps>0.000 goodput_kbps>0.000 retrans>0 total_retrans>0 bytes_acked>75020881
05:35:51.946722 TCPINFO flow>1 window>0.200 samples>3 rtt_avg_us>33309 rtt_min_us>33309 rtt_max_us>33309 cwnd>17 cwnd_min>17 cwnd_max>17 throughput_kbps>0.000 goodput_kbps>0.000 retrans>0 total_retrans>0 bytes_acked>75020881
05:35:52.146252 TCPINFO flow>3 window>0.200 samples>3 rtt_avg_us>31885 rtt_min_us>31885 rtt_max_us>31885 cwnd>82 cwnd_min>82 cwnd_max>82 throughput_kbps>0.000 goodput_kbps>0.000 retrans>0 total_retrans>1 bytes_acked>75020881
05:35:52.146307 TCPINFO flow>2 window>0.200 samples>3 rtt_avg_us>32347 rtt_min_us>32347 rtt_max_us>32347 cwnd>68 cwnd_min>68 cwnd_max>68 throughput_kbps>0.000 goodput_kbps>0.000 retrans>0 total_retrans>0 bytes_acked>75020881
05:35:52.146706 TCPINFO flow>1 window>0.200 samples>3 rtt_avg_us>33309 rtt_min_us>33309 rtt_max_us>33309 cwnd>17 cwnd_min>17 cwnd_max>17 throughput_kbps>0.000 goodput_kbps>0.000 retrans>0 total_retrans>0 bytes_acked>75020881
05:35:52.246707 TCPINFO flow>1 window>0.100 samples>2 rtt_avg_us>33309 rtt_min_us>33309 rtt_max_us>33309 cwnd>17 cwnd_min>17 cwnd_max>17 throughput_kbps>0.000 goodput_kbps>0.000 retrans>0 total_retrans>0 bytes_acked>75020881
05:35:52.346248 TCPINFO flow>3 window>0.200 samples>3 rtt_avg_us>31885 rtt_min_us>31885 rtt_max_us>31885 cwnd>82 cwnd_min>82 cwnd_max>82 throughput_kbps>0.000 goodput_kbps>0.000 retrans>0 total_retrans>1 bytes_acked>75020881
05:35:52.346306 TCPINFO flow>2 window>0.200 samples>3 rtt_avg_us>32347 rtt_min_us>32347 rtt_max_us>32347 cwnd>68 cwnd_min>68 cwnd_max>68 throughput_kbps>0.000 goodput_kbps>0.000 retrans>0 total_retrans>0 bytes_acked>75020881
05:35:52.346710 TCPINFO flow>1 window>0.100 samples>2 rtt_avg_us>33309 rtt_min_us>33309 rtt_max_us>33309 cwnd>17 cwnd_min>17 cwnd_max>17 throughput_kbps>0.000 goodput_kbps>0.000 retrans>0 total_retrans>0 bytes_acked>75020881
05:35:52.446310 TCPINFO flow>2 window>0.100 samples>2 rtt_avg_us>32347 rtt_min_us>32347 rtt_max_us>32347 cwnd>68 cwnd_min>68 cwnd_max>68 throughput_kbps>0.000 goodput_kbps>0.000 retrans>0 total_retrans>0 bytes_acked>75020881
05:35:52.546224 TCPINFO flow>3 window>0.200 samples>3 rtt_avg_us>31885 rtt_min_us>31885 rtt_max_us>31885 cwnd>82 cwnd_min>82 cwnd_max>82 throughput_kbps>0.000 goodput_kbps>0.000 retrans>0 total_retrans>1 bytes_acked>75020881
05:35:52.546712 TCPINFO flow>1 window>0.200 samples>3 rtt_avg_us>33309 rtt_min_us>33309 rtt_max_us>33309 cwnd>17 cwnd_min>17 cwnd_max>17 throughput_kbps>0.000 goodput_kbps>0.000 retrans>0 total_retrans>0 bytes_acked>75020881
05:35:52.646258 TCPINFO flow>3 window>0.100 samples>2 rtt_avg_us>31885 rtt_min_us>31885 rtt_max_us>31885 cwnd>82 cwnd_min>82 cwnd_max>82 throughput_kbps>0.000 goodput_kbps>0.000 retrans>0 total_retrans>1 bytes_acked>75020881
05:35:52.646315 TCPINFO flow>2 window>0.200 samples>3 rtt_avg_us>32347 rtt_min_us>32347 rtt_max_us>32347 cwnd>68 cwnd_min>68 cwnd_max>68 throughput_kbps>0.000 goodput_kbps>0.000 retrans>0 total_retrans>0 bytes_acked>75020881
05:35:52.646720 TCPINFO flow>1 window>0.100 samples>2 rtt_avg_us>33309 rtt_min_us>33309 rtt_max_us>33309 cwnd>17 cwnd_min>17 cwnd_max>17 throughput_kbps>0.000 goodput_kbps>0.000 retrans>0 total_retrans>0 bytes_acked>75020881
05:35:52.746262 TCPINFO flow>3 window>0.100 samples>2 rtt_avg_us>31885 rtt_min_us>31885 rtt_max_us>31885 cwnd>82 cwnd_min>82 cwnd_max>82 throughput_kbps>0.000 goodput_kbps>0.000 retrans>0 total_retrans>1 bytes_acked>75020881
05:35:52.746722 TCPINFO flow>1 window>0.100 samples>2 rtt_avg_us>33309 rtt_min_us>33309 rtt_max_us>33309 cwnd>17 cwnd_min>17 cwnd_max>17 throughput_kbps>0.000 goodput_kbps>0.000 retrans>0 total_retrans>0 bytes_acked>75020881
05:35:52.846310 TCPINFO flow>2 window>0.200 samples>3 rtt_avg_us>32347 rtt_min_us>32347 rtt_max_us>32347 cwnd>68 cwnd_min>68 cwnd_max>68 throughput_kbps>0.000 goodput_kbps>0.000 retrans>0 total_retrans>0 bytes_acked>75020881
05:35:52.846723 TCPINFO flow>1 window>0.100 samples>2 rtt_avg_us>33309 rtt_min_us>33309 rtt_max_us>33309 cwnd>17 cwnd_min>17 cwnd_max>17 throughput_kbps>0.000 goodput_kbps>0.000 retrans>0 total_retrans>0 bytes_acked>75020881
05:35:52.946252 TCPINFO flow>3 window>0.200 samples>3 rtt_avg_us>31885 rtt_min_us>31885 rtt_max_us>31885 cwnd>82 cwnd_min>82 cwnd_max>82 throughput_kbps>0.000 goodput_kbps>0.000 retrans>0 total_retrans>1 bytes_acked>75020881
05:35:53.046305 TCPINFO flow>2 window>0.200 samples>3 rtt_avg_us>32347 rtt_min_us>32347 rtt_max_us>32347 cwnd>68 cwnd_min>68 cwnd_max>68 throughput_kbps>0.000 goodput_kbps>0.000 retrans>0 total_retrans>0 bytes_acked>75020881
05:35:53.046705 TCPINFO flow>1 window>0.200 samples>3 rtt_avg_us>33309 rtt_min_us>33309 rtt_max_us>33309 cwnd>17 cwnd_min>17 cwnd_max>17 throughput_kbps>0.000 goodput_kbps>0.000 retrans>0 total_retrans>0 bytes_acked>75020881
05:35:53.146249 TCPINFO flow>3 window>0.200 samples>3 rtt_avg_us>31885 rtt_min_us>31885 rtt_max_us>31885 cwnd>82 cwnd_min>82 cwnd_max>82 throughput_kbps>0.000 goodput_kbps>0.000 retrans>0 total_retrans>1 bytes_acked>75020881
05:35:53.146306 TCPINFO flow>2 window>0.100 samples>2 rtt_avg_us>32347 rtt_min_us>32347 rtt_max_us>32347 cwnd>68 cwnd_min>68 cwnd_max>68 throughput_kbps>0.000 goodput_kbps>0.000 retrans>0 total_retrans>0 bytes_acked>75020881
05:35:53.146706 TCPINFO flow>1 window>0.100 samples>2 rtt_avg_us>33309 rtt_min_us>33309 rtt_max_us>33309 cwnd>17 cwnd_min>17 cwnd_max>17 throughput_kbps>0.000 goodput_kbps>0.000 retrans>0 total_retrans>0 bytes_acked>75020881
05:35:53.246709 TCPINFO flow>1 window>0.100 samples>2 rtt_avg_us>33309 rtt_min_us>33309 rtt_max_us>33309 cwnd>17 cwnd_min>17 cwnd_max>17 throughput_kbps>0.000 goodput_kbps>0.000 retrans>0 total_retrans>0 bytes_acked>75020881
05:35:53.346248 TCPINFO flow>3 window>0.200 samples>3 rtt_avg_us>31885 rtt_min_us>31885 rtt_max_us>31885 cwnd>82 cwnd_min>82 cwnd_max>82 throughput_kbps>0.000 goodput_kbps>0.000 retrans>0 total_retrans>1 bytes_acked>75020881
05:35:53.346308 TCPINFO flow>2 window>0.200 samples>3 rtt_avg_us>32347 rtt_min_us>32347 rtt_max_us>32347 cwnd>68 cwnd_min>68 cwnd_max>68 throughput_kbps>0.000 goodput_kbps>0.000 retrans>0 total_retrans>0 bytes_acked>75020881
05:35:53.346711 TCPINFO flow>1 window>0.100 samples>2 rtt_avg_us>33309 rtt_min_us>33309 rtt_max_us>33309 cwnd>17 cwnd_min>17 cwnd_max>17 throughput_kbps>0.000 goodput_kbps>0.000 retrans>0 total_retrans>0 bytes_acked>75020881
05:35:53.446712 TCPINFO flow>1 window>0.100 samples>2 rtt_avg_us>33309 rtt_min_us>33309 rtt_max_us>33309 cwnd>17 cwnd_min>17 cwnd_max>17 throughput_kbps>0.000 goodput_kbps>0.000 retrans>0 total_retrans>0 bytes_acked>75020881
05:35:53.546219 TCPINFO flow>3 window>0.200 samples>3 rtt_avg_us>31885 rtt_min_us>31885 rtt_max_us>31885 cwnd>82 cwnd_min>82 cwnd_max>82 throughput_kbps>0.000 goodput_kbps>0.000 retrans>0 total_retrans>1 bytes_acked>75020881
05:35:53.546305 TCPINFO flow>2 window>0.200 samples>3 rtt_avg_us>32347 rtt_min_us>32347 rtt_max_us>32347 cwnd>68 cwnd_min>68 cwnd_max>68 throughput_kbps>0.000 goodput_kbps>0.000 retrans>0 total_retrans>0 bytes_acked>75020881
05:35:53.646249 TCPINFO flow>3 window>0.100 samples>2 rtt_avg_us>31885 rtt_min_us>31885 rtt_max_us>31885 cwnd>82 cwnd_min>82 cwnd_max>82 throughput_kbps>0.000 goodput_kbps>0.000 retrans>0 total_retrans>1 bytes_acked>75020881
05:35:53.646307 TCPINFO flow>2 window>0.100 samples>2 rtt_avg_us>32347 rtt_min_us>32347 rtt_max_us>32347 cwnd>68 cwnd_min>68 cwnd_max>68 throughput_kbps>0.000 goodput_kbps>0.000 retrans>0 total_retrans>0 bytes_acked>75020881
05:35:53.646711 TCPINFO flow>1 window>0.200 samples>3 rtt_avg_us>33309 rtt_min_us>33309 rtt_max_us>33309 cwnd>17 cwnd_min>17 cwnd_max>17 throughput_kbps>0.000 goodput_kbps>0.000 retrans>0 total_retrans>0 bytes_acked>75020881
05:35:53.846240 TCPINFO flow>3 window>0.200 samples>3 rtt_avg_us>31885 rtt_min_us>31885 rtt_max_us>31885 cwnd>82 cwnd_min>82 cwnd_max>82 throughput_kbps>0.000 goodput_kbps>0.000 retrans>0 total_retrans>1 bytes_acked>75020881
05:35:53.846305 TCPINFO flow>2 window>0.200 samples>3 rtt_avg_us>32347 rtt_min_us>32347 rtt_max_us>32347 cwnd>68 cwnd_min>68 cwnd_max>68 throughput_kbps>0.000 goodput_kbps>0.000 retrans>0 total_retrans>0 bytes_acked>75020881
05:35:53.846706 TCPINFO flow>1 window>0.200 samples>3 rtt_avg_us>33309 rtt_min_us>33309 rtt_max_us>33309 cwnd>17 cwnd_min>17 cwnd_max>17 throughput_kbps>0.000 goodput_kbps>0.000 retrans>0 total_retrans>0 bytes_acked>75020881
05:35:53.946254 TCPINFO flow>3 window>0.100 samples>2 rtt_avg_us>31885 rtt_min_us>31885 rtt_max_us>31885 cwnd>82 cwnd_min>82 cwnd_max>82 throughput_kbps>0.000 goodput_kbps>0.000 retrans>0 total_retrans>1 bytes_acked>75020881
05:35:53.946306 TCPINFO flow>2 window>0.100 samples>2 rtt_avg_us>32347 rtt_min_us>32347 rtt_max_us>32347 cwnd>68 cwnd_min>68 cwnd_max>68 throughput_kbps>0.000 goodput_kbps>0.000 retrans>0 total_retrans>0 bytes_acked>75020881
05:35:54.046704 TCPINFO flow>1 window>0.200 samples>3 rtt_avg_us>33309 rtt_min_us>33309 rtt_max_us>33309 cwnd>17 cwnd_min>17 cwnd_max>17 throughput_kbps>0.000 goodput_kbps>0.000 retrans>0 total_retrans>0 bytes_acked>75020881
05:35:54.146246 TCPINFO flow>3 window>0.200 samples>3 rtt_avg_us>31885 rtt_min_us>31885 rtt_max_us>31885 cwnd>82 cwnd_min>82 cwnd_max>82 throughput_kbps>0.000 goodput_kbps>0.000 retrans>0 total_retrans>1 bytes_acked>75020881
05:35:54.146305 TCPINFO flow>2 window>0.200 samples>3 rtt_avg_us>32347 rtt_min_us>32347 rtt_max_us>32347 cwnd>68 cwnd_min>68 cwnd_max>68 throughput_kbps>0.000 goodput_kbps>0.000 retrans>0 total_retrans>0 bytes_acked>75020881
05:35:54.146706 TCPINFO flow>1 window>0.100 samples>2 rtt_avg_us>33309 rtt_min_us>33309 rtt_max_us>33309 cwnd>17 cwnd_min>17 cwnd_max>17 throughput_kbps>0.000 goodput_kbps>0.000 retrans>0 total_retrans>0 bytes_acked>75020881
05:35:54.246337 TCPINFO flow>2 window>0.100 samples>2 rtt_avg_us>32347 rtt_min_us>32347 rtt_max_us>32347 cwnd>68 cwnd_min>68 cwnd_max>68 throughput_kbps>0.000 goodput_kbps>0.000 retrans>0 total_retrans>0 bytes_acked>75020881
05:35:54.246710 TCPINFO flow>1 window>0.100 samples>2 rtt_avg_us>33309 rtt_min_us>33309 rtt_max_us>33309 cwnd>17 cwnd_min>17 cwnd_max>17 throughput_kbps>0.000 goodput_kbps>0.000 retrans>0 total_retrans>0 bytes_acked>75020881
05:35:54.346245 TCPINFO flow>3 window>0.200 samples>3 rtt_avg_us>31885 rtt_min_us>31885 rtt_max_us>31885 cwnd>82 cwnd_min>82 cwnd_max>82 throughput_kbps>0.000 goodput_kbps>0.000 retrans>0 total_retrans>1 bytes_acked>75020881
05:35:54.446304 TCPINFO flow>2 window>0.200 samples>3 rtt_avg_us>32347 rtt_min_us>32347 rtt_max_us>32347 cwnd>68 cwnd_min>68 cwnd_max>68 throughput_kbps>0.000 goodput_kbps>0.000 retrans>0 total_retrans>0 bytes_acked>75020881
05:35:54.446704 TCPINFO flow>1 window>0.200 samples>3 rtt_avg_us>33309 rtt_min_us>33309 rtt_max_us>33309 cwnd>17 cwnd_min>17 cwnd_max>17 throughput_kbps>0.000 goodput_kbps>0.000 retrans>0 total_retrans>0 bytes_acked>75020881
05:35:54.546213 TCPINFO flow>3 window>0.200 samples>3 rtt_avg_us>31885 rtt_min_us>31885 rtt_max_us>31885 cwnd>82 cwnd_min>82 cwnd_max>82 throughput_kbps>0.000 goodput_kbps>0.000 retrans>0 total_retrans>1 bytes_acked>75020881
05:35:54.546311 TCPINFO flow>2 window>0.100 samples>2 rtt_avg_us>32347 rtt_min_us>32347 rtt_max_us>32347 cwnd>68 cwnd_min>68 cwnd_max>68 throughput_kbps>0.000 goodput_kbps>0.000 retrans>0 total_retrans>0 bytes_acked>75020881
05:35:54.546706 TCPINFO flow>1 window>0.100 samples>2 rtt_avg_us>33309 rtt_min_us>33309 rtt_max_us>33309 cwnd>17 cwnd_min>17 cwnd_max>17 throughput_kbps>0.000 goodput_kbps>0.000 retrans>0 total_retrans>0 bytes_acked>75020881
05:35:54.646254 TCPINFO flow>3 window>0.100 samples>2 rtt_avg_us>31885 rtt_min_us>31885 rtt_max_us>31885 cwnd>82 cwnd_min>82 cwnd_max>82 throughput_kbps>0.000 goodput_kbps>0.000 retrans>0 total_retrans>1 bytes_acked>75020881
05:35:54.646313 TCPINFO flow>2 window>0.100 samples>2 rtt_avg_us>32347 rtt_min_us>32347 rtt_max_us>32347 cwnd>68 cwnd_min>68 cwnd_max>68 throughput_kbps>0.000 goodput_kbps>0.000 retrans>0 total_retrans>0 bytes_acked>75020881
05:35:54.646718 TCPINFO flow>1 window>0.100 samples>2 rtt_avg_us>33309 rtt_min_us>33309 rtt_max_us>33309 cwnd>17 cwnd_min>17 cwnd_max>17 throughput_kbps>0.000 goodput_kbps>0.000 retrans>0 total_retrans>0 bytes_acked>75020881
05:35:54.846247 TCPINFO flow>3 window>0.200 samples>3 rtt_avg_us>31885 rtt_min_us>31885 rtt_max_us>31885 cwnd>82 cwnd_min>82 cwnd_max>82 throughput_kbps>0.000 goodput_kbps>0.000 retrans>0 total_retrans>1 bytes_acked>75020881
05:35:54.846308 TCPINFO flow>2 window>0.200 samples>3 rtt_avg_us>32347 rtt_min_us>32347 rtt_max_us>32347 cwnd>68 cwnd_min>68 cwnd_max>68 throughput_kbps>0.000 goodput_kbps>0.000 retrans>0 total_retrans>0 bytes_acked>75020881
05:35:54.846705 TCPINFO flow>1 window>0.200 samples>3 rtt_avg_us>33309 rtt_min_us>33309 rtt_max_us>33309 cwnd>17 cwnd_min>17 cwnd_max>17 throughput_kbps>0.000 goodput_kbps>0.000 retrans>0 total_retrans>0 bytes_acked>75020881
05:35:55.046240 TCPINFO flow>3 window>0.200 samples>3 rtt_avg_us>31885 rtt_min_us>31885 rtt_max_us>31885 cwnd>82 cwnd_min>82 cwnd_max>82 throughput_kbps>0.000 goodput_kbps>0.000 retrans>0 total_retrans>1 bytes_acked>75020881
05:35:55.046303 TCPINFO flow>2 window>0.200 samples>3 rtt_avg_us>32347 rtt_min_us>32347 rtt_max_us>32347 cwnd>68 cwnd_min>68 cwnd_max>68 throughput_kbps>0.000 goodput_kbps>0.000 retrans>0 total_retrans>0 bytes_acked>75020881
05:35:55.046707 TCPINFO flow>1 window>0.200 samples>3 rtt_avg_us>33309 rtt_min_us>33309 rtt_max_us>33309 cwnd>17 cwnd_min>17 cwnd_max>17 throughput_kbps>0.000 goodput_kbps>0.000 retrans>0 total_retrans>0 bytes_acked>75020881
05:35:55.146258 TCPINFO flow>3 window>0.100 samples>2 rtt_avg_us>31885 rtt_min_us>31885 rtt_max_us>31885 cwnd>82 cwnd_min>82 cwnd_max>82 throughput_kbps>0.000 goodput_kbps>0.000 retrans>0 total_retrans>1 bytes_acked>75020881
05:35:55.146713 TCPINFO flow>1 window>0.100 samples>2 rtt_avg_us>33309 rtt_min_us>33309 rtt_max_us>33309 cwnd>17 cwnd_min>17 cwnd_max>17 throughput_kbps>0.000 goodput_kbps>0.000 retrans>0 total_retrans>0 bytes_acked>75020881
05:35:55.246308 TCPINFO flow>2 window>0.200 samples>3 rtt_avg_us>32347 rtt_min_us>32347 rtt_max_us>32347 cwnd>68 cwnd_min>68 cwnd_max>68 throughput_kbps>0.000 goodput_kbps>0.000 retrans>0 total_retrans>0 bytes_acked>75020881
05:35:55.346251 TCPINFO flow>3 window>0.200 samples>3 rtt_avg_us>31885 rtt_min_us>31885 rtt_max_us>31885 cwnd>82 cwnd_min>82 cwnd_max>82 throughput_kbps>0.000 goodput_kbps>0.000 retrans>0 total_retrans>1 bytes_acked>75020881
05:35:55.346713 TCPINFO flow>1 window>0.200 samples>3 rtt_avg_us>33309 rtt_min_us>33309 rtt_max_us>33309 cwnd>17 cwnd_min>17 cwnd_max>17 throughput_kbps>0.000 goodput_kbps>0.000 retrans>0 total_retrans>0 bytes_acked>75020881
05:35:55.446305 TCPINFO flow>2 window>0.200 samples>3 rtt_avg_us>32347 rtt_min_us>32347 rtt_max_us>32347 cwnd>68 cwnd_min>68 cwnd_max>68 throughput_kbps>0.000 goodput_kbps>0.000 retrans>0 total_retrans>0 bytes_acked>75020881
05:35:55.546220 TCPINFO flow>3 window>0.200 samples>3 rtt_avg_us>31885 rtt_min_us>31885 rtt_max_us>31885 cwnd>82 cwnd_min>82 cwnd_max>82 throughput_kbps>0.000 goodput_kbps>0.000 retrans>0 total_retrans>1 bytes_acked>75020881
05:35:55.546306 TCPINFO flow>2 window>0.100 samples>2 rtt_avg_us>32347 rtt_min_us>32347 rtt_max_us>32347 cwnd>68 cwnd_min>68 cwnd_max>68 throughput_kbps>0.000 goodput_kbps>0.000 retrans>0 total_retrans>0 bytes_acked>75020881
05:35:55.546704 TCPINFO flow>1 window>0.200 samples>3 rtt_avg_us>33309 rtt_min_us>33309 rtt_max_us>33309 cwnd>17 cwnd_min>17 cwnd_max>17 throughput_kbps>0.000 goodput_kbps>0.000 retrans>0 total_retrans>0 bytes_acked>75020881
05:35:55.646262 TCPINFO flow>3 window>0.100 samples>2 rtt_avg_us>31885 rtt_min_us>31885 rtt_max_us>31885 cwnd>82 cwnd_min>82 cwnd_max>82 throughput_kbps>0.000 goodput_kbps>0.000 retrans>0 total_retrans>1 bytes_acked>75020881
05:35:55.646816 TCPINFO flow>1 window>0.100 samples>2 rtt_avg_us>33309 rtt_min_us>33309 rtt_max_us>33309 cwnd>17 cwnd_min>17 cwnd_max>17 throughput_kbps>0.000 goodput_kbps>0.000 retrans>0 total_retrans>0 bytes_acked>75020881
05:35:55.746312 TCPINFO flow>2 window>0.200 samples>3 rtt_avg_us>32347 rtt_min_us>32347 rtt_max_us>32347 cwnd>68 cwnd_min>68 cwnd_max>68 throughput_kbps>0.000 goodput_kbps>0.000 retrans>0 total_retrans>0 bytes_acked>75020881
05:35:55.846261 TCPINFO flow>3 window>0.200 samples>3 rtt_avg_us>31885 rtt_min_us>31885 rtt_max_us>31885 cwnd>82 cwnd_min>82 cwnd_max>82 throughput_kbps>0.000 goodput_kbps>0.000 retrans>0 total_retrans>1 bytes_acked>75020881
05:35:55.846715 TCPINFO flow>1 window>0.200 samples>3 rtt_avg_us>33309 rtt_min_us>33309 rtt_max_us>33309 cwnd>17 cwnd_min>17 cwnd_max>17 throughput_kbps>0.000 goodput_kbps>0.000 retrans>0 total_retrans>0 bytes_acked>75020881
05:35:55.946313 TCPINFO flow>2 window>0.200 samples>3 rtt_avg_us>32347 rtt_min_us>32347 rtt_max_us>32347 cwnd>68 cwnd_min>68 cwnd_max>68 throughput_kbps>0.000 goodput_kbps>0.000 retrans>0 total_retrans>0 bytes_acked>75020881
05:35:56.046260 TCPINFO flow>3 window>0.200 samples>3 rtt_avg_us>31885 rtt_min_us>31885 rtt_max_us>31885 cwnd>82 cwnd_min>82 cwnd_max>82 throughput_kbps>0.000 goodput_kbps>0.000 retrans>0 total_retrans>1 bytes_acked>75020881
05:35:56.046714 TCPINFO flow>1 window>0.200 samples>3 rtt_avg_us>33309 rtt_min_us>33309 rtt_max_us>33309 cwnd>17 cwnd_min>17 cwnd_max>17 throughput_kbps>0.000 goodput_kbps>0.000 retrans>0 total_retrans>0 bytes_acked>75020881
05:35:56.146265 TCPINFO flow>3 window>0.100 samples>2 rtt_avg_us>31885 rtt_min_us>31885 rtt_max_us>31885 cwnd>82 cwnd_min>82 cwnd_max>82 throughput_kbps>0.000 goodput_kbps>0.000 retrans>0 total_retrans>1 bytes_acked>75020881
05:35:56.146296 TCPINFO flow>2 window>0.200 samples>3 rtt_avg_us>32347 rtt_min_us>32347 rtt_max_us>32347 cwnd>68 cwnd_min>68 cwnd_max>68 throughput_kbps>0.000 goodput_kbps>0.000 retrans>0 total_retrans>0 bytes_acked>75020881
05:35:56.246303 TCPINFO flow>2 window>0.100 samples>2 rtt_avg_us>32347 rtt_min_us>32347 rtt_max_us>32347 cwnd>68 cwnd_min>68 cwnd_max>68 throughput_kbps>0.000 goodput_kbps>0.000 retrans>0 total_retrans>0 bytes_acked>75020881
05:35:56.246702 TCPINFO flow>1 window>0.200 samples>3 rtt_avg_us>33309 rtt_min_us>33309 rtt_max_us>33309 cwnd>17 cwnd_min>17 cwnd_max>17 throughput_kbps>0.000 goodput_kbps>0.000 retrans>0 total_retrans>0 bytes_acked>75020881
05:35:56.346259 TCPINFO flow>3 window>0.200 samples>3 rtt_avg_us>31885 rtt_min_us>31885 rtt_max_us>31885 cwnd>82 cwnd_min>82 cwnd_max>82 throughput_kbps>0.000 goodput_kbps>0.000 retrans>0 total_retrans>1 bytes_acked>75020881
05:35:56.346714 TCPINFO flow>1 window>0.100 samples>2 rtt_avg_us>33309 rtt_min_us>33309 rtt_max_us>33309 cwnd>17 cwnd_min>17 cwnd_max>17 throughput_kbps>0.000 goodput_kbps>0.000 retrans>0 total_retrans>0 bytes_acked>75020881
05:35:56.446261 TCPINFO flow>3 window>0.100 samples>2 rtt_avg_us>31885 rtt_min_us>31885 rtt_max_us>31885 cwnd>82 cwnd_min>82 cwnd_max>82 throughput_kbps>0.000 goodput_kbps>0.000 retrans>0 total_retrans>1 bytes_acked>75020881
05:35:56.446300 TCPINFO flow>2 window>0.200 samples>3 rtt_avg_us>32347 rtt_min_us>32347 rtt_max_us>32347 cwnd>68 cwnd_min>68 cwnd_max>68 throughput_kbps>0.000 goodput_kbps>0.000 retrans>0 total_retrans>0 bytes_acked>75020881
05:35:56.546314 TCPINFO flow>2 window>0.100 samples>2 rtt_avg_us>32347 rtt_min_us>32347 rtt_max_us>32347 cwnd>68 cwnd_min>68 cwnd_max>68 throughput_kbps>0.000 goodput_kbps>0.000 retrans>0 total_retrans>0 bytes_acked>75020881
05:35:56.546716 TCPINFO flow>1 window>0.200 samples>3 rtt_avg_us>33309 rtt_min_us>33309 rtt_max_us>33309 cwnd>17 cwnd_min>17 cwnd_max>17 throughput_kbps>0.000 goodput_kbps>0.000 retrans>0 total_retrans>0 bytes_acked>75020881
05:35:56.646271 TCPINFO flow>3 window>0.200 samples>3 rtt_avg_us>31885 rtt_min_us>31885 rtt_max_us>31885 cwnd>82 cwnd_min>82 cwnd_max>82 throughput_kbps>0.000 goodput_kbps>0.000 retrans>0 total_retrans>1 bytes_acked>75020881
05:35:56.646771 TCPINFO flow>1 window>0.100 samples>2 rtt_avg_us>33309 rtt_min_us>33309 rtt_max_us>33309 cwnd>17 cwnd_min>17 cwnd_max>17 throughput_kbps>0.000 goodput_kbps>0.000 retrans>0 total_retrans>0 bytes_acked>75020881
05:35:56.746298 TCPINFO flow>2 window>0.200 samples>3 rtt_avg_us>32347 rtt_min_us>32347 rtt_max_us>32347 cwnd>68 cwnd_min>68 cwnd_max>68 throughput_kbps>0.000 goodput_kbps>0.000 retrans>0 total_retrans>0 bytes_acked>75020881
05:35:56.846265 TCPINFO flow>3 window>0.200 samples>3 rtt_avg_us>31885 rtt_min_us>31885 rtt_max_us>31885 cwnd>82 cwnd_min>82 cwnd_max>82 throughput_kbps>0.000 goodput_kbps>0.000 retrans>0 total_retrans>1 bytes_acked>75020881
05:35:56.846716 TCPINFO flow>1 window>0.200 samples>3 rtt_avg_us>33309 rtt_min_us>33309 rtt_max_us>33309 cwnd>17 cwnd_min>17 cwnd_max>17 throughput_kbps>0.000 goodput_kbps>0.000 retrans>0 total_retrans>0 bytes_acked>75020881
05:35:56.946361 TCPINFO flow>2 window>0.200 samples>3 rtt_avg_us>32347 rtt_min_us>32347 rtt_max_us>32347 cwnd>68 cwnd_min>68 cwnd_max>68 throughput_kbps>0.000 goodput_kbps>0.000 retrans>0 total_retrans>0 bytes_acked>75020881
05:35:56.946717 TCPINFO flow>1 window>0.100 samples>2 rtt_avg_us>33309 rtt_min_us>33309 rtt_max_us>33309 cwnd>17 cwnd_min>17 cwnd_max>17 throughput_kbps>0.000 goodput_kbps>0.000 retrans>0 total_retrans>0 bytes_acked>75020881
05:35:57.046274 TCPINFO flow>3 window>0.200 samples>3 rtt_avg_us>31885 rtt_min_us>31885 rtt_max_us>31885 cwnd>82 cwnd_min>82 cwnd_max>82 throughput_kbps>0.000 goodput_kbps>0.000 retrans>0 total_retrans>1 bytes_acked>75020881
05:35:57.046720 TCPINFO flow>1 window>0.100 samples>2 rtt_avg_us>33309 rtt_min_us>33309 rtt_max_us>33309 cwnd>17 cwnd_min>17 cwnd_max>17 throughput_kbps>0.000 goodput_kbps>0.000 retrans>0 total_retrans>0 bytes_acked>75020881
05:35:57.146306 TCPINFO flow>2 window>0.200 samples>3 rtt_avg_us>32347 rtt_min_us>32347 rtt_max_us>32347 cwnd>68 cwnd_min>68 cwnd_max>68 throughput_kbps>0.000 goodput_kbps>0.000 retrans>0 total_retrans>0 bytes_acked>75020881
05:35:57.246267 TCPINFO flow>3 window>0.200 samples>3 rtt_avg_us>31885 rtt_min_us>31885 rtt_max_us>31885 cwnd>82 cwnd_min>82 cwnd_max>82 throughput_kbps>0.000 goodput_kbps>0.000 retrans>0 total_retrans>1 bytes_acked>75020881
05:35:57.246718 TCPINFO flow>1 window>0.200 samples>3 rtt_avg_us>33309 rtt_min_us>33309 rtt_max_us>33309 cwnd>17 cwnd_min>17 cwnd_max>17 throughput_kbps>0.000 goodput_kbps>0.000 retrans>0 total_retrans>0 bytes_acked>75020881
05:35:57.346268 TCPINFO flow>3 window>0.100 samples>2 rtt_avg_us>31885 rtt_min_us>31885 rtt_max_us>31885 cwnd>82 cwnd_min>82 cwnd_max>82 throughput_kbps>0.000 goodput_kbps>0.000 retrans>0 total_retrans>1 bytes_acked>75020881
05:35:57.346297 TCPINFO flow>2 window>0.200 samples>3 rtt_avg_us>32347 rtt_min_us>32347 rtt_max_us>32347 cwnd>68 cwnd_min>68 cwnd_max>68 throughput_kbps>0.000 goodput_kbps>0.000 retrans>0 total_retrans>0 bytes_acked>75020881
05:35:57.446274 TCPINFO flow>3 window>0.100 samples>2 rtt_avg_us>31885 rtt_min_us>31885 rtt_max_us>31885 cwnd>82 cwnd_min>82 cwnd_max>82 throughput_kbps>0.000 goodput_kbps>0.000 retrans>0 total_retrans>1 bytes_acked>75020881
05:35:57.446720 TCPINFO flow>1 window>0.200 samples>3 rtt_avg_us>33309 rtt_min_us>33309 rtt_max_us>33309 cwnd>17 cwnd_min>17 cwnd_max>17 throughput_kbps>0.000 goodput_kbps>0.000 retrans>0 total_retrans>0 bytes_acked>75020881
05:35:57.546307 TCPINFO flow>2 window>0.200 samples>3 rtt_avg_us>32347 rtt_min_us>32347 rtt_max_us>32347 cwnd>68 cwnd_min>68 cwnd_max>68 throughput_kbps>0.000 goodput_kbps>0.000 retrans>0 total_retrans>0 bytes_acked>75020881
05:35:57.646267 TCPINFO flow>3 window>0.200 samples>3 rtt_avg_us>31885 rtt_min_us>31885 rtt_max_us>31885 cwnd>82 cwnd_min>82 cwnd_max>82 throughput_kbps>0.000 goodput_kbps>0.000 retrans>0 total_retrans>1 bytes_acked>75020881
05:35:57.646710 TCPINFO flow>1 window>0.200 samples>3 rtt_avg_us>33309 rtt_min_us>33309 rtt_max_us>33309 cwnd>17 cwnd_min>17 cwnd_max>17 throughput_kbps>0.000 goodput_kbps>0.000 retrans>0 total_retrans>0 bytes_acked>75020881
05:35:57.746309 TCPINFO flow>2 window>0.200 samples>3 rtt_avg_us>32347 rtt_min_us>32347 rtt_max_us>32347 cwnd>68 cwnd_min>68 cwnd_max>68 throughput_kbps>0.000 goodput_kbps>0.000 retrans>0 total_retrans>0 bytes_acked>75020881
05:35:57.846250 TCPINFO flow>3 window>0.200 samples>3 rtt_avg_us>31885 rtt_min_us>31885 rtt_max_us>31885 cwnd>82 cwnd_min>82 cwnd_max>82 throughput_kbps>0.000 goodput_kbps>0.000 retrans>0 total_retrans>1 bytes_acked>75020881
05:35:57.846705 TCPINFO flow>1 window>0.200 samples>3 rtt_avg_us>33309 rtt_min_us>33309 rtt_max_us>33309 cwnd>17 cwnd_min>17 cwnd_max>17 throughput_kbps>0.000 goodput_kbps>0.000 retrans>0 total_retrans>0 bytes_acked>75020881
05:35:57.946252 TCPINFO flow>3 window>0.100 samples>2 rtt_avg_us>31885 rtt_min_us>31885 rtt_max_us>31885 cwnd>82 cwnd_min>82 cwnd_max>82 throughput_kbps>0.000 goodput_kbps>0.000 retrans>0 total_retrans>1 bytes_acked>75020881
05:35:57.946308 TCPINFO flow>2 window>0.200 samples>3 rtt_avg_us>32347 rtt_min_us>32347 rtt_max_us>32347 cwnd>68 cwnd_min>68 cwnd_max>68 throughput_kbps>0.000 goodput_kbps>0.000 retrans>0 total_retrans>0 bytes_acked>75020881
05:35:57.946707 TCPINFO flow>1 window>0.100 samples>2 rtt_avg_us>33309 rtt_min_us>33309 rtt_max_us>33309 cwnd>17 cwnd_min>17 cwnd_max>17 throughput_kbps>0.000 goodput_kbps>0.000 retrans>0 total_retrans>0 bytes_acked>75020881
05:35:58.146252 TCPINFO flow>3 window>0.200 samples>3 rtt_avg_us>31885 rtt_min_us>31885 rtt_max_us>31885 cwnd>82 cwnd_min>82 cwnd_max>82 throughput_kbps>0.000 goodput_kbps>0.000 retrans>0 total_retrans>1 bytes_acked>75020881
05:35:58.146310 TCPINFO flow>2 window>0.200 samples>3 rtt_avg_us>32347 rtt_min_us>32347 rtt_max_us>32347 cwnd>68 cwnd_min>68 cwnd_max>68 throughput_kbps>0.000 goodput_kbps>0.000 retrans>0 total_retrans>0 bytes_acked>75020881
05:35:58.146707 TCPINFO flow>1 window>0.200 samples>3 rtt_avg_us>33309 rtt_min_us>33309 rtt_max_us>33309 cwnd>17 cwnd_min>17 cwnd_max>17 throughput_kbps>0.000 goodput_kbps>0.000 retrans>0 total_retrans>0 bytes_acked>75020881
05:35:58.246303 TCPINFO flow>3 window>0.100 samples>2 rtt_avg_us>31885 rtt_min_us>31885 rtt_max_us>31885 cwnd>82 cwnd_min>82 cwnd_max>82 throughput_kbps>0.000 goodput_kbps>0.000 retrans>0 total_retrans>1 bytes_acked>75020881
05:35:58.246323 TCPINFO flow>2 window>0.100 samples>2 rtt_avg_us>32347 rtt_min_us>32347 rtt_max_us>32347 cwnd>68 cwnd_min>68 cwnd_max>68 throughput_kbps>0.000 goodput_kbps>0.000 retrans>0 total_retrans>0 bytes_acked>75020881
05:35:58.246721 TCPINFO flow>1 window>0.100 samples>2 rtt_avg_us>33309 rtt_min_us>33309 rtt_max_us>33309 cwnd>17 cwnd_min>17 cwnd_max>17 throughput_kbps>0.000 goodput_kbps>0.000 retrans>0 total_retrans>0 bytes_acked>75020881
05:35:58.346311 TCPINFO flow>3 window>0.100 samples>2 rtt_avg_us>31885 rtt_min_us>31885 rtt_max_us>31885 cwnd>82 cwnd_min>82 cwnd_max>82 throughput_kbps>0.000 goodput_kbps>0.000 retrans>0 total_retrans>1 bytes_acked>75020881
05:35:58.346330 TCPINFO flow>2 window>0.100 samples>2 rtt_avg_us>32347 rtt_min_us>32347 rtt_max_us>32347 cwnd>68 cwnd_min>68 cwnd_max>68 throughput_kbps>0.000 goodput_kbps>0.000 retrans>0 total_retrans>0 bytes_acked>75020881
05:35:58.346722 TCPINFO flow>1 window>0.100 samples>2 rtt_avg_us>33309 rtt_min_us>33309 rtt_max_us>33309 cwnd>17 cwnd_min>17 cwnd_max>17 throughput_kbps>0.000 goodput_kbps>0.000 retrans>0 total_retrans>0 bytes_acked>75020881
05:35:58.546253 TCPINFO flow>3 window>0.200 samples>3 rtt_avg_us>31885 rtt_min_us>31885 rtt_max_us>31885 cwnd>82 cwnd_min>82 cwnd_max>82 throughput_kbps>0.000 goodput_kbps>0.000 retrans>0 total_retrans>1 bytes_acked>75020881
05:35:58.546311 TCPINFO flow>2 window>0.200 samples>3 rtt_avg_us>32347 rtt_min_us>32347 rtt_max_us>32347 cwnd>68 cwnd_min>68 cwnd_max>68 throughput_kbps>0.000 goodput_kbps>0.000 retrans>0 total_retrans>0 bytes_acked>75020881
05:35:58.546708 TCPINFO flow>1 window>0.200 samples>3 rtt_avg_us>33309 rtt_min_us>33309 rtt_max_us>33309 cwnd>17 cwnd_min>17 cwnd_max>17 throughput_kbps>0.000 goodput_kbps>0.000 retrans>0 total_retrans>0 bytes_acked>75020881
05:35:58.646288 TCPINFO flow>3 window>0.100 samples>2 rtt_avg_us>31885 rtt_min_us>31885 rtt_max_us>31885 cwnd>82 cwnd_min>82 cwnd_max>82 throughput_kbps>0.000 goodput_kbps>0.000 retrans>0 total_retrans>1 bytes_acked>75020881
05:35:58.646710 TCPINFO flow>1 window>0.100 samples>2 rtt_avg_us>33309 rtt_min_us>33309 rtt_max_us>33309 cwnd>17 cwnd_min>17 cwnd_max>17 throughput_kbps>0.000 goodput_kbps>0.000 retrans>0 total_retrans>0 bytes_acked>75020881
05:35:58.746322 TCPINFO flow>3 window>0.100 samples>2 rtt_avg_us>31885 rtt_min_us>31885 rtt_max_us>31885 cwnd>82 cwnd_min>82 cwnd_max>82 throughput_kbps>0.000 goodput_kbps>0.000 retrans>0 total_retrans>1 bytes_acked>75020881
05:35:58.746385 TCPINFO flow>2 window>0.200 samples>3 rtt_avg_us>32347 rtt_min_us>32347 rtt_max_us>32347 cwnd>68 cwnd_min>68 cwnd_max>68 throughput_kbps>0.000 goodput_kbps>0.000 retrans>0 total_retrans>0 bytes_acked>75020881
05:35:58.746721 TCPINFO flow>1 window>0.100 samples>2 rtt_avg_us>33309 rtt_min_us>33309 rtt_max_us>33309 cwnd>17 cwnd_min>17 cwnd_max>17 throughput_kbps>0.000 goodput_kbps>0.000 retrans>0 total_retrans>0 bytes_acked>75020881
05:35:58.946259 TCPINFO flow>3 window>0.200 samples>3 rtt_avg_us>31885 rtt_min_us>31885 rtt_max_us>31885 cwnd>82 cwnd_min>82 cwnd_max>82 throughput_kbps>0.000 goodput_kbps>0.000 retrans>0 total_retrans>1 bytes_acked>75020881
05:35:58.946295 TCPINFO flow>2 window>0.200 samples>3 rtt_avg_us>32347 rtt_min_us>32347 rtt_max_us>32347 cwnd>68 cwnd_min>68 cwnd_max>68 throughput_kbps>0.000 goodput_kbps>0.000 retrans>0 total_retrans>0 bytes_acked>75020881
05:35:58.946705 TCPINFO flow>1 window>0.200 samples>3 rtt_avg_us>33309 rtt_min_us>33309 rtt_max_us>33309 cwnd>17 cwnd_min>17 cwnd_max>17 throughput_kbps>0.000 goodput_kbps>0.000 retrans>0 total_retrans>0 bytes_acked>75020881
05:35:59.046264 TCPINFO flow>3 window>0.100 samples>2 rtt_avg_us>31885 rtt_min_us>31885 rtt_max_us>31885 cwnd>82 cwnd_min>82 cwnd_max>82 throughput_kbps>0.000 goodput_kbps>0.000 retrans>0 total_retrans>1 bytes_acked>75020881
05:35:59.046296 TCPINFO flow>2 window>0.100 samples>2 rtt_avg_us>32347 rtt_min_us>32347 rtt_max_us>32347 cwnd>68 cwnd_min>68 cwnd_max>68 throughput_kbps>0.000 goodput_kbps>0.000 retrans>0 total_retrans>0 bytes_acked>75020881
05:35:59.046705 TCPINFO flow>1 window>0.100 samples>2 rtt_avg_us>33309 rtt_min_us>33309 rtt_max_us>33309 cwnd>17 cwnd_min>17 cwnd_max>17 throughput_kbps>0.000 goodput_kbps>0.000 retrans>0 total_retrans>0 bytes_acked>75020881
05:35:59.146282 TCPINFO flow>3 window>0.100 samples>2 rtt_avg_us>31885 rtt_min_us>31885 rtt_max_us>31885 cwnd>82 cwnd_min>82 cwnd_max>82 throughput_kbps>0.000 goodput_kbps>0.000 retrans>0 total_retrans>1 bytes_acked>75020881
05:35:59.146300 TCPINFO flow>2 window>0.100 samples>2 rtt_avg_us>32347 rtt_min_us>32347 rtt_max_us>32347 cwnd>68 cwnd_min>68 cwnd_max>68 throughput_kbps>0.000 goodput_kbps>0.000 retrans>0 total_retrans>0 bytes_acked>75020881
05:35:59.146707 TCPINFO flow>1 window>0.100 samples>2 rtt_avg_us>33309 rtt_min_us>33309 rtt_max_us>33309 cwnd>17 cwnd_min>17 cwnd_max>17 throughput_kbps>0.000 goodput_kbps>0.000 retrans>0 total_retrans>0 bytes_acked>75020881
05:35:59.346304 TCPINFO flow>3 window>0.200 samples>3 rtt_avg_us>31885 rtt_min_us>31885 rtt_max_us>31885 cwnd>82 cwnd_min>82 cwnd_max>82 throughput_kbps>0.000 goodput_kbps>0.000 retrans>0 total_retrans>1 bytes_acked>75020881
05:35:59.346349 TCPINFO flow>2 window>0.200 samples>3 rtt_avg_us>32347 rtt_min_us>32347 rtt_max_us>32347 cwnd>68 cwnd_min>68 cwnd_max>68 throughput_kbps>0.000 goodput_kbps>0.000 retrans>0 total_retrans>0 bytes_acked>75020881
05:35:59.346711 TCPINFO flow>1 window>0.200 samples>3 rtt_avg_us>33309 rtt_min_us>33309 rtt_max_us>33309 cwnd>17 cwnd_min>17 cwnd_max>17 throughput_kbps>0.000 goodput_kbps>0.000 retrans>0 total_retrans>0 bytes_acked>75020881
05:35:59.446719 TCPINFO flow>1 window>0.100 samples>2 rtt_avg_us>33309 rtt_min_us>33309 rtt_max_us>33309 cwnd>17 cwnd_min>17 cwnd_max>17 throughput_kbps>0.000 goodput_kbps>0.000 retrans>0 total_retrans>0 bytes_acked>75020881
05:35:59.546295 TCPINFO flow>3 window>0.200 samples>3 rtt_avg_us>31885 rtt_min_us>31885 rtt_max_us>31885 cwnd>82 cwnd_min>82 cwnd_max>82 throughput_kbps>0.000 goodput_kbps>0.000 retrans>0 total_retrans>1 bytes_acked>75020881
05:35:59.546314 TCPINFO flow>2 window>0.200 samples>3 rtt_avg_us>32347 rtt_min_us>32347 rtt_max_us>32347 cwnd>68 cwnd_min>68 cwnd_max>68 throughput_kbps>0.000 goodput_kbps>0.000 retrans>0 total_retrans>0 bytes_acked>75020881
05:35:59.646296 TCPINFO flow>3 window>0.100 samples>2 rtt_avg_us>31885 rtt_min_us>31885 rtt_max_us>31885 cwnd>82 cwnd_min>82 cwnd_max>82 throughput_kbps>0.000 goodput_kbps>0.000 retrans>0 total_retrans>1 bytes_acked>75020881
05:35:59.646385 TCPINFO flow>2 window>0.100 samples>2 rtt_avg_us>32347 rtt_min_us>32347 rtt_max_us>32347 cwnd>68 cwnd_min>68 cwnd_max>68 throughput_kbps>0.000 goodput_kbps>0.000 retrans>0 total_retrans>0 bytes_acked>75020881
05:35:59.646719 TCPINFO flow>1 window>0.200 samples>3 rtt_avg_us>33309 rtt_min_us>33309 rtt_max_us>33309 cwnd>17 cwnd_min>17 cwnd_max>17 throughput_kbps>0.000 goodput_kbps>0.000 retrans>0 total_retrans>0 bytes_acked>75020881
05:35:59.746301 TCPINFO flow>3 window>0.100 samples>2 rtt_avg_us>31885 rtt_min_us>31885 rtt_max_us>31885 cwnd>82 cwnd_min>82 cwnd_max>82 throughput_kbps>0.000 goodput_kbps>0.000 retrans>0 total_retrans>1 bytes_acked>75020881
05:35:59.746720 TCPINFO flow>1 window>0.100 samples>2 rtt_avg_us>33309 rtt_min_us>33309 rtt_max_us>33309 cwnd>17 cwnd_min>17 cwnd_max>17 throughput_kbps>0.000 goodput_kbps>0.000 retrans>0 total_retrans>0 bytes_acked>75020881
05:35:59.846296 TCPINFO flow>2 window>0.200 samples>3 rtt_avg_us>32347 rtt_min_us>32347 rtt_max_us>32347 cwnd>68 cwnd_min>68 cwnd_max>68 throughput_kbps>0.000 goodput_kbps>0.000 retrans>0 total_retrans>0 bytes_acked>75020881
05:35:59.946313 TCPINFO flow>3 window>0.200 samples>3 rtt_avg_us>31885 rtt_min_us>31885 rtt_max_us>31885 cwnd>82 cwnd_min>82 cwnd_max>82 throughput_kbps>0.000 goodput_kbps>0.000 retrans>0 total_retrans>1 bytes_acked>75020881
05:35:59.946334 TCPINFO flow>2 window>0.100 samples>2 rtt_avg_us>32347 rtt_min_us>32347 rtt_max_us>32347 cwnd>68 cwnd_min>68 cwnd_max>68 throughput_kbps>0.000 goodput_kbps>0.000 retrans>0 total_retrans>0 bytes_acked>75020881
05:35:59.946726 TCPINFO flow>1 window>0.200 samples>3 rtt_avg_us>33309 rtt_min_us>33309 rtt_max_us>33309 cwnd>17 cwnd_min>17 cwnd_max>17 throughput_kbps>0.000 goodput_kbps>0.000 retrans>0 total_retrans>0 bytes_acked>75020881
05:36:00.146314 TCPINFO flow>3 window>0.200 samples>3 rtt_avg_us>31885 rtt_min_us>31885 rtt_max_us>31885 cwnd>82 cwnd_min>82 cwnd_max>82 throughput_kbps>0.000 goodput_kbps>0.000 retrans>0 total_retrans>1 bytes_acked>75020881
05:36:00.146334 TCPINFO flow>2 window>0.200 samples>3 rtt_avg_us>32347 rtt_min_us>32347 rtt_max_us>32347 cwnd>68 cwnd_min>68 cwnd_max>68 throughput_kbps>0.000 goodput_kbps>0.000 retrans>0 total_retrans>0 bytes_acked>75020881
05:36:00.146718 TCPINFO flow>1 window>0.200 samples>3 rtt_avg_us>33309 rtt_min_us>33309 rtt_max_us>33309 cwnd>17 cwnd_min>17 cwnd_max>17 throughput_kbps>0.000 goodput_kbps>0.000 retrans>0 total_retrans>0 bytes_acked>75020881
05:36:00.246721 TCPINFO flow>1 window>0.100 samples>2 rtt_avg_us>33309 rtt_min_us>33309 rtt_max_us>33309 cwnd>17 cwnd_min>17 cwnd_max>17 throughput_kbps>0.000 goodput_kbps>0.000 retrans>0 total_retrans>0 bytes_acked>75020881
05:36:00.346307 TCPINFO flow>3 window>0.200 samples>3 rtt_avg_us>31885 rtt_min_us>31885 rtt_max_us>31885 cwnd>82 cwnd_min>82 cwnd_max>82 throughput_kbps>0.000 goodput_kbps>0.000 retrans>0 total_retrans>1 bytes_acked>75020881
05:36:00.346325 TCPINFO flow>2 window>0.200 samples>3 rtt_avg_us>32347 rtt_min_us>32347 rtt_max_us>32347 cwnd>68 cwnd_min>68 cwnd_max>68 throughput_kbps>0.000 goodput_kbps>0.000 retrans>0 total_retrans>0 bytes_acked>75020881
05:36:00.446719 TCPINFO flow>1 window>0.200 samples>3 rtt_avg_us>33309 rtt_min_us>33309 rtt_max_us>33309 cwnd>17 cwnd_min>17 cwnd_max>17 throughput_kbps>0.000 goodput_kbps>0.000 retrans>0 total_retrans>0 bytes_acked>75020881
05:36:00.546310 TCPINFO flow>3 window>0.200 samples>3 rtt_avg_us>31885 rtt_min_us>31885 rtt_max_us>31885 cwnd>82 cwnd_min>82 cwnd_max>82 throughput_kbps>0.000 goodput_kbps>0.000 retrans>0 total_retrans>1 bytes_acked>75020881
05:36:00.546329 TCPINFO flow>2 window>0.200 samples>3 rtt_avg_us>32347 rtt_min_us>32347 rtt_max_us>32347 cwnd>68 cwnd_min>68 cwnd_max>68 throughput_kbps>0.000 goodput_kbps>0.000 retrans>0 total_retrans>0 bytes_acked>75020881
05:36:00.646717 TCPINFO flow>1 window>0.200 samples>3 rtt_avg_us>33309 rtt_min_us>33309 rtt_max_us>33309 cwnd>17 cwnd_min>17 cwnd_max>17 throughput_kbps>0.000 goodput_kbps>0.000 retrans>0 total_retrans>0 bytes_acked>75020881
05:36:00.746262 TCPINFO flow>3 window>0.200 samples>3 rtt_avg_us>31885 rtt_min_us>31885 rtt_max_us>31885 cwnd>82 cwnd_min>82 cwnd_max>82 throughput_kbps>0.000 goodput_kbps>0.000 retrans>0 total_retrans>1 bytes_acked>75020881
05:36:00.746300 TCPINFO flow>2 window>0.200 samples>3 rtt_avg_us>32347 rtt_min_us>32347 rtt_max_us>32347 cwnd>68 cwnd_min>68 cwnd_max>68 throughput_kbps>0.000 goodput_kbps>0.000 retrans>0 total_retrans>0 bytes_acked>75020881
05:36:00.846309 TCPINFO flow>2 window>0.100 samples>2 rtt_avg_us>32347 rtt_min_us>32347 rtt_max_us>32347 cwnd>68 cwnd_min>68 cwnd_max>68 throughput_kbps>0.000 goodput_kbps>0.000 retrans>0 total_retrans>0 bytes_acked>75020881
05:36:00.846716 TCPINFO flow>1 window>0.200 samples>3 rtt_avg_us>33309 rtt_min_us>33309 rtt_max_us>33309 cwnd>17 cwnd_min>17 cwnd_max>17 throughput_kbps>0.000 goodput_kbps>0.000 retrans>0 total_retrans>0 bytes_acked>75020881
05:36:00.946259 TCPINFO flow>3 window>0.200 samples>3 rtt_avg_us>31885 rtt_min_us>31885 rtt_max_us>31885 cwnd>82 cwnd_min>82 cwnd_max>82 throughput_kbps>0.000 goodput_kbps>0.000 retrans>0 total_retrans>1 bytes_acked>75020881
05:36:00.946311 TCPINFO flow>2 window>0.100 samples>2 rtt_avg_us>32347 rtt_min_us>32347 rtt_max_us>32347 cwnd>68 cwnd_min>68 cwnd_max>68 throughput_kbps>0.000 goodput_kbps>0.000 retrans>0 total_retrans>0 bytes_acked>75020881
05:36:01.046270 TCPINFO flow>3 window>0.100 samples>2 rtt_avg_us>31885 rtt_min_us>31885 rtt_max_us>31885 cwnd>82 cwnd_min>82 cwnd_max>82 throughput_kbps>0.000 goodput_kbps>0.000 retrans>0 total_retrans>1 bytes_acked>75020881
05:36:01.046719 TCPINFO flow>1 window>0.200 samples>3 rtt_avg_us>33309 rtt_min_us>33309 rtt_max_us>33309 cwnd>17 cwnd_min>17 cwnd_max>17 throughput_kbps>0.000 goodput_kbps>0.000 retrans>0 total_retrans>0 bytes_acked>75020881
05:36:01.146307 TCPINFO flow>2 window>0.200 samples>3 rtt_avg_us>32347 rtt_min_us>32347 rtt_max_us>32347 cwnd>68 cwnd_min>68 cwnd_max>68 throughput_kbps>0.000 goodput_kbps>0.000 retrans>0 total_retrans>0 bytes_acked>75020881
05:36:01.246278 TCPINFO flow>3 window>0.200 samples>3 rtt_avg_us>31885 rtt_min_us>31885 rtt_max_us>31885 cwnd>82 cwnd_min>82 cwnd_max>82 throughput_kbps>0.000 goodput_kbps>0.000 retrans>0 total_retrans>1 bytes_acked>75020881
05:36:01.246719 TCPINFO flow>1 window>0.200 samples>3 rtt_avg_us>33309 rtt_min_us>33309 rtt_max_us>33309 cwnd>17 cwnd_min>17 cwnd_max>17 throughput_kbps>0.000 goodput_kbps>0.000 retrans>0 total_retrans>0 bytes_acked>75020881
05:36:01.346280 TCPINFO flow>3 window>0.100 samples>2 rtt_avg_us>31885 rtt_min_us>31885 rtt_max_us>31885 cwnd>82 cwnd_min>82 cwnd_max>82 throughput_kbps>0.000 goodput_kbps>0.000 retrans>0 total_retrans>1 bytes_acked>75020881
05:36:01.346299 TCPINFO flow>2 window>0.200 samples>3 rtt_avg_us>32347 rtt_min_us>32347 rtt_max_us>32347 cwnd>68 cwnd_min>68 cwnd_max>68 throughput_kbps>0.000 goodput_kbps>0.000 retrans>0 total_retrans>0 bytes_acked>75020881
05:36:01.446717 TCPINFO flow>1 window>0.200 samples>3 rtt_avg_us>33309 rtt_min_us>33309 rtt_max_us>33309 cwnd>17 cwnd_min>17 cwnd_max>17 throughput_kbps>0.000 goodput_kbps>0.000 retrans>0 total_retrans>0 bytes_acked>75020881
05:36:01.546261 TCPINFO flow>3 window>0.200 samples>3 rtt_avg_us>31885 rtt_min_us>31885 rtt_max_us>31885 cwnd>82 cwnd_min>82 cwnd_max>82 throughput_kbps>0.000 goodput_kbps>0.000 retrans>0 total_retrans>1 bytes_acked>75020881
05:36:01.546301 TCPINFO flow>2 window>0.200 samples>3 rtt_avg_us>32347 rtt_min_us>32347 rtt_max_us>32347 cwnd>68 cwnd_min>68 cwnd_max>68 throughput_kbps>0.000 goodput_kbps>0.000 retrans>0 total_retrans>0 bytes_acked>75020881
05:36:01.646262 TCPINFO flow>3 window>0.100 samples>2 rtt_avg_us>31885 rtt_min_us>31885 rtt_max_us>31885 cwnd>82 cwnd_min>82 cwnd_max>82 throughput_kbps>0.000 goodput_kbps>0.000 retrans>0 total_retrans>1 bytes_acked>75020881
05:36:01.646302 TCPINFO flow>2 window>0.100 samples>2 rtt_avg_us>32347 rtt_min_us>32347 rtt_max_us>32347 cwnd>68 cwnd_min>68 cwnd_max>68 throughput_kbps>0.000 goodput_kbps>0.000 retrans>0 total_retrans>0 bytes_acked>75020881
05:36:01.646716 TCPINFO flow>1 window>0.200 samples>3 rtt_avg_us>33309 rtt_min_us>33309 rtt_max_us>33309 cwnd>17 cwnd_min>17 cwnd_max>17 throughput_kbps>0.000 goodput_kbps>0.000 retrans>0 total_retrans>0 bytes_acked>75020881
05:36:01.746277 TCPINFO flow>3 window>0.100 samples>2 rtt_avg_us>31885 rtt_min_us>31885 rtt_max_us>31885 cwnd>82 cwnd_min>82 cwnd_max>82 throughput_kbps>0.000 goodput_kbps>0.000 retrans>0 total_retrans>1 bytes_acked>75020881
05:36:01.746718 TCPINFO flow>1 window>0.100 samples>2 rtt_avg_us>33309 rtt_min_us>33309 rtt_max_us>33309 cwnd>17 cwnd_min>17 cwnd_max>17 throughput_kbps>0.000 goodput_kbps>0.000 retrans>0 total_retrans>0 bytes_acked>75020881
05:36:01.846311 TCPINFO flow>2 window>0.200 samples>3 rtt_avg_us>32347 rtt_min_us>32347 rtt_max_us>32347 cwnd>68 cwnd_min>68 cwnd_max>68 throughput_kbps>0.000 goodput_kbps>0.000 retrans>0 total_retrans>0 bytes_acked>75020881
05:36:01.946270 TCPINFO flow>3 window>0.200 samples>3 rtt_avg_us>31885 rtt_min_us>31885 rtt_max_us>31885 cwnd>82 cwnd_min>82 cwnd_max>82 throughput_kbps>0.000 goodput_kbps>0.000 retrans>0 total_retrans>1 bytes_acked>75020881
05:36:01.946718 TCPINFO flow>1 window>0.200 samples>3 rtt_avg_us>33309 rtt_min_us>33309 rtt_max_us>33309 cwnd>17 cwnd_min>17 cwnd_max>17 throughput_kbps>0.000 goodput_kbps>0.000 retrans>0 total_retrans>0 bytes_acked>75020881
05:36:02.046310 TCPINFO flow>2 window>0.200 samples>3 rtt_avg_us>32347 rtt_min_us>32347 rtt_max_us>32347 cwnd>68 cwnd_min>68 cwnd_max>68 throughput_kbps>0.000 goodput_kbps>0.000 retrans>0 total_retrans>0 bytes_acked>75020881
05:36:02.146276 TCPINFO flow>3 window>0.200 samples>3 rtt_avg_us>31885 rtt_min_us>31885 rtt_max_us>31885 cwnd>82 cwnd_min>82 cwnd_max>82 throughput_kbps>0.000 goodput_kbps>0.000 retrans>0 total_retrans>1 bytes_acked>75020881
05:36:02.146719 TCPINFO flow>1 window>0.200 samples>3 rtt_avg_us>33309 rtt_min_us>33309 rtt_max_us>33309 cwnd>17 cwnd_min>17 cwnd_max>17 throughput_kbps>0.000 goodput_kbps>0.000 retrans>0 total_retrans>0 bytes_acked>75020881
05:36:02.246306 TCPINFO flow>2 window>0.200 samples>3 rtt_avg_us>32347 rtt_min_us>32347 rtt_max_us>32347 cwnd>68 cwnd_min>68 cwnd_max>68 throughput_kbps>0.000 goodput_kbps>0.000 retrans>0 total_retrans>0 bytes_acked>75020881
05:36:02.346289 TCPINFO flow>3 window>0.200 samples>3 rtt_avg_us>31885 rtt_min_us>31885 rtt_max_us>31885 cwnd>82 cwnd_min>82 cwnd_max>82 throughput_kbps>0.000 goodput_kbps>0.000 retrans>0 total_retrans>1 bytes_acked>75020881
05:36:02.346313 TCPINFO flow>2 window>0.100 samples>2 rtt_avg_us>32347 rtt_min_us>32347 rtt_max_us>32347 cwnd>68 cwnd_min>68 cwnd_max>68 throughput_kbps>0.000 goodput_kbps>0.000 retrans>0 total_retrans>0 bytes_acked>75020881
05:36:02.346717 TCPINFO flow>1 window>0.200 samples>3 rtt_avg_us>33309 rtt_min_us>33309 rtt_max_us>33309 cwnd>17 cwnd_min>17 cwnd_max>17 throughput_kbps>0.000 goodput_kbps>0.000 retrans>0 total_retrans>0 bytes_acked>75020881
05:36:02.446308 TCPINFO flow>3 window>0.100 samples>2 rtt_avg_us>31885 rtt_min_us>31885 rtt_max_us>31885 cwnd>82 cwnd_min>82 cwnd_max>82 throughput_kbps>0.000 goodput_kbps>0.000 retrans>0 total_retrans>1 bytes_acked>75020881
05:36:02.446327 TCPINFO flow>2 window>0.100 samples>2 rtt_avg_us>32347 rtt_min_us>32347 rtt_max_us>32347 cwnd>68 cwnd_min>68 cwnd_max>68 throughput_kbps>0.000 goodput_kbps>0.000 retrans>0 total_retrans>0 bytes_acked>75020881
05:36:02.546311 TCPINFO flow>3 window>0.100 samples>2 rtt_avg_us>31885 rtt_min_us>31885 rtt_max_us>31885 cwnd>82 cwnd_min>82 cwnd_max>82 throughput_kbps>0.000 goodput_kbps>0.000 retrans>0 total_retrans>1 bytes_acked>75020881
05:36:02.546331 TCPINFO flow>2 window>0.100 samples>2 rtt_avg_us>32347 rtt_min_us>32347 rtt_max_us>32347 cwnd>68 cwnd_min>68 cwnd_max>68 throughput_kbps>0.000 goodput_kbps>0.000 retrans>0 total_retrans>0 bytes_acked>75020881
05:36:02.546718 TCPINFO flow>1 window>0.200 samples>3 rtt_avg_us>33309 rtt_min_us>33309 rtt_max_us>33309 cwnd>17 cwnd_min>17 cwnd_max>17 throughput_kbps>0.000 goodput_kbps>0.000 retrans>0 total_retrans>0 bytes_acked>75020881
05:36:02.746305 TCPINFO flow>3 window>0.200 samples>3 rtt_avg_us>31885 rtt_min_us>31885 rtt_max_us>31885 cwnd>82 cwnd_min>82 cwnd_max>82 throughput_kbps>0.000 goodput_kbps>0.000 retrans>0 total_retrans>1 bytes_acked>75020881
05:36:02.746370 TCPINFO flow>2 window>0.200 samples>3 rtt_avg_us>32347 rtt_min_us>32347 rtt_max_us>32347 cwnd>68 cwnd_min>68 cwnd_max>68 throughput_kbps>0.000 goodput_kbps>0.000 retrans>0 total_retrans>0 bytes_acked>75020881
05:36:02.746717 TCPINFO flow>1 window>0.200 samples>3 rtt_avg_us>33309 rtt_min_us>33309 rtt_max_us>33309 cwnd>17 cwnd_min>17 cwnd_max>17 throughput_kbps>0.000 goodput_kbps>0.000 retrans>0 total_retrans>0 bytes_acked>75020881
05:36:02.846719 TCPINFO flow>1 window>0.100 samples>2 rtt_avg_us>33309 rtt_min_us>33309 rtt_max_us>33309 cwnd>17 cwnd_min>17 cwnd_max>17 throughput_kbps>0.000 goodput_kbps>0.000 retrans>0 total_retrans>0 bytes_acked>75020881
05:36:02.946298 TCPINFO flow>3 window>0.200 samples>3 rtt_avg_us>31885 rtt_min_us>31885 rtt_max_us>31885 cwnd>82 cwnd_min>82 cwnd_max>82 throughput_kbps>0.000 goodput_kbps>0.000 retrans>0 total_retrans>1 bytes_acked>75020881
05:36:02.946317 TCPINFO flow>2 window>0.200 samples>3 rtt_avg_us>32347 rtt_min_us>32347 rtt_max_us>32347 cwnd>68 cwnd_min>68 cwnd_max>68 throughput_kbps>0.000 goodput_kbps>0.000 retrans>0 total_retrans>0 bytes_acked>75020881
05:36:03.046708 TCPINFO flow>1 window>0.200 samples>3 rtt_avg_us>33309 rtt_min_us>33309 rtt_max_us>33309 cwnd>17 cwnd_min>17 cwnd_max>17 throughput_kbps>0.000 goodput_kbps>0.000 retrans>0 total_retrans>0 bytes_acked>75020881
05:36:03.146264 TCPINFO flow>3 window>0.200 samples>3 rtt_avg_us>31885 rtt_min_us>31885 rtt_max_us>31885 cwnd>82 cwnd_min>82 cwnd_max>82 throughput_kbps>0.000 goodput_kbps>0.000 retrans>0 total_retrans>1 bytes_acked>75020881
05:36:03.146296 TCPINFO flow>2 window>0.200 samples>3 rtt_avg_us>32347 rtt_min_us>32347 rtt_max_us>32347 cwnd>68 cwnd_min>68 cwnd_max>68 throughput_kbps>0.000 goodput_kbps>0.000 retrans>0 total_retrans>0 bytes_acked>75020881
05:36:03.246272 TCPINFO flow>3 window>0.100 samples>2 rtt_avg_us>31885 rtt_min_us>31885 rtt_max_us>31885 cwnd>82 cwnd_min>82 cwnd_max>82 throughput_kbps>0.000 goodput_kbps>0.000 retrans>0 total_retrans>1 bytes_acked>75020881
05:36:03.246721 TCPINFO flow>1 window>0.200 samples>3 rtt_avg_us>33309 rtt_min_us>33309 rtt_max_us>33309 cwnd>17 cwnd_min>17 cwnd_max>17 throughput_kbps>0.000 goodput_kbps>0.000 retrans>0 total_retrans>0 bytes_acked>75020881
05:36:03.346301 TCPINFO flow>3 window>0.100 samples>2 rtt_avg_us>31885 rtt_min_us>31885 rtt_max_us>31885 cwnd>82 cwnd_min>82 cwnd_max>82 throughput_kbps>0.000 goodput_kbps>0.000 retrans>0 total_retrans>1 bytes_acked>75020881
05:36:03.346320 TCPINFO flow>2 window>0.200 samples>3 rtt_avg_us>32347 rtt_min_us>32347 rtt_max_us>32347 cwnd>68 cwnd_min>68 cwnd_max>68 throughput_kbps>0.000 goodput_kbps>0.000 retrans>0 total_retrans>0 bytes_acked>75020881
05:36:03.446307 TCPINFO flow>3 window>0.100 samples>2 rtt_avg_us>31885 rtt_min_us>31885 rtt_max_us>31885 cwnd>82 cwnd_min>82 cwnd_max>82 throughput_kbps>0.000 goodput_kbps>0.000 retrans>0 total_retrans>1 bytes_acked>75020881
05:36:03.446326 TCPINFO flow>2 window>0.100 samples>2 rtt_avg_us>32347 rtt_min_us>32347 rtt_max_us>32347 cwnd>68 cwnd_min>68 cwnd_max>68 throughput_kbps>0.000 goodput_kbps>0.000 retrans>0 total_retrans>0 bytes_acked>75020881
05:36:03.446707 TCPINFO flow>1 window>0.200 samples>3 rtt_avg_us>33309 rtt_min_us>33309 rtt_max_us>33309 cwnd>17 cwnd_min>17 cwnd_max>17 throughput_kbps>0.000 goodput_kbps>0.000 retrans>0 total_retrans>0 bytes_acked>75020881
05:36:03.546711 TCPINFO flow>1 window>0.100 samples>2 rtt_avg_us>33309 rtt_min_us>33309 rtt_max_us>33309 cwnd>17 cwnd_min>17 cwnd_max>17 throughput_kbps>0.000 goodput_kbps>0.000 retrans>0 total_retrans>0 bytes_acked>75020881
05:36:03.646305 TCPINFO flow>3 window>0.200 samples>3 rtt_avg_us>31885 rtt_min_us>31885 rtt_max_us>31885 cwnd>82 cwnd_min>82 cwnd_max>82 throughput_kbps>0.000 goodput_kbps>0.000 retrans>0 total_retrans>1 bytes_acked>75020881
05:36:03.646321 TCPINFO flow>2 window>0.200 samples>3 rtt_avg_us>32347 rtt_min_us>32347 rtt_max_us>32347 cwnd>68 cwnd_min>68 cwnd_max>68 throughput_kbps>0.000 goodput_kbps>0.000 retrans>0 total_retrans>0 bytes_acked>75020881
05:36:03.746336 TCPINFO flow>3 window>0.100 samples>2 rtt_avg_us>31885 rtt_min_us>31885 rtt_max_us>31885 cwnd>82 cwnd_min>82 cwnd_max>82 throughput_kbps>0.000 goodput_kbps>0.000 retrans>0 total_retrans>1 bytes_acked>75020881
05:36:03.746358 TCPINFO flow>2 window>0.100 samples>2 rtt_avg_us>32347 rtt_min_us>32347 rtt_max_us>32347 cwnd>68 cwnd_min>68 cwnd_max>68 throughput_kbps>0.000 goodput_kbps>0.000 retrans>0 total_retrans>0 bytes_acked>75020881
05:36:03.746734 TCPINFO flow>1 window>0.200 samples>3 rtt_avg_us>33309 rtt_min_us>33309 rtt_max_us>33309 cwnd>17 cwnd_min>17 cwnd_max>17 throughput_kbps>0.000 goodput_kbps>0.000 retrans>0 total_retrans>0 bytes_acked>75020881
05:36:03.946300 TCPINFO flow>3 window>0.200 samples>3 rtt_avg_us>31885 rtt_min_us>31885 rtt_max_us>31885 cwnd>82 cwnd_min>82 cwnd_max>82 throughput_kbps>0.000 goodput_kbps>0.000 retrans>0 total_retrans>1 bytes_acked>75020881
05:36:03.946317 TCPINFO flow>2 window>0.200 samples>3 rtt_avg_us>32347 rtt_min_us>32347 rtt_max_us>32347 cwnd>68 cwnd_min>68 cwnd_max>68 throughput_kbps>0.000 goodput_kbps>0.000 retrans>0 total_retrans>0 bytes_acked>75020881
05:36:03.946735 TCPINFO flow>1 window>0.200 samples>3 rtt_avg_us>33309 rtt_min_us>33309 rtt_max_us>33309 cwnd>17 cwnd_min>17 cwnd_max>17 throughput_kbps>0.000 goodput_kbps>0.000 retrans>0 total_retrans>0 bytes_acked>75020881
05:36:04.146318 TCPINFO flow>3 window>0.200 samples>3 rtt_avg_us>31885 rtt_min_us>31885 rtt_max_us>31885 cwnd>82 cwnd_min>82 cwnd_max>82 throughput_kbps>0.000 goodput_kbps>0.000 retrans>0 total_retrans>1 bytes_acked>75020881
05:36:04.146339 TCPINFO flow>2 window>0.200 samples>3 rtt_avg_us>32347 rtt_min_us>32347 rtt_max_us>32347 cwnd>68 cwnd_min>68 cwnd_max>68 throughput_kbps>0.000 goodput_kbps>0.000 retrans>0 total_retrans>0 bytes_acked>75020881
05:36:04.146724 TCPINFO flow>1 window>0.200 samples>3 rtt_avg_us>33309 rtt_min_us>33309 rtt_max_us>33309 cwnd>17 cwnd_min>17 cwnd_max>17 throughput_kbps>0.000 goodput_kbps>0.000 retrans>0 total_retrans>0 bytes_acked>75020881
05:36:04.346323 TCPINFO flow>3 window>0.200 samples>3 rtt_avg_us>31885 rtt_min_us>31885 rtt_max_us>31885 cwnd>82 cwnd_min>82 cwnd_max>82 throughput_kbps>0.000 goodput_kbps>0.000 retrans>0 total_retrans>1 bytes_acked>75020881
05:36:04.346343 TCPINFO flow>2 window>0.200 samples>3 rtt_avg_us>32347 rtt_min_us>32347 rtt_max_us>32347 cwnd>68 cwnd_min>68 cwnd_max>68 throughput_kbps>0.000 goodput_kbps>0.000 retrans>0 total_retrans>0 bytes_acked>75020881
05:36:04.346718 TCPINFO flow>1 window>0.200 samples>3 rtt_avg_us>33309 rtt_min_us>33309 rtt_max_us>33309 cwnd>17 cwnd_min>17 cwnd_max>17 throughput_kbps>0.000 goodput_kbps>0.000 retrans>0 total_retrans>0 bytes_acked>75020881
05:36:04.446721 TCPINFO flow>1 window>0.100 samples>2 rtt_avg_us>33309 rtt_min_us>33309 rtt_max_us>33309 cwnd>17 cwnd_min>17 cwnd_max>17 throughput_kbps>0.000 goodput_kbps>0.000 retrans>0 total_retrans>0 bytes_acked>75020881
05:36:04.546333 TCPINFO flow>3 window>0.200 samples>3 rtt_avg_us>31885 rtt_min_us>31885 rtt_max_us>31885 cwnd>82 cwnd_min>82 cwnd_max>82 throughput_kbps>0.000 goodput_kbps>0.000 retrans>0 total_retrans>1 bytes_acked>75020881
05:36:04.546354 TCPINFO flow>2 window>0.200 samples>3 rtt_avg_us>32347 rtt_min_us>32347 rtt_max_us>32347 cwnd>68 cwnd_min>68 cwnd_max>68 throughput_kbps>0.000 goodput_kbps>0.000 retrans>0 total_retrans>0 bytes_acked>75020881
05:36:04.646708 TCPINFO flow>1 window>0.200 samples>3 rtt_avg_us>33309 rtt_min_us>33309 rtt_max_us>33309 cwnd>17 cwnd_min>17 cwnd_max>17 throughput_kbps>0.000 goodput_kbps>0.000 retrans>0 total_retrans>0 bytes_acked>75020881
05:36:04.746302 TCPINFO flow>3 window>0.200 samples>3 rtt_avg_us>31885 rtt_min_us>31885 rtt_max_us>31885 cwnd>82 cwnd_min>82 cwnd_max>82 throughput_kbps>0.000 goodput_kbps>0.000 retrans>0 total_retrans>1 bytes_acked>75020881
05:36:04.746319 TCPINFO flow>2 window>0.200 samples>3 rtt_avg_us>32347 rtt_min_us>32347 rtt_max_us>32347 cwnd>68 cwnd_min>68 cwnd_max>68 throughput_kbps>0.000 goodput_kbps>0.000 retrans>0 total_retrans>0 bytes_acked>75020881
05:36:04.846708 TCPINFO flow>1 window>0.200 samples>3 rtt_avg_us>33309 rtt_min_us>33309 rtt_max_us>33309 cwnd>17 cwnd_min>17 cwnd_max>17 throughput_kbps>0.000 goodput_kbps>0.000 retrans>0 total_retrans>0 bytes_acked>75020881
05:36:04.946318 TCPINFO flow>3 window>0.200 samples>3 rtt_avg_us>31885 rtt_min_us>31885 rtt_max_us>31885 cwnd>82 cwnd_min>82 cwnd_max>82 throughput_kbps>0.000 goodput_kbps>0.000 retrans>0 total_retrans>1 bytes_acked>75020881
05:36:04.946339 TCPINFO flow>2 window>0.200 samples>3 rtt_avg_us>32347 rtt_min_us>32347 rtt_max_us>32347 cwnd>68 cwnd_min>68 cwnd_max>68 throughput_kbps>0.000 goodput_kbps>0.000 retrans>0 total_retrans>0 bytes_acked>75020881
05:36:04.946726 TCPINFO flow>1 window>0.100 samples>2 rtt_avg_us>33309 rtt_min_us>33309 rtt_max_us>33309 cwnd>17 cwnd_min>17 cwnd_max>17 throughput_kbps>0.000 goodput_kbps>0.000 retrans>0 total_retrans>0 bytes_acked>75020881
05:36:05.146275 TCPINFO flow>3 window>0.200 samples>3 rtt_avg_us>31885 rtt_min_us>31885 rtt_max_us>31885 cwnd>82 cwnd_min>82 cwnd_max>82 throughput_kbps>0.000 goodput_kbps>0.000 retrans>0 total_retrans>1 bytes_acked>75020881
05:36:05.146299 TCPINFO flow>2 window>0.200 samples>3 rtt_avg_us>32347 rtt_min_us>32347 rtt_max_us>32347 cwnd>68 cwnd_min>68 cwnd_max>68 throughput_kbps>0.000 goodput_kbps>0.000 retrans>0 total_retrans>0 bytes_acked>75020881
05:36:05.146707 TCPINFO flow>1 window>0.200 samples>3 rtt_avg_us>33309 rtt_min_us>33309 rtt_max_us>33309 cwnd>17 cwnd_min>17 cwnd_max>17 throughput_kbps>0.000 goodput_kbps>0.000 retrans>0 total_retrans>0 bytes_acked>75020881
05:36:05.246304 TCPINFO flow>2 window>0.100 samples>2 rtt_avg_us>32347 rtt_min_us>32347 rtt_max_us>32347 cwnd>68 cwnd_min>68 cwnd_max>68 throughput_kbps>0.000 goodput_kbps>0.000 retrans>0 total_retrans>0 bytes_acked>75020881
05:36:05.346271 TCPINFO flow>3 window>0.200 samples>3 rtt_avg_us>31885 rtt_min_us>31885 rtt_max_us>31885 cwnd>82 cwnd_min>82 cwnd_max>82 throughput_kbps>0.000 goodput_kbps>0.000 retrans>0 total_retrans>1 bytes_acked>75020881
05:36:05.346307 TCPINFO flow>2 window>0.100 samples>2 rtt_avg_us>32347 rtt_min_us>32347 rtt_max_us>32347 cwnd>68 cwnd_min>68 cwnd_max>68 throughput_kbps>0.000 goodput_kbps>0.000 retrans>0 total_retrans>0 bytes_acked>75020881
05:36:05.346725 TCPINFO flow>1 window>0.200 samples>3 rtt_avg_us>33309 rtt_min_us>33309 rtt_max_us>33309 cwnd>17 cwnd_min>17 cwnd_max>17 throughput_kbps>0.000 goodput_kbps>0.000 retrans>0 total_retrans>0 bytes_acked>75020881
05:36:05.546239 SHUTDOWN flow>2 srcPort>40839 dst>fd00:6::2/5202 
05:36:05.546303 TCPINFO flow>3 window>0.200 samples>3 rtt_avg_us>31885 rtt_min_us>31885 rtt_max_us>31885 cwnd>82 cwnd_min>82 cwnd_max>82 throughput_kbps>0.000 goodput_kbps>0.000 retrans>0 total_retrans>1 bytes_acked>75020881
05:36:05.546310 SHUTDOWN flow>3 srcPort>34831 dst>fd00:6::2/5203 
05:36:05.546317 SHUTDOWN flow>1 srcPort>33643 dst>fd00:6::2/5201 
05:36:05.579924 OFF flow>3 srcPort>34831 dst>fd00:6::2/5203 
05:36:05.579964 OFF flow>2 srcPort>40839 dst>fd00:6::2/5202 
05:36:05.580512 OFF flow>1 srcPort>33643 dst>fd00:6::2/5201 
05:36:05.580528 STOP
