18:42:19.196463 START Mgen Version 5.1.1
18:42:19.196785 ON flow>3001 srcPort>35871 dst>fd10:62:100::2/20000 
18:42:19.197502 CONNECT flow>3001 srcPort>35871 dst>fd10:62:100::2/20000 
18:42:19.696585 ON flow>3002 srcPort>38381 dst>fd10:62:100::2/20001 
18:42:19.696950 CONNECT flow>3002 srcPort>38381 dst>fd10:62:100::2/20001 
18:42:20.196600 ON flow>3003 srcPort>45283 dst>fd10:62:100::2/20002 
18:42:20.197880 CONNECT flow>3003 srcPort>45283 dst>fd10:62:100::2/20002 
18:42:20.696617 ON flow>3004 srcPort>45051 dst>fd10:62:100::2/20003 
18:42:20.697009 CONNECT flow>3004 srcPort>45051 dst>fd10:62:100::2/20003 
18:42:24.363403 ON flow>3200 srcPort>41797 dst>fd10:62:100::2/21000 
18:42:24.363714 CONNECT flow>3200 srcPort>41797 dst>fd10:62:100::2/21000 
18:42:24.370975 ON flow>3201 srcPort>39919 dst>fd10:62:100::2/21001 
18:42:24.371272 CONNECT flow>3201 srcPort>39919 dst>fd10:62:100::2/21001 
18:42:24.384068 ON flow>3202 srcPort>33171 dst>fd10:62:100::2/21002 
18:42:24.384432 CONNECT flow>3202 srcPort>33171 dst>fd10:62:100::2/21002 
18:42:24.584967 ON flow>3203 srcPort>41939 dst>fd10:62:100::2/21003 
18:42:24.585308 CONNECT flow>3203 srcPort>41939 dst>fd10:62:100::2/21003 
18:42:24.671463 ON flow>3204 srcPort>43587 dst>fd10:62:100::2/21004 
18:42:24.671758 CONNECT flow>3204 srcPort>43587 dst>fd10:62:100::2/21004 
18:42:24.716367 ON flow>3205 srcPort>42865 dst>fd10:62:100::2/21005 
18:42:24.716648 CONNECT flow>3205 srcPort>42865 dst>fd10:62:100::2/21005 
18:42:24.737183 ON flow>3206 srcPort>40075 dst>fd10:62:100::2/21006 
18:42:24.737477 CONNECT flow>3206 srcPort>40075 dst>fd10:62:100::2/21006 
18:42:24.751176 ON flow>3207 srcPort>43833 dst>fd10:62:100::2/21007 
18:42:24.751459 CONNECT flow>3207 srcPort>43833 dst>fd10:62:100::2/21007 
18:42:24.753583 ON flow>3208 srcPort>40137 dst>fd10:62:100::2/21008 
18:42:24.753864 CONNECT flow>3208 srcPort>40137 dst>fd10:62:100::2/21008 
18:42:24.770368 ON flow>3209 srcPort>39347 dst>fd10:62:100::2/21009 
18:42:24.770665 CONNECT flow>3209 srcPort>39347 dst>fd10:62:100::2/21009 
18:42:24.873873 ON flow>3210 srcPort>33909 dst>fd10:62:100::2/21010 
18:42:24.874152 CONNECT flow>3210 srcPort>33909 dst>fd10:62:100::2/21010 
18:42:24.884179 ON flow>3211 srcPort>33807 dst>fd10:62:100::2/21011 
18:42:24.884467 CONNECT flow>3211 srcPort>33807 dst>fd10:62:100::2/21011 
18:42:24.923840 ON flow>3212 srcPort>35597 dst>fd10:62:100::2/21012 
18:42:24.924152 CONNECT flow>3212 srcPort>35597 dst>fd10:62:100::2/21012 
18:42:25.058574 ON flow>3213 srcPort>43673 dst>fd10:62:100::2/21013 
18:42:25.058992 CONNECT flow>3213 srcPort>43673 dst>fd10:62:100::2/21013 
18:42:25.092278 ON flow>3214 srcPort>34289 dst>fd10:62:100::2/21014 
18:42:25.092731 CONNECT flow>3214 srcPort>34289 dst>fd10:62:100::2/21014 
18:42:25.127871 ON flow>3215 srcPort>37397 dst>fd10:62:100::2/21015 
18:42:25.128583 CONNECT flow>3215 srcPort>37397 dst>fd10:62:100::2/21015 
18:42:25.137188 ON flow>3216 srcPort>40397 dst>fd10:62:100::2/21016 
18:42:25.137521 CONNECT flow>3216 srcPort>40397 dst>fd10:62:100::2/21016 
18:42:25.140272 ON flow>3217 srcPort>46037 dst>fd10:62:100::2/21017 
18:42:25.140560 CONNECT flow>3217 srcPort>46037 dst>fd10:62:100::2/21017 
18:42:25.160583 ON flow>3218 srcPort>38261 dst>fd10:62:100::2/21018 
18:42:25.161115 CONNECT flow>3218 srcPort>38261 dst>fd10:62:100::2/21018 
18:42:25.565092 ON flow>3219 srcPort>38423 dst>fd10:62:100::2/21019 
18:42:25.565410 CONNECT flow>3219 srcPort>38423 dst>fd10:62:100::2/21019 
18:42:25.717492 ON flow>3220 srcPort>40243 dst>fd10:62:100::2/21020 
18:42:25.717839 CONNECT flow>3220 srcPort>40243 dst>fd10:62:100::2/21020 
18:42:25.773586 ON flow>3221 srcPort>40661 dst>fd10:62:100::2/21021 
18:42:25.773871 CONNECT flow>3221 srcPort>40661 dst>fd10:62:100::2/21021 
18:42:25.816410 ON flow>3222 srcPort>45389 dst>fd10:62:100::2/21022 
18:42:25.816784 CONNECT flow>3222 srcPort>45389 dst>fd10:62:100::2/21022 
18:42:25.844011 ON flow>3223 srcPort>42739 dst>fd10:62:100::2/21023 
18:42:25.844281 CONNECT flow>3223 srcPort>42739 dst>fd10:62:100::2/21023 
18:42:25.872093 ON flow>3224 srcPort>42619 dst>fd10:62:100::2/21024 
18:42:25.872336 CONNECT flow>3224 srcPort>42619 dst>fd10:62:100::2/21024 
18:42:25.894285 ON flow>3225 srcPort>38751 dst>fd10:62:100::2/21025 
18:42:25.894588 CONNECT flow>3225 srcPort>38751 dst>fd10:62:100::2/21025 
18:42:25.992387 ON flow>3226 srcPort>34721 dst>fd10:62:100::2/21026 
18:42:25.992700 CONNECT flow>3226 srcPort>34721 dst>fd10:62:100::2/21026 
18:42:26.033891 ON flow>3227 srcPort>34865 dst>fd10:62:100::2/21027 
18:42:26.034195 CONNECT flow>3227 srcPort>34865 dst>fd10:62:100::2/21027 
18:42:26.107696 ON flow>3228 srcPort>37365 dst>fd10:62:100::2/21028 
18:42:26.108019 CONNECT flow>3228 srcPort>37365 dst>fd10:62:100::2/21028 
18:42:28.150915 ON flow>3229 srcPort>33647 dst>fd10:62:100::2/21029 
18:42:28.151247 CONNECT flow>3229 srcPort>33647 dst>fd10:62:100::2/21029 
18:42:28.177280 ON flow>3230 srcPort>44167 dst>fd10:62:100::2/21030 
18:42:28.177557 CONNECT flow>3230 srcPort>44167 dst>fd10:62:100::2/21030 
18:42:28.480744 ON flow>3231 srcPort>38479 dst>fd10:62:100::2/21031 
18:42:28.481048 CONNECT flow>3231 srcPort>38479 dst>fd10:62:100::2/21031 
18:42:28.505820 ON flow>3232 srcPort>41723 dst>fd10:62:100::2/21032 
18:42:28.506182 CONNECT flow>3232 srcPort>41723 dst>fd10:62:100::2/21032 
18:42:28.512530 ON flow>3233 srcPort>34311 dst>fd10:62:100::2/21033 
18:42:28.512886 CONNECT flow>3233 srcPort>34311 dst>fd10:62:100::2/21033 
18:42:28.588652 ON flow>3234 srcPort>44339 dst>fd10:62:100::2/21034 
18:42:28.588962 CONNECT flow>3234 srcPort>44339 dst>fd10:62:100::2/21034 
18:42:28.591148 ON flow>3235 srcPort>46093 dst>fd10:62:100::2/21035 
18:42:28.591469 CONNECT flow>3235 srcPort>46093 dst>fd10:62:100::2/21035 
18:42:28.815974 ON flow>3236 srcPort>42517 dst>fd10:62:100::2/21036 
18:42:28.816315 CONNECT flow>3236 srcPort>42517 dst>fd10:62:100::2/21036 
18:42:29.021956 ON flow>3237 srcPort>34693 dst>fd10:62:100::2/21037 
18:42:29.022252 CONNECT flow>3237 srcPort>34693 dst>fd10:62:100::2/21037 
18:42:29.163346 SHUTDOWN flow>3200 srcPort>41797 dst>fd10:62:100::2/21000 
18:42:29.163817 OFF flow>3200 srcPort>41797 dst>fd10:62:100::2/21000 
18:42:29.170929 SHUTDOWN flow>3201 srcPort>39919 dst>fd10:62:100::2/21001 
18:42:29.171502 OFF flow>3201 srcPort>39919 dst>fd10:62:100::2/21001 
18:42:29.184041 SHUTDOWN flow>3202 srcPort>33171 dst>fd10:62:100::2/21002 
18:42:29.184390 OFF flow>3202 srcPort>33171 dst>fd10:62:100::2/21002 
18:42:29.384972 SHUTDOWN flow>3203 srcPort>41939 dst>fd10:62:100::2/21003 
18:42:29.385550 OFF flow>3203 srcPort>41939 dst>fd10:62:100::2/21003 
18:42:29.471449 SHUTDOWN flow>3204 srcPort>43587 dst>fd10:62:100::2/21004 
18:42:29.471843 OFF flow>3204 srcPort>43587 dst>fd10:62:100::2/21004 
18:42:29.516340 SHUTDOWN flow>3205 srcPort>42865 dst>fd10:62:100::2/21005 
18:42:29.516766 OFF flow>3205 srcPort>42865 dst>fd10:62:100::2/21005 
18:42:29.537158 SHUTDOWN flow>3206 srcPort>40075 dst>fd10:62:100::2/21006 
18:42:29.537785 OFF flow>3206 srcPort>40075 dst>fd10:62:100::2/21006 
18:42:29.551138 SHUTDOWN flow>3207 srcPort>43833 dst>fd10:62:100::2/21007 
18:42:29.551535 OFF flow>3207 srcPort>43833 dst>fd10:62:100::2/21007 
18:42:29.553561 SHUTDOWN flow>3208 srcPort>40137 dst>fd10:62:100::2/21008 
18:42:29.553968 OFF flow>3208 srcPort>40137 dst>fd10:62:100::2/21008 
18:42:29.570327 SHUTDOWN flow>3209 srcPort>39347 dst>fd10:62:100::2/21009 
18:42:29.570669 OFF flow>3209 srcPort>39347 dst>fd10:62:100::2/21009 
18:42:29.673845 SHUTDOWN flow>3210 srcPort>33909 dst>fd10:62:100::2/21010 
18:42:29.674217 OFF flow>3210 srcPort>33909 dst>fd10:62:100::2/21010 
18:42:29.684155 SHUTDOWN flow>3211 srcPort>33807 dst>fd10:62:100::2/21011 
18:42:29.684525 OFF flow>3211 srcPort>33807 dst>fd10:62:100::2/21011 
18:42:29.723738 SHUTDOWN flow>3212 srcPort>35597 dst>fd10:62:100::2/21012 
18:42:29.724321 OFF flow>3212 srcPort>35597 dst>fd10:62:100::2/21012 
18:42:29.858540 SHUTDOWN flow>3213 srcPort>43673 dst>fd10:62:100::2/21013 
18:42:29.858897 OFF flow>3213 srcPort>43673 dst>fd10:62:100::2/21013 
18:42:29.892243 SHUTDOWN flow>3214 srcPort>34289 dst>fd10:62:100::2/21014 
18:42:29.892805 OFF flow>3214 srcPort>34289 dst>fd10:62:100::2/21014 
18:42:29.927846 SHUTDOWN flow>3215 srcPort>37397 dst>fd10:62:100::2/21015 
18:42:29.928207 OFF flow>3215 srcPort>37397 dst>fd10:62:100::2/21015 
18:42:29.937165 SHUTDOWN flow>3216 srcPort>40397 dst>fd10:62:100::2/21016 
18:42:29.937607 OFF flow>3216 srcPort>40397 dst>fd10:62:100::2/21016 
18:42:29.940235 SHUTDOWN flow>3217 srcPort>46037 dst>fd10:62:100::2/21017 
18:42:29.940561 OFF flow>3217 srcPort>46037 dst>fd10:62:100::2/21017 
18:42:29.960541 SHUTDOWN flow>3218 srcPort>38261 dst>fd10:62:100::2/21018 
18:42:29.960904 OFF flow>3218 srcPort>38261 dst>fd10:62:100::2/21018 
18:42:30.365038 SHUTDOWN flow>3219 srcPort>38423 dst>fd10:62:100::2/21019 
18:42:30.365403 OFF flow>3219 srcPort>38423 dst>fd10:62:100::2/21019 
18:42:30.506859 ON flow>3238 srcPort>42361 dst>fd10:62:100::2/21038 
18:42:30.507689 CONNECT flow>3238 srcPort>42361 dst>fd10:62:100::2/21038 
18:42:30.517438 SHUTDOWN flow>3220 srcPort>40243 dst>fd10:62:100::2/21020 
18:42:30.517784 OFF flow>3220 srcPort>40243 dst>fd10:62:100::2/21020 
18:42:30.573539 SHUTDOWN flow>3221 srcPort>40661 dst>fd10:62:100::2/21021 
18:42:30.573884 OFF flow>3221 srcPort>40661 dst>fd10:62:100::2/21021 
18:42:30.616334 SHUTDOWN flow>3222 srcPort>45389 dst>fd10:62:100::2/21022 
18:42:30.616681 OFF flow>3222 srcPort>45389 dst>fd10:62:100::2/21022 
18:42:30.643936 SHUTDOWN flow>3223 srcPort>42739 dst>fd10:62:100::2/21023 
18:42:30.644497 OFF flow>3223 srcPort>42739 dst>fd10:62:100::2/21023 
18:42:30.646481 ON flow>3239 srcPort>40191 dst>fd10:62:100::2/21039 
18:42:30.646732 CONNECT flow>3239 srcPort>40191 dst>fd10:62:100::2/21039 
18:42:30.672042 SHUTDOWN flow>3224 srcPort>42619 dst>fd10:62:100::2/21024 
18:42:30.672459 OFF flow>3224 srcPort>42619 dst>fd10:62:100::2/21024 
18:42:30.694241 SHUTDOWN flow>3225 srcPort>38751 dst>fd10:62:100::2/21025 
18:42:30.694620 OFF flow>3225 srcPort>38751 dst>fd10:62:100::2/21025 
18:42:30.741861 ON flow>3240 srcPort>43939 dst>fd10:62:100::2/21040 
18:42:30.742101 CONNECT flow>3240 srcPort>43939 dst>fd10:62:100::2/21040 
18:42:30.776098 ON flow>3241 srcPort>36361 dst>fd10:62:100::2/21041 
18:42:30.776376 CONNECT flow>3241 srcPort>36361 dst>fd10:62:100::2/21041 
18:42:30.789788 ON flow>3242 srcPort>36085 dst>fd10:62:100::2/21042 
18:42:30.790061 CONNECT flow>3242 srcPort>36085 dst>fd10:62:100::2/21042 
18:42:30.792342 SHUTDOWN flow>3226 srcPort>34721 dst>fd10:62:100::2/21026 
18:42:30.792750 OFF flow>3226 srcPort>34721 dst>fd10:62:100::2/21026 
18:42:30.831688 ON flow>3243 srcPort>44009 dst>fd10:62:100::2/21043 
18:42:30.832033 CONNECT flow>3243 srcPort>44009 dst>fd10:62:100::2/21043 
18:42:30.833845 SHUTDOWN flow>3227 srcPort>34865 dst>fd10:62:100::2/21027 
18:42:30.834185 OFF flow>3227 srcPort>34865 dst>fd10:62:100::2/21027 
18:42:30.851398 ON flow>3244 srcPort>36757 dst>fd10:62:100::2/21044 
18:42:30.851717 CONNECT flow>3244 srcPort>36757 dst>fd10:62:100::2/21044 
18:42:30.857853 ON flow>3245 srcPort>36363 dst>fd10:62:100::2/21045 
18:42:30.858140 CONNECT flow>3245 srcPort>36363 dst>fd10:62:100::2/21045 
18:42:30.870985 ON flow>3246 srcPort>36423 dst>fd10:62:100::2/21046 
18:42:30.871255 CONNECT flow>3246 srcPort>36423 dst>fd10:62:100::2/21046 
18:42:30.907638 SHUTDOWN flow>3228 srcPort>37365 dst>fd10:62:100::2/21028 
18:42:30.908011 OFF flow>3228 srcPort>37365 dst>fd10:62:100::2/21028 
18:42:30.957198 ON flow>3247 srcPort>40899 dst>fd10:62:100::2/21047 
18:42:30.957482 CONNECT flow>3247 srcPort>40899 dst>fd10:62:100::2/21047 
18:42:30.973108 ON flow>3248 srcPort>37451 dst>fd10:62:100::2/21048 
18:42:30.973502 CONNECT flow>3248 srcPort>37451 dst>fd10:62:100::2/21048 
18:42:31.083390 ON flow>3249 srcPort>39665 dst>fd10:62:100::2/21049 
18:42:31.083750 CONNECT flow>3249 srcPort>39665 dst>fd10:62:100::2/21049 
18:42:31.111215 ON flow>3250 srcPort>41795 dst>fd10:62:100::2/21050 
18:42:31.111534 CONNECT flow>3250 srcPort>41795 dst>fd10:62:100::2/21050 
18:42:31.114103 ON flow>3251 srcPort>36621 dst>fd10:62:100::2/21051 
18:42:31.114387 CONNECT flow>3251 srcPort>36621 dst>fd10:62:100::2/21051 
18:42:31.325163 ON flow>3252 srcPort>33309 dst>fd10:62:100::2/21052 
18:42:31.325468 CONNECT flow>3252 srcPort>33309 dst>fd10:62:100::2/21052 
18:42:31.384043 ON flow>3253 srcPort>45587 dst>fd10:62:100::2/21053 
18:42:31.384265 CONNECT flow>3253 srcPort>45587 dst>fd10:62:100::2/21053 
18:42:31.466561 ON flow>3254 srcPort>39101 dst>fd10:62:100::2/21054 
18:42:31.466865 CONNECT flow>3254 srcPort>39101 dst>fd10:62:100::2/21054 
18:42:31.478144 ON flow>3255 srcPort>44147 dst>fd10:62:100::2/21055 
18:42:31.478408 CONNECT flow>3255 srcPort>44147 dst>fd10:62:100::2/21055 
18:42:31.507447 ON flow>3256 srcPort>33243 dst>fd10:62:100::2/21056 
18:42:31.507950 CONNECT flow>3256 srcPort>33243 dst>fd10:62:100::2/21056 
18:42:31.691687 ON flow>3257 srcPort>32951 dst>fd10:62:100::2/21057 
18:42:31.691992 CONNECT flow>3257 srcPort>32951 dst>fd10:62:100::2/21057 
18:42:31.838443 ON flow>3258 srcPort>35311 dst>fd10:62:100::2/21058 
18:42:31.838749 CONNECT flow>3258 srcPort>35311 dst>fd10:62:100::2/21058 
18:42:31.842937 ON flow>3259 srcPort>34251 dst>fd10:62:100::2/21059 
18:42:31.843310 CONNECT flow>3259 srcPort>34251 dst>fd10:62:100::2/21059 
18:42:32.285468 ON flow>3260 srcPort>37467 dst>fd10:62:100::2/21060 
18:42:32.285747 CONNECT flow>3260 srcPort>37467 dst>fd10:62:100::2/21060 
18:42:32.355171 ON flow>3261 srcPort>43193 dst>fd10:62:100::2/21061 
18:42:32.355491 CONNECT flow>3261 srcPort>43193 dst>fd10:62:100::2/21061 
18:42:32.383462 ON flow>3262 srcPort>39479 dst>fd10:62:100::2/21062 
18:42:32.383808 CONNECT flow>3262 srcPort>39479 dst>fd10:62:100::2/21062 
18:42:32.396256 ON flow>3263 srcPort>41199 dst>fd10:62:100::2/21063 
18:42:32.396574 CONNECT flow>3263 srcPort>41199 dst>fd10:62:100::2/21063 
18:42:32.420893 ON flow>3264 srcPort>38599 dst>fd10:62:100::2/21064 
18:42:32.421654 CONNECT flow>3264 srcPort>38599 dst>fd10:62:100::2/21064 
18:42:32.530760 ON flow>3265 srcPort>41351 dst>fd10:62:100::2/21065 
18:42:32.531032 CONNECT flow>3265 srcPort>41351 dst>fd10:62:100::2/21065 
18:42:32.550853 ON flow>3266 srcPort>42959 dst>fd10:62:100::2/21066 
18:42:32.551201 CONNECT flow>3266 srcPort>42959 dst>fd10:62:100::2/21066 
18:42:32.617405 ON flow>3267 srcPort>46611 dst>fd10:62:100::2/21067 
18:42:32.617698 CONNECT flow>3267 srcPort>46611 dst>fd10:62:100::2/21067 
18:42:32.632655 ON flow>3268 srcPort>45937 dst>fd10:62:100::2/21068 
18:42:32.632952 CONNECT flow>3268 srcPort>45937 dst>fd10:62:100::2/21068 
18:42:32.645757 ON flow>3269 srcPort>39103 dst>fd10:62:100::2/21069 
18:42:32.645980 CONNECT flow>3269 srcPort>39103 dst>fd10:62:100::2/21069 
18:42:32.704363 ON flow>3270 srcPort>37911 dst>fd10:62:100::2/21070 
18:42:32.704640 CONNECT flow>3270 srcPort>37911 dst>fd10:62:100::2/21070 
18:42:32.798885 ON flow>3271 srcPort>39025 dst>fd10:62:100::2/21071 
18:42:32.799326 CONNECT flow>3271 srcPort>39025 dst>fd10:62:100::2/21071 
18:42:32.950847 SHUTDOWN flow>3229 srcPort>33647 dst>fd10:62:100::2/21029 
18:42:32.951270 OFF flow>3229 srcPort>33647 dst>fd10:62:100::2/21029 
18:42:32.977250 SHUTDOWN flow>3230 srcPort>44167 dst>fd10:62:100::2/21030 
18:42:32.977609 OFF flow>3230 srcPort>44167 dst>fd10:62:100::2/21030 
18:42:33.004522 ON flow>3272 srcPort>41045 dst>fd10:62:100::2/21072 
18:42:33.004994 CONNECT flow>3272 srcPort>41045 dst>fd10:62:100::2/21072 
18:42:33.280693 SHUTDOWN flow>3231 srcPort>38479 dst>fd10:62:100::2/21031 
18:42:33.281092 OFF flow>3231 srcPort>38479 dst>fd10:62:100::2/21031 
18:42:33.305688 SHUTDOWN flow>3232 srcPort>41723 dst>fd10:62:100::2/21032 
18:42:33.306019 OFF flow>3232 srcPort>41723 dst>fd10:62:100::2/21032 
18:42:33.312560 SHUTDOWN flow>3233 srcPort>34311 dst>fd10:62:100::2/21033 
18:42:33.312890 OFF flow>3233 srcPort>34311 dst>fd10:62:100::2/21033 
18:42:33.388591 SHUTDOWN flow>3234 srcPort>44339 dst>fd10:62:100::2/21034 
18:42:33.388954 OFF flow>3234 srcPort>44339 dst>fd10:62:100::2/21034 
18:42:33.391089 SHUTDOWN flow>3235 srcPort>46093 dst>fd10:62:100::2/21035 
18:42:33.391399 OFF flow>3235 srcPort>46093 dst>fd10:62:100::2/21035 
18:42:33.397794 ON flow>3273 srcPort>38775 dst>fd10:62:100::2/21073 
18:42:33.398098 CONNECT flow>3273 srcPort>38775 dst>fd10:62:100::2/21073 
18:42:33.528814 ON flow>3274 srcPort>35393 dst>fd10:62:100::2/21074 
18:42:33.529106 CONNECT flow>3274 srcPort>35393 dst>fd10:62:100::2/21074 
18:42:33.615902 SHUTDOWN flow>3236 srcPort>42517 dst>fd10:62:100::2/21036 
18:42:33.619119 OFF flow>3236 srcPort>42517 dst>fd10:62:100::2/21036 
18:42:33.655688 ON flow>3275 srcPort>39001 dst>fd10:62:100::2/21075 
18:42:33.655955 CONNECT flow>3275 srcPort>39001 dst>fd10:62:100::2/21075 
18:42:33.821885 SHUTDOWN flow>3237 srcPort>34693 dst>fd10:62:100::2/21037 
18:42:33.822251 OFF flow>3237 srcPort>34693 dst>fd10:62:100::2/21037 
18:42:35.195005 ON flow>3276 srcPort>44111 dst>fd10:62:100::2/21076 
18:42:35.195368 CONNECT flow>3276 srcPort>44111 dst>fd10:62:100::2/21076 
18:42:35.226940 ON flow>3277 srcPort>46663 dst>fd10:62:100::2/21077 
18:42:35.227275 CONNECT flow>3277 srcPort>46663 dst>fd10:62:100::2/21077 
18:42:35.255639 ON flow>3278 srcPort>40801 dst>fd10:62:100::2/21078 
18:42:35.255953 CONNECT flow>3278 srcPort>40801 dst>fd10:62:100::2/21078 
18:42:35.306821 SHUTDOWN flow>3238 srcPort>42361 dst>fd10:62:100::2/21038 
18:42:35.307200 OFF flow>3238 srcPort>42361 dst>fd10:62:100::2/21038 
18:42:35.349725 ON flow>3279 srcPort>37295 dst>fd10:62:100::2/21079 
18:42:35.350079 CONNECT flow>3279 srcPort>37295 dst>fd10:62:100::2/21079 
18:42:35.446445 SHUTDOWN flow>3239 srcPort>40191 dst>fd10:62:100::2/21039 
18:42:35.446785 OFF flow>3239 srcPort>40191 dst>fd10:62:100::2/21039 
18:42:35.512773 ON flow>3280 srcPort>43337 dst>fd10:62:100::2/21080 
18:42:35.513105 CONNECT flow>3280 srcPort>43337 dst>fd10:62:100::2/21080 
18:42:35.531336 ON flow>3281 srcPort>40385 dst>fd10:62:100::2/21081 
18:42:35.531638 CONNECT flow>3281 srcPort>40385 dst>fd10:62:100::2/21081 
18:42:35.541741 SHUTDOWN flow>3240 srcPort>43939 dst>fd10:62:100::2/21040 
18:42:35.542345 OFF flow>3240 srcPort>43939 dst>fd10:62:100::2/21040 
18:42:35.576048 SHUTDOWN flow>3241 srcPort>36361 dst>fd10:62:100::2/21041 
18:42:35.576680 OFF flow>3241 srcPort>36361 dst>fd10:62:100::2/21041 
18:42:35.589753 SHUTDOWN flow>3242 srcPort>36085 dst>fd10:62:100::2/21042 
18:42:35.590113 OFF flow>3242 srcPort>36085 dst>fd10:62:100::2/21042 
18:42:35.610706 ON flow>3282 srcPort>37953 dst>fd10:62:100::2/21082 
18:42:35.611147 CONNECT flow>3282 srcPort>37953 dst>fd10:62:100::2/21082 
18:42:35.631658 SHUTDOWN flow>3243 srcPort>44009 dst>fd10:62:100::2/21043 
18:42:35.632050 OFF flow>3243 srcPort>44009 dst>fd10:62:100::2/21043 
18:42:35.651345 SHUTDOWN flow>3244 srcPort>36757 dst>fd10:62:100::2/21044 
18:42:35.651671 OFF flow>3244 srcPort>36757 dst>fd10:62:100::2/21044 
18:42:35.657747 SHUTDOWN flow>3245 srcPort>36363 dst>fd10:62:100::2/21045 
18:42:35.658087 OFF flow>3245 srcPort>36363 dst>fd10:62:100::2/21045 
18:42:35.670946 SHUTDOWN flow>3246 srcPort>36423 dst>fd10:62:100::2/21046 
18:42:35.671320 OFF flow>3246 srcPort>36423 dst>fd10:62:100::2/21046 
18:42:35.757157 SHUTDOWN flow>3247 srcPort>40899 dst>fd10:62:100::2/21047 
18:42:35.757487 OFF flow>3247 srcPort>40899 dst>fd10:62:100::2/21047 
18:42:35.773057 SHUTDOWN flow>3248 srcPort>37451 dst>fd10:62:100::2/21048 
18:42:35.773440 OFF flow>3248 srcPort>37451 dst>fd10:62:100::2/21048 
18:42:35.883357 SHUTDOWN flow>3249 srcPort>39665 dst>fd10:62:100::2/21049 
18:42:35.883748 OFF flow>3249 srcPort>39665 dst>fd10:62:100::2/21049 
18:42:35.911163 SHUTDOWN flow>3250 srcPort>41795 dst>fd10:62:100::2/21050 
18:42:35.911505 OFF flow>3250 srcPort>41795 dst>fd10:62:100::2/21050 
18:42:35.914046 SHUTDOWN flow>3251 srcPort>36621 dst>fd10:62:100::2/21051 
18:42:35.914378 OFF flow>3251 srcPort>36621 dst>fd10:62:100::2/21051 
18:42:36.125118 SHUTDOWN flow>3252 srcPort>33309 dst>fd10:62:100::2/21052 
18:42:36.125518 OFF flow>3252 srcPort>33309 dst>fd10:62:100::2/21052 
18:42:36.183995 SHUTDOWN flow>3253 srcPort>45587 dst>fd10:62:100::2/21053 
18:42:36.184417 OFF flow>3253 srcPort>45587 dst>fd10:62:100::2/21053 
18:42:36.266489 SHUTDOWN flow>3254 srcPort>39101 dst>fd10:62:100::2/21054 
18:42:36.266866 OFF flow>3254 srcPort>39101 dst>fd10:62:100::2/21054 
18:42:36.278089 SHUTDOWN flow>3255 srcPort>44147 dst>fd10:62:100::2/21055 
18:42:36.278444 OFF flow>3255 srcPort>44147 dst>fd10:62:100::2/21055 
18:42:36.307396 SHUTDOWN flow>3256 srcPort>33243 dst>fd10:62:100::2/21056 
18:42:36.307776 OFF flow>3256 srcPort>33243 dst>fd10:62:100::2/21056 
18:42:36.491593 SHUTDOWN flow>3257 srcPort>32951 dst>fd10:62:100::2/21057 
18:42:36.491925 OFF flow>3257 srcPort>32951 dst>fd10:62:100::2/21057 
18:42:36.562232 ON flow>3283 srcPort>42741 dst>fd10:62:100::2/21083 
18:42:36.562572 CONNECT flow>3283 srcPort>42741 dst>fd10:62:100::2/21083 
18:42:36.638408 SHUTDOWN flow>3258 srcPort>35311 dst>fd10:62:100::2/21058 
18:42:36.638893 OFF flow>3258 srcPort>35311 dst>fd10:62:100::2/21058 
18:42:36.642897 SHUTDOWN flow>3259 srcPort>34251 dst>fd10:62:100::2/21059 
18:42:36.643343 OFF flow>3259 srcPort>34251 dst>fd10:62:100::2/21059 
18:42:36.753878 ON flow>3284 srcPort>45455 dst>fd10:62:100::2/21084 
18:42:36.754210 CONNECT flow>3284 srcPort>45455 dst>fd10:62:100::2/21084 
18:42:36.754878 ON flow>3285 srcPort>45101 dst>fd10:62:100::2/21085 
18:42:36.755170 CONNECT flow>3285 srcPort>45101 dst>fd10:62:100::2/21085 
18:42:36.789861 ON flow>3286 srcPort>43915 dst>fd10:62:100::2/21086 
18:42:36.790157 CONNECT flow>3286 srcPort>43915 dst>fd10:62:100::2/21086 
18:42:36.894864 ON flow>3287 srcPort>36979 dst>fd10:62:100::2/21087 
18:42:36.895189 CONNECT flow>3287 srcPort>36979 dst>fd10:62:100::2/21087 
18:42:36.990556 ON flow>3288 srcPort>34797 dst>fd10:62:100::2/21088 
18:42:36.990805 CONNECT flow>3288 srcPort>34797 dst>fd10:62:100::2/21088 
18:42:37.004357 ON flow>3289 srcPort>36765 dst>fd10:62:100::2/21089 
18:42:37.004691 CONNECT flow>3289 srcPort>36765 dst>fd10:62:100::2/21089 
18:42:37.085408 SHUTDOWN flow>3260 srcPort>37467 dst>fd10:62:100::2/21060 
18:42:37.085894 OFF flow>3260 srcPort>37467 dst>fd10:62:100::2/21060 
18:42:37.110897 ON flow>3290 srcPort>45999 dst>fd10:62:100::2/21090 
18:42:37.111324 CONNECT flow>3290 srcPort>45999 dst>fd10:62:100::2/21090 
18:42:37.155107 SHUTDOWN flow>3261 srcPort>43193 dst>fd10:62:100::2/21061 
18:42:37.155523 OFF flow>3261 srcPort>43193 dst>fd10:62:100::2/21061 
18:42:37.183410 SHUTDOWN flow>3262 srcPort>39479 dst>fd10:62:100::2/21062 
18:42:37.183807 OFF flow>3262 srcPort>39479 dst>fd10:62:100::2/21062 
18:42:37.196212 SHUTDOWN flow>3263 srcPort>41199 dst>fd10:62:100::2/21063 
18:42:37.196751 OFF flow>3263 srcPort>41199 dst>fd10:62:100::2/21063 
18:42:37.220813 SHUTDOWN flow>3264 srcPort>38599 dst>fd10:62:100::2/21064 
18:42:37.221212 OFF flow>3264 srcPort>38599 dst>fd10:62:100::2/21064 
18:42:37.330722 SHUTDOWN flow>3265 srcPort>41351 dst>fd10:62:100::2/21065 
18:42:37.331103 OFF flow>3265 srcPort>41351 dst>fd10:62:100::2/21065 
18:42:37.350909 SHUTDOWN flow>3266 srcPort>42959 dst>fd10:62:100::2/21066 
18:42:37.351320 OFF flow>3266 srcPort>42959 dst>fd10:62:100::2/21066 
18:42:37.417323 SHUTDOWN flow>3267 srcPort>46611 dst>fd10:62:100::2/21067 
18:42:37.417717 OFF flow>3267 srcPort>46611 dst>fd10:62:100::2/21067 
18:42:37.432611 SHUTDOWN flow>3268 srcPort>45937 dst>fd10:62:100::2/21068 
18:42:37.432964 OFF flow>3268 srcPort>45937 dst>fd10:62:100::2/21068 
18:42:37.445722 SHUTDOWN flow>3269 srcPort>39103 dst>fd10:62:100::2/21069 
18:42:37.446095 OFF flow>3269 srcPort>39103 dst>fd10:62:100::2/21069 
18:42:37.504325 SHUTDOWN flow>3270 srcPort>37911 dst>fd10:62:100::2/21070 
18:42:37.504790 OFF flow>3270 srcPort>37911 dst>fd10:62:100::2/21070 
18:42:37.598822 SHUTDOWN flow>3271 srcPort>39025 dst>fd10:62:100::2/21071 
18:42:37.599190 OFF flow>3271 srcPort>39025 dst>fd10:62:100::2/21071 
18:42:37.804463 SHUTDOWN flow>3272 srcPort>41045 dst>fd10:62:100::2/21072 
18:42:37.805031 OFF flow>3272 srcPort>41045 dst>fd10:62:100::2/21072 
18:42:38.197718 SHUTDOWN flow>3273 srcPort>38775 dst>fd10:62:100::2/21073 
18:42:38.198095 OFF flow>3273 srcPort>38775 dst>fd10:62:100::2/21073 
18:42:38.328721 SHUTDOWN flow>3274 srcPort>35393 dst>fd10:62:100::2/21074 
18:42:38.329098 OFF flow>3274 srcPort>35393 dst>fd10:62:100::2/21074 
18:42:38.455612 SHUTDOWN flow>3275 srcPort>39001 dst>fd10:62:100::2/21075 
18:42:38.456109 OFF flow>3275 srcPort>39001 dst>fd10:62:100::2/21075 
18:42:38.987057 ON flow>3291 srcPort>40775 dst>fd10:62:100::2/21091 
18:42:38.987377 CONNECT flow>3291 srcPort>40775 dst>fd10:62:100::2/21091 
18:42:39.014553 ON flow>3292 srcPort>45381 dst>fd10:62:100::2/21092 
18:42:39.015012 CONNECT flow>3292 srcPort>45381 dst>fd10:62:100::2/21092 
18:42:39.122633 ON flow>3293 srcPort>43881 dst>fd10:62:100::2/21093 
18:42:39.122936 CONNECT flow>3293 srcPort>43881 dst>fd10:62:100::2/21093 
18:42:39.682791 ON flow>3294 srcPort>34265 dst>fd10:62:100::2/21094 
18:42:39.683105 CONNECT flow>3294 srcPort>34265 dst>fd10:62:100::2/21094 
18:42:39.684254 ON flow>3295 srcPort>38993 dst>fd10:62:100::2/21095 
18:42:39.686613 CONNECT flow>3295 srcPort>38993 dst>fd10:62:100::2/21095 
18:42:39.693281 ON flow>3296 srcPort>41117 dst>fd10:62:100::2/21096 
18:42:39.693618 CONNECT flow>3296 srcPort>41117 dst>fd10:62:100::2/21096 
18:42:39.714910 ON flow>3297 srcPort>46579 dst>fd10:62:100::2/21097 
18:42:39.715210 CONNECT flow>3297 srcPort>46579 dst>fd10:62:100::2/21097 
18:42:39.728468 ON flow>3298 srcPort>39717 dst>fd10:62:100::2/21098 
18:42:39.728754 CONNECT flow>3298 srcPort>39717 dst>fd10:62:100::2/21098 
18:42:39.774194 ON flow>3299 srcPort>37115 dst>fd10:62:100::2/21099 
18:42:39.774510 CONNECT flow>3299 srcPort>37115 dst>fd10:62:100::2/21099 
18:42:39.802563 ON flow>3300 srcPort>36961 dst>fd10:62:100::2/21100 
18:42:39.802837 CONNECT flow>3300 srcPort>36961 dst>fd10:62:100::2/21100 
18:42:39.895674 ON flow>3301 srcPort>42199 dst>fd10:62:100::2/21101 
18:42:39.895991 CONNECT flow>3301 srcPort>42199 dst>fd10:62:100::2/21101 
18:42:39.994888 SHUTDOWN flow>3276 srcPort>44111 dst>fd10:62:100::2/21076 
18:42:39.995298 OFF flow>3276 srcPort>44111 dst>fd10:62:100::2/21076 
18:42:40.026875 SHUTDOWN flow>3277 srcPort>46663 dst>fd10:62:100::2/21077 
18:42:40.027274 OFF flow>3277 srcPort>46663 dst>fd10:62:100::2/21077 
18:42:40.032274 ON flow>3302 srcPort>46849 dst>fd10:62:100::2/21102 
18:42:40.032568 CONNECT flow>3302 srcPort>46849 dst>fd10:62:100::2/21102 
18:42:40.046477 ON flow>3303 srcPort>39253 dst>fd10:62:100::2/21103 
18:42:40.046786 CONNECT flow>3303 srcPort>39253 dst>fd10:62:100::2/21103 
18:42:40.055579 SHUTDOWN flow>3278 srcPort>40801 dst>fd10:62:100::2/21078 
18:42:40.055899 OFF flow>3278 srcPort>40801 dst>fd10:62:100::2/21078 
18:42:40.119195 ON flow>3304 srcPort>43889 dst>fd10:62:100::2/21104 
18:42:40.119499 CONNECT flow>3304 srcPort>43889 dst>fd10:62:100::2/21104 
18:42:40.149682 SHUTDOWN flow>3279 srcPort>37295 dst>fd10:62:100::2/21079 
18:42:40.150087 OFF flow>3279 srcPort>37295 dst>fd10:62:100::2/21079 
18:42:40.312684 SHUTDOWN flow>3280 srcPort>43337 dst>fd10:62:100::2/21080 
18:42:40.313055 OFF flow>3280 srcPort>43337 dst>fd10:62:100::2/21080 
18:42:40.331283 SHUTDOWN flow>3281 srcPort>40385 dst>fd10:62:100::2/21081 
18:42:40.331656 OFF flow>3281 srcPort>40385 dst>fd10:62:100::2/21081 
18:42:40.410583 SHUTDOWN flow>3282 srcPort>37953 dst>fd10:62:100::2/21082 
18:42:40.411006 OFF flow>3282 srcPort>37953 dst>fd10:62:100::2/21082 
18:42:41.362087 SHUTDOWN flow>3283 srcPort>42741 dst>fd10:62:100::2/21083 
18:42:41.362486 OFF flow>3283 srcPort>42741 dst>fd10:62:100::2/21083 
18:42:41.553791 SHUTDOWN flow>3284 srcPort>45455 dst>fd10:62:100::2/21084 
18:42:41.554156 OFF flow>3284 srcPort>45455 dst>fd10:62:100::2/21084 
18:42:41.554789 SHUTDOWN flow>3285 srcPort>45101 dst>fd10:62:100::2/21085 
18:42:41.555113 OFF flow>3285 srcPort>45101 dst>fd10:62:100::2/21085 
18:42:41.561511 ON flow>3305 srcPort>37741 dst>fd10:62:100::2/21105 
18:42:41.561805 CONNECT flow>3305 srcPort>37741 dst>fd10:62:100::2/21105 
18:42:41.589798 SHUTDOWN flow>3286 srcPort>43915 dst>fd10:62:100::2/21086 
18:42:41.590164 OFF flow>3286 srcPort>43915 dst>fd10:62:100::2/21086 
18:42:41.694790 SHUTDOWN flow>3287 srcPort>36979 dst>fd10:62:100::2/21087 
18:42:41.695207 OFF flow>3287 srcPort>36979 dst>fd10:62:100::2/21087 
18:42:41.790496 SHUTDOWN flow>3288 srcPort>34797 dst>fd10:62:100::2/21088 
18:42:41.790871 OFF flow>3288 srcPort>34797 dst>fd10:62:100::2/21088 
18:42:41.804288 SHUTDOWN flow>3289 srcPort>36765 dst>fd10:62:100::2/21089 
18:42:41.804639 OFF flow>3289 srcPort>36765 dst>fd10:62:100::2/21089 
18:42:41.910826 SHUTDOWN flow>3290 srcPort>45999 dst>fd10:62:100::2/21090 
18:42:41.911272 OFF flow>3290 srcPort>45999 dst>fd10:62:100::2/21090 
18:42:41.969026 ON flow>3306 srcPort>37297 dst>fd10:62:100::2/21106 
18:42:41.969355 CONNECT flow>3306 srcPort>37297 dst>fd10:62:100::2/21106 
18:42:43.787003 SHUTDOWN flow>3291 srcPort>40775 dst>fd10:62:100::2/21091 
18:42:43.787437 OFF flow>3291 srcPort>40775 dst>fd10:62:100::2/21091 
18:42:43.814512 SHUTDOWN flow>3292 srcPort>45381 dst>fd10:62:100::2/21092 
18:42:43.814895 OFF flow>3292 srcPort>45381 dst>fd10:62:100::2/21092 
18:42:43.922642 SHUTDOWN flow>3293 srcPort>43881 dst>fd10:62:100::2/21093 
18:42:43.923049 OFF flow>3293 srcPort>43881 dst>fd10:62:100::2/21093 
18:42:43.985211 ON flow>3307 srcPort>36405 dst>fd10:62:100::2/21107 
18:42:43.985529 CONNECT flow>3307 srcPort>36405 dst>fd10:62:100::2/21107 
18:42:44.233583 ON flow>3308 srcPort>46155 dst>fd10:62:100::2/21108 
18:42:44.233874 CONNECT flow>3308 srcPort>46155 dst>fd10:62:100::2/21108 
18:42:44.482730 SHUTDOWN flow>3294 srcPort>34265 dst>fd10:62:100::2/21094 
18:42:44.483152 OFF flow>3294 srcPort>34265 dst>fd10:62:100::2/21094 
18:42:44.484229 SHUTDOWN flow>3295 srcPort>38993 dst>fd10:62:100::2/21095 
18:42:44.484580 OFF flow>3295 srcPort>38993 dst>fd10:62:100::2/21095 
18:42:44.493237 SHUTDOWN flow>3296 srcPort>41117 dst>fd10:62:100::2/21096 
18:42:44.493604 OFF flow>3296 srcPort>41117 dst>fd10:62:100::2/21096 
18:42:44.514833 SHUTDOWN flow>3297 srcPort>46579 dst>fd10:62:100::2/21097 
18:42:44.515276 OFF flow>3297 srcPort>46579 dst>fd10:62:100::2/21097 
18:42:44.528421 SHUTDOWN flow>3298 srcPort>39717 dst>fd10:62:100::2/21098 
18:42:44.528779 OFF flow>3298 srcPort>39717 dst>fd10:62:100::2/21098 
18:42:44.574147 SHUTDOWN flow>3299 srcPort>37115 dst>fd10:62:100::2/21099 
18:42:44.574636 OFF flow>3299 srcPort>37115 dst>fd10:62:100::2/21099 
18:42:44.602528 SHUTDOWN flow>3300 srcPort>36961 dst>fd10:62:100::2/21100 
18:42:44.602879 OFF flow>3300 srcPort>36961 dst>fd10:62:100::2/21100 
18:42:44.695633 SHUTDOWN flow>3301 srcPort>42199 dst>fd10:62:100::2/21101 
18:42:44.695985 OFF flow>3301 srcPort>42199 dst>fd10:62:100::2/21101 
18:42:44.782586 ON flow>3309 srcPort>43781 dst>fd10:62:100::2/21109 
18:42:44.783249 CONNECT flow>3309 srcPort>43781 dst>fd10:62:100::2/21109 
18:42:44.832246 SHUTDOWN flow>3302 srcPort>46849 dst>fd10:62:100::2/21102 
18:42:44.832658 OFF flow>3302 srcPort>46849 dst>fd10:62:100::2/21102 
18:42:44.846434 SHUTDOWN flow>3303 srcPort>39253 dst>fd10:62:100::2/21103 
18:42:44.846813 OFF flow>3303 srcPort>39253 dst>fd10:62:100::2/21103 
18:42:44.903880 ON flow>3310 srcPort>33211 dst>fd10:62:100::2/21110 
18:42:44.904202 CONNECT flow>3310 srcPort>33211 dst>fd10:62:100::2/21110 
18:42:44.919032 SHUTDOWN flow>3304 srcPort>43889 dst>fd10:62:100::2/21104 
18:42:44.919515 OFF flow>3304 srcPort>43889 dst>fd10:62:100::2/21104 
18:42:44.941769 ON flow>3311 srcPort>41985 dst>fd10:62:100::2/21111 
18:42:44.942103 CONNECT flow>3311 srcPort>41985 dst>fd10:62:100::2/21111 
18:42:44.967874 ON flow>3312 srcPort>37305 dst>fd10:62:100::2/21112 
18:42:44.968175 CONNECT flow>3312 srcPort>37305 dst>fd10:62:100::2/21112 
18:42:44.991904 ON flow>3313 srcPort>44037 dst>fd10:62:100::2/21113 
18:42:44.992261 CONNECT flow>3313 srcPort>44037 dst>fd10:62:100::2/21113 
18:42:44.995772 ON flow>3314 srcPort>38273 dst>fd10:62:100::2/21114 
18:42:44.996099 CONNECT flow>3314 srcPort>38273 dst>fd10:62:100::2/21114 
18:42:45.041749 ON flow>3315 srcPort>45969 dst>fd10:62:100::2/21115 
18:42:45.042139 CONNECT flow>3315 srcPort>45969 dst>fd10:62:100::2/21115 
18:42:45.058346 ON flow>3316 srcPort>39637 dst>fd10:62:100::2/21116 
18:42:45.059259 CONNECT flow>3316 srcPort>39637 dst>fd10:62:100::2/21116 
18:42:45.091185 ON flow>3317 srcPort>44537 dst>fd10:62:100::2/21117 
18:42:45.091561 CONNECT flow>3317 srcPort>44537 dst>fd10:62:100::2/21117 
18:42:45.096775 ON flow>3318 srcPort>41767 dst>fd10:62:100::2/21118 
18:42:45.097080 CONNECT flow>3318 srcPort>41767 dst>fd10:62:100::2/21118 
18:42:45.147182 ON flow>3319 srcPort>45755 dst>fd10:62:100::2/21119 
18:42:45.147461 CONNECT flow>3319 srcPort>45755 dst>fd10:62:100::2/21119 
18:42:45.196799 ON flow>3320 srcPort>33891 dst>fd10:62:100::2/21120 
18:42:45.197206 CONNECT flow>3320 srcPort>33891 dst>fd10:62:100::2/21120 
18:42:45.223866 ON flow>3321 srcPort>39833 dst>fd10:62:100::2/21121 
18:42:45.224148 CONNECT flow>3321 srcPort>39833 dst>fd10:62:100::2/21121 
18:42:46.142089 ON flow>3322 srcPort>39349 dst>fd10:62:100::2/21122 
18:42:46.142439 CONNECT flow>3322 srcPort>39349 dst>fd10:62:100::2/21122 
18:42:46.229087 ON flow>3323 srcPort>34985 dst>fd10:62:100::2/21123 
18:42:46.229530 CONNECT flow>3323 srcPort>34985 dst>fd10:62:100::2/21123 
18:42:46.295653 ON flow>3324 srcPort>44411 dst>fd10:62:100::2/21124 
18:42:46.295949 CONNECT flow>3324 srcPort>44411 dst>fd10:62:100::2/21124 
18:42:46.361463 SHUTDOWN flow>3305 srcPort>37741 dst>fd10:62:100::2/21105 
18:42:46.361864 OFF flow>3305 srcPort>37741 dst>fd10:62:100::2/21105 
18:42:46.421243 ON flow>3325 srcPort>43003 dst>fd10:62:100::2/21125 
18:42:46.421504 CONNECT flow>3325 srcPort>43003 dst>fd10:62:100::2/21125 
18:42:46.590793 ON flow>3326 srcPort>42897 dst>fd10:62:100::2/21126 
18:42:46.591077 CONNECT flow>3326 srcPort>42897 dst>fd10:62:100::2/21126 
18:42:46.627696 ON flow>3327 srcPort>37545 dst>fd10:62:100::2/21127 
18:42:46.628371 CONNECT flow>3327 srcPort>37545 dst>fd10:62:100::2/21127 
18:42:46.667683 ON flow>3328 srcPort>42507 dst>fd10:62:100::2/21128 
18:42:46.667986 CONNECT flow>3328 srcPort>42507 dst>fd10:62:100::2/21128 
18:42:46.695849 ON flow>3329 srcPort>33877 dst>fd10:62:100::2/21129 
18:42:46.696434 CONNECT flow>3329 srcPort>33877 dst>fd10:62:100::2/21129 
18:42:46.768871 SHUTDOWN flow>3306 srcPort>37297 dst>fd10:62:100::2/21106 
18:42:46.769225 OFF flow>3306 srcPort>37297 dst>fd10:62:100::2/21106 
18:42:46.854301 ON flow>3330 srcPort>41783 dst>fd10:62:100::2/21130 
18:42:46.854588 CONNECT flow>3330 srcPort>41783 dst>fd10:62:100::2/21130 
18:42:47.452611 ON flow>3331 srcPort>34713 dst>fd10:62:100::2/21131 
18:42:47.452910 CONNECT flow>3331 srcPort>34713 dst>fd10:62:100::2/21131 
18:42:47.586586 ON flow>3332 srcPort>43469 dst>fd10:62:100::2/21132 
18:42:47.586870 CONNECT flow>3332 srcPort>43469 dst>fd10:62:100::2/21132 
18:42:47.728014 ON flow>3333 srcPort>35103 dst>fd10:62:100::2/21133 
18:42:47.728321 CONNECT flow>3333 srcPort>35103 dst>fd10:62:100::2/21133 
18:42:47.830991 ON flow>3334 srcPort>35299 dst>fd10:62:100::2/21134 
18:42:47.831303 CONNECT flow>3334 srcPort>35299 dst>fd10:62:100::2/21134 
18:42:47.834256 ON flow>3335 srcPort>46573 dst>fd10:62:100::2/21135 
18:42:47.835160 CONNECT flow>3335 srcPort>46573 dst>fd10:62:100::2/21135 
18:42:48.251808 ON flow>3336 srcPort>42033 dst>fd10:62:100::2/21136 
18:42:48.255378 CONNECT flow>3336 srcPort>42033 dst>fd10:62:100::2/21136 
18:42:48.299752 ON flow>3337 srcPort>39831 dst>fd10:62:100::2/21137 
18:42:48.300407 CONNECT flow>3337 srcPort>39831 dst>fd10:62:100::2/21137 
18:42:48.367486 ON flow>3338 srcPort>46665 dst>fd10:62:100::2/21138 
18:42:48.367845 CONNECT flow>3338 srcPort>46665 dst>fd10:62:100::2/21138 
18:42:48.488490 ON flow>3339 srcPort>38385 dst>fd10:62:100::2/21139 
18:42:48.488768 CONNECT flow>3339 srcPort>38385 dst>fd10:62:100::2/21139 
18:42:48.602760 ON flow>3340 srcPort>38933 dst>fd10:62:100::2/21140 
18:42:48.603063 CONNECT flow>3340 srcPort>38933 dst>fd10:62:100::2/21140 
18:42:48.621069 ON flow>3341 srcPort>44409 dst>fd10:62:100::2/21141 
18:42:48.621407 CONNECT flow>3341 srcPort>44409 dst>fd10:62:100::2/21141 
18:42:48.785109 SHUTDOWN flow>3307 srcPort>36405 dst>fd10:62:100::2/21107 
18:42:48.785480 OFF flow>3307 srcPort>36405 dst>fd10:62:100::2/21107 
18:42:48.875112 ON flow>3342 srcPort>41279 dst>fd10:62:100::2/21142 
18:42:48.875430 CONNECT flow>3342 srcPort>41279 dst>fd10:62:100::2/21142 
18:42:48.904968 ON flow>3343 srcPort>35065 dst>fd10:62:100::2/21143 
18:42:48.905261 CONNECT flow>3343 srcPort>35065 dst>fd10:62:100::2/21143 
18:42:48.909156 ON flow>3344 srcPort>46355 dst>fd10:62:100::2/21144 
18:42:48.909498 CONNECT flow>3344 srcPort>46355 dst>fd10:62:100::2/21144 
18:42:48.920465 ON flow>3345 srcPort>45515 dst>fd10:62:100::2/21145 
18:42:48.921013 CONNECT flow>3345 srcPort>45515 dst>fd10:62:100::2/21145 
18:42:48.950669 ON flow>3346 srcPort>42043 dst>fd10:62:100::2/21146 
18:42:48.950951 CONNECT flow>3346 srcPort>42043 dst>fd10:62:100::2/21146 
18:42:49.033534 SHUTDOWN flow>3308 srcPort>46155 dst>fd10:62:100::2/21108 
18:42:49.033964 OFF flow>3308 srcPort>46155 dst>fd10:62:100::2/21108 
18:42:49.582503 SHUTDOWN flow>3309 srcPort>43781 dst>fd10:62:100::2/21109 
18:42:49.582947 OFF flow>3309 srcPort>43781 dst>fd10:62:100::2/21109 
18:42:49.703813 SHUTDOWN flow>3310 srcPort>33211 dst>fd10:62:100::2/21110 
18:42:49.704214 OFF flow>3310 srcPort>33211 dst>fd10:62:100::2/21110 
18:42:49.741720 SHUTDOWN flow>3311 srcPort>41985 dst>fd10:62:100::2/21111 
18:42:49.742084 OFF flow>3311 srcPort>41985 dst>fd10:62:100::2/21111 
18:42:49.767798 SHUTDOWN flow>3312 srcPort>37305 dst>fd10:62:100::2/21112 
18:42:49.768258 OFF flow>3312 srcPort>37305 dst>fd10:62:100::2/21112 
18:42:49.791822 SHUTDOWN flow>3313 srcPort>44037 dst>fd10:62:100::2/21113 
18:42:49.792246 OFF flow>3313 srcPort>44037 dst>fd10:62:100::2/21113 
18:42:49.795732 SHUTDOWN flow>3314 srcPort>38273 dst>fd10:62:100::2/21114 
18:42:49.796438 OFF flow>3314 srcPort>38273 dst>fd10:62:100::2/21114 
18:42:49.841719 SHUTDOWN flow>3315 srcPort>45969 dst>fd10:62:100::2/21115 
18:42:49.842078 OFF flow>3315 srcPort>45969 dst>fd10:62:100::2/21115 
18:42:49.858327 SHUTDOWN flow>3316 srcPort>39637 dst>fd10:62:100::2/21116 
18:42:49.858728 OFF flow>3316 srcPort>39637 dst>fd10:62:100::2/21116 
18:42:49.891114 SHUTDOWN flow>3317 srcPort>44537 dst>fd10:62:100::2/21117 
18:42:49.891485 OFF flow>3317 srcPort>44537 dst>fd10:62:100::2/21117 
18:42:49.896710 SHUTDOWN flow>3318 srcPort>41767 dst>fd10:62:100::2/21118 
18:42:49.897070 OFF flow>3318 srcPort>41767 dst>fd10:62:100::2/21118 
18:42:49.932620 ON flow>3347 srcPort>40061 dst>fd10:62:100::2/21147 
18:42:49.932910 CONNECT flow>3347 srcPort>40061 dst>fd10:62:100::2/21147 
18:42:49.947140 SHUTDOWN flow>3319 srcPort>45755 dst>fd10:62:100::2/21119 
18:42:49.947535 OFF flow>3319 srcPort>45755 dst>fd10:62:100::2/21119 
18:42:49.949887 ON flow>3348 srcPort>44073 dst>fd10:62:100::2/21148 
18:42:49.950168 CONNECT flow>3348 srcPort>44073 dst>fd10:62:100::2/21148 
18:42:49.996707 SHUTDOWN flow>3320 srcPort>33891 dst>fd10:62:100::2/21120 
18:42:49.997101 OFF flow>3320 srcPort>33891 dst>fd10:62:100::2/21120 
18:42:50.023791 SHUTDOWN flow>3321 srcPort>39833 dst>fd10:62:100::2/21121 
18:42:50.024886 OFF flow>3321 srcPort>39833 dst>fd10:62:100::2/21121 
18:42:50.317013 ON flow>3349 srcPort>40633 dst>fd10:62:100::2/21149 
18:42:50.317717 CONNECT flow>3349 srcPort>40633 dst>fd10:62:100::2/21149 
18:42:50.424212 ON flow>3350 srcPort>45925 dst>fd10:62:100::2/21150 
18:42:50.424511 CONNECT flow>3350 srcPort>45925 dst>fd10:62:100::2/21150 
18:42:50.743386 ON flow>3351 srcPort>35387 dst>fd10:62:100::2/21151 
18:42:50.743675 CONNECT flow>3351 srcPort>35387 dst>fd10:62:100::2/21151 
18:42:50.792291 ON flow>3352 srcPort>46487 dst>fd10:62:100::2/21152 
18:42:50.792635 CONNECT flow>3352 srcPort>46487 dst>fd10:62:100::2/21152 
18:42:50.930675 ON flow>3353 srcPort>44525 dst>fd10:62:100::2/21153 
18:42:50.930933 CONNECT flow>3353 srcPort>44525 dst>fd10:62:100::2/21153 
18:42:50.942055 SHUTDOWN flow>3322 srcPort>39349 dst>fd10:62:100::2/21122 
18:42:50.942667 OFF flow>3322 srcPort>39349 dst>fd10:62:100::2/21122 
18:42:50.957771 ON flow>3354 srcPort>43081 dst>fd10:62:100::2/21154 
18:42:50.958056 CONNECT flow>3354 srcPort>43081 dst>fd10:62:100::2/21154 
18:42:50.960671 ON flow>3355 srcPort>42201 dst>fd10:62:100::2/21155 
18:42:50.960961 CONNECT flow>3355 srcPort>42201 dst>fd10:62:100::2/21155 
18:42:51.029009 SHUTDOWN flow>3323 srcPort>34985 dst>fd10:62:100::2/21123 
18:42:51.029350 OFF flow>3323 srcPort>34985 dst>fd10:62:100::2/21123 
18:42:51.048299 ON flow>3356 srcPort>37781 dst>fd10:62:100::2/21156 
18:42:51.048660 CONNECT flow>3356 srcPort>37781 dst>fd10:62:100::2/21156 
18:42:51.081000 ON flow>3357 srcPort>35169 dst>fd10:62:100::2/21157 
18:42:51.081273 CONNECT flow>3357 srcPort>35169 dst>fd10:62:100::2/21157 
18:42:51.095618 SHUTDOWN flow>3324 srcPort>44411 dst>fd10:62:100::2/21124 
18:42:51.096101 OFF flow>3324 srcPort>44411 dst>fd10:62:100::2/21124 
18:42:51.141796 ON flow>3358 srcPort>35671 dst>fd10:62:100::2/21158 
18:42:51.142173 CONNECT flow>3358 srcPort>35671 dst>fd10:62:100::2/21158 
18:42:51.192110 ON flow>3359 srcPort>33719 dst>fd10:62:100::2/21159 
18:42:51.192471 CONNECT flow>3359 srcPort>33719 dst>fd10:62:100::2/21159 
18:42:51.209145 ON flow>3360 srcPort>37259 dst>fd10:62:100::2/21160 
18:42:51.209497 CONNECT flow>3360 srcPort>37259 dst>fd10:62:100::2/21160 
18:42:51.221175 SHUTDOWN flow>3325 srcPort>43003 dst>fd10:62:100::2/21125 
18:42:51.221619 OFF flow>3325 srcPort>43003 dst>fd10:62:100::2/21125 
18:42:51.251141 ON flow>3361 srcPort>40171 dst>fd10:62:100::2/21161 
18:42:51.251440 CONNECT flow>3361 srcPort>40171 dst>fd10:62:100::2/21161 
18:42:51.302808 ON flow>3362 srcPort>41787 dst>fd10:62:100::2/21162 
18:42:51.303175 CONNECT flow>3362 srcPort>41787 dst>fd10:62:100::2/21162 
18:42:51.390722 SHUTDOWN flow>3326 srcPort>42897 dst>fd10:62:100::2/21126 
18:42:51.391120 OFF flow>3326 srcPort>42897 dst>fd10:62:100::2/21126 
18:42:51.427616 SHUTDOWN flow>3327 srcPort>37545 dst>fd10:62:100::2/21127 
18:42:51.427989 OFF flow>3327 srcPort>37545 dst>fd10:62:100::2/21127 
18:42:51.467604 SHUTDOWN flow>3328 srcPort>42507 dst>fd10:62:100::2/21128 
18:42:51.468292 OFF flow>3328 srcPort>42507 dst>fd10:62:100::2/21128 
18:42:51.495726 SHUTDOWN flow>3329 srcPort>33877 dst>fd10:62:100::2/21129 
18:42:51.496144 OFF flow>3329 srcPort>33877 dst>fd10:62:100::2/21129 
18:42:51.654218 SHUTDOWN flow>3330 srcPort>41783 dst>fd10:62:100::2/21130 
18:42:51.654593 OFF flow>3330 srcPort>41783 dst>fd10:62:100::2/21130 
18:42:52.166261 ON flow>3363 srcPort>38851 dst>fd10:62:100::2/21163 
18:42:52.166587 CONNECT flow>3363 srcPort>38851 dst>fd10:62:100::2/21163 
18:42:52.210185 ON flow>3364 srcPort>37281 dst>fd10:62:100::2/21164 
18:42:52.210516 CONNECT flow>3364 srcPort>37281 dst>fd10:62:100::2/21164 
18:42:52.252504 SHUTDOWN flow>3331 srcPort>34713 dst>fd10:62:100::2/21131 
18:42:52.252937 OFF flow>3331 srcPort>34713 dst>fd10:62:100::2/21131 
18:42:52.386513 SHUTDOWN flow>3332 srcPort>43469 dst>fd10:62:100::2/21132 
18:42:52.386829 OFF flow>3332 srcPort>43469 dst>fd10:62:100::2/21132 
18:42:52.527906 SHUTDOWN flow>3333 srcPort>35103 dst>fd10:62:100::2/21133 
18:42:52.528250 OFF flow>3333 srcPort>35103 dst>fd10:62:100::2/21133 
18:42:52.630909 SHUTDOWN flow>3334 srcPort>35299 dst>fd10:62:100::2/21134 
18:42:52.631403 OFF flow>3334 srcPort>35299 dst>fd10:62:100::2/21134 
18:42:52.634209 SHUTDOWN flow>3335 srcPort>46573 dst>fd10:62:100::2/21135 
18:42:52.634541 OFF flow>3335 srcPort>46573 dst>fd10:62:100::2/21135 
18:42:53.051724 SHUTDOWN flow>3336 srcPort>42033 dst>fd10:62:100::2/21136 
18:42:53.052107 OFF flow>3336 srcPort>42033 dst>fd10:62:100::2/21136 
18:42:53.099716 SHUTDOWN flow>3337 srcPort>39831 dst>fd10:62:100::2/21137 
18:42:53.100083 OFF flow>3337 srcPort>39831 dst>fd10:62:100::2/21137 
18:42:53.167414 SHUTDOWN flow>3338 srcPort>46665 dst>fd10:62:100::2/21138 
18:42:53.167807 OFF flow>3338 srcPort>46665 dst>fd10:62:100::2/21138 
18:42:53.259827 ON flow>3365 srcPort>36603 dst>fd10:62:100::2/21165 
18:42:53.260155 CONNECT flow>3365 srcPort>36603 dst>fd10:62:100::2/21165 
18:42:53.271401 ON flow>3366 srcPort>46545 dst>fd10:62:100::2/21166 
18:42:53.271834 CONNECT flow>3366 srcPort>46545 dst>fd10:62:100::2/21166 
18:42:53.288419 SHUTDOWN flow>3339 srcPort>38385 dst>fd10:62:100::2/21139 
18:42:53.288771 OFF flow>3339 srcPort>38385 dst>fd10:62:100::2/21139 
18:42:53.296485 ON flow>3367 srcPort>45351 dst>fd10:62:100::2/21167 
18:42:53.296760 CONNECT flow>3367 srcPort>45351 dst>fd10:62:100::2/21167 
18:42:53.365435 ON flow>3368 srcPort>40071 dst>fd10:62:100::2/21168 
18:42:53.365698 CONNECT flow>3368 srcPort>40071 dst>fd10:62:100::2/21168 
18:42:53.402712 SHUTDOWN flow>3340 srcPort>38933 dst>fd10:62:100::2/21140 
18:42:53.403183 OFF flow>3340 srcPort>38933 dst>fd10:62:100::2/21140 
18:42:53.421016 SHUTDOWN flow>3341 srcPort>44409 dst>fd10:62:100::2/21141 
18:42:53.421399 OFF flow>3341 srcPort>44409 dst>fd10:62:100::2/21141 
18:42:53.558304 ON flow>3369 srcPort>43679 dst>fd10:62:100::2/21169 
18:42:53.559147 CONNECT flow>3369 srcPort>43679 dst>fd10:62:100::2/21169 
18:42:53.580668 ON flow>3370 srcPort>38729 dst>fd10:62:100::2/21170 
18:42:53.581023 CONNECT flow>3370 srcPort>38729 dst>fd10:62:100::2/21170 
18:42:53.675018 SHUTDOWN flow>3342 srcPort>41279 dst>fd10:62:100::2/21142 
18:42:53.675387 OFF flow>3342 srcPort>41279 dst>fd10:62:100::2/21142 
18:42:53.704921 SHUTDOWN flow>3343 srcPort>35065 dst>fd10:62:100::2/21143 
18:42:53.705264 OFF flow>3343 srcPort>35065 dst>fd10:62:100::2/21143 
18:42:53.709017 SHUTDOWN flow>3344 srcPort>46355 dst>fd10:62:100::2/21144 
18:42:53.709420 OFF flow>3344 srcPort>46355 dst>fd10:62:100::2/21144 
18:42:53.720420 SHUTDOWN flow>3345 srcPort>45515 dst>fd10:62:100::2/21145 
18:42:53.720792 OFF flow>3345 srcPort>45515 dst>fd10:62:100::2/21145 
18:42:53.726600 ON flow>3371 srcPort>38183 dst>fd10:62:100::2/21171 
18:42:53.726785 ON flow>3372 srcPort>44819 dst>fd10:62:100::2/21172 
18:42:53.726880 CONNECT flow>3371 srcPort>38183 dst>fd10:62:100::2/21171 
18:42:53.727050 CONNECT flow>3372 srcPort>44819 dst>fd10:62:100::2/21172 
18:42:53.742601 ON flow>3373 srcPort>43351 dst>fd10:62:100::2/21173 
18:42:53.742847 CONNECT flow>3373 srcPort>43351 dst>fd10:62:100::2/21173 
18:42:53.750638 SHUTDOWN flow>3346 srcPort>42043 dst>fd10:62:100::2/21146 
18:42:53.751017 OFF flow>3346 srcPort>42043 dst>fd10:62:100::2/21146 
18:42:53.847602 ON flow>3374 srcPort>39355 dst>fd10:62:100::2/21174 
18:42:53.847886 CONNECT flow>3374 srcPort>39355 dst>fd10:62:100::2/21174 
18:42:53.996233 ON flow>3375 srcPort>44777 dst>fd10:62:100::2/21175 
18:42:53.996604 CONNECT flow>3375 srcPort>44777 dst>fd10:62:100::2/21175 
18:42:54.068410 ON flow>3376 srcPort>45365 dst>fd10:62:100::2/21176 
18:42:54.068668 CONNECT flow>3376 srcPort>45365 dst>fd10:62:100::2/21176 
18:42:54.157777 ON flow>3377 srcPort>34299 dst>fd10:62:100::2/21177 
18:42:54.158118 CONNECT flow>3377 srcPort>34299 dst>fd10:62:100::2/21177 
18:42:54.231534 ON flow>3378 srcPort>41981 dst>fd10:62:100::2/21178 
18:42:54.231784 CONNECT flow>3378 srcPort>41981 dst>fd10:62:100::2/21178 
18:42:54.459638 ON flow>3379 srcPort>40415 dst>fd10:62:100::2/21179 
18:42:54.460231 CONNECT flow>3379 srcPort>40415 dst>fd10:62:100::2/21179 
18:42:54.602320 ON flow>3380 srcPort>42075 dst>fd10:62:100::2/21180 
18:42:54.602605 CONNECT flow>3380 srcPort>42075 dst>fd10:62:100::2/21180 
18:42:54.636299 ON flow>3381 srcPort>44211 dst>fd10:62:100::2/21181 
18:42:54.636602 CONNECT flow>3381 srcPort>44211 dst>fd10:62:100::2/21181 
18:42:54.732537 SHUTDOWN flow>3347 srcPort>40061 dst>fd10:62:100::2/21147 
18:42:54.732849 OFF flow>3347 srcPort>40061 dst>fd10:62:100::2/21147 
18:42:54.741600 ON flow>3382 srcPort>33057 dst>fd10:62:100::2/21182 
18:42:54.741891 CONNECT flow>3382 srcPort>33057 dst>fd10:62:100::2/21182 
18:42:54.749843 SHUTDOWN flow>3348 srcPort>44073 dst>fd10:62:100::2/21148 
18:42:54.750193 OFF flow>3348 srcPort>44073 dst>fd10:62:100::2/21148 
18:42:54.773304 ON flow>3383 srcPort>40019 dst>fd10:62:100::2/21183 
18:42:54.773694 CONNECT flow>3383 srcPort>40019 dst>fd10:62:100::2/21183 
18:42:54.777453 ON flow>3384 srcPort>40331 dst>fd10:62:100::2/21184 
18:42:54.777790 CONNECT flow>3384 srcPort>40331 dst>fd10:62:100::2/21184 
18:42:54.821535 ON flow>3385 srcPort>45787 dst>fd10:62:100::2/21185 
18:42:54.821815 CONNECT flow>3385 srcPort>45787 dst>fd10:62:100::2/21185 
18:42:54.921197 ON flow>3386 srcPort>44001 dst>fd10:62:100::2/21186 
18:42:54.921436 CONNECT flow>3386 srcPort>44001 dst>fd10:62:100::2/21186 
18:42:55.085510 ON flow>3387 srcPort>38643 dst>fd10:62:100::2/21187 
18:42:55.085939 CONNECT flow>3387 srcPort>38643 dst>fd10:62:100::2/21187 
18:42:55.116936 SHUTDOWN flow>3349 srcPort>40633 dst>fd10:62:100::2/21149 
18:42:55.117364 OFF flow>3349 srcPort>40633 dst>fd10:62:100::2/21149 
18:42:55.214105 ON flow>3388 srcPort>33135 dst>fd10:62:100::2/21188 
18:42:55.214369 CONNECT flow>3388 srcPort>33135 dst>fd10:62:100::2/21188 
18:42:55.224139 SHUTDOWN flow>3350 srcPort>45925 dst>fd10:62:100::2/21150 
18:42:55.224522 OFF flow>3350 srcPort>45925 dst>fd10:62:100::2/21150 
18:42:55.238586 ON flow>3389 srcPort>43477 dst>fd10:62:100::2/21189 
18:42:55.238854 CONNECT flow>3389 srcPort>43477 dst>fd10:62:100::2/21189 
18:42:55.259480 ON flow>3390 srcPort>45471 dst>fd10:62:100::2/21190 
18:42:55.259763 CONNECT flow>3390 srcPort>45471 dst>fd10:62:100::2/21190 
18:42:55.543328 SHUTDOWN flow>3351 srcPort>35387 dst>fd10:62:100::2/21151 
18:42:55.543755 OFF flow>3351 srcPort>35387 dst>fd10:62:100::2/21151 
18:42:55.592229 SHUTDOWN flow>3352 srcPort>46487 dst>fd10:62:100::2/21152 
18:42:55.592808 OFF flow>3352 srcPort>46487 dst>fd10:62:100::2/21152 
18:42:55.730624 SHUTDOWN flow>3353 srcPort>44525 dst>fd10:62:100::2/21153 
18:42:55.731370 OFF flow>3353 srcPort>44525 dst>fd10:62:100::2/21153 
18:42:55.757736 SHUTDOWN flow>3354 srcPort>43081 dst>fd10:62:100::2/21154 
18:42:55.758182 OFF flow>3354 srcPort>43081 dst>fd10:62:100::2/21154 
18:42:55.760626 SHUTDOWN flow>3355 srcPort>42201 dst>fd10:62:100::2/21155 
18:42:55.760966 OFF flow>3355 srcPort>42201 dst>fd10:62:100::2/21155 
18:42:55.848228 SHUTDOWN flow>3356 srcPort>37781 dst>fd10:62:100::2/21156 
18:42:55.848634 OFF flow>3356 srcPort>37781 dst>fd10:62:100::2/21156 
18:42:55.880932 SHUTDOWN flow>3357 srcPort>35169 dst>fd10:62:100::2/21157 
18:42:55.881291 OFF flow>3357 srcPort>35169 dst>fd10:62:100::2/21157 
18:42:55.941731 SHUTDOWN flow>3358 srcPort>35671 dst>fd10:62:100::2/21158 
18:42:55.942156 OFF flow>3358 srcPort>35671 dst>fd10:62:100::2/21158 
18:42:55.992034 SHUTDOWN flow>3359 srcPort>33719 dst>fd10:62:100::2/21159 
18:42:55.992417 OFF flow>3359 srcPort>33719 dst>fd10:62:100::2/21159 
18:42:56.009050 SHUTDOWN flow>3360 srcPort>37259 dst>fd10:62:100::2/21160 
18:42:56.009395 OFF flow>3360 srcPort>37259 dst>fd10:62:100::2/21160 
18:42:56.051054 SHUTDOWN flow>3361 srcPort>40171 dst>fd10:62:100::2/21161 
18:42:56.051416 OFF flow>3361 srcPort>40171 dst>fd10:62:100::2/21161 
18:42:56.067918 ON flow>3391 srcPort>36393 dst>fd10:62:100::2/21191 
18:42:56.068180 CONNECT flow>3391 srcPort>36393 dst>fd10:62:100::2/21191 
18:42:56.095102 ON flow>3392 srcPort>46231 dst>fd10:62:100::2/21192 
18:42:56.095381 CONNECT flow>3392 srcPort>46231 dst>fd10:62:100::2/21192 
18:42:56.102745 SHUTDOWN flow>3362 srcPort>41787 dst>fd10:62:100::2/21162 
18:42:56.103173 OFF flow>3362 srcPort>41787 dst>fd10:62:100::2/21162 
18:42:56.163990 ON flow>3393 srcPort>33603 dst>fd10:62:100::2/21193 
18:42:56.164308 CONNECT flow>3393 srcPort>33603 dst>fd10:62:100::2/21193 
18:42:56.271104 ON flow>3394 srcPort>34247 dst>fd10:62:100::2/21194 
18:42:56.271387 CONNECT flow>3394 srcPort>34247 dst>fd10:62:100::2/21194 
18:42:56.424112 ON flow>3395 srcPort>43629 dst>fd10:62:100::2/21195 
18:42:56.424401 CONNECT flow>3395 srcPort>43629 dst>fd10:62:100::2/21195 
18:42:56.496641 ON flow>3396 srcPort>34699 dst>fd10:62:100::2/21196 
18:42:56.496923 CONNECT flow>3396 srcPort>34699 dst>fd10:62:100::2/21196 
18:42:56.550088 ON flow>3397 srcPort>39441 dst>fd10:62:100::2/21197 
18:42:56.550372 CONNECT flow>3397 srcPort>39441 dst>fd10:62:100::2/21197 
18:42:56.586296 ON flow>3398 srcPort>39653 dst>fd10:62:100::2/21198 
18:42:56.586567 CONNECT flow>3398 srcPort>39653 dst>fd10:62:100::2/21198 
18:42:56.761620 ON flow>3399 srcPort>46869 dst>fd10:62:100::2/21199 
18:42:56.761878 CONNECT flow>3399 srcPort>46869 dst>fd10:62:100::2/21199 
18:42:56.933614 ON flow>3400 srcPort>37087 dst>fd10:62:100::2/21200 
18:42:56.933921 CONNECT flow>3400 srcPort>37087 dst>fd10:62:100::2/21200 
18:42:56.966159 SHUTDOWN flow>3363 srcPort>38851 dst>fd10:62:100::2/21163 
18:42:56.966534 OFF flow>3363 srcPort>38851 dst>fd10:62:100::2/21163 
18:42:57.010137 SHUTDOWN flow>3364 srcPort>37281 dst>fd10:62:100::2/21164 
18:42:57.010493 OFF flow>3364 srcPort>37281 dst>fd10:62:100::2/21164 
18:42:58.059769 SHUTDOWN flow>3365 srcPort>36603 dst>fd10:62:100::2/21165 
18:42:58.060432 OFF flow>3365 srcPort>36603 dst>fd10:62:100::2/21165 
18:42:58.071359 SHUTDOWN flow>3366 srcPort>46545 dst>fd10:62:100::2/21166 
18:42:58.071894 OFF flow>3366 srcPort>46545 dst>fd10:62:100::2/21166 
18:42:58.096443 SHUTDOWN flow>3367 srcPort>45351 dst>fd10:62:100::2/21167 
18:42:58.096997 OFF flow>3367 srcPort>45351 dst>fd10:62:100::2/21167 
18:42:58.165346 SHUTDOWN flow>3368 srcPort>40071 dst>fd10:62:100::2/21168 
18:42:58.165716 OFF flow>3368 srcPort>40071 dst>fd10:62:100::2/21168 
18:42:58.358249 SHUTDOWN flow>3369 srcPort>43679 dst>fd10:62:100::2/21169 
18:42:58.358704 OFF flow>3369 srcPort>43679 dst>fd10:62:100::2/21169 
18:42:58.380574 SHUTDOWN flow>3370 srcPort>38729 dst>fd10:62:100::2/21170 
18:42:58.380947 OFF flow>3370 srcPort>38729 dst>fd10:62:100::2/21170 
18:42:58.526543 SHUTDOWN flow>3371 srcPort>38183 dst>fd10:62:100::2/21171 
18:42:58.526740 SHUTDOWN flow>3372 srcPort>44819 dst>fd10:62:100::2/21172 
18:42:58.526913 OFF flow>3371 srcPort>38183 dst>fd10:62:100::2/21171 
18:42:58.527107 OFF flow>3372 srcPort>44819 dst>fd10:62:100::2/21172 
18:42:58.542549 SHUTDOWN flow>3373 srcPort>43351 dst>fd10:62:100::2/21173 
18:42:58.542918 OFF flow>3373 srcPort>43351 dst>fd10:62:100::2/21173 
18:42:58.647551 SHUTDOWN flow>3374 srcPort>39355 dst>fd10:62:100::2/21174 
18:42:58.647954 OFF flow>3374 srcPort>39355 dst>fd10:62:100::2/21174 
18:42:58.796157 SHUTDOWN flow>3375 srcPort>44777 dst>fd10:62:100::2/21175 
18:42:58.796556 OFF flow>3375 srcPort>44777 dst>fd10:62:100::2/21175 
18:42:58.868345 SHUTDOWN flow>3376 srcPort>45365 dst>fd10:62:100::2/21176 
18:42:58.869360 OFF flow>3376 srcPort>45365 dst>fd10:62:100::2/21176 
18:42:58.957657 SHUTDOWN flow>3377 srcPort>34299 dst>fd10:62:100::2/21177 
18:42:58.958177 OFF flow>3377 srcPort>34299 dst>fd10:62:100::2/21177 
18:42:59.031439 SHUTDOWN flow>3378 srcPort>41981 dst>fd10:62:100::2/21178 
18:42:59.031799 OFF flow>3378 srcPort>41981 dst>fd10:62:100::2/21178 
18:42:59.259573 SHUTDOWN flow>3379 srcPort>40415 dst>fd10:62:100::2/21179 
18:42:59.260021 OFF flow>3379 srcPort>40415 dst>fd10:62:100::2/21179 
18:42:59.402275 SHUTDOWN flow>3380 srcPort>42075 dst>fd10:62:100::2/21180 
18:42:59.402651 OFF flow>3380 srcPort>42075 dst>fd10:62:100::2/21180 
18:42:59.436258 SHUTDOWN flow>3381 srcPort>44211 dst>fd10:62:100::2/21181 
18:42:59.436709 OFF flow>3381 srcPort>44211 dst>fd10:62:100::2/21181 
18:42:59.541549 SHUTDOWN flow>3382 srcPort>33057 dst>fd10:62:100::2/21182 
18:42:59.541874 OFF flow>3382 srcPort>33057 dst>fd10:62:100::2/21182 
18:42:59.573256 SHUTDOWN flow>3383 srcPort>40019 dst>fd10:62:100::2/21183 
18:42:59.573667 OFF flow>3383 srcPort>40019 dst>fd10:62:100::2/21183 
18:42:59.577358 SHUTDOWN flow>3384 srcPort>40331 dst>fd10:62:100::2/21184 
18:42:59.579829 OFF flow>3384 srcPort>40331 dst>fd10:62:100::2/21184 
18:42:59.621450 SHUTDOWN flow>3385 srcPort>45787 dst>fd10:62:100::2/21185 
18:42:59.621828 OFF flow>3385 srcPort>45787 dst>fd10:62:100::2/21185 
18:42:59.647251 ON flow>3401 srcPort>39281 dst>fd10:62:100::2/21201 
18:42:59.647621 CONNECT flow>3401 srcPort>39281 dst>fd10:62:100::2/21201 
18:42:59.661490 ON flow>3402 srcPort>34119 dst>fd10:62:100::2/21202 
18:42:59.662057 CONNECT flow>3402 srcPort>34119 dst>fd10:62:100::2/21202 
18:42:59.721053 SHUTDOWN flow>3386 srcPort>44001 dst>fd10:62:100::2/21186 
18:42:59.721489 OFF flow>3386 srcPort>44001 dst>fd10:62:100::2/21186 
18:42:59.738494 ON flow>3403 srcPort>44563 dst>fd10:62:100::2/21203 
18:42:59.738789 CONNECT flow>3403 srcPort>44563 dst>fd10:62:100::2/21203 
18:42:59.885419 ON flow>3404 srcPort>32825 dst>fd10:62:100::2/21204 
18:42:59.885485 SHUTDOWN flow>3387 srcPort>38643 dst>fd10:62:100::2/21187 
18:42:59.885823 CONNECT flow>3404 srcPort>32825 dst>fd10:62:100::2/21204 
18:42:59.885992 OFF flow>3387 srcPort>38643 dst>fd10:62:100::2/21187 
18:42:59.954990 ON flow>3405 srcPort>33339 dst>fd10:62:100::2/21205 
18:42:59.955433 CONNECT flow>3405 srcPort>33339 dst>fd10:62:100::2/21205 
18:42:59.964391 ON flow>3406 srcPort>41715 dst>fd10:62:100::2/21206 
18:42:59.964675 CONNECT flow>3406 srcPort>41715 dst>fd10:62:100::2/21206 
18:43:00.014024 SHUTDOWN flow>3388 srcPort>33135 dst>fd10:62:100::2/21188 
18:43:00.014384 OFF flow>3388 srcPort>33135 dst>fd10:62:100::2/21188 
18:43:00.038554 SHUTDOWN flow>3389 srcPort>43477 dst>fd10:62:100::2/21189 
18:43:00.038962 OFF flow>3389 srcPort>43477 dst>fd10:62:100::2/21189 
18:43:00.059421 SHUTDOWN flow>3390 srcPort>45471 dst>fd10:62:100::2/21190 
18:43:00.059757 OFF flow>3390 srcPort>45471 dst>fd10:62:100::2/21190 
18:43:00.100074 ON flow>3407 srcPort>40871 dst>fd10:62:100::2/21207 
18:43:00.100368 CONNECT flow>3407 srcPort>40871 dst>fd10:62:100::2/21207 
18:43:00.262712 ON flow>3408 srcPort>36401 dst>fd10:62:100::2/21208 
18:43:00.263016 CONNECT flow>3408 srcPort>36401 dst>fd10:62:100::2/21208 
18:43:00.345769 ON flow>3409 srcPort>41659 dst>fd10:62:100::2/21209 
18:43:00.346087 CONNECT flow>3409 srcPort>41659 dst>fd10:62:100::2/21209 
18:43:00.409599 ON flow>3410 srcPort>40709 dst>fd10:62:100::2/21210 
18:43:00.409942 CONNECT flow>3410 srcPort>40709 dst>fd10:62:100::2/21210 
18:43:00.604316 ON flow>3411 srcPort>39849 dst>fd10:62:100::2/21211 
18:43:00.604657 CONNECT flow>3411 srcPort>39849 dst>fd10:62:100::2/21211 
18:43:00.606004 ON flow>3412 srcPort>40519 dst>fd10:62:100::2/21212 
18:43:00.606604 CONNECT flow>3412 srcPort>40519 dst>fd10:62:100::2/21212 
18:43:00.620423 ON flow>3413 srcPort>42867 dst>fd10:62:100::2/21213 
18:43:00.620744 CONNECT flow>3413 srcPort>42867 dst>fd10:62:100::2/21213 
18:43:00.628918 ON flow>3414 srcPort>34983 dst>fd10:62:100::2/21214 
18:43:00.629207 ON flow>3415 srcPort>38679 dst>fd10:62:100::2/21215 
18:43:00.629221 CONNECT flow>3414 srcPort>34983 dst>fd10:62:100::2/21214 
18:43:00.629517 CONNECT flow>3415 srcPort>38679 dst>fd10:62:100::2/21215 
18:43:00.867839 SHUTDOWN flow>3391 srcPort>36393 dst>fd10:62:100::2/21191 
18:43:00.868263 OFF flow>3391 srcPort>36393 dst>fd10:62:100::2/21191 
18:43:00.895043 SHUTDOWN flow>3392 srcPort>46231 dst>fd10:62:100::2/21192 
18:43:00.895406 OFF flow>3392 srcPort>46231 dst>fd10:62:100::2/21192 
18:43:00.963950 SHUTDOWN flow>3393 srcPort>33603 dst>fd10:62:100::2/21193 
18:43:00.964369 OFF flow>3393 srcPort>33603 dst>fd10:62:100::2/21193 
18:43:01.029349 ON flow>3416 srcPort>37245 dst>fd10:62:100::2/21216 
18:43:01.029667 CONNECT flow>3416 srcPort>37245 dst>fd10:62:100::2/21216 
18:43:01.063705 ON flow>3417 srcPort>39461 dst>fd10:62:100::2/21217 
18:43:01.063987 CONNECT flow>3417 srcPort>39461 dst>fd10:62:100::2/21217 
18:43:01.071033 SHUTDOWN flow>3394 srcPort>34247 dst>fd10:62:100::2/21194 
18:43:01.071422 OFF flow>3394 srcPort>34247 dst>fd10:62:100::2/21194 
18:43:01.088699 ON flow>3418 srcPort>46657 dst>fd10:62:100::2/21218 
18:43:01.089087 CONNECT flow>3418 srcPort>46657 dst>fd10:62:100::2/21218 
18:43:01.125633 ON flow>3419 srcPort>45357 dst>fd10:62:100::2/21219 
18:43:01.125979 CONNECT flow>3419 srcPort>45357 dst>fd10:62:100::2/21219 
18:43:01.224033 SHUTDOWN flow>3395 srcPort>43629 dst>fd10:62:100::2/21195 
18:43:01.224481 OFF flow>3395 srcPort>43629 dst>fd10:62:100::2/21195 
18:43:01.238836 ON flow>3420 srcPort>44129 dst>fd10:62:100::2/21220 
18:43:01.239107 CONNECT flow>3420 srcPort>44129 dst>fd10:62:100::2/21220 
18:43:01.296549 SHUTDOWN flow>3396 srcPort>34699 dst>fd10:62:100::2/21196 
18:43:01.296992 OFF flow>3396 srcPort>34699 dst>fd10:62:100::2/21196 
18:43:01.309227 ON flow>3421 srcPort>45903 dst>fd10:62:100::2/21221 
18:43:01.309508 CONNECT flow>3421 srcPort>45903 dst>fd10:62:100::2/21221 
18:43:01.350108 SHUTDOWN flow>3397 srcPort>39441 dst>fd10:62:100::2/21197 
18:43:01.350519 OFF flow>3397 srcPort>39441 dst>fd10:62:100::2/21197 
18:43:01.386229 SHUTDOWN flow>3398 srcPort>39653 dst>fd10:62:100::2/21198 
18:43:01.386699 OFF flow>3398 srcPort>39653 dst>fd10:62:100::2/21198 
18:43:01.561558 SHUTDOWN flow>3399 srcPort>46869 dst>fd10:62:100::2/21199 
18:43:01.562123 OFF flow>3399 srcPort>46869 dst>fd10:62:100::2/21199 
18:43:01.733583 SHUTDOWN flow>3400 srcPort>37087 dst>fd10:62:100::2/21200 
18:43:01.734016 OFF flow>3400 srcPort>37087 dst>fd10:62:100::2/21200 
18:43:03.636276 ON flow>3422 srcPort>38451 dst>fd10:62:100::2/21222 
18:43:03.636591 CONNECT flow>3422 srcPort>38451 dst>fd10:62:100::2/21222 
18:43:03.731739 ON flow>3423 srcPort>43167 dst>fd10:62:100::2/21223 
18:43:03.731977 CONNECT flow>3423 srcPort>43167 dst>fd10:62:100::2/21223 
18:43:03.796742 ON flow>3424 srcPort>43023 dst>fd10:62:100::2/21224 
18:43:03.797004 CONNECT flow>3424 srcPort>43023 dst>fd10:62:100::2/21224 
18:43:03.824639 ON flow>3425 srcPort>46717 dst>fd10:62:100::2/21225 
18:43:03.824924 CONNECT flow>3425 srcPort>46717 dst>fd10:62:100::2/21225 
18:43:03.825829 ON flow>3426 srcPort>39237 dst>fd10:62:100::2/21226 
18:43:03.826179 CONNECT flow>3426 srcPort>39237 dst>fd10:62:100::2/21226 
18:43:03.886740 ON flow>3427 srcPort>44413 dst>fd10:62:100::2/21227 
18:43:03.887012 CONNECT flow>3427 srcPort>44413 dst>fd10:62:100::2/21227 
18:43:04.447158 SHUTDOWN flow>3401 srcPort>39281 dst>fd10:62:100::2/21201 
18:43:04.447522 OFF flow>3401 srcPort>39281 dst>fd10:62:100::2/21201 
18:43:04.461466 SHUTDOWN flow>3402 srcPort>34119 dst>fd10:62:100::2/21202 
18:43:04.461843 OFF flow>3402 srcPort>34119 dst>fd10:62:100::2/21202 
18:43:04.538446 SHUTDOWN flow>3403 srcPort>44563 dst>fd10:62:100::2/21203 
18:43:04.538872 OFF flow>3403 srcPort>44563 dst>fd10:62:100::2/21203 
18:43:04.685348 SHUTDOWN flow>3404 srcPort>32825 dst>fd10:62:100::2/21204 
18:43:04.685714 OFF flow>3404 srcPort>32825 dst>fd10:62:100::2/21204 
18:43:04.754947 SHUTDOWN flow>3405 srcPort>33339 dst>fd10:62:100::2/21205 
18:43:04.755298 OFF flow>3405 srcPort>33339 dst>fd10:62:100::2/21205 
18:43:04.764335 SHUTDOWN flow>3406 srcPort>41715 dst>fd10:62:100::2/21206 
18:43:04.764681 OFF flow>3406 srcPort>41715 dst>fd10:62:100::2/21206 
18:43:04.899952 SHUTDOWN flow>3407 srcPort>40871 dst>fd10:62:100::2/21207 
18:43:04.900374 OFF flow>3407 srcPort>40871 dst>fd10:62:100::2/21207 
18:43:05.062672 SHUTDOWN flow>3408 srcPort>36401 dst>fd10:62:100::2/21208 
18:43:05.063112 OFF flow>3408 srcPort>36401 dst>fd10:62:100::2/21208 
18:43:05.145644 SHUTDOWN flow>3409 srcPort>41659 dst>fd10:62:100::2/21209 
18:43:05.145958 OFF flow>3409 srcPort>41659 dst>fd10:62:100::2/21209 
18:43:05.209571 SHUTDOWN flow>3410 srcPort>40709 dst>fd10:62:100::2/21210 
18:43:05.209981 OFF flow>3410 srcPort>40709 dst>fd10:62:100::2/21210 
18:43:05.404244 SHUTDOWN flow>3411 srcPort>39849 dst>fd10:62:100::2/21211 
18:43:05.404570 OFF flow>3411 srcPort>39849 dst>fd10:62:100::2/21211 
18:43:05.405938 SHUTDOWN flow>3412 srcPort>40519 dst>fd10:62:100::2/21212 
18:43:05.406391 OFF flow>3412 srcPort>40519 dst>fd10:62:100::2/21212 
18:43:05.420340 SHUTDOWN flow>3413 srcPort>42867 dst>fd10:62:100::2/21213 
18:43:05.420939 OFF flow>3413 srcPort>42867 dst>fd10:62:100::2/21213 
18:43:05.428843 SHUTDOWN flow>3414 srcPort>34983 dst>fd10:62:100::2/21214 
18:43:05.429148 SHUTDOWN flow>3415 srcPort>38679 dst>fd10:62:100::2/21215 
18:43:05.429193 OFF flow>3414 srcPort>34983 dst>fd10:62:100::2/21214 
18:43:05.429543 OFF flow>3415 srcPort>38679 dst>fd10:62:100::2/21215 
18:43:05.829248 SHUTDOWN flow>3416 srcPort>37245 dst>fd10:62:100::2/21216 
18:43:05.829618 OFF flow>3416 srcPort>37245 dst>fd10:62:100::2/21216 
18:43:05.863674 SHUTDOWN flow>3417 srcPort>39461 dst>fd10:62:100::2/21217 
18:43:05.864065 OFF flow>3417 srcPort>39461 dst>fd10:62:100::2/21217 
18:43:05.888642 SHUTDOWN flow>3418 srcPort>46657 dst>fd10:62:100::2/21218 
18:43:05.889028 OFF flow>3418 srcPort>46657 dst>fd10:62:100::2/21218 
18:43:05.925548 SHUTDOWN flow>3419 srcPort>45357 dst>fd10:62:100::2/21219 
18:43:05.926047 OFF flow>3419 srcPort>45357 dst>fd10:62:100::2/21219 
18:43:05.989663 ON flow>3428 srcPort>45927 dst>fd10:62:100::2/21228 
18:43:05.989960 CONNECT flow>3428 srcPort>45927 dst>fd10:62:100::2/21228 
18:43:06.038767 SHUTDOWN flow>3420 srcPort>44129 dst>fd10:62:100::2/21220 
18:43:06.039331 OFF flow>3420 srcPort>44129 dst>fd10:62:100::2/21220 
18:43:06.109167 SHUTDOWN flow>3421 srcPort>45903 dst>fd10:62:100::2/21221 
18:43:06.109608 OFF flow>3421 srcPort>45903 dst>fd10:62:100::2/21221 
18:43:06.127615 ON flow>3429 srcPort>35107 dst>fd10:62:100::2/21229 
18:43:06.127892 CONNECT flow>3429 srcPort>35107 dst>fd10:62:100::2/21229 
18:43:06.153903 ON flow>3430 srcPort>33975 dst>fd10:62:100::2/21230 
18:43:06.154196 ON flow>3431 srcPort>37695 dst>fd10:62:100::2/21231 
18:43:06.154220 CONNECT flow>3430 srcPort>33975 dst>fd10:62:100::2/21230 
18:43:06.154489 CONNECT flow>3431 srcPort>37695 dst>fd10:62:100::2/21231 
18:43:06.184612 ON flow>3432 srcPort>33033 dst>fd10:62:100::2/21232 
18:43:06.184907 CONNECT flow>3432 srcPort>33033 dst>fd10:62:100::2/21232 
18:43:06.393924 ON flow>3433 srcPort>36549 dst>fd10:62:100::2/21233 
18:43:06.394255 CONNECT flow>3433 srcPort>36549 dst>fd10:62:100::2/21233 
18:43:06.975065 ON flow>3434 srcPort>44185 dst>fd10:62:100::2/21234 
18:43:06.975449 CONNECT flow>3434 srcPort>44185 dst>fd10:62:100::2/21234 
18:43:07.150938 ON flow>3435 srcPort>46217 dst>fd10:62:100::2/21235 
18:43:07.151223 CONNECT flow>3435 srcPort>46217 dst>fd10:62:100::2/21235 
18:43:07.160723 ON flow>3436 srcPort>46645 dst>fd10:62:100::2/21236 
18:43:07.160996 CONNECT flow>3436 srcPort>46645 dst>fd10:62:100::2/21236 
18:43:07.247340 ON flow>3437 srcPort>44801 dst>fd10:62:100::2/21237 
18:43:07.247724 CONNECT flow>3437 srcPort>44801 dst>fd10:62:100::2/21237 
18:43:07.300829 ON flow>3438 srcPort>45157 dst>fd10:62:100::2/21238 
18:43:07.301096 CONNECT flow>3438 srcPort>45157 dst>fd10:62:100::2/21238 
18:43:07.530096 ON flow>3439 srcPort>45511 dst>fd10:62:100::2/21239 
18:43:07.530400 CONNECT flow>3439 srcPort>45511 dst>fd10:62:100::2/21239 
18:43:07.540400 ON flow>3440 srcPort>42217 dst>fd10:62:100::2/21240 
18:43:07.540855 CONNECT flow>3440 srcPort>42217 dst>fd10:62:100::2/21240 
18:43:08.374073 ON flow>3441 srcPort>40765 dst>fd10:62:100::2/21241 
18:43:08.374413 CONNECT flow>3441 srcPort>40765 dst>fd10:62:100::2/21241 
18:43:08.436196 SHUTDOWN flow>3422 srcPort>38451 dst>fd10:62:100::2/21222 
18:43:08.436607 OFF flow>3422 srcPort>38451 dst>fd10:62:100::2/21222 
18:43:08.482180 ON flow>3442 srcPort>33127 dst>fd10:62:100::2/21242 
18:43:08.482450 CONNECT flow>3442 srcPort>33127 dst>fd10:62:100::2/21242 
18:43:08.531681 SHUTDOWN flow>3423 srcPort>43167 dst>fd10:62:100::2/21223 
18:43:08.532020 OFF flow>3423 srcPort>43167 dst>fd10:62:100::2/21223 
18:43:08.596714 SHUTDOWN flow>3424 srcPort>43023 dst>fd10:62:100::2/21224 
18:43:08.597106 OFF flow>3424 srcPort>43023 dst>fd10:62:100::2/21224 
18:43:08.598828 ON flow>3443 srcPort>37473 dst>fd10:62:100::2/21243 
18:43:08.599110 CONNECT flow>3443 srcPort>37473 dst>fd10:62:100::2/21243 
18:43:08.601119 ON flow>3444 srcPort>39953 dst>fd10:62:100::2/21244 
18:43:08.601415 CONNECT flow>3444 srcPort>39953 dst>fd10:62:100::2/21244 
18:43:08.624583 SHUTDOWN flow>3425 srcPort>46717 dst>fd10:62:100::2/21225 
18:43:08.624959 OFF flow>3425 srcPort>46717 dst>fd10:62:100::2/21225 
18:43:08.625779 SHUTDOWN flow>3426 srcPort>39237 dst>fd10:62:100::2/21226 
18:43:08.626206 OFF flow>3426 srcPort>39237 dst>fd10:62:100::2/21226 
18:43:08.657527 ON flow>3445 srcPort>44431 dst>fd10:62:100::2/21245 
18:43:08.657790 CONNECT flow>3445 srcPort>44431 dst>fd10:62:100::2/21245 
18:43:08.686687 SHUTDOWN flow>3427 srcPort>44413 dst>fd10:62:100::2/21227 
18:43:08.687036 OFF flow>3427 srcPort>44413 dst>fd10:62:100::2/21227 
18:43:08.806331 ON flow>3446 srcPort>41455 dst>fd10:62:100::2/21246 
18:43:08.806618 CONNECT flow>3446 srcPort>41455 dst>fd10:62:100::2/21246 
18:43:08.823224 ON flow>3447 srcPort>44533 dst>fd10:62:100::2/21247 
18:43:08.823518 CONNECT flow>3447 srcPort>44533 dst>fd10:62:100::2/21247 
18:43:09.846944 ON flow>3448 srcPort>36799 dst>fd10:62:100::2/21248 
18:43:09.847252 CONNECT flow>3448 srcPort>36799 dst>fd10:62:100::2/21248 
18:43:10.184722 ON flow>3449 srcPort>40015 dst>fd10:62:100::2/21249 
18:43:10.185050 CONNECT flow>3449 srcPort>40015 dst>fd10:62:100::2/21249 
18:43:10.339936 ON flow>3450 srcPort>46301 dst>fd10:62:100::2/21250 
18:43:10.340230 CONNECT flow>3450 srcPort>46301 dst>fd10:62:100::2/21250 
18:43:10.420448 ON flow>3451 srcPort>33239 dst>fd10:62:100::2/21251 
18:43:10.420817 CONNECT flow>3451 srcPort>33239 dst>fd10:62:100::2/21251 
18:43:10.446216 ON flow>3452 srcPort>33477 dst>fd10:62:100::2/21252 
18:43:10.446497 CONNECT flow>3452 srcPort>33477 dst>fd10:62:100::2/21252 
18:43:10.475310 ON flow>3453 srcPort>41405 dst>fd10:62:100::2/21253 
18:43:10.475619 CONNECT flow>3453 srcPort>41405 dst>fd10:62:100::2/21253 
18:43:10.660395 ON flow>3454 srcPort>45129 dst>fd10:62:100::2/21254 
18:43:10.660750 CONNECT flow>3454 srcPort>45129 dst>fd10:62:100::2/21254 
18:43:10.682517 ON flow>3455 srcPort>39611 dst>fd10:62:100::2/21255 
18:43:10.682821 CONNECT flow>3455 srcPort>39611 dst>fd10:62:100::2/21255 
18:43:10.712732 ON flow>3456 srcPort>43711 dst>fd10:62:100::2/21256 
18:43:10.713032 CONNECT flow>3456 srcPort>43711 dst>fd10:62:100::2/21256 
18:43:10.789552 SHUTDOWN flow>3428 srcPort>45927 dst>fd10:62:100::2/21228 
18:43:10.789915 OFF flow>3428 srcPort>45927 dst>fd10:62:100::2/21228 
18:43:10.927547 SHUTDOWN flow>3429 srcPort>35107 dst>fd10:62:100::2/21229 
18:43:10.927906 OFF flow>3429 srcPort>35107 dst>fd10:62:100::2/21229 
18:43:10.953859 SHUTDOWN flow>3430 srcPort>33975 dst>fd10:62:100::2/21230 
18:43:10.954185 SHUTDOWN flow>3431 srcPort>37695 dst>fd10:62:100::2/21231 
18:43:10.954365 OFF flow>3430 srcPort>33975 dst>fd10:62:100::2/21230 
18:43:10.955064 OFF flow>3431 srcPort>37695 dst>fd10:62:100::2/21231 
18:43:10.984553 SHUTDOWN flow>3432 srcPort>33033 dst>fd10:62:100::2/21232 
18:43:10.984932 OFF flow>3432 srcPort>33033 dst>fd10:62:100::2/21232 
18:43:11.193866 SHUTDOWN flow>3433 srcPort>36549 dst>fd10:62:100::2/21233 
18:43:11.194335 OFF flow>3433 srcPort>36549 dst>fd10:62:100::2/21233 
18:43:11.334983 ON flow>3457 srcPort>44415 dst>fd10:62:100::2/21257 
18:43:11.335303 CONNECT flow>3457 srcPort>44415 dst>fd10:62:100::2/21257 
18:43:11.393437 ON flow>3458 srcPort>46831 dst>fd10:62:100::2/21258 
18:43:11.393796 CONNECT flow>3458 srcPort>46831 dst>fd10:62:100::2/21258 
18:43:11.609373 ON flow>3459 srcPort>42821 dst>fd10:62:100::2/21259 
18:43:11.609848 CONNECT flow>3459 srcPort>42821 dst>fd10:62:100::2/21259 
18:43:11.625678 ON flow>3460 srcPort>41103 dst>fd10:62:100::2/21260 
18:43:11.626048 CONNECT flow>3460 srcPort>41103 dst>fd10:62:100::2/21260 
18:43:11.640039 ON flow>3461 srcPort>40835 dst>fd10:62:100::2/21261 
18:43:11.640401 CONNECT flow>3461 srcPort>40835 dst>fd10:62:100::2/21261 
18:43:11.673162 ON flow>3462 srcPort>42745 dst>fd10:62:100::2/21262 
18:43:11.673462 CONNECT flow>3462 srcPort>42745 dst>fd10:62:100::2/21262 
18:43:11.761031 ON flow>3463 srcPort>38645 dst>fd10:62:100::2/21263 
18:43:11.761390 CONNECT flow>3463 srcPort>38645 dst>fd10:62:100::2/21263 
18:43:11.774974 SHUTDOWN flow>3434 srcPort>44185 dst>fd10:62:100::2/21234 
18:43:11.775343 OFF flow>3434 srcPort>44185 dst>fd10:62:100::2/21234 
18:43:11.950901 SHUTDOWN flow>3435 srcPort>46217 dst>fd10:62:100::2/21235 
18:43:11.951428 OFF flow>3435 srcPort>46217 dst>fd10:62:100::2/21235 
18:43:11.960685 SHUTDOWN flow>3436 srcPort>46645 dst>fd10:62:100::2/21236 
18:43:11.961028 OFF flow>3436 srcPort>46645 dst>fd10:62:100::2/21236 
18:43:12.047264 SHUTDOWN flow>3437 srcPort>44801 dst>fd10:62:100::2/21237 
18:43:12.047595 OFF flow>3437 srcPort>44801 dst>fd10:62:100::2/21237 
18:43:12.100773 SHUTDOWN flow>3438 srcPort>45157 dst>fd10:62:100::2/21238 
18:43:12.101182 OFF flow>3438 srcPort>45157 dst>fd10:62:100::2/21238 
18:43:12.329978 SHUTDOWN flow>3439 srcPort>45511 dst>fd10:62:100::2/21239 
18:43:12.330362 OFF flow>3439 srcPort>45511 dst>fd10:62:100::2/21239 
18:43:12.340263 SHUTDOWN flow>3440 srcPort>42217 dst>fd10:62:100::2/21240 
18:43:12.340720 OFF flow>3440 srcPort>42217 dst>fd10:62:100::2/21240 
18:43:12.551583 ON flow>3464 srcPort>36427 dst>fd10:62:100::2/21264 
18:43:12.551883 CONNECT flow>3464 srcPort>36427 dst>fd10:62:100::2/21264 
18:43:12.959759 ON flow>3465 srcPort>44605 dst>fd10:62:100::2/21265 
18:43:12.960045 CONNECT flow>3465 srcPort>44605 dst>fd10:62:100::2/21265 
18:43:12.984254 ON flow>3466 srcPort>42203 dst>fd10:62:100::2/21266 
18:43:12.984538 CONNECT flow>3466 srcPort>42203 dst>fd10:62:100::2/21266 
18:43:13.173973 SHUTDOWN flow>3441 srcPort>40765 dst>fd10:62:100::2/21241 
18:43:13.174347 OFF flow>3441 srcPort>40765 dst>fd10:62:100::2/21241 
18:43:13.282071 SHUTDOWN flow>3442 srcPort>33127 dst>fd10:62:100::2/21242 
18:43:13.282902 OFF flow>3442 srcPort>33127 dst>fd10:62:100::2/21242 
18:43:13.398797 SHUTDOWN flow>3443 srcPort>37473 dst>fd10:62:100::2/21243 
18:43:13.399303 OFF flow>3443 srcPort>37473 dst>fd10:62:100::2/21243 
18:43:13.401157 SHUTDOWN flow>3444 srcPort>39953 dst>fd10:62:100::2/21244 
18:43:13.401625 OFF flow>3444 srcPort>39953 dst>fd10:62:100::2/21244 
18:43:13.457476 SHUTDOWN flow>3445 srcPort>44431 dst>fd10:62:100::2/21245 
18:43:13.457913 OFF flow>3445 srcPort>44431 dst>fd10:62:100::2/21245 
18:43:13.606275 SHUTDOWN flow>3446 srcPort>41455 dst>fd10:62:100::2/21246 
18:43:13.606639 OFF flow>3446 srcPort>41455 dst>fd10:62:100::2/21246 
18:43:13.608095 ON flow>3467 srcPort>32987 dst>fd10:62:100::2/21267 
18:43:13.608487 CONNECT flow>3467 srcPort>32987 dst>fd10:62:100::2/21267 
18:43:13.623178 SHUTDOWN flow>3447 srcPort>44533 dst>fd10:62:100::2/21247 
18:43:13.623544 OFF flow>3447 srcPort>44533 dst>fd10:62:100::2/21247 
18:43:13.650053 ON flow>3468 srcPort>36661 dst>fd10:62:100::2/21268 
18:43:13.650345 CONNECT flow>3468 srcPort>36661 dst>fd10:62:100::2/21268 
18:43:13.937447 ON flow>3469 srcPort>41741 dst>fd10:62:100::2/21269 
18:43:13.937833 CONNECT flow>3469 srcPort>41741 dst>fd10:62:100::2/21269 
18:43:13.958432 ON flow>3470 srcPort>42205 dst>fd10:62:100::2/21270 
18:43:13.958725 CONNECT flow>3470 srcPort>42205 dst>fd10:62:100::2/21270 
18:43:14.158926 ON flow>3471 srcPort>38853 dst>fd10:62:100::2/21271 
18:43:14.159253 CONNECT flow>3471 srcPort>38853 dst>fd10:62:100::2/21271 
18:43:14.258145 ON flow>3472 srcPort>41533 dst>fd10:62:100::2/21272 
18:43:14.258484 CONNECT flow>3472 srcPort>41533 dst>fd10:62:100::2/21272 
18:43:14.272096 ON flow>3473 srcPort>39183 dst>fd10:62:100::2/21273 
18:43:14.272408 CONNECT flow>3473 srcPort>39183 dst>fd10:62:100::2/21273 
18:43:14.294922 ON flow>3474 srcPort>45865 dst>fd10:62:100::2/21274 
18:43:14.295283 CONNECT flow>3474 srcPort>45865 dst>fd10:62:100::2/21274 
18:43:14.445505 ON flow>3475 srcPort>40181 dst>fd10:62:100::2/21275 
18:43:14.445856 CONNECT flow>3475 srcPort>40181 dst>fd10:62:100::2/21275 
18:43:14.453640 ON flow>3476 srcPort>42301 dst>fd10:62:100::2/21276 
18:43:14.453899 CONNECT flow>3476 srcPort>42301 dst>fd10:62:100::2/21276 
18:43:14.646768 SHUTDOWN flow>3448 srcPort>36799 dst>fd10:62:100::2/21248 
18:43:14.647182 OFF flow>3448 srcPort>36799 dst>fd10:62:100::2/21248 
18:43:14.984576 SHUTDOWN flow>3449 srcPort>40015 dst>fd10:62:100::2/21249 
18:43:14.984956 OFF flow>3449 srcPort>40015 dst>fd10:62:100::2/21249 
18:43:15.069400 ON flow>3477 srcPort>36365 dst>fd10:62:100::2/21277 
18:43:15.069692 CONNECT flow>3477 srcPort>36365 dst>fd10:62:100::2/21277 
18:43:15.139861 SHUTDOWN flow>3450 srcPort>46301 dst>fd10:62:100::2/21250 
18:43:15.140258 OFF flow>3450 srcPort>46301 dst>fd10:62:100::2/21250 
18:43:15.177643 ON flow>3478 srcPort>41495 dst>fd10:62:100::2/21278 
18:43:15.177907 CONNECT flow>3478 srcPort>41495 dst>fd10:62:100::2/21278 
18:43:15.220362 SHUTDOWN flow>3451 srcPort>33239 dst>fd10:62:100::2/21251 
18:43:15.220733 OFF flow>3451 srcPort>33239 dst>fd10:62:100::2/21251 
18:43:15.246073 SHUTDOWN flow>3452 srcPort>33477 dst>fd10:62:100::2/21252 
18:43:15.246450 OFF flow>3452 srcPort>33477 dst>fd10:62:100::2/21252 
18:43:15.275261 SHUTDOWN flow>3453 srcPort>41405 dst>fd10:62:100::2/21253 
18:43:15.275609 OFF flow>3453 srcPort>41405 dst>fd10:62:100::2/21253 
18:43:15.311365 ON flow>3479 srcPort>46071 dst>fd10:62:100::2/21279 
18:43:15.311667 CONNECT flow>3479 srcPort>46071 dst>fd10:62:100::2/21279 
18:43:15.452232 ON flow>3480 srcPort>42823 dst>fd10:62:100::2/21280 
18:43:15.452507 CONNECT flow>3480 srcPort>42823 dst>fd10:62:100::2/21280 
18:43:15.460164 SHUTDOWN flow>3454 srcPort>45129 dst>fd10:62:100::2/21254 
18:43:15.460524 OFF flow>3454 srcPort>45129 dst>fd10:62:100::2/21254 
18:43:15.462637 ON flow>3481 srcPort>45945 dst>fd10:62:100::2/21281 
18:43:15.462903 CONNECT flow>3481 srcPort>45945 dst>fd10:62:100::2/21281 
18:43:15.482468 SHUTDOWN flow>3455 srcPort>39611 dst>fd10:62:100::2/21255 
18:43:15.482835 OFF flow>3455 srcPort>39611 dst>fd10:62:100::2/21255 
18:43:15.512660 SHUTDOWN flow>3456 srcPort>43711 dst>fd10:62:100::2/21256 
18:43:15.513022 OFF flow>3456 srcPort>43711 dst>fd10:62:100::2/21256 
18:43:15.561179 ON flow>3482 srcPort>43305 dst>fd10:62:100::2/21282 
18:43:15.561639 CONNECT flow>3482 srcPort>43305 dst>fd10:62:100::2/21282 
18:43:15.585169 ON flow>3483 srcPort>40667 dst>fd10:62:100::2/21283 
18:43:15.585496 CONNECT flow>3483 srcPort>40667 dst>fd10:62:100::2/21283 
18:43:15.663877 ON flow>3484 srcPort>45017 dst>fd10:62:100::2/21284 
18:43:15.664179 CONNECT flow>3484 srcPort>45017 dst>fd10:62:100::2/21284 
18:43:15.668752 ON flow>3485 srcPort>41349 dst>fd10:62:100::2/21285 
18:43:15.669049 CONNECT flow>3485 srcPort>41349 dst>fd10:62:100::2/21285 
18:43:15.766050 ON flow>3486 srcPort>42399 dst>fd10:62:100::2/21286 
18:43:15.766323 CONNECT flow>3486 srcPort>42399 dst>fd10:62:100::2/21286 
18:43:15.773245 ON flow>3487 srcPort>35461 dst>fd10:62:100::2/21287 
18:43:15.773557 CONNECT flow>3487 srcPort>35461 dst>fd10:62:100::2/21287 
18:43:15.862862 ON flow>3488 srcPort>46393 dst>fd10:62:100::2/21288 
18:43:15.863176 CONNECT flow>3488 srcPort>46393 dst>fd10:62:100::2/21288 
18:43:16.001878 ON flow>3489 srcPort>34239 dst>fd10:62:100::2/21289 
18:43:16.002226 CONNECT flow>3489 srcPort>34239 dst>fd10:62:100::2/21289 
18:43:16.035765 ON flow>3490 srcPort>43835 dst>fd10:62:100::2/21290 
18:43:16.036043 CONNECT flow>3490 srcPort>43835 dst>fd10:62:100::2/21290 
18:43:16.059954 ON flow>3491 srcPort>33289 dst>fd10:62:100::2/21291 
18:43:16.060422 CONNECT flow>3491 srcPort>33289 dst>fd10:62:100::2/21291 
18:43:16.111647 ON flow>3492 srcPort>44261 dst>fd10:62:100::2/21292 
18:43:16.111948 CONNECT flow>3492 srcPort>44261 dst>fd10:62:100::2/21292 
18:43:16.117858 ON flow>3493 srcPort>41267 dst>fd10:62:100::2/21293 
18:43:16.118123 CONNECT flow>3493 srcPort>41267 dst>fd10:62:100::2/21293 
18:43:16.134906 SHUTDOWN flow>3457 srcPort>44415 dst>fd10:62:100::2/21257 
18:43:16.135295 OFF flow>3457 srcPort>44415 dst>fd10:62:100::2/21257 
18:43:16.193308 SHUTDOWN flow>3458 srcPort>46831 dst>fd10:62:100::2/21258 
18:43:16.193743 OFF flow>3458 srcPort>46831 dst>fd10:62:100::2/21258 
18:43:16.293253 ON flow>3494 srcPort>42555 dst>fd10:62:100::2/21294 
18:43:16.293541 CONNECT flow>3494 srcPort>42555 dst>fd10:62:100::2/21294 
18:43:16.409276 SHUTDOWN flow>3459 srcPort>42821 dst>fd10:62:100::2/21259 
18:43:16.409869 OFF flow>3459 srcPort>42821 dst>fd10:62:100::2/21259 
18:43:16.425575 SHUTDOWN flow>3460 srcPort>41103 dst>fd10:62:100::2/21260 
18:43:16.425946 OFF flow>3460 srcPort>41103 dst>fd10:62:100::2/21260 
18:43:16.439972 SHUTDOWN flow>3461 srcPort>40835 dst>fd10:62:100::2/21261 
18:43:16.440356 OFF flow>3461 srcPort>40835 dst>fd10:62:100::2/21261 
18:43:16.473070 SHUTDOWN flow>3462 srcPort>42745 dst>fd10:62:100::2/21262 
18:43:16.473432 OFF flow>3462 srcPort>42745 dst>fd10:62:100::2/21262 
18:43:16.495063 ON flow>3495 srcPort>43323 dst>fd10:62:100::2/21295 
18:43:16.495450 CONNECT flow>3495 srcPort>43323 dst>fd10:62:100::2/21295 
18:43:16.511150 ON flow>3496 srcPort>39871 dst>fd10:62:100::2/21296 
18:43:16.511435 CONNECT flow>3496 srcPort>39871 dst>fd10:62:100::2/21296 
18:43:16.560971 SHUTDOWN flow>3463 srcPort>38645 dst>fd10:62:100::2/21263 
18:43:16.561423 OFF flow>3463 srcPort>38645 dst>fd10:62:100::2/21263 
18:43:17.351492 SHUTDOWN flow>3464 srcPort>36427 dst>fd10:62:100::2/21264 
18:43:17.351861 OFF flow>3464 srcPort>36427 dst>fd10:62:100::2/21264 
18:43:17.646016 ON flow>3497 srcPort>37005 dst>fd10:62:100::2/21297 
18:43:17.646311 CONNECT flow>3497 srcPort>37005 dst>fd10:62:100::2/21297 
18:43:17.664251 ON flow>3498 srcPort>33703 dst>fd10:62:100::2/21298 
18:43:17.664524 CONNECT flow>3498 srcPort>33703 dst>fd10:62:100::2/21298 
18:43:17.691950 ON flow>3499 srcPort>35021 dst>fd10:62:100::2/21299 
18:43:17.692264 CONNECT flow>3499 srcPort>35021 dst>fd10:62:100::2/21299 
18:43:17.712351 ON flow>3500 srcPort>43565 dst>fd10:62:100::2/21300 
18:43:17.712674 CONNECT flow>3500 srcPort>43565 dst>fd10:62:100::2/21300 
18:43:17.759667 SHUTDOWN flow>3465 srcPort>44605 dst>fd10:62:100::2/21265 
18:43:17.760063 OFF flow>3465 srcPort>44605 dst>fd10:62:100::2/21265 
18:43:17.784175 SHUTDOWN flow>3466 srcPort>42203 dst>fd10:62:100::2/21266 
18:43:17.784525 OFF flow>3466 srcPort>42203 dst>fd10:62:100::2/21266 
18:43:17.928871 ON flow>3501 srcPort>39497 dst>fd10:62:100::2/21301 
18:43:17.929221 CONNECT flow>3501 srcPort>39497 dst>fd10:62:100::2/21301 
18:43:17.938349 ON flow>3502 srcPort>43473 dst>fd10:62:100::2/21302 
18:43:17.938604 CONNECT flow>3502 srcPort>43473 dst>fd10:62:100::2/21302 
18:43:17.957554 ON flow>3503 srcPort>44735 dst>fd10:62:100::2/21303 
18:43:17.957958 CONNECT flow>3503 srcPort>44735 dst>fd10:62:100::2/21303 
18:43:18.050573 ON flow>3504 srcPort>35925 dst>fd10:62:100::2/21304 
18:43:18.050839 CONNECT flow>3504 srcPort>35925 dst>fd10:62:100::2/21304 
18:43:18.407961 SHUTDOWN flow>3467 srcPort>32987 dst>fd10:62:100::2/21267 
18:43:18.408380 OFF flow>3467 srcPort>32987 dst>fd10:62:100::2/21267 
18:43:18.449963 SHUTDOWN flow>3468 srcPort>36661 dst>fd10:62:100::2/21268 
18:43:18.450295 OFF flow>3468 srcPort>36661 dst>fd10:62:100::2/21268 
18:43:18.737362 SHUTDOWN flow>3469 srcPort>41741 dst>fd10:62:100::2/21269 
18:43:18.737715 OFF flow>3469 srcPort>41741 dst>fd10:62:100::2/21269 
18:43:18.758360 SHUTDOWN flow>3470 srcPort>42205 dst>fd10:62:100::2/21270 
18:43:18.758747 OFF flow>3470 srcPort>42205 dst>fd10:62:100::2/21270 
18:43:18.958856 SHUTDOWN flow>3471 srcPort>38853 dst>fd10:62:100::2/21271 
18:43:18.961514 OFF flow>3471 srcPort>38853 dst>fd10:62:100::2/21271 
18:43:19.058059 SHUTDOWN flow>3472 srcPort>41533 dst>fd10:62:100::2/21272 
18:43:19.058563 OFF flow>3472 srcPort>41533 dst>fd10:62:100::2/21272 
18:43:19.071972 SHUTDOWN flow>3473 srcPort>39183 dst>fd10:62:100::2/21273 
18:43:19.072976 OFF flow>3473 srcPort>39183 dst>fd10:62:100::2/21273 
18:43:19.094862 SHUTDOWN flow>3474 srcPort>45865 dst>fd10:62:100::2/21274 
18:43:19.095252 OFF flow>3474 srcPort>45865 dst>fd10:62:100::2/21274 
18:43:19.245393 SHUTDOWN flow>3475 srcPort>40181 dst>fd10:62:100::2/21275 
18:43:19.245772 OFF flow>3475 srcPort>40181 dst>fd10:62:100::2/21275 
18:43:19.253567 SHUTDOWN flow>3476 srcPort>42301 dst>fd10:62:100::2/21276 
18:43:19.253965 OFF flow>3476 srcPort>42301 dst>fd10:62:100::2/21276 
18:43:19.869275 SHUTDOWN flow>3477 srcPort>36365 dst>fd10:62:100::2/21277 
18:43:19.869648 OFF flow>3477 srcPort>36365 dst>fd10:62:100::2/21277 
18:43:19.977075 SHUTDOWN flow>3478 srcPort>41495 dst>fd10:62:100::2/21278 
18:43:19.977436 OFF flow>3478 srcPort>41495 dst>fd10:62:100::2/21278 
18:43:20.111286 SHUTDOWN flow>3479 srcPort>46071 dst>fd10:62:100::2/21279 
18:43:20.111777 OFF flow>3479 srcPort>46071 dst>fd10:62:100::2/21279 
18:43:20.187020 ON flow>3505 srcPort>44141 dst>fd10:62:100::2/21305 
18:43:20.187304 CONNECT flow>3505 srcPort>44141 dst>fd10:62:100::2/21305 
18:43:20.247985 ON flow>3506 srcPort>44115 dst>fd10:62:100::2/21306 
18:43:20.248259 CONNECT flow>3506 srcPort>44115 dst>fd10:62:100::2/21306 
18:43:20.252087 SHUTDOWN flow>3480 srcPort>42823 dst>fd10:62:100::2/21280 
18:43:20.252426 OFF flow>3480 srcPort>42823 dst>fd10:62:100::2/21280 
18:43:20.262661 SHUTDOWN flow>3481 srcPort>45945 dst>fd10:62:100::2/21281 
18:43:20.263171 OFF flow>3481 srcPort>45945 dst>fd10:62:100::2/21281 
18:43:20.352780 ON flow>3507 srcPort>44821 dst>fd10:62:100::2/21307 
18:43:20.353084 CONNECT flow>3507 srcPort>44821 dst>fd10:62:100::2/21307 
18:43:20.361090 SHUTDOWN flow>3482 srcPort>43305 dst>fd10:62:100::2/21282 
18:43:20.361457 OFF flow>3482 srcPort>43305 dst>fd10:62:100::2/21282 
18:43:20.385080 SHUTDOWN flow>3483 srcPort>40667 dst>fd10:62:100::2/21283 
18:43:20.385835 OFF flow>3483 srcPort>40667 dst>fd10:62:100::2/21283 
18:43:20.443784 ON flow>3508 srcPort>44889 dst>fd10:62:100::2/21308 
18:43:20.444062 CONNECT flow>3508 srcPort>44889 dst>fd10:62:100::2/21308 
18:43:20.463797 SHUTDOWN flow>3484 srcPort>45017 dst>fd10:62:100::2/21284 
18:43:20.464148 OFF flow>3484 srcPort>45017 dst>fd10:62:100::2/21284 
18:43:20.468692 SHUTDOWN flow>3485 srcPort>41349 dst>fd10:62:100::2/21285 
18:43:20.469092 OFF flow>3485 srcPort>41349 dst>fd10:62:100::2/21285 
18:43:20.565995 SHUTDOWN flow>3486 srcPort>42399 dst>fd10:62:100::2/21286 
18:43:20.566381 OFF flow>3486 srcPort>42399 dst>fd10:62:100::2/21286 
18:43:20.573219 SHUTDOWN flow>3487 srcPort>35461 dst>fd10:62:100::2/21287 
18:43:20.573675 OFF flow>3487 srcPort>35461 dst>fd10:62:100::2/21287 
18:43:20.662796 SHUTDOWN flow>3488 srcPort>46393 dst>fd10:62:100::2/21288 
18:43:20.663175 OFF flow>3488 srcPort>46393 dst>fd10:62:100::2/21288 
18:43:20.673455 ON flow>3509 srcPort>46063 dst>fd10:62:100::2/21309 
18:43:20.673795 CONNECT flow>3509 srcPort>46063 dst>fd10:62:100::2/21309 
18:43:20.801811 SHUTDOWN flow>3489 srcPort>34239 dst>fd10:62:100::2/21289 
18:43:20.802272 OFF flow>3489 srcPort>34239 dst>fd10:62:100::2/21289 
18:43:20.835695 SHUTDOWN flow>3490 srcPort>43835 dst>fd10:62:100::2/21290 
18:43:20.836036 OFF flow>3490 srcPort>43835 dst>fd10:62:100::2/21290 
18:43:20.859899 SHUTDOWN flow>3491 srcPort>33289 dst>fd10:62:100::2/21291 
18:43:20.860272 OFF flow>3491 srcPort>33289 dst>fd10:62:100::2/21291 
18:43:20.911595 SHUTDOWN flow>3492 srcPort>44261 dst>fd10:62:100::2/21292 
18:43:20.911961 OFF flow>3492 srcPort>44261 dst>fd10:62:100::2/21292 
18:43:20.917795 SHUTDOWN flow>3493 srcPort>41267 dst>fd10:62:100::2/21293 
18:43:20.918281 OFF flow>3493 srcPort>41267 dst>fd10:62:100::2/21293 
18:43:21.093194 SHUTDOWN flow>3494 srcPort>42555 dst>fd10:62:100::2/21294 
18:43:21.093526 OFF flow>3494 srcPort>42555 dst>fd10:62:100::2/21294 
18:43:21.294987 SHUTDOWN flow>3495 srcPort>43323 dst>fd10:62:100::2/21295 
18:43:21.295391 OFF flow>3495 srcPort>43323 dst>fd10:62:100::2/21295 
18:43:21.311083 SHUTDOWN flow>3496 srcPort>39871 dst>fd10:62:100::2/21296 
18:43:21.311424 OFF flow>3496 srcPort>39871 dst>fd10:62:100::2/21296 
18:43:21.542244 ON flow>3510 srcPort>35877 dst>fd10:62:100::2/21310 
18:43:21.542539 CONNECT flow>3510 srcPort>35877 dst>fd10:62:100::2/21310 
18:43:21.592767 ON flow>3511 srcPort>43513 dst>fd10:62:100::2/21311 
18:43:21.593002 CONNECT flow>3511 srcPort>43513 dst>fd10:62:100::2/21311 
18:43:21.620194 ON flow>3512 srcPort>44221 dst>fd10:62:100::2/21312 
18:43:21.620500 CONNECT flow>3512 srcPort>44221 dst>fd10:62:100::2/21312 
18:43:21.729159 ON flow>3513 srcPort>39443 dst>fd10:62:100::2/21313 
18:43:21.729479 CONNECT flow>3513 srcPort>39443 dst>fd10:62:100::2/21313 
18:43:21.986530 ON flow>3514 srcPort>36675 dst>fd10:62:100::2/21314 
18:43:21.986889 CONNECT flow>3514 srcPort>36675 dst>fd10:62:100::2/21314 
18:43:22.096188 ON flow>3515 srcPort>35413 dst>fd10:62:100::2/21315 
18:43:22.096482 CONNECT flow>3515 srcPort>35413 dst>fd10:62:100::2/21315 
18:43:22.248172 ON flow>3516 srcPort>43071 dst>fd10:62:100::2/21316 
18:43:22.248614 CONNECT flow>3516 srcPort>43071 dst>fd10:62:100::2/21316 
18:43:22.318063 ON flow>3517 srcPort>36703 dst>fd10:62:100::2/21317 
18:43:22.318327 CONNECT flow>3517 srcPort>36703 dst>fd10:62:100::2/21317 
18:43:22.409348 ON flow>3518 srcPort>43161 dst>fd10:62:100::2/21318 
18:43:22.409693 CONNECT flow>3518 srcPort>43161 dst>fd10:62:100::2/21318 
18:43:22.445909 SHUTDOWN flow>3497 srcPort>37005 dst>fd10:62:100::2/21297 
18:43:22.446314 OFF flow>3497 srcPort>37005 dst>fd10:62:100::2/21297 
18:43:22.464188 SHUTDOWN flow>3498 srcPort>33703 dst>fd10:62:100::2/21298 
18:43:22.464579 OFF flow>3498 srcPort>33703 dst>fd10:62:100::2/21298 
18:43:22.491926 SHUTDOWN flow>3499 srcPort>35021 dst>fd10:62:100::2/21299 
18:43:22.492400 OFF flow>3499 srcPort>35021 dst>fd10:62:100::2/21299 
18:43:22.512294 SHUTDOWN flow>3500 srcPort>43565 dst>fd10:62:100::2/21300 
18:43:22.512666 OFF flow>3500 srcPort>43565 dst>fd10:62:100::2/21300 
18:43:22.728803 SHUTDOWN flow>3501 srcPort>39497 dst>fd10:62:100::2/21301 
18:43:22.729216 OFF flow>3501 srcPort>39497 dst>fd10:62:100::2/21301 
18:43:22.738293 SHUTDOWN flow>3502 srcPort>43473 dst>fd10:62:100::2/21302 
18:43:22.738661 OFF flow>3502 srcPort>43473 dst>fd10:62:100::2/21302 
18:43:22.757502 SHUTDOWN flow>3503 srcPort>44735 dst>fd10:62:100::2/21303 
18:43:22.757992 OFF flow>3503 srcPort>44735 dst>fd10:62:100::2/21303 
18:43:22.850785 SHUTDOWN flow>3504 srcPort>35925 dst>fd10:62:100::2/21304 
18:43:22.851690 OFF flow>3504 srcPort>35925 dst>fd10:62:100::2/21304 
18:43:24.986891 SHUTDOWN flow>3505 srcPort>44141 dst>fd10:62:100::2/21305 
18:43:24.987407 OFF flow>3505 srcPort>44141 dst>fd10:62:100::2/21305 
18:43:25.047777 SHUTDOWN flow>3506 srcPort>44115 dst>fd10:62:100::2/21306 
18:43:25.048173 OFF flow>3506 srcPort>44115 dst>fd10:62:100::2/21306 
18:43:25.152700 SHUTDOWN flow>3507 srcPort>44821 dst>fd10:62:100::2/21307 
18:43:25.153097 OFF flow>3507 srcPort>44821 dst>fd10:62:100::2/21307 
18:43:25.243591 SHUTDOWN flow>3508 srcPort>44889 dst>fd10:62:100::2/21308 
18:43:25.243956 OFF flow>3508 srcPort>44889 dst>fd10:62:100::2/21308 
18:43:25.473285 SHUTDOWN flow>3509 srcPort>46063 dst>fd10:62:100::2/21309 
18:43:25.473717 OFF flow>3509 srcPort>46063 dst>fd10:62:100::2/21309 
18:43:26.246501 ON flow>3519 srcPort>35521 dst>fd10:62:100::2/21319 
18:43:26.246811 CONNECT flow>3519 srcPort>35521 dst>fd10:62:100::2/21319 
18:43:26.295184 ON flow>3520 srcPort>43901 dst>fd10:62:100::2/21320 
18:43:26.295499 CONNECT flow>3520 srcPort>43901 dst>fd10:62:100::2/21320 
18:43:26.342086 SHUTDOWN flow>3510 srcPort>35877 dst>fd10:62:100::2/21310 
18:43:26.342465 OFF flow>3510 srcPort>35877 dst>fd10:62:100::2/21310 
18:43:26.354840 ON flow>3521 srcPort>38289 dst>fd10:62:100::2/21321 
18:43:26.355095 CONNECT flow>3521 srcPort>38289 dst>fd10:62:100::2/21321 
18:43:26.366250 ON flow>3522 srcPort>39587 dst>fd10:62:100::2/21322 
18:43:26.366601 CONNECT flow>3522 srcPort>39587 dst>fd10:62:100::2/21322 
18:43:26.392693 SHUTDOWN flow>3511 srcPort>43513 dst>fd10:62:100::2/21311 
18:43:26.393017 OFF flow>3511 srcPort>43513 dst>fd10:62:100::2/21311 
18:43:26.420090 SHUTDOWN flow>3512 srcPort>44221 dst>fd10:62:100::2/21312 
18:43:26.420556 OFF flow>3512 srcPort>44221 dst>fd10:62:100::2/21312 
18:43:26.500266 ON flow>3523 srcPort>38929 dst>fd10:62:100::2/21323 
18:43:26.500560 CONNECT flow>3523 srcPort>38929 dst>fd10:62:100::2/21323 
18:43:26.528987 SHUTDOWN flow>3513 srcPort>39443 dst>fd10:62:100::2/21313 
18:43:26.529371 OFF flow>3513 srcPort>39443 dst>fd10:62:100::2/21313 
18:43:26.669352 ON flow>3524 srcPort>33751 dst>fd10:62:100::2/21324 
18:43:26.669670 CONNECT flow>3524 srcPort>33751 dst>fd10:62:100::2/21324 
18:43:26.746310 ON flow>3525 srcPort>46215 dst>fd10:62:100::2/21325 
18:43:26.746611 CONNECT flow>3525 srcPort>46215 dst>fd10:62:100::2/21325 
18:43:26.786302 SHUTDOWN flow>3514 srcPort>36675 dst>fd10:62:100::2/21314 
18:43:26.786656 OFF flow>3514 srcPort>36675 dst>fd10:62:100::2/21314 
18:43:26.896157 SHUTDOWN flow>3515 srcPort>35413 dst>fd10:62:100::2/21315 
18:43:26.896587 OFF flow>3515 srcPort>35413 dst>fd10:62:100::2/21315 
18:43:27.047995 SHUTDOWN flow>3516 srcPort>43071 dst>fd10:62:100::2/21316 
18:43:27.048386 OFF flow>3516 srcPort>43071 dst>fd10:62:100::2/21316 
18:43:27.118003 SHUTDOWN flow>3517 srcPort>36703 dst>fd10:62:100::2/21317 
18:43:27.118406 OFF flow>3517 srcPort>36703 dst>fd10:62:100::2/21317 
18:43:27.209230 SHUTDOWN flow>3518 srcPort>43161 dst>fd10:62:100::2/21318 
18:43:27.209641 OFF flow>3518 srcPort>43161 dst>fd10:62:100::2/21318 
18:43:27.544661 ON flow>3526 srcPort>42597 dst>fd10:62:100::2/21326 
18:43:27.544941 CONNECT flow>3526 srcPort>42597 dst>fd10:62:100::2/21326 
18:43:27.657704 ON flow>3527 srcPort>33663 dst>fd10:62:100::2/21327 
18:43:27.658023 CONNECT flow>3527 srcPort>33663 dst>fd10:62:100::2/21327 
18:43:27.688657 ON flow>3528 srcPort>33129 dst>fd10:62:100::2/21328 
18:43:27.688949 CONNECT flow>3528 srcPort>33129 dst>fd10:62:100::2/21328 
18:43:27.757818 ON flow>3529 srcPort>43603 dst>fd10:62:100::2/21329 
18:43:27.758108 CONNECT flow>3529 srcPort>43603 dst>fd10:62:100::2/21329 
18:43:29.785523 ON flow>3530 srcPort>34213 dst>fd10:62:100::2/21330 
18:43:29.785829 CONNECT flow>3530 srcPort>34213 dst>fd10:62:100::2/21330 
18:43:29.875087 ON flow>3531 srcPort>43663 dst>fd10:62:100::2/21331 
18:43:29.875359 CONNECT flow>3531 srcPort>43663 dst>fd10:62:100::2/21331 
18:43:30.821800 ON flow>3532 srcPort>46007 dst>fd10:62:100::2/21332 
18:43:30.822076 CONNECT flow>3532 srcPort>46007 dst>fd10:62:100::2/21332 
18:43:30.956296 ON flow>3533 srcPort>40499 dst>fd10:62:100::2/21333 
18:43:30.956566 CONNECT flow>3533 srcPort>40499 dst>fd10:62:100::2/21333 
18:43:31.004409 ON flow>3534 srcPort>38925 dst>fd10:62:100::2/21334 
18:43:31.004776 CONNECT flow>3534 srcPort>38925 dst>fd10:62:100::2/21334 
18:43:31.046397 SHUTDOWN flow>3519 srcPort>35521 dst>fd10:62:100::2/21319 
18:43:31.046881 OFF flow>3519 srcPort>35521 dst>fd10:62:100::2/21319 
18:43:31.095076 SHUTDOWN flow>3520 srcPort>43901 dst>fd10:62:100::2/21320 
18:43:31.095462 OFF flow>3520 srcPort>43901 dst>fd10:62:100::2/21320 
18:43:31.112256 ON flow>3535 srcPort>35193 dst>fd10:62:100::2/21335 
18:43:31.112627 CONNECT flow>3535 srcPort>35193 dst>fd10:62:100::2/21335 
18:43:31.154787 SHUTDOWN flow>3521 srcPort>38289 dst>fd10:62:100::2/21321 
18:43:31.155255 OFF flow>3521 srcPort>38289 dst>fd10:62:100::2/21321 
18:43:31.166178 SHUTDOWN flow>3522 srcPort>39587 dst>fd10:62:100::2/21322 
18:43:31.166519 OFF flow>3522 srcPort>39587 dst>fd10:62:100::2/21322 
18:43:31.300087 SHUTDOWN flow>3523 srcPort>38929 dst>fd10:62:100::2/21323 
18:43:31.300475 OFF flow>3523 srcPort>38929 dst>fd10:62:100::2/21323 
18:43:31.469194 SHUTDOWN flow>3524 srcPort>33751 dst>fd10:62:100::2/21324 
18:43:31.469709 OFF flow>3524 srcPort>33751 dst>fd10:62:100::2/21324 
18:43:31.546191 SHUTDOWN flow>3525 srcPort>46215 dst>fd10:62:100::2/21325 
18:43:31.546558 OFF flow>3525 srcPort>46215 dst>fd10:62:100::2/21325 
18:43:32.344491 SHUTDOWN flow>3526 srcPort>42597 dst>fd10:62:100::2/21326 
18:43:32.344923 OFF flow>3526 srcPort>42597 dst>fd10:62:100::2/21326 
18:43:32.457581 SHUTDOWN flow>3527 srcPort>33663 dst>fd10:62:100::2/21327 
18:43:32.458007 OFF flow>3527 srcPort>33663 dst>fd10:62:100::2/21327 
18:43:32.488588 SHUTDOWN flow>3528 srcPort>33129 dst>fd10:62:100::2/21328 
18:43:32.489325 OFF flow>3528 srcPort>33129 dst>fd10:62:100::2/21328 
18:43:32.557609 SHUTDOWN flow>3529 srcPort>43603 dst>fd10:62:100::2/21329 
18:43:32.558314 OFF flow>3529 srcPort>43603 dst>fd10:62:100::2/21329 
18:43:32.800067 ON flow>3536 srcPort>37307 dst>fd10:62:100::2/21336 
18:43:32.800356 CONNECT flow>3536 srcPort>37307 dst>fd10:62:100::2/21336 
18:43:32.822379 ON flow>3537 srcPort>44733 dst>fd10:62:100::2/21337 
18:43:32.822670 CONNECT flow>3537 srcPort>44733 dst>fd10:62:100::2/21337 
18:43:32.940664 ON flow>3538 srcPort>42277 dst>fd10:62:100::2/21338 
18:43:32.940969 CONNECT flow>3538 srcPort>42277 dst>fd10:62:100::2/21338 
18:43:32.949818 ON flow>3539 srcPort>37975 dst>fd10:62:100::2/21339 
18:43:32.950168 CONNECT flow>3539 srcPort>37975 dst>fd10:62:100::2/21339 
18:43:32.991264 ON flow>3540 srcPort>34127 dst>fd10:62:100::2/21340 
18:43:32.991547 CONNECT flow>3540 srcPort>34127 dst>fd10:62:100::2/21340 
18:43:33.006458 ON flow>3541 srcPort>40593 dst>fd10:62:100::2/21341 
18:43:33.006711 CONNECT flow>3541 srcPort>40593 dst>fd10:62:100::2/21341 
18:43:33.075776 ON flow>3542 srcPort>35241 dst>fd10:62:100::2/21342 
18:43:33.075997 CONNECT flow>3542 srcPort>35241 dst>fd10:62:100::2/21342 
18:43:33.094653 ON flow>3543 srcPort>40321 dst>fd10:62:100::2/21343 
18:43:33.094909 CONNECT flow>3543 srcPort>40321 dst>fd10:62:100::2/21343 
18:43:33.123582 ON flow>3544 srcPort>35613 dst>fd10:62:100::2/21344 
18:43:33.123881 CONNECT flow>3544 srcPort>35613 dst>fd10:62:100::2/21344 
18:43:33.133456 ON flow>3545 srcPort>42609 dst>fd10:62:100::2/21345 
18:43:33.133760 CONNECT flow>3545 srcPort>42609 dst>fd10:62:100::2/21345 
18:43:33.170773 ON flow>3546 srcPort>40439 dst>fd10:62:100::2/21346 
18:43:33.171050 CONNECT flow>3546 srcPort>40439 dst>fd10:62:100::2/21346 
18:43:33.193467 ON flow>3547 srcPort>46109 dst>fd10:62:100::2/21347 
18:43:33.193868 CONNECT flow>3547 srcPort>46109 dst>fd10:62:100::2/21347 
18:43:33.197933 ON flow>3548 srcPort>46813 dst>fd10:62:100::2/21348 
18:43:33.198193 CONNECT flow>3548 srcPort>46813 dst>fd10:62:100::2/21348 
18:43:33.228648 ON flow>3549 srcPort>42919 dst>fd10:62:100::2/21349 
18:43:33.228954 CONNECT flow>3549 srcPort>42919 dst>fd10:62:100::2/21349 
18:43:33.289773 ON flow>3550 srcPort>41067 dst>fd10:62:100::2/21350 
18:43:33.290078 CONNECT flow>3550 srcPort>41067 dst>fd10:62:100::2/21350 
18:43:33.292344 ON flow>3551 srcPort>40639 dst>fd10:62:100::2/21351 
18:43:33.292629 CONNECT flow>3551 srcPort>40639 dst>fd10:62:100::2/21351 
18:43:33.305633 ON flow>3552 srcPort>33679 dst>fd10:62:100::2/21352 
18:43:33.305959 CONNECT flow>3552 srcPort>33679 dst>fd10:62:100::2/21352 
18:43:33.341203 ON flow>3553 srcPort>33361 dst>fd10:62:100::2/21353 
18:43:33.341458 CONNECT flow>3553 srcPort>33361 dst>fd10:62:100::2/21353 
18:43:33.421761 ON flow>3554 srcPort>42225 dst>fd10:62:100::2/21354 
18:43:33.422179 CONNECT flow>3554 srcPort>42225 dst>fd10:62:100::2/21354 
18:43:33.448171 ON flow>3555 srcPort>35615 dst>fd10:62:100::2/21355 
18:43:33.448484 CONNECT flow>3555 srcPort>35615 dst>fd10:62:100::2/21355 
18:43:33.474055 ON flow>3556 srcPort>40885 dst>fd10:62:100::2/21356 
18:43:33.474315 CONNECT flow>3556 srcPort>40885 dst>fd10:62:100::2/21356 
18:43:33.478962 ON flow>3557 srcPort>34449 dst>fd10:62:100::2/21357 
18:43:33.479253 CONNECT flow>3557 srcPort>34449 dst>fd10:62:100::2/21357 
18:43:33.592295 ON flow>3558 srcPort>38777 dst>fd10:62:100::2/21358 
18:43:33.592716 CONNECT flow>3558 srcPort>38777 dst>fd10:62:100::2/21358 
18:43:33.640669 ON flow>3559 srcPort>43811 dst>fd10:62:100::2/21359 
18:43:33.641323 CONNECT flow>3559 srcPort>43811 dst>fd10:62:100::2/21359 
18:43:33.837529 ON flow>3560 srcPort>34415 dst>fd10:62:100::2/21360 
18:43:33.837826 CONNECT flow>3560 srcPort>34415 dst>fd10:62:100::2/21360 
18:43:33.931977 ON flow>3561 srcPort>38317 dst>fd10:62:100::2/21361 
18:43:33.932260 CONNECT flow>3561 srcPort>38317 dst>fd10:62:100::2/21361 
18:43:33.996216 ON flow>3562 srcPort>34905 dst>fd10:62:100::2/21362 
18:43:33.996503 CONNECT flow>3562 srcPort>34905 dst>fd10:62:100::2/21362 
18:43:34.122971 ON flow>3563 srcPort>45321 dst>fd10:62:100::2/21363 
18:43:34.123255 CONNECT flow>3563 srcPort>45321 dst>fd10:62:100::2/21363 
18:43:34.585316 SHUTDOWN flow>3530 srcPort>34213 dst>fd10:62:100::2/21330 
18:43:34.585729 OFF flow>3530 srcPort>34213 dst>fd10:62:100::2/21330 
18:43:34.675016 SHUTDOWN flow>3531 srcPort>43663 dst>fd10:62:100::2/21331 
18:43:34.675371 OFF flow>3531 srcPort>43663 dst>fd10:62:100::2/21331 
18:43:35.176099 ON flow>3564 srcPort>43987 dst>fd10:62:100::2/21364 
18:43:35.176450 CONNECT flow>3564 srcPort>43987 dst>fd10:62:100::2/21364 
18:43:35.245582 ON flow>3565 srcPort>34633 dst>fd10:62:100::2/21365 
18:43:35.245964 CONNECT flow>3565 srcPort>34633 dst>fd10:62:100::2/21365 
18:43:35.282878 ON flow>3566 srcPort>33823 dst>fd10:62:100::2/21366 
18:43:35.283157 CONNECT flow>3566 srcPort>33823 dst>fd10:62:100::2/21366 
18:43:35.290372 ON flow>3567 srcPort>36417 dst>fd10:62:100::2/21367 
18:43:35.290650 CONNECT flow>3567 srcPort>36417 dst>fd10:62:100::2/21367 
18:43:35.329478 ON flow>3568 srcPort>38555 dst>fd10:62:100::2/21368 
18:43:35.329773 CONNECT flow>3568 srcPort>38555 dst>fd10:62:100::2/21368 
18:43:35.597217 ON flow>3569 srcPort>40259 dst>fd10:62:100::2/21369 
18:43:35.597488 CONNECT flow>3569 srcPort>40259 dst>fd10:62:100::2/21369 
18:43:35.621722 SHUTDOWN flow>3532 srcPort>46007 dst>fd10:62:100::2/21332 
18:43:35.622210 OFF flow>3532 srcPort>46007 dst>fd10:62:100::2/21332 
18:43:35.756199 SHUTDOWN flow>3533 srcPort>40499 dst>fd10:62:100::2/21333 
18:43:35.756610 OFF flow>3533 srcPort>40499 dst>fd10:62:100::2/21333 
18:43:35.804310 SHUTDOWN flow>3534 srcPort>38925 dst>fd10:62:100::2/21334 
18:43:35.804649 OFF flow>3534 srcPort>38925 dst>fd10:62:100::2/21334 
18:43:35.912243 SHUTDOWN flow>3535 srcPort>35193 dst>fd10:62:100::2/21335 
18:43:35.912674 OFF flow>3535 srcPort>35193 dst>fd10:62:100::2/21335 
18:43:36.206924 ON flow>3570 srcPort>45007 dst>fd10:62:100::2/21370 
18:43:36.207266 CONNECT flow>3570 srcPort>45007 dst>fd10:62:100::2/21370 
18:43:36.235998 ON flow>3571 srcPort>32883 dst>fd10:62:100::2/21371 
18:43:36.236341 CONNECT flow>3571 srcPort>32883 dst>fd10:62:100::2/21371 
18:43:36.265203 ON flow>3572 srcPort>34177 dst>fd10:62:100::2/21372 
18:43:36.265456 CONNECT flow>3572 srcPort>34177 dst>fd10:62:100::2/21372 
18:43:36.513834 ON flow>3573 srcPort>34781 dst>fd10:62:100::2/21373 
18:43:36.514126 CONNECT flow>3573 srcPort>34781 dst>fd10:62:100::2/21373 
18:43:36.557359 ON flow>3574 srcPort>36097 dst>fd10:62:100::2/21374 
18:43:36.557730 CONNECT flow>3574 srcPort>36097 dst>fd10:62:100::2/21374 
18:43:36.570003 ON flow>3575 srcPort>43279 dst>fd10:62:100::2/21375 
18:43:36.570346 CONNECT flow>3575 srcPort>43279 dst>fd10:62:100::2/21375 
18:43:36.619039 ON flow>3576 srcPort>41387 dst>fd10:62:100::2/21376 
18:43:36.619310 CONNECT flow>3576 srcPort>41387 dst>fd10:62:100::2/21376 
18:43:37.474798 ON flow>3577 srcPort>33613 dst>fd10:62:100::2/21377 
18:43:37.475097 CONNECT flow>3577 srcPort>33613 dst>fd10:62:100::2/21377 
18:43:37.599903 SHUTDOWN flow>3536 srcPort>37307 dst>fd10:62:100::2/21336 
18:43:37.600302 OFF flow>3536 srcPort>37307 dst>fd10:62:100::2/21336 
18:43:37.622299 SHUTDOWN flow>3537 srcPort>44733 dst>fd10:62:100::2/21337 
18:43:37.622662 OFF flow>3537 srcPort>44733 dst>fd10:62:100::2/21337 
18:43:37.695128 ON flow>3578 srcPort>41203 dst>fd10:62:100::2/21378 
18:43:37.695840 CONNECT flow>3578 srcPort>41203 dst>fd10:62:100::2/21378 
18:43:37.740607 SHUTDOWN flow>3538 srcPort>42277 dst>fd10:62:100::2/21338 
18:43:37.740973 OFF flow>3538 srcPort>42277 dst>fd10:62:100::2/21338 
18:43:37.749694 SHUTDOWN flow>3539 srcPort>37975 dst>fd10:62:100::2/21339 
18:43:37.750066 OFF flow>3539 srcPort>37975 dst>fd10:62:100::2/21339 
18:43:37.791225 SHUTDOWN flow>3540 srcPort>34127 dst>fd10:62:100::2/21340 
18:43:37.791586 OFF flow>3540 srcPort>34127 dst>fd10:62:100::2/21340 
18:43:37.806395 SHUTDOWN flow>3541 srcPort>40593 dst>fd10:62:100::2/21341 
18:43:37.806729 OFF flow>3541 srcPort>40593 dst>fd10:62:100::2/21341 
18:43:37.875702 SHUTDOWN flow>3542 srcPort>35241 dst>fd10:62:100::2/21342 
18:43:37.876056 OFF flow>3542 srcPort>35241 dst>fd10:62:100::2/21342 
18:43:37.894602 SHUTDOWN flow>3543 srcPort>40321 dst>fd10:62:100::2/21343 
18:43:37.894957 OFF flow>3543 srcPort>40321 dst>fd10:62:100::2/21343 
18:43:37.923503 SHUTDOWN flow>3544 srcPort>35613 dst>fd10:62:100::2/21344 
18:43:37.923862 OFF flow>3544 srcPort>35613 dst>fd10:62:100::2/21344 
18:43:37.933423 SHUTDOWN flow>3545 srcPort>42609 dst>fd10:62:100::2/21345 
18:43:37.933765 OFF flow>3545 srcPort>42609 dst>fd10:62:100::2/21345 
18:43:37.970711 SHUTDOWN flow>3546 srcPort>40439 dst>fd10:62:100::2/21346 
18:43:37.971202 OFF flow>3546 srcPort>40439 dst>fd10:62:100::2/21346 
18:43:37.993410 SHUTDOWN flow>3547 srcPort>46109 dst>fd10:62:100::2/21347 
18:43:37.993760 OFF flow>3547 srcPort>46109 dst>fd10:62:100::2/21347 
18:43:37.997876 SHUTDOWN flow>3548 srcPort>46813 dst>fd10:62:100::2/21348 
18:43:37.998180 OFF flow>3548 srcPort>46813 dst>fd10:62:100::2/21348 
18:43:38.028311 SHUTDOWN flow>3549 srcPort>42919 dst>fd10:62:100::2/21349 
18:43:38.028698 OFF flow>3549 srcPort>42919 dst>fd10:62:100::2/21349 
18:43:38.089607 SHUTDOWN flow>3550 srcPort>41067 dst>fd10:62:100::2/21350 
18:43:38.090058 OFF flow>3550 srcPort>41067 dst>fd10:62:100::2/21350 
18:43:38.092292 SHUTDOWN flow>3551 srcPort>40639 dst>fd10:62:100::2/21351 
18:43:38.092614 OFF flow>3551 srcPort>40639 dst>fd10:62:100::2/21351 
18:43:38.105498 SHUTDOWN flow>3552 srcPort>33679 dst>fd10:62:100::2/21352 
18:43:38.105880 OFF flow>3552 srcPort>33679 dst>fd10:62:100::2/21352 
18:43:38.140995 SHUTDOWN flow>3553 srcPort>33361 dst>fd10:62:100::2/21353 
18:43:38.141405 OFF flow>3553 srcPort>33361 dst>fd10:62:100::2/21353 
18:43:38.221511 SHUTDOWN flow>3554 srcPort>42225 dst>fd10:62:100::2/21354 
18:43:38.221879 OFF flow>3554 srcPort>42225 dst>fd10:62:100::2/21354 
18:43:38.248108 SHUTDOWN flow>3555 srcPort>35615 dst>fd10:62:100::2/21355 
18:43:38.248567 OFF flow>3555 srcPort>35615 dst>fd10:62:100::2/21355 
18:43:38.274019 SHUTDOWN flow>3556 srcPort>40885 dst>fd10:62:100::2/21356 
18:43:38.274462 OFF flow>3556 srcPort>40885 dst>fd10:62:100::2/21356 
18:43:38.278897 SHUTDOWN flow>3557 srcPort>34449 dst>fd10:62:100::2/21357 
18:43:38.279264 OFF flow>3557 srcPort>34449 dst>fd10:62:100::2/21357 
18:43:38.392216 SHUTDOWN flow>3558 srcPort>38777 dst>fd10:62:100::2/21358 
18:43:38.392578 OFF flow>3558 srcPort>38777 dst>fd10:62:100::2/21358 
18:43:38.440611 SHUTDOWN flow>3559 srcPort>43811 dst>fd10:62:100::2/21359 
18:43:38.441007 OFF flow>3559 srcPort>43811 dst>fd10:62:100::2/21359 
18:43:38.637419 SHUTDOWN flow>3560 srcPort>34415 dst>fd10:62:100::2/21360 
18:43:38.637890 OFF flow>3560 srcPort>34415 dst>fd10:62:100::2/21360 
18:43:38.731908 SHUTDOWN flow>3561 srcPort>38317 dst>fd10:62:100::2/21361 
18:43:38.732285 OFF flow>3561 srcPort>38317 dst>fd10:62:100::2/21361 
18:43:38.796108 SHUTDOWN flow>3562 srcPort>34905 dst>fd10:62:100::2/21362 
18:43:38.796475 OFF flow>3562 srcPort>34905 dst>fd10:62:100::2/21362 
18:43:38.922911 SHUTDOWN flow>3563 srcPort>45321 dst>fd10:62:100::2/21363 
18:43:38.923347 OFF flow>3563 srcPort>45321 dst>fd10:62:100::2/21363 
18:43:39.376694 ON flow>3579 srcPort>42625 dst>fd10:62:100::2/21379 
18:43:39.376964 CONNECT flow>3579 srcPort>42625 dst>fd10:62:100::2/21379 
18:43:39.388868 ON flow>3580 srcPort>46187 dst>fd10:62:100::2/21380 
18:43:39.389152 CONNECT flow>3580 srcPort>46187 dst>fd10:62:100::2/21380 
18:43:39.412196 ON flow>3581 srcPort>42111 dst>fd10:62:100::2/21381 
18:43:39.412451 CONNECT flow>3581 srcPort>42111 dst>fd10:62:100::2/21381 
18:43:39.418009 ON flow>3582 srcPort>38565 dst>fd10:62:100::2/21382 
18:43:39.418331 CONNECT flow>3582 srcPort>38565 dst>fd10:62:100::2/21382 
18:43:39.857847 ON flow>3583 srcPort>38249 dst>fd10:62:100::2/21383 
18:43:39.858172 CONNECT flow>3583 srcPort>38249 dst>fd10:62:100::2/21383 
18:43:39.976001 SHUTDOWN flow>3564 srcPort>43987 dst>fd10:62:100::2/21364 
18:43:39.976385 OFF flow>3564 srcPort>43987 dst>fd10:62:100::2/21364 
18:43:40.045411 SHUTDOWN flow>3565 srcPort>34633 dst>fd10:62:100::2/21365 
18:43:40.045879 OFF flow>3565 srcPort>34633 dst>fd10:62:100::2/21365 
18:43:40.082808 SHUTDOWN flow>3566 srcPort>33823 dst>fd10:62:100::2/21366 
18:43:40.083187 OFF flow>3566 srcPort>33823 dst>fd10:62:100::2/21366 
18:43:40.090305 SHUTDOWN flow>3567 srcPort>36417 dst>fd10:62:100::2/21367 
18:43:40.090708 OFF flow>3567 srcPort>36417 dst>fd10:62:100::2/21367 
18:43:40.129417 SHUTDOWN flow>3568 srcPort>38555 dst>fd10:62:100::2/21368 
18:43:40.129826 OFF flow>3568 srcPort>38555 dst>fd10:62:100::2/21368 
18:43:40.194324 ON flow>3584 srcPort>40081 dst>fd10:62:100::2/21384 
18:43:40.194613 CONNECT flow>3584 srcPort>40081 dst>fd10:62:100::2/21384 
18:43:40.211110 ON flow>3585 srcPort>35997 dst>fd10:62:100::2/21385 
18:43:40.211475 CONNECT flow>3585 srcPort>35997 dst>fd10:62:100::2/21385 
18:43:40.271593 ON flow>3586 srcPort>44425 dst>fd10:62:100::2/21386 
18:43:40.271874 CONNECT flow>3586 srcPort>44425 dst>fd10:62:100::2/21386 
18:43:40.336657 ON flow>3587 srcPort>35135 dst>fd10:62:100::2/21387 
18:43:40.337040 CONNECT flow>3587 srcPort>35135 dst>fd10:62:100::2/21387 
18:43:40.377484 ON flow>3588 srcPort>34317 dst>fd10:62:100::2/21388 
18:43:40.377784 CONNECT flow>3588 srcPort>34317 dst>fd10:62:100::2/21388 
18:43:40.397108 SHUTDOWN flow>3569 srcPort>40259 dst>fd10:62:100::2/21369 
18:43:40.397522 OFF flow>3569 srcPort>40259 dst>fd10:62:100::2/21369 
18:43:40.425997 ON flow>3589 srcPort>34131 dst>fd10:62:100::2/21389 
18:43:40.426300 CONNECT flow>3589 srcPort>34131 dst>fd10:62:100::2/21389 
18:43:40.454228 ON flow>3590 srcPort>41323 dst>fd10:62:100::2/21390 
18:43:40.454552 CONNECT flow>3590 srcPort>41323 dst>fd10:62:100::2/21390 
18:43:40.537207 ON flow>3591 srcPort>38825 dst>fd10:62:100::2/21391 
18:43:40.537449 CONNECT flow>3591 srcPort>38825 dst>fd10:62:100::2/21391 
18:43:40.783756 ON flow>3592 srcPort>45979 dst>fd10:62:100::2/21392 
18:43:40.784060 CONNECT flow>3592 srcPort>45979 dst>fd10:62:100::2/21392 
18:43:41.006712 SHUTDOWN flow>3570 srcPort>45007 dst>fd10:62:100::2/21370 
18:43:41.007091 OFF flow>3570 srcPort>45007 dst>fd10:62:100::2/21370 
18:43:41.035923 SHUTDOWN flow>3571 srcPort>32883 dst>fd10:62:100::2/21371 
18:43:41.036399 OFF flow>3571 srcPort>32883 dst>fd10:62:100::2/21371 
18:43:41.065122 SHUTDOWN flow>3572 srcPort>34177 dst>fd10:62:100::2/21372 
18:43:41.065477 OFF flow>3572 srcPort>34177 dst>fd10:62:100::2/21372 
18:43:41.313711 SHUTDOWN flow>3573 srcPort>34781 dst>fd10:62:100::2/21373 
18:43:41.314094 OFF flow>3573 srcPort>34781 dst>fd10:62:100::2/21373 
18:43:41.357010 SHUTDOWN flow>3574 srcPort>36097 dst>fd10:62:100::2/21374 
18:43:41.357371 OFF flow>3574 srcPort>36097 dst>fd10:62:100::2/21374 
18:43:41.369902 SHUTDOWN flow>3575 srcPort>43279 dst>fd10:62:100::2/21375 
18:43:41.370254 OFF flow>3575 srcPort>43279 dst>fd10:62:100::2/21375 
18:43:41.418917 SHUTDOWN flow>3576 srcPort>41387 dst>fd10:62:100::2/21376 
18:43:41.419373 OFF flow>3576 srcPort>41387 dst>fd10:62:100::2/21376 
18:43:42.274619 SHUTDOWN flow>3577 srcPort>33613 dst>fd10:62:100::2/21377 
18:43:42.275033 OFF flow>3577 srcPort>33613 dst>fd10:62:100::2/21377 
18:43:42.495005 SHUTDOWN flow>3578 srcPort>41203 dst>fd10:62:100::2/21378 
18:43:42.495432 OFF flow>3578 srcPort>41203 dst>fd10:62:100::2/21378 
18:43:43.196611 ON flow>3593 srcPort>38903 dst>fd10:62:100::2/21393 
18:43:43.196974 CONNECT flow>3593 srcPort>38903 dst>fd10:62:100::2/21393 
18:43:43.197799 ON flow>3594 srcPort>36495 dst>fd10:62:100::2/21394 
18:43:43.198078 CONNECT flow>3594 srcPort>36495 dst>fd10:62:100::2/21394 
18:43:43.324906 ON flow>3595 srcPort>32843 dst>fd10:62:100::2/21395 
18:43:43.325210 CONNECT flow>3595 srcPort>32843 dst>fd10:62:100::2/21395 
18:43:43.461126 ON flow>3596 srcPort>37845 dst>fd10:62:100::2/21396 
18:43:43.461416 CONNECT flow>3596 srcPort>37845 dst>fd10:62:100::2/21396 
18:43:43.489788 ON flow>3597 srcPort>40473 dst>fd10:62:100::2/21397 
18:43:43.490087 CONNECT flow>3597 srcPort>40473 dst>fd10:62:100::2/21397 
18:43:43.494672 ON flow>3598 srcPort>37557 dst>fd10:62:100::2/21398 
18:43:43.495021 CONNECT flow>3598 srcPort>37557 dst>fd10:62:100::2/21398 
18:43:43.526435 ON flow>3599 srcPort>36349 dst>fd10:62:100::2/21399 
18:43:43.526703 CONNECT flow>3599 srcPort>36349 dst>fd10:62:100::2/21399 
18:43:43.533304 ON flow>3600 srcPort>40645 dst>fd10:62:100::2/21400 
18:43:43.533582 CONNECT flow>3600 srcPort>40645 dst>fd10:62:100::2/21400 
18:43:43.540081 ON flow>3601 srcPort>45417 dst>fd10:62:100::2/21401 
18:43:43.540566 CONNECT flow>3601 srcPort>45417 dst>fd10:62:100::2/21401 
18:43:43.604212 ON flow>3602 srcPort>44969 dst>fd10:62:100::2/21402 
18:43:43.604511 CONNECT flow>3602 srcPort>44969 dst>fd10:62:100::2/21402 
18:43:43.638992 ON flow>3603 srcPort>39865 dst>fd10:62:100::2/21403 
18:43:43.639241 CONNECT flow>3603 srcPort>39865 dst>fd10:62:100::2/21403 
18:43:43.767320 ON flow>3604 srcPort>42965 dst>fd10:62:100::2/21404 
18:43:43.767658 CONNECT flow>3604 srcPort>42965 dst>fd10:62:100::2/21404 
18:43:43.797722 ON flow>3605 srcPort>40565 dst>fd10:62:100::2/21405 
18:43:43.798023 CONNECT flow>3605 srcPort>40565 dst>fd10:62:100::2/21405 
18:43:43.815118 ON flow>3606 srcPort>37175 dst>fd10:62:100::2/21406 
18:43:43.815449 CONNECT flow>3606 srcPort>37175 dst>fd10:62:100::2/21406 
18:43:43.856993 ON flow>3607 srcPort>41953 dst>fd10:62:100::2/21407 
18:43:43.857305 CONNECT flow>3607 srcPort>41953 dst>fd10:62:100::2/21407 
18:43:44.176495 SHUTDOWN flow>3579 srcPort>42625 dst>fd10:62:100::2/21379 
18:43:44.177003 OFF flow>3579 srcPort>42625 dst>fd10:62:100::2/21379 
18:43:44.188802 SHUTDOWN flow>3580 srcPort>46187 dst>fd10:62:100::2/21380 
18:43:44.189207 OFF flow>3580 srcPort>46187 dst>fd10:62:100::2/21380 
18:43:44.212116 SHUTDOWN flow>3581 srcPort>42111 dst>fd10:62:100::2/21381 
18:43:44.212965 OFF flow>3581 srcPort>42111 dst>fd10:62:100::2/21381 
18:43:44.217897 SHUTDOWN flow>3582 srcPort>38565 dst>fd10:62:100::2/21382 
18:43:44.218326 OFF flow>3582 srcPort>38565 dst>fd10:62:100::2/21382 
18:43:44.599854 ON flow>3608 srcPort>46359 dst>fd10:62:100::2/21408 
18:43:44.600188 CONNECT flow>3608 srcPort>46359 dst>fd10:62:100::2/21408 
18:43:44.657707 SHUTDOWN flow>3583 srcPort>38249 dst>fd10:62:100::2/21383 
18:43:44.658054 OFF flow>3583 srcPort>38249 dst>fd10:62:100::2/21383 
18:43:44.707943 ON flow>3609 srcPort>39949 dst>fd10:62:100::2/21409 
18:43:44.708199 CONNECT flow>3609 srcPort>39949 dst>fd10:62:100::2/21409 
18:43:44.748016 ON flow>3610 srcPort>44183 dst>fd10:62:100::2/21410 
18:43:44.748356 CONNECT flow>3610 srcPort>44183 dst>fd10:62:100::2/21410 
18:43:44.776589 ON flow>3611 srcPort>45411 dst>fd10:62:100::2/21411 
18:43:44.776886 CONNECT flow>3611 srcPort>45411 dst>fd10:62:100::2/21411 
18:43:44.808119 ON flow>3612 srcPort>37197 dst>fd10:62:100::2/21412 
18:43:44.808455 CONNECT flow>3612 srcPort>37197 dst>fd10:62:100::2/21412 
18:43:44.886704 ON flow>3613 srcPort>32997 dst>fd10:62:100::2/21413 
18:43:44.886999 CONNECT flow>3613 srcPort>32997 dst>fd10:62:100::2/21413 
18:43:44.994122 SHUTDOWN flow>3584 srcPort>40081 dst>fd10:62:100::2/21384 
18:43:44.994508 OFF flow>3584 srcPort>40081 dst>fd10:62:100::2/21384 
18:43:45.010911 SHUTDOWN flow>3585 srcPort>35997 dst>fd10:62:100::2/21385 
18:43:45.011353 OFF flow>3585 srcPort>35997 dst>fd10:62:100::2/21385 
18:43:45.071505 SHUTDOWN flow>3586 srcPort>44425 dst>fd10:62:100::2/21386 
18:43:45.071963 OFF flow>3586 srcPort>44425 dst>fd10:62:100::2/21386 
18:43:45.075019 ON flow>3614 srcPort>36095 dst>fd10:62:100::2/21414 
18:43:45.075290 CONNECT flow>3614 srcPort>36095 dst>fd10:62:100::2/21414 
18:43:45.136509 SHUTDOWN flow>3587 srcPort>35135 dst>fd10:62:100::2/21387 
18:43:45.136907 OFF flow>3587 srcPort>35135 dst>fd10:62:100::2/21387 
18:43:45.145303 ON flow>3615 srcPort>46759 dst>fd10:62:100::2/21415 
18:43:45.145561 CONNECT flow>3615 srcPort>46759 dst>fd10:62:100::2/21415 
18:43:45.161026 ON flow>3616 srcPort>44729 dst>fd10:62:100::2/21416 
18:43:45.161669 CONNECT flow>3616 srcPort>44729 dst>fd10:62:100::2/21416 
18:43:45.169720 ON flow>3617 srcPort>41063 dst>fd10:62:100::2/21417 
18:43:45.170033 CONNECT flow>3617 srcPort>41063 dst>fd10:62:100::2/21417 
18:43:45.177408 SHUTDOWN flow>3588 srcPort>34317 dst>fd10:62:100::2/21388 
18:43:45.177764 OFF flow>3588 srcPort>34317 dst>fd10:62:100::2/21388 
18:43:45.178002 ON flow>3618 srcPort>39023 dst>fd10:62:100::2/21418 
18:43:45.178480 CONNECT flow>3618 srcPort>39023 dst>fd10:62:100::2/21418 
18:43:45.225640 ON flow>3619 srcPort>34301 dst>fd10:62:100::2/21419 
18:43:45.225912 SHUTDOWN flow>3589 srcPort>34131 dst>fd10:62:100::2/21389 
18:43:45.225944 CONNECT flow>3619 srcPort>34301 dst>fd10:62:100::2/21419 
18:43:45.226369 OFF flow>3589 srcPort>34131 dst>fd10:62:100::2/21389 
18:43:45.254118 SHUTDOWN flow>3590 srcPort>41323 dst>fd10:62:100::2/21390 
18:43:45.254522 OFF flow>3590 srcPort>41323 dst>fd10:62:100::2/21390 
18:43:45.260103 ON flow>3620 srcPort>38557 dst>fd10:62:100::2/21420 
18:43:45.260401 CONNECT flow>3620 srcPort>38557 dst>fd10:62:100::2/21420 
18:43:45.337114 SHUTDOWN flow>3591 srcPort>38825 dst>fd10:62:100::2/21391 
18:43:45.337524 OFF flow>3591 srcPort>38825 dst>fd10:62:100::2/21391 
18:43:45.452864 ON flow>3621 srcPort>38347 dst>fd10:62:100::2/21421 
18:43:45.453160 CONNECT flow>3621 srcPort>38347 dst>fd10:62:100::2/21421 
18:43:45.502597 ON flow>3622 srcPort>37921 dst>fd10:62:100::2/21422 
18:43:45.502892 CONNECT flow>3622 srcPort>37921 dst>fd10:62:100::2/21422 
18:43:45.583676 SHUTDOWN flow>3592 srcPort>45979 dst>fd10:62:100::2/21392 
18:43:45.584062 OFF flow>3592 srcPort>45979 dst>fd10:62:100::2/21392 
18:43:46.069869 ON flow>3623 srcPort>45457 dst>fd10:62:100::2/21423 
18:43:46.070196 CONNECT flow>3623 srcPort>45457 dst>fd10:62:100::2/21423 
18:43:47.624153 ON flow>3624 srcPort>40453 dst>fd10:62:100::2/21424 
18:43:47.624584 CONNECT flow>3624 srcPort>40453 dst>fd10:62:100::2/21424 
18:43:47.654620 ON flow>3625 srcPort>38061 dst>fd10:62:100::2/21425 
18:43:47.654943 CONNECT flow>3625 srcPort>38061 dst>fd10:62:100::2/21425 
18:43:47.956294 ON flow>3626 srcPort>40551 dst>fd10:62:100::2/21426 
18:43:47.956651 CONNECT flow>3626 srcPort>40551 dst>fd10:62:100::2/21426 
18:43:47.972774 ON flow>3627 srcPort>37779 dst>fd10:62:100::2/21427 
18:43:47.973104 CONNECT flow>3627 srcPort>37779 dst>fd10:62:100::2/21427 
18:43:47.996418 SHUTDOWN flow>3593 srcPort>38903 dst>fd10:62:100::2/21393 
18:43:47.996846 OFF flow>3593 srcPort>38903 dst>fd10:62:100::2/21393 
18:43:47.997704 SHUTDOWN flow>3594 srcPort>36495 dst>fd10:62:100::2/21394 
18:43:47.998042 OFF flow>3594 srcPort>36495 dst>fd10:62:100::2/21394 
18:43:48.023216 ON flow>3628 srcPort>37543 dst>fd10:62:100::2/21428 
18:43:48.023567 CONNECT flow>3628 srcPort>37543 dst>fd10:62:100::2/21428 
18:43:48.037003 ON flow>3629 srcPort>35003 dst>fd10:62:100::2/21429 
18:43:48.037301 CONNECT flow>3629 srcPort>35003 dst>fd10:62:100::2/21429 
18:43:48.089720 ON flow>3630 srcPort>42421 dst>fd10:62:100::2/21430 
18:43:48.090173 CONNECT flow>3630 srcPort>42421 dst>fd10:62:100::2/21430 
18:43:48.116619 ON flow>3631 srcPort>38743 dst>fd10:62:100::2/21431 
18:43:48.116934 CONNECT flow>3631 srcPort>38743 dst>fd10:62:100::2/21431 
18:43:48.124960 SHUTDOWN flow>3595 srcPort>32843 dst>fd10:62:100::2/21395 
18:43:48.125369 OFF flow>3595 srcPort>32843 dst>fd10:62:100::2/21395 
18:43:48.186817 ON flow>3632 srcPort>33479 dst>fd10:62:100::2/21432 
18:43:48.187164 CONNECT flow>3632 srcPort>33479 dst>fd10:62:100::2/21432 
18:43:48.261016 SHUTDOWN flow>3596 srcPort>37845 dst>fd10:62:100::2/21396 
18:43:48.261411 OFF flow>3596 srcPort>37845 dst>fd10:62:100::2/21396 
18:43:48.289715 SHUTDOWN flow>3597 srcPort>40473 dst>fd10:62:100::2/21397 
18:43:48.290155 OFF flow>3597 srcPort>40473 dst>fd10:62:100::2/21397 
18:43:48.294624 SHUTDOWN flow>3598 srcPort>37557 dst>fd10:62:100::2/21398 
18:43:48.294982 OFF flow>3598 srcPort>37557 dst>fd10:62:100::2/21398 
18:43:48.326315 SHUTDOWN flow>3599 srcPort>36349 dst>fd10:62:100::2/21399 
18:43:48.326690 OFF flow>3599 srcPort>36349 dst>fd10:62:100::2/21399 
18:43:48.333225 SHUTDOWN flow>3600 srcPort>40645 dst>fd10:62:100::2/21400 
18:43:48.333862 OFF flow>3600 srcPort>40645 dst>fd10:62:100::2/21400 
18:43:48.337852 ON flow>3633 srcPort>42753 dst>fd10:62:100::2/21433 
18:43:48.338113 CONNECT flow>3633 srcPort>42753 dst>fd10:62:100::2/21433 
18:43:48.340018 SHUTDOWN flow>3601 srcPort>45417 dst>fd10:62:100::2/21401 
18:43:48.340371 OFF flow>3601 srcPort>45417 dst>fd10:62:100::2/21401 
18:43:48.404125 SHUTDOWN flow>3602 srcPort>44969 dst>fd10:62:100::2/21402 
18:43:48.404471 OFF flow>3602 srcPort>44969 dst>fd10:62:100::2/21402 
18:43:48.438977 SHUTDOWN flow>3603 srcPort>39865 dst>fd10:62:100::2/21403 
18:43:48.439344 OFF flow>3603 srcPort>39865 dst>fd10:62:100::2/21403 
18:43:48.567242 SHUTDOWN flow>3604 srcPort>42965 dst>fd10:62:100::2/21404 
18:43:48.567602 OFF flow>3604 srcPort>42965 dst>fd10:62:100::2/21404 
18:43:48.569423 ON flow>3634 srcPort>38413 dst>fd10:62:100::2/21434 
18:43:48.569753 CONNECT flow>3634 srcPort>38413 dst>fd10:62:100::2/21434 
18:43:48.597631 SHUTDOWN flow>3605 srcPort>40565 dst>fd10:62:100::2/21405 
18:43:48.598067 OFF flow>3605 srcPort>40565 dst>fd10:62:100::2/21405 
18:43:48.615029 SHUTDOWN flow>3606 srcPort>37175 dst>fd10:62:100::2/21406 
18:43:48.615540 OFF flow>3606 srcPort>37175 dst>fd10:62:100::2/21406 
18:43:48.622927 ON flow>3635 srcPort>40039 dst>fd10:62:100::2/21435 
18:43:48.623216 CONNECT flow>3635 srcPort>40039 dst>fd10:62:100::2/21435 
18:43:48.642590 ON flow>3636 srcPort>44677 dst>fd10:62:100::2/21436 
18:43:48.642903 CONNECT flow>3636 srcPort>44677 dst>fd10:62:100::2/21436 
18:43:48.656944 SHUTDOWN flow>3607 srcPort>41953 dst>fd10:62:100::2/21407 
18:43:48.657358 OFF flow>3607 srcPort>41953 dst>fd10:62:100::2/21407 
18:43:49.399729 SHUTDOWN flow>3608 srcPort>46359 dst>fd10:62:100::2/21408 
18:43:49.400214 OFF flow>3608 srcPort>46359 dst>fd10:62:100::2/21408 
18:43:49.507834 SHUTDOWN flow>3609 srcPort>39949 dst>fd10:62:100::2/21409 
18:43:49.508284 OFF flow>3609 srcPort>39949 dst>fd10:62:100::2/21409 
18:43:49.547938 SHUTDOWN flow>3610 srcPort>44183 dst>fd10:62:100::2/21410 
18:43:49.548306 OFF flow>3610 srcPort>44183 dst>fd10:62:100::2/21410 
18:43:49.576439 SHUTDOWN flow>3611 srcPort>45411 dst>fd10:62:100::2/21411 
18:43:49.576777 OFF flow>3611 srcPort>45411 dst>fd10:62:100::2/21411 
18:43:49.608036 SHUTDOWN flow>3612 srcPort>37197 dst>fd10:62:100::2/21412 
18:43:49.608496 OFF flow>3612 srcPort>37197 dst>fd10:62:100::2/21412 
18:43:49.686635 SHUTDOWN flow>3613 srcPort>32997 dst>fd10:62:100::2/21413 
18:43:49.687007 OFF flow>3613 srcPort>32997 dst>fd10:62:100::2/21413 
18:43:49.874930 SHUTDOWN flow>3614 srcPort>36095 dst>fd10:62:100::2/21414 
18:43:49.875343 OFF flow>3614 srcPort>36095 dst>fd10:62:100::2/21414 
18:43:49.945237 SHUTDOWN flow>3615 srcPort>46759 dst>fd10:62:100::2/21415 
18:43:49.945593 OFF flow>3615 srcPort>46759 dst>fd10:62:100::2/21415 
18:43:49.960928 SHUTDOWN flow>3616 srcPort>44729 dst>fd10:62:100::2/21416 
18:43:49.961280 OFF flow>3616 srcPort>44729 dst>fd10:62:100::2/21416 
18:43:49.969629 SHUTDOWN flow>3617 srcPort>41063 dst>fd10:62:100::2/21417 
18:43:49.970011 OFF flow>3617 srcPort>41063 dst>fd10:62:100::2/21417 
18:43:49.977946 SHUTDOWN flow>3618 srcPort>39023 dst>fd10:62:100::2/21418 
18:43:49.978340 OFF flow>3618 srcPort>39023 dst>fd10:62:100::2/21418 
18:43:50.025529 SHUTDOWN flow>3619 srcPort>34301 dst>fd10:62:100::2/21419 
18:43:50.025948 OFF flow>3619 srcPort>34301 dst>fd10:62:100::2/21419 
18:43:50.060031 SHUTDOWN flow>3620 srcPort>38557 dst>fd10:62:100::2/21420 
18:43:50.060467 OFF flow>3620 srcPort>38557 dst>fd10:62:100::2/21420 
18:43:50.252669 SHUTDOWN flow>3621 srcPort>38347 dst>fd10:62:100::2/21421 
18:43:50.253104 OFF flow>3621 srcPort>38347 dst>fd10:62:100::2/21421 
18:43:50.302534 SHUTDOWN flow>3622 srcPort>37921 dst>fd10:62:100::2/21422 
18:43:50.302944 OFF flow>3622 srcPort>37921 dst>fd10:62:100::2/21422 
18:43:50.869742 SHUTDOWN flow>3623 srcPort>45457 dst>fd10:62:100::2/21423 
18:43:50.870156 OFF flow>3623 srcPort>45457 dst>fd10:62:100::2/21423 
18:43:51.381665 ON flow>3637 srcPort>38467 dst>fd10:62:100::2/21437 
18:43:51.381981 CONNECT flow>3637 srcPort>38467 dst>fd10:62:100::2/21437 
18:43:51.399890 ON flow>3638 srcPort>36115 dst>fd10:62:100::2/21438 
18:43:51.400238 CONNECT flow>3638 srcPort>36115 dst>fd10:62:100::2/21438 
18:43:51.667514 ON flow>3639 srcPort>34683 dst>fd10:62:100::2/21439 
18:43:51.667792 CONNECT flow>3639 srcPort>34683 dst>fd10:62:100::2/21439 
18:43:51.893810 ON flow>3640 srcPort>39427 dst>fd10:62:100::2/21440 
18:43:51.894117 CONNECT flow>3640 srcPort>39427 dst>fd10:62:100::2/21440 
18:43:52.183149 ON flow>3641 srcPort>39839 dst>fd10:62:100::2/21441 
18:43:52.183480 CONNECT flow>3641 srcPort>39839 dst>fd10:62:100::2/21441 
18:43:52.255039 ON flow>3642 srcPort>37239 dst>fd10:62:100::2/21442 
18:43:52.255420 CONNECT flow>3642 srcPort>37239 dst>fd10:62:100::2/21442 
18:43:52.423924 SHUTDOWN flow>3624 srcPort>40453 dst>fd10:62:100::2/21424 
18:43:52.424380 OFF flow>3624 srcPort>40453 dst>fd10:62:100::2/21424 
18:43:52.454529 SHUTDOWN flow>3625 srcPort>38061 dst>fd10:62:100::2/21425 
18:43:52.454886 OFF flow>3625 srcPort>38061 dst>fd10:62:100::2/21425 
18:43:52.756131 SHUTDOWN flow>3626 srcPort>40551 dst>fd10:62:100::2/21426 
18:43:52.756559 OFF flow>3626 srcPort>40551 dst>fd10:62:100::2/21426 
18:43:52.772650 SHUTDOWN flow>3627 srcPort>37779 dst>fd10:62:100::2/21427 
18:43:52.773016 OFF flow>3627 srcPort>37779 dst>fd10:62:100::2/21427 
18:43:52.823165 SHUTDOWN flow>3628 srcPort>37543 dst>fd10:62:100::2/21428 
18:43:52.823862 OFF flow>3628 srcPort>37543 dst>fd10:62:100::2/21428 
18:43:52.836928 SHUTDOWN flow>3629 srcPort>35003 dst>fd10:62:100::2/21429 
18:43:52.837394 OFF flow>3629 srcPort>35003 dst>fd10:62:100::2/21429 
18:43:52.889657 SHUTDOWN flow>3630 srcPort>42421 dst>fd10:62:100::2/21430 
18:43:52.890095 OFF flow>3630 srcPort>42421 dst>fd10:62:100::2/21430 
18:43:52.916536 SHUTDOWN flow>3631 srcPort>38743 dst>fd10:62:100::2/21431 
18:43:52.916970 OFF flow>3631 srcPort>38743 dst>fd10:62:100::2/21431 
18:43:52.986794 SHUTDOWN flow>3632 srcPort>33479 dst>fd10:62:100::2/21432 
18:43:52.987397 OFF flow>3632 srcPort>33479 dst>fd10:62:100::2/21432 
18:43:52.999040 ON flow>3643 srcPort>35029 dst>fd10:62:100::2/21443 
18:43:52.999324 CONNECT flow>3643 srcPort>35029 dst>fd10:62:100::2/21443 
18:43:53.130330 ON flow>3644 srcPort>46087 dst>fd10:62:100::2/21444 
18:43:53.130613 CONNECT flow>3644 srcPort>46087 dst>fd10:62:100::2/21444 
18:43:53.137734 SHUTDOWN flow>3633 srcPort>42753 dst>fd10:62:100::2/21433 
18:43:53.138106 OFF flow>3633 srcPort>42753 dst>fd10:62:100::2/21433 
18:43:53.233815 ON flow>3645 srcPort>33285 dst>fd10:62:100::2/21445 
18:43:53.234100 CONNECT flow>3645 srcPort>33285 dst>fd10:62:100::2/21445 
18:43:53.298395 ON flow>3646 srcPort>33015 dst>fd10:62:100::2/21446 
18:43:53.298896 CONNECT flow>3646 srcPort>33015 dst>fd10:62:100::2/21446 
18:43:53.369245 SHUTDOWN flow>3634 srcPort>38413 dst>fd10:62:100::2/21434 
18:43:53.369627 OFF flow>3634 srcPort>38413 dst>fd10:62:100::2/21434 
18:43:53.422845 SHUTDOWN flow>3635 srcPort>40039 dst>fd10:62:100::2/21435 
18:43:53.423280 OFF flow>3635 srcPort>40039 dst>fd10:62:100::2/21435 
18:43:53.442449 SHUTDOWN flow>3636 srcPort>44677 dst>fd10:62:100::2/21436 
18:43:53.442871 OFF flow>3636 srcPort>44677 dst>fd10:62:100::2/21436 
18:43:53.634195 ON flow>3647 srcPort>36705 dst>fd10:62:100::2/21447 
18:43:53.634510 CONNECT flow>3647 srcPort>36705 dst>fd10:62:100::2/21447 
18:43:53.705830 ON flow>3648 srcPort>40993 dst>fd10:62:100::2/21448 
18:43:53.706085 CONNECT flow>3648 srcPort>40993 dst>fd10:62:100::2/21448 
18:43:53.800262 ON flow>3649 srcPort>40117 dst>fd10:62:100::2/21449 
18:43:53.800557 CONNECT flow>3649 srcPort>40117 dst>fd10:62:100::2/21449 
18:43:53.996470 ON flow>3650 srcPort>46541 dst>fd10:62:100::2/21450 
18:43:53.996761 CONNECT flow>3650 srcPort>46541 dst>fd10:62:100::2/21450 
18:43:54.201887 ON flow>3651 srcPort>46731 dst>fd10:62:100::2/21451 
18:43:54.202187 CONNECT flow>3651 srcPort>46731 dst>fd10:62:100::2/21451 
18:43:54.204296 ON flow>3652 srcPort>39891 dst>fd10:62:100::2/21452 
18:43:54.204590 CONNECT flow>3652 srcPort>39891 dst>fd10:62:100::2/21452 
18:43:54.327992 ON flow>3653 srcPort>35311 dst>fd10:62:100::2/21453 
18:43:54.328340 CONNECT flow>3653 srcPort>35311 dst>fd10:62:100::2/21453 
18:43:54.338700 ON flow>3654 srcPort>43569 dst>fd10:62:100::2/21454 
18:43:54.338999 CONNECT flow>3654 srcPort>43569 dst>fd10:62:100::2/21454 
18:43:54.518287 ON flow>3655 srcPort>46591 dst>fd10:62:100::2/21455 
18:43:54.518658 CONNECT flow>3655 srcPort>46591 dst>fd10:62:100::2/21455 
18:43:56.181529 SHUTDOWN flow>3637 srcPort>38467 dst>fd10:62:100::2/21437 
18:43:56.181942 OFF flow>3637 srcPort>38467 dst>fd10:62:100::2/21437 
18:43:56.199819 SHUTDOWN flow>3638 srcPort>36115 dst>fd10:62:100::2/21438 
18:43:56.200177 OFF flow>3638 srcPort>36115 dst>fd10:62:100::2/21438 
18:43:56.467335 SHUTDOWN flow>3639 srcPort>34683 dst>fd10:62:100::2/21439 
18:43:56.467747 OFF flow>3639 srcPort>34683 dst>fd10:62:100::2/21439 
18:43:56.693730 SHUTDOWN flow>3640 srcPort>39427 dst>fd10:62:100::2/21440 
18:43:56.694181 OFF flow>3640 srcPort>39427 dst>fd10:62:100::2/21440 
18:43:56.983033 SHUTDOWN flow>3641 srcPort>39839 dst>fd10:62:100::2/21441 
18:43:56.983422 OFF flow>3641 srcPort>39839 dst>fd10:62:100::2/21441 
18:43:57.054927 SHUTDOWN flow>3642 srcPort>37239 dst>fd10:62:100::2/21442 
18:43:57.055909 OFF flow>3642 srcPort>37239 dst>fd10:62:100::2/21442 
18:43:57.319230 ON flow>3656 srcPort>40433 dst>fd10:62:100::2/21456 
18:43:57.319537 CONNECT flow>3656 srcPort>40433 dst>fd10:62:100::2/21456 
18:43:57.341100 ON flow>3657 srcPort>44123 dst>fd10:62:100::2/21457 
18:43:57.341399 CONNECT flow>3657 srcPort>44123 dst>fd10:62:100::2/21457 
18:43:57.403328 ON flow>3658 srcPort>45181 dst>fd10:62:100::2/21458 
18:43:57.403665 CONNECT flow>3658 srcPort>45181 dst>fd10:62:100::2/21458 
18:43:57.512155 ON flow>3659 srcPort>41393 dst>fd10:62:100::2/21459 
18:43:57.512444 CONNECT flow>3659 srcPort>41393 dst>fd10:62:100::2/21459 
18:43:57.534792 ON flow>3660 srcPort>35787 dst>fd10:62:100::2/21460 
18:43:57.535035 CONNECT flow>3660 srcPort>35787 dst>fd10:62:100::2/21460 
18:43:57.578928 ON flow>3661 srcPort>35859 dst>fd10:62:100::2/21461 
18:43:57.579217 CONNECT flow>3661 srcPort>35859 dst>fd10:62:100::2/21461 
18:43:57.760564 ON flow>3662 srcPort>38849 dst>fd10:62:100::2/21462 
18:43:57.760853 CONNECT flow>3662 srcPort>38849 dst>fd10:62:100::2/21462 
18:43:57.798931 SHUTDOWN flow>3643 srcPort>35029 dst>fd10:62:100::2/21443 
18:43:57.799311 OFF flow>3643 srcPort>35029 dst>fd10:62:100::2/21443 
18:43:57.930236 SHUTDOWN flow>3644 srcPort>46087 dst>fd10:62:100::2/21444 
18:43:57.930680 OFF flow>3644 srcPort>46087 dst>fd10:62:100::2/21444 
18:43:58.033730 SHUTDOWN flow>3645 srcPort>33285 dst>fd10:62:100::2/21445 
18:43:58.034116 OFF flow>3645 srcPort>33285 dst>fd10:62:100::2/21445 
18:43:58.098331 SHUTDOWN flow>3646 srcPort>33015 dst>fd10:62:100::2/21446 
18:43:58.098737 OFF flow>3646 srcPort>33015 dst>fd10:62:100::2/21446 
18:43:58.434037 SHUTDOWN flow>3647 srcPort>36705 dst>fd10:62:100::2/21447 
18:43:58.434497 OFF flow>3647 srcPort>36705 dst>fd10:62:100::2/21447 
18:43:58.505744 SHUTDOWN flow>3648 srcPort>40993 dst>fd10:62:100::2/21448 
18:43:58.506106 OFF flow>3648 srcPort>40993 dst>fd10:62:100::2/21448 
18:43:58.600151 SHUTDOWN flow>3649 srcPort>40117 dst>fd10:62:100::2/21449 
18:43:58.600525 OFF flow>3649 srcPort>40117 dst>fd10:62:100::2/21449 
18:43:58.796339 SHUTDOWN flow>3650 srcPort>46541 dst>fd10:62:100::2/21450 
18:43:58.796910 OFF flow>3650 srcPort>46541 dst>fd10:62:100::2/21450 
18:43:59.001730 SHUTDOWN flow>3651 srcPort>46731 dst>fd10:62:100::2/21451 
18:43:59.002171 OFF flow>3651 srcPort>46731 dst>fd10:62:100::2/21451 
18:43:59.004227 SHUTDOWN flow>3652 srcPort>39891 dst>fd10:62:100::2/21452 
18:43:59.004596 OFF flow>3652 srcPort>39891 dst>fd10:62:100::2/21452 
18:43:59.127835 SHUTDOWN flow>3653 srcPort>35311 dst>fd10:62:100::2/21453 
18:43:59.128217 OFF flow>3653 srcPort>35311 dst>fd10:62:100::2/21453 
18:43:59.138631 SHUTDOWN flow>3654 srcPort>43569 dst>fd10:62:100::2/21454 
18:43:59.139010 OFF flow>3654 srcPort>43569 dst>fd10:62:100::2/21454 
18:43:59.318151 SHUTDOWN flow>3655 srcPort>46591 dst>fd10:62:100::2/21455 
18:43:59.318537 OFF flow>3655 srcPort>46591 dst>fd10:62:100::2/21455 
18:44:01.381064 ON flow>3663 srcPort>43719 dst>fd10:62:100::2/21463 
18:44:01.381404 CONNECT flow>3663 srcPort>43719 dst>fd10:62:100::2/21463 
18:44:01.510524 ON flow>3664 srcPort>44477 dst>fd10:62:100::2/21464 
18:44:01.510773 CONNECT flow>3664 srcPort>44477 dst>fd10:62:100::2/21464 
18:44:01.547827 ON flow>3665 srcPort>38163 dst>fd10:62:100::2/21465 
18:44:01.548154 CONNECT flow>3665 srcPort>38163 dst>fd10:62:100::2/21465 
18:44:01.821354 ON flow>3666 srcPort>41919 dst>fd10:62:100::2/21466 
18:44:01.821648 CONNECT flow>3666 srcPort>41919 dst>fd10:62:100::2/21466 
18:44:01.860900 ON flow>3667 srcPort>38615 dst>fd10:62:100::2/21467 
18:44:01.861155 CONNECT flow>3667 srcPort>38615 dst>fd10:62:100::2/21467 
18:44:02.003043 ON flow>3668 srcPort>40369 dst>fd10:62:100::2/21468 
18:44:02.003375 CONNECT flow>3668 srcPort>40369 dst>fd10:62:100::2/21468 
18:44:02.119030 SHUTDOWN flow>3656 srcPort>40433 dst>fd10:62:100::2/21456 
18:44:02.119470 OFF flow>3656 srcPort>40433 dst>fd10:62:100::2/21456 
18:44:02.141035 SHUTDOWN flow>3657 srcPort>44123 dst>fd10:62:100::2/21457 
18:44:02.141556 OFF flow>3657 srcPort>44123 dst>fd10:62:100::2/21457 
18:44:02.203230 SHUTDOWN flow>3658 srcPort>45181 dst>fd10:62:100::2/21458 
18:44:02.203904 OFF flow>3658 srcPort>45181 dst>fd10:62:100::2/21458 
18:44:02.312038 SHUTDOWN flow>3659 srcPort>41393 dst>fd10:62:100::2/21459 
18:44:02.312418 OFF flow>3659 srcPort>41393 dst>fd10:62:100::2/21459 
18:44:02.334752 SHUTDOWN flow>3660 srcPort>35787 dst>fd10:62:100::2/21460 
18:44:02.335099 OFF flow>3660 srcPort>35787 dst>fd10:62:100::2/21460 
18:44:02.378839 SHUTDOWN flow>3661 srcPort>35859 dst>fd10:62:100::2/21461 
18:44:02.379257 OFF flow>3661 srcPort>35859 dst>fd10:62:100::2/21461 
18:44:02.560442 SHUTDOWN flow>3662 srcPort>38849 dst>fd10:62:100::2/21462 
18:44:02.560868 OFF flow>3662 srcPort>38849 dst>fd10:62:100::2/21462 
18:44:03.010065 ON flow>3669 srcPort>41315 dst>fd10:62:100::2/21469 
18:44:03.010405 CONNECT flow>3669 srcPort>41315 dst>fd10:62:100::2/21469 
18:44:03.108716 ON flow>3670 srcPort>40655 dst>fd10:62:100::2/21470 
18:44:03.109312 CONNECT flow>3670 srcPort>40655 dst>fd10:62:100::2/21470 
18:44:03.124548 ON flow>3671 srcPort>45653 dst>fd10:62:100::2/21471 
18:44:03.124874 CONNECT flow>3671 srcPort>45653 dst>fd10:62:100::2/21471 
18:44:03.133783 ON flow>3672 srcPort>37013 dst>fd10:62:100::2/21472 
18:44:03.134102 CONNECT flow>3672 srcPort>37013 dst>fd10:62:100::2/21472 
18:44:03.134712 ON flow>3673 srcPort>34377 dst>fd10:62:100::2/21473 
18:44:03.134987 CONNECT flow>3673 srcPort>34377 dst>fd10:62:100::2/21473 
18:44:03.257907 ON flow>3674 srcPort>32995 dst>fd10:62:100::2/21474 
18:44:03.258191 CONNECT flow>3674 srcPort>32995 dst>fd10:62:100::2/21474 
18:44:03.306937 ON flow>3675 srcPort>34485 dst>fd10:62:100::2/21475 
18:44:03.307315 CONNECT flow>3675 srcPort>34485 dst>fd10:62:100::2/21475 
18:44:03.334316 ON flow>3676 srcPort>33245 dst>fd10:62:100::2/21476 
18:44:03.334642 CONNECT flow>3676 srcPort>33245 dst>fd10:62:100::2/21476 
18:44:03.400168 ON flow>3677 srcPort>41239 dst>fd10:62:100::2/21477 
18:44:03.400522 CONNECT flow>3677 srcPort>41239 dst>fd10:62:100::2/21477 
18:44:03.430809 ON flow>3678 srcPort>41389 dst>fd10:62:100::2/21478 
18:44:03.431119 CONNECT flow>3678 srcPort>41389 dst>fd10:62:100::2/21478 
18:44:03.433302 ON flow>3679 srcPort>33673 dst>fd10:62:100::2/21479 
18:44:03.433597 CONNECT flow>3679 srcPort>33673 dst>fd10:62:100::2/21479 
18:44:03.467222 ON flow>3680 srcPort>38341 dst>fd10:62:100::2/21480 
18:44:03.467518 CONNECT flow>3680 srcPort>38341 dst>fd10:62:100::2/21480 
18:44:03.497119 ON flow>3681 srcPort>42063 dst>fd10:62:100::2/21481 
18:44:03.497407 CONNECT flow>3681 srcPort>42063 dst>fd10:62:100::2/21481 
18:44:03.511605 ON flow>3682 srcPort>42031 dst>fd10:62:100::2/21482 
18:44:03.511897 CONNECT flow>3682 srcPort>42031 dst>fd10:62:100::2/21482 
18:44:03.609468 ON flow>3683 srcPort>41207 dst>fd10:62:100::2/21483 
18:44:03.609720 CONNECT flow>3683 srcPort>41207 dst>fd10:62:100::2/21483 
18:44:03.620513 ON flow>3684 srcPort>40851 dst>fd10:62:100::2/21484 
18:44:03.620835 CONNECT flow>3684 srcPort>40851 dst>fd10:62:100::2/21484 
18:44:03.662411 ON flow>3685 srcPort>44055 dst>fd10:62:100::2/21485 
18:44:03.662689 CONNECT flow>3685 srcPort>44055 dst>fd10:62:100::2/21485 
18:44:03.712437 ON flow>3686 srcPort>42873 dst>fd10:62:100::2/21486 
18:44:03.712794 CONNECT flow>3686 srcPort>42873 dst>fd10:62:100::2/21486 
18:44:03.858722 ON flow>3687 srcPort>43777 dst>fd10:62:100::2/21487 
18:44:03.859045 CONNECT flow>3687 srcPort>43777 dst>fd10:62:100::2/21487 
18:44:03.862716 ON flow>3688 srcPort>38035 dst>fd10:62:100::2/21488 
18:44:03.863114 CONNECT flow>3688 srcPort>38035 dst>fd10:62:100::2/21488 
18:44:03.864812 ON flow>3689 srcPort>39405 dst>fd10:62:100::2/21489 
18:44:03.865111 CONNECT flow>3689 srcPort>39405 dst>fd10:62:100::2/21489 
18:44:03.887538 ON flow>3690 srcPort>41083 dst>fd10:62:100::2/21490 
18:44:03.887871 CONNECT flow>3690 srcPort>41083 dst>fd10:62:100::2/21490 
18:44:03.967018 ON flow>3691 srcPort>34389 dst>fd10:62:100::2/21491 
18:44:03.967488 CONNECT flow>3691 srcPort>34389 dst>fd10:62:100::2/21491 
18:44:03.999915 ON flow>3692 srcPort>42841 dst>fd10:62:100::2/21492 
18:44:04.000234 CONNECT flow>3692 srcPort>42841 dst>fd10:62:100::2/21492 
18:44:04.012241 ON flow>3693 srcPort>36719 dst>fd10:62:100::2/21493 
18:44:04.012494 CONNECT flow>3693 srcPort>36719 dst>fd10:62:100::2/21493 
18:44:04.050912 ON flow>3694 srcPort>44699 dst>fd10:62:100::2/21494 
18:44:04.051250 CONNECT flow>3694 srcPort>44699 dst>fd10:62:100::2/21494 
18:44:04.079022 ON flow>3695 srcPort>38303 dst>fd10:62:100::2/21495 
18:44:04.079413 CONNECT flow>3695 srcPort>38303 dst>fd10:62:100::2/21495 
18:44:04.113169 ON flow>3696 srcPort>43301 dst>fd10:62:100::2/21496 
18:44:04.113429 CONNECT flow>3696 srcPort>43301 dst>fd10:62:100::2/21496 
18:44:04.123315 ON flow>3697 srcPort>36537 dst>fd10:62:100::2/21497 
18:44:04.123589 CONNECT flow>3697 srcPort>36537 dst>fd10:62:100::2/21497 
18:44:04.148427 ON flow>3698 srcPort>36823 dst>fd10:62:100::2/21498 
18:44:04.148737 CONNECT flow>3698 srcPort>36823 dst>fd10:62:100::2/21498 
18:44:04.170322 ON flow>3699 srcPort>41835 dst>fd10:62:100::2/21499 
18:44:04.170614 CONNECT flow>3699 srcPort>41835 dst>fd10:62:100::2/21499 
18:44:04.199906 ON flow>3700 srcPort>43063 dst>fd10:62:100::2/21500 
18:44:04.200284 CONNECT flow>3700 srcPort>43063 dst>fd10:62:100::2/21500 
18:44:04.210876 ON flow>3701 srcPort>35473 dst>fd10:62:100::2/21501 
18:44:04.211290 CONNECT flow>3701 srcPort>35473 dst>fd10:62:100::2/21501 
18:44:04.227755 ON flow>3702 srcPort>45057 dst>fd10:62:100::2/21502 
18:44:04.228351 CONNECT flow>3702 srcPort>45057 dst>fd10:62:100::2/21502 
18:44:04.248608 ON flow>3703 srcPort>42219 dst>fd10:62:100::2/21503 
18:44:04.248944 CONNECT flow>3703 srcPort>42219 dst>fd10:62:100::2/21503 
18:44:04.277236 ON flow>3704 srcPort>44915 dst>fd10:62:100::2/21504 
18:44:04.277643 CONNECT flow>3704 srcPort>44915 dst>fd10:62:100::2/21504 
18:44:04.291915 ON flow>3705 srcPort>43005 dst>fd10:62:100::2/21505 
18:44:04.292223 CONNECT flow>3705 srcPort>43005 dst>fd10:62:100::2/21505 
18:44:04.478644 ON flow>3706 srcPort>44643 dst>fd10:62:100::2/21506 
18:44:04.478920 CONNECT flow>3706 srcPort>44643 dst>fd10:62:100::2/21506 
18:44:04.645659 ON flow>3707 srcPort>34061 dst>fd10:62:100::2/21507 
18:44:04.645914 CONNECT flow>3707 srcPort>34061 dst>fd10:62:100::2/21507 
18:44:04.657929 ON flow>3708 srcPort>45959 dst>fd10:62:100::2/21508 
18:44:04.658231 CONNECT flow>3708 srcPort>45959 dst>fd10:62:100::2/21508 
18:44:04.729245 ON flow>3709 srcPort>34463 dst>fd10:62:100::2/21509 
18:44:04.729872 CONNECT flow>3709 srcPort>34463 dst>fd10:62:100::2/21509 
18:44:04.866556 ON flow>3710 srcPort>33793 dst>fd10:62:100::2/21510 
18:44:04.866901 CONNECT flow>3710 srcPort>33793 dst>fd10:62:100::2/21510 
18:44:04.881362 ON flow>3711 srcPort>45661 dst>fd10:62:100::2/21511 
18:44:04.881645 CONNECT flow>3711 srcPort>45661 dst>fd10:62:100::2/21511 
18:44:04.988250 ON flow>3712 srcPort>40867 dst>fd10:62:100::2/21512 
18:44:04.989114 CONNECT flow>3712 srcPort>40867 dst>fd10:62:100::2/21512 
18:44:05.013647 ON flow>3713 srcPort>33743 dst>fd10:62:100::2/21513 
18:44:05.013968 CONNECT flow>3713 srcPort>33743 dst>fd10:62:100::2/21513 
18:44:06.180845 SHUTDOWN flow>3663 srcPort>43719 dst>fd10:62:100::2/21463 
18:44:06.181455 OFF flow>3663 srcPort>43719 dst>fd10:62:100::2/21463 
18:44:06.310463 SHUTDOWN flow>3664 srcPort>44477 dst>fd10:62:100::2/21464 
18:44:06.311046 OFF flow>3664 srcPort>44477 dst>fd10:62:100::2/21464 
18:44:06.347745 SHUTDOWN flow>3665 srcPort>38163 dst>fd10:62:100::2/21465 
18:44:06.348135 OFF flow>3665 srcPort>38163 dst>fd10:62:100::2/21465 
18:44:06.621248 SHUTDOWN flow>3666 srcPort>41919 dst>fd10:62:100::2/21466 
18:44:06.621630 OFF flow>3666 srcPort>41919 dst>fd10:62:100::2/21466 
18:44:06.660848 SHUTDOWN flow>3667 srcPort>38615 dst>fd10:62:100::2/21467 
18:44:06.661203 OFF flow>3667 srcPort>38615 dst>fd10:62:100::2/21467 
18:44:06.802954 SHUTDOWN flow>3668 srcPort>40369 dst>fd10:62:100::2/21468 
18:44:06.803324 OFF flow>3668 srcPort>40369 dst>fd10:62:100::2/21468 
18:44:07.762710 ON flow>3714 srcPort>33145 dst>fd10:62:100::2/21514 
18:44:07.763079 CONNECT flow>3714 srcPort>33145 dst>fd10:62:100::2/21514 
18:44:07.797347 ON flow>3715 srcPort>36535 dst>fd10:62:100::2/21515 
18:44:07.797697 CONNECT flow>3715 srcPort>36535 dst>fd10:62:100::2/21515 
18:44:07.809952 SHUTDOWN flow>3669 srcPort>41315 dst>fd10:62:100::2/21469 
18:44:07.810313 OFF flow>3669 srcPort>41315 dst>fd10:62:100::2/21469 
18:44:07.823118 ON flow>3716 srcPort>35175 dst>fd10:62:100::2/21516 
18:44:07.823417 CONNECT flow>3716 srcPort>35175 dst>fd10:62:100::2/21516 
18:44:07.827912 ON flow>3717 srcPort>38975 dst>fd10:62:100::2/21517 
18:44:07.828417 CONNECT flow>3717 srcPort>38975 dst>fd10:62:100::2/21517 
18:44:07.862238 ON flow>3718 srcPort>43673 dst>fd10:62:100::2/21518 
18:44:07.862598 CONNECT flow>3718 srcPort>43673 dst>fd10:62:100::2/21518 
18:44:07.908650 SHUTDOWN flow>3670 srcPort>40655 dst>fd10:62:100::2/21470 
18:44:07.909058 OFF flow>3670 srcPort>40655 dst>fd10:62:100::2/21470 
18:44:07.924443 SHUTDOWN flow>3671 srcPort>45653 dst>fd10:62:100::2/21471 
18:44:07.924786 OFF flow>3671 srcPort>45653 dst>fd10:62:100::2/21471 
18:44:07.933645 SHUTDOWN flow>3672 srcPort>37013 dst>fd10:62:100::2/21472 
18:44:07.934100 OFF flow>3672 srcPort>37013 dst>fd10:62:100::2/21472 
18:44:07.934663 SHUTDOWN flow>3673 srcPort>34377 dst>fd10:62:100::2/21473 
18:44:07.935045 OFF flow>3673 srcPort>34377 dst>fd10:62:100::2/21473 
18:44:08.057851 SHUTDOWN flow>3674 srcPort>32995 dst>fd10:62:100::2/21474 
18:44:08.058211 OFF flow>3674 srcPort>32995 dst>fd10:62:100::2/21474 
18:44:08.106856 SHUTDOWN flow>3675 srcPort>34485 dst>fd10:62:100::2/21475 
18:44:08.107253 OFF flow>3675 srcPort>34485 dst>fd10:62:100::2/21475 
18:44:08.134235 SHUTDOWN flow>3676 srcPort>33245 dst>fd10:62:100::2/21476 
18:44:08.134573 OFF flow>3676 srcPort>33245 dst>fd10:62:100::2/21476 
18:44:08.141164 ON flow>3719 srcPort>39843 dst>fd10:62:100::2/21519 
18:44:08.141557 CONNECT flow>3719 srcPort>39843 dst>fd10:62:100::2/21519 
18:44:08.200068 SHUTDOWN flow>3677 srcPort>41239 dst>fd10:62:100::2/21477 
18:44:08.200630 OFF flow>3677 srcPort>41239 dst>fd10:62:100::2/21477 
18:44:08.217649 ON flow>3720 srcPort>41185 dst>fd10:62:100::2/21520 
18:44:08.217969 CONNECT flow>3720 srcPort>41185 dst>fd10:62:100::2/21520 
18:44:08.230750 SHUTDOWN flow>3678 srcPort>41389 dst>fd10:62:100::2/21478 
18:44:08.231182 OFF flow>3678 srcPort>41389 dst>fd10:62:100::2/21478 
18:44:08.233246 SHUTDOWN flow>3679 srcPort>33673 dst>fd10:62:100::2/21479 
18:44:08.233655 OFF flow>3679 srcPort>33673 dst>fd10:62:100::2/21479 
18:44:08.267133 SHUTDOWN flow>3680 srcPort>38341 dst>fd10:62:100::2/21480 
18:44:08.267580 OFF flow>3680 srcPort>38341 dst>fd10:62:100::2/21480 
18:44:08.297161 SHUTDOWN flow>3681 srcPort>42063 dst>fd10:62:100::2/21481 
18:44:08.297583 OFF flow>3681 srcPort>42063 dst>fd10:62:100::2/21481 
18:44:08.311540 SHUTDOWN flow>3682 srcPort>42031 dst>fd10:62:100::2/21482 
18:44:08.311869 OFF flow>3682 srcPort>42031 dst>fd10:62:100::2/21482 
18:44:08.409342 SHUTDOWN flow>3683 srcPort>41207 dst>fd10:62:100::2/21483 
18:44:08.409734 OFF flow>3683 srcPort>41207 dst>fd10:62:100::2/21483 
18:44:08.420441 SHUTDOWN flow>3684 srcPort>40851 dst>fd10:62:100::2/21484 
18:44:08.420793 OFF flow>3684 srcPort>40851 dst>fd10:62:100::2/21484 
18:44:08.462337 SHUTDOWN flow>3685 srcPort>44055 dst>fd10:62:100::2/21485 
18:44:08.462840 OFF flow>3685 srcPort>44055 dst>fd10:62:100::2/21485 
18:44:08.512348 SHUTDOWN flow>3686 srcPort>42873 dst>fd10:62:100::2/21486 
18:44:08.512691 OFF flow>3686 srcPort>42873 dst>fd10:62:100::2/21486 
18:44:08.658695 SHUTDOWN flow>3687 srcPort>43777 dst>fd10:62:100::2/21487 
18:44:08.659231 OFF flow>3687 srcPort>43777 dst>fd10:62:100::2/21487 
18:44:08.662658 SHUTDOWN flow>3688 srcPort>38035 dst>fd10:62:100::2/21488 
18:44:08.663017 OFF flow>3688 srcPort>38035 dst>fd10:62:100::2/21488 
18:44:08.664758 SHUTDOWN flow>3689 srcPort>39405 dst>fd10:62:100::2/21489 
18:44:08.665089 OFF flow>3689 srcPort>39405 dst>fd10:62:100::2/21489 
18:44:08.687448 SHUTDOWN flow>3690 srcPort>41083 dst>fd10:62:100::2/21490 
18:44:08.687842 OFF flow>3690 srcPort>41083 dst>fd10:62:100::2/21490 
18:44:08.724034 ON flow>3721 srcPort>46401 dst>fd10:62:100::2/21521 
18:44:08.724300 CONNECT flow>3721 srcPort>46401 dst>fd10:62:100::2/21521 
18:44:08.766953 SHUTDOWN flow>3691 srcPort>34389 dst>fd10:62:100::2/21491 
18:44:08.767356 OFF flow>3691 srcPort>34389 dst>fd10:62:100::2/21491 
18:44:08.799853 SHUTDOWN flow>3692 srcPort>42841 dst>fd10:62:100::2/21492 
18:44:08.800232 OFF flow>3692 srcPort>42841 dst>fd10:62:100::2/21492 
18:44:08.812162 SHUTDOWN flow>3693 srcPort>36719 dst>fd10:62:100::2/21493 
18:44:08.812531 OFF flow>3693 srcPort>36719 dst>fd10:62:100::2/21493 
18:44:08.850854 SHUTDOWN flow>3694 srcPort>44699 dst>fd10:62:100::2/21494 
18:44:08.851196 OFF flow>3694 srcPort>44699 dst>fd10:62:100::2/21494 
18:44:08.878964 SHUTDOWN flow>3695 srcPort>38303 dst>fd10:62:100::2/21495 
18:44:08.879353 OFF flow>3695 srcPort>38303 dst>fd10:62:100::2/21495 
18:44:08.881273 ON flow>3722 srcPort>46861 dst>fd10:62:100::2/21522 
18:44:08.881570 CONNECT flow>3722 srcPort>46861 dst>fd10:62:100::2/21522 
18:44:08.902630 ON flow>3723 srcPort>44421 dst>fd10:62:100::2/21523 
18:44:08.902892 CONNECT flow>3723 srcPort>44421 dst>fd10:62:100::2/21523 
18:44:08.913057 SHUTDOWN flow>3696 srcPort>43301 dst>fd10:62:100::2/21496 
18:44:08.913449 OFF flow>3696 srcPort>43301 dst>fd10:62:100::2/21496 
18:44:08.923253 SHUTDOWN flow>3697 srcPort>36537 dst>fd10:62:100::2/21497 
18:44:08.923649 OFF flow>3697 srcPort>36537 dst>fd10:62:100::2/21497 
18:44:08.948356 SHUTDOWN flow>3698 srcPort>36823 dst>fd10:62:100::2/21498 
18:44:08.948791 OFF flow>3698 srcPort>36823 dst>fd10:62:100::2/21498 
18:44:08.949831 ON flow>3724 srcPort>33363 dst>fd10:62:100::2/21524 
18:44:08.950161 CONNECT flow>3724 srcPort>33363 dst>fd10:62:100::2/21524 
18:44:08.970259 SHUTDOWN flow>3699 srcPort>41835 dst>fd10:62:100::2/21499 
18:44:08.971356 OFF flow>3699 srcPort>41835 dst>fd10:62:100::2/21499 
18:44:08.999848 SHUTDOWN flow>3700 srcPort>43063 dst>fd10:62:100::2/21500 
18:44:09.000190 OFF flow>3700 srcPort>43063 dst>fd10:62:100::2/21500 
18:44:09.010645 SHUTDOWN flow>3701 srcPort>35473 dst>fd10:62:100::2/21501 
18:44:09.010983 OFF flow>3701 srcPort>35473 dst>fd10:62:100::2/21501 
18:44:09.027647 SHUTDOWN flow>3702 srcPort>45057 dst>fd10:62:100::2/21502 
18:44:09.028041 OFF flow>3702 srcPort>45057 dst>fd10:62:100::2/21502 
18:44:09.048553 SHUTDOWN flow>3703 srcPort>42219 dst>fd10:62:100::2/21503 
18:44:09.048878 OFF flow>3703 srcPort>42219 dst>fd10:62:100::2/21503 
18:44:09.077166 SHUTDOWN flow>3704 srcPort>44915 dst>fd10:62:100::2/21504 
18:44:09.077586 OFF flow>3704 srcPort>44915 dst>fd10:62:100::2/21504 
18:44:09.091844 SHUTDOWN flow>3705 srcPort>43005 dst>fd10:62:100::2/21505 
18:44:09.092162 OFF flow>3705 srcPort>43005 dst>fd10:62:100::2/21505 
18:44:09.167892 ON flow>3725 srcPort>39867 dst>fd10:62:100::2/21525 
18:44:09.168203 CONNECT flow>3725 srcPort>39867 dst>fd10:62:100::2/21525 
18:44:09.278544 SHUTDOWN flow>3706 srcPort>44643 dst>fd10:62:100::2/21506 
18:44:09.278908 OFF flow>3706 srcPort>44643 dst>fd10:62:100::2/21506 
18:44:09.375424 ON flow>3726 srcPort>38241 dst>fd10:62:100::2/21526 
18:44:09.375755 CONNECT flow>3726 srcPort>38241 dst>fd10:62:100::2/21526 
18:44:09.445557 SHUTDOWN flow>3707 srcPort>34061 dst>fd10:62:100::2/21507 
18:44:09.445950 OFF flow>3707 srcPort>34061 dst>fd10:62:100::2/21507 
18:44:09.457860 SHUTDOWN flow>3708 srcPort>45959 dst>fd10:62:100::2/21508 
18:44:09.458217 OFF flow>3708 srcPort>45959 dst>fd10:62:100::2/21508 
18:44:09.529168 SHUTDOWN flow>3709 srcPort>34463 dst>fd10:62:100::2/21509 
18:44:09.529533 OFF flow>3709 srcPort>34463 dst>fd10:62:100::2/21509 
18:44:09.590456 ON flow>3727 srcPort>38073 dst>fd10:62:100::2/21527 
18:44:09.590774 CONNECT flow>3727 srcPort>38073 dst>fd10:62:100::2/21527 
18:44:09.666465 SHUTDOWN flow>3710 srcPort>33793 dst>fd10:62:100::2/21510 
18:44:09.666918 OFF flow>3710 srcPort>33793 dst>fd10:62:100::2/21510 
18:44:09.681254 SHUTDOWN flow>3711 srcPort>45661 dst>fd10:62:100::2/21511 
18:44:09.681705 OFF flow>3711 srcPort>45661 dst>fd10:62:100::2/21511 
18:44:09.685632 ON flow>3728 srcPort>40745 dst>fd10:62:100::2/21528 
18:44:09.685942 CONNECT flow>3728 srcPort>40745 dst>fd10:62:100::2/21528 
18:44:09.720726 ON flow>3729 srcPort>34583 dst>fd10:62:100::2/21529 
18:44:09.721113 CONNECT flow>3729 srcPort>34583 dst>fd10:62:100::2/21529 
18:44:09.788170 SHUTDOWN flow>3712 srcPort>40867 dst>fd10:62:100::2/21512 
18:44:09.788535 OFF flow>3712 srcPort>40867 dst>fd10:62:100::2/21512 
18:44:09.813567 SHUTDOWN flow>3713 srcPort>33743 dst>fd10:62:100::2/21513 
18:44:09.814071 OFF flow>3713 srcPort>33743 dst>fd10:62:100::2/21513 
18:44:09.954448 ON flow>3730 srcPort>40013 dst>fd10:62:100::2/21530 
18:44:09.954744 CONNECT flow>3730 srcPort>40013 dst>fd10:62:100::2/21530 
18:44:10.223940 ON flow>3731 srcPort>41031 dst>fd10:62:100::2/21531 
18:44:10.224228 CONNECT flow>3731 srcPort>41031 dst>fd10:62:100::2/21531 
18:44:10.234026 ON flow>3732 srcPort>44921 dst>fd10:62:100::2/21532 
18:44:10.234318 CONNECT flow>3732 srcPort>44921 dst>fd10:62:100::2/21532 
18:44:10.253529 ON flow>3733 srcPort>43751 dst>fd10:62:100::2/21533 
18:44:10.253893 CONNECT flow>3733 srcPort>43751 dst>fd10:62:100::2/21533 
18:44:10.399739 ON flow>3734 srcPort>38037 dst>fd10:62:100::2/21534 
18:44:10.400292 CONNECT flow>3734 srcPort>38037 dst>fd10:62:100::2/21534 
18:44:10.476723 ON flow>3735 srcPort>37763 dst>fd10:62:100::2/21535 
18:44:10.477064 CONNECT flow>3735 srcPort>37763 dst>fd10:62:100::2/21535 
18:44:10.708545 ON flow>3736 srcPort>39849 dst>fd10:62:100::2/21536 
18:44:10.708922 CONNECT flow>3736 srcPort>39849 dst>fd10:62:100::2/21536 
18:44:10.750627 ON flow>3737 srcPort>45183 dst>fd10:62:100::2/21537 
18:44:10.750900 CONNECT flow>3737 srcPort>45183 dst>fd10:62:100::2/21537 
18:44:10.849065 ON flow>3738 srcPort>40727 dst>fd10:62:100::2/21538 
18:44:10.849373 CONNECT flow>3738 srcPort>40727 dst>fd10:62:100::2/21538 
18:44:10.877341 ON flow>3739 srcPort>41311 dst>fd10:62:100::2/21539 
18:44:10.877639 CONNECT flow>3739 srcPort>41311 dst>fd10:62:100::2/21539 
18:44:11.096959 ON flow>3740 srcPort>36037 dst>fd10:62:100::2/21540 
18:44:11.097280 CONNECT flow>3740 srcPort>36037 dst>fd10:62:100::2/21540 
18:44:11.110040 ON flow>3741 srcPort>34473 dst>fd10:62:100::2/21541 
18:44:11.110309 CONNECT flow>3741 srcPort>34473 dst>fd10:62:100::2/21541 
18:44:11.131726 ON flow>3742 srcPort>42141 dst>fd10:62:100::2/21542 
18:44:11.132104 CONNECT flow>3742 srcPort>42141 dst>fd10:62:100::2/21542 
18:44:11.391072 ON flow>3743 srcPort>43743 dst>fd10:62:100::2/21543 
18:44:11.391349 CONNECT flow>3743 srcPort>43743 dst>fd10:62:100::2/21543 
18:44:11.448955 ON flow>3744 srcPort>33895 dst>fd10:62:100::2/21544 
18:44:11.449322 CONNECT flow>3744 srcPort>33895 dst>fd10:62:100::2/21544 
18:44:11.761102 ON flow>3745 srcPort>34421 dst>fd10:62:100::2/21545 
18:44:11.761426 CONNECT flow>3745 srcPort>34421 dst>fd10:62:100::2/21545 
18:44:11.820446 ON flow>3746 srcPort>41957 dst>fd10:62:100::2/21546 
18:44:11.820744 CONNECT flow>3746 srcPort>41957 dst>fd10:62:100::2/21546 
18:44:11.862993 ON flow>3747 srcPort>41861 dst>fd10:62:100::2/21547 
18:44:11.863311 CONNECT flow>3747 srcPort>41861 dst>fd10:62:100::2/21547 
18:44:11.874643 ON flow>3748 srcPort>45775 dst>fd10:62:100::2/21548 
18:44:11.874997 CONNECT flow>3748 srcPort>45775 dst>fd10:62:100::2/21548 
18:44:11.946844 ON flow>3749 srcPort>37841 dst>fd10:62:100::2/21549 
18:44:11.947184 CONNECT flow>3749 srcPort>37841 dst>fd10:62:100::2/21549 
18:44:11.950831 ON flow>3750 srcPort>36685 dst>fd10:62:100::2/21550 
18:44:11.951166 CONNECT flow>3750 srcPort>36685 dst>fd10:62:100::2/21550 
18:44:11.954948 ON flow>3751 srcPort>41777 dst>fd10:62:100::2/21551 
18:44:11.955222 CONNECT flow>3751 srcPort>41777 dst>fd10:62:100::2/21551 
18:44:11.975264 ON flow>3752 srcPort>34441 dst>fd10:62:100::2/21552 
18:44:11.975559 ON flow>3753 srcPort>42561 dst>fd10:62:100::2/21553 
18:44:11.975589 CONNECT flow>3752 srcPort>34441 dst>fd10:62:100::2/21552 
18:44:11.976021 CONNECT flow>3753 srcPort>42561 dst>fd10:62:100::2/21553 
18:44:11.985254 ON flow>3754 srcPort>34205 dst>fd10:62:100::2/21554 
18:44:11.985605 CONNECT flow>3754 srcPort>34205 dst>fd10:62:100::2/21554 
18:44:12.036250 ON flow>3755 srcPort>35419 dst>fd10:62:100::2/21555 
18:44:12.036575 CONNECT flow>3755 srcPort>35419 dst>fd10:62:100::2/21555 
18:44:12.078157 ON flow>3756 srcPort>39461 dst>fd10:62:100::2/21556 
18:44:12.078419 CONNECT flow>3756 srcPort>39461 dst>fd10:62:100::2/21556 
18:44:12.081637 ON flow>3757 srcPort>45809 dst>fd10:62:100::2/21557 
18:44:12.081938 CONNECT flow>3757 srcPort>45809 dst>fd10:62:100::2/21557 
18:44:12.090062 ON flow>3758 srcPort>34419 dst>fd10:62:100::2/21558 
18:44:12.090354 CONNECT flow>3758 srcPort>34419 dst>fd10:62:100::2/21558 
18:44:12.216620 ON flow>3759 srcPort>33591 dst>fd10:62:100::2/21559 
18:44:12.216926 CONNECT flow>3759 srcPort>33591 dst>fd10:62:100::2/21559 
18:44:12.562341 SHUTDOWN flow>3714 srcPort>33145 dst>fd10:62:100::2/21514 
18:44:12.562857 OFF flow>3714 srcPort>33145 dst>fd10:62:100::2/21514 
18:44:12.597257 SHUTDOWN flow>3715 srcPort>36535 dst>fd10:62:100::2/21515 
18:44:12.597632 OFF flow>3715 srcPort>36535 dst>fd10:62:100::2/21515 
18:44:12.623062 SHUTDOWN flow>3716 srcPort>35175 dst>fd10:62:100::2/21516 
18:44:12.623412 OFF flow>3716 srcPort>35175 dst>fd10:62:100::2/21516 
18:44:12.627857 SHUTDOWN flow>3717 srcPort>38975 dst>fd10:62:100::2/21517 
18:44:12.628191 OFF flow>3717 srcPort>38975 dst>fd10:62:100::2/21517 
18:44:12.649218 ON flow>3760 srcPort>46849 dst>fd10:62:100::2/21560 
18:44:12.649569 CONNECT flow>3760 srcPort>46849 dst>fd10:62:100::2/21560 
18:44:12.662157 SHUTDOWN flow>3718 srcPort>43673 dst>fd10:62:100::2/21518 
18:44:12.662633 OFF flow>3718 srcPort>43673 dst>fd10:62:100::2/21518 
18:44:12.789275 ON flow>3761 srcPort>32913 dst>fd10:62:100::2/21561 
18:44:12.789582 CONNECT flow>3761 srcPort>32913 dst>fd10:62:100::2/21561 
18:44:12.819053 ON flow>3762 srcPort>44005 dst>fd10:62:100::2/21562 
18:44:12.819323 CONNECT flow>3762 srcPort>44005 dst>fd10:62:100::2/21562 
18:44:12.941070 SHUTDOWN flow>3719 srcPort>39843 dst>fd10:62:100::2/21519 
18:44:12.941407 OFF flow>3719 srcPort>39843 dst>fd10:62:100::2/21519 
18:44:13.017470 SHUTDOWN flow>3720 srcPort>41185 dst>fd10:62:100::2/21520 
18:44:13.018181 OFF flow>3720 srcPort>41185 dst>fd10:62:100::2/21520 
18:44:13.027065 ON flow>3763 srcPort>38933 dst>fd10:62:100::2/21563 
18:44:13.027381 CONNECT flow>3763 srcPort>38933 dst>fd10:62:100::2/21563 
18:44:13.075763 ON flow>3764 srcPort>35967 dst>fd10:62:100::2/21564 
18:44:13.076036 CONNECT flow>3764 srcPort>35967 dst>fd10:62:100::2/21564 
18:44:13.236487 ON flow>3765 srcPort>35091 dst>fd10:62:100::2/21565 
18:44:13.236798 CONNECT flow>3765 srcPort>35091 dst>fd10:62:100::2/21565 
18:44:13.256850 ON flow>3766 srcPort>39687 dst>fd10:62:100::2/21566 
18:44:13.257154 CONNECT flow>3766 srcPort>39687 dst>fd10:62:100::2/21566 
18:44:13.391281 ON flow>3767 srcPort>35237 dst>fd10:62:100::2/21567 
18:44:13.391560 CONNECT flow>3767 srcPort>35237 dst>fd10:62:100::2/21567 
18:44:13.423964 ON flow>3768 srcPort>37341 dst>fd10:62:100::2/21568 
18:44:13.424279 CONNECT flow>3768 srcPort>37341 dst>fd10:62:100::2/21568 
18:44:13.523774 SHUTDOWN flow>3721 srcPort>46401 dst>fd10:62:100::2/21521 
18:44:13.524150 OFF flow>3721 srcPort>46401 dst>fd10:62:100::2/21521 
18:44:13.537042 ON flow>3769 srcPort>43381 dst>fd10:62:100::2/21569 
18:44:13.537354 CONNECT flow>3769 srcPort>43381 dst>fd10:62:100::2/21569 
18:44:13.659796 ON flow>3770 srcPort>33675 dst>fd10:62:100::2/21570 
18:44:13.660396 CONNECT flow>3770 srcPort>33675 dst>fd10:62:100::2/21570 
18:44:13.681215 SHUTDOWN flow>3722 srcPort>46861 dst>fd10:62:100::2/21522 
18:44:13.681634 OFF flow>3722 srcPort>46861 dst>fd10:62:100::2/21522 
18:44:13.702577 SHUTDOWN flow>3723 srcPort>44421 dst>fd10:62:100::2/21523 
18:44:13.702959 OFF flow>3723 srcPort>44421 dst>fd10:62:100::2/21523 
18:44:13.708763 ON flow>3771 srcPort>40619 dst>fd10:62:100::2/21571 
18:44:13.709131 CONNECT flow>3771 srcPort>40619 dst>fd10:62:100::2/21571 
18:44:13.749777 SHUTDOWN flow>3724 srcPort>33363 dst>fd10:62:100::2/21524 
18:44:13.750152 OFF flow>3724 srcPort>33363 dst>fd10:62:100::2/21524 
18:44:13.825964 ON flow>3772 srcPort>33989 dst>fd10:62:100::2/21572 
18:44:13.826264 CONNECT flow>3772 srcPort>33989 dst>fd10:62:100::2/21572 
18:44:13.947461 ON flow>3773 srcPort>34157 dst>fd10:62:100::2/21573 
18:44:13.947754 CONNECT flow>3773 srcPort>34157 dst>fd10:62:100::2/21573 
18:44:13.967813 SHUTDOWN flow>3725 srcPort>39867 dst>fd10:62:100::2/21525 
18:44:13.968239 OFF flow>3725 srcPort>39867 dst>fd10:62:100::2/21525 
18:44:14.175271 SHUTDOWN flow>3726 srcPort>38241 dst>fd10:62:100::2/21526 
18:44:14.175688 OFF flow>3726 srcPort>38241 dst>fd10:62:100::2/21526 
18:44:14.196605 SHUTDOWN flow>3003 srcPort>45283 dst>fd10:62:100::2/20002 
18:44:14.196640 SHUTDOWN flow>3002 srcPort>38381 dst>fd10:62:100::2/20001 
18:44:14.196688 SHUTDOWN flow>3004 srcPort>45051 dst>fd10:62:100::2/20003 
18:44:14.196876 SHUTDOWN flow>3001 srcPort>35871 dst>fd10:62:100::2/20000 
18:44:14.197014 OFF flow>3003 srcPort>45283 dst>fd10:62:100::2/20002 
18:44:14.197108 OFF flow>3002 srcPort>38381 dst>fd10:62:100::2/20001 
18:44:14.197185 OFF flow>3001 srcPort>35871 dst>fd10:62:100::2/20000 
18:44:14.197210 OFF flow>3004 srcPort>45051 dst>fd10:62:100::2/20003 
18:44:14.390416 SHUTDOWN flow>3727 srcPort>38073 dst>fd10:62:100::2/21527 
18:44:14.390812 OFF flow>3727 srcPort>38073 dst>fd10:62:100::2/21527 
18:44:14.485578 SHUTDOWN flow>3728 srcPort>40745 dst>fd10:62:100::2/21528 
18:44:14.486065 OFF flow>3728 srcPort>40745 dst>fd10:62:100::2/21528 
18:44:14.520686 SHUTDOWN flow>3729 srcPort>34583 dst>fd10:62:100::2/21529 
18:44:14.521234 OFF flow>3729 srcPort>34583 dst>fd10:62:100::2/21529 
18:44:14.754367 SHUTDOWN flow>3730 srcPort>40013 dst>fd10:62:100::2/21530 
18:44:14.754724 OFF flow>3730 srcPort>40013 dst>fd10:62:100::2/21530 
18:44:15.023872 SHUTDOWN flow>3731 srcPort>41031 dst>fd10:62:100::2/21531 
18:44:15.024307 OFF flow>3731 srcPort>41031 dst>fd10:62:100::2/21531 
18:44:15.033956 SHUTDOWN flow>3732 srcPort>44921 dst>fd10:62:100::2/21532 
18:44:15.034299 OFF flow>3732 srcPort>44921 dst>fd10:62:100::2/21532 
18:44:15.053466 SHUTDOWN flow>3733 srcPort>43751 dst>fd10:62:100::2/21533 
18:44:15.053873 OFF flow>3733 srcPort>43751 dst>fd10:62:100::2/21533 
18:44:15.199673 SHUTDOWN flow>3734 srcPort>38037 dst>fd10:62:100::2/21534 
18:44:15.200107 OFF flow>3734 srcPort>38037 dst>fd10:62:100::2/21534 
18:44:15.276567 SHUTDOWN flow>3735 srcPort>37763 dst>fd10:62:100::2/21535 
18:44:15.276917 OFF flow>3735 srcPort>37763 dst>fd10:62:100::2/21535 
18:44:15.508485 SHUTDOWN flow>3736 srcPort>39849 dst>fd10:62:100::2/21536 
18:44:15.508923 OFF flow>3736 srcPort>39849 dst>fd10:62:100::2/21536 
18:44:15.550615 SHUTDOWN flow>3737 srcPort>45183 dst>fd10:62:100::2/21537 
18:44:15.550981 OFF flow>3737 srcPort>45183 dst>fd10:62:100::2/21537 
18:44:15.648964 SHUTDOWN flow>3738 srcPort>40727 dst>fd10:62:100::2/21538 
18:44:15.649512 OFF flow>3738 srcPort>40727 dst>fd10:62:100::2/21538 
18:44:15.677266 SHUTDOWN flow>3739 srcPort>41311 dst>fd10:62:100::2/21539 
18:44:15.677669 OFF flow>3739 srcPort>41311 dst>fd10:62:100::2/21539 
18:44:15.896863 SHUTDOWN flow>3740 srcPort>36037 dst>fd10:62:100::2/21540 
18:44:15.897263 OFF flow>3740 srcPort>36037 dst>fd10:62:100::2/21540 
18:44:15.909972 SHUTDOWN flow>3741 srcPort>34473 dst>fd10:62:100::2/21541 
18:44:15.910364 OFF flow>3741 srcPort>34473 dst>fd10:62:100::2/21541 
18:44:15.931573 SHUTDOWN flow>3742 srcPort>42141 dst>fd10:62:100::2/21542 
18:44:15.931963 OFF flow>3742 srcPort>42141 dst>fd10:62:100::2/21542 
18:44:16.190966 SHUTDOWN flow>3743 srcPort>43743 dst>fd10:62:100::2/21543 
18:44:16.191331 OFF flow>3743 srcPort>43743 dst>fd10:62:100::2/21543 
18:44:16.248871 SHUTDOWN flow>3744 srcPort>33895 dst>fd10:62:100::2/21544 
18:44:16.249456 OFF flow>3744 srcPort>33895 dst>fd10:62:100::2/21544 
18:44:16.560969 SHUTDOWN flow>3745 srcPort>34421 dst>fd10:62:100::2/21545 
18:44:16.561366 OFF flow>3745 srcPort>34421 dst>fd10:62:100::2/21545 
18:44:16.620369 SHUTDOWN flow>3746 srcPort>41957 dst>fd10:62:100::2/21546 
18:44:16.620696 OFF flow>3746 srcPort>41957 dst>fd10:62:100::2/21546 
18:44:16.662870 SHUTDOWN flow>3747 srcPort>41861 dst>fd10:62:100::2/21547 
18:44:16.663199 OFF flow>3747 srcPort>41861 dst>fd10:62:100::2/21547 
18:44:16.674573 SHUTDOWN flow>3748 srcPort>45775 dst>fd10:62:100::2/21548 
18:44:16.674942 OFF flow>3748 srcPort>45775 dst>fd10:62:100::2/21548 
18:44:16.746783 SHUTDOWN flow>3749 srcPort>37841 dst>fd10:62:100::2/21549 
18:44:16.747218 OFF flow>3749 srcPort>37841 dst>fd10:62:100::2/21549 
18:44:16.750771 SHUTDOWN flow>3750 srcPort>36685 dst>fd10:62:100::2/21550 
18:44:16.751205 OFF flow>3750 srcPort>36685 dst>fd10:62:100::2/21550 
18:44:16.754874 SHUTDOWN flow>3751 srcPort>41777 dst>fd10:62:100::2/21551 
18:44:16.755270 OFF flow>3751 srcPort>41777 dst>fd10:62:100::2/21551 
18:44:16.775176 SHUTDOWN flow>3752 srcPort>34441 dst>fd10:62:100::2/21552 
18:44:16.775507 OFF flow>3752 srcPort>34441 dst>fd10:62:100::2/21552 
18:44:16.775536 SHUTDOWN flow>3753 srcPort>42561 dst>fd10:62:100::2/21553 
18:44:16.775848 OFF flow>3753 srcPort>42561 dst>fd10:62:100::2/21553 
18:44:16.785182 SHUTDOWN flow>3754 srcPort>34205 dst>fd10:62:100::2/21554 
18:44:16.785638 OFF flow>3754 srcPort>34205 dst>fd10:62:100::2/21554 
18:44:16.836087 SHUTDOWN flow>3755 srcPort>35419 dst>fd10:62:100::2/21555 
18:44:16.836644 OFF flow>3755 srcPort>35419 dst>fd10:62:100::2/21555 
18:44:16.878091 SHUTDOWN flow>3756 srcPort>39461 dst>fd10:62:100::2/21556 
18:44:16.878488 OFF flow>3756 srcPort>39461 dst>fd10:62:100::2/21556 
18:44:16.881595 SHUTDOWN flow>3757 srcPort>45809 dst>fd10:62:100::2/21557 
18:44:16.882060 OFF flow>3757 srcPort>45809 dst>fd10:62:100::2/21557 
18:44:16.889800 SHUTDOWN flow>3758 srcPort>34419 dst>fd10:62:100::2/21558 
18:44:16.890212 OFF flow>3758 srcPort>34419 dst>fd10:62:100::2/21558 
18:44:17.016489 SHUTDOWN flow>3759 srcPort>33591 dst>fd10:62:100::2/21559 
18:44:17.016939 OFF flow>3759 srcPort>33591 dst>fd10:62:100::2/21559 
18:44:17.449086 SHUTDOWN flow>3760 srcPort>46849 dst>fd10:62:100::2/21560 
18:44:17.449587 OFF flow>3760 srcPort>46849 dst>fd10:62:100::2/21560 
18:44:17.589191 SHUTDOWN flow>3761 srcPort>32913 dst>fd10:62:100::2/21561 
18:44:17.589601 OFF flow>3761 srcPort>32913 dst>fd10:62:100::2/21561 
18:44:17.618989 SHUTDOWN flow>3762 srcPort>44005 dst>fd10:62:100::2/21562 
18:44:17.619378 OFF flow>3762 srcPort>44005 dst>fd10:62:100::2/21562 
18:44:17.826983 SHUTDOWN flow>3763 srcPort>38933 dst>fd10:62:100::2/21563 
18:44:17.827337 OFF flow>3763 srcPort>38933 dst>fd10:62:100::2/21563 
18:44:17.875691 SHUTDOWN flow>3764 srcPort>35967 dst>fd10:62:100::2/21564 
18:44:17.876062 OFF flow>3764 srcPort>35967 dst>fd10:62:100::2/21564 
18:44:18.036370 SHUTDOWN flow>3765 srcPort>35091 dst>fd10:62:100::2/21565 
18:44:18.036726 OFF flow>3765 srcPort>35091 dst>fd10:62:100::2/21565 
18:44:18.056801 SHUTDOWN flow>3766 srcPort>39687 dst>fd10:62:100::2/21566 
18:44:18.057230 OFF flow>3766 srcPort>39687 dst>fd10:62:100::2/21566 
18:44:18.191176 SHUTDOWN flow>3767 srcPort>35237 dst>fd10:62:100::2/21567 
18:44:18.191678 OFF flow>3767 srcPort>35237 dst>fd10:62:100::2/21567 
18:44:18.223898 SHUTDOWN flow>3768 srcPort>37341 dst>fd10:62:100::2/21568 
18:44:18.224333 OFF flow>3768 srcPort>37341 dst>fd10:62:100::2/21568 
18:44:18.336880 SHUTDOWN flow>3769 srcPort>43381 dst>fd10:62:100::2/21569 
18:44:18.337312 OFF flow>3769 srcPort>43381 dst>fd10:62:100::2/21569 
18:44:18.459679 SHUTDOWN flow>3770 srcPort>33675 dst>fd10:62:100::2/21570 
18:44:18.460172 OFF flow>3770 srcPort>33675 dst>fd10:62:100::2/21570 
18:44:18.508676 SHUTDOWN flow>3771 srcPort>40619 dst>fd10:62:100::2/21571 
18:44:18.509055 OFF flow>3771 srcPort>40619 dst>fd10:62:100::2/21571 
18:44:18.625888 SHUTDOWN flow>3772 srcPort>33989 dst>fd10:62:100::2/21572 
18:44:18.626302 OFF flow>3772 srcPort>33989 dst>fd10:62:100::2/21572 
18:44:18.747413 SHUTDOWN flow>3773 srcPort>34157 dst>fd10:62:100::2/21573 
18:44:18.747912 OFF flow>3773 srcPort>34157 dst>fd10:62:100::2/21573 
18:44:18.747963 STOP
