18:36:55.125150 START Mgen Version 5.1.1
18:37:05.125826 ON flow>1 srcPort>41053 dst>fd00:6::2/5201 
18:37:05.158365 CONNECT flow>1 srcPort>41053 dst>fd00:6::2/5201 
18:37:05.260073 TCPINFO flow>1 window>0.102 samples>126 rtt_avg_us>31814 rtt_min_us>31084 rtt_max_us>32543 cwnd>56 cwnd_min>10 cwnd_max>56 throughput_kbps>10100.687 goodput_kbps>4743.518 retrans>0 total_retrans>0 bytes_acked>60233
18:37:05.392470 TCPINFO flow>1 window>0.132 samples>177 rtt_avg_us>31017 rtt_min_us>30950 rtt_max_us>32379 cwnd>37 cwnd_min>34 cwnd_max>57 throughput_kbps>10978.859 goodput_kbps>12754.851 retrans>0 total_retrans>0 bytes_acked>271321
18:37:05.525855 TCPINFO flow>1 window>0.133 samples>177 rtt_avg_us>32002 rtt_min_us>31617 rtt_max_us>32379 cwnd>41 cwnd_min>37 cwnd_max>41 throughput_kbps>12740.503 goodput_kbps>12339.858 retrans>0 total_retrans>0 bytes_acked>477065
18:37:05.638015 TCPINFO flow>1 window>0.112 samples>91 rtt_avg_us>31701 rtt_min_us>31666 rtt_max_us>32150 cwnd>44 cwnd_min>41 cwnd_max>44 throughput_kbps>14198.573 goodput_kbps>13531.526 retrans>0 total_retrans>0 bytes_acked>666777
18:37:05.772751 TCPINFO flow>1 window>0.135 samples>177 rtt_avg_us>31868 rtt_min_us>31699 rtt_max_us>32017 cwnd>48 cwnd_min>44 cwnd_max>48 throughput_kbps>15785.774 goodput_kbps>15389.146 retrans>0 total_retrans>0 bytes_acked>925961
18:37:05.898728 TCPINFO flow>1 window>0.126 samples>177 rtt_avg_us>31843 rtt_min_us>31617 rtt_max_us>32115 cwnd>52 cwnd_min>48 cwnd_max>52 throughput_kbps>16883.336 goodput_kbps>16628.813 retrans>0 total_retrans>0 bytes_acked>1187817
18:37:06.015474 TCPINFO flow>1 window>0.117 samples>177 rtt_avg_us>31699 rtt_min_us>31526 rtt_max_us>31995 cwnd>56 cwnd_min>52 cwnd_max>56 throughput_kbps>18218.286 goodput_kbps>17760.540 retrans>0 total_retrans>0 bytes_acked>1447001
18:37:06.123193 TCPINFO flow>1 window>0.108 samples>177 rtt_avg_us>31568 rtt_min_us>31449 rtt_max_us>31752 cwnd>59 cwnd_min>56 cwnd_max>59 throughput_kbps>19546.561 goodput_kbps>19248.898 retrans>0 total_retrans>0 bytes_acked>1706185
18:37:06.225433 TCPINFO flow>1 window>0.102 samples>178 rtt_avg_us>31450 rtt_min_us>31362 rtt_max_us>31665 cwnd>62 cwnd_min>59 cwnd_max>62 throughput_kbps>20594.053 goodput_kbps>20280.438 retrans>0 total_retrans>0 bytes_acked>1965369
18:37:06.325854 TCPINFO flow>1 window>0.100 samples>185 rtt_avg_us>31609 rtt_min_us>31388 rtt_max_us>31751 cwnd>66 cwnd_min>62 cwnd_max>66 throughput_kbps>21605.680 goodput_kbps>21073.520 retrans>0 total_retrans>0 bytes_acked>2229897
18:37:06.425888 TCPINFO flow>1 window>0.100 samples>88 rtt_avg_us>31432 rtt_min_us>31388 rtt_max_us>31552 cwnd>69 cwnd_min>66 cwnd_max>69 throughput_kbps>14604.954 goodput_kbps>21656.637 retrans>0 total_retrans>0 bytes_acked>2500697
18:37:06.625947 TCPINFO flow>1 window>0.200 samples>3 rtt_avg_us>31552 rtt_min_us>31552 rtt_max_us>31552 cwnd>69 cwnd_min>69 cwnd_max>69 throughput_kbps>0.000 goodput_kbps>0.000 retrans>0 total_retrans>0 bytes_acked>2500697
18:37:06.825884 TCPINFO flow>1 window>0.200 samples>3 rtt_avg_us>31552 rtt_min_us>31552 rtt_max_us>31552 cwnd>69 cwnd_min>69 cwnd_max>69 throughput_kbps>0.000 goodput_kbps>0.000 retrans>0 total_retrans>0 bytes_acked>2500697
18:37:07.025868 TCPINFO flow>1 window>0.200 samples>3 rtt_avg_us>31552 rtt_min_us>31552 rtt_max_us>31552 cwnd>69 cwnd_min>69 cwnd_max>69 throughput_kbps>0.000 goodput_kbps>0.000 retrans>0 total_retrans>0 bytes_acked>2500697
18:37:07.125907 TCPINFO flow>1 window>0.100 samples>9 rtt_avg_us>31552 rtt_min_us>31552 rtt_max_us>31552 cwnd>69 cwnd_min>69 cwnd_max>69 throughput_kbps>213.677 goodput_kbps>0.000 retrans>0 total_retrans>0 bytes_acked>2500697
18:37:07.261342 TCPINFO flow>1 window>0.135 samples>318 rtt_avg_us>31499 rtt_min_us>31384 rtt_max_us>31606 cwnd>72 cwnd_min>69 cwnd_max>72 throughput_kbps>23832.658 goodput_kbps>18466.364 retrans>0 total_retrans>0 bytes_acked>2813321
18:37:07.386076 TCPINFO flow>1 window>0.125 samples>267 rtt_avg_us>31527 rtt_min_us>31428 rtt_max_us>31740 cwnd>75 cwnd_min>72 cwnd_max>75 throughput_kbps>24506.293 goodput_kbps>24334.921 retrans>0 total_retrans>0 bytes_acked>3192745
18:37:07.503521 TCPINFO flow>1 window>0.117 samples>266 rtt_avg_us>31418 rtt_min_us>31369 rtt_max_us>31511 cwnd>78 cwnd_min>75 cwnd_max>78 throughput_kbps>25845.221 goodput_kbps>25663.213 retrans>0 total_retrans>0 bytes_acked>3569497
18:37:07.619758 TCPINFO flow>1 window>0.116 samples>265 rtt_avg_us>31359 rtt_min_us>31304 rtt_max_us>31427 cwnd>81 cwnd_min>78 cwnd_max>81 throughput_kbps>26849.420 goodput_kbps>26297.719 retrans>0 total_retrans>0 bytes_acked>3951593
18:37:07.725853 TCPINFO flow>1 window>0.106 samples>266 rtt_avg_us>31350 rtt_min_us>31287 rtt_max_us>31456 cwnd>84 cwnd_min>81 cwnd_max>84 throughput_kbps>28106.433 goodput_kbps>27804.213 retrans>0 total_retrans>0 bytes_acked>4320329
18:37:07.825865 TCPINFO flow>1 window>0.100 samples>266 rtt_avg_us>31396 rtt_min_us>31305 rtt_max_us>32326 cwnd>86 cwnd_min>84 cwnd_max>86 throughput_kbps>28106.067 goodput_kbps>27892.333 retrans>0 total_retrans>0 bytes_acked>4669025
18:37:07.925866 TCPINFO flow>1 window>0.100 samples>75 rtt_avg_us>31291 rtt_min_us>31090 rtt_max_us>31535 cwnd>88 cwnd_min>86 cwnd_max>88 throughput_kbps>17504.465 goodput_kbps>26589.174 retrans>0 total_retrans>0 bytes_acked>5001393
18:37:08.025888 TCPINFO flow>1 window>0.100 samples>2 rtt_avg_us>31090 rtt_min_us>31090 rtt_max_us>31090 cwnd>88 cwnd_min>88 cwnd_max>88 throughput_kbps>0.000 goodput_kbps>0.000 retrans>0 total_retrans>0 bytes_acked>5001393
18:37:08.225865 TCPINFO flow>1 window>0.200 samples>3 rtt_avg_us>31090 rtt_min_us>31090 rtt_max_us>31090 cwnd>88 cwnd_min>88 cwnd_max>88 throughput_kbps>0.000 goodput_kbps>0.000 retrans>0 total_retrans>0 bytes_acked>5001393
18:37:08.425867 TCPINFO flow>1 window>0.200 samples>3 rtt_avg_us>31090 rtt_min_us>31090 rtt_max_us>31090 cwnd>88 cwnd_min>88 cwnd_max>88 throughput_kbps>0.000 goodput_kbps>0.000 retrans>0 total_retrans>0 bytes_acked>5001393
18:37:08.625865 TCPINFO flow>1 window>0.200 samples>3 rtt_avg_us>31090 rtt_min_us>31090 rtt_max_us>31090 cwnd>88 cwnd_min>88 cwnd_max>88 throughput_kbps>0.000 goodput_kbps>0.000 retrans>0 total_retrans>0 bytes_acked>5001393
18:37:08.825861 TCPINFO flow>1 window>0.200 samples>3 rtt_avg_us>31090 rtt_min_us>31090 rtt_max_us>31090 cwnd>88 cwnd_min>88 cwnd_max>88 throughput_kbps>0.000 goodput_kbps>0.000 retrans>0 total_retrans>0 bytes_acked>5001393
18:37:09.025862 TCPINFO flow>1 window>0.200 samples>3 rtt_avg_us>31090 rtt_min_us>31090 rtt_max_us>31090 cwnd>88 cwnd_min>88 cwnd_max>88 throughput_kbps>0.000 goodput_kbps>0.000 retrans>0 total_retrans>0 bytes_acked>5001393
18:37:09.125884 TCPINFO flow>1 window>0.100 samples>9 rtt_avg_us>31090 rtt_min_us>31090 rtt_max_us>31090 cwnd>88 cwnd_min>88 cwnd_max>88 throughput_kbps>320.569 goodput_kbps>0.000 retrans>0 total_retrans>0 bytes_acked>5001393
18:37:09.248303 TCPINFO flow>1 window>0.122 samples>366 rtt_avg_us>31160 rtt_min_us>31090 rtt_max_us>31432 cwnd>89 cwnd_min>88 cwnd_max>89 throughput_kbps>30033.508 goodput_kbps>22612.438 retrans>0 total_retrans>0 bytes_acked>5347417
18:37:09.349379 TCPINFO flow>1 window>0.101 samples>266 rtt_avg_us>31213 rtt_min_us>31105 rtt_max_us>31386 cwnd>89 cwnd_min>89 cwnd_max>90 throughput_kbps>30242.273 goodput_kbps>30242.273 retrans>0 total_retrans>0 bytes_acked>5729513
18:37:09.449904 TCPINFO flow>1 window>0.101 samples>266 rtt_avg_us>31332 rtt_min_us>31209 rtt_max_us>31541 cwnd>93 cwnd_min>89 cwnd_max>93 throughput_kbps>30727.003 goodput_kbps>30408.038 retrans>0 total_retrans>0 bytes_acked>6111609
18:37:09.576367 TCPINFO flow>1 window>0.126 samples>354 rtt_avg_us>31371 rtt_min_us>31175 rtt_max_us>31970 cwnd>96 cwnd_min>93 cwnd_max>96 throughput_kbps>31862.094 goodput_kbps>31693.064 retrans>0 total_retrans>0 bytes_acked>6612609
18:37:09.688330 TCPINFO flow>1 window>0.112 samples>310 rtt_avg_us>31322 rtt_min_us>31200 rtt_max_us>31516 cwnd>97 cwnd_min>96 cwnd_max>97 throughput_kbps>32265.516 goodput_kbps>32170.056 retrans>0 total_retrans>0 bytes_acked>7062841
18:37:09.825862 TCPINFO flow>1 window>0.138 samples>161 rtt_avg_us>31288 rtt_min_us>31189 rtt_max_us>31371 cwnd>97 cwnd_min>97 cwnd_max>97 throughput_kbps>18245.296 goodput_kbps>25550.301 retrans>0 total_retrans>0 bytes_acked>7502089
18:37:10.025866 TCPINFO flow>1 window>0.200 samples>3 rtt_avg_us>31189 rtt_min_us>31189 rtt_max_us>31189 cwnd>97 cwnd_min>97 cwnd_max>97 throughput_kbps>0.000 goodput_kbps>0.000 retrans>0 total_retrans>0 bytes_acked>7502089
18:37:10.225861 TCPINFO flow>1 window>0.200 samples>3 rtt_avg_us>31189 rtt_min_us>31189 rtt_max_us>31189 cwnd>97 cwnd_min>97 cwnd_max>97 throughput_kbps>0.000 goodput_kbps>0.000 retrans>0 total_retrans>0 bytes_acked>7502089
18:37:10.325863 TCPINFO flow>1 window>0.100 samples>2 rtt_avg_us>31189 rtt_min_us>31189 rtt_max_us>31189 cwnd>97 cwnd_min>97 cwnd_max>97 throughput_kbps>0.000 goodput_kbps>0.000 retrans>0 total_retrans>0 bytes_acked>7502089
18:37:10.425888 TCPINFO flow>1 window>0.100 samples>2 rtt_avg_us>31189 rtt_min_us>31189 rtt_max_us>31189 cwnd>97 cwnd_min>97 cwnd_max>97 throughput_kbps>0.000 goodput_kbps>0.000 retrans>0 total_retrans>0 bytes_acked>7502089
18:37:10.625875 TCPINFO flow>1 window>0.200 samples>3 rtt_avg_us>31189 rtt_min_us>31189 rtt_max_us>31189 cwnd>97 cwnd_min>97 cwnd_max>97 throughput_kbps>0.000 goodput_kbps>0.000 retrans>0 total_retrans>0 bytes_acked>7502089
18:37:10.825871 TCPINFO flow>1 window>0.200 samples>3 rtt_avg_us>31189 rtt_min_us>31189 rtt_max_us>31189 cwnd>97 cwnd_min>97 cwnd_max>97 throughput_kbps>0.000 goodput_kbps>0.000 retrans>0 total_retrans>0 bytes_acked>7502089
18:37:10.925882 TCPINFO flow>1 window>0.100 samples>2 rtt_avg_us>31189 rtt_min_us>31189 rtt_max_us>31189 cwnd>97 cwnd_min>97 cwnd_max>97 throughput_kbps>0.000 goodput_kbps>0.000 retrans>0 total_retrans>0 bytes_acked>7502089
18:37:11.125312 TCPINFO flow>1 window>0.199 samples>3 rtt_avg_us>31189 rtt_min_us>31189 rtt_max_us>31189 cwnd>97 cwnd_min>97 cwnd_max>97 throughput_kbps>53.593 goodput_kbps>0.000 retrans>0 total_retrans>0 bytes_acked>7502089
18:37:11.225854 TCPINFO flow>1 window>0.101 samples>464 rtt_avg_us>31188 rtt_min_us>31111 rtt_max_us>31243 cwnd>97 cwnd_min>96 cwnd_max>97 throughput_kbps>32954.188 goodput_kbps>22749.020 retrans>0 total_retrans>0 bytes_acked>7787993
18:37:11.325855 TCPINFO flow>1 window>0.100 samples>178 rtt_avg_us>31131 rtt_min_us>31055 rtt_max_us>31222 cwnd>94 cwnd_min>94 cwnd_max>97 throughput_kbps>32384.316 goodput_kbps>32918.711 retrans>0 total_retrans>0 bytes_acked>8199481
18:37:11.459653 TCPINFO flow>1 window>0.134 samples>355 rtt_avg_us>31268 rtt_min_us>31114 rtt_max_us>31850 cwnd>96 cwnd_min>92 cwnd_max>96 throughput_kbps>31872.763 goodput_kbps>31633.119 retrans>0 total_retrans>0 bytes_acked>8728537
18:37:11.583242 TCPINFO flow>1 window>0.124 samples>354 rtt_avg_us>31278 rtt_min_us>31179 rtt_max_us>31471 cwnd>100 cwnd_min>96 cwnd_max>100 throughput_kbps>33121.912 goodput_kbps>32948.952 retrans>0 total_retrans>0 bytes_acked>9237553
18:37:11.701336 TCPINFO flow>1 window>0.118 samples>355 rtt_avg_us>31257 rtt_min_us>31164 rtt_max_us>31364 cwnd>103 cwnd_min>100 cwnd_max>103 throughput_kbps>34934.611 goodput_kbps>34482.091 retrans>0 total_retrans>0 bytes_acked>9746569
18:37:11.825880 TCPINFO flow>1 window>0.125 samples>25 rtt_avg_us>31185 rtt_min_us>31164 rtt_max_us>31333 cwnd>105 cwnd_min>103 cwnd_max>105 throughput_kbps>7704.522 goodput_kbps>16457.862 retrans>0 total_retrans>0 bytes_acked>10002785
18:37:12.025876 TCPINFO flow>1 window>0.200 samples>3 rtt_avg_us>31222 rtt_min_us>31222 rtt_max_us>31222 cwnd>105 cwnd_min>105 cwnd_max>105 throughput_kbps>0.000 goodput_kbps>0.000 retrans>0 total_retrans>0 bytes_acked>10002785
18:37:12.225873 TCPINFO flow>1 window>0.200 samples>3 rtt_avg_us>31222 rtt_min_us>31222 rtt_max_us>31222 cwnd>105 cwnd_min>105 cwnd_max>105 throughput_kbps>0.000 goodput_kbps>0.000 retrans>0 total_retrans>0 bytes_acked>10002785
18:37:12.325875 TCPINFO flow>1 window>0.100 samples>2 rtt_avg_us>31222 rtt_min_us>31222 rtt_max_us>31222 cwnd>105 cwnd_min>105 cwnd_max>105 throughput_kbps>0.000 goodput_kbps>0.000 retrans>0 total_retrans>0 bytes_acked>10002785
18:37:12.425876 TCPINFO flow>1 window>0.100 samples>2 rtt_avg_us>31222 rtt_min_us>31222 rtt_max_us>31222 cwnd>105 cwnd_min>105 cwnd_max>105 throughput_kbps>0.000 goodput_kbps>0.000 retrans>0 total_retrans>0 bytes_acked>10002785
18:37:12.625876 TCPINFO flow>1 window>0.200 samples>3 rtt_avg_us>31222 rtt_min_us>31222 rtt_max_us>31222 cwnd>105 cwnd_min>105 cwnd_max>105 throughput_kbps>0.000 goodput_kbps>0.000 retrans>0 total_retrans>0 bytes_acked>10002785
18:37:12.825874 TCPINFO flow>1 window>0.200 samples>3 rtt_avg_us>31222 rtt_min_us>31222 rtt_max_us>31222 cwnd>105 cwnd_min>105 cwnd_max>105 throughput_kbps>0.000 goodput_kbps>0.000 retrans>0 total_retrans>0 bytes_acked>10002785
18:37:13.025875 TCPINFO flow>1 window>0.200 samples>3 rtt_avg_us>31222 rtt_min_us>31222 rtt_max_us>31222 cwnd>105 cwnd_min>105 cwnd_max>105 throughput_kbps>0.000 goodput_kbps>0.000 retrans>0 total_retrans>0 bytes_acked>10002785
18:37:13.125888 TCPINFO flow>1 window>0.100 samples>9 rtt_avg_us>31222 rtt_min_us>31222 rtt_max_us>31222 cwnd>105 cwnd_min>105 cwnd_max>105 throughput_kbps>320.598 goodput_kbps>0.000 retrans>0 total_retrans>0 bytes_acked>10002785
18:37:13.255167 TCPINFO flow>1 window>0.129 samples>460 rtt_avg_us>31211 rtt_min_us>31069 rtt_max_us>31317 cwnd>104 cwnd_min>104 cwnd_max>105 throughput_kbps>35715.128 goodput_kbps>27530.411 retrans>0 total_retrans>0 bytes_acked>10447673
18:37:13.368100 TCPINFO flow>1 window>0.113 samples>355 rtt_avg_us>31138 rtt_min_us>31062 rtt_max_us>31314 cwnd>101 cwnd_min>101 cwnd_max>105 throughput_kbps>34259.747 goodput_kbps>35395.429 retrans>0 total_retrans>0 bytes_acked>10947337
18:37:13.500320 TCPINFO flow>1 window>0.132 samples>354 rtt_avg_us>31282 rtt_min_us>31154 rtt_max_us>31856 cwnd>98 cwnd_min>98 cwnd_max>102 throughput_kbps>31768.144 goodput_kbps>31363.969 retrans>0 total_retrans>0 bytes_acked>11465705
18:37:13.625856 TCPINFO flow>1 window>0.126 samples>354 rtt_avg_us>31341 rtt_min_us>31137 rtt_max_us>31507 cwnd>98 cwnd_min>96 cwnd_max>99 throughput_kbps>32523.069 goodput_kbps>32352.791 retrans>0 total_retrans>0 bytes_acked>11973385
18:37:13.725873 TCPINFO flow>1 window>0.100 samples>199 rtt_avg_us>31282 rtt_min_us>31204 rtt_max_us>31369 cwnd>100 cwnd_min>98 cwnd_max>100 throughput_kbps>32034.874 goodput_kbps>33661.478 retrans>0 total_retrans>0 bytes_acked>12394225
18:37:13.825875 TCPINFO flow>1 window>0.100 samples>2 rtt_avg_us>31240 rtt_min_us>31177 rtt_max_us>31304 cwnd>100 cwnd_min>100 cwnd_max>100 throughput_kbps>0.000 goodput_kbps>8740.305 retrans>0 total_retrans>0 bytes_acked>12503481
18:37:14.025877 TCPINFO flow>1 window>0.200 samples>3 rtt_avg_us>31177 rtt_min_us>31177 rtt_max_us>31177 cwnd>100 cwnd_min>100 cwnd_max>100 throughput_kbps>0.000 goodput_kbps>0.000 retrans>0 total_retrans>0 bytes_acked>12503481
18:37:14.225880 TCPINFO flow>1 window>0.200 samples>3 rtt_avg_us>31177 rtt_min_us>31177 rtt_max_us>31177 cwnd>100 cwnd_min>100 cwnd_max>100 throughput_kbps>0.000 goodput_kbps>0.000 retrans>0 total_retrans>0 bytes_acked>12503481
18:37:14.425870 TCPINFO flow>1 window>0.200 samples>3 rtt_avg_us>31177 rtt_min_us>31177 rtt_max_us>31177 cwnd>100 cwnd_min>100 cwnd_max>100 throughput_kbps>0.000 goodput_kbps>0.000 retrans>0 total_retrans>0 bytes_acked>12503481
18:37:14.525877 TCPINFO flow>1 window>0.100 samples>2 rtt_avg_us>31177 rtt_min_us>31177 rtt_max_us>31177 cwnd>100 cwnd_min>100 cwnd_max>100 throughput_kbps>0.000 goodput_kbps>0.000 retrans>0 total_retrans>0 bytes_acked>12503481
18:37:14.725881 TCPINFO flow>1 window>0.200 samples>3 rtt_avg_us>31177 rtt_min_us>31177 rtt_max_us>31177 cwnd>100 cwnd_min>100 cwnd_max>100 throughput_kbps>0.000 goodput_kbps>0.000 retrans>0 total_retrans>0 bytes_acked>12503481
18:37:14.925872 TCPINFO flow>1 window>0.200 samples>3 rtt_avg_us>31177 rtt_min_us>31177 rtt_max_us>31177 cwnd>100 cwnd_min>100 cwnd_max>100 throughput_kbps>0.000 goodput_kbps>0.000 retrans>0 total_retrans>0 bytes_acked>12503481
18:37:15.025876 TCPINFO flow>1 window>0.100 samples>2 rtt_avg_us>31177 rtt_min_us>31177 rtt_max_us>31177 cwnd>100 cwnd_min>100 cwnd_max>100 throughput_kbps>0.000 goodput_kbps>0.000 retrans>0 total_retrans>0 bytes_acked>12503481
18:37:15.125886 TCPINFO flow>1 window>0.100 samples>9 rtt_avg_us>31177 rtt_min_us>31177 rtt_max_us>31177 cwnd>100 cwnd_min>100 cwnd_max>100 throughput_kbps>320.608 goodput_kbps>0.000 retrans>0 total_retrans>0 bytes_acked>12503481
18:37:15.260111 TCPINFO flow>1 window>0.134 samples>459 rtt_avg_us>31219 rtt_min_us>31177 rtt_max_us>31571 cwnd>99 cwnd_min>99 cwnd_max>101 throughput_kbps>33523.174 goodput_kbps>26038.190 retrans>0 total_retrans>0 bytes_acked>12940353
18:37:15.377370 TCPINFO flow>1 window>0.117 samples>354 rtt_avg_us>31166 rtt_min_us>31001 rtt_max_us>31310 cwnd>97 cwnd_min>97 cwnd_max>100 throughput_kbps>32266.623 goodput_kbps>33907.299 retrans>0 total_retrans>0 bytes_acked>13437345
18:37:15.495908 TCPINFO flow>1 window>0.119 samples>310 rtt_avg_us>31236 rtt_min_us>31123 rtt_max_us>31384 cwnd>94 cwnd_min>94 cwnd_max>98 throughput_kbps>31918.473 goodput_kbps>30926.656 retrans>0 total_retrans>0 bytes_acked>13895593
18:37:15.625853 TCPINFO flow>1 window>0.130 samples>354 rtt_avg_us>31322 rtt_min_us>31187 rtt_max_us>31618 cwnd>92 cwnd_min>90 cwnd_max>95 throughput_kbps>30432.568 goodput_kbps>30514.818 retrans>0 total_retrans>0 bytes_acked>14391249
18:37:15.725875 TCPINFO flow>1 window>0.100 samples>245 rtt_avg_us>31499 rtt_min_us>31297 rtt_max_us>31942 cwnd>95 cwnd_min>92 cwnd_max>95 throughput_kbps>30560.957 goodput_kbps>29919.818 retrans>0 total_retrans>0 bytes_acked>14765329
18:37:15.825892 TCPINFO flow>1 window>0.100 samples>2 rtt_avg_us>32068 rtt_min_us>31397 rtt_max_us>32738 cwnd>94 cwnd_min>94 cwnd_max>95 throughput_kbps>8952.718 goodput_kbps>19104.592 retrans>0 total_retrans>0 bytes_acked>15004177
18:37:16.025877 TCPINFO flow>1 window>0.200 samples>3 rtt_avg_us>32738 rtt_min_us>32738 rtt_max_us>32738 cwnd>94 cwnd_min>94 cwnd_max>94 throughput_kbps>0.000 goodput_kbps>0.000 retrans>0 total_retrans>0 bytes_acked>15004177
18:37:16.225884 TCPINFO flow>1 window>0.200 samples>3 rtt_avg_us>32738 rtt_min_us>32738 rtt_max_us>32738 cwnd>94 cwnd_min>94 cwnd_max>94 throughput_kbps>0.000 goodput_kbps>0.000 retrans>0 total_retrans>0 bytes_acked>15004177
18:37:16.425874 TCPINFO flow>1 window>0.200 samples>3 rtt_avg_us>32738 rtt_min_us>32738 rtt_max_us>32738 cwnd>94 cwnd_min>94 cwnd_max>94 throughput_kbps>0.000 goodput_kbps>0.000 retrans>0 total_retrans>0 bytes_acked>15004177
18:37:16.525875 TCPINFO flow>1 window>0.100 samples>2 rtt_avg_us>32738 rtt_min_us>32738 rtt_max_us>32738 cwnd>94 cwnd_min>94 cwnd_max>94 throughput_kbps>0.000 goodput_kbps>0.000 retrans>0 total_retrans>0 bytes_acked>15004177
18:37:16.725879 TCPINFO flow>1 window>0.200 samples>3 rtt_avg_us>32738 rtt_min_us>32738 rtt_max_us>32738 cwnd>94 cwnd_min>94 cwnd_max>94 throughput_kbps>0.000 goodput_kbps>0.000 retrans>0 total_retrans>0 bytes_acked>15004177
18:37:16.925880 TCPINFO flow>1 window>0.200 samples>3 rtt_avg_us>32738 rtt_min_us>32738 rtt_max_us>32738 cwnd>94 cwnd_min>94 cwnd_max>94 throughput_kbps>0.000 goodput_kbps>0.000 retrans>0 total_retrans>0 bytes_acked>15004177
18:37:17.025880 TCPINFO flow>1 window>0.100 samples>2 rtt_avg_us>32738 rtt_min_us>32738 rtt_max_us>32738 cwnd>94 cwnd_min>94 cwnd_max>94 throughput_kbps>0.000 goodput_kbps>0.000 retrans>0 total_retrans>0 bytes_acked>15004177
18:37:17.125923 TCPINFO flow>1 window>0.100 samples>9 rtt_avg_us>32738 rtt_min_us>32738 rtt_max_us>32738 cwnd>94 cwnd_min>94 cwnd_max>94 throughput_kbps>320.502 goodput_kbps>0.000 retrans>0 total_retrans>0 bytes_acked>15004177
18:37:17.263458 TCPINFO flow>1 window>0.138 samples>456 rtt_avg_us>32122 rtt_min_us>31039 rtt_max_us>32738 cwnd>88 cwnd_min>88 cwnd_max>94 throughput_kbps>30851.318 goodput_kbps>24556.716 retrans>0 total_retrans>0 bytes_acked>15426353
18:37:17.403757 TCPINFO flow>1 window>0.140 samples>354 rtt_avg_us>31271 rtt_min_us>31156 rtt_max_us>31626 cwnd>86 cwnd_min>83 cwnd_max>88 throughput_kbps>28110.478 goodput_kbps>28796.100 retrans>0 total_retrans>0 bytes_acked>15931361
18:37:17.525854 TCPINFO flow>1 window>0.122 samples>354 rtt_avg_us>31432 rtt_min_us>31286 rtt_max_us>31626 cwnd>87 cwnd_min>86 cwnd_max>87 throughput_kbps>28974.733 goodput_kbps>28186.901 retrans>0 total_retrans>0 bytes_acked>16361553
18:37:17.625926 TCPINFO flow>1 window>0.100 samples>222 rtt_avg_us>31359 rtt_min_us>31244 rtt_max_us>31481 cwnd>90 cwnd_min>87 cwnd_max>90 throughput_kbps>29584.459 goodput_kbps>29050.444 retrans>0 total_retrans>0 bytes_acked>16724945
18:37:17.754717 TCPINFO flow>1 window>0.129 samples>312 rtt_avg_us>31389 rtt_min_us>31245 rtt_max_us>31509 cwnd>94 cwnd_min>90 cwnd_max>94 throughput_kbps>31369.148 goodput_kbps>31203.174 retrans>0 total_retrans>0 bytes_acked>17227281
18:37:17.925863 TCPINFO flow>1 window>0.171 samples>27 rtt_avg_us>31264 rtt_min_us>31236 rtt_max_us>31391 cwnd>96 cwnd_min>94 cwnd_max>96 throughput_kbps>7292.768 goodput_kbps>12975.682 retrans>0 total_retrans>0 bytes_acked>17504873
18:37:18.025874 TCPINFO flow>1 window>0.100 samples>2 rtt_avg_us>31391 rtt_min_us>31391 rtt_max_us>31391 cwnd>96 cwnd_min>96 cwnd_max>96 throughput_kbps>0.000 goodput_kbps>0.000 retrans>0 total_retrans>0 bytes_acked>17504873
18:37:18.225877 TCPINFO flow>1 window>0.200 samples>3 rtt_avg_us>31391 rtt_min_us>31391 rtt_max_us>31391 cwnd>96 cwnd_min>96 cwnd_max>96 throughput_kbps>0.000 goodput_kbps>0.000 retrans>0 total_retrans>0 bytes_acked>17504873
18:37:18.425880 TCPINFO flow>1 window>0.200 samples>3 rtt_avg_us>31391 rtt_min_us>31391 rtt_max_us>31391 cwnd>96 cwnd_min>96 cwnd_max>96 throughput_kbps>0.000 goodput_kbps>0.000 retrans>0 total_retrans>0 bytes_acked>17504873
18:37:18.525882 TCPINFO flow>1 window>0.100 samples>2 rtt_avg_us>31391 rtt_min_us>31391 rtt_max_us>31391 cwnd>96 cwnd_min>96 cwnd_max>96 throughput_kbps>0.000 goodput_kbps>0.000 retrans>0 total_retrans>0 bytes_acked>17504873
18:37:18.725880 TCPINFO flow>1 window>0.200 samples>3 rtt_avg_us>31391 rtt_min_us>31391 rtt_max_us>31391 cwnd>96 cwnd_min>96 cwnd_max>96 throughput_kbps>0.000 goodput_kbps>0.000 retrans>0 total_retrans>0 bytes_acked>17504873
18:37:18.925875 TCPINFO flow>1 window>0.200 samples>3 rtt_avg_us>31391 rtt_min_us>31391 rtt_max_us>31391 cwnd>96 cwnd_min>96 cwnd_max>96 throughput_kbps>0.000 goodput_kbps>0.000 retrans>0 total_retrans>0 bytes_acked>17504873
18:37:19.125341 TCPINFO flow>1 window>0.199 samples>3 rtt_avg_us>31391 rtt_min_us>31391 rtt_max_us>31391 cwnd>96 cwnd_min>96 cwnd_max>96 throughput_kbps>53.583 goodput_kbps>0.000 retrans>0 total_retrans>0 bytes_acked>17504873
18:37:19.225854 TCPINFO flow>1 window>0.101 samples>463 rtt_avg_us>31347 rtt_min_us>31174 rtt_max_us>31391 cwnd>96 cwnd_min>95 cwnd_max>96 throughput_kbps>32751.027 goodput_kbps>22861.918 retrans>0 total_retrans>0 bytes_acked>17792113
18:37:19.325855 TCPINFO flow>1 window>0.100 samples>205 rtt_avg_us>31264 rtt_min_us>31171 rtt_max_us>31392 cwnd>94 cwnd_min>94 cwnd_max>96 throughput_kbps>32063.679 goodput_kbps>32277.437 retrans>0 total_retrans>0 bytes_acked>18195585
18:37:19.454020 TCPINFO flow>1 window>0.128 samples>328 rtt_avg_us>31303 rtt_min_us>31192 rtt_max_us>31449 cwnd>93 cwnd_min>92 cwnd_max>95 throughput_kbps>31689.151 goodput_kbps>31689.151 retrans>0 total_retrans>0 bytes_acked>18703265
18:37:19.585661 TCPINFO flow>1 window>0.132 samples>354 rtt_avg_us>31545 rtt_min_us>31287 rtt_max_us>32257 cwnd>96 cwnd_min>93 cwnd_max>96 throughput_kbps>31501.918 goodput_kbps>31339.537 retrans>0 total_retrans>0 bytes_acked>19218961
18:37:19.713029 TCPINFO flow>1 window>0.127 samples>355 rtt_avg_us>31419 rtt_min_us>31199 rtt_max_us>32308 cwnd>95 cwnd_min>95 cwnd_max>96 throughput_kbps>31887.444 goodput_kbps>32055.273 retrans>0 total_retrans>0 bytes_acked>19729313
18:37:19.825876 TCPINFO flow>1 window>0.113 samples>26 rtt_avg_us>31285 rtt_min_us>31136 rtt_max_us>31311 cwnd>93 cwnd_min>93 cwnd_max>95 throughput_kbps>10870.931 goodput_kbps>19584.464 retrans>0 total_retrans>0 bytes_acked>20005569
18:37:20.025872 TCPINFO flow>1 window>0.200 samples>3 rtt_avg_us>31136 rtt_min_us>31136 rtt_max_us>31136 cwnd>93 cwnd_min>93 cwnd_max>93 throughput_kbps>0.000 goodput_kbps>0.000 retrans>0 total_retrans>0 bytes_acked>20005569
18:37:20.125346 ON flow>2 srcPort>39307 dst>fd00:6::2/5202 
18:37:20.125418 ON flow>8 srcPort>42533 dst>fd00:6::2/5401 
18:37:20.156703 CONNECT flow>8 srcPort>42533 dst>fd00:6::2/5401 
18:37:20.156998 CONNECT flow>2 srcPort>39307 dst>fd00:6::2/5202 
18:37:20.225850 TCPINFO flow>1 window>0.200 samples>3 rtt_avg_us>31136 rtt_min_us>31136 rtt_max_us>31136 cwnd>93 cwnd_min>93 cwnd_max>93 throughput_kbps>0.000 goodput_kbps>0.000 retrans>0 total_retrans>0 bytes_acked>20005569
18:37:20.265773 TCPINFO flow>8 window>0.109 samples>165 rtt_avg_us>31280 rtt_min_us>30924 rtt_max_us>31327 cwnd>64 cwnd_min>10 cwnd_max>64 throughput_kbps>12060.771 goodput_kbps>6185.688 retrans>0 total_retrans>0 bytes_acked>84281
18:37:20.269961 TCPINFO flow>2 window>0.113 samples>54 rtt_avg_us>31557 rtt_min_us>31280 rtt_max_us>31918 cwnd>6 cwnd_min>5 cwnd_max>10 throughput_kbps>2272.673 goodput_kbps>1807.138 retrans>0 total_retrans>0 bytes_acked>25497
18:37:20.425379 TCPINFO flow>2 window>0.155 samples>31 rtt_avg_us>31459 rtt_min_us>31280 rtt_max_us>35574 cwnd>8 cwnd_min>6 cwnd_max>8 throughput_kbps>2063.081 goodput_kbps>1994.312 retrans>0 total_retrans>0 bytes_acked>64241
18:37:20.425436 TCPINFO flow>8 window>0.160 samples>193 rtt_avg_us>31238 rtt_min_us>30924 rtt_max_us>31668 cwnd>39 cwnd_min>37 cwnd_max>64 throughput_kbps>11112.205 goodput_kbps>12718.789 retrans>0 total_retrans>0 bytes_acked>338121
18:37:20.425839 TCPINFO flow>1 window>0.200 samples>3 rtt_avg_us>31136 rtt_min_us>31136 rtt_max_us>31136 cwnd>93 cwnd_min>93 cwnd_max>93 throughput_kbps>0.000 goodput_kbps>0.000 retrans>0 total_retrans>0 bytes_acked>20005569
18:37:20.525437 TCPINFO flow>8 window>0.100 samples>178 rtt_avg_us>31751 rtt_min_us>31652 rtt_max_us>32081 cwnd>41 cwnd_min>39 cwnd_max>41 throughput_kbps>13039.230 goodput_kbps>12932.351 retrans>0 total_retrans>0 bytes_acked>499777
18:37:20.525844 TCPINFO flow>1 window>0.100 samples>2 rtt_avg_us>31136 rtt_min_us>31136 rtt_max_us>31136 cwnd>93 cwnd_min>93 cwnd_max>93 throughput_kbps>0.000 goodput_kbps>0.000 retrans>0 total_retrans>0 bytes_acked>20005569
18:37:20.538797 TCPINFO flow>2 window>0.113 samples>24 rtt_avg_us>34320 rtt_min_us>33822 rtt_max_us>35574 cwnd>10 cwnd_min>8 cwnd_max>10 throughput_kbps>3015.535 goodput_kbps>2827.064 retrans>0 total_retrans>0 bytes_acked>104321
18:37:20.625849 TCPINFO flow>1 window>0.100 samples>2 rtt_avg_us>31136 rtt_min_us>31136 rtt_max_us>31136 cwnd>93 cwnd_min>93 cwnd_max>93 throughput_kbps>0.000 goodput_kbps>0.000 retrans>0 total_retrans>0 bytes_acked>20005569
18:37:20.663941 TCPINFO flow>8 window>0.139 samples>90 rtt_avg_us>31886 rtt_min_us>31809 rtt_max_us>31980 cwnd>43 cwnd_min>41 cwnd_max>43 throughput_kbps>13812.973 goodput_kbps>13735.805 retrans>0 total_retrans>0 bytes_acked>737585
18:37:20.690843 TCPINFO flow>2 window>0.152 samples>44 rtt_avg_us>33691 rtt_min_us>32766 rtt_max_us>33967 cwnd>13 cwnd_min>10 cwnd_max>13 throughput_kbps>3585.020 goodput_kbps>3444.431 retrans>0 total_retrans>0 bytes_acked>169785
18:37:20.725851 TCPINFO flow>1 window>0.100 samples>2 rtt_avg_us>31136 rtt_min_us>31136 rtt_max_us>31136 cwnd>93 cwnd_min>93 cwnd_max>93 throughput_kbps>0.000 goodput_kbps>0.000 retrans>0 total_retrans>0 bytes_acked>20005569
18:37:20.803717 TCPINFO flow>8 window>0.140 samples>177 rtt_avg_us>31670 rtt_min_us>31542 rtt_max_us>31815 cwnd>45 cwnd_min>43 cwnd_max>45 throughput_kbps>14757.784 goodput_kbps>14451.923 retrans>0 total_retrans>0 bytes_acked>990089
18:37:20.822334 TCPINFO flow>2 window>0.131 samples>47 rtt_avg_us>32551 rtt_min_us>32327 rtt_max_us>32835 cwnd>14 cwnd_min>13 cwnd_max>14 throughput_kbps>4226.723 goodput_kbps>4145.440 retrans>0 total_retrans>0 bytes_acked>237921
18:37:20.925379 TCPINFO flow>2 window>0.103 samples>60 rtt_avg_us>32980 rtt_min_us>32835 rtt_max_us>33079 cwnd>15 cwnd_min>14 cwnd_max>15 throughput_kbps>4667.475 goodput_kbps>4563.754 retrans>0 total_retrans>0 bytes_acked>296705
18:37:20.925449 TCPINFO flow>8 window>0.122 samples>178 rtt_avg_us>31608 rtt_min_us>31395 rtt_max_us>31806 cwnd>44 cwnd_min>44 cwnd_max>45 throughput_kbps>14750.304 goodput_kbps>14750.304 retrans>0 total_retrans>0 bytes_acked>1214537
18:37:20.925840 TCPINFO flow>1 window>0.200 samples>3 rtt_avg_us>31136 rtt_min_us>31136 rtt_max_us>31136 cwnd>93 cwnd_min>93 cwnd_max>93 throughput_kbps>0.000 goodput_kbps>0.000 retrans>0 total_retrans>0 bytes_acked>20005569
18:37:21.025852 TCPINFO flow>1 window>0.100 samples>2 rtt_avg_us>31136 rtt_min_us>31136 rtt_max_us>31136 cwnd>93 cwnd_min>93 cwnd_max>93 throughput_kbps>0.000 goodput_kbps>0.000 retrans>0 total_retrans>0 bytes_acked>20005569
18:37:21.064995 TCPINFO flow>2 window>0.140 samples>41 rtt_avg_us>32268 rtt_min_us>32239 rtt_max_us>32978 cwnd>16 cwnd_min>15 cwnd_max>16 throughput_kbps>4975.934 goodput_kbps>4899.381 retrans>0 total_retrans>0 bytes_acked>382209
18:37:21.080459 TCPINFO flow>8 window>0.155 samples>178 rtt_avg_us>31779 rtt_min_us>31430 rtt_max_us>31851 cwnd>45 cwnd_min>44 cwnd_max>46 throughput_kbps>15100.135 goodput_kbps>15031.185 retrans>0 total_retrans>0 bytes_acked>1505785
18:37:21.125884 TCPINFO flow>1 window>0.100 samples>9 rtt_avg_us>31136 rtt_min_us>31136 rtt_max_us>31136 cwnd>93 cwnd_min>93 cwnd_max>93 throughput_kbps>320.537 goodput_kbps>0.000 retrans>0 total_retrans>0 bytes_acked>20005569
18:37:21.209435 TCPINFO flow>2 window>0.144 samples>68 rtt_avg_us>32354 rtt_min_us>32012 rtt_max_us>32696 cwnd>18 cwnd_min>16 cwnd_max>18 throughput_kbps>5697.701 goodput_kbps>5549.709 retrans>0 total_retrans>0 bytes_acked>482409
18:37:21.225436 TCPINFO flow>8 window>0.145 samples>196 rtt_avg_us>31679 rtt_min_us>31499 rtt_max_us>31895 cwnd>45 cwnd_min>45 cwnd_max>46 throughput_kbps>15214.551 goodput_kbps>15186.740 retrans>0 total_retrans>0 bytes_acked>1781001
18:37:21.260411 TCPINFO flow>1 window>0.135 samples>440 rtt_avg_us>31188 rtt_min_us>31136 rtt_max_us>31405 cwnd>85 cwnd_min>85 cwnd_max>93 throughput_kbps>30208.598 goodput_kbps>23739.472 retrans>0 total_retrans>0 bytes_acked>20404769
18:37:21.325406 TCPINFO flow>2 window>0.116 samples>65 rtt_avg_us>32203 rtt_min_us>32012 rtt_max_us>32476 cwnd>18 cwnd_min>17 cwnd_max>18 throughput_kbps>5769.166 goodput_kbps>5584.844 retrans>0 total_retrans>0 bytes_acked>563369
18:37:21.374471 TCPINFO flow>8 window>0.149 samples>178 rtt_avg_us>31503 rtt_min_us>31257 rtt_max_us>32478 cwnd>40 cwnd_min>40 cwnd_max>46 throughput_kbps>13352.676 goodput_kbps>13881.732 retrans>0 total_retrans>0 bytes_acked>2039609
18:37:21.421964 TCPINFO flow>1 window>0.162 samples>363 rtt_avg_us>31777 rtt_min_us>31105 rtt_max_us>35830 cwnd>68 cwnd_min>68 cwnd_max>85 throughput_kbps>23846.143 goodput_kbps>25193.862 retrans>0 total_retrans>0 bytes_acked>20913537
18:37:21.496142 TCPINFO flow>2 window>0.171 samples>70 rtt_avg_us>33006 rtt_min_us>31936 rtt_max_us>34195 cwnd>17 cwnd_min>16 cwnd_max>18 throughput_kbps>5105.426 goodput_kbps>5266.610 retrans>0 total_retrans>0 bytes_acked>675769
18:37:21.521979 TCPINFO flow>1 window>0.100 samples>318 rtt_avg_us>31339 rtt_min_us>31226 rtt_max_us>31491 cwnd>57 cwnd_min>57 cwnd_max>68 throughput_kbps>19760.236 goodput_kbps>20844.233 retrans>0 total_retrans>0 bytes_acked>21174129
18:37:21.525437 TCPINFO flow>8 window>0.151 samples>177 rtt_avg_us>32012 rtt_min_us>31655 rtt_max_us>32478 cwnd>33 cwnd_min>33 cwnd_max>40 throughput_kbps>11752.368 goodput_kbps>12106.355 retrans>0 total_retrans>0 bytes_acked>2268065
18:37:21.621985 TCPINFO flow>1 window>0.100 samples>105 rtt_avg_us>31372 rtt_min_us>31307 rtt_max_us>31490 cwnd>49 cwnd_min>49 cwnd_max>57 throughput_kbps>17099.774 goodput_kbps>17731.416 retrans>0 total_retrans>0 bytes_acked>21395785
18:37:21.625378 TCPINFO flow>2 window>0.129 samples>70 rtt_avg_us>32438 rtt_min_us>32334 rtt_max_us>32720 cwnd>20 cwnd_min>17 cwnd_max>20 throughput_kbps>5982.729 goodput_kbps>5687.084 retrans>0 total_retrans>0 bytes_acked>767641
18:37:21.638240 TCPINFO flow>8 window>0.113 samples>91 rtt_avg_us>31709 rtt_min_us>31657 rtt_max_us>32274 cwnd>34 cwnd_min>32 cwnd_max>34 throughput_kbps>10896.164 goodput_kbps>10801.415 retrans>0 total_retrans>0 bytes_acked>2420369
18:37:21.722077 TCPINFO flow>1 window>0.100 samples>172 rtt_avg_us>31761 rtt_min_us>31325 rtt_max_us>32143 cwnd>49 cwnd_min>49 cwnd_max>49 throughput_kbps>15590.137 goodput_kbps>15696.919 retrans>0 total_retrans>0 bytes_acked>21592177
18:37:21.738248 TCPINFO flow>8 window>0.100 samples>162 rtt_avg_us>32026 rtt_min_us>31676 rtt_max_us>32304 cwnd>34 cwnd_min>33 cwnd_max>35 throughput_kbps>11007.759 goodput_kbps>11007.759 retrans>0 total_retrans>0 bytes_acked>2557977
18:37:21.762300 TCPINFO flow>2 window>0.137 samples>75 rtt_avg_us>32507 rtt_min_us>32334 rtt_max_us>32985 cwnd>21 cwnd_min>20 cwnd_max>21 throughput_kbps>6556.959 goodput_kbps>6478.900 retrans>0 total_retrans>0 bytes_acked>878529
18:37:21.822078 TCPINFO flow>1 window>0.100 samples>72 rtt_avg_us>31683 rtt_min_us>31566 rtt_max_us>31953 cwnd>52 cwnd_min>49 cwnd_max>52 throughput_kbps>16886.871 goodput_kbps>16459.355 retrans>0 total_retrans>0 bytes_acked>21797921
18:37:21.897591 TCPINFO flow>2 window>0.135 samples>90 rtt_avg_us>32821 rtt_min_us>32365 rtt_max_us>32985 cwnd>24 cwnd_min>21 cwnd_max>24 throughput_kbps>7572.181 goodput_kbps>7347.008 retrans>0 total_retrans>0 bytes_acked>1002777
18:37:21.906447 TCPINFO flow>8 window>0.168 samples>101 rtt_avg_us>31951 rtt_min_us>31676 rtt_max_us>32043 cwnd>37 cwnd_min>34 cwnd_max>37 throughput_kbps>11882.687 goodput_kbps>11755.599 retrans>0 total_retrans>0 bytes_acked>2805137
18:37:21.922080 TCPINFO flow>1 window>0.100 samples>238 rtt_avg_us>31596 rtt_min_us>31490 rtt_max_us>31784 cwnd>53 cwnd_min>52 cwnd_max>53 throughput_kbps>17472.291 goodput_kbps>17579.168 retrans>0 total_retrans>0 bytes_acked>22017665
18:37:22.025381 TCPINFO flow>2 window>0.128 samples>104 rtt_avg_us>32218 rtt_min_us>31929 rtt_max_us>32365 cwnd>28 cwnd_min>24 cwnd_max>28 throughput_kbps>8698.271 goodput_kbps>8351.201 retrans>0 total_retrans>0 bytes_acked>1136177
18:37:22.025438 TCPINFO flow>8 window>0.119 samples>175 rtt_avg_us>31957 rtt_min_us>31661 rtt_max_us>32370 cwnd>39 cwnd_min>37 cwnd_max>39 throughput_kbps>12213.630 goodput_kbps>12017.312 retrans>0 total_retrans>0 bytes_acked>2983881
18:37:22.025839 TCPINFO flow>1 window>0.104 samples>19 rtt_avg_us>31513 rtt_min_us>31490 rtt_max_us>31753 cwnd>56 cwnd_min>53 cwnd_max>56 throughput_kbps>17827.157 goodput_kbps>17412.658 retrans>0 total_retrans>0 bytes_acked>22243505
18:37:22.125393 TCPINFO flow>2 window>0.100 samples>120 rtt_avg_us>32238 rtt_min_us>31797 rtt_max_us>32442 cwnd>30 cwnd_min>28 cwnd_max>31 throughput_kbps>9724.913 goodput_kbps>9511.179 retrans>0 total_retrans>0 bytes_acked>1255081
18:37:22.125841 TCPINFO flow>1 window>0.100 samples>2 rtt_avg_us>31598 rtt_min_us>31443 rtt_max_us>31753 cwnd>54 cwnd_min>54 cwnd_max>56 throughput_kbps>15246.415 goodput_kbps>18290.194 retrans>0 total_retrans>0 bytes_acked>22472137
18:37:22.146638 TCPINFO flow>8 window>0.121 samples>91 rtt_avg_us>31836 rtt_min_us>31661 rtt_max_us>31873 cwnd>42 cwnd_min>39 cwnd_max>43 throughput_kbps>13854.521 goodput_kbps>13518.152 retrans>0 total_retrans>0 bytes_acked>3188681
18:37:22.225404 TCPINFO flow>2 window>0.100 samples>61 rtt_avg_us>31966 rtt_min_us>31694 rtt_max_us>31987 cwnd>33 cwnd_min>30 cwnd_max>33 throughput_kbps>10579.956 goodput_kbps>10152.483 retrans>0 total_retrans>0 bytes_acked>1382001
18:37:22.225846 TCPINFO flow>1 window>0.100 samples>2 rtt_avg_us>31508 rtt_min_us>31443 rtt_max_us>31574 cwnd>55 cwnd_min>54 cwnd_max>55 throughput_kbps>0.000 goodput_kbps>2730.103 retrans>0 total_retrans>0 bytes_acked>22506265
18:37:22.291253 TCPINFO flow>8 window>0.145 samples>177 rtt_avg_us>31865 rtt_min_us>31773 rtt_max_us>31994 cwnd>47 cwnd_min>42 cwnd_max>47 throughput_kbps>14633.503 goodput_kbps>14411.783 retrans>0 total_retrans>0 bytes_acked>3449201
18:37:22.363366 TCPINFO flow>2 window>0.138 samples>138 rtt_avg_us>31818 rtt_min_us>31431 rtt_max_us>31848 cwnd>38 cwnd_min>33 cwnd_max>38 throughput_kbps>12085.415 goodput_kbps>11853.003 retrans>0 total_retrans>0 bytes_acked>1586409
18:37:22.422777 TCPINFO flow>8 window>0.132 samples>175 rtt_avg_us>31760 rtt_min_us>31569 rtt_max_us>32085 cwnd>50 cwnd_min>47 cwnd_max>50 throughput_kbps>15927.496 goodput_kbps>15602.445 retrans>0 total_retrans>0 bytes_acked>3705713
18:37:22.425848 TCPINFO flow>1 window>0.200 samples>3 rtt_avg_us>31574 rtt_min_us>31574 rtt_max_us>31574 cwnd>55 cwnd_min>55 cwnd_max>55 throughput_kbps>0.000 goodput_kbps>0.000 retrans>0 total_retrans>0 bytes_acked>22506265
18:37:22.489856 TCPINFO flow>2 window>0.126 samples>141 rtt_avg_us>31717 rtt_min_us>31656 rtt_max_us>31882 cwnd>41 cwnd_min>38 cwnd_max>41 throughput_kbps>12821.757 goodput_kbps>12483.769 retrans>0 total_retrans>0 bytes_acked>1783793
18:37:22.525448 TCPINFO flow>8 window>0.103 samples>185 rtt_avg_us>31758 rtt_min_us>31549 rtt_max_us>31950 cwnd>54 cwnd_min>50 cwnd_max>54 throughput_kbps>17524.871 goodput_kbps>17004.373 retrans>0 total_retrans>0 bytes_acked>3923945
18:37:22.589876 TCPINFO flow>2 window>0.100 samples>163 rtt_avg_us>31862 rtt_min_us>31521 rtt_max_us>32394 cwnd>43 cwnd_min>41 cwnd_max>43 throughput_kbps>13729.094 goodput_kbps>13729.094 retrans>0 total_retrans>0 bytes_acked>1955441
18:37:22.625841 TCPINFO flow>1 window>0.200 samples>3 rtt_avg_us>31574 rtt_min_us>31574 rtt_max_us>31574 cwnd>55 cwnd_min>55 cwnd_max>55 throughput_kbps>0.000 goodput_kbps>0.000 retrans>0 total_retrans>0 bytes_acked>22506265
18:37:22.664514 TCPINFO flow>8 window>0.139 samples>178 rtt_avg_us>31690 rtt_min_us>31437 rtt_max_us>31817 cwnd>57 cwnd_min>54 cwnd_max>57 throughput_kbps>18253.894 goodput_kbps>18023.327 retrans>0 total_retrans>0 bytes_acked>4237249
18:37:22.689884 TCPINFO flow>2 window>0.100 samples>129 rtt_avg_us>31627 rtt_min_us>31321 rtt_max_us>32197 cwnd>45 cwnd_min>43 cwnd_max>45 throughput_kbps>14962.003 goodput_kbps>14427.646 retrans>0 total_retrans>0 bytes_acked>2135801
18:37:22.725852 TCPINFO flow>1 window>0.100 samples>2 rtt_avg_us>31574 rtt_min_us>31574 rtt_max_us>31574 cwnd>55 cwnd_min>55 cwnd_max>55 throughput_kbps>0.000 goodput_kbps>0.000 retrans>0 total_retrans>0 bytes_acked>22506265
18:37:22.769548 TCPINFO flow>8 window>0.105 samples>177 rtt_avg_us>31441 rtt_min_us>31295 rtt_max_us>31519 cwnd>60 cwnd_min>57 cwnd_max>60 throughput_kbps>19944.475 goodput_kbps>19639.203 retrans>0 total_retrans>0 bytes_acked>4495097
18:37:22.825377 TCPINFO flow>2 window>0.135 samples>169 rtt_avg_us>31658 rtt_min_us>31396 rtt_max_us>31949 cwnd>48 cwnd_min>45 cwnd_max>48 throughput_kbps>15804.802 goodput_kbps>15618.696 retrans>0 total_retrans>0 bytes_acked>2400329
18:37:22.878674 TCPINFO flow>8 window>0.109 samples>192 rtt_avg_us>31344 rtt_min_us>31239 rtt_max_us>31457 cwnd>62 cwnd_min>60 cwnd_max>62 throughput_kbps>20508.550 goodput_kbps>20531.422 retrans>0 total_retrans>0 bytes_acked>4775161
18:37:22.925839 TCPINFO flow>1 window>0.200 samples>3 rtt_avg_us>31574 rtt_min_us>31574 rtt_max_us>31574 cwnd>55 cwnd_min>55 cwnd_max>55 throughput_kbps>0.000 goodput_kbps>0.000 retrans>0 total_retrans>0 bytes_acked>22506265
18:37:22.943982 TCPINFO flow>2 window>0.119 samples>152 rtt_avg_us>31581 rtt_min_us>31484 rtt_max_us>31920 cwnd>50 cwnd_min>48 cwnd_max>50 throughput_kbps>16130.450 goodput_kbps>16554.041 retrans>0 total_retrans>0 bytes_acked>2645753
18:37:22.999689 TCPINFO flow>8 window>0.121 samples>223 rtt_avg_us>31416 rtt_min_us>31259 rtt_max_us>31743 cwnd>63 cwnd_min>62 cwnd_max>63 throughput_kbps>20800.066 goodput_kbps>21044.399 retrans>0 total_retrans>0 bytes_acked>5093497
18:37:23.025847 TCPINFO flow>1 window>0.100 samples>2 rtt_avg_us>31574 rtt_min_us>31574 rtt_max_us>31574 cwnd>55 cwnd_min>55 cwnd_max>55 throughput_kbps>0.000 goodput_kbps>0.000 retrans>0 total_retrans>0 bytes_acked>22506265
18:37:23.084256 TCPINFO flow>2 window>0.140 samples>198 rtt_avg_us>31715 rtt_min_us>31428 rtt_max_us>31920 cwnd>52 cwnd_min>50 cwnd_max>52 throughput_kbps>17067.397 goodput_kbps>16431.841 retrans>0 total_retrans>0 bytes_acked>2933873
18:37:23.125396 TCPINFO flow>8 window>0.126 samples>221 rtt_avg_us>31344 rtt_min_us>31244 rtt_max_us>31492 cwnd>64 cwnd_min>63 cwnd_max>64 throughput_kbps>21133.588 goodput_kbps>20708.473 retrans>0 total_retrans>0 bytes_acked>5418897
18:37:23.125848 TCPINFO flow>1 window>0.100 samples>8 rtt_avg_us>31574 rtt_min_us>31574 rtt_max_us>31574 cwnd>55 cwnd_min>55 cwnd_max>55 throughput_kbps>213.758 goodput_kbps>0.000 retrans>0 total_retrans>0 bytes_acked>22506265
18:37:23.221172 TCPINFO flow>2 window>0.137 samples>207 rtt_avg_us>31428 rtt_min_us>31275 rtt_max_us>31568 cwnd>51 cwnd_min>51 cwnd_max>52 throughput_kbps>17173.742 goodput_kbps>17329.866 retrans>0 total_retrans>0 bytes_acked>3230465
18:37:23.225434 TCPINFO flow>8 window>0.100 samples>233 rtt_avg_us>31579 rtt_min_us>31297 rtt_max_us>31989 cwnd>63 cwnd_min>63 cwnd_max>64 throughput_kbps>20405.686 goodput_kbps>20323.797 retrans>0 total_retrans>0 bytes_acked>5673041
18:37:23.225862 TCPINFO flow>1 window>0.100 samples>299 rtt_avg_us>31576 rtt_min_us>31574 rtt_max_us>31726 cwnd>54 cwnd_min>54 cwnd_max>55 throughput_kbps>17566.821 goodput_kbps>12544.164 retrans>0 total_retrans>0 bytes_acked>22663089
18:37:23.325378 TCPINFO flow>2 window>0.104 samples>158 rtt_avg_us>31487 rtt_min_us>31304 rtt_max_us>31668 cwnd>46 cwnd_min>46 cwnd_max>51 throughput_kbps>16052.511 goodput_kbps>16513.137 retrans>0 total_retrans>0 bytes_acked>3445561
18:37:23.325439 TCPINFO flow>8 window>0.100 samples>128 rtt_avg_us>31552 rtt_min_us>31297 rtt_max_us>31773 cwnd>59 cwnd_min>59 cwnd_max>63 throughput_kbps>20519.934 goodput_kbps>20815.599 retrans>0 total_retrans>0 bytes_acked>5933249
18:37:23.329438 TCPINFO flow>1 window>0.104 samples>149 rtt_avg_us>31519 rtt_min_us>31367 rtt_max_us>31800 cwnd>48 cwnd_min>48 cwnd_max>54 throughput_kbps>16692.670 goodput_kbps>16923.148 retrans>0 total_retrans>0 bytes_acked>22882193
18:37:23.437444 TCPINFO flow>8 window>0.112 samples>189 rtt_avg_us>31439 rtt_min_us>31230 rtt_max_us>31697 cwnd>52 cwnd_min>52 cwnd_max>59 throughput_kbps>18442.034 goodput_kbps>19283.711 retrans>0 total_retrans>0 bytes_acked>6203233
18:37:23.442992 TCPINFO flow>2 window>0.118 samples>148 rtt_avg_us>31395 rtt_min_us>31287 rtt_max_us>31503 cwnd>41 cwnd_min>41 cwnd_max>47 throughput_kbps>14146.343 goodput_kbps>14842.315 retrans>0 total_retrans>0 bytes_acked>3663769
18:37:23.443789 TCPINFO flow>1 window>0.114 samples>156 rtt_avg_us>31311 rtt_min_us>31233 rtt_max_us>31405 cwnd>41 cwnd_min>41 cwnd_max>48 throughput_kbps>14347.964 goodput_kbps>15167.336 retrans>0 total_retrans>0 bytes_acked>23098993
18:37:23.554107 TCPINFO flow>8 window>0.117 samples>174 rtt_avg_us>31497 rtt_min_us>31324 rtt_max_us>31658 cwnd>53 cwnd_min>52 cwnd_max>54 throughput_kbps>17193.318 goodput_kbps>17259.148 retrans>0 total_retrans>0 bytes_acked>6454921
18:37:23.570637 TCPINFO flow>1 window>0.127 samples>140 rtt_avg_us>31388 rtt_min_us>31300 rtt_max_us>32289 cwnd>37 cwnd_min>37 cwnd_max>42 throughput_kbps>12359.233 goodput_kbps>12527.750 retrans>0 total_retrans>0 bytes_acked>23297633
18:37:23.580245 TCPINFO flow>2 window>0.137 samples>154 rtt_avg_us>31666 rtt_min_us>31425 rtt_max_us>31963 cwnd>39 cwnd_min>39 cwnd_max>41 throughput_kbps>12814.642 goodput_kbps>12880.855 retrans>0 total_retrans>0 bytes_acked>3884761
18:37:23.671506 TCPINFO flow>8 window>0.117 samples>177 rtt_avg_us>31716 rtt_min_us>31461 rtt_max_us>31946 cwnd>49 cwnd_min>49 cwnd_max>53 throughput_kbps>17035.920 goodput_kbps>17168.937 retrans>0 total_retrans>0 bytes_acked>6706873
18:37:23.695803 TCPINFO flow>1 window>0.125 samples>131 rtt_avg_us>32019 rtt_min_us>31750 rtt_max_us>32456 cwnd>37 cwnd_min>35 cwnd_max>37 throughput_kbps>11754.246 goodput_kbps>11839.637 retrans>0 total_retrans>0 bytes_acked>23482873
18:37:23.725379 TCPINFO flow>2 window>0.145 samples>166 rtt_avg_us>31712 rtt_min_us>31457 rtt_max_us>32006 cwnd>42 cwnd_min>39 cwnd_max>42 throughput_kbps>13346.011 goodput_kbps>12977.800 retrans>0 total_retrans>0 bytes_acked>4120201
18:37:23.804331 TCPINFO flow>8 window>0.133 samples>194 rtt_avg_us>31593 rtt_min_us>31506 rtt_max_us>31862 cwnd>54 cwnd_min>49 cwnd_max>54 throughput_kbps>17439.127 goodput_kbps>17139.424 retrans>0 total_retrans>0 bytes_acked>6991441
18:37:23.825388 TCPINFO flow>2 window>0.100 samples>150 rtt_avg_us>31685 rtt_min_us>31609 rtt_max_us>31758 cwnd>45 cwnd_min>42 cwnd_max>45 throughput_kbps>14455.659 goodput_kbps>14106.890 retrans>0 total_retrans>0 bytes_acked>4296553
18:37:23.825872 TCPINFO flow>1 window>0.130 samples>133 rtt_avg_us>31727 rtt_min_us>31657 rtt_max_us>32080 cwnd>39 cwnd_min>35 cwnd_max>39 throughput_kbps>12243.594 goodput_kbps>11997.078 retrans>0 total_retrans>0 bytes_acked>23677929
18:37:23.913189 TCPINFO flow>8 window>0.109 samples>177 rtt_avg_us>31600 rtt_min_us>31506 rtt_max_us>33689 cwnd>53 cwnd_min>53 cwnd_max>54 throughput_kbps>16592.919 goodput_kbps>18038.619 retrans>0 total_retrans>0 bytes_acked>7236897
18:37:23.925480 TCPINFO flow>2 window>0.100 samples>141 rtt_avg_us>31605 rtt_min_us>31398 rtt_max_us>32141 cwnd>45 cwnd_min>44 cwnd_max>45 throughput_kbps>14629.101 goodput_kbps>14977.581 retrans>0 total_retrans>0 bytes_acked>4483945
18:37:23.945517 TCPINFO flow>1 window>0.120 samples>135 rtt_avg_us>31944 rtt_min_us>31855 rtt_max_us>32050 cwnd>41 cwnd_min>39 cwnd_max>41 throughput_kbps>12977.592 goodput_kbps>12888.261 retrans>0 total_retrans>0 bytes_acked>23870681
18:37:24.025439 TCPINFO flow>8 window>0.112 samples>177 rtt_avg_us>32241 rtt_min_us>31465 rtt_max_us>33689 cwnd>50 cwnd_min>50 cwnd_max>54 throughput_kbps>17138.886 goodput_kbps>15996.294 retrans>0 total_retrans>0 bytes_acked>7461345
18:37:24.060553 TCPINFO flow>1 window>0.115 samples>134 rtt_avg_us>31871 rtt_min_us>31540 rtt_max_us>32050 cwnd>41 cwnd_min>39 cwnd_max>41 throughput_kbps>13471.957 goodput_kbps>13379.047 retrans>0 total_retrans>0 bytes_acked>24063065
18:37:24.063189 TCPINFO flow>2 window>0.138 samples>128 rtt_avg_us>31642 rtt_min_us>31565 rtt_max_us>31739 cwnd>43 cwnd_min>43 cwnd_max>45 throughput_kbps>14513.619 goodput_kbps>14513.619 retrans>0 total_retrans>0 bytes_acked>4733777
18:37:24.174249 TCPINFO flow>1 window>0.114 samples>135 rtt_avg_us>31603 rtt_min_us>31540 rtt_max_us>32057 cwnd>42 cwnd_min>41 cwnd_max>42 throughput_kbps>13912.750 goodput_kbps>13818.745 retrans>0 total_retrans>0 bytes_acked>24259457
18:37:24.189501 TCPINFO flow>2 window>0.126 samples>156 rtt_avg_us>31660 rtt_min_us>31512 rtt_max_us>31841 cwnd>44 cwnd_min>43 cwnd_max>44 throughput_kbps>14423.713 goodput_kbps>14339.097 retrans>0 total_retrans>0 bytes_acked>4960177
18:37:24.202056 TCPINFO flow>8 window>0.177 samples>223 rtt_avg_us>32123 rtt_min_us>31518 rtt_max_us>33469 cwnd>52 cwnd_min>50 cwnd_max>52 throughput_kbps>16641.660 goodput_kbps>16520.629 retrans>0 total_retrans>0 bytes_acked>7826073
18:37:24.280510 TCPINFO flow>1 window>0.106 samples>134 rtt_avg_us>32004 rtt_min_us>31615 rtt_max_us>32063 cwnd>44 cwnd_min>42 cwnd_max>44 throughput_kbps>14575.432 goodput_kbps>14506.771 retrans>0 total_retrans>0 bytes_acked>24452145
18:37:24.310606 TCPINFO flow>2 window>0.121 samples>156 rtt_avg_us>31692 rtt_min_us>31563 rtt_max_us>31828 cwnd>47 cwnd_min>44 cwnd_max>47 throughput_kbps>15532.703 goodput_kbps>15267.941 retrans>0 total_retrans>0 bytes_acked>5191305
18:37:24.323069 TCPINFO flow>8 window>0.121 samples>182 rtt_avg_us>31520 rtt_min_us>31494 rtt_max_us>31829 cwnd>54 cwnd_min>52 cwnd_max>54 throughput_kbps>17801.195 goodput_kbps>17664.218 retrans>0 total_retrans>0 bytes_acked>8093273
18:37:24.382866 TCPINFO flow>1 window>0.102 samples>134 rtt_avg_us>31556 rtt_min_us>31513 rtt_max_us>31667 cwnd>46 cwnd_min>44 cwnd_max>46 throughput_kbps>15245.301 goodput_kbps>15107.742 retrans>0 total_retrans>0 bytes_acked>24645441
18:37:24.425379 TCPINFO flow>2 window>0.115 samples>178 rtt_avg_us>31596 rtt_min_us>31538 rtt_max_us>31773 cwnd>48 cwnd_min>46 cwnd_max>48 throughput_kbps>15593.911 goodput_kbps>15314.543 retrans>0 total_retrans>0 bytes_acked>5411017
18:37:24.425438 TCPINFO flow>8 window>0.102 samples>221 rtt_avg_us>31650 rtt_min_us>31420 rtt_max_us>31843 cwnd>54 cwnd_min>54 cwnd_max>54 throughput_kbps>18238.021 goodput_kbps>18086.725 retrans>0 total_retrans>0 bytes_acked>8324713
18:37:24.525540 TCPINFO flow>8 window>0.100 samples>154 rtt_avg_us>31695 rtt_min_us>31510 rtt_max_us>31767 cwnd>53 cwnd_min>53 cwnd_max>54 throughput_kbps>18044.315 goodput_kbps>18364.628 retrans>0 total_retrans>0 bytes_acked>8554505
18:37:24.525849 TCPINFO flow>1 window>0.143 samples>56 rtt_avg_us>31473 rtt_min_us>31312 rtt_max_us>31569 cwnd>45 cwnd_min>45 cwnd_max>46 throughput_kbps>14875.279 goodput_kbps>14875.279 retrans>0 total_retrans>0 bytes_acked>24911305
18:37:24.581413 TCPINFO flow>2 window>0.156 samples>192 rtt_avg_us>31649 rtt_min_us>31539 rtt_max_us>33726 cwnd>48 cwnd_min>47 cwnd_max>49 throughput_kbps>15617.519 goodput_kbps>15891.511 retrans>0 total_retrans>0 bytes_acked>5720969
18:37:24.630882 TCPINFO flow>8 window>0.105 samples>106 rtt_avg_us>32277 rtt_min_us>31486 rtt_max_us>32948 cwnd>55 cwnd_min>53 cwnd_max>55 throughput_kbps>17755.501 goodput_kbps>17451.121 retrans>0 total_retrans>0 bytes_acked>8784297
18:37:24.685690 TCPINFO flow>2 window>0.104 samples>136 rtt_avg_us>32662 rtt_min_us>31644 rtt_max_us>34014 cwnd>51 cwnd_min>48 cwnd_max>51 throughput_kbps>16158.808 goodput_kbps>15624.845 retrans>0 total_retrans>0 bytes_acked>5924633
18:37:24.725866 TCPINFO flow>1 window>0.200 samples>3 rtt_avg_us>32306 rtt_min_us>31497 rtt_max_us>32710 cwnd>45 cwnd_min>45 cwnd_max>45 throughput_kbps>1528.190 goodput_kbps>3825.915 retrans>0 total_retrans>0 bytes_acked>25006961
18:37:24.756363 TCPINFO flow>8 window>0.125 samples>198 rtt_avg_us>31539 rtt_min_us>31486 rtt_max_us>31686 cwnd>58 cwnd_min>55 cwnd_max>58 throughput_kbps>18515.377 goodput_kbps>18430.201 retrans>0 total_retrans>0 bytes_acked>9073377
18:37:24.805037 TCPINFO flow>2 window>0.119 samples>190 rtt_avg_us>31679 rtt_min_us>31496 rtt_max_us>31941 cwnd>55 cwnd_min>51 cwnd_max>55 throughput_kbps>17792.823 goodput_kbps>17722.037 retrans>0 total_retrans>0 bytes_acked>6189017
18:37:24.871435 TCPINFO flow>8 window>0.115 samples>195 rtt_avg_us>31504 rtt_min_us>31391 rtt_max_us>31686 cwnd>61 cwnd_min>58 cwnd_max>61 throughput_kbps>20251.390 goodput_kbps>19876.529 retrans>0 total_retrans>0 bytes_acked>9359281
18:37:24.905054 TCPINFO flow>2 window>0.100 samples>194 rtt_avg_us>31521 rtt_min_us>31371 rtt_max_us>31665 cwnd>57 cwnd_min>55 cwnd_max>57 throughput_kbps>18856.954 goodput_kbps>18322.645 retrans>0 total_retrans>0 bytes_acked>6418089
18:37:24.925859 TCPINFO flow>1 window>0.200 samples>3 rtt_avg_us>32710 rtt_min_us>32710 rtt_max_us>32710 cwnd>45 cwnd_min>45 cwnd_max>45 throughput_kbps>0.000 goodput_kbps>0.000 retrans>0 total_retrans>0 bytes_acked>25006961
18:37:24.996893 TCPINFO flow>8 window>0.125 samples>222 rtt_avg_us>31508 rtt_min_us>31443 rtt_max_us>31575 cwnd>63 cwnd_min>61 cwnd_max>63 throughput_kbps>20616.429 goodput_kbps>20534.298 retrans>0 total_retrans>0 bytes_acked>9681305
18:37:25.016741 TCPINFO flow>2 window>0.112 samples>155 rtt_avg_us>31528 rtt_min_us>31384 rtt_max_us>31913 cwnd>59 cwnd_min>57 cwnd_max>59 throughput_kbps>19043.506 goodput_kbps>19234.898 retrans>0 total_retrans>0 bytes_acked>6686625
18:37:25.102867 TCPINFO flow>8 window>0.106 samples>177 rtt_avg_us>31536 rtt_min_us>31459 rtt_max_us>32897 cwnd>65 cwnd_min>63 cwnd_max>65 throughput_kbps>19868.421 goodput_kbps>19565.856 retrans>0 total_retrans>0 bytes_acked>9940489
18:37:25.125285 TCPINFO flow>1 window>0.199 samples>3 rtt_avg_us>32710 rtt_min_us>32710 rtt_max_us>32710 cwnd>45 cwnd_min>45 cwnd_max>45 throughput_kbps>53.594 goodput_kbps>0.000 retrans>0 total_retrans>0 bytes_acked>25006961
18:37:25.125370 TCPINFO flow>2 window>0.109 samples>191 rtt_avg_us>31810 rtt_min_us>31411 rtt_max_us>32533 cwnd>60 cwnd_min>58 cwnd_max>60 throughput_kbps>19973.156 goodput_kbps>19579.597 retrans>0 total_retrans>0 bytes_acked>6952489
18:37:25.209580 TCPINFO flow>8 window>0.107 samples>201 rtt_avg_us>31484 rtt_min_us>31343 rtt_max_us>31691 cwnd>65 cwnd_min>65 cwnd_max>66 throughput_kbps>21564.833 goodput_kbps>21834.116 retrans>0 total_retrans>0 bytes_acked>10231737
18:37:25.216541 SHUTDOWN flow>8 srcPort>42533 dst>fd00:6::2/5401 
18:37:25.225372 TCPINFO flow>2 window>0.100 samples>176 rtt_avg_us>31453 rtt_min_us>31400 rtt_max_us>31625 cwnd>61 cwnd_min>60 cwnd_max>61 throughput_kbps>19998.320 goodput_kbps>19739.125 retrans>0 total_retrans>0 bytes_acked>7199233
18:37:25.225854 TCPINFO flow>1 window>0.101 samples>320 rtt_avg_us>32705 rtt_min_us>31693 rtt_max_us>32710 cwnd>44 cwnd_min>44 cwnd_max>45 throughput_kbps>14662.809 goodput_kbps>10232.974 retrans>0 total_retrans>0 bytes_acked>25135601
18:37:25.308115 OFF flow>8 srcPort>42533 dst>fd00:6::2/5401 
18:37:25.325387 TCPINFO flow>2 window>0.100 samples>106 rtt_avg_us>31345 rtt_min_us>31242 rtt_max_us>31625 cwnd>58 cwnd_min>58 cwnd_max>61 throughput_kbps>17874.439 goodput_kbps>19601.540 retrans>0 total_retrans>0 bytes_acked>7444289
18:37:25.362659 TCPINFO flow>1 window>0.137 samples>134 rtt_avg_us>31920 rtt_min_us>31414 rtt_max_us>32339 cwnd>42 cwnd_min>41 cwnd_max>44 throughput_kbps>13900.311 goodput_kbps>14115.975 retrans>0 total_retrans>0 bytes_acked>25376993
18:37:25.469881 TCPINFO flow>1 window>0.107 samples>134 rtt_avg_us>31618 rtt_min_us>31461 rtt_max_us>31669 cwnd>46 cwnd_min>42 cwnd_max>46 throughput_kbps>14928.877 goodput_kbps>14522.393 retrans>0 total_retrans>0 bytes_acked>25571633
18:37:25.525385 TCPINFO flow>2 window>0.200 samples>3 rtt_avg_us>31413 rtt_min_us>31242 rtt_max_us>31499 cwnd>58 cwnd_min>58 cwnd_max>58 throughput_kbps>0.000 goodput_kbps>2312.023 retrans>0 total_retrans>0 bytes_acked>7502089
18:37:25.569981 TCPINFO flow>1 window>0.100 samples>139 rtt_avg_us>31591 rtt_min_us>31375 rtt_max_us>31775 cwnd>49 cwnd_min>46 cwnd_max>49 throughput_kbps>16015.984 goodput_kbps>15588.891 retrans>0 total_retrans>0 bytes_acked>25766689
18:37:25.625390 TCPINFO flow>2 window>0.100 samples>2 rtt_avg_us>31499 rtt_min_us>31499 rtt_max_us>31499 cwnd>58 cwnd_min>58 cwnd_max>58 throughput_kbps>0.000 goodput_kbps>0.000 retrans>0 total_retrans>0 bytes_acked>7502089
18:37:25.669982 TCPINFO flow>1 window>0.100 samples>173 rtt_avg_us>31579 rtt_min_us>31514 rtt_max_us>31923 cwnd>52 cwnd_min>49 cwnd_max>52 throughput_kbps>16673.113 goodput_kbps>16245.598 retrans>0 total_retrans>0 bytes_acked>25969761
18:37:25.770077 TCPINFO flow>1 window>0.100 samples>248 rtt_avg_us>31580 rtt_min_us>31462 rtt_max_us>31752 cwnd>55 cwnd_min>52 cwnd_max>55 throughput_kbps>18152.355 goodput_kbps>17938.798 retrans>0 total_retrans>0 bytes_acked>26194209
18:37:25.825376 TCPINFO flow>2 window>0.200 samples>3 rtt_avg_us>31499 rtt_min_us>31499 rtt_max_us>31499 cwnd>58 cwnd_min>58 cwnd_max>58 throughput_kbps>0.000 goodput_kbps>0.000 retrans>0 total_retrans>0 bytes_acked>7502089
18:37:25.870177 TCPINFO flow>1 window>0.100 samples>87 rtt_avg_us>31496 rtt_min_us>31464 rtt_max_us>31638 cwnd>58 cwnd_min>55 cwnd_max>58 throughput_kbps>19325.954 goodput_kbps>19005.634 retrans>0 total_retrans>0 bytes_acked>26432017
18:37:26.025386 TCPINFO flow>2 window>0.200 samples>3 rtt_avg_us>31499 rtt_min_us>31499 rtt_max_us>31499 cwnd>58 cwnd_min>58 cwnd_max>58 throughput_kbps>0.000 goodput_kbps>0.000 retrans>0 total_retrans>0 bytes_acked>7502089
18:37:26.025853 TCPINFO flow>1 window>0.156 samples>243 rtt_avg_us>31577 rtt_min_us>31441 rtt_max_us>31801 cwnd>63 cwnd_min>58 cwnd_max>63 throughput_kbps>20459.313 goodput_kbps>20184.691 retrans>0 total_retrans>0 bytes_acked>26824801
18:37:26.125453 TCPINFO flow>2 window>0.100 samples>5 rtt_avg_us>31499 rtt_min_us>31499 rtt_max_us>31499 cwnd>58 cwnd_min>58 cwnd_max>58 throughput_kbps>106.808 goodput_kbps>0.000 retrans>0 total_retrans>0 bytes_acked>7502089
18:37:26.137273 TCPINFO flow>1 window>0.111 samples>179 rtt_avg_us>31375 rtt_min_us>31261 rtt_max_us>31607 cwnd>66 cwnd_min>63 cwnd_max>66 throughput_kbps>21870.975 goodput_kbps>21679.124 retrans>0 total_retrans>0 bytes_acked>27126737
18:37:26.271671 TCPINFO flow>2 window>0.146 samples>271 rtt_avg_us>31535 rtt_min_us>31365 rtt_max_us>32815 cwnd>52 cwnd_min>52 cwnd_max>58 throughput_kbps>17647.294 goodput_kbps>14040.624 retrans>0 total_retrans>0 bytes_acked>7758713
18:37:26.325854 TCPINFO flow>1 window>0.189 samples>82 rtt_avg_us>31600 rtt_min_us>31356 rtt_max_us>33924 cwnd>68 cwnd_min>66 cwnd_max>68 throughput_kbps>12588.840 goodput_kbps>16159.422 retrans>0 total_retrans>0 bytes_acked>27507657
18:37:26.386229 TCPINFO flow>2 window>0.115 samples>177 rtt_avg_us>32000 rtt_min_us>31522 rtt_max_us>32815 cwnd>56 cwnd_min>52 cwnd_max>56 throughput_kbps>18379.650 goodput_kbps>18038.304 retrans>0 total_retrans>0 bytes_acked>8017017
18:37:26.493709 TCPINFO flow>2 window>0.107 samples>179 rtt_avg_us>31428 rtt_min_us>31337 rtt_max_us>31522 cwnd>59 cwnd_min>56 cwnd_max>59 throughput_kbps>19490.584 goodput_kbps>19291.701 retrans>0 total_retrans>0 bytes_acked>8276201
18:37:26.525861 TCPINFO flow>1 window>0.200 samples>3 rtt_avg_us>33924 rtt_min_us>33924 rtt_max_us>33924 cwnd>68 cwnd_min>68 cwnd_max>68 throughput_kbps>0.000 goodput_kbps>0.000 retrans>0 total_retrans>0 bytes_acked>27507657
18:37:26.602580 TCPINFO flow>2 window>0.109 samples>187 rtt_avg_us>31459 rtt_min_us>31400 rtt_max_us>31548 cwnd>62 cwnd_min>59 cwnd_max>62 throughput_kbps>20615.958 goodput_kbps>20125.102 retrans>0 total_retrans>0 bytes_acked>8550081
18:37:26.702589 TCPINFO flow>2 window>0.100 samples>194 rtt_avg_us>31415 rtt_min_us>31333 rtt_max_us>31566 cwnd>66 cwnd_min>62 cwnd_max>66 throughput_kbps>21801.558 goodput_kbps>21587.817 retrans>0 total_retrans>0 bytes_acked>8819953
18:37:26.725853 TCPINFO flow>1 window>0.200 samples>3 rtt_avg_us>33924 rtt_min_us>33924 rtt_max_us>33924 cwnd>68 cwnd_min>68 cwnd_max>68 throughput_kbps>0.000 goodput_kbps>0.000 retrans>0 total_retrans>0 bytes_acked>27507657
18:37:26.802657 TCPINFO flow>2 window>0.100 samples>250 rtt_avg_us>31412 rtt_min_us>31106 rtt_max_us>31567 cwnd>69 cwnd_min>66 cwnd_max>69 throughput_kbps>22963.585 goodput_kbps>22429.548 retrans>0 total_retrans>0 bytes_acked>9100513
18:37:26.825854 TCPINFO flow>1 window>0.100 samples>2 rtt_avg_us>33924 rtt_min_us>33924 rtt_max_us>33924 cwnd>68 cwnd_min>68 cwnd_max>68 throughput_kbps>0.000 goodput_kbps>0.000 retrans>0 total_retrans>0 bytes_acked>27507657
18:37:26.905602 TCPINFO flow>2 window>0.103 samples>160 rtt_avg_us>31511 rtt_min_us>31361 rtt_max_us>31821 cwnd>71 cwnd_min>69 cwnd_max>71 throughput_kbps>23567.691 goodput_kbps>23463.869 retrans>0 total_retrans>0 bytes_acked>9402449
18:37:27.010884 TCPINFO flow>2 window>0.105 samples>223 rtt_avg_us>31453 rtt_min_us>31325 rtt_max_us>31608 cwnd>74 cwnd_min>71 cwnd_max>74 throughput_kbps>24465.797 goodput_kbps>24161.243 retrans>0 total_retrans>0 bytes_acked>9720417
18:37:27.025859 TCPINFO flow>1 window>0.200 samples>3 rtt_avg_us>33924 rtt_min_us>33924 rtt_max_us>33924 cwnd>68 cwnd_min>68 cwnd_max>68 throughput_kbps>0.000 goodput_kbps>0.000 retrans>0 total_retrans>0 bytes_acked>27507657
18:37:27.125388 TCPINFO flow>2 window>0.115 samples>86 rtt_avg_us>31472 rtt_min_us>31343 rtt_max_us>31527 cwnd>76 cwnd_min>74 cwnd_max>76 throughput_kbps>13007.476 goodput_kbps>19728.079 retrans>0 total_retrans>0 bytes_acked>10002785
18:37:27.125886 TCPINFO flow>1 window>0.100 samples>9 rtt_avg_us>33924 rtt_min_us>33924 rtt_max_us>33924 cwnd>68 cwnd_min>68 cwnd_max>68 throughput_kbps>213.702 goodput_kbps>0.000 retrans>0 total_retrans>0 bytes_acked>27507657
18:37:27.226523 TCPINFO flow>1 window>0.101 samples>318 rtt_avg_us>33879 rtt_min_us>31350 rtt_max_us>33924 cwnd>69 cwnd_min>68 cwnd_max>69 throughput_kbps>23152.359 goodput_kbps>16249.133 retrans>0 total_retrans>0 bytes_acked>27712065
18:37:27.325400 TCPINFO flow>2 window>0.200 samples>3 rtt_avg_us>31354 rtt_min_us>31354 rtt_max_us>31354 cwnd>76 cwnd_min>76 cwnd_max>76 throughput_kbps>0.000 goodput_kbps>0.000 retrans>0 total_retrans>0 bytes_acked>10002785
18:37:27.377821 TCPINFO flow>1 window>0.151 samples>310 rtt_avg_us>31455 rtt_min_us>31330 rtt_max_us>31609 cwnd>74 cwnd_min>69 cwnd_max>74 throughput_kbps>23877.011 goodput_kbps>23735.727 retrans>0 total_retrans>0 bytes_acked>28160961
18:37:27.477891 TCPINFO flow>1 window>0.100 samples>344 rtt_avg_us>31427 rtt_min_us>31309 rtt_max_us>31620 cwnd>76 cwnd_min>74 cwnd_max>76 throughput_kbps>25419.646 goodput_kbps>24885.620 retrans>0 total_retrans>0 bytes_acked>28472249
18:37:27.525386 TCPINFO flow>2 window>0.200 samples>3 rtt_avg_us>31354 rtt_min_us>31354 rtt_max_us>31354 cwnd>76 cwnd_min>76 cwnd_max>76 throughput_kbps>0.000 goodput_kbps>0.000 retrans>0 total_retrans>0 bytes_acked>10002785
18:37:27.620257 TCPINFO flow>1 window>0.142 samples>188 rtt_avg_us>31310 rtt_min_us>31231 rtt_max_us>31563 cwnd>81 cwnd_min>76 cwnd_max>81 throughput_kbps>26651.307 goodput_kbps>26351.011 retrans>0 total_retrans>0 bytes_acked>28941185
18:37:27.625388 TCPINFO flow>2 window>0.100 samples>2 rtt_avg_us>31354 rtt_min_us>31354 rtt_max_us>31354 cwnd>76 cwnd_min>76 cwnd_max>76 throughput_kbps>0.000 goodput_kbps>0.000 retrans>0 total_retrans>0 bytes_acked>10002785
18:37:27.725851 TCPINFO flow>1 window>0.106 samples>354 rtt_avg_us>31434 rtt_min_us>31274 rtt_max_us>31977 cwnd>84 cwnd_min>81 cwnd_max>84 throughput_kbps>27430.043 goodput_kbps>26923.954 retrans>0 total_retrans>0 bytes_acked>29296561
18:37:27.825384 TCPINFO flow>2 window>0.200 samples>3 rtt_avg_us>31354 rtt_min_us>31354 rtt_max_us>31354 cwnd>76 cwnd_min>76 cwnd_max>76 throughput_kbps>0.000 goodput_kbps>0.000 retrans>0 total_retrans>0 bytes_acked>10002785
18:37:27.843909 TCPINFO flow>1 window>0.118 samples>179 rtt_avg_us>31340 rtt_min_us>31273 rtt_max_us>31592 cwnd>87 cwnd_min>84 cwnd_max>87 throughput_kbps>28698.572 goodput_kbps>28426.977 retrans>0 total_retrans>0 bytes_acked>29716065
18:37:27.925399 TCPINFO flow>2 window>0.100 samples>2 rtt_avg_us>31354 rtt_min_us>31354 rtt_max_us>31354 cwnd>76 cwnd_min>76 cwnd_max>76 throughput_kbps>0.000 goodput_kbps>0.000 retrans>0 total_retrans>0 bytes_acked>10002785
18:37:28.025399 TCPINFO flow>2 window>0.100 samples>2 rtt_avg_us>31354 rtt_min_us>31354 rtt_max_us>31354 cwnd>76 cwnd_min>76 cwnd_max>76 throughput_kbps>0.000 goodput_kbps>0.000 retrans>0 total_retrans>0 bytes_acked>10002785
18:37:28.025859 TCPINFO flow>1 window>0.182 samples>34 rtt_avg_us>31328 rtt_min_us>31211 rtt_max_us>31371 cwnd>88 cwnd_min>87 cwnd_max>88 throughput_kbps>7799.593 goodput_kbps>12851.355 retrans>0 total_retrans>0 bytes_acked>30008353
18:37:28.125472 TCPINFO flow>2 window>0.100 samples>5 rtt_avg_us>31354 rtt_min_us>31354 rtt_max_us>31354 cwnd>76 cwnd_min>76 cwnd_max>76 throughput_kbps>213.604 goodput_kbps>0.000 retrans>0 total_retrans>0 bytes_acked>10002785
18:37:28.225853 TCPINFO flow>1 window>0.200 samples>3 rtt_avg_us>31211 rtt_min_us>31211 rtt_max_us>31211 cwnd>88 cwnd_min>88 cwnd_max>88 throughput_kbps>0.000 goodput_kbps>0.000 retrans>0 total_retrans>0 bytes_acked>30008353
18:37:28.267535 TCPINFO flow>2 window>0.142 samples>368 rtt_avg_us>31325 rtt_min_us>31234 rtt_max_us>31382 cwnd>78 cwnd_min>76 cwnd_max>78 throughput_kbps>25955.808 goodput_kbps>20538.944 retrans>0 total_retrans>0 bytes_acked>10367513
18:37:28.325863 TCPINFO flow>1 window>0.100 samples>2 rtt_avg_us>31211 rtt_min_us>31211 rtt_max_us>31211 cwnd>88 cwnd_min>88 cwnd_max>88 throughput_kbps>0.000 goodput_kbps>0.000 retrans>0 total_retrans>0 bytes_acked>30008353
18:37:28.386002 TCPINFO flow>2 window>0.118 samples>265 rtt_avg_us>31359 rtt_min_us>31222 rtt_max_us>32081 cwnd>75 cwnd_min>75 cwnd_max>78 throughput_kbps>25802.696 goodput_kbps>25892.915 retrans>0 total_retrans>0 bytes_acked>10750945
18:37:28.509274 TCPINFO flow>2 window>0.123 samples>266 rtt_avg_us>31588 rtt_min_us>31212 rtt_max_us>32078 cwnd>74 cwnd_min>74 cwnd_max>76 throughput_kbps>24450.127 goodput_kbps>24710.234 retrans>0 total_retrans>0 bytes_acked>11131705
18:37:28.525849 TCPINFO flow>1 window>0.200 samples>3 rtt_avg_us>31211 rtt_min_us>31211 rtt_max_us>31211 cwnd>88 cwnd_min>88 cwnd_max>88 throughput_kbps>0.000 goodput_kbps>0.000 retrans>0 total_retrans>0 bytes_acked>30008353
18:37:28.625373 TCPINFO flow>2 window>0.116 samples>266 rtt_avg_us>31376 rtt_min_us>31312 rtt_max_us>31524 cwnd>77 cwnd_min>74 cwnd_max>77 throughput_kbps>25592.503 goodput_kbps>25316.325 retrans>0 total_retrans>0 bytes_acked>11499105
18:37:28.625855 TCPINFO flow>1 window>0.100 samples>2 rtt_avg_us>31211 rtt_min_us>31211 rtt_max_us>31211 cwnd>88 cwnd_min>88 cwnd_max>88 throughput_kbps>0.000 goodput_kbps>0.000 retrans>0 total_retrans>0 bytes_acked>30008353
18:37:28.725387 TCPINFO flow>2 window>0.100 samples>265 rtt_avg_us>31493 rtt_min_us>31312 rtt_max_us>31980 cwnd>80 cwnd_min>77 cwnd_max>80 throughput_kbps>26395.665 goodput_kbps>25647.609 retrans>0 total_retrans>0 bytes_acked>11819745
18:37:28.825848 TCPINFO flow>1 window>0.200 samples>3 rtt_avg_us>31211 rtt_min_us>31211 rtt_max_us>31211 cwnd>88 cwnd_min>88 cwnd_max>88 throughput_kbps>0.000 goodput_kbps>0.000 retrans>0 total_retrans>0 bytes_acked>30008353
18:37:28.860179 TCPINFO flow>2 window>0.135 samples>267 rtt_avg_us>31427 rtt_min_us>31252 rtt_max_us>31830 cwnd>84 cwnd_min>80 cwnd_max>84 throughput_kbps>27593.804 goodput_kbps>27435.219 retrans>0 total_retrans>0 bytes_acked>12282001
18:37:28.925860 TCPINFO flow>1 window>0.100 samples>2 rtt_avg_us>31211 rtt_min_us>31211 rtt_max_us>31211 cwnd>88 cwnd_min>88 cwnd_max>88 throughput_kbps>0.000 goodput_kbps>0.000 retrans>0 total_retrans>0 bytes_acked>30008353
18:37:29.025396 TCPINFO flow>2 window>0.165 samples>31 rtt_avg_us>31330 rtt_min_us>31258 rtt_max_us>31347 cwnd>84 cwnd_min>84 cwnd_max>84 throughput_kbps>5419.684 goodput_kbps>10724.320 retrans>0 total_retrans>0 bytes_acked>12503481
18:37:29.025861 TCPINFO flow>1 window>0.100 samples>2 rtt_avg_us>31211 rtt_min_us>31211 rtt_max_us>31211 cwnd>88 cwnd_min>88 cwnd_max>88 throughput_kbps>0.000 goodput_kbps>0.000 retrans>0 total_retrans>0 bytes_acked>30008353
18:37:29.125889 TCPINFO flow>1 window>0.100 samples>9 rtt_avg_us>31211 rtt_min_us>31211 rtt_max_us>31211 cwnd>88 cwnd_min>88 cwnd_max>88 throughput_kbps>320.550 goodput_kbps>0.000 retrans>0 total_retrans>0 bytes_acked>30008353
18:37:29.225399 TCPINFO flow>2 window>0.200 samples>3 rtt_avg_us>31258 rtt_min_us>31258 rtt_max_us>31258 cwnd>84 cwnd_min>84 cwnd_max>84 throughput_kbps>0.000 goodput_kbps>0.000 retrans>0 total_retrans>0 bytes_acked>12503481
18:37:29.267788 TCPINFO flow>1 window>0.142 samples>455 rtt_avg_us>31313 rtt_min_us>31132 rtt_max_us>32201 cwnd>89 cwnd_min>88 cwnd_max>89 throughput_kbps>30128.472 goodput_kbps>23801.493 retrans>0 total_retrans>0 bytes_acked>30430529
18:37:29.405259 TCPINFO flow>1 window>0.137 samples>354 rtt_avg_us>31207 rtt_min_us>31132 rtt_max_us>31326 cwnd>89 cwnd_min>88 cwnd_max>89 throughput_kbps>29932.713 goodput_kbps>29854.966 retrans>0 total_retrans>0 bytes_acked>30943553
18:37:29.425398 TCPINFO flow>2 window>0.200 samples>3 rtt_avg_us>31258 rtt_min_us>31258 rtt_max_us>31258 cwnd>84 cwnd_min>84 cwnd_max>84 throughput_kbps>0.000 goodput_kbps>0.000 retrans>0 total_retrans>0 bytes_acked>12503481
18:37:29.525857 TCPINFO flow>1 window>0.121 samples>355 rtt_avg_us>31281 rtt_min_us>31171 rtt_max_us>31408 cwnd>89 cwnd_min>87 cwnd_max>89 throughput_kbps>30043.881 goodput_kbps>29955.256 retrans>0 total_retrans>0 bytes_acked>31395121
18:37:29.625385 TCPINFO flow>2 window>0.200 samples>3 rtt_avg_us>31258 rtt_min_us>31258 rtt_max_us>31258 cwnd>84 cwnd_min>84 cwnd_max>84 throughput_kbps>0.000 goodput_kbps>0.000 retrans>0 total_retrans>0 bytes_acked>12503481
18:37:29.625893 TCPINFO flow>1 window>0.100 samples>343 rtt_avg_us>31270 rtt_min_us>31192 rtt_max_us>31402 cwnd>89 cwnd_min>88 cwnd_max>90 throughput_kbps>29808.789 goodput_kbps>29808.789 retrans>0 total_retrans>0 bytes_acked>31767865
18:37:29.725388 TCPINFO flow>2 window>0.100 samples>2 rtt_avg_us>31258 rtt_min_us>31258 rtt_max_us>31258 cwnd>84 cwnd_min>84 cwnd_max>84 throughput_kbps>0.000 goodput_kbps>0.000 retrans>0 total_retrans>0 bytes_acked>12503481
18:37:29.747713 TCPINFO flow>1 window>0.122 samples>190 rtt_avg_us>31263 rtt_min_us>31200 rtt_max_us>31504 cwnd>92 cwnd_min>89 cwnd_max>92 throughput_kbps>30444.393 goodput_kbps>30268.921 retrans>0 total_retrans>0 bytes_acked>32228785
18:37:29.825405 TCPINFO flow>2 window>0.100 samples>2 rtt_avg_us>31258 rtt_min_us>31258 rtt_max_us>31258 cwnd>84 cwnd_min>84 cwnd_max>84 throughput_kbps>0.000 goodput_kbps>0.000 retrans>0 total_retrans>0 bytes_acked>12503481
18:37:29.925406 TCPINFO flow>2 window>0.100 samples>2 rtt_avg_us>31258 rtt_min_us>31258 rtt_max_us>31258 cwnd>84 cwnd_min>84 cwnd_max>84 throughput_kbps>0.000 goodput_kbps>0.000 retrans>0 total_retrans>0 bytes_acked>12503481
18:37:29.925860 TCPINFO flow>1 window>0.178 samples>28 rtt_avg_us>31233 rtt_min_us>31190 rtt_max_us>31726 cwnd>93 cwnd_min>92 cwnd_max>93 throughput_kbps>7126.160 goodput_kbps>12585.741 retrans>0 total_retrans>0 bytes_acked>32509049
18:37:30.125348 ON flow>9 srcPort>33423 dst>fd00:6::2/5402 
18:37:30.125395 TCPINFO flow>2 window>0.200 samples>3 rtt_avg_us>31258 rtt_min_us>31258 rtt_max_us>31258 cwnd>84 cwnd_min>84 cwnd_max>84 throughput_kbps>53.443 goodput_kbps>0.000 retrans>0 total_retrans>0 bytes_acked>12503481
18:37:30.125849 TCPINFO flow>1 window>0.200 samples>3 rtt_avg_us>31726 rtt_min_us>31726 rtt_max_us>31726 cwnd>93 cwnd_min>93 cwnd_max>93 throughput_kbps>0.000 goodput_kbps>0.000 retrans>0 total_retrans>0 bytes_acked>32509049
18:37:30.156390 CONNECT flow>9 srcPort>33423 dst>fd00:6::2/5402 
18:37:30.225397 TCPINFO flow>2 window>0.100 samples>371 rtt_avg_us>31222 rtt_min_us>31098 rtt_max_us>31258 cwnd>85 cwnd_min>84 cwnd_max>85 throughput_kbps>28750.145 goodput_kbps>19879.282 retrans>0 total_retrans>0 bytes_acked>12751977
18:37:30.225854 TCPINFO flow>1 window>0.100 samples>2 rtt_avg_us>31726 rtt_min_us>31726 rtt_max_us>31726 cwnd>93 cwnd_min>93 cwnd_max>93 throughput_kbps>0.000 goodput_kbps>0.000 retrans>0 total_retrans>0 bytes_acked>32509049
18:37:30.264750 TCPINFO flow>9 window>0.108 samples>54 rtt_avg_us>31027 rtt_min_us>31006 rtt_max_us>31677 cwnd>8 cwnd_min>7 cwnd_max>10 throughput_kbps>2663.959 goodput_kbps>2080.239 retrans>0 total_retrans>0 bytes_acked>28169
18:37:30.371141 TCPINFO flow>2 window>0.146 samples>267 rtt_avg_us>31251 rtt_min_us>31131 rtt_max_us>31387 cwnd>80 cwnd_min>80 cwnd_max>85 throughput_kbps>26326.929 goodput_kbps>26693.600 retrans>0 total_retrans>0 bytes_acked>13238281
18:37:30.401476 TCPINFO flow>9 window>0.137 samples>31 rtt_avg_us>31748 rtt_min_us>31677 rtt_max_us>33599 cwnd>10 cwnd_min>8 cwnd_max>10 throughput_kbps>2579.641 goodput_kbps>2501.470 retrans>0 total_retrans>0 bytes_acked>70921
18:37:30.425850 TCPINFO flow>1 window>0.200 samples>3 rtt_avg_us>31726 rtt_min_us>31726 rtt_max_us>31726 cwnd>93 cwnd_min>93 cwnd_max>93 throughput_kbps>0.000 goodput_kbps>0.000 retrans>0 total_retrans>0 bytes_acked>32509049
18:37:30.487937 TCPINFO flow>2 window>0.117 samples>266 rtt_avg_us>31298 rtt_min_us>31186 rtt_max_us>31407 cwnd>74 cwnd_min>74 cwnd_max>80 throughput_kbps>25256.755 goodput_kbps>25897.325 retrans>0 total_retrans>0 bytes_acked>13616369
18:37:30.525368 TCPINFO flow>9 window>0.124 samples>44 rtt_avg_us>33456 rtt_min_us>33142 rtt_max_us>34340 cwnd>11 cwnd_min>10 cwnd_max>11 throughput_kbps>3278.210 goodput_kbps>3019.404 retrans>0 total_retrans>0 bytes_acked>117681
18:37:30.525851 TCPINFO flow>1 window>0.100 samples>2 rtt_avg_us>31726 rtt_min_us>31726 rtt_max_us>31726 cwnd>93 cwnd_min>93 cwnd_max>93 throughput_kbps>0.000 goodput_kbps>0.000 retrans>0 total_retrans>0 bytes_acked>32509049
18:37:30.616790 TCPINFO flow>2 window>0.129 samples>266 rtt_avg_us>31492 rtt_min_us>31232 rtt_max_us>31860 cwnd>67 cwnd_min>67 cwnd_max>75 throughput_kbps>22976.384 goodput_kbps>23557.015 retrans>0 total_retrans>0 bytes_acked>13995793
18:37:30.625369 TCPINFO flow>9 window>0.100 samples>24 rtt_avg_us>33217 rtt_min_us>32601 rtt_max_us>33248 cwnd>13 cwnd_min>11 cwnd_max>13 throughput_kbps>3954.520 goodput_kbps>3740.763 retrans>0 total_retrans>0 bytes_acked>164441
18:37:30.625854 TCPINFO flow>1 window>0.100 samples>2 rtt_avg_us>31726 rtt_min_us>31726 rtt_max_us>31726 cwnd>93 cwnd_min>93 cwnd_max>93 throughput_kbps>0.000 goodput_kbps>0.000 retrans>0 total_retrans>0 bytes_acked>32509049
18:37:30.725368 TCPINFO flow>2 window>0.109 samples>265 rtt_avg_us>31357 rtt_min_us>31292 rtt_max_us>31431 cwnd>62 cwnd_min>62 cwnd_max>67 throughput_kbps>21655.952 goodput_kbps>22049.697 retrans>0 total_retrans>0 bytes_acked>14295057
18:37:30.770529 TCPINFO flow>9 window>0.145 samples>54 rtt_avg_us>32883 rtt_min_us>32463 rtt_max_us>32916 cwnd>16 cwnd_min>13 cwnd_max>16 throughput_kbps>4933.150 goodput_kbps>4785.891 retrans>0 total_retrans>0 bytes_acked>251281
18:37:30.825370 TCPINFO flow>2 window>0.100 samples>134 rtt_avg_us>31378 rtt_min_us>31213 rtt_max_us>31580 cwnd>61 cwnd_min>61 cwnd_max>62 throughput_kbps>20627.427 goodput_kbps>20627.427 retrans>0 total_retrans>0 bytes_acked>14552905
18:37:30.825848 TCPINFO flow>1 window>0.200 samples>3 rtt_avg_us>31726 rtt_min_us>31726 rtt_max_us>31726 cwnd>93 cwnd_min>93 cwnd_max>93 throughput_kbps>0.000 goodput_kbps>0.000 retrans>0 total_retrans>0 bytes_acked>32509049
18:37:30.925367 TCPINFO flow>9 window>0.155 samples>82 rtt_avg_us>32947 rtt_min_us>32657 rtt_max_us>33049 cwnd>21 cwnd_min>16 cwnd_max>21 throughput_kbps>6143.401 goodput_kbps>5798.267 retrans>0 total_retrans>0 bytes_acked>363505
18:37:30.925384 TCPINFO flow>2 window>0.100 samples>161 rtt_avg_us>31567 rtt_min_us>31295 rtt_max_us>31859 cwnd>64 cwnd_min>61 cwnd_max>64 throughput_kbps>20624.953 goodput_kbps>20304.357 retrans>0 total_retrans>0 bytes_acked>14806745
18:37:30.925849 TCPINFO flow>1 window>0.100 samples>2 rtt_avg_us>31726 rtt_min_us>31726 rtt_max_us>31726 cwnd>93 cwnd_min>93 cwnd_max>93 throughput_kbps>0.000 goodput_kbps>0.000 retrans>0 total_retrans>0 bytes_acked>32509049
18:37:31.025368 TCPINFO flow>9 window>0.100 samples>107 rtt_avg_us>32329 rtt_min_us>31884 rtt_max_us>32795 cwnd>24 cwnd_min>21 cwnd_max>24 throughput_kbps>7374.646 goodput_kbps>7054.009 retrans>0 total_retrans>0 bytes_acked>451681
18:37:31.025385 TCPINFO flow>2 window>0.100 samples>2 rtt_avg_us>31487 rtt_min_us>31347 rtt_max_us>31627 cwnd>66 cwnd_min>64 cwnd_max>66 throughput_kbps>8954.150 goodput_kbps>15794.402 retrans>0 total_retrans>0 bytes_acked>15004177
18:37:31.025849 TCPINFO flow>1 window>0.100 samples>2 rtt_avg_us>31726 rtt_min_us>31726 rtt_max_us>31726 cwnd>93 cwnd_min>93 cwnd_max>93 throughput_kbps>0.000 goodput_kbps>0.000 retrans>0 total_retrans>0 bytes_acked>32509049
18:37:31.125370 TCPINFO flow>9 window>0.100 samples>63 rtt_avg_us>31713 rtt_min_us>31656 rtt_max_us>31940 cwnd>27 cwnd_min>24 cwnd_max>27 throughput_kbps>8550.229 goodput_kbps>8229.595 retrans>0 total_retrans>0 bytes_acked>554553
18:37:31.125387 TCPINFO flow>2 window>0.100 samples>2 rtt_avg_us>31627 rtt_min_us>31627 rtt_max_us>31627 cwnd>66 cwnd_min>66 cwnd_max>66 throughput_kbps>0.000 goodput_kbps>0.000 retrans>0 total_retrans>0 bytes_acked>15004177
18:37:31.125884 TCPINFO flow>1 window>0.100 samples>9 rtt_avg_us>31726 rtt_min_us>31726 rtt_max_us>31726 cwnd>93 cwnd_min>93 cwnd_max>93 throughput_kbps>320.528 goodput_kbps>0.000 retrans>0 total_retrans>0 bytes_acked>32509049
18:37:31.225371 TCPINFO flow>9 window>0.100 samples>61 rtt_avg_us>31982 rtt_min_us>31700 rtt_max_us>31991 cwnd>28 cwnd_min>27 cwnd_max>28 throughput_kbps>9298.467 goodput_kbps>9084.709 retrans>0 total_retrans>0 bytes_acked>668113
18:37:31.225394 TCPINFO flow>2 window>0.100 samples>2 rtt_avg_us>31627 rtt_min_us>31627 rtt_max_us>31627 cwnd>66 cwnd_min>66 cwnd_max>66 throughput_kbps>0.000 goodput_kbps>0.000 retrans>0 total_retrans>0 bytes_acked>15004177
18:37:31.262289 TCPINFO flow>1 window>0.136 samples>456 rtt_avg_us>31532 rtt_min_us>31086 rtt_max_us>31726 cwnd>93 cwnd_min>93 cwnd_max>94 throughput_kbps>31655.379 goodput_kbps>24916.858 retrans>0 total_retrans>0 bytes_acked>32933897
18:37:31.381620 TCPINFO flow>9 window>0.156 samples>123 rtt_avg_us>31728 rtt_min_us>31434 rtt_max_us>31995 cwnd>29 cwnd_min>28 cwnd_max>29 throughput_kbps>9644.913 goodput_kbps>9713.317 retrans>0 total_retrans>0 bytes_acked>857825
18:37:31.396024 TCPINFO flow>1 window>0.134 samples>354 rtt_avg_us>31191 rtt_min_us>31053 rtt_max_us>31318 cwnd>89 cwnd_min>89 cwnd_max>93 throughput_kbps>30289.393 goodput_kbps>30529.151 retrans>0 total_retrans>0 bytes_acked>33444249
18:37:31.425371 TCPINFO flow>2 window>0.200 samples>3 rtt_avg_us>31627 rtt_min_us>31627 rtt_max_us>31627 cwnd>66 cwnd_min>66 cwnd_max>66 throughput_kbps>0.000 goodput_kbps>0.000 retrans>0 total_retrans>0 bytes_acked>15004177
18:37:31.525368 TCPINFO flow>9 window>0.144 samples>119 rtt_avg_us>31841 rtt_min_us>31674 rtt_max_us>32069 cwnd>29 cwnd_min>28 cwnd_max>29 throughput_kbps>9368.395 goodput_kbps>9294.042 retrans>0 total_retrans>0 bytes_acked>1024825
18:37:31.525384 TCPINFO flow>2 window>0.100 samples>2 rtt_avg_us>31627 rtt_min_us>31627 rtt_max_us>31627 cwnd>66 cwnd_min>66 cwnd_max>66 throughput_kbps>0.000 goodput_kbps>0.000 retrans>0 total_retrans>0 bytes_acked>15004177
18:37:31.525848 TCPINFO flow>1 window>0.130 samples>354 rtt_avg_us>31261 rtt_min_us>31187 rtt_max_us>31384 cwnd>82 cwnd_min>82 cwnd_max>89 throughput_kbps>28485.088 goodput_kbps>28979.049 retrans>0 total_retrans>0 bytes_acked>33914521
18:37:31.625369 TCPINFO flow>9 window>0.100 samples>119 rtt_avg_us>31929 rtt_min_us>31684 rtt_max_us>32116 cwnd>29 cwnd_min>28 cwnd_max>29 throughput_kbps>9191.588 goodput_kbps>9084.709 retrans>0 total_retrans>0 bytes_acked>1138385
18:37:31.625386 TCPINFO flow>2 window>0.100 samples>2 rtt_avg_us>31627 rtt_min_us>31627 rtt_max_us>31627 cwnd>66 cwnd_min>66 cwnd_max>66 throughput_kbps>0.000 goodput_kbps>0.000 retrans>0 total_retrans>0 bytes_acked>15004177
18:37:31.625863 TCPINFO flow>1 window>0.100 samples>331 rtt_avg_us>31381 rtt_min_us>31244 rtt_max_us>31679 cwnd>80 cwnd_min>79 cwnd_max>83 throughput_kbps>27143.448 goodput_kbps>27357.176 retrans>0 total_retrans>0 bytes_acked>34256537
18:37:31.743436 TCPINFO flow>9 window>0.118 samples>61 rtt_avg_us>31835 rtt_min_us>31796 rtt_max_us>32281 cwnd>31 cwnd_min>29 cwnd_max>31 throughput_kbps>9686.161 goodput_kbps>9776.686 retrans>0 total_retrans>0 bytes_acked>1282673
18:37:31.764317 TCPINFO flow>1 window>0.138 samples>203 rtt_avg_us>31383 rtt_min_us>31300 rtt_max_us>31510 cwnd>77 cwnd_min>77 cwnd_max>80 throughput_kbps>26477.993 goodput_kbps>26709.579 retrans>0 total_retrans>0 bytes_acked>34718793
18:37:31.825369 TCPINFO flow>2 window>0.200 samples>3 rtt_avg_us>31627 rtt_min_us>31627 rtt_max_us>31627 cwnd>66 cwnd_min>66 cwnd_max>66 throughput_kbps>0.000 goodput_kbps>0.000 retrans>0 total_retrans>0 bytes_acked>15004177
18:37:31.865142 TCPINFO flow>9 window>0.122 samples>115 rtt_avg_us>32229 rtt_min_us>31910 rtt_max_us>32350 cwnd>34 cwnd_min>31 cwnd_max>34 throughput_kbps>10889.455 goodput_kbps>10538.182 retrans>0 total_retrans>0 bytes_acked>1442993
18:37:31.925853 TCPINFO flow>1 window>0.162 samples>27 rtt_avg_us>31326 rtt_min_us>31308 rtt_max_us>31509 cwnd>78 cwnd_min>77 cwnd_max>78 throughput_kbps>9446.910 goodput_kbps>14409.271 retrans>0 total_retrans>0 bytes_acked>35009745
18:37:31.988524 TCPINFO flow>9 window>0.123 samples>133 rtt_avg_us>32078 rtt_min_us>31760 rtt_max_us>32292 cwnd>38 cwnd_min>34 cwnd_max>38 throughput_kbps>12387.415 goodput_kbps>11954.288 retrans>0 total_retrans>0 bytes_acked>1627361
18:37:32.025369 TCPINFO flow>2 window>0.200 samples>3 rtt_avg_us>31627 rtt_min_us>31627 rtt_max_us>31627 cwnd>66 cwnd_min>66 cwnd_max>66 throughput_kbps>0.000 goodput_kbps>0.000 retrans>0 total_retrans>0 bytes_acked>15004177
18:37:32.025853 TCPINFO flow>1 window>0.100 samples>2 rtt_avg_us>31509 rtt_min_us>31509 rtt_max_us>31509 cwnd>78 cwnd_min>78 cwnd_max>78 throughput_kbps>0.000 goodput_kbps>0.000 retrans>0 total_retrans>0 bytes_acked>35009745
18:37:32.103301 TCPINFO flow>9 window>0.115 samples>134 rtt_avg_us>31835 rtt_min_us>31563 rtt_max_us>32112 cwnd>41 cwnd_min>38 cwnd_max>41 throughput_kbps>13409.237 goodput_kbps>13129.878 retrans>0 total_retrans>0 bytes_acked>1815737
18:37:32.125466 TCPINFO flow>2 window>0.100 samples>5 rtt_avg_us>31627 rtt_min_us>31627 rtt_max_us>31627 cwnd>66 cwnd_min>66 cwnd_max>66 throughput_kbps>106.776 goodput_kbps>0.000 retrans>0 total_retrans>0 bytes_acked>15004177
18:37:32.125855 TCPINFO flow>1 window>0.100 samples>2 rtt_avg_us>31509 rtt_min_us>31509 rtt_max_us>31509 cwnd>78 cwnd_min>78 cwnd_max>78 throughput_kbps>0.000 goodput_kbps>0.000 retrans>0 total_retrans>0 bytes_acked>35009745
18:37:32.208309 TCPINFO flow>9 window>0.105 samples>130 rtt_avg_us>31796 rtt_min_us>31599 rtt_max_us>32114 cwnd>43 cwnd_min>41 cwnd_max>43 throughput_kbps>13842.450 goodput_kbps>13638.885 retrans>0 total_retrans>0 bytes_acked>1994761
18:37:32.225859 TCPINFO flow>1 window>0.100 samples>2 rtt_avg_us>31509 rtt_min_us>31509 rtt_max_us>31509 cwnd>78 cwnd_min>78 cwnd_max>78 throughput_kbps>0.000 goodput_kbps>0.000 retrans>0 total_retrans>0 bytes_acked>35009745
18:37:32.227182 TCPINFO flow>2 window>0.102 samples>277 rtt_avg_us>31625 rtt_min_us>31339 rtt_max_us>31627 cwnd>66 cwnd_min>66 cwnd_max>66 throughput_kbps>22591.529 goodput_kbps>15866.609 retrans>0 total_retrans>0 bytes_acked>15205913
18:37:32.308368 TCPINFO flow>9 window>0.100 samples>131 rtt_avg_us>31553 rtt_min_us>31298 rtt_max_us>31737 cwnd>45 cwnd_min>43 cwnd_max>45 throughput_kbps>14954.377 goodput_kbps>14740.743 retrans>0 total_retrans>0 bytes_acked>2179129
18:37:32.366605 TCPINFO flow>2 window>0.139 samples>266 rtt_avg_us>31400 rtt_min_us>31324 rtt_max_us>31561 cwnd>65 cwnd_min>65 cwnd_max>66 throughput_kbps>22001.076 goodput_kbps>22077.735 retrans>0 total_retrans>0 bytes_acked>15590681
18:37:32.408724 TCPINFO flow>9 window>0.100 samples>124 rtt_avg_us>31559 rtt_min_us>31424 rtt_max_us>32059 cwnd>45 cwnd_min>44 cwnd_max>45 throughput_kbps>14697.118 goodput_kbps>14697.118 retrans>0 total_retrans>0 bytes_acked>2363497
18:37:32.425855 TCPINFO flow>1 window>0.200 samples>3 rtt_avg_us>31509 rtt_min_us>31509 rtt_max_us>31509 cwnd>78 cwnd_min>78 cwnd_max>78 throughput_kbps>0.000 goodput_kbps>0.000 retrans>0 total_retrans>0 bytes_acked>35009745
18:37:32.509632 TCPINFO flow>2 window>0.143 samples>266 rtt_avg_us>31437 rtt_min_us>31213 rtt_max_us>31780 cwnd>64 cwnd_min>64 cwnd_max>66 throughput_kbps>21446.692 goodput_kbps>21521.419 retrans>0 total_retrans>0 bytes_acked>15975449
18:37:32.525364 TCPINFO flow>9 window>0.117 samples>184 rtt_avg_us>31731 rtt_min_us>31467 rtt_max_us>32059 cwnd>45 cwnd_min>44 cwnd_max>46 throughput_kbps>14936.077 goodput_kbps>15027.709 retrans>0 total_retrans>0 bytes_acked>2582601
18:37:32.625367 TCPINFO flow>9 window>0.100 samples>121 rtt_avg_us>31621 rtt_min_us>31516 rtt_max_us>31756 cwnd>44 cwnd_min>44 cwnd_max>45 throughput_kbps>15069.628 goodput_kbps>14962.751 retrans>0 total_retrans>0 bytes_acked>2769641
18:37:32.625387 TCPINFO flow>2 window>0.116 samples>265 rtt_avg_us>31458 rtt_min_us>31289 rtt_max_us>31780 cwnd>63 cwnd_min>63 cwnd_max>64 throughput_kbps>21328.910 goodput_kbps>21605.909 retrans>0 total_retrans>0 bytes_acked>16288073
18:37:32.625853 TCPINFO flow>1 window>0.200 samples>3 rtt_avg_us>31509 rtt_min_us>31509 rtt_max_us>31509 cwnd>78 cwnd_min>78 cwnd_max>78 throughput_kbps>0.000 goodput_kbps>0.000 retrans>0 total_retrans>0 bytes_acked>35009745
18:37:32.727022 TCPINFO flow>2 window>0.102 samples>135 rtt_avg_us>31339 rtt_min_us>31291 rtt_max_us>31463 cwnd>62 cwnd_min>62 cwnd_max>63 throughput_kbps>20611.482 goodput_kbps>20611.482 retrans>0 total_retrans>0 bytes_acked>16549929
18:37:32.737924 TCPINFO flow>9 window>0.113 samples>121 rtt_avg_us>31553 rtt_min_us>31456 rtt_max_us>31746 cwnd>45 cwnd_min>44 cwnd_max>45 throughput_kbps>14908.144 goodput_kbps>14908.144 retrans>0 total_retrans>0 bytes_acked>2979393
18:37:32.825850 TCPINFO flow>1 window>0.200 samples>3 rtt_avg_us>31509 rtt_min_us>31509 rtt_max_us>31509 cwnd>78 cwnd_min>78 cwnd_max>78 throughput_kbps>0.000 goodput_kbps>0.000 retrans>0 total_retrans>0 bytes_acked>35009745
18:37:32.871045 TCPINFO flow>2 window>0.144 samples>258 rtt_avg_us>31392 rtt_min_us>31297 rtt_max_us>31595 cwnd>64 cwnd_min>61 cwnd_max>64 throughput_kbps>20982.871 goodput_kbps>20853.114 retrans>0 total_retrans>0 bytes_acked>16925345
18:37:32.875351 TCPINFO flow>9 window>0.137 samples>175 rtt_avg_us>31876 rtt_min_us>31611 rtt_max_us>32067 cwnd>45 cwnd_min>45 cwnd_max>45 throughput_kbps>14723.628 goodput_kbps>14723.628 retrans>0 total_retrans>0 bytes_acked>3232321
18:37:32.925859 TCPINFO flow>1 window>0.100 samples>2 rtt_avg_us>31509 rtt_min_us>31509 rtt_max_us>31509 cwnd>78 cwnd_min>78 cwnd_max>78 throughput_kbps>0.000 goodput_kbps>0.000 retrans>0 total_retrans>0 bytes_acked>35009745
18:37:32.994609 TCPINFO flow>9 window>0.119 samples>152 rtt_avg_us>31673 rtt_min_us>31611 rtt_max_us>32037 cwnd>46 cwnd_min>45 cwnd_max>46 throughput_kbps>14954.334 goodput_kbps>14864.713 retrans>0 total_retrans>0 bytes_acked>3453913
18:37:33.025383 TCPINFO flow>2 window>0.154 samples>262 rtt_avg_us>31447 rtt_min_us>31345 rtt_max_us>32078 cwnd>63 cwnd_min>63 cwnd_max>64 throughput_kbps>20840.700 goodput_kbps>20892.535 retrans>0 total_retrans>0 bytes_acked>17328409
18:37:33.125298 TCPINFO flow>1 window>0.199 samples>3 rtt_avg_us>31509 rtt_min_us>31509 rtt_max_us>31509 cwnd>78 cwnd_min>78 cwnd_max>78 throughput_kbps>53.590 goodput_kbps>0.000 retrans>0 total_retrans>0 bytes_acked>35009745
18:37:33.125368 TCPINFO flow>9 window>0.131 samples>189 rtt_avg_us>31776 rtt_min_us>31530 rtt_max_us>32037 cwnd>48 cwnd_min>46 cwnd_max>48 throughput_kbps>15857.203 goodput_kbps>15611.988 retrans>0 total_retrans>0 bytes_acked>3709089
18:37:33.225386 TCPINFO flow>9 window>0.100 samples>154 rtt_avg_us>31703 rtt_min_us>31502 rtt_max_us>31967 cwnd>51 cwnd_min>48 cwnd_max>51 throughput_kbps>16546.142 goodput_kbps>16295.947 retrans>0 total_retrans>0 bytes_acked>3912825
18:37:33.225440 TCPINFO flow>2 window>0.200 samples>3 rtt_avg_us>31298 rtt_min_us>31256 rtt_max_us>31383 cwnd>62 cwnd_min>62 cwnd_max>63 throughput_kbps>3797.638 goodput_kbps>7056.549 retrans>0 total_retrans>0 bytes_acked>17504873
18:37:33.225449 TCPINFO flow>1 window>0.100 samples>383 rtt_avg_us>31507 rtt_min_us>31253 rtt_max_us>31563 cwnd>79 cwnd_min>78 cwnd_max>79 throughput_kbps>26571.717 goodput_kbps>18247.646 retrans>0 total_retrans>0 bytes_acked>35238185
18:37:33.325410 TCPINFO flow>9 window>0.100 samples>179 rtt_avg_us>31697 rtt_min_us>31466 rtt_max_us>31953 cwnd>54 cwnd_min>51 cwnd_max>54 throughput_kbps>17737.823 goodput_kbps>17453.731 retrans>0 total_retrans>0 bytes_acked>4131049
18:37:33.325850 TCPINFO flow>1 window>0.100 samples>295 rtt_avg_us>31367 rtt_min_us>31269 rtt_max_us>31531 cwnd>82 cwnd_min>79 cwnd_max>82 throughput_kbps>27358.453 goodput_kbps>27039.093 retrans>0 total_retrans>0 bytes_acked>35577529
18:37:33.425388 TCPINFO flow>2 window>0.200 samples>3 rtt_avg_us>31256 rtt_min_us>31256 rtt_max_us>31256 cwnd>62 cwnd_min>62 cwnd_max>62 throughput_kbps>0.000 goodput_kbps>0.000 retrans>0 total_retrans>0 bytes_acked>17504873
18:37:33.425855 TCPINFO flow>1 window>0.100 samples>178 rtt_avg_us>31373 rtt_min_us>31286 rtt_max_us>31494 cwnd>85 cwnd_min>82 cwnd_max>85 throughput_kbps>28321.144 goodput_kbps>28000.520 retrans>0 total_retrans>0 bytes_acked>35927553
18:37:33.462416 TCPINFO flow>9 window>0.137 samples>185 rtt_avg_us>31472 rtt_min_us>31352 rtt_max_us>31734 cwnd>58 cwnd_min>54 cwnd_max>58 throughput_kbps>18830.591 goodput_kbps>18596.558 retrans>0 total_retrans>0 bytes_acked>4449529
18:37:33.525865 TCPINFO flow>1 window>0.100 samples>269 rtt_avg_us>31480 rtt_min_us>31308 rtt_max_us>31822 cwnd>87 cwnd_min>85 cwnd_max>87 throughput_kbps>27999.760 goodput_kbps>28640.976 retrans>0 total_retrans>0 bytes_acked>36285601
18:37:33.565272 TCPINFO flow>9 window>0.103 samples>175 rtt_avg_us>31502 rtt_min_us>31409 rtt_max_us>31779 cwnd>60 cwnd_min>58 cwnd_max>60 throughput_kbps>19750.797 goodput_kbps>19639.418 retrans>0 total_retrans>0 bytes_acked>4702033
18:37:33.625390 TCPINFO flow>2 window>0.200 samples>3 rtt_avg_us>31256 rtt_min_us>31256 rtt_max_us>31256 cwnd>62 cwnd_min>62 cwnd_max>62 throughput_kbps>0.000 goodput_kbps>0.000 retrans>0 total_retrans>0 bytes_acked>17504873
18:37:33.650930 TCPINFO flow>1 window>0.125 samples>240 rtt_avg_us>31343 rtt_min_us>31263 rtt_max_us>31499 cwnd>90 cwnd_min>87 cwnd_max>90 throughput_kbps>29526.534 goodput_kbps>28842.858 retrans>0 total_retrans>0 bytes_acked>36736505
18:37:33.665875 TCPINFO flow>9 window>0.101 samples>183 rtt_avg_us>31681 rtt_min_us>31425 rtt_max_us>32020 cwnd>63 cwnd_min>60 cwnd_max>63 throughput_kbps>20719.223 goodput_kbps>20408.139 retrans>0 total_retrans>0 bytes_acked>4958673
18:37:33.772503 TCPINFO flow>1 window>0.122 samples>316 rtt_avg_us>31356 rtt_min_us>31251 rtt_max_us>31505 cwnd>91 cwnd_min>89 cwnd_max>91 throughput_kbps>30545.203 goodput_kbps>30418.333 retrans>0 total_retrans>0 bytes_acked>37198761
18:37:33.788331 TCPINFO flow>9 window>0.122 samples>227 rtt_avg_us>31522 rtt_min_us>31332 rtt_max_us>31723 cwnd>65 cwnd_min>63 cwnd_max>65 throughput_kbps>21268.701 goodput_kbps>21236.820 retrans>0 total_retrans>0 bytes_acked>5283745
18:37:33.825383 TCPINFO flow>2 window>0.200 samples>3 rtt_avg_us>31256 rtt_min_us>31256 rtt_max_us>31256 cwnd>62 cwnd_min>62 cwnd_max>62 throughput_kbps>0.000 goodput_kbps>0.000 retrans>0 total_retrans>0 bytes_acked>17504873
18:37:33.888395 TCPINFO flow>9 window>0.100 samples>221 rtt_avg_us>31484 rtt_min_us>31300 rtt_max_us>31630 cwnd>66 cwnd_min>65 cwnd_max>66 throughput_kbps>22323.633 goodput_kbps>21721.778 retrans>0 total_retrans>0 bytes_acked>5555441
18:37:33.925851 TCPINFO flow>1 window>0.153 samples>52 rtt_avg_us>31413 rtt_min_us>31150 rtt_max_us>31468 cwnd>92 cwnd_min>91 cwnd_max>92 throughput_kbps>10095.730 goodput_kbps>16260.010 retrans>0 total_retrans>0 bytes_acked>37510441
18:37:34.025370 TCPINFO flow>9 window>0.137 samples>241 rtt_avg_us>31351 rtt_min_us>31276 rtt_max_us>31450 cwnd>68 cwnd_min>66 cwnd_max>68 throughput_kbps>22550.334 goodput_kbps>22472.305 retrans>0 total_retrans>0 bytes_acked>5940209
18:37:34.025439 TCPINFO flow>2 window>0.200 samples>3 rtt_avg_us>31256 rtt_min_us>31256 rtt_max_us>31256 cwnd>62 cwnd_min>62 cwnd_max>62 throughput_kbps>0.000 goodput_kbps>0.000 retrans>0 total_retrans>0 bytes_acked>17504873
18:37:34.125454 TCPINFO flow>2 window>0.100 samples>5 rtt_avg_us>31256 rtt_min_us>31256 rtt_max_us>31256 cwnd>62 cwnd_min>62 cwnd_max>62 throughput_kbps>106.864 goodput_kbps>0.000 retrans>0 total_retrans>0 bytes_acked>17504873
18:37:34.125472 TCPINFO flow>9 window>0.100 samples>263 rtt_avg_us>31459 rtt_min_us>31231 rtt_max_us>32039 cwnd>68 cwnd_min>67 cwnd_max>68 throughput_kbps>22315.159 goodput_kbps>22635.472 retrans>0 total_retrans>0 bytes_acked>6223441
18:37:34.125852 TCPINFO flow>1 window>0.200 samples>3 rtt_avg_us>31150 rtt_min_us>31150 rtt_max_us>31150 cwnd>92 cwnd_min>92 cwnd_max>92 throughput_kbps>0.000 goodput_kbps>0.000 retrans>0 total_retrans>0 bytes_acked>37510441
18:37:34.225857 TCPINFO flow>1 window>0.100 samples>2 rtt_avg_us>31150 rtt_min_us>31150 rtt_max_us>31150 cwnd>92 cwnd_min>92 cwnd_max>92 throughput_kbps>0.000 goodput_kbps>0.000 retrans>0 total_retrans>0 bytes_acked>37510441
18:37:34.246058 TCPINFO flow>9 window>0.121 samples>155 rtt_avg_us>31531 rtt_min_us>31127 rtt_max_us>32130 cwnd>67 cwnd_min>66 cwnd_max>68 throughput_kbps>21661.685 goodput_kbps>21573.052 retrans>0 total_retrans>0 bytes_acked>6548617
18:37:34.289797 TCPINFO flow>2 window>0.164 samples>373 rtt_avg_us>31281 rtt_min_us>31256 rtt_max_us>31429 cwnd>56 cwnd_min>56 cwnd_max>62 throughput_kbps>19879.593 goodput_kbps>16367.719 retrans>0 total_retrans>0 bytes_acked>17841113
18:37:34.361225 TCPINFO flow>9 window>0.115 samples>223 rtt_avg_us>31246 rtt_min_us>31055 rtt_max_us>31871 cwnd>64 cwnd_min>63 cwnd_max>67 throughput_kbps>21437.808 goodput_kbps>21994.634 retrans>0 total_retrans>0 bytes_acked>6865249
18:37:34.425380 TCPINFO flow>2 window>0.136 samples>266 rtt_avg_us>31452 rtt_min_us>31272 rtt_max_us>31560 cwnd>52 cwnd_min>52 cwnd_max>57 throughput_kbps>17579.077 goodput_kbps>17815.567 retrans>0 total_retrans>0 bytes_acked>18143049
18:37:34.425870 TCPINFO flow>1 window>0.200 samples>3 rtt_avg_us>31150 rtt_min_us>31150 rtt_max_us>31150 cwnd>92 cwnd_min>92 cwnd_max>92 throughput_kbps>0.000 goodput_kbps>0.000 retrans>0 total_retrans>0 bytes_acked>37510441
18:37:34.485622 TCPINFO flow>9 window>0.124 samples>225 rtt_avg_us>31593 rtt_min_us>31331 rtt_max_us>31878 cwnd>61 cwnd_min>61 cwnd_max>64 throughput_kbps>21011.954 goodput_kbps>21011.954 retrans>0 total_retrans>0 bytes_acked>7191977
18:37:34.525382 TCPINFO flow>2 window>0.100 samples>134 rtt_avg_us>31689 rtt_min_us>31353 rtt_max_us>31979 cwnd>48 cwnd_min>48 cwnd_max>52 throughput_kbps>16202.556 goodput_kbps>16736.945 retrans>0 total_retrans>0 bytes_acked>18352265
18:37:34.585676 TCPINFO flow>9 window>0.100 samples>193 rtt_avg_us>31466 rtt_min_us>31325 rtt_max_us>31588 cwnd>61 cwnd_min>61 cwnd_max>62 throughput_kbps>20937.174 goodput_kbps>20830.352 retrans>0 total_retrans>0 bytes_acked>7452497
18:37:34.625854 TCPINFO flow>1 window>0.200 samples>3 rtt_avg_us>31150 rtt_min_us>31150 rtt_max_us>31150 cwnd>92 cwnd_min>92 cwnd_max>92 throughput_kbps>0.000 goodput_kbps>0.000 retrans>0 total_retrans>0 bytes_acked>37510441
18:37:34.650473 TCPINFO flow>2 window>0.125 samples>135 rtt_avg_us>31411 rtt_min_us>31335 rtt_max_us>31639 cwnd>46 cwnd_min>46 cwnd_max>48 throughput_kbps>15635.849 goodput_kbps>15806.733 retrans>0 total_retrans>0 bytes_acked>18599425
18:37:34.708950 TCPINFO flow>9 window>0.123 samples>206 rtt_avg_us>31529 rtt_min_us>31376 rtt_max_us>31708 cwnd>60 cwnd_min>60 cwnd_max>61 throughput_kbps>20201.373 goodput_kbps>20374.775 retrans>0 total_retrans>0 bytes_acked>7766457
18:37:34.750661 TCPINFO flow>2 window>0.100 samples>134 rtt_avg_us>31488 rtt_min_us>31401 rtt_max_us>31799 cwnd>48 cwnd_min>46 cwnd_max>48 throughput_kbps>15788.558 goodput_kbps>15575.199 retrans>0 total_retrans>0 bytes_acked>18794481
18:37:34.811874 TCPINFO flow>9 window>0.103 samples>177 rtt_avg_us>31559 rtt_min_us>31447 rtt_max_us>31655 cwnd>63 cwnd_min>60 cwnd_max>63 throughput_kbps>20664.879 goodput_kbps>20353.348 retrans>0 total_retrans>0 bytes_acked>8028313
18:37:34.825852 TCPINFO flow>1 window>0.200 samples>3 rtt_avg_us>31150 rtt_min_us>31150 rtt_max_us>31150 cwnd>92 cwnd_min>92 cwnd_max>92 throughput_kbps>0.000 goodput_kbps>0.000 retrans>0 total_retrans>0 bytes_acked>37510441
18:37:34.850761 TCPINFO flow>2 window>0.100 samples>210 rtt_avg_us>31715 rtt_min_us>31585 rtt_max_us>31834 cwnd>49 cwnd_min>48 cwnd_max>50 throughput_kbps>16656.623 goodput_kbps>16443.077 retrans>0 total_retrans>0 bytes_acked>19000225
18:37:34.925359 TCPINFO flow>9 window>0.113 samples>222 rtt_avg_us>31459 rtt_min_us>31351 rtt_max_us>31618 cwnd>63 cwnd_min>62 cwnd_max>63 throughput_kbps>21190.466 goodput_kbps>21002.106 retrans>0 total_retrans>0 bytes_acked>8326241
18:37:34.925855 TCPINFO flow>1 window>0.100 samples>2 rtt_avg_us>31150 rtt_min_us>31150 rtt_max_us>31150 cwnd>92 cwnd_min>92 cwnd_max>92 throughput_kbps>0.000 goodput_kbps>0.000 retrans>0 total_retrans>0 bytes_acked>37510441
18:37:35.008775 TCPINFO flow>2 window>0.158 samples>165 rtt_avg_us>31640 rtt_min_us>31542 rtt_max_us>31938 cwnd>52 cwnd_min>49 cwnd_max>52 throughput_kbps>16958.902 goodput_kbps>17094.182 retrans>0 total_retrans>0 bytes_acked>19337865
18:37:35.025366 TCPINFO flow>9 window>0.100 samples>232 rtt_avg_us>31490 rtt_min_us>31288 rtt_max_us>31651 cwnd>64 cwnd_min>63 cwnd_max>64 throughput_kbps>21091.004 goodput_kbps>21622.806 retrans>0 total_retrans>0 bytes_acked>8596545
18:37:35.108861 TCPINFO flow>2 window>0.100 samples>219 rtt_avg_us>31715 rtt_min_us>31509 rtt_max_us>31989 cwnd>54 cwnd_min>52 cwnd_max>54 throughput_kbps>17915.473 goodput_kbps>17274.744 retrans>0 total_retrans>0 bytes_acked>19553985
18:37:35.125339 ON flow>3 srcPort>38265 dst>fd00:6::2/5203 
18:37:35.125367 TCPINFO flow>9 window>0.100 samples>210 rtt_avg_us>31364 rtt_min_us>31255 rtt_max_us>31459 cwnd>65 cwnd_min>64 cwnd_max>66 throughput_kbps>21696.423 goodput_kbps>21057.709 retrans>0 total_retrans>0 bytes_acked>8859769
18:37:35.125414 TCPINFO flow>1 window>0.200 samples>3 rtt_avg_us>31150 rtt_min_us>31150 rtt_max_us>31150 cwnd>92 cwnd_min>92 cwnd_max>92 throughput_kbps>53.558 goodput_kbps>0.000 retrans>0 total_retrans>0 bytes_acked>37510441
18:37:35.156679 CONNECT flow>3 srcPort>38265 dst>fd00:6::2/5203 
18:37:35.225377 TCPINFO flow>9 window>0.100 samples>154 rtt_avg_us>31915 rtt_min_us>31379 rtt_max_us>32742 cwnd>62 cwnd_min>62 cwnd_max>66 throughput_kbps>20870.873 goodput_kbps>21298.350 retrans>0 total_retrans>0 bytes_acked>9126025
18:37:35.225390 TCPINFO flow>2 window>0.117 samples>96 rtt_avg_us>31797 rtt_min_us>31670 rtt_max_us>32208 cwnd>52 cwnd_min>52 cwnd_max>55 throughput_kbps>17793.614 goodput_kbps>17885.333 retrans>0 total_retrans>0 bytes_acked>19814505
18:37:35.225854 TCPINFO flow>1 window>0.100 samples>462 rtt_avg_us>31665 rtt_min_us>31150 rtt_max_us>32993 cwnd>90 cwnd_min>90 cwnd_max>92 throughput_kbps>30220.948 goodput_kbps>20963.122 retrans>0 total_retrans>0 bytes_acked>37773633
18:37:35.325381 TCPINFO flow>9 window>0.100 samples>179 rtt_avg_us>31737 rtt_min_us>31537 rtt_max_us>32012 cwnd>50 cwnd_min>50 cwnd_max>62 throughput_kbps>18344.226 goodput_kbps>19523.059 retrans>0 total_retrans>0 bytes_acked>9370073
18:37:35.325393 TCPINFO flow>3 window>0.169 samples>83 rtt_avg_us>31369 rtt_min_us>31329 rtt_max_us>33303 cwnd>7 cwnd_min>7 cwnd_max>10 throughput_kbps>2726.822 goodput_kbps>2415.066 retrans>0 total_retrans>0 bytes_acked>50881
18:37:35.325397 TCPINFO flow>2 window>0.100 samples>2 rtt_avg_us>32129 rtt_min_us>32050 rtt_max_us>32208 cwnd>46 cwnd_min>46 cwnd_max>52 throughput_kbps>9726.679 goodput_kbps>15284.050 retrans>0 total_retrans>0 bytes_acked>20005569
18:37:35.343189 TCPINFO flow>1 window>0.117 samples>183 rtt_avg_us>31586 rtt_min_us>31266 rtt_max_us>31777 cwnd>70 cwnd_min>70 cwnd_max>90 throughput_kbps>25931.086 goodput_kbps>27782.333 retrans>0 total_retrans>0 bytes_acked>38181113
18:37:35.425384 TCPINFO flow>9 window>0.100 samples>103 rtt_avg_us>31228 rtt_min_us>31132 rtt_max_us>31762 cwnd>41 cwnd_min>41 cwnd_max>50 throughput_kbps>14467.406 goodput_kbps>15426.097 retrans>0 total_retrans>0 bytes_acked>9562905
18:37:35.425425 TCPINFO flow>3 window>0.100 samples>23 rtt_avg_us>33491 rtt_min_us>33303 rtt_max_us>35269 cwnd>8 cwnd_min>7 cwnd_max>8 throughput_kbps>2243.762 goodput_kbps>2030.070 retrans>0 total_retrans>0 bytes_acked>76265
18:37:35.425430 TCPINFO flow>2 window>0.100 samples>2 rtt_avg_us>32050 rtt_min_us>32050 rtt_max_us>32050 cwnd>46 cwnd_min>46 cwnd_max>46 throughput_kbps>0.000 goodput_kbps>0.000 retrans>0 total_retrans>0 bytes_acked>20005569
18:37:35.443277 TCPINFO flow>1 window>0.100 samples>247 rtt_avg_us>31346 rtt_min_us>31218 rtt_max_us>31515 cwnd>51 cwnd_min>50 cwnd_max>70 throughput_kbps>17915.115 goodput_kbps>20229.878 retrans>0 total_retrans>0 bytes_acked>38434209
18:37:35.529754 TCPINFO flow>9 window>0.104 samples>98 rtt_avg_us>31788 rtt_min_us>31562 rtt_max_us>31934 cwnd>39 cwnd_min>38 cwnd_max>42 throughput_kbps>12595.803 goodput_kbps>13210.233 retrans>0 total_retrans>0 bytes_acked>9735249
18:37:35.543284 TCPINFO flow>1 window>0.100 samples>162 rtt_avg_us>31580 rtt_min_us>31392 rtt_max_us>31818 cwnd>44 cwnd_min>44 cwnd_max>51 throughput_kbps>15817.133 goodput_kbps>16030.878 retrans>0 total_retrans>0 bytes_acked>38634609
18:37:35.578779 TCPINFO flow>3 window>0.153 samples>24 rtt_avg_us>34876 rtt_min_us>33939 rtt_max_us>35269 cwnd>12 cwnd_min>8 cwnd_max>12 throughput_kbps>3275.663 goodput_kbps>3205.968 retrans>0 total_retrans>0 bytes_acked>137721
18:37:35.625388 TCPINFO flow>2 window>0.200 samples>3 rtt_avg_us>32050 rtt_min_us>32050 rtt_max_us>32050 cwnd>46 cwnd_min>46 cwnd_max>46 throughput_kbps>0.000 goodput_kbps>0.000 retrans>0 total_retrans>0 bytes_acked>20005569
18:37:35.657893 TCPINFO flow>1 window>0.115 samples>75 rtt_avg_us>31382 rtt_min_us>31312 rtt_max_us>31725 cwnd>44 cwnd_min>44 cwnd_max>47 throughput_kbps>15180.658 goodput_kbps>15455.959 retrans>0 total_retrans>0 bytes_acked>38856033
18:37:35.712198 TCPINFO flow>9 window>0.182 samples>181 rtt_avg_us>31882 rtt_min_us>31694 rtt_max_us>32255 cwnd>32 cwnd_min>32 cwnd_max>40 throughput_kbps>11033.479 goodput_kbps>11299.380 retrans>0 total_retrans>0 bytes_acked>9992937
18:37:35.712985 TCPINFO flow>3 window>0.134 samples>46 rtt_avg_us>33576 rtt_min_us>32984 rtt_max_us>33939 cwnd>15 cwnd_min>12 cwnd_max>15 throughput_kbps>4459.771 goodput_kbps>4061.577 retrans>0 total_retrans>0 bytes_acked>205857
18:37:35.764094 TCPINFO flow>1 window>0.106 samples>134 rtt_avg_us>31618 rtt_min_us>31579 rtt_max_us>31676 cwnd>44 cwnd_min>43 cwnd_max>44 throughput_kbps>14477.001 goodput_kbps>14381.183 retrans>0 total_retrans>0 bytes_acked>39046945
18:37:35.812273 TCPINFO flow>9 window>0.100 samples>109 rtt_avg_us>31911 rtt_min_us>31772 rtt_max_us>32135 cwnd>31 cwnd_min>31 cwnd_max>33 throughput_kbps>10396.043 goodput_kbps>10445.286 retrans>0 total_retrans>0 bytes_acked>10123601
18:37:35.825390 TCPINFO flow>3 window>0.112 samples>79 rtt_avg_us>33015 rtt_min_us>32632 rtt_max_us>33059 cwnd>18 cwnd_min>15 cwnd_max>18 throughput_kbps>5229.661 goodput_kbps>4944.406 retrans>0 total_retrans>0 bytes_acked>275329
18:37:35.825396 TCPINFO flow>2 window>0.200 samples>3 rtt_avg_us>32050 rtt_min_us>32050 rtt_max_us>32050 cwnd>46 cwnd_min>46 cwnd_max>46 throughput_kbps>0.000 goodput_kbps>0.000 retrans>0 total_retrans>0 bytes_acked>20005569
18:37:35.867423 TCPINFO flow>1 window>0.103 samples>134 rtt_avg_us>31699 rtt_min_us>31509 rtt_max_us>31876 cwnd>47 cwnd_min>44 cwnd_max>47 throughput_kbps>15515.489 goodput_kbps>15101.743 retrans>0 total_retrans>0 bytes_acked>39242001
18:37:35.911591 SHUTDOWN flow>9 srcPort>33423 dst>fd00:6::2/5402 
18:37:35.963227 TCPINFO flow>3 window>0.138 samples>44 rtt_avg_us>33101 rtt_min_us>32820 rtt_max_us>33115 cwnd>21 cwnd_min>18 cwnd_max>21 throughput_kbps>6203.269 goodput_kbps>6048.187 retrans>0 total_retrans>0 bytes_acked>379537
18:37:35.967474 TCPINFO flow>1 window>0.100 samples>138 rtt_avg_us>31528 rtt_min_us>31479 rtt_max_us>31832 cwnd>48 cwnd_min>47 cwnd_max>48 throughput_kbps>15703.351 goodput_kbps>15596.526 retrans>0 total_retrans>0 bytes_acked>39437057
18:37:36.025382 TCPINFO flow>2 window>0.200 samples>3 rtt_avg_us>32050 rtt_min_us>32050 rtt_max_us>32050 cwnd>46 cwnd_min>46 cwnd_max>46 throughput_kbps>0.000 goodput_kbps>0.000 retrans>0 total_retrans>0 bytes_acked>20005569
18:37:36.067094 OFF flow>9 srcPort>33423 dst>fd00:6::2/5402 
18:37:36.067496 TCPINFO flow>1 window>0.100 samples>195 rtt_avg_us>31841 rtt_min_us>31543 rtt_max_us>32260 cwnd>51 cwnd_min>48 cwnd_max>51 throughput_kbps>16776.469 goodput_kbps>16455.900 retrans>0 total_retrans>0 bytes_acked>39642801
18:37:36.092801 TCPINFO flow>3 window>0.130 samples>87 rtt_avg_us>32791 rtt_min_us>32411 rtt_max_us>32958 cwnd>25 cwnd_min>21 cwnd_max>25 throughput_kbps>7506.197 goodput_kbps>7176.254 retrans>0 total_retrans>0 bytes_acked>495769
18:37:36.125458 TCPINFO flow>2 window>0.100 samples>5 rtt_avg_us>32050 rtt_min_us>32050 rtt_max_us>32050 cwnd>46 cwnd_min>46 cwnd_max>46 throughput_kbps>106.799 goodput_kbps>0.000 retrans>0 total_retrans>0 bytes_acked>20005569
18:37:36.225379 TCPINFO flow>3 window>0.133 samples>112 rtt_avg_us>32351 rtt_min_us>32129 rtt_max_us>33167 cwnd>28 cwnd_min>25 cwnd_max>28 throughput_kbps>8545.370 goodput_kbps>8384.136 retrans>0 total_retrans>0 bytes_acked>634713
18:37:36.225856 TCPINFO flow>1 window>0.158 samples>8 rtt_avg_us>31689 rtt_min_us>31570 rtt_max_us>32453 cwnd>53 cwnd_min>51 cwnd_max>53 throughput_kbps>15232.938 goodput_kbps>16535.489 retrans>0 total_retrans>0 bytes_acked>39970121
18:37:36.259800 TCPINFO flow>2 window>0.134 samples>274 rtt_avg_us>32051 rtt_min_us>32050 rtt_max_us>32229 cwnd>37 cwnd_min>36 cwnd_max>46 throughput_kbps>12967.977 goodput_kbps>10183.442 retrans>0 total_retrans>0 bytes_acked>20176577
18:37:36.376997 TCPINFO flow>3 window>0.152 samples>117 rtt_avg_us>32046 rtt_min_us>31805 rtt_max_us>33167 cwnd>31 cwnd_min>27 cwnd_max>31 throughput_kbps>9728.027 goodput_kbps>9446.055 retrans>0 total_retrans>0 bytes_acked>813737
18:37:36.378985 TCPINFO flow>2 window>0.119 samples>133 rtt_avg_us>32038 rtt_min_us>31678 rtt_max_us>32202 cwnd>41 cwnd_min>37 cwnd_max>41 throughput_kbps>13361.681 goodput_kbps>13092.654 retrans>0 total_retrans>0 bytes_acked>20371633
18:37:36.425860 TCPINFO flow>1 window>0.200 samples>3 rtt_avg_us>31846 rtt_min_us>31542 rtt_max_us>32453 cwnd>53 cwnd_min>53 cwnd_max>53 throughput_kbps>0.000 goodput_kbps>1640.607 retrans>0 total_retrans>0 bytes_acked>40011137
18:37:36.486179 TCPINFO flow>2 window>0.107 samples>126 rtt_avg_us>31629 rtt_min_us>31529 rtt_max_us>31765 cwnd>44 cwnd_min>41 cwnd_max>44 throughput_kbps>14158.404 goodput_kbps>13859.283 retrans>0 total_retrans>0 bytes_acked>20557337
18:37:36.525363 TCPINFO flow>3 window>0.148 samples>150 rtt_avg_us>31994 rtt_min_us>31856 rtt_max_us>32035 cwnd>36 cwnd_min>31 cwnd_max>36 throughput_kbps>11381.152 goodput_kbps>10948.924 retrans>0 total_retrans>0 bytes_acked>1016793
18:37:36.587681 TCPINFO flow>2 window>0.102 samples>134 rtt_avg_us>31715 rtt_min_us>31567 rtt_max_us>31867 cwnd>47 cwnd_min>44 cwnd_max>47 throughput_kbps>15076.590 goodput_kbps>15076.590 retrans>0 total_retrans>0 bytes_acked>20748625
18:37:36.625364 TCPINFO flow>3 window>0.100 samples>118 rtt_avg_us>32114 rtt_min_us>31820 rtt_max_us>32151 cwnd>38 cwnd_min>36 cwnd_max>38 throughput_kbps>11756.682 goodput_kbps>11863.561 retrans>0 total_retrans>0 bytes_acked>1165089
18:37:36.625854 TCPINFO flow>1 window>0.200 samples>3 rtt_avg_us>31542 rtt_min_us>31542 rtt_max_us>31542 cwnd>53 cwnd_min>53 cwnd_max>53 throughput_kbps>0.000 goodput_kbps>0.000 retrans>0 total_retrans>0 bytes_acked>40011137
18:37:36.687781 TCPINFO flow>2 window>0.100 samples>173 rtt_avg_us>31783 rtt_min_us>31563 rtt_max_us>31899 cwnd>48 cwnd_min>46 cwnd_max>48 throughput_kbps>15482.118 goodput_kbps>14841.479 retrans>0 total_retrans>0 bytes_acked>20934329
18:37:36.725382 TCPINFO flow>3 window>0.100 samples>104 rtt_avg_us>31634 rtt_min_us>31554 rtt_max_us>31820 cwnd>41 cwnd_min>38 cwnd_max>41 throughput_kbps>13405.587 goodput_kbps>12657.562 retrans>0 total_retrans>0 bytes_acked>1323337
18:37:36.725856 TCPINFO flow>1 window>0.100 samples>2 rtt_avg_us>31542 rtt_min_us>31542 rtt_max_us>31542 cwnd>53 cwnd_min>53 cwnd_max>53 throughput_kbps>0.000 goodput_kbps>0.000 retrans>0 total_retrans>0 bytes_acked>40011137
18:37:36.787784 TCPINFO flow>2 window>0.100 samples>161 rtt_avg_us>31627 rtt_min_us>31543 rtt_max_us>31894 cwnd>49 cwnd_min>48 cwnd_max>49 throughput_kbps>16123.036 goodput_kbps>16123.036 retrans>0 total_retrans>0 bytes_acked>21135873
18:37:36.825857 TCPINFO flow>1 window>0.100 samples>2 rtt_avg_us>31542 rtt_min_us>31542 rtt_max_us>31542 cwnd>53 cwnd_min>53 cwnd_max>53 throughput_kbps>0.000 goodput_kbps>0.000 retrans>0 total_retrans>0 bytes_acked>40011137
18:37:36.845612 TCPINFO flow>3 window>0.120 samples>156 rtt_avg_us>31505 rtt_min_us>31443 rtt_max_us>33660 cwnd>45 cwnd_min>41 cwnd_max>45 throughput_kbps>13487.216 goodput_kbps>14287.283 retrans>0 total_retrans>0 bytes_acked>1538057
18:37:36.887869 TCPINFO flow>2 window>0.100 samples>107 rtt_avg_us>32219 rtt_min_us>31532 rtt_max_us>33329 cwnd>52 cwnd_min>49 cwnd_max>52 throughput_kbps>15164.071 goodput_kbps>15591.227 retrans>0 total_retrans>0 bytes_acked>21330929
18:37:36.969206 TCPINFO flow>3 window>0.124 samples>152 rtt_avg_us>32224 rtt_min_us>31521 rtt_max_us>33660 cwnd>48 cwnd_min>45 cwnd_max>48 throughput_kbps>15738.758 goodput_kbps>14441.607 retrans>0 total_retrans>0 bytes_acked>1761169
18:37:37.025398 TCPINFO flow>2 window>0.138 samples>219 rtt_avg_us>31840 rtt_min_us>31561 rtt_max_us>32591 cwnd>56 cwnd_min>52 cwnd_max>56 throughput_kbps>18340.626 goodput_kbps>17408.052 retrans>0 total_retrans>0 bytes_acked>21630193
18:37:37.025851 TCPINFO flow>1 window>0.200 samples>3 rtt_avg_us>31542 rtt_min_us>31542 rtt_max_us>31542 cwnd>53 cwnd_min>53 cwnd_max>53 throughput_kbps>0.000 goodput_kbps>0.000 retrans>0 total_retrans>0 bytes_acked>40011137
18:37:37.074815 TCPINFO flow>3 window>0.106 samples>154 rtt_avg_us>31637 rtt_min_us>31526 rtt_max_us>31833 cwnd>51 cwnd_min>48 cwnd_max>51 throughput_kbps>16725.847 goodput_kbps>16523.440 retrans>0 total_retrans>0 bytes_acked>1979297
18:37:37.125872 TCPINFO flow>1 window>0.100 samples>9 rtt_avg_us>31542 rtt_min_us>31542 rtt_max_us>31542 cwnd>53 cwnd_min>53 cwnd_max>53 throughput_kbps>213.715 goodput_kbps>0.000 retrans>0 total_retrans>0 bytes_acked>40011137
18:37:37.140002 TCPINFO flow>2 window>0.115 samples>135 rtt_avg_us>31450 rtt_min_us>31423 rtt_max_us>31686 cwnd>59 cwnd_min>56 cwnd_max>59 throughput_kbps>19387.526 goodput_kbps>19294.265 retrans>0 total_retrans>0 bytes_acked>21906593
18:37:37.179121 TCPINFO flow>3 window>0.104 samples>163 rtt_avg_us>31695 rtt_min_us>31558 rtt_max_us>31754 cwnd>54 cwnd_min>51 cwnd_max>54 throughput_kbps>17829.387 goodput_kbps>17521.983 retrans>0 total_retrans>0 bytes_acked>2207753
18:37:37.230297 TCPINFO flow>1 window>0.104 samples>300 rtt_avg_us>31543 rtt_min_us>31542 rtt_max_us>31708 cwnd>52 cwnd_min>52 cwnd_max>53 throughput_kbps>17868.518 goodput_kbps>12896.222 retrans>0 total_retrans>0 bytes_acked>40179473
18:37:37.284008 TCPINFO flow>2 window>0.144 samples>250 rtt_avg_us>31505 rtt_min_us>31411 rtt_max_us>32394 cwnd>59 cwnd_min>59 cwnd_max>60 throughput_kbps>19360.971 goodput_kbps>19774.732 retrans>0 total_retrans>0 bytes_acked>22262553
18:37:37.308751 TCPINFO flow>3 window>0.130 samples>205 rtt_avg_us>31611 rtt_min_us>31356 rtt_max_us>31864 cwnd>54 cwnd_min>54 cwnd_max>55 throughput_kbps>18139.011 goodput_kbps>18139.011 retrans>0 total_retrans>0 bytes_acked>2501673
18:37:37.412706 TCPINFO flow>1 window>0.182 samples>266 rtt_avg_us>31734 rtt_min_us>31528 rtt_max_us>32056 cwnd>48 cwnd_min>48 cwnd_max>53 throughput_kbps>16243.058 goodput_kbps>16511.466 retrans>0 total_retrans>0 bytes_acked>40555953
18:37:37.419752 TCPINFO flow>3 window>0.111 samples>174 rtt_avg_us>31489 rtt_min_us>31414 rtt_max_us>31601 cwnd>52 cwnd_min>52 cwnd_max>54 throughput_kbps>17662.688 goodput_kbps>17951.550 retrans>0 total_retrans>0 bytes_acked>2750753
18:37:37.425416 TCPINFO flow>2 window>0.141 samples>24 rtt_avg_us>32077 rtt_min_us>31519 rtt_max_us>32394 cwnd>56 cwnd_min>56 cwnd_max>59 throughput_kbps>9900.883 goodput_kbps>13787.735 retrans>0 total_retrans>0 bytes_acked>22506265
18:37:37.512800 TCPINFO flow>1 window>0.100 samples>185 rtt_avg_us>31619 rtt_min_us>31528 rtt_max_us>31856 cwnd>50 cwnd_min>48 cwnd_max>50 throughput_kbps>16337.283 goodput_kbps>16444.063 retrans>0 total_retrans>0 bytes_acked>40761697
18:37:37.525379 TCPINFO flow>3 window>0.106 samples>198 rtt_avg_us>31562 rtt_min_us>31436 rtt_max_us>31778 cwnd>55 cwnd_min>52 cwnd_max>55 throughput_kbps>17908.754 goodput_kbps>17301.637 retrans>0 total_retrans>0 bytes_acked>2979193
18:37:37.612801 TCPINFO flow>1 window>0.100 samples>182 rtt_avg_us>31623 rtt_min_us>31491 rtt_max_us>31719 cwnd>53 cwnd_min>50 cwnd_max>53 throughput_kbps>17231.188 goodput_kbps>16587.354 retrans>0 total_retrans>0 bytes_acked>40969041
18:37:37.625394 TCPINFO flow>3 window>0.100 samples>176 rtt_avg_us>31559 rtt_min_us>31460 rtt_max_us>31778 cwnd>58 cwnd_min>55 cwnd_max>58 throughput_kbps>19235.515 goodput_kbps>19021.787 retrans>0 total_retrans>0 bytes_acked>3217001
18:37:37.625401 TCPINFO flow>2 window>0.200 samples>3 rtt_avg_us>31519 rtt_min_us>31519 rtt_max_us>31519 cwnd>56 cwnd_min>56 cwnd_max>56 throughput_kbps>0.000 goodput_kbps>0.000 retrans>0 total_retrans>0 bytes_acked>22506265
18:37:37.716592 TCPINFO flow>1 window>0.104 samples>77 rtt_avg_us>31495 rtt_min_us>31441 rtt_max_us>31536 cwnd>56 cwnd_min>53 cwnd_max>56 throughput_kbps>18535.711 goodput_kbps>18126.273 retrans>0 total_retrans>0 bytes_acked>41204209
18:37:37.757910 TCPINFO flow>3 window>0.133 samples>185 rtt_avg_us>31447 rtt_min_us>31343 rtt_max_us>31737 cwnd>62 cwnd_min>58 cwnd_max>62 throughput_kbps>20304.144 goodput_kbps>19981.527 retrans>0 total_retrans>0 bytes_acked>3547985
18:37:37.825382 TCPINFO flow>2 window>0.200 samples>3 rtt_avg_us>31519 rtt_min_us>31519 rtt_max_us>31519 cwnd>56 cwnd_min>56 cwnd_max>56 throughput_kbps>0.000 goodput_kbps>0.000 retrans>0 total_retrans>0 bytes_acked>22506265
18:37:37.825867 TCPINFO flow>1 window>0.109 samples>266 rtt_avg_us>31586 rtt_min_us>31436 rtt_max_us>31792 cwnd>58 cwnd_min>56 cwnd_max>58 throughput_kbps>18979.492 goodput_kbps>18686.067 retrans>0 total_retrans>0 bytes_acked>41459449
18:37:37.862793 TCPINFO flow>3 window>0.105 samples>194 rtt_avg_us>31436 rtt_min_us>31402 rtt_max_us>31559 cwnd>64 cwnd_min>62 cwnd_max>64 throughput_kbps>21094.133 goodput_kbps>20992.229 retrans>0 total_retrans>0 bytes_acked>3823201
18:37:37.953620 TCPINFO flow>1 window>0.128 samples>134 rtt_avg_us>31626 rtt_min_us>31351 rtt_max_us>31744 cwnd>62 cwnd_min>58 cwnd_max>62 throughput_kbps>20162.407 goodput_kbps>20246.069 retrans>0 total_retrans>0 bytes_acked>41782761
18:37:37.962879 TCPINFO flow>3 window>0.100 samples>202 rtt_avg_us>31452 rtt_min_us>31384 rtt_max_us>31569 cwnd>66 cwnd_min>63 cwnd_max>66 throughput_kbps>21144.056 goodput_kbps>21357.632 retrans>0 total_retrans>0 bytes_acked>4090401
18:37:38.025381 TCPINFO flow>2 window>0.200 samples>3 rtt_avg_us>31519 rtt_min_us>31519 rtt_max_us>31519 cwnd>56 cwnd_min>56 cwnd_max>56 throughput_kbps>0.000 goodput_kbps>0.000 retrans>0 total_retrans>0 bytes_acked>22506265
18:37:38.062986 TCPINFO flow>3 window>0.100 samples>199 rtt_avg_us>31503 rtt_min_us>31376 rtt_max_us>31671 cwnd>68 cwnd_min>66 cwnd_max>68 throughput_kbps>22507.117 goodput_kbps>21759.757 retrans>0 total_retrans>0 bytes_acked>4362689
18:37:38.125384 TCPINFO flow>2 window>0.100 samples>3 rtt_avg_us>31519 rtt_min_us>31519 rtt_max_us>31519 cwnd>56 cwnd_min>56 cwnd_max>56 throughput_kbps>106.877 goodput_kbps>0.000 retrans>0 total_retrans>0 bytes_acked>22506265
18:37:38.125850 TCPINFO flow>1 window>0.172 samples>315 rtt_avg_us>31623 rtt_min_us>31412 rtt_max_us>32029 cwnd>66 cwnd_min>62 cwnd_max>66 throughput_kbps>21572.270 goodput_kbps>21178.749 retrans>0 total_retrans>0 bytes_acked>42238713
18:37:38.162996 TCPINFO flow>3 window>0.100 samples>251 rtt_avg_us>31753 rtt_min_us>31409 rtt_max_us>32475 cwnd>68 cwnd_min>67 cwnd_max>68 throughput_kbps>22121.948 goodput_kbps>22763.164 retrans>0 total_retrans>0 bytes_acked>4647257
18:37:38.225391 TCPINFO flow>2 window>0.100 samples>276 rtt_avg_us>31519 rtt_min_us>31519 rtt_max_us>31543 cwnd>55 cwnd_min>55 cwnd_max>56 throughput_kbps>18595.818 goodput_kbps>12824.702 retrans>0 total_retrans>0 bytes_acked>22666585
18:37:38.225852 TCPINFO flow>1 window>0.100 samples>4 rtt_avg_us>31518 rtt_min_us>31462 rtt_max_us>31681 cwnd>66 cwnd_min>66 cwnd_max>66 throughput_kbps>15079.378 goodput_kbps>21625.807 retrans>0 total_retrans>0 bytes_acked>42509041
18:37:38.325380 TCPINFO flow>3 window>0.162 samples>66 rtt_avg_us>31853 rtt_min_us>31597 rtt_max_us>32110 cwnd>66 cwnd_min>66 cwnd_max>68 throughput_kbps>13431.865 goodput_kbps>17446.842 retrans>0 total_retrans>0 bytes_acked>5001393
18:37:38.325392 TCPINFO flow>2 window>0.100 samples>167 rtt_avg_us>31448 rtt_min_us>31293 rtt_max_us>31592 cwnd>53 cwnd_min>53 cwnd_max>55 throughput_kbps>17635.024 goodput_kbps>17848.782 retrans>0 total_retrans>0 bytes_acked>22889697
18:37:38.425383 TCPINFO flow>3 window>0.100 samples>2 rtt_avg_us>31711 rtt_min_us>31711 rtt_max_us>31711 cwnd>66 cwnd_min>66 cwnd_max>66 throughput_kbps>0.000 goodput_kbps>0.000 retrans>0 total_retrans>0 bytes_acked>5001393
18:37:38.425857 TCPINFO flow>1 window>0.200 samples>3 rtt_avg_us>31676 rtt_min_us>31674 rtt_max_us>31681 cwnd>66 cwnd_min>66 cwnd_max>66 throughput_kbps>0.000 goodput_kbps>111.677 retrans>0 total_retrans>0 bytes_acked>42511833
18:37:38.491377 TCPINFO flow>2 window>0.166 samples>234 rtt_avg_us>31451 rtt_min_us>31394 rtt_max_us>31676 cwnd>58 cwnd_min>53 cwnd_max>58 throughput_kbps>18931.060 goodput_kbps>18673.495 retrans>0 total_retrans>0 bytes_acked>23277137
18:37:38.525385 TCPINFO flow>3 window>0.100 samples>2 rtt_avg_us>31711 rtt_min_us>31711 rtt_max_us>31711 cwnd>66 cwnd_min>66 cwnd_max>66 throughput_kbps>0.000 goodput_kbps>0.000 retrans>0 total_retrans>0 bytes_acked>5001393
18:37:38.625384 TCPINFO flow>2 window>0.134 samples>266 rtt_avg_us>31445 rtt_min_us>31259 rtt_max_us>31676 cwnd>63 cwnd_min>58 cwnd_max>63 throughput_kbps>20657.070 goodput_kbps>20417.799 retrans>0 total_retrans>0 bytes_acked>23619153
18:37:38.625857 TCPINFO flow>1 window>0.200 samples>3 rtt_avg_us>31674 rtt_min_us>31674 rtt_max_us>31674 cwnd>66 cwnd_min>66 cwnd_max>66 throughput_kbps>0.000 goodput_kbps>0.000 retrans>0 total_retrans>0 bytes_acked>42511833
18:37:38.725389 TCPINFO flow>3 window>0.200 samples>3 rtt_avg_us>31711 rtt_min_us>31711 rtt_max_us>31711 cwnd>66 cwnd_min>66 cwnd_max>66 throughput_kbps>0.000 goodput_kbps>0.000 retrans>0 total_retrans>0 bytes_acked>5001393
18:37:38.725397 TCPINFO flow>2 window>0.100 samples>201 rtt_avg_us>31453 rtt_min_us>31203 rtt_max_us>31899 cwnd>64 cwnd_min>62 cwnd_max>64 throughput_kbps>20945.757 goodput_kbps>20518.293 retrans>0 total_retrans>0 bytes_acked>23875665
18:37:38.725858 TCPINFO flow>1 window>0.100 samples>2 rtt_avg_us>31674 rtt_min_us>31674 rtt_max_us>31674 cwnd>66 cwnd_min>66 cwnd_max>66 throughput_kbps>0.000 goodput_kbps>0.000 retrans>0 total_retrans>0 bytes_acked>42511833
18:37:38.857136 TCPINFO flow>2 window>0.132 samples>199 rtt_avg_us>31449 rtt_min_us>31298 rtt_max_us>31588 cwnd>69 cwnd_min>64 cwnd_max>69 throughput_kbps>22716.432 goodput_kbps>22554.172 retrans>0 total_retrans>0 bytes_acked>24247073
18:37:38.925383 TCPINFO flow>3 window>0.200 samples>3 rtt_avg_us>31711 rtt_min_us>31711 rtt_max_us>31711 cwnd>66 cwnd_min>66 cwnd_max>66 throughput_kbps>0.000 goodput_kbps>0.000 retrans>0 total_retrans>0 bytes_acked>5001393
18:37:38.925857 TCPINFO flow>1 window>0.200 samples>3 rtt_avg_us>31674 rtt_min_us>31674 rtt_max_us>31674 cwnd>66 cwnd_min>66 cwnd_max>66 throughput_kbps>0.000 goodput_kbps>0.000 retrans>0 total_retrans>0 bytes_acked>42511833
18:37:38.988027 TCPINFO flow>2 window>0.131 samples>266 rtt_avg_us>31470 rtt_min_us>31283 rtt_max_us>31951 cwnd>73 cwnd_min>69 cwnd_max>73 throughput_kbps>23925.129 goodput_kbps>23598.506 retrans>0 total_retrans>0 bytes_acked>24633177
18:37:39.025412 TCPINFO flow>3 window>0.100 samples>2 rtt_avg_us>31711 rtt_min_us>31711 rtt_max_us>31711 cwnd>66 cwnd_min>66 cwnd_max>66 throughput_kbps>0.000 goodput_kbps>0.000 retrans>0 total_retrans>0 bytes_acked>5001393
18:37:39.025866 TCPINFO flow>1 window>0.100 samples>2 rtt_avg_us>31674 rtt_min_us>31674 rtt_max_us>31674 cwnd>66 cwnd_min>66 cwnd_max>66 throughput_kbps>0.000 goodput_kbps>0.000 retrans>0 total_retrans>0 bytes_acked>42511833
18:37:39.125376 TCPINFO flow>2 window>0.137 samples>124 rtt_avg_us>31362 rtt_min_us>31302 rtt_max_us>31473 cwnd>76 cwnd_min>73 cwnd_max>76 throughput_kbps>16324.196 goodput_kbps>21771.342 retrans>0 total_retrans>0 bytes_acked>25006961
18:37:39.125531 TCPINFO flow>3 window>0.100 samples>5 rtt_avg_us>31711 rtt_min_us>31711 rtt_max_us>31711 cwnd>66 cwnd_min>66 cwnd_max>66 throughput_kbps>213.506 goodput_kbps>0.000 retrans>0 total_retrans>0 bytes_acked>5001393
18:37:39.125889 TCPINFO flow>1 window>0.100 samples>9 rtt_avg_us>31674 rtt_min_us>31674 rtt_max_us>31674 cwnd>66 cwnd_min>66 cwnd_max>66 throughput_kbps>213.711 goodput_kbps>0.000 retrans>0 total_retrans>0 bytes_acked>42511833
18:37:39.225384 TCPINFO flow>2 window>0.100 samples>2 rtt_avg_us>31446 rtt_min_us>31446 rtt_max_us>31446 cwnd>76 cwnd_min>76 cwnd_max>76 throughput_kbps>0.000 goodput_kbps>0.000 retrans>0 total_retrans>0 bytes_acked>25006961
18:37:39.225890 TCPINFO flow>1 window>0.100 samples>313 rtt_avg_us>31670 rtt_min_us>31384 rtt_max_us>31674 cwnd>65 cwnd_min>65 cwnd_max>66 throughput_kbps>21848.742 goodput_kbps>15592.804 retrans>0 total_retrans>0 bytes_acked>42706745
18:37:39.253798 TCPINFO flow>3 window>0.128 samples>286 rtt_avg_us>31636 rtt_min_us>31331 rtt_max_us>31711 cwnd>66 cwnd_min>66 cwnd_max>67 throughput_kbps>21721.690 goodput_kbps>16693.678 retrans>0 total_retrans>0 bytes_acked>5269049
18:37:39.325989 TCPINFO flow>1 window>0.100 samples>220 rtt_avg_us>31519 rtt_min_us>31341 rtt_max_us>31856 cwnd>65 cwnd_min>65 cwnd_max>66 throughput_kbps>21888.730 goodput_kbps>21518.537 retrans>0 total_retrans>0 bytes_acked>42975993
18:37:39.353854 TCPINFO flow>3 window>0.100 samples>252 rtt_avg_us>31411 rtt_min_us>31321 rtt_max_us>31519 cwnd>65 cwnd_min>65 cwnd_max>66 throughput_kbps>22218.598 goodput_kbps>22041.417 retrans>0 total_retrans>0 bytes_acked>5544721
18:37:39.425374 TCPINFO flow>2 window>0.200 samples>3 rtt_avg_us>31446 rtt_min_us>31446 rtt_max_us>31446 cwnd>76 cwnd_min>76 cwnd_max>76 throughput_kbps>0.000 goodput_kbps>0.000 retrans>0 total_retrans>0 bytes_acked>25006961
18:37:39.425990 TCPINFO flow>1 window>0.100 samples>267 rtt_avg_us>31411 rtt_min_us>31243 rtt_max_us>31612 cwnd>65 cwnd_min>64 cwnd_max>65 throughput_kbps>21803.302 goodput_kbps>21696.423 retrans>0 total_retrans>0 bytes_acked>43247201
18:37:39.465975 TCPINFO flow>3 window>0.112 samples>149 rtt_avg_us>31439 rtt_min_us>31334 rtt_max_us>31493 cwnd>63 cwnd_min>63 cwnd_max>65 throughput_kbps>21162.280 goodput_kbps>21543.582 retrans>0 total_retrans>0 bytes_acked>5846657
18:37:39.525398 TCPINFO flow>2 window>0.100 samples>2 rtt_avg_us>31446 rtt_min_us>31446 rtt_max_us>31446 cwnd>76 cwnd_min>76 cwnd_max>76 throughput_kbps>0.000 goodput_kbps>0.000 retrans>0 total_retrans>0 bytes_acked>25006961
18:37:39.582614 TCPINFO flow>1 window>0.157 samples>179 rtt_avg_us>31435 rtt_min_us>31334 rtt_max_us>31593 cwnd>64 cwnd_min>62 cwnd_max>65 throughput_kbps>21017.877 goodput_kbps>21359.077 retrans>0 total_retrans>0 bytes_acked>43665369
18:37:39.588796 TCPINFO flow>3 window>0.123 samples>221 rtt_avg_us>31373 rtt_min_us>31310 rtt_max_us>31569 cwnd>63 cwnd_min>61 cwnd_max>63 throughput_kbps>20972.049 goodput_kbps>20885.028 retrans>0 total_retrans>0 bytes_acked>6167297
18:37:39.698231 TCPINFO flow>3 window>0.109 samples>198 rtt_avg_us>31546 rtt_min_us>31382 rtt_max_us>31705 cwnd>65 cwnd_min>63 cwnd_max>65 throughput_kbps>21100.964 goodput_kbps>21003.299 retrans>0 total_retrans>0 bytes_acked>6454609
18:37:39.725381 TCPINFO flow>2 window>0.200 samples>3 rtt_avg_us>31446 rtt_min_us>31446 rtt_max_us>31446 cwnd>76 cwnd_min>76 cwnd_max>76 throughput_kbps>0.000 goodput_kbps>0.000 retrans>0 total_retrans>0 bytes_acked>25006961
18:37:39.725854 TCPINFO flow>1 window>0.143 samples>320 rtt_avg_us>31499 rtt_min_us>31389 rtt_max_us>32061 cwnd>64 cwnd_min>63 cwnd_max>64 throughput_kbps>20777.660 goodput_kbps>20967.104 retrans>0 total_retrans>0 bytes_acked>44040785
18:37:39.798258 TCPINFO flow>3 window>0.100 samples>213 rtt_avg_us>31441 rtt_min_us>31345 rtt_max_us>32278 cwnd>65 cwnd_min>65 cwnd_max>66 throughput_kbps>21583.932 goodput_kbps>21477.081 retrans>0 total_retrans>0 bytes_acked>6723145
18:37:39.856725 TCPINFO flow>1 window>0.131 samples>179 rtt_avg_us>31508 rtt_min_us>31390 rtt_max_us>32061 cwnd>63 cwnd_min>63 cwnd_max>64 throughput_kbps>21506.613 goodput_kbps>21135.928 retrans>0 total_retrans>0 bytes_acked>44386545
18:37:39.913384 TCPINFO flow>3 window>0.115 samples>193 rtt_avg_us>31383 rtt_min_us>31262 rtt_max_us>31716 cwnd>67 cwnd_min>65 cwnd_max>67 throughput_kbps>22412.174 goodput_kbps>22280.979 retrans>0 total_retrans>0 bytes_acked>7043785
18:37:39.925379 TCPINFO flow>2 window>0.200 samples>3 rtt_avg_us>31446 rtt_min_us>31446 rtt_max_us>31446 cwnd>76 cwnd_min>76 cwnd_max>76 throughput_kbps>0.000 goodput_kbps>0.000 retrans>0 total_retrans>0 bytes_acked>25006961
18:37:40.025417 TCPINFO flow>3 window>0.112 samples>213 rtt_avg_us>31513 rtt_min_us>31316 rtt_max_us>31755 cwnd>70 cwnd_min>67 cwnd_max>70 throughput_kbps>23277.713 goodput_kbps>22744.727 retrans>0 total_retrans>0 bytes_acked>7362305
18:37:40.025425 TCPINFO flow>2 window>0.100 samples>2 rtt_avg_us>31446 rtt_min_us>31446 rtt_max_us>31446 cwnd>76 cwnd_min>76 cwnd_max>76 throughput_kbps>0.000 goodput_kbps>0.000 retrans>0 total_retrans>0 bytes_acked>25006961
18:37:40.025861 TCPINFO flow>1 window>0.169 samples>249 rtt_avg_us>31572 rtt_min_us>31418 rtt_max_us>31935 cwnd>65 cwnd_min>63 cwnd_max>65 throughput_kbps>21358.433 goodput_kbps>21210.482 retrans>0 total_retrans>0 bytes_acked>44834977
18:37:40.125323 ON flow>10 srcPort>38015 dst>fd00:6::2/5403 
18:37:40.125459 TCPINFO flow>2 window>0.100 samples>4 rtt_avg_us>31446 rtt_min_us>31446 rtt_max_us>31446 cwnd>76 cwnd_min>76 cwnd_max>76 throughput_kbps>106.844 goodput_kbps>0.000 retrans>0 total_retrans>0 bytes_acked>25006961
18:37:40.156316 CONNECT flow>10 srcPort>38015 dst>fd00:6::2/5403 
18:37:40.225375 TCPINFO flow>3 window>0.200 samples>3 rtt_avg_us>31540 rtt_min_us>31500 rtt_max_us>31620 cwnd>71 cwnd_min>70 cwnd_max>71 throughput_kbps>1850.949 goodput_kbps>5592.534 retrans>0 total_retrans>0 bytes_acked>7502089
18:37:40.225854 TCPINFO flow>1 window>0.200 samples>3 rtt_avg_us>31516 rtt_min_us>31453 rtt_max_us>31641 cwnd>66 cwnd_min>65 cwnd_max>66 throughput_kbps>3663.808 goodput_kbps>7102.329 retrans>0 total_retrans>0 bytes_acked>45012529
18:37:40.260871 TCPINFO flow>2 window>0.135 samples>369 rtt_avg_us>31386 rtt_min_us>31241 rtt_max_us>31446 cwnd>79 cwnd_min>76 cwnd_max>79 throughput_kbps>26362.449 goodput_kbps>20363.808 retrans>0 total_retrans>0 bytes_acked>25351649
18:37:40.325346 TCPINFO flow>10 window>0.169 samples>83 rtt_avg_us>31123 rtt_min_us>30980 rtt_max_us>31376 cwnd>13 cwnd_min>10 cwnd_max>13 throughput_kbps>3922.086 goodput_kbps>3168.276 retrans>0 total_retrans>0 bytes_acked>66913
18:37:40.325394 TCPINFO flow>3 window>0.100 samples>2 rtt_avg_us>31500 rtt_min_us>31500 rtt_max_us>31500 cwnd>71 cwnd_min>71 cwnd_max>71 throughput_kbps>0.000 goodput_kbps>0.000 retrans>0 total_retrans>0 bytes_acked>7502089
18:37:40.377459 TCPINFO flow>2 window>0.117 samples>265 rtt_avg_us>31480 rtt_min_us>31255 rtt_max_us>31959 cwnd>82 cwnd_min>79 cwnd_max>82 throughput_kbps>27135.280 goodput_kbps>26768.587 retrans>0 total_retrans>0 bytes_acked>25741761
18:37:40.425849 TCPINFO flow>1 window>0.200 samples>3 rtt_avg_us>31453 rtt_min_us>31453 rtt_max_us>31453 cwnd>66 cwnd_min>66 cwnd_max>66 throughput_kbps>0.000 goodput_kbps>0.000 retrans>0 total_retrans>0 bytes_acked>45012529
18:37:40.471803 TCPINFO flow>10 window>0.146 samples>53 rtt_avg_us>32275 rtt_min_us>31018 rtt_max_us>33063 cwnd>17 cwnd_min>13 cwnd_max>17 throughput_kbps>4816.485 goodput_kbps>4670.531 retrans>0 total_retrans>0 bytes_acked>152417
18:37:40.487026 TCPINFO flow>2 window>0.110 samples>266 rtt_avg_us>31361 rtt_min_us>31257 rtt_max_us>31518 cwnd>84 cwnd_min>82 cwnd_max>84 throughput_kbps>28191.262 goodput_kbps>28093.714 retrans>0 total_retrans>0 bytes_acked>26126529
18:37:40.525385 TCPINFO flow>3 window>0.200 samples>3 rtt_avg_us>31500 rtt_min_us>31500 rtt_max_us>31500 cwnd>71 cwnd_min>71 cwnd_max>71 throughput_kbps>0.000 goodput_kbps>0.000 retrans>0 total_retrans>0 bytes_acked>7502089
18:37:40.592447 TCPINFO flow>10 window>0.121 samples>60 rtt_avg_us>33060 rtt_min_us>33038 rtt_max_us>33591 cwnd>20 cwnd_min>17 cwnd_max>20 throughput_kbps>6112.795 goodput_kbps>5847.021 retrans>0 total_retrans>0 bytes_acked>240593
18:37:40.593263 TCPINFO flow>2 window>0.106 samples>266 rtt_avg_us>31320 rtt_min_us>31247 rtt_max_us>32746 cwnd>86 cwnd_min>84 cwnd_max>86 throughput_kbps>28068.865 goodput_kbps>28270.075 retrans>0 total_retrans>0 bytes_acked>26501945
18:37:40.625848 TCPINFO flow>1 window>0.200 samples>3 rtt_avg_us>31453 rtt_min_us>31453 rtt_max_us>31453 cwnd>66 cwnd_min>66 cwnd_max>66 throughput_kbps>0.000 goodput_kbps>0.000 retrans>0 total_retrans>0 bytes_acked>45012529
18:37:40.695651 TCPINFO flow>10 window>0.103 samples>61 rtt_avg_us>33326 rtt_min_us>33030 rtt_max_us>33591 cwnd>23 cwnd_min>20 cwnd_max>23 throughput_kbps>6835.084 goodput_kbps>6524.398 retrans>0 total_retrans>0 bytes_acked>324761
18:37:40.702203 TCPINFO flow>2 window>0.109 samples>265 rtt_avg_us>32012 rtt_min_us>31289 rtt_max_us>32746 cwnd>88 cwnd_min>86 cwnd_max>88 throughput_kbps>29138.388 goodput_kbps>28549.734 retrans>0 total_retrans>0 bytes_acked>26890721
18:37:40.725383 TCPINFO flow>3 window>0.200 samples>3 rtt_avg_us>31500 rtt_min_us>31500 rtt_max_us>31500 cwnd>71 cwnd_min>71 cwnd_max>71 throughput_kbps>0.000 goodput_kbps>0.000 retrans>0 total_retrans>0 bytes_acked>7502089
18:37:40.806357 TCPINFO flow>2 window>0.104 samples>266 rtt_avg_us>31349 rtt_min_us>31196 rtt_max_us>31603 cwnd>88 cwnd_min>87 cwnd_max>89 throughput_kbps>29040.690 goodput_kbps>29143.307 retrans>0 total_retrans>0 bytes_acked>27270145
18:37:40.825347 TCPINFO flow>10 window>0.130 samples>92 rtt_avg_us>32599 rtt_min_us>32221 rtt_max_us>33073 cwnd>24 cwnd_min>23 cwnd_max>24 throughput_kbps>7828.769 goodput_kbps>7581.545 retrans>0 total_retrans>0 bytes_acked>447673
18:37:40.825386 TCPINFO flow>3 window>0.100 samples>2 rtt_avg_us>31500 rtt_min_us>31500 rtt_max_us>31500 cwnd>71 cwnd_min>71 cwnd_max>71 throughput_kbps>0.000 goodput_kbps>0.000 retrans>0 total_retrans>0 bytes_acked>7502089
18:37:40.825850 TCPINFO flow>1 window>0.200 samples>3 rtt_avg_us>31453 rtt_min_us>31453 rtt_max_us>31453 cwnd>66 cwnd_min>66 cwnd_max>66 throughput_kbps>0.000 goodput_kbps>0.000 retrans>0 total_retrans>0 bytes_acked>45012529
18:37:40.925386 TCPINFO flow>2 window>0.119 samples>31 rtt_avg_us>31360 rtt_min_us>31348 rtt_max_us>31419 cwnd>89 cwnd_min>88 cwnd_max>89 throughput_kbps>8330.877 goodput_kbps>15963.303 retrans>0 total_retrans>0 bytes_acked>27507657
18:37:40.949608 TCPINFO flow>10 window>0.124 samples>91 rtt_avg_us>32133 rtt_min_us>31983 rtt_max_us>32338 cwnd>27 cwnd_min>24 cwnd_max>27 throughput_kbps>8601.251 goodput_kbps>8429.226 retrans>0 total_retrans>0 bytes_acked>578601
18:37:41.025373 TCPINFO flow>3 window>0.200 samples>3 rtt_avg_us>31500 rtt_min_us>31500 rtt_max_us>31500 cwnd>71 cwnd_min>71 cwnd_max>71 throughput_kbps>0.000 goodput_kbps>0.000 retrans>0 total_retrans>0 bytes_acked>7502089
18:37:41.025848 TCPINFO flow>1 window>0.200 samples>3 rtt_avg_us>31453 rtt_min_us>31453 rtt_max_us>31453 cwnd>66 cwnd_min>66 cwnd_max>66 throughput_kbps>0.000 goodput_kbps>0.000 retrans>0 total_retrans>0 bytes_acked>45012529
18:37:41.117570 TCPINFO flow>10 window>0.168 samples>148 rtt_avg_us>32052 rtt_min_us>31861 rtt_max_us>32238 cwnd>32 cwnd_min>27 cwnd_max>32 throughput_kbps>9990.450 goodput_kbps>9735.916 retrans>0 total_retrans>0 bytes_acked>783009
18:37:41.125377 TCPINFO flow>3 window>0.100 samples>4 rtt_avg_us>31500 rtt_min_us>31500 rtt_max_us>31500 cwnd>71 cwnd_min>71 cwnd_max>71 throughput_kbps>106.876 goodput_kbps>0.000 retrans>0 total_retrans>0 bytes_acked>7502089
18:37:41.125383 TCPINFO flow>2 window>0.200 samples>3 rtt_avg_us>31419 rtt_min_us>31419 rtt_max_us>31419 cwnd>89 cwnd_min>89 cwnd_max>89 throughput_kbps>0.000 goodput_kbps>0.000 retrans>0 total_retrans>0 bytes_acked>27507657
18:37:41.125849 TCPINFO flow>1 window>0.100 samples>8 rtt_avg_us>31453 rtt_min_us>31453 rtt_max_us>31453 cwnd>66 cwnd_min>66 cwnd_max>66 throughput_kbps>213.758 goodput_kbps>0.000 retrans>0 total_retrans>0 bytes_acked>45012529
18:37:41.225346 TCPINFO flow>10 window>0.108 samples>140 rtt_avg_us>32158 rtt_min_us>31786 rtt_max_us>32378 cwnd>34 cwnd_min>32 cwnd_max>34 throughput_kbps>11206.057 goodput_kbps>10809.382 retrans>0 total_retrans>0 bytes_acked>928633
18:37:41.225862 TCPINFO flow>1 window>0.100 samples>336 rtt_avg_us>31442 rtt_min_us>31303 rtt_max_us>31453 cwnd>66 cwnd_min>66 cwnd_max>66 throughput_kbps>21730.295 goodput_kbps>15261.376 retrans>0 total_retrans>0 bytes_acked>45203321
18:37:41.265427 TCPINFO flow>3 window>0.140 samples>332 rtt_avg_us>31448 rtt_min_us>31250 rtt_max_us>31976 cwnd>70 cwnd_min>70 cwnd_max>72 throughput_kbps>23105.805 goodput_kbps>18297.922 retrans>0 total_retrans>0 bytes_acked>7822417
18:37:41.325355 TCPINFO flow>10 window>0.100 samples>87 rtt_avg_us>31654 rtt_min_us>31415 rtt_max_us>31968 cwnd>32 cwnd_min>32 cwnd_max>34 throughput_kbps>10900.779 goodput_kbps>11114.520 retrans>0 total_retrans>0 bytes_acked>1067577
18:37:41.325379 TCPINFO flow>2 window>0.200 samples>3 rtt_avg_us>31419 rtt_min_us>31419 rtt_max_us>31419 cwnd>89 cwnd_min>89 cwnd_max>89 throughput_kbps>0.000 goodput_kbps>0.000 retrans>0 total_retrans>0 bytes_acked>27507657
18:37:41.325864 TCPINFO flow>1 window>0.100 samples>254 rtt_avg_us>31247 rtt_min_us>31081 rtt_max_us>31433 cwnd>61 cwnd_min>61 cwnd_max>66 throughput_kbps>21305.174 goodput_kbps>21469.011 retrans>0 total_retrans>0 bytes_acked>45471689
18:37:41.370569 TCPINFO flow>3 window>0.105 samples>207 rtt_avg_us>31529 rtt_min_us>31235 rtt_max_us>31998 cwnd>62 cwnd_min>62 cwnd_max>70 throughput_kbps>22047.136 goodput_kbps>22625.402 retrans>0 total_retrans>0 bytes_acked>8119777
18:37:41.425451 TCPINFO flow>10 window>0.100 samples>84 rtt_avg_us>31936 rtt_min_us>31211 rtt_max_us>34303 cwnd>27 cwnd_min>27 cwnd_max>32 throughput_kbps>8805.627 goodput_kbps>10300.512 retrans>0 total_retrans>0 bytes_acked>1196457
18:37:41.425967 TCPINFO flow>1 window>0.100 samples>173 rtt_avg_us>31502 rtt_min_us>31267 rtt_max_us>32062 cwnd>51 cwnd_min>51 cwnd_max>61 throughput_kbps>17617.054 goodput_kbps>19432.145 retrans>0 total_retrans>0 bytes_acked>45714841
18:37:41.501123 TCPINFO flow>3 window>0.131 samples>200 rtt_avg_us>32199 rtt_min_us>31272 rtt_max_us>34870 cwnd>52 cwnd_min>52 cwnd_max>62 throughput_kbps>16353.693 goodput_kbps>17097.354 retrans>0 total_retrans>0 bytes_acked>8398793
18:37:41.525385 TCPINFO flow>2 window>0.200 samples>3 rtt_avg_us>31419 rtt_min_us>31419 rtt_max_us>31419 cwnd>89 cwnd_min>89 cwnd_max>89 throughput_kbps>0.000 goodput_kbps>0.000 retrans>0 total_retrans>0 bytes_acked>27507657
18:37:41.525975 TCPINFO flow>1 window>0.100 samples>80 rtt_avg_us>31491 rtt_min_us>31365 rtt_max_us>31599 cwnd>43 cwnd_min>43 cwnd_max>52 throughput_kbps>14681.066 goodput_kbps>14787.937 retrans>0 total_retrans>0 bytes_acked>45899705
18:37:41.569981 TCPINFO flow>10 window>0.145 samples>89 rtt_avg_us>32721 rtt_min_us>31948 rtt_max_us>33895 cwnd>29 cwnd_min>27 cwnd_max>29 throughput_kbps>9114.897 goodput_kbps>8466.616 retrans>0 total_retrans>0 bytes_acked>1349417
18:37:41.625373 TCPINFO flow>3 window>0.124 samples>209 rtt_avg_us>31503 rtt_min_us>31380 rtt_max_us>31620 cwnd>45 cwnd_min>45 cwnd_max>52 throughput_kbps>15741.167 goodput_kbps>16251.622 retrans>0 total_retrans>0 bytes_acked>8651201
18:37:41.629444 TCPINFO flow>1 window>0.103 samples>97 rtt_avg_us>31909 rtt_min_us>31502 rtt_max_us>32174 cwnd>43 cwnd_min>43 cwnd_max>43 throughput_kbps>14547.507 goodput_kbps>14771.419 retrans>0 total_retrans>0 bytes_acked>46090753
18:37:41.695803 TCPINFO flow>10 window>0.126 samples>103 rtt_avg_us>31880 rtt_min_us>31643 rtt_max_us>32330 cwnd>31 cwnd_min>29 cwnd_max>31 throughput_kbps>9578.993 goodput_kbps>9474.210 retrans>0 total_retrans>0 bytes_acked>1498425
18:37:41.725377 TCPINFO flow>2 window>0.200 samples>3 rtt_avg_us>31419 rtt_min_us>31419 rtt_max_us>31419 cwnd>89 cwnd_min>89 cwnd_max>89 throughput_kbps>0.000 goodput_kbps>0.000 retrans>0 total_retrans>0 bytes_acked>27507657
18:37:41.742466 TCPINFO flow>1 window>0.113 samples>134 rtt_avg_us>31542 rtt_min_us>31480 rtt_max_us>31739 cwnd>39 cwnd_min>39 cwnd_max>43 throughput_kbps>13122.543 goodput_kbps>13390.384 retrans>0 total_retrans>0 bytes_acked>46279929
18:37:41.749989 TCPINFO flow>3 window>0.125 samples>135 rtt_avg_us>31833 rtt_min_us>31504 rtt_max_us>32003 cwnd>49 cwnd_min>45 cwnd_max>49 throughput_kbps>15866.983 goodput_kbps>15463.311 retrans>0 total_retrans>0 bytes_acked>8892073
18:37:41.825348 TCPINFO flow>10 window>0.130 samples>131 rtt_avg_us>32060 rtt_min_us>31821 rtt_max_us>32373 cwnd>35 cwnd_min>31 cwnd_max>35 throughput_kbps>10890.548 goodput_kbps>10395.523 retrans>0 total_retrans>0 bytes_acked>1666761
18:37:41.825386 TCPINFO flow>2 window>0.100 samples>2 rtt_avg_us>31419 rtt_min_us>31419 rtt_max_us>31419 cwnd>89 cwnd_min>89 cwnd_max>89 throughput_kbps>0.000 goodput_kbps>0.000 retrans>0 total_retrans>0 bytes_acked>27507657
18:37:41.864417 TCPINFO flow>1 window>0.122 samples>138 rtt_avg_us>31654 rtt_min_us>31524 rtt_max_us>31948 cwnd>39 cwnd_min>38 cwnd_max>40 throughput_kbps>12883.338 goodput_kbps>12970.980 retrans>0 total_retrans>0 bytes_acked>46477657
18:37:41.880180 TCPINFO flow>3 window>0.130 samples>184 rtt_avg_us>31629 rtt_min_us>31485 rtt_max_us>31825 cwnd>46 cwnd_min>46 cwnd_max>49 throughput_kbps>15891.483 goodput_kbps>16219.862 retrans>0 total_retrans>0 bytes_acked>9156033
18:37:41.925351 TCPINFO flow>10 window>0.100 samples>134 rtt_avg_us>32070 rtt_min_us>31954 rtt_max_us>32373 cwnd>36 cwnd_min>35 cwnd_max>36 throughput_kbps>11649.571 goodput_kbps>11435.817 retrans>0 total_retrans>0 bytes_acked>1809713
18:37:41.983175 TCPINFO flow>1 window>0.119 samples>133 rtt_avg_us>31942 rtt_min_us>31681 rtt_max_us>32054 cwnd>40 cwnd_min>39 cwnd_max>40 throughput_kbps>12779.737 goodput_kbps>12869.735 retrans>0 total_retrans>0 bytes_acked>46668705
18:37:42.025361 TCPINFO flow>3 window>0.145 samples>222 rtt_avg_us>31706 rtt_min_us>31592 rtt_max_us>31936 cwnd>49 cwnd_min>46 cwnd_max>49 throughput_kbps>16196.059 goodput_kbps>15901.585 retrans>0 total_retrans>0 bytes_acked>9444609
18:37:42.025377 TCPINFO flow>2 window>0.200 samples>3 rtt_avg_us>31419 rtt_min_us>31419 rtt_max_us>31419 cwnd>89 cwnd_min>89 cwnd_max>89 throughput_kbps>0.000 goodput_kbps>0.000 retrans>0 total_retrans>0 bytes_acked>27507657
18:37:42.027472 TCPINFO flow>10 window>0.102 samples>67 rtt_avg_us>32042 rtt_min_us>31962 rtt_max_us>32216 cwnd>39 cwnd_min>36 cwnd_max>39 throughput_kbps>12559.219 goodput_kbps>12559.219 retrans>0 total_retrans>0 bytes_acked>1970033
18:37:42.103964 TCPINFO flow>1 window>0.121 samples>134 rtt_avg_us>32094 rtt_min_us>31814 rtt_max_us>32438 cwnd>43 cwnd_min>40 cwnd_max>43 throughput_kbps>13511.694 goodput_kbps>12980.785 retrans>0 total_retrans>0 bytes_acked>46864697
18:37:42.125380 TCPINFO flow>3 window>0.100 samples>188 rtt_avg_us>31612 rtt_min_us>31575 rtt_max_us>31709 cwnd>52 cwnd_min>49 cwnd_max>52 throughput_kbps>16883.832 goodput_kbps>16456.393 retrans>0 total_retrans>0 bytes_acked>9650353
18:37:42.125386 TCPINFO flow>2 window>0.100 samples>4 rtt_avg_us>31419 rtt_min_us>31419 rtt_max_us>31419 cwnd>89 cwnd_min>89 cwnd_max>89 throughput_kbps>106.870 goodput_kbps>0.000 retrans>0 total_retrans>0 bytes_acked>27507657
18:37:42.138405 TCPINFO flow>10 window>0.111 samples>134 rtt_avg_us>31800 rtt_min_us>31593 rtt_max_us>32022 cwnd>42 cwnd_min>39 cwnd_max>42 throughput_kbps>13873.888 goodput_kbps>13488.502 retrans>0 total_retrans>0 bytes_acked>2157073
18:37:42.225851 TCPINFO flow>1 window>0.122 samples>159 rtt_avg_us>31746 rtt_min_us>31663 rtt_max_us>34275 cwnd>41 cwnd_min>41 cwnd_max>44 throughput_kbps>13503.918 goodput_kbps>13679.293 retrans>0 total_retrans>0 bytes_acked>47073113
18:37:42.263314 TCPINFO flow>10 window>0.125 samples>137 rtt_avg_us>33233 rtt_min_us>31811 rtt_max_us>34508 cwnd>35 cwnd_min>35 cwnd_max>42 throughput_kbps>12034.105 goodput_kbps>12461.936 retrans>0 total_retrans>0 bytes_acked>2351649
18:37:42.264394 TCPINFO flow>2 window>0.139 samples>399 rtt_avg_us>32134 rtt_min_us>31419 rtt_max_us>33888 cwnd>77 cwnd_min>77 cwnd_max>89 throughput_kbps>27212.247 goodput_kbps>21522.560 retrans>0 total_retrans>0 bytes_acked>27881633
18:37:42.325379 TCPINFO flow>3 window>0.200 samples>54 rtt_avg_us>32915 rtt_min_us>31709 rtt_max_us>33936 cwnd>40 cwnd_min>40 cwnd_max>52 throughput_kbps>11318.457 goodput_kbps>14097.350 retrans>0 total_retrans>0 bytes_acked>10002785
18:37:42.325852 TCPINFO flow>1 window>0.100 samples>96 rtt_avg_us>33528 rtt_min_us>31919 rtt_max_us>34275 cwnd>32 cwnd_min>32 cwnd_max>41 throughput_kbps>11543.565 goodput_kbps>12637.314 retrans>0 total_retrans>0 bytes_acked>47231081
18:37:42.395566 TCPINFO flow>10 window>0.132 samples>127 rtt_avg_us>32186 rtt_min_us>31333 rtt_max_us>33372 cwnd>30 cwnd_min>30 cwnd_max>35 throughput_kbps>9899.162 goodput_kbps>10598.917 retrans>0 total_retrans>0 bytes_acked>2526865
18:37:42.406876 TCPINFO flow>2 window>0.142 samples>270 rtt_avg_us>31647 rtt_min_us>31317 rtt_max_us>32203 cwnd>60 cwnd_min>57 cwnd_max>77 throughput_kbps>20001.067 goodput_kbps>21276.288 retrans>0 total_retrans>0 bytes_acked>28260569
18:37:42.425397 TCPINFO flow>3 window>0.100 samples>2 rtt_avg_us>31727 rtt_min_us>31727 rtt_max_us>31727 cwnd>40 cwnd_min>40 cwnd_max>40 throughput_kbps>0.000 goodput_kbps>0.000 retrans>0 total_retrans>0 bytes_acked>10002785
18:37:42.499789 TCPINFO flow>10 window>0.104 samples>89 rtt_avg_us>31975 rtt_min_us>31883 rtt_max_us>32064 cwnd>33 cwnd_min>30 cwnd_max>33 throughput_kbps>10514.685 goodput_kbps>10139.489 retrans>0 total_retrans>0 bytes_acked>2658961
18:37:42.525380 TCPINFO flow>2 window>0.119 samples>266 rtt_avg_us>31513 rtt_min_us>31331 rtt_max_us>31649 cwnd>63 cwnd_min>60 cwnd_max>63 throughput_kbps>20924.323 goodput_kbps>20563.559 retrans>0 total_retrans>0 bytes_acked>28565177
18:37:42.525858 TCPINFO flow>1 window>0.200 samples>3 rtt_avg_us>31916 rtt_min_us>31772 rtt_max_us>32057 cwnd>35 cwnd_min>32 cwnd_max>35 throughput_kbps>9694.749 goodput_kbps>10823.035 retrans>0 total_retrans>0 bytes_acked>47501665
18:37:42.625262 TCPINFO flow>10 window>0.125 samples>112 rtt_avg_us>32051 rtt_min_us>31762 rtt_max_us>32169 cwnd>34 cwnd_min>31 cwnd_max>34 throughput_kbps>10562.527 goodput_kbps>10392.164 retrans>0 total_retrans>0 bytes_acked>2821953
18:37:42.625377 TCPINFO flow>3 window>0.200 samples>3 rtt_avg_us>31727 rtt_min_us>31727 rtt_max_us>31727 cwnd>40 cwnd_min>40 cwnd_max>40 throughput_kbps>0.000 goodput_kbps>0.000 retrans>0 total_retrans>0 bytes_acked>10002785
18:37:42.625382 TCPINFO flow>2 window>0.100 samples>150 rtt_avg_us>31796 rtt_min_us>31331 rtt_max_us>32175 cwnd>66 cwnd_min>63 cwnd_max>66 throughput_kbps>21509.330 goodput_kbps>21161.817 retrans>0 total_retrans>0 bytes_acked>28829705
18:37:42.725348 TCPINFO flow>10 window>0.100 samples>142 rtt_avg_us>31744 rtt_min_us>31637 rtt_max_us>31828 cwnd>34 cwnd_min>34 cwnd_max>34 throughput_kbps>11401.395 goodput_kbps>11187.818 retrans>0 total_retrans>0 bytes_acked>2961921
18:37:42.725383 TCPINFO flow>3 window>0.100 samples>2 rtt_avg_us>31727 rtt_min_us>31727 rtt_max_us>31727 cwnd>40 cwnd_min>40 cwnd_max>40 throughput_kbps>0.000 goodput_kbps>0.000 retrans>0 total_retrans>0 bytes_acked>10002785
18:37:42.725387 TCPINFO flow>2 window>0.100 samples>266 rtt_avg_us>31404 rtt_min_us>31283 rtt_max_us>31794 cwnd>66 cwnd_min>66 cwnd_max>69 throughput_kbps>21802.430 goodput_kbps>21829.309 retrans>0 total_retrans>0 bytes_acked>29102585
18:37:42.725851 TCPINFO flow>1 window>0.200 samples>3 rtt_avg_us>31928 rtt_min_us>31864 rtt_max_us>32057 cwnd>35 cwnd_min>35 cwnd_max>35 throughput_kbps>0.000 goodput_kbps>462.416 retrans>0 total_retrans>0 bytes_acked>47513225
18:37:42.825953 TCPINFO flow>10 window>0.101 samples>57 rtt_avg_us>31799 rtt_min_us>31608 rtt_max_us>31815 cwnd>37 cwnd_min>34 cwnd_max>37 throughput_kbps>12111.048 goodput_kbps>11898.574 retrans>0 total_retrans>0 bytes_acked>3111553
18:37:42.844054 TCPINFO flow>2 window>0.119 samples>135 rtt_avg_us>31354 rtt_min_us>31287 rtt_max_us>31801 cwnd>69 cwnd_min>66 cwnd_max>69 throughput_kbps>22606.858 goodput_kbps>22877.059 retrans>0 total_retrans>0 bytes_acked>29441929
18:37:42.925385 TCPINFO flow>3 window>0.200 samples>3 rtt_avg_us>31727 rtt_min_us>31727 rtt_max_us>31727 cwnd>40 cwnd_min>40 cwnd_max>40 throughput_kbps>0.000 goodput_kbps>0.000 retrans>0 total_retrans>0 bytes_acked>10002785
18:37:42.925850 TCPINFO flow>1 window>0.200 samples>3 rtt_avg_us>31864 rtt_min_us>31864 rtt_max_us>31864 cwnd>35 cwnd_min>35 cwnd_max>35 throughput_kbps>0.000 goodput_kbps>0.000 retrans>0 total_retrans>0 bytes_acked>47513225
18:37:42.931233 TCPINFO flow>10 window>0.105 samples>117 rtt_avg_us>31710 rtt_min_us>31623 rtt_max_us>32046 cwnd>41 cwnd_min>37 cwnd_max>41 throughput_kbps>13299.088 goodput_kbps>12994.529 retrans>0 total_retrans>0 bytes_acked>3282561
18:37:43.025393 TCPINFO flow>3 window>0.100 samples>2 rtt_avg_us>31727 rtt_min_us>31727 rtt_max_us>31727 cwnd>40 cwnd_min>40 cwnd_max>40 throughput_kbps>0.000 goodput_kbps>0.000 retrans>0 total_retrans>0 bytes_acked>10002785
18:37:43.025400 TCPINFO flow>2 window>0.181 samples>244 rtt_avg_us>31478 rtt_min_us>31329 rtt_max_us>31801 cwnd>75 cwnd_min>69 cwnd_max>75 throughput_kbps>21333.451 goodput_kbps>23869.509 retrans>0 total_retrans>0 bytes_acked>29983009
18:37:43.025864 TCPINFO flow>1 window>0.100 samples>2 rtt_avg_us>31864 rtt_min_us>31864 rtt_max_us>31864 cwnd>35 cwnd_min>35 cwnd_max>35 throughput_kbps>0.000 goodput_kbps>0.000 retrans>0 total_retrans>0 bytes_acked>47513225
18:37:43.035813 TCPINFO flow>10 window>0.105 samples>129 rtt_avg_us>31940 rtt_min_us>31619 rtt_max_us>32031 cwnd>44 cwnd_min>41 cwnd_max>44 throughput_kbps>14410.098 goodput_kbps>14103.500 retrans>0 total_retrans>0 bytes_acked>3466929
18:37:43.125428 TCPINFO flow>3 window>0.100 samples>5 rtt_avg_us>31727 rtt_min_us>31727 rtt_max_us>31727 cwnd>40 cwnd_min>40 cwnd_max>40 throughput_kbps>106.843 goodput_kbps>0.000 retrans>0 total_retrans>0 bytes_acked>10002785
18:37:43.125870 TCPINFO flow>1 window>0.100 samples>9 rtt_avg_us>31864 rtt_min_us>31864 rtt_max_us>31864 cwnd>35 cwnd_min>35 cwnd_max>35 throughput_kbps>213.747 goodput_kbps>0.000 retrans>0 total_retrans>0 bytes_acked>47513225
18:37:43.135847 TCPINFO flow>10 window>0.100 samples>177 rtt_avg_us>31604 rtt_min_us>31420 rtt_max_us>31691 cwnd>47 cwnd_min>44 cwnd_max>47 throughput_kbps>15385.489 goodput_kbps>14851.271 retrans>0 total_retrans>0 bytes_acked>3652633
18:37:43.225388 TCPINFO flow>2 window>0.200 samples>3 rtt_avg_us>31451 rtt_min_us>31384 rtt_max_us>31484 cwnd>75 cwnd_min>75 cwnd_max>75 throughput_kbps>0.000 goodput_kbps>1013.821 retrans>0 total_retrans>0 bytes_acked>30008353
18:37:43.230378 TCPINFO flow>3 window>0.105 samples>211 rtt_avg_us>31726 rtt_min_us>31651 rtt_max_us>31727 cwnd>41 cwnd_min>40 cwnd_max>41 throughput_kbps>13295.779 goodput_kbps>9508.223 retrans>0 total_retrans>0 bytes_acked>10127521
18:37:43.240766 TCPINFO flow>10 window>0.105 samples>105 rtt_avg_us>31807 rtt_min_us>31420 rtt_max_us>31926 cwnd>50 cwnd_min>47 cwnd_max>50 throughput_kbps>16136.181 goodput_kbps>16034.312 retrans>0 total_retrans>0 bytes_acked>3862921
18:37:43.286620 TCPINFO flow>1 window>0.161 samples>328 rtt_avg_us>31852 rtt_min_us>31514 rtt_max_us>31994 cwnd>39 cwnd_min>35 cwnd_max>39 throughput_kbps>12034.389 goodput_kbps>9789.313 retrans>0 total_retrans>0 bytes_acked>47709929
18:37:43.368645 TCPINFO flow>10 window>0.128 samples>195 rtt_avg_us>31852 rtt_min_us>31641 rtt_max_us>32097 cwnd>54 cwnd_min>50 cwnd_max>54 throughput_kbps>17471.016 goodput_kbps>17133.697 retrans>0 total_retrans>0 bytes_acked>4136801
18:37:43.387160 TCPINFO flow>3 window>0.157 samples>183 rtt_avg_us>31861 rtt_min_us>31605 rtt_max_us>32384 cwnd>46 cwnd_min>41 cwnd_max>46 throughput_kbps>14120.396 goodput_kbps>13724.433 retrans>0 total_retrans>0 bytes_acked>10396489
18:37:43.405953 TCPINFO flow>1 window>0.119 samples>134 rtt_avg_us>31750 rtt_min_us>31649 rtt_max_us>32009 cwnd>38 cwnd_min>37 cwnd_max>39 throughput_kbps>12607.678 goodput_kbps>12676.326 retrans>0 total_retrans>0 bytes_acked>47899017
18:37:43.425378 TCPINFO flow>2 window>0.200 samples>3 rtt_avg_us>31484 rtt_min_us>31484 rtt_max_us>31484 cwnd>75 cwnd_min>75 cwnd_max>75 throughput_kbps>0.000 goodput_kbps>0.000 retrans>0 total_retrans>0 bytes_acked>30008353
18:37:43.495808 TCPINFO flow>10 window>0.127 samples>206 rtt_avg_us>31797 rtt_min_us>31550 rtt_max_us>32152 cwnd>57 cwnd_min>54 cwnd_max>57 throughput_kbps>18238.764 goodput_kbps>18073.685 retrans>0 total_retrans>0 bytes_acked>4424089
18:37:43.517474 TCPINFO flow>3 window>0.130 samples>177 rtt_avg_us>31693 rtt_min_us>31663 rtt_max_us>31757 cwnd>47 cwnd_min>46 cwnd_max>48 throughput_kbps>15693.295 goodput_kbps>15693.295 retrans>0 total_retrans>0 bytes_acked>10652121
18:37:43.525383 TCPINFO flow>2 window>0.100 samples>2 rtt_avg_us>31484 rtt_min_us>31484 rtt_max_us>31484 cwnd>75 cwnd_min>75 cwnd_max>75 throughput_kbps>0.000 goodput_kbps>0.000 retrans>0 total_retrans>0 bytes_acked>30008353
18:37:43.525849 TCPINFO flow>1 window>0.120 samples>134 rtt_avg_us>31918 rtt_min_us>31770 rtt_max_us>32009 cwnd>40 cwnd_min>38 cwnd_max>40 throughput_kbps>12925.869 goodput_kbps>12480.149 retrans>0 total_retrans>0 bytes_acked>48086057
18:37:43.613946 TCPINFO flow>10 window>0.118 samples>195 rtt_avg_us>31457 rtt_min_us>31299 rtt_max_us>31593 cwnd>59 cwnd_min>57 cwnd_max>59 throughput_kbps>19451.150 goodput_kbps>19089.268 retrans>0 total_retrans>0 bytes_acked>4705985
18:37:43.625380 TCPINFO flow>3 window>0.108 samples>221 rtt_avg_us>31680 rtt_min_us>31579 rtt_max_us>31750 cwnd>48 cwnd_min>46 cwnd_max>48 throughput_kbps>15847.868 goodput_kbps>15649.769 retrans>0 total_retrans>0 bytes_acked>10863209
18:37:43.625387 TCPINFO flow>2 window>0.100 samples>2 rtt_avg_us>31484 rtt_min_us>31484 rtt_max_us>31484 cwnd>75 cwnd_min>75 cwnd_max>75 throughput_kbps>0.000 goodput_kbps>0.000 retrans>0 total_retrans>0 bytes_acked>30008353
18:37:43.625850 TCPINFO flow>1 window>0.100 samples>134 rtt_avg_us>32049 rtt_min_us>31729 rtt_max_us>32137 cwnd>42 cwnd_min>40 cwnd_max>42 throughput_kbps>13787.382 goodput_kbps>13573.624 retrans>0 total_retrans>0 bytes_acked>48255729
18:37:43.725347 TCPINFO flow>10 window>0.111 samples>199 rtt_avg_us>31572 rtt_min_us>31321 rtt_max_us>31709 cwnd>61 cwnd_min>59 cwnd_max>61 throughput_kbps>19955.871 goodput_kbps>19859.929 retrans>0 total_retrans>0 bytes_acked>4982537
18:37:43.725409 TCPINFO flow>3 window>0.100 samples>90 rtt_avg_us>31858 rtt_min_us>31663 rtt_max_us>31987 cwnd>47 cwnd_min>45 cwnd_max>48 throughput_kbps>15279.409 goodput_kbps>15279.409 retrans>0 total_retrans>0 bytes_acked>11054257
18:37:43.725414 TCPINFO flow>2 window>0.100 samples>2 rtt_avg_us>31484 rtt_min_us>31484 rtt_max_us>31484 cwnd>75 cwnd_min>75 cwnd_max>75 throughput_kbps>0.000 goodput_kbps>0.000 retrans>0 total_retrans>0 bytes_acked>30008353
18:37:43.753384 TCPINFO flow>1 window>0.128 samples>135 rtt_avg_us>31781 rtt_min_us>31729 rtt_max_us>31977 cwnd>44 cwnd_min>41 cwnd_max>44 throughput_kbps>14246.868 goodput_kbps>14163.062 retrans>0 total_retrans>0 bytes_acked>48481513
18:37:43.825437 TCPINFO flow>3 window>0.100 samples>165 rtt_avg_us>31604 rtt_min_us>31513 rtt_max_us>31821 cwnd>48 cwnd_min>47 cwnd_max>48 throughput_kbps>16134.362 goodput_kbps>16027.512 retrans>0 total_retrans>0 bytes_acked>11254657
18:37:43.833855 TCPINFO flow>10 window>0.109 samples>196 rtt_avg_us>31642 rtt_min_us>31486 rtt_max_us>31765 cwnd>63 cwnd_min>61 cwnd_max>63 throughput_kbps>21078.925 goodput_kbps>20881.926 retrans>0 total_retrans>0 bytes_acked>5265769
18:37:43.882554 TCPINFO flow>1 window>0.129 samples>167 rtt_avg_us>31870 rtt_min_us>31776 rtt_max_us>32054 cwnd>46 cwnd_min>43 cwnd_max>46 throughput_kbps>15142.092 goodput_kbps>15059.348 retrans>0 total_retrans>0 bytes_acked>48724665
18:37:43.925381 TCPINFO flow>2 window>0.200 samples>3 rtt_avg_us>31484 rtt_min_us>31484 rtt_max_us>31484 cwnd>75 cwnd_min>75 cwnd_max>75 throughput_kbps>0.000 goodput_kbps>0.000 retrans>0 total_retrans>0 bytes_acked>30008353
18:37:43.933867 TCPINFO flow>10 window>0.100 samples>190 rtt_avg_us>31602 rtt_min_us>31404 rtt_max_us>31902 cwnd>64 cwnd_min>63 cwnd_max>64 throughput_kbps>21229.452 goodput_kbps>21159.701 retrans>0 total_retrans>0 bytes_acked>5530297
18:37:43.951210 TCPINFO flow>3 window>0.126 samples>121 rtt_avg_us>31598 rtt_min_us>31493 rtt_max_us>32417 cwnd>48 cwnd_min>48 cwnd_max>50 throughput_kbps>15611.109 goodput_kbps>16205.958 retrans>0 total_retrans>0 bytes_acked>11509441
18:37:44.003855 TCPINFO flow>1 window>0.121 samples>144 rtt_avg_us>31726 rtt_min_us>31616 rtt_max_us>36344 cwnd>45 cwnd_min>45 cwnd_max>46 throughput_kbps>13085.861 goodput_kbps>13526.418 retrans>0 total_retrans>0 bytes_acked>48929761
18:37:44.033950 TCPINFO flow>10 window>0.100 samples>194 rtt_avg_us>31752 rtt_min_us>31502 rtt_max_us>32971 cwnd>65 cwnd_min>64 cwnd_max>65 throughput_kbps>20720.082 goodput_kbps>20576.202 retrans>0 total_retrans>0 bytes_acked>5787713
18:37:44.117658 TCPINFO flow>3 window>0.166 samples>212 rtt_avg_us>31975 rtt_min_us>31595 rtt_max_us>34872 cwnd>43 cwnd_min>43 cwnd_max>48 throughput_kbps>14443.141 goodput_kbps>14635.778 retrans>0 total_retrans>0 bytes_acked>11813953
18:37:44.125292 TCPINFO flow>2 window>0.200 samples>3 rtt_avg_us>31484 rtt_min_us>31484 rtt_max_us>31484 cwnd>75 cwnd_min>75 cwnd_max>75 throughput_kbps>53.464 goodput_kbps>0.000 retrans>0 total_retrans>0 bytes_acked>30008353
18:37:44.125845 TCPINFO flow>1 window>0.122 samples>178 rtt_avg_us>34376 rtt_min_us>32832 rtt_max_us>36643 cwnd>44 cwnd_min>44 cwnd_max>45 throughput_kbps>13612.132 goodput_kbps>14313.042 retrans>0 total_retrans>0 bytes_acked>49148017
18:37:44.156287 TCPINFO flow>10 window>0.122 samples>185 rtt_avg_us>32316 rtt_min_us>31563 rtt_max_us>34464 cwnd>60 cwnd_min>60 cwnd_max>65 throughput_kbps>18947.269 goodput_kbps>19296.730 retrans>0 total_retrans>0 bytes_acked>6082801
18:37:44.217731 TCPINFO flow>3 window>0.100 samples>182 rtt_avg_us>34140 rtt_min_us>32947 rtt_max_us>34872 cwnd>38 cwnd_min>38 cwnd_max>43 throughput_kbps>12791.942 goodput_kbps>12923.046 retrans>0 total_retrans>0 bytes_acked>11975609
18:37:44.225383 TCPINFO flow>2 window>0.100 samples>360 rtt_avg_us>32172 rtt_min_us>31484 rtt_max_us>33703 cwnd>69 cwnd_min>69 cwnd_max>75 throughput_kbps>23253.080 goodput_kbps>16312.196 retrans>0 total_retrans>0 bytes_acked>30212441
18:37:44.225848 TCPINFO flow>1 window>0.100 samples>164 rtt_avg_us>32272 rtt_min_us>31948 rtt_max_us>33483 cwnd>38 cwnd_min>38 cwnd_max>44 throughput_kbps>13038.969 goodput_kbps>12611.462 retrans>0 total_retrans>0 bytes_acked>49305665
18:37:44.256352 TCPINFO flow>10 window>0.100 samples>175 rtt_avg_us>32743 rtt_min_us>31500 rtt_max_us>33926 cwnd>50 cwnd_min>50 cwnd_max>61 throughput_kbps>17048.758 goodput_kbps>18327.927 retrans>0 total_retrans>0 bytes_acked>6312049
18:37:44.325374 TCPINFO flow>3 window>0.108 samples>46 rtt_avg_us>33915 rtt_min_us>31743 rtt_max_us>34150 cwnd>28 cwnd_min>28 cwnd_max>38 throughput_kbps>10199.047 goodput_kbps>11197.310 retrans>0 total_retrans>0 bytes_acked>12126273
18:37:44.342253 TCPINFO flow>2 window>0.117 samples>134 rtt_avg_us>31865 rtt_min_us>31306 rtt_max_us>33188 cwnd>48 cwnd_min>48 cwnd_max>69 throughput_kbps>17406.554 goodput_kbps>19256.952 retrans>0 total_retrans>0 bytes_acked>30493761
18:37:44.411271 TCPINFO flow>10 window>0.155 samples>181 rtt_avg_us>31767 rtt_min_us>31500 rtt_max_us>32456 cwnd>33 cwnd_min>33 cwnd_max>50 throughput_kbps>12441.495 goodput_kbps>13549.068 retrans>0 total_retrans>0 bytes_acked>6574425
18:37:44.425377 TCPINFO flow>3 window>0.100 samples>90 rtt_avg_us>31666 rtt_min_us>31644 rtt_max_us>32212 cwnd>24 cwnd_min>24 cwnd_max>28 throughput_kbps>7999.760 goodput_kbps>8397.188 retrans>0 total_retrans>0 bytes_acked>12231241
18:37:44.425868 TCPINFO flow>1 window>0.200 samples>133 rtt_avg_us>31836 rtt_min_us>31572 rtt_max_us>33483 cwnd>27 cwnd_min>27 cwnd_max>38 throughput_kbps>8922.308 goodput_kbps>9487.371 retrans>0 total_retrans>0 bytes_acked>49542873
18:37:44.442276 TCPINFO flow>2 window>0.100 samples>186 rtt_avg_us>31637 rtt_min_us>31490 rtt_max_us>31817 cwnd>41 cwnd_min>41 cwnd_max>48 throughput_kbps>15173.470 goodput_kbps>15682.793 retrans>0 total_retrans>0 bytes_acked>30689841
18:37:44.511353 TCPINFO flow>10 window>0.100 samples>152 rtt_avg_us>31888 rtt_min_us>31647 rtt_max_us>32275 cwnd>35 cwnd_min>33 cwnd_max>36 throughput_kbps>11319.998 goodput_kbps>10889.631 retrans>0 total_retrans>0 bytes_acked>6710657
18:37:44.525382 TCPINFO flow>3 window>0.100 samples>36 rtt_avg_us>32562 rtt_min_us>32212 rtt_max_us>32590 cwnd>24 cwnd_min>24 cwnd_max>25 throughput_kbps>8229.349 goodput_kbps>8122.474 retrans>0 total_retrans>0 bytes_acked>12332777
18:37:44.551064 TCPINFO flow>2 window>0.109 samples>82 rtt_avg_us>31710 rtt_min_us>31598 rtt_max_us>32109 cwnd>37 cwnd_min>37 cwnd_max>42 throughput_kbps>12575.505 goodput_kbps>13066.735 retrans>0 total_retrans>0 bytes_acked>30867529
18:37:44.625347 TCPINFO flow>10 window>0.114 samples>115 rtt_avg_us>31868 rtt_min_us>31706 rtt_max_us>32324 cwnd>36 cwnd_min>33 cwnd_max>36 throughput_kbps>11719.915 goodput_kbps>11626.156 retrans>0 total_retrans>0 bytes_acked>6876321
18:37:44.625386 TCPINFO flow>3 window>0.100 samples>2 rtt_avg_us>32502 rtt_min_us>32466 rtt_max_us>32539 cwnd>23 cwnd_min>23 cwnd_max>24 throughput_kbps>7801.928 goodput_kbps>7908.804 retrans>0 total_retrans>0 bytes_acked>12431641
18:37:44.625848 TCPINFO flow>1 window>0.200 samples>85 rtt_avg_us>32071 rtt_min_us>32034 rtt_max_us>32341 cwnd>28 cwnd_min>27 cwnd_max>29 throughput_kbps>8936.574 goodput_kbps>8852.405 retrans>0 total_retrans>0 bytes_acked>49764161
18:37:44.679313 TCPINFO flow>2 window>0.128 samples>134 rtt_avg_us>32027 rtt_min_us>31853 rtt_max_us>32116 cwnd>38 cwnd_min>36 cwnd_max>38 throughput_kbps>12250.669 goodput_kbps>12167.331 retrans>0 total_retrans>0 bytes_acked>31062585
18:37:44.725849 TCPINFO flow>1 window>0.100 samples>2 rtt_avg_us>32198 rtt_min_us>32104 rtt_max_us>32291 cwnd>31 cwnd_min>28 cwnd_max>31 throughput_kbps>9617.824 goodput_kbps>9367.586 retrans>0 total_retrans>0 bytes_acked>49881257
18:37:44.779380 TCPINFO flow>2 window>0.100 samples>136 rtt_avg_us>31866 rtt_min_us>31681 rtt_max_us>31970 cwnd>42 cwnd_min>38 cwnd_max>42 throughput_kbps>13564.672 goodput_kbps>13030.629 retrans>0 total_retrans>0 bytes_acked>31225577
18:37:44.781395 TCPINFO flow>10 window>0.156 samples>113 rtt_avg_us>31777 rtt_min_us>31677 rtt_max_us>32157 cwnd>41 cwnd_min>36 cwnd_max>41 throughput_kbps>13055.265 goodput_kbps>12876.448 retrans>0 total_retrans>0 bytes_acked>7127489
18:37:44.825376 TCPINFO flow>3 window>0.200 samples>3 rtt_avg_us>32570 rtt_min_us>32466 rtt_max_us>32622 cwnd>25 cwnd_min>23 cwnd_max>25 throughput_kbps>1698.005 goodput_kbps>2873.744 retrans>0 total_retrans>0 bytes_acked>12503481
18:37:44.825853 TCPINFO flow>1 window>0.100 samples>2 rtt_avg_us>32194 rtt_min_us>32096 rtt_max_us>32291 cwnd>34 cwnd_min>31 cwnd_max>34 throughput_kbps>7583.697 goodput_kbps>10189.672 retrans>0 total_retrans>0 bytes_acked>50008633
18:37:44.879385 TCPINFO flow>2 window>0.100 samples>138 rtt_avg_us>31937 rtt_min_us>31682 rtt_max_us>32454 cwnd>43 cwnd_min>42 cwnd_max>44 throughput_kbps>13820.109 goodput_kbps>14058.817 retrans>0 total_retrans>0 bytes_acked>31401321
18:37:44.881452 TCPINFO flow>10 window>0.100 samples>167 rtt_avg_us>31806 rtt_min_us>31585 rtt_max_us>32240 cwnd>42 cwnd_min>41 cwnd_max>42 throughput_kbps>13687.558 goodput_kbps>13490.550 retrans>0 total_retrans>0 bytes_acked>7296217
18:37:44.986147 TCPINFO flow>2 window>0.107 samples>90 rtt_avg_us>31995 rtt_min_us>31480 rtt_max_us>32275 cwnd>46 cwnd_min>43 cwnd_max>46 throughput_kbps>14889.493 goodput_kbps>14523.220 retrans>0 total_retrans>0 bytes_acked>31595137
18:37:45.015383 TCPINFO flow>10 window>0.134 samples>115 rtt_avg_us>31892 rtt_min_us>31486 rtt_max_us>32051 cwnd>46 cwnd_min>42 cwnd_max>46 throughput_kbps>14716.593 goodput_kbps>14452.337 retrans>0 total_retrans>0 bytes_acked>7538169
18:37:45.025378 TCPINFO flow>3 window>0.200 samples>3 rtt_avg_us>32622 rtt_min_us>32622 rtt_max_us>32622 cwnd>25 cwnd_min>25 cwnd_max>25 throughput_kbps>0.000 goodput_kbps>0.000 retrans>0 total_retrans>0 bytes_acked>12503481
18:37:45.025849 TCPINFO flow>1 window>0.200 samples>3 rtt_avg_us>32100 rtt_min_us>32096 rtt_max_us>32102 cwnd>34 cwnd_min>34 cwnd_max>34 throughput_kbps>0.000 goodput_kbps>211.524 retrans>0 total_retrans>0 bytes_acked>50013921
18:37:45.086189 TCPINFO flow>2 window>0.100 samples>150 rtt_avg_us>31454 rtt_min_us>31399 rtt_max_us>31667 cwnd>49 cwnd_min>46 cwnd_max>49 throughput_kbps>15816.717 goodput_kbps>15434.797 retrans>0 total_retrans>0 bytes_acked>31788153
18:37:45.125339 TCPINFO flow>10 window>0.110 samples>172 rtt_avg_us>31718 rtt_min_us>31453 rtt_max_us>32093 cwnd>50 cwnd_min>46 cwnd_max>50 throughput_kbps>15941.213 goodput_kbps>15529.703 retrans>0 total_retrans>0 bytes_acked>7751617
18:37:45.125381 TCPINFO flow>3 window>0.100 samples>4 rtt_avg_us>32622 rtt_min_us>32622 rtt_max_us>32622 cwnd>25 cwnd_min>25 cwnd_max>25 throughput_kbps>106.877 goodput_kbps>0.000 retrans>0 total_retrans>0 bytes_acked>12503481
18:37:45.125865 TCPINFO flow>1 window>0.100 samples>8 rtt_avg_us>32102 rtt_min_us>32102 rtt_max_us>32102 cwnd>34 cwnd_min>34 cwnd_max>34 throughput_kbps>213.726 goodput_kbps>0.000 retrans>0 total_retrans>0 bytes_acked>50013921
18:37:45.186276 TCPINFO flow>2 window>0.100 samples>211 rtt_avg_us>31576 rtt_min_us>31458 rtt_max_us>31759 cwnd>50 cwnd_min>48 cwnd_max>51 throughput_kbps>16589.087 goodput_kbps>16445.213 retrans>0 total_retrans>0 bytes_acked>31993897
18:37:45.225347 TCPINFO flow>10 window>0.100 samples>170 rtt_avg_us>31639 rtt_min_us>31474 rtt_max_us>31973 cwnd>50 cwnd_min>50 cwnd_max>51 throughput_kbps>16136.309 goodput_kbps>16436.445 retrans>0 total_retrans>0 bytes_acked>7957089
18:37:45.225394 TCPINFO flow>3 window>0.100 samples>214 rtt_avg_us>32620 rtt_min_us>32166 rtt_max_us>32622 cwnd>24 cwnd_min>24 cwnd_max>25 throughput_kbps>7956.086 goodput_kbps>5675.422 retrans>0 total_retrans>0 bytes_acked>12574433
18:37:45.268580 TCPINFO flow>1 window>0.143 samples>305 rtt_avg_us>32102 rtt_min_us>31911 rtt_max_us>32144 cwnd>36 cwnd_min>34 cwnd_max>36 throughput_kbps>11251.067 goodput_kbps>8946.950 retrans>0 total_retrans>0 bytes_acked>50173529
18:37:45.325380 TCPINFO flow>2 window>0.139 samples>117 rtt_avg_us>31562 rtt_min_us>31458 rtt_max_us>31788 cwnd>48 cwnd_min>48 cwnd_max>50 throughput_kbps>16092.938 goodput_kbps>16119.623 retrans>0 total_retrans>0 bytes_acked>32274185
18:37:45.328557 TCPINFO flow>10 window>0.103 samples>91 rtt_avg_us>31590 rtt_min_us>31438 rtt_max_us>31973 cwnd>49 cwnd_min>49 cwnd_max>50 throughput_kbps>16536.072 goodput_kbps>16245.248 retrans>0 total_retrans>0 bytes_acked>8166673
18:37:45.395415 TCPINFO flow>3 window>0.170 samples>87 rtt_avg_us>32099 rtt_min_us>31817 rtt_max_us>32326 cwnd>25 cwnd_min>24 cwnd_max>26 throughput_kbps>8029.126 goodput_kbps>7960.993 retrans>0 total_retrans>0 bytes_acked>12743625
18:37:45.425846 TCPINFO flow>1 window>0.157 samples>159 rtt_avg_us>31959 rtt_min_us>31516 rtt_max_us>32281 cwnd>34 cwnd_min>34 cwnd_max>36 throughput_kbps>10798.927 goodput_kbps>10890.084 retrans>0 total_retrans>0 bytes_acked>50387609
18:37:45.453948 TCPINFO flow>10 window>0.125 samples>177 rtt_avg_us>31645 rtt_min_us>31444 rtt_max_us>31900 cwnd>49 cwnd_min>48 cwnd_max>49 throughput_kbps>16396.201 goodput_kbps>16396.201 retrans>0 total_retrans>0 bytes_acked>8423665
18:37:45.520884 TCPINFO flow>3 window>0.125 samples>89 rtt_avg_us>31859 rtt_min_us>31779 rtt_max_us>31996 cwnd>28 cwnd_min>25 cwnd_max>28 throughput_kbps>8358.782 goodput_kbps>8188.413 retrans>0 total_retrans>0 bytes_acked>12872049
18:37:45.525381 TCPINFO flow>2 window>0.200 samples>3 rtt_avg_us>31583 rtt_min_us>31543 rtt_max_us>31662 cwnd>47 cwnd_min>46 cwnd_max>48 throughput_kbps>6829.406 goodput_kbps>9394.513 retrans>0 total_retrans>0 bytes_acked>32509049
18:37:45.570912 TCPINFO flow>1 window>0.145 samples>135 rtt_avg_us>31927 rtt_min_us>31767 rtt_max_us>32320 cwnd>37 cwnd_min>33 cwnd_max>37 throughput_kbps>11290.640 goodput_kbps>11271.669 retrans>0 total_retrans>0 bytes_acked>50592001
18:37:45.574734 TCPINFO flow>10 window>0.121 samples>177 rtt_avg_us>31777 rtt_min_us>31559 rtt_max_us>31997 cwnd>53 cwnd_min>49 cwnd_max>53 throughput_kbps>17166.493 goodput_kbps>16989.519 retrans>0 total_retrans>0 bytes_acked>8680177
18:37:45.625377 TCPINFO flow>3 window>0.104 samples>108 rtt_avg_us>32018 rtt_min_us>31996 rtt_max_us>32103 cwnd>31 cwnd_min>28 cwnd_max>31 throughput_kbps>9590.843 goodput_kbps>9225.192 retrans>0 total_retrans>0 bytes_acked>12992545
18:37:45.625443 TCPINFO flow>2 window>0.100 samples>2 rtt_avg_us>31544 rtt_min_us>31544 rtt_max_us>31544 cwnd>47 cwnd_min>47 cwnd_max>47 throughput_kbps>0.000 goodput_kbps>0.000 retrans>0 total_retrans>0 bytes_acked>32509049
18:37:45.688942 TCPINFO flow>10 window>0.114 samples>171 rtt_avg_us>31614 rtt_min_us>31449 rtt_max_us>31728 cwnd>55 cwnd_min>53 cwnd_max>55 throughput_kbps>17697.955 goodput_kbps>17572.429 retrans>0 total_retrans>0 bytes_acked>8931041
18:37:45.717039 TCPINFO flow>1 window>0.146 samples>154 rtt_avg_us>31851 rtt_min_us>31731 rtt_max_us>32108 cwnd>40 cwnd_min>37 cwnd_max>40 throughput_kbps>12946.109 goodput_kbps>12410.903 retrans>0 total_retrans>0 bytes_acked>50818697
18:37:45.725394 TCPINFO flow>3 window>0.100 samples>90 rtt_avg_us>32028 rtt_min_us>31885 rtt_max_us>32103 cwnd>34 cwnd_min>31 cwnd_max>34 throughput_kbps>10789.846 goodput_kbps>10255.537 retrans>0 total_retrans>0 bytes_acked>13120761
18:37:45.800809 TCPINFO flow>10 window>0.112 samples>172 rtt_avg_us>31614 rtt_min_us>31477 rtt_max_us>31772 cwnd>57 cwnd_min>55 cwnd_max>57 throughput_kbps>18344.069 goodput_kbps>17898.969 retrans>0 total_retrans>0 bytes_acked>9181329
18:37:45.825376 TCPINFO flow>2 window>0.200 samples>3 rtt_avg_us>31544 rtt_min_us>31544 rtt_max_us>31544 cwnd>47 cwnd_min>47 cwnd_max>47 throughput_kbps>0.000 goodput_kbps>0.000 retrans>0 total_retrans>0 bytes_acked>32509049
18:37:45.825849 TCPINFO flow>1 window>0.109 samples>134 rtt_avg_us>32132 rtt_min_us>31718 rtt_max_us>32189 cwnd>40 cwnd_min>40 cwnd_max>40 throughput_kbps>12555.317 goodput_kbps>12691.775 retrans>0 total_retrans>0 bytes_acked>50991321
18:37:45.875478 TCPINFO flow>3 window>0.150 samples>124 rtt_avg_us>32209 rtt_min_us>31748 rtt_max_us>32276 cwnd>37 cwnd_min>34 cwnd_max>37 throughput_kbps>11774.953 goodput_kbps>11679.006 retrans>0 total_retrans>0 bytes_acked>13339865
18:37:45.908039 TCPINFO flow>10 window>0.107 samples>177 rtt_avg_us>31557 rtt_min_us>31407 rtt_max_us>31776 cwnd>57 cwnd_min>56 cwnd_max>57 throughput_kbps>18818.017 goodput_kbps>19017.365 retrans>0 total_retrans>0 bytes_acked>9436233
18:37:45.925850 TCPINFO flow>1 window>0.100 samples>133 rtt_avg_us>31486 rtt_min_us>31348 rtt_max_us>31833 cwnd>41 cwnd_min>39 cwnd_max>41 throughput_kbps>13146.109 goodput_kbps>12783.872 retrans>0 total_retrans>0 bytes_acked>51151121
18:37:46.019060 TCPINFO flow>10 window>0.111 samples>180 rtt_avg_us>31604 rtt_min_us>31439 rtt_max_us>31776 cwnd>59 cwnd_min>57 cwnd_max>59 throughput_kbps>19156.016 goodput_kbps>19061.475 retrans>0 total_retrans>0 bytes_acked>9700761
18:37:46.025371 TCPINFO flow>3 window>0.150 samples>177 rtt_avg_us>33564 rtt_min_us>31552 rtt_max_us>36378 cwnd>39 cwnd_min>37 cwnd_max>39 throughput_kbps>11005.184 goodput_kbps>10816.035 retrans>0 total_retrans>0 bytes_acked>13542521
18:37:46.025377 TCPINFO flow>2 window>0.200 samples>3 rtt_avg_us>31544 rtt_min_us>31544 rtt_max_us>31544 cwnd>47 cwnd_min>47 cwnd_max>47 throughput_kbps>0.000 goodput_kbps>0.000 retrans>0 total_retrans>0 bytes_acked>32509049
18:37:46.025859 TCPINFO flow>1 window>0.100 samples>139 rtt_avg_us>31707 rtt_min_us>31446 rtt_max_us>31833 cwnd>41 cwnd_min>40 cwnd_max>41 throughput_kbps>13679.409 goodput_kbps>13786.279 retrans>0 total_retrans>0 bytes_acked>51323465
18:37:46.120052 TCPINFO flow>10 window>0.101 samples>170 rtt_avg_us>31633 rtt_min_us>31444 rtt_max_us>31791 cwnd>58 cwnd_min>58 cwnd_max>59 throughput_kbps>19451.838 goodput_kbps>19392.269 retrans>0 total_retrans>0 bytes_acked>9945569
18:37:46.125454 TCPINFO flow>2 window>0.100 samples>5 rtt_avg_us>31544 rtt_min_us>31544 rtt_max_us>31544 cwnd>47 cwnd_min>47 cwnd_max>47 throughput_kbps>106.798 goodput_kbps>0.000 retrans>0 total_retrans>0 bytes_acked>32509049
18:37:46.140134 TCPINFO flow>3 window>0.115 samples>91 rtt_avg_us>31846 rtt_min_us>31552 rtt_max_us>32014 cwnd>39 cwnd_min>39 cwnd_max>40 throughput_kbps>12945.218 goodput_kbps>12852.086 retrans>0 total_retrans>0 bytes_acked>13726889
18:37:46.210735 TCPINFO flow>1 window>0.185 samples>157 rtt_avg_us>31542 rtt_min_us>31440 rtt_max_us>32084 cwnd>39 cwnd_min>39 cwnd_max>41 throughput_kbps>13024.254 goodput_kbps>13181.073 retrans>0 total_retrans>0 bytes_acked>51628073
18:37:46.224904 TCPINFO flow>10 window>0.105 samples>174 rtt_avg_us>31786 rtt_min_us>31501 rtt_max_us>32002 cwnd>57 cwnd_min>57 cwnd_max>58 throughput_kbps>19123.336 goodput_kbps>19144.089 retrans>0 total_retrans>0 bytes_acked>10196481
18:37:46.245736 TCPINFO flow>2 window>0.120 samples>278 rtt_avg_us>31545 rtt_min_us>31544 rtt_max_us>31667 cwnd>44 cwnd_min>44 cwnd_max>47 throughput_kbps>15247.369 goodput_kbps>11604.197 retrans>0 total_retrans>0 bytes_acked>32683521
18:37:46.276745 SHUTDOWN flow>10 srcPort>38015 dst>fd00:6::2/5403 
18:37:46.325372 TCPINFO flow>3 window>0.185 samples>207 rtt_avg_us>31682 rtt_min_us>31490 rtt_max_us>32051 cwnd>36 cwnd_min>36 cwnd_max>39 throughput_kbps>12283.614 goodput_kbps>12648.118 retrans>0 total_retrans>0 bytes_acked>14019753
18:37:46.325848 TCPINFO flow>1 window>0.115 samples>134 rtt_avg_us>31752 rtt_min_us>31583 rtt_max_us>32084 cwnd>34 cwnd_min>34 cwnd_max>39 throughput_kbps>11448.646 goodput_kbps>12085.794 retrans>0 total_retrans>0 bytes_acked>51801977
18:37:46.352335 OFF flow>10 srcPort>38015 dst>fd00:6::2/5403 
18:37:46.356688 TCPINFO flow>2 window>0.111 samples>134 rtt_avg_us>31565 rtt_min_us>31373 rtt_max_us>32297 cwnd>40 cwnd_min>39 cwnd_max>44 throughput_kbps>13006.850 goodput_kbps>13295.840 retrans>0 total_retrans>0 bytes_acked>32867921
18:37:46.425437 TCPINFO flow>3 window>0.100 samples>117 rtt_avg_us>31757 rtt_min_us>31562 rtt_max_us>32051 cwnd>37 cwnd_min>36 cwnd_max>37 throughput_kbps>11903.942 goodput_kbps>11549.613 retrans>0 total_retrans>0 bytes_acked>14164217
18:37:46.425855 TCPINFO flow>1 window>0.100 samples>138 rtt_avg_us>31621 rtt_min_us>31473 rtt_max_us>32007 cwnd>32 cwnd_min>32 cwnd_max>35 throughput_kbps>10830.602 goodput_kbps>10662.294 retrans>0 total_retrans>0 bytes_acked>51935265
18:37:46.478640 TCPINFO flow>2 window>0.122 samples>134 rtt_avg_us>32116 rtt_min_us>31770 rtt_max_us>32303 cwnd>36 cwnd_min>36 cwnd_max>40 throughput_kbps>12006.822 goodput_kbps>12445.028 retrans>0 total_retrans>0 bytes_acked>33057633
18:37:46.583086 TCPINFO flow>2 window>0.104 samples>106 rtt_avg_us>32127 rtt_min_us>31934 rtt_max_us>32385 cwnd>37 cwnd_min>36 cwnd_max>37 throughput_kbps>11665.665 goodput_kbps>11767.995 retrans>0 total_retrans>0 bytes_acked>33211273
18:37:46.587267 TCPINFO flow>3 window>0.162 samples>155 rtt_avg_us>31708 rtt_min_us>31585 rtt_max_us>32139 cwnd>40 cwnd_min>37 cwnd_max>40 throughput_kbps>12600.680 goodput_kbps>12468.590 retrans>0 total_retrans>0 bytes_acked>14416441
18:37:46.625849 TCPINFO flow>1 window>0.200 samples>140 rtt_avg_us>32006 rtt_min_us>31812 rtt_max_us>32176 cwnd>34 cwnd_min>32 cwnd_max>34 throughput_kbps>10845.765 goodput_kbps>10738.882 retrans>0 total_retrans>0 bytes_acked>52203729
18:37:46.688350 TCPINFO flow>2 window>0.105 samples>109 rtt_avg_us>32119 rtt_min_us>31833 rtt_max_us>32385 cwnd>39 cwnd_min>36 cwnd_max>39 throughput_kbps>12491.260 goodput_kbps>12210.366 retrans>0 total_retrans>0 bytes_acked>33371937
18:37:46.725373 TCPINFO flow>3 window>0.138 samples>183 rtt_avg_us>32030 rtt_min_us>31762 rtt_max_us>32266 cwnd>44 cwnd_min>40 cwnd_max>44 throughput_kbps>14070.120 goodput_kbps>13734.146 retrans>0 total_retrans>0 bytes_acked>14653537
18:37:46.806384 TCPINFO flow>2 window>0.118 samples>133 rtt_avg_us>31994 rtt_min_us>31671 rtt_max_us>32241 cwnd>41 cwnd_min>39 cwnd_max>41 throughput_kbps>13022.959 goodput_kbps>12849.450 retrans>0 total_retrans>0 bytes_acked>33561521
18:37:46.825385 TCPINFO flow>3 window>0.100 samples>96 rtt_avg_us>31950 rtt_min_us>31748 rtt_max_us>32018 cwnd>46 cwnd_min>44 cwnd_max>46 throughput_kbps>15068.272 goodput_kbps>14677.279 retrans>0 total_retrans>0 bytes_acked>14837025
18:37:46.825856 TCPINFO flow>1 window>0.200 samples>11 rtt_avg_us>32062 rtt_min_us>32032 rtt_max_us>32226 cwnd>39 cwnd_min>34 cwnd_max>39 throughput_kbps>10618.188 goodput_kbps>11848.545 retrans>0 total_retrans>0 bytes_acked>52499953
18:37:46.922492 TCPINFO flow>2 window>0.116 samples>134 rtt_avg_us>31666 rtt_min_us>31578 rtt_max_us>31823 cwnd>45 cwnd_min>41 cwnd_max>45 throughput_kbps>14176.043 goodput_kbps>13686.568 retrans>0 total_retrans>0 bytes_acked>33760161
18:37:46.925386 TCPINFO flow>3 window>0.100 samples>2 rtt_avg_us>31736 rtt_min_us>31630 rtt_max_us>31842 cwnd>49 cwnd_min>46 cwnd_max>49 throughput_kbps>8455.595 goodput_kbps>13372.026 retrans>0 total_retrans>0 bytes_acked>15004177
18:37:47.023690 TCPINFO flow>2 window>0.101 samples>134 rtt_avg_us>31748 rtt_min_us>31486 rtt_max_us>31823 cwnd>48 cwnd_min>45 cwnd_max>48 throughput_kbps>15736.596 goodput_kbps>15419.751 retrans>0 total_retrans>0 bytes_acked>33955217
18:37:47.025857 TCPINFO flow>1 window>0.200 samples>3 rtt_avg_us>32070 rtt_min_us>32059 rtt_max_us>32076 cwnd>39 cwnd_min>39 cwnd_max>39 throughput_kbps>0.000 goodput_kbps>586.557 retrans>0 total_retrans>0 bytes_acked>52514617
18:37:47.123783 TCPINFO flow>2 window>0.100 samples>173 rtt_avg_us>31583 rtt_min_us>31486 rtt_max_us>31745 cwnd>51 cwnd_min>48 cwnd_max>51 throughput_kbps>16337.446 goodput_kbps>16017.104 retrans>0 total_retrans>0 bytes_acked>34155617
18:37:47.125245 TCPINFO flow>3 window>0.200 samples>3 rtt_avg_us>31630 rtt_min_us>31630 rtt_max_us>31630 cwnd>49 cwnd_min>49 cwnd_max>49 throughput_kbps>53.478 goodput_kbps>0.000 retrans>0 total_retrans>0 bytes_acked>15004177
18:37:47.125892 TCPINFO flow>1 window>0.100 samples>9 rtt_avg_us>32076 rtt_min_us>32076 rtt_max_us>32076 cwnd>39 cwnd_min>39 cwnd_max>39 throughput_kbps>213.685 goodput_kbps>0.000 retrans>0 total_retrans>0 bytes_acked>52514617
18:37:47.225246 TCPINFO flow>3 window>0.100 samples>241 rtt_avg_us>31637 rtt_min_us>31630 rtt_max_us>31710 cwnd>50 cwnd_min>49 cwnd_max>50 throughput_kbps>16475.355 goodput_kbps>11547.405 retrans>0 total_retrans>0 bytes_acked>15148521
18:37:47.225384 TCPINFO flow>2 window>0.102 samples>211 rtt_avg_us>31626 rtt_min_us>31485 rtt_max_us>31820 cwnd>53 cwnd_min>51 cwnd_max>53 throughput_kbps>17672.897 goodput_kbps>17462.505 retrans>0 total_retrans>0 bytes_acked>34377393
18:37:47.273709 TCPINFO flow>1 window>0.148 samples>323 rtt_avg_us>32061 rtt_min_us>31680 rtt_max_us>32076 cwnd>39 cwnd_min>39 cwnd_max>39 throughput_kbps>12761.293 goodput_kbps>10247.482 retrans>0 total_retrans>0 bytes_acked>52703961
18:37:47.325371 TCPINFO flow>3 window>0.100 samples>196 rtt_avg_us>31586 rtt_min_us>31403 rtt_max_us>31792 cwnd>49 cwnd_min>49 cwnd_max>50 throughput_kbps>16309.853 goodput_kbps>16107.865 retrans>0 total_retrans>0 bytes_acked>15350121
18:37:47.376050 TCPINFO flow>2 window>0.151 samples>135 rtt_avg_us>31537 rtt_min_us>31295 rtt_max_us>31710 cwnd>53 cwnd_min>53 cwnd_max>54 throughput_kbps>17621.600 goodput_kbps>17550.662 retrans>0 total_retrans>0 bytes_acked>34707929
18:37:47.394626 TCPINFO flow>1 window>0.121 samples>134 rtt_avg_us>31769 rtt_min_us>31304 rtt_max_us>31966 cwnd>36 cwnd_min>36 cwnd_max>39 throughput_kbps>12299.081 goodput_kbps>12455.221 retrans>0 total_retrans>0 bytes_acked>52892217
18:37:47.425382 TCPINFO flow>3 window>0.100 samples>96 rtt_avg_us>31608 rtt_min_us>31403 rtt_max_us>31812 cwnd>49 cwnd_min>49 cwnd_max>50 throughput_kbps>16671.446 goodput_kbps>16671.446 retrans>0 total_retrans>0 bytes_acked>15558537
18:37:47.518849 TCPINFO flow>1 window>0.124 samples>133 rtt_avg_us>31792 rtt_min_us>31642 rtt_max_us>32001 cwnd>35 cwnd_min>35 cwnd_max>37 throughput_kbps>12217.512 goodput_kbps>12303.551 retrans>0 total_retrans>0 bytes_acked>53083265
18:37:47.525382 TCPINFO flow>2 window>0.149 samples>57 rtt_avg_us>31669 rtt_min_us>31474 rtt_max_us>31739 cwnd>50 cwnd_min>50 cwnd_max>53 throughput_kbps>12447.111 goodput_kbps>16091.287 retrans>0 total_retrans>0 bytes_acked>35008297
18:37:47.538354 TCPINFO flow>3 window>0.113 samples>135 rtt_avg_us>31587 rtt_min_us>31527 rtt_max_us>31719 cwnd>49 cwnd_min>48 cwnd_max>49 throughput_kbps>15969.975 goodput_kbps>16253.797 retrans>0 total_retrans>0 bytes_acked>15788065
18:37:47.625384 TCPINFO flow>2 window>0.100 samples>2 rtt_avg_us>33607 rtt_min_us>31739 rtt_max_us>35475 cwnd>51 cwnd_min>50 cwnd_max>51 throughput_kbps>0.000 goodput_kbps>115.838 retrans>0 total_retrans>0 bytes_acked>35009745
18:37:47.625841 TCPINFO flow>1 window>0.107 samples>134 rtt_avg_us>31685 rtt_min_us>31606 rtt_max_us>32045 cwnd>38 cwnd_min>35 cwnd_max>38 throughput_kbps>12287.124 goodput_kbps>11887.543 retrans>0 total_retrans>0 bytes_acked>53242249
18:37:47.692252 TCPINFO flow>3 window>0.154 samples>221 rtt_avg_us>31824 rtt_min_us>31566 rtt_max_us>32189 cwnd>53 cwnd_min>49 cwnd_max>53 throughput_kbps>17084.355 goodput_kbps>16806.560 retrans>0 total_retrans>0 bytes_acked>16111377
18:37:47.725385 TCPINFO flow>2 window>0.100 samples>2 rtt_avg_us>35475 rtt_min_us>35475 rtt_max_us>35475 cwnd>51 cwnd_min>51 cwnd_max>51 throughput_kbps>0.000 goodput_kbps>0.000 retrans>0 total_retrans>0 bytes_acked>35009745
18:37:47.725843 TCPINFO flow>1 window>0.100 samples>134 rtt_avg_us>31676 rtt_min_us>31602 rtt_max_us>32045 cwnd>41 cwnd_min>38 cwnd_max>41 throughput_kbps>13145.977 goodput_kbps>12825.343 retrans>0 total_retrans>0 bytes_acked>53402569
18:37:47.807751 TCPINFO flow>3 window>0.115 samples>177 rtt_avg_us>31568 rtt_min_us>31486 rtt_max_us>31681 cwnd>56 cwnd_min>53 cwnd_max>56 throughput_kbps>18600.057 goodput_kbps>18137.369 retrans>0 total_retrans>0 bytes_acked>16373233
18:37:47.825844 TCPINFO flow>1 window>0.100 samples>134 rtt_avg_us>31965 rtt_min_us>31737 rtt_max_us>32602 cwnd>43 cwnd_min>41 cwnd_max>43 throughput_kbps>14001.140 goodput_kbps>13894.261 retrans>0 total_retrans>0 bytes_acked>53576249
18:37:47.925381 TCPINFO flow>3 window>0.118 samples>222 rtt_avg_us>31571 rtt_min_us>31404 rtt_max_us>31780 cwnd>58 cwnd_min>56 cwnd_max>58 throughput_kbps>19171.708 goodput_kbps>18899.124 retrans>0 total_retrans>0 bytes_acked>16651121
18:37:47.925389 TCPINFO flow>2 window>0.200 samples>3 rtt_avg_us>35475 rtt_min_us>35475 rtt_max_us>35475 cwnd>51 cwnd_min>51 cwnd_max>51 throughput_kbps>0.000 goodput_kbps>0.000 retrans>0 total_retrans>0 bytes_acked>35009745
18:37:47.925851 TCPINFO flow>1 window>0.100 samples>134 rtt_avg_us>31556 rtt_min_us>31472 rtt_max_us>32061 cwnd>46 cwnd_min>43 cwnd_max>46 throughput_kbps>15069.025 goodput_kbps>14748.408 retrans>0 total_retrans>0 bytes_acked>53760617
18:37:48.025445 TCPINFO flow>3 window>0.100 samples>176 rtt_avg_us>31543 rtt_min_us>31487 rtt_max_us>31780 cwnd>61 cwnd_min>58 cwnd_max>61 throughput_kbps>20294.212 goodput_kbps>20080.588 retrans>0 total_retrans>0 bytes_acked>16902289
18:37:48.025877 TCPINFO flow>1 window>0.100 samples>134 rtt_avg_us>31775 rtt_min_us>31586 rtt_max_us>32068 cwnd>49 cwnd_min>46 cwnd_max>49 throughput_kbps>16027.833 goodput_kbps>15600.424 retrans>0 total_retrans>0 bytes_acked>53955673
18:37:48.125280 TCPINFO flow>2 window>0.200 samples>3 rtt_avg_us>35475 rtt_min_us>35475 rtt_max_us>35475 cwnd>51 cwnd_min>51 cwnd_max>51 throughput_kbps>53.469 goodput_kbps>0.000 retrans>0 total_retrans>0 bytes_acked>35009745
18:37:48.167299 TCPINFO flow>1 window>0.141 samples>135 rtt_avg_us>31908 rtt_min_us>31541 rtt_max_us>32081 cwnd>52 cwnd_min>49 cwnd_max>52 throughput_kbps>16928.851 goodput_kbps>16777.701 retrans>0 total_retrans>0 bytes_acked>54252265
18:37:48.168991 TCPINFO flow>3 window>0.144 samples>224 rtt_avg_us>31553 rtt_min_us>31475 rtt_max_us>31671 cwnd>65 cwnd_min>61 cwnd_max>65 throughput_kbps>21220.236 goodput_kbps>20922.408 retrans>0 total_retrans>0 bytes_acked>17277705
18:37:48.225374 TCPINFO flow>2 window>0.100 samples>276 rtt_avg_us>35461 rtt_min_us>31607 rtt_max_us>35475 cwnd>49 cwnd_min>49 cwnd_max>51 throughput_kbps>16550.842 goodput_kbps>11638.979 retrans>0 total_retrans>0 bytes_acked>35155369
18:37:48.267301 TCPINFO flow>1 window>0.100 samples>238 rtt_avg_us>31810 rtt_min_us>31491 rtt_max_us>31908 cwnd>52 cwnd_min>52 cwnd_max>53 throughput_kbps>17634.847 goodput_kbps>17634.847 retrans>0 total_retrans>0 bytes_acked>54472705
18:37:48.325376 TCPINFO flow>3 window>0.156 samples>47 rtt_avg_us>31629 rtt_min_us>31485 rtt_max_us>34967 cwnd>64 cwnd_min>64 cwnd_max>66 throughput_kbps>7246.935 goodput_kbps>11620.961 retrans>0 total_retrans>0 bytes_acked>17504873
18:37:48.325384 TCPINFO flow>2 window>0.100 samples>133 rtt_avg_us>31742 rtt_min_us>31324 rtt_max_us>32065 cwnd>48 cwnd_min>48 cwnd_max>49 throughput_kbps>16030.397 goodput_kbps>16030.397 retrans>0 total_retrans>0 bytes_acked>35355769
18:37:48.425384 TCPINFO flow>3 window>0.100 samples>2 rtt_avg_us>34967 rtt_min_us>34967 rtt_max_us>34967 cwnd>64 cwnd_min>64 cwnd_max>64 throughput_kbps>0.000 goodput_kbps>0.000 retrans>0 total_retrans>0 bytes_acked>17504873
18:37:48.425390 TCPINFO flow>2 window>0.100 samples>142 rtt_avg_us>31824 rtt_min_us>31716 rtt_max_us>31913 cwnd>51 cwnd_min>48 cwnd_max>51 throughput_kbps>16351.659 goodput_kbps>16458.532 retrans>0 total_retrans>0 bytes_acked>35561513
18:37:48.425875 TCPINFO flow>1 window>0.159 samples>100 rtt_avg_us>31536 rtt_min_us>31442 rtt_max_us>31634 cwnd>55 cwnd_min>52 cwnd_max>55 throughput_kbps>17670.286 goodput_kbps>17400.684 retrans>0 total_retrans>0 bytes_acked>54817617
18:37:48.525465 TCPINFO flow>2 window>0.100 samples>202 rtt_avg_us>31685 rtt_min_us>31475 rtt_max_us>31913 cwnd>52 cwnd_min>51 cwnd_max>52 throughput_kbps>17194.784 goodput_kbps>16874.384 retrans>0 total_retrans>0 bytes_acked>35772601
18:37:48.625381 TCPINFO flow>3 window>0.200 samples>3 rtt_avg_us>34967 rtt_min_us>34967 rtt_max_us>34967 cwnd>64 cwnd_min>64 cwnd_max>64 throughput_kbps>0.000 goodput_kbps>0.000 retrans>0 total_retrans>0 bytes_acked>17504873
18:37:48.625856 TCPINFO flow>1 window>0.200 samples>3 rtt_avg_us>31799 rtt_min_us>31634 rtt_max_us>31882 cwnd>56 cwnd_min>55 cwnd_max>56 throughput_kbps>4969.112 goodput_kbps>7908.591 retrans>0 total_retrans>0 bytes_acked>55015313
18:37:48.691486 TCPINFO flow>2 window>0.166 samples>191 rtt_avg_us>31444 rtt_min_us>31340 rtt_max_us>31550 cwnd>58 cwnd_min>52 cwnd_max>58 throughput_kbps>18605.068 goodput_kbps>18154.426 retrans>0 total_retrans>0 bytes_acked>36149353
18:37:48.725857 TCPINFO flow>1 window>0.100 samples>2 rtt_avg_us>31882 rtt_min_us>31882 rtt_max_us>31882 cwnd>56 cwnd_min>56 cwnd_max>56 throughput_kbps>0.000 goodput_kbps>0.000 retrans>0 total_retrans>0 bytes_acked>55015313
18:37:48.825372 TCPINFO flow>3 window>0.200 samples>3 rtt_avg_us>34967 rtt_min_us>34967 rtt_max_us>34967 cwnd>64 cwnd_min>64 cwnd_max>64 throughput_kbps>0.000 goodput_kbps>0.000 retrans>0 total_retrans>0 bytes_acked>17504873
18:37:48.825379 TCPINFO flow>2 window>0.134 samples>266 rtt_avg_us>31591 rtt_min_us>31442 rtt_max_us>32185 cwnd>62 cwnd_min>58 cwnd_max>62 throughput_kbps>20036.059 goodput_kbps>19636.934 retrans>0 total_retrans>0 bytes_acked>36478009
18:37:48.925378 TCPINFO flow>3 window>0.100 samples>2 rtt_avg_us>34967 rtt_min_us>34967 rtt_max_us>34967 cwnd>64 cwnd_min>64 cwnd_max>64 throughput_kbps>0.000 goodput_kbps>0.000 retrans>0 total_retrans>0 bytes_acked>17504873
18:37:48.925385 TCPINFO flow>2 window>0.100 samples>179 rtt_avg_us>31508 rtt_min_us>31454 rtt_max_us>31565 cwnd>65 cwnd_min>62 cwnd_max>65 throughput_kbps>21481.591 goodput_kbps>21160.970 retrans>0 total_retrans>0 bytes_acked>36742537
18:37:48.925851 TCPINFO flow>1 window>0.200 samples>3 rtt_avg_us>31882 rtt_min_us>31882 rtt_max_us>31882 cwnd>56 cwnd_min>56 cwnd_max>56 throughput_kbps>0.000 goodput_kbps>0.000 retrans>0 total_retrans>0 bytes_acked>55015313
18:37:49.025855 TCPINFO flow>1 window>0.100 samples>2 rtt_avg_us>31882 rtt_min_us>31882 rtt_max_us>31882 cwnd>56 cwnd_min>56 cwnd_max>56 throughput_kbps>0.000 goodput_kbps>0.000 retrans>0 total_retrans>0 bytes_acked>55015313
18:37:49.060556 TCPINFO flow>2 window>0.135 samples>221 rtt_avg_us>31521 rtt_min_us>31422 rtt_max_us>31689 cwnd>68 cwnd_min>65 cwnd_max>68 throughput_kbps>22535.011 goodput_kbps>22297.801 retrans>0 total_retrans>0 bytes_acked>37119289
18:37:49.125239 TCPINFO flow>3 window>0.200 samples>3 rtt_avg_us>34967 rtt_min_us>34967 rtt_max_us>34967 cwnd>64 cwnd_min>64 cwnd_max>64 throughput_kbps>53.477 goodput_kbps>0.000 retrans>0 total_retrans>0 bytes_acked>17504873
18:37:49.125865 TCPINFO flow>1 window>0.100 samples>9 rtt_avg_us>31882 rtt_min_us>31882 rtt_max_us>31882 cwnd>56 cwnd_min>56 cwnd_max>56 throughput_kbps>213.739 goodput_kbps>0.000 retrans>0 total_retrans>0 bytes_acked>55015313
18:37:49.225375 TCPINFO flow>3 window>0.100 samples>333 rtt_avg_us>33578 rtt_min_us>31308 rtt_max_us>34967 cwnd>61 cwnd_min>61 cwnd_max>64 throughput_kbps>20279.620 goodput_kbps>14282.016 retrans>0 total_retrans>0 bytes_acked>17683641
18:37:49.225468 TCPINFO flow>2 window>0.165 samples>126 rtt_avg_us>31657 rtt_min_us>31565 rtt_max_us>31934 cwnd>71 cwnd_min>68 cwnd_max>71 throughput_kbps>14632.774 goodput_kbps>18975.065 retrans>0 total_retrans>0 bytes_acked>37510441
18:37:49.245410 TCPINFO flow>1 window>0.120 samples>327 rtt_avg_us>31868 rtt_min_us>31311 rtt_max_us>31882 cwnd>55 cwnd_min>55 cwnd_max>56 throughput_kbps>18358.677 goodput_kbps>13886.252 retrans>0 total_retrans>0 bytes_acked>55222817
18:37:49.325380 TCPINFO flow>3 window>0.100 samples>134 rtt_avg_us>31503 rtt_min_us>31359 rtt_max_us>31632 cwnd>56 cwnd_min>56 cwnd_max>61 throughput_kbps>18891.855 goodput_kbps>19126.084 retrans>0 total_retrans>0 bytes_acked>17922729
18:37:49.422781 TCPINFO flow>1 window>0.177 samples>266 rtt_avg_us>31476 rtt_min_us>31311 rtt_max_us>32225 cwnd>52 cwnd_min>51 cwnd_max>55 throughput_kbps>17073.546 goodput_kbps>17255.763 retrans>0 total_retrans>0 bytes_acked>55605401
18:37:49.425397 TCPINFO flow>3 window>0.100 samples>134 rtt_avg_us>31536 rtt_min_us>31450 rtt_max_us>32146 cwnd>56 cwnd_min>56 cwnd_max>57 throughput_kbps>18273.374 goodput_kbps>18273.374 retrans>0 total_retrans>0 bytes_acked>18151185
18:37:49.425403 TCPINFO flow>2 window>0.200 samples>3 rtt_avg_us>31934 rtt_min_us>31934 rtt_max_us>31934 cwnd>71 cwnd_min>71 cwnd_max>71 throughput_kbps>0.000 goodput_kbps>0.000 retrans>0 total_retrans>0 bytes_acked>37510441
18:37:49.525846 TCPINFO flow>1 window>0.103 samples>178 rtt_avg_us>31952 rtt_min_us>31671 rtt_max_us>32225 cwnd>53 cwnd_min>52 cwnd_max>53 throughput_kbps>17836.666 goodput_kbps>17421.860 retrans>0 total_retrans>0 bytes_acked>55829849
18:37:49.579606 TCPINFO flow>3 window>0.154 samples>223 rtt_avg_us>31544 rtt_min_us>31422 rtt_max_us>32146 cwnd>59 cwnd_min>56 cwnd_max>59 throughput_kbps>19406.390 goodput_kbps>19337.081 retrans>0 total_retrans>0 bytes_acked>18523929
18:37:49.625381 TCPINFO flow>2 window>0.200 samples>3 rtt_avg_us>31934 rtt_min_us>31934 rtt_max_us>31934 cwnd>71 cwnd_min>71 cwnd_max>71 throughput_kbps>0.000 goodput_kbps>0.000 retrans>0 total_retrans>0 bytes_acked>37510441
18:37:49.625850 TCPINFO flow>1 window>0.100 samples>146 rtt_avg_us>31650 rtt_min_us>31565 rtt_max_us>31803 cwnd>56 cwnd_min>53 cwnd_max>56 throughput_kbps>18489.500 goodput_kbps>18168.873 retrans>0 total_retrans>0 bytes_acked>56056969
18:37:49.692517 TCPINFO flow>3 window>0.113 samples>190 rtt_avg_us>31514 rtt_min_us>31462 rtt_max_us>31715 cwnd>61 cwnd_min>58 cwnd_max>61 throughput_kbps>19802.924 goodput_kbps>19688.994 retrans>0 total_retrans>0 bytes_acked>18801817
18:37:49.787911 TCPINFO flow>1 window>0.162 samples>259 rtt_avg_us>31669 rtt_min_us>31451 rtt_max_us>31859 cwnd>59 cwnd_min>56 cwnd_max>59 throughput_kbps>19488.168 goodput_kbps>19455.390 retrans>0 total_retrans>0 bytes_acked>56451089
18:37:49.823052 TCPINFO flow>3 window>0.131 samples>221 rtt_avg_us>31577 rtt_min_us>31483 rtt_max_us>31715 cwnd>60 cwnd_min>60 cwnd_max>61 throughput_kbps>19824.384 goodput_kbps>19677.297 retrans>0 total_retrans>0 bytes_acked>19122889
18:37:49.825400 TCPINFO flow>2 window>0.200 samples>3 rtt_avg_us>31934 rtt_min_us>31934 rtt_max_us>31934 cwnd>71 cwnd_min>71 cwnd_max>71 throughput_kbps>0.000 goodput_kbps>0.000 retrans>0 total_retrans>0 bytes_acked>37510441
18:37:49.925457 TCPINFO flow>3 window>0.102 samples>222 rtt_avg_us>31517 rtt_min_us>31467 rtt_max_us>31587 cwnd>61 cwnd_min>60 cwnd_max>62 throughput_kbps>20247.761 goodput_kbps>20039.022 retrans>0 total_retrans>0 bytes_acked>19379401
18:37:49.925465 TCPINFO flow>2 window>0.100 samples>2 rtt_avg_us>31934 rtt_min_us>31934 rtt_max_us>31934 cwnd>71 cwnd_min>71 cwnd_max>71 throughput_kbps>0.000 goodput_kbps>0.000 retrans>0 total_retrans>0 bytes_acked>37510441
18:37:49.925848 TCPINFO flow>1 window>0.138 samples>266 rtt_avg_us>31524 rtt_min_us>31451 rtt_max_us>31879 cwnd>61 cwnd_min>59 cwnd_max>61 throughput_kbps>20178.951 goodput_kbps>19985.008 retrans>0 total_retrans>0 bytes_acked>56795673
18:37:50.025865 TCPINFO flow>1 window>0.100 samples>205 rtt_avg_us>31584 rtt_min_us>31400 rtt_max_us>31755 cwnd>61 cwnd_min>60 cwnd_max>61 throughput_kbps>20196.887 goodput_kbps>19983.163 retrans>0 total_retrans>0 bytes_acked>57045505
18:37:50.081049 TCPINFO flow>3 window>0.156 samples>230 rtt_avg_us>31480 rtt_min_us>31243 rtt_max_us>31580 cwnd>62 cwnd_min>61 cwnd_max>62 throughput_kbps>20407.013 goodput_kbps>20475.706 retrans>0 total_retrans>0 bytes_acked>19777633
18:37:50.125321 ON flow>11 srcPort>33503 dst>fd00:6::2/5404 
18:37:50.125411 TCPINFO flow>2 window>0.200 samples>3 rtt_avg_us>31934 rtt_min_us>31934 rtt_max_us>31934 cwnd>71 cwnd_min>71 cwnd_max>71 throughput_kbps>53.454 goodput_kbps>0.000 retrans>0 total_retrans>0 bytes_acked>37510441
18:37:50.156518 CONNECT flow>11 srcPort>33503 dst>fd00:6::2/5404 
18:37:50.225379 TCPINFO flow>3 window>0.144 samples>46 rtt_avg_us>31593 rtt_min_us>31509 rtt_max_us>31909 cwnd>61 cwnd_min>60 cwnd_max>62 throughput_kbps>8191.007 goodput_kbps>12634.158 retrans>0 total_retrans>0 bytes_acked>20005569
18:37:50.225476 TCPINFO flow>2 window>0.100 samples>335 rtt_avg_us>31965 rtt_min_us>31843 rtt_max_us>32295 cwnd>71 cwnd_min>71 cwnd_max>71 throughput_kbps>23711.947 goodput_kbps>16662.449 retrans>0 total_retrans>0 bytes_acked>37718857
18:37:50.225849 TCPINFO flow>1 window>0.200 samples>81 rtt_avg_us>31746 rtt_min_us>31532 rtt_max_us>31849 cwnd>63 cwnd_min>61 cwnd_max>63 throughput_kbps>15561.565 goodput_kbps>18821.666 retrans>0 total_retrans>0 bytes_acked>57516009
18:37:50.325351 TCPINFO flow>11 window>0.169 samples>83 rtt_avg_us>31352 rtt_min_us>31180 rtt_max_us>31660 cwnd>12 cwnd_min>10 cwnd_max>12 throughput_kbps>3420.140 goodput_kbps>2728.754 retrans>0 total_retrans>0 bytes_acked>57561
18:37:50.353174 TCPINFO flow>2 window>0.128 samples>212 rtt_avg_us>32600 rtt_min_us>31275 rtt_max_us>33884 cwnd>72 cwnd_min>71 cwnd_max>72 throughput_kbps>22933.108 goodput_kbps>23100.503 retrans>0 total_retrans>0 bytes_acked>38087593
18:37:50.425373 TCPINFO flow>3 window>0.200 samples>3 rtt_avg_us>31909 rtt_min_us>31909 rtt_max_us>31909 cwnd>61 cwnd_min>61 cwnd_max>61 throughput_kbps>0.000 goodput_kbps>0.000 retrans>0 total_retrans>0 bytes_acked>20005569
18:37:50.425849 TCPINFO flow>1 window>0.200 samples>3 rtt_avg_us>31554 rtt_min_us>31554 rtt_max_us>31554 cwnd>63 cwnd_min>63 cwnd_max>63 throughput_kbps>0.000 goodput_kbps>0.000 retrans>0 total_retrans>0 bytes_acked>57516009
18:37:50.483408 TCPINFO flow>2 window>0.130 samples>266 rtt_avg_us>31465 rtt_min_us>31354 rtt_max_us>31706 cwnd>76 cwnd_min>72 cwnd_max>76 throughput_kbps>24948.569 goodput_kbps>24127.893 retrans>0 total_retrans>0 bytes_acked>38480377
18:37:50.499028 TCPINFO flow>11 window>0.174 samples>58 rtt_avg_us>32507 rtt_min_us>31261 rtt_max_us>33323 cwnd>17 cwnd_min>12 cwnd_max>17 throughput_kbps>4923.162 goodput_kbps>4677.004 retrans>0 total_retrans>0 bytes_acked>159097
18:37:50.601916 TCPINFO flow>11 window>0.103 samples>52 rtt_avg_us>32979 rtt_min_us>32822 rtt_max_us>33151 cwnd>20 cwnd_min>17 cwnd_max>20 throughput_kbps>6128.917 goodput_kbps>5817.277 retrans>0 total_retrans>0 bytes_acked>233913
18:37:50.602201 TCPINFO flow>2 window>0.119 samples>265 rtt_avg_us>31427 rtt_min_us>31339 rtt_max_us>31532 cwnd>78 cwnd_min>76 cwnd_max>78 throughput_kbps>25911.830 goodput_kbps>25911.830 retrans>0 total_retrans>0 bytes_acked>38865145
18:37:50.625373 TCPINFO flow>3 window>0.200 samples>3 rtt_avg_us>31909 rtt_min_us>31909 rtt_max_us>31909 cwnd>61 cwnd_min>61 cwnd_max>61 throughput_kbps>0.000 goodput_kbps>0.000 retrans>0 total_retrans>0 bytes_acked>20005569
18:37:50.625881 TCPINFO flow>1 window>0.200 samples>3 rtt_avg_us>31554 rtt_min_us>31554 rtt_max_us>31554 cwnd>63 cwnd_min>63 cwnd_max>63 throughput_kbps>0.000 goodput_kbps>0.000 retrans>0 total_retrans>0 bytes_acked>57516009
18:37:50.717754 TCPINFO flow>11 window>0.116 samples>77 rtt_avg_us>32650 rtt_min_us>32028 rtt_max_us>33151 cwnd>24 cwnd_min>20 cwnd_max>24 throughput_kbps>7381.343 goodput_kbps>7104.543 retrans>0 total_retrans>0 bytes_acked>336785
18:37:50.719032 TCPINFO flow>2 window>0.117 samples>266 rtt_avg_us>31371 rtt_min_us>31285 rtt_max_us>31532 cwnd>80 cwnd_min>78 cwnd_max>80 throughput_kbps>26987.358 goodput_kbps>26621.428 retrans>0 total_retrans>0 bytes_acked>39253921
18:37:50.725374 TCPINFO flow>3 window>0.100 samples>2 rtt_avg_us>31909 rtt_min_us>31909 rtt_max_us>31909 cwnd>61 cwnd_min>61 cwnd_max>61 throughput_kbps>0.000 goodput_kbps>0.000 retrans>0 total_retrans>0 bytes_acked>20005569
18:37:50.825363 TCPINFO flow>11 window>0.108 samples>126 rtt_avg_us>32235 rtt_min_us>32028 rtt_max_us>32893 cwnd>26 cwnd_min>24 cwnd_max>26 throughput_kbps>8243.771 goodput_kbps>7945.804 retrans>0 total_retrans>0 bytes_acked>443665
18:37:50.825373 TCPINFO flow>2 window>0.106 samples>266 rtt_avg_us>31314 rtt_min_us>31237 rtt_max_us>31506 cwnd>83 cwnd_min>80 cwnd_max>83 throughput_kbps>26935.838 goodput_kbps>26835.332 retrans>0 total_retrans>0 bytes_acked>39610633
18:37:50.825888 TCPINFO flow>1 window>0.200 samples>3 rtt_avg_us>31554 rtt_min_us>31554 rtt_max_us>31554 cwnd>63 cwnd_min>63 cwnd_max>63 throughput_kbps>0.000 goodput_kbps>0.000 retrans>0 total_retrans>0 bytes_acked>57516009
18:37:50.925373 TCPINFO flow>3 window>0.200 samples>3 rtt_avg_us>31909 rtt_min_us>31909 rtt_max_us>31909 cwnd>61 cwnd_min>61 cwnd_max>61 throughput_kbps>0.000 goodput_kbps>0.000 retrans>0 total_retrans>0 bytes_acked>20005569
18:37:50.925379 TCPINFO flow>2 window>0.100 samples>121 rtt_avg_us>31350 rtt_min_us>31291 rtt_max_us>31506 cwnd>83 cwnd_min>82 cwnd_max>83 throughput_kbps>23488.511 goodput_kbps>28000.880 retrans>0 total_retrans>0 bytes_acked>39960665
18:37:50.958081 TCPINFO flow>11 window>0.133 samples>63 rtt_avg_us>32270 rtt_min_us>31686 rtt_max_us>32893 cwnd>30 cwnd_min>26 cwnd_max>30 throughput_kbps>9583.267 goodput_kbps>9261.140 retrans>0 total_retrans>0 bytes_acked>597305
18:37:51.025852 TCPINFO flow>1 window>0.200 samples>3 rtt_avg_us>31554 rtt_min_us>31554 rtt_max_us>31554 cwnd>63 cwnd_min>63 cwnd_max>63 throughput_kbps>0.000 goodput_kbps>0.000 retrans>0 total_retrans>0 bytes_acked>57516009
18:37:51.083416 TCPINFO flow>11 window>0.125 samples>121 rtt_avg_us>31831 rtt_min_us>31675 rtt_max_us>32096 cwnd>34 cwnd_min>30 cwnd_max>34 throughput_kbps>10659.433 goodput_kbps>10403.606 retrans>0 total_retrans>0 bytes_acked>760297
18:37:51.125253 TCPINFO flow>3 window>0.200 samples>3 rtt_avg_us>31909 rtt_min_us>31909 rtt_max_us>31909 cwnd>61 cwnd_min>61 cwnd_max>61 throughput_kbps>53.472 goodput_kbps>0.000 retrans>0 total_retrans>0 bytes_acked>20005569
18:37:51.125383 TCPINFO flow>2 window>0.200 samples>3 rtt_avg_us>31512 rtt_min_us>31456 rtt_max_us>31540 cwnd>83 cwnd_min>83 cwnd_max>83 throughput_kbps>0.000 goodput_kbps>2018.840 retrans>0 total_retrans>0 bytes_acked>40011137
18:37:51.125876 TCPINFO flow>1 window>0.100 samples>9 rtt_avg_us>31554 rtt_min_us>31554 rtt_max_us>31554 cwnd>63 cwnd_min>63 cwnd_max>63 throughput_kbps>213.709 goodput_kbps>0.000 retrans>0 total_retrans>0 bytes_acked>57516009
18:37:51.203255 TCPINFO flow>11 window>0.120 samples>119 rtt_avg_us>31869 rtt_min_us>31841 rtt_max_us>32275 cwnd>37 cwnd_min>34 cwnd_max>37 throughput_kbps>11541.885 goodput_kbps>11326.663 retrans>0 total_retrans>0 bytes_acked>929969
18:37:51.225406 TCPINFO flow>3 window>0.100 samples>332 rtt_avg_us>31781 rtt_min_us>31506 rtt_max_us>31909 cwnd>60 cwnd_min>59 cwnd_max>61 throughput_kbps>19742.594 goodput_kbps>13861.672 retrans>0 total_retrans>0 bytes_acked>20179105
18:37:51.225418 TCPINFO flow>2 window>0.100 samples>2 rtt_avg_us>31540 rtt_min_us>31540 rtt_max_us>31540 cwnd>83 cwnd_min>83 cwnd_max>83 throughput_kbps>0.000 goodput_kbps>0.000 retrans>0 total_retrans>0 bytes_acked>40011137
18:37:51.225976 TCPINFO flow>1 window>0.100 samples>333 rtt_avg_us>31543 rtt_min_us>31395 rtt_max_us>31554 cwnd>63 cwnd_min>63 cwnd_max>63 throughput_kbps>20714.006 goodput_kbps>14723.197 retrans>0 total_retrans>0 bytes_acked>57700233
18:37:51.309141 TCPINFO flow>11 window>0.106 samples>112 rtt_avg_us>31950 rtt_min_us>31611 rtt_max_us>32281 cwnd>36 cwnd_min>36 cwnd_max>37 throughput_kbps>12057.042 goodput_kbps>11997.809 retrans>0 total_retrans>0 bytes_acked>1088769
18:37:51.337142 TCPINFO flow>3 window>0.112 samples>91 rtt_avg_us>31348 rtt_min_us>31302 rtt_max_us>31648 cwnd>53 cwnd_min>53 cwnd_max>60 throughput_kbps>18622.181 goodput_kbps>18919.453 retrans>0 total_retrans>0 bytes_acked>20443353
18:37:51.378394 TCPINFO flow>1 window>0.152 samples>231 rtt_avg_us>31458 rtt_min_us>31257 rtt_max_us>31669 cwnd>51 cwnd_min>51 cwnd_max>63 throughput_kbps>18470.469 goodput_kbps>19109.134 retrans>0 total_retrans>0 bytes_acked>58064305
18:37:51.424871 TCPINFO flow>11 window>0.116 samples>118 rtt_avg_us>31621 rtt_min_us>31479 rtt_max_us>31818 cwnd>32 cwnd_min>32 cwnd_max>36 throughput_kbps>11174.700 goodput_kbps>11544.111 retrans>0 total_retrans>0 bytes_acked>1255769
18:37:51.425372 TCPINFO flow>2 window>0.200 samples>3 rtt_avg_us>31540 rtt_min_us>31540 rtt_max_us>31540 cwnd>83 cwnd_min>83 cwnd_max>83 throughput_kbps>0.000 goodput_kbps>0.000 retrans>0 total_retrans>0 bytes_acked>40011137
18:37:51.492842 TCPINFO flow>1 window>0.114 samples>167 rtt_avg_us>31389 rtt_min_us>31261 rtt_max_us>31761 cwnd>42 cwnd_min>42 cwnd_max>51 throughput_kbps>14755.208 goodput_kbps>15969.244 retrans>0 total_retrans>0 bytes_acked>58292761
18:37:51.513683 TCPINFO flow>3 window>0.177 samples>253 rtt_avg_us>31416 rtt_min_us>31330 rtt_max_us>31839 cwnd>42 cwnd_min>42 cwnd_max>53 throughput_kbps>15256.377 goodput_kbps>16103.953 retrans>0 total_retrans>0 bytes_acked>20798729
18:37:51.525346 TCPINFO flow>11 window>0.100 samples>95 rtt_avg_us>31927 rtt_min_us>31585 rtt_max_us>32297 cwnd>33 cwnd_min>31 cwnd_max>33 throughput_kbps>10304.971 goodput_kbps>10223.439 retrans>0 total_retrans>0 bytes_acked>1384169
18:37:51.525385 TCPINFO flow>2 window>0.100 samples>2 rtt_avg_us>31540 rtt_min_us>31540 rtt_max_us>31540 cwnd>83 cwnd_min>83 cwnd_max>83 throughput_kbps>0.000 goodput_kbps>0.000 retrans>0 total_retrans>0 bytes_acked>40011137
18:37:51.607451 TCPINFO flow>1 window>0.115 samples>134 rtt_avg_us>31862 rtt_min_us>31540 rtt_max_us>31989 cwnd>39 cwnd_min>39 cwnd_max>43 throughput_kbps>13610.938 goodput_kbps>13424.426 retrans>0 total_retrans>0 bytes_acked>58485081
18:37:51.625389 TCPINFO flow>3 window>0.112 samples>177 rtt_avg_us>31692 rtt_min_us>31557 rtt_max_us>31839 cwnd>40 cwnd_min>40 cwnd_max>43 throughput_kbps>13591.105 goodput_kbps>13782.465 retrans>0 total_retrans>0 bytes_acked>20991177
18:37:51.625396 TCPINFO flow>2 window>0.100 samples>2 rtt_avg_us>31540 rtt_min_us>31540 rtt_max_us>31540 cwnd>83 cwnd_min>83 cwnd_max>83 throughput_kbps>0.000 goodput_kbps>0.000 retrans>0 total_retrans>0 bytes_acked>40011137
18:37:51.661473 TCPINFO flow>11 window>0.136 samples>120 rtt_avg_us>31932 rtt_min_us>31777 rtt_max_us>32109 cwnd>31 cwnd_min>31 cwnd_max>33 throughput_kbps>10442.484 goodput_kbps>10659.693 retrans>0 total_retrans>0 bytes_acked>1565553
18:37:51.725845 TCPINFO flow>1 window>0.118 samples>134 rtt_avg_us>31505 rtt_min_us>31453 rtt_max_us>31803 cwnd>40 cwnd_min>39 cwnd_max>40 throughput_kbps>13089.853 goodput_kbps>12909.303 retrans>0 total_retrans>0 bytes_acked>58676129
18:37:51.739112 TCPINFO flow>3 window>0.114 samples>91 rtt_avg_us>31761 rtt_min_us>31666 rtt_max_us>31891 cwnd>43 cwnd_min>40 cwnd_max>43 throughput_kbps>14003.429 goodput_kbps>13533.516 retrans>0 total_retrans>0 bytes_acked>21183561
18:37:51.765134 TCPINFO flow>11 window>0.104 samples>93 rtt_avg_us>31896 rtt_min_us>31714 rtt_max_us>32038 cwnd>33 cwnd_min>31 cwnd_max>33 throughput_kbps>10699.492 goodput_kbps>10413.637 retrans>0 total_retrans>0 bytes_acked>1700489
18:37:51.825376 TCPINFO flow>2 window>0.200 samples>3 rtt_avg_us>31540 rtt_min_us>31540 rtt_max_us>31540 cwnd>83 cwnd_min>83 cwnd_max>83 throughput_kbps>0.000 goodput_kbps>0.000 retrans>0 total_retrans>0 bytes_acked>40011137
18:37:51.825851 TCPINFO flow>1 window>0.100 samples>132 rtt_avg_us>31990 rtt_min_us>31803 rtt_max_us>32034 cwnd>41 cwnd_min>40 cwnd_max>41 throughput_kbps>13679.819 goodput_kbps>13572.946 retrans>0 total_retrans>0 bytes_acked>58845801
18:37:51.882467 TCPINFO flow>3 window>0.143 samples>177 rtt_avg_us>31589 rtt_min_us>31498 rtt_max_us>31678 cwnd>45 cwnd_min>43 cwnd_max>45 throughput_kbps>14613.010 goodput_kbps>14463.897 retrans>0 total_retrans>0 bytes_acked>21442745
18:37:51.895015 TCPINFO flow>11 window>0.130 samples>123 rtt_avg_us>31803 rtt_min_us>31609 rtt_max_us>31969 cwnd>36 cwnd_min>33 cwnd_max>36 throughput_kbps>11191.537 goodput_kbps>11090.521 retrans>0 total_retrans>0 bytes_acked>1880545
18:37:51.925378 TCPINFO flow>2 window>0.100 samples>2 rtt_avg_us>31540 rtt_min_us>31540 rtt_max_us>31540 cwnd>83 cwnd_min>83 cwnd_max>83 throughput_kbps>0.000 goodput_kbps>0.000 retrans>0 total_retrans>0 bytes_acked>40011137
18:37:51.943045 TCPINFO flow>1 window>0.117 samples>134 rtt_avg_us>31964 rtt_min_us>31823 rtt_max_us>32256 cwnd>43 cwnd_min>41 cwnd_max>43 throughput_kbps>14135.877 goodput_kbps>14500.674 retrans>0 total_retrans>0 bytes_acked>59058225
18:37:52.025346 TCPINFO flow>11 window>0.130 samples>131 rtt_avg_us>32108 rtt_min_us>31938 rtt_max_us>32684 cwnd>36 cwnd_min>35 cwnd_max>36 throughput_kbps>10988.882 goodput_kbps>10742.862 retrans>0 total_retrans>0 bytes_acked>2055561
18:37:52.025365 TCPINFO flow>3 window>0.143 samples>177 rtt_avg_us>32006 rtt_min_us>31588 rtt_max_us>33388 cwnd>43 cwnd_min>43 cwnd_max>46 throughput_kbps>13687.413 goodput_kbps>13762.208 retrans>0 total_retrans>0 bytes_acked>21688569
18:37:52.058054 TCPINFO flow>1 window>0.115 samples>134 rtt_avg_us>31829 rtt_min_us>31559 rtt_max_us>32210 cwnd>42 cwnd_min>42 cwnd_max>43 throughput_kbps>13982.627 goodput_kbps>13610.900 retrans>0 total_retrans>0 bytes_acked>59253897
18:37:52.125254 TCPINFO flow>2 window>0.200 samples>3 rtt_avg_us>31540 rtt_min_us>31540 rtt_max_us>31540 cwnd>83 cwnd_min>83 cwnd_max>83 throughput_kbps>53.473 goodput_kbps>0.000 retrans>0 total_retrans>0 bytes_acked>40011137
18:37:52.125392 TCPINFO flow>3 window>0.100 samples>178 rtt_avg_us>31730 rtt_min_us>31644 rtt_max_us>32190 cwnd>44 cwnd_min>43 cwnd_max>44 throughput_kbps>14745.459 goodput_kbps>14959.161 retrans>0 total_retrans>0 bytes_acked>21875609
18:37:52.173150 TCPINFO flow>1 window>0.115 samples>134 rtt_avg_us>31813 rtt_min_us>31645 rtt_max_us>34048 cwnd>41 cwnd_min>41 cwnd_max>42 throughput_kbps>13279.210 goodput_kbps>13372.072 retrans>0 total_retrans>0 bytes_acked>59446281
18:37:52.181749 TCPINFO flow>11 window>0.156 samples>145 rtt_avg_us>32107 rtt_min_us>31968 rtt_max_us>33487 cwnd>35 cwnd_min>35 cwnd_max>37 throughput_kbps>11300.448 goodput_kbps>11482.133 retrans>0 total_retrans>0 bytes_acked>2280041
18:37:52.225344 TCPINFO flow>2 window>0.100 samples>359 rtt_avg_us>31911 rtt_min_us>31540 rtt_max_us>33390 cwnd>80 cwnd_min>80 cwnd_max>83 throughput_kbps>26909.541 goodput_kbps>18473.614 retrans>0 total_retrans>0 bytes_acked>40242265
18:37:52.244951 TCPINFO flow>3 window>0.120 samples>90 rtt_avg_us>32762 rtt_min_us>32190 rtt_max_us>33469 cwnd>37 cwnd_min>37 cwnd_max>44 throughput_kbps>13155.547 goodput_kbps>13677.465 retrans>0 total_retrans>0 bytes_acked>22080017
18:37:52.315447 TCPINFO flow>11 window>0.134 samples>124 rtt_avg_us>33471 rtt_min_us>31909 rtt_max_us>33664 cwnd>25 cwnd_min>25 cwnd_max>35 throughput_kbps>9064.967 goodput_kbps>10081.707 retrans>0 total_retrans>0 bytes_acked>2448529
18:37:52.325386 TCPINFO flow>2 window>0.100 samples>189 rtt_avg_us>32049 rtt_min_us>31318 rtt_max_us>33320 cwnd>64 cwnd_min>64 cwnd_max>80 throughput_kbps>22404.030 goodput_kbps>24572.080 retrans>0 total_retrans>0 bytes_acked>40549545
18:37:52.325860 TCPINFO flow>1 window>0.153 samples>166 rtt_avg_us>33279 rtt_min_us>31751 rtt_max_us>33836 cwnd>29 cwnd_min>29 cwnd_max>41 throughput_kbps>10848.275 goodput_kbps>11898.108 retrans>0 total_retrans>0 bytes_acked>59673401
18:37:52.425346 TCPINFO flow>11 window>0.110 samples>89 rtt_avg_us>32117 rtt_min_us>31608 rtt_max_us>32400 cwnd>21 cwnd_min>21 cwnd_max>25 throughput_kbps>7196.717 goodput_kbps>7257.282 retrans>0 total_retrans>0 bytes_acked>2548225
18:37:52.425367 TCPINFO flow>3 window>0.180 samples>168 rtt_avg_us>31968 rtt_min_us>31586 rtt_max_us>32590 cwnd>30 cwnd_min>30 cwnd_max>37 throughput_kbps>9703.796 goodput_kbps>10128.060 retrans>0 total_retrans>0 bytes_acked>22308425
18:37:52.425450 TCPINFO flow>2 window>0.100 samples>236 rtt_avg_us>31479 rtt_min_us>31318 rtt_max_us>31583 cwnd>56 cwnd_min>55 cwnd_max>64 throughput_kbps>19012.472 goodput_kbps>19728.814 retrans>0 total_retrans>0 bytes_acked>40796313
18:37:52.525377 TCPINFO flow>3 window>0.100 samples>2 rtt_avg_us>32019 rtt_min_us>31925 rtt_max_us>32113 cwnd>28 cwnd_min>28 cwnd_max>30 throughput_kbps>9606.079 goodput_kbps>9606.079 retrans>0 total_retrans>0 bytes_acked>22428513
18:37:52.525866 TCPINFO flow>1 window>0.200 samples>35 rtt_avg_us>31672 rtt_min_us>31594 rtt_max_us>32099 cwnd>25 cwnd_min>25 cwnd_max>29 throughput_kbps>8470.466 goodput_kbps>8608.062 retrans>0 total_retrans>0 bytes_acked>59888609
18:37:52.534744 TCPINFO flow>11 window>0.109 samples>47 rtt_avg_us>32180 rtt_min_us>32128 rtt_max_us>32699 cwnd>22 cwnd_min>20 cwnd_max>22 throughput_kbps>6936.580 goodput_kbps>6838.882 retrans>0 total_retrans>0 bytes_acked>2641745
18:37:52.590384 TCPINFO flow>2 window>0.165 samples>165 rtt_avg_us>31513 rtt_min_us>31381 rtt_max_us>31622 cwnd>49 cwnd_min>49 cwnd_max>56 throughput_kbps>16978.040 goodput_kbps>17302.048 retrans>0 total_retrans>0 bytes_acked>41153025
18:37:52.671578 TCPINFO flow>11 window>0.137 samples>90 rtt_avg_us>32602 rtt_min_us>32345 rtt_max_us>32699 cwnd>26 cwnd_min>22 cwnd_max>26 throughput_kbps>7967.143 goodput_kbps>7732.815 retrans>0 total_retrans>0 bytes_acked>2774009
18:37:52.690445 TCPINFO flow>2 window>0.100 samples>211 rtt_avg_us>31544 rtt_min_us>31372 rtt_max_us>31721 cwnd>52 cwnd_min>49 cwnd_max>52 throughput_kbps>17197.190 goodput_kbps>16876.745 retrans>0 total_retrans>0 bytes_acked>41364113
18:37:52.725379 TCPINFO flow>3 window>0.200 samples>3 rtt_avg_us>31884 rtt_min_us>31864 rtt_max_us>31925 cwnd>30 cwnd_min>28 cwnd_max>30 throughput_kbps>1613.744 goodput_kbps>3110.049 retrans>0 total_retrans>0 bytes_acked>22506265
18:37:52.725843 TCPINFO flow>1 window>0.200 samples>3 rtt_avg_us>32573 rtt_min_us>31813 rtt_max_us>34019 cwnd>27 cwnd_min>25 cwnd_max>27 throughput_kbps>3925.891 goodput_kbps>5124.429 retrans>0 total_retrans>0 bytes_acked>60016705
18:37:52.805648 TCPINFO flow>11 window>0.134 samples>101 rtt_avg_us>32251 rtt_min_us>32033 rtt_max_us>32395 cwnd>30 cwnd_min>26 cwnd_max>30 throughput_kbps>9486.626 goodput_kbps>9088.029 retrans>0 total_retrans>0 bytes_acked>2926313
18:37:52.825375 TCPINFO flow>2 window>0.135 samples>189 rtt_avg_us>31605 rtt_min_us>31478 rtt_max_us>31767 cwnd>56 cwnd_min>52 cwnd_max>56 throughput_kbps>17980.998 goodput_kbps>17901.786 retrans>0 total_retrans>0 bytes_acked>41666049
18:37:52.825844 TCPINFO flow>1 window>0.100 samples>2 rtt_avg_us>34019 rtt_min_us>34019 rtt_max_us>34019 cwnd>27 cwnd_min>27 cwnd_max>27 throughput_kbps>0.000 goodput_kbps>0.000 retrans>0 total_retrans>0 bytes_acked>60016705
18:37:52.925347 TCPINFO flow>11 window>0.120 samples>119 rtt_avg_us>32147 rtt_min_us>31708 rtt_max_us>32249 cwnd>34 cwnd_min>30 cwnd_max>34 throughput_kbps>10804.167 goodput_kbps>10357.714 retrans>0 total_retrans>0 bytes_acked>3081289
18:37:52.925366 TCPINFO flow>3 window>0.200 samples>3 rtt_avg_us>31864 rtt_min_us>31864 rtt_max_us>31864 cwnd>30 cwnd_min>30 cwnd_max>30 throughput_kbps>0.000 goodput_kbps>0.000 retrans>0 total_retrans>0 bytes_acked>22506265
18:37:52.925846 TCPINFO flow>1 window>0.100 samples>2 rtt_avg_us>34019 rtt_min_us>34019 rtt_max_us>34019 cwnd>27 cwnd_min>27 cwnd_max>27 throughput_kbps>0.000 goodput_kbps>0.000 retrans>0 total_retrans>0 bytes_acked>60016705
18:37:52.939042 TCPINFO flow>2 window>0.114 samples>134 rtt_avg_us>31550 rtt_min_us>31418 rtt_max_us>31611 cwnd>59 cwnd_min>56 cwnd_max>59 throughput_kbps>19369.984 goodput_kbps>18805.810 retrans>0 total_retrans>0 bytes_acked>41933249
18:37:53.025350 TCPINFO flow>11 window>0.100 samples>94 rtt_avg_us>31911 rtt_min_us>31708 rtt_max_us>32137 cwnd>37 cwnd_min>34 cwnd_max>37 throughput_kbps>11874.204 goodput_kbps>11756.447 retrans>0 total_retrans>0 bytes_acked>3228249
18:37:53.025374 TCPINFO flow>3 window>0.100 samples>2 rtt_avg_us>31864 rtt_min_us>31864 rtt_max_us>31864 cwnd>30 cwnd_min>30 cwnd_max>30 throughput_kbps>0.000 goodput_kbps>0.000 retrans>0 total_retrans>0 bytes_acked>22506265
18:37:53.025855 TCPINFO flow>1 window>0.100 samples>2 rtt_avg_us>34019 rtt_min_us>34019 rtt_max_us>34019 cwnd>27 cwnd_min>27 cwnd_max>27 throughput_kbps>0.000 goodput_kbps>0.000 retrans>0 total_retrans>0 bytes_acked>60016705
18:37:53.125373 TCPINFO flow>11 window>0.100 samples>134 rtt_avg_us>31910 rtt_min_us>31727 rtt_max_us>32092 cwnd>40 cwnd_min>37 cwnd_max>40 throughput_kbps>12929.506 goodput_kbps>12512.962 retrans>0 total_retrans>0 bytes_acked>3384697
18:37:53.125381 TCPINFO flow>3 window>0.100 samples>4 rtt_avg_us>31864 rtt_min_us>31864 rtt_max_us>31864 cwnd>30 cwnd_min>30 cwnd_max>30 throughput_kbps>106.873 goodput_kbps>0.000 retrans>0 total_retrans>0 bytes_acked>22506265
18:37:53.125390 TCPINFO flow>2 window>0.186 samples>251 rtt_avg_us>31444 rtt_min_us>31380 rtt_max_us>31511 cwnd>65 cwnd_min>59 cwnd_max>65 throughput_kbps>21104.600 goodput_kbps>20703.115 retrans>0 total_retrans>0 bytes_acked>42415497
18:37:53.125875 TCPINFO flow>1 window>0.100 samples>9 rtt_avg_us>34019 rtt_min_us>34019 rtt_max_us>34019 cwnd>27 cwnd_min>27 cwnd_max>27 throughput_kbps>213.717 goodput_kbps>0.000 retrans>0 total_retrans>0 bytes_acked>60016705
18:37:53.253657 TCPINFO flow>3 window>0.128 samples>215 rtt_avg_us>31866 rtt_min_us>31864 rtt_max_us>32261 cwnd>31 cwnd_min>30 cwnd_max>32 throughput_kbps>10197.013 goodput_kbps>7752.284 retrans>0 total_retrans>0 bytes_acked>22630569
18:37:53.273695 TCPINFO flow>11 window>0.148 samples>154 rtt_avg_us>31943 rtt_min_us>31809 rtt_max_us>32127 cwnd>43 cwnd_min>40 cwnd_max>43 throughput_kbps>13645.986 goodput_kbps>13645.986 retrans>0 total_retrans>0 bytes_acked>3637697
18:37:53.322004 TCPINFO flow>1 window>0.196 samples>331 rtt_avg_us>33961 rtt_min_us>31924 rtt_max_us>34019 cwnd>29 cwnd_min>27 cwnd_max>29 throughput_kbps>9240.938 goodput_kbps>7855.401 retrans>0 total_retrans>0 bytes_acked>60209289
18:37:53.325368 TCPINFO flow>2 window>0.200 samples>3 rtt_avg_us>31537 rtt_min_us>31508 rtt_max_us>31552 cwnd>66 cwnd_min>65 cwnd_max>66 throughput_kbps>379.882 goodput_kbps>3853.864 retrans>0 total_retrans>0 bytes_acked>42511833
18:37:53.353751 TCPINFO flow>3 window>0.100 samples>112 rtt_avg_us>32177 rtt_min_us>31939 rtt_max_us>32261 cwnd>32 cwnd_min>31 cwnd_max>32 throughput_kbps>10051.352 goodput_kbps>10112.734 retrans>0 total_retrans>0 bytes_acked>22757097
18:37:53.373750 TCPINFO flow>11 window>0.100 samples>131 rtt_avg_us>31976 rtt_min_us>31906 rtt_max_us>32127 cwnd>45 cwnd_min>43 cwnd_max>45 throughput_kbps>14528.329 goodput_kbps>14207.226 retrans>0 total_retrans>0 bytes_acked>3815385
18:37:53.425369 TCPINFO flow>2 window>0.100 samples>2 rtt_avg_us>31552 rtt_min_us>31552 rtt_max_us>31552 cwnd>66 cwnd_min>66 cwnd_max>66 throughput_kbps>0.000 goodput_kbps>0.000 retrans>0 total_retrans>0 bytes_acked>42511833
18:37:53.425852 TCPINFO flow>1 window>0.104 samples>163 rtt_avg_us>32171 rtt_min_us>31924 rtt_max_us>32508 cwnd>30 cwnd_min>29 cwnd_max>30 throughput_kbps>9093.906 goodput_kbps>9626.377 retrans>0 total_retrans>0 bytes_acked>60334249
18:37:53.453855 TCPINFO flow>3 window>0.100 samples>71 rtt_avg_us>32055 rtt_min_us>31976 rtt_max_us>32621 cwnd>33 cwnd_min>32 cwnd_max>33 throughput_kbps>10401.982 goodput_kbps>10377.048 retrans>0 total_retrans>0 bytes_acked>22886945
18:37:53.486797 TCPINFO flow>11 window>0.113 samples>142 rtt_avg_us>31812 rtt_min_us>31608 rtt_max_us>32349 cwnd>46 cwnd_min>45 cwnd_max>46 throughput_kbps>14915.991 goodput_kbps>14916.557 retrans>0 total_retrans>0 bytes_acked>4026169
18:37:53.525371 TCPINFO flow>2 window>0.100 samples>2 rtt_avg_us>31552 rtt_min_us>31552 rtt_max_us>31552 cwnd>66 cwnd_min>66 cwnd_max>66 throughput_kbps>0.000 goodput_kbps>0.000 retrans>0 total_retrans>0 bytes_acked>42511833
18:37:53.525871 TCPINFO flow>1 window>0.100 samples>51 rtt_avg_us>32006 rtt_min_us>31963 rtt_max_us>32508 cwnd>32 cwnd_min>30 cwnd_max>32 throughput_kbps>10200.942 goodput_kbps>9266.079 retrans>0 total_retrans>0 bytes_acked>60450097
18:37:53.619126 TCPINFO flow>11 window>0.132 samples>176 rtt_avg_us>31846 rtt_min_us>31450 rtt_max_us>32349 cwnd>48 cwnd_min>46 cwnd_max>48 throughput_kbps>15960.704 goodput_kbps>15556.862 retrans>0 total_retrans>0 bytes_acked>4283497
18:37:53.625364 TCPINFO flow>3 window>0.172 samples>173 rtt_avg_us>32213 rtt_min_us>31960 rtt_max_us>32621 cwnd>37 cwnd_min>33 cwnd_max>37 throughput_kbps>11902.629 goodput_kbps>11528.724 retrans>0 total_retrans>0 bytes_acked>23134105
18:37:53.625372 TCPINFO flow>2 window>0.100 samples>2 rtt_avg_us>31552 rtt_min_us>31552 rtt_max_us>31552 cwnd>66 cwnd_min>66 cwnd_max>66 throughput_kbps>0.000 goodput_kbps>0.000 retrans>0 total_retrans>0 bytes_acked>42511833
18:37:53.667018 TCPINFO flow>1 window>0.141 samples>86 rtt_avg_us>31899 rtt_min_us>31773 rtt_max_us>32056 cwnd>34 cwnd_min>32 cwnd_max>34 throughput_kbps>10820.152 goodput_kbps>10668.707 retrans>0 total_retrans>0 bytes_acked>60638329
18:37:53.725367 TCPINFO flow>11 window>0.106 samples>180 rtt_avg_us>31642 rtt_min_us>31571 rtt_max_us>31758 cwnd>50 cwnd_min>48 cwnd_max>50 throughput_kbps>16599.241 goodput_kbps>16398.038 retrans>0 total_retrans>0 bytes_acked>4501265
18:37:53.725375 TCPINFO flow>3 window>0.100 samples>177 rtt_avg_us>31742 rtt_min_us>31636 rtt_max_us>31970 cwnd>39 cwnd_min>37 cwnd_max>39 throughput_kbps>12931.058 goodput_kbps>12610.453 retrans>0 total_retrans>0 bytes_acked>23291753
18:37:53.725380 TCPINFO flow>2 window>0.100 samples>2 rtt_avg_us>31552 rtt_min_us>31552 rtt_max_us>31552 cwnd>66 cwnd_min>66 cwnd_max>66 throughput_kbps>0.000 goodput_kbps>0.000 retrans>0 total_retrans>0 bytes_acked>42511833
18:37:53.801821 TCPINFO flow>1 window>0.135 samples>133 rtt_avg_us>31768 rtt_min_us>31639 rtt_max_us>32256 cwnd>35 cwnd_min>34 cwnd_max>35 throughput_kbps>11496.480 goodput_kbps>11417.194 retrans>0 total_retrans>0 bytes_acked>60830713
18:37:53.863065 TCPINFO flow>11 window>0.138 samples>179 rtt_avg_us>31664 rtt_min_us>31512 rtt_max_us>31794 cwnd>52 cwnd_min>50 cwnd_max>52 throughput_kbps>17008.352 goodput_kbps>16998.591 retrans>0 total_retrans>0 bytes_acked>4793849
18:37:53.870885 TCPINFO flow>3 window>0.146 samples>91 rtt_avg_us>31701 rtt_min_us>31658 rtt_max_us>32083 cwnd>40 cwnd_min>39 cwnd_max>40 throughput_kbps>13221.359 goodput_kbps>13221.359 retrans>0 total_retrans>0 bytes_acked>23532233
18:37:53.925387 TCPINFO flow>2 window>0.200 samples>3 rtt_avg_us>31552 rtt_min_us>31552 rtt_max_us>31552 cwnd>66 cwnd_min>66 cwnd_max>66 throughput_kbps>0.000 goodput_kbps>0.000 retrans>0 total_retrans>0 bytes_acked>42511833
18:37:53.925849 TCPINFO flow>1 window>0.124 samples>129 rtt_avg_us>32127 rtt_min_us>31692 rtt_max_us>32256 cwnd>38 cwnd_min>34 cwnd_max>38 throughput_kbps>11937.433 goodput_kbps>11678.911 retrans>0 total_retrans>0 bytes_acked>61011777
18:37:53.976093 TCPINFO flow>11 window>0.113 samples>172 rtt_avg_us>31650 rtt_min_us>31485 rtt_max_us>31762 cwnd>53 cwnd_min>52 cwnd_max>53 throughput_kbps>17555.438 goodput_kbps>17505.609 retrans>0 total_retrans>0 bytes_acked>5041177
18:37:54.025362 TCPINFO flow>3 window>0.154 samples>193 rtt_avg_us>32137 rtt_min_us>31743 rtt_max_us>32453 cwnd>43 cwnd_min>40 cwnd_max>43 throughput_kbps>13976.035 goodput_kbps>13699.282 retrans>0 total_retrans>0 bytes_acked>23796761
18:37:54.025866 TCPINFO flow>1 window>0.100 samples>159 rtt_avg_us>31941 rtt_min_us>31713 rtt_max_us>32418 cwnd>39 cwnd_min>37 cwnd_max>39 throughput_kbps>12502.835 goodput_kbps>12395.973 retrans>0 total_retrans>0 bytes_acked>61166753
18:37:54.086969 TCPINFO flow>11 window>0.111 samples>166 rtt_avg_us>31665 rtt_min_us>31485 rtt_max_us>31949 cwnd>54 cwnd_min>52 cwnd_max>54 throughput_kbps>17384.754 goodput_kbps>17168.873 retrans>0 total_retrans>0 bytes_acked>5279129
18:37:54.125262 TCPINFO flow>2 window>0.200 samples>3 rtt_avg_us>31552 rtt_min_us>31552 rtt_max_us>31552 cwnd>66 cwnd_min>66 cwnd_max>66 throughput_kbps>53.473 goodput_kbps>0.000 retrans>0 total_retrans>0 bytes_acked>42511833
18:37:54.125367 TCPINFO flow>3 window>0.100 samples>123 rtt_avg_us>31992 rtt_min_us>31655 rtt_max_us>32111 cwnd>45 cwnd_min>43 cwnd_max>45 throughput_kbps>14820.379 goodput_kbps>14831.898 retrans>0 total_retrans>0 bytes_acked>23982169
18:37:54.197170 TCPINFO flow>1 window>0.171 samples>134 rtt_avg_us>31800 rtt_min_us>31694 rtt_max_us>34013 cwnd>38 cwnd_min>38 cwnd_max>39 throughput_kbps>12326.344 goodput_kbps>12575.912 retrans>0 total_retrans>0 bytes_acked>61436041
18:37:54.212425 TCPINFO flow>11 window>0.125 samples>189 rtt_avg_us>32033 rtt_min_us>31642 rtt_max_us>34041 cwnd>53 cwnd_min>53 cwnd_max>55 throughput_kbps>17139.140 goodput_kbps>17287.081 retrans>0 total_retrans>0 bytes_acked>5550225
18:37:54.225367 TCPINFO flow>2 window>0.100 samples>360 rtt_avg_us>32233 rtt_min_us>31552 rtt_max_us>33958 cwnd>60 cwnd_min>60 cwnd_max>66 throughput_kbps>20560.172 goodput_kbps>14331.192 retrans>0 total_retrans>0 bytes_acked>42691161
18:37:54.321317 TCPINFO flow>3 window>0.196 samples>226 rtt_avg_us>32969 rtt_min_us>31568 rtt_max_us>34121 cwnd>33 cwnd_min>33 cwnd_max>45 throughput_kbps>12628.201 goodput_kbps>13334.994 retrans>0 total_retrans>0 bytes_acked>24308793
18:37:54.324867 TCPINFO flow>1 window>0.128 samples>134 rtt_avg_us>34051 rtt_min_us>31227 rtt_max_us>34259 cwnd>31 cwnd_min>31 cwnd_max>38 throughput_kbps>11255.644 goodput_kbps>11757.833 retrans>0 total_retrans>0 bytes_acked>61623721
18:37:54.325404 TCPINFO flow>11 window>0.113 samples>162 rtt_avg_us>32845 rtt_min_us>31711 rtt_max_us>34137 cwnd>40 cwnd_min>40 cwnd_max>53 throughput_kbps>14653.059 goodput_kbps>15770.718 retrans>0 total_retrans>0 bytes_acked>5772945
18:37:54.325427 TCPINFO flow>2 window>0.100 samples>133 rtt_avg_us>31600 rtt_min_us>31359 rtt_max_us>33865 cwnd>49 cwnd_min>49 cwnd_max>60 throughput_kbps>16814.871 goodput_kbps>18051.249 retrans>0 total_retrans>0 bytes_acked>42916937
18:37:54.422679 TCPINFO flow>3 window>0.101 samples>94 rtt_avg_us>31740 rtt_min_us>31683 rtt_max_us>32214 cwnd>29 cwnd_min>29 cwnd_max>33 throughput_kbps>9739.350 goodput_kbps>10154.180 retrans>0 total_retrans>0 bytes_acked>24437449
18:37:54.425859 TCPINFO flow>1 window>0.101 samples>154 rtt_avg_us>31451 rtt_min_us>31227 rtt_max_us>32322 cwnd>30 cwnd_min>28 cwnd_max>31 throughput_kbps>9524.715 goodput_kbps>9418.885 retrans>0 total_retrans>0 bytes_acked>61742625
18:37:54.469480 TCPINFO flow>2 window>0.144 samples>135 rtt_avg_us>31647 rtt_min_us>31359 rtt_max_us>31924 cwnd>38 cwnd_min>38 cwnd_max>49 throughput_kbps>13585.666 goodput_kbps>14532.873 retrans>0 total_retrans>0 bytes_acked>43178625
18:37:54.471317 TCPINFO flow>11 window>0.146 samples>156 rtt_avg_us>31780 rtt_min_us>31629 rtt_max_us>32151 cwnd>29 cwnd_min>29 cwnd_max>40 throughput_kbps>10986.931 goodput_kbps>11786.530 retrans>0 total_retrans>0 bytes_acked>5987921
18:37:54.525363 TCPINFO flow>3 window>0.103 samples>89 rtt_avg_us>32005 rtt_min_us>31883 rtt_max_us>32301 cwnd>29 cwnd_min>29 cwnd_max>29 throughput_kbps>9442.562 goodput_kbps>9159.596 retrans>0 total_retrans>0 bytes_acked>24555017
18:37:54.598562 TCPINFO flow>2 window>0.129 samples>129 rtt_avg_us>31688 rtt_min_us>31633 rtt_max_us>32005 cwnd>36 cwnd_min>36 cwnd_max>38 throughput_kbps>11509.211 goodput_kbps>11592.011 retrans>0 total_retrans>0 bytes_acked>43365665
18:37:54.625363 TCPINFO flow>11 window>0.154 samples>155 rtt_avg_us>32173 rtt_min_us>31832 rtt_max_us>32287 cwnd>34 cwnd_min>29 cwnd_max>34 throughput_kbps>10383.184 goodput_kbps>10037.521 retrans>0 total_retrans>0 bytes_acked>6181201
18:37:54.625371 TCPINFO flow>3 window>0.100 samples>90 rtt_avg_us>31943 rtt_min_us>31814 rtt_max_us>32301 cwnd>30 cwnd_min>29 cwnd_max>30 throughput_kbps>9807.215 goodput_kbps>9670.266 retrans>0 total_retrans>0 bytes_acked>24675905
18:37:54.625855 TCPINFO flow>1 window>0.200 samples>135 rtt_avg_us>32288 rtt_min_us>32024 rtt_max_us>32442 cwnd>28 cwnd_min>27 cwnd_max>30 throughput_kbps>9160.183 goodput_kbps>9302.266 retrans>0 total_retrans>0 bytes_acked>61975177
18:37:54.725364 TCPINFO flow>11 window>0.100 samples>90 rtt_avg_us>32345 rtt_min_us>31832 rtt_max_us>32502 cwnd>34 cwnd_min>34 cwnd_max>35 throughput_kbps>11045.010 goodput_kbps>10874.771 retrans>0 total_retrans>0 bytes_acked>6317137
18:37:54.725374 TCPINFO flow>3 window>0.100 samples>84 rtt_avg_us>32114 rtt_min_us>31910 rtt_max_us>32250 cwnd>33 cwnd_min>30 cwnd_max>33 throughput_kbps>10367.049 goodput_kbps>10260.172 retrans>0 total_retrans>0 bytes_acked>24804161
18:37:54.725418 TCPINFO flow>2 window>0.127 samples>134 rtt_avg_us>31952 rtt_min_us>31889 rtt_max_us>32122 cwnd>35 cwnd_min>35 cwnd_max>36 throughput_kbps>11395.850 goodput_kbps>11311.597 retrans>0 total_retrans>0 bytes_acked>43545033
18:37:54.825376 TCPINFO flow>3 window>0.100 samples>2 rtt_avg_us>32208 rtt_min_us>32168 rtt_max_us>32247 cwnd>36 cwnd_min>33 cwnd_max>36 throughput_kbps>11115.298 goodput_kbps>10901.542 retrans>0 total_retrans>0 bytes_acked>24940433
18:37:54.825854 TCPINFO flow>1 window>0.200 samples>130 rtt_avg_us>31840 rtt_min_us>31792 rtt_max_us>32433 cwnd>33 cwnd_min>28 cwnd_max>33 throughput_kbps>9900.210 goodput_kbps>9597.808 retrans>0 total_retrans>0 bytes_acked>62215121
18:37:54.846628 TCPINFO flow>11 window>0.121 samples>107 rtt_avg_us>31841 rtt_min_us>31721 rtt_max_us>32255 cwnd>36 cwnd_min>34 cwnd_max>36 throughput_kbps>11833.751 goodput_kbps>11898.667 retrans>0 total_retrans>0 bytes_acked>6497497
18:37:54.859482 TCPINFO flow>2 window>0.134 samples>132 rtt_avg_us>32228 rtt_min_us>31977 rtt_max_us>32338 cwnd>37 cwnd_min>35 cwnd_max>37 throughput_kbps>11958.468 goodput_kbps>11878.744 retrans>0 total_retrans>0 bytes_acked>43744097
18:37:54.982698 TCPINFO flow>2 window>0.123 samples>133 rtt_avg_us>31902 rtt_min_us>31811 rtt_max_us>31977 cwnd>41 cwnd_min>37 cwnd_max>41 throughput_kbps>13075.185 goodput_kbps>12751.071 retrans>0 total_retrans>0 bytes_acked>43940489
18:37:55.013179 TCPINFO flow>11 window>0.167 samples>177 rtt_avg_us>31853 rtt_min_us>31637 rtt_max_us>31963 cwnd>41 cwnd_min>36 cwnd_max>41 throughput_kbps>13027.025 goodput_kbps>12594.725 retrans>0 total_retrans>0 bytes_acked>6759705
18:37:55.025364 TCPINFO flow>3 window>0.200 samples>3 rtt_avg_us>32062 rtt_min_us>32009 rtt_max_us>32168 cwnd>37 cwnd_min>36 cwnd_max>37 throughput_kbps>897.654 goodput_kbps>2661.280 retrans>0 total_retrans>0 bytes_acked>25006961
18:37:55.025867 TCPINFO flow>1 window>0.200 samples>3 rtt_avg_us>32228 rtt_min_us>31990 rtt_max_us>32433 cwnd>36 cwnd_min>33 cwnd_max>36 throughput_kbps>10380.445 goodput_kbps>11275.107 retrans>0 total_retrans>0 bytes_acked>62497017
18:37:55.093079 TCPINFO flow>2 window>0.110 samples>134 rtt_avg_us>31847 rtt_min_us>31553 rtt_max_us>31888 cwnd>43 cwnd_min>41 cwnd_max>43 throughput_kbps>14136.926 goodput_kbps>14014.586 retrans>0 total_retrans>0 bytes_acked>44133857
18:37:55.125347 TCPINFO flow>11 window>0.112 samples>162 rtt_avg_us>31649 rtt_min_us>31599 rtt_max_us>32063 cwnd>44 cwnd_min>41 cwnd_max>44 throughput_kbps>14197.561 goodput_kbps>14197.561 retrans>0 total_retrans>0 bytes_acked>6958769
18:37:55.125368 TCPINFO flow>3 window>0.100 samples>4 rtt_avg_us>32009 rtt_min_us>32009 rtt_max_us>32009 cwnd>37 cwnd_min>37 cwnd_max>37 throughput_kbps>106.876 goodput_kbps>0.000 retrans>0 total_retrans>0 bytes_acked>25006961
18:37:55.125969 TCPINFO flow>1 window>0.100 samples>10 rtt_avg_us>32197 rtt_min_us>31990 rtt_max_us>32220 cwnd>36 cwnd_min>36 cwnd_max>36 throughput_kbps>213.542 goodput_kbps>1629.058 retrans>0 total_retrans>0 bytes_acked>62517401
18:37:55.198675 TCPINFO flow>2 window>0.106 samples>134 rtt_avg_us>31666 rtt_min_us>31601 rtt_max_us>32393 cwnd>45 cwnd_min>43 cwnd_max>45 throughput_kbps>14575.098 goodput_kbps>14575.098 retrans>0 total_retrans>0 bytes_acked>44326241
18:37:55.225371 TCPINFO flow>11 window>0.100 samples>140 rtt_avg_us>31686 rtt_min_us>31546 rtt_max_us>32107 cwnd>44 cwnd_min>44 cwnd_max>45 throughput_kbps>14289.690 goodput_kbps>14189.874 retrans>0 total_retrans>0 bytes_acked>7136185
18:37:55.225399 TCPINFO flow>3 window>0.100 samples>213 rtt_avg_us>32008 rtt_min_us>31877 rtt_max_us>32009 cwnd>36 cwnd_min>36 cwnd_max>37 throughput_kbps>11794.104 goodput_kbps>8302.066 retrans>0 total_retrans>0 bytes_acked>25110769
18:37:55.290224 TCPINFO flow>1 window>0.164 samples>328 rtt_avg_us>32211 rtt_min_us>31619 rtt_max_us>32220 cwnd>35 cwnd_min>35 cwnd_max>36 throughput_kbps>11571.471 goodput_kbps>9504.441 retrans>0 total_retrans>0 bytes_acked>62712545
18:37:55.298765 TCPINFO flow>2 window>0.100 samples>212 rtt_avg_us>31949 rtt_min_us>31633 rtt_max_us>32393 cwnd>44 cwnd_min>43 cwnd_max>45 throughput_kbps>14522.610 goodput_kbps>14415.826 retrans>0 total_retrans>0 bytes_acked>44506601
18:37:55.328319 TCPINFO flow>3 window>0.103 samples>90 rtt_avg_us>31893 rtt_min_us>31731 rtt_max_us>32008 cwnd>33 cwnd_min>33 cwnd_max>36 throughput_kbps>10917.684 goodput_kbps>11220.521 retrans>0 total_retrans>0 bytes_acked>25255121
18:37:55.331065 TCPINFO flow>11 window>0.106 samples>90 rtt_avg_us>31770 rtt_min_us>31619 rtt_max_us>32107 cwnd>44 cwnd_min>44 cwnd_max>44 throughput_kbps>14440.479 goodput_kbps>14390.826 retrans>0 total_retrans>0 bytes_acked>7326313
18:37:55.425370 TCPINFO flow>2 window>0.127 samples>103 rtt_avg_us>31884 rtt_min_us>31715 rtt_max_us>32024 cwnd>43 cwnd_min>43 cwnd_max>44 throughput_kbps>13944.978 goodput_kbps>13913.637 retrans>0 total_retrans>0 bytes_acked>44726793
18:37:55.425846 TCPINFO flow>1 window>0.136 samples>143 rtt_avg_us>31737 rtt_min_us>31497 rtt_max_us>31840 cwnd>35 cwnd_min>34 cwnd_max>35 throughput_kbps>11325.124 goodput_kbps>11227.913 retrans>0 total_retrans>0 bytes_acked>62902889
18:37:55.428360 TCPINFO flow>3 window>0.100 samples>114 rtt_avg_us>31769 rtt_min_us>31628 rtt_max_us>31939 cwnd>33 cwnd_min>33 cwnd_max>33 throughput_kbps>10933.757 goodput_kbps>10908.807 retrans>0 total_retrans>0 bytes_acked>25391537
18:37:55.473693 TCPINFO flow>11 window>0.143 samples>182 rtt_avg_us>31644 rtt_min_us>31562 rtt_max_us>31784 cwnd>44 cwnd_min>44 cwnd_max>46 throughput_kbps>14919.483 goodput_kbps>14801.470 retrans>0 total_retrans>0 bytes_acked>7590201
18:37:55.567936 TCPINFO flow>1 window>0.142 samples>135 rtt_avg_us>31807 rtt_min_us>31681 rtt_max_us>32226 cwnd>36 cwnd_min>35 cwnd_max>36 throughput_kbps>11402.801 goodput_kbps>11560.898 retrans>0 total_retrans>0 bytes_acked>63108225
18:37:55.614300 TCPINFO flow>11 window>0.141 samples>177 rtt_avg_us>31764 rtt_min_us>31605 rtt_max_us>31903 cwnd>44 cwnd_min>43 cwnd_max>45 throughput_kbps>14366.511 goodput_kbps>14518.537 retrans>0 total_retrans>0 bytes_acked>7845377
18:37:55.616789 TCPINFO flow>3 window>0.188 samples>156 rtt_avg_us>31851 rtt_min_us>31746 rtt_max_us>32224 cwnd>34 cwnd_min>32 cwnd_max>34 throughput_kbps>10668.761 goodput_kbps>10668.761 retrans>0 total_retrans>0 bytes_acked>25642825
18:37:55.625373 TCPINFO flow>2 window>0.200 samples>3 rtt_avg_us>31830 rtt_min_us>31708 rtt_max_us>32007 cwnd>44 cwnd_min>43 cwnd_max>44 throughput_kbps>9164.983 goodput_kbps>11429.269 retrans>0 total_retrans>0 bytes_acked>45012529
18:37:55.696594 TCPINFO flow>1 window>0.129 samples>134 rtt_avg_us>31949 rtt_min_us>31825 rtt_max_us>32055 cwnd>39 cwnd_min>36 cwnd_max>39 throughput_kbps>12377.870 goodput_kbps>12037.122 retrans>0 total_retrans>0 bytes_acked>63301809
18:37:55.725346 TCPINFO flow>11 window>0.111 samples>162 rtt_avg_us>31823 rtt_min_us>31643 rtt_max_us>31966 cwnd>48 cwnd_min>44 cwnd_max>48 throughput_kbps>15359.401 goodput_kbps>15004.953 retrans>0 total_retrans>0 bytes_acked>8053657
18:37:55.725370 TCPINFO flow>3 window>0.109 samples>123 rtt_avg_us>32062 rtt_min_us>31916 rtt_max_us>32251 cwnd>37 cwnd_min>34 cwnd_max>37 throughput_kbps>11812.011 goodput_kbps>11418.278 retrans>0 total_retrans>0 bytes_acked>25797801
18:37:55.725375 TCPINFO flow>2 window>0.100 samples>2 rtt_avg_us>31776 rtt_min_us>31776 rtt_max_us>31776 cwnd>44 cwnd_min>44 cwnd_max>44 throughput_kbps>0.000 goodput_kbps>0.000 retrans>0 total_retrans>0 bytes_acked>45012529
18:37:55.815470 TCPINFO flow>1 window>0.119 samples>133 rtt_avg_us>31862 rtt_min_us>31800 rtt_max_us>32011 cwnd>42 cwnd_min>39 cwnd_max>42 throughput_kbps>13666.140 goodput_kbps>13306.504 retrans>0 total_retrans>0 bytes_acked>63499537
18:37:55.825389 TCPINFO flow>3 window>0.100 samples>97 rtt_avg_us>31604 rtt_min_us>31565 rtt_max_us>32012 cwnd>40 cwnd_min>37 cwnd_max>40 throughput_kbps>12715.664 goodput_kbps>12288.225 retrans>0 total_retrans>0 bytes_acked>25951433
18:37:55.825395 TCPINFO flow>2 window>0.100 samples>2 rtt_avg_us>31776 rtt_min_us>31776 rtt_max_us>31776 cwnd>44 cwnd_min>44 cwnd_max>44 throughput_kbps>0.000 goodput_kbps>0.000 retrans>0 total_retrans>0 bytes_acked>45012529
18:37:55.861809 TCPINFO flow>11 window>0.136 samples>169 rtt_avg_us>31743 rtt_min_us>31618 rtt_max_us>31962 cwnd>51 cwnd_min>48 cwnd_max>51 throughput_kbps>16454.101 goodput_kbps>16194.280 retrans>0 total_retrans>0 bytes_acked>8329897
18:37:55.922175 TCPINFO flow>1 window>0.107 samples>134 rtt_avg_us>31871 rtt_min_us>31801 rtt_max_us>32011 cwnd>45 cwnd_min>42 cwnd_max>45 throughput_kbps>14623.945 goodput_kbps>14423.617 retrans>0 total_retrans>0 bytes_acked>63691921
18:37:55.976870 TCPINFO flow>11 window>0.115 samples>167 rtt_avg_us>31722 rtt_min_us>31604 rtt_max_us>31840 cwnd>52 cwnd_min>51 cwnd_max>53 throughput_kbps>17310.331 goodput_kbps>17091.734 retrans>0 total_retrans>0 bytes_acked>8575721
18:37:55.986960 TCPINFO flow>3 window>0.162 samples>178 rtt_avg_us>32077 rtt_min_us>31777 rtt_max_us>32680 cwnd>43 cwnd_min>39 cwnd_max>43 throughput_kbps>13589.369 goodput_kbps>13523.219 retrans>0 total_retrans>0 bytes_acked>26224553
18:37:56.025369 TCPINFO flow>2 window>0.200 samples>3 rtt_avg_us>31776 rtt_min_us>31776 rtt_max_us>31776 cwnd>44 cwnd_min>44 cwnd_max>44 throughput_kbps>0.000 goodput_kbps>0.000 retrans>0 total_retrans>0 bytes_acked>45012529
18:37:56.025842 TCPINFO flow>1 window>0.104 samples>153 rtt_avg_us>31783 rtt_min_us>31725 rtt_max_us>31828 cwnd>47 cwnd_min>45 cwnd_max>47 throughput_kbps>15361.803 goodput_kbps>15052.505 retrans>0 total_retrans>0 bytes_acked>63886977
18:37:56.089444 TCPINFO flow>11 window>0.113 samples>174 rtt_avg_us>31720 rtt_min_us>31604 rtt_max_us>31917 cwnd>54 cwnd_min>52 cwnd_max>54 throughput_kbps>18136.195 goodput_kbps>17884.911 retrans>0 total_retrans>0 bytes_acked>8827393
18:37:56.125377 TCPINFO flow>2 window>0.100 samples>3 rtt_avg_us>31776 rtt_min_us>31776 rtt_max_us>31776 cwnd>44 cwnd_min>44 cwnd_max>44 throughput_kbps>106.871 goodput_kbps>0.000 retrans>0 total_retrans>0 bytes_acked>45012529
18:37:56.125383 TCPINFO flow>3 window>0.138 samples>177 rtt_avg_us>31970 rtt_min_us>31641 rtt_max_us>32286 cwnd>46 cwnd_min>43 cwnd_max>46 throughput_kbps>14902.032 goodput_kbps>14438.757 retrans>0 total_retrans>0 bytes_acked>26474385
18:37:56.125845 TCPINFO flow>1 window>0.100 samples>162 rtt_avg_us>31642 rtt_min_us>31557 rtt_max_us>31732 cwnd>49 cwnd_min>47 cwnd_max>49 throughput_kbps>15952.161 goodput_kbps>15870.244 retrans>0 total_retrans>0 bytes_acked>64085361
18:37:56.194200 TCPINFO flow>11 window>0.105 samples>160 rtt_avg_us>31695 rtt_min_us>31503 rtt_max_us>32836 cwnd>54 cwnd_min>54 cwnd_max>55 throughput_kbps>17537.745 goodput_kbps>17710.642 retrans>0 total_retrans>0 bytes_acked>9059305
18:37:56.225379 TCPINFO flow>2 window>0.100 samples>295 rtt_avg_us>31778 rtt_min_us>31776 rtt_max_us>32239 cwnd>42 cwnd_min>42 cwnd_max>44 throughput_kbps>13962.601 goodput_kbps>9828.283 retrans>0 total_retrans>0 bytes_acked>45135385
18:37:56.255538 TCPINFO flow>1 window>0.130 samples>135 rtt_avg_us>31967 rtt_min_us>31658 rtt_max_us>32680 cwnd>44 cwnd_min>44 cwnd_max>49 throughput_kbps>15242.396 goodput_kbps>15635.200 retrans>0 total_retrans>0 bytes_acked>64338833
18:37:56.282414 TCPINFO flow>3 window>0.157 samples>195 rtt_avg_us>32468 rtt_min_us>31641 rtt_max_us>33368 cwnd>41 cwnd_min>41 cwnd_max>46 throughput_kbps>14083.334 goodput_kbps>14638.027 retrans>0 total_retrans>0 bytes_acked>26761713
18:37:56.296827 TCPINFO flow>11 window>0.103 samples>155 rtt_avg_us>32741 rtt_min_us>31677 rtt_max_us>33158 cwnd>49 cwnd_min>49 cwnd_max>55 throughput_kbps>16530.231 goodput_kbps>17082.756 retrans>0 total_retrans>0 bytes_acked>9278449
18:37:56.361761 TCPINFO flow>1 window>0.106 samples>134 rtt_avg_us>32258 rtt_min_us>31708 rtt_max_us>32680 cwnd>37 cwnd_min>37 cwnd_max>45 throughput_kbps>13181.025 goodput_kbps>13885.354 retrans>0 total_retrans>0 bytes_acked>64523201
18:37:56.390854 TCPINFO flow>2 window>0.165 samples>135 rtt_avg_us>31797 rtt_min_us>31650 rtt_max_us>32239 cwnd>32 cwnd_min>32 cwnd_max>42 throughput_kbps>11646.666 goodput_kbps>12272.065 retrans>0 total_retrans>0 bytes_acked>45389225
18:37:56.417001 TCPINFO flow>11 window>0.120 samples>156 rtt_avg_us>31698 rtt_min_us>31416 rtt_max_us>31868 cwnd>40 cwnd_min>40 cwnd_max>49 throughput_kbps>13963.220 goodput_kbps>14674.722 retrans>0 total_retrans>0 bytes_acked>9498889
18:37:56.425361 TCPINFO flow>3 window>0.143 samples>183 rtt_avg_us>31724 rtt_min_us>31483 rtt_max_us>31913 cwnd>35 cwnd_min>35 cwnd_max>41 throughput_kbps>11890.057 goodput_kbps>12103.171 retrans>0 total_retrans>0 bytes_acked>26977977
18:37:56.525347 TCPINFO flow>11 window>0.108 samples>177 rtt_avg_us>31841 rtt_min_us>31658 rtt_max_us>31942 cwnd>40 cwnd_min>39 cwnd_max>41 throughput_kbps>12748.491 goodput_kbps>12551.197 retrans>0 total_retrans>0 bytes_acked>9668873
18:37:56.525370 TCPINFO flow>3 window>0.100 samples>89 rtt_avg_us>31904 rtt_min_us>31705 rtt_max_us>31994 cwnd>38 cwnd_min>35 cwnd_max>38 throughput_kbps>12327.211 goodput_kbps>12076.353 retrans>0 total_retrans>0 bytes_acked>27128945
18:37:56.525375 TCPINFO flow>2 window>0.135 samples>134 rtt_avg_us>31994 rtt_min_us>31967 rtt_max_us>32955 cwnd>33 cwnd_min>30 cwnd_max>33 throughput_kbps>10090.439 goodput_kbps>10328.796 retrans>0 total_retrans>0 bytes_acked>45562905
18:37:56.525853 TCPINFO flow>1 window>0.164 samples>143 rtt_avg_us>31768 rtt_min_us>31684 rtt_max_us>32360 cwnd>34 cwnd_min>34 cwnd_max>37 throughput_kbps>11593.886 goodput_kbps>11659.021 retrans>0 total_retrans>0 bytes_acked>64762345
18:37:56.625376 TCPINFO flow>3 window>0.100 samples>112 rtt_avg_us>32102 rtt_min_us>31954 rtt_max_us>32188 cwnd>38 cwnd_min>38 cwnd_max>39 throughput_kbps>11829.050 goodput_kbps>11759.294 retrans>0 total_retrans>0 bytes_acked>27275945
18:37:56.625385 TCPINFO flow>2 window>0.100 samples>111 rtt_avg_us>32166 rtt_min_us>32032 rtt_max_us>32955 cwnd>33 cwnd_min>33 cwnd_max>34 throughput_kbps>10580.062 goodput_kbps>9938.846 retrans>0 total_retrans>0 bytes_acked>45687153
18:37:56.655789 TCPINFO flow>11 window>0.130 samples>91 rtt_avg_us>32249 rtt_min_us>31752 rtt_max_us>32582 cwnd>41 cwnd_min>39 cwnd_max>41 throughput_kbps>13109.888 goodput_kbps>13109.888 retrans>0 total_retrans>0 bytes_acked>9882633
18:37:56.725851 TCPINFO flow>1 window>0.200 samples>3 rtt_avg_us>32319 rtt_min_us>32258 rtt_max_us>32360 cwnd>33 cwnd_min>32 cwnd_max>34 throughput_kbps>8413.204 goodput_kbps>10230.182 retrans>0 total_retrans>0 bytes_acked>65018097
18:37:56.794664 TCPINFO flow>2 window>0.169 samples>134 rtt_avg_us>32180 rtt_min_us>31665 rtt_max_us>32295 cwnd>39 cwnd_min>33 cwnd_max>39 throughput_kbps>12009.523 goodput_kbps>11834.853 retrans>0 total_retrans>0 bytes_acked>45937577
18:37:56.802230 TCPINFO flow>11 window>0.146 samples>177 rtt_avg_us>31708 rtt_min_us>31499 rtt_max_us>31803 cwnd>46 cwnd_min>41 cwnd_max>46 throughput_kbps>14597.005 goodput_kbps>14305.065 retrans>0 total_retrans>0 bytes_acked>10144489
18:37:56.825365 TCPINFO flow>3 window>0.200 samples>11 rtt_avg_us>31918 rtt_min_us>31730 rtt_max_us>32125 cwnd>40 cwnd_min>38 cwnd_max>40 throughput_kbps>7238.158 goodput_kbps>9268.990 retrans>0 total_retrans>0 bytes_acked>27507657
18:37:56.885750 SHUTDOWN flow>11 srcPort>33503 dst>fd00:6::2/5404 
18:37:56.894669 TCPINFO flow>2 window>0.100 samples>161 rtt_avg_us>31704 rtt_min_us>31599 rtt_max_us>31845 cwnd>42 cwnd_min>39 cwnd_max>42 throughput_kbps>13573.081 goodput_kbps>13013.749 retrans>0 total_retrans>0 bytes_acked>46100257
18:37:56.925368 TCPINFO flow>3 window>0.100 samples>2 rtt_avg_us>32008 rtt_min_us>32008 rtt_max_us>32008 cwnd>40 cwnd_min>40 cwnd_max>40 throughput_kbps>0.000 goodput_kbps>0.000 retrans>0 total_retrans>0 bytes_acked>27507657
18:37:56.925851 TCPINFO flow>1 window>0.200 samples>3 rtt_avg_us>32340 rtt_min_us>32340 rtt_max_us>32340 cwnd>33 cwnd_min>33 cwnd_max>33 throughput_kbps>0.000 goodput_kbps>0.000 retrans>0 total_retrans>0 bytes_acked>65018097
18:37:56.978426 OFF flow>11 srcPort>33503 dst>fd00:6::2/5404 
18:37:56.997275 TCPINFO flow>2 window>0.103 samples>78 rtt_avg_us>31720 rtt_min_us>31606 rtt_max_us>31852 cwnd>45 cwnd_min>42 cwnd_max>45 throughput_kbps>14673.606 goodput_kbps>14583.163 retrans>0 total_retrans>0 bytes_acked>46287297
18:37:57.025374 TCPINFO flow>3 window>0.100 samples>2 rtt_avg_us>32008 rtt_min_us>32008 rtt_max_us>32008 cwnd>40 cwnd_min>40 cwnd_max>40 throughput_kbps>0.000 goodput_kbps>0.000 retrans>0 total_retrans>0 bytes_acked>27507657
18:37:57.099388 TCPINFO flow>2 window>0.102 samples>134 rtt_avg_us>31500 rtt_min_us>31374 rtt_max_us>31606 cwnd>48 cwnd_min>45 cwnd_max>48 throughput_kbps>15804.922 goodput_kbps>15372.460 retrans>0 total_retrans>0 bytes_acked>46483513
18:37:57.125269 TCPINFO flow>1 window>0.199 samples>3 rtt_avg_us>32340 rtt_min_us>32340 rtt_max_us>32340 cwnd>33 cwnd_min>33 cwnd_max>33 throughput_kbps>53.596 goodput_kbps>0.000 retrans>0 total_retrans>0 bytes_acked>65018097
18:37:57.125442 TCPINFO flow>3 window>0.100 samples>5 rtt_avg_us>32008 rtt_min_us>32008 rtt_max_us>32008 cwnd>40 cwnd_min>40 cwnd_max>40 throughput_kbps>106.807 goodput_kbps>0.000 retrans>0 total_retrans>0 bytes_acked>27507657
18:37:57.199390 TCPINFO flow>2 window>0.100 samples>189 rtt_avg_us>31624 rtt_min_us>31531 rtt_max_us>31856 cwnd>51 cwnd_min>48 cwnd_max>51 throughput_kbps>16886.702 goodput_kbps>16459.191 retrans>0 total_retrans>0 bytes_acked>46689257
18:37:57.225849 TCPINFO flow>1 window>0.101 samples>348 rtt_avg_us>32297 rtt_min_us>31674 rtt_max_us>32340 cwnd>35 cwnd_min>33 cwnd_max>35 throughput_kbps>11153.231 goodput_kbps>7716.524 retrans>0 total_retrans>0 bytes_acked>65115113
18:37:57.233069 TCPINFO flow>3 window>0.108 samples>215 rtt_avg_us>32005 rtt_min_us>31673 rtt_max_us>32008 cwnd>41 cwnd_min>40 cwnd_max>41 throughput_kbps>13602.535 goodput_kbps>9852.100 retrans>0 total_retrans>0 bytes_acked>27640201
18:37:57.325372 TCPINFO flow>2 window>0.126 samples>211 rtt_avg_us>31648 rtt_min_us>31446 rtt_max_us>31955 cwnd>53 cwnd_min>50 cwnd_max>53 throughput_kbps>17052.341 goodput_kbps>16797.828 retrans>0 total_retrans>0 bytes_acked>46953785
18:37:57.380590 TCPINFO flow>3 window>0.148 samples>172 rtt_avg_us>31891 rtt_min_us>31673 rtt_max_us>32932 cwnd>42 cwnd_min>41 cwnd_max>42 throughput_kbps>13406.851 goodput_kbps>13389.931 retrans>0 total_retrans>0 bytes_acked>27887113
18:37:57.425839 TCPINFO flow>1 window>0.200 samples>155 rtt_avg_us>31835 rtt_min_us>31718 rtt_max_us>31986 cwnd>37 cwnd_min>35 cwnd_max>38 throughput_kbps>11756.428 goodput_kbps>11614.341 retrans>0 total_retrans>0 bytes_acked>65405457
18:37:57.465856 TCPINFO flow>2 window>0.140 samples>127 rtt_avg_us>34070 rtt_min_us>31641 rtt_max_us>35465 cwnd>51 cwnd_min>51 cwnd_max>53 throughput_kbps>16357.165 goodput_kbps>16585.405 retrans>0 total_retrans>0 bytes_acked>47245033
18:37:57.480640 TCPINFO flow>3 window>0.100 samples>133 rtt_avg_us>32252 rtt_min_us>31717 rtt_max_us>32932 cwnd>41 cwnd_min>41 cwnd_max>42 throughput_kbps>13666.127 goodput_kbps>13779.990 retrans>0 total_retrans>0 bytes_acked>28059449
18:37:57.525850 TCPINFO flow>1 window>0.100 samples>151 rtt_avg_us>32072 rtt_min_us>31667 rtt_max_us>32187 cwnd>38 cwnd_min>37 cwnd_max>39 throughput_kbps>12424.873 goodput_kbps>12289.848 retrans>0 total_retrans>0 bytes_acked>65559097
18:37:57.625375 TCPINFO flow>3 window>0.145 samples>163 rtt_avg_us>31787 rtt_min_us>31718 rtt_max_us>31912 cwnd>42 cwnd_min>40 cwnd_max>42 throughput_kbps>13477.431 goodput_kbps>13324.876 retrans>0 total_retrans>0 bytes_acked>28300521
18:37:57.625398 TCPINFO flow>2 window>0.160 samples>32 rtt_avg_us>31635 rtt_min_us>31377 rtt_max_us>31674 cwnd>52 cwnd_min>51 cwnd_max>53 throughput_kbps>10098.507 goodput_kbps>13448.095 retrans>0 total_retrans>0 bytes_acked>47513225
18:37:57.713345 TCPINFO flow>1 window>0.187 samples>135 rtt_avg_us>31812 rtt_min_us>31667 rtt_max_us>31967 cwnd>43 cwnd_min>38 cwnd_max>43 throughput_kbps>13256.716 goodput_kbps>13122.569 retrans>0 total_retrans>0 bytes_acked>65866649
18:37:57.771438 TCPINFO flow>3 window>0.146 samples>178 rtt_avg_us>31730 rtt_min_us>31617 rtt_max_us>31772 cwnd>47 cwnd_min>42 cwnd_max>47 throughput_kbps>15293.346 goodput_kbps>14927.476 retrans>0 total_retrans>0 bytes_acked>28573065
18:37:57.819359 TCPINFO flow>1 window>0.106 samples>134 rtt_avg_us>31824 rtt_min_us>31655 rtt_max_us>31967 cwnd>46 cwnd_min>43 cwnd_max>46 throughput_kbps>14920.897 goodput_kbps>14579.810 retrans>0 total_retrans>0 bytes_acked>66059857
18:37:57.825374 TCPINFO flow>2 window>0.200 samples>3 rtt_avg_us>31377 rtt_min_us>31377 rtt_max_us>31377 cwnd>52 cwnd_min>52 cwnd_max>52 throughput_kbps>0.000 goodput_kbps>0.000 retrans>0 total_retrans>0 bytes_acked>47513225
18:37:57.902107 TCPINFO flow>3 window>0.131 samples>177 rtt_avg_us>31621 rtt_min_us>31535 rtt_max_us>31665 cwnd>51 cwnd_min>47 cwnd_max>51 throughput_kbps>16358.892 goodput_kbps>16031.714 retrans>0 total_retrans>0 bytes_acked>28834921
18:37:57.919373 TCPINFO flow>1 window>0.100 samples>134 rtt_avg_us>31699 rtt_min_us>31653 rtt_max_us>31895 cwnd>49 cwnd_min>46 cwnd_max>49 throughput_kbps>15709.161 goodput_kbps>15602.296 retrans>0 total_retrans>0 bytes_acked>66254913
18:37:58.019373 TCPINFO flow>1 window>0.100 samples>172 rtt_avg_us>31753 rtt_min_us>31636 rtt_max_us>31895 cwnd>52 cwnd_min>49 cwnd_max>52 throughput_kbps>17100.800 goodput_kbps>16459.520 retrans>0 total_retrans>0 bytes_acked>66460657
18:37:58.025358 TCPINFO flow>3 window>0.123 samples>222 rtt_avg_us>31579 rtt_min_us>31470 rtt_max_us>31735 cwnd>55 cwnd_min>51 cwnd_max>55 throughput_kbps>17603.622 goodput_kbps>17343.470 retrans>0 total_retrans>0 bytes_acked>29102121
18:37:58.025369 TCPINFO flow>2 window>0.200 samples>3 rtt_avg_us>31377 rtt_min_us>31377 rtt_max_us>31377 cwnd>52 cwnd_min>52 cwnd_max>52 throughput_kbps>0.000 goodput_kbps>0.000 retrans>0 total_retrans>0 bytes_acked>47513225
18:37:58.119474 TCPINFO flow>1 window>0.100 samples>242 rtt_avg_us>31624 rtt_min_us>31436 rtt_max_us>31824 cwnd>54 cwnd_min>52 cwnd_max>55 throughput_kbps>18151.267 goodput_kbps>17724.179 retrans>0 total_retrans>0 bytes_acked>66682433
18:37:58.125375 TCPINFO flow>3 window>0.100 samples>173 rtt_avg_us>31655 rtt_min_us>31546 rtt_max_us>31890 cwnd>57 cwnd_min>55 cwnd_max>57 throughput_kbps>18914.545 goodput_kbps>18593.959 retrans>0 total_retrans>0 bytes_acked>29334585
18:37:58.125381 TCPINFO flow>2 window>0.100 samples>4 rtt_avg_us>31377 rtt_min_us>31377 rtt_max_us>31377 cwnd>52 cwnd_min>52 cwnd_max>52 throughput_kbps>106.867 goodput_kbps>0.000 retrans>0 total_retrans>0 bytes_acked>47513225
18:37:58.219581 TCPINFO flow>1 window>0.100 samples>112 rtt_avg_us>31480 rtt_min_us>31261 rtt_max_us>31656 cwnd>55 cwnd_min>54 cwnd_max>55 throughput_kbps>18478.788 goodput_kbps>18470.477 retrans>0 total_retrans>0 bytes_acked>66913561
18:37:58.233656 TCPINFO flow>2 window>0.108 samples>275 rtt_avg_us>31377 rtt_min_us>31363 rtt_max_us>31444 cwnd>51 cwnd_min>51 cwnd_max>52 throughput_kbps>17570.667 goodput_kbps>12733.798 retrans>0 total_retrans>0 bytes_acked>47685569
18:37:58.236179 TCPINFO flow>3 window>0.111 samples>134 rtt_avg_us>31613 rtt_min_us>31477 rtt_max_us>31757 cwnd>59 cwnd_min>57 cwnd_max>59 throughput_kbps>19533.158 goodput_kbps>19436.699 retrans>0 total_retrans>0 bytes_acked>29603793
18:37:58.325850 TCPINFO flow>1 window>0.106 samples>156 rtt_avg_us>31442 rtt_min_us>31261 rtt_max_us>31621 cwnd>53 cwnd_min>52 cwnd_max>56 throughput_kbps>17913.183 goodput_kbps>18122.162 retrans>0 total_retrans>0 bytes_acked>67154289
18:37:58.417501 TCPINFO flow>2 window>0.184 samples>255 rtt_avg_us>31400 rtt_min_us>31255 rtt_max_us>31768 cwnd>42 cwnd_min>42 cwnd_max>51 throughput_kbps>15073.567 goodput_kbps>15731.513 retrans>0 total_retrans>0 bytes_acked>48047089
18:37:58.425362 TCPINFO flow>3 window>0.189 samples>164 rtt_avg_us>31361 rtt_min_us>31206 rtt_max_us>31509 cwnd>52 cwnd_min>52 cwnd_max>59 throughput_kbps>13943.917 goodput_kbps>17107.668 retrans>0 total_retrans>0 bytes_acked>30008353
18:37:58.425853 TCPINFO flow>1 window>0.100 samples>2 rtt_avg_us>31586 rtt_min_us>31440 rtt_max_us>31731 cwnd>51 cwnd_min>51 cwnd_max>53 throughput_kbps>16565.903 goodput_kbps>16779.657 retrans>0 total_retrans>0 bytes_acked>67364041
18:37:58.525364 TCPINFO flow>2 window>0.108 samples>134 rtt_avg_us>31768 rtt_min_us>31413 rtt_max_us>31816 cwnd>45 cwnd_min>42 cwnd_max>45 throughput_kbps>14566.033 goodput_kbps>13940.054 retrans>0 total_retrans>0 bytes_acked>48235041
18:37:58.525862 TCPINFO flow>1 window>0.100 samples>2 rtt_avg_us>31624 rtt_min_us>31516 rtt_max_us>31731 cwnd>53 cwnd_min>51 cwnd_max>53 throughput_kbps>7035.527 goodput_kbps>12379.046 retrans>0 total_retrans>0 bytes_acked>67518793
18:37:58.625360 TCPINFO flow>3 window>0.200 samples>3 rtt_avg_us>31464 rtt_min_us>31464 rtt_max_us>31464 cwnd>52 cwnd_min>52 cwnd_max>52 throughput_kbps>0.000 goodput_kbps>0.000 retrans>0 total_retrans>0 bytes_acked>30008353
18:37:58.625367 TCPINFO flow>2 window>0.100 samples>134 rtt_avg_us>31522 rtt_min_us>31413 rtt_max_us>31713 cwnd>49 cwnd_min>45 cwnd_max>49 throughput_kbps>16031.519 goodput_kbps>15817.765 retrans>0 total_retrans>0 bytes_acked>48432769
18:37:58.725362 TCPINFO flow>3 window>0.100 samples>2 rtt_avg_us>31464 rtt_min_us>31464 rtt_max_us>31464 cwnd>52 cwnd_min>52 cwnd_max>52 throughput_kbps>0.000 goodput_kbps>0.000 retrans>0 total_retrans>0 bytes_acked>30008353
18:37:58.725369 TCPINFO flow>2 window>0.100 samples>177 rtt_avg_us>31546 rtt_min_us>31399 rtt_max_us>31713 cwnd>52 cwnd_min>49 cwnd_max>52 throughput_kbps>16993.580 goodput_kbps>16672.947 retrans>0 total_retrans>0 bytes_acked>48641185
18:37:58.725854 TCPINFO flow>1 window>0.200 samples>3 rtt_avg_us>31516 rtt_min_us>31516 rtt_max_us>31516 cwnd>53 cwnd_min>53 cwnd_max>53 throughput_kbps>0.000 goodput_kbps>0.000 retrans>0 total_retrans>0 bytes_acked>67518793
18:37:58.825368 TCPINFO flow>3 window>0.100 samples>2 rtt_avg_us>31464 rtt_min_us>31464 rtt_max_us>31464 cwnd>52 cwnd_min>52 cwnd_max>52 throughput_kbps>0.000 goodput_kbps>0.000 retrans>0 total_retrans>0 bytes_acked>30008353
18:37:58.825374 TCPINFO flow>2 window>0.100 samples>223 rtt_avg_us>31593 rtt_min_us>31463 rtt_max_us>32130 cwnd>55 cwnd_min>52 cwnd_max>55 throughput_kbps>17741.193 goodput_kbps>17741.193 retrans>0 total_retrans>0 bytes_acked>48862961
18:37:58.925855 TCPINFO flow>1 window>0.200 samples>3 rtt_avg_us>31516 rtt_min_us>31516 rtt_max_us>31516 cwnd>53 cwnd_min>53 cwnd_max>53 throughput_kbps>0.000 goodput_kbps>0.000 retrans>0 total_retrans>0 bytes_acked>67518793
18:37:58.972169 TCPINFO flow>2 window>0.147 samples>135 rtt_avg_us>31378 rtt_min_us>31331 rtt_max_us>31967 cwnd>59 cwnd_min>55 cwnd_max>59 throughput_kbps>19367.199 goodput_kbps>19075.963 retrans>0 total_retrans>0 bytes_acked>49212993
18:37:59.025377 TCPINFO flow>3 window>0.200 samples>3 rtt_avg_us>31464 rtt_min_us>31464 rtt_max_us>31464 cwnd>52 cwnd_min>52 cwnd_max>52 throughput_kbps>0.000 goodput_kbps>0.000 retrans>0 total_retrans>0 bytes_acked>30008353
18:37:59.025855 TCPINFO flow>1 window>0.100 samples>2 rtt_avg_us>31516 rtt_min_us>31516 rtt_max_us>31516 cwnd>53 cwnd_min>53 cwnd_max>53 throughput_kbps>0.000 goodput_kbps>0.000 retrans>0 total_retrans>0 bytes_acked>67518793
18:37:59.125365 TCPINFO flow>2 window>0.153 samples>265 rtt_avg_us>31460 rtt_min_us>31255 rtt_max_us>31604 cwnd>64 cwnd_min>59 cwnd_max>64 throughput_kbps>21139.351 goodput_kbps>20441.683 retrans>0 total_retrans>0 bytes_acked>49604441
18:37:59.125444 TCPINFO flow>3 window>0.100 samples>5 rtt_avg_us>31464 rtt_min_us>31464 rtt_max_us>31464 cwnd>52 cwnd_min>52 cwnd_max>52 throughput_kbps>106.808 goodput_kbps>0.000 retrans>0 total_retrans>0 bytes_acked>30008353
18:37:59.125865 TCPINFO flow>1 window>0.100 samples>8 rtt_avg_us>31516 rtt_min_us>31516 rtt_max_us>31516 cwnd>53 cwnd_min>53 cwnd_max>53 throughput_kbps>213.739 goodput_kbps>0.000 retrans>0 total_retrans>0 bytes_acked>67518793
18:37:59.225366 TCPINFO flow>2 window>0.100 samples>135 rtt_avg_us>31313 rtt_min_us>31213 rtt_max_us>31760 cwnd>65 cwnd_min>64 cwnd_max>65 throughput_kbps>21488.425 goodput_kbps>21592.744 retrans>0 total_retrans>0 bytes_acked>49874353
18:37:59.225454 TCPINFO flow>3 window>0.100 samples>297 rtt_avg_us>31610 rtt_min_us>31464 rtt_max_us>32256 cwnd>51 cwnd_min>51 cwnd_max>52 throughput_kbps>16473.873 goodput_kbps>11698.670 retrans>0 total_retrans>0 bytes_acked>30154601
18:37:59.252704 TCPINFO flow>1 window>0.127 samples>330 rtt_avg_us>31508 rtt_min_us>31305 rtt_max_us>31595 cwnd>50 cwnd_min>50 cwnd_max>53 throughput_kbps>16804.421 goodput_kbps>13040.784 retrans>0 total_retrans>0 bytes_acked>67725553
18:37:59.325368 TCPINFO flow>2 window>0.100 samples>2 rtt_avg_us>33166 rtt_min_us>31760 rtt_max_us>34571 cwnd>65 cwnd_min>65 cwnd_max>65 throughput_kbps>4429.351 goodput_kbps>11165.217 retrans>0 total_retrans>0 bytes_acked>50013921
18:37:59.352796 TCPINFO flow>1 window>0.100 samples>183 rtt_avg_us>31645 rtt_min_us>31538 rtt_max_us>31844 cwnd>52 cwnd_min>50 cwnd_max>52 throughput_kbps>16810.135 goodput_kbps>16347.201 retrans>0 total_retrans>0 bytes_acked>67930081
18:37:59.353548 TCPINFO flow>3 window>0.128 samples>95 rtt_avg_us>31715 rtt_min_us>31543 rtt_max_us>31847 cwnd>49 cwnd_min>47 cwnd_max>51 throughput_kbps>15425.672 goodput_kbps>15315.752 retrans>0 total_retrans>0 bytes_acked>30399833
18:37:59.452797 TCPINFO flow>1 window>0.100 samples>221 rtt_avg_us>31589 rtt_min_us>31452 rtt_max_us>31716 cwnd>51 cwnd_min>51 cwnd_max>53 throughput_kbps>17635.024 goodput_kbps>17848.782 retrans>0 total_retrans>0 bytes_acked>68153193
18:37:59.453644 TCPINFO flow>3 window>0.100 samples>222 rtt_avg_us>31536 rtt_min_us>31375 rtt_max_us>31663 cwnd>47 cwnd_min>47 cwnd_max>49 throughput_kbps>16126.598 goodput_kbps>16374.041 retrans>0 total_retrans>0 bytes_acked>30604705
18:37:59.525372 TCPINFO flow>2 window>0.200 samples>3 rtt_avg_us>34571 rtt_min_us>34571 rtt_max_us>34571 cwnd>65 cwnd_min>65 cwnd_max>65 throughput_kbps>0.000 goodput_kbps>0.000 retrans>0 total_retrans>0 bytes_acked>50013921
18:37:59.554364 TCPINFO flow>1 window>0.102 samples>42 rtt_avg_us>31486 rtt_min_us>31429 rtt_max_us>31511 cwnd>47 cwnd_min>47 cwnd_max>51 throughput_kbps>16086.485 goodput_kbps>16637.215 retrans>0 total_retrans>0 bytes_acked>68364417
18:37:59.585367 TCPINFO flow>3 window>0.132 samples>91 rtt_avg_us>31415 rtt_min_us>31357 rtt_max_us>31526 cwnd>44 cwnd_min>44 cwnd_max>47 throughput_kbps>14490.529 goodput_kbps>14861.733 retrans>0 total_retrans>0 bytes_acked>30849409
18:37:59.654396 TCPINFO flow>1 window>0.100 samples>174 rtt_avg_us>31497 rtt_min_us>31447 rtt_max_us>31588 cwnd>46 cwnd_min>46 cwnd_max>48 throughput_kbps>15454.894 goodput_kbps>15384.517 retrans>0 total_retrans>0 bytes_acked>68556785
18:37:59.725374 TCPINFO flow>3 window>0.140 samples>196 rtt_avg_us>31780 rtt_min_us>31333 rtt_max_us>32174 cwnd>43 cwnd_min>41 cwnd_max>44 throughput_kbps>13893.705 goodput_kbps>13749.255 retrans>0 total_retrans>0 bytes_acked>31090033
18:37:59.725381 TCPINFO flow>2 window>0.200 samples>3 rtt_avg_us>34571 rtt_min_us>34571 rtt_max_us>34571 cwnd>65 cwnd_min>65 cwnd_max>65 throughput_kbps>0.000 goodput_kbps>0.000 retrans>0 total_retrans>0 bytes_acked>50013921
18:37:59.754423 TCPINFO flow>1 window>0.100 samples>162 rtt_avg_us>31452 rtt_min_us>31377 rtt_max_us>31549 cwnd>45 cwnd_min>44 cwnd_max>46 throughput_kbps>15172.863 goodput_kbps>15111.440 retrans>0 total_retrans>0 bytes_acked>68745729
18:37:59.854496 TCPINFO flow>1 window>0.100 samples>69 rtt_avg_us>31506 rtt_min_us>31491 rtt_max_us>31518 cwnd>45 cwnd_min>45 cwnd_max>45 throughput_kbps>14940.773 goodput_kbps>14952.285 retrans>0 total_retrans>0 bytes_acked>68932769
18:37:59.883614 TCPINFO flow>3 window>0.158 samples>173 rtt_avg_us>31651 rtt_min_us>31495 rtt_max_us>31886 cwnd>44 cwnd_min>43 cwnd_max>44 throughput_kbps>14646.714 goodput_kbps>14706.977 retrans>0 total_retrans>0 bytes_acked>31380937
18:37:59.925408 TCPINFO flow>2 window>0.200 samples>3 rtt_avg_us>34571 rtt_min_us>34571 rtt_max_us>34571 cwnd>65 cwnd_min>65 cwnd_max>65 throughput_kbps>0.000 goodput_kbps>0.000 retrans>0 total_retrans>0 bytes_acked>50013921
18:37:59.954595 TCPINFO flow>1 window>0.100 samples>131 rtt_avg_us>31507 rtt_min_us>31467 rtt_max_us>31729 cwnd>46 cwnd_min>45 cwnd_max>47 throughput_kbps>14958.631 goodput_kbps>15190.082 retrans>0 total_retrans>0 bytes_acked>69122833
18:38:00.025373 TCPINFO flow>3 window>0.142 samples>189 rtt_avg_us>31753 rtt_min_us>31566 rtt_max_us>31944 cwnd>45 cwnd_min>44 cwnd_max>45 throughput_kbps>15079.113 goodput_kbps>14785.657 retrans>0 total_retrans>0 bytes_acked>31642937
18:38:00.070679 TCPINFO flow>1 window>0.116 samples>148 rtt_avg_us>31735 rtt_min_us>31694 rtt_max_us>31815 cwnd>49 cwnd_min>46 cwnd_max>49 throughput_kbps>16020.399 goodput_kbps>15626.753 retrans>0 total_retrans>0 bytes_acked>69349585
18:38:00.125282 ON flow>12 srcPort>40627 dst>fd00:6::2/5405 
18:38:00.125312 TCPINFO flow>2 window>0.200 samples>3 rtt_avg_us>34571 rtt_min_us>34571 rtt_max_us>34571 cwnd>65 cwnd_min>65 cwnd_max>65 throughput_kbps>53.466 goodput_kbps>0.000 retrans>0 total_retrans>0 bytes_acked>50013921
18:38:00.156392 CONNECT flow>12 srcPort>40627 dst>fd00:6::2/5405 
18:38:00.164424 TCPINFO flow>3 window>0.139 samples>178 rtt_avg_us>31678 rtt_min_us>31411 rtt_max_us>31843 cwnd>47 cwnd_min>45 cwnd_max>47 throughput_kbps>15543.534 goodput_kbps>15543.534 retrans>0 total_retrans>0 bytes_acked>31913105
18:38:00.170698 TCPINFO flow>1 window>0.100 samples>192 rtt_avg_us>31653 rtt_min_us>31520 rtt_max_us>31765 cwnd>51 cwnd_min>49 cwnd_max>51 throughput_kbps>16449.355 goodput_kbps>16199.162 retrans>0 total_retrans>0 bytes_acked>69552113
18:38:00.225369 TCPINFO flow>2 window>0.100 samples>278 rtt_avg_us>34560 rtt_min_us>31487 rtt_max_us>34571 cwnd>63 cwnd_min>63 cwnd_max>65 throughput_kbps>20936.546 goodput_kbps>14313.761 retrans>0 total_retrans>0 bytes_acked>50192945
18:38:00.263817 TCPINFO flow>12 window>0.107 samples>54 rtt_avg_us>31258 rtt_min_us>31087 rtt_max_us>37112 cwnd>8 cwnd_min>8 cwnd_max>10 throughput_kbps>2587.387 goodput_kbps>1998.641 retrans>0 total_retrans>0 bytes_acked>26833
18:38:00.318471 TCPINFO flow>3 window>0.154 samples>198 rtt_avg_us>32204 rtt_min_us>31285 rtt_max_us>32732 cwnd>39 cwnd_min>39 cwnd_max>48 throughput_kbps>14204.081 goodput_kbps>14838.900 retrans>0 total_retrans>0 bytes_acked>32198841
18:38:00.325845 TCPINFO flow>1 window>0.155 samples>81 rtt_avg_us>31734 rtt_min_us>31360 rtt_max_us>32090 cwnd>45 cwnd_min>45 cwnd_max>51 throughput_kbps>15531.489 goodput_kbps>15960.914 retrans>0 total_retrans>0 bytes_acked>69861649
18:38:00.378955 TCPINFO flow>2 window>0.154 samples>260 rtt_avg_us>32023 rtt_min_us>31287 rtt_max_us>32873 cwnd>46 cwnd_min>46 cwnd_max>63 throughput_kbps>17660.776 goodput_kbps>19068.821 retrans>0 total_retrans>0 bytes_acked>50559033
18:38:00.409562 TCPINFO flow>12 window>0.146 samples>31 rtt_avg_us>34246 rtt_min_us>33202 rtt_max_us>34468 cwnd>7 cwnd_min>7 cwnd_max>8 throughput_kbps>2346.674 goodput_kbps>2346.674 retrans>0 total_retrans>0 bytes_acked>69585
18:38:00.425369 TCPINFO flow>3 window>0.107 samples>91 rtt_avg_us>31779 rtt_min_us>31420 rtt_max_us>31881 cwnd>32 cwnd_min>32 cwnd_max>40 throughput_kbps>11300.492 goodput_kbps>11785.440 retrans>0 total_retrans>0 bytes_acked>32356321
18:38:00.425850 TCPINFO flow>1 window>0.100 samples>2 rtt_avg_us>31370 rtt_min_us>31360 rtt_max_us>31380 cwnd>36 cwnd_min>36 cwnd_max>45 throughput_kbps>8019.439 goodput_kbps>12626.569 retrans>0 total_retrans>0 bytes_acked>70019489
18:38:00.484423 TCPINFO flow>2 window>0.105 samples>134 rtt_avg_us>31456 rtt_min_us>31359 rtt_max_us>31774 cwnd>44 cwnd_min>43 cwnd_max>47 throughput_kbps>14694.125 goodput_kbps>14670.459 retrans>0 total_retrans>0 bytes_acked>50752441
18:38:00.515207 TCPINFO flow>12 window>0.106 samples>23 rtt_avg_us>34447 rtt_min_us>34050 rtt_max_us>34468 cwnd>9 cwnd_min>7 cwnd_max>9 throughput_kbps>2630.394 goodput_kbps>2529.225 retrans>0 total_retrans>0 bytes_acked>102985
18:38:00.525373 TCPINFO flow>3 window>0.100 samples>2 rtt_avg_us>31673 rtt_min_us>31420 rtt_max_us>31926 cwnd>32 cwnd_min>32 cwnd_max>32 throughput_kbps>8904.604 goodput_kbps>10580.697 retrans>0 total_retrans>0 bytes_acked>32488585
18:38:00.525871 TCPINFO flow>1 window>0.100 samples>2 rtt_avg_us>31380 rtt_min_us>31380 rtt_max_us>31380 cwnd>36 cwnd_min>36 cwnd_max>36 throughput_kbps>0.000 goodput_kbps>0.000 retrans>0 total_retrans>0 bytes_acked>70019489
18:38:00.585045 TCPINFO flow>2 window>0.101 samples>134 rtt_avg_us>31713 rtt_min_us>31489 rtt_max_us>31774 cwnd>48 cwnd_min>44 cwnd_max>48 throughput_kbps>15508.020 goodput_kbps>15295.581 retrans>0 total_retrans>0 bytes_acked>50944825
18:38:00.625305 TCPINFO flow>12 window>0.110 samples>44 rtt_avg_us>34224 rtt_min_us>34025 rtt_max_us>34399 cwnd>12 cwnd_min>9 cwnd_max>12 throughput_kbps>3300.623 goodput_kbps>2912.314 retrans>0 total_retrans>0 bytes_acked>143065
18:38:00.625374 TCPINFO flow>3 window>0.100 samples>2 rtt_avg_us>31800 rtt_min_us>31674 rtt_max_us>31926 cwnd>32 cwnd_min>32 cwnd_max>32 throughput_kbps>0.000 goodput_kbps>1637.104 retrans>0 total_retrans>0 bytes_acked>32509049
18:38:00.685109 TCPINFO flow>2 window>0.100 samples>166 rtt_avg_us>31528 rtt_min_us>31489 rtt_max_us>31663 cwnd>51 cwnd_min>48 cwnd_max>51 throughput_kbps>16769.428 goodput_kbps>16235.369 retrans>0 total_retrans>0 bytes_acked>51147897
18:38:00.725306 TCPINFO flow>12 window>0.100 samples>25 rtt_avg_us>32645 rtt_min_us>32581 rtt_max_us>34025 cwnd>15 cwnd_min>12 cwnd_max>15 throughput_kbps>4595.794 goodput_kbps>4275.157 retrans>0 total_retrans>0 bytes_acked>196505
18:38:00.725375 TCPINFO flow>3 window>0.100 samples>2 rtt_avg_us>31674 rtt_min_us>31674 rtt_max_us>31674 cwnd>32 cwnd_min>32 cwnd_max>32 throughput_kbps>0.000 goodput_kbps>0.000 retrans>0 total_retrans>0 bytes_acked>32509049
18:38:00.725854 TCPINFO flow>1 window>0.200 samples>3 rtt_avg_us>31380 rtt_min_us>31380 rtt_max_us>31380 cwnd>36 cwnd_min>36 cwnd_max>36 throughput_kbps>0.000 goodput_kbps>0.000 retrans>0 total_retrans>0 bytes_acked>70019489
18:38:00.785206 TCPINFO flow>2 window>0.100 samples>229 rtt_avg_us>31522 rtt_min_us>31410 rtt_max_us>31700 cwnd>54 cwnd_min>51 cwnd_max>54 throughput_kbps>17618.110 goodput_kbps>17297.781 retrans>0 total_retrans>0 bytes_acked>51364329
18:38:00.827524 TCPINFO flow>12 window>0.102 samples>41 rtt_avg_us>32373 rtt_min_us>32295 rtt_max_us>32728 cwnd>18 cwnd_min>15 cwnd_max>18 throughput_kbps>5541.725 goodput_kbps>5332.603 retrans>0 total_retrans>0 bytes_acked>264641
18:38:00.925366 TCPINFO flow>3 window>0.200 samples>3 rtt_avg_us>31674 rtt_min_us>31674 rtt_max_us>31674 cwnd>32 cwnd_min>32 cwnd_max>32 throughput_kbps>0.000 goodput_kbps>0.000 retrans>0 total_retrans>0 bytes_acked>32509049
18:38:00.925372 TCPINFO flow>2 window>0.140 samples>139 rtt_avg_us>31573 rtt_min_us>31410 rtt_max_us>31710 cwnd>58 cwnd_min>54 cwnd_max>58 throughput_kbps>18758.101 goodput_kbps>18453.091 retrans>0 total_retrans>0 bytes_acked>51687641
18:38:00.925866 TCPINFO flow>1 window>0.200 samples>3 rtt_avg_us>31380 rtt_min_us>31380 rtt_max_us>31380 cwnd>36 cwnd_min>36 cwnd_max>36 throughput_kbps>0.000 goodput_kbps>0.000 retrans>0 total_retrans>0 bytes_acked>70019489
18:38:01.008361 TCPINFO flow>12 window>0.181 samples>108 rtt_avg_us>32373 rtt_min_us>32083 rtt_max_us>32452 cwnd>24 cwnd_min>18 cwnd_max>24 throughput_kbps>6915.045 goodput_kbps>6619.530 retrans>0 total_retrans>0 bytes_acked>414273
18:38:01.025376 TCPINFO flow>3 window>0.100 samples>2 rtt_avg_us>31674 rtt_min_us>31674 rtt_max_us>31674 cwnd>32 cwnd_min>32 cwnd_max>32 throughput_kbps>0.000 goodput_kbps>0.000 retrans>0 total_retrans>0 bytes_acked>32509049
18:38:01.025382 TCPINFO flow>2 window>0.100 samples>202 rtt_avg_us>31552 rtt_min_us>31410 rtt_max_us>31664 cwnd>61 cwnd_min>58 cwnd_max>61 throughput_kbps>20091.431 goodput_kbps>19663.954 retrans>0 total_retrans>0 bytes_acked>51933465
18:38:01.125291 TCPINFO flow>1 window>0.199 samples>3 rtt_avg_us>31380 rtt_min_us>31380 rtt_max_us>31380 cwnd>36 cwnd_min>36 cwnd_max>36 throughput_kbps>53.594 goodput_kbps>0.000 retrans>0 total_retrans>0 bytes_acked>70019489
18:38:01.125299 TCPINFO flow>12 window>0.117 samples>104 rtt_avg_us>32151 rtt_min_us>32083 rtt_max_us>32284 cwnd>27 cwnd_min>24 cwnd_max>27 throughput_kbps>8408.695 goodput_kbps>8043.100 retrans>0 total_retrans>0 bytes_acked>531841
18:38:01.125432 TCPINFO flow>3 window>0.100 samples>5 rtt_avg_us>31674 rtt_min_us>31674 rtt_max_us>31674 cwnd>32 cwnd_min>32 cwnd_max>32 throughput_kbps>106.820 goodput_kbps>0.000 retrans>0 total_retrans>0 bytes_acked>32509049
18:38:01.225319 TCPINFO flow>12 window>0.100 samples>70 rtt_avg_us>32046 rtt_min_us>31653 rtt_max_us>32349 cwnd>29 cwnd_min>27 cwnd_max>29 throughput_kbps>9089.382 goodput_kbps>8946.051 retrans>0 total_retrans>0 bytes_acked>643689
18:38:01.225382 TCPINFO flow>2 window>0.200 samples>194 rtt_avg_us>31436 rtt_min_us>31336 rtt_max_us>31689 cwnd>64 cwnd_min>61 cwnd_max>64 throughput_kbps>19986.240 goodput_kbps>21108.800 retrans>0 total_retrans>0 bytes_acked>52461185
18:38:01.225847 TCPINFO flow>1 window>0.101 samples>352 rtt_avg_us>31376 rtt_min_us>31315 rtt_max_us>31782 cwnd>34 cwnd_min>34 cwnd_max>37 throughput_kbps>11289.550 goodput_kbps>7922.033 retrans>0 total_retrans>0 bytes_acked>70119065
18:38:01.246585 TCPINFO flow>3 window>0.121 samples>214 rtt_avg_us>31679 rtt_min_us>31674 rtt_max_us>32390 cwnd>29 cwnd_min>29 cwnd_max>32 throughput_kbps>10009.954 goodput_kbps>7825.081 retrans>0 total_retrans>0 bytes_acked>32627553
18:38:01.325850 TCPINFO flow>1 window>0.100 samples>122 rtt_avg_us>31904 rtt_min_us>31782 rtt_max_us>32117 cwnd>31 cwnd_min>31 cwnd_max>34 throughput_kbps>9926.102 goodput_kbps>10344.650 retrans>0 total_retrans>0 bytes_acked>70248377
18:38:01.357924 TCPINFO flow>3 window>0.111 samples>89 rtt_avg_us>31797 rtt_min_us>31605 rtt_max_us>32330 cwnd>30 cwnd_min>29 cwnd_max>30 throughput_kbps>9387.402 goodput_kbps>9228.177 retrans>0 total_retrans>0 bytes_acked>32755985
18:38:01.369907 TCPINFO flow>12 window>0.145 samples>120 rtt_avg_us>32052 rtt_min_us>31713 rtt_max_us>32366 cwnd>32 cwnd_min>28 cwnd_max>32 throughput_kbps>9905.331 goodput_kbps>9634.880 retrans>0 total_retrans>0 bytes_acked>817825
18:38:01.425370 TCPINFO flow>2 window>0.200 samples>3 rtt_avg_us>31568 rtt_min_us>31425 rtt_max_us>31639 cwnd>64 cwnd_min>64 cwnd_max>64 throughput_kbps>0.000 goodput_kbps>2137.408 retrans>0 total_retrans>0 bytes_acked>52514617
18:38:01.460160 TCPINFO flow>3 window>0.102 samples>90 rtt_avg_us>32316 rtt_min_us>31737 rtt_max_us>32406 cwnd>33 cwnd_min>30 cwnd_max>33 throughput_kbps>10630.150 goodput_kbps>10151.884 retrans>0 total_retrans>0 bytes_acked>32885721
18:38:01.462682 TCPINFO flow>1 window>0.137 samples>14 rtt_avg_us>32072 rtt_min_us>31794 rtt_max_us>32117 cwnd>33 cwnd_min>31 cwnd_max>33 throughput_kbps>10723.106 goodput_kbps>10470.533 retrans>0 total_retrans>0 bytes_acked>70427465
18:38:01.511716 TCPINFO flow>12 window>0.142 samples>139 rtt_avg_us>32392 rtt_min_us>31970 rtt_max_us>32895 cwnd>36 cwnd_min>32 cwnd_max>36 throughput_kbps>11154.609 goodput_kbps>10853.133 retrans>0 total_retrans>0 bytes_acked>1010209
18:38:01.525371 TCPINFO flow>2 window>0.100 samples>2 rtt_avg_us>31639 rtt_min_us>31639 rtt_max_us>31639 cwnd>64 cwnd_min>64 cwnd_max>64 throughput_kbps>0.000 goodput_kbps>0.000 retrans>0 total_retrans>0 bytes_acked>52514617
18:38:01.560232 TCPINFO flow>3 window>0.100 samples>138 rtt_avg_us>31900 rtt_min_us>31687 rtt_max_us>32178 cwnd>35 cwnd_min>33 cwnd_max>35 throughput_kbps>11641.538 goodput_kbps>11321.129 retrans>0 total_retrans>0 bytes_acked>33027337
18:38:01.605141 TCPINFO flow>1 window>0.142 samples>141 rtt_avg_us>31735 rtt_min_us>31624 rtt_max_us>31915 cwnd>37 cwnd_min>33 cwnd_max>37 throughput_kbps>11853.965 goodput_kbps>11553.865 retrans>0 total_retrans>0 bytes_acked>70633209
18:38:01.625300 TCPINFO flow>12 window>0.114 samples>135 rtt_avg_us>31900 rtt_min_us>31645 rtt_max_us>32188 cwnd>39 cwnd_min>36 cwnd_max>39 throughput_kbps>12609.100 goodput_kbps>12326.807 retrans>0 total_retrans>0 bytes_acked>1185225
18:38:01.725368 TCPINFO flow>3 window>0.165 samples>131 rtt_avg_us>31811 rtt_min_us>31624 rtt_max_us>32223 cwnd>38 cwnd_min>35 cwnd_max>38 throughput_kbps>11874.431 goodput_kbps>11939.153 retrans>0 total_retrans>0 bytes_acked>33273785
18:38:01.725375 TCPINFO flow>2 window>0.200 samples>3 rtt_avg_us>31639 rtt_min_us>31639 rtt_max_us>31639 cwnd>64 cwnd_min>64 cwnd_max>64 throughput_kbps>0.000 goodput_kbps>0.000 retrans>0 total_retrans>0 bytes_acked>52514617
18:38:01.725846 TCPINFO flow>1 window>0.121 samples>134 rtt_avg_us>31652 rtt_min_us>31600 rtt_max_us>32287 cwnd>37 cwnd_min>36 cwnd_max>37 throughput_kbps>11811.673 goodput_kbps>11988.766 retrans>0 total_retrans>0 bytes_acked>70814097
18:38:01.753350 TCPINFO flow>12 window>0.128 samples>133 rtt_avg_us>31711 rtt_min_us>31586 rtt_max_us>31994 cwnd>40 cwnd_min>38 cwnd_max>40 throughput_kbps>12770.512 goodput_kbps>12687.044 retrans>0 total_retrans>0 bytes_acked>1388297
18:38:01.825369 TCPINFO flow>3 window>0.100 samples>216 rtt_avg_us>31885 rtt_min_us>31673 rtt_max_us>32223 cwnd>41 cwnd_min>38 cwnd_max>41 throughput_kbps>13466.745 goodput_kbps>12825.472 retrans>0 total_retrans>0 bytes_acked>33434105
18:38:01.825393 TCPINFO flow>2 window>0.100 samples>2 rtt_avg_us>31639 rtt_min_us>31639 rtt_max_us>31639 cwnd>64 cwnd_min>64 cwnd_max>64 throughput_kbps>0.000 goodput_kbps>0.000 retrans>0 total_retrans>0 bytes_acked>52514617
18:38:01.825847 TCPINFO flow>1 window>0.100 samples>138 rtt_avg_us>32046 rtt_min_us>31966 rtt_max_us>32287 cwnd>37 cwnd_min>36 cwnd_max>38 throughput_kbps>12291.077 goodput_kbps>12184.198 retrans>0 total_retrans>0 bytes_acked>70966401
18:38:01.855649 TCPINFO flow>12 window>0.102 samples>122 rtt_avg_us>31760 rtt_min_us>31589 rtt_max_us>31900 cwnd>41 cwnd_min>40 cwnd_max>41 throughput_kbps>13477.668 goodput_kbps>13582.146 retrans>0 total_retrans>0 bytes_acked>1561977
18:38:01.925442 TCPINFO flow>3 window>0.100 samples>73 rtt_avg_us>32003 rtt_min_us>31697 rtt_max_us>32132 cwnd>42 cwnd_min>41 cwnd_max>43 throughput_kbps>13838.218 goodput_kbps>13845.253 retrans>0 total_retrans>0 bytes_acked>33607297
18:38:01.988598 TCPINFO flow>12 window>0.133 samples>155 rtt_avg_us>31905 rtt_min_us>31736 rtt_max_us>32150 cwnd>42 cwnd_min>41 cwnd_max>42 throughput_kbps>13700.772 goodput_kbps>13459.597 retrans>0 total_retrans>0 bytes_acked>1785657
18:38:01.988908 TCPINFO flow>1 window>0.163 samples>135 rtt_avg_us>31703 rtt_min_us>31645 rtt_max_us>32026 cwnd>37 cwnd_min>37 cwnd_max>38 throughput_kbps>12233.164 goodput_kbps>12233.164 retrans>0 total_retrans>0 bytes_acked>71215745
18:38:02.025371 TCPINFO flow>2 window>0.200 samples>3 rtt_avg_us>31639 rtt_min_us>31639 rtt_max_us>31639 cwnd>64 cwnd_min>64 cwnd_max>64 throughput_kbps>0.000 goodput_kbps>0.000 retrans>0 total_retrans>0 bytes_acked>52514617
18:38:02.058316 TCPINFO flow>3 window>0.133 samples>101 rtt_avg_us>31817 rtt_min_us>31740 rtt_max_us>31926 cwnd>44 cwnd_min>42 cwnd_max>44 throughput_kbps>14559.116 goodput_kbps>14392.944 retrans>0 total_retrans>0 bytes_acked>33846353
18:38:02.114891 TCPINFO flow>12 window>0.126 samples>156 rtt_avg_us>31788 rtt_min_us>31506 rtt_max_us>32002 cwnd>45 cwnd_min>42 cwnd_max>45 throughput_kbps>14022.503 goodput_kbps>13937.875 retrans>0 total_retrans>0 bytes_acked>2005689
18:38:02.125455 TCPINFO flow>2 window>0.100 samples>5 rtt_avg_us>31639 rtt_min_us>31639 rtt_max_us>31639 cwnd>64 cwnd_min>64 cwnd_max>64 throughput_kbps>106.790 goodput_kbps>0.000 retrans>0 total_retrans>0 bytes_acked>52514617
18:38:02.125850 TCPINFO flow>1 window>0.137 samples>146 rtt_avg_us>31854 rtt_min_us>31625 rtt_max_us>31917 cwnd>40 cwnd_min>36 cwnd_max>40 throughput_kbps>12799.813 goodput_kbps>12487.622 retrans>0 total_retrans>0 bytes_acked>71429505
18:38:02.190676 TCPINFO flow>3 window>0.132 samples>170 rtt_avg_us>32021 rtt_min_us>31901 rtt_max_us>32858 cwnd>46 cwnd_min>44 cwnd_max>46 throughput_kbps>14592.445 goodput_kbps>14753.944 retrans>0 total_retrans>0 bytes_acked>34090457
18:38:02.214901 TCPINFO flow>12 window>0.100 samples>164 rtt_avg_us>32171 rtt_min_us>31861 rtt_max_us>32580 cwnd>44 cwnd_min>44 cwnd_max>46 throughput_kbps>14854.835 goodput_kbps>14854.835 retrans>0 total_retrans>0 bytes_acked>2191393
18:38:02.228200 TCPINFO flow>2 window>0.103 samples>276 rtt_avg_us>31641 rtt_min_us>31639 rtt_max_us>31967 cwnd>59 cwnd_min>59 cwnd_max>64 throughput_kbps>19460.061 goodput_kbps>14075.079 retrans>0 total_retrans>0 bytes_acked>52695385
18:38:02.245477 TCPINFO flow>1 window>0.120 samples>133 rtt_avg_us>31849 rtt_min_us>31772 rtt_max_us>32083 cwnd>38 cwnd_min>38 cwnd_max>40 throughput_kbps>12418.334 goodput_kbps>12707.232 retrans>0 total_retrans>0 bytes_acked>71619521
18:38:02.325290 TCPINFO flow>12 window>0.110 samples>102 rtt_avg_us>32312 rtt_min_us>31644 rtt_max_us>32778 cwnd>40 cwnd_min>40 cwnd_max>44 throughput_kbps>13319.588 goodput_kbps>13554.974 retrans>0 total_retrans>0 bytes_acked>2378433
18:38:02.325361 TCPINFO flow>3 window>0.135 samples>198 rtt_avg_us>32774 rtt_min_us>31627 rtt_max_us>33191 cwnd>39 cwnd_min>39 cwnd_max>46 throughput_kbps>13272.332 goodput_kbps>13431.043 retrans>0 total_retrans>0 bytes_acked>34316577
18:38:02.328253 TCPINFO flow>2 window>0.100 samples>265 rtt_avg_us>31708 rtt_min_us>31527 rtt_max_us>31912 cwnd>46 cwnd_min>46 cwnd_max>59 throughput_kbps>15916.684 goodput_kbps>16639.501 retrans>0 total_retrans>0 bytes_acked>52903489
18:38:02.373802 TCPINFO flow>1 window>0.128 samples>133 rtt_avg_us>31695 rtt_min_us>31560 rtt_max_us>32022 cwnd>33 cwnd_min>33 cwnd_max>38 throughput_kbps>10944.212 goodput_kbps>11478.356 retrans>0 total_retrans>0 bytes_acked>71803641
18:38:02.425292 TCPINFO flow>12 window>0.100 samples>156 rtt_avg_us>31854 rtt_min_us>31644 rtt_max_us>32106 cwnd>35 cwnd_min>35 cwnd_max>40 throughput_kbps>11706.646 goodput_kbps>12194.956 retrans>0 total_retrans>0 bytes_acked>2530873
18:38:02.425362 TCPINFO flow>3 window>0.100 samples>89 rtt_avg_us>31797 rtt_min_us>31627 rtt_max_us>31883 cwnd>33 cwnd_min>33 cwnd_max>39 throughput_kbps>10998.930 goodput_kbps>11878.921 retrans>0 total_retrans>0 bytes_acked>34465065
18:38:02.525364 TCPINFO flow>2 window>0.197 samples>135 rtt_avg_us>31575 rtt_min_us>31449 rtt_max_us>31775 cwnd>43 cwnd_min>39 cwnd_max>46 throughput_kbps>13772.707 goodput_kbps>14043.823 retrans>0 total_retrans>0 bytes_acked>53249513
18:38:02.525846 TCPINFO flow>1 window>0.152 samples>129 rtt_avg_us>31934 rtt_min_us>31819 rtt_max_us>32080 cwnd>29 cwnd_min>28 cwnd_max>33 throughput_kbps>9227.645 goodput_kbps>9252.480 retrans>0 total_retrans>0 bytes_acked>71979489
18:38:02.545922 TCPINFO flow>3 window>0.121 samples>91 rtt_avg_us>31940 rtt_min_us>31883 rtt_max_us>32227 cwnd>34 cwnd_min>33 cwnd_max>34 throughput_kbps>10992.966 goodput_kbps>10706.304 retrans>0 total_retrans>0 bytes_acked>34626409
18:38:02.561852 TCPINFO flow>12 window>0.137 samples>90 rtt_avg_us>31863 rtt_min_us>31710 rtt_max_us>32143 cwnd>35 cwnd_min>34 cwnd_max>36 throughput_kbps>11658.817 goodput_kbps>11737.083 retrans>0 total_retrans>0 bytes_acked>2731225
18:38:02.625365 TCPINFO flow>2 window>0.100 samples>116 rtt_avg_us>31610 rtt_min_us>31509 rtt_max_us>31711 cwnd>43 cwnd_min>43 cwnd_max>43 throughput_kbps>14321.777 goodput_kbps>14108.019 retrans>0 total_retrans>0 bytes_acked>53425865
18:38:02.700454 TCPINFO flow>1 window>0.175 samples>143 rtt_avg_us>31944 rtt_min_us>31874 rtt_max_us>32355 cwnd>30 cwnd_min>29 cwnd_max>30 throughput_kbps>9861.999 goodput_kbps>9916.247 retrans>0 total_retrans>0 bytes_acked>72195921
18:38:02.725300 TCPINFO flow>12 window>0.163 samples>181 rtt_avg_us>31809 rtt_min_us>31710 rtt_max_us>31961 cwnd>40 cwnd_min>35 cwnd_max>40 throughput_kbps>12555.039 goodput_kbps>12293.476 retrans>0 total_retrans>0 bytes_acked>2982393
18:38:02.725366 TCPINFO flow>2 window>0.100 samples>174 rtt_avg_us>31783 rtt_min_us>31689 rtt_max_us>31967 cwnd>44 cwnd_min>43 cwnd_max>44 throughput_kbps>14231.538 goodput_kbps>14365.296 retrans>0 total_retrans>0 bytes_acked>53605433
18:38:02.725370 TCPINFO flow>3 window>0.179 samples>136 rtt_avg_us>32141 rtt_min_us>31765 rtt_max_us>32227 cwnd>38 cwnd_min>34 cwnd_max>38 throughput_kbps>12388.569 goodput_kbps>12150.328 retrans>0 total_retrans>0 bytes_acked>34898953
18:38:02.825305 TCPINFO flow>12 window>0.100 samples>147 rtt_avg_us>31882 rtt_min_us>31654 rtt_max_us>32438 cwnd>41 cwnd_min>39 cwnd_max>41 throughput_kbps>12718.084 goodput_kbps>12397.460 retrans>0 total_retrans>0 bytes_acked>3137369
18:38:02.825853 TCPINFO flow>1 window>0.125 samples>26 rtt_avg_us>31885 rtt_min_us>31824 rtt_max_us>32244 cwnd>32 cwnd_min>30 cwnd_max>32 throughput_kbps>10047.672 goodput_kbps>9821.578 retrans>0 total_retrans>0 bytes_acked>72349873
18:38:02.831581 TCPINFO flow>2 window>0.106 samples>79 rtt_avg_us>31837 rtt_min_us>31731 rtt_max_us>31910 cwnd>45 cwnd_min>42 cwnd_max>45 throughput_kbps>14278.059 goodput_kbps>14062.345 retrans>0 total_retrans>0 bytes_acked>53792137
18:38:02.925365 TCPINFO flow>3 window>0.200 samples>3 rtt_avg_us>31800 rtt_min_us>31765 rtt_max_us>31817 cwnd>40 cwnd_min>38 cwnd_max>40 throughput_kbps>2454.461 goodput_kbps>4431.791 retrans>0 total_retrans>0 bytes_acked>35009745
18:38:02.925854 TCPINFO flow>1 window>0.100 samples>2 rtt_avg_us>32106 rtt_min_us>31969 rtt_max_us>32244 cwnd>36 cwnd_min>32 cwnd_max>36 throughput_kbps>10336.537 goodput_kbps>10989.330 retrans>0 total_retrans>0 bytes_acked>72487241
18:38:02.932154 TCPINFO flow>2 window>0.101 samples>134 rtt_avg_us>31650 rtt_min_us>31520 rtt_max_us>31742 cwnd>46 cwnd_min>45 cwnd_max>46 throughput_kbps>15409.305 goodput_kbps>15291.579 retrans>0 total_retrans>0 bytes_acked>53984377
18:38:02.960817 TCPINFO flow>12 window>0.136 samples>117 rtt_avg_us>31822 rtt_min_us>31582 rtt_max_us>31871 cwnd>45 cwnd_min>41 cwnd_max>45 throughput_kbps>14670.051 goodput_kbps>14512.309 retrans>0 total_retrans>0 bytes_acked>3383193
18:38:03.032180 TCPINFO flow>2 window>0.100 samples>158 rtt_avg_us>31782 rtt_min_us>31452 rtt_max_us>31968 cwnd>50 cwnd_min>46 cwnd_max>50 throughput_kbps>16241.537 goodput_kbps>15814.128 retrans>0 total_retrans>0 bytes_acked>54182105
18:38:03.091415 TCPINFO flow>12 window>0.131 samples>184 rtt_avg_us>31773 rtt_min_us>31582 rtt_max_us>31954 cwnd>50 cwnd_min>45 cwnd_max>50 throughput_kbps>16122.268 goodput_kbps>15794.913 retrans>0 total_retrans>0 bytes_acked>3641041
18:38:03.125233 TCPINFO flow>3 window>0.200 samples>3 rtt_avg_us>31817 rtt_min_us>31817 rtt_max_us>31817 cwnd>40 cwnd_min>40 cwnd_max>40 throughput_kbps>53.475 goodput_kbps>0.000 retrans>0 total_retrans>0 bytes_acked>35009745
18:38:03.125280 TCPINFO flow>1 window>0.199 samples>3 rtt_avg_us>32109 rtt_min_us>31969 rtt_max_us>32179 cwnd>35 cwnd_min>35 cwnd_max>36 throughput_kbps>53.594 goodput_kbps>1321.553 retrans>0 total_retrans>0 bytes_acked>72520185
18:38:03.132248 TCPINFO flow>2 window>0.100 samples>214 rtt_avg_us>31691 rtt_min_us>31521 rtt_max_us>31875 cwnd>53 cwnd_min>50 cwnd_max>53 throughput_kbps>17409.601 goodput_kbps>17089.179 retrans>0 total_retrans>0 bytes_acked>54395865
18:38:03.225300 TCPINFO flow>12 window>0.134 samples>203 rtt_avg_us>31725 rtt_min_us>31438 rtt_max_us>31870 cwnd>52 cwnd_min>50 cwnd_max>52 throughput_kbps>17243.216 goodput_kbps>16923.897 retrans>0 total_retrans>0 bytes_acked>3924273
18:38:03.225368 TCPINFO flow>3 window>0.100 samples>214 rtt_avg_us>31816 rtt_min_us>31620 rtt_max_us>31817 cwnd>40 cwnd_min>40 cwnd_max>40 throughput_kbps>13053.737 goodput_kbps>9236.171 retrans>0 total_retrans>0 bytes_acked>35125353
18:38:03.225849 TCPINFO flow>1 window>0.101 samples>332 rtt_avg_us>32174 rtt_min_us>31501 rtt_max_us>32179 cwnd>34 cwnd_min>34 cwnd_max>35 throughput_kbps>11154.451 goodput_kbps>7717.368 retrans>0 total_retrans>0 bytes_acked>72617201
18:38:03.281048 TCPINFO flow>2 window>0.149 samples>138 rtt_avg_us>31649 rtt_min_us>31549 rtt_max_us>31717 cwnd>51 cwnd_min>51 cwnd_max>54 throughput_kbps>17435.269 goodput_kbps>17667.527 retrans>0 total_retrans>0 bytes_acked>54724481
18:38:03.325305 TCPINFO flow>12 window>0.100 samples>157 rtt_avg_us>31698 rtt_min_us>31500 rtt_max_us>31848 cwnd>49 cwnd_min>49 cwnd_max>52 throughput_kbps>16736.443 goodput_kbps>17011.629 retrans>0 total_retrans>0 bytes_acked>4136929
18:38:03.325371 TCPINFO flow>3 window>0.100 samples>172 rtt_avg_us>31751 rtt_min_us>31445 rtt_max_us>32022 cwnd>37 cwnd_min>37 cwnd_max>40 throughput_kbps>12234.513 goodput_kbps>12350.349 retrans>0 total_retrans>0 bytes_acked>35279737
18:38:03.425370 TCPINFO flow>2 window>0.144 samples>47 rtt_avg_us>31673 rtt_min_us>31430 rtt_max_us>31796 cwnd>44 cwnd_min>44 cwnd_max>51 throughput_kbps>12509.804 goodput_kbps>15904.879 retrans>0 total_retrans>0 bytes_acked>55011409
18:38:03.425850 TCPINFO flow>1 window>0.200 samples>135 rtt_avg_us>31688 rtt_min_us>31494 rtt_max_us>31874 cwnd>30 cwnd_min>30 cwnd_max>34 throughput_kbps>10241.229 goodput_kbps>10419.788 retrans>0 total_retrans>0 bytes_acked>72877697
18:38:03.454076 TCPINFO flow>12 window>0.129 samples>161 rtt_avg_us>31443 rtt_min_us>31272 rtt_max_us>32591 cwnd>44 cwnd_min>43 cwnd_max>50 throughput_kbps>14865.459 goodput_kbps>15556.298 retrans>0 total_retrans>0 bytes_acked>4387329
18:38:03.502634 TCPINFO flow>3 window>0.177 samples>105 rtt_avg_us>31716 rtt_min_us>31640 rtt_max_us>32068 cwnd>33 cwnd_min>32 cwnd_max>37 throughput_kbps>10962.423 goodput_kbps>11184.466 retrans>0 total_retrans>0 bytes_acked>35527561
18:38:03.525383 TCPINFO flow>2 window>0.100 samples>2 rtt_avg_us>31598 rtt_min_us>31567 rtt_max_us>31628 cwnd>44 cwnd_min>44 cwnd_max>44 throughput_kbps>0.000 goodput_kbps>312.279 retrans>0 total_retrans>0 bytes_acked>55015313
18:38:03.591793 TCPINFO flow>12 window>0.138 samples>177 rtt_avg_us>32047 rtt_min_us>31659 rtt_max_us>32591 cwnd>44 cwnd_min>44 cwnd_max>45 throughput_kbps>14667.993 goodput_kbps>14675.893 retrans>0 total_retrans>0 bytes_acked>4639969
18:38:03.600303 TCPINFO flow>1 window>0.174 samples>135 rtt_avg_us>31943 rtt_min_us>31869 rtt_max_us>32099 cwnd>31 cwnd_min>28 cwnd_max>31 throughput_kbps>9741.260 goodput_kbps>9741.260 retrans>0 total_retrans>0 bytes_acked>73090121
18:38:03.625379 TCPINFO flow>3 window>0.123 samples>171 rtt_avg_us>31872 rtt_min_us>31587 rtt_max_us>32382 cwnd>33 cwnd_min>32 cwnd_max>33 throughput_kbps>10469.836 goodput_kbps>10606.966 retrans>0 total_retrans>0 bytes_acked>35690305
18:38:03.625386 TCPINFO flow>2 window>0.100 samples>2 rtt_avg_us>31567 rtt_min_us>31567 rtt_max_us>31567 cwnd>44 cwnd_min>44 cwnd_max>44 throughput_kbps>0.000 goodput_kbps>0.000 retrans>0 total_retrans>0 bytes_acked>55015313
18:38:03.722028 TCPINFO flow>12 window>0.130 samples>158 rtt_avg_us>31768 rtt_min_us>31649 rtt_max_us>31986 cwnd>45 cwnd_min>42 cwnd_max>45 throughput_kbps>14558.298 goodput_kbps>14230.030 retrans>0 total_retrans>0 bytes_acked>4871625
18:38:03.725849 TCPINFO flow>1 window>0.126 samples>151 rtt_avg_us>32000 rtt_min_us>31941 rtt_max_us>32038 cwnd>32 cwnd_min>31 cwnd_max>32 throughput_kbps>10300.989 goodput_kbps>10215.857 retrans>0 total_retrans>0 bytes_acked>73250441
18:38:03.779925 TCPINFO flow>3 window>0.155 samples>90 rtt_avg_us>31844 rtt_min_us>31781 rtt_max_us>32070 cwnd>36 cwnd_min>33 cwnd_max>36 throughput_kbps>11311.584 goodput_kbps>11110.323 retrans>0 total_retrans>0 bytes_acked>35904937
18:38:03.825302 TCPINFO flow>12 window>0.103 samples>187 rtt_avg_us>31743 rtt_min_us>31594 rtt_max_us>31986 cwnd>49 cwnd_min>45 cwnd_max>49 throughput_kbps>15937.719 goodput_kbps>15523.752 retrans>0 total_retrans>0 bytes_acked>5072025
18:38:03.825371 TCPINFO flow>2 window>0.200 samples>3 rtt_avg_us>31567 rtt_min_us>31567 rtt_max_us>31567 cwnd>44 cwnd_min>44 cwnd_max>44 throughput_kbps>0.000 goodput_kbps>0.000 retrans>0 total_retrans>0 bytes_acked>55015313
18:38:03.898204 TCPINFO flow>3 window>0.118 samples>123 rtt_avg_us>31878 rtt_min_us>31721 rtt_max_us>31979 cwnd>39 cwnd_min>36 cwnd_max>39 throughput_kbps>12348.836 goodput_kbps>12027.968 retrans>0 total_retrans>0 bytes_acked>36082769
18:38:03.902895 TCPINFO flow>1 window>0.177 samples>131 rtt_avg_us>31855 rtt_min_us>31807 rtt_max_us>32130 cwnd>36 cwnd_min>32 cwnd_max>36 throughput_kbps>11402.054 goodput_kbps>11160.580 retrans>0 total_retrans>0 bytes_acked>73497433
18:38:03.925307 TCPINFO flow>12 window>0.100 samples>101 rtt_avg_us>31638 rtt_min_us>31595 rtt_max_us>31874 cwnd>52 cwnd_min>49 cwnd_max>52 throughput_kbps>16458.697 goodput_kbps>16244.948 retrans>0 total_retrans>0 bytes_acked>5275097
18:38:03.925372 TCPINFO flow>2 window>0.100 samples>2 rtt_avg_us>31567 rtt_min_us>31567 rtt_max_us>31567 cwnd>44 cwnd_min>44 cwnd_max>44 throughput_kbps>0.000 goodput_kbps>0.000 retrans>0 total_retrans>0 bytes_acked>55015313
18:38:04.025370 TCPINFO flow>3 window>0.127 samples>185 rtt_avg_us>31710 rtt_min_us>31674 rtt_max_us>32159 cwnd>40 cwnd_min>39 cwnd_max>40 throughput_kbps>12803.926 goodput_kbps>12626.268 retrans>0 total_retrans>0 bytes_acked>36283473
18:38:04.025383 TCPINFO flow>2 window>0.100 samples>2 rtt_avg_us>31567 rtt_min_us>31567 rtt_max_us>31567 cwnd>44 cwnd_min>44 cwnd_max>44 throughput_kbps>0.000 goodput_kbps>0.000 retrans>0 total_retrans>0 bytes_acked>55015313
18:38:04.025848 TCPINFO flow>1 window>0.123 samples>139 rtt_avg_us>32184 rtt_min_us>31865 rtt_max_us>32495 cwnd>37 cwnd_min>36 cwnd_max>37 throughput_kbps>11822.143 goodput_kbps>11648.288 retrans>0 total_retrans>0 bytes_acked>73676457
18:38:04.072087 TCPINFO flow>12 window>0.147 samples>204 rtt_avg_us>31676 rtt_min_us>31589 rtt_max_us>31759 cwnd>54 cwnd_min>52 cwnd_max>54 throughput_kbps>16820.602 goodput_kbps>16674.969 retrans>0 total_retrans>0 bytes_acked>5581041
18:38:04.125372 TCPINFO flow>3 window>0.100 samples>96 rtt_avg_us>31912 rtt_min_us>31770 rtt_max_us>32159 cwnd>42 cwnd_min>40 cwnd_max>42 throughput_kbps>13414.132 goodput_kbps>13093.498 retrans>0 total_retrans>0 bytes_acked>36447145
18:38:04.125457 TCPINFO flow>2 window>0.100 samples>5 rtt_avg_us>31567 rtt_min_us>31567 rtt_max_us>31567 cwnd>44 cwnd_min>44 cwnd_max>44 throughput_kbps>106.801 goodput_kbps>0.000 retrans>0 total_retrans>0 bytes_acked>55015313
18:38:04.125851 TCPINFO flow>1 window>0.100 samples>134 rtt_avg_us>31924 rtt_min_us>31643 rtt_max_us>32003 cwnd>40 cwnd_min>37 cwnd_max>40 throughput_kbps>12726.018 goodput_kbps>12537.224 retrans>0 total_retrans>0 bytes_acked>73833177
18:38:04.186931 TCPINFO flow>12 window>0.115 samples>166 rtt_avg_us>31661 rtt_min_us>31549 rtt_max_us>32294 cwnd>52 cwnd_min>52 cwnd_max>56 throughput_kbps>16310.961 goodput_kbps>16408.485 retrans>0 total_retrans>0 bytes_acked>5816593
18:38:04.225385 TCPINFO flow>3 window>0.100 samples>133 rtt_avg_us>35488 rtt_min_us>31770 rtt_max_us>35985 cwnd>38 cwnd_min>38 cwnd_max>42 throughput_kbps>11764.231 goodput_kbps>12396.468 retrans>0 total_retrans>0 bytes_acked>36602121
18:38:04.247796 TCPINFO flow>2 window>0.122 samples>269 rtt_avg_us>31567 rtt_min_us>31456 rtt_max_us>31675 cwnd>37 cwnd_min>37 cwnd_max>44 throughput_kbps>12642.641 goodput_kbps>9846.999 retrans>0 total_retrans>0 bytes_acked>55165897
18:38:04.290039 TCPINFO flow>1 window>0.164 samples>135 rtt_avg_us>34059 rtt_min_us>31643 rtt_max_us>34541 cwnd>34 cwnd_min>34 cwnd_max>40 throughput_kbps>11717.300 goodput_kbps>12092.674 retrans>0 total_retrans>0 bytes_acked>74081361
18:38:04.294608 TCPINFO flow>12 window>0.108 samples>159 rtt_avg_us>31727 rtt_min_us>31315 rtt_max_us>32294 cwnd>45 cwnd_min>45 cwnd_max>53 throughput_kbps>15793.011 goodput_kbps>16582.334 retrans>0 total_retrans>0 bytes_acked>6039785
18:38:04.357452 TCPINFO flow>2 window>0.110 samples>111 rtt_avg_us>31552 rtt_min_us>31448 rtt_max_us>31868 cwnd>31 cwnd_min>31 cwnd_max>37 throughput_kbps>11208.871 goodput_kbps>11501.277 retrans>0 total_retrans>0 bytes_acked>55323545
18:38:04.364783 TCPINFO flow>3 window>0.139 samples>91 rtt_avg_us>31958 rtt_min_us>31672 rtt_max_us>32085 cwnd>32 cwnd_min>32 cwnd_max>38 throughput_kbps>11213.934 goodput_kbps>11603.725 retrans>0 total_retrans>0 bytes_acked>36804313
18:38:04.423790 TCPINFO flow>12 window>0.129 samples>164 rtt_avg_us>31762 rtt_min_us>31593 rtt_max_us>31923 cwnd>41 cwnd_min>41 cwnd_max>46 throughput_kbps>14066.108 goodput_kbps>14474.339 retrans>0 total_retrans>0 bytes_acked>6273513
18:38:04.425847 TCPINFO flow>1 window>0.136 samples>157 rtt_avg_us>32262 rtt_min_us>31783 rtt_max_us>32739 cwnd>32 cwnd_min>32 cwnd_max>35 throughput_kbps>10939.208 goodput_kbps>11096.607 retrans>0 total_retrans>0 bytes_acked>74269737
18:38:04.476440 TCPINFO flow>2 window>0.119 samples>103 rtt_avg_us>31902 rtt_min_us>31798 rtt_max_us>32555 cwnd>30 cwnd_min>30 cwnd_max>32 throughput_kbps>9880.660 goodput_kbps>10017.279 retrans>0 total_retrans>0 bytes_acked>55472537
18:38:04.476821 TCPINFO flow>3 window>0.112 samples>106 rtt_avg_us>32037 rtt_min_us>32014 rtt_max_us>32118 cwnd>35 cwnd_min>32 cwnd_max>35 throughput_kbps>11256.752 goodput_kbps>10970.564 retrans>0 total_retrans>0 bytes_acked>36957953
18:38:04.525302 TCPINFO flow>12 window>0.102 samples>177 rtt_avg_us>31769 rtt_min_us>31593 rtt_max_us>31934 cwnd>42 cwnd_min>41 cwnd_max>44 throughput_kbps>14010.245 goodput_kbps>13596.028 retrans>0 total_retrans>0 bytes_acked>6446033
18:38:04.525849 TCPINFO flow>1 window>0.100 samples>134 rtt_avg_us>31998 rtt_min_us>31783 rtt_max_us>32060 cwnd>32 cwnd_min>32 cwnd_max>33 throughput_kbps>10901.542 goodput_kbps>10794.664 retrans>0 total_retrans>0 bytes_acked>74404673
18:38:04.624062 TCPINFO flow>2 window>0.148 samples>130 rtt_avg_us>32460 rtt_min_us>32026 rtt_max_us>32555 cwnd>33 cwnd_min>30 cwnd_max>33 throughput_kbps>10294.401 goodput_kbps>10201.190 retrans>0 total_retrans>0 bytes_acked>55660777
18:38:04.625373 TCPINFO flow>3 window>0.149 samples>181 rtt_avg_us>31840 rtt_min_us>31692 rtt_max_us>32052 cwnd>34 cwnd_min>32 cwnd_max>35 throughput_kbps>10667.241 goodput_kbps>10788.734 retrans>0 total_retrans>0 bytes_acked>37158289
18:38:04.625852 TCPINFO flow>1 window>0.100 samples>134 rtt_avg_us>32249 rtt_min_us>31898 rtt_max_us>32523 cwnd>33 cwnd_min>32 cwnd_max>33 throughput_kbps>10480.966 goodput_kbps>10374.089 retrans>0 total_retrans>0 bytes_acked>74534353
18:38:04.662124 TCPINFO flow>12 window>0.137 samples>108 rtt_avg_us>31927 rtt_min_us>31589 rtt_max_us>32072 cwnd>41 cwnd_min>41 cwnd_max>42 throughput_kbps>13619.330 goodput_kbps>13904.664 retrans>0 total_retrans>0 bytes_acked>6683841
18:38:04.725372 TCPINFO flow>2 window>0.101 samples>134 rtt_avg_us>32076 rtt_min_us>31907 rtt_max_us>32207 cwnd>34 cwnd_min>33 cwnd_max>34 throughput_kbps>10818.912 goodput_kbps>10607.916 retrans>0 total_retrans>0 bytes_acked>55795113
18:38:04.741916 TCPINFO flow>1 window>0.116 samples>3 rtt_avg_us>32287 rtt_min_us>32160 rtt_max_us>32523 cwnd>34 cwnd_min>33 cwnd_max>34 throughput_kbps>10866.281 goodput_kbps>10866.281 retrans>0 total_retrans>0 bytes_acked>74692001
18:38:04.825302 TCPINFO flow>12 window>0.163 samples>196 rtt_avg_us>31873 rtt_min_us>31548 rtt_max_us>32290 cwnd>41 cwnd_min>40 cwnd_max>41 throughput_kbps>13623.797 goodput_kbps>13450.048 retrans>0 total_retrans>0 bytes_acked>6958185
18:38:04.825371 TCPINFO flow>3 window>0.200 samples>74 rtt_avg_us>32102 rtt_min_us>32025 rtt_max_us>32204 cwnd>32 cwnd_min>32 cwnd_max>34 throughput_kbps>10535.145 goodput_kbps>10551.786 retrans>0 total_retrans>0 bytes_acked>37422081
18:38:04.825376 TCPINFO flow>2 window>0.100 samples>134 rtt_avg_us>32585 rtt_min_us>31864 rtt_max_us>32886 cwnd>34 cwnd_min>34 cwnd_max>34 throughput_kbps>11008.200 goodput_kbps>10769.489 retrans>0 total_retrans>0 bytes_acked>55929737
18:38:04.925382 TCPINFO flow>3 window>0.100 samples>2 rtt_avg_us>32070 rtt_min_us>32025 rtt_max_us>32116 cwnd>33 cwnd_min>32 cwnd_max>33 throughput_kbps>3648.239 goodput_kbps>7068.023 retrans>0 total_retrans>0 bytes_acked>37510441
18:38:04.925390 TCPINFO flow>2 window>0.100 samples>138 rtt_avg_us>31757 rtt_min_us>31666 rtt_max_us>31881 cwnd>36 cwnd_min>34 cwnd_max>36 throughput_kbps>11862.019 goodput_kbps>11755.154 retrans>0 total_retrans>0 bytes_acked>56076697
18:38:04.925851 TCPINFO flow>1 window>0.184 samples>27 rtt_avg_us>32160 rtt_min_us>32045 rtt_max_us>32228 cwnd>35 cwnd_min>34 cwnd_max>35 throughput_kbps>11447.174 goodput_kbps>11389.067 retrans>0 total_retrans>0 bytes_acked>74953857
18:38:04.970161 TCPINFO flow>12 window>0.145 samples>168 rtt_avg_us>31746 rtt_min_us>31582 rtt_max_us>31994 cwnd>43 cwnd_min>41 cwnd_max>43 throughput_kbps>13806.087 goodput_kbps>13879.869 retrans>0 total_retrans>0 bytes_acked>7209513
18:38:05.036975 TCPINFO flow>2 window>0.112 samples>3 rtt_avg_us>31841 rtt_min_us>31674 rtt_max_us>31969 cwnd>39 cwnd_min>36 cwnd_max>39 throughput_kbps>12643.420 goodput_kbps>12356.069 retrans>0 total_retrans>0 bytes_acked>56249041
18:38:05.117177 TCPINFO flow>12 window>0.147 samples>182 rtt_avg_us>31694 rtt_min_us>31569 rtt_max_us>31814 cwnd>47 cwnd_min>43 cwnd_max>47 throughput_kbps>14970.017 goodput_kbps>14589.977 retrans>0 total_retrans>0 bytes_acked>7477633
18:38:05.125250 TCPINFO flow>3 window>0.200 samples>3 rtt_avg_us>32025 rtt_min_us>32025 rtt_max_us>32025 cwnd>33 cwnd_min>33 cwnd_max>33 throughput_kbps>53.475 goodput_kbps>0.000 retrans>0 total_retrans>0 bytes_acked>37510441
18:38:05.125852 TCPINFO flow>1 window>0.200 samples>3 rtt_avg_us>31946 rtt_min_us>31893 rtt_max_us>32053 cwnd>37 cwnd_min>35 cwnd_max>37 throughput_kbps>863.996 goodput_kbps>2680.947 retrans>0 total_retrans>0 bytes_acked>75020881
18:38:05.137051 TCPINFO flow>2 window>0.100 samples>151 rtt_avg_us>31807 rtt_min_us>31674 rtt_max_us>32111 cwnd>43 cwnd_min>39 cwnd_max>43 throughput_kbps>13573.684 goodput_kbps>13360.086 retrans>0 total_retrans>0 bytes_acked>56416169
18:38:05.225300 TCPINFO flow>12 window>0.108 samples>179 rtt_avg_us>31508 rtt_min_us>31359 rtt_max_us>31790 cwnd>49 cwnd_min>47 cwnd_max>49 throughput_kbps>15926.750 goodput_kbps>15553.841 retrans>0 total_retrans>0 bytes_acked>7687849
18:38:05.225361 TCPINFO flow>3 window>0.100 samples>234 rtt_avg_us>32024 rtt_min_us>31846 rtt_max_us>32025 cwnd>34 cwnd_min>33 cwnd_max>34 throughput_kbps>11170.321 goodput_kbps>7793.589 retrans>0 total_retrans>0 bytes_acked>37607969
18:38:05.225858 TCPINFO flow>1 window>0.100 samples>2 rtt_avg_us>31893 rtt_min_us>31893 rtt_max_us>31893 cwnd>37 cwnd_min>37 cwnd_max>37 throughput_kbps>0.000 goodput_kbps>0.000 retrans>0 total_retrans>0 bytes_acked>75020881
18:38:05.237092 TCPINFO flow>2 window>0.100 samples>176 rtt_avg_us>31745 rtt_min_us>31472 rtt_max_us>32015 cwnd>44 cwnd_min>43 cwnd_max>44 throughput_kbps>14468.948 goodput_kbps>14173.389 retrans>0 total_retrans>0 bytes_acked>56593409
18:38:05.325301 TCPINFO flow>12 window>0.100 samples>180 rtt_avg_us>31647 rtt_min_us>31599 rtt_max_us>31790 cwnd>51 cwnd_min>49 cwnd_max>51 throughput_kbps>16993.750 goodput_kbps>16779.992 retrans>0 total_retrans>0 bytes_acked>7897601
18:38:05.325385 TCPINFO flow>3 window>0.100 samples>89 rtt_avg_us>32076 rtt_min_us>31846 rtt_max_us>32205 cwnd>36 cwnd_min>34 cwnd_max>36 throughput_kbps>11233.784 goodput_kbps>11121.171 retrans>0 total_retrans>0 bytes_acked>37747017
18:38:05.337151 TCPINFO flow>2 window>0.100 samples>94 rtt_avg_us>31627 rtt_min_us>31508 rtt_max_us>31723 cwnd>46 cwnd_min>44 cwnd_max>46 throughput_kbps>14818.137 goodput_kbps>14711.320 retrans>0 total_retrans>0 bytes_acked>56777409
18:38:05.425846 TCPINFO flow>1 window>0.200 samples>3 rtt_avg_us>31893 rtt_min_us>31893 rtt_max_us>31893 cwnd>37 cwnd_min>37 cwnd_max>37 throughput_kbps>0.000 goodput_kbps>0.000 retrans>0 total_retrans>0 bytes_acked>75020881
18:38:05.433445 TCPINFO flow>12 window>0.108 samples>97 rtt_avg_us>31827 rtt_min_us>31640 rtt_max_us>31954 cwnd>54 cwnd_min>51 cwnd_max>54 throughput_kbps>17493.120 goodput_kbps>17690.783 retrans>0 total_retrans>0 bytes_acked>8136745
18:38:05.437250 TCPINFO flow>2 window>0.100 samples>129 rtt_avg_us>31635 rtt_min_us>31476 rtt_max_us>31812 cwnd>48 cwnd_min>46 cwnd_max>48 throughput_kbps>16016.144 goodput_kbps>15670.886 retrans>0 total_retrans>0 bytes_acked>56973489
18:38:05.439756 TCPINFO flow>3 window>0.114 samples>91 rtt_avg_us>31901 rtt_min_us>31850 rtt_max_us>32219 cwnd>36 cwnd_min>36 cwnd_max>37 throughput_kbps>11868.183 goodput_kbps>11838.526 retrans>0 total_retrans>0 bytes_acked>37916265
18:38:05.525848 TCPINFO flow>1 window>0.100 samples>2 rtt_avg_us>31893 rtt_min_us>31893 rtt_max_us>31893 cwnd>37 cwnd_min>37 cwnd_max>37 throughput_kbps>0.000 goodput_kbps>0.000 retrans>0 total_retrans>0 bytes_acked>75020881
18:38:05.536619 TCPINFO flow>12 window>0.103 samples>155 rtt_avg_us>31683 rtt_min_us>31489 rtt_max_us>31954 cwnd>56 cwnd_min>54 cwnd_max>56 throughput_kbps>18396.573 goodput_kbps>17878.613 retrans>0 total_retrans>0 bytes_acked>8367321
18:38:05.558612 TCPINFO flow>3 window>0.119 samples>123 rtt_avg_us>32145 rtt_min_us>32017 rtt_max_us>32219 cwnd>38 cwnd_min>36 cwnd_max>38 throughput_kbps>12315.272 goodput_kbps>12139.732 retrans>0 total_retrans>0 bytes_acked>38096625
18:38:05.625371 TCPINFO flow>2 window>0.188 samples>168 rtt_avg_us>31905 rtt_min_us>31682 rtt_max_us>32317 cwnd>51 cwnd_min>48 cwnd_max>51 throughput_kbps>16255.070 goodput_kbps>16178.864 retrans>0 total_retrans>0 bytes_acked>57353937
18:38:05.656812 TCPINFO flow>12 window>0.120 samples>204 rtt_avg_us>31621 rtt_min_us>31369 rtt_max_us>31725 cwnd>58 cwnd_min>56 cwnd_max>58 throughput_kbps>19385.355 goodput_kbps>19207.508 retrans>0 total_retrans>0 bytes_acked>8655897
18:38:05.714456 TCPINFO flow>3 window>0.156 samples>177 rtt_avg_us>31908 rtt_min_us>31593 rtt_max_us>32045 cwnd>40 cwnd_min>38 cwnd_max>40 throughput_kbps>13265.368 goodput_kbps>13124.920 retrans>0 total_retrans>0 bytes_acked>38352305
18:38:05.725846 TCPINFO flow>1 window>0.200 samples>3 rtt_avg_us>31893 rtt_min_us>31893 rtt_max_us>31893 cwnd>37 cwnd_min>37 cwnd_max>37 throughput_kbps>0.000 goodput_kbps>0.000 retrans>0 total_retrans>0 bytes_acked>75020881
18:38:05.758623 TCPINFO flow>12 window>0.102 samples>170 rtt_avg_us>31361 rtt_min_us>31148 rtt_max_us>31587 cwnd>60 cwnd_min>58 cwnd_max>60 throughput_kbps>19591.439 goodput_kbps>19316.105 retrans>0 total_retrans>0 bytes_acked>8901721
18:38:05.814548 TCPINFO flow>3 window>0.100 samples>153 rtt_avg_us>31569 rtt_min_us>31533 rtt_max_us>31620 cwnd>44 cwnd_min>40 cwnd_max>44 throughput_kbps>14181.513 goodput_kbps>13881.629 retrans>0 total_retrans>0 bytes_acked>38525985
18:38:05.825371 TCPINFO flow>2 window>0.200 samples>3 rtt_avg_us>31905 rtt_min_us>31682 rtt_max_us>32017 cwnd>51 cwnd_min>51 cwnd_max>51 throughput_kbps>3899.520 goodput_kbps>6482.880 retrans>0 total_retrans>0 bytes_acked>57516009
18:38:05.858704 TCPINFO flow>12 window>0.100 samples>223 rtt_avg_us>31521 rtt_min_us>31369 rtt_max_us>31685 cwnd>63 cwnd_min>60 cwnd_max>63 throughput_kbps>20594.518 goodput_kbps>20261.988 retrans>0 total_retrans>0 bytes_acked>9155201
18:38:05.925369 TCPINFO flow>3 window>0.111 samples>162 rtt_avg_us>31709 rtt_min_us>31549 rtt_max_us>31927 cwnd>47 cwnd_min>44 cwnd_max>47 throughput_kbps>15035.995 goodput_kbps>14758.791 retrans>0 total_retrans>0 bytes_acked>38730433
18:38:05.925377 TCPINFO flow>2 window>0.100 samples>2 rtt_avg_us>32017 rtt_min_us>32017 rtt_max_us>32017 cwnd>51 cwnd_min>51 cwnd_max>51 throughput_kbps>0.000 goodput_kbps>0.000 retrans>0 total_retrans>0 bytes_acked>57516009
18:38:05.925846 TCPINFO flow>1 window>0.200 samples>3 rtt_avg_us>31893 rtt_min_us>31893 rtt_max_us>31893 cwnd>37 cwnd_min>37 cwnd_max>37 throughput_kbps>0.000 goodput_kbps>0.000 retrans>0 total_retrans>0 bytes_acked>75020881
18:38:05.991947 TCPINFO flow>12 window>0.133 samples>213 rtt_avg_us>31533 rtt_min_us>31389 rtt_max_us>31733 cwnd>67 cwnd_min>63 cwnd_max>67 throughput_kbps>21697.740 goodput_kbps>21596.392 retrans>0 total_retrans>0 bytes_acked>9514897
18:38:06.025848 TCPINFO flow>1 window>0.100 samples>2 rtt_avg_us>31893 rtt_min_us>31893 rtt_max_us>31893 cwnd>37 cwnd_min>37 cwnd_max>37 throughput_kbps>0.000 goodput_kbps>0.000 retrans>0 total_retrans>0 bytes_acked>75020881
18:38:06.034773 TCPINFO flow>3 window>0.109 samples>90 rtt_avg_us>31660 rtt_min_us>31461 rtt_max_us>31682 cwnd>49 cwnd_min>47 cwnd_max>49 throughput_kbps>15809.294 goodput_kbps>15508.025 retrans>0 total_retrans>0 bytes_acked>38942513
18:38:06.092004 TCPINFO flow>12 window>0.100 samples>188 rtt_avg_us>31384 rtt_min_us>31341 rtt_max_us>31565 cwnd>68 cwnd_min>67 cwnd_max>68 throughput_kbps>21577.461 goodput_kbps>21257.004 retrans>0 total_retrans>0 bytes_acked>9780761
18:38:06.125253 TCPINFO flow>2 window>0.200 samples>3 rtt_avg_us>32017 rtt_min_us>32017 rtt_max_us>32017 cwnd>51 cwnd_min>51 cwnd_max>51 throughput_kbps>53.473 goodput_kbps>0.000 retrans>0 total_retrans>0 bytes_acked>57516009
18:38:06.125859 TCPINFO flow>1 window>0.100 samples>2 rtt_avg_us>31893 rtt_min_us>31893 rtt_max_us>31893 cwnd>37 cwnd_min>37 cwnd_max>37 throughput_kbps>0.000 goodput_kbps>0.000 retrans>0 total_retrans>0 bytes_acked>75020881
18:38:06.176021 TCPINFO flow>3 window>0.141 samples>195 rtt_avg_us>31715 rtt_min_us>31461 rtt_max_us>32117 cwnd>50 cwnd_min>49 cwnd_max>50 throughput_kbps>16219.302 goodput_kbps>16099.683 retrans>0 total_retrans>0 bytes_acked>39226769
18:38:06.192372 TCPINFO flow>12 window>0.100 samples>189 rtt_avg_us>31581 rtt_min_us>31242 rtt_max_us>32180 cwnd>67 cwnd_min>67 cwnd_max>68 throughput_kbps>21934.641 goodput_kbps>22303.842 retrans>0 total_retrans>0 bytes_acked>10060585
18:38:06.225403 TCPINFO flow>2 window>0.100 samples>270 rtt_avg_us>32016 rtt_min_us>31612 rtt_max_us>32017 cwnd>47 cwnd_min>47 cwnd_max>51 throughput_kbps>16648.308 goodput_kbps>11739.191 retrans>0 total_retrans>0 bytes_acked>57662969
18:38:06.255901 SHUTDOWN flow>12 srcPort>40627 dst>fd00:6::2/5405 
18:38:06.304786 TCPINFO flow>3 window>0.129 samples>184 rtt_avg_us>31759 rtt_min_us>31497 rtt_max_us>32720 cwnd>48 cwnd_min>48 cwnd_max>51 throughput_kbps>16185.765 goodput_kbps>16380.600 retrans>0 total_retrans>0 bytes_acked>39490425
18:38:06.325847 TCPINFO flow>1 window>0.200 samples>3 rtt_avg_us>31893 rtt_min_us>31893 rtt_max_us>31893 cwnd>37 cwnd_min>37 cwnd_max>37 throughput_kbps>0.000 goodput_kbps>0.000 retrans>0 total_retrans>0 bytes_acked>75020881
18:38:06.357472 OFF flow>12 srcPort>40627 dst>fd00:6::2/5405 
18:38:06.424998 TCPINFO flow>2 window>0.200 samples>245 rtt_avg_us>31549 rtt_min_us>31295 rtt_max_us>31805 cwnd>41 cwnd_min>41 cwnd_max>47 throughput_kbps>13861.349 goodput_kbps>14413.828 retrans>0 total_retrans>0 bytes_acked>58022585
18:38:06.425370 TCPINFO flow>3 window>0.121 samples>177 rtt_avg_us>31534 rtt_min_us>31359 rtt_max_us>31870 cwnd>47 cwnd_min>45 cwnd_max>49 throughput_kbps>15316.394 goodput_kbps>15227.758 retrans>0 total_retrans>0 bytes_acked>39719953
18:38:06.425849 TCPINFO flow>1 window>0.100 samples>2 rtt_avg_us>31893 rtt_min_us>31893 rtt_max_us>31893 cwnd>37 cwnd_min>37 cwnd_max>37 throughput_kbps>0.000 goodput_kbps>0.000 retrans>0 total_retrans>0 bytes_acked>75020881
18:38:06.525371 TCPINFO flow>2 window>0.100 samples>134 rtt_avg_us>31698 rtt_min_us>31533 rtt_max_us>31813 cwnd>41 cwnd_min>41 cwnd_max>41 throughput_kbps>13523.318 goodput_kbps>13063.593 retrans>0 total_retrans>0 bytes_acked>58186489
18:38:06.625370 TCPINFO flow>3 window>0.200 samples>63 rtt_avg_us>31507 rtt_min_us>31448 rtt_max_us>33482 cwnd>49 cwnd_min>45 cwnd_max>49 throughput_kbps>9135.680 goodput_kbps>11647.360 retrans>0 total_retrans>0 bytes_acked>40011137
18:38:06.625379 TCPINFO flow>2 window>0.100 samples>133 rtt_avg_us>31714 rtt_min_us>31579 rtt_max_us>32100 cwnd>42 cwnd_min>41 cwnd_max>42 throughput_kbps>12503.960 goodput_kbps>12824.574 retrans>0 total_retrans>0 bytes_acked>58346809
18:38:06.625848 TCPINFO flow>1 window>0.200 samples>3 rtt_avg_us>31893 rtt_min_us>31893 rtt_max_us>31893 cwnd>37 cwnd_min>37 cwnd_max>37 throughput_kbps>0.000 goodput_kbps>0.000 retrans>0 total_retrans>0 bytes_acked>75020881
18:38:06.768646 TCPINFO flow>2 window>0.143 samples>135 rtt_avg_us>31825 rtt_min_us>31610 rtt_max_us>32100 cwnd>46 cwnd_min>42 cwnd_max>46 throughput_kbps>14936.475 goodput_kbps>14414.261 retrans>0 total_retrans>0 bytes_acked>58604945
18:38:06.825369 TCPINFO flow>3 window>0.200 samples>3 rtt_avg_us>33482 rtt_min_us>33482 rtt_max_us>33482 cwnd>49 cwnd_min>49 cwnd_max>49 throughput_kbps>0.000 goodput_kbps>0.000 retrans>0 total_retrans>0 bytes_acked>40011137
18:38:06.825847 TCPINFO flow>1 window>0.200 samples>3 rtt_avg_us>31893 rtt_min_us>31893 rtt_max_us>31893 cwnd>37 cwnd_min>37 cwnd_max>37 throughput_kbps>0.000 goodput_kbps>0.000 retrans>0 total_retrans>0 bytes_acked>75020881
18:38:06.868651 TCPINFO flow>2 window>0.100 samples>152 rtt_avg_us>31678 rtt_min_us>31478 rtt_max_us>31876 cwnd>49 cwnd_min>46 cwnd_max>49 throughput_kbps>16244.948 goodput_kbps>15817.449 retrans>0 total_retrans>0 bytes_acked>58802673
18:38:06.925849 TCPINFO flow>1 window>0.100 samples>2 rtt_avg_us>31893 rtt_min_us>31893 rtt_max_us>31893 cwnd>37 cwnd_min>37 cwnd_max>37 throughput_kbps>0.000 goodput_kbps>0.000 retrans>0 total_retrans>0 bytes_acked>75020881
18:38:06.968758 TCPINFO flow>2 window>0.100 samples>234 rtt_avg_us>31530 rtt_min_us>31431 rtt_max_us>31654 cwnd>52 cwnd_min>49 cwnd_max>52 throughput_kbps>16548.693 goodput_kbps>16228.396 retrans>0 total_retrans>0 bytes_acked>59005745
18:38:07.025369 TCPINFO flow>3 window>0.200 samples>3 rtt_avg_us>33482 rtt_min_us>33482 rtt_max_us>33482 cwnd>49 cwnd_min>49 cwnd_max>49 throughput_kbps>0.000 goodput_kbps>0.000 retrans>0 total_retrans>0 bytes_acked>40011137
18:38:07.125369 TCPINFO flow>2 window>0.157 samples>148 rtt_avg_us>31614 rtt_min_us>31478 rtt_max_us>32170 cwnd>57 cwnd_min>52 cwnd_max>57 throughput_kbps>18631.028 goodput_kbps>18358.046 retrans>0 total_retrans>0 bytes_acked>59365129
18:38:07.125437 TCPINFO flow>3 window>0.100 samples>5 rtt_avg_us>33482 rtt_min_us>33482 rtt_max_us>33482 cwnd>49 cwnd_min>49 cwnd_max>49 throughput_kbps>106.807 goodput_kbps>0.000 retrans>0 total_retrans>0 bytes_acked>40011137
18:38:07.125838 TCPINFO flow>1 window>0.200 samples>3 rtt_avg_us>31893 rtt_min_us>31893 rtt_max_us>31893 cwnd>37 cwnd_min>37 cwnd_max>37 throughput_kbps>0.000 goodput_kbps>0.000 retrans>0 total_retrans>0 bytes_acked>75020881
18:38:07.225384 TCPINFO flow>2 window>0.100 samples>247 rtt_avg_us>31522 rtt_min_us>31355 rtt_max_us>31744 cwnd>58 cwnd_min>57 cwnd_max>59 throughput_kbps>19351.977 goodput_kbps>19342.379 retrans>0 total_retrans>0 bytes_acked>59606945
18:38:07.225845 TCPINFO flow>1 window>0.100 samples>2 rtt_avg_us>31893 rtt_min_us>31893 rtt_max_us>31893 cwnd>37 cwnd_min>37 cwnd_max>37 throughput_kbps>0.000 goodput_kbps>0.000 retrans>0 total_retrans>0 bytes_acked>75020881
18:38:07.236774 TCPINFO flow>3 window>0.111 samples>238 rtt_avg_us>33468 rtt_min_us>31724 rtt_max_us>33482 cwnd>50 cwnd_min>49 cwnd_max>50 throughput_kbps>16326.361 goodput_kbps>12228.963 retrans>0 total_retrans>0 bytes_acked>40181329
18:38:07.325848 TCPINFO flow>1 window>0.100 samples>2 rtt_avg_us>31893 rtt_min_us>31893 rtt_max_us>31893 cwnd>37 cwnd_min>37 cwnd_max>37 throughput_kbps>0.000 goodput_kbps>0.000 retrans>0 total_retrans>0 bytes_acked>75020881
18:38:07.366554 TCPINFO flow>3 window>0.130 samples>177 rtt_avg_us>31706 rtt_min_us>31560 rtt_max_us>31972 cwnd>49 cwnd_min>49 cwnd_max>50 throughput_kbps>16157.312 goodput_kbps>15801.757 retrans>0 total_retrans>0 bytes_acked>40437673
18:38:07.425390 TCPINFO flow>2 window>0.200 samples>40 rtt_avg_us>32066 rtt_min_us>31364 rtt_max_us>32227 cwnd>60 cwnd_min>58 cwnd_max>60 throughput_kbps>13392.558 goodput_kbps>16389.908 retrans>0 total_retrans>0 bytes_acked>60016705
18:38:07.491447 TCPINFO flow>3 window>0.125 samples>177 rtt_avg_us>31597 rtt_min_us>31438 rtt_max_us>32047 cwnd>50 cwnd_min>48 cwnd_max>50 throughput_kbps>16174.101 goodput_kbps>16345.256 retrans>0 total_retrans>0 bytes_acked>40692849
18:38:07.525845 TCPINFO flow>1 window>0.200 samples>3 rtt_avg_us>31893 rtt_min_us>31893 rtt_max_us>31893 cwnd>37 cwnd_min>37 cwnd_max>37 throughput_kbps>0.000 goodput_kbps>0.000 retrans>0 total_retrans>0 bytes_acked>75020881
18:38:07.613263 TCPINFO flow>3 window>0.122 samples>177 rtt_avg_us>31881 rtt_min_us>31557 rtt_max_us>32047 cwnd>54 cwnd_min>50 cwnd_max>54 throughput_kbps>17810.994 goodput_kbps>17196.821 retrans>0 total_retrans>0 bytes_acked>40954705
18:38:07.625384 TCPINFO flow>2 window>0.200 samples>3 rtt_avg_us>31430 rtt_min_us>31430 rtt_max_us>31430 cwnd>60 cwnd_min>60 cwnd_max>60 throughput_kbps>0.000 goodput_kbps>0.000 retrans>0 total_retrans>0 bytes_acked>60016705
18:38:07.625847 TCPINFO flow>1 window>0.100 samples>2 rtt_avg_us>31893 rtt_min_us>31893 rtt_max_us>31893 cwnd>37 cwnd_min>37 cwnd_max>37 throughput_kbps>0.000 goodput_kbps>0.000 retrans>0 total_retrans>0 bytes_acked>75020881
18:38:07.725370 TCPINFO flow>3 window>0.112 samples>177 rtt_avg_us>31581 rtt_min_us>31463 rtt_max_us>32014 cwnd>57 cwnd_min>54 cwnd_max>57 throughput_kbps>18686.148 goodput_kbps>18304.798 retrans>0 total_retrans>0 bytes_acked>41211217
18:38:07.825371 TCPINFO flow>2 window>0.200 samples>3 rtt_avg_us>31430 rtt_min_us>31430 rtt_max_us>31430 cwnd>60 cwnd_min>60 cwnd_max>60 throughput_kbps>0.000 goodput_kbps>0.000 retrans>0 total_retrans>0 bytes_acked>60016705
18:38:07.825850 TCPINFO flow>1 window>0.200 samples>3 rtt_avg_us>31893 rtt_min_us>31893 rtt_max_us>31893 cwnd>37 cwnd_min>37 cwnd_max>37 throughput_kbps>0.000 goodput_kbps>0.000 retrans>0 total_retrans>0 bytes_acked>75020881
18:38:07.881438 TCPINFO flow>3 window>0.156 samples>267 rtt_avg_us>31566 rtt_min_us>31391 rtt_max_us>31752 cwnd>62 cwnd_min>57 cwnd_max>62 throughput_kbps>20339.442 goodput_kbps>20133.993 retrans>0 total_retrans>0 bytes_acked>41604001
18:38:08.025380 TCPINFO flow>3 window>0.144 samples>266 rtt_avg_us>31522 rtt_min_us>31360 rtt_max_us>31603 cwnd>66 cwnd_min>62 cwnd_max>66 throughput_kbps>21458.865 goodput_kbps>21087.605 retrans>0 total_retrans>0 bytes_acked>41983425
18:38:08.025387 TCPINFO flow>2 window>0.200 samples>3 rtt_avg_us>31430 rtt_min_us>31430 rtt_max_us>31430 cwnd>60 cwnd_min>60 cwnd_max>60 throughput_kbps>0.000 goodput_kbps>0.000 retrans>0 total_retrans>0 bytes_acked>60016705
18:38:08.025849 TCPINFO flow>1 window>0.200 samples>3 rtt_avg_us>31893 rtt_min_us>31893 rtt_max_us>31893 cwnd>37 cwnd_min>37 cwnd_max>37 throughput_kbps>0.000 goodput_kbps>0.000 retrans>0 total_retrans>0 bytes_acked>75020881
18:38:08.125469 TCPINFO flow>2 window>0.100 samples>5 rtt_avg_us>31430 rtt_min_us>31430 rtt_max_us>31430 cwnd>60 cwnd_min>60 cwnd_max>60 throughput_kbps>106.792 goodput_kbps>0.000 retrans>0 total_retrans>0 bytes_acked>60016705
18:38:08.225368 TCPINFO flow>3 window>0.200 samples>250 rtt_avg_us>31534 rtt_min_us>31360 rtt_max_us>31902 cwnd>71 cwnd_min>66 cwnd_max>71 throughput_kbps>17663.780 goodput_kbps>21137.588 retrans>0 total_retrans>0 bytes_acked>42511833
18:38:08.225850 TCPINFO flow>1 window>0.200 samples>3 rtt_avg_us>31893 rtt_min_us>31893 rtt_max_us>31893 cwnd>37 cwnd_min>37 cwnd_max>37 throughput_kbps>0.000 goodput_kbps>0.000 retrans>0 total_retrans>0 bytes_acked>75020881
18:38:08.227308 TCPINFO flow>2 window>0.102 samples>276 rtt_avg_us>31430 rtt_min_us>31419 rtt_max_us>31458 cwnd>60 cwnd_min>60 cwnd_max>60 throughput_kbps>20465.244 goodput_kbps>14483.096 retrans>0 total_retrans>0 bytes_acked>60201073
18:38:08.325369 TCPINFO flow>3 window>0.100 samples>2 rtt_avg_us>31360 rtt_min_us>31360 rtt_max_us>31360 cwnd>71 cwnd_min>71 cwnd_max>71 throughput_kbps>0.000 goodput_kbps>0.000 retrans>0 total_retrans>0 bytes_acked>42511833
18:38:08.325854 TCPINFO flow>1 window>0.100 samples>2 rtt_avg_us>31893 rtt_min_us>31893 rtt_max_us>31893 cwnd>37 cwnd_min>37 cwnd_max>37 throughput_kbps>0.000 goodput_kbps>0.000 retrans>0 total_retrans>0 bytes_acked>75020881
18:38:08.376799 TCPINFO flow>2 window>0.149 samples>266 rtt_avg_us>31494 rtt_min_us>31322 rtt_max_us>31700 cwnd>64 cwnd_min>60 cwnd_max>64 throughput_kbps>21019.807 goodput_kbps>20733.823 retrans>0 total_retrans>0 bytes_acked>60588513
18:38:08.518559 TCPINFO flow>2 window>0.142 samples>266 rtt_avg_us>31576 rtt_min_us>31403 rtt_max_us>31873 cwnd>69 cwnd_min>64 cwnd_max>69 throughput_kbps>22166.140 goodput_kbps>21864.560 retrans>0 total_retrans>0 bytes_acked>60975953
18:38:08.525384 TCPINFO flow>3 window>0.200 samples>3 rtt_avg_us>31360 rtt_min_us>31360 rtt_max_us>31360 cwnd>71 cwnd_min>71 cwnd_max>71 throughput_kbps>0.000 goodput_kbps>0.000 retrans>0 total_retrans>0 bytes_acked>42511833
18:38:08.525848 TCPINFO flow>1 window>0.200 samples>3 rtt_avg_us>31893 rtt_min_us>31893 rtt_max_us>31893 cwnd>37 cwnd_min>37 cwnd_max>37 throughput_kbps>0.000 goodput_kbps>0.000 retrans>0 total_retrans>0 bytes_acked>75020881
18:38:08.625365 TCPINFO flow>2 window>0.107 samples>265 rtt_avg_us>31407 rtt_min_us>31302 rtt_max_us>31555 cwnd>72 cwnd_min>69 cwnd_max>72 throughput_kbps>24016.628 goodput_kbps>23616.351 retrans>0 total_retrans>0 bytes_acked>61291249
18:38:08.625849 TCPINFO flow>1 window>0.100 samples>2 rtt_avg_us>31893 rtt_min_us>31893 rtt_max_us>31893 cwnd>37 cwnd_min>37 cwnd_max>37 throughput_kbps>0.000 goodput_kbps>0.000 retrans>0 total_retrans>0 bytes_acked>75020881
18:38:08.725375 TCPINFO flow>3 window>0.200 samples>3 rtt_avg_us>31360 rtt_min_us>31360 rtt_max_us>31360 cwnd>71 cwnd_min>71 cwnd_max>71 throughput_kbps>0.000 goodput_kbps>0.000 retrans>0 total_retrans>0 bytes_acked>42511833
18:38:08.725381 TCPINFO flow>2 window>0.100 samples>266 rtt_avg_us>31381 rtt_min_us>31316 rtt_max_us>31466 cwnd>75 cwnd_min>72 cwnd_max>75 throughput_kbps>24899.056 goodput_kbps>24364.742 retrans>0 total_retrans>0 bytes_acked>61595857
18:38:08.725856 TCPINFO flow>1 window>0.100 samples>2 rtt_avg_us>31893 rtt_min_us>31893 rtt_max_us>31893 cwnd>37 cwnd_min>37 cwnd_max>37 throughput_kbps>0.000 goodput_kbps>0.000 retrans>0 total_retrans>0 bytes_acked>75020881
18:38:08.825858 TCPINFO flow>1 window>0.100 samples>2 rtt_avg_us>31893 rtt_min_us>31893 rtt_max_us>31893 cwnd>37 cwnd_min>37 cwnd_max>37 throughput_kbps>0.000 goodput_kbps>0.000 retrans>0 total_retrans>0 bytes_acked>75020881
18:38:08.833621 TCPINFO flow>2 window>0.108 samples>135 rtt_avg_us>31356 rtt_min_us>31296 rtt_max_us>31446 cwnd>77 cwnd_min>75 cwnd_max>77 throughput_kbps>25969.549 goodput_kbps>25870.806 retrans>0 total_retrans>0 bytes_acked>61945889
18:38:08.925399 TCPINFO flow>3 window>0.200 samples>3 rtt_avg_us>31360 rtt_min_us>31360 rtt_max_us>31360 cwnd>71 cwnd_min>71 cwnd_max>71 throughput_kbps>0.000 goodput_kbps>0.000 retrans>0 total_retrans>0 bytes_acked>42511833
18:38:08.925874 TCPINFO flow>1 window>0.100 samples>2 rtt_avg_us>31893 rtt_min_us>31893 rtt_max_us>31893 cwnd>37 cwnd_min>37 cwnd_max>37 throughput_kbps>0.000 goodput_kbps>0.000 retrans>0 total_retrans>0 bytes_acked>75020881
18:38:09.025392 TCPINFO flow>2 window>0.192 samples>255 rtt_avg_us>31401 rtt_min_us>31240 rtt_max_us>31662 cwnd>82 cwnd_min>77 cwnd_max>82 throughput_kbps>19605.717 goodput_kbps>23841.436 retrans>0 total_retrans>0 bytes_acked>62517401
18:38:09.125280 TCPINFO flow>3 window>0.200 samples>3 rtt_avg_us>31360 rtt_min_us>31360 rtt_max_us>31360 cwnd>71 cwnd_min>71 cwnd_max>71 throughput_kbps>53.472 goodput_kbps>0.000 retrans>0 total_retrans>0 bytes_acked>42511833
18:38:09.125851 TCPINFO flow>1 window>0.200 samples>3 rtt_avg_us>31893 rtt_min_us>31893 rtt_max_us>31893 cwnd>37 cwnd_min>37 cwnd_max>37 throughput_kbps>0.000 goodput_kbps>0.000 retrans>0 total_retrans>0 bytes_acked>75020881
18:38:09.225367 TCPINFO flow>3 window>0.100 samples>339 rtt_avg_us>31350 rtt_min_us>31185 rtt_max_us>31421 cwnd>71 cwnd_min>71 cwnd_max>71 throughput_kbps>24347.458 goodput_kbps>16872.361 retrans>0 total_retrans>0 bytes_acked>42722921
18:38:09.225375 TCPINFO flow>2 window>0.200 samples>3 rtt_avg_us>31240 rtt_min_us>31240 rtt_max_us>31240 cwnd>82 cwnd_min>82 cwnd_max>82 throughput_kbps>0.000 goodput_kbps>0.000 retrans>0 total_retrans>0 bytes_acked>62517401
18:38:09.225854 TCPINFO flow>1 window>0.100 samples>2 rtt_avg_us>31893 rtt_min_us>31893 rtt_max_us>31893 cwnd>37 cwnd_min>37 cwnd_max>37 throughput_kbps>0.000 goodput_kbps>0.000 retrans>0 total_retrans>0 bytes_acked>75020881
18:38:09.325371 TCPINFO flow>3 window>0.100 samples>164 rtt_avg_us>31252 rtt_min_us>31109 rtt_max_us>31467 cwnd>70 cwnd_min>70 cwnd_max>71 throughput_kbps>23833.287 goodput_kbps>24047.038 retrans>0 total_retrans>0 bytes_acked>43023521
18:38:09.325378 TCPINFO flow>2 window>0.100 samples>2 rtt_avg_us>31240 rtt_min_us>31240 rtt_max_us>31240 cwnd>82 cwnd_min>82 cwnd_max>82 throughput_kbps>0.000 goodput_kbps>0.000 retrans>0 total_retrans>0 bytes_acked>62517401
18:38:09.325862 TCPINFO flow>1 window>0.100 samples>2 rtt_avg_us>31893 rtt_min_us>31893 rtt_max_us>31893 cwnd>37 cwnd_min>37 cwnd_max>37 throughput_kbps>0.000 goodput_kbps>0.000 retrans>0 total_retrans>0 bytes_acked>75020881
18:38:09.473631 TCPINFO flow>3 window>0.148 samples>266 rtt_avg_us>31241 rtt_min_us>31065 rtt_max_us>31372 cwnd>68 cwnd_min>68 cwnd_max>71 throughput_kbps>23357.021 goodput_kbps>23645.380 retrans>0 total_retrans>0 bytes_acked>43461729
18:38:09.525365 TCPINFO flow>2 window>0.200 samples>3 rtt_avg_us>31240 rtt_min_us>31240 rtt_max_us>31240 cwnd>82 cwnd_min>82 cwnd_max>82 throughput_kbps>0.000 goodput_kbps>0.000 retrans>0 total_retrans>0 bytes_acked>62517401
18:38:09.525853 TCPINFO flow>1 window>0.200 samples>3 rtt_avg_us>31893 rtt_min_us>31893 rtt_max_us>31893 cwnd>37 cwnd_min>37 cwnd_max>37 throughput_kbps>0.000 goodput_kbps>0.000 retrans>0 total_retrans>0 bytes_acked>75020881
18:38:09.587830 TCPINFO flow>3 window>0.114 samples>222 rtt_avg_us>31398 rtt_min_us>31276 rtt_max_us>32042 cwnd>69 cwnd_min>67 cwnd_max>69 throughput_kbps>22836.207 goodput_kbps>22649.025 retrans>0 total_retrans>0 bytes_acked>43785041
18:38:09.625369 TCPINFO flow>2 window>0.100 samples>2 rtt_avg_us>31240 rtt_min_us>31240 rtt_max_us>31240 cwnd>82 cwnd_min>82 cwnd_max>82 throughput_kbps>0.000 goodput_kbps>0.000 retrans>0 total_retrans>0 bytes_acked>62517401
18:38:09.625862 TCPINFO flow>1 window>0.100 samples>2 rtt_avg_us>31893 rtt_min_us>31893 rtt_max_us>31893 cwnd>37 cwnd_min>37 cwnd_max>37 throughput_kbps>0.000 goodput_kbps>0.000 retrans>0 total_retrans>0 bytes_acked>75020881
18:38:09.717303 TCPINFO flow>3 window>0.129 samples>266 rtt_avg_us>31342 rtt_min_us>31251 rtt_max_us>31394 cwnd>73 cwnd_min>69 cwnd_max>73 throughput_kbps>24352.259 goodput_kbps>23939.509 retrans>0 total_retrans>0 bytes_acked>44172481
18:38:09.825370 TCPINFO flow>3 window>0.108 samples>271 rtt_avg_us>31437 rtt_min_us>31251 rtt_max_us>31683 cwnd>75 cwnd_min>72 cwnd_max>75 throughput_kbps>25022.107 goodput_kbps>24725.402 retrans>0 total_retrans>0 bytes_acked>44506481
18:38:09.825409 TCPINFO flow>2 window>0.200 samples>3 rtt_avg_us>31240 rtt_min_us>31240 rtt_max_us>31240 cwnd>82 cwnd_min>82 cwnd_max>82 throughput_kbps>0.000 goodput_kbps>0.000 retrans>0 total_retrans>0 bytes_acked>62517401
18:38:09.825858 TCPINFO flow>1 window>0.200 samples>3 rtt_avg_us>31893 rtt_min_us>31893 rtt_max_us>31893 cwnd>37 cwnd_min>37 cwnd_max>37 throughput_kbps>0.000 goodput_kbps>0.000 retrans>0 total_retrans>0 bytes_acked>75020881
18:38:09.925392 TCPINFO flow>3 window>0.100 samples>202 rtt_avg_us>31414 rtt_min_us>31320 rtt_max_us>31557 cwnd>79 cwnd_min>75 cwnd_max>79 throughput_kbps>26072.984 goodput_kbps>25859.271 retrans>0 total_retrans>0 bytes_acked>44829793
18:38:09.925868 TCPINFO flow>1 window>0.100 samples>2 rtt_avg_us>31893 rtt_min_us>31893 rtt_max_us>31893 cwnd>37 cwnd_min>37 cwnd_max>37 throughput_kbps>0.000 goodput_kbps>0.000 retrans>0 total_retrans>0 bytes_acked>75020881
18:38:10.025399 TCPINFO flow>3 window>0.100 samples>2 rtt_avg_us>31372 rtt_min_us>31251 rtt_max_us>31493 cwnd>80 cwnd_min>79 cwnd_max>80 throughput_kbps>6388.673 goodput_kbps>14617.857 retrans>0 total_retrans>0 bytes_acked>45012529
18:38:10.025408 TCPINFO flow>2 window>0.200 samples>3 rtt_avg_us>31240 rtt_min_us>31240 rtt_max_us>31240 cwnd>82 cwnd_min>82 cwnd_max>82 throughput_kbps>0.000 goodput_kbps>0.000 retrans>0 total_retrans>0 bytes_acked>62517401
18:38:10.125502 TCPINFO flow>2 window>0.100 samples>5 rtt_avg_us>31240 rtt_min_us>31240 rtt_max_us>31240 cwnd>82 cwnd_min>82 cwnd_max>82 throughput_kbps>213.559 goodput_kbps>0.000 retrans>0 total_retrans>0 bytes_acked>62517401
18:38:10.125863 TCPINFO flow>1 window>0.200 samples>3 rtt_avg_us>31893 rtt_min_us>31893 rtt_max_us>31893 cwnd>37 cwnd_min>37 cwnd_max>37 throughput_kbps>0.000 goodput_kbps>0.000 retrans>0 total_retrans>0 bytes_acked>75020881
18:38:10.225380 TCPINFO flow>3 window>0.200 samples>3 rtt_avg_us>31251 rtt_min_us>31251 rtt_max_us>31251 cwnd>80 cwnd_min>80 cwnd_max>80 throughput_kbps>0.000 goodput_kbps>0.000 retrans>0 total_retrans>0 bytes_acked>45012529
18:38:10.225596 TCPINFO flow>2 window>0.100 samples>397 rtt_avg_us>31242 rtt_min_us>31181 rtt_max_us>31350 cwnd>83 cwnd_min>82 cwnd_max>83 throughput_kbps>28189.822 goodput_kbps>19861.011 retrans>0 total_retrans>0 bytes_acked>62765897
18:38:10.325597 TCPINFO flow>2 window>0.100 samples>172 rtt_avg_us>31246 rtt_min_us>31144 rtt_max_us>31357 cwnd>84 cwnd_min>83 cwnd_max>84 throughput_kbps>28536.675 goodput_kbps>28322.917 retrans>0 total_retrans>0 bytes_acked>63119937
18:38:10.325857 TCPINFO flow>1 window>0.200 samples>3 rtt_avg_us>31893 rtt_min_us>31893 rtt_max_us>31893 cwnd>37 cwnd_min>37 cwnd_max>37 throughput_kbps>0.000 goodput_kbps>0.000 retrans>0 total_retrans>0 bytes_acked>75020881
18:38:10.425372 TCPINFO flow>3 window>0.200 samples>3 rtt_avg_us>31251 rtt_min_us>31251 rtt_max_us>31251 cwnd>80 cwnd_min>80 cwnd_max>80 throughput_kbps>0.000 goodput_kbps>0.000 retrans>0 total_retrans>0 bytes_acked>45012529
18:38:10.431510 TCPINFO flow>2 window>0.106 samples>243 rtt_avg_us>31276 rtt_min_us>31093 rtt_max_us>31389 cwnd>83 cwnd_min>83 cwnd_max>84 throughput_kbps>28356.557 goodput_kbps>28457.470 retrans>0 total_retrans>0 bytes_acked>63496689
18:38:10.525375 TCPINFO flow>3 window>0.100 samples>2 rtt_avg_us>31251 rtt_min_us>31251 rtt_max_us>31251 cwnd>80 cwnd_min>80 cwnd_max>80 throughput_kbps>0.000 goodput_kbps>0.000 retrans>0 total_retrans>0 bytes_acked>45012529
18:38:10.525858 TCPINFO flow>1 window>0.200 samples>3 rtt_avg_us>31893 rtt_min_us>31893 rtt_max_us>31893 cwnd>37 cwnd_min>37 cwnd_max>37 throughput_kbps>0.000 goodput_kbps>0.000 retrans>0 total_retrans>0 bytes_acked>75020881
18:38:10.540496 TCPINFO flow>2 window>0.109 samples>266 rtt_avg_us>31252 rtt_min_us>31152 rtt_max_us>31384 cwnd>81 cwnd_min>81 cwnd_max>83 throughput_kbps>27655.075 goodput_kbps>27949.278 retrans>0 total_retrans>0 bytes_acked>63877449
18:38:10.655505 TCPINFO flow>2 window>0.115 samples>266 rtt_avg_us>31289 rtt_min_us>31199 rtt_max_us>31549 cwnd>77 cwnd_min>77 cwnd_max>81 throughput_kbps>26485.579 goodput_kbps>26671.443 retrans>0 total_retrans>0 bytes_acked>64260881
18:38:10.725372 TCPINFO flow>3 window>0.200 samples>3 rtt_avg_us>31251 rtt_min_us>31251 rtt_max_us>31251 cwnd>80 cwnd_min>80 cwnd_max>80 throughput_kbps>0.000 goodput_kbps>0.000 retrans>0 total_retrans>0 bytes_acked>45012529
18:38:10.725853 TCPINFO flow>1 window>0.200 samples>3 rtt_avg_us>31893 rtt_min_us>31893 rtt_max_us>31893 cwnd>37 cwnd_min>37 cwnd_max>37 throughput_kbps>0.000 goodput_kbps>0.000 retrans>0 total_retrans>0 bytes_acked>75020881
18:38:10.778952 TCPINFO flow>2 window>0.123 samples>266 rtt_avg_us>31317 rtt_min_us>31163 rtt_max_us>31574 cwnd>71 cwnd_min>71 cwnd_max>78 throughput_kbps>24069.147 goodput_kbps>24588.625 retrans>0 total_retrans>0 bytes_acked>64640305
18:38:10.825394 TCPINFO flow>3 window>0.100 samples>2 rtt_avg_us>31251 rtt_min_us>31251 rtt_max_us>31251 cwnd>80 cwnd_min>80 cwnd_max>80 throughput_kbps>0.000 goodput_kbps>0.000 retrans>0 total_retrans>0 bytes_acked>45012529
18:38:10.825868 TCPINFO flow>1 window>0.100 samples>2 rtt_avg_us>31893 rtt_min_us>31893 rtt_max_us>31893 cwnd>37 cwnd_min>37 cwnd_max>37 throughput_kbps>0.000 goodput_kbps>0.000 retrans>0 total_retrans>0 bytes_acked>75020881
18:38:10.925391 TCPINFO flow>2 window>0.146 samples>118 rtt_avg_us>31477 rtt_min_us>31299 rtt_max_us>31823 cwnd>71 cwnd_min>70 cwnd_max>72 throughput_kbps>15529.852 goodput_kbps>20638.874 retrans>0 total_retrans>0 bytes_acked>65018097
18:38:11.025392 TCPINFO flow>3 window>0.200 samples>3 rtt_avg_us>31251 rtt_min_us>31251 rtt_max_us>31251 cwnd>80 cwnd_min>80 cwnd_max>80 throughput_kbps>0.000 goodput_kbps>0.000 retrans>0 total_retrans>0 bytes_acked>45012529
18:38:11.025400 TCPINFO flow>2 window>0.100 samples>2 rtt_avg_us>31348 rtt_min_us>31348 rtt_max_us>31348 cwnd>71 cwnd_min>71 cwnd_max>71 throughput_kbps>0.000 goodput_kbps>0.000 retrans>0 total_retrans>0 bytes_acked>65018097
18:38:11.025864 TCPINFO flow>1 window>0.200 samples>3 rtt_avg_us>31893 rtt_min_us>31893 rtt_max_us>31893 cwnd>37 cwnd_min>37 cwnd_max>37 throughput_kbps>0.000 goodput_kbps>0.000 retrans>0 total_retrans>0 bytes_acked>75020881
18:38:11.125464 TCPINFO flow>3 window>0.100 samples>5 rtt_avg_us>31251 rtt_min_us>31251 rtt_max_us>31251 cwnd>80 cwnd_min>80 cwnd_max>80 throughput_kbps>213.606 goodput_kbps>0.000 retrans>0 total_retrans>0 bytes_acked>45012529
18:38:11.225376 TCPINFO flow>2 window>0.200 samples>3 rtt_avg_us>31348 rtt_min_us>31348 rtt_max_us>31348 cwnd>71 cwnd_min>71 cwnd_max>71 throughput_kbps>0.000 goodput_kbps>0.000 retrans>0 total_retrans>0 bytes_acked>65018097
18:38:11.225852 TCPINFO flow>1 window>0.200 samples>3 rtt_avg_us>31893 rtt_min_us>31893 rtt_max_us>31893 cwnd>37 cwnd_min>37 cwnd_max>37 throughput_kbps>0.000 goodput_kbps>0.000 retrans>0 total_retrans>0 bytes_acked>75020881
18:38:11.258966 TCPINFO flow>3 window>0.134 samples>368 rtt_avg_us>31272 rtt_min_us>31186 rtt_max_us>31414 cwnd>81 cwnd_min>80 cwnd_max>81 throughput_kbps>27540.202 goodput_kbps>21375.680 retrans>0 total_retrans>0 bytes_acked>45369241
18:38:11.325869 TCPINFO flow>1 window>0.100 samples>2 rtt_avg_us>31893 rtt_min_us>31893 rtt_max_us>31893 cwnd>37 cwnd_min>37 cwnd_max>37 throughput_kbps>0.000 goodput_kbps>0.000 retrans>0 total_retrans>0 bytes_acked>75020881
18:38:11.370790 TCPINFO flow>3 window>0.112 samples>266 rtt_avg_us>31339 rtt_min_us>31142 rtt_max_us>31494 cwnd>81 cwnd_min>81 cwnd_max>82 throughput_kbps>27622.264 goodput_kbps>27622.264 retrans>0 total_retrans>0 bytes_acked>45755345
18:38:11.425373 TCPINFO flow>2 window>0.200 samples>3 rtt_avg_us>31348 rtt_min_us>31348 rtt_max_us>31348 cwnd>71 cwnd_min>71 cwnd_max>71 throughput_kbps>0.000 goodput_kbps>0.000 retrans>0 total_retrans>0 bytes_acked>65018097
18:38:11.483595 TCPINFO flow>3 window>0.113 samples>266 rtt_avg_us>31289 rtt_min_us>31176 rtt_max_us>31376 cwnd>80 cwnd_min>80 cwnd_max>81 throughput_kbps>27192.554 goodput_kbps>27192.554 retrans>0 total_retrans>0 bytes_acked>46138777
18:38:11.525856 TCPINFO flow>1 window>0.200 samples>3 rtt_avg_us>31893 rtt_min_us>31893 rtt_max_us>31893 cwnd>37 cwnd_min>37 cwnd_max>37 throughput_kbps>0.000 goodput_kbps>0.000 retrans>0 total_retrans>0 bytes_acked>75020881
18:38:11.597621 TCPINFO flow>3 window>0.114 samples>266 rtt_avg_us>31463 rtt_min_us>31252 rtt_max_us>31940 cwnd>79 cwnd_min>79 cwnd_max>80 throughput_kbps>26901.373 goodput_kbps>26995.106 retrans>0 total_retrans>0 bytes_acked>46523545
18:38:11.625366 TCPINFO flow>2 window>0.200 samples>3 rtt_avg_us>31348 rtt_min_us>31348 rtt_max_us>31348 cwnd>71 cwnd_min>71 cwnd_max>71 throughput_kbps>0.000 goodput_kbps>0.000 retrans>0 total_retrans>0 bytes_acked>65018097
18:38:11.712606 TCPINFO flow>3 window>0.115 samples>265 rtt_avg_us>31283 rtt_min_us>31135 rtt_max_us>31407 cwnd>77 cwnd_min>77 cwnd_max>80 throughput_kbps>26305.205 goodput_kbps>26584.059 retrans>0 total_retrans>0 bytes_acked>46905641
18:38:11.725368 TCPINFO flow>2 window>0.100 samples>2 rtt_avg_us>31348 rtt_min_us>31348 rtt_max_us>31348 cwnd>71 cwnd_min>71 cwnd_max>71 throughput_kbps>0.000 goodput_kbps>0.000 retrans>0 total_retrans>0 bytes_acked>65018097
18:38:11.725849 TCPINFO flow>1 window>0.200 samples>3 rtt_avg_us>31893 rtt_min_us>31893 rtt_max_us>31893 cwnd>37 cwnd_min>37 cwnd_max>37 throughput_kbps>0.000 goodput_kbps>0.000 retrans>0 total_retrans>0 bytes_acked>75020881
18:38:11.825387 TCPINFO flow>3 window>0.113 samples>266 rtt_avg_us>31336 rtt_min_us>31232 rtt_max_us>31444 cwnd>75 cwnd_min>75 cwnd_max>78 throughput_kbps>25966.360 goodput_kbps>25966.360 retrans>0 total_retrans>0 bytes_acked>47271705
18:38:11.825396 TCPINFO flow>2 window>0.100 samples>2 rtt_avg_us>31348 rtt_min_us>31348 rtt_max_us>31348 cwnd>71 cwnd_min>71 cwnd_max>71 throughput_kbps>0.000 goodput_kbps>0.000 retrans>0 total_retrans>0 bytes_acked>65018097
18:38:11.825854 TCPINFO flow>1 window>0.100 samples>2 rtt_avg_us>31893 rtt_min_us>31893 rtt_max_us>31893 cwnd>37 cwnd_min>37 cwnd_max>37 throughput_kbps>0.000 goodput_kbps>0.000 retrans>0 total_retrans>0 bytes_acked>75020881
18:38:11.925393 TCPINFO flow>3 window>0.100 samples>30 rtt_avg_us>31335 rtt_min_us>31232 rtt_max_us>31420 cwnd>76 cwnd_min>75 cwnd_max>76 throughput_kbps>11304.922 goodput_kbps>19320.441 retrans>0 total_retrans>0 bytes_acked>47513225
18:38:11.925400 TCPINFO flow>2 window>0.100 samples>2 rtt_avg_us>31348 rtt_min_us>31348 rtt_max_us>31348 cwnd>71 cwnd_min>71 cwnd_max>71 throughput_kbps>0.000 goodput_kbps>0.000 retrans>0 total_retrans>0 bytes_acked>65018097
18:38:11.925863 TCPINFO flow>1 window>0.100 samples>2 rtt_avg_us>31893 rtt_min_us>31893 rtt_max_us>31893 cwnd>37 cwnd_min>37 cwnd_max>37 throughput_kbps>0.000 goodput_kbps>0.000 retrans>0 total_retrans>0 bytes_acked>75020881
18:38:12.025402 TCPINFO flow>3 window>0.100 samples>2 rtt_avg_us>31346 rtt_min_us>31346 rtt_max_us>31346 cwnd>76 cwnd_min>76 cwnd_max>76 throughput_kbps>0.000 goodput_kbps>0.000 retrans>0 total_retrans>0 bytes_acked>47513225
18:38:12.025409 TCPINFO flow>2 window>0.100 samples>2 rtt_avg_us>31348 rtt_min_us>31348 rtt_max_us>31348 cwnd>71 cwnd_min>71 cwnd_max>71 throughput_kbps>0.000 goodput_kbps>0.000 retrans>0 total_retrans>0 bytes_acked>65018097
18:38:12.025864 TCPINFO flow>1 window>0.100 samples>2 rtt_avg_us>31893 rtt_min_us>31893 rtt_max_us>31893 cwnd>37 cwnd_min>37 cwnd_max>37 throughput_kbps>0.000 goodput_kbps>0.000 retrans>0 total_retrans>0 bytes_acked>75020881
18:38:12.125498 TCPINFO flow>2 window>0.100 samples>5 rtt_avg_us>31348 rtt_min_us>31348 rtt_max_us>31348 cwnd>71 cwnd_min>71 cwnd_max>71 throughput_kbps>213.570 goodput_kbps>0.000 retrans>0 total_retrans>0 bytes_acked>65018097
18:38:12.225371 TCPINFO flow>3 window>0.200 samples>3 rtt_avg_us>31346 rtt_min_us>31346 rtt_max_us>31346 cwnd>76 cwnd_min>76 cwnd_max>76 throughput_kbps>0.000 goodput_kbps>0.000 retrans>0 total_retrans>0 bytes_acked>47513225
18:38:12.225576 TCPINFO flow>2 window>0.100 samples>325 rtt_avg_us>31348 rtt_min_us>31309 rtt_max_us>31452 cwnd>71 cwnd_min>71 cwnd_max>71 throughput_kbps>24029.257 goodput_kbps>16873.878 retrans>0 total_retrans>0 bytes_acked>65229185
18:38:12.225849 TCPINFO flow>1 window>0.200 samples>3 rtt_avg_us>31893 rtt_min_us>31893 rtt_max_us>31893 cwnd>37 cwnd_min>37 cwnd_max>37 throughput_kbps>0.000 goodput_kbps>0.000 retrans>0 total_retrans>0 bytes_acked>75020881
18:38:12.325877 TCPINFO flow>1 window>0.100 samples>2 rtt_avg_us>31893 rtt_min_us>31893 rtt_max_us>31893 cwnd>37 cwnd_min>37 cwnd_max>37 throughput_kbps>0.000 goodput_kbps>0.000 retrans>0 total_retrans>0 bytes_acked>75020881
18:38:12.349873 TCPINFO flow>2 window>0.124 samples>220 rtt_avg_us>31351 rtt_min_us>31268 rtt_max_us>31447 cwnd>67 cwnd_min>67 cwnd_max>71 throughput_kbps>23216.650 goodput_kbps>23560.601 retrans>0 total_retrans>0 bytes_acked>65595249
18:38:12.425371 TCPINFO flow>3 window>0.200 samples>3 rtt_avg_us>31346 rtt_min_us>31346 rtt_max_us>31346 cwnd>76 cwnd_min>76 cwnd_max>76 throughput_kbps>0.000 goodput_kbps>0.000 retrans>0 total_retrans>0 bytes_acked>47513225
18:38:12.485184 TCPINFO flow>2 window>0.135 samples>266 rtt_avg_us>31409 rtt_min_us>31285 rtt_max_us>31646 cwnd>67 cwnd_min>67 cwnd_max>67 throughput_kbps>22827.649 goodput_kbps>22748.660 retrans>0 total_retrans>0 bytes_acked>65980017
18:38:12.525849 TCPINFO flow>1 window>0.200 samples>3 rtt_avg_us>31893 rtt_min_us>31893 rtt_max_us>31893 cwnd>37 cwnd_min>37 cwnd_max>37 throughput_kbps>0.000 goodput_kbps>0.000 retrans>0 total_retrans>0 bytes_acked>75020881
18:38:12.622393 TCPINFO flow>2 window>0.137 samples>265 rtt_avg_us>31482 rtt_min_us>31278 rtt_max_us>31658 cwnd>72 cwnd_min>67 cwnd_max>72 throughput_kbps>22901.355 goodput_kbps>22667.668 retrans>0 total_retrans>0 bytes_acked>66368793
18:38:12.625372 TCPINFO flow>3 window>0.200 samples>3 rtt_avg_us>31346 rtt_min_us>31346 rtt_max_us>31346 cwnd>76 cwnd_min>76 cwnd_max>76 throughput_kbps>0.000 goodput_kbps>0.000 retrans>0 total_retrans>0 bytes_acked>47513225
18:38:12.725373 TCPINFO flow>2 window>0.103 samples>266 rtt_avg_us>31379 rtt_min_us>31293 rtt_max_us>31561 cwnd>72 cwnd_min>71 cwnd_max>72 throughput_kbps>24389.979 goodput_kbps>24182.404 retrans>0 total_retrans>0 bytes_acked>66680081
18:38:12.725849 TCPINFO flow>1 window>0.200 samples>3 rtt_avg_us>31893 rtt_min_us>31893 rtt_max_us>31893 cwnd>37 cwnd_min>37 cwnd_max>37 throughput_kbps>0.000 goodput_kbps>0.000 retrans>0 total_retrans>0 bytes_acked>75020881
18:38:12.825374 TCPINFO flow>3 window>0.200 samples>3 rtt_avg_us>31346 rtt_min_us>31346 rtt_max_us>31346 cwnd>76 cwnd_min>76 cwnd_max>76 throughput_kbps>0.000 goodput_kbps>0.000 retrans>0 total_retrans>0 bytes_acked>47513225
18:38:12.825382 TCPINFO flow>2 window>0.100 samples>266 rtt_avg_us>31485 rtt_min_us>31315 rtt_max_us>31716 cwnd>74 cwnd_min>72 cwnd_max>74 throughput_kbps>24580.188 goodput_kbps>24259.577 retrans>0 total_retrans>0 bytes_acked>66983353
18:38:12.825852 TCPINFO flow>1 window>0.100 samples>2 rtt_avg_us>31893 rtt_min_us>31893 rtt_max_us>31893 cwnd>37 cwnd_min>37 cwnd_max>37 throughput_kbps>0.000 goodput_kbps>0.000 retrans>0 total_retrans>0 bytes_acked>75020881
18:38:12.925387 TCPINFO flow>3 window>0.100 samples>2 rtt_avg_us>31346 rtt_min_us>31346 rtt_max_us>31346 cwnd>76 cwnd_min>76 cwnd_max>76 throughput_kbps>0.000 goodput_kbps>0.000 retrans>0 total_retrans>0 bytes_acked>47513225
18:38:12.925393 TCPINFO flow>2 window>0.100 samples>120 rtt_avg_us>31422 rtt_min_us>31333 rtt_max_us>31574 cwnd>76 cwnd_min>74 cwnd_max>76 throughput_kbps>25648.379 goodput_kbps>25541.510 retrans>0 total_retrans>0 bytes_acked>67302657
18:38:12.925857 TCPINFO flow>1 window>0.100 samples>2 rtt_avg_us>31893 rtt_min_us>31893 rtt_max_us>31893 cwnd>37 cwnd_min>37 cwnd_max>37 throughput_kbps>0.000 goodput_kbps>0.000 retrans>0 total_retrans>0 bytes_acked>75020881
18:38:13.125252 TCPINFO flow>3 window>0.200 samples>3 rtt_avg_us>31346 rtt_min_us>31346 rtt_max_us>31346 cwnd>76 cwnd_min>76 cwnd_max>76 throughput_kbps>53.476 goodput_kbps>0.000 retrans>0 total_retrans>0 bytes_acked>47513225
18:38:13.125375 TCPINFO flow>2 window>0.200 samples>3 rtt_avg_us>31464 rtt_min_us>31437 rtt_max_us>31517 cwnd>77 cwnd_min>76 cwnd_max>77 throughput_kbps>4637.857 goodput_kbps>8646.218 retrans>0 total_retrans>0 bytes_acked>67518793
18:38:13.125850 TCPINFO flow>1 window>0.200 samples>3 rtt_avg_us>31893 rtt_min_us>31893 rtt_max_us>31893 cwnd>37 cwnd_min>37 cwnd_max>37 throughput_kbps>0.000 goodput_kbps>0.000 retrans>0 total_retrans>0 bytes_acked>75020881
18:38:13.225367 TCPINFO flow>3 window>0.100 samples>370 rtt_avg_us>31328 rtt_min_us>31264 rtt_max_us>31622 cwnd>75 cwnd_min>74 cwnd_max>76 throughput_kbps>25301.463 goodput_kbps>18041.972 retrans>0 total_retrans>0 bytes_acked>47739009
18:38:13.325368 TCPINFO flow>2 window>0.200 samples>3 rtt_avg_us>31437 rtt_min_us>31437 rtt_max_us>31437 cwnd>77 cwnd_min>77 cwnd_max>77 throughput_kbps>0.000 goodput_kbps>0.000 retrans>0 total_retrans>0 bytes_acked>67518793
18:38:13.325847 TCPINFO flow>1 window>0.200 samples>3 rtt_avg_us>31893 rtt_min_us>31893 rtt_max_us>31893 cwnd>37 cwnd_min>37 cwnd_max>37 throughput_kbps>0.000 goodput_kbps>0.000 retrans>0 total_retrans>0 bytes_acked>75020881
18:38:13.327805 TCPINFO flow>3 window>0.102 samples>134 rtt_avg_us>31255 rtt_min_us>31173 rtt_max_us>31622 cwnd>73 cwnd_min>73 cwnd_max>75 throughput_kbps>24832.035 goodput_kbps>24727.699 retrans>0 total_retrans>0 bytes_acked>48055641
18:38:13.425372 TCPINFO flow>2 window>0.100 samples>2 rtt_avg_us>31437 rtt_min_us>31437 rtt_max_us>31437 cwnd>77 cwnd_min>77 cwnd_max>77 throughput_kbps>0.000 goodput_kbps>0.000 retrans>0 total_retrans>0 bytes_acked>67518793
18:38:13.425859 TCPINFO flow>1 window>0.100 samples>2 rtt_avg_us>31893 rtt_min_us>31893 rtt_max_us>31893 cwnd>37 cwnd_min>37 cwnd_max>37 throughput_kbps>0.000 goodput_kbps>0.000 retrans>0 total_retrans>0 bytes_acked>75020881
18:38:13.453961 TCPINFO flow>3 window>0.126 samples>266 rtt_avg_us>31407 rtt_min_us>31195 rtt_max_us>32243 cwnd>71 cwnd_min>70 cwnd_max>73 throughput_kbps>23806.462 goodput_kbps>24060.623 retrans>0 total_retrans>0 bytes_acked>48435065
18:38:13.525374 TCPINFO flow>2 window>0.100 samples>2 rtt_avg_us>31437 rtt_min_us>31437 rtt_max_us>31437 cwnd>77 cwnd_min>77 cwnd_max>77 throughput_kbps>0.000 goodput_kbps>0.000 retrans>0 total_retrans>0 bytes_acked>67518793
18:38:13.584038 TCPINFO flow>3 window>0.130 samples>266 rtt_avg_us>31383 rtt_min_us>31224 rtt_max_us>31644 cwnd>69 cwnd_min>69 cwnd_max>71 throughput_kbps>23088.847 goodput_kbps>23499.681 retrans>0 total_retrans>0 bytes_acked>48817161
18:38:13.625847 TCPINFO flow>1 window>0.200 samples>3 rtt_avg_us>31893 rtt_min_us>31893 rtt_max_us>31893 cwnd>37 cwnd_min>37 cwnd_max>37 throughput_kbps>0.000 goodput_kbps>0.000 retrans>0 total_retrans>0 bytes_acked>75020881
18:38:13.722045 TCPINFO flow>3 window>0.138 samples>266 rtt_avg_us>31446 rtt_min_us>31184 rtt_max_us>31654 cwnd>67 cwnd_min>67 cwnd_max>69 throughput_kbps>22768.932 goodput_kbps>22459.151 retrans>0 total_retrans>0 bytes_acked>49204601
18:38:13.725367 TCPINFO flow>2 window>0.200 samples>3 rtt_avg_us>31437 rtt_min_us>31437 rtt_max_us>31437 cwnd>77 cwnd_min>77 cwnd_max>77 throughput_kbps>0.000 goodput_kbps>0.000 retrans>0 total_retrans>0 bytes_acked>67518793
18:38:13.725865 TCPINFO flow>1 window>0.100 samples>2 rtt_avg_us>31893 rtt_min_us>31893 rtt_max_us>31893 cwnd>37 cwnd_min>37 cwnd_max>37 throughput_kbps>0.000 goodput_kbps>0.000 retrans>0 total_retrans>0 bytes_acked>75020881
18:38:13.825360 TCPINFO flow>3 window>0.103 samples>265 rtt_avg_us>31355 rtt_min_us>31241 rtt_max_us>31570 cwnd>65 cwnd_min>65 cwnd_max>68 throughput_kbps>22345.332 goodput_kbps>22759.135 retrans>0 total_retrans>0 bytes_acked>49498521
18:38:13.825368 TCPINFO flow>2 window>0.100 samples>2 rtt_avg_us>31437 rtt_min_us>31437 rtt_max_us>31437 cwnd>77 cwnd_min>77 cwnd_max>77 throughput_kbps>0.000 goodput_kbps>0.000 retrans>0 total_retrans>0 bytes_acked>67518793
18:38:13.925368 TCPINFO flow>3 window>0.100 samples>134 rtt_avg_us>31535 rtt_min_us>31385 rtt_max_us>31708 cwnd>65 cwnd_min>65 cwnd_max>66 throughput_kbps>22122.390 goodput_kbps>21908.647 retrans>0 total_retrans>0 bytes_acked>49772401
18:38:13.925375 TCPINFO flow>2 window>0.100 samples>2 rtt_avg_us>31437 rtt_min_us>31437 rtt_max_us>31437 cwnd>77 cwnd_min>77 cwnd_max>77 throughput_kbps>0.000 goodput_kbps>0.000 retrans>0 total_retrans>0 bytes_acked>67518793
18:38:13.925846 TCPINFO flow>1 window>0.200 samples>3 rtt_avg_us>31893 rtt_min_us>31893 rtt_max_us>31893 cwnd>37 cwnd_min>37 cwnd_max>37 throughput_kbps>0.000 goodput_kbps>0.000 retrans>0 total_retrans>0 bytes_acked>75020881
18:38:14.025402 TCPINFO flow>3 window>0.100 samples>31 rtt_avg_us>31594 rtt_min_us>31482 rtt_max_us>31708 cwnd>64 cwnd_min>64 cwnd_max>65 throughput_kbps>12477.038 goodput_kbps>19315.033 retrans>0 total_retrans>0 bytes_acked>50013921
18:38:14.025410 TCPINFO flow>2 window>0.100 samples>2 rtt_avg_us>31437 rtt_min_us>31437 rtt_max_us>31437 cwnd>77 cwnd_min>77 cwnd_max>77 throughput_kbps>0.000 goodput_kbps>0.000 retrans>0 total_retrans>0 bytes_acked>67518793
18:38:14.025861 TCPINFO flow>1 window>0.100 samples>2 rtt_avg_us>31893 rtt_min_us>31893 rtt_max_us>31893 cwnd>37 cwnd_min>37 cwnd_max>37 throughput_kbps>0.000 goodput_kbps>0.000 retrans>0 total_retrans>0 bytes_acked>75020881
18:38:14.125498 TCPINFO flow>2 window>0.100 samples>5 rtt_avg_us>31437 rtt_min_us>31437 rtt_max_us>31437 cwnd>77 cwnd_min>77 cwnd_max>77 throughput_kbps>213.572 goodput_kbps>0.000 retrans>0 total_retrans>0 bytes_acked>67518793
18:38:14.125876 TCPINFO flow>1 window>0.100 samples>2 rtt_avg_us>31893 rtt_min_us>31893 rtt_max_us>31893 cwnd>37 cwnd_min>37 cwnd_max>37 throughput_kbps>0.000 goodput_kbps>0.000 retrans>0 total_retrans>0 bytes_acked>75020881
18:38:14.225374 TCPINFO flow>3 window>0.200 samples>3 rtt_avg_us>31653 rtt_min_us>31653 rtt_max_us>31653 cwnd>64 cwnd_min>64 cwnd_max>64 throughput_kbps>0.000 goodput_kbps>0.000 retrans>0 total_retrans>0 bytes_acked>50013921
18:38:14.225577 TCPINFO flow>2 window>0.100 samples>342 rtt_avg_us>31420 rtt_min_us>31273 rtt_max_us>31437 cwnd>77 cwnd_min>77 cwnd_max>78 throughput_kbps>25951.338 goodput_kbps>18048.462 retrans>0 total_retrans>0 bytes_acked>67744577
18:38:14.325853 TCPINFO flow>1 window>0.200 samples>3 rtt_avg_us>31893 rtt_min_us>31893 rtt_max_us>31893 cwnd>37 cwnd_min>37 cwnd_max>37 throughput_kbps>0.000 goodput_kbps>0.000 retrans>0 total_retrans>0 bytes_acked>75020881
18:38:14.338453 TCPINFO flow>2 window>0.113 samples>204 rtt_avg_us>31292 rtt_min_us>31216 rtt_max_us>31523 cwnd>79 cwnd_min>77 cwnd_max>79 throughput_kbps>25849.817 goodput_kbps>25755.130 retrans>0 total_retrans>0 bytes_acked>68107969
18:38:14.425374 TCPINFO flow>3 window>0.200 samples>3 rtt_avg_us>31653 rtt_min_us>31653 rtt_max_us>31653 cwnd>64 cwnd_min>64 cwnd_max>64 throughput_kbps>0.000 goodput_kbps>0.000 retrans>0 total_retrans>0 bytes_acked>50013921
18:38:14.454651 TCPINFO flow>2 window>0.116 samples>265 rtt_avg_us>31325 rtt_min_us>31181 rtt_max_us>31523 cwnd>78 cwnd_min>78 cwnd_max>79 throughput_kbps>26490.508 goodput_kbps>26490.508 retrans>0 total_retrans>0 bytes_acked>68492737
18:38:14.525850 TCPINFO flow>1 window>0.200 samples>3 rtt_avg_us>31893 rtt_min_us>31893 rtt_max_us>31893 cwnd>37 cwnd_min>37 cwnd_max>37 throughput_kbps>0.000 goodput_kbps>0.000 retrans>0 total_retrans>0 bytes_acked>75020881
18:38:14.572755 TCPINFO flow>2 window>0.118 samples>266 rtt_avg_us>31468 rtt_min_us>31190 rtt_max_us>32344 cwnd>77 cwnd_min>77 cwnd_max>79 throughput_kbps>25701.009 goodput_kbps>25972.499 retrans>0 total_retrans>0 bytes_acked>68876169
18:38:14.625374 TCPINFO flow>3 window>0.200 samples>3 rtt_avg_us>31653 rtt_min_us>31653 rtt_max_us>31653 cwnd>64 cwnd_min>64 cwnd_max>64 throughput_kbps>0.000 goodput_kbps>0.000 retrans>0 total_retrans>0 bytes_acked>50013921
18:38:14.625853 TCPINFO flow>1 window>0.100 samples>2 rtt_avg_us>31893 rtt_min_us>31893 rtt_max_us>31893 cwnd>37 cwnd_min>37 cwnd_max>37 throughput_kbps>0.000 goodput_kbps>0.000 retrans>0 total_retrans>0 bytes_acked>75020881
18:38:14.694071 TCPINFO flow>2 window>0.121 samples>266 rtt_avg_us>31258 rtt_min_us>31167 rtt_max_us>31410 cwnd>75 cwnd_min>75 cwnd_max>77 throughput_kbps>25108.642 goodput_kbps>25284.843 retrans>0 total_retrans>0 bytes_acked>69259601
18:38:14.725376 TCPINFO flow>3 window>0.100 samples>2 rtt_avg_us>31653 rtt_min_us>31653 rtt_max_us>31653 cwnd>64 cwnd_min>64 cwnd_max>64 throughput_kbps>0.000 goodput_kbps>0.000 retrans>0 total_retrans>0 bytes_acked>50013921
18:38:14.817609 TCPINFO flow>2 window>0.124 samples>266 rtt_avg_us>31321 rtt_min_us>31230 rtt_max_us>31537 cwnd>72 cwnd_min>72 cwnd_max>75 throughput_kbps>24570.513 goodput_kbps>24743.544 retrans>0 total_retrans>0 bytes_acked>69641697
18:38:14.825850 TCPINFO flow>1 window>0.200 samples>3 rtt_avg_us>31893 rtt_min_us>31893 rtt_max_us>31893 cwnd>37 cwnd_min>37 cwnd_max>37 throughput_kbps>0.000 goodput_kbps>0.000 retrans>0 total_retrans>0 bytes_acked>75020881
18:38:14.925388 TCPINFO flow>3 window>0.200 samples>3 rtt_avg_us>31653 rtt_min_us>31653 rtt_max_us>31653 cwnd>64 cwnd_min>64 cwnd_max>64 throughput_kbps>0.000 goodput_kbps>0.000 retrans>0 total_retrans>0 bytes_acked>50013921
18:38:14.925394 TCPINFO flow>2 window>0.108 samples>119 rtt_avg_us>31447 rtt_min_us>31397 rtt_max_us>31537 cwnd>70 cwnd_min>70 cwnd_max>73 throughput_kbps>21099.188 goodput_kbps>24294.290 retrans>0 total_retrans>0 bytes_acked>69969017
18:38:14.925857 TCPINFO flow>1 window>0.100 samples>2 rtt_avg_us>31893 rtt_min_us>31893 rtt_max_us>31893 cwnd>37 cwnd_min>37 cwnd_max>37 throughput_kbps>0.000 goodput_kbps>0.000 retrans>0 total_retrans>0 bytes_acked>75020881
18:38:15.125262 TCPINFO flow>3 window>0.200 samples>3 rtt_avg_us>31653 rtt_min_us>31653 rtt_max_us>31653 cwnd>64 cwnd_min>64 cwnd_max>64 throughput_kbps>53.474 goodput_kbps>0.000 retrans>0 total_retrans>0 bytes_acked>50013921
18:38:15.125367 TCPINFO flow>2 window>0.200 samples>3 rtt_avg_us>31293 rtt_min_us>31220 rtt_max_us>31439 cwnd>71 cwnd_min>70 cwnd_max>71 throughput_kbps>0.000 goodput_kbps>2019.153 retrans>0 total_retrans>0 bytes_acked>70019489
18:38:15.125848 TCPINFO flow>1 window>0.200 samples>3 rtt_avg_us>31893 rtt_min_us>31893 rtt_max_us>31893 cwnd>37 cwnd_min>37 cwnd_max>37 throughput_kbps>0.000 goodput_kbps>0.000 retrans>0 total_retrans>0 bytes_acked>75020881
18:38:15.225356 TCPINFO flow>3 window>0.100 samples>310 rtt_avg_us>31607 rtt_min_us>31364 rtt_max_us>31653 cwnd>62 cwnd_min>62 cwnd_max>64 throughput_kbps>19540.672 goodput_kbps>13027.115 retrans>0 total_retrans>0 bytes_acked>50176913
18:38:15.225849 TCPINFO flow>1 window>0.100 samples>2 rtt_avg_us>31893 rtt_min_us>31893 rtt_max_us>31893 cwnd>37 cwnd_min>37 cwnd_max>37 throughput_kbps>0.000 goodput_kbps>0.000 retrans>0 total_retrans>0 bytes_acked>75020881
18:38:15.325360 TCPINFO flow>3 window>0.100 samples>191 rtt_avg_us>31393 rtt_min_us>31328 rtt_max_us>31482 cwnd>59 cwnd_min>59 cwnd_max>62 throughput_kbps>20413.263 goodput_kbps>20733.891 retrans>0 total_retrans>0 bytes_acked>50436097
18:38:15.325368 TCPINFO flow>2 window>0.200 samples>3 rtt_avg_us>31220 rtt_min_us>31220 rtt_max_us>31220 cwnd>71 cwnd_min>71 cwnd_max>71 throughput_kbps>0.000 goodput_kbps>0.000 retrans>0 total_retrans>0 bytes_acked>70019489
18:38:15.325853 TCPINFO flow>1 window>0.100 samples>2 rtt_avg_us>31893 rtt_min_us>31893 rtt_max_us>31893 cwnd>37 cwnd_min>37 cwnd_max>37 throughput_kbps>0.000 goodput_kbps>0.000 retrans>0 total_retrans>0 bytes_acked>75020881
18:38:15.425369 TCPINFO flow>3 window>0.100 samples>134 rtt_avg_us>31391 rtt_min_us>31316 rtt_max_us>31774 cwnd>57 cwnd_min>57 cwnd_max>60 throughput_kbps>19450.409 goodput_kbps>19877.891 retrans>0 total_retrans>0 bytes_acked>50684593
18:38:15.425376 TCPINFO flow>2 window>0.100 samples>2 rtt_avg_us>31220 rtt_min_us>31220 rtt_max_us>31220 cwnd>71 cwnd_min>71 cwnd_max>71 throughput_kbps>0.000 goodput_kbps>0.000 retrans>0 total_retrans>0 bytes_acked>70019489
18:38:15.525458 TCPINFO flow>3 window>0.100 samples>153 rtt_avg_us>31614 rtt_min_us>31433 rtt_max_us>31907 cwnd>57 cwnd_min>56 cwnd_max>58 throughput_kbps>19328.078 goodput_kbps>19114.508 retrans>0 total_retrans>0 bytes_acked>50923737
18:38:15.525849 TCPINFO flow>1 window>0.200 samples>3 rtt_avg_us>31893 rtt_min_us>31893 rtt_max_us>31893 cwnd>37 cwnd_min>37 cwnd_max>37 throughput_kbps>0.000 goodput_kbps>0.000 retrans>0 total_retrans>0 bytes_acked>75020881
18:38:15.625371 TCPINFO flow>2 window>0.200 samples>3 rtt_avg_us>31220 rtt_min_us>31220 rtt_max_us>31220 cwnd>71 cwnd_min>71 cwnd_max>71 throughput_kbps>0.000 goodput_kbps>0.000 retrans>0 total_retrans>0 bytes_acked>70019489
18:38:15.625854 TCPINFO flow>1 window>0.100 samples>2 rtt_avg_us>31893 rtt_min_us>31893 rtt_max_us>31893 cwnd>37 cwnd_min>37 cwnd_max>37 throughput_kbps>0.000 goodput_kbps>0.000 retrans>0 total_retrans>0 bytes_acked>75020881
18:38:15.684779 TCPINFO flow>3 window>0.159 samples>247 rtt_avg_us>31524 rtt_min_us>31424 rtt_max_us>31615 cwnd>59 cwnd_min>57 cwnd_max>59 throughput_kbps>19521.645 goodput_kbps>19454.560 retrans>0 total_retrans>0 bytes_acked>51311177
18:38:15.725373 TCPINFO flow>2 window>0.100 samples>2 rtt_avg_us>31220 rtt_min_us>31220 rtt_max_us>31220 cwnd>71 cwnd_min>71 cwnd_max>71 throughput_kbps>0.000 goodput_kbps>0.000 retrans>0 total_retrans>0 bytes_acked>70019489
18:38:15.825362 TCPINFO flow>3 window>0.141 samples>266 rtt_avg_us>31520 rtt_min_us>31446 rtt_max_us>31704 cwnd>62 cwnd_min>59 cwnd_max>62 throughput_kbps>20527.091 goodput_kbps>20299.012 retrans>0 total_retrans>0 bytes_acked>51667889
18:38:15.825854 TCPINFO flow>1 window>0.200 samples>3 rtt_avg_us>31893 rtt_min_us>31893 rtt_max_us>31893 cwnd>37 cwnd_min>37 cwnd_max>37 throughput_kbps>0.000 goodput_kbps>0.000 retrans>0 total_retrans>0 bytes_acked>75020881
18:38:15.925369 TCPINFO flow>3 window>0.100 samples>266 rtt_avg_us>31442 rtt_min_us>31309 rtt_max_us>31704 cwnd>63 cwnd_min>62 cwnd_max>64 throughput_kbps>21374.504 goodput_kbps>21160.759 retrans>0 total_retrans>0 bytes_acked>51932417
18:38:15.925376 TCPINFO flow>2 window>0.200 samples>3 rtt_avg_us>31220 rtt_min_us>31220 rtt_max_us>31220 cwnd>71 cwnd_min>71 cwnd_max>71 throughput_kbps>0.000 goodput_kbps>0.000 retrans>0 total_retrans>0 bytes_acked>70019489
18:38:16.025370 TCPINFO flow>3 window>0.100 samples>133 rtt_avg_us>31511 rtt_min_us>31377 rtt_max_us>31761 cwnd>65 cwnd_min>63 cwnd_max>65 throughput_kbps>21482.665 goodput_kbps>21268.907 retrans>0 total_retrans>0 bytes_acked>52198281
18:38:16.025377 TCPINFO flow>2 window>0.100 samples>2 rtt_avg_us>31220 rtt_min_us>31220 rtt_max_us>31220 cwnd>71 cwnd_min>71 cwnd_max>71 throughput_kbps>0.000 goodput_kbps>0.000 retrans>0 total_retrans>0 bytes_acked>70019489
18:38:16.025853 TCPINFO flow>1 window>0.200 samples>3 rtt_avg_us>31893 rtt_min_us>31893 rtt_max_us>31893 cwnd>37 cwnd_min>37 cwnd_max>37 throughput_kbps>0.000 goodput_kbps>0.000 retrans>0 total_retrans>0 bytes_acked>75020881
18:38:16.125373 TCPINFO flow>3 window>0.100 samples>34 rtt_avg_us>31502 rtt_min_us>31386 rtt_max_us>31534 cwnd>67 cwnd_min>65 cwnd_max>67 throughput_kbps>18359.129 goodput_kbps>22230.373 retrans>0 total_retrans>0 bytes_acked>52476169
18:38:16.125379 TCPINFO flow>2 window>0.100 samples>4 rtt_avg_us>31220 rtt_min_us>31220 rtt_max_us>31220 cwnd>71 cwnd_min>71 cwnd_max>71 throughput_kbps>106.878 goodput_kbps>0.000 retrans>0 total_retrans>0 bytes_acked>70019489
18:38:16.225467 TCPINFO flow>2 window>0.100 samples>336 rtt_avg_us>31249 rtt_min_us>31220 rtt_max_us>31508 cwnd>73 cwnd_min>71 cwnd_max>73 throughput_kbps>24454.000 goodput_kbps>17085.765 retrans>0 total_retrans>0 bytes_acked>70233249
18:38:16.225853 TCPINFO flow>1 window>0.200 samples>3 rtt_avg_us>31893 rtt_min_us>31893 rtt_max_us>31893 cwnd>37 cwnd_min>37 cwnd_max>37 throughput_kbps>0.000 goodput_kbps>0.000 retrans>0 total_retrans>0 bytes_acked>75020881
18:38:16.325367 TCPINFO flow>3 window>0.200 samples>3 rtt_avg_us>31402 rtt_min_us>31340 rtt_max_us>31527 cwnd>66 cwnd_min>66 cwnd_max>67 throughput_kbps>0.000 goodput_kbps>1537.966 retrans>0 total_retrans>0 bytes_acked>52514617
18:38:16.325854 TCPINFO flow>1 window>0.100 samples>2 rtt_avg_us>31893 rtt_min_us>31893 rtt_max_us>31893 cwnd>37 cwnd_min>37 cwnd_max>37 throughput_kbps>0.000 goodput_kbps>0.000 retrans>0 total_retrans>0 bytes_acked>75020881
18:38:16.345347 TCPINFO flow>2 window>0.120 samples>210 rtt_avg_us>31343 rtt_min_us>31146 rtt_max_us>31712 cwnd>72 cwnd_min>71 cwnd_max>73 throughput_kbps>23893.760 goodput_kbps>24339.540 retrans>0 total_retrans>0 bytes_acked>70597977
18:38:16.425368 TCPINFO flow>3 window>0.100 samples>2 rtt_avg_us>31340 rtt_min_us>31340 rtt_max_us>31340 cwnd>66 cwnd_min>66 cwnd_max>66 throughput_kbps>0.000 goodput_kbps>0.000 retrans>0 total_retrans>0 bytes_acked>52514617
18:38:16.476804 TCPINFO flow>2 window>0.131 samples>266 rtt_avg_us>31497 rtt_min_us>31332 rtt_max_us>31749 cwnd>71 cwnd_min>70 cwnd_max>72 throughput_kbps>23984.725 goodput_kbps>23578.204 retrans>0 total_retrans>0 bytes_acked>70985417
18:38:16.525853 TCPINFO flow>1 window>0.200 samples>3 rtt_avg_us>31893 rtt_min_us>31893 rtt_max_us>31893 cwnd>37 cwnd_min>37 cwnd_max>37 throughput_kbps>0.000 goodput_kbps>0.000 retrans>0 total_retrans>0 bytes_acked>75020881
18:38:16.603707 TCPINFO flow>2 window>0.127 samples>265 rtt_avg_us>31368 rtt_min_us>31275 rtt_max_us>31619 cwnd>72 cwnd_min>71 cwnd_max>72 throughput_kbps>24255.880 goodput_kbps>24255.880 retrans>0 total_retrans>0 bytes_acked>71370185
18:38:16.625366 TCPINFO flow>3 window>0.200 samples>3 rtt_avg_us>31340 rtt_min_us>31340 rtt_max_us>31340 cwnd>66 cwnd_min>66 cwnd_max>66 throughput_kbps>0.000 goodput_kbps>0.000 retrans>0 total_retrans>0 bytes_acked>52514617
18:38:16.725486 TCPINFO flow>3 window>0.100 samples>2 rtt_avg_us>31340 rtt_min_us>31340 rtt_max_us>31340 cwnd>66 cwnd_min>66 cwnd_max>66 throughput_kbps>0.000 goodput_kbps>0.000 retrans>0 total_retrans>0 bytes_acked>52514617
18:38:16.725492 TCPINFO flow>2 window>0.122 samples>266 rtt_avg_us>31476 rtt_min_us>31390 rtt_max_us>31619 cwnd>72 cwnd_min>71 cwnd_max>72 throughput_kbps>24397.619 goodput_kbps>24309.858 retrans>0 total_retrans>0 bytes_acked>71740257
18:38:16.725853 TCPINFO flow>1 window>0.200 samples>3 rtt_avg_us>31893 rtt_min_us>31893 rtt_max_us>31893 cwnd>37 cwnd_min>37 cwnd_max>37 throughput_kbps>0.000 goodput_kbps>0.000 retrans>0 total_retrans>0 bytes_acked>75020881
18:38:16.825854 TCPINFO flow>1 window>0.100 samples>2 rtt_avg_us>31893 rtt_min_us>31893 rtt_max_us>31893 cwnd>37 cwnd_min>37 cwnd_max>37 throughput_kbps>0.000 goodput_kbps>0.000 retrans>0 total_retrans>0 bytes_acked>75020881
18:38:16.857219 TCPINFO flow>2 window>0.132 samples>267 rtt_avg_us>31452 rtt_min_us>31338 rtt_max_us>31552 cwnd>71 cwnd_min>71 cwnd_max>72 throughput_kbps>24016.701 goodput_kbps>24178.976 retrans>0 total_retrans>0 bytes_acked>72138385
18:38:16.925389 TCPINFO flow>3 window>0.200 samples>3 rtt_avg_us>31340 rtt_min_us>31340 rtt_max_us>31340 cwnd>66 cwnd_min>66 cwnd_max>66 throughput_kbps>0.000 goodput_kbps>0.000 retrans>0 total_retrans>0 bytes_acked>52514617
18:38:16.925862 TCPINFO flow>1 window>0.100 samples>2 rtt_avg_us>31893 rtt_min_us>31893 rtt_max_us>31893 cwnd>37 cwnd_min>37 cwnd_max>37 throughput_kbps>0.000 goodput_kbps>0.000 retrans>0 total_retrans>0 bytes_acked>75020881
18:38:17.025394 TCPINFO flow>3 window>0.100 samples>2 rtt_avg_us>31340 rtt_min_us>31340 rtt_max_us>31340 cwnd>66 cwnd_min>66 cwnd_max>66 throughput_kbps>0.000 goodput_kbps>0.000 retrans>0 total_retrans>0 bytes_acked>52514617
18:38:17.025401 TCPINFO flow>2 window>0.168 samples>120 rtt_avg_us>31572 rtt_min_us>31262 rtt_max_us>31868 cwnd>72 cwnd_min>71 cwnd_max>72 throughput_kbps>13776.314 goodput_kbps>18161.278 retrans>0 total_retrans>0 bytes_acked>72520185
18:38:17.025862 TCPINFO flow>1 window>0.100 samples>2 rtt_avg_us>31893 rtt_min_us>31893 rtt_max_us>31893 cwnd>37 cwnd_min>37 cwnd_max>37 throughput_kbps>0.000 goodput_kbps>0.000 retrans>0 total_retrans>0 bytes_acked>75020881
18:38:17.125470 TCPINFO flow>3 window>0.100 samples>5 rtt_avg_us>31340 rtt_min_us>31340 rtt_max_us>31340 cwnd>66 cwnd_min>66 cwnd_max>66 throughput_kbps>106.799 goodput_kbps>0.000 retrans>0 total_retrans>0 bytes_acked>52514617
18:38:17.225368 TCPINFO flow>2 window>0.200 samples>3 rtt_avg_us>31262 rtt_min_us>31262 rtt_max_us>31262 cwnd>72 cwnd_min>72 cwnd_max>72 throughput_kbps>0.000 goodput_kbps>0.000 retrans>0 total_retrans>0 bytes_acked>72520185
18:38:17.225853 TCPINFO flow>1 window>0.200 samples>3 rtt_avg_us>31893 rtt_min_us>31893 rtt_max_us>31893 cwnd>37 cwnd_min>37 cwnd_max>37 throughput_kbps>0.000 goodput_kbps>0.000 retrans>0 total_retrans>0 bytes_acked>75020881
18:38:17.275925 TCPINFO flow>3 window>0.150 samples>366 rtt_avg_us>31364 rtt_min_us>31335 rtt_max_us>31544 cwnd>67 cwnd_min>66 cwnd_max>68 throughput_kbps>22803.150 goodput_kbps>18185.690 retrans>0 total_retrans>0 bytes_acked>52856633
18:38:17.325373 TCPINFO flow>2 window>0.100 samples>2 rtt_avg_us>31262 rtt_min_us>31262 rtt_max_us>31262 cwnd>72 cwnd_min>72 cwnd_max>72 throughput_kbps>0.000 goodput_kbps>0.000 retrans>0 total_retrans>0 bytes_acked>72520185
18:38:17.411320 TCPINFO flow>3 window>0.135 samples>265 rtt_avg_us>31252 rtt_min_us>31140 rtt_max_us>31391 cwnd>65 cwnd_min>65 cwnd_max>67 throughput_kbps>22339.850 goodput_kbps>22576.668 retrans>0 total_retrans>0 bytes_acked>53238729
18:38:17.425854 TCPINFO flow>1 window>0.200 samples>3 rtt_avg_us>31893 rtt_min_us>31893 rtt_max_us>31893 cwnd>37 cwnd_min>37 cwnd_max>37 throughput_kbps>0.000 goodput_kbps>0.000 retrans>0 total_retrans>0 bytes_acked>75020881
18:38:17.525367 TCPINFO flow>3 window>0.114 samples>266 rtt_avg_us>31360 rtt_min_us>31244 rtt_max_us>31614 cwnd>61 cwnd_min>61 cwnd_max>65 throughput_kbps>18836.866 goodput_kbps>19211.728 retrans>0 total_retrans>0 bytes_acked>53512609
18:38:17.525374 TCPINFO flow>2 window>0.200 samples>3 rtt_avg_us>31262 rtt_min_us>31262 rtt_max_us>31262 cwnd>72 cwnd_min>72 cwnd_max>72 throughput_kbps>0.000 goodput_kbps>0.000 retrans>0 total_retrans>0 bytes_acked>72520185
18:38:17.625853 TCPINFO flow>1 window>0.200 samples>3 rtt_avg_us>31893 rtt_min_us>31893 rtt_max_us>31893 cwnd>37 cwnd_min>37 cwnd_max>37 throughput_kbps>0.000 goodput_kbps>0.000 retrans>0 total_retrans>0 bytes_acked>75020881
18:38:17.646144 TCPINFO flow>3 window>0.121 samples>135 rtt_avg_us>31292 rtt_min_us>31251 rtt_max_us>31606 cwnd>60 cwnd_min>58 cwnd_max>61 throughput_kbps>19911.076 goodput_kbps>19911.076 retrans>0 total_retrans>0 bytes_acked>53813209
18:38:17.725368 TCPINFO flow>2 window>0.200 samples>3 rtt_avg_us>31262 rtt_min_us>31262 rtt_max_us>31262 cwnd>72 cwnd_min>72 cwnd_max>72 throughput_kbps>0.000 goodput_kbps>0.000 retrans>0 total_retrans>0 bytes_acked>72520185
18:38:17.794111 TCPINFO flow>3 window>0.148 samples>266 rtt_avg_us>31552 rtt_min_us>31398 rtt_max_us>31667 cwnd>65 cwnd_min>60 cwnd_max>65 throughput_kbps>21236.303 goodput_kbps>20947.373 retrans>0 total_retrans>0 bytes_acked>54200649
18:38:17.825853 TCPINFO flow>1 window>0.200 samples>3 rtt_avg_us>31893 rtt_min_us>31893 rtt_max_us>31893 cwnd>37 cwnd_min>37 cwnd_max>37 throughput_kbps>0.000 goodput_kbps>0.000 retrans>0 total_retrans>0 bytes_acked>75020881
18:38:17.925366 TCPINFO flow>3 window>0.131 samples>265 rtt_avg_us>31431 rtt_min_us>31317 rtt_max_us>31597 cwnd>69 cwnd_min>65 cwnd_max>69 throughput_kbps>22718.769 goodput_kbps>22311.622 retrans>0 total_retrans>0 bytes_acked>54566713
18:38:17.925373 TCPINFO flow>2 window>0.200 samples>3 rtt_avg_us>31262 rtt_min_us>31262 rtt_max_us>31262 cwnd>72 cwnd_min>72 cwnd_max>72 throughput_kbps>0.000 goodput_kbps>0.000 retrans>0 total_retrans>0 bytes_acked>72520185
18:38:18.025387 TCPINFO flow>3 window>0.100 samples>165 rtt_avg_us>31426 rtt_min_us>31340 rtt_max_us>31651 cwnd>71 cwnd_min>69 cwnd_max>71 throughput_kbps>23615.521 goodput_kbps>23508.663 retrans>0 total_retrans>0 bytes_acked>54860633
18:38:18.025395 TCPINFO flow>2 window>0.100 samples>2 rtt_avg_us>31262 rtt_min_us>31262 rtt_max_us>31262 cwnd>72 cwnd_min>72 cwnd_max>72 throughput_kbps>0.000 goodput_kbps>0.000 retrans>0 total_retrans>0 bytes_acked>72520185
18:38:18.025860 TCPINFO flow>1 window>0.200 samples>3 rtt_avg_us>31893 rtt_min_us>31893 rtt_max_us>31893 cwnd>37 cwnd_min>37 cwnd_max>37 throughput_kbps>0.000 goodput_kbps>0.000 retrans>0 total_retrans>0 bytes_acked>75020881
18:38:18.125503 TCPINFO flow>2 window>0.100 samples>5 rtt_avg_us>31262 rtt_min_us>31262 rtt_max_us>31262 cwnd>72 cwnd_min>72 cwnd_max>72 throughput_kbps>213.529 goodput_kbps>0.000 retrans>0 total_retrans>0 bytes_acked>72520185
18:38:18.225380 TCPINFO flow>3 window>0.200 samples>3 rtt_avg_us>31550 rtt_min_us>31399 rtt_max_us>31626 cwnd>72 cwnd_min>71 cwnd_max>72 throughput_kbps>2499.927 goodput_kbps>6187.417 retrans>0 total_retrans>0 bytes_acked>55015313
18:38:18.225580 TCPINFO flow>2 window>0.100 samples>339 rtt_avg_us>31268 rtt_min_us>31262 rtt_max_us>31332 cwnd>72 cwnd_min>72 cwnd_max>72 throughput_kbps>24670.284 goodput_kbps>17301.238 retrans>0 total_retrans>0 bytes_acked>72736617
18:38:18.225857 TCPINFO flow>1 window>0.200 samples>3 rtt_avg_us>31893 rtt_min_us>31893 rtt_max_us>31893 cwnd>37 cwnd_min>37 cwnd_max>37 throughput_kbps>0.000 goodput_kbps>0.000 retrans>0 total_retrans>0 bytes_acked>75020881
18:38:18.346711 TCPINFO flow>2 window>0.121 samples>206 rtt_avg_us>31443 rtt_min_us>31265 rtt_max_us>31672 cwnd>71 cwnd_min>71 cwnd_max>72 throughput_kbps>23999.934 goodput_kbps>24088.169 retrans>0 total_retrans>0 bytes_acked>73101345
18:38:18.425370 TCPINFO flow>3 window>0.200 samples>3 rtt_avg_us>31626 rtt_min_us>31626 rtt_max_us>31626 cwnd>72 cwnd_min>72 cwnd_max>72 throughput_kbps>0.000 goodput_kbps>0.000 retrans>0 total_retrans>0 bytes_acked>55015313
18:38:18.425854 TCPINFO flow>1 window>0.200 samples>3 rtt_avg_us>31893 rtt_min_us>31893 rtt_max_us>31893 cwnd>37 cwnd_min>37 cwnd_max>37 throughput_kbps>0.000 goodput_kbps>0.000 retrans>0 total_retrans>0 bytes_acked>75020881
18:38:18.473188 TCPINFO flow>2 window>0.126 samples>266 rtt_avg_us>31265 rtt_min_us>31156 rtt_max_us>31420 cwnd>70 cwnd_min>70 cwnd_max>71 throughput_kbps>23577.030 goodput_kbps>24084.063 retrans>0 total_retrans>0 bytes_acked>73482105
18:38:18.605235 TCPINFO flow>2 window>0.132 samples>265 rtt_avg_us>31339 rtt_min_us>31249 rtt_max_us>31537 cwnd>73 cwnd_min>70 cwnd_max>73 throughput_kbps>24039.441 goodput_kbps>23553.795 retrans>0 total_retrans>0 bytes_acked>73870881
18:38:18.625374 TCPINFO flow>3 window>0.200 samples>3 rtt_avg_us>31626 rtt_min_us>31626 rtt_max_us>31626 cwnd>72 cwnd_min>72 cwnd_max>72 throughput_kbps>0.000 goodput_kbps>0.000 retrans>0 total_retrans>0 bytes_acked>55015313
18:38:18.625850 TCPINFO flow>1 window>0.200 samples>3 rtt_avg_us>31893 rtt_min_us>31893 rtt_max_us>31893 cwnd>37 cwnd_min>37 cwnd_max>37 throughput_kbps>0.000 goodput_kbps>0.000 retrans>0 total_retrans>0 bytes_acked>75020881
18:38:18.725370 TCPINFO flow>2 window>0.120 samples>266 rtt_avg_us>31386 rtt_min_us>31302 rtt_max_us>31518 cwnd>75 cwnd_min>72 cwnd_max>75 throughput_kbps>24999.609 goodput_kbps>24554.776 retrans>0 total_retrans>0 bytes_acked>74239617
18:38:18.725852 TCPINFO flow>1 window>0.100 samples>2 rtt_avg_us>31893 rtt_min_us>31893 rtt_max_us>31893 cwnd>37 cwnd_min>37 cwnd_max>37 throughput_kbps>0.000 goodput_kbps>0.000 retrans>0 total_retrans>0 bytes_acked>75020881
18:38:18.825375 TCPINFO flow>3 window>0.200 samples>3 rtt_avg_us>31626 rtt_min_us>31626 rtt_max_us>31626 cwnd>72 cwnd_min>72 cwnd_max>72 throughput_kbps>0.000 goodput_kbps>0.000 retrans>0 total_retrans>0 bytes_acked>55015313
18:38:18.825383 TCPINFO flow>2 window>0.100 samples>266 rtt_avg_us>31321 rtt_min_us>31260 rtt_max_us>31533 cwnd>78 cwnd_min>75 cwnd_max>78 throughput_kbps>26075.330 goodput_kbps>26075.330 retrans>0 total_retrans>0 bytes_acked>74565601
18:38:18.925401 TCPINFO flow>3 window>0.100 samples>2 rtt_avg_us>31626 rtt_min_us>31626 rtt_max_us>31626 cwnd>72 cwnd_min>72 cwnd_max>72 throughput_kbps>0.000 goodput_kbps>0.000 retrans>0 total_retrans>0 bytes_acked>55015313
18:38:18.925408 TCPINFO flow>2 window>0.100 samples>120 rtt_avg_us>31435 rtt_min_us>31349 rtt_max_us>31499 cwnd>79 cwnd_min>78 cwnd_max>79 throughput_kbps>26820.175 goodput_kbps>26499.615 retrans>0 total_retrans>0 bytes_acked>74896929
18:38:18.925859 TCPINFO flow>1 window>0.200 samples>3 rtt_avg_us>31893 rtt_min_us>31893 rtt_max_us>31893 cwnd>37 cwnd_min>37 cwnd_max>37 throughput_kbps>0.000 goodput_kbps>0.000 retrans>0 total_retrans>0 bytes_acked>75020881
18:38:19.025861 TCPINFO flow>1 window>0.100 samples>2 rtt_avg_us>31893 rtt_min_us>31893 rtt_max_us>31893 cwnd>37 cwnd_min>37 cwnd_max>37 throughput_kbps>0.000 goodput_kbps>0.000 retrans>0 total_retrans>0 bytes_acked>75020881
18:38:19.125284 TCPINFO flow>3 window>0.200 samples>3 rtt_avg_us>31626 rtt_min_us>31626 rtt_max_us>31626 cwnd>72 cwnd_min>72 cwnd_max>72 throughput_kbps>53.471 goodput_kbps>0.000 retrans>0 total_retrans>0 bytes_acked>55015313
18:38:19.125400 TCPINFO flow>2 window>0.200 samples>3 rtt_avg_us>31310 rtt_min_us>31248 rtt_max_us>31434 cwnd>80 cwnd_min>79 cwnd_max>80 throughput_kbps>789.792 goodput_kbps>4958.278 retrans>0 total_retrans>0 bytes_acked>75020881
18:38:19.225362 TCPINFO flow>3 window>0.100 samples>369 rtt_avg_us>31527 rtt_min_us>31294 rtt_max_us>31626 cwnd>72 cwnd_min>72 cwnd_max>73 throughput_kbps>24670.037 goodput_kbps>17194.268 retrans>0 total_retrans>0 bytes_acked>55230409
18:38:19.225851 TCPINFO flow>1 window>0.200 samples>3 rtt_avg_us>31893 rtt_min_us>31893 rtt_max_us>31893 cwnd>37 cwnd_min>37 cwnd_max>37 throughput_kbps>0.000 goodput_kbps>0.000 retrans>0 total_retrans>0 bytes_acked>75020881
18:38:19.325364 TCPINFO flow>3 window>0.100 samples>134 rtt_avg_us>31220 rtt_min_us>31153 rtt_max_us>31481 cwnd>71 cwnd_min>71 cwnd_max>73 throughput_kbps>24261.275 goodput_kbps>24261.275 retrans>0 total_retrans>0 bytes_acked>55533681
18:38:19.325371 TCPINFO flow>2 window>0.200 samples>3 rtt_avg_us>31248 rtt_min_us>31248 rtt_max_us>31248 cwnd>80 cwnd_min>80 cwnd_max>80 throughput_kbps>0.000 goodput_kbps>0.000 retrans>0 total_retrans>0 bytes_acked>75020881
18:38:19.325853 TCPINFO flow>1 window>0.100 samples>2 rtt_avg_us>31893 rtt_min_us>31893 rtt_max_us>31893 cwnd>37 cwnd_min>37 cwnd_max>37 throughput_kbps>0.000 goodput_kbps>0.000 retrans>0 total_retrans>0 bytes_acked>75020881
18:38:19.459711 TCPINFO flow>3 window>0.134 samples>266 rtt_avg_us>31308 rtt_min_us>31194 rtt_max_us>31481 cwnd>70 cwnd_min>69 cwnd_max>72 throughput_kbps>23866.555 goodput_kbps>24105.220 retrans>0 total_retrans>0 bytes_acked>55938489
18:38:19.525366 TCPINFO flow>2 window>0.200 samples>3 rtt_avg_us>31248 rtt_min_us>31248 rtt_max_us>31248 cwnd>80 cwnd_min>80 cwnd_max>80 throughput_kbps>0.000 goodput_kbps>0.000 retrans>0 total_retrans>0 bytes_acked>75020881
18:38:19.525854 TCPINFO flow>1 window>0.200 samples>3 rtt_avg_us>31893 rtt_min_us>31893 rtt_max_us>31893 cwnd>37 cwnd_min>37 cwnd_max>37 throughput_kbps>0.000 goodput_kbps>0.000 retrans>0 total_retrans>0 bytes_acked>75020881
18:38:19.593626 TCPINFO flow>3 window>0.134 samples>266 rtt_avg_us>31389 rtt_min_us>31252 rtt_max_us>31592 cwnd>65 cwnd_min>65 cwnd_max>70 throughput_kbps>22347.310 goodput_kbps>22666.557 retrans>0 total_retrans>0 bytes_acked>56317913
18:38:19.725365 TCPINFO flow>3 window>0.132 samples>266 rtt_avg_us>31403 rtt_min_us>31328 rtt_max_us>31685 cwnd>61 cwnd_min>61 cwnd_max>66 throughput_kbps>20850.439 goodput_kbps>21174.960 retrans>0 total_retrans>0 bytes_acked>56666609
18:38:19.725371 TCPINFO flow>2 window>0.200 samples>3 rtt_avg_us>31248 rtt_min_us>31248 rtt_max_us>31248 cwnd>80 cwnd_min>80 cwnd_max>80 throughput_kbps>0.000 goodput_kbps>0.000 retrans>0 total_retrans>0 bytes_acked>75020881
18:38:19.725852 TCPINFO flow>1 window>0.200 samples>3 rtt_avg_us>31893 rtt_min_us>31893 rtt_max_us>31893 cwnd>37 cwnd_min>37 cwnd_max>37 throughput_kbps>0.000 goodput_kbps>0.000 retrans>0 total_retrans>0 bytes_acked>75020881
18:38:19.825367 TCPINFO flow>3 window>0.100 samples>265 rtt_avg_us>31541 rtt_min_us>31330 rtt_max_us>31685 cwnd>60 cwnd_min>59 cwnd_max>62 throughput_kbps>20306.794 goodput_kbps>20306.794 retrans>0 total_retrans>0 bytes_acked>56920449
18:38:19.825376 TCPINFO flow>2 window>0.100 samples>2 rtt_avg_us>31248 rtt_min_us>31248 rtt_max_us>31248 cwnd>80 cwnd_min>80 cwnd_max>80 throughput_kbps>0.000 goodput_kbps>0.000 retrans>0 total_retrans>0 bytes_acked>75020881
18:38:19.825859 TCPINFO flow>1 window>0.100 samples>2 rtt_avg_us>31893 rtt_min_us>31893 rtt_max_us>31893 cwnd>37 cwnd_min>37 cwnd_max>37 throughput_kbps>0.000 goodput_kbps>0.000 retrans>0 total_retrans>0 bytes_acked>75020881
18:38:19.964935 TCPINFO flow>3 window>0.140 samples>135 rtt_avg_us>31522 rtt_min_us>31424 rtt_max_us>31721 cwnd>62 cwnd_min>60 cwnd_max>62 throughput_kbps>20523.214 goodput_kbps>20446.635 retrans>0 total_retrans>0 bytes_acked>57277161
18:38:20.025390 TCPINFO flow>2 window>0.200 samples>3 rtt_avg_us>31248 rtt_min_us>31248 rtt_max_us>31248 cwnd>80 cwnd_min>80 cwnd_max>80 throughput_kbps>0.000 goodput_kbps>0.000 retrans>0 total_retrans>0 bytes_acked>75020881
18:38:20.025859 TCPINFO flow>1 window>0.200 samples>3 rtt_avg_us>31893 rtt_min_us>31893 rtt_max_us>31893 cwnd>37 cwnd_min>37 cwnd_max>37 throughput_kbps>0.000 goodput_kbps>0.000 retrans>0 total_retrans>0 bytes_acked>75020881
18:38:20.125384 TCPINFO flow>3 window>0.160 samples>32 rtt_avg_us>31630 rtt_min_us>31384 rtt_max_us>31655 cwnd>65 cwnd_min>62 cwnd_max>65 throughput_kbps>7845.583 goodput_kbps>11908.980 retrans>0 total_retrans>0 bytes_acked>57516009
18:38:20.225387 TCPINFO flow>3 window>0.100 samples>2 rtt_avg_us>31384 rtt_min_us>31384 rtt_max_us>31384 cwnd>65 cwnd_min>65 cwnd_max>65 throughput_kbps>0.000 goodput_kbps>0.000 retrans>0 total_retrans>0 bytes_acked>57516009
18:38:20.225393 TCPINFO flow>2 window>0.200 samples>3 rtt_avg_us>31248 rtt_min_us>31248 rtt_max_us>31248 cwnd>80 cwnd_min>80 cwnd_max>80 throughput_kbps>0.000 goodput_kbps>0.000 retrans>0 total_retrans>0 bytes_acked>75020881
18:38:20.225858 TCPINFO flow>1 window>0.200 samples>3 rtt_avg_us>31893 rtt_min_us>31893 rtt_max_us>31893 cwnd>37 cwnd_min>37 cwnd_max>37 throughput_kbps>0.000 goodput_kbps>0.000 retrans>0 total_retrans>0 bytes_acked>75020881
18:38:20.325395 TCPINFO flow>3 window>0.100 samples>2 rtt_avg_us>31384 rtt_min_us>31384 rtt_max_us>31384 cwnd>65 cwnd_min>65 cwnd_max>65 throughput_kbps>0.000 goodput_kbps>0.000 retrans>0 total_retrans>0 bytes_acked>57516009
18:38:20.325401 TCPINFO flow>2 window>0.100 samples>2 rtt_avg_us>31248 rtt_min_us>31248 rtt_max_us>31248 cwnd>80 cwnd_min>80 cwnd_max>80 throughput_kbps>0.000 goodput_kbps>0.000 retrans>0 total_retrans>0 bytes_acked>75020881
18:38:20.325860 TCPINFO flow>1 window>0.100 samples>2 rtt_avg_us>31893 rtt_min_us>31893 rtt_max_us>31893 cwnd>37 cwnd_min>37 cwnd_max>37 throughput_kbps>0.000 goodput_kbps>0.000 retrans>0 total_retrans>0 bytes_acked>75020881
18:38:20.525396 TCPINFO flow>3 window>0.200 samples>3 rtt_avg_us>31384 rtt_min_us>31384 rtt_max_us>31384 cwnd>65 cwnd_min>65 cwnd_max>65 throughput_kbps>0.000 goodput_kbps>0.000 retrans>0 total_retrans>0 bytes_acked>57516009
18:38:20.525404 TCPINFO flow>2 window>0.200 samples>3 rtt_avg_us>31248 rtt_min_us>31248 rtt_max_us>31248 cwnd>80 cwnd_min>80 cwnd_max>80 throughput_kbps>0.000 goodput_kbps>0.000 retrans>0 total_retrans>0 bytes_acked>75020881
18:38:20.525860 TCPINFO flow>1 window>0.200 samples>3 rtt_avg_us>31893 rtt_min_us>31893 rtt_max_us>31893 cwnd>37 cwnd_min>37 cwnd_max>37 throughput_kbps>0.000 goodput_kbps>0.000 retrans>0 total_retrans>0 bytes_acked>75020881
18:38:20.625862 TCPINFO flow>1 window>0.100 samples>2 rtt_avg_us>31893 rtt_min_us>31893 rtt_max_us>31893 cwnd>37 cwnd_min>37 cwnd_max>37 throughput_kbps>0.000 goodput_kbps>0.000 retrans>0 total_retrans>0 bytes_acked>75020881
18:38:20.725395 TCPINFO flow>3 window>0.200 samples>3 rtt_avg_us>31384 rtt_min_us>31384 rtt_max_us>31384 cwnd>65 cwnd_min>65 cwnd_max>65 throughput_kbps>0.000 goodput_kbps>0.000 retrans>0 total_retrans>0 bytes_acked>57516009
18:38:20.725402 TCPINFO flow>2 window>0.200 samples>3 rtt_avg_us>31248 rtt_min_us>31248 rtt_max_us>31248 cwnd>80 cwnd_min>80 cwnd_max>80 throughput_kbps>0.000 goodput_kbps>0.000 retrans>0 total_retrans>0 bytes_acked>75020881
18:38:20.725866 TCPINFO flow>1 window>0.100 samples>2 rtt_avg_us>31893 rtt_min_us>31893 rtt_max_us>31893 cwnd>37 cwnd_min>37 cwnd_max>37 throughput_kbps>0.000 goodput_kbps>0.000 retrans>0 total_retrans>0 bytes_acked>75020881
18:38:20.925389 TCPINFO flow>3 window>0.200 samples>3 rtt_avg_us>31384 rtt_min_us>31384 rtt_max_us>31384 cwnd>65 cwnd_min>65 cwnd_max>65 throughput_kbps>0.000 goodput_kbps>0.000 retrans>0 total_retrans>0 bytes_acked>57516009
18:38:20.925395 TCPINFO flow>2 window>0.200 samples>3 rtt_avg_us>31248 rtt_min_us>31248 rtt_max_us>31248 cwnd>80 cwnd_min>80 cwnd_max>80 throughput_kbps>0.000 goodput_kbps>0.000 retrans>0 total_retrans>0 bytes_acked>75020881
18:38:20.925861 TCPINFO flow>1 window>0.200 samples>3 rtt_avg_us>31893 rtt_min_us>31893 rtt_max_us>31893 cwnd>37 cwnd_min>37 cwnd_max>37 throughput_kbps>0.000 goodput_kbps>0.000 retrans>0 total_retrans>0 bytes_acked>75020881
18:38:21.025390 TCPINFO flow>3 window>0.100 samples>2 rtt_avg_us>31384 rtt_min_us>31384 rtt_max_us>31384 cwnd>65 cwnd_min>65 cwnd_max>65 throughput_kbps>0.000 goodput_kbps>0.000 retrans>0 total_retrans>0 bytes_acked>57516009
18:38:21.025422 TCPINFO flow>2 window>0.100 samples>2 rtt_avg_us>31248 rtt_min_us>31248 rtt_max_us>31248 cwnd>80 cwnd_min>80 cwnd_max>80 throughput_kbps>0.000 goodput_kbps>0.000 retrans>0 total_retrans>0 bytes_acked>75020881
18:38:21.025862 TCPINFO flow>1 window>0.100 samples>2 rtt_avg_us>31893 rtt_min_us>31893 rtt_max_us>31893 cwnd>37 cwnd_min>37 cwnd_max>37 throughput_kbps>0.000 goodput_kbps>0.000 retrans>0 total_retrans>0 bytes_acked>75020881
18:38:21.125474 TCPINFO flow>3 window>0.100 samples>5 rtt_avg_us>31384 rtt_min_us>31384 rtt_max_us>31384 cwnd>65 cwnd_min>65 cwnd_max>65 throughput_kbps>106.790 goodput_kbps>0.000 retrans>0 total_retrans>0 bytes_acked>57516009
18:38:21.225372 TCPINFO flow>2 window>0.200 samples>3 rtt_avg_us>31248 rtt_min_us>31248 rtt_max_us>31248 cwnd>80 cwnd_min>80 cwnd_max>80 throughput_kbps>0.000 goodput_kbps>0.000 retrans>0 total_retrans>0 bytes_acked>75020881
18:38:21.225853 TCPINFO flow>1 window>0.200 samples>3 rtt_avg_us>31893 rtt_min_us>31893 rtt_max_us>31893 cwnd>37 cwnd_min>37 cwnd_max>37 throughput_kbps>0.000 goodput_kbps>0.000 retrans>0 total_retrans>0 bytes_acked>75020881
18:38:21.276344 TCPINFO flow>3 window>0.151 samples>365 rtt_avg_us>31359 rtt_min_us>31177 rtt_max_us>31430 cwnd>66 cwnd_min>65 cwnd_max>66 throughput_kbps>22386.213 goodput_kbps>17923.139 retrans>0 total_retrans>0 bytes_acked>57854017
18:38:21.325854 TCPINFO flow>1 window>0.100 samples>2 rtt_avg_us>31893 rtt_min_us>31893 rtt_max_us>31893 cwnd>37 cwnd_min>37 cwnd_max>37 throughput_kbps>0.000 goodput_kbps>0.000 retrans>0 total_retrans>0 bytes_acked>75020881
18:38:21.415270 TCPINFO flow>3 window>0.139 samples>266 rtt_avg_us>31343 rtt_min_us>31129 rtt_max_us>31511 cwnd>64 cwnd_min>64 cwnd_max>66 throughput_kbps>22002.850 goodput_kbps>22156.717 retrans>0 total_retrans>0 bytes_acked>58238785
18:38:21.425370 TCPINFO flow>2 window>0.200 samples>3 rtt_avg_us>31248 rtt_min_us>31248 rtt_max_us>31248 cwnd>80 cwnd_min>80 cwnd_max>80 throughput_kbps>0.000 goodput_kbps>0.000 retrans>0 total_retrans>0 bytes_acked>75020881
18:38:21.525370 TCPINFO flow>3 window>0.110 samples>265 rtt_avg_us>31354 rtt_min_us>31273 rtt_max_us>31671 cwnd>62 cwnd_min>62 cwnd_max>64 throughput_kbps>20774.133 goodput_kbps>21356.585 retrans>0 total_retrans>0 bytes_acked>58532705
18:38:21.525376 TCPINFO flow>2 window>0.100 samples>2 rtt_avg_us>31248 rtt_min_us>31248 rtt_max_us>31248 cwnd>80 cwnd_min>80 cwnd_max>80 throughput_kbps>0.000 goodput_kbps>0.000 retrans>0 total_retrans>0 bytes_acked>75020881
18:38:21.525853 TCPINFO flow>1 window>0.200 samples>3 rtt_avg_us>31893 rtt_min_us>31893 rtt_max_us>31893 cwnd>37 cwnd_min>37 cwnd_max>37 throughput_kbps>0.000 goodput_kbps>0.000 retrans>0 total_retrans>0 bytes_acked>75020881
18:38:21.631798 TCPINFO flow>3 window>0.106 samples>135 rtt_avg_us>31453 rtt_min_us>31421 rtt_max_us>31880 cwnd>64 cwnd_min>62 cwnd_max>64 throughput_kbps>21290.036 goodput_kbps>20988.762 retrans>0 total_retrans>0 bytes_acked>58811929
18:38:21.725371 TCPINFO flow>2 window>0.200 samples>3 rtt_avg_us>31248 rtt_min_us>31248 rtt_max_us>31248 cwnd>80 cwnd_min>80 cwnd_max>80 throughput_kbps>0.000 goodput_kbps>0.000 retrans>0 total_retrans>0 bytes_acked>75020881
18:38:21.725853 TCPINFO flow>1 window>0.200 samples>3 rtt_avg_us>31893 rtt_min_us>31893 rtt_max_us>31893 cwnd>37 cwnd_min>37 cwnd_max>37 throughput_kbps>0.000 goodput_kbps>0.000 retrans>0 total_retrans>0 bytes_acked>75020881
18:38:21.776443 TCPINFO flow>3 window>0.145 samples>266 rtt_avg_us>31458 rtt_min_us>31265 rtt_max_us>31880 cwnd>66 cwnd_min>64 cwnd_max>66 throughput_kbps>21871.810 goodput_kbps>21502.354 retrans>0 total_retrans>0 bytes_acked>59200705
18:38:21.825372 TCPINFO flow>2 window>0.100 samples>2 rtt_avg_us>31248 rtt_min_us>31248 rtt_max_us>31248 cwnd>80 cwnd_min>80 cwnd_max>80 throughput_kbps>0.000 goodput_kbps>0.000 retrans>0 total_retrans>0 bytes_acked>75020881
18:38:21.915109 TCPINFO flow>3 window>0.139 samples>266 rtt_avg_us>31428 rtt_min_us>31249 rtt_max_us>31587 cwnd>66 cwnd_min>65 cwnd_max>66 throughput_kbps>21889.951 goodput_kbps>22121.183 retrans>0 total_retrans>0 bytes_acked>59584137
18:38:21.925374 TCPINFO flow>2 window>0.100 samples>2 rtt_avg_us>31248 rtt_min_us>31248 rtt_max_us>31248 cwnd>80 cwnd_min>80 cwnd_max>80 throughput_kbps>0.000 goodput_kbps>0.000 retrans>0 total_retrans>0 bytes_acked>75020881
18:38:21.925854 TCPINFO flow>1 window>0.200 samples>3 rtt_avg_us>31893 rtt_min_us>31893 rtt_max_us>31893 cwnd>37 cwnd_min>37 cwnd_max>37 throughput_kbps>0.000 goodput_kbps>0.000 retrans>0 total_retrans>0 bytes_acked>75020881
18:38:22.025388 TCPINFO flow>3 window>0.110 samples>165 rtt_avg_us>31543 rtt_min_us>31338 rtt_max_us>31725 cwnd>67 cwnd_min>65 cwnd_max>67 throughput_kbps>21612.673 goodput_kbps>21225.002 retrans>0 total_retrans>0 bytes_acked>59876721
18:38:22.025395 TCPINFO flow>2 window>0.100 samples>2 rtt_avg_us>31248 rtt_min_us>31248 rtt_max_us>31248 cwnd>80 cwnd_min>80 cwnd_max>80 throughput_kbps>0.000 goodput_kbps>0.000 retrans>0 total_retrans>0 bytes_acked>75020881
18:38:22.025862 TCPINFO flow>1 window>0.100 samples>2 rtt_avg_us>31893 rtt_min_us>31893 rtt_max_us>31893 cwnd>37 cwnd_min>37 cwnd_max>37 throughput_kbps>0.000 goodput_kbps>0.000 retrans>0 total_retrans>0 bytes_acked>75020881
18:38:22.225384 TCPINFO flow>3 window>0.200 samples>3 rtt_avg_us>31451 rtt_min_us>31439 rtt_max_us>31474 cwnd>67 cwnd_min>67 cwnd_max>67 throughput_kbps>2125.803 goodput_kbps>5599.472 retrans>0 total_retrans>0 bytes_acked>60016705
18:38:22.225389 TCPINFO flow>2 window>0.200 samples>3 rtt_avg_us>31248 rtt_min_us>31248 rtt_max_us>31248 cwnd>80 cwnd_min>80 cwnd_max>80 throughput_kbps>0.000 goodput_kbps>0.000 retrans>0 total_retrans>0 bytes_acked>75020881
18:38:22.225860 TCPINFO flow>1 window>0.200 samples>3 rtt_avg_us>31893 rtt_min_us>31893 rtt_max_us>31893 cwnd>37 cwnd_min>37 cwnd_max>37 throughput_kbps>0.000 goodput_kbps>0.000 retrans>0 total_retrans>0 bytes_acked>75020881
18:38:22.325385 TCPINFO flow>3 window>0.100 samples>2 rtt_avg_us>31439 rtt_min_us>31439 rtt_max_us>31439 cwnd>67 cwnd_min>67 cwnd_max>67 throughput_kbps>0.000 goodput_kbps>0.000 retrans>0 total_retrans>0 bytes_acked>60016705
18:38:22.325390 TCPINFO flow>2 window>0.100 samples>2 rtt_avg_us>31248 rtt_min_us>31248 rtt_max_us>31248 cwnd>80 cwnd_min>80 cwnd_max>80 throughput_kbps>0.000 goodput_kbps>0.000 retrans>0 total_retrans>0 bytes_acked>75020881
18:38:22.425399 TCPINFO flow>3 window>0.100 samples>2 rtt_avg_us>31439 rtt_min_us>31439 rtt_max_us>31439 cwnd>67 cwnd_min>67 cwnd_max>67 throughput_kbps>0.000 goodput_kbps>0.000 retrans>0 total_retrans>0 bytes_acked>60016705
18:38:22.425407 TCPINFO flow>2 window>0.100 samples>2 rtt_avg_us>31248 rtt_min_us>31248 rtt_max_us>31248 cwnd>80 cwnd_min>80 cwnd_max>80 throughput_kbps>0.000 goodput_kbps>0.000 retrans>0 total_retrans>0 bytes_acked>75020881
18:38:22.425879 TCPINFO flow>1 window>0.200 samples>3 rtt_avg_us>31893 rtt_min_us>31893 rtt_max_us>31893 cwnd>37 cwnd_min>37 cwnd_max>37 throughput_kbps>0.000 goodput_kbps>0.000 retrans>0 total_retrans>0 bytes_acked>75020881
18:38:22.625401 TCPINFO flow>3 window>0.200 samples>3 rtt_avg_us>31439 rtt_min_us>31439 rtt_max_us>31439 cwnd>67 cwnd_min>67 cwnd_max>67 throughput_kbps>0.000 goodput_kbps>0.000 retrans>0 total_retrans>0 bytes_acked>60016705
18:38:22.625409 TCPINFO flow>2 window>0.200 samples>3 rtt_avg_us>31248 rtt_min_us>31248 rtt_max_us>31248 cwnd>80 cwnd_min>80 cwnd_max>80 throughput_kbps>0.000 goodput_kbps>0.000 retrans>0 total_retrans>0 bytes_acked>75020881
18:38:22.625859 TCPINFO flow>1 window>0.200 samples>3 rtt_avg_us>31893 rtt_min_us>31893 rtt_max_us>31893 cwnd>37 cwnd_min>37 cwnd_max>37 throughput_kbps>0.000 goodput_kbps>0.000 retrans>0 total_retrans>0 bytes_acked>75020881
18:38:22.825403 TCPINFO flow>3 window>0.200 samples>3 rtt_avg_us>31439 rtt_min_us>31439 rtt_max_us>31439 cwnd>67 cwnd_min>67 cwnd_max>67 throughput_kbps>0.000 goodput_kbps>0.000 retrans>0 total_retrans>0 bytes_acked>60016705
18:38:22.825413 TCPINFO flow>2 window>0.200 samples>3 rtt_avg_us>31248 rtt_min_us>31248 rtt_max_us>31248 cwnd>80 cwnd_min>80 cwnd_max>80 throughput_kbps>0.000 goodput_kbps>0.000 retrans>0 total_retrans>0 bytes_acked>75020881
18:38:22.825880 TCPINFO flow>1 window>0.200 samples>3 rtt_avg_us>31893 rtt_min_us>31893 rtt_max_us>31893 cwnd>37 cwnd_min>37 cwnd_max>37 throughput_kbps>0.000 goodput_kbps>0.000 retrans>0 total_retrans>0 bytes_acked>75020881
18:38:23.025384 TCPINFO flow>3 window>0.200 samples>3 rtt_avg_us>31439 rtt_min_us>31439 rtt_max_us>31439 cwnd>67 cwnd_min>67 cwnd_max>67 throughput_kbps>0.000 goodput_kbps>0.000 retrans>0 total_retrans>0 bytes_acked>60016705
18:38:23.025390 TCPINFO flow>2 window>0.200 samples>3 rtt_avg_us>31248 rtt_min_us>31248 rtt_max_us>31248 cwnd>80 cwnd_min>80 cwnd_max>80 throughput_kbps>0.000 goodput_kbps>0.000 retrans>0 total_retrans>0 bytes_acked>75020881
18:38:23.025859 TCPINFO flow>1 window>0.200 samples>3 rtt_avg_us>31893 rtt_min_us>31893 rtt_max_us>31893 cwnd>37 cwnd_min>37 cwnd_max>37 throughput_kbps>0.000 goodput_kbps>0.000 retrans>0 total_retrans>0 bytes_acked>75020881
18:38:23.125386 TCPINFO flow>3 window>0.100 samples>3 rtt_avg_us>31439 rtt_min_us>31439 rtt_max_us>31439 cwnd>67 cwnd_min>67 cwnd_max>67 throughput_kbps>106.878 goodput_kbps>0.000 retrans>0 total_retrans>0 bytes_acked>60016705
18:38:23.125405 TCPINFO flow>2 window>0.100 samples>2 rtt_avg_us>31248 rtt_min_us>31248 rtt_max_us>31248 cwnd>80 cwnd_min>80 cwnd_max>80 throughput_kbps>0.000 goodput_kbps>0.000 retrans>0 total_retrans>0 bytes_acked>75020881
18:38:23.225851 TCPINFO flow>1 window>0.200 samples>3 rtt_avg_us>31893 rtt_min_us>31893 rtt_max_us>31893 cwnd>37 cwnd_min>37 cwnd_max>37 throughput_kbps>0.000 goodput_kbps>0.000 retrans>0 total_retrans>0 bytes_acked>75020881
18:38:23.273256 TCPINFO flow>3 window>0.148 samples>368 rtt_avg_us>31426 rtt_min_us>31328 rtt_max_us>31558 cwnd>67 cwnd_min>67 cwnd_max>67 throughput_kbps>22912.667 goodput_kbps>18359.045 retrans>0 total_retrans>0 bytes_acked>60356049
18:38:23.325376 TCPINFO flow>2 window>0.200 samples>3 rtt_avg_us>31248 rtt_min_us>31248 rtt_max_us>31248 cwnd>80 cwnd_min>80 cwnd_max>80 throughput_kbps>0.000 goodput_kbps>0.000 retrans>0 total_retrans>0 bytes_acked>75020881
18:38:23.325853 TCPINFO flow>1 window>0.100 samples>2 rtt_avg_us>31893 rtt_min_us>31893 rtt_max_us>31893 cwnd>37 cwnd_min>37 cwnd_max>37 throughput_kbps>0.000 goodput_kbps>0.000 retrans>0 total_retrans>0 bytes_acked>75020881
18:38:23.412587 TCPINFO flow>3 window>0.139 samples>265 rtt_avg_us>31376 rtt_min_us>31130 rtt_max_us>31604 cwnd>62 cwnd_min>62 cwnd_max>68 throughput_kbps>21708.765 goodput_kbps>21938.894 retrans>0 total_retrans>0 bytes_acked>60738145
18:38:23.425378 TCPINFO flow>2 window>0.100 samples>2 rtt_avg_us>31248 rtt_min_us>31248 rtt_max_us>31248 cwnd>80 cwnd_min>80 cwnd_max>80 throughput_kbps>0.000 goodput_kbps>0.000 retrans>0 total_retrans>0 bytes_acked>75020881
18:38:23.525374 TCPINFO flow>3 window>0.113 samples>266 rtt_avg_us>31463 rtt_min_us>31350 rtt_max_us>31573 cwnd>66 cwnd_min>62 cwnd_max>66 throughput_kbps>21890.182 goodput_kbps>21605.894 retrans>0 total_retrans>0 bytes_acked>61042753
18:38:23.525380 TCPINFO flow>2 window>0.100 samples>2 rtt_avg_us>31248 rtt_min_us>31248 rtt_max_us>31248 cwnd>80 cwnd_min>80 cwnd_max>80 throughput_kbps>0.000 goodput_kbps>0.000 retrans>0 total_retrans>0 bytes_acked>75020881
18:38:23.525853 TCPINFO flow>1 window>0.200 samples>3 rtt_avg_us>31893 rtt_min_us>31893 rtt_max_us>31893 cwnd>37 cwnd_min>37 cwnd_max>37 throughput_kbps>0.000 goodput_kbps>0.000 retrans>0 total_retrans>0 bytes_acked>75020881
18:38:23.625380 TCPINFO flow>3 window>0.100 samples>166 rtt_avg_us>31471 rtt_min_us>31343 rtt_max_us>31748 cwnd>69 cwnd_min>66 cwnd_max>69 throughput_kbps>22122.833 goodput_kbps>22443.453 retrans>0 total_retrans>0 bytes_acked>61323313
18:38:23.625386 TCPINFO flow>2 window>0.100 samples>2 rtt_avg_us>31248 rtt_min_us>31248 rtt_max_us>31248 cwnd>80 cwnd_min>80 cwnd_max>80 throughput_kbps>0.000 goodput_kbps>0.000 retrans>0 total_retrans>0 bytes_acked>75020881
18:38:23.725854 TCPINFO flow>1 window>0.200 samples>3 rtt_avg_us>31893 rtt_min_us>31893 rtt_max_us>31893 cwnd>37 cwnd_min>37 cwnd_max>37 throughput_kbps>0.000 goodput_kbps>0.000 retrans>0 total_retrans>0 bytes_acked>75020881
18:38:23.758822 TCPINFO flow>3 window>0.133 samples>235 rtt_avg_us>31472 rtt_min_us>31193 rtt_max_us>31620 cwnd>70 cwnd_min>69 cwnd_max>71 throughput_kbps>23708.038 goodput_kbps>23067.280 retrans>0 total_retrans>0 bytes_acked>61708081
18:38:23.825373 TCPINFO flow>2 window>0.200 samples>3 rtt_avg_us>31248 rtt_min_us>31248 rtt_max_us>31248 cwnd>80 cwnd_min>80 cwnd_max>80 throughput_kbps>0.000 goodput_kbps>0.000 retrans>0 total_retrans>0 bytes_acked>75020881
18:38:23.886477 TCPINFO flow>3 window>0.128 samples>265 rtt_avg_us>31376 rtt_min_us>31193 rtt_max_us>31536 cwnd>74 cwnd_min>70 cwnd_max>74 throughput_kbps>24615.346 goodput_kbps>24280.443 retrans>0 total_retrans>0 bytes_acked>62095521
18:38:23.925376 TCPINFO flow>2 window>0.100 samples>2 rtt_avg_us>31248 rtt_min_us>31248 rtt_max_us>31248 cwnd>80 cwnd_min>80 cwnd_max>80 throughput_kbps>0.000 goodput_kbps>0.000 retrans>0 total_retrans>0 bytes_acked>75020881
18:38:23.925854 TCPINFO flow>1 window>0.200 samples>3 rtt_avg_us>31893 rtt_min_us>31893 rtt_max_us>31893 cwnd>37 cwnd_min>37 cwnd_max>37 throughput_kbps>0.000 goodput_kbps>0.000 retrans>0 total_retrans>0 bytes_acked>75020881
18:38:24.025389 TCPINFO flow>3 window>0.139 samples>165 rtt_avg_us>31488 rtt_min_us>31309 rtt_max_us>31650 cwnd>76 cwnd_min>74 cwnd_max>76 throughput_kbps>18679.567 goodput_kbps>24296.245 retrans>0 total_retrans>0 bytes_acked>62517401
18:38:24.025399 TCPINFO flow>2 window>0.100 samples>2 rtt_avg_us>31248 rtt_min_us>31248 rtt_max_us>31248 cwnd>80 cwnd_min>80 cwnd_max>80 throughput_kbps>0.000 goodput_kbps>0.000 retrans>0 total_retrans>0 bytes_acked>75020881
18:38:24.025859 TCPINFO flow>1 window>0.100 samples>2 rtt_avg_us>31893 rtt_min_us>31893 rtt_max_us>31893 cwnd>37 cwnd_min>37 cwnd_max>37 throughput_kbps>0.000 goodput_kbps>0.000 retrans>0 total_retrans>0 bytes_acked>75020881
18:38:24.225403 TCPINFO flow>3 window>0.200 samples>3 rtt_avg_us>31435 rtt_min_us>31435 rtt_max_us>31435 cwnd>76 cwnd_min>76 cwnd_max>76 throughput_kbps>0.000 goodput_kbps>0.000 retrans>0 total_retrans>0 bytes_acked>62517401
18:38:24.225413 TCPINFO flow>2 window>0.200 samples>3 rtt_avg_us>31248 rtt_min_us>31248 rtt_max_us>31248 cwnd>80 cwnd_min>80 cwnd_max>80 throughput_kbps>0.000 goodput_kbps>0.000 retrans>0 total_retrans>0 bytes_acked>75020881
18:38:24.225881 TCPINFO flow>1 window>0.200 samples>3 rtt_avg_us>31893 rtt_min_us>31893 rtt_max_us>31893 cwnd>37 cwnd_min>37 cwnd_max>37 throughput_kbps>0.000 goodput_kbps>0.000 retrans>0 total_retrans>0 bytes_acked>75020881
18:38:24.425405 TCPINFO flow>3 window>0.200 samples>3 rtt_avg_us>31435 rtt_min_us>31435 rtt_max_us>31435 cwnd>76 cwnd_min>76 cwnd_max>76 throughput_kbps>0.000 goodput_kbps>0.000 retrans>0 total_retrans>0 bytes_acked>62517401
18:38:24.425416 TCPINFO flow>2 window>0.200 samples>3 rtt_avg_us>31248 rtt_min_us>31248 rtt_max_us>31248 cwnd>80 cwnd_min>80 cwnd_max>80 throughput_kbps>0.000 goodput_kbps>0.000 retrans>0 total_retrans>0 bytes_acked>75020881
18:38:24.425863 TCPINFO flow>1 window>0.200 samples>3 rtt_avg_us>31893 rtt_min_us>31893 rtt_max_us>31893 cwnd>37 cwnd_min>37 cwnd_max>37 throughput_kbps>0.000 goodput_kbps>0.000 retrans>0 total_retrans>0 bytes_acked>75020881
18:38:24.525868 TCPINFO flow>1 window>0.100 samples>2 rtt_avg_us>31893 rtt_min_us>31893 rtt_max_us>31893 cwnd>37 cwnd_min>37 cwnd_max>37 throughput_kbps>0.000 goodput_kbps>0.000 retrans>0 total_retrans>0 bytes_acked>75020881
18:38:24.625406 TCPINFO flow>3 window>0.200 samples>3 rtt_avg_us>31435 rtt_min_us>31435 rtt_max_us>31435 cwnd>76 cwnd_min>76 cwnd_max>76 throughput_kbps>0.000 goodput_kbps>0.000 retrans>0 total_retrans>0 bytes_acked>62517401
18:38:24.625413 TCPINFO flow>2 window>0.200 samples>3 rtt_avg_us>31248 rtt_min_us>31248 rtt_max_us>31248 cwnd>80 cwnd_min>80 cwnd_max>80 throughput_kbps>0.000 goodput_kbps>0.000 retrans>0 total_retrans>0 bytes_acked>75020881
18:38:24.625869 TCPINFO flow>1 window>0.100 samples>2 rtt_avg_us>31893 rtt_min_us>31893 rtt_max_us>31893 cwnd>37 cwnd_min>37 cwnd_max>37 throughput_kbps>0.000 goodput_kbps>0.000 retrans>0 total_retrans>0 bytes_acked>75020881
18:38:24.825423 TCPINFO flow>3 window>0.200 samples>3 rtt_avg_us>31435 rtt_min_us>31435 rtt_max_us>31435 cwnd>76 cwnd_min>76 cwnd_max>76 throughput_kbps>0.000 goodput_kbps>0.000 retrans>0 total_retrans>0 bytes_acked>62517401
18:38:24.825439 TCPINFO flow>2 window>0.200 samples>3 rtt_avg_us>31248 rtt_min_us>31248 rtt_max_us>31248 cwnd>80 cwnd_min>80 cwnd_max>80 throughput_kbps>0.000 goodput_kbps>0.000 retrans>0 total_retrans>0 bytes_acked>75020881
18:38:24.825863 TCPINFO flow>1 window>0.200 samples>3 rtt_avg_us>31893 rtt_min_us>31893 rtt_max_us>31893 cwnd>37 cwnd_min>37 cwnd_max>37 throughput_kbps>0.000 goodput_kbps>0.000 retrans>0 total_retrans>0 bytes_acked>75020881
18:38:25.025389 TCPINFO flow>3 window>0.200 samples>3 rtt_avg_us>31435 rtt_min_us>31435 rtt_max_us>31435 cwnd>76 cwnd_min>76 cwnd_max>76 throughput_kbps>0.000 goodput_kbps>0.000 retrans>0 total_retrans>0 bytes_acked>62517401
18:38:25.025398 TCPINFO flow>2 window>0.200 samples>3 rtt_avg_us>31248 rtt_min_us>31248 rtt_max_us>31248 cwnd>80 cwnd_min>80 cwnd_max>80 throughput_kbps>0.000 goodput_kbps>0.000 retrans>0 total_retrans>0 bytes_acked>75020881
18:38:25.025862 TCPINFO flow>1 window>0.200 samples>3 rtt_avg_us>31893 rtt_min_us>31893 rtt_max_us>31893 cwnd>37 cwnd_min>37 cwnd_max>37 throughput_kbps>0.000 goodput_kbps>0.000 retrans>0 total_retrans>0 bytes_acked>75020881
18:38:25.125488 TCPINFO flow>3 window>0.100 samples>5 rtt_avg_us>31435 rtt_min_us>31435 rtt_max_us>31435 cwnd>76 cwnd_min>76 cwnd_max>76 throughput_kbps>213.549 goodput_kbps>0.000 retrans>0 total_retrans>0 bytes_acked>62517401
18:38:25.125872 TCPINFO flow>1 window>0.100 samples>2 rtt_avg_us>31893 rtt_min_us>31893 rtt_max_us>31893 cwnd>37 cwnd_min>37 cwnd_max>37 throughput_kbps>0.000 goodput_kbps>0.000 retrans>0 total_retrans>0 bytes_acked>75020881
18:38:25.225374 TCPINFO flow>2 window>0.200 samples>3 rtt_avg_us>31248 rtt_min_us>31248 rtt_max_us>31248 cwnd>80 cwnd_min>80 cwnd_max>80 throughput_kbps>0.000 goodput_kbps>0.000 retrans>0 total_retrans>0 bytes_acked>75020881
18:38:25.266377 TCPINFO flow>3 window>0.141 samples>368 rtt_avg_us>31392 rtt_min_us>31241 rtt_max_us>31560 cwnd>76 cwnd_min>74 cwnd_max>76 throughput_kbps>25565.204 goodput_kbps>20027.341 retrans>0 total_retrans>0 bytes_acked>62870105
18:38:25.325854 TCPINFO flow>1 window>0.200 samples>3 rtt_avg_us>31893 rtt_min_us>31893 rtt_max_us>31893 cwnd>37 cwnd_min>37 cwnd_max>37 throughput_kbps>0.000 goodput_kbps>0.000 retrans>0 total_retrans>0 bytes_acked>75020881
18:38:25.386005 TCPINFO flow>3 window>0.120 samples>265 rtt_avg_us>31345 rtt_min_us>31176 rtt_max_us>31560 cwnd>74 cwnd_min>74 cwnd_max>76 throughput_kbps>25194.904 goodput_kbps>25552.279 retrans>0 total_retrans>0 bytes_acked>63252201
18:38:25.425373 TCPINFO flow>2 window>0.200 samples>3 rtt_avg_us>31248 rtt_min_us>31248 rtt_max_us>31248 cwnd>80 cwnd_min>80 cwnd_max>80 throughput_kbps>0.000 goodput_kbps>0.000 retrans>0 total_retrans>0 bytes_acked>75020881
18:38:25.511121 TCPINFO flow>3 window>0.125 samples>266 rtt_avg_us>31360 rtt_min_us>31285 rtt_max_us>31412 cwnd>77 cwnd_min>74 cwnd_max>77 throughput_kbps>25114.869 goodput_kbps>24773.170 retrans>0 total_retrans>0 bytes_acked>63639641
18:38:25.525384 TCPINFO flow>2 window>0.100 samples>2 rtt_avg_us>31248 rtt_min_us>31248 rtt_max_us>31248 cwnd>80 cwnd_min>80 cwnd_max>80 throughput_kbps>0.000 goodput_kbps>0.000 retrans>0 total_retrans>0 bytes_acked>75020881
18:38:25.525849 TCPINFO flow>1 window>0.200 samples>3 rtt_avg_us>31893 rtt_min_us>31893 rtt_max_us>31893 cwnd>37 cwnd_min>37 cwnd_max>37 throughput_kbps>0.000 goodput_kbps>0.000 retrans>0 total_retrans>0 bytes_acked>75020881
18:38:25.625359 TCPINFO flow>3 window>0.114 samples>266 rtt_avg_us>31330 rtt_min_us>31254 rtt_max_us>31457 cwnd>81 cwnd_min>77 cwnd_max>81 throughput_kbps>27225.687 goodput_kbps>26757.891 retrans>0 total_retrans>0 bytes_acked>64021737
18:38:25.625853 TCPINFO flow>1 window>0.100 samples>2 rtt_avg_us>31893 rtt_min_us>31893 rtt_max_us>31893 cwnd>37 cwnd_min>37 cwnd_max>37 throughput_kbps>0.000 goodput_kbps>0.000 retrans>0 total_retrans>0 bytes_acked>75020881
18:38:25.725373 TCPINFO flow>2 window>0.200 samples>3 rtt_avg_us>31248 rtt_min_us>31248 rtt_max_us>31248 cwnd>80 cwnd_min>80 cwnd_max>80 throughput_kbps>0.000 goodput_kbps>0.000 retrans>0 total_retrans>0 bytes_acked>75020881
18:38:25.741269 TCPINFO flow>3 window>0.116 samples>266 rtt_avg_us>31302 rtt_min_us>31251 rtt_max_us>31390 cwnd>84 cwnd_min>81 cwnd_max>84 throughput_kbps>26925.166 goodput_kbps>26740.747 retrans>0 total_retrans>0 bytes_acked>64409177
18:38:25.825853 TCPINFO flow>1 window>0.200 samples>3 rtt_avg_us>31893 rtt_min_us>31893 rtt_max_us>31893 cwnd>37 cwnd_min>37 cwnd_max>37 throughput_kbps>0.000 goodput_kbps>0.000 retrans>0 total_retrans>0 bytes_acked>75020881
18:38:25.846435 TCPINFO flow>3 window>0.105 samples>266 rtt_avg_us>31318 rtt_min_us>31264 rtt_max_us>31367 cwnd>86 cwnd_min>84 cwnd_max>86 throughput_kbps>29066.124 goodput_kbps>28862.864 retrans>0 total_retrans>0 bytes_acked>64788601
18:38:25.925392 TCPINFO flow>2 window>0.200 samples>3 rtt_avg_us>31248 rtt_min_us>31248 rtt_max_us>31248 cwnd>80 cwnd_min>80 cwnd_max>80 throughput_kbps>0.000 goodput_kbps>0.000 retrans>0 total_retrans>0 bytes_acked>75020881
18:38:25.925862 TCPINFO flow>1 window>0.100 samples>2 rtt_avg_us>31893 rtt_min_us>31893 rtt_max_us>31893 cwnd>37 cwnd_min>37 cwnd_max>37 throughput_kbps>0.000 goodput_kbps>0.000 retrans>0 total_retrans>0 bytes_acked>75020881
18:38:26.025418 TCPINFO flow>3 window>0.179 samples>31 rtt_avg_us>31304 rtt_min_us>31285 rtt_max_us>31318 cwnd>87 cwnd_min>86 cwnd_max>87 throughput_kbps>5241.705 goodput_kbps>10257.779 retrans>0 total_retrans>0 bytes_acked>65018097
18:38:26.025433 TCPINFO flow>2 window>0.100 samples>2 rtt_avg_us>31248 rtt_min_us>31248 rtt_max_us>31248 cwnd>80 cwnd_min>80 cwnd_max>80 throughput_kbps>0.000 goodput_kbps>0.000 retrans>0 total_retrans>0 bytes_acked>75020881
18:38:26.025886 TCPINFO flow>1 window>0.100 samples>2 rtt_avg_us>31893 rtt_min_us>31893 rtt_max_us>31893 cwnd>37 cwnd_min>37 cwnd_max>37 throughput_kbps>0.000 goodput_kbps>0.000 retrans>0 total_retrans>0 bytes_acked>75020881
18:38:26.225389 TCPINFO flow>3 window>0.200 samples>3 rtt_avg_us>31285 rtt_min_us>31285 rtt_max_us>31285 cwnd>87 cwnd_min>87 cwnd_max>87 throughput_kbps>0.000 goodput_kbps>0.000 retrans>0 total_retrans>0 bytes_acked>65018097
18:38:26.225398 TCPINFO flow>2 window>0.200 samples>3 rtt_avg_us>31248 rtt_min_us>31248 rtt_max_us>31248 cwnd>80 cwnd_min>80 cwnd_max>80 throughput_kbps>0.000 goodput_kbps>0.000 retrans>0 total_retrans>0 bytes_acked>75020881
18:38:26.225862 TCPINFO flow>1 window>0.200 samples>3 rtt_avg_us>31893 rtt_min_us>31893 rtt_max_us>31893 cwnd>37 cwnd_min>37 cwnd_max>37 throughput_kbps>0.000 goodput_kbps>0.000 retrans>0 total_retrans>0 bytes_acked>75020881
18:38:26.325396 TCPINFO flow>3 window>0.100 samples>2 rtt_avg_us>31285 rtt_min_us>31285 rtt_max_us>31285 cwnd>87 cwnd_min>87 cwnd_max>87 throughput_kbps>0.000 goodput_kbps>0.000 retrans>0 total_retrans>0 bytes_acked>65018097
18:38:26.325405 TCPINFO flow>2 window>0.100 samples>2 rtt_avg_us>31248 rtt_min_us>31248 rtt_max_us>31248 cwnd>80 cwnd_min>80 cwnd_max>80 throughput_kbps>0.000 goodput_kbps>0.000 retrans>0 total_retrans>0 bytes_acked>75020881
18:38:26.425414 TCPINFO flow>3 window>0.100 samples>2 rtt_avg_us>31285 rtt_min_us>31285 rtt_max_us>31285 cwnd>87 cwnd_min>87 cwnd_max>87 throughput_kbps>0.000 goodput_kbps>0.000 retrans>0 total_retrans>0 bytes_acked>65018097
18:38:26.425426 TCPINFO flow>2 window>0.100 samples>2 rtt_avg_us>31248 rtt_min_us>31248 rtt_max_us>31248 cwnd>80 cwnd_min>80 cwnd_max>80 throughput_kbps>0.000 goodput_kbps>0.000 retrans>0 total_retrans>0 bytes_acked>75020881
18:38:26.425863 TCPINFO flow>1 window>0.200 samples>3 rtt_avg_us>31893 rtt_min_us>31893 rtt_max_us>31893 cwnd>37 cwnd_min>37 cwnd_max>37 throughput_kbps>0.000 goodput_kbps>0.000 retrans>0 total_retrans>0 bytes_acked>75020881
18:38:26.625384 TCPINFO flow>3 window>0.200 samples>3 rtt_avg_us>31285 rtt_min_us>31285 rtt_max_us>31285 cwnd>87 cwnd_min>87 cwnd_max>87 throughput_kbps>0.000 goodput_kbps>0.000 retrans>0 total_retrans>0 bytes_acked>65018097
18:38:26.625445 TCPINFO flow>2 window>0.200 samples>3 rtt_avg_us>31248 rtt_min_us>31248 rtt_max_us>31248 cwnd>80 cwnd_min>80 cwnd_max>80 throughput_kbps>0.000 goodput_kbps>0.000 retrans>0 total_retrans>0 bytes_acked>75020881
18:38:26.625863 TCPINFO flow>1 window>0.200 samples>3 rtt_avg_us>31893 rtt_min_us>31893 rtt_max_us>31893 cwnd>37 cwnd_min>37 cwnd_max>37 throughput_kbps>0.000 goodput_kbps>0.000 retrans>0 total_retrans>0 bytes_acked>75020881
18:38:26.725388 TCPINFO flow>3 window>0.100 samples>2 rtt_avg_us>31285 rtt_min_us>31285 rtt_max_us>31285 cwnd>87 cwnd_min>87 cwnd_max>87 throughput_kbps>0.000 goodput_kbps>0.000 retrans>0 total_retrans>0 bytes_acked>65018097
18:38:26.825554 TCPINFO flow>3 window>0.100 samples>2 rtt_avg_us>31285 rtt_min_us>31285 rtt_max_us>31285 cwnd>87 cwnd_min>87 cwnd_max>87 throughput_kbps>0.000 goodput_kbps>0.000 retrans>0 total_retrans>0 bytes_acked>65018097
18:38:26.825560 TCPINFO flow>2 window>0.200 samples>3 rtt_avg_us>31248 rtt_min_us>31248 rtt_max_us>31248 cwnd>80 cwnd_min>80 cwnd_max>80 throughput_kbps>0.000 goodput_kbps>0.000 retrans>0 total_retrans>0 bytes_acked>75020881
18:38:26.825862 TCPINFO flow>1 window>0.200 samples>3 rtt_avg_us>31893 rtt_min_us>31893 rtt_max_us>31893 cwnd>37 cwnd_min>37 cwnd_max>37 throughput_kbps>0.000 goodput_kbps>0.000 retrans>0 total_retrans>0 bytes_acked>75020881
18:38:27.025399 TCPINFO flow>3 window>0.200 samples>3 rtt_avg_us>31285 rtt_min_us>31285 rtt_max_us>31285 cwnd>87 cwnd_min>87 cwnd_max>87 throughput_kbps>0.000 goodput_kbps>0.000 retrans>0 total_retrans>0 bytes_acked>65018097
18:38:27.025408 TCPINFO flow>2 window>0.200 samples>3 rtt_avg_us>31248 rtt_min_us>31248 rtt_max_us>31248 cwnd>80 cwnd_min>80 cwnd_max>80 throughput_kbps>0.000 goodput_kbps>0.000 retrans>0 total_retrans>0 bytes_acked>75020881
18:38:27.025863 TCPINFO flow>1 window>0.200 samples>3 rtt_avg_us>31893 rtt_min_us>31893 rtt_max_us>31893 cwnd>37 cwnd_min>37 cwnd_max>37 throughput_kbps>0.000 goodput_kbps>0.000 retrans>0 total_retrans>0 bytes_acked>75020881
18:38:27.125470 TCPINFO flow>3 window>0.100 samples>5 rtt_avg_us>31285 rtt_min_us>31285 rtt_max_us>31285 cwnd>87 cwnd_min>87 cwnd_max>87 throughput_kbps>213.608 goodput_kbps>0.000 retrans>0 total_retrans>0 bytes_acked>65018097
18:38:27.225369 TCPINFO flow>2 window>0.200 samples>3 rtt_avg_us>31248 rtt_min_us>31248 rtt_max_us>31248 cwnd>80 cwnd_min>80 cwnd_max>80 throughput_kbps>0.000 goodput_kbps>0.000 retrans>0 total_retrans>0 bytes_acked>75020881
18:38:27.225853 TCPINFO flow>1 window>0.200 samples>3 rtt_avg_us>31893 rtt_min_us>31893 rtt_max_us>31893 cwnd>37 cwnd_min>37 cwnd_max>37 throughput_kbps>0.000 goodput_kbps>0.000 retrans>0 total_retrans>0 bytes_acked>75020881
18:38:27.247755 TCPINFO flow>3 window>0.122 samples>370 rtt_avg_us>31252 rtt_min_us>31079 rtt_max_us>31340 cwnd>87 cwnd_min>87 cwnd_max>88 throughput_kbps>29804.211 goodput_kbps>22637.216 retrans>0 total_retrans>0 bytes_acked>65364121
18:38:27.325370 TCPINFO flow>2 window>0.100 samples>2 rtt_avg_us>31248 rtt_min_us>31248 rtt_max_us>31248 cwnd>80 cwnd_min>80 cwnd_max>80 throughput_kbps>0.000 goodput_kbps>0.000 retrans>0 total_retrans>0 bytes_acked>75020881
18:38:27.352765 TCPINFO flow>3 window>0.105 samples>266 rtt_avg_us>31217 rtt_min_us>30976 rtt_max_us>31304 cwnd>85 cwnd_min>85 cwnd_max>88 throughput_kbps>29312.865 goodput_kbps>29312.865 retrans>0 total_retrans>0 bytes_acked>65748889
18:38:27.425853 TCPINFO flow>1 window>0.200 samples>3 rtt_avg_us>31893 rtt_min_us>31893 rtt_max_us>31893 cwnd>37 cwnd_min>37 cwnd_max>37 throughput_kbps>0.000 goodput_kbps>0.000 retrans>0 total_retrans>0 bytes_acked>75020881
18:38:27.459820 TCPINFO flow>3 window>0.107 samples>266 rtt_avg_us>31228 rtt_min_us>30958 rtt_max_us>31412 cwnd>80 cwnd_min>80 cwnd_max>85 throughput_kbps>27854.393 goodput_kbps>28453.412 retrans>0 total_retrans>0 bytes_acked>66129649
18:38:27.525374 TCPINFO flow>2 window>0.200 samples>3 rtt_avg_us>31248 rtt_min_us>31248 rtt_max_us>31248 cwnd>80 cwnd_min>80 cwnd_max>80 throughput_kbps>0.000 goodput_kbps>0.000 retrans>0 total_retrans>0 bytes_acked>75020881
18:38:27.525854 TCPINFO flow>1 window>0.100 samples>2 rtt_avg_us>31893 rtt_min_us>31893 rtt_max_us>31893 cwnd>37 cwnd_min>37 cwnd_max>37 throughput_kbps>0.000 goodput_kbps>0.000 retrans>0 total_retrans>0 bytes_acked>75020881
18:38:27.573766 TCPINFO flow>3 window>0.114 samples>266 rtt_avg_us>31279 rtt_min_us>31209 rtt_max_us>31409 cwnd>77 cwnd_min>77 cwnd_max>81 throughput_kbps>26545.065 goodput_kbps>26826.462 retrans>0 total_retrans>0 bytes_acked>66511745
18:38:27.689409 TCPINFO flow>3 window>0.116 samples>265 rtt_avg_us>31360 rtt_min_us>31255 rtt_max_us>31586 cwnd>78 cwnd_min>76 cwnd_max>78 throughput_kbps>25693.419 goodput_kbps>26155.530 retrans>0 total_retrans>0 bytes_acked>66889833
18:38:27.725370 TCPINFO flow>2 window>0.200 samples>3 rtt_avg_us>31248 rtt_min_us>31248 rtt_max_us>31248 cwnd>80 cwnd_min>80 cwnd_max>80 throughput_kbps>0.000 goodput_kbps>0.000 retrans>0 total_retrans>0 bytes_acked>75020881
18:38:27.725853 TCPINFO flow>1 window>0.200 samples>3 rtt_avg_us>31893 rtt_min_us>31893 rtt_max_us>31893 cwnd>37 cwnd_min>37 cwnd_max>37 throughput_kbps>0.000 goodput_kbps>0.000 retrans>0 total_retrans>0 bytes_acked>75020881
18:38:27.811047 TCPINFO flow>3 window>0.122 samples>266 rtt_avg_us>31505 rtt_min_us>31347 rtt_max_us>31686 cwnd>78 cwnd_min>77 cwnd_max>79 throughput_kbps>26272.316 goodput_kbps>25745.113 retrans>0 total_retrans>0 bytes_acked>67281281
18:38:27.825384 TCPINFO flow>2 window>0.100 samples>2 rtt_avg_us>31248 rtt_min_us>31248 rtt_max_us>31248 cwnd>80 cwnd_min>80 cwnd_max>80 throughput_kbps>0.000 goodput_kbps>0.000 retrans>0 total_retrans>0 bytes_acked>75020881
18:38:27.825860 TCPINFO flow>1 window>0.100 samples>2 rtt_avg_us>31893 rtt_min_us>31893 rtt_max_us>31893 cwnd>37 cwnd_min>37 cwnd_max>37 throughput_kbps>0.000 goodput_kbps>0.000 retrans>0 total_retrans>0 bytes_acked>75020881
18:38:27.925386 TCPINFO flow>3 window>0.114 samples>28 rtt_avg_us>31451 rtt_min_us>31386 rtt_max_us>31477 cwnd>79 cwnd_min>78 cwnd_max>79 throughput_kbps>9513.884 goodput_kbps>16618.092 retrans>0 total_retrans>0 bytes_acked>67518793
18:38:27.925393 TCPINFO flow>2 window>0.100 samples>2 rtt_avg_us>31248 rtt_min_us>31248 rtt_max_us>31248 cwnd>80 cwnd_min>80 cwnd_max>80 throughput_kbps>0.000 goodput_kbps>0.000 retrans>0 total_retrans>0 bytes_acked>75020881
18:38:28.025390 TCPINFO flow>3 window>0.100 samples>2 rtt_avg_us>31399 rtt_min_us>31399 rtt_max_us>31399 cwnd>79 cwnd_min>79 cwnd_max>79 throughput_kbps>0.000 goodput_kbps>0.000 retrans>0 total_retrans>0 bytes_acked>67518793
18:38:28.025398 TCPINFO flow>2 window>0.100 samples>2 rtt_avg_us>31248 rtt_min_us>31248 rtt_max_us>31248 cwnd>80 cwnd_min>80 cwnd_max>80 throughput_kbps>0.000 goodput_kbps>0.000 retrans>0 total_retrans>0 bytes_acked>75020881
18:38:28.025860 TCPINFO flow>1 window>0.200 samples>3 rtt_avg_us>31893 rtt_min_us>31893 rtt_max_us>31893 cwnd>37 cwnd_min>37 cwnd_max>37 throughput_kbps>0.000 goodput_kbps>0.000 retrans>0 total_retrans>0 bytes_acked>75020881
18:38:28.225391 TCPINFO flow>3 window>0.200 samples>3 rtt_avg_us>31399 rtt_min_us>31399 rtt_max_us>31399 cwnd>79 cwnd_min>79 cwnd_max>79 throughput_kbps>0.000 goodput_kbps>0.000 retrans>0 total_retrans>0 bytes_acked>67518793
18:38:28.225400 TCPINFO flow>2 window>0.200 samples>3 rtt_avg_us>31248 rtt_min_us>31248 rtt_max_us>31248 cwnd>80 cwnd_min>80 cwnd_max>80 throughput_kbps>0.000 goodput_kbps>0.000 retrans>0 total_retrans>0 bytes_acked>75020881
18:38:28.225860 TCPINFO flow>1 window>0.200 samples>3 rtt_avg_us>31893 rtt_min_us>31893 rtt_max_us>31893 cwnd>37 cwnd_min>37 cwnd_max>37 throughput_kbps>0.000 goodput_kbps>0.000 retrans>0 total_retrans>0 bytes_acked>75020881
18:38:28.425388 TCPINFO flow>3 window>0.200 samples>3 rtt_avg_us>31399 rtt_min_us>31399 rtt_max_us>31399 cwnd>79 cwnd_min>79 cwnd_max>79 throughput_kbps>0.000 goodput_kbps>0.000 retrans>0 total_retrans>0 bytes_acked>67518793
18:38:28.425396 TCPINFO flow>2 window>0.200 samples>3 rtt_avg_us>31248 rtt_min_us>31248 rtt_max_us>31248 cwnd>80 cwnd_min>80 cwnd_max>80 throughput_kbps>0.000 goodput_kbps>0.000 retrans>0 total_retrans>0 bytes_acked>75020881
18:38:28.425861 TCPINFO flow>1 window>0.200 samples>3 rtt_avg_us>31893 rtt_min_us>31893 rtt_max_us>31893 cwnd>37 cwnd_min>37 cwnd_max>37 throughput_kbps>0.000 goodput_kbps>0.000 retrans>0 total_retrans>0 bytes_acked>75020881
18:38:28.625434 TCPINFO flow>3 window>0.200 samples>3 rtt_avg_us>31399 rtt_min_us>31399 rtt_max_us>31399 cwnd>79 cwnd_min>79 cwnd_max>79 throughput_kbps>0.000 goodput_kbps>0.000 retrans>0 total_retrans>0 bytes_acked>67518793
18:38:28.625446 TCPINFO flow>2 window>0.200 samples>3 rtt_avg_us>31248 rtt_min_us>31248 rtt_max_us>31248 cwnd>80 cwnd_min>80 cwnd_max>80 throughput_kbps>0.000 goodput_kbps>0.000 retrans>0 total_retrans>0 bytes_acked>75020881
18:38:28.625884 TCPINFO flow>1 window>0.200 samples>3 rtt_avg_us>31893 rtt_min_us>31893 rtt_max_us>31893 cwnd>37 cwnd_min>37 cwnd_max>37 throughput_kbps>0.000 goodput_kbps>0.000 retrans>0 total_retrans>0 bytes_acked>75020881
18:38:28.825386 TCPINFO flow>3 window>0.200 samples>3 rtt_avg_us>31399 rtt_min_us>31399 rtt_max_us>31399 cwnd>79 cwnd_min>79 cwnd_max>79 throughput_kbps>0.000 goodput_kbps>0.000 retrans>0 total_retrans>0 bytes_acked>67518793
18:38:28.825393 TCPINFO flow>2 window>0.200 samples>3 rtt_avg_us>31248 rtt_min_us>31248 rtt_max_us>31248 cwnd>80 cwnd_min>80 cwnd_max>80 throughput_kbps>0.000 goodput_kbps>0.000 retrans>0 total_retrans>0 bytes_acked>75020881
18:38:28.825860 TCPINFO flow>1 window>0.200 samples>3 rtt_avg_us>31893 rtt_min_us>31893 rtt_max_us>31893 cwnd>37 cwnd_min>37 cwnd_max>37 throughput_kbps>0.000 goodput_kbps>0.000 retrans>0 total_retrans>0 bytes_acked>75020881
18:38:28.925394 TCPINFO flow>3 window>0.100 samples>2 rtt_avg_us>31399 rtt_min_us>31399 rtt_max_us>31399 cwnd>79 cwnd_min>79 cwnd_max>79 throughput_kbps>0.000 goodput_kbps>0.000 retrans>0 total_retrans>0 bytes_acked>67518793
18:38:28.925399 TCPINFO flow>2 window>0.100 samples>2 rtt_avg_us>31248 rtt_min_us>31248 rtt_max_us>31248 cwnd>80 cwnd_min>80 cwnd_max>80 throughput_kbps>0.000 goodput_kbps>0.000 retrans>0 total_retrans>0 bytes_acked>75020881
18:38:29.025859 TCPINFO flow>1 window>0.200 samples>3 rtt_avg_us>31893 rtt_min_us>31893 rtt_max_us>31893 cwnd>37 cwnd_min>37 cwnd_max>37 throughput_kbps>0.000 goodput_kbps>0.000 retrans>0 total_retrans>0 bytes_acked>75020881
18:38:29.125348 TCPINFO flow>3 window>0.200 samples>3 rtt_avg_us>31399 rtt_min_us>31399 rtt_max_us>31399 cwnd>79 cwnd_min>79 cwnd_max>79 throughput_kbps>53.452 goodput_kbps>0.000 retrans>0 total_retrans>0 bytes_acked>67518793
18:38:29.125364 TCPINFO flow>2 window>0.200 samples>3 rtt_avg_us>31248 rtt_min_us>31248 rtt_max_us>31248 cwnd>80 cwnd_min>80 cwnd_max>80 throughput_kbps>0.000 goodput_kbps>0.000 retrans>0 total_retrans>0 bytes_acked>75020881
18:38:29.125872 TCPINFO flow>1 window>0.100 samples>2 rtt_avg_us>31893 rtt_min_us>31893 rtt_max_us>31893 cwnd>37 cwnd_min>37 cwnd_max>37 throughput_kbps>0.000 goodput_kbps>0.000 retrans>0 total_retrans>0 bytes_acked>75020881
18:38:29.225366 TCPINFO flow>3 window>0.100 samples>381 rtt_avg_us>31344 rtt_min_us>31156 rtt_max_us>31399 cwnd>79 cwnd_min>78 cwnd_max>79 throughput_kbps>27035.774 goodput_kbps>18914.355 retrans>0 total_retrans>0 bytes_acked>67755265
18:38:29.225375 TCPINFO flow>2 window>0.100 samples>2 rtt_avg_us>31248 rtt_min_us>31248 rtt_max_us>31248 cwnd>80 cwnd_min>80 cwnd_max>80 throughput_kbps>0.000 goodput_kbps>0.000 retrans>0 total_retrans>0 bytes_acked>75020881
18:38:29.325853 TCPINFO flow>1 window>0.200 samples>3 rtt_avg_us>31893 rtt_min_us>31893 rtt_max_us>31893 cwnd>37 cwnd_min>37 cwnd_max>37 throughput_kbps>0.000 goodput_kbps>0.000 retrans>0 total_retrans>0 bytes_acked>75020881
18:38:29.331507 TCPINFO flow>3 window>0.106 samples>169 rtt_avg_us>31258 rtt_min_us>31151 rtt_max_us>31408 cwnd>76 cwnd_min>76 cwnd_max>79 throughput_kbps>26281.720 goodput_kbps>26684.505 retrans>0 total_retrans>0 bytes_acked>68109305
18:38:29.425368 TCPINFO flow>2 window>0.200 samples>3 rtt_avg_us>31248 rtt_min_us>31248 rtt_max_us>31248 cwnd>80 cwnd_min>80 cwnd_max>80 throughput_kbps>0.000 goodput_kbps>0.000 retrans>0 total_retrans>0 bytes_acked>75020881
18:38:29.451944 TCPINFO flow>3 window>0.120 samples>265 rtt_avg_us>31210 rtt_min_us>31116 rtt_max_us>31492 cwnd>73 cwnd_min>73 cwnd_max>77 throughput_kbps>25380.639 goodput_kbps>25469.382 retrans>0 total_retrans>0 bytes_acked>68492737
18:38:29.525370 TCPINFO flow>2 window>0.100 samples>2 rtt_avg_us>31248 rtt_min_us>31248 rtt_max_us>31248 cwnd>80 cwnd_min>80 cwnd_max>80 throughput_kbps>0.000 goodput_kbps>0.000 retrans>0 total_retrans>0 bytes_acked>75020881
18:38:29.525853 TCPINFO flow>1 window>0.200 samples>3 rtt_avg_us>31893 rtt_min_us>31893 rtt_max_us>31893 cwnd>37 cwnd_min>37 cwnd_max>37 throughput_kbps>0.000 goodput_kbps>0.000 retrans>0 total_retrans>0 bytes_acked>75020881
18:38:29.576375 TCPINFO flow>3 window>0.124 samples>266 rtt_avg_us>31323 rtt_min_us>31134 rtt_max_us>31548 cwnd>72 cwnd_min>72 cwnd_max>74 throughput_kbps>24394.178 goodput_kbps>24565.968 retrans>0 total_retrans>0 bytes_acked>68874833
18:38:29.704731 TCPINFO flow>3 window>0.128 samples>266 rtt_avg_us>31386 rtt_min_us>31317 rtt_max_us>31541 cwnd>72 cwnd_min>70 cwnd_max>73 throughput_kbps>23898.034 goodput_kbps>23981.302 retrans>0 total_retrans>0 bytes_acked>69259601
18:38:29.725366 TCPINFO flow>2 window>0.200 samples>3 rtt_avg_us>31248 rtt_min_us>31248 rtt_max_us>31248 cwnd>80 cwnd_min>80 cwnd_max>80 throughput_kbps>0.000 goodput_kbps>0.000 retrans>0 total_retrans>0 bytes_acked>75020881
18:38:29.725853 TCPINFO flow>1 window>0.200 samples>3 rtt_avg_us>31893 rtt_min_us>31893 rtt_max_us>31893 cwnd>37 cwnd_min>37 cwnd_max>37 throughput_kbps>0.000 goodput_kbps>0.000 retrans>0 total_retrans>0 bytes_acked>75020881
18:38:29.825365 TCPINFO flow>3 window>0.121 samples>266 rtt_avg_us>31458 rtt_min_us>31399 rtt_max_us>31541 cwnd>76 cwnd_min>72 cwnd_max>76 throughput_kbps>25427.790 goodput_kbps>24807.600 retrans>0 total_retrans>0 bytes_acked>69633681
18:38:29.825371 TCPINFO flow>2 window>0.100 samples>2 rtt_avg_us>31248 rtt_min_us>31248 rtt_max_us>31248 cwnd>80 cwnd_min>80 cwnd_max>80 throughput_kbps>0.000 goodput_kbps>0.000 retrans>0 total_retrans>0 bytes_acked>75020881
18:38:29.925386 TCPINFO flow>3 window>0.100 samples>118 rtt_avg_us>31509 rtt_min_us>31297 rtt_max_us>31571 cwnd>78 cwnd_min>76 cwnd_max>78 throughput_kbps>22736.985 goodput_kbps>25859.529 retrans>0 total_retrans>0 bytes_acked>69956993
18:38:29.925393 TCPINFO flow>2 window>0.100 samples>2 rtt_avg_us>31248 rtt_min_us>31248 rtt_max_us>31248 cwnd>80 cwnd_min>80 cwnd_max>80 throughput_kbps>0.000 goodput_kbps>0.000 retrans>0 total_retrans>0 bytes_acked>75020881
18:38:29.925860 TCPINFO flow>1 window>0.200 samples>3 rtt_avg_us>31893 rtt_min_us>31893 rtt_max_us>31893 cwnd>37 cwnd_min>37 cwnd_max>37 throughput_kbps>0.000 goodput_kbps>0.000 retrans>0 total_retrans>0 bytes_acked>75020881
18:38:30.025390 TCPINFO flow>3 window>0.100 samples>2 rtt_avg_us>31369 rtt_min_us>31297 rtt_max_us>31441 cwnd>78 cwnd_min>78 cwnd_max>78 throughput_kbps>0.000 goodput_kbps>4999.480 retrans>0 total_retrans>0 bytes_acked>70019489
18:38:30.025397 TCPINFO flow>2 window>0.100 samples>2 rtt_avg_us>31248 rtt_min_us>31248 rtt_max_us>31248 cwnd>80 cwnd_min>80 cwnd_max>80 throughput_kbps>0.000 goodput_kbps>0.000 retrans>0 total_retrans>0 bytes_acked>75020881
18:38:30.125859 TCPINFO flow>1 window>0.200 samples>3 rtt_avg_us>31893 rtt_min_us>31893 rtt_max_us>31893 cwnd>37 cwnd_min>37 cwnd_max>37 throughput_kbps>0.000 goodput_kbps>0.000 retrans>0 total_retrans>0 bytes_acked>75020881
18:38:30.225392 TCPINFO flow>3 window>0.200 samples>3 rtt_avg_us>31441 rtt_min_us>31441 rtt_max_us>31441 cwnd>78 cwnd_min>78 cwnd_max>78 throughput_kbps>0.000 goodput_kbps>0.000 retrans>0 total_retrans>0 bytes_acked>70019489
18:38:30.225397 TCPINFO flow>2 window>0.200 samples>3 rtt_avg_us>31248 rtt_min_us>31248 rtt_max_us>31248 cwnd>80 cwnd_min>80 cwnd_max>80 throughput_kbps>0.000 goodput_kbps>0.000 retrans>0 total_retrans>0 bytes_acked>75020881
18:38:30.225860 TCPINFO flow>1 window>0.100 samples>2 rtt_avg_us>31893 rtt_min_us>31893 rtt_max_us>31893 cwnd>37 cwnd_min>37 cwnd_max>37 throughput_kbps>0.000 goodput_kbps>0.000 retrans>0 total_retrans>0 bytes_acked>75020881
18:38:30.325397 TCPINFO flow>3 window>0.100 samples>2 rtt_avg_us>31441 rtt_min_us>31441 rtt_max_us>31441 cwnd>78 cwnd_min>78 cwnd_max>78 throughput_kbps>0.000 goodput_kbps>0.000 retrans>0 total_retrans>0 bytes_acked>70019489
18:38:30.325403 TCPINFO flow>2 window>0.100 samples>2 rtt_avg_us>31248 rtt_min_us>31248 rtt_max_us>31248 cwnd>80 cwnd_min>80 cwnd_max>80 throughput_kbps>0.000 goodput_kbps>0.000 retrans>0 total_retrans>0 bytes_acked>75020881
18:38:30.425413 TCPINFO flow>3 window>0.100 samples>2 rtt_avg_us>31441 rtt_min_us>31441 rtt_max_us>31441 cwnd>78 cwnd_min>78 cwnd_max>78 throughput_kbps>0.000 goodput_kbps>0.000 retrans>0 total_retrans>0 bytes_acked>70019489
18:38:30.425422 TCPINFO flow>2 window>0.100 samples>2 rtt_avg_us>31248 rtt_min_us>31248 rtt_max_us>31248 cwnd>80 cwnd_min>80 cwnd_max>80 throughput_kbps>0.000 goodput_kbps>0.000 retrans>0 total_retrans>0 bytes_acked>75020881
18:38:30.425882 TCPINFO flow>1 window>0.200 samples>3 rtt_avg_us>31893 rtt_min_us>31893 rtt_max_us>31893 cwnd>37 cwnd_min>37 cwnd_max>37 throughput_kbps>0.000 goodput_kbps>0.000 retrans>0 total_retrans>0 bytes_acked>75020881
18:38:30.625385 TCPINFO flow>3 window>0.200 samples>3 rtt_avg_us>31441 rtt_min_us>31441 rtt_max_us>31441 cwnd>78 cwnd_min>78 cwnd_max>78 throughput_kbps>0.000 goodput_kbps>0.000 retrans>0 total_retrans>0 bytes_acked>70019489
18:38:30.625391 TCPINFO flow>2 window>0.200 samples>3 rtt_avg_us>31248 rtt_min_us>31248 rtt_max_us>31248 cwnd>80 cwnd_min>80 cwnd_max>80 throughput_kbps>0.000 goodput_kbps>0.000 retrans>0 total_retrans>0 bytes_acked>75020881
18:38:30.625859 TCPINFO flow>1 window>0.200 samples>3 rtt_avg_us>31893 rtt_min_us>31893 rtt_max_us>31893 cwnd>37 cwnd_min>37 cwnd_max>37 throughput_kbps>0.000 goodput_kbps>0.000 retrans>0 total_retrans>0 bytes_acked>75020881
18:38:30.825385 TCPINFO flow>3 window>0.200 samples>3 rtt_avg_us>31441 rtt_min_us>31441 rtt_max_us>31441 cwnd>78 cwnd_min>78 cwnd_max>78 throughput_kbps>0.000 goodput_kbps>0.000 retrans>0 total_retrans>0 bytes_acked>70019489
18:38:30.825392 TCPINFO flow>2 window>0.200 samples>3 rtt_avg_us>31248 rtt_min_us>31248 rtt_max_us>31248 cwnd>80 cwnd_min>80 cwnd_max>80 throughput_kbps>0.000 goodput_kbps>0.000 retrans>0 total_retrans>0 bytes_acked>75020881
18:38:30.825859 TCPINFO flow>1 window>0.200 samples>3 rtt_avg_us>31893 rtt_min_us>31893 rtt_max_us>31893 cwnd>37 cwnd_min>37 cwnd_max>37 throughput_kbps>0.000 goodput_kbps>0.000 retrans>0 total_retrans>0 bytes_acked>75020881
18:38:30.925408 TCPINFO flow>3 window>0.100 samples>2 rtt_avg_us>31441 rtt_min_us>31441 rtt_max_us>31441 cwnd>78 cwnd_min>78 cwnd_max>78 throughput_kbps>0.000 goodput_kbps>0.000 retrans>0 total_retrans>0 bytes_acked>70019489
18:38:30.925417 TCPINFO flow>2 window>0.100 samples>2 rtt_avg_us>31248 rtt_min_us>31248 rtt_max_us>31248 cwnd>80 cwnd_min>80 cwnd_max>80 throughput_kbps>0.000 goodput_kbps>0.000 retrans>0 total_retrans>0 bytes_acked>75020881
18:38:30.925863 TCPINFO flow>1 window>0.100 samples>2 rtt_avg_us>31893 rtt_min_us>31893 rtt_max_us>31893 cwnd>37 cwnd_min>37 cwnd_max>37 throughput_kbps>0.000 goodput_kbps>0.000 retrans>0 total_retrans>0 bytes_acked>75020881
18:38:31.125333 TCPINFO flow>3 window>0.200 samples>3 rtt_avg_us>31441 rtt_min_us>31441 rtt_max_us>31441 cwnd>78 cwnd_min>78 cwnd_max>78 throughput_kbps>53.460 goodput_kbps>0.000 retrans>0 total_retrans>0 bytes_acked>70019489
18:38:31.125369 TCPINFO flow>2 window>0.200 samples>3 rtt_avg_us>31248 rtt_min_us>31248 rtt_max_us>31248 cwnd>80 cwnd_min>80 cwnd_max>80 throughput_kbps>0.000 goodput_kbps>0.000 retrans>0 total_retrans>0 bytes_acked>75020881
18:38:31.125868 TCPINFO flow>1 window>0.200 samples>3 rtt_avg_us>31893 rtt_min_us>31893 rtt_max_us>31893 cwnd>37 cwnd_min>37 cwnd_max>37 throughput_kbps>0.000 goodput_kbps>0.000 retrans>0 total_retrans>0 bytes_acked>75020881
18:38:31.225374 TCPINFO flow>3 window>0.100 samples>376 rtt_avg_us>31361 rtt_min_us>31042 rtt_max_us>31441 cwnd>78 cwnd_min>78 cwnd_max>78 throughput_kbps>26815.885 goodput_kbps>18696.335 retrans>0 total_retrans>0 bytes_acked>70253289
18:38:31.225382 TCPINFO flow>2 window>0.100 samples>2 rtt_avg_us>31248 rtt_min_us>31248 rtt_max_us>31248 cwnd>80 cwnd_min>80 cwnd_max>80 throughput_kbps>0.000 goodput_kbps>0.000 retrans>0 total_retrans>0 bytes_acked>75020881
18:38:31.325853 TCPINFO flow>1 window>0.200 samples>3 rtt_avg_us>31893 rtt_min_us>31893 rtt_max_us>31893 cwnd>37 cwnd_min>37 cwnd_max>37 throughput_kbps>0.000 goodput_kbps>0.000 retrans>0 total_retrans>0 bytes_acked>75020881
18:38:31.339798 TCPINFO flow>3 window>0.114 samples>174 rtt_avg_us>31267 rtt_min_us>31106 rtt_max_us>31620 cwnd>75 cwnd_min>75 cwnd_max>78 throughput_kbps>24472.628 goodput_kbps>24846.256 retrans>0 total_retrans>0 bytes_acked>70608665
18:38:31.425368 TCPINFO flow>2 window>0.200 samples>3 rtt_avg_us>31248 rtt_min_us>31248 rtt_max_us>31248 cwnd>80 cwnd_min>80 cwnd_max>80 throughput_kbps>0.000 goodput_kbps>0.000 retrans>0 total_retrans>0 bytes_acked>75020881
18:38:31.461764 TCPINFO flow>3 window>0.122 samples>265 rtt_avg_us>31299 rtt_min_us>31138 rtt_max_us>31620 cwnd>77 cwnd_min>75 cwnd_max>77 throughput_kbps>25675.877 goodput_kbps>25412.984 retrans>0 total_retrans>0 bytes_acked>70996105
18:38:31.525369 TCPINFO flow>2 window>0.100 samples>2 rtt_avg_us>31248 rtt_min_us>31248 rtt_max_us>31248 cwnd>80 cwnd_min>80 cwnd_max>80 throughput_kbps>0.000 goodput_kbps>0.000 retrans>0 total_retrans>0 bytes_acked>75020881
18:38:31.525848 TCPINFO flow>1 window>0.200 samples>3 rtt_avg_us>31893 rtt_min_us>31893 rtt_max_us>31893 cwnd>37 cwnd_min>37 cwnd_max>37 throughput_kbps>0.000 goodput_kbps>0.000 retrans>0 total_retrans>0 bytes_acked>75020881
18:38:31.578677 TCPINFO flow>3 window>0.117 samples>266 rtt_avg_us>31289 rtt_min_us>31200 rtt_max_us>31359 cwnd>77 cwnd_min>77 cwnd_max>79 throughput_kbps>26054.245 goodput_kbps>26237.082 retrans>0 total_retrans>0 bytes_acked>71379537
18:38:31.625853 TCPINFO flow>1 window>0.100 samples>2 rtt_avg_us>31893 rtt_min_us>31893 rtt_max_us>31893 cwnd>37 cwnd_min>37 cwnd_max>37 throughput_kbps>0.000 goodput_kbps>0.000 retrans>0 total_retrans>0 bytes_acked>75020881
18:38:31.697014 TCPINFO flow>3 window>0.118 samples>266 rtt_avg_us>31314 rtt_min_us>31257 rtt_max_us>31442 cwnd>81 cwnd_min>77 cwnd_max>81 throughput_kbps>26734.225 goodput_kbps>26282.633 retrans>0 total_retrans>0 bytes_acked>71768313
18:38:31.725369 TCPINFO flow>2 window>0.200 samples>3 rtt_avg_us>31248 rtt_min_us>31248 rtt_max_us>31248 cwnd>80 cwnd_min>80 cwnd_max>80 throughput_kbps>0.000 goodput_kbps>0.000 retrans>0 total_retrans>0 bytes_acked>75020881
18:38:31.725855 TCPINFO flow>1 window>0.100 samples>2 rtt_avg_us>31893 rtt_min_us>31893 rtt_max_us>31893 cwnd>37 cwnd_min>37 cwnd_max>37 throughput_kbps>0.000 goodput_kbps>0.000 retrans>0 total_retrans>0 bytes_acked>75020881
18:38:31.807123 TCPINFO flow>3 window>0.110 samples>266 rtt_avg_us>31364 rtt_min_us>31309 rtt_max_us>31464 cwnd>83 cwnd_min>81 cwnd_max>83 throughput_kbps>27470.089 goodput_kbps>27761.291 retrans>0 total_retrans>0 bytes_acked>72150409
18:38:31.825396 TCPINFO flow>2 window>0.100 samples>2 rtt_avg_us>31248 rtt_min_us>31248 rtt_max_us>31248 cwnd>80 cwnd_min>80 cwnd_max>80 throughput_kbps>0.000 goodput_kbps>0.000 retrans>0 total_retrans>0 bytes_acked>75020881
18:38:31.825866 TCPINFO flow>1 window>0.100 samples>2 rtt_avg_us>31893 rtt_min_us>31893 rtt_max_us>31893 cwnd>37 cwnd_min>37 cwnd_max>37 throughput_kbps>0.000 goodput_kbps>0.000 retrans>0 total_retrans>0 bytes_acked>75020881
18:38:31.925411 TCPINFO flow>3 window>0.118 samples>118 rtt_avg_us>31333 rtt_min_us>31266 rtt_max_us>31395 cwnd>86 cwnd_min>83 cwnd_max>86 throughput_kbps>18141.485 goodput_kbps>25008.522 retrans>0 total_retrans>0 bytes_acked>72520185
18:38:31.925420 TCPINFO flow>2 window>0.100 samples>2 rtt_avg_us>31248 rtt_min_us>31248 rtt_max_us>31248 cwnd>80 cwnd_min>80 cwnd_max>80 throughput_kbps>0.000 goodput_kbps>0.000 retrans>0 total_retrans>0 bytes_acked>75020881
18:38:32.025865 TCPINFO flow>1 window>0.200 samples>3 rtt_avg_us>31893 rtt_min_us>31893 rtt_max_us>31893 cwnd>37 cwnd_min>37 cwnd_max>37 throughput_kbps>0.000 goodput_kbps>0.000 retrans>0 total_retrans>0 bytes_acked>75020881
18:38:32.125382 TCPINFO flow>3 window>0.200 samples>3 rtt_avg_us>31268 rtt_min_us>31268 rtt_max_us>31268 cwnd>86 cwnd_min>86 cwnd_max>86 throughput_kbps>0.000 goodput_kbps>0.000 retrans>0 total_retrans>0 bytes_acked>72520185
18:38:32.125389 TCPINFO flow>2 window>0.200 samples>3 rtt_avg_us>31248 rtt_min_us>31248 rtt_max_us>31248 cwnd>80 cwnd_min>80 cwnd_max>80 throughput_kbps>0.000 goodput_kbps>0.000 retrans>0 total_retrans>0 bytes_acked>75020881
18:38:32.225396 TCPINFO flow>3 window>0.100 samples>2 rtt_avg_us>31268 rtt_min_us>31268 rtt_max_us>31268 cwnd>86 cwnd_min>86 cwnd_max>86 throughput_kbps>0.000 goodput_kbps>0.000 retrans>0 total_retrans>0 bytes_acked>72520185
18:38:32.225402 TCPINFO flow>2 window>0.100 samples>2 rtt_avg_us>31248 rtt_min_us>31248 rtt_max_us>31248 cwnd>80 cwnd_min>80 cwnd_max>80 throughput_kbps>0.000 goodput_kbps>0.000 retrans>0 total_retrans>0 bytes_acked>75020881
18:38:32.225861 TCPINFO flow>1 window>0.200 samples>3 rtt_avg_us>31893 rtt_min_us>31893 rtt_max_us>31893 cwnd>37 cwnd_min>37 cwnd_max>37 throughput_kbps>0.000 goodput_kbps>0.000 retrans>0 total_retrans>0 bytes_acked>75020881
18:38:32.425401 TCPINFO flow>3 window>0.200 samples>3 rtt_avg_us>31268 rtt_min_us>31268 rtt_max_us>31268 cwnd>86 cwnd_min>86 cwnd_max>86 throughput_kbps>0.000 goodput_kbps>0.000 retrans>0 total_retrans>0 bytes_acked>72520185
18:38:32.425409 TCPINFO flow>2 window>0.200 samples>3 rtt_avg_us>31248 rtt_min_us>31248 rtt_max_us>31248 cwnd>80 cwnd_min>80 cwnd_max>80 throughput_kbps>0.000 goodput_kbps>0.000 retrans>0 total_retrans>0 bytes_acked>75020881
18:38:32.425871 TCPINFO flow>1 window>0.200 samples>3 rtt_avg_us>31893 rtt_min_us>31893 rtt_max_us>31893 cwnd>37 cwnd_min>37 cwnd_max>37 throughput_kbps>0.000 goodput_kbps>0.000 retrans>0 total_retrans>0 bytes_acked>75020881
18:38:32.525407 TCPINFO flow>3 window>0.100 samples>2 rtt_avg_us>31268 rtt_min_us>31268 rtt_max_us>31268 cwnd>86 cwnd_min>86 cwnd_max>86 throughput_kbps>0.000 goodput_kbps>0.000 retrans>0 total_retrans>0 bytes_acked>72520185
18:38:32.525414 TCPINFO flow>2 window>0.100 samples>2 rtt_avg_us>31248 rtt_min_us>31248 rtt_max_us>31248 cwnd>80 cwnd_min>80 cwnd_max>80 throughput_kbps>0.000 goodput_kbps>0.000 retrans>0 total_retrans>0 bytes_acked>75020881
18:38:32.625860 TCPINFO flow>1 window>0.200 samples>3 rtt_avg_us>31893 rtt_min_us>31893 rtt_max_us>31893 cwnd>37 cwnd_min>37 cwnd_max>37 throughput_kbps>0.000 goodput_kbps>0.000 retrans>0 total_retrans>0 bytes_acked>75020881
18:38:32.725406 TCPINFO flow>3 window>0.200 samples>3 rtt_avg_us>31268 rtt_min_us>31268 rtt_max_us>31268 cwnd>86 cwnd_min>86 cwnd_max>86 throughput_kbps>0.000 goodput_kbps>0.000 retrans>0 total_retrans>0 bytes_acked>72520185
18:38:32.725414 TCPINFO flow>2 window>0.200 samples>3 rtt_avg_us>31248 rtt_min_us>31248 rtt_max_us>31248 cwnd>80 cwnd_min>80 cwnd_max>80 throughput_kbps>0.000 goodput_kbps>0.000 retrans>0 total_retrans>0 bytes_acked>75020881
18:38:32.725870 TCPINFO flow>1 window>0.100 samples>2 rtt_avg_us>31893 rtt_min_us>31893 rtt_max_us>31893 cwnd>37 cwnd_min>37 cwnd_max>37 throughput_kbps>0.000 goodput_kbps>0.000 retrans>0 total_retrans>0 bytes_acked>75020881
18:38:32.825907 TCPINFO flow>1 window>0.100 samples>2 rtt_avg_us>31893 rtt_min_us>31893 rtt_max_us>31893 cwnd>37 cwnd_min>37 cwnd_max>37 throughput_kbps>0.000 goodput_kbps>0.000 retrans>0 total_retrans>0 bytes_acked>75020881
18:38:32.925398 TCPINFO flow>3 window>0.200 samples>3 rtt_avg_us>31268 rtt_min_us>31268 rtt_max_us>31268 cwnd>86 cwnd_min>86 cwnd_max>86 throughput_kbps>0.000 goodput_kbps>0.000 retrans>0 total_retrans>0 bytes_acked>72520185
18:38:32.925404 TCPINFO flow>2 window>0.200 samples>3 rtt_avg_us>31248 rtt_min_us>31248 rtt_max_us>31248 cwnd>80 cwnd_min>80 cwnd_max>80 throughput_kbps>0.000 goodput_kbps>0.000 retrans>0 total_retrans>0 bytes_acked>75020881
18:38:33.025398 TCPINFO flow>3 window>0.100 samples>2 rtt_avg_us>31268 rtt_min_us>31268 rtt_max_us>31268 cwnd>86 cwnd_min>86 cwnd_max>86 throughput_kbps>0.000 goodput_kbps>0.000 retrans>0 total_retrans>0 bytes_acked>72520185
18:38:33.025406 TCPINFO flow>2 window>0.100 samples>2 rtt_avg_us>31248 rtt_min_us>31248 rtt_max_us>31248 cwnd>80 cwnd_min>80 cwnd_max>80 throughput_kbps>0.000 goodput_kbps>0.000 retrans>0 total_retrans>0 bytes_acked>75020881
18:38:33.025867 TCPINFO flow>1 window>0.200 samples>3 rtt_avg_us>31893 rtt_min_us>31893 rtt_max_us>31893 cwnd>37 cwnd_min>37 cwnd_max>37 throughput_kbps>0.000 goodput_kbps>0.000 retrans>0 total_retrans>0 bytes_acked>75020881
18:38:33.125488 TCPINFO flow>3 window>0.100 samples>5 rtt_avg_us>31268 rtt_min_us>31268 rtt_max_us>31268 cwnd>86 cwnd_min>86 cwnd_max>86 throughput_kbps>213.568 goodput_kbps>0.000 retrans>0 total_retrans>0 bytes_acked>72520185
18:38:33.225374 TCPINFO flow>2 window>0.200 samples>3 rtt_avg_us>31248 rtt_min_us>31248 rtt_max_us>31248 cwnd>80 cwnd_min>80 cwnd_max>80 throughput_kbps>0.000 goodput_kbps>0.000 retrans>0 total_retrans>0 bytes_acked>75020881
18:38:33.225858 TCPINFO flow>1 window>0.200 samples>3 rtt_avg_us>31893 rtt_min_us>31893 rtt_max_us>31893 cwnd>37 cwnd_min>37 cwnd_max>37 throughput_kbps>0.000 goodput_kbps>0.000 retrans>0 total_retrans>0 bytes_acked>75020881
18:38:33.246531 TCPINFO flow>3 window>0.121 samples>370 rtt_avg_us>31249 rtt_min_us>31141 rtt_max_us>31624 cwnd>86 cwnd_min>86 cwnd_max>87 throughput_kbps>29050.437 goodput_kbps>22427.997 retrans>0 total_retrans>0 bytes_acked>72859529
18:38:33.356980 TCPINFO flow>3 window>0.110 samples>266 rtt_avg_us>31277 rtt_min_us>31135 rtt_max_us>31767 cwnd>85 cwnd_min>85 cwnd_max>86 throughput_kbps>28643.519 goodput_kbps>28159.676 retrans>0 total_retrans>0 bytes_acked>73248305
18:38:33.425375 TCPINFO flow>2 window>0.200 samples>3 rtt_avg_us>31248 rtt_min_us>31248 rtt_max_us>31248 cwnd>80 cwnd_min>80 cwnd_max>80 throughput_kbps>0.000 goodput_kbps>0.000 retrans>0 total_retrans>0 bytes_acked>75020881
18:38:33.425857 TCPINFO flow>1 window>0.200 samples>3 rtt_avg_us>31893 rtt_min_us>31893 rtt_max_us>31893 cwnd>37 cwnd_min>37 cwnd_max>37 throughput_kbps>0.000 goodput_kbps>0.000 retrans>0 total_retrans>0 bytes_acked>75020881
18:38:33.464091 TCPINFO flow>3 window>0.107 samples>266 rtt_avg_us>31202 rtt_min_us>31125 rtt_max_us>31304 cwnd>81 cwnd_min>81 cwnd_max>85 throughput_kbps>28139.183 goodput_kbps>28538.320 retrans>0 total_retrans>0 bytes_acked>73630401
18:38:33.525378 TCPINFO flow>2 window>0.100 samples>2 rtt_avg_us>31248 rtt_min_us>31248 rtt_max_us>31248 cwnd>80 cwnd_min>80 cwnd_max>80 throughput_kbps>0.000 goodput_kbps>0.000 retrans>0 total_retrans>0 bytes_acked>75020881
18:38:33.577985 TCPINFO flow>3 window>0.114 samples>266 rtt_avg_us>31216 rtt_min_us>31104 rtt_max_us>31523 cwnd>77 cwnd_min>77 cwnd_max>82 throughput_kbps>26744.868 goodput_kbps>26932.551 retrans>0 total_retrans>0 bytes_acked>74013833
18:38:33.625855 TCPINFO flow>1 window>0.200 samples>3 rtt_avg_us>31893 rtt_min_us>31893 rtt_max_us>31893 cwnd>37 cwnd_min>37 cwnd_max>37 throughput_kbps>0.000 goodput_kbps>0.000 retrans>0 total_retrans>0 bytes_acked>75020881
18:38:33.697824 TCPINFO flow>3 window>0.120 samples>265 rtt_avg_us>31337 rtt_min_us>31201 rtt_max_us>31523 cwnd>79 cwnd_min>77 cwnd_max>79 throughput_kbps>25596.475 goodput_kbps>25596.475 retrans>0 total_retrans>0 bytes_acked>74397265
18:38:33.725370 TCPINFO flow>2 window>0.200 samples>3 rtt_avg_us>31248 rtt_min_us>31248 rtt_max_us>31248 cwnd>80 cwnd_min>80 cwnd_max>80 throughput_kbps>0.000 goodput_kbps>0.000 retrans>0 total_retrans>0 bytes_acked>75020881
18:38:33.813977 TCPINFO flow>3 window>0.116 samples>266 rtt_avg_us>31310 rtt_min_us>31201 rtt_max_us>31381 cwnd>83 cwnd_min>79 cwnd_max>83 throughput_kbps>27236.903 goodput_kbps>26868.837 retrans>0 total_retrans>0 bytes_acked>74787377
18:38:33.825381 TCPINFO flow>2 window>0.100 samples>2 rtt_avg_us>31248 rtt_min_us>31248 rtt_max_us>31248 cwnd>80 cwnd_min>80 cwnd_max>80 throughput_kbps>0.000 goodput_kbps>0.000 retrans>0 total_retrans>0 bytes_acked>75020881
18:38:33.825856 TCPINFO flow>1 window>0.200 samples>3 rtt_avg_us>31893 rtt_min_us>31893 rtt_max_us>31893 cwnd>37 cwnd_min>37 cwnd_max>37 throughput_kbps>0.000 goodput_kbps>0.000 retrans>0 total_retrans>0 bytes_acked>75020881
18:38:33.925387 TCPINFO flow>3 window>0.111 samples>28 rtt_avg_us>31325 rtt_min_us>31303 rtt_max_us>31338 cwnd>85 cwnd_min>83 cwnd_max>85 throughput_kbps>9092.469 goodput_kbps>16767.184 retrans>0 total_retrans>0 bytes_acked>75020881
18:38:33.925425 TCPINFO flow>2 window>0.100 samples>2 rtt_avg_us>31248 rtt_min_us>31248 rtt_max_us>31248 cwnd>80 cwnd_min>80 cwnd_max>80 throughput_kbps>0.000 goodput_kbps>0.000 retrans>0 total_retrans>0 bytes_acked>75020881
18:38:33.925861 TCPINFO flow>1 window>0.100 samples>2 rtt_avg_us>31893 rtt_min_us>31893 rtt_max_us>31893 cwnd>37 cwnd_min>37 cwnd_max>37 throughput_kbps>0.000 goodput_kbps>0.000 retrans>0 total_retrans>0 bytes_acked>75020881
18:38:34.025392 TCPINFO flow>3 window>0.100 samples>2 rtt_avg_us>31336 rtt_min_us>31336 rtt_max_us>31336 cwnd>85 cwnd_min>85 cwnd_max>85 throughput_kbps>0.000 goodput_kbps>0.000 retrans>0 total_retrans>0 bytes_acked>75020881
18:38:34.025861 TCPINFO flow>1 window>0.100 samples>2 rtt_avg_us>31893 rtt_min_us>31893 rtt_max_us>31893 cwnd>37 cwnd_min>37 cwnd_max>37 throughput_kbps>0.000 goodput_kbps>0.000 retrans>0 total_retrans>0 bytes_acked>75020881
18:38:34.125400 TCPINFO flow>3 window>0.100 samples>2 rtt_avg_us>31336 rtt_min_us>31336 rtt_max_us>31336 cwnd>85 cwnd_min>85 cwnd_max>85 throughput_kbps>0.000 goodput_kbps>0.000 retrans>0 total_retrans>0 bytes_acked>75020881
18:38:34.125405 TCPINFO flow>2 window>0.200 samples>3 rtt_avg_us>31248 rtt_min_us>31248 rtt_max_us>31248 cwnd>80 cwnd_min>80 cwnd_max>80 throughput_kbps>0.000 goodput_kbps>0.000 retrans>0 total_retrans>0 bytes_acked>75020881
18:38:34.225862 TCPINFO flow>1 window>0.200 samples>3 rtt_avg_us>31893 rtt_min_us>31893 rtt_max_us>31893 cwnd>37 cwnd_min>37 cwnd_max>37 throughput_kbps>0.000 goodput_kbps>0.000 retrans>0 total_retrans>0 bytes_acked>75020881
18:38:34.325401 TCPINFO flow>3 window>0.200 samples>3 rtt_avg_us>31336 rtt_min_us>31336 rtt_max_us>31336 cwnd>85 cwnd_min>85 cwnd_max>85 throughput_kbps>0.000 goodput_kbps>0.000 retrans>0 total_retrans>0 bytes_acked>75020881
18:38:34.325409 TCPINFO flow>2 window>0.200 samples>3 rtt_avg_us>31248 rtt_min_us>31248 rtt_max_us>31248 cwnd>80 cwnd_min>80 cwnd_max>80 throughput_kbps>0.000 goodput_kbps>0.000 retrans>0 total_retrans>0 bytes_acked>75020881
18:38:34.325869 TCPINFO flow>1 window>0.100 samples>2 rtt_avg_us>31893 rtt_min_us>31893 rtt_max_us>31893 cwnd>37 cwnd_min>37 cwnd_max>37 throughput_kbps>0.000 goodput_kbps>0.000 retrans>0 total_retrans>0 bytes_acked>75020881
18:38:34.425403 TCPINFO flow>3 window>0.100 samples>2 rtt_avg_us>31336 rtt_min_us>31336 rtt_max_us>31336 cwnd>85 cwnd_min>85 cwnd_max>85 throughput_kbps>0.000 goodput_kbps>0.000 retrans>0 total_retrans>0 bytes_acked>75020881
18:38:34.525405 TCPINFO flow>3 window>0.100 samples>2 rtt_avg_us>31336 rtt_min_us>31336 rtt_max_us>31336 cwnd>85 cwnd_min>85 cwnd_max>85 throughput_kbps>0.000 goodput_kbps>0.000 retrans>0 total_retrans>0 bytes_acked>75020881
18:38:34.525412 TCPINFO flow>2 window>0.200 samples>3 rtt_avg_us>31248 rtt_min_us>31248 rtt_max_us>31248 cwnd>80 cwnd_min>80 cwnd_max>80 throughput_kbps>0.000 goodput_kbps>0.000 retrans>0 total_retrans>0 bytes_acked>75020881
18:38:34.525869 TCPINFO flow>1 window>0.200 samples>3 rtt_avg_us>31893 rtt_min_us>31893 rtt_max_us>31893 cwnd>37 cwnd_min>37 cwnd_max>37 throughput_kbps>0.000 goodput_kbps>0.000 retrans>0 total_retrans>0 bytes_acked>75020881
18:38:34.725410 TCPINFO flow>3 window>0.200 samples>3 rtt_avg_us>31336 rtt_min_us>31336 rtt_max_us>31336 cwnd>85 cwnd_min>85 cwnd_max>85 throughput_kbps>0.000 goodput_kbps>0.000 retrans>0 total_retrans>0 bytes_acked>75020881
18:38:34.725421 TCPINFO flow>2 window>0.200 samples>3 rtt_avg_us>31248 rtt_min_us>31248 rtt_max_us>31248 cwnd>80 cwnd_min>80 cwnd_max>80 throughput_kbps>0.000 goodput_kbps>0.000 retrans>0 total_retrans>0 bytes_acked>75020881
18:38:34.725865 TCPINFO flow>1 window>0.200 samples>3 rtt_avg_us>31893 rtt_min_us>31893 rtt_max_us>31893 cwnd>37 cwnd_min>37 cwnd_max>37 throughput_kbps>0.000 goodput_kbps>0.000 retrans>0 total_retrans>0 bytes_acked>75020881
18:38:34.825427 TCPINFO flow>3 window>0.100 samples>2 rtt_avg_us>31336 rtt_min_us>31336 rtt_max_us>31336 cwnd>85 cwnd_min>85 cwnd_max>85 throughput_kbps>0.000 goodput_kbps>0.000 retrans>0 total_retrans>0 bytes_acked>75020881
18:38:34.825485 TCPINFO flow>2 window>0.100 samples>2 rtt_avg_us>31248 rtt_min_us>31248 rtt_max_us>31248 cwnd>80 cwnd_min>80 cwnd_max>80 throughput_kbps>0.000 goodput_kbps>0.000 retrans>0 total_retrans>0 bytes_acked>75020881
18:38:34.925865 TCPINFO flow>1 window>0.200 samples>3 rtt_avg_us>31893 rtt_min_us>31893 rtt_max_us>31893 cwnd>37 cwnd_min>37 cwnd_max>37 throughput_kbps>0.000 goodput_kbps>0.000 retrans>0 total_retrans>0 bytes_acked>75020881
18:38:35.025397 TCPINFO flow>3 window>0.200 samples>3 rtt_avg_us>31336 rtt_min_us>31336 rtt_max_us>31336 cwnd>85 cwnd_min>85 cwnd_max>85 throughput_kbps>0.000 goodput_kbps>0.000 retrans>0 total_retrans>0 bytes_acked>75020881
18:38:35.025406 TCPINFO flow>2 window>0.200 samples>3 rtt_avg_us>31248 rtt_min_us>31248 rtt_max_us>31248 cwnd>80 cwnd_min>80 cwnd_max>80 throughput_kbps>0.000 goodput_kbps>0.000 retrans>0 total_retrans>0 bytes_acked>75020881
18:38:35.125868 TCPINFO flow>1 window>0.200 samples>3 rtt_avg_us>31893 rtt_min_us>31893 rtt_max_us>31893 cwnd>37 cwnd_min>37 cwnd_max>37 throughput_kbps>0.000 goodput_kbps>0.000 retrans>0 total_retrans>0 bytes_acked>75020881
18:38:35.225404 TCPINFO flow>3 window>0.200 samples>3 rtt_avg_us>31336 rtt_min_us>31336 rtt_max_us>31336 cwnd>85 cwnd_min>85 cwnd_max>85 throughput_kbps>0.000 goodput_kbps>0.000 retrans>0 total_retrans>0 bytes_acked>75020881
18:38:35.225411 TCPINFO flow>2 window>0.200 samples>3 rtt_avg_us>31248 rtt_min_us>31248 rtt_max_us>31248 cwnd>80 cwnd_min>80 cwnd_max>80 throughput_kbps>0.000 goodput_kbps>0.000 retrans>0 total_retrans>0 bytes_acked>75020881
18:38:35.325406 TCPINFO flow>3 window>0.100 samples>2 rtt_avg_us>31336 rtt_min_us>31336 rtt_max_us>31336 cwnd>85 cwnd_min>85 cwnd_max>85 throughput_kbps>0.000 goodput_kbps>0.000 retrans>0 total_retrans>0 bytes_acked>75020881
18:38:35.325414 TCPINFO flow>2 window>0.100 samples>2 rtt_avg_us>31248 rtt_min_us>31248 rtt_max_us>31248 cwnd>80 cwnd_min>80 cwnd_max>80 throughput_kbps>0.000 goodput_kbps>0.000 retrans>0 total_retrans>0 bytes_acked>75020881
18:38:35.325867 TCPINFO flow>1 window>0.200 samples>3 rtt_avg_us>31893 rtt_min_us>31893 rtt_max_us>31893 cwnd>37 cwnd_min>37 cwnd_max>37 throughput_kbps>0.000 goodput_kbps>0.000 retrans>0 total_retrans>0 bytes_acked>75020881
18:38:35.525406 TCPINFO flow>3 window>0.200 samples>3 rtt_avg_us>31336 rtt_min_us>31336 rtt_max_us>31336 cwnd>85 cwnd_min>85 cwnd_max>85 throughput_kbps>0.000 goodput_kbps>0.000 retrans>0 total_retrans>0 bytes_acked>75020881
18:38:35.525415 TCPINFO flow>2 window>0.200 samples>3 rtt_avg_us>31248 rtt_min_us>31248 rtt_max_us>31248 cwnd>80 cwnd_min>80 cwnd_max>80 throughput_kbps>0.000 goodput_kbps>0.000 retrans>0 total_retrans>0 bytes_acked>75020881
18:38:35.525866 TCPINFO flow>1 window>0.200 samples>3 rtt_avg_us>31893 rtt_min_us>31893 rtt_max_us>31893 cwnd>37 cwnd_min>37 cwnd_max>37 throughput_kbps>0.000 goodput_kbps>0.000 retrans>0 total_retrans>0 bytes_acked>75020881
18:38:35.725397 TCPINFO flow>3 window>0.200 samples>3 rtt_avg_us>31336 rtt_min_us>31336 rtt_max_us>31336 cwnd>85 cwnd_min>85 cwnd_max>85 throughput_kbps>0.000 goodput_kbps>0.000 retrans>0 total_retrans>0 bytes_acked>75020881
18:38:35.725406 TCPINFO flow>2 window>0.200 samples>3 rtt_avg_us>31248 rtt_min_us>31248 rtt_max_us>31248 cwnd>80 cwnd_min>80 cwnd_max>80 throughput_kbps>0.000 goodput_kbps>0.000 retrans>0 total_retrans>0 bytes_acked>75020881
18:38:35.725861 TCPINFO flow>1 window>0.200 samples>3 rtt_avg_us>31893 rtt_min_us>31893 rtt_max_us>31893 cwnd>37 cwnd_min>37 cwnd_max>37 throughput_kbps>0.000 goodput_kbps>0.000 retrans>0 total_retrans>0 bytes_acked>75020881
18:38:35.825862 TCPINFO flow>1 window>0.100 samples>2 rtt_avg_us>31893 rtt_min_us>31893 rtt_max_us>31893 cwnd>37 cwnd_min>37 cwnd_max>37 throughput_kbps>0.000 goodput_kbps>0.000 retrans>0 total_retrans>0 bytes_acked>75020881
18:38:35.925388 TCPINFO flow>3 window>0.200 samples>3 rtt_avg_us>31336 rtt_min_us>31336 rtt_max_us>31336 cwnd>85 cwnd_min>85 cwnd_max>85 throughput_kbps>0.000 goodput_kbps>0.000 retrans>0 total_retrans>0 bytes_acked>75020881
18:38:35.925431 TCPINFO flow>2 window>0.200 samples>3 rtt_avg_us>31248 rtt_min_us>31248 rtt_max_us>31248 cwnd>80 cwnd_min>80 cwnd_max>80 throughput_kbps>0.000 goodput_kbps>0.000 retrans>0 total_retrans>0 bytes_acked>75020881
18:38:35.925864 TCPINFO flow>1 window>0.100 samples>2 rtt_avg_us>31893 rtt_min_us>31893 rtt_max_us>31893 cwnd>37 cwnd_min>37 cwnd_max>37 throughput_kbps>0.000 goodput_kbps>0.000 retrans>0 total_retrans>0 bytes_acked>75020881
18:38:36.025406 TCPINFO flow>3 window>0.100 samples>2 rtt_avg_us>31336 rtt_min_us>31336 rtt_max_us>31336 cwnd>85 cwnd_min>85 cwnd_max>85 throughput_kbps>0.000 goodput_kbps>0.000 retrans>0 total_retrans>0 bytes_acked>75020881
18:38:36.025876 TCPINFO flow>1 window>0.100 samples>2 rtt_avg_us>31893 rtt_min_us>31893 rtt_max_us>31893 cwnd>37 cwnd_min>37 cwnd_max>37 throughput_kbps>0.000 goodput_kbps>0.000 retrans>0 total_retrans>0 bytes_acked>75020881
18:38:36.125381 TCPINFO flow>2 window>0.200 samples>3 rtt_avg_us>31248 rtt_min_us>31248 rtt_max_us>31248 cwnd>80 cwnd_min>80 cwnd_max>80 throughput_kbps>0.000 goodput_kbps>0.000 retrans>0 total_retrans>0 bytes_acked>75020881
18:38:36.225406 TCPINFO flow>3 window>0.200 samples>3 rtt_avg_us>31336 rtt_min_us>31336 rtt_max_us>31336 cwnd>85 cwnd_min>85 cwnd_max>85 throughput_kbps>0.000 goodput_kbps>0.000 retrans>0 total_retrans>0 bytes_acked>75020881
18:38:36.225414 TCPINFO flow>2 window>0.100 samples>2 rtt_avg_us>31248 rtt_min_us>31248 rtt_max_us>31248 cwnd>80 cwnd_min>80 cwnd_max>80 throughput_kbps>0.000 goodput_kbps>0.000 retrans>0 total_retrans>0 bytes_acked>75020881
18:38:36.225863 TCPINFO flow>1 window>0.200 samples>3 rtt_avg_us>31893 rtt_min_us>31893 rtt_max_us>31893 cwnd>37 cwnd_min>37 cwnd_max>37 throughput_kbps>0.000 goodput_kbps>0.000 retrans>0 total_retrans>0 bytes_acked>75020881
18:38:36.425404 TCPINFO flow>3 window>0.200 samples>3 rtt_avg_us>31336 rtt_min_us>31336 rtt_max_us>31336 cwnd>85 cwnd_min>85 cwnd_max>85 throughput_kbps>0.000 goodput_kbps>0.000 retrans>0 total_retrans>0 bytes_acked>75020881
18:38:36.425415 TCPINFO flow>2 window>0.200 samples>3 rtt_avg_us>31248 rtt_min_us>31248 rtt_max_us>31248 cwnd>80 cwnd_min>80 cwnd_max>80 throughput_kbps>0.000 goodput_kbps>0.000 retrans>0 total_retrans>0 bytes_acked>75020881
18:38:36.425877 TCPINFO flow>1 window>0.200 samples>3 rtt_avg_us>31893 rtt_min_us>31893 rtt_max_us>31893 cwnd>37 cwnd_min>37 cwnd_max>37 throughput_kbps>0.000 goodput_kbps>0.000 retrans>0 total_retrans>0 bytes_acked>75020881
18:38:36.625417 TCPINFO flow>3 window>0.200 samples>3 rtt_avg_us>31336 rtt_min_us>31336 rtt_max_us>31336 cwnd>85 cwnd_min>85 cwnd_max>85 throughput_kbps>0.000 goodput_kbps>0.000 retrans>0 total_retrans>0 bytes_acked>75020881
18:38:36.625431 TCPINFO flow>2 window>0.200 samples>3 rtt_avg_us>31248 rtt_min_us>31248 rtt_max_us>31248 cwnd>80 cwnd_min>80 cwnd_max>80 throughput_kbps>0.000 goodput_kbps>0.000 retrans>0 total_retrans>0 bytes_acked>75020881
18:38:36.625865 TCPINFO flow>1 window>0.200 samples>3 rtt_avg_us>31893 rtt_min_us>31893 rtt_max_us>31893 cwnd>37 cwnd_min>37 cwnd_max>37 throughput_kbps>0.000 goodput_kbps>0.000 retrans>0 total_retrans>0 bytes_acked>75020881
18:38:36.725872 TCPINFO flow>1 window>0.100 samples>2 rtt_avg_us>31893 rtt_min_us>31893 rtt_max_us>31893 cwnd>37 cwnd_min>37 cwnd_max>37 throughput_kbps>0.000 goodput_kbps>0.000 retrans>0 total_retrans>0 bytes_acked>75020881
18:38:36.825405 TCPINFO flow>3 window>0.200 samples>3 rtt_avg_us>31336 rtt_min_us>31336 rtt_max_us>31336 cwnd>85 cwnd_min>85 cwnd_max>85 throughput_kbps>0.000 goodput_kbps>0.000 retrans>0 total_retrans>0 bytes_acked>75020881
18:38:36.825412 TCPINFO flow>2 window>0.200 samples>3 rtt_avg_us>31248 rtt_min_us>31248 rtt_max_us>31248 cwnd>80 cwnd_min>80 cwnd_max>80 throughput_kbps>0.000 goodput_kbps>0.000 retrans>0 total_retrans>0 bytes_acked>75020881
18:38:36.925872 TCPINFO flow>1 window>0.200 samples>3 rtt_avg_us>31893 rtt_min_us>31893 rtt_max_us>31893 cwnd>37 cwnd_min>37 cwnd_max>37 throughput_kbps>0.000 goodput_kbps>0.000 retrans>0 total_retrans>0 bytes_acked>75020881
18:38:37.025411 TCPINFO flow>3 window>0.200 samples>3 rtt_avg_us>31336 rtt_min_us>31336 rtt_max_us>31336 cwnd>85 cwnd_min>85 cwnd_max>85 throughput_kbps>0.000 goodput_kbps>0.000 retrans>0 total_retrans>0 bytes_acked>75020881
18:38:37.025419 TCPINFO flow>2 window>0.200 samples>3 rtt_avg_us>31248 rtt_min_us>31248 rtt_max_us>31248 cwnd>80 cwnd_min>80 cwnd_max>80 throughput_kbps>0.000 goodput_kbps>0.000 retrans>0 total_retrans>0 bytes_acked>75020881
18:38:37.025872 TCPINFO flow>1 window>0.100 samples>2 rtt_avg_us>31893 rtt_min_us>31893 rtt_max_us>31893 cwnd>37 cwnd_min>37 cwnd_max>37 throughput_kbps>0.000 goodput_kbps>0.000 retrans>0 total_retrans>0 bytes_acked>75020881
18:38:37.225411 TCPINFO flow>3 window>0.200 samples>3 rtt_avg_us>31336 rtt_min_us>31336 rtt_max_us>31336 cwnd>85 cwnd_min>85 cwnd_max>85 throughput_kbps>0.000 goodput_kbps>0.000 retrans>0 total_retrans>0 bytes_acked>75020881
18:38:37.225422 TCPINFO flow>2 window>0.200 samples>3 rtt_avg_us>31248 rtt_min_us>31248 rtt_max_us>31248 cwnd>80 cwnd_min>80 cwnd_max>80 throughput_kbps>0.000 goodput_kbps>0.000 retrans>0 total_retrans>0 bytes_acked>75020881
18:38:37.225868 TCPINFO flow>1 window>0.200 samples>3 rtt_avg_us>31893 rtt_min_us>31893 rtt_max_us>31893 cwnd>37 cwnd_min>37 cwnd_max>37 throughput_kbps>0.000 goodput_kbps>0.000 retrans>0 total_retrans>0 bytes_acked>75020881
18:38:37.425409 TCPINFO flow>3 window>0.200 samples>3 rtt_avg_us>31336 rtt_min_us>31336 rtt_max_us>31336 cwnd>85 cwnd_min>85 cwnd_max>85 throughput_kbps>0.000 goodput_kbps>0.000 retrans>0 total_retrans>0 bytes_acked>75020881
18:38:37.425420 TCPINFO flow>2 window>0.200 samples>3 rtt_avg_us>31248 rtt_min_us>31248 rtt_max_us>31248 cwnd>80 cwnd_min>80 cwnd_max>80 throughput_kbps>0.000 goodput_kbps>0.000 retrans>0 total_retrans>0 bytes_acked>75020881
18:38:37.425874 TCPINFO flow>1 window>0.200 samples>3 rtt_avg_us>31893 rtt_min_us>31893 rtt_max_us>31893 cwnd>37 cwnd_min>37 cwnd_max>37 throughput_kbps>0.000 goodput_kbps>0.000 retrans>0 total_retrans>0 bytes_acked>75020881
18:38:37.625402 TCPINFO flow>3 window>0.200 samples>3 rtt_avg_us>31336 rtt_min_us>31336 rtt_max_us>31336 cwnd>85 cwnd_min>85 cwnd_max>85 throughput_kbps>0.000 goodput_kbps>0.000 retrans>0 total_retrans>0 bytes_acked>75020881
18:38:37.625412 TCPINFO flow>2 window>0.200 samples>3 rtt_avg_us>31248 rtt_min_us>31248 rtt_max_us>31248 cwnd>80 cwnd_min>80 cwnd_max>80 throughput_kbps>0.000 goodput_kbps>0.000 retrans>0 total_retrans>0 bytes_acked>75020881
18:38:37.625871 TCPINFO flow>1 window>0.200 samples>3 rtt_avg_us>31893 rtt_min_us>31893 rtt_max_us>31893 cwnd>37 cwnd_min>37 cwnd_max>37 throughput_kbps>0.000 goodput_kbps>0.000 retrans>0 total_retrans>0 bytes_acked>75020881
18:38:37.825399 TCPINFO flow>3 window>0.200 samples>3 rtt_avg_us>31336 rtt_min_us>31336 rtt_max_us>31336 cwnd>85 cwnd_min>85 cwnd_max>85 throughput_kbps>0.000 goodput_kbps>0.000 retrans>0 total_retrans>0 bytes_acked>75020881
18:38:37.825408 TCPINFO flow>2 window>0.200 samples>3 rtt_avg_us>31248 rtt_min_us>31248 rtt_max_us>31248 cwnd>80 cwnd_min>80 cwnd_max>80 throughput_kbps>0.000 goodput_kbps>0.000 retrans>0 total_retrans>0 bytes_acked>75020881
18:38:37.825864 TCPINFO flow>1 window>0.200 samples>3 rtt_avg_us>31893 rtt_min_us>31893 rtt_max_us>31893 cwnd>37 cwnd_min>37 cwnd_max>37 throughput_kbps>0.000 goodput_kbps>0.000 retrans>0 total_retrans>0 bytes_acked>75020881
18:38:37.925412 TCPINFO flow>3 window>0.100 samples>2 rtt_avg_us>31336 rtt_min_us>31336 rtt_max_us>31336 cwnd>85 cwnd_min>85 cwnd_max>85 throughput_kbps>0.000 goodput_kbps>0.000 retrans>0 total_retrans>0 bytes_acked>75020881
18:38:37.925420 TCPINFO flow>2 window>0.100 samples>2 rtt_avg_us>31248 rtt_min_us>31248 rtt_max_us>31248 cwnd>80 cwnd_min>80 cwnd_max>80 throughput_kbps>0.000 goodput_kbps>0.000 retrans>0 total_retrans>0 bytes_acked>75020881
18:38:37.925868 TCPINFO flow>1 window>0.100 samples>2 rtt_avg_us>31893 rtt_min_us>31893 rtt_max_us>31893 cwnd>37 cwnd_min>37 cwnd_max>37 throughput_kbps>0.000 goodput_kbps>0.000 retrans>0 total_retrans>0 bytes_acked>75020881
18:38:38.125403 TCPINFO flow>3 window>0.200 samples>3 rtt_avg_us>31336 rtt_min_us>31336 rtt_max_us>31336 cwnd>85 cwnd_min>85 cwnd_max>85 throughput_kbps>0.000 goodput_kbps>0.000 retrans>0 total_retrans>0 bytes_acked>75020881
18:38:38.125414 TCPINFO flow>2 window>0.200 samples>3 rtt_avg_us>31248 rtt_min_us>31248 rtt_max_us>31248 cwnd>80 cwnd_min>80 cwnd_max>80 throughput_kbps>0.000 goodput_kbps>0.000 retrans>0 total_retrans>0 bytes_acked>75020881
18:38:38.125865 TCPINFO flow>1 window>0.200 samples>3 rtt_avg_us>31893 rtt_min_us>31893 rtt_max_us>31893 cwnd>37 cwnd_min>37 cwnd_max>37 throughput_kbps>0.000 goodput_kbps>0.000 retrans>0 total_retrans>0 bytes_acked>75020881
18:38:38.225406 TCPINFO flow>3 window>0.100 samples>2 rtt_avg_us>31336 rtt_min_us>31336 rtt_max_us>31336 cwnd>85 cwnd_min>85 cwnd_max>85 throughput_kbps>0.000 goodput_kbps>0.000 retrans>0 total_retrans>0 bytes_acked>75020881
18:38:38.225415 TCPINFO flow>2 window>0.100 samples>2 rtt_avg_us>31248 rtt_min_us>31248 rtt_max_us>31248 cwnd>80 cwnd_min>80 cwnd_max>80 throughput_kbps>0.000 goodput_kbps>0.000 retrans>0 total_retrans>0 bytes_acked>75020881
18:38:38.225869 TCPINFO flow>1 window>0.100 samples>2 rtt_avg_us>31893 rtt_min_us>31893 rtt_max_us>31893 cwnd>37 cwnd_min>37 cwnd_max>37 throughput_kbps>0.000 goodput_kbps>0.000 retrans>0 total_retrans>0 bytes_acked>75020881
18:38:38.425402 TCPINFO flow>3 window>0.200 samples>3 rtt_avg_us>31336 rtt_min_us>31336 rtt_max_us>31336 cwnd>85 cwnd_min>85 cwnd_max>85 throughput_kbps>0.000 goodput_kbps>0.000 retrans>0 total_retrans>0 bytes_acked>75020881
18:38:38.425412 TCPINFO flow>2 window>0.200 samples>3 rtt_avg_us>31248 rtt_min_us>31248 rtt_max_us>31248 cwnd>80 cwnd_min>80 cwnd_max>80 throughput_kbps>0.000 goodput_kbps>0.000 retrans>0 total_retrans>0 bytes_acked>75020881
18:38:38.425860 TCPINFO flow>1 window>0.200 samples>3 rtt_avg_us>31893 rtt_min_us>31893 rtt_max_us>31893 cwnd>37 cwnd_min>37 cwnd_max>37 throughput_kbps>0.000 goodput_kbps>0.000 retrans>0 total_retrans>0 bytes_acked>75020881
18:38:38.525865 TCPINFO flow>1 window>0.100 samples>2 rtt_avg_us>31893 rtt_min_us>31893 rtt_max_us>31893 cwnd>37 cwnd_min>37 cwnd_max>37 throughput_kbps>0.000 goodput_kbps>0.000 retrans>0 total_retrans>0 bytes_acked>75020881
18:38:38.625400 TCPINFO flow>3 window>0.200 samples>3 rtt_avg_us>31336 rtt_min_us>31336 rtt_max_us>31336 cwnd>85 cwnd_min>85 cwnd_max>85 throughput_kbps>0.000 goodput_kbps>0.000 retrans>0 total_retrans>0 bytes_acked>75020881
18:38:38.625407 TCPINFO flow>2 window>0.200 samples>3 rtt_avg_us>31248 rtt_min_us>31248 rtt_max_us>31248 cwnd>80 cwnd_min>80 cwnd_max>80 throughput_kbps>0.000 goodput_kbps>0.000 retrans>0 total_retrans>0 bytes_acked>75020881
18:38:38.725404 TCPINFO flow>3 window>0.100 samples>2 rtt_avg_us>31336 rtt_min_us>31336 rtt_max_us>31336 cwnd>85 cwnd_min>85 cwnd_max>85 throughput_kbps>0.000 goodput_kbps>0.000 retrans>0 total_retrans>0 bytes_acked>75020881
18:38:38.725413 TCPINFO flow>2 window>0.100 samples>2 rtt_avg_us>31248 rtt_min_us>31248 rtt_max_us>31248 cwnd>80 cwnd_min>80 cwnd_max>80 throughput_kbps>0.000 goodput_kbps>0.000 retrans>0 total_retrans>0 bytes_acked>75020881
18:38:38.725863 TCPINFO flow>1 window>0.200 samples>3 rtt_avg_us>31893 rtt_min_us>31893 rtt_max_us>31893 cwnd>37 cwnd_min>37 cwnd_max>37 throughput_kbps>0.000 goodput_kbps>0.000 retrans>0 total_retrans>0 bytes_acked>75020881
18:38:38.925398 TCPINFO flow>3 window>0.200 samples>3 rtt_avg_us>31336 rtt_min_us>31336 rtt_max_us>31336 cwnd>85 cwnd_min>85 cwnd_max>85 throughput_kbps>0.000 goodput_kbps>0.000 retrans>0 total_retrans>0 bytes_acked>75020881
18:38:38.925407 TCPINFO flow>2 window>0.200 samples>3 rtt_avg_us>31248 rtt_min_us>31248 rtt_max_us>31248 cwnd>80 cwnd_min>80 cwnd_max>80 throughput_kbps>0.000 goodput_kbps>0.000 retrans>0 total_retrans>0 bytes_acked>75020881
18:38:38.925861 TCPINFO flow>1 window>0.200 samples>3 rtt_avg_us>31893 rtt_min_us>31893 rtt_max_us>31893 cwnd>37 cwnd_min>37 cwnd_max>37 throughput_kbps>0.000 goodput_kbps>0.000 retrans>0 total_retrans>0 bytes_acked>75020881
18:38:39.025862 TCPINFO flow>1 window>0.100 samples>2 rtt_avg_us>31893 rtt_min_us>31893 rtt_max_us>31893 cwnd>37 cwnd_min>37 cwnd_max>37 throughput_kbps>0.000 goodput_kbps>0.000 retrans>0 total_retrans>0 bytes_acked>75020881
18:38:39.125387 TCPINFO flow>3 window>0.200 samples>3 rtt_avg_us>31336 rtt_min_us>31336 rtt_max_us>31336 cwnd>85 cwnd_min>85 cwnd_max>85 throughput_kbps>0.000 goodput_kbps>0.000 retrans>0 total_retrans>0 bytes_acked>75020881
18:38:39.125396 TCPINFO flow>2 window>0.200 samples>3 rtt_avg_us>31248 rtt_min_us>31248 rtt_max_us>31248 cwnd>80 cwnd_min>80 cwnd_max>80 throughput_kbps>0.000 goodput_kbps>0.000 retrans>0 total_retrans>0 bytes_acked>75020881
18:38:39.125863 TCPINFO flow>1 window>0.100 samples>2 rtt_avg_us>31893 rtt_min_us>31893 rtt_max_us>31893 cwnd>37 cwnd_min>37 cwnd_max>37 throughput_kbps>0.000 goodput_kbps>0.000 retrans>0 total_retrans>0 bytes_acked>75020881
18:38:39.225400 TCPINFO flow>3 window>0.100 samples>2 rtt_avg_us>31336 rtt_min_us>31336 rtt_max_us>31336 cwnd>85 cwnd_min>85 cwnd_max>85 throughput_kbps>0.000 goodput_kbps>0.000 retrans>0 total_retrans>0 bytes_acked>75020881
18:38:39.225408 TCPINFO flow>2 window>0.100 samples>2 rtt_avg_us>31248 rtt_min_us>31248 rtt_max_us>31248 cwnd>80 cwnd_min>80 cwnd_max>80 throughput_kbps>0.000 goodput_kbps>0.000 retrans>0 total_retrans>0 bytes_acked>75020881
18:38:39.225877 TCPINFO flow>1 window>0.100 samples>2 rtt_avg_us>31893 rtt_min_us>31893 rtt_max_us>31893 cwnd>37 cwnd_min>37 cwnd_max>37 throughput_kbps>0.000 goodput_kbps>0.000 retrans>0 total_retrans>0 bytes_acked>75020881
18:38:39.425400 TCPINFO flow>3 window>0.200 samples>3 rtt_avg_us>31336 rtt_min_us>31336 rtt_max_us>31336 cwnd>85 cwnd_min>85 cwnd_max>85 throughput_kbps>0.000 goodput_kbps>0.000 retrans>0 total_retrans>0 bytes_acked>75020881
18:38:39.425409 TCPINFO flow>2 window>0.200 samples>3 rtt_avg_us>31248 rtt_min_us>31248 rtt_max_us>31248 cwnd>80 cwnd_min>80 cwnd_max>80 throughput_kbps>0.000 goodput_kbps>0.000 retrans>0 total_retrans>0 bytes_acked>75020881
18:38:39.425863 TCPINFO flow>1 window>0.200 samples>3 rtt_avg_us>31893 rtt_min_us>31893 rtt_max_us>31893 cwnd>37 cwnd_min>37 cwnd_max>37 throughput_kbps>0.000 goodput_kbps>0.000 retrans>0 total_retrans>0 bytes_acked>75020881
18:38:39.525409 TCPINFO flow>3 window>0.100 samples>2 rtt_avg_us>31336 rtt_min_us>31336 rtt_max_us>31336 cwnd>85 cwnd_min>85 cwnd_max>85 throughput_kbps>0.000 goodput_kbps>0.000 retrans>0 total_retrans>0 bytes_acked>75020881
18:38:39.525417 TCPINFO flow>2 window>0.100 samples>2 rtt_avg_us>31248 rtt_min_us>31248 rtt_max_us>31248 cwnd>80 cwnd_min>80 cwnd_max>80 throughput_kbps>0.000 goodput_kbps>0.000 retrans>0 total_retrans>0 bytes_acked>75020881
18:38:39.625863 TCPINFO flow>1 window>0.200 samples>3 rtt_avg_us>31893 rtt_min_us>31893 rtt_max_us>31893 cwnd>37 cwnd_min>37 cwnd_max>37 throughput_kbps>0.000 goodput_kbps>0.000 retrans>0 total_retrans>0 bytes_acked>75020881
18:38:39.725404 TCPINFO flow>3 window>0.200 samples>3 rtt_avg_us>31336 rtt_min_us>31336 rtt_max_us>31336 cwnd>85 cwnd_min>85 cwnd_max>85 throughput_kbps>0.000 goodput_kbps>0.000 retrans>0 total_retrans>0 bytes_acked>75020881
18:38:39.725411 TCPINFO flow>2 window>0.200 samples>3 rtt_avg_us>31248 rtt_min_us>31248 rtt_max_us>31248 cwnd>80 cwnd_min>80 cwnd_max>80 throughput_kbps>0.000 goodput_kbps>0.000 retrans>0 total_retrans>0 bytes_acked>75020881
18:38:39.725864 TCPINFO flow>1 window>0.100 samples>2 rtt_avg_us>31893 rtt_min_us>31893 rtt_max_us>31893 cwnd>37 cwnd_min>37 cwnd_max>37 throughput_kbps>0.000 goodput_kbps>0.000 retrans>0 total_retrans>0 bytes_acked>75020881
18:38:39.925403 TCPINFO flow>3 window>0.200 samples>3 rtt_avg_us>31336 rtt_min_us>31336 rtt_max_us>31336 cwnd>85 cwnd_min>85 cwnd_max>85 throughput_kbps>0.000 goodput_kbps>0.000 retrans>0 total_retrans>0 bytes_acked>75020881
18:38:39.925412 TCPINFO flow>2 window>0.200 samples>3 rtt_avg_us>31248 rtt_min_us>31248 rtt_max_us>31248 cwnd>80 cwnd_min>80 cwnd_max>80 throughput_kbps>0.000 goodput_kbps>0.000 retrans>0 total_retrans>0 bytes_acked>75020881
18:38:39.925864 TCPINFO flow>1 window>0.200 samples>3 rtt_avg_us>31893 rtt_min_us>31893 rtt_max_us>31893 cwnd>37 cwnd_min>37 cwnd_max>37 throughput_kbps>0.000 goodput_kbps>0.000 retrans>0 total_retrans>0 bytes_acked>75020881
18:38:40.125413 TCPINFO flow>3 window>0.200 samples>3 rtt_avg_us>31336 rtt_min_us>31336 rtt_max_us>31336 cwnd>85 cwnd_min>85 cwnd_max>85 throughput_kbps>0.000 goodput_kbps>0.000 retrans>0 total_retrans>0 bytes_acked>75020881
18:38:40.125424 TCPINFO flow>2 window>0.200 samples>3 rtt_avg_us>31248 rtt_min_us>31248 rtt_max_us>31248 cwnd>80 cwnd_min>80 cwnd_max>80 throughput_kbps>0.000 goodput_kbps>0.000 retrans>0 total_retrans>0 bytes_acked>75020881
18:38:40.125863 TCPINFO flow>1 window>0.200 samples>3 rtt_avg_us>31893 rtt_min_us>31893 rtt_max_us>31893 cwnd>37 cwnd_min>37 cwnd_max>37 throughput_kbps>0.000 goodput_kbps>0.000 retrans>0 total_retrans>0 bytes_acked>75020881
18:38:40.225864 TCPINFO flow>1 window>0.100 samples>2 rtt_avg_us>31893 rtt_min_us>31893 rtt_max_us>31893 cwnd>37 cwnd_min>37 cwnd_max>37 throughput_kbps>0.000 goodput_kbps>0.000 retrans>0 total_retrans>0 bytes_acked>75020881
18:38:40.325397 TCPINFO flow>3 window>0.200 samples>3 rtt_avg_us>31336 rtt_min_us>31336 rtt_max_us>31336 cwnd>85 cwnd_min>85 cwnd_max>85 throughput_kbps>0.000 goodput_kbps>0.000 retrans>0 total_retrans>0 bytes_acked>75020881
18:38:40.325404 TCPINFO flow>2 window>0.200 samples>3 rtt_avg_us>31248 rtt_min_us>31248 rtt_max_us>31248 cwnd>80 cwnd_min>80 cwnd_max>80 throughput_kbps>0.000 goodput_kbps>0.000 retrans>0 total_retrans>0 bytes_acked>75020881
18:38:40.425399 TCPINFO flow>3 window>0.100 samples>2 rtt_avg_us>31336 rtt_min_us>31336 rtt_max_us>31336 cwnd>85 cwnd_min>85 cwnd_max>85 throughput_kbps>0.000 goodput_kbps>0.000 retrans>0 total_retrans>0 bytes_acked>75020881
18:38:40.425406 TCPINFO flow>2 window>0.100 samples>2 rtt_avg_us>31248 rtt_min_us>31248 rtt_max_us>31248 cwnd>80 cwnd_min>80 cwnd_max>80 throughput_kbps>0.000 goodput_kbps>0.000 retrans>0 total_retrans>0 bytes_acked>75020881
18:38:40.425865 TCPINFO flow>1 window>0.200 samples>3 rtt_avg_us>31893 rtt_min_us>31893 rtt_max_us>31893 cwnd>37 cwnd_min>37 cwnd_max>37 throughput_kbps>0.000 goodput_kbps>0.000 retrans>0 total_retrans>0 bytes_acked>75020881
18:38:40.525403 TCPINFO flow>3 window>0.100 samples>2 rtt_avg_us>31336 rtt_min_us>31336 rtt_max_us>31336 cwnd>85 cwnd_min>85 cwnd_max>85 throughput_kbps>0.000 goodput_kbps>0.000 retrans>0 total_retrans>0 bytes_acked>75020881
18:38:40.525410 TCPINFO flow>2 window>0.100 samples>2 rtt_avg_us>31248 rtt_min_us>31248 rtt_max_us>31248 cwnd>80 cwnd_min>80 cwnd_max>80 throughput_kbps>0.000 goodput_kbps>0.000 retrans>0 total_retrans>0 bytes_acked>75020881
18:38:40.625866 TCPINFO flow>1 window>0.200 samples>3 rtt_avg_us>31893 rtt_min_us>31893 rtt_max_us>31893 cwnd>37 cwnd_min>37 cwnd_max>37 throughput_kbps>0.000 goodput_kbps>0.000 retrans>0 total_retrans>0 bytes_acked>75020881
18:38:40.725402 TCPINFO flow>3 window>0.200 samples>3 rtt_avg_us>31336 rtt_min_us>31336 rtt_max_us>31336 cwnd>85 cwnd_min>85 cwnd_max>85 throughput_kbps>0.000 goodput_kbps>0.000 retrans>0 total_retrans>0 bytes_acked>75020881
18:38:40.725409 TCPINFO flow>2 window>0.200 samples>3 rtt_avg_us>31248 rtt_min_us>31248 rtt_max_us>31248 cwnd>80 cwnd_min>80 cwnd_max>80 throughput_kbps>0.000 goodput_kbps>0.000 retrans>0 total_retrans>0 bytes_acked>75020881
18:38:40.825435 TCPINFO flow>3 window>0.100 samples>2 rtt_avg_us>31336 rtt_min_us>31336 rtt_max_us>31336 cwnd>85 cwnd_min>85 cwnd_max>85 throughput_kbps>0.000 goodput_kbps>0.000 retrans>0 total_retrans>0 bytes_acked>75020881
18:38:40.825448 TCPINFO flow>2 window>0.100 samples>2 rtt_avg_us>31248 rtt_min_us>31248 rtt_max_us>31248 cwnd>80 cwnd_min>80 cwnd_max>80 throughput_kbps>0.000 goodput_kbps>0.000 retrans>0 total_retrans>0 bytes_acked>75020881
18:38:40.825865 TCPINFO flow>1 window>0.200 samples>3 rtt_avg_us>31893 rtt_min_us>31893 rtt_max_us>31893 cwnd>37 cwnd_min>37 cwnd_max>37 throughput_kbps>0.000 goodput_kbps>0.000 retrans>0 total_retrans>0 bytes_acked>75020881
18:38:41.025398 TCPINFO flow>3 window>0.200 samples>3 rtt_avg_us>31336 rtt_min_us>31336 rtt_max_us>31336 cwnd>85 cwnd_min>85 cwnd_max>85 throughput_kbps>0.000 goodput_kbps>0.000 retrans>0 total_retrans>0 bytes_acked>75020881
18:38:41.025448 TCPINFO flow>2 window>0.200 samples>3 rtt_avg_us>31248 rtt_min_us>31248 rtt_max_us>31248 cwnd>80 cwnd_min>80 cwnd_max>80 throughput_kbps>0.000 goodput_kbps>0.000 retrans>0 total_retrans>0 bytes_acked>75020881
18:38:41.025862 TCPINFO flow>1 window>0.200 samples>3 rtt_avg_us>31893 rtt_min_us>31893 rtt_max_us>31893 cwnd>37 cwnd_min>37 cwnd_max>37 throughput_kbps>0.000 goodput_kbps>0.000 retrans>0 total_retrans>0 bytes_acked>75020881
18:38:41.125864 TCPINFO flow>1 window>0.100 samples>2 rtt_avg_us>31893 rtt_min_us>31893 rtt_max_us>31893 cwnd>37 cwnd_min>37 cwnd_max>37 throughput_kbps>0.000 goodput_kbps>0.000 retrans>0 total_retrans>0 bytes_acked>75020881
18:38:41.225399 TCPINFO flow>3 window>0.200 samples>3 rtt_avg_us>31336 rtt_min_us>31336 rtt_max_us>31336 cwnd>85 cwnd_min>85 cwnd_max>85 throughput_kbps>0.000 goodput_kbps>0.000 retrans>0 total_retrans>0 bytes_acked>75020881
18:38:41.225406 TCPINFO flow>2 window>0.200 samples>3 rtt_avg_us>31248 rtt_min_us>31248 rtt_max_us>31248 cwnd>80 cwnd_min>80 cwnd_max>80 throughput_kbps>0.000 goodput_kbps>0.000 retrans>0 total_retrans>0 bytes_acked>75020881
18:38:41.225868 TCPINFO flow>1 window>0.100 samples>2 rtt_avg_us>31893 rtt_min_us>31893 rtt_max_us>31893 cwnd>37 cwnd_min>37 cwnd_max>37 throughput_kbps>0.000 goodput_kbps>0.000 retrans>0 total_retrans>0 bytes_acked>75020881
18:38:41.325405 TCPINFO flow>3 window>0.100 samples>2 rtt_avg_us>31336 rtt_min_us>31336 rtt_max_us>31336 cwnd>85 cwnd_min>85 cwnd_max>85 throughput_kbps>0.000 goodput_kbps>0.000 retrans>0 total_retrans>0 bytes_acked>75020881
18:38:41.325411 TCPINFO flow>2 window>0.100 samples>2 rtt_avg_us>31248 rtt_min_us>31248 rtt_max_us>31248 cwnd>80 cwnd_min>80 cwnd_max>80 throughput_kbps>0.000 goodput_kbps>0.000 retrans>0 total_retrans>0 bytes_acked>75020881
18:38:41.425864 TCPINFO flow>1 window>0.200 samples>3 rtt_avg_us>31893 rtt_min_us>31893 rtt_max_us>31893 cwnd>37 cwnd_min>37 cwnd_max>37 throughput_kbps>0.000 goodput_kbps>0.000 retrans>0 total_retrans>0 bytes_acked>75020881
18:38:41.525404 TCPINFO flow>3 window>0.200 samples>3 rtt_avg_us>31336 rtt_min_us>31336 rtt_max_us>31336 cwnd>85 cwnd_min>85 cwnd_max>85 throughput_kbps>0.000 goodput_kbps>0.000 retrans>0 total_retrans>0 bytes_acked>75020881
18:38:41.525411 TCPINFO flow>2 window>0.200 samples>3 rtt_avg_us>31248 rtt_min_us>31248 rtt_max_us>31248 cwnd>80 cwnd_min>80 cwnd_max>80 throughput_kbps>0.000 goodput_kbps>0.000 retrans>0 total_retrans>0 bytes_acked>75020881
18:38:41.525875 TCPINFO flow>1 window>0.100 samples>2 rtt_avg_us>31893 rtt_min_us>31893 rtt_max_us>31893 cwnd>37 cwnd_min>37 cwnd_max>37 throughput_kbps>0.000 goodput_kbps>0.000 retrans>0 total_retrans>0 bytes_acked>75020881
18:38:41.625408 TCPINFO flow>3 window>0.100 samples>2 rtt_avg_us>31336 rtt_min_us>31336 rtt_max_us>31336 cwnd>85 cwnd_min>85 cwnd_max>85 throughput_kbps>0.000 goodput_kbps>0.000 retrans>0 total_retrans>0 bytes_acked>75020881
18:38:41.625415 TCPINFO flow>2 window>0.100 samples>2 rtt_avg_us>31248 rtt_min_us>31248 rtt_max_us>31248 cwnd>80 cwnd_min>80 cwnd_max>80 throughput_kbps>0.000 goodput_kbps>0.000 retrans>0 total_retrans>0 bytes_acked>75020881
18:38:41.725867 TCPINFO flow>1 window>0.200 samples>3 rtt_avg_us>31893 rtt_min_us>31893 rtt_max_us>31893 cwnd>37 cwnd_min>37 cwnd_max>37 throughput_kbps>0.000 goodput_kbps>0.000 retrans>0 total_retrans>0 bytes_acked>75020881
18:38:41.825400 TCPINFO flow>3 window>0.200 samples>3 rtt_avg_us>31336 rtt_min_us>31336 rtt_max_us>31336 cwnd>85 cwnd_min>85 cwnd_max>85 throughput_kbps>0.000 goodput_kbps>0.000 retrans>0 total_retrans>0 bytes_acked>75020881
18:38:41.825407 TCPINFO flow>2 window>0.200 samples>3 rtt_avg_us>31248 rtt_min_us>31248 rtt_max_us>31248 cwnd>80 cwnd_min>80 cwnd_max>80 throughput_kbps>0.000 goodput_kbps>0.000 retrans>0 total_retrans>0 bytes_acked>75020881
18:38:41.825870 TCPINFO flow>1 window>0.100 samples>2 rtt_avg_us>31893 rtt_min_us>31893 rtt_max_us>31893 cwnd>37 cwnd_min>37 cwnd_max>37 throughput_kbps>0.000 goodput_kbps>0.000 retrans>0 total_retrans>0 bytes_acked>75020881
18:38:41.925403 TCPINFO flow>3 window>0.100 samples>2 rtt_avg_us>31336 rtt_min_us>31336 rtt_max_us>31336 cwnd>85 cwnd_min>85 cwnd_max>85 throughput_kbps>0.000 goodput_kbps>0.000 retrans>0 total_retrans>0 bytes_acked>75020881
18:38:41.925410 TCPINFO flow>2 window>0.100 samples>2 rtt_avg_us>31248 rtt_min_us>31248 rtt_max_us>31248 cwnd>80 cwnd_min>80 cwnd_max>80 throughput_kbps>0.000 goodput_kbps>0.000 retrans>0 total_retrans>0 bytes_acked>75020881
18:38:42.025861 TCPINFO flow>1 window>0.200 samples>3 rtt_avg_us>31893 rtt_min_us>31893 rtt_max_us>31893 cwnd>37 cwnd_min>37 cwnd_max>37 throughput_kbps>0.000 goodput_kbps>0.000 retrans>0 total_retrans>0 bytes_acked>75020881
18:38:42.125406 TCPINFO flow>3 window>0.200 samples>3 rtt_avg_us>31336 rtt_min_us>31336 rtt_max_us>31336 cwnd>85 cwnd_min>85 cwnd_max>85 throughput_kbps>0.000 goodput_kbps>0.000 retrans>0 total_retrans>0 bytes_acked>75020881
18:38:42.125413 TCPINFO flow>2 window>0.200 samples>3 rtt_avg_us>31248 rtt_min_us>31248 rtt_max_us>31248 cwnd>80 cwnd_min>80 cwnd_max>80 throughput_kbps>0.000 goodput_kbps>0.000 retrans>0 total_retrans>0 bytes_acked>75020881
18:38:42.125866 TCPINFO flow>1 window>0.100 samples>2 rtt_avg_us>31893 rtt_min_us>31893 rtt_max_us>31893 cwnd>37 cwnd_min>37 cwnd_max>37 throughput_kbps>0.000 goodput_kbps>0.000 retrans>0 total_retrans>0 bytes_acked>75020881
18:38:42.225867 TCPINFO flow>1 window>0.100 samples>2 rtt_avg_us>31893 rtt_min_us>31893 rtt_max_us>31893 cwnd>37 cwnd_min>37 cwnd_max>37 throughput_kbps>0.000 goodput_kbps>0.000 retrans>0 total_retrans>0 bytes_acked>75020881
18:38:42.325403 TCPINFO flow>3 window>0.200 samples>3 rtt_avg_us>31336 rtt_min_us>31336 rtt_max_us>31336 cwnd>85 cwnd_min>85 cwnd_max>85 throughput_kbps>0.000 goodput_kbps>0.000 retrans>0 total_retrans>0 bytes_acked>75020881
18:38:42.325411 TCPINFO flow>2 window>0.200 samples>3 rtt_avg_us>31248 rtt_min_us>31248 rtt_max_us>31248 cwnd>80 cwnd_min>80 cwnd_max>80 throughput_kbps>0.000 goodput_kbps>0.000 retrans>0 total_retrans>0 bytes_acked>75020881
18:38:42.425865 TCPINFO flow>1 window>0.200 samples>3 rtt_avg_us>31893 rtt_min_us>31893 rtt_max_us>31893 cwnd>37 cwnd_min>37 cwnd_max>37 throughput_kbps>0.000 goodput_kbps>0.000 retrans>0 total_retrans>0 bytes_acked>75020881
18:38:42.525396 TCPINFO flow>3 window>0.200 samples>3 rtt_avg_us>31336 rtt_min_us>31336 rtt_max_us>31336 cwnd>85 cwnd_min>85 cwnd_max>85 throughput_kbps>0.000 goodput_kbps>0.000 retrans>0 total_retrans>0 bytes_acked>75020881
18:38:42.525404 TCPINFO flow>2 window>0.200 samples>3 rtt_avg_us>31248 rtt_min_us>31248 rtt_max_us>31248 cwnd>80 cwnd_min>80 cwnd_max>80 throughput_kbps>0.000 goodput_kbps>0.000 retrans>0 total_retrans>0 bytes_acked>75020881
18:38:42.625859 TCPINFO flow>1 window>0.200 samples>3 rtt_avg_us>31893 rtt_min_us>31893 rtt_max_us>31893 cwnd>37 cwnd_min>37 cwnd_max>37 throughput_kbps>0.000 goodput_kbps>0.000 retrans>0 total_retrans>0 bytes_acked>75020881
18:38:42.725403 TCPINFO flow>3 window>0.200 samples>3 rtt_avg_us>31336 rtt_min_us>31336 rtt_max_us>31336 cwnd>85 cwnd_min>85 cwnd_max>85 throughput_kbps>0.000 goodput_kbps>0.000 retrans>0 total_retrans>0 bytes_acked>75020881
18:38:42.725411 TCPINFO flow>2 window>0.200 samples>3 rtt_avg_us>31248 rtt_min_us>31248 rtt_max_us>31248 cwnd>80 cwnd_min>80 cwnd_max>80 throughput_kbps>0.000 goodput_kbps>0.000 retrans>0 total_retrans>0 bytes_acked>75020881
18:38:42.725863 TCPINFO flow>1 window>0.100 samples>2 rtt_avg_us>31893 rtt_min_us>31893 rtt_max_us>31893 cwnd>37 cwnd_min>37 cwnd_max>37 throughput_kbps>0.000 goodput_kbps>0.000 retrans>0 total_retrans>0 bytes_acked>75020881
18:38:42.925404 TCPINFO flow>3 window>0.200 samples>3 rtt_avg_us>31336 rtt_min_us>31336 rtt_max_us>31336 cwnd>85 cwnd_min>85 cwnd_max>85 throughput_kbps>0.000 goodput_kbps>0.000 retrans>0 total_retrans>0 bytes_acked>75020881
18:38:42.925413 TCPINFO flow>2 window>0.200 samples>3 rtt_avg_us>31248 rtt_min_us>31248 rtt_max_us>31248 cwnd>80 cwnd_min>80 cwnd_max>80 throughput_kbps>0.000 goodput_kbps>0.000 retrans>0 total_retrans>0 bytes_acked>75020881
18:38:42.925861 TCPINFO flow>1 window>0.200 samples>3 rtt_avg_us>31893 rtt_min_us>31893 rtt_max_us>31893 cwnd>37 cwnd_min>37 cwnd_max>37 throughput_kbps>0.000 goodput_kbps>0.000 retrans>0 total_retrans>0 bytes_acked>75020881
18:38:43.025864 TCPINFO flow>1 window>0.100 samples>2 rtt_avg_us>31893 rtt_min_us>31893 rtt_max_us>31893 cwnd>37 cwnd_min>37 cwnd_max>37 throughput_kbps>0.000 goodput_kbps>0.000 retrans>0 total_retrans>0 bytes_acked>75020881
18:38:43.125380 TCPINFO flow>3 window>0.200 samples>3 rtt_avg_us>31336 rtt_min_us>31336 rtt_max_us>31336 cwnd>85 cwnd_min>85 cwnd_max>85 throughput_kbps>0.000 goodput_kbps>0.000 retrans>0 total_retrans>0 bytes_acked>75020881
18:38:43.125388 TCPINFO flow>2 window>0.200 samples>3 rtt_avg_us>31248 rtt_min_us>31248 rtt_max_us>31248 cwnd>80 cwnd_min>80 cwnd_max>80 throughput_kbps>0.000 goodput_kbps>0.000 retrans>0 total_retrans>0 bytes_acked>75020881
18:38:43.225400 TCPINFO flow>3 window>0.100 samples>2 rtt_avg_us>31336 rtt_min_us>31336 rtt_max_us>31336 cwnd>85 cwnd_min>85 cwnd_max>85 throughput_kbps>0.000 goodput_kbps>0.000 retrans>0 total_retrans>0 bytes_acked>75020881
18:38:43.225407 TCPINFO flow>2 window>0.100 samples>2 rtt_avg_us>31248 rtt_min_us>31248 rtt_max_us>31248 cwnd>80 cwnd_min>80 cwnd_max>80 throughput_kbps>0.000 goodput_kbps>0.000 retrans>0 total_retrans>0 bytes_acked>75020881
18:38:43.225870 TCPINFO flow>1 window>0.200 samples>3 rtt_avg_us>31893 rtt_min_us>31893 rtt_max_us>31893 cwnd>37 cwnd_min>37 cwnd_max>37 throughput_kbps>0.000 goodput_kbps>0.000 retrans>0 total_retrans>0 bytes_acked>75020881
18:38:43.325405 TCPINFO flow>3 window>0.100 samples>2 rtt_avg_us>31336 rtt_min_us>31336 rtt_max_us>31336 cwnd>85 cwnd_min>85 cwnd_max>85 throughput_kbps>0.000 goodput_kbps>0.000 retrans>0 total_retrans>0 bytes_acked>75020881
18:38:43.325413 TCPINFO flow>2 window>0.100 samples>2 rtt_avg_us>31248 rtt_min_us>31248 rtt_max_us>31248 cwnd>80 cwnd_min>80 cwnd_max>80 throughput_kbps>0.000 goodput_kbps>0.000 retrans>0 total_retrans>0 bytes_acked>75020881
18:38:43.425411 TCPINFO flow>3 window>0.100 samples>2 rtt_avg_us>31336 rtt_min_us>31336 rtt_max_us>31336 cwnd>85 cwnd_min>85 cwnd_max>85 throughput_kbps>0.000 goodput_kbps>0.000 retrans>0 total_retrans>0 bytes_acked>75020881
18:38:43.425419 TCPINFO flow>2 window>0.100 samples>2 rtt_avg_us>31248 rtt_min_us>31248 rtt_max_us>31248 cwnd>80 cwnd_min>80 cwnd_max>80 throughput_kbps>0.000 goodput_kbps>0.000 retrans>0 total_retrans>0 bytes_acked>75020881
18:38:43.425871 TCPINFO flow>1 window>0.200 samples>3 rtt_avg_us>31893 rtt_min_us>31893 rtt_max_us>31893 cwnd>37 cwnd_min>37 cwnd_max>37 throughput_kbps>0.000 goodput_kbps>0.000 retrans>0 total_retrans>0 bytes_acked>75020881
18:38:43.625401 TCPINFO flow>3 window>0.200 samples>3 rtt_avg_us>31336 rtt_min_us>31336 rtt_max_us>31336 cwnd>85 cwnd_min>85 cwnd_max>85 throughput_kbps>0.000 goodput_kbps>0.000 retrans>0 total_retrans>0 bytes_acked>75020881
18:38:43.625410 TCPINFO flow>2 window>0.200 samples>3 rtt_avg_us>31248 rtt_min_us>31248 rtt_max_us>31248 cwnd>80 cwnd_min>80 cwnd_max>80 throughput_kbps>0.000 goodput_kbps>0.000 retrans>0 total_retrans>0 bytes_acked>75020881
18:38:43.625873 TCPINFO flow>1 window>0.200 samples>3 rtt_avg_us>31893 rtt_min_us>31893 rtt_max_us>31893 cwnd>37 cwnd_min>37 cwnd_max>37 throughput_kbps>0.000 goodput_kbps>0.000 retrans>0 total_retrans>0 bytes_acked>75020881
18:38:43.725411 TCPINFO flow>3 window>0.100 samples>2 rtt_avg_us>31336 rtt_min_us>31336 rtt_max_us>31336 cwnd>85 cwnd_min>85 cwnd_max>85 throughput_kbps>0.000 goodput_kbps>0.000 retrans>0 total_retrans>0 bytes_acked>75020881
18:38:43.725419 TCPINFO flow>2 window>0.100 samples>2 rtt_avg_us>31248 rtt_min_us>31248 rtt_max_us>31248 cwnd>80 cwnd_min>80 cwnd_max>80 throughput_kbps>0.000 goodput_kbps>0.000 retrans>0 total_retrans>0 bytes_acked>75020881
18:38:43.825865 TCPINFO flow>1 window>0.200 samples>3 rtt_avg_us>31893 rtt_min_us>31893 rtt_max_us>31893 cwnd>37 cwnd_min>37 cwnd_max>37 throughput_kbps>0.000 goodput_kbps>0.000 retrans>0 total_retrans>0 bytes_acked>75020881
18:38:43.925404 TCPINFO flow>3 window>0.200 samples>3 rtt_avg_us>31336 rtt_min_us>31336 rtt_max_us>31336 cwnd>85 cwnd_min>85 cwnd_max>85 throughput_kbps>0.000 goodput_kbps>0.000 retrans>0 total_retrans>0 bytes_acked>75020881
18:38:43.925475 TCPINFO flow>2 window>0.200 samples>3 rtt_avg_us>31248 rtt_min_us>31248 rtt_max_us>31248 cwnd>80 cwnd_min>80 cwnd_max>80 throughput_kbps>0.000 goodput_kbps>0.000 retrans>0 total_retrans>0 bytes_acked>75020881
18:38:43.925871 TCPINFO flow>1 window>0.100 samples>2 rtt_avg_us>31893 rtt_min_us>31893 rtt_max_us>31893 cwnd>37 cwnd_min>37 cwnd_max>37 throughput_kbps>0.000 goodput_kbps>0.000 retrans>0 total_retrans>0 bytes_acked>75020881
18:38:44.125383 TCPINFO flow>3 window>0.200 samples>3 rtt_avg_us>31336 rtt_min_us>31336 rtt_max_us>31336 cwnd>85 cwnd_min>85 cwnd_max>85 throughput_kbps>0.000 goodput_kbps>0.000 retrans>0 total_retrans>0 bytes_acked>75020881
18:38:44.125393 TCPINFO flow>2 window>0.200 samples>3 rtt_avg_us>31248 rtt_min_us>31248 rtt_max_us>31248 cwnd>80 cwnd_min>80 cwnd_max>80 throughput_kbps>0.000 goodput_kbps>0.000 retrans>0 total_retrans>0 bytes_acked>75020881
18:38:44.125861 TCPINFO flow>1 window>0.200 samples>3 rtt_avg_us>31893 rtt_min_us>31893 rtt_max_us>31893 cwnd>37 cwnd_min>37 cwnd_max>37 throughput_kbps>0.000 goodput_kbps>0.000 retrans>0 total_retrans>0 bytes_acked>75020881
18:38:44.225409 TCPINFO flow>3 window>0.100 samples>2 rtt_avg_us>31336 rtt_min_us>31336 rtt_max_us>31336 cwnd>85 cwnd_min>85 cwnd_max>85 throughput_kbps>0.000 goodput_kbps>0.000 retrans>0 total_retrans>0 bytes_acked>75020881
18:38:44.225417 TCPINFO flow>2 window>0.100 samples>2 rtt_avg_us>31248 rtt_min_us>31248 rtt_max_us>31248 cwnd>80 cwnd_min>80 cwnd_max>80 throughput_kbps>0.000 goodput_kbps>0.000 retrans>0 total_retrans>0 bytes_acked>75020881
18:38:44.225871 TCPINFO flow>1 window>0.100 samples>2 rtt_avg_us>31893 rtt_min_us>31893 rtt_max_us>31893 cwnd>37 cwnd_min>37 cwnd_max>37 throughput_kbps>0.000 goodput_kbps>0.000 retrans>0 total_retrans>0 bytes_acked>75020881
18:38:44.425401 TCPINFO flow>3 window>0.200 samples>3 rtt_avg_us>31336 rtt_min_us>31336 rtt_max_us>31336 cwnd>85 cwnd_min>85 cwnd_max>85 throughput_kbps>0.000 goodput_kbps>0.000 retrans>0 total_retrans>0 bytes_acked>75020881
18:38:44.425411 TCPINFO flow>2 window>0.200 samples>3 rtt_avg_us>31248 rtt_min_us>31248 rtt_max_us>31248 cwnd>80 cwnd_min>80 cwnd_max>80 throughput_kbps>0.000 goodput_kbps>0.000 retrans>0 total_retrans>0 bytes_acked>75020881
18:38:44.425863 TCPINFO flow>1 window>0.200 samples>3 rtt_avg_us>31893 rtt_min_us>31893 rtt_max_us>31893 cwnd>37 cwnd_min>37 cwnd_max>37 throughput_kbps>0.000 goodput_kbps>0.000 retrans>0 total_retrans>0 bytes_acked>75020881
18:38:44.625389 TCPINFO flow>3 window>0.200 samples>3 rtt_avg_us>31336 rtt_min_us>31336 rtt_max_us>31336 cwnd>85 cwnd_min>85 cwnd_max>85 throughput_kbps>0.000 goodput_kbps>0.000 retrans>0 total_retrans>0 bytes_acked>75020881
18:38:44.625397 TCPINFO flow>2 window>0.200 samples>3 rtt_avg_us>31248 rtt_min_us>31248 rtt_max_us>31248 cwnd>80 cwnd_min>80 cwnd_max>80 throughput_kbps>0.000 goodput_kbps>0.000 retrans>0 total_retrans>0 bytes_acked>75020881
18:38:44.625859 TCPINFO flow>1 window>0.200 samples>3 rtt_avg_us>31893 rtt_min_us>31893 rtt_max_us>31893 cwnd>37 cwnd_min>37 cwnd_max>37 throughput_kbps>0.000 goodput_kbps>0.000 retrans>0 total_retrans>0 bytes_acked>75020881
18:38:44.725396 TCPINFO flow>3 window>0.100 samples>2 rtt_avg_us>31336 rtt_min_us>31336 rtt_max_us>31336 cwnd>85 cwnd_min>85 cwnd_max>85 throughput_kbps>0.000 goodput_kbps>0.000 retrans>0 total_retrans>0 bytes_acked>75020881
18:38:44.725402 TCPINFO flow>2 window>0.100 samples>2 rtt_avg_us>31248 rtt_min_us>31248 rtt_max_us>31248 cwnd>80 cwnd_min>80 cwnd_max>80 throughput_kbps>0.000 goodput_kbps>0.000 retrans>0 total_retrans>0 bytes_acked>75020881
18:38:44.725862 TCPINFO flow>1 window>0.100 samples>2 rtt_avg_us>31893 rtt_min_us>31893 rtt_max_us>31893 cwnd>37 cwnd_min>37 cwnd_max>37 throughput_kbps>0.000 goodput_kbps>0.000 retrans>0 total_retrans>0 bytes_acked>75020881
18:38:44.825404 TCPINFO flow>3 window>0.100 samples>2 rtt_avg_us>31336 rtt_min_us>31336 rtt_max_us>31336 cwnd>85 cwnd_min>85 cwnd_max>85 throughput_kbps>0.000 goodput_kbps>0.000 retrans>0 total_retrans>0 bytes_acked>75020881
18:38:44.825449 TCPINFO flow>2 window>0.100 samples>2 rtt_avg_us>31248 rtt_min_us>31248 rtt_max_us>31248 cwnd>80 cwnd_min>80 cwnd_max>80 throughput_kbps>0.000 goodput_kbps>0.000 retrans>0 total_retrans>0 bytes_acked>75020881
18:38:44.825865 TCPINFO flow>1 window>0.100 samples>2 rtt_avg_us>31893 rtt_min_us>31893 rtt_max_us>31893 cwnd>37 cwnd_min>37 cwnd_max>37 throughput_kbps>0.000 goodput_kbps>0.000 retrans>0 total_retrans>0 bytes_acked>75020881
18:38:44.925406 TCPINFO flow>3 window>0.100 samples>2 rtt_avg_us>31336 rtt_min_us>31336 rtt_max_us>31336 cwnd>85 cwnd_min>85 cwnd_max>85 throughput_kbps>0.000 goodput_kbps>0.000 retrans>0 total_retrans>0 bytes_acked>75020881
18:38:44.925866 TCPINFO flow>1 window>0.100 samples>2 rtt_avg_us>31893 rtt_min_us>31893 rtt_max_us>31893 cwnd>37 cwnd_min>37 cwnd_max>37 throughput_kbps>0.000 goodput_kbps>0.000 retrans>0 total_retrans>0 bytes_acked>75020881
18:38:45.025402 TCPINFO flow>2 window>0.200 samples>3 rtt_avg_us>31248 rtt_min_us>31248 rtt_max_us>31248 cwnd>80 cwnd_min>80 cwnd_max>80 throughput_kbps>0.000 goodput_kbps>0.000 retrans>0 total_retrans>0 bytes_acked>75020881
18:38:45.125384 TCPINFO flow>3 window>0.200 samples>3 rtt_avg_us>31336 rtt_min_us>31336 rtt_max_us>31336 cwnd>85 cwnd_min>85 cwnd_max>85 throughput_kbps>0.000 goodput_kbps>0.000 retrans>0 total_retrans>0 bytes_acked>75020881
18:38:45.125860 TCPINFO flow>1 window>0.200 samples>3 rtt_avg_us>31893 rtt_min_us>31893 rtt_max_us>31893 cwnd>37 cwnd_min>37 cwnd_max>37 throughput_kbps>0.000 goodput_kbps>0.000 retrans>0 total_retrans>0 bytes_acked>75020881
18:38:45.225385 TCPINFO flow>3 window>0.100 samples>2 rtt_avg_us>31336 rtt_min_us>31336 rtt_max_us>31336 cwnd>85 cwnd_min>85 cwnd_max>85 throughput_kbps>0.000 goodput_kbps>0.000 retrans>0 total_retrans>0 bytes_acked>75020881
18:38:45.225393 TCPINFO flow>2 window>0.200 samples>3 rtt_avg_us>31248 rtt_min_us>31248 rtt_max_us>31248 cwnd>80 cwnd_min>80 cwnd_max>80 throughput_kbps>0.000 goodput_kbps>0.000 retrans>0 total_retrans>0 bytes_acked>75020881
18:38:45.325390 TCPINFO flow>3 window>0.100 samples>2 rtt_avg_us>31336 rtt_min_us>31336 rtt_max_us>31336 cwnd>85 cwnd_min>85 cwnd_max>85 throughput_kbps>0.000 goodput_kbps>0.000 retrans>0 total_retrans>0 bytes_acked>75020881
18:38:45.325396 TCPINFO flow>2 window>0.100 samples>2 rtt_avg_us>31248 rtt_min_us>31248 rtt_max_us>31248 cwnd>80 cwnd_min>80 cwnd_max>80 throughput_kbps>0.000 goodput_kbps>0.000 retrans>0 total_retrans>0 bytes_acked>75020881
18:38:45.325861 TCPINFO flow>1 window>0.200 samples>3 rtt_avg_us>31893 rtt_min_us>31893 rtt_max_us>31893 cwnd>37 cwnd_min>37 cwnd_max>37 throughput_kbps>0.000 goodput_kbps>0.000 retrans>0 total_retrans>0 bytes_acked>75020881
18:38:45.425399 TCPINFO flow>3 window>0.100 samples>2 rtt_avg_us>31336 rtt_min_us>31336 rtt_max_us>31336 cwnd>85 cwnd_min>85 cwnd_max>85 throughput_kbps>0.000 goodput_kbps>0.000 retrans>0 total_retrans>0 bytes_acked>75020881
18:38:45.425405 TCPINFO flow>2 window>0.100 samples>2 rtt_avg_us>31248 rtt_min_us>31248 rtt_max_us>31248 cwnd>80 cwnd_min>80 cwnd_max>80 throughput_kbps>0.000 goodput_kbps>0.000 retrans>0 total_retrans>0 bytes_acked>75020881
18:38:45.425864 TCPINFO flow>1 window>0.100 samples>2 rtt_avg_us>31893 rtt_min_us>31893 rtt_max_us>31893 cwnd>37 cwnd_min>37 cwnd_max>37 throughput_kbps>0.000 goodput_kbps>0.000 retrans>0 total_retrans>0 bytes_acked>75020881
18:38:45.625399 TCPINFO flow>3 window>0.200 samples>3 rtt_avg_us>31336 rtt_min_us>31336 rtt_max_us>31336 cwnd>85 cwnd_min>85 cwnd_max>85 throughput_kbps>0.000 goodput_kbps>0.000 retrans>0 total_retrans>0 bytes_acked>75020881
18:38:45.625406 TCPINFO flow>2 window>0.200 samples>3 rtt_avg_us>31248 rtt_min_us>31248 rtt_max_us>31248 cwnd>80 cwnd_min>80 cwnd_max>80 throughput_kbps>0.000 goodput_kbps>0.000 retrans>0 total_retrans>0 bytes_acked>75020881
18:38:45.625863 TCPINFO flow>1 window>0.200 samples>3 rtt_avg_us>31893 rtt_min_us>31893 rtt_max_us>31893 cwnd>37 cwnd_min>37 cwnd_max>37 throughput_kbps>0.000 goodput_kbps>0.000 retrans>0 total_retrans>0 bytes_acked>75020881
18:38:45.825406 TCPINFO flow>3 window>0.200 samples>3 rtt_avg_us>31336 rtt_min_us>31336 rtt_max_us>31336 cwnd>85 cwnd_min>85 cwnd_max>85 throughput_kbps>0.000 goodput_kbps>0.000 retrans>0 total_retrans>0 bytes_acked>75020881
18:38:45.825413 TCPINFO flow>2 window>0.200 samples>3 rtt_avg_us>31248 rtt_min_us>31248 rtt_max_us>31248 cwnd>80 cwnd_min>80 cwnd_max>80 throughput_kbps>0.000 goodput_kbps>0.000 retrans>0 total_retrans>0 bytes_acked>75020881
18:38:45.825864 TCPINFO flow>1 window>0.200 samples>3 rtt_avg_us>31893 rtt_min_us>31893 rtt_max_us>31893 cwnd>37 cwnd_min>37 cwnd_max>37 throughput_kbps>0.000 goodput_kbps>0.000 retrans>0 total_retrans>0 bytes_acked>75020881
18:38:46.025395 TCPINFO flow>3 window>0.200 samples>3 rtt_avg_us>31336 rtt_min_us>31336 rtt_max_us>31336 cwnd>85 cwnd_min>85 cwnd_max>85 throughput_kbps>0.000 goodput_kbps>0.000 retrans>0 total_retrans>0 bytes_acked>75020881
18:38:46.025404 TCPINFO flow>2 window>0.200 samples>3 rtt_avg_us>31248 rtt_min_us>31248 rtt_max_us>31248 cwnd>80 cwnd_min>80 cwnd_max>80 throughput_kbps>0.000 goodput_kbps>0.000 retrans>0 total_retrans>0 bytes_acked>75020881
18:38:46.025862 TCPINFO flow>1 window>0.200 samples>3 rtt_avg_us>31893 rtt_min_us>31893 rtt_max_us>31893 cwnd>37 cwnd_min>37 cwnd_max>37 throughput_kbps>0.000 goodput_kbps>0.000 retrans>0 total_retrans>0 bytes_acked>75020881
18:38:46.225405 TCPINFO flow>3 window>0.200 samples>3 rtt_avg_us>31336 rtt_min_us>31336 rtt_max_us>31336 cwnd>85 cwnd_min>85 cwnd_max>85 throughput_kbps>0.000 goodput_kbps>0.000 retrans>0 total_retrans>0 bytes_acked>75020881
18:38:46.225413 TCPINFO flow>2 window>0.200 samples>3 rtt_avg_us>31248 rtt_min_us>31248 rtt_max_us>31248 cwnd>80 cwnd_min>80 cwnd_max>80 throughput_kbps>0.000 goodput_kbps>0.000 retrans>0 total_retrans>0 bytes_acked>75020881
18:38:46.225872 TCPINFO flow>1 window>0.200 samples>3 rtt_avg_us>31893 rtt_min_us>31893 rtt_max_us>31893 cwnd>37 cwnd_min>37 cwnd_max>37 throughput_kbps>0.000 goodput_kbps>0.000 retrans>0 total_retrans>0 bytes_acked>75020881
18:38:46.325435 TCPINFO flow>3 window>0.100 samples>2 rtt_avg_us>31336 rtt_min_us>31336 rtt_max_us>31336 cwnd>85 cwnd_min>85 cwnd_max>85 throughput_kbps>0.000 goodput_kbps>0.000 retrans>0 total_retrans>0 bytes_acked>75020881
18:38:46.325448 TCPINFO flow>2 window>0.100 samples>2 rtt_avg_us>31248 rtt_min_us>31248 rtt_max_us>31248 cwnd>80 cwnd_min>80 cwnd_max>80 throughput_kbps>0.000 goodput_kbps>0.000 retrans>0 total_retrans>0 bytes_acked>75020881
18:38:46.325889 TCPINFO flow>1 window>0.100 samples>2 rtt_avg_us>31893 rtt_min_us>31893 rtt_max_us>31893 cwnd>37 cwnd_min>37 cwnd_max>37 throughput_kbps>0.000 goodput_kbps>0.000 retrans>0 total_retrans>0 bytes_acked>75020881
18:38:46.525390 TCPINFO flow>3 window>0.200 samples>3 rtt_avg_us>31336 rtt_min_us>31336 rtt_max_us>31336 cwnd>85 cwnd_min>85 cwnd_max>85 throughput_kbps>0.000 goodput_kbps>0.000 retrans>0 total_retrans>0 bytes_acked>75020881
18:38:46.525397 TCPINFO flow>2 window>0.200 samples>3 rtt_avg_us>31248 rtt_min_us>31248 rtt_max_us>31248 cwnd>80 cwnd_min>80 cwnd_max>80 throughput_kbps>0.000 goodput_kbps>0.000 retrans>0 total_retrans>0 bytes_acked>75020881
18:38:46.525861 TCPINFO flow>1 window>0.200 samples>3 rtt_avg_us>31893 rtt_min_us>31893 rtt_max_us>31893 cwnd>37 cwnd_min>37 cwnd_max>37 throughput_kbps>0.000 goodput_kbps>0.000 retrans>0 total_retrans>0 bytes_acked>75020881
18:38:46.625400 TCPINFO flow>3 window>0.100 samples>2 rtt_avg_us>31336 rtt_min_us>31336 rtt_max_us>31336 cwnd>85 cwnd_min>85 cwnd_max>85 throughput_kbps>0.000 goodput_kbps>0.000 retrans>0 total_retrans>0 bytes_acked>75020881
18:38:46.625407 TCPINFO flow>2 window>0.100 samples>2 rtt_avg_us>31248 rtt_min_us>31248 rtt_max_us>31248 cwnd>80 cwnd_min>80 cwnd_max>80 throughput_kbps>0.000 goodput_kbps>0.000 retrans>0 total_retrans>0 bytes_acked>75020881
18:38:46.625863 TCPINFO flow>1 window>0.100 samples>2 rtt_avg_us>31893 rtt_min_us>31893 rtt_max_us>31893 cwnd>37 cwnd_min>37 cwnd_max>37 throughput_kbps>0.000 goodput_kbps>0.000 retrans>0 total_retrans>0 bytes_acked>75020881
18:38:46.825402 TCPINFO flow>3 window>0.200 samples>3 rtt_avg_us>31336 rtt_min_us>31336 rtt_max_us>31336 cwnd>85 cwnd_min>85 cwnd_max>85 throughput_kbps>0.000 goodput_kbps>0.000 retrans>0 total_retrans>0 bytes_acked>75020881
18:38:46.825410 TCPINFO flow>2 window>0.200 samples>3 rtt_avg_us>31248 rtt_min_us>31248 rtt_max_us>31248 cwnd>80 cwnd_min>80 cwnd_max>80 throughput_kbps>0.000 goodput_kbps>0.000 retrans>0 total_retrans>0 bytes_acked>75020881
18:38:46.825866 TCPINFO flow>1 window>0.200 samples>3 rtt_avg_us>31893 rtt_min_us>31893 rtt_max_us>31893 cwnd>37 cwnd_min>37 cwnd_max>37 throughput_kbps>0.000 goodput_kbps>0.000 retrans>0 total_retrans>0 bytes_acked>75020881
18:38:46.925426 TCPINFO flow>3 window>0.100 samples>2 rtt_avg_us>31336 rtt_min_us>31336 rtt_max_us>31336 cwnd>85 cwnd_min>85 cwnd_max>85 throughput_kbps>0.000 goodput_kbps>0.000 retrans>0 total_retrans>0 bytes_acked>75020881
18:38:46.925434 TCPINFO flow>2 window>0.100 samples>2 rtt_avg_us>31248 rtt_min_us>31248 rtt_max_us>31248 cwnd>80 cwnd_min>80 cwnd_max>80 throughput_kbps>0.000 goodput_kbps>0.000 retrans>0 total_retrans>0 bytes_acked>75020881
18:38:47.025863 TCPINFO flow>1 window>0.200 samples>3 rtt_avg_us>31893 rtt_min_us>31893 rtt_max_us>31893 cwnd>37 cwnd_min>37 cwnd_max>37 throughput_kbps>0.000 goodput_kbps>0.000 retrans>0 total_retrans>0 bytes_acked>75020881
18:38:47.125387 TCPINFO flow>3 window>0.200 samples>3 rtt_avg_us>31336 rtt_min_us>31336 rtt_max_us>31336 cwnd>85 cwnd_min>85 cwnd_max>85 throughput_kbps>0.000 goodput_kbps>0.000 retrans>0 total_retrans>0 bytes_acked>75020881
18:38:47.125392 TCPINFO flow>2 window>0.200 samples>3 rtt_avg_us>31248 rtt_min_us>31248 rtt_max_us>31248 cwnd>80 cwnd_min>80 cwnd_max>80 throughput_kbps>0.000 goodput_kbps>0.000 retrans>0 total_retrans>0 bytes_acked>75020881
18:38:47.225401 TCPINFO flow>3 window>0.100 samples>2 rtt_avg_us>31336 rtt_min_us>31336 rtt_max_us>31336 cwnd>85 cwnd_min>85 cwnd_max>85 throughput_kbps>0.000 goodput_kbps>0.000 retrans>0 total_retrans>0 bytes_acked>75020881
18:38:47.225406 TCPINFO flow>2 window>0.100 samples>2 rtt_avg_us>31248 rtt_min_us>31248 rtt_max_us>31248 cwnd>80 cwnd_min>80 cwnd_max>80 throughput_kbps>0.000 goodput_kbps>0.000 retrans>0 total_retrans>0 bytes_acked>75020881
18:38:47.225863 TCPINFO flow>1 window>0.200 samples>3 rtt_avg_us>31893 rtt_min_us>31893 rtt_max_us>31893 cwnd>37 cwnd_min>37 cwnd_max>37 throughput_kbps>0.000 goodput_kbps>0.000 retrans>0 total_retrans>0 bytes_acked>75020881
18:38:47.425400 TCPINFO flow>3 window>0.200 samples>3 rtt_avg_us>31336 rtt_min_us>31336 rtt_max_us>31336 cwnd>85 cwnd_min>85 cwnd_max>85 throughput_kbps>0.000 goodput_kbps>0.000 retrans>0 total_retrans>0 bytes_acked>75020881
18:38:47.425407 TCPINFO flow>2 window>0.200 samples>3 rtt_avg_us>31248 rtt_min_us>31248 rtt_max_us>31248 cwnd>80 cwnd_min>80 cwnd_max>80 throughput_kbps>0.000 goodput_kbps>0.000 retrans>0 total_retrans>0 bytes_acked>75020881
18:38:47.425863 TCPINFO flow>1 window>0.200 samples>3 rtt_avg_us>31893 rtt_min_us>31893 rtt_max_us>31893 cwnd>37 cwnd_min>37 cwnd_max>37 throughput_kbps>0.000 goodput_kbps>0.000 retrans>0 total_retrans>0 bytes_acked>75020881
18:38:47.625390 TCPINFO flow>3 window>0.200 samples>3 rtt_avg_us>31336 rtt_min_us>31336 rtt_max_us>31336 cwnd>85 cwnd_min>85 cwnd_max>85 throughput_kbps>0.000 goodput_kbps>0.000 retrans>0 total_retrans>0 bytes_acked>75020881
18:38:47.625396 TCPINFO flow>2 window>0.200 samples>3 rtt_avg_us>31248 rtt_min_us>31248 rtt_max_us>31248 cwnd>80 cwnd_min>80 cwnd_max>80 throughput_kbps>0.000 goodput_kbps>0.000 retrans>0 total_retrans>0 bytes_acked>75020881
18:38:47.625859 TCPINFO flow>1 window>0.200 samples>3 rtt_avg_us>31893 rtt_min_us>31893 rtt_max_us>31893 cwnd>37 cwnd_min>37 cwnd_max>37 throughput_kbps>0.000 goodput_kbps>0.000 retrans>0 total_retrans>0 bytes_acked>75020881
18:38:47.725402 TCPINFO flow>3 window>0.100 samples>2 rtt_avg_us>31336 rtt_min_us>31336 rtt_max_us>31336 cwnd>85 cwnd_min>85 cwnd_max>85 throughput_kbps>0.000 goodput_kbps>0.000 retrans>0 total_retrans>0 bytes_acked>75020881
18:38:47.725444 TCPINFO flow>2 window>0.100 samples>2 rtt_avg_us>31248 rtt_min_us>31248 rtt_max_us>31248 cwnd>80 cwnd_min>80 cwnd_max>80 throughput_kbps>0.000 goodput_kbps>0.000 retrans>0 total_retrans>0 bytes_acked>75020881
18:38:47.725867 TCPINFO flow>1 window>0.100 samples>2 rtt_avg_us>31893 rtt_min_us>31893 rtt_max_us>31893 cwnd>37 cwnd_min>37 cwnd_max>37 throughput_kbps>0.000 goodput_kbps>0.000 retrans>0 total_retrans>0 bytes_acked>75020881
18:38:47.925401 TCPINFO flow>3 window>0.200 samples>3 rtt_avg_us>31336 rtt_min_us>31336 rtt_max_us>31336 cwnd>85 cwnd_min>85 cwnd_max>85 throughput_kbps>0.000 goodput_kbps>0.000 retrans>0 total_retrans>0 bytes_acked>75020881
18:38:47.925408 TCPINFO flow>2 window>0.200 samples>3 rtt_avg_us>31248 rtt_min_us>31248 rtt_max_us>31248 cwnd>80 cwnd_min>80 cwnd_max>80 throughput_kbps>0.000 goodput_kbps>0.000 retrans>0 total_retrans>0 bytes_acked>75020881
18:38:47.925863 TCPINFO flow>1 window>0.200 samples>3 rtt_avg_us>31893 rtt_min_us>31893 rtt_max_us>31893 cwnd>37 cwnd_min>37 cwnd_max>37 throughput_kbps>0.000 goodput_kbps>0.000 retrans>0 total_retrans>0 bytes_acked>75020881
18:38:48.125386 TCPINFO flow>3 window>0.200 samples>3 rtt_avg_us>31336 rtt_min_us>31336 rtt_max_us>31336 cwnd>85 cwnd_min>85 cwnd_max>85 throughput_kbps>0.000 goodput_kbps>0.000 retrans>0 total_retrans>0 bytes_acked>75020881
18:38:48.125399 TCPINFO flow>2 window>0.200 samples>3 rtt_avg_us>31248 rtt_min_us>31248 rtt_max_us>31248 cwnd>80 cwnd_min>80 cwnd_max>80 throughput_kbps>0.000 goodput_kbps>0.000 retrans>0 total_retrans>0 bytes_acked>75020881
18:38:48.125861 TCPINFO flow>1 window>0.200 samples>3 rtt_avg_us>31893 rtt_min_us>31893 rtt_max_us>31893 cwnd>37 cwnd_min>37 cwnd_max>37 throughput_kbps>0.000 goodput_kbps>0.000 retrans>0 total_retrans>0 bytes_acked>75020881
18:38:48.225398 TCPINFO flow>3 window>0.100 samples>2 rtt_avg_us>31336 rtt_min_us>31336 rtt_max_us>31336 cwnd>85 cwnd_min>85 cwnd_max>85 throughput_kbps>0.000 goodput_kbps>0.000 retrans>0 total_retrans>0 bytes_acked>75020881
18:38:48.225404 TCPINFO flow>2 window>0.100 samples>2 rtt_avg_us>31248 rtt_min_us>31248 rtt_max_us>31248 cwnd>80 cwnd_min>80 cwnd_max>80 throughput_kbps>0.000 goodput_kbps>0.000 retrans>0 total_retrans>0 bytes_acked>75020881
18:38:48.225863 TCPINFO flow>1 window>0.100 samples>2 rtt_avg_us>31893 rtt_min_us>31893 rtt_max_us>31893 cwnd>37 cwnd_min>37 cwnd_max>37 throughput_kbps>0.000 goodput_kbps>0.000 retrans>0 total_retrans>0 bytes_acked>75020881
18:38:48.425389 TCPINFO flow>3 window>0.200 samples>3 rtt_avg_us>31336 rtt_min_us>31336 rtt_max_us>31336 cwnd>85 cwnd_min>85 cwnd_max>85 throughput_kbps>0.000 goodput_kbps>0.000 retrans>0 total_retrans>0 bytes_acked>75020881
18:38:48.425396 TCPINFO flow>2 window>0.200 samples>3 rtt_avg_us>31248 rtt_min_us>31248 rtt_max_us>31248 cwnd>80 cwnd_min>80 cwnd_max>80 throughput_kbps>0.000 goodput_kbps>0.000 retrans>0 total_retrans>0 bytes_acked>75020881
18:38:48.425861 TCPINFO flow>1 window>0.200 samples>3 rtt_avg_us>31893 rtt_min_us>31893 rtt_max_us>31893 cwnd>37 cwnd_min>37 cwnd_max>37 throughput_kbps>0.000 goodput_kbps>0.000 retrans>0 total_retrans>0 bytes_acked>75020881
18:38:48.525421 TCPINFO flow>3 window>0.100 samples>2 rtt_avg_us>31336 rtt_min_us>31336 rtt_max_us>31336 cwnd>85 cwnd_min>85 cwnd_max>85 throughput_kbps>0.000 goodput_kbps>0.000 retrans>0 total_retrans>0 bytes_acked>75020881
18:38:48.525432 TCPINFO flow>2 window>0.100 samples>2 rtt_avg_us>31248 rtt_min_us>31248 rtt_max_us>31248 cwnd>80 cwnd_min>80 cwnd_max>80 throughput_kbps>0.000 goodput_kbps>0.000 retrans>0 total_retrans>0 bytes_acked>75020881
18:38:48.525862 TCPINFO flow>1 window>0.100 samples>2 rtt_avg_us>31893 rtt_min_us>31893 rtt_max_us>31893 cwnd>37 cwnd_min>37 cwnd_max>37 throughput_kbps>0.000 goodput_kbps>0.000 retrans>0 total_retrans>0 bytes_acked>75020881
18:38:48.725400 TCPINFO flow>3 window>0.200 samples>3 rtt_avg_us>31336 rtt_min_us>31336 rtt_max_us>31336 cwnd>85 cwnd_min>85 cwnd_max>85 throughput_kbps>0.000 goodput_kbps>0.000 retrans>0 total_retrans>0 bytes_acked>75020881
18:38:48.725407 TCPINFO flow>2 window>0.200 samples>3 rtt_avg_us>31248 rtt_min_us>31248 rtt_max_us>31248 cwnd>80 cwnd_min>80 cwnd_max>80 throughput_kbps>0.000 goodput_kbps>0.000 retrans>0 total_retrans>0 bytes_acked>75020881
18:38:48.725858 TCPINFO flow>1 window>0.200 samples>3 rtt_avg_us>31893 rtt_min_us>31893 rtt_max_us>31893 cwnd>37 cwnd_min>37 cwnd_max>37 throughput_kbps>0.000 goodput_kbps>0.000 retrans>0 total_retrans>0 bytes_acked>75020881
18:38:48.825861 TCPINFO flow>1 window>0.100 samples>2 rtt_avg_us>31893 rtt_min_us>31893 rtt_max_us>31893 cwnd>37 cwnd_min>37 cwnd_max>37 throughput_kbps>0.000 goodput_kbps>0.000 retrans>0 total_retrans>0 bytes_acked>75020881
18:38:48.925400 TCPINFO flow>3 window>0.200 samples>3 rtt_avg_us>31336 rtt_min_us>31336 rtt_max_us>31336 cwnd>85 cwnd_min>85 cwnd_max>85 throughput_kbps>0.000 goodput_kbps>0.000 retrans>0 total_retrans>0 bytes_acked>75020881
18:38:48.925406 TCPINFO flow>2 window>0.200 samples>3 rtt_avg_us>31248 rtt_min_us>31248 rtt_max_us>31248 cwnd>80 cwnd_min>80 cwnd_max>80 throughput_kbps>0.000 goodput_kbps>0.000 retrans>0 total_retrans>0 bytes_acked>75020881
18:38:48.925863 TCPINFO flow>1 window>0.100 samples>2 rtt_avg_us>31893 rtt_min_us>31893 rtt_max_us>31893 cwnd>37 cwnd_min>37 cwnd_max>37 throughput_kbps>0.000 goodput_kbps>0.000 retrans>0 total_retrans>0 bytes_acked>75020881
18:38:49.125396 TCPINFO flow>3 window>0.200 samples>3 rtt_avg_us>31336 rtt_min_us>31336 rtt_max_us>31336 cwnd>85 cwnd_min>85 cwnd_max>85 throughput_kbps>0.000 goodput_kbps>0.000 retrans>0 total_retrans>0 bytes_acked>75020881
18:38:49.125404 TCPINFO flow>2 window>0.200 samples>3 rtt_avg_us>31248 rtt_min_us>31248 rtt_max_us>31248 cwnd>80 cwnd_min>80 cwnd_max>80 throughput_kbps>0.000 goodput_kbps>0.000 retrans>0 total_retrans>0 bytes_acked>75020881
18:38:49.125863 TCPINFO flow>1 window>0.200 samples>3 rtt_avg_us>31893 rtt_min_us>31893 rtt_max_us>31893 cwnd>37 cwnd_min>37 cwnd_max>37 throughput_kbps>0.000 goodput_kbps>0.000 retrans>0 total_retrans>0 bytes_acked>75020881
18:38:49.225435 TCPINFO flow>3 window>0.100 samples>2 rtt_avg_us>31336 rtt_min_us>31336 rtt_max_us>31336 cwnd>85 cwnd_min>85 cwnd_max>85 throughput_kbps>0.000 goodput_kbps>0.000 retrans>0 total_retrans>0 bytes_acked>75020881
18:38:49.225447 TCPINFO flow>2 window>0.100 samples>2 rtt_avg_us>31248 rtt_min_us>31248 rtt_max_us>31248 cwnd>80 cwnd_min>80 cwnd_max>80 throughput_kbps>0.000 goodput_kbps>0.000 retrans>0 total_retrans>0 bytes_acked>75020881
18:38:49.225870 TCPINFO flow>1 window>0.100 samples>2 rtt_avg_us>31893 rtt_min_us>31893 rtt_max_us>31893 cwnd>37 cwnd_min>37 cwnd_max>37 throughput_kbps>0.000 goodput_kbps>0.000 retrans>0 total_retrans>0 bytes_acked>75020881
18:38:49.425414 TCPINFO flow>3 window>0.200 samples>3 rtt_avg_us>31336 rtt_min_us>31336 rtt_max_us>31336 cwnd>85 cwnd_min>85 cwnd_max>85 throughput_kbps>0.000 goodput_kbps>0.000 retrans>0 total_retrans>0 bytes_acked>75020881
18:38:49.425426 TCPINFO flow>2 window>0.200 samples>3 rtt_avg_us>31248 rtt_min_us>31248 rtt_max_us>31248 cwnd>80 cwnd_min>80 cwnd_max>80 throughput_kbps>0.000 goodput_kbps>0.000 retrans>0 total_retrans>0 bytes_acked>75020881
18:38:49.425884 TCPINFO flow>1 window>0.200 samples>3 rtt_avg_us>31893 rtt_min_us>31893 rtt_max_us>31893 cwnd>37 cwnd_min>37 cwnd_max>37 throughput_kbps>0.000 goodput_kbps>0.000 retrans>0 total_retrans>0 bytes_acked>75020881
18:38:49.625391 TCPINFO flow>3 window>0.200 samples>3 rtt_avg_us>31336 rtt_min_us>31336 rtt_max_us>31336 cwnd>85 cwnd_min>85 cwnd_max>85 throughput_kbps>0.000 goodput_kbps>0.000 retrans>0 total_retrans>0 bytes_acked>75020881
18:38:49.625397 TCPINFO flow>2 window>0.200 samples>3 rtt_avg_us>31248 rtt_min_us>31248 rtt_max_us>31248 cwnd>80 cwnd_min>80 cwnd_max>80 throughput_kbps>0.000 goodput_kbps>0.000 retrans>0 total_retrans>0 bytes_acked>75020881
18:38:49.625860 TCPINFO flow>1 window>0.200 samples>3 rtt_avg_us>31893 rtt_min_us>31893 rtt_max_us>31893 cwnd>37 cwnd_min>37 cwnd_max>37 throughput_kbps>0.000 goodput_kbps>0.000 retrans>0 total_retrans>0 bytes_acked>75020881
18:38:49.725399 TCPINFO flow>3 window>0.100 samples>2 rtt_avg_us>31336 rtt_min_us>31336 rtt_max_us>31336 cwnd>85 cwnd_min>85 cwnd_max>85 throughput_kbps>0.000 goodput_kbps>0.000 retrans>0 total_retrans>0 bytes_acked>75020881
18:38:49.725436 TCPINFO flow>2 window>0.100 samples>2 rtt_avg_us>31248 rtt_min_us>31248 rtt_max_us>31248 cwnd>80 cwnd_min>80 cwnd_max>80 throughput_kbps>0.000 goodput_kbps>0.000 retrans>0 total_retrans>0 bytes_acked>75020881
18:38:49.725864 TCPINFO flow>1 window>0.100 samples>2 rtt_avg_us>31893 rtt_min_us>31893 rtt_max_us>31893 cwnd>37 cwnd_min>37 cwnd_max>37 throughput_kbps>0.000 goodput_kbps>0.000 retrans>0 total_retrans>0 bytes_acked>75020881
18:38:49.825403 TCPINFO flow>3 window>0.100 samples>2 rtt_avg_us>31336 rtt_min_us>31336 rtt_max_us>31336 cwnd>85 cwnd_min>85 cwnd_max>85 throughput_kbps>0.000 goodput_kbps>0.000 retrans>0 total_retrans>0 bytes_acked>75020881
18:38:49.925400 TCPINFO flow>2 window>0.200 samples>3 rtt_avg_us>31248 rtt_min_us>31248 rtt_max_us>31248 cwnd>80 cwnd_min>80 cwnd_max>80 throughput_kbps>0.000 goodput_kbps>0.000 retrans>0 total_retrans>0 bytes_acked>75020881
18:38:49.925861 TCPINFO flow>1 window>0.200 samples>3 rtt_avg_us>31893 rtt_min_us>31893 rtt_max_us>31893 cwnd>37 cwnd_min>37 cwnd_max>37 throughput_kbps>0.000 goodput_kbps>0.000 retrans>0 total_retrans>0 bytes_acked>75020881
18:38:50.025415 TCPINFO flow>3 window>0.200 samples>3 rtt_avg_us>31336 rtt_min_us>31336 rtt_max_us>31336 cwnd>85 cwnd_min>85 cwnd_max>85 throughput_kbps>0.000 goodput_kbps>0.000 retrans>0 total_retrans>0 bytes_acked>75020881
18:38:50.025427 TCPINFO flow>2 window>0.100 samples>2 rtt_avg_us>31248 rtt_min_us>31248 rtt_max_us>31248 cwnd>80 cwnd_min>80 cwnd_max>80 throughput_kbps>0.000 goodput_kbps>0.000 retrans>0 total_retrans>0 bytes_acked>75020881
18:38:50.025881 TCPINFO flow>1 window>0.100 samples>2 rtt_avg_us>31893 rtt_min_us>31893 rtt_max_us>31893 cwnd>37 cwnd_min>37 cwnd_max>37 throughput_kbps>0.000 goodput_kbps>0.000 retrans>0 total_retrans>0 bytes_acked>75020881
18:38:50.125431 TCPINFO flow>3 window>0.100 samples>2 rtt_avg_us>31336 rtt_min_us>31336 rtt_max_us>31336 cwnd>85 cwnd_min>85 cwnd_max>85 throughput_kbps>0.000 goodput_kbps>0.000 retrans>0 total_retrans>0 bytes_acked>75020881
18:38:50.125443 TCPINFO flow>2 window>0.100 samples>2 rtt_avg_us>31248 rtt_min_us>31248 rtt_max_us>31248 cwnd>80 cwnd_min>80 cwnd_max>80 throughput_kbps>0.000 goodput_kbps>0.000 retrans>0 total_retrans>0 bytes_acked>75020881
18:38:50.225862 TCPINFO flow>1 window>0.200 samples>3 rtt_avg_us>31893 rtt_min_us>31893 rtt_max_us>31893 cwnd>37 cwnd_min>37 cwnd_max>37 throughput_kbps>0.000 goodput_kbps>0.000 retrans>0 total_retrans>0 bytes_acked>75020881
18:38:50.325393 TCPINFO flow>3 window>0.200 samples>3 rtt_avg_us>31336 rtt_min_us>31336 rtt_max_us>31336 cwnd>85 cwnd_min>85 cwnd_max>85 throughput_kbps>0.000 goodput_kbps>0.000 retrans>0 total_retrans>0 bytes_acked>75020881
18:38:50.325402 TCPINFO flow>2 window>0.200 samples>3 rtt_avg_us>31248 rtt_min_us>31248 rtt_max_us>31248 cwnd>80 cwnd_min>80 cwnd_max>80 throughput_kbps>0.000 goodput_kbps>0.000 retrans>0 total_retrans>0 bytes_acked>75020881
18:38:50.425858 TCPINFO flow>1 window>0.200 samples>3 rtt_avg_us>31893 rtt_min_us>31893 rtt_max_us>31893 cwnd>37 cwnd_min>37 cwnd_max>37 throughput_kbps>0.000 goodput_kbps>0.000 retrans>0 total_retrans>0 bytes_acked>75020881
18:38:50.525398 TCPINFO flow>3 window>0.200 samples>3 rtt_avg_us>31336 rtt_min_us>31336 rtt_max_us>31336 cwnd>85 cwnd_min>85 cwnd_max>85 throughput_kbps>0.000 goodput_kbps>0.000 retrans>0 total_retrans>0 bytes_acked>75020881
18:38:50.525404 TCPINFO flow>2 window>0.200 samples>3 rtt_avg_us>31248 rtt_min_us>31248 rtt_max_us>31248 cwnd>80 cwnd_min>80 cwnd_max>80 throughput_kbps>0.000 goodput_kbps>0.000 retrans>0 total_retrans>0 bytes_acked>75020881
18:38:50.525861 TCPINFO flow>1 window>0.100 samples>2 rtt_avg_us>31893 rtt_min_us>31893 rtt_max_us>31893 cwnd>37 cwnd_min>37 cwnd_max>37 throughput_kbps>0.000 goodput_kbps>0.000 retrans>0 total_retrans>0 bytes_acked>75020881
18:38:50.625427 TCPINFO flow>3 window>0.100 samples>2 rtt_avg_us>31336 rtt_min_us>31336 rtt_max_us>31336 cwnd>85 cwnd_min>85 cwnd_max>85 throughput_kbps>0.000 goodput_kbps>0.000 retrans>0 total_retrans>0 bytes_acked>75020881
18:38:50.625476 TCPINFO flow>2 window>0.100 samples>2 rtt_avg_us>31248 rtt_min_us>31248 rtt_max_us>31248 cwnd>80 cwnd_min>80 cwnd_max>80 throughput_kbps>0.000 goodput_kbps>0.000 retrans>0 total_retrans>0 bytes_acked>75020881
18:38:50.725861 TCPINFO flow>1 window>0.200 samples>3 rtt_avg_us>31893 rtt_min_us>31893 rtt_max_us>31893 cwnd>37 cwnd_min>37 cwnd_max>37 throughput_kbps>0.000 goodput_kbps>0.000 retrans>0 total_retrans>0 bytes_acked>75020881
18:38:50.825407 TCPINFO flow>3 window>0.200 samples>3 rtt_avg_us>31336 rtt_min_us>31336 rtt_max_us>31336 cwnd>85 cwnd_min>85 cwnd_max>85 throughput_kbps>0.000 goodput_kbps>0.000 retrans>0 total_retrans>0 bytes_acked>75020881
18:38:50.825417 TCPINFO flow>2 window>0.200 samples>3 rtt_avg_us>31248 rtt_min_us>31248 rtt_max_us>31248 cwnd>80 cwnd_min>80 cwnd_max>80 throughput_kbps>0.000 goodput_kbps>0.000 retrans>0 total_retrans>0 bytes_acked>75020881
18:38:50.825862 TCPINFO flow>1 window>0.100 samples>2 rtt_avg_us>31893 rtt_min_us>31893 rtt_max_us>31893 cwnd>37 cwnd_min>37 cwnd_max>37 throughput_kbps>0.000 goodput_kbps>0.000 retrans>0 total_retrans>0 bytes_acked>75020881
18:38:50.925429 TCPINFO flow>3 window>0.100 samples>2 rtt_avg_us>31336 rtt_min_us>31336 rtt_max_us>31336 cwnd>85 cwnd_min>85 cwnd_max>85 throughput_kbps>0.000 goodput_kbps>0.000 retrans>0 total_retrans>0 bytes_acked>75020881
18:38:50.925441 TCPINFO flow>2 window>0.100 samples>2 rtt_avg_us>31248 rtt_min_us>31248 rtt_max_us>31248 cwnd>80 cwnd_min>80 cwnd_max>80 throughput_kbps>0.000 goodput_kbps>0.000 retrans>0 total_retrans>0 bytes_acked>75020881
18:38:50.925883 TCPINFO flow>1 window>0.100 samples>2 rtt_avg_us>31893 rtt_min_us>31893 rtt_max_us>31893 cwnd>37 cwnd_min>37 cwnd_max>37 throughput_kbps>0.000 goodput_kbps>0.000 retrans>0 total_retrans>0 bytes_acked>75020881
18:38:51.125401 TCPINFO flow>3 window>0.200 samples>3 rtt_avg_us>31336 rtt_min_us>31336 rtt_max_us>31336 cwnd>85 cwnd_min>85 cwnd_max>85 throughput_kbps>0.000 goodput_kbps>0.000 retrans>0 total_retrans>0 bytes_acked>75020881
18:38:51.125410 TCPINFO flow>2 window>0.200 samples>3 rtt_avg_us>31248 rtt_min_us>31248 rtt_max_us>31248 cwnd>80 cwnd_min>80 cwnd_max>80 throughput_kbps>0.000 goodput_kbps>0.000 retrans>0 total_retrans>0 bytes_acked>75020881
18:38:51.125862 TCPINFO flow>1 window>0.200 samples>3 rtt_avg_us>31893 rtt_min_us>31893 rtt_max_us>31893 cwnd>37 cwnd_min>37 cwnd_max>37 throughput_kbps>0.000 goodput_kbps>0.000 retrans>0 total_retrans>0 bytes_acked>75020881
18:38:51.225429 TCPINFO flow>3 window>0.100 samples>2 rtt_avg_us>31336 rtt_min_us>31336 rtt_max_us>31336 cwnd>85 cwnd_min>85 cwnd_max>85 throughput_kbps>0.000 goodput_kbps>0.000 retrans>0 total_retrans>0 bytes_acked>75020881
18:38:51.225441 TCPINFO flow>2 window>0.100 samples>2 rtt_avg_us>31248 rtt_min_us>31248 rtt_max_us>31248 cwnd>80 cwnd_min>80 cwnd_max>80 throughput_kbps>0.000 goodput_kbps>0.000 retrans>0 total_retrans>0 bytes_acked>75020881
18:38:51.325863 TCPINFO flow>1 window>0.200 samples>3 rtt_avg_us>31893 rtt_min_us>31893 rtt_max_us>31893 cwnd>37 cwnd_min>37 cwnd_max>37 throughput_kbps>0.000 goodput_kbps>0.000 retrans>0 total_retrans>0 bytes_acked>75020881
18:38:51.425386 TCPINFO flow>3 window>0.200 samples>3 rtt_avg_us>31336 rtt_min_us>31336 rtt_max_us>31336 cwnd>85 cwnd_min>85 cwnd_max>85 throughput_kbps>0.000 goodput_kbps>0.000 retrans>0 total_retrans>0 bytes_acked>75020881
18:38:51.425391 TCPINFO flow>2 window>0.200 samples>3 rtt_avg_us>31248 rtt_min_us>31248 rtt_max_us>31248 cwnd>80 cwnd_min>80 cwnd_max>80 throughput_kbps>0.000 goodput_kbps>0.000 retrans>0 total_retrans>0 bytes_acked>75020881
18:38:51.525401 TCPINFO flow>3 window>0.100 samples>2 rtt_avg_us>31336 rtt_min_us>31336 rtt_max_us>31336 cwnd>85 cwnd_min>85 cwnd_max>85 throughput_kbps>0.000 goodput_kbps>0.000 retrans>0 total_retrans>0 bytes_acked>75020881
18:38:51.525407 TCPINFO flow>2 window>0.100 samples>2 rtt_avg_us>31248 rtt_min_us>31248 rtt_max_us>31248 cwnd>80 cwnd_min>80 cwnd_max>80 throughput_kbps>0.000 goodput_kbps>0.000 retrans>0 total_retrans>0 bytes_acked>75020881
18:38:51.525864 TCPINFO flow>1 window>0.200 samples>3 rtt_avg_us>31893 rtt_min_us>31893 rtt_max_us>31893 cwnd>37 cwnd_min>37 cwnd_max>37 throughput_kbps>0.000 goodput_kbps>0.000 retrans>0 total_retrans>0 bytes_acked>75020881
18:38:51.625404 TCPINFO flow>3 window>0.100 samples>2 rtt_avg_us>31336 rtt_min_us>31336 rtt_max_us>31336 cwnd>85 cwnd_min>85 cwnd_max>85 throughput_kbps>0.000 goodput_kbps>0.000 retrans>0 total_retrans>0 bytes_acked>75020881
18:38:51.625411 TCPINFO flow>2 window>0.100 samples>2 rtt_avg_us>31248 rtt_min_us>31248 rtt_max_us>31248 cwnd>80 cwnd_min>80 cwnd_max>80 throughput_kbps>0.000 goodput_kbps>0.000 retrans>0 total_retrans>0 bytes_acked>75020881
18:38:51.725867 TCPINFO flow>1 window>0.200 samples>3 rtt_avg_us>31893 rtt_min_us>31893 rtt_max_us>31893 cwnd>37 cwnd_min>37 cwnd_max>37 throughput_kbps>0.000 goodput_kbps>0.000 retrans>0 total_retrans>0 bytes_acked>75020881
18:38:51.825398 TCPINFO flow>3 window>0.200 samples>3 rtt_avg_us>31336 rtt_min_us>31336 rtt_max_us>31336 cwnd>85 cwnd_min>85 cwnd_max>85 throughput_kbps>0.000 goodput_kbps>0.000 retrans>0 total_retrans>0 bytes_acked>75020881
18:38:51.825404 TCPINFO flow>2 window>0.200 samples>3 rtt_avg_us>31248 rtt_min_us>31248 rtt_max_us>31248 cwnd>80 cwnd_min>80 cwnd_max>80 throughput_kbps>0.000 goodput_kbps>0.000 retrans>0 total_retrans>0 bytes_acked>75020881
18:38:51.925428 TCPINFO flow>3 window>0.100 samples>2 rtt_avg_us>31336 rtt_min_us>31336 rtt_max_us>31336 cwnd>85 cwnd_min>85 cwnd_max>85 throughput_kbps>0.000 goodput_kbps>0.000 retrans>0 total_retrans>0 bytes_acked>75020881
18:38:51.925438 TCPINFO flow>2 window>0.100 samples>2 rtt_avg_us>31248 rtt_min_us>31248 rtt_max_us>31248 cwnd>80 cwnd_min>80 cwnd_max>80 throughput_kbps>0.000 goodput_kbps>0.000 retrans>0 total_retrans>0 bytes_acked>75020881
18:38:51.925884 TCPINFO flow>1 window>0.200 samples>3 rtt_avg_us>31893 rtt_min_us>31893 rtt_max_us>31893 cwnd>37 cwnd_min>37 cwnd_max>37 throughput_kbps>0.000 goodput_kbps>0.000 retrans>0 total_retrans>0 bytes_acked>75020881
18:38:52.125406 TCPINFO flow>3 window>0.200 samples>3 rtt_avg_us>31336 rtt_min_us>31336 rtt_max_us>31336 cwnd>85 cwnd_min>85 cwnd_max>85 throughput_kbps>0.000 goodput_kbps>0.000 retrans>0 total_retrans>0 bytes_acked>75020881
18:38:52.125416 TCPINFO flow>2 window>0.200 samples>3 rtt_avg_us>31248 rtt_min_us>31248 rtt_max_us>31248 cwnd>80 cwnd_min>80 cwnd_max>80 throughput_kbps>0.000 goodput_kbps>0.000 retrans>0 total_retrans>0 bytes_acked>75020881
18:38:52.125869 TCPINFO flow>1 window>0.200 samples>3 rtt_avg_us>31893 rtt_min_us>31893 rtt_max_us>31893 cwnd>37 cwnd_min>37 cwnd_max>37 throughput_kbps>0.000 goodput_kbps>0.000 retrans>0 total_retrans>0 bytes_acked>75020881
18:38:52.225412 TCPINFO flow>3 window>0.100 samples>2 rtt_avg_us>31336 rtt_min_us>31336 rtt_max_us>31336 cwnd>85 cwnd_min>85 cwnd_max>85 throughput_kbps>0.000 goodput_kbps>0.000 retrans>0 total_retrans>0 bytes_acked>75020881
18:38:52.225419 TCPINFO flow>2 window>0.100 samples>2 rtt_avg_us>31248 rtt_min_us>31248 rtt_max_us>31248 cwnd>80 cwnd_min>80 cwnd_max>80 throughput_kbps>0.000 goodput_kbps>0.000 retrans>0 total_retrans>0 bytes_acked>75020881
18:38:52.225871 TCPINFO flow>1 window>0.100 samples>2 rtt_avg_us>31893 rtt_min_us>31893 rtt_max_us>31893 cwnd>37 cwnd_min>37 cwnd_max>37 throughput_kbps>0.000 goodput_kbps>0.000 retrans>0 total_retrans>0 bytes_acked>75020881
18:38:52.425406 TCPINFO flow>3 window>0.200 samples>3 rtt_avg_us>31336 rtt_min_us>31336 rtt_max_us>31336 cwnd>85 cwnd_min>85 cwnd_max>85 throughput_kbps>0.000 goodput_kbps>0.000 retrans>0 total_retrans>0 bytes_acked>75020881
18:38:52.425414 TCPINFO flow>2 window>0.200 samples>3 rtt_avg_us>31248 rtt_min_us>31248 rtt_max_us>31248 cwnd>80 cwnd_min>80 cwnd_max>80 throughput_kbps>0.000 goodput_kbps>0.000 retrans>0 total_retrans>0 bytes_acked>75020881
18:38:52.425865 TCPINFO flow>1 window>0.200 samples>3 rtt_avg_us>31893 rtt_min_us>31893 rtt_max_us>31893 cwnd>37 cwnd_min>37 cwnd_max>37 throughput_kbps>0.000 goodput_kbps>0.000 retrans>0 total_retrans>0 bytes_acked>75020881
18:38:52.525869 TCPINFO flow>1 window>0.100 samples>2 rtt_avg_us>31893 rtt_min_us>31893 rtt_max_us>31893 cwnd>37 cwnd_min>37 cwnd_max>37 throughput_kbps>0.000 goodput_kbps>0.000 retrans>0 total_retrans>0 bytes_acked>75020881
18:38:52.625405 TCPINFO flow>3 window>0.200 samples>3 rtt_avg_us>31336 rtt_min_us>31336 rtt_max_us>31336 cwnd>85 cwnd_min>85 cwnd_max>85 throughput_kbps>0.000 goodput_kbps>0.000 retrans>0 total_retrans>0 bytes_acked>75020881
18:38:52.625412 TCPINFO flow>2 window>0.200 samples>3 rtt_avg_us>31248 rtt_min_us>31248 rtt_max_us>31248 cwnd>80 cwnd_min>80 cwnd_max>80 throughput_kbps>0.000 goodput_kbps>0.000 retrans>0 total_retrans>0 bytes_acked>75020881
18:38:52.625871 TCPINFO flow>1 window>0.100 samples>2 rtt_avg_us>31893 rtt_min_us>31893 rtt_max_us>31893 cwnd>37 cwnd_min>37 cwnd_max>37 throughput_kbps>0.000 goodput_kbps>0.000 retrans>0 total_retrans>0 bytes_acked>75020881
18:38:52.825403 TCPINFO flow>3 window>0.200 samples>3 rtt_avg_us>31336 rtt_min_us>31336 rtt_max_us>31336 cwnd>85 cwnd_min>85 cwnd_max>85 throughput_kbps>0.000 goodput_kbps>0.000 retrans>0 total_retrans>0 bytes_acked>75020881
18:38:52.825411 TCPINFO flow>2 window>0.200 samples>3 rtt_avg_us>31248 rtt_min_us>31248 rtt_max_us>31248 cwnd>80 cwnd_min>80 cwnd_max>80 throughput_kbps>0.000 goodput_kbps>0.000 retrans>0 total_retrans>0 bytes_acked>75020881
18:38:52.825867 TCPINFO flow>1 window>0.200 samples>3 rtt_avg_us>31893 rtt_min_us>31893 rtt_max_us>31893 cwnd>37 cwnd_min>37 cwnd_max>37 throughput_kbps>0.000 goodput_kbps>0.000 retrans>0 total_retrans>0 bytes_acked>75020881
18:38:52.925408 TCPINFO flow>3 window>0.100 samples>2 rtt_avg_us>31336 rtt_min_us>31336 rtt_max_us>31336 cwnd>85 cwnd_min>85 cwnd_max>85 throughput_kbps>0.000 goodput_kbps>0.000 retrans>0 total_retrans>0 bytes_acked>75020881
18:38:52.925415 TCPINFO flow>2 window>0.100 samples>2 rtt_avg_us>31248 rtt_min_us>31248 rtt_max_us>31248 cwnd>80 cwnd_min>80 cwnd_max>80 throughput_kbps>0.000 goodput_kbps>0.000 retrans>0 total_retrans>0 bytes_acked>75020881
18:38:52.925870 TCPINFO flow>1 window>0.100 samples>2 rtt_avg_us>31893 rtt_min_us>31893 rtt_max_us>31893 cwnd>37 cwnd_min>37 cwnd_max>37 throughput_kbps>0.000 goodput_kbps>0.000 retrans>0 total_retrans>0 bytes_acked>75020881
18:38:53.025871 TCPINFO flow>1 window>0.100 samples>2 rtt_avg_us>31893 rtt_min_us>31893 rtt_max_us>31893 cwnd>37 cwnd_min>37 cwnd_max>37 throughput_kbps>0.000 goodput_kbps>0.000 retrans>0 total_retrans>0 bytes_acked>75020881
18:38:53.125405 TCPINFO flow>3 window>0.200 samples>3 rtt_avg_us>31336 rtt_min_us>31336 rtt_max_us>31336 cwnd>85 cwnd_min>85 cwnd_max>85 throughput_kbps>0.000 goodput_kbps>0.000 retrans>0 total_retrans>0 bytes_acked>75020881
18:38:53.125412 TCPINFO flow>2 window>0.200 samples>3 rtt_avg_us>31248 rtt_min_us>31248 rtt_max_us>31248 cwnd>80 cwnd_min>80 cwnd_max>80 throughput_kbps>0.000 goodput_kbps>0.000 retrans>0 total_retrans>0 bytes_acked>75020881
18:38:53.125873 TCPINFO flow>1 window>0.100 samples>2 rtt_avg_us>31893 rtt_min_us>31893 rtt_max_us>31893 cwnd>37 cwnd_min>37 cwnd_max>37 throughput_kbps>0.000 goodput_kbps>0.000 retrans>0 total_retrans>0 bytes_acked>75020881
18:38:53.325410 TCPINFO flow>3 window>0.200 samples>3 rtt_avg_us>31336 rtt_min_us>31336 rtt_max_us>31336 cwnd>85 cwnd_min>85 cwnd_max>85 throughput_kbps>0.000 goodput_kbps>0.000 retrans>0 total_retrans>0 bytes_acked>75020881
18:38:53.325420 TCPINFO flow>2 window>0.200 samples>3 rtt_avg_us>31248 rtt_min_us>31248 rtt_max_us>31248 cwnd>80 cwnd_min>80 cwnd_max>80 throughput_kbps>0.000 goodput_kbps>0.000 retrans>0 total_retrans>0 bytes_acked>75020881
18:38:53.325869 TCPINFO flow>1 window>0.200 samples>3 rtt_avg_us>31893 rtt_min_us>31893 rtt_max_us>31893 cwnd>37 cwnd_min>37 cwnd_max>37 throughput_kbps>0.000 goodput_kbps>0.000 retrans>0 total_retrans>0 bytes_acked>75020881
18:38:53.425411 TCPINFO flow>3 window>0.100 samples>2 rtt_avg_us>31336 rtt_min_us>31336 rtt_max_us>31336 cwnd>85 cwnd_min>85 cwnd_max>85 throughput_kbps>0.000 goodput_kbps>0.000 retrans>0 total_retrans>0 bytes_acked>75020881
18:38:53.425873 TCPINFO flow>1 window>0.100 samples>2 rtt_avg_us>31893 rtt_min_us>31893 rtt_max_us>31893 cwnd>37 cwnd_min>37 cwnd_max>37 throughput_kbps>0.000 goodput_kbps>0.000 retrans>0 total_retrans>0 bytes_acked>75020881
18:38:53.525401 TCPINFO flow>2 window>0.200 samples>3 rtt_avg_us>31248 rtt_min_us>31248 rtt_max_us>31248 cwnd>80 cwnd_min>80 cwnd_max>80 throughput_kbps>0.000 goodput_kbps>0.000 retrans>0 total_retrans>0 bytes_acked>75020881
18:38:53.525874 TCPINFO flow>1 window>0.100 samples>2 rtt_avg_us>31893 rtt_min_us>31893 rtt_max_us>31893 cwnd>37 cwnd_min>37 cwnd_max>37 throughput_kbps>0.000 goodput_kbps>0.000 retrans>0 total_retrans>0 bytes_acked>75020881
18:38:53.625408 TCPINFO flow>3 window>0.200 samples>3 rtt_avg_us>31336 rtt_min_us>31336 rtt_max_us>31336 cwnd>85 cwnd_min>85 cwnd_max>85 throughput_kbps>0.000 goodput_kbps>0.000 retrans>0 total_retrans>0 bytes_acked>75020881
18:38:53.625415 TCPINFO flow>2 window>0.100 samples>2 rtt_avg_us>31248 rtt_min_us>31248 rtt_max_us>31248 cwnd>80 cwnd_min>80 cwnd_max>80 throughput_kbps>0.000 goodput_kbps>0.000 retrans>0 total_retrans>0 bytes_acked>75020881
18:38:53.725872 TCPINFO flow>1 window>0.200 samples>3 rtt_avg_us>31893 rtt_min_us>31893 rtt_max_us>31893 cwnd>37 cwnd_min>37 cwnd_max>37 throughput_kbps>0.000 goodput_kbps>0.000 retrans>0 total_retrans>0 bytes_acked>75020881
18:38:53.825411 TCPINFO flow>3 window>0.200 samples>3 rtt_avg_us>31336 rtt_min_us>31336 rtt_max_us>31336 cwnd>85 cwnd_min>85 cwnd_max>85 throughput_kbps>0.000 goodput_kbps>0.000 retrans>0 total_retrans>0 bytes_acked>75020881
18:38:53.825418 TCPINFO flow>2 window>0.200 samples>3 rtt_avg_us>31248 rtt_min_us>31248 rtt_max_us>31248 cwnd>80 cwnd_min>80 cwnd_max>80 throughput_kbps>0.000 goodput_kbps>0.000 retrans>0 total_retrans>0 bytes_acked>75020881
18:38:53.925872 TCPINFO flow>1 window>0.200 samples>3 rtt_avg_us>31893 rtt_min_us>31893 rtt_max_us>31893 cwnd>37 cwnd_min>37 cwnd_max>37 throughput_kbps>0.000 goodput_kbps>0.000 retrans>0 total_retrans>0 bytes_acked>75020881
18:38:54.025403 TCPINFO flow>3 window>0.200 samples>3 rtt_avg_us>31336 rtt_min_us>31336 rtt_max_us>31336 cwnd>85 cwnd_min>85 cwnd_max>85 throughput_kbps>0.000 goodput_kbps>0.000 retrans>0 total_retrans>0 bytes_acked>75020881
18:38:54.025412 TCPINFO flow>2 window>0.200 samples>3 rtt_avg_us>31248 rtt_min_us>31248 rtt_max_us>31248 cwnd>80 cwnd_min>80 cwnd_max>80 throughput_kbps>0.000 goodput_kbps>0.000 retrans>0 total_retrans>0 bytes_acked>75020881
18:38:54.025873 TCPINFO flow>1 window>0.100 samples>2 rtt_avg_us>31893 rtt_min_us>31893 rtt_max_us>31893 cwnd>37 cwnd_min>37 cwnd_max>37 throughput_kbps>0.000 goodput_kbps>0.000 retrans>0 total_retrans>0 bytes_acked>75020881
18:38:54.225403 TCPINFO flow>3 window>0.200 samples>3 rtt_avg_us>31336 rtt_min_us>31336 rtt_max_us>31336 cwnd>85 cwnd_min>85 cwnd_max>85 throughput_kbps>0.000 goodput_kbps>0.000 retrans>0 total_retrans>0 bytes_acked>75020881
18:38:54.225410 TCPINFO flow>2 window>0.200 samples>3 rtt_avg_us>31248 rtt_min_us>31248 rtt_max_us>31248 cwnd>80 cwnd_min>80 cwnd_max>80 throughput_kbps>0.000 goodput_kbps>0.000 retrans>0 total_retrans>0 bytes_acked>75020881
18:38:54.225869 TCPINFO flow>1 window>0.200 samples>3 rtt_avg_us>31893 rtt_min_us>31893 rtt_max_us>31893 cwnd>37 cwnd_min>37 cwnd_max>37 throughput_kbps>0.000 goodput_kbps>0.000 retrans>0 total_retrans>0 bytes_acked>75020881
18:38:54.425385 TCPINFO flow>3 window>0.200 samples>3 rtt_avg_us>31336 rtt_min_us>31336 rtt_max_us>31336 cwnd>85 cwnd_min>85 cwnd_max>85 throughput_kbps>0.000 goodput_kbps>0.000 retrans>0 total_retrans>0 bytes_acked>75020881
18:38:54.425392 TCPINFO flow>2 window>0.200 samples>3 rtt_avg_us>31248 rtt_min_us>31248 rtt_max_us>31248 cwnd>80 cwnd_min>80 cwnd_max>80 throughput_kbps>0.000 goodput_kbps>0.000 retrans>0 total_retrans>0 bytes_acked>75020881
18:38:54.425878 TCPINFO flow>1 window>0.200 samples>3 rtt_avg_us>31893 rtt_min_us>31893 rtt_max_us>31893 cwnd>37 cwnd_min>37 cwnd_max>37 throughput_kbps>0.000 goodput_kbps>0.000 retrans>0 total_retrans>0 bytes_acked>75020881
18:38:54.625404 TCPINFO flow>3 window>0.200 samples>3 rtt_avg_us>31336 rtt_min_us>31336 rtt_max_us>31336 cwnd>85 cwnd_min>85 cwnd_max>85 throughput_kbps>0.000 goodput_kbps>0.000 retrans>0 total_retrans>0 bytes_acked>75020881
18:38:54.625461 TCPINFO flow>2 window>0.200 samples>3 rtt_avg_us>31248 rtt_min_us>31248 rtt_max_us>31248 cwnd>80 cwnd_min>80 cwnd_max>80 throughput_kbps>0.000 goodput_kbps>0.000 retrans>0 total_retrans>0 bytes_acked>75020881
18:38:54.625876 TCPINFO flow>1 window>0.200 samples>3 rtt_avg_us>31893 rtt_min_us>31893 rtt_max_us>31893 cwnd>37 cwnd_min>37 cwnd_max>37 throughput_kbps>0.000 goodput_kbps>0.000 retrans>0 total_retrans>0 bytes_acked>75020881
18:38:54.825396 TCPINFO flow>3 window>0.200 samples>3 rtt_avg_us>31336 rtt_min_us>31336 rtt_max_us>31336 cwnd>85 cwnd_min>85 cwnd_max>85 throughput_kbps>0.000 goodput_kbps>0.000 retrans>0 total_retrans>0 bytes_acked>75020881
18:38:54.825402 TCPINFO flow>2 window>0.200 samples>3 rtt_avg_us>31248 rtt_min_us>31248 rtt_max_us>31248 cwnd>80 cwnd_min>80 cwnd_max>80 throughput_kbps>0.000 goodput_kbps>0.000 retrans>0 total_retrans>0 bytes_acked>75020881
18:38:54.825859 TCPINFO flow>1 window>0.200 samples>3 rtt_avg_us>31893 rtt_min_us>31893 rtt_max_us>31893 cwnd>37 cwnd_min>37 cwnd_max>37 throughput_kbps>0.000 goodput_kbps>0.000 retrans>0 total_retrans>0 bytes_acked>75020881
18:38:54.925877 TCPINFO flow>1 window>0.100 samples>2 rtt_avg_us>31893 rtt_min_us>31893 rtt_max_us>31893 cwnd>37 cwnd_min>37 cwnd_max>37 throughput_kbps>0.000 goodput_kbps>0.000 retrans>0 total_retrans>0 bytes_acked>75020881
18:38:55.025414 TCPINFO flow>3 window>0.200 samples>3 rtt_avg_us>31336 rtt_min_us>31336 rtt_max_us>31336 cwnd>85 cwnd_min>85 cwnd_max>85 throughput_kbps>0.000 goodput_kbps>0.000 retrans>0 total_retrans>0 bytes_acked>75020881
18:38:55.025427 TCPINFO flow>2 window>0.200 samples>3 rtt_avg_us>31248 rtt_min_us>31248 rtt_max_us>31248 cwnd>80 cwnd_min>80 cwnd_max>80 throughput_kbps>0.000 goodput_kbps>0.000 retrans>0 total_retrans>0 bytes_acked>75020881
18:38:55.125325 SHUTDOWN flow>3 srcPort>38265 dst>fd00:6::2/5203 
18:38:55.125357 SHUTDOWN flow>2 srcPort>39307 dst>fd00:6::2/5202 
18:38:55.125384 SHUTDOWN flow>1 srcPort>41053 dst>fd00:6::2/5201 
18:38:55.158222 OFF flow>2 srcPort>39307 dst>fd00:6::2/5202 
18:38:55.158533 OFF flow>1 srcPort>41053 dst>fd00:6::2/5201 
18:38:55.162030 OFF flow>3 srcPort>38265 dst>fd00:6::2/5203 
18:38:55.162048 STOP
