16:37:50.181925 START Mgen Version 5.1.1
16:37:55.350494 ON flow>3204 srcPort>43767 dst>fd10:62:100::2/21004 
16:37:55.350842 CONNECT flow>3204 srcPort>43767 dst>fd10:62:100::2/21004 
16:37:55.616448 ON flow>3212 srcPort>39853 dst>fd10:62:100::2/21012 
16:37:55.616767 CONNECT flow>3212 srcPort>39853 dst>fd10:62:100::2/21012 
16:37:55.864166 ON flow>3220 srcPort>38789 dst>fd10:62:100::2/21020 
16:37:55.864514 CONNECT flow>3220 srcPort>38789 dst>fd10:62:100::2/21020 
16:37:56.002278 ON flow>3228 srcPort>39517 dst>fd10:62:100::2/21028 
16:37:56.002655 CONNECT flow>3228 srcPort>39517 dst>fd10:62:100::2/21028 
16:37:56.149228 ON flow>3236 srcPort>35025 dst>fd10:62:100::2/21036 
16:37:56.149552 CONNECT flow>3236 srcPort>35025 dst>fd10:62:100::2/21036 
16:37:56.420341 ON flow>3244 srcPort>32907 dst>fd10:62:100::2/21044 
16:37:56.420648 CONNECT flow>3244 srcPort>32907 dst>fd10:62:100::2/21044 
16:37:56.581035 ON flow>3252 srcPort>39701 dst>fd10:62:100::2/21052 
16:37:56.581430 CONNECT flow>3252 srcPort>39701 dst>fd10:62:100::2/21052 
16:37:56.658631 ON flow>3260 srcPort>45481 dst>fd10:62:100::2/21060 
16:37:56.658924 CONNECT flow>3260 srcPort>45481 dst>fd10:62:100::2/21060 
16:37:56.781754 ON flow>3268 srcPort>42597 dst>fd10:62:100::2/21068 
16:37:56.782027 CONNECT flow>3268 srcPort>42597 dst>fd10:62:100::2/21068 
16:37:56.908728 ON flow>3276 srcPort>41849 dst>fd10:62:100::2/21076 
16:37:56.909021 CONNECT flow>3276 srcPort>41849 dst>fd10:62:100::2/21076 
16:37:56.983252 ON flow>3284 srcPort>42625 dst>fd10:62:100::2/21084 
16:37:56.983601 CONNECT flow>3284 srcPort>42625 dst>fd10:62:100::2/21084 
16:37:57.044719 ON flow>3292 srcPort>38863 dst>fd10:62:100::2/21092 
16:37:57.045160 CONNECT flow>3292 srcPort>38863 dst>fd10:62:100::2/21092 
16:37:57.085494 ON flow>3300 srcPort>35861 dst>fd10:62:100::2/21100 
16:37:57.085807 CONNECT flow>3300 srcPort>35861 dst>fd10:62:100::2/21100 
16:37:57.173837 ON flow>3308 srcPort>39217 dst>fd10:62:100::2/21108 
16:37:57.174185 CONNECT flow>3308 srcPort>39217 dst>fd10:62:100::2/21108 
16:37:57.232240 ON flow>3316 srcPort>37705 dst>fd10:62:100::2/21116 
16:37:57.232473 CONNECT flow>3316 srcPort>37705 dst>fd10:62:100::2/21116 
16:37:57.309638 ON flow>3324 srcPort>40525 dst>fd10:62:100::2/21124 
16:37:57.309906 CONNECT flow>3324 srcPort>40525 dst>fd10:62:100::2/21124 
16:37:57.390743 ON flow>3332 srcPort>34487 dst>fd10:62:100::2/21132 
16:37:57.390992 CONNECT flow>3332 srcPort>34487 dst>fd10:62:100::2/21132 
16:37:57.460741 ON flow>3340 srcPort>40101 dst>fd10:62:100::2/21140 
16:37:57.461163 CONNECT flow>3340 srcPort>40101 dst>fd10:62:100::2/21140 
16:37:57.524841 ON flow>3348 srcPort>40203 dst>fd10:62:100::2/21148 
16:37:57.525468 CONNECT flow>3348 srcPort>40203 dst>fd10:62:100::2/21148 
16:37:57.631743 ON flow>3356 srcPort>37381 dst>fd10:62:100::2/21156 
16:37:57.632040 CONNECT flow>3356 srcPort>37381 dst>fd10:62:100::2/21156 
16:37:57.731366 ON flow>3364 srcPort>42513 dst>fd10:62:100::2/21164 
16:37:57.731848 CONNECT flow>3364 srcPort>42513 dst>fd10:62:100::2/21164 
16:37:57.893533 ON flow>3372 srcPort>40651 dst>fd10:62:100::2/21172 
16:37:57.893869 CONNECT flow>3372 srcPort>40651 dst>fd10:62:100::2/21172 
16:37:58.015094 ON flow>3380 srcPort>40145 dst>fd10:62:100::2/21180 
16:37:58.015487 CONNECT flow>3380 srcPort>40145 dst>fd10:62:100::2/21180 
16:37:58.216709 ON flow>3388 srcPort>46247 dst>fd10:62:100::2/21188 
16:37:58.217714 CONNECT flow>3388 srcPort>46247 dst>fd10:62:100::2/21188 
16:37:58.359311 ON flow>3396 srcPort>34053 dst>fd10:62:100::2/21196 
16:37:58.359664 CONNECT flow>3396 srcPort>34053 dst>fd10:62:100::2/21196 
16:37:58.495127 ON flow>3404 srcPort>39599 dst>fd10:62:100::2/21204 
16:37:58.495626 CONNECT flow>3404 srcPort>39599 dst>fd10:62:100::2/21204 
16:37:58.665497 ON flow>3412 srcPort>40757 dst>fd10:62:100::2/21212 
16:37:58.666174 CONNECT flow>3412 srcPort>40757 dst>fd10:62:100::2/21212 
16:37:58.721814 ON flow>3420 srcPort>44403 dst>fd10:62:100::2/21220 
16:37:58.722599 CONNECT flow>3420 srcPort>44403 dst>fd10:62:100::2/21220 
16:37:58.871112 ON flow>3428 srcPort>45489 dst>fd10:62:100::2/21228 
16:37:58.871800 CONNECT flow>3428 srcPort>45489 dst>fd10:62:100::2/21228 
16:37:58.920531 ON flow>3436 srcPort>35213 dst>fd10:62:100::2/21236 
16:37:58.921218 CONNECT flow>3436 srcPort>35213 dst>fd10:62:100::2/21236 
16:37:59.022877 ON flow>3444 srcPort>34857 dst>fd10:62:100::2/21244 
16:37:59.023564 CONNECT flow>3444 srcPort>34857 dst>fd10:62:100::2/21244 
16:37:59.081341 ON flow>3452 srcPort>46693 dst>fd10:62:100::2/21252 
16:37:59.082005 CONNECT flow>3452 srcPort>46693 dst>fd10:62:100::2/21252 
16:37:59.217047 ON flow>3460 srcPort>38681 dst>fd10:62:100::2/21260 
16:37:59.217405 CONNECT flow>3460 srcPort>38681 dst>fd10:62:100::2/21260 
16:37:59.333310 ON flow>3468 srcPort>39741 dst>fd10:62:100::2/21268 
16:37:59.333742 CONNECT flow>3468 srcPort>39741 dst>fd10:62:100::2/21268 
16:37:59.470653 ON flow>3476 srcPort>41121 dst>fd10:62:100::2/21276 
16:37:59.471017 CONNECT flow>3476 srcPort>41121 dst>fd10:62:100::2/21276 
16:37:59.635829 ON flow>3484 srcPort>44613 dst>fd10:62:100::2/21284 
16:37:59.636814 CONNECT flow>3484 srcPort>44613 dst>fd10:62:100::2/21284 
16:37:59.703613 ON flow>3492 srcPort>34667 dst>fd10:62:100::2/21292 
16:37:59.704998 CONNECT flow>3492 srcPort>34667 dst>fd10:62:100::2/21292 
16:37:59.764852 ON flow>3500 srcPort>39677 dst>fd10:62:100::2/21300 
16:37:59.767198 CONNECT flow>3500 srcPort>39677 dst>fd10:62:100::2/21300 
16:37:59.859280 ON flow>3508 srcPort>44009 dst>fd10:62:100::2/21308 
16:37:59.862837 CONNECT flow>3508 srcPort>44009 dst>fd10:62:100::2/21308 
16:37:59.970423 ON flow>3516 srcPort>37229 dst>fd10:62:100::2/21316 
16:37:59.973709 CONNECT flow>3516 srcPort>37229 dst>fd10:62:100::2/21316 
16:38:00.081761 ON flow>3524 srcPort>41995 dst>fd10:62:100::2/21324 
16:38:00.097101 CONNECT flow>3524 srcPort>41995 dst>fd10:62:100::2/21324 
16:38:00.150379 SHUTDOWN flow>3204 srcPort>43767 dst>fd10:62:100::2/21004 
16:38:00.189463 OFF flow>3204 srcPort>43767 dst>fd10:62:100::2/21004 
16:38:00.233248 ON flow>3532 srcPort>44721 dst>fd10:62:100::2/21332 
16:38:00.262317 CONNECT flow>3532 srcPort>44721 dst>fd10:62:100::2/21332 
16:38:00.416449 SHUTDOWN flow>3212 srcPort>39853 dst>fd10:62:100::2/21012 
16:38:00.468769 OFF flow>3212 srcPort>39853 dst>fd10:62:100::2/21012 
16:38:00.588174 ON flow>3540 srcPort>39697 dst>fd10:62:100::2/21340 
16:38:00.658744 CONNECT flow>3540 srcPort>39697 dst>fd10:62:100::2/21340 
16:38:00.664091 SHUTDOWN flow>3220 srcPort>38789 dst>fd10:62:100::2/21020 
16:38:00.739326 OFF flow>3220 srcPort>38789 dst>fd10:62:100::2/21020 
16:38:00.802182 SHUTDOWN flow>3228 srcPort>39517 dst>fd10:62:100::2/21028 
16:38:00.880506 OFF flow>3228 srcPort>39517 dst>fd10:62:100::2/21028 
16:38:00.949102 SHUTDOWN flow>3236 srcPort>35025 dst>fd10:62:100::2/21036 
16:38:01.028356 OFF flow>3236 srcPort>35025 dst>fd10:62:100::2/21036 
16:38:01.033219 ON flow>3548 srcPort>35019 dst>fd10:62:100::2/21348 
16:38:01.112528 CONNECT flow>3548 srcPort>35019 dst>fd10:62:100::2/21348 
16:38:01.220279 SHUTDOWN flow>3244 srcPort>32907 dst>fd10:62:100::2/21044 
16:38:01.266514 ON flow>3556 srcPort>37507 dst>fd10:62:100::2/21356 
16:38:01.344449 CONNECT flow>3556 srcPort>37507 dst>fd10:62:100::2/21356 
16:38:01.393571 OFF flow>3244 srcPort>32907 dst>fd10:62:100::2/21044 
16:38:01.458633 SHUTDOWN flow>3260 srcPort>45481 dst>fd10:62:100::2/21060 
16:38:01.470918 ON flow>3564 srcPort>46465 dst>fd10:62:100::2/21364 
16:38:01.477743 SHUTDOWN flow>3252 srcPort>39701 dst>fd10:62:100::2/21052 
16:38:01.550778 CONNECT flow>3564 srcPort>46465 dst>fd10:62:100::2/21364 
16:38:01.551659 ON flow>3572 srcPort>45031 dst>fd10:62:100::2/21372 
16:38:01.581679 SHUTDOWN flow>3268 srcPort>42597 dst>fd10:62:100::2/21068 
16:38:01.629766 CONNECT flow>3572 srcPort>45031 dst>fd10:62:100::2/21372 
16:38:01.676162 ON flow>3580 srcPort>38243 dst>fd10:62:100::2/21380 
16:38:01.708696 SHUTDOWN flow>3276 srcPort>41849 dst>fd10:62:100::2/21076 
16:38:01.742222 OFF flow>3252 srcPort>39701 dst>fd10:62:100::2/21052 
16:38:01.757258 CONNECT flow>3580 srcPort>38243 dst>fd10:62:100::2/21380 
16:38:01.783214 SHUTDOWN flow>3284 srcPort>42625 dst>fd10:62:100::2/21084 
16:38:01.788703 OFF flow>3276 srcPort>41849 dst>fd10:62:100::2/21076 
16:38:01.815660 OFF flow>3260 srcPort>45481 dst>fd10:62:100::2/21060 
16:38:01.830545 ON flow>3588 srcPort>36923 dst>fd10:62:100::2/21388 
16:38:01.867125 OFF flow>3268 srcPort>42597 dst>fd10:62:100::2/21068 
16:38:01.885404 SHUTDOWN flow>3300 srcPort>35861 dst>fd10:62:100::2/21100 
16:38:01.913532 CONNECT flow>3588 srcPort>36923 dst>fd10:62:100::2/21388 
16:38:01.966869 OFF flow>3300 srcPort>35861 dst>fd10:62:100::2/21100 
16:38:01.973784 SHUTDOWN flow>3308 srcPort>39217 dst>fd10:62:100::2/21108 
16:38:01.995332 SHUTDOWN flow>3292 srcPort>38863 dst>fd10:62:100::2/21092 
16:38:01.996831 OFF flow>3284 srcPort>42625 dst>fd10:62:100::2/21084 
16:38:02.026437 ON flow>3596 srcPort>41665 dst>fd10:62:100::2/21396 
16:38:02.032198 SHUTDOWN flow>3316 srcPort>37705 dst>fd10:62:100::2/21116 
16:38:02.106630 CONNECT flow>3596 srcPort>41665 dst>fd10:62:100::2/21396 
16:38:02.112434 OFF flow>3316 srcPort>37705 dst>fd10:62:100::2/21116 
16:38:02.190765 SHUTDOWN flow>3332 srcPort>34487 dst>fd10:62:100::2/21132 
16:38:02.260768 SHUTDOWN flow>3340 srcPort>40101 dst>fd10:62:100::2/21140 
16:38:02.269758 OFF flow>3332 srcPort>34487 dst>fd10:62:100::2/21132 
16:38:02.270361 SHUTDOWN flow>3324 srcPort>40525 dst>fd10:62:100::2/21124 
16:38:02.324787 SHUTDOWN flow>3348 srcPort>40203 dst>fd10:62:100::2/21148 
16:38:02.329407 OFF flow>3292 srcPort>38863 dst>fd10:62:100::2/21092 
16:38:02.399168 OFF flow>3348 srcPort>40203 dst>fd10:62:100::2/21148 
16:38:02.431702 SHUTDOWN flow>3356 srcPort>37381 dst>fd10:62:100::2/21156 
16:38:02.486843 OFF flow>3324 srcPort>40525 dst>fd10:62:100::2/21124 
16:38:02.500894 OFF flow>3356 srcPort>37381 dst>fd10:62:100::2/21156 
16:38:02.504460 OFF flow>3308 srcPort>39217 dst>fd10:62:100::2/21108 
16:38:02.531309 SHUTDOWN flow>3364 srcPort>42513 dst>fd10:62:100::2/21164 
16:38:02.573750 OFF flow>3340 srcPort>40101 dst>fd10:62:100::2/21140 
16:38:02.593784 OFF flow>3364 srcPort>42513 dst>fd10:62:100::2/21164 
16:38:02.693567 SHUTDOWN flow>3372 srcPort>40651 dst>fd10:62:100::2/21172 
16:38:02.743918 OFF flow>3372 srcPort>40651 dst>fd10:62:100::2/21172 
16:38:02.815004 SHUTDOWN flow>3380 srcPort>40145 dst>fd10:62:100::2/21180 
16:38:02.865490 OFF flow>3380 srcPort>40145 dst>fd10:62:100::2/21180 
16:38:03.016657 SHUTDOWN flow>3388 srcPort>46247 dst>fd10:62:100::2/21188 
16:38:03.037213 OFF flow>3388 srcPort>46247 dst>fd10:62:100::2/21188 
16:38:03.119124 ON flow>3604 srcPort>34103 dst>fd10:62:100::2/21404 
16:38:03.122631 CONNECT flow>3604 srcPort>34103 dst>fd10:62:100::2/21404 
16:38:03.159236 SHUTDOWN flow>3396 srcPort>34053 dst>fd10:62:100::2/21196 
16:38:03.159722 OFF flow>3396 srcPort>34053 dst>fd10:62:100::2/21196 
16:38:03.295037 SHUTDOWN flow>3404 srcPort>39599 dst>fd10:62:100::2/21204 
16:38:03.295549 OFF flow>3404 srcPort>39599 dst>fd10:62:100::2/21204 
16:38:03.349725 ON flow>3612 srcPort>43439 dst>fd10:62:100::2/21412 
16:38:03.350136 CONNECT flow>3612 srcPort>43439 dst>fd10:62:100::2/21412 
16:38:03.465294 SHUTDOWN flow>3412 srcPort>40757 dst>fd10:62:100::2/21212 
16:38:03.465894 OFF flow>3412 srcPort>40757 dst>fd10:62:100::2/21212 
16:38:03.475107 ON flow>3620 srcPort>34875 dst>fd10:62:100::2/21420 
16:38:03.475359 CONNECT flow>3620 srcPort>34875 dst>fd10:62:100::2/21420 
16:38:03.521736 SHUTDOWN flow>3420 srcPort>44403 dst>fd10:62:100::2/21220 
16:38:03.522172 OFF flow>3420 srcPort>44403 dst>fd10:62:100::2/21220 
16:38:03.630506 ON flow>3628 srcPort>37487 dst>fd10:62:100::2/21428 
16:38:03.630803 CONNECT flow>3628 srcPort>37487 dst>fd10:62:100::2/21428 
16:38:03.671058 SHUTDOWN flow>3428 srcPort>45489 dst>fd10:62:100::2/21228 
16:38:03.672058 OFF flow>3428 srcPort>45489 dst>fd10:62:100::2/21228 
16:38:03.720439 SHUTDOWN flow>3436 srcPort>35213 dst>fd10:62:100::2/21236 
16:38:03.720810 OFF flow>3436 srcPort>35213 dst>fd10:62:100::2/21236 
16:38:03.729441 ON flow>3636 srcPort>34955 dst>fd10:62:100::2/21436 
16:38:03.729978 CONNECT flow>3636 srcPort>34955 dst>fd10:62:100::2/21436 
16:38:03.822744 SHUTDOWN flow>3444 srcPort>34857 dst>fd10:62:100::2/21244 
16:38:03.823275 OFF flow>3444 srcPort>34857 dst>fd10:62:100::2/21244 
16:38:03.880942 SHUTDOWN flow>3452 srcPort>46693 dst>fd10:62:100::2/21252 
16:38:03.881961 OFF flow>3452 srcPort>46693 dst>fd10:62:100::2/21252 
16:38:03.888389 ON flow>3644 srcPort>41127 dst>fd10:62:100::2/21444 
16:38:03.888997 CONNECT flow>3644 srcPort>41127 dst>fd10:62:100::2/21444 
16:38:04.009201 ON flow>3652 srcPort>45519 dst>fd10:62:100::2/21452 
16:38:04.009521 CONNECT flow>3652 srcPort>45519 dst>fd10:62:100::2/21452 
16:38:04.017088 SHUTDOWN flow>3460 srcPort>38681 dst>fd10:62:100::2/21260 
16:38:04.020300 OFF flow>3460 srcPort>38681 dst>fd10:62:100::2/21260 
16:38:04.133270 SHUTDOWN flow>3468 srcPort>39741 dst>fd10:62:100::2/21268 
16:38:04.135192 OFF flow>3468 srcPort>39741 dst>fd10:62:100::2/21268 
16:38:04.234283 ON flow>3660 srcPort>45137 dst>fd10:62:100::2/21460 
16:38:04.234640 CONNECT flow>3660 srcPort>45137 dst>fd10:62:100::2/21460 
16:38:04.270566 SHUTDOWN flow>3476 srcPort>41121 dst>fd10:62:100::2/21276 
16:38:04.270885 OFF flow>3476 srcPort>41121 dst>fd10:62:100::2/21276 
16:38:04.435752 SHUTDOWN flow>3484 srcPort>44613 dst>fd10:62:100::2/21284 
16:38:04.435992 ON flow>3668 srcPort>41845 dst>fd10:62:100::2/21468 
16:38:04.436059 OFF flow>3484 srcPort>44613 dst>fd10:62:100::2/21284 
16:38:04.436236 CONNECT flow>3668 srcPort>41845 dst>fd10:62:100::2/21468 
16:38:04.503557 SHUTDOWN flow>3492 srcPort>34667 dst>fd10:62:100::2/21292 
16:38:04.504122 OFF flow>3492 srcPort>34667 dst>fd10:62:100::2/21292 
16:38:04.554994 ON flow>3676 srcPort>45917 dst>fd10:62:100::2/21476 
16:38:04.555697 CONNECT flow>3676 srcPort>45917 dst>fd10:62:100::2/21476 
16:38:04.564775 SHUTDOWN flow>3500 srcPort>39677 dst>fd10:62:100::2/21300 
16:38:04.565342 OFF flow>3500 srcPort>39677 dst>fd10:62:100::2/21300 
16:38:04.659198 SHUTDOWN flow>3508 srcPort>44009 dst>fd10:62:100::2/21308 
16:38:04.660744 OFF flow>3508 srcPort>44009 dst>fd10:62:100::2/21308 
16:38:04.667941 ON flow>3684 srcPort>32871 dst>fd10:62:100::2/21484 
16:38:04.668386 CONNECT flow>3684 srcPort>32871 dst>fd10:62:100::2/21484 
16:38:04.740604 ON flow>3692 srcPort>36723 dst>fd10:62:100::2/21492 
16:38:04.740997 CONNECT flow>3692 srcPort>36723 dst>fd10:62:100::2/21492 
16:38:04.770417 SHUTDOWN flow>3516 srcPort>37229 dst>fd10:62:100::2/21316 
16:38:04.770968 OFF flow>3516 srcPort>37229 dst>fd10:62:100::2/21316 
16:38:04.807807 ON flow>3700 srcPort>34967 dst>fd10:62:100::2/21500 
16:38:04.808492 CONNECT flow>3700 srcPort>34967 dst>fd10:62:100::2/21500 
16:38:04.881684 SHUTDOWN flow>3524 srcPort>41995 dst>fd10:62:100::2/21324 
16:38:04.882553 OFF flow>3524 srcPort>41995 dst>fd10:62:100::2/21324 
16:38:04.949323 ON flow>3708 srcPort>42553 dst>fd10:62:100::2/21508 
16:38:04.949679 CONNECT flow>3708 srcPort>42553 dst>fd10:62:100::2/21508 
16:38:05.033159 SHUTDOWN flow>3532 srcPort>44721 dst>fd10:62:100::2/21332 
16:38:05.033595 OFF flow>3532 srcPort>44721 dst>fd10:62:100::2/21332 
16:38:05.135776 ON flow>3716 srcPort>33357 dst>fd10:62:100::2/21516 
16:38:05.136342 CONNECT flow>3716 srcPort>33357 dst>fd10:62:100::2/21516 
16:38:05.349211 ON flow>3724 srcPort>45431 dst>fd10:62:100::2/21524 
16:38:05.349543 CONNECT flow>3724 srcPort>45431 dst>fd10:62:100::2/21524 
16:38:05.388053 SHUTDOWN flow>3540 srcPort>39697 dst>fd10:62:100::2/21340 
16:38:05.388672 OFF flow>3540 srcPort>39697 dst>fd10:62:100::2/21340 
16:38:05.597228 ON flow>3732 srcPort>44045 dst>fd10:62:100::2/21532 
16:38:05.597683 CONNECT flow>3732 srcPort>44045 dst>fd10:62:100::2/21532 
16:38:05.833170 SHUTDOWN flow>3548 srcPort>35019 dst>fd10:62:100::2/21348 
16:38:05.833901 OFF flow>3548 srcPort>35019 dst>fd10:62:100::2/21348 
16:38:05.850611 ON flow>3740 srcPort>36911 dst>fd10:62:100::2/21540 
16:38:05.850913 CONNECT flow>3740 srcPort>36911 dst>fd10:62:100::2/21540 
16:38:06.066427 SHUTDOWN flow>3556 srcPort>37507 dst>fd10:62:100::2/21356 
16:38:06.066801 OFF flow>3556 srcPort>37507 dst>fd10:62:100::2/21356 
16:38:06.232734 ON flow>3748 srcPort>37665 dst>fd10:62:100::2/21548 
16:38:06.233234 CONNECT flow>3748 srcPort>37665 dst>fd10:62:100::2/21548 
16:38:06.270859 SHUTDOWN flow>3564 srcPort>46465 dst>fd10:62:100::2/21364 
16:38:06.271444 OFF flow>3564 srcPort>46465 dst>fd10:62:100::2/21364 
16:38:06.320008 ON flow>3756 srcPort>37923 dst>fd10:62:100::2/21556 
16:38:06.320322 CONNECT flow>3756 srcPort>37923 dst>fd10:62:100::2/21556 
16:38:06.351552 SHUTDOWN flow>3572 srcPort>45031 dst>fd10:62:100::2/21372 
16:38:06.352102 OFF flow>3572 srcPort>45031 dst>fd10:62:100::2/21372 
16:38:06.476052 SHUTDOWN flow>3580 srcPort>38243 dst>fd10:62:100::2/21380 
16:38:06.476456 OFF flow>3580 srcPort>38243 dst>fd10:62:100::2/21380 
16:38:06.490834 ON flow>3764 srcPort>42557 dst>fd10:62:100::2/21564 
16:38:06.491191 CONNECT flow>3764 srcPort>42557 dst>fd10:62:100::2/21564 
16:38:06.554521 ON flow>3772 srcPort>40625 dst>fd10:62:100::2/21572 
16:38:06.554890 CONNECT flow>3772 srcPort>40625 dst>fd10:62:100::2/21572 
16:38:06.630163 SHUTDOWN flow>3588 srcPort>36923 dst>fd10:62:100::2/21388 
16:38:06.630777 OFF flow>3588 srcPort>36923 dst>fd10:62:100::2/21388 
16:38:06.693167 ON flow>3780 srcPort>36151 dst>fd10:62:100::2/21580 
16:38:06.693545 CONNECT flow>3780 srcPort>36151 dst>fd10:62:100::2/21580 
16:38:06.791130 ON flow>3788 srcPort>37083 dst>fd10:62:100::2/21588 
16:38:06.792233 CONNECT flow>3788 srcPort>37083 dst>fd10:62:100::2/21588 
16:38:06.826369 SHUTDOWN flow>3596 srcPort>41665 dst>fd10:62:100::2/21396 
16:38:06.827706 OFF flow>3596 srcPort>41665 dst>fd10:62:100::2/21396 
16:38:06.898732 ON flow>3796 srcPort>42807 dst>fd10:62:100::2/21596 
16:38:06.899701 CONNECT flow>3796 srcPort>42807 dst>fd10:62:100::2/21596 
16:38:06.994057 ON flow>3804 srcPort>40375 dst>fd10:62:100::2/21604 
16:38:06.994455 CONNECT flow>3804 srcPort>40375 dst>fd10:62:100::2/21604 
16:38:07.162146 ON flow>3812 srcPort>32777 dst>fd10:62:100::2/21612 
16:38:07.162704 CONNECT flow>3812 srcPort>32777 dst>fd10:62:100::2/21612 
16:38:07.292519 ON flow>3820 srcPort>46659 dst>fd10:62:100::2/21620 
16:38:07.292905 CONNECT flow>3820 srcPort>46659 dst>fd10:62:100::2/21620 
16:38:07.333117 ON flow>3828 srcPort>38933 dst>fd10:62:100::2/21628 
16:38:07.333749 CONNECT flow>3828 srcPort>38933 dst>fd10:62:100::2/21628 
16:38:07.637759 ON flow>3836 srcPort>35945 dst>fd10:62:100::2/21636 
16:38:07.638130 CONNECT flow>3836 srcPort>35945 dst>fd10:62:100::2/21636 
16:38:07.874335 ON flow>3844 srcPort>34393 dst>fd10:62:100::2/21644 
16:38:07.875009 CONNECT flow>3844 srcPort>34393 dst>fd10:62:100::2/21644 
16:38:07.919047 SHUTDOWN flow>3604 srcPort>34103 dst>fd10:62:100::2/21404 
16:38:07.919887 OFF flow>3604 srcPort>34103 dst>fd10:62:100::2/21404 
16:38:07.978213 ON flow>3852 srcPort>37335 dst>fd10:62:100::2/21652 
16:38:07.979296 CONNECT flow>3852 srcPort>37335 dst>fd10:62:100::2/21652 
16:38:08.149626 SHUTDOWN flow>3612 srcPort>43439 dst>fd10:62:100::2/21412 
16:38:08.150003 OFF flow>3612 srcPort>43439 dst>fd10:62:100::2/21412 
16:38:08.166666 ON flow>3860 srcPort>41547 dst>fd10:62:100::2/21660 
16:38:08.167104 CONNECT flow>3860 srcPort>41547 dst>fd10:62:100::2/21660 
16:38:08.264407 ON flow>3868 srcPort>42933 dst>fd10:62:100::2/21668 
16:38:08.265548 CONNECT flow>3868 srcPort>42933 dst>fd10:62:100::2/21668 
16:38:08.275052 SHUTDOWN flow>3620 srcPort>34875 dst>fd10:62:100::2/21420 
16:38:08.275701 OFF flow>3620 srcPort>34875 dst>fd10:62:100::2/21420 
16:38:08.383110 ON flow>3876 srcPort>39453 dst>fd10:62:100::2/21676 
16:38:08.383496 CONNECT flow>3876 srcPort>39453 dst>fd10:62:100::2/21676 
16:38:08.430424 SHUTDOWN flow>3628 srcPort>37487 dst>fd10:62:100::2/21428 
16:38:08.431067 OFF flow>3628 srcPort>37487 dst>fd10:62:100::2/21428 
16:38:08.495616 ON flow>3884 srcPort>44589 dst>fd10:62:100::2/21684 
16:38:08.497848 CONNECT flow>3884 srcPort>44589 dst>fd10:62:100::2/21684 
16:38:08.529333 SHUTDOWN flow>3636 srcPort>34955 dst>fd10:62:100::2/21436 
16:38:08.530011 OFF flow>3636 srcPort>34955 dst>fd10:62:100::2/21436 
16:38:08.614112 ON flow>3892 srcPort>45699 dst>fd10:62:100::2/21692 
16:38:08.614396 CONNECT flow>3892 srcPort>45699 dst>fd10:62:100::2/21692 
16:38:08.688324 SHUTDOWN flow>3644 srcPort>41127 dst>fd10:62:100::2/21444 
16:38:08.689697 OFF flow>3644 srcPort>41127 dst>fd10:62:100::2/21444 
16:38:08.709256 ON flow>3900 srcPort>45805 dst>fd10:62:100::2/21700 
16:38:08.711157 CONNECT flow>3900 srcPort>45805 dst>fd10:62:100::2/21700 
16:38:08.809131 SHUTDOWN flow>3652 srcPort>45519 dst>fd10:62:100::2/21452 
16:38:08.810666 OFF flow>3652 srcPort>45519 dst>fd10:62:100::2/21452 
16:38:08.812419 ON flow>3908 srcPort>34339 dst>fd10:62:100::2/21708 
16:38:08.813448 CONNECT flow>3908 srcPort>34339 dst>fd10:62:100::2/21708 
16:38:08.860129 ON flow>3916 srcPort>36535 dst>fd10:62:100::2/21716 
16:38:08.861402 CONNECT flow>3916 srcPort>36535 dst>fd10:62:100::2/21716 
16:38:08.932599 ON flow>3924 srcPort>44031 dst>fd10:62:100::2/21724 
16:38:08.934415 CONNECT flow>3924 srcPort>44031 dst>fd10:62:100::2/21724 
16:38:08.978831 ON flow>3932 srcPort>41549 dst>fd10:62:100::2/21732 
16:38:08.979935 CONNECT flow>3932 srcPort>41549 dst>fd10:62:100::2/21732 
16:38:09.034230 SHUTDOWN flow>3660 srcPort>45137 dst>fd10:62:100::2/21460 
16:38:09.035449 OFF flow>3660 srcPort>45137 dst>fd10:62:100::2/21460 
16:38:09.045485 ON flow>3940 srcPort>38997 dst>fd10:62:100::2/21740 
16:38:09.046107 CONNECT flow>3940 srcPort>38997 dst>fd10:62:100::2/21740 
16:38:09.104422 ON flow>3948 srcPort>43271 dst>fd10:62:100::2/21748 
16:38:09.104758 CONNECT flow>3948 srcPort>43271 dst>fd10:62:100::2/21748 
16:38:09.198725 ON flow>3956 srcPort>40361 dst>fd10:62:100::2/21756 
16:38:09.200338 CONNECT flow>3956 srcPort>40361 dst>fd10:62:100::2/21756 
16:38:09.235953 SHUTDOWN flow>3668 srcPort>41845 dst>fd10:62:100::2/21468 
16:38:09.238458 OFF flow>3668 srcPort>41845 dst>fd10:62:100::2/21468 
16:38:09.290842 ON flow>3964 srcPort>39033 dst>fd10:62:100::2/21764 
16:38:09.293033 CONNECT flow>3964 srcPort>39033 dst>fd10:62:100::2/21764 
16:38:09.354549 SHUTDOWN flow>3676 srcPort>45917 dst>fd10:62:100::2/21476 
16:38:09.355486 OFF flow>3676 srcPort>45917 dst>fd10:62:100::2/21476 
16:38:09.467854 SHUTDOWN flow>3684 srcPort>32871 dst>fd10:62:100::2/21484 
16:38:09.469550 OFF flow>3684 srcPort>32871 dst>fd10:62:100::2/21484 
16:38:09.540541 SHUTDOWN flow>3692 srcPort>36723 dst>fd10:62:100::2/21492 
16:38:09.540972 OFF flow>3692 srcPort>36723 dst>fd10:62:100::2/21492 
16:38:09.607734 SHUTDOWN flow>3700 srcPort>34967 dst>fd10:62:100::2/21500 
16:38:09.609152 OFF flow>3700 srcPort>34967 dst>fd10:62:100::2/21500 
16:38:09.749247 SHUTDOWN flow>3708 srcPort>42553 dst>fd10:62:100::2/21508 
16:38:09.749956 OFF flow>3708 srcPort>42553 dst>fd10:62:100::2/21508 
16:38:09.935738 SHUTDOWN flow>3716 srcPort>33357 dst>fd10:62:100::2/21516 
16:38:09.936100 OFF flow>3716 srcPort>33357 dst>fd10:62:100::2/21516 
16:38:10.130624 ON flow>3972 srcPort>39317 dst>fd10:62:100::2/21772 
16:38:10.131582 CONNECT flow>3972 srcPort>39317 dst>fd10:62:100::2/21772 
16:38:10.149128 SHUTDOWN flow>3724 srcPort>45431 dst>fd10:62:100::2/21524 
16:38:10.149532 OFF flow>3724 srcPort>45431 dst>fd10:62:100::2/21524 
16:38:10.397131 SHUTDOWN flow>3732 srcPort>44045 dst>fd10:62:100::2/21532 
16:38:10.397746 OFF flow>3732 srcPort>44045 dst>fd10:62:100::2/21532 
16:38:10.405920 ON flow>3980 srcPort>33863 dst>fd10:62:100::2/21780 
16:38:10.406450 CONNECT flow>3980 srcPort>33863 dst>fd10:62:100::2/21780 
16:38:10.526503 ON flow>3988 srcPort>39843 dst>fd10:62:100::2/21788 
16:38:10.526790 CONNECT flow>3988 srcPort>39843 dst>fd10:62:100::2/21788 
16:38:10.650548 SHUTDOWN flow>3740 srcPort>36911 dst>fd10:62:100::2/21540 
16:38:10.652312 OFF flow>3740 srcPort>36911 dst>fd10:62:100::2/21540 
16:38:10.747123 ON flow>3996 srcPort>39903 dst>fd10:62:100::2/21796 
16:38:10.747465 CONNECT flow>3996 srcPort>39903 dst>fd10:62:100::2/21796 
16:38:10.792216 ON flow>4004 srcPort>36653 dst>fd10:62:100::2/21804 
16:38:10.792786 CONNECT flow>4004 srcPort>36653 dst>fd10:62:100::2/21804 
16:38:10.853667 ON flow>4012 srcPort>36705 dst>fd10:62:100::2/21812 
16:38:10.855788 CONNECT flow>4012 srcPort>36705 dst>fd10:62:100::2/21812 
16:38:10.960514 ON flow>4020 srcPort>32911 dst>fd10:62:100::2/21820 
16:38:10.961203 CONNECT flow>4020 srcPort>32911 dst>fd10:62:100::2/21820 
16:38:11.032668 SHUTDOWN flow>3748 srcPort>37665 dst>fd10:62:100::2/21548 
16:38:11.033419 OFF flow>3748 srcPort>37665 dst>fd10:62:100::2/21548 
16:38:11.119964 SHUTDOWN flow>3756 srcPort>37923 dst>fd10:62:100::2/21556 
16:38:11.121435 OFF flow>3756 srcPort>37923 dst>fd10:62:100::2/21556 
16:38:11.125687 ON flow>4028 srcPort>33783 dst>fd10:62:100::2/21828 
16:38:11.126706 CONNECT flow>4028 srcPort>33783 dst>fd10:62:100::2/21828 
16:38:11.290797 SHUTDOWN flow>3764 srcPort>42557 dst>fd10:62:100::2/21564 
16:38:11.291510 OFF flow>3764 srcPort>42557 dst>fd10:62:100::2/21564 
16:38:11.297536 ON flow>4036 srcPort>45169 dst>fd10:62:100::2/21836 
16:38:11.298621 CONNECT flow>4036 srcPort>45169 dst>fd10:62:100::2/21836 
16:38:11.354457 SHUTDOWN flow>3772 srcPort>40625 dst>fd10:62:100::2/21572 
16:38:11.355463 OFF flow>3772 srcPort>40625 dst>fd10:62:100::2/21572 
16:38:11.415563 ON flow>4044 srcPort>40303 dst>fd10:62:100::2/21844 
16:38:11.416940 CONNECT flow>4044 srcPort>40303 dst>fd10:62:100::2/21844 
16:38:11.493060 SHUTDOWN flow>3780 srcPort>36151 dst>fd10:62:100::2/21580 
16:38:11.494661 OFF flow>3780 srcPort>36151 dst>fd10:62:100::2/21580 
16:38:11.552461 ON flow>4052 srcPort>36179 dst>fd10:62:100::2/21852 
16:38:11.553256 CONNECT flow>4052 srcPort>36179 dst>fd10:62:100::2/21852 
16:38:11.591086 SHUTDOWN flow>3788 srcPort>37083 dst>fd10:62:100::2/21588 
16:38:11.591845 OFF flow>3788 srcPort>37083 dst>fd10:62:100::2/21588 
16:38:11.606278 ON flow>4060 srcPort>43945 dst>fd10:62:100::2/21860 
16:38:11.606848 CONNECT flow>4060 srcPort>43945 dst>fd10:62:100::2/21860 
16:38:11.673746 ON flow>4068 srcPort>45919 dst>fd10:62:100::2/21868 
16:38:11.675189 CONNECT flow>4068 srcPort>45919 dst>fd10:62:100::2/21868 
16:38:11.698672 SHUTDOWN flow>3796 srcPort>42807 dst>fd10:62:100::2/21596 
16:38:11.699087 OFF flow>3796 srcPort>42807 dst>fd10:62:100::2/21596 
16:38:11.748854 ON flow>4076 srcPort>42007 dst>fd10:62:100::2/21876 
16:38:11.749296 CONNECT flow>4076 srcPort>42007 dst>fd10:62:100::2/21876 
16:38:11.793960 SHUTDOWN flow>3804 srcPort>40375 dst>fd10:62:100::2/21604 
16:38:11.795639 OFF flow>3804 srcPort>40375 dst>fd10:62:100::2/21604 
16:38:11.952335 ON flow>4084 srcPort>45409 dst>fd10:62:100::2/21884 
16:38:11.953856 CONNECT flow>4084 srcPort>45409 dst>fd10:62:100::2/21884 
16:38:11.962082 SHUTDOWN flow>3812 srcPort>32777 dst>fd10:62:100::2/21612 
16:38:11.962665 OFF flow>3812 srcPort>32777 dst>fd10:62:100::2/21612 
16:38:12.062296 ON flow>4092 srcPort>40213 dst>fd10:62:100::2/21892 
16:38:12.063940 CONNECT flow>4092 srcPort>40213 dst>fd10:62:100::2/21892 
16:38:12.092480 SHUTDOWN flow>3820 srcPort>46659 dst>fd10:62:100::2/21620 
16:38:12.092598 ON flow>4100 srcPort>43581 dst>fd10:62:100::2/21900 
16:38:12.094722 CONNECT flow>4100 srcPort>43581 dst>fd10:62:100::2/21900 
16:38:12.095117 OFF flow>3820 srcPort>46659 dst>fd10:62:100::2/21620 
16:38:12.132967 SHUTDOWN flow>3828 srcPort>38933 dst>fd10:62:100::2/21628 
16:38:12.134148 OFF flow>3828 srcPort>38933 dst>fd10:62:100::2/21628 
16:38:12.142421 ON flow>4108 srcPort>33243 dst>fd10:62:100::2/21908 
16:38:12.143171 CONNECT flow>4108 srcPort>33243 dst>fd10:62:100::2/21908 
16:38:12.252951 ON flow>4116 srcPort>38999 dst>fd10:62:100::2/21916 
16:38:12.255071 CONNECT flow>4116 srcPort>38999 dst>fd10:62:100::2/21916 
16:38:12.437692 SHUTDOWN flow>3836 srcPort>35945 dst>fd10:62:100::2/21636 
16:38:12.440605 OFF flow>3836 srcPort>35945 dst>fd10:62:100::2/21636 
16:38:12.445967 ON flow>4124 srcPort>43279 dst>fd10:62:100::2/21924 
16:38:12.447074 CONNECT flow>4124 srcPort>43279 dst>fd10:62:100::2/21924 
16:38:12.566641 ON flow>4132 srcPort>34557 dst>fd10:62:100::2/21932 
16:38:12.568639 CONNECT flow>4132 srcPort>34557 dst>fd10:62:100::2/21932 
16:38:12.674322 SHUTDOWN flow>3844 srcPort>34393 dst>fd10:62:100::2/21644 
16:38:12.676556 OFF flow>3844 srcPort>34393 dst>fd10:62:100::2/21644 
16:38:12.778138 SHUTDOWN flow>3852 srcPort>37335 dst>fd10:62:100::2/21652 
16:38:12.779274 OFF flow>3852 srcPort>37335 dst>fd10:62:100::2/21652 
16:38:12.787121 ON flow>4140 srcPort>36583 dst>fd10:62:100::2/21940 
16:38:12.787791 CONNECT flow>4140 srcPort>36583 dst>fd10:62:100::2/21940 
16:38:12.966609 SHUTDOWN flow>3860 srcPort>41547 dst>fd10:62:100::2/21660 
16:38:12.967333 OFF flow>3860 srcPort>41547 dst>fd10:62:100::2/21660 
16:38:13.052070 ON flow>4148 srcPort>37913 dst>fd10:62:100::2/21948 
16:38:13.052468 CONNECT flow>4148 srcPort>37913 dst>fd10:62:100::2/21948 
16:38:13.064343 SHUTDOWN flow>3868 srcPort>42933 dst>fd10:62:100::2/21668 
16:38:13.065016 OFF flow>3868 srcPort>42933 dst>fd10:62:100::2/21668 
16:38:13.183053 SHUTDOWN flow>3876 srcPort>39453 dst>fd10:62:100::2/21676 
16:38:13.183760 OFF flow>3876 srcPort>39453 dst>fd10:62:100::2/21676 
16:38:13.295565 SHUTDOWN flow>3884 srcPort>44589 dst>fd10:62:100::2/21684 
16:38:13.296882 OFF flow>3884 srcPort>44589 dst>fd10:62:100::2/21684 
16:38:13.356826 ON flow>4156 srcPort>36297 dst>fd10:62:100::2/21956 
16:38:13.358493 CONNECT flow>4156 srcPort>36297 dst>fd10:62:100::2/21956 
16:38:13.414066 SHUTDOWN flow>3892 srcPort>45699 dst>fd10:62:100::2/21692 
16:38:13.414866 OFF flow>3892 srcPort>45699 dst>fd10:62:100::2/21692 
16:38:13.502998 ON flow>4164 srcPort>46771 dst>fd10:62:100::2/21964 
16:38:13.504189 CONNECT flow>4164 srcPort>46771 dst>fd10:62:100::2/21964 
16:38:13.509152 SHUTDOWN flow>3900 srcPort>45805 dst>fd10:62:100::2/21700 
16:38:13.509797 OFF flow>3900 srcPort>45805 dst>fd10:62:100::2/21700 
16:38:13.592257 ON flow>4172 srcPort>46151 dst>fd10:62:100::2/21972 
16:38:13.593104 CONNECT flow>4172 srcPort>46151 dst>fd10:62:100::2/21972 
16:38:13.612353 SHUTDOWN flow>3908 srcPort>34339 dst>fd10:62:100::2/21708 
16:38:13.613215 OFF flow>3908 srcPort>34339 dst>fd10:62:100::2/21708 
16:38:13.660055 SHUTDOWN flow>3916 srcPort>36535 dst>fd10:62:100::2/21716 
16:38:13.661032 OFF flow>3916 srcPort>36535 dst>fd10:62:100::2/21716 
16:38:13.662033 ON flow>4180 srcPort>39415 dst>fd10:62:100::2/21980 
16:38:13.662797 CONNECT flow>4180 srcPort>39415 dst>fd10:62:100::2/21980 
16:38:13.732554 SHUTDOWN flow>3924 srcPort>44031 dst>fd10:62:100::2/21724 
16:38:13.734469 OFF flow>3924 srcPort>44031 dst>fd10:62:100::2/21724 
16:38:13.778764 SHUTDOWN flow>3932 srcPort>41549 dst>fd10:62:100::2/21732 
16:38:13.782230 OFF flow>3932 srcPort>41549 dst>fd10:62:100::2/21732 
16:38:13.845355 SHUTDOWN flow>3940 srcPort>38997 dst>fd10:62:100::2/21740 
16:38:13.846607 OFF flow>3940 srcPort>38997 dst>fd10:62:100::2/21740 
16:38:13.904364 SHUTDOWN flow>3948 srcPort>43271 dst>fd10:62:100::2/21748 
16:38:13.904769 OFF flow>3948 srcPort>43271 dst>fd10:62:100::2/21748 
16:38:13.993275 ON flow>4188 srcPort>33733 dst>fd10:62:100::2/21988 
16:38:13.993671 CONNECT flow>4188 srcPort>33733 dst>fd10:62:100::2/21988 
16:38:13.998659 SHUTDOWN flow>3956 srcPort>40361 dst>fd10:62:100::2/21756 
16:38:13.999056 OFF flow>3956 srcPort>40361 dst>fd10:62:100::2/21756 
16:38:14.090748 SHUTDOWN flow>3964 srcPort>39033 dst>fd10:62:100::2/21764 
16:38:14.091606 OFF flow>3964 srcPort>39033 dst>fd10:62:100::2/21764 
16:38:14.218452 ON flow>4196 srcPort>46129 dst>fd10:62:100::2/21996 
16:38:14.218925 CONNECT flow>4196 srcPort>46129 dst>fd10:62:100::2/21996 
16:38:14.399559 ON flow>4204 srcPort>41211 dst>fd10:62:100::2/22004 
16:38:14.400789 CONNECT flow>4204 srcPort>41211 dst>fd10:62:100::2/22004 
16:38:14.560846 ON flow>4212 srcPort>33641 dst>fd10:62:100::2/22012 
16:38:14.562673 CONNECT flow>4212 srcPort>33641 dst>fd10:62:100::2/22012 
16:38:14.698554 ON flow>4220 srcPort>44251 dst>fd10:62:100::2/22020 
16:38:14.698967 CONNECT flow>4220 srcPort>44251 dst>fd10:62:100::2/22020 
16:38:14.764241 ON flow>4228 srcPort>40921 dst>fd10:62:100::2/22028 
16:38:14.765032 CONNECT flow>4228 srcPort>40921 dst>fd10:62:100::2/22028 
16:38:14.930563 SHUTDOWN flow>3972 srcPort>39317 dst>fd10:62:100::2/21772 
16:38:14.934053 OFF flow>3972 srcPort>39317 dst>fd10:62:100::2/21772 
16:38:14.934851 ON flow>4236 srcPort>44881 dst>fd10:62:100::2/22036 
16:38:14.938452 CONNECT flow>4236 srcPort>44881 dst>fd10:62:100::2/22036 
16:38:15.105508 ON flow>4244 srcPort>42427 dst>fd10:62:100::2/22044 
16:38:15.106153 CONNECT flow>4244 srcPort>42427 dst>fd10:62:100::2/22044 
16:38:15.205864 SHUTDOWN flow>3980 srcPort>33863 dst>fd10:62:100::2/21780 
16:38:15.208255 OFF flow>3980 srcPort>33863 dst>fd10:62:100::2/21780 
16:38:15.266626 ON flow>4252 srcPort>36267 dst>fd10:62:100::2/22052 
16:38:15.268171 CONNECT flow>4252 srcPort>36267 dst>fd10:62:100::2/22052 
16:38:15.326445 SHUTDOWN flow>3988 srcPort>39843 dst>fd10:62:100::2/21788 
16:38:15.327035 OFF flow>3988 srcPort>39843 dst>fd10:62:100::2/21788 
16:38:15.375755 ON flow>4260 srcPort>39783 dst>fd10:62:100::2/22060 
16:38:15.376210 CONNECT flow>4260 srcPort>39783 dst>fd10:62:100::2/22060 
16:38:15.547050 SHUTDOWN flow>3996 srcPort>39903 dst>fd10:62:100::2/21796 
16:38:15.547474 OFF flow>3996 srcPort>39903 dst>fd10:62:100::2/21796 
16:38:15.559859 ON flow>4268 srcPort>35443 dst>fd10:62:100::2/22068 
16:38:15.563589 CONNECT flow>4268 srcPort>35443 dst>fd10:62:100::2/22068 
16:38:15.592220 SHUTDOWN flow>4004 srcPort>36653 dst>fd10:62:100::2/21804 
16:38:15.592976 OFF flow>4004 srcPort>36653 dst>fd10:62:100::2/21804 
16:38:15.642128 ON flow>4276 srcPort>44107 dst>fd10:62:100::2/22076 
16:38:15.642406 CONNECT flow>4276 srcPort>44107 dst>fd10:62:100::2/22076 
16:38:15.653553 SHUTDOWN flow>4012 srcPort>36705 dst>fd10:62:100::2/21812 
16:38:15.653921 OFF flow>4012 srcPort>36705 dst>fd10:62:100::2/21812 
16:38:15.713690 ON flow>4284 srcPort>36605 dst>fd10:62:100::2/22084 
16:38:15.714921 CONNECT flow>4284 srcPort>36605 dst>fd10:62:100::2/22084 
16:38:15.760502 SHUTDOWN flow>4020 srcPort>32911 dst>fd10:62:100::2/21820 
16:38:15.761070 OFF flow>4020 srcPort>32911 dst>fd10:62:100::2/21820 
16:38:15.908866 ON flow>4292 srcPort>37251 dst>fd10:62:100::2/22092 
16:38:15.909639 CONNECT flow>4292 srcPort>37251 dst>fd10:62:100::2/22092 
16:38:15.925553 SHUTDOWN flow>4028 srcPort>33783 dst>fd10:62:100::2/21828 
16:38:15.927673 OFF flow>4028 srcPort>33783 dst>fd10:62:100::2/21828 
16:38:16.008775 ON flow>4300 srcPort>34131 dst>fd10:62:100::2/22100 
16:38:16.010419 CONNECT flow>4300 srcPort>34131 dst>fd10:62:100::2/22100 
16:38:16.097461 SHUTDOWN flow>4036 srcPort>45169 dst>fd10:62:100::2/21836 
16:38:16.098679 OFF flow>4036 srcPort>45169 dst>fd10:62:100::2/21836 
16:38:16.164731 ON flow>4308 srcPort>40473 dst>fd10:62:100::2/22108 
16:38:16.165108 CONNECT flow>4308 srcPort>40473 dst>fd10:62:100::2/22108 
16:38:16.215447 SHUTDOWN flow>4044 srcPort>40303 dst>fd10:62:100::2/21844 
16:38:16.218064 OFF flow>4044 srcPort>40303 dst>fd10:62:100::2/21844 
16:38:16.298457 ON flow>4316 srcPort>45229 dst>fd10:62:100::2/22116 
16:38:16.302131 CONNECT flow>4316 srcPort>45229 dst>fd10:62:100::2/22116 
16:38:16.352354 SHUTDOWN flow>4052 srcPort>36179 dst>fd10:62:100::2/21852 
16:38:16.355668 OFF flow>4052 srcPort>36179 dst>fd10:62:100::2/21852 
16:38:16.406172 SHUTDOWN flow>4060 srcPort>43945 dst>fd10:62:100::2/21860 
16:38:16.408730 OFF flow>4060 srcPort>43945 dst>fd10:62:100::2/21860 
16:38:16.437291 ON flow>4324 srcPort>44799 dst>fd10:62:100::2/22124 
16:38:16.438009 CONNECT flow>4324 srcPort>44799 dst>fd10:62:100::2/22124 
16:38:16.473826 SHUTDOWN flow>4068 srcPort>45919 dst>fd10:62:100::2/21868 
16:38:16.474920 OFF flow>4068 srcPort>45919 dst>fd10:62:100::2/21868 
16:38:16.548761 SHUTDOWN flow>4076 srcPort>42007 dst>fd10:62:100::2/21876 
16:38:16.549265 OFF flow>4076 srcPort>42007 dst>fd10:62:100::2/21876 
16:38:16.570753 ON flow>4332 srcPort>43143 dst>fd10:62:100::2/22132 
16:38:16.571699 CONNECT flow>4332 srcPort>43143 dst>fd10:62:100::2/22132 
16:38:16.631261 ON flow>4340 srcPort>36305 dst>fd10:62:100::2/22140 
16:38:16.631759 CONNECT flow>4340 srcPort>36305 dst>fd10:62:100::2/22140 
16:38:16.748683 ON flow>4348 srcPort>43059 dst>fd10:62:100::2/22148 
16:38:16.748974 CONNECT flow>4348 srcPort>43059 dst>fd10:62:100::2/22148 
16:38:16.752256 SHUTDOWN flow>4084 srcPort>45409 dst>fd10:62:100::2/21884 
16:38:16.753312 OFF flow>4084 srcPort>45409 dst>fd10:62:100::2/21884 
16:38:16.838265 ON flow>4356 srcPort>40003 dst>fd10:62:100::2/22156 
16:38:16.839114 CONNECT flow>4356 srcPort>40003 dst>fd10:62:100::2/22156 
16:38:16.862054 SHUTDOWN flow>4092 srcPort>40213 dst>fd10:62:100::2/21892 
16:38:16.862890 OFF flow>4092 srcPort>40213 dst>fd10:62:100::2/21892 
16:38:16.892564 SHUTDOWN flow>4100 srcPort>43581 dst>fd10:62:100::2/21900 
16:38:16.893010 OFF flow>4100 srcPort>43581 dst>fd10:62:100::2/21900 
16:38:16.942356 SHUTDOWN flow>4108 srcPort>33243 dst>fd10:62:100::2/21908 
16:38:16.942978 OFF flow>4108 srcPort>33243 dst>fd10:62:100::2/21908 
16:38:17.052849 SHUTDOWN flow>4116 srcPort>38999 dst>fd10:62:100::2/21916 
16:38:17.053825 OFF flow>4116 srcPort>38999 dst>fd10:62:100::2/21916 
16:38:17.205550 ON flow>4364 srcPort>33155 dst>fd10:62:100::2/22164 
16:38:17.205938 CONNECT flow>4364 srcPort>33155 dst>fd10:62:100::2/22164 
16:38:17.245849 SHUTDOWN flow>4124 srcPort>43279 dst>fd10:62:100::2/21924 
16:38:17.247253 OFF flow>4124 srcPort>43279 dst>fd10:62:100::2/21924 
16:38:17.366553 SHUTDOWN flow>4132 srcPort>34557 dst>fd10:62:100::2/21932 
16:38:17.366942 OFF flow>4132 srcPort>34557 dst>fd10:62:100::2/21932 
16:38:17.408417 ON flow>4372 srcPort>39893 dst>fd10:62:100::2/22172 
16:38:17.411383 CONNECT flow>4372 srcPort>39893 dst>fd10:62:100::2/22172 
16:38:17.537956 ON flow>4380 srcPort>36303 dst>fd10:62:100::2/22180 
16:38:17.538237 CONNECT flow>4380 srcPort>36303 dst>fd10:62:100::2/22180 
16:38:17.587054 SHUTDOWN flow>4140 srcPort>36583 dst>fd10:62:100::2/21940 
16:38:17.588629 OFF flow>4140 srcPort>36583 dst>fd10:62:100::2/21940 
16:38:17.606092 ON flow>4388 srcPort>44233 dst>fd10:62:100::2/22188 
16:38:17.606675 CONNECT flow>4388 srcPort>44233 dst>fd10:62:100::2/22188 
16:38:17.682536 ON flow>4396 srcPort>33595 dst>fd10:62:100::2/22196 
16:38:17.682952 CONNECT flow>4396 srcPort>33595 dst>fd10:62:100::2/22196 
16:38:17.775050 ON flow>4404 srcPort>38225 dst>fd10:62:100::2/22204 
16:38:17.775465 CONNECT flow>4404 srcPort>38225 dst>fd10:62:100::2/22204 
16:38:17.851871 SHUTDOWN flow>4148 srcPort>37913 dst>fd10:62:100::2/21948 
16:38:17.852263 OFF flow>4148 srcPort>37913 dst>fd10:62:100::2/21948 
16:38:17.948639 ON flow>4412 srcPort>46375 dst>fd10:62:100::2/22212 
16:38:17.949886 CONNECT flow>4412 srcPort>46375 dst>fd10:62:100::2/22212 
16:38:18.046943 ON flow>4420 srcPort>36719 dst>fd10:62:100::2/22220 
16:38:18.048049 CONNECT flow>4420 srcPort>36719 dst>fd10:62:100::2/22220 
16:38:18.116143 ON flow>4428 srcPort>43463 dst>fd10:62:100::2/22228 
16:38:18.116437 CONNECT flow>4428 srcPort>43463 dst>fd10:62:100::2/22228 
16:38:18.156773 SHUTDOWN flow>4156 srcPort>36297 dst>fd10:62:100::2/21956 
16:38:18.157706 OFF flow>4156 srcPort>36297 dst>fd10:62:100::2/21956 
16:38:18.302875 SHUTDOWN flow>4164 srcPort>46771 dst>fd10:62:100::2/21964 
16:38:18.303429 OFF flow>4164 srcPort>46771 dst>fd10:62:100::2/21964 
16:38:18.341840 ON flow>4436 srcPort>32967 dst>fd10:62:100::2/22236 
16:38:18.342533 CONNECT flow>4436 srcPort>32967 dst>fd10:62:100::2/22236 
16:38:18.392176 SHUTDOWN flow>4172 srcPort>46151 dst>fd10:62:100::2/21972 
16:38:18.394079 OFF flow>4172 srcPort>46151 dst>fd10:62:100::2/21972 
16:38:18.396459 ON flow>4444 srcPort>44075 dst>fd10:62:100::2/22244 
16:38:18.398858 CONNECT flow>4444 srcPort>44075 dst>fd10:62:100::2/22244 
16:38:18.461968 SHUTDOWN flow>4180 srcPort>39415 dst>fd10:62:100::2/21980 
16:38:18.463207 OFF flow>4180 srcPort>39415 dst>fd10:62:100::2/21980 
16:38:18.516259 ON flow>4452 srcPort>36003 dst>fd10:62:100::2/22252 
16:38:18.516583 CONNECT flow>4452 srcPort>36003 dst>fd10:62:100::2/22252 
16:38:18.616839 ON flow>4460 srcPort>43085 dst>fd10:62:100::2/22260 
16:38:18.617340 CONNECT flow>4460 srcPort>43085 dst>fd10:62:100::2/22260 
16:38:18.793182 SHUTDOWN flow>4188 srcPort>33733 dst>fd10:62:100::2/21988 
16:38:18.794584 OFF flow>4188 srcPort>33733 dst>fd10:62:100::2/21988 
16:38:18.894759 ON flow>4468 srcPort>44401 dst>fd10:62:100::2/22268 
16:38:18.895855 CONNECT flow>4468 srcPort>44401 dst>fd10:62:100::2/22268 
16:38:19.018375 SHUTDOWN flow>4196 srcPort>46129 dst>fd10:62:100::2/21996 
16:38:19.019669 OFF flow>4196 srcPort>46129 dst>fd10:62:100::2/21996 
16:38:19.039065 ON flow>4476 srcPort>38355 dst>fd10:62:100::2/22276 
16:38:19.039288 CONNECT flow>4476 srcPort>38355 dst>fd10:62:100::2/22276 
16:38:19.171752 ON flow>4484 srcPort>33483 dst>fd10:62:100::2/22284 
16:38:19.172068 CONNECT flow>4484 srcPort>33483 dst>fd10:62:100::2/22284 
16:38:19.199387 SHUTDOWN flow>4204 srcPort>41211 dst>fd10:62:100::2/22004 
16:38:19.200120 OFF flow>4204 srcPort>41211 dst>fd10:62:100::2/22004 
16:38:19.323268 ON flow>4492 srcPort>46483 dst>fd10:62:100::2/22292 
16:38:19.323698 CONNECT flow>4492 srcPort>46483 dst>fd10:62:100::2/22292 
16:38:19.360807 SHUTDOWN flow>4212 srcPort>33641 dst>fd10:62:100::2/22012 
16:38:19.361346 OFF flow>4212 srcPort>33641 dst>fd10:62:100::2/22012 
16:38:19.411845 ON flow>4500 srcPort>34681 dst>fd10:62:100::2/22300 
16:38:19.412292 CONNECT flow>4500 srcPort>34681 dst>fd10:62:100::2/22300 
16:38:19.498597 SHUTDOWN flow>4220 srcPort>44251 dst>fd10:62:100::2/22020 
16:38:19.500493 OFF flow>4220 srcPort>44251 dst>fd10:62:100::2/22020 
16:38:19.564214 SHUTDOWN flow>4228 srcPort>40921 dst>fd10:62:100::2/22028 
16:38:19.564850 OFF flow>4228 srcPort>40921 dst>fd10:62:100::2/22028 
16:38:19.595705 ON flow>4508 srcPort>33353 dst>fd10:62:100::2/22308 
16:38:19.596868 CONNECT flow>4508 srcPort>33353 dst>fd10:62:100::2/22308 
16:38:19.734793 SHUTDOWN flow>4236 srcPort>44881 dst>fd10:62:100::2/22036 
16:38:19.736522 OFF flow>4236 srcPort>44881 dst>fd10:62:100::2/22036 
16:38:19.905412 SHUTDOWN flow>4244 srcPort>42427 dst>fd10:62:100::2/22044 
16:38:19.906070 OFF flow>4244 srcPort>42427 dst>fd10:62:100::2/22044 
16:38:19.923981 ON flow>4516 srcPort>45893 dst>fd10:62:100::2/22316 
16:38:19.925471 CONNECT flow>4516 srcPort>45893 dst>fd10:62:100::2/22316 
16:38:20.066583 SHUTDOWN flow>4252 srcPort>36267 dst>fd10:62:100::2/22052 
16:38:20.067356 OFF flow>4252 srcPort>36267 dst>fd10:62:100::2/22052 
16:38:20.175733 SHUTDOWN flow>4260 srcPort>39783 dst>fd10:62:100::2/22060 
16:38:20.176892 OFF flow>4260 srcPort>39783 dst>fd10:62:100::2/22060 
16:38:20.228900 ON flow>4524 srcPort>40917 dst>fd10:62:100::2/22324 
16:38:20.230575 CONNECT flow>4524 srcPort>40917 dst>fd10:62:100::2/22324 
16:38:20.359772 SHUTDOWN flow>4268 srcPort>35443 dst>fd10:62:100::2/22068 
16:38:20.360605 OFF flow>4268 srcPort>35443 dst>fd10:62:100::2/22068 
16:38:20.367546 ON flow>4532 srcPort>34683 dst>fd10:62:100::2/22332 
16:38:20.371083 CONNECT flow>4532 srcPort>34683 dst>fd10:62:100::2/22332 
16:38:20.442073 SHUTDOWN flow>4276 srcPort>44107 dst>fd10:62:100::2/22076 
16:38:20.442618 OFF flow>4276 srcPort>44107 dst>fd10:62:100::2/22076 
16:38:20.513568 SHUTDOWN flow>4284 srcPort>36605 dst>fd10:62:100::2/22084 
16:38:20.513975 OFF flow>4284 srcPort>36605 dst>fd10:62:100::2/22084 
16:38:20.620089 ON flow>4540 srcPort>34465 dst>fd10:62:100::2/22340 
16:38:20.620556 CONNECT flow>4540 srcPort>34465 dst>fd10:62:100::2/22340 
16:38:20.708773 SHUTDOWN flow>4292 srcPort>37251 dst>fd10:62:100::2/22092 
16:38:20.709463 OFF flow>4292 srcPort>37251 dst>fd10:62:100::2/22092 
16:38:20.808790 SHUTDOWN flow>4300 srcPort>34131 dst>fd10:62:100::2/22100 
16:38:20.809153 OFF flow>4300 srcPort>34131 dst>fd10:62:100::2/22100 
16:38:20.857871 ON flow>4548 srcPort>41501 dst>fd10:62:100::2/22348 
16:38:20.858443 CONNECT flow>4548 srcPort>41501 dst>fd10:62:100::2/22348 
16:38:20.964602 SHUTDOWN flow>4308 srcPort>40473 dst>fd10:62:100::2/22108 
16:38:20.965916 OFF flow>4308 srcPort>40473 dst>fd10:62:100::2/22108 
16:38:21.029682 ON flow>4556 srcPort>44077 dst>fd10:62:100::2/22356 
16:38:21.029929 CONNECT flow>4556 srcPort>44077 dst>fd10:62:100::2/22356 
16:38:21.098409 SHUTDOWN flow>4316 srcPort>45229 dst>fd10:62:100::2/22116 
16:38:21.099175 OFF flow>4316 srcPort>45229 dst>fd10:62:100::2/22116 
16:38:21.144050 ON flow>4564 srcPort>32805 dst>fd10:62:100::2/22364 
16:38:21.144497 CONNECT flow>4564 srcPort>32805 dst>fd10:62:100::2/22364 
16:38:21.237195 SHUTDOWN flow>4324 srcPort>44799 dst>fd10:62:100::2/22124 
16:38:21.238491 OFF flow>4324 srcPort>44799 dst>fd10:62:100::2/22124 
16:38:21.270962 ON flow>4572 srcPort>44373 dst>fd10:62:100::2/22372 
16:38:21.271898 CONNECT flow>4572 srcPort>44373 dst>fd10:62:100::2/22372 
16:38:21.336082 ON flow>4580 srcPort>38795 dst>fd10:62:100::2/22380 
16:38:21.336735 CONNECT flow>4580 srcPort>38795 dst>fd10:62:100::2/22380 
16:38:21.370690 SHUTDOWN flow>4332 srcPort>43143 dst>fd10:62:100::2/22132 
16:38:21.371575 OFF flow>4332 srcPort>43143 dst>fd10:62:100::2/22132 
16:38:21.417640 ON flow>4588 srcPort>45753 dst>fd10:62:100::2/22388 
16:38:21.418268 CONNECT flow>4588 srcPort>45753 dst>fd10:62:100::2/22388 
16:38:21.431184 SHUTDOWN flow>4340 srcPort>36305 dst>fd10:62:100::2/22140 
16:38:21.431558 OFF flow>4340 srcPort>36305 dst>fd10:62:100::2/22140 
16:38:21.491485 ON flow>4596 srcPort>41923 dst>fd10:62:100::2/22396 
16:38:21.492795 CONNECT flow>4596 srcPort>41923 dst>fd10:62:100::2/22396 
16:38:21.533881 ON flow>4604 srcPort>45307 dst>fd10:62:100::2/22404 
16:38:21.534345 CONNECT flow>4604 srcPort>45307 dst>fd10:62:100::2/22404 
16:38:21.548592 SHUTDOWN flow>4348 srcPort>43059 dst>fd10:62:100::2/22148 
16:38:21.557779 OFF flow>4348 srcPort>43059 dst>fd10:62:100::2/22148 
16:38:21.616057 ON flow>4612 srcPort>46825 dst>fd10:62:100::2/22412 
16:38:21.616504 CONNECT flow>4612 srcPort>46825 dst>fd10:62:100::2/22412 
16:38:21.638195 SHUTDOWN flow>4356 srcPort>40003 dst>fd10:62:100::2/22156 
16:38:21.638742 OFF flow>4356 srcPort>40003 dst>fd10:62:100::2/22156 
16:38:21.677437 ON flow>4620 srcPort>40209 dst>fd10:62:100::2/22420 
16:38:21.677819 CONNECT flow>4620 srcPort>40209 dst>fd10:62:100::2/22420 
16:38:21.733361 ON flow>4628 srcPort>37503 dst>fd10:62:100::2/22428 
16:38:21.733664 CONNECT flow>4628 srcPort>37503 dst>fd10:62:100::2/22428 
16:38:21.878173 ON flow>4636 srcPort>40971 dst>fd10:62:100::2/22436 
16:38:21.879147 CONNECT flow>4636 srcPort>40971 dst>fd10:62:100::2/22436 
16:38:22.005546 SHUTDOWN flow>4364 srcPort>33155 dst>fd10:62:100::2/22164 
16:38:22.006759 OFF flow>4364 srcPort>33155 dst>fd10:62:100::2/22164 
16:38:22.036092 ON flow>4644 srcPort>39361 dst>fd10:62:100::2/22444 
16:38:22.036642 CONNECT flow>4644 srcPort>39361 dst>fd10:62:100::2/22444 
16:38:22.208278 SHUTDOWN flow>4372 srcPort>39893 dst>fd10:62:100::2/22172 
16:38:22.209490 OFF flow>4372 srcPort>39893 dst>fd10:62:100::2/22172 
16:38:22.225191 ON flow>4652 srcPort>42699 dst>fd10:62:100::2/22452 
16:38:22.226879 CONNECT flow>4652 srcPort>42699 dst>fd10:62:100::2/22452 
16:38:22.337886 SHUTDOWN flow>4380 srcPort>36303 dst>fd10:62:100::2/22180 
16:38:22.338631 OFF flow>4380 srcPort>36303 dst>fd10:62:100::2/22180 
16:38:22.350061 ON flow>4660 srcPort>44415 dst>fd10:62:100::2/22460 
16:38:22.351154 CONNECT flow>4660 srcPort>44415 dst>fd10:62:100::2/22460 
16:38:22.405972 SHUTDOWN flow>4388 srcPort>44233 dst>fd10:62:100::2/22188 
16:38:22.407118 OFF flow>4388 srcPort>44233 dst>fd10:62:100::2/22188 
16:38:22.482482 SHUTDOWN flow>4396 srcPort>33595 dst>fd10:62:100::2/22196 
16:38:22.483516 OFF flow>4396 srcPort>33595 dst>fd10:62:100::2/22196 
16:38:22.523700 ON flow>4668 srcPort>44423 dst>fd10:62:100::2/22468 
16:38:22.525423 CONNECT flow>4668 srcPort>44423 dst>fd10:62:100::2/22468 
16:38:22.574978 SHUTDOWN flow>4404 srcPort>38225 dst>fd10:62:100::2/22204 
16:38:22.575942 OFF flow>4404 srcPort>38225 dst>fd10:62:100::2/22204 
16:38:22.646580 ON flow>4676 srcPort>46803 dst>fd10:62:100::2/22476 
16:38:22.648614 CONNECT flow>4676 srcPort>46803 dst>fd10:62:100::2/22476 
16:38:22.748176 SHUTDOWN flow>4412 srcPort>46375 dst>fd10:62:100::2/22212 
16:38:22.748741 OFF flow>4412 srcPort>46375 dst>fd10:62:100::2/22212 
16:38:22.846884 SHUTDOWN flow>4420 srcPort>36719 dst>fd10:62:100::2/22220 
16:38:22.848992 OFF flow>4420 srcPort>36719 dst>fd10:62:100::2/22220 
16:38:22.870682 ON flow>4684 srcPort>38393 dst>fd10:62:100::2/22484 
16:38:22.872250 CONNECT flow>4684 srcPort>38393 dst>fd10:62:100::2/22484 
16:38:22.916079 SHUTDOWN flow>4428 srcPort>43463 dst>fd10:62:100::2/22228 
16:38:22.916771 OFF flow>4428 srcPort>43463 dst>fd10:62:100::2/22228 
16:38:23.141832 SHUTDOWN flow>4436 srcPort>32967 dst>fd10:62:100::2/22236 
16:38:23.143501 OFF flow>4436 srcPort>32967 dst>fd10:62:100::2/22236 
16:38:23.158980 ON flow>4692 srcPort>41815 dst>fd10:62:100::2/22492 
16:38:23.159357 CONNECT flow>4692 srcPort>41815 dst>fd10:62:100::2/22492 
16:38:23.196373 SHUTDOWN flow>4444 srcPort>44075 dst>fd10:62:100::2/22244 
16:38:23.196741 OFF flow>4444 srcPort>44075 dst>fd10:62:100::2/22244 
16:38:23.244373 ON flow>4700 srcPort>34177 dst>fd10:62:100::2/22500 
16:38:23.245208 CONNECT flow>4700 srcPort>34177 dst>fd10:62:100::2/22500 
16:38:23.316193 SHUTDOWN flow>4452 srcPort>36003 dst>fd10:62:100::2/22252 
16:38:23.316763 OFF flow>4452 srcPort>36003 dst>fd10:62:100::2/22252 
16:38:23.416777 SHUTDOWN flow>4460 srcPort>43085 dst>fd10:62:100::2/22260 
16:38:23.417515 OFF flow>4460 srcPort>43085 dst>fd10:62:100::2/22260 
16:38:23.433496 ON flow>4708 srcPort>36405 dst>fd10:62:100::2/22508 
16:38:23.434586 CONNECT flow>4708 srcPort>36405 dst>fd10:62:100::2/22508 
16:38:23.572020 ON flow>4716 srcPort>46013 dst>fd10:62:100::2/22516 
16:38:23.572327 CONNECT flow>4716 srcPort>46013 dst>fd10:62:100::2/22516 
16:38:23.694689 SHUTDOWN flow>4468 srcPort>44401 dst>fd10:62:100::2/22268 
16:38:23.695527 OFF flow>4468 srcPort>44401 dst>fd10:62:100::2/22268 
16:38:23.838883 SHUTDOWN flow>4476 srcPort>38355 dst>fd10:62:100::2/22276 
16:38:23.839676 OFF flow>4476 srcPort>38355 dst>fd10:62:100::2/22276 
16:38:23.901848 ON flow>4724 srcPort>35423 dst>fd10:62:100::2/22524 
16:38:23.902280 CONNECT flow>4724 srcPort>35423 dst>fd10:62:100::2/22524 
16:38:23.971683 SHUTDOWN flow>4484 srcPort>33483 dst>fd10:62:100::2/22284 
16:38:23.972140 OFF flow>4484 srcPort>33483 dst>fd10:62:100::2/22284 
16:38:24.123237 SHUTDOWN flow>4492 srcPort>46483 dst>fd10:62:100::2/22292 
16:38:24.124986 OFF flow>4492 srcPort>46483 dst>fd10:62:100::2/22292 
16:38:24.142226 ON flow>4732 srcPort>37415 dst>fd10:62:100::2/22532 
16:38:24.142570 CONNECT flow>4732 srcPort>37415 dst>fd10:62:100::2/22532 
16:38:24.211717 SHUTDOWN flow>4500 srcPort>34681 dst>fd10:62:100::2/22300 
16:38:24.212161 OFF flow>4500 srcPort>34681 dst>fd10:62:100::2/22300 
16:38:24.388890 ON flow>4740 srcPort>34047 dst>fd10:62:100::2/22540 
16:38:24.389835 CONNECT flow>4740 srcPort>34047 dst>fd10:62:100::2/22540 
16:38:24.395604 SHUTDOWN flow>4508 srcPort>33353 dst>fd10:62:100::2/22308 
16:38:24.396433 OFF flow>4508 srcPort>33353 dst>fd10:62:100::2/22308 
16:38:24.658061 ON flow>4748 srcPort>41313 dst>fd10:62:100::2/22548 
16:38:24.659801 CONNECT flow>4748 srcPort>41313 dst>fd10:62:100::2/22548 
16:38:24.723916 SHUTDOWN flow>4516 srcPort>45893 dst>fd10:62:100::2/22316 
16:38:24.725435 OFF flow>4516 srcPort>45893 dst>fd10:62:100::2/22316 
16:38:24.766791 ON flow>4756 srcPort>38625 dst>fd10:62:100::2/22556 
16:38:24.767139 CONNECT flow>4756 srcPort>38625 dst>fd10:62:100::2/22556 
16:38:24.878080 ON flow>4764 srcPort>42335 dst>fd10:62:100::2/22564 
16:38:24.878454 CONNECT flow>4764 srcPort>42335 dst>fd10:62:100::2/22564 
16:38:25.028779 SHUTDOWN flow>4524 srcPort>40917 dst>fd10:62:100::2/22324 
16:38:25.030040 OFF flow>4524 srcPort>40917 dst>fd10:62:100::2/22324 
16:38:25.082999 ON flow>4772 srcPort>41303 dst>fd10:62:100::2/22572 
16:38:25.084236 CONNECT flow>4772 srcPort>41303 dst>fd10:62:100::2/22572 
16:38:25.167493 SHUTDOWN flow>4532 srcPort>34683 dst>fd10:62:100::2/22332 
16:38:25.168291 OFF flow>4532 srcPort>34683 dst>fd10:62:100::2/22332 
16:38:25.171671 ON flow>4780 srcPort>35817 dst>fd10:62:100::2/22580 
16:38:25.172071 CONNECT flow>4780 srcPort>35817 dst>fd10:62:100::2/22580 
16:38:25.322757 ON flow>4788 srcPort>45359 dst>fd10:62:100::2/22588 
16:38:25.323199 CONNECT flow>4788 srcPort>45359 dst>fd10:62:100::2/22588 
16:38:25.419981 SHUTDOWN flow>4540 srcPort>34465 dst>fd10:62:100::2/22340 
16:38:25.422398 OFF flow>4540 srcPort>34465 dst>fd10:62:100::2/22340 
16:38:25.471841 ON flow>4796 srcPort>45603 dst>fd10:62:100::2/22596 
16:38:25.473132 CONNECT flow>4796 srcPort>45603 dst>fd10:62:100::2/22596 
16:38:25.556606 ON flow>4804 srcPort>36281 dst>fd10:62:100::2/22604 
16:38:25.558215 CONNECT flow>4804 srcPort>36281 dst>fd10:62:100::2/22604 
16:38:25.657705 SHUTDOWN flow>4548 srcPort>41501 dst>fd10:62:100::2/22348 
16:38:25.658098 OFF flow>4548 srcPort>41501 dst>fd10:62:100::2/22348 
16:38:25.759265 ON flow>4812 srcPort>38617 dst>fd10:62:100::2/22612 
16:38:25.760038 CONNECT flow>4812 srcPort>38617 dst>fd10:62:100::2/22612 
16:38:25.829595 SHUTDOWN flow>4556 srcPort>44077 dst>fd10:62:100::2/22356 
16:38:25.831895 OFF flow>4556 srcPort>44077 dst>fd10:62:100::2/22356 
16:38:25.885623 ON flow>4820 srcPort>41373 dst>fd10:62:100::2/22620 
16:38:25.886888 CONNECT flow>4820 srcPort>41373 dst>fd10:62:100::2/22620 
16:38:25.943998 SHUTDOWN flow>4564 srcPort>32805 dst>fd10:62:100::2/22364 
16:38:25.944720 OFF flow>4564 srcPort>32805 dst>fd10:62:100::2/22364 
16:38:26.070935 SHUTDOWN flow>4572 srcPort>44373 dst>fd10:62:100::2/22372 
16:38:26.071823 OFF flow>4572 srcPort>44373 dst>fd10:62:100::2/22372 
16:38:26.075132 ON flow>4828 srcPort>42259 dst>fd10:62:100::2/22628 
16:38:26.075534 CONNECT flow>4828 srcPort>42259 dst>fd10:62:100::2/22628 
16:38:26.136032 SHUTDOWN flow>4580 srcPort>38795 dst>fd10:62:100::2/22380 
16:38:26.138197 OFF flow>4580 srcPort>38795 dst>fd10:62:100::2/22380 
16:38:26.217610 SHUTDOWN flow>4588 srcPort>45753 dst>fd10:62:100::2/22388 
16:38:26.218236 OFF flow>4588 srcPort>45753 dst>fd10:62:100::2/22388 
16:38:26.291407 SHUTDOWN flow>4596 srcPort>41923 dst>fd10:62:100::2/22396 
16:38:26.292152 OFF flow>4596 srcPort>41923 dst>fd10:62:100::2/22396 
16:38:26.297326 ON flow>4836 srcPort>42935 dst>fd10:62:100::2/22636 
16:38:26.297716 CONNECT flow>4836 srcPort>42935 dst>fd10:62:100::2/22636 
16:38:26.333937 SHUTDOWN flow>4604 srcPort>45307 dst>fd10:62:100::2/22404 
16:38:26.335352 OFF flow>4604 srcPort>45307 dst>fd10:62:100::2/22404 
16:38:26.416096 SHUTDOWN flow>4612 srcPort>46825 dst>fd10:62:100::2/22412 
16:38:26.416672 OFF flow>4612 srcPort>46825 dst>fd10:62:100::2/22412 
16:38:26.449622 ON flow>4844 srcPort>40353 dst>fd10:62:100::2/22644 
16:38:26.450276 CONNECT flow>4844 srcPort>40353 dst>fd10:62:100::2/22644 
16:38:26.477295 SHUTDOWN flow>4620 srcPort>40209 dst>fd10:62:100::2/22420 
16:38:26.477924 OFF flow>4620 srcPort>40209 dst>fd10:62:100::2/22420 
16:38:26.533314 SHUTDOWN flow>4628 srcPort>37503 dst>fd10:62:100::2/22428 
16:38:26.534148 OFF flow>4628 srcPort>37503 dst>fd10:62:100::2/22428 
16:38:26.651229 ON flow>4852 srcPort>40789 dst>fd10:62:100::2/22652 
16:38:26.651690 CONNECT flow>4852 srcPort>40789 dst>fd10:62:100::2/22652 
16:38:26.678110 SHUTDOWN flow>4636 srcPort>40971 dst>fd10:62:100::2/22436 
16:38:26.678940 OFF flow>4636 srcPort>40971 dst>fd10:62:100::2/22436 
16:38:26.685454 ON flow>4860 srcPort>43427 dst>fd10:62:100::2/22660 
16:38:26.685789 CONNECT flow>4860 srcPort>43427 dst>fd10:62:100::2/22660 
16:38:26.752792 ON flow>4868 srcPort>38043 dst>fd10:62:100::2/22668 
16:38:26.753053 CONNECT flow>4868 srcPort>38043 dst>fd10:62:100::2/22668 
16:38:26.793791 ON flow>4876 srcPort>41305 dst>fd10:62:100::2/22676 
16:38:26.794094 CONNECT flow>4876 srcPort>41305 dst>fd10:62:100::2/22676 
16:38:26.837116 SHUTDOWN flow>4644 srcPort>39361 dst>fd10:62:100::2/22444 
16:38:26.838269 OFF flow>4644 srcPort>39361 dst>fd10:62:100::2/22444 
16:38:26.857921 ON flow>4884 srcPort>33549 dst>fd10:62:100::2/22684 
16:38:26.858557 CONNECT flow>4884 srcPort>33549 dst>fd10:62:100::2/22684 
16:38:27.000845 ON flow>4892 srcPort>33015 dst>fd10:62:100::2/22692 
16:38:27.001249 CONNECT flow>4892 srcPort>33015 dst>fd10:62:100::2/22692 
16:38:27.025120 SHUTDOWN flow>4652 srcPort>42699 dst>fd10:62:100::2/22452 
16:38:27.025505 OFF flow>4652 srcPort>42699 dst>fd10:62:100::2/22452 
16:38:27.074730 ON flow>4900 srcPort>41183 dst>fd10:62:100::2/22700 
16:38:27.075643 CONNECT flow>4900 srcPort>41183 dst>fd10:62:100::2/22700 
16:38:27.150008 SHUTDOWN flow>4660 srcPort>44415 dst>fd10:62:100::2/22460 
16:38:27.150553 OFF flow>4660 srcPort>44415 dst>fd10:62:100::2/22460 
16:38:27.207885 ON flow>4908 srcPort>39173 dst>fd10:62:100::2/22708 
16:38:27.209068 CONNECT flow>4908 srcPort>39173 dst>fd10:62:100::2/22708 
16:38:27.310572 ON flow>4916 srcPort>35363 dst>fd10:62:100::2/22716 
16:38:27.311421 CONNECT flow>4916 srcPort>35363 dst>fd10:62:100::2/22716 
16:38:27.323587 SHUTDOWN flow>4668 srcPort>44423 dst>fd10:62:100::2/22468 
16:38:27.324206 OFF flow>4668 srcPort>44423 dst>fd10:62:100::2/22468 
16:38:27.391049 ON flow>4924 srcPort>35971 dst>fd10:62:100::2/22724 
16:38:27.391758 CONNECT flow>4924 srcPort>35971 dst>fd10:62:100::2/22724 
16:38:27.446529 SHUTDOWN flow>4676 srcPort>46803 dst>fd10:62:100::2/22476 
16:38:27.447057 OFF flow>4676 srcPort>46803 dst>fd10:62:100::2/22476 
16:38:27.557419 ON flow>4932 srcPort>35167 dst>fd10:62:100::2/22732 
16:38:27.558874 CONNECT flow>4932 srcPort>35167 dst>fd10:62:100::2/22732 
16:38:27.639513 ON flow>4940 srcPort>37527 dst>fd10:62:100::2/22740 
16:38:27.640309 CONNECT flow>4940 srcPort>37527 dst>fd10:62:100::2/22740 
16:38:27.670590 SHUTDOWN flow>4684 srcPort>38393 dst>fd10:62:100::2/22484 
16:38:27.672688 OFF flow>4684 srcPort>38393 dst>fd10:62:100::2/22484 
16:38:27.703266 ON flow>4948 srcPort>35483 dst>fd10:62:100::2/22748 
16:38:27.703796 CONNECT flow>4948 srcPort>35483 dst>fd10:62:100::2/22748 
16:38:27.801915 ON flow>4956 srcPort>37075 dst>fd10:62:100::2/22756 
16:38:27.802787 CONNECT flow>4956 srcPort>37075 dst>fd10:62:100::2/22756 
16:38:27.879582 ON flow>4964 srcPort>43063 dst>fd10:62:100::2/22764 
16:38:27.881446 CONNECT flow>4964 srcPort>43063 dst>fd10:62:100::2/22764 
16:38:27.945082 ON flow>4972 srcPort>39657 dst>fd10:62:100::2/22772 
16:38:27.945533 CONNECT flow>4972 srcPort>39657 dst>fd10:62:100::2/22772 
16:38:27.958896 SHUTDOWN flow>4692 srcPort>41815 dst>fd10:62:100::2/22492 
16:38:27.959456 OFF flow>4692 srcPort>41815 dst>fd10:62:100::2/22492 
16:38:28.044295 SHUTDOWN flow>4700 srcPort>34177 dst>fd10:62:100::2/22500 
16:38:28.045718 OFF flow>4700 srcPort>34177 dst>fd10:62:100::2/22500 
16:38:28.091599 ON flow>4980 srcPort>33129 dst>fd10:62:100::2/22780 
16:38:28.094820 CONNECT flow>4980 srcPort>33129 dst>fd10:62:100::2/22780 
16:38:28.168480 ON flow>4988 srcPort>45743 dst>fd10:62:100::2/22788 
16:38:28.169217 CONNECT flow>4988 srcPort>45743 dst>fd10:62:100::2/22788 
16:38:28.233408 SHUTDOWN flow>4708 srcPort>36405 dst>fd10:62:100::2/22508 
16:38:28.235298 OFF flow>4708 srcPort>36405 dst>fd10:62:100::2/22508 
16:38:28.246715 ON flow>4996 srcPort>34825 dst>fd10:62:100::2/22796 
16:38:28.248020 CONNECT flow>4996 srcPort>34825 dst>fd10:62:100::2/22796 
16:38:28.371913 SHUTDOWN flow>4716 srcPort>46013 dst>fd10:62:100::2/22516 
16:38:28.373906 OFF flow>4716 srcPort>46013 dst>fd10:62:100::2/22516 
16:38:28.445231 ON flow>5004 srcPort>45721 dst>fd10:62:100::2/22804 
16:38:28.447522 CONNECT flow>5004 srcPort>45721 dst>fd10:62:100::2/22804 
16:38:28.542116 ON flow>5012 srcPort>33613 dst>fd10:62:100::2/22812 
16:38:28.543449 CONNECT flow>5012 srcPort>33613 dst>fd10:62:100::2/22812 
16:38:28.701707 SHUTDOWN flow>4724 srcPort>35423 dst>fd10:62:100::2/22524 
16:38:28.705270 OFF flow>4724 srcPort>35423 dst>fd10:62:100::2/22524 
16:38:28.710383 ON flow>5020 srcPort>37349 dst>fd10:62:100::2/22820 
16:38:28.713667 CONNECT flow>5020 srcPort>37349 dst>fd10:62:100::2/22820 
16:38:28.819961 ON flow>5028 srcPort>40809 dst>fd10:62:100::2/22828 
16:38:28.822548 CONNECT flow>5028 srcPort>40809 dst>fd10:62:100::2/22828 
16:38:28.853092 ON flow>5036 srcPort>39281 dst>fd10:62:100::2/22836 
16:38:28.856676 CONNECT flow>5036 srcPort>39281 dst>fd10:62:100::2/22836 
16:38:28.942117 SHUTDOWN flow>4732 srcPort>37415 dst>fd10:62:100::2/22532 
16:38:28.946939 OFF flow>4732 srcPort>37415 dst>fd10:62:100::2/22532 
16:38:28.960093 ON flow>5044 srcPort>33419 dst>fd10:62:100::2/22844 
16:38:28.966741 CONNECT flow>5044 srcPort>33419 dst>fd10:62:100::2/22844 
16:38:29.078692 ON flow>5052 srcPort>45219 dst>fd10:62:100::2/22852 
16:38:29.091878 CONNECT flow>5052 srcPort>45219 dst>fd10:62:100::2/22852 
16:38:29.172222 ON flow>5060 srcPort>37697 dst>fd10:62:100::2/22860 
16:38:29.188807 SHUTDOWN flow>4740 srcPort>34047 dst>fd10:62:100::2/22540 
16:38:29.193437 CONNECT flow>5060 srcPort>37697 dst>fd10:62:100::2/22860 
16:38:29.212313 OFF flow>4740 srcPort>34047 dst>fd10:62:100::2/22540 
16:38:29.266068 ON flow>5068 srcPort>44321 dst>fd10:62:100::2/22868 
16:38:29.297636 CONNECT flow>5068 srcPort>44321 dst>fd10:62:100::2/22868 
16:38:29.430223 ON flow>5076 srcPort>33865 dst>fd10:62:100::2/22876 
16:38:29.457991 SHUTDOWN flow>4748 srcPort>41313 dst>fd10:62:100::2/22548 
16:38:29.474641 CONNECT flow>5076 srcPort>33865 dst>fd10:62:100::2/22876 
16:38:29.507861 OFF flow>4748 srcPort>41313 dst>fd10:62:100::2/22548 
16:38:29.566599 SHUTDOWN flow>4756 srcPort>38625 dst>fd10:62:100::2/22556 
16:38:29.623490 OFF flow>4756 srcPort>38625 dst>fd10:62:100::2/22556 
16:38:29.677901 SHUTDOWN flow>4764 srcPort>42335 dst>fd10:62:100::2/22564 
16:38:29.740204 ON flow>5084 srcPort>39007 dst>fd10:62:100::2/22884 
16:38:29.743467 OFF flow>4764 srcPort>42335 dst>fd10:62:100::2/22564 
16:38:29.810067 CONNECT flow>5084 srcPort>39007 dst>fd10:62:100::2/22884 
16:38:29.819100 ON flow>5092 srcPort>39611 dst>fd10:62:100::2/22892 
16:38:29.882906 SHUTDOWN flow>4772 srcPort>41303 dst>fd10:62:100::2/22572 
16:38:29.892539 ON flow>5100 srcPort>37833 dst>fd10:62:100::2/22900 
16:38:29.897200 CONNECT flow>5092 srcPort>39611 dst>fd10:62:100::2/22892 
16:38:29.942056 ON flow>5108 srcPort>34425 dst>fd10:62:100::2/22908 
16:38:29.971724 SHUTDOWN flow>4780 srcPort>35817 dst>fd10:62:100::2/22580 
16:38:29.972322 CONNECT flow>5100 srcPort>37833 dst>fd10:62:100::2/22900 
16:38:30.021932 CONNECT flow>5108 srcPort>34425 dst>fd10:62:100::2/22908 
16:38:30.039885 ON flow>5116 srcPort>38489 dst>fd10:62:100::2/22916 
16:38:30.111468 OFF flow>4772 srcPort>41303 dst>fd10:62:100::2/22572 
16:38:30.119408 CONNECT flow>5116 srcPort>38489 dst>fd10:62:100::2/22916 
16:38:30.122639 SHUTDOWN flow>4788 srcPort>45359 dst>fd10:62:100::2/22588 
16:38:30.128079 ON flow>5124 srcPort>41517 dst>fd10:62:100::2/22924 
16:38:30.180779 ON flow>5132 srcPort>35961 dst>fd10:62:100::2/22932 
16:38:30.204201 OFF flow>4780 srcPort>35817 dst>fd10:62:100::2/22580 
16:38:30.205611 OFF flow>4788 srcPort>45359 dst>fd10:62:100::2/22588 
16:38:30.211692 CONNECT flow>5124 srcPort>41517 dst>fd10:62:100::2/22924 
16:38:30.259983 ON flow>5140 srcPort>43235 dst>fd10:62:100::2/22940 
16:38:30.263507 CONNECT flow>5132 srcPort>35961 dst>fd10:62:100::2/22932 
16:38:30.271746 SHUTDOWN flow>4796 srcPort>45603 dst>fd10:62:100::2/22596 
16:38:30.344201 CONNECT flow>5140 srcPort>43235 dst>fd10:62:100::2/22940 
16:38:30.356530 SHUTDOWN flow>4804 srcPort>36281 dst>fd10:62:100::2/22604 
16:38:30.410609 ON flow>5148 srcPort>37163 dst>fd10:62:100::2/22948 
16:38:30.496476 CONNECT flow>5148 srcPort>37163 dst>fd10:62:100::2/22948 
16:38:30.507895 OFF flow>4804 srcPort>36281 dst>fd10:62:100::2/22604 
16:38:30.559572 ON flow>5156 srcPort>42391 dst>fd10:62:100::2/22956 
16:38:30.647100 CONNECT flow>5156 srcPort>42391 dst>fd10:62:100::2/22956 
16:38:30.685547 SHUTDOWN flow>4820 srcPort>41373 dst>fd10:62:100::2/22620 
16:38:30.759234 OFF flow>4796 srcPort>45603 dst>fd10:62:100::2/22596 
16:38:30.767133 ON flow>5164 srcPort>36517 dst>fd10:62:100::2/22964 
16:38:30.854943 CONNECT flow>5164 srcPort>36517 dst>fd10:62:100::2/22964 
16:38:30.873322 SHUTDOWN flow>4812 srcPort>38617 dst>fd10:62:100::2/22612 
16:38:30.875074 SHUTDOWN flow>4828 srcPort>42259 dst>fd10:62:100::2/22628 
16:38:30.909353 ON flow>5172 srcPort>38421 dst>fd10:62:100::2/22972 
16:38:30.995618 CONNECT flow>5172 srcPort>38421 dst>fd10:62:100::2/22972 
16:38:31.045057 OFF flow>4820 srcPort>41373 dst>fd10:62:100::2/22620 
16:38:31.124221 SHUTDOWN flow>4836 srcPort>42935 dst>fd10:62:100::2/22636 
16:38:31.181820 ON flow>5180 srcPort>36611 dst>fd10:62:100::2/22980 
16:38:31.205248 OFF flow>4828 srcPort>42259 dst>fd10:62:100::2/22628 
16:38:31.249526 SHUTDOWN flow>4844 srcPort>40353 dst>fd10:62:100::2/22644 
16:38:31.272245 CONNECT flow>5180 srcPort>36611 dst>fd10:62:100::2/22980 
16:38:31.331463 ON flow>5188 srcPort>37313 dst>fd10:62:100::2/22988 
16:38:31.339130 OFF flow>4844 srcPort>40353 dst>fd10:62:100::2/22644 
16:38:31.422582 CONNECT flow>5188 srcPort>37313 dst>fd10:62:100::2/22988 
16:38:31.451185 SHUTDOWN flow>4852 srcPort>40789 dst>fd10:62:100::2/22652 
16:38:31.464013 ON flow>5196 srcPort>37777 dst>fd10:62:100::2/22996 
16:38:31.528033 ON flow>5204 srcPort>35087 dst>fd10:62:100::2/23004 
16:38:31.552925 SHUTDOWN flow>4868 srcPort>38043 dst>fd10:62:100::2/22668 
16:38:31.552973 CONNECT flow>5196 srcPort>37777 dst>fd10:62:100::2/22996 
16:38:31.579774 OFF flow>4812 srcPort>38617 dst>fd10:62:100::2/22612 
16:38:31.593868 SHUTDOWN flow>4876 srcPort>41305 dst>fd10:62:100::2/22676 
16:38:31.617742 CONNECT flow>5204 srcPort>35087 dst>fd10:62:100::2/23004 
16:38:31.657835 SHUTDOWN flow>4884 srcPort>33549 dst>fd10:62:100::2/22684 
16:38:31.664080 OFF flow>4852 srcPort>40789 dst>fd10:62:100::2/22652 
16:38:31.673127 ON flow>5212 srcPort>36005 dst>fd10:62:100::2/23012 
16:38:31.744913 SHUTDOWN flow>4860 srcPort>43427 dst>fd10:62:100::2/22660 
16:38:31.760307 ON flow>5220 srcPort>40679 dst>fd10:62:100::2/23020 
16:38:31.764516 CONNECT flow>5212 srcPort>36005 dst>fd10:62:100::2/23012 
16:38:31.851932 CONNECT flow>5220 srcPort>40679 dst>fd10:62:100::2/23020 
16:38:31.869345 ON flow>5228 srcPort>42663 dst>fd10:62:100::2/23028 
16:38:31.946983 ON flow>5236 srcPort>37663 dst>fd10:62:100::2/23036 
16:38:31.958694 CONNECT flow>5228 srcPort>42663 dst>fd10:62:100::2/23028 
16:38:32.037559 CONNECT flow>5236 srcPort>37663 dst>fd10:62:100::2/23036 
16:38:32.043714 ON flow>5244 srcPort>38783 dst>fd10:62:100::2/23044 
16:38:32.056828 OFF flow>4876 srcPort>41305 dst>fd10:62:100::2/22676 
16:38:32.097879 SHUTDOWN flow>4908 srcPort>39173 dst>fd10:62:100::2/22708 
16:38:32.106671 OFF flow>4868 srcPort>38043 dst>fd10:62:100::2/22668 
16:38:32.116224 OFF flow>4836 srcPort>42935 dst>fd10:62:100::2/22636 
16:38:32.134830 CONNECT flow>5244 srcPort>38783 dst>fd10:62:100::2/23044 
16:38:32.137060 OFF flow>4884 srcPort>33549 dst>fd10:62:100::2/22684 
16:38:32.149776 ON flow>5252 srcPort>37893 dst>fd10:62:100::2/23052 
16:38:32.182177 SHUTDOWN flow>4900 srcPort>41183 dst>fd10:62:100::2/22700 
16:38:32.191007 SHUTDOWN flow>4924 srcPort>35971 dst>fd10:62:100::2/22724 
16:38:32.201691 SHUTDOWN flow>4916 srcPort>35363 dst>fd10:62:100::2/22716 
16:38:32.223509 ON flow>5260 srcPort>42521 dst>fd10:62:100::2/23060 
16:38:32.223563 SHUTDOWN flow>4892 srcPort>33015 dst>fd10:62:100::2/22692 
16:38:32.240793 CONNECT flow>5252 srcPort>37893 dst>fd10:62:100::2/23052 
16:38:32.259833 OFF flow>4860 srcPort>43427 dst>fd10:62:100::2/22660 
16:38:32.317731 CONNECT flow>5260 srcPort>42521 dst>fd10:62:100::2/23060 
16:38:32.357200 SHUTDOWN flow>4932 srcPort>35167 dst>fd10:62:100::2/22732 
16:38:32.396335 ON flow>5268 srcPort>40975 dst>fd10:62:100::2/23068 
16:38:32.439315 SHUTDOWN flow>4940 srcPort>37527 dst>fd10:62:100::2/22740 
16:38:32.489593 CONNECT flow>5268 srcPort>40975 dst>fd10:62:100::2/23068 
16:38:32.561954 OFF flow>4932 srcPort>35167 dst>fd10:62:100::2/22732 
16:38:32.592325 ON flow>5276 srcPort>34223 dst>fd10:62:100::2/23076 
16:38:32.625714 SHUTDOWN flow>4956 srcPort>37075 dst>fd10:62:100::2/22756 
16:38:32.650625 OFF flow>4900 srcPort>41183 dst>fd10:62:100::2/22700 
16:38:32.656155 OFF flow>4908 srcPort>39173 dst>fd10:62:100::2/22708 
16:38:32.665541 OFF flow>4916 srcPort>35363 dst>fd10:62:100::2/22716 
16:38:32.679502 SHUTDOWN flow>4964 srcPort>43063 dst>fd10:62:100::2/22764 
16:38:32.684983 CONNECT flow>5276 srcPort>34223 dst>fd10:62:100::2/23076 
16:38:32.725630 OFF flow>4924 srcPort>35971 dst>fd10:62:100::2/22724 
16:38:32.745011 SHUTDOWN flow>4972 srcPort>39657 dst>fd10:62:100::2/22772 
16:38:32.788986 SHUTDOWN flow>4948 srcPort>35483 dst>fd10:62:100::2/22748 
16:38:32.850297 ON flow>5284 srcPort>37317 dst>fd10:62:100::2/23084 
16:38:32.881511 OFF flow>4892 srcPort>33015 dst>fd10:62:100::2/22692 
16:38:32.891537 SHUTDOWN flow>4980 srcPort>33129 dst>fd10:62:100::2/22780 
16:38:32.924788 ON flow>5292 srcPort>41807 dst>fd10:62:100::2/23092 
16:38:32.944718 CONNECT flow>5284 srcPort>37317 dst>fd10:62:100::2/23084 
16:38:32.957797 OFF flow>4940 srcPort>37527 dst>fd10:62:100::2/22740 
16:38:32.997939 OFF flow>4956 srcPort>37075 dst>fd10:62:100::2/22756 
16:38:33.007412 ON flow>5300 srcPort>41563 dst>fd10:62:100::2/23100 
16:38:33.015751 CONNECT flow>5292 srcPort>41807 dst>fd10:62:100::2/23092 
16:38:33.046609 SHUTDOWN flow>4996 srcPort>34825 dst>fd10:62:100::2/22796 
16:38:33.089645 ON flow>5308 srcPort>46713 dst>fd10:62:100::2/23108 
16:38:33.099951 OFF flow>4964 srcPort>43063 dst>fd10:62:100::2/22764 
16:38:33.102292 CONNECT flow>5300 srcPort>41563 dst>fd10:62:100::2/23100 
16:38:33.136791 SHUTDOWN flow>4988 srcPort>45743 dst>fd10:62:100::2/22788 
16:38:33.144380 ON flow>5316 srcPort>44471 dst>fd10:62:100::2/23116 
16:38:33.181393 CONNECT flow>5308 srcPort>46713 dst>fd10:62:100::2/23108 
16:38:33.229136 ON flow>5324 srcPort>35095 dst>fd10:62:100::2/23124 
16:38:33.237166 CONNECT flow>5316 srcPort>44471 dst>fd10:62:100::2/23116 
16:38:33.264624 ON flow>5332 srcPort>32851 dst>fd10:62:100::2/23132 
16:38:33.265304 OFF flow>4972 srcPort>39657 dst>fd10:62:100::2/22772 
16:38:33.323332 CONNECT flow>5324 srcPort>35095 dst>fd10:62:100::2/23124 
16:38:33.333453 ON flow>5340 srcPort>33583 dst>fd10:62:100::2/23140 
16:38:33.342022 SHUTDOWN flow>5012 srcPort>33613 dst>fd10:62:100::2/22812 
16:38:33.353733 SHUTDOWN flow>5004 srcPort>45721 dst>fd10:62:100::2/22804 
16:38:33.359076 CONNECT flow>5332 srcPort>32851 dst>fd10:62:100::2/23132 
16:38:33.429953 CONNECT flow>5340 srcPort>33583 dst>fd10:62:100::2/23140 
16:38:33.491273 OFF flow>4948 srcPort>35483 dst>fd10:62:100::2/22748 
16:38:33.515693 SHUTDOWN flow>5020 srcPort>37349 dst>fd10:62:100::2/22820 
16:38:33.533203 ON flow>5348 srcPort>39105 dst>fd10:62:100::2/23148 
16:38:33.614812 ON flow>5356 srcPort>34207 dst>fd10:62:100::2/23156 
16:38:33.619962 SHUTDOWN flow>5028 srcPort>40809 dst>fd10:62:100::2/22828 
16:38:33.626599 CONNECT flow>5348 srcPort>39105 dst>fd10:62:100::2/23148 
16:38:33.714322 CONNECT flow>5356 srcPort>34207 dst>fd10:62:100::2/23156 
16:38:33.759920 SHUTDOWN flow>5044 srcPort>33419 dst>fd10:62:100::2/22844 
16:38:33.829874 SHUTDOWN flow>5036 srcPort>39281 dst>fd10:62:100::2/22836 
16:38:33.849418 ON flow>5364 srcPort>39083 dst>fd10:62:100::2/23164 
16:38:33.949294 CONNECT flow>5364 srcPort>39083 dst>fd10:62:100::2/23164 
16:38:34.065912 SHUTDOWN flow>5068 srcPort>44321 dst>fd10:62:100::2/22868 
16:38:34.107962 SHUTDOWN flow>5052 srcPort>45219 dst>fd10:62:100::2/22852 
16:38:34.126421 OFF flow>5020 srcPort>37349 dst>fd10:62:100::2/22820 
16:38:34.188252 OFF flow>4980 srcPort>33129 dst>fd10:62:100::2/22780 
16:38:34.248059 OFF flow>5068 srcPort>44321 dst>fd10:62:100::2/22868 
16:38:34.278236 OFF flow>4988 srcPort>45743 dst>fd10:62:100::2/22788 
16:38:34.396753 OFF flow>5036 srcPort>39281 dst>fd10:62:100::2/22836 
16:38:34.427967 ON flow>5372 srcPort>44885 dst>fd10:62:100::2/23172 
16:38:34.479676 SHUTDOWN flow>5076 srcPort>33865 dst>fd10:62:100::2/22876 
16:38:34.501758 SHUTDOWN flow>5060 srcPort>37697 dst>fd10:62:100::2/22860 
16:38:34.525891 CONNECT flow>5372 srcPort>44885 dst>fd10:62:100::2/23172 
16:38:34.540018 SHUTDOWN flow>5084 srcPort>39007 dst>fd10:62:100::2/22884 
16:38:34.619004 SHUTDOWN flow>5092 srcPort>39611 dst>fd10:62:100::2/22892 
16:38:34.624287 ON flow>5380 srcPort>41429 dst>fd10:62:100::2/23180 
16:38:34.724633 CONNECT flow>5380 srcPort>41429 dst>fd10:62:100::2/23180 
16:38:34.730144 OFF flow>5004 srcPort>45721 dst>fd10:62:100::2/22804 
16:38:34.744388 SHUTDOWN flow>5108 srcPort>34425 dst>fd10:62:100::2/22908 
16:38:34.876266 OFF flow>5044 srcPort>33419 dst>fd10:62:100::2/22844 
16:38:34.913593 ON flow>5388 srcPort>41467 dst>fd10:62:100::2/23188 
16:38:35.015317 CONNECT flow>5388 srcPort>41467 dst>fd10:62:100::2/23188 
16:38:35.066342 SHUTDOWN flow>5116 srcPort>38489 dst>fd10:62:100::2/22916 
16:38:35.075365 ON flow>5396 srcPort>36939 dst>fd10:62:100::2/23196 
16:38:35.108785 SHUTDOWN flow>5100 srcPort>37833 dst>fd10:62:100::2/22900 
16:38:35.164367 SHUTDOWN flow>5132 srcPort>35961 dst>fd10:62:100::2/22932 
16:38:35.176860 CONNECT flow>5396 srcPort>36939 dst>fd10:62:100::2/23196 
16:38:35.210322 SHUTDOWN flow>5148 srcPort>37163 dst>fd10:62:100::2/22948 
16:38:35.220843 OFF flow>5028 srcPort>40809 dst>fd10:62:100::2/22828 
16:38:35.237889 OFF flow>5052 srcPort>45219 dst>fd10:62:100::2/22852 
16:38:35.268191 OFF flow>5060 srcPort>37697 dst>fd10:62:100::2/22860 
16:38:35.278565 ON flow>5404 srcPort>45573 dst>fd10:62:100::2/23204 
16:38:35.279163 OFF flow>5076 srcPort>33865 dst>fd10:62:100::2/22876 
16:38:35.339763 ON flow>5412 srcPort>36037 dst>fd10:62:100::2/23212 
16:38:35.359423 SHUTDOWN flow>5156 srcPort>42391 dst>fd10:62:100::2/22956 
16:38:35.376825 CONNECT flow>5404 srcPort>45573 dst>fd10:62:100::2/23204 
16:38:35.379534 OFF flow>5092 srcPort>39611 dst>fd10:62:100::2/22892 
16:38:35.408533 OFF flow>5132 srcPort>35961 dst>fd10:62:100::2/22932 
16:38:35.418732 OFF flow>5108 srcPort>34425 dst>fd10:62:100::2/22908 
16:38:35.436859 CONNECT flow>5412 srcPort>36037 dst>fd10:62:100::2/23212 
16:38:35.438519 SHUTDOWN flow>5124 srcPort>41517 dst>fd10:62:100::2/22924 
16:38:35.453921 OFF flow>5156 srcPort>42391 dst>fd10:62:100::2/22956 
16:38:35.460849 ON flow>5420 srcPort>41175 dst>fd10:62:100::2/23220 
16:38:35.478378 OFF flow>5012 srcPort>33613 dst>fd10:62:100::2/22812 
16:38:35.550358 ON flow>5428 srcPort>43083 dst>fd10:62:100::2/23228 
16:38:35.550832 OFF flow>5084 srcPort>39007 dst>fd10:62:100::2/22884 
16:38:35.552527 CONNECT flow>5420 srcPort>41175 dst>fd10:62:100::2/23220 
16:38:35.567016 SHUTDOWN flow>5164 srcPort>36517 dst>fd10:62:100::2/22964 
16:38:35.623084 SHUTDOWN flow>5140 srcPort>43235 dst>fd10:62:100::2/22940 
16:38:35.628099 ON flow>5436 srcPort>38545 dst>fd10:62:100::2/23236 
16:38:35.645887 CONNECT flow>5428 srcPort>43083 dst>fd10:62:100::2/23228 
16:38:35.658968 OFF flow>5164 srcPort>36517 dst>fd10:62:100::2/22964 
16:38:35.705615 ON flow>5444 srcPort>44149 dst>fd10:62:100::2/23244 
16:38:35.724695 CONNECT flow>5436 srcPort>38545 dst>fd10:62:100::2/23236 
16:38:35.794544 OFF flow>4996 srcPort>34825 dst>fd10:62:100::2/22796 
16:38:35.804121 CONNECT flow>5444 srcPort>44149 dst>fd10:62:100::2/23244 
16:38:35.806748 ON flow>5452 srcPort>42761 dst>fd10:62:100::2/23252 
16:38:35.813624 SHUTDOWN flow>5172 srcPort>38421 dst>fd10:62:100::2/22972 
16:38:35.905735 ON flow>5460 srcPort>33953 dst>fd10:62:100::2/23260 
16:38:35.907734 CONNECT flow>5452 srcPort>42761 dst>fd10:62:100::2/23252 
16:38:35.947442 OFF flow>5148 srcPort>37163 dst>fd10:62:100::2/22948 
16:38:35.975529 ON flow>5468 srcPort>39357 dst>fd10:62:100::2/23268 
16:38:35.981644 SHUTDOWN flow>5180 srcPort>36611 dst>fd10:62:100::2/22980 
16:38:36.008394 CONNECT flow>5460 srcPort>33953 dst>fd10:62:100::2/23260 
16:38:36.076839 CONNECT flow>5468 srcPort>39357 dst>fd10:62:100::2/23268 
16:38:36.131413 SHUTDOWN flow>5188 srcPort>37313 dst>fd10:62:100::2/22988 
16:38:36.146103 OFF flow>5116 srcPort>38489 dst>fd10:62:100::2/22916 
16:38:36.202174 ON flow>5476 srcPort>43131 dst>fd10:62:100::2/23276 
16:38:36.233700 OFF flow>5100 srcPort>37833 dst>fd10:62:100::2/22900 
16:38:36.263782 SHUTDOWN flow>5196 srcPort>37777 dst>fd10:62:100::2/22996 
16:38:36.274624 OFF flow>5188 srcPort>37313 dst>fd10:62:100::2/22988 
16:38:36.299152 CONNECT flow>5476 srcPort>43131 dst>fd10:62:100::2/23276 
16:38:36.320863 OFF flow>5124 srcPort>41517 dst>fd10:62:100::2/22924 
16:38:36.422211 ON flow>5484 srcPort>36399 dst>fd10:62:100::2/23284 
16:38:36.523323 CONNECT flow>5484 srcPort>36399 dst>fd10:62:100::2/23284 
16:38:36.525187 OFF flow>5172 srcPort>38421 dst>fd10:62:100::2/22972 
16:38:36.558407 ON flow>5492 srcPort>35143 dst>fd10:62:100::2/23292 
16:38:36.560125 SHUTDOWN flow>5220 srcPort>40679 dst>fd10:62:100::2/23020 
16:38:36.653784 CONNECT flow>5492 srcPort>35143 dst>fd10:62:100::2/23292 
16:38:36.666800 ON flow>5500 srcPort>46265 dst>fd10:62:100::2/23300 
16:38:36.693355 OFF flow>5180 srcPort>36611 dst>fd10:62:100::2/22980 
16:38:36.713752 SHUTDOWN flow>5204 srcPort>35087 dst>fd10:62:100::2/23004 
16:38:36.713788 OFF flow>5220 srcPort>40679 dst>fd10:62:100::2/23020 
16:38:36.758798 CONNECT flow>5500 srcPort>46265 dst>fd10:62:100::2/23300 
16:38:36.816041 ON flow>5508 srcPort>42197 dst>fd10:62:100::2/23308 
16:38:36.821914 SHUTDOWN flow>5212 srcPort>36005 dst>fd10:62:100::2/23012 
16:38:36.843041 SHUTDOWN flow>5244 srcPort>38783 dst>fd10:62:100::2/23044 
16:38:36.912127 CONNECT flow>5508 srcPort>42197 dst>fd10:62:100::2/23308 
16:38:36.940050 OFF flow>5244 srcPort>38783 dst>fd10:62:100::2/23044 
16:38:36.949758 SHUTDOWN flow>5252 srcPort>37893 dst>fd10:62:100::2/23052 
16:38:36.978319 ON flow>5516 srcPort>44685 dst>fd10:62:100::2/23316 
16:38:37.023212 SHUTDOWN flow>5260 srcPort>42521 dst>fd10:62:100::2/23060 
16:38:37.060452 ON flow>5524 srcPort>35255 dst>fd10:62:100::2/23324 
16:38:37.076448 CONNECT flow>5516 srcPort>44685 dst>fd10:62:100::2/23316 
16:38:37.083866 OFF flow>5252 srcPort>37893 dst>fd10:62:100::2/23052 
16:38:37.101508 OFF flow>5140 srcPort>43235 dst>fd10:62:100::2/22940 
16:38:37.158739 CONNECT flow>5524 srcPort>35255 dst>fd10:62:100::2/23324 
16:38:37.196205 SHUTDOWN flow>5268 srcPort>40975 dst>fd10:62:100::2/23068 
16:38:37.213818 OFF flow>5196 srcPort>37777 dst>fd10:62:100::2/22996 
16:38:37.254475 ON flow>5532 srcPort>42879 dst>fd10:62:100::2/23332 
16:38:37.350931 CONNECT flow>5532 srcPort>42879 dst>fd10:62:100::2/23332 
16:38:37.368773 OFF flow>5268 srcPort>40975 dst>fd10:62:100::2/23068 
16:38:37.369538 SHUTDOWN flow>5228 srcPort>42663 dst>fd10:62:100::2/23028 
16:38:37.392118 SHUTDOWN flow>5276 srcPort>34223 dst>fd10:62:100::2/23076 
16:38:37.421893 ON flow>5540 srcPort>35797 dst>fd10:62:100::2/23340 
16:38:37.433722 SHUTDOWN flow>5236 srcPort>37663 dst>fd10:62:100::2/23036 
16:38:37.519737 CONNECT flow>5540 srcPort>35797 dst>fd10:62:100::2/23340 
16:38:37.574550 OFF flow>5204 srcPort>35087 dst>fd10:62:100::2/23004 
16:38:37.576471 OFF flow>5276 srcPort>34223 dst>fd10:62:100::2/23076 
16:38:37.650034 SHUTDOWN flow>5284 srcPort>37317 dst>fd10:62:100::2/23084 
16:38:37.701081 ON flow>5548 srcPort>34027 dst>fd10:62:100::2/23348 
16:38:37.742527 OFF flow>5284 srcPort>37317 dst>fd10:62:100::2/23084 
16:38:37.792414 CONNECT flow>5548 srcPort>34027 dst>fd10:62:100::2/23348 
16:38:37.807311 SHUTDOWN flow>5300 srcPort>41563 dst>fd10:62:100::2/23100 
16:38:37.889403 SHUTDOWN flow>5308 srcPort>46713 dst>fd10:62:100::2/23108 
16:38:37.944205 SHUTDOWN flow>5316 srcPort>44471 dst>fd10:62:100::2/23116 
16:38:37.978896 OFF flow>5308 srcPort>46713 dst>fd10:62:100::2/23108 
16:38:37.979688 OFF flow>5260 srcPort>42521 dst>fd10:62:100::2/23060 
16:38:37.993982 ON flow>5556 srcPort>40095 dst>fd10:62:100::2/23356 
16:38:37.995732 OFF flow>5300 srcPort>41563 dst>fd10:62:100::2/23100 
16:38:38.000369 SHUTDOWN flow>5292 srcPort>41807 dst>fd10:62:100::2/23092 
16:38:38.029017 SHUTDOWN flow>5324 srcPort>35095 dst>fd10:62:100::2/23124 
16:38:38.065488 OFF flow>5236 srcPort>37663 dst>fd10:62:100::2/23036 
16:38:38.073372 ON flow>5564 srcPort>40811 dst>fd10:62:100::2/23364 
16:38:38.078179 CONNECT flow>5556 srcPort>40095 dst>fd10:62:100::2/23356 
16:38:38.111869 OFF flow>5212 srcPort>36005 dst>fd10:62:100::2/23012 
16:38:38.133341 SHUTDOWN flow>5340 srcPort>33583 dst>fd10:62:100::2/23140 
16:38:38.154730 CONNECT flow>5564 srcPort>40811 dst>fd10:62:100::2/23364 
16:38:38.265790 ON flow>5572 srcPort>39809 dst>fd10:62:100::2/23372 
16:38:38.270396 SHUTDOWN flow>5332 srcPort>32851 dst>fd10:62:100::2/23132 
16:38:38.333811 CONNECT flow>5572 srcPort>39809 dst>fd10:62:100::2/23372 
16:38:38.370308 ON flow>5580 srcPort>42487 dst>fd10:62:100::2/23380 
16:38:38.374745 OFF flow>5228 srcPort>42663 dst>fd10:62:100::2/23028 
16:38:38.375488 OFF flow>5324 srcPort>35095 dst>fd10:62:100::2/23124 
16:38:38.436247 CONNECT flow>5580 srcPort>42487 dst>fd10:62:100::2/23380 
16:38:38.438560 SHUTDOWN flow>5356 srcPort>34207 dst>fd10:62:100::2/23156 
16:38:38.469609 OFF flow>5292 srcPort>41807 dst>fd10:62:100::2/23092 
16:38:38.498750 SHUTDOWN flow>5348 srcPort>39105 dst>fd10:62:100::2/23148 
16:38:38.524967 OFF flow>5340 srcPort>33583 dst>fd10:62:100::2/23140 
16:38:38.573089 OFF flow>5316 srcPort>44471 dst>fd10:62:100::2/23116 
16:38:38.631341 OFF flow>5356 srcPort>34207 dst>fd10:62:100::2/23156 
16:38:38.649222 SHUTDOWN flow>5364 srcPort>39083 dst>fd10:62:100::2/23164 
16:38:38.660786 OFF flow>5332 srcPort>32851 dst>fd10:62:100::2/23132 
16:38:38.707500 OFF flow>5364 srcPort>39083 dst>fd10:62:100::2/23164 
16:38:38.722188 ON flow>5588 srcPort>33067 dst>fd10:62:100::2/23388 
16:38:38.775663 CONNECT flow>5588 srcPort>33067 dst>fd10:62:100::2/23388 
16:38:38.813443 ON flow>5596 srcPort>45589 dst>fd10:62:100::2/23396 
16:38:38.813468 OFF flow>5348 srcPort>39105 dst>fd10:62:100::2/23148 
16:38:38.857880 CONNECT flow>5596 srcPort>45589 dst>fd10:62:100::2/23396 
16:38:38.909994 ON flow>5604 srcPort>33797 dst>fd10:62:100::2/23404 
16:38:38.948428 CONNECT flow>5604 srcPort>33797 dst>fd10:62:100::2/23404 
16:38:39.024056 ON flow>5612 srcPort>46827 dst>fd10:62:100::2/23412 
16:38:39.057454 CONNECT flow>5612 srcPort>46827 dst>fd10:62:100::2/23412 
16:38:39.172808 ON flow>5620 srcPort>39271 dst>fd10:62:100::2/23420 
16:38:39.201914 CONNECT flow>5620 srcPort>39271 dst>fd10:62:100::2/23420 
16:38:39.227911 SHUTDOWN flow>5372 srcPort>44885 dst>fd10:62:100::2/23172 
16:38:39.256301 OFF flow>5372 srcPort>44885 dst>fd10:62:100::2/23172 
16:38:39.339530 ON flow>5628 srcPort>35991 dst>fd10:62:100::2/23428 
16:38:39.365123 CONNECT flow>5628 srcPort>35991 dst>fd10:62:100::2/23428 
16:38:39.424040 SHUTDOWN flow>5380 srcPort>41429 dst>fd10:62:100::2/23180 
16:38:39.446295 OFF flow>5380 srcPort>41429 dst>fd10:62:100::2/23180 
16:38:39.548179 ON flow>5636 srcPort>41369 dst>fd10:62:100::2/23436 
16:38:39.563390 CONNECT flow>5636 srcPort>41369 dst>fd10:62:100::2/23436 
16:38:39.713346 SHUTDOWN flow>5388 srcPort>41467 dst>fd10:62:100::2/23188 
16:38:39.717971 OFF flow>5388 srcPort>41467 dst>fd10:62:100::2/23188 
16:38:39.755304 ON flow>5644 srcPort>33319 dst>fd10:62:100::2/23444 
16:38:39.756217 CONNECT flow>5644 srcPort>33319 dst>fd10:62:100::2/23444 
16:38:39.875187 SHUTDOWN flow>5396 srcPort>36939 dst>fd10:62:100::2/23196 
16:38:39.876146 OFF flow>5396 srcPort>36939 dst>fd10:62:100::2/23196 
16:38:39.964713 ON flow>5652 srcPort>41013 dst>fd10:62:100::2/23452 
16:38:39.965408 CONNECT flow>5652 srcPort>41013 dst>fd10:62:100::2/23452 
16:38:40.078450 SHUTDOWN flow>5404 srcPort>45573 dst>fd10:62:100::2/23204 
16:38:40.079550 OFF flow>5404 srcPort>45573 dst>fd10:62:100::2/23204 
16:38:40.139459 SHUTDOWN flow>5412 srcPort>36037 dst>fd10:62:100::2/23212 
16:38:40.140690 OFF flow>5412 srcPort>36037 dst>fd10:62:100::2/23212 
16:38:40.154512 ON flow>5660 srcPort>40313 dst>fd10:62:100::2/23460 
16:38:40.155033 CONNECT flow>5660 srcPort>40313 dst>fd10:62:100::2/23460 
16:38:40.260682 SHUTDOWN flow>5420 srcPort>41175 dst>fd10:62:100::2/23220 
16:38:40.262008 OFF flow>5420 srcPort>41175 dst>fd10:62:100::2/23220 
16:38:40.316261 ON flow>5668 srcPort>41435 dst>fd10:62:100::2/23468 
16:38:40.316871 CONNECT flow>5668 srcPort>41435 dst>fd10:62:100::2/23468 
16:38:40.350169 SHUTDOWN flow>5428 srcPort>43083 dst>fd10:62:100::2/23228 
16:38:40.350518 OFF flow>5428 srcPort>43083 dst>fd10:62:100::2/23228 
16:38:40.427554 SHUTDOWN flow>5436 srcPort>38545 dst>fd10:62:100::2/23236 
16:38:40.427925 OFF flow>5436 srcPort>38545 dst>fd10:62:100::2/23236 
16:38:40.505260 SHUTDOWN flow>5444 srcPort>44149 dst>fd10:62:100::2/23244 
16:38:40.505896 OFF flow>5444 srcPort>44149 dst>fd10:62:100::2/23244 
16:38:40.606667 SHUTDOWN flow>5452 srcPort>42761 dst>fd10:62:100::2/23252 
16:38:40.607002 OFF flow>5452 srcPort>42761 dst>fd10:62:100::2/23252 
16:38:40.626860 ON flow>5676 srcPort>35437 dst>fd10:62:100::2/23476 
16:38:40.627964 CONNECT flow>5676 srcPort>35437 dst>fd10:62:100::2/23476 
16:38:40.705512 SHUTDOWN flow>5460 srcPort>33953 dst>fd10:62:100::2/23260 
16:38:40.706117 OFF flow>5460 srcPort>33953 dst>fd10:62:100::2/23260 
16:38:40.775355 SHUTDOWN flow>5468 srcPort>39357 dst>fd10:62:100::2/23268 
16:38:40.776214 OFF flow>5468 srcPort>39357 dst>fd10:62:100::2/23268 
16:38:40.820050 ON flow>5684 srcPort>38869 dst>fd10:62:100::2/23484 
16:38:40.820899 CONNECT flow>5684 srcPort>38869 dst>fd10:62:100::2/23484 
16:38:40.879446 ON flow>5692 srcPort>38897 dst>fd10:62:100::2/23492 
16:38:40.879785 CONNECT flow>5692 srcPort>38897 dst>fd10:62:100::2/23492 
16:38:40.971459 ON flow>5700 srcPort>46103 dst>fd10:62:100::2/23500 
16:38:40.972179 CONNECT flow>5700 srcPort>46103 dst>fd10:62:100::2/23500 
16:38:41.001939 SHUTDOWN flow>5476 srcPort>43131 dst>fd10:62:100::2/23276 
16:38:41.003221 OFF flow>5476 srcPort>43131 dst>fd10:62:100::2/23276 
16:38:41.107044 ON flow>5708 srcPort>36527 dst>fd10:62:100::2/23508 
16:38:41.107718 CONNECT flow>5708 srcPort>36527 dst>fd10:62:100::2/23508 
16:38:41.174229 ON flow>5716 srcPort>46365 dst>fd10:62:100::2/23516 
16:38:41.174937 CONNECT flow>5716 srcPort>46365 dst>fd10:62:100::2/23516 
16:38:41.221931 SHUTDOWN flow>5484 srcPort>36399 dst>fd10:62:100::2/23284 
16:38:41.222670 OFF flow>5484 srcPort>36399 dst>fd10:62:100::2/23284 
16:38:41.345323 ON flow>5724 srcPort>40151 dst>fd10:62:100::2/23524 
16:38:41.345688 CONNECT flow>5724 srcPort>40151 dst>fd10:62:100::2/23524 
16:38:41.358277 SHUTDOWN flow>5492 srcPort>35143 dst>fd10:62:100::2/23292 
16:38:41.359206 OFF flow>5492 srcPort>35143 dst>fd10:62:100::2/23292 
16:38:41.466628 SHUTDOWN flow>5500 srcPort>46265 dst>fd10:62:100::2/23300 
16:38:41.467345 OFF flow>5500 srcPort>46265 dst>fd10:62:100::2/23300 
16:38:41.474454 ON flow>5732 srcPort>36277 dst>fd10:62:100::2/23532 
16:38:41.475063 CONNECT flow>5732 srcPort>36277 dst>fd10:62:100::2/23532 
16:38:41.615852 SHUTDOWN flow>5508 srcPort>42197 dst>fd10:62:100::2/23308 
16:38:41.616792 OFF flow>5508 srcPort>42197 dst>fd10:62:100::2/23308 
16:38:41.625237 ON flow>5740 srcPort>40821 dst>fd10:62:100::2/23540 
16:38:41.625736 CONNECT flow>5740 srcPort>40821 dst>fd10:62:100::2/23540 
16:38:41.753535 ON flow>5748 srcPort>39041 dst>fd10:62:100::2/23548 
16:38:41.754388 CONNECT flow>5748 srcPort>39041 dst>fd10:62:100::2/23548 
16:38:41.778269 SHUTDOWN flow>5516 srcPort>44685 dst>fd10:62:100::2/23316 
16:38:41.778763 OFF flow>5516 srcPort>44685 dst>fd10:62:100::2/23316 
16:38:41.860331 SHUTDOWN flow>5524 srcPort>35255 dst>fd10:62:100::2/23324 
16:38:41.861174 OFF flow>5524 srcPort>35255 dst>fd10:62:100::2/23324 
16:38:41.891372 ON flow>5756 srcPort>37925 dst>fd10:62:100::2/23556 
16:38:41.892112 CONNECT flow>5756 srcPort>37925 dst>fd10:62:100::2/23556 
16:38:42.023931 ON flow>5764 srcPort>43939 dst>fd10:62:100::2/23564 
16:38:42.024271 CONNECT flow>5764 srcPort>43939 dst>fd10:62:100::2/23564 
16:38:42.054257 SHUTDOWN flow>5532 srcPort>42879 dst>fd10:62:100::2/23332 
16:38:42.054870 OFF flow>5532 srcPort>42879 dst>fd10:62:100::2/23332 
16:38:42.174955 ON flow>5772 srcPort>40157 dst>fd10:62:100::2/23572 
16:38:42.175603 CONNECT flow>5772 srcPort>40157 dst>fd10:62:100::2/23572 
16:38:42.221548 SHUTDOWN flow>5540 srcPort>35797 dst>fd10:62:100::2/23340 
16:38:42.221931 OFF flow>5540 srcPort>35797 dst>fd10:62:100::2/23340 
16:38:42.275575 ON flow>5780 srcPort>37873 dst>fd10:62:100::2/23580 
16:38:42.276433 CONNECT flow>5780 srcPort>37873 dst>fd10:62:100::2/23580 
16:38:42.377528 ON flow>5788 srcPort>39483 dst>fd10:62:100::2/23588 
16:38:42.378037 CONNECT flow>5788 srcPort>39483 dst>fd10:62:100::2/23588 
16:38:42.420643 ON flow>5796 srcPort>40069 dst>fd10:62:100::2/23596 
16:38:42.421643 CONNECT flow>5796 srcPort>40069 dst>fd10:62:100::2/23596 
16:38:42.477112 ON flow>5804 srcPort>33905 dst>fd10:62:100::2/23604 
16:38:42.477778 CONNECT flow>5804 srcPort>33905 dst>fd10:62:100::2/23604 
16:38:42.500902 SHUTDOWN flow>5548 srcPort>34027 dst>fd10:62:100::2/23348 
16:38:42.502069 OFF flow>5548 srcPort>34027 dst>fd10:62:100::2/23348 
16:38:42.583435 ON flow>5812 srcPort>35993 dst>fd10:62:100::2/23612 
16:38:42.584373 CONNECT flow>5812 srcPort>35993 dst>fd10:62:100::2/23612 
16:38:42.692941 ON flow>5820 srcPort>37517 dst>fd10:62:100::2/23620 
16:38:42.693321 CONNECT flow>5820 srcPort>37517 dst>fd10:62:100::2/23620 
16:38:42.775795 ON flow>5828 srcPort>43805 dst>fd10:62:100::2/23628 
16:38:42.776578 CONNECT flow>5828 srcPort>43805 dst>fd10:62:100::2/23628 
16:38:42.793899 SHUTDOWN flow>5556 srcPort>40095 dst>fd10:62:100::2/23356 
16:38:42.795991 OFF flow>5556 srcPort>40095 dst>fd10:62:100::2/23356 
16:38:42.854122 ON flow>5836 srcPort>41263 dst>fd10:62:100::2/23636 
16:38:42.854773 CONNECT flow>5836 srcPort>41263 dst>fd10:62:100::2/23636 
16:38:42.872978 SHUTDOWN flow>5564 srcPort>40811 dst>fd10:62:100::2/23364 
16:38:42.876032 OFF flow>5564 srcPort>40811 dst>fd10:62:100::2/23364 
16:38:42.912115 ON flow>5844 srcPort>37579 dst>fd10:62:100::2/23644 
16:38:42.912742 CONNECT flow>5844 srcPort>37579 dst>fd10:62:100::2/23644 
16:38:43.065634 SHUTDOWN flow>5572 srcPort>39809 dst>fd10:62:100::2/23372 
16:38:43.066672 ON flow>5852 srcPort>33487 dst>fd10:62:100::2/23652 
16:38:43.066953 OFF flow>5572 srcPort>39809 dst>fd10:62:100::2/23372 
16:38:43.067222 CONNECT flow>5852 srcPort>33487 dst>fd10:62:100::2/23652 
16:38:43.143843 ON flow>5860 srcPort>45427 dst>fd10:62:100::2/23660 
16:38:43.145108 CONNECT flow>5860 srcPort>45427 dst>fd10:62:100::2/23660 
16:38:43.170138 SHUTDOWN flow>5580 srcPort>42487 dst>fd10:62:100::2/23380 
16:38:43.171312 OFF flow>5580 srcPort>42487 dst>fd10:62:100::2/23380 
16:38:43.238806 ON flow>5868 srcPort>44173 dst>fd10:62:100::2/23668 
16:38:43.242016 CONNECT flow>5868 srcPort>44173 dst>fd10:62:100::2/23668 
16:38:43.513435 ON flow>5876 srcPort>44923 dst>fd10:62:100::2/23676 
16:38:43.515443 CONNECT flow>5876 srcPort>44923 dst>fd10:62:100::2/23676 
16:38:43.522051 SHUTDOWN flow>5588 srcPort>33067 dst>fd10:62:100::2/23388 
16:38:43.524501 OFF flow>5588 srcPort>33067 dst>fd10:62:100::2/23388 
16:38:43.574921 ON flow>5884 srcPort>43489 dst>fd10:62:100::2/23684 
16:38:43.576327 CONNECT flow>5884 srcPort>43489 dst>fd10:62:100::2/23684 
16:38:43.612857 SHUTDOWN flow>5596 srcPort>45589 dst>fd10:62:100::2/23396 
16:38:43.614873 OFF flow>5596 srcPort>45589 dst>fd10:62:100::2/23396 
16:38:43.653452 ON flow>5892 srcPort>36539 dst>fd10:62:100::2/23692 
16:38:43.654488 CONNECT flow>5892 srcPort>36539 dst>fd10:62:100::2/23692 
16:38:43.709873 SHUTDOWN flow>5604 srcPort>33797 dst>fd10:62:100::2/23404 
16:38:43.711063 OFF flow>5604 srcPort>33797 dst>fd10:62:100::2/23404 
16:38:43.823839 SHUTDOWN flow>5612 srcPort>46827 dst>fd10:62:100::2/23412 
16:38:43.824802 OFF flow>5612 srcPort>46827 dst>fd10:62:100::2/23412 
16:38:43.831461 ON flow>5900 srcPort>44231 dst>fd10:62:100::2/23700 
16:38:43.832143 CONNECT flow>5900 srcPort>44231 dst>fd10:62:100::2/23700 
16:38:43.904212 ON flow>5908 srcPort>43673 dst>fd10:62:100::2/23708 
16:38:43.905569 CONNECT flow>5908 srcPort>43673 dst>fd10:62:100::2/23708 
16:38:43.972669 SHUTDOWN flow>5620 srcPort>39271 dst>fd10:62:100::2/23420 
16:38:43.974269 OFF flow>5620 srcPort>39271 dst>fd10:62:100::2/23420 
16:38:44.023377 ON flow>5916 srcPort>33271 dst>fd10:62:100::2/23716 
16:38:44.024523 CONNECT flow>5916 srcPort>33271 dst>fd10:62:100::2/23716 
16:38:44.137668 ON flow>5924 srcPort>44549 dst>fd10:62:100::2/23724 
16:38:44.139430 SHUTDOWN flow>5628 srcPort>35991 dst>fd10:62:100::2/23428 
16:38:44.140348 CONNECT flow>5924 srcPort>44549 dst>fd10:62:100::2/23724 
16:38:44.142920 OFF flow>5628 srcPort>35991 dst>fd10:62:100::2/23428 
16:38:44.267962 ON flow>5932 srcPort>35191 dst>fd10:62:100::2/23732 
16:38:44.272996 CONNECT flow>5932 srcPort>35191 dst>fd10:62:100::2/23732 
16:38:44.348140 SHUTDOWN flow>5636 srcPort>41369 dst>fd10:62:100::2/23436 
16:38:44.351808 OFF flow>5636 srcPort>41369 dst>fd10:62:100::2/23436 
16:38:44.458964 ON flow>5940 srcPort>42471 dst>fd10:62:100::2/23740 
16:38:44.460500 CONNECT flow>5940 srcPort>42471 dst>fd10:62:100::2/23740 
16:38:44.547767 ON flow>5948 srcPort>43261 dst>fd10:62:100::2/23748 
16:38:44.553479 CONNECT flow>5948 srcPort>43261 dst>fd10:62:100::2/23748 
16:38:44.555197 SHUTDOWN flow>5644 srcPort>33319 dst>fd10:62:100::2/23444 
16:38:44.561139 OFF flow>5644 srcPort>33319 dst>fd10:62:100::2/23444 
16:38:44.747045 ON flow>5956 srcPort>34253 dst>fd10:62:100::2/23756 
16:38:44.758082 CONNECT flow>5956 srcPort>34253 dst>fd10:62:100::2/23756 
16:38:44.764618 SHUTDOWN flow>5652 srcPort>41013 dst>fd10:62:100::2/23452 
16:38:44.774277 OFF flow>5652 srcPort>41013 dst>fd10:62:100::2/23452 
16:38:44.926439 ON flow>5964 srcPort>41381 dst>fd10:62:100::2/23764 
16:38:44.942558 CONNECT flow>5964 srcPort>41381 dst>fd10:62:100::2/23764 
16:38:44.954391 SHUTDOWN flow>5660 srcPort>40313 dst>fd10:62:100::2/23460 
16:38:44.973205 OFF flow>5660 srcPort>40313 dst>fd10:62:100::2/23460 
16:38:45.116199 SHUTDOWN flow>5668 srcPort>41435 dst>fd10:62:100::2/23468 
16:38:45.136014 OFF flow>5668 srcPort>41435 dst>fd10:62:100::2/23468 
16:38:45.160928 ON flow>5972 srcPort>45457 dst>fd10:62:100::2/23772 
16:38:45.181298 CONNECT flow>5972 srcPort>45457 dst>fd10:62:100::2/23772 
16:38:45.270776 ON flow>5980 srcPort>36771 dst>fd10:62:100::2/23780 
16:38:45.294900 CONNECT flow>5980 srcPort>36771 dst>fd10:62:100::2/23780 
16:38:45.426786 SHUTDOWN flow>5676 srcPort>35437 dst>fd10:62:100::2/23476 
16:38:45.461489 OFF flow>5676 srcPort>35437 dst>fd10:62:100::2/23476 
16:38:45.586974 ON flow>5988 srcPort>46835 dst>fd10:62:100::2/23788 
16:38:45.619954 SHUTDOWN flow>5684 srcPort>38869 dst>fd10:62:100::2/23484 
16:38:45.632784 CONNECT flow>5988 srcPort>46835 dst>fd10:62:100::2/23788 
16:38:45.669987 OFF flow>5684 srcPort>38869 dst>fd10:62:100::2/23484 
16:38:45.679360 SHUTDOWN flow>5692 srcPort>38897 dst>fd10:62:100::2/23492 
16:38:45.729995 OFF flow>5692 srcPort>38897 dst>fd10:62:100::2/23492 
16:38:45.758101 ON flow>5996 srcPort>38203 dst>fd10:62:100::2/23796 
16:38:45.771367 SHUTDOWN flow>5700 srcPort>46103 dst>fd10:62:100::2/23500 
16:38:45.812546 CONNECT flow>5996 srcPort>38203 dst>fd10:62:100::2/23796 
16:38:45.872212 OFF flow>5700 srcPort>46103 dst>fd10:62:100::2/23500 
16:38:45.907036 SHUTDOWN flow>5708 srcPort>36527 dst>fd10:62:100::2/23508 
16:38:45.933774 ON flow>6004 srcPort>46201 dst>fd10:62:100::2/23804 
16:38:45.968289 OFF flow>5708 srcPort>36527 dst>fd10:62:100::2/23508 
16:38:45.974065 SHUTDOWN flow>5716 srcPort>46365 dst>fd10:62:100::2/23516 
16:38:45.996187 CONNECT flow>6004 srcPort>46201 dst>fd10:62:100::2/23804 
16:38:46.038847 OFF flow>5716 srcPort>46365 dst>fd10:62:100::2/23516 
16:38:46.145243 SHUTDOWN flow>5724 srcPort>40151 dst>fd10:62:100::2/23524 
16:38:46.163240 ON flow>6012 srcPort>38877 dst>fd10:62:100::2/23812 
16:38:46.216934 OFF flow>5724 srcPort>40151 dst>fd10:62:100::2/23524 
16:38:46.235880 CONNECT flow>6012 srcPort>38877 dst>fd10:62:100::2/23812 
16:38:46.274375 SHUTDOWN flow>5732 srcPort>36277 dst>fd10:62:100::2/23532 
16:38:46.351001 OFF flow>5732 srcPort>36277 dst>fd10:62:100::2/23532 
16:38:46.425178 SHUTDOWN flow>5740 srcPort>40821 dst>fd10:62:100::2/23540 
16:38:46.506135 OFF flow>5740 srcPort>40821 dst>fd10:62:100::2/23540 
16:38:46.509570 ON flow>6020 srcPort>45877 dst>fd10:62:100::2/23820 
16:38:46.553482 SHUTDOWN flow>5748 srcPort>39041 dst>fd10:62:100::2/23548 
16:38:46.593121 CONNECT flow>6020 srcPort>45877 dst>fd10:62:100::2/23820 
16:38:46.637588 OFF flow>5748 srcPort>39041 dst>fd10:62:100::2/23548 
16:38:46.691313 SHUTDOWN flow>5756 srcPort>37925 dst>fd10:62:100::2/23556 
16:38:46.772553 OFF flow>5756 srcPort>37925 dst>fd10:62:100::2/23556 
16:38:46.823863 SHUTDOWN flow>5764 srcPort>43939 dst>fd10:62:100::2/23564 
16:38:46.856458 ON flow>6028 srcPort>43419 dst>fd10:62:100::2/23828 
16:38:46.931446 CONNECT flow>6028 srcPort>43419 dst>fd10:62:100::2/23828 
16:38:46.974857 SHUTDOWN flow>5772 srcPort>40157 dst>fd10:62:100::2/23572 
16:38:46.977044 OFF flow>5764 srcPort>43939 dst>fd10:62:100::2/23564 
16:38:47.003022 ON flow>6036 srcPort>40177 dst>fd10:62:100::2/23836 
16:38:47.051583 OFF flow>5772 srcPort>40157 dst>fd10:62:100::2/23572 
16:38:47.075449 SHUTDOWN flow>5780 srcPort>37873 dst>fd10:62:100::2/23580 
16:38:47.082400 CONNECT flow>6036 srcPort>40177 dst>fd10:62:100::2/23836 
16:38:47.177550 SHUTDOWN flow>5788 srcPort>39483 dst>fd10:62:100::2/23588 
16:38:47.184725 OFF flow>5780 srcPort>37873 dst>fd10:62:100::2/23580 
16:38:47.220562 SHUTDOWN flow>5796 srcPort>40069 dst>fd10:62:100::2/23596 
16:38:47.249361 ON flow>6044 srcPort>32839 dst>fd10:62:100::2/23844 
16:38:47.250991 OFF flow>5788 srcPort>39483 dst>fd10:62:100::2/23588 
16:38:47.277047 SHUTDOWN flow>5804 srcPort>33905 dst>fd10:62:100::2/23604 
16:38:47.290868 OFF flow>5796 srcPort>40069 dst>fd10:62:100::2/23596 
16:38:47.316912 CONNECT flow>6044 srcPort>32839 dst>fd10:62:100::2/23844 
16:38:47.345182 OFF flow>5804 srcPort>33905 dst>fd10:62:100::2/23604 
16:38:47.348165 ON flow>6052 srcPort>40785 dst>fd10:62:100::2/23852 
16:38:47.383368 SHUTDOWN flow>5812 srcPort>35993 dst>fd10:62:100::2/23612 
16:38:47.410670 CONNECT flow>6052 srcPort>40785 dst>fd10:62:100::2/23852 
16:38:47.444499 OFF flow>5812 srcPort>35993 dst>fd10:62:100::2/23612 
16:38:47.492861 SHUTDOWN flow>5820 srcPort>37517 dst>fd10:62:100::2/23620 
16:38:47.499190 ON flow>6060 srcPort>37429 dst>fd10:62:100::2/23860 
16:38:47.552251 OFF flow>5820 srcPort>37517 dst>fd10:62:100::2/23620 
16:38:47.558020 CONNECT flow>6060 srcPort>37429 dst>fd10:62:100::2/23860 
16:38:47.575688 SHUTDOWN flow>5828 srcPort>43805 dst>fd10:62:100::2/23628 
16:38:47.629223 OFF flow>5828 srcPort>43805 dst>fd10:62:100::2/23628 
16:38:47.654054 SHUTDOWN flow>5836 srcPort>41263 dst>fd10:62:100::2/23636 
16:38:47.704924 OFF flow>5836 srcPort>41263 dst>fd10:62:100::2/23636 
16:38:47.712055 SHUTDOWN flow>5844 srcPort>37579 dst>fd10:62:100::2/23644 
16:38:47.728943 ON flow>6068 srcPort>44701 dst>fd10:62:100::2/23868 
16:38:47.757419 OFF flow>5844 srcPort>37579 dst>fd10:62:100::2/23644 
16:38:47.773626 CONNECT flow>6068 srcPort>44701 dst>fd10:62:100::2/23868 
16:38:47.804932 ON flow>6076 srcPort>40531 dst>fd10:62:100::2/23876 
16:38:47.842710 CONNECT flow>6076 srcPort>40531 dst>fd10:62:100::2/23876 
16:38:47.861610 ON flow>6084 srcPort>43951 dst>fd10:62:100::2/23884 
16:38:47.866566 SHUTDOWN flow>5852 srcPort>33487 dst>fd10:62:100::2/23652 
16:38:47.895947 CONNECT flow>6084 srcPort>43951 dst>fd10:62:100::2/23884 
16:38:47.901238 OFF flow>5852 srcPort>33487 dst>fd10:62:100::2/23652 
16:38:47.921229 ON flow>6092 srcPort>40813 dst>fd10:62:100::2/23892 
16:38:47.943754 SHUTDOWN flow>5860 srcPort>45427 dst>fd10:62:100::2/23660 
16:38:47.950024 CONNECT flow>6092 srcPort>40813 dst>fd10:62:100::2/23892 
16:38:47.972256 OFF flow>5860 srcPort>45427 dst>fd10:62:100::2/23660 
16:38:48.038675 SHUTDOWN flow>5868 srcPort>44173 dst>fd10:62:100::2/23668 
16:38:48.058587 OFF flow>5868 srcPort>44173 dst>fd10:62:100::2/23668 
16:38:48.099194 ON flow>6100 srcPort>34833 dst>fd10:62:100::2/23900 
16:38:48.113095 CONNECT flow>6100 srcPort>34833 dst>fd10:62:100::2/23900 
16:38:48.157669 ON flow>6108 srcPort>41513 dst>fd10:62:100::2/23908 
16:38:48.163399 CONNECT flow>6108 srcPort>41513 dst>fd10:62:100::2/23908 
16:38:48.313340 SHUTDOWN flow>5876 srcPort>44923 dst>fd10:62:100::2/23676 
16:38:48.314635 OFF flow>5876 srcPort>44923 dst>fd10:62:100::2/23676 
16:38:48.341841 ON flow>6116 srcPort>36141 dst>fd10:62:100::2/23916 
16:38:48.342184 CONNECT flow>6116 srcPort>36141 dst>fd10:62:100::2/23916 
16:38:48.374735 SHUTDOWN flow>5884 srcPort>43489 dst>fd10:62:100::2/23684 
16:38:48.375186 OFF flow>5884 srcPort>43489 dst>fd10:62:100::2/23684 
16:38:48.453358 SHUTDOWN flow>5892 srcPort>36539 dst>fd10:62:100::2/23692 
16:38:48.454164 OFF flow>5892 srcPort>36539 dst>fd10:62:100::2/23692 
16:38:48.608418 ON flow>6124 srcPort>34019 dst>fd10:62:100::2/23924 
16:38:48.608993 CONNECT flow>6124 srcPort>34019 dst>fd10:62:100::2/23924 
16:38:48.631354 SHUTDOWN flow>5900 srcPort>44231 dst>fd10:62:100::2/23700 
16:38:48.631699 OFF flow>5900 srcPort>44231 dst>fd10:62:100::2/23700 
16:38:48.704178 SHUTDOWN flow>5908 srcPort>43673 dst>fd10:62:100::2/23708 
16:38:48.705229 OFF flow>5908 srcPort>43673 dst>fd10:62:100::2/23708 
16:38:48.823245 SHUTDOWN flow>5916 srcPort>33271 dst>fd10:62:100::2/23716 
16:38:48.823642 OFF flow>5916 srcPort>33271 dst>fd10:62:100::2/23716 
16:38:48.845513 ON flow>6132 srcPort>33859 dst>fd10:62:100::2/23932 
16:38:48.846256 CONNECT flow>6132 srcPort>33859 dst>fd10:62:100::2/23932 
16:38:48.937549 SHUTDOWN flow>5924 srcPort>44549 dst>fd10:62:100::2/23724 
16:38:48.938002 OFF flow>5924 srcPort>44549 dst>fd10:62:100::2/23724 
16:38:48.982619 ON flow>6140 srcPort>45503 dst>fd10:62:100::2/23940 
16:38:48.982885 CONNECT flow>6140 srcPort>45503 dst>fd10:62:100::2/23940 
16:38:49.067859 SHUTDOWN flow>5932 srcPort>35191 dst>fd10:62:100::2/23732 
16:38:49.068330 OFF flow>5932 srcPort>35191 dst>fd10:62:100::2/23732 
16:38:49.174063 ON flow>6148 srcPort>33203 dst>fd10:62:100::2/23948 
16:38:49.174984 CONNECT flow>6148 srcPort>33203 dst>fd10:62:100::2/23948 
16:38:49.258864 SHUTDOWN flow>5940 srcPort>42471 dst>fd10:62:100::2/23740 
16:38:49.260058 OFF flow>5940 srcPort>42471 dst>fd10:62:100::2/23740 
16:38:49.276177 ON flow>6156 srcPort>38511 dst>fd10:62:100::2/23956 
16:38:49.276898 CONNECT flow>6156 srcPort>38511 dst>fd10:62:100::2/23956 
16:38:49.347674 SHUTDOWN flow>5948 srcPort>43261 dst>fd10:62:100::2/23748 
16:38:49.348493 OFF flow>5948 srcPort>43261 dst>fd10:62:100::2/23748 
16:38:49.425567 ON flow>6164 srcPort>46473 dst>fd10:62:100::2/23964 
16:38:49.426037 CONNECT flow>6164 srcPort>46473 dst>fd10:62:100::2/23964 
16:38:49.546969 SHUTDOWN flow>5956 srcPort>34253 dst>fd10:62:100::2/23756 
16:38:49.547671 OFF flow>5956 srcPort>34253 dst>fd10:62:100::2/23756 
16:38:49.562348 ON flow>6172 srcPort>34333 dst>fd10:62:100::2/23972 
16:38:49.562700 CONNECT flow>6172 srcPort>34333 dst>fd10:62:100::2/23972 
16:38:49.625352 ON flow>6180 srcPort>44617 dst>fd10:62:100::2/23980 
16:38:49.625725 CONNECT flow>6180 srcPort>44617 dst>fd10:62:100::2/23980 
16:38:49.726279 SHUTDOWN flow>5964 srcPort>41381 dst>fd10:62:100::2/23764 
16:38:49.727212 OFF flow>5964 srcPort>41381 dst>fd10:62:100::2/23764 
16:38:49.759908 ON flow>6188 srcPort>40741 dst>fd10:62:100::2/23988 
16:38:49.760504 CONNECT flow>6188 srcPort>40741 dst>fd10:62:100::2/23988 
16:38:49.839225 ON flow>6196 srcPort>42777 dst>fd10:62:100::2/23996 
16:38:49.839645 CONNECT flow>6196 srcPort>42777 dst>fd10:62:100::2/23996 
16:38:49.880110 ON flow>6204 srcPort>37529 dst>fd10:62:100::2/24004 
16:38:49.880842 CONNECT flow>6204 srcPort>37529 dst>fd10:62:100::2/24004 
16:38:49.947466 ON flow>6212 srcPort>35057 dst>fd10:62:100::2/24012 
16:38:49.948031 CONNECT flow>6212 srcPort>35057 dst>fd10:62:100::2/24012 
16:38:49.960767 SHUTDOWN flow>5972 srcPort>45457 dst>fd10:62:100::2/23772 
16:38:49.961629 OFF flow>5972 srcPort>45457 dst>fd10:62:100::2/23772 
16:38:50.053435 ON flow>6220 srcPort>34657 dst>fd10:62:100::2/24020 
16:38:50.053814 CONNECT flow>6220 srcPort>34657 dst>fd10:62:100::2/24020 
16:38:50.070621 SHUTDOWN flow>5980 srcPort>36771 dst>fd10:62:100::2/23780 
16:38:50.071508 OFF flow>5980 srcPort>36771 dst>fd10:62:100::2/23780 
16:38:50.217822 ON flow>6228 srcPort>36255 dst>fd10:62:100::2/24028 
16:38:50.218403 CONNECT flow>6228 srcPort>36255 dst>fd10:62:100::2/24028 
16:38:50.304743 ON flow>6236 srcPort>44833 dst>fd10:62:100::2/24036 
16:38:50.306187 CONNECT flow>6236 srcPort>44833 dst>fd10:62:100::2/24036 
16:38:50.386807 SHUTDOWN flow>5988 srcPort>46835 dst>fd10:62:100::2/23788 
16:38:50.387830 OFF flow>5988 srcPort>46835 dst>fd10:62:100::2/23788 
16:38:50.420449 ON flow>6244 srcPort>46367 dst>fd10:62:100::2/24044 
16:38:50.420790 CONNECT flow>6244 srcPort>46367 dst>fd10:62:100::2/24044 
16:38:50.558010 SHUTDOWN flow>5996 srcPort>38203 dst>fd10:62:100::2/23796 
16:38:50.558777 OFF flow>5996 srcPort>38203 dst>fd10:62:100::2/23796 
16:38:50.560145 ON flow>6252 srcPort>43471 dst>fd10:62:100::2/24052 
16:38:50.560645 CONNECT flow>6252 srcPort>43471 dst>fd10:62:100::2/24052 
16:38:50.682494 ON flow>6260 srcPort>46477 dst>fd10:62:100::2/24060 
16:38:50.683134 CONNECT flow>6260 srcPort>46477 dst>fd10:62:100::2/24060 
16:38:50.733417 SHUTDOWN flow>6004 srcPort>46201 dst>fd10:62:100::2/23804 
16:38:50.734228 OFF flow>6004 srcPort>46201 dst>fd10:62:100::2/23804 
16:38:50.841118 ON flow>6268 srcPort>36887 dst>fd10:62:100::2/24068 
16:38:50.841425 CONNECT flow>6268 srcPort>36887 dst>fd10:62:100::2/24068 
16:38:50.911679 ON flow>6276 srcPort>42373 dst>fd10:62:100::2/24076 
16:38:50.913429 CONNECT flow>6276 srcPort>42373 dst>fd10:62:100::2/24076 
16:38:50.963124 SHUTDOWN flow>6012 srcPort>38877 dst>fd10:62:100::2/23812 
16:38:50.965207 OFF flow>6012 srcPort>38877 dst>fd10:62:100::2/23812 
16:38:51.085331 ON flow>6284 srcPort>43619 dst>fd10:62:100::2/24084 
16:38:51.086230 CONNECT flow>6284 srcPort>43619 dst>fd10:62:100::2/24084 
16:38:51.207070 ON flow>6292 srcPort>42143 dst>fd10:62:100::2/24092 
16:38:51.207700 CONNECT flow>6292 srcPort>42143 dst>fd10:62:100::2/24092 
16:38:51.309419 SHUTDOWN flow>6020 srcPort>45877 dst>fd10:62:100::2/23820 
16:38:51.310925 OFF flow>6020 srcPort>45877 dst>fd10:62:100::2/23820 
16:38:51.345167 ON flow>6300 srcPort>34045 dst>fd10:62:100::2/24100 
16:38:51.345878 CONNECT flow>6300 srcPort>34045 dst>fd10:62:100::2/24100 
16:38:51.600174 ON flow>6308 srcPort>46083 dst>fd10:62:100::2/24108 
16:38:51.601419 CONNECT flow>6308 srcPort>46083 dst>fd10:62:100::2/24108 
16:38:51.656330 SHUTDOWN flow>6028 srcPort>43419 dst>fd10:62:100::2/23828 
16:38:51.658636 OFF flow>6028 srcPort>43419 dst>fd10:62:100::2/23828 
16:38:51.802911 SHUTDOWN flow>6036 srcPort>40177 dst>fd10:62:100::2/23836 
16:38:51.803795 OFF flow>6036 srcPort>40177 dst>fd10:62:100::2/23836 
16:38:51.957132 ON flow>6316 srcPort>40105 dst>fd10:62:100::2/24116 
16:38:51.957762 CONNECT flow>6316 srcPort>40105 dst>fd10:62:100::2/24116 
16:38:52.049290 SHUTDOWN flow>6044 srcPort>32839 dst>fd10:62:100::2/23844 
16:38:52.050784 OFF flow>6044 srcPort>32839 dst>fd10:62:100::2/23844 
16:38:52.147968 SHUTDOWN flow>6052 srcPort>40785 dst>fd10:62:100::2/23852 
16:38:52.172316 OFF flow>6052 srcPort>40785 dst>fd10:62:100::2/23852 
16:38:52.239217 ON flow>6324 srcPort>39693 dst>fd10:62:100::2/24124 
16:38:52.247021 CONNECT flow>6324 srcPort>39693 dst>fd10:62:100::2/24124 
16:38:52.299082 SHUTDOWN flow>6060 srcPort>37429 dst>fd10:62:100::2/23860 
16:38:52.302284 OFF flow>6060 srcPort>37429 dst>fd10:62:100::2/23860 
16:38:52.422046 ON flow>6332 srcPort>32919 dst>fd10:62:100::2/24132 
16:38:52.422472 CONNECT flow>6332 srcPort>32919 dst>fd10:62:100::2/24132 
16:38:52.528781 SHUTDOWN flow>6068 srcPort>44701 dst>fd10:62:100::2/23868 
16:38:52.529798 OFF flow>6068 srcPort>44701 dst>fd10:62:100::2/23868 
16:38:52.604772 SHUTDOWN flow>6076 srcPort>40531 dst>fd10:62:100::2/23876 
16:38:52.606068 OFF flow>6076 srcPort>40531 dst>fd10:62:100::2/23876 
16:38:52.661471 SHUTDOWN flow>6084 srcPort>43951 dst>fd10:62:100::2/23884 
16:38:52.662213 OFF flow>6084 srcPort>43951 dst>fd10:62:100::2/23884 
16:38:52.721133 ON flow>6340 srcPort>37187 dst>fd10:62:100::2/24140 
16:38:52.721152 SHUTDOWN flow>6092 srcPort>40813 dst>fd10:62:100::2/23892 
16:38:52.721632 CONNECT flow>6340 srcPort>37187 dst>fd10:62:100::2/24140 
16:38:52.721911 OFF flow>6092 srcPort>40813 dst>fd10:62:100::2/23892 
16:38:52.899095 SHUTDOWN flow>6100 srcPort>34833 dst>fd10:62:100::2/23900 
16:38:52.900527 OFF flow>6100 srcPort>34833 dst>fd10:62:100::2/23900 
16:38:52.918244 ON flow>6348 srcPort>46697 dst>fd10:62:100::2/24148 
16:38:52.918795 CONNECT flow>6348 srcPort>46697 dst>fd10:62:100::2/24148 
16:38:52.957082 SHUTDOWN flow>6108 srcPort>41513 dst>fd10:62:100::2/23908 
16:38:52.957565 OFF flow>6108 srcPort>41513 dst>fd10:62:100::2/23908 
16:38:53.141804 SHUTDOWN flow>6116 srcPort>36141 dst>fd10:62:100::2/23916 
16:38:53.144955 OFF flow>6116 srcPort>36141 dst>fd10:62:100::2/23916 
16:38:53.205446 ON flow>6356 srcPort>37457 dst>fd10:62:100::2/24156 
16:38:53.206235 CONNECT flow>6356 srcPort>37457 dst>fd10:62:100::2/24156 
16:38:53.408278 SHUTDOWN flow>6124 srcPort>34019 dst>fd10:62:100::2/23924 
16:38:53.408867 OFF flow>6124 srcPort>34019 dst>fd10:62:100::2/23924 
16:38:53.640209 ON flow>6364 srcPort>39045 dst>fd10:62:100::2/24164 
16:38:53.640486 CONNECT flow>6364 srcPort>39045 dst>fd10:62:100::2/24164 
16:38:53.645279 SHUTDOWN flow>6132 srcPort>33859 dst>fd10:62:100::2/23932 
16:38:53.645739 OFF flow>6132 srcPort>33859 dst>fd10:62:100::2/23932 
16:38:53.782479 SHUTDOWN flow>6140 srcPort>45503 dst>fd10:62:100::2/23940 
16:38:53.783128 OFF flow>6140 srcPort>45503 dst>fd10:62:100::2/23940 
16:38:53.814361 ON flow>6372 srcPort>35379 dst>fd10:62:100::2/24172 
16:38:53.814997 CONNECT flow>6372 srcPort>35379 dst>fd10:62:100::2/24172 
16:38:53.889879 ON flow>6380 srcPort>33705 dst>fd10:62:100::2/24180 
16:38:53.890438 CONNECT flow>6380 srcPort>33705 dst>fd10:62:100::2/24180 
16:38:53.973868 SHUTDOWN flow>6148 srcPort>33203 dst>fd10:62:100::2/23948 
16:38:53.975240 OFF flow>6148 srcPort>33203 dst>fd10:62:100::2/23948 
16:38:54.038769 ON flow>6388 srcPort>35789 dst>fd10:62:100::2/24188 
16:38:54.039704 CONNECT flow>6388 srcPort>35789 dst>fd10:62:100::2/24188 
16:38:54.076067 SHUTDOWN flow>6156 srcPort>38511 dst>fd10:62:100::2/23956 
16:38:54.076767 OFF flow>6156 srcPort>38511 dst>fd10:62:100::2/23956 
16:38:54.175232 ON flow>6396 srcPort>46189 dst>fd10:62:100::2/24196 
16:38:54.175642 CONNECT flow>6396 srcPort>46189 dst>fd10:62:100::2/24196 
16:38:54.225456 SHUTDOWN flow>6164 srcPort>46473 dst>fd10:62:100::2/23964 
16:38:54.226211 OFF flow>6164 srcPort>46473 dst>fd10:62:100::2/23964 
16:38:54.323932 ON flow>6404 srcPort>44311 dst>fd10:62:100::2/24204 
16:38:54.324855 CONNECT flow>6404 srcPort>44311 dst>fd10:62:100::2/24204 
16:38:54.362280 SHUTDOWN flow>6172 srcPort>34333 dst>fd10:62:100::2/23972 
16:38:54.363061 OFF flow>6172 srcPort>34333 dst>fd10:62:100::2/23972 
16:38:54.425169 SHUTDOWN flow>6180 srcPort>44617 dst>fd10:62:100::2/23980 
16:38:54.425691 OFF flow>6180 srcPort>44617 dst>fd10:62:100::2/23980 
16:38:54.479734 ON flow>6412 srcPort>39947 dst>fd10:62:100::2/24212 
16:38:54.480110 CONNECT flow>6412 srcPort>39947 dst>fd10:62:100::2/24212 
16:38:54.559829 SHUTDOWN flow>6188 srcPort>40741 dst>fd10:62:100::2/23988 
16:38:54.560286 OFF flow>6188 srcPort>40741 dst>fd10:62:100::2/23988 
16:38:54.567509 ON flow>6420 srcPort>39661 dst>fd10:62:100::2/24220 
16:38:54.567803 CONNECT flow>6420 srcPort>39661 dst>fd10:62:100::2/24220 
16:38:54.639063 SHUTDOWN flow>6196 srcPort>42777 dst>fd10:62:100::2/23996 
16:38:54.639527 OFF flow>6196 srcPort>42777 dst>fd10:62:100::2/23996 
16:38:54.679960 SHUTDOWN flow>6204 srcPort>37529 dst>fd10:62:100::2/24004 
16:38:54.680265 OFF flow>6204 srcPort>37529 dst>fd10:62:100::2/24004 
16:38:54.747382 SHUTDOWN flow>6212 srcPort>35057 dst>fd10:62:100::2/24012 
16:38:54.748205 OFF flow>6212 srcPort>35057 dst>fd10:62:100::2/24012 
16:38:54.767318 ON flow>6428 srcPort>45439 dst>fd10:62:100::2/24228 
16:38:54.767622 CONNECT flow>6428 srcPort>45439 dst>fd10:62:100::2/24228 
16:38:54.853268 SHUTDOWN flow>6220 srcPort>34657 dst>fd10:62:100::2/24020 
16:38:54.853738 OFF flow>6220 srcPort>34657 dst>fd10:62:100::2/24020 
16:38:54.881223 ON flow>6436 srcPort>36049 dst>fd10:62:100::2/24236 
16:38:54.881829 CONNECT flow>6436 srcPort>36049 dst>fd10:62:100::2/24236 
16:38:55.017685 SHUTDOWN flow>6228 srcPort>36255 dst>fd10:62:100::2/24028 
16:38:55.018178 OFF flow>6228 srcPort>36255 dst>fd10:62:100::2/24028 
16:38:55.075295 ON flow>6444 srcPort>33837 dst>fd10:62:100::2/24244 
16:38:55.075725 CONNECT flow>6444 srcPort>33837 dst>fd10:62:100::2/24244 
16:38:55.104620 SHUTDOWN flow>6236 srcPort>44833 dst>fd10:62:100::2/24036 
16:38:55.105256 OFF flow>6236 srcPort>44833 dst>fd10:62:100::2/24036 
16:38:55.143387 ON flow>6452 srcPort>37013 dst>fd10:62:100::2/24252 
16:38:55.143716 CONNECT flow>6452 srcPort>37013 dst>fd10:62:100::2/24252 
16:38:55.220276 SHUTDOWN flow>6244 srcPort>46367 dst>fd10:62:100::2/24044 
16:38:55.221172 OFF flow>6244 srcPort>46367 dst>fd10:62:100::2/24044 
16:38:55.359993 SHUTDOWN flow>6252 srcPort>43471 dst>fd10:62:100::2/24052 
16:38:55.360306 OFF flow>6252 srcPort>43471 dst>fd10:62:100::2/24052 
16:38:55.367418 ON flow>6460 srcPort>45421 dst>fd10:62:100::2/24260 
16:38:55.367760 CONNECT flow>6460 srcPort>45421 dst>fd10:62:100::2/24260 
16:38:55.482414 SHUTDOWN flow>6260 srcPort>46477 dst>fd10:62:100::2/24060 
16:38:55.482796 OFF flow>6260 srcPort>46477 dst>fd10:62:100::2/24060 
16:38:55.640992 SHUTDOWN flow>6268 srcPort>36887 dst>fd10:62:100::2/24068 
16:38:55.642161 OFF flow>6268 srcPort>36887 dst>fd10:62:100::2/24068 
16:38:55.712728 SHUTDOWN flow>6276 srcPort>42373 dst>fd10:62:100::2/24076 
16:38:55.713210 OFF flow>6276 srcPort>42373 dst>fd10:62:100::2/24076 
16:38:55.721890 ON flow>6468 srcPort>44473 dst>fd10:62:100::2/24268 
16:38:55.722203 CONNECT flow>6468 srcPort>44473 dst>fd10:62:100::2/24268 
16:38:55.885184 SHUTDOWN flow>6284 srcPort>43619 dst>fd10:62:100::2/24084 
16:38:55.885562 OFF flow>6284 srcPort>43619 dst>fd10:62:100::2/24084 
16:38:55.934050 ON flow>6476 srcPort>45491 dst>fd10:62:100::2/24276 
16:38:55.934795 CONNECT flow>6476 srcPort>45491 dst>fd10:62:100::2/24276 
16:38:56.006881 SHUTDOWN flow>6292 srcPort>42143 dst>fd10:62:100::2/24092 
16:38:56.007538 OFF flow>6292 srcPort>42143 dst>fd10:62:100::2/24092 
16:38:56.144980 SHUTDOWN flow>6300 srcPort>34045 dst>fd10:62:100::2/24100 
16:38:56.145821 OFF flow>6300 srcPort>34045 dst>fd10:62:100::2/24100 
16:38:56.332025 ON flow>6484 srcPort>41385 dst>fd10:62:100::2/24284 
16:38:56.332463 CONNECT flow>6484 srcPort>41385 dst>fd10:62:100::2/24284 
16:38:56.399985 SHUTDOWN flow>6308 srcPort>46083 dst>fd10:62:100::2/24108 
16:38:56.400275 OFF flow>6308 srcPort>46083 dst>fd10:62:100::2/24108 
16:38:56.552813 ON flow>6492 srcPort>36893 dst>fd10:62:100::2/24292 
16:38:56.553788 CONNECT flow>6492 srcPort>36893 dst>fd10:62:100::2/24292 
16:38:56.716622 ON flow>6500 srcPort>46379 dst>fd10:62:100::2/24300 
16:38:56.717002 CONNECT flow>6500 srcPort>46379 dst>fd10:62:100::2/24300 
16:38:56.756983 SHUTDOWN flow>6316 srcPort>40105 dst>fd10:62:100::2/24116 
16:38:56.757409 OFF flow>6316 srcPort>40105 dst>fd10:62:100::2/24116 
16:38:57.002830 ON flow>6508 srcPort>40595 dst>fd10:62:100::2/24308 
16:38:57.003924 CONNECT flow>6508 srcPort>40595 dst>fd10:62:100::2/24308 
16:38:57.038987 SHUTDOWN flow>6324 srcPort>39693 dst>fd10:62:100::2/24124 
16:38:57.039593 OFF flow>6324 srcPort>39693 dst>fd10:62:100::2/24124 
16:38:57.139396 ON flow>6516 srcPort>45225 dst>fd10:62:100::2/24316 
16:38:57.140001 CONNECT flow>6516 srcPort>45225 dst>fd10:62:100::2/24316 
16:38:57.221916 SHUTDOWN flow>6332 srcPort>32919 dst>fd10:62:100::2/24132 
16:38:57.223238 OFF flow>6332 srcPort>32919 dst>fd10:62:100::2/24132 
16:38:57.402555 ON flow>6524 srcPort>33347 dst>fd10:62:100::2/24324 
16:38:57.403093 CONNECT flow>6524 srcPort>33347 dst>fd10:62:100::2/24324 
16:38:57.520988 SHUTDOWN flow>6340 srcPort>37187 dst>fd10:62:100::2/24140 
16:38:57.521298 OFF flow>6340 srcPort>37187 dst>fd10:62:100::2/24140 
16:38:57.547769 ON flow>6532 srcPort>41557 dst>fd10:62:100::2/24332 
16:38:57.548019 CONNECT flow>6532 srcPort>41557 dst>fd10:62:100::2/24332 
16:38:57.718091 SHUTDOWN flow>6348 srcPort>46697 dst>fd10:62:100::2/24148 
16:38:57.718710 OFF flow>6348 srcPort>46697 dst>fd10:62:100::2/24148 
16:38:57.747836 ON flow>6540 srcPort>43947 dst>fd10:62:100::2/24340 
16:38:57.748939 CONNECT flow>6540 srcPort>43947 dst>fd10:62:100::2/24340 
16:38:58.005299 SHUTDOWN flow>6356 srcPort>37457 dst>fd10:62:100::2/24156 
16:38:58.006378 OFF flow>6356 srcPort>37457 dst>fd10:62:100::2/24156 
16:38:58.010453 ON flow>6548 srcPort>46781 dst>fd10:62:100::2/24348 
16:38:58.011421 CONNECT flow>6548 srcPort>46781 dst>fd10:62:100::2/24348 
16:38:58.263426 ON flow>6556 srcPort>43319 dst>fd10:62:100::2/24356 
16:38:58.264124 CONNECT flow>6556 srcPort>43319 dst>fd10:62:100::2/24356 
16:38:58.379888 ON flow>6564 srcPort>34245 dst>fd10:62:100::2/24364 
16:38:58.381183 CONNECT flow>6564 srcPort>34245 dst>fd10:62:100::2/24364 
16:38:58.440101 SHUTDOWN flow>6364 srcPort>39045 dst>fd10:62:100::2/24164 
16:38:58.441255 OFF flow>6364 srcPort>39045 dst>fd10:62:100::2/24164 
16:38:58.453623 ON flow>6572 srcPort>44479 dst>fd10:62:100::2/24372 
16:38:58.454263 CONNECT flow>6572 srcPort>44479 dst>fd10:62:100::2/24372 
16:38:58.570095 ON flow>6580 srcPort>42323 dst>fd10:62:100::2/24380 
16:38:58.570500 CONNECT flow>6580 srcPort>42323 dst>fd10:62:100::2/24380 
16:38:58.614198 SHUTDOWN flow>6372 srcPort>35379 dst>fd10:62:100::2/24172 
16:38:58.614925 OFF flow>6372 srcPort>35379 dst>fd10:62:100::2/24172 
16:38:58.669359 ON flow>6588 srcPort>41151 dst>fd10:62:100::2/24388 
16:38:58.669617 CONNECT flow>6588 srcPort>41151 dst>fd10:62:100::2/24388 
16:38:58.689822 SHUTDOWN flow>6380 srcPort>33705 dst>fd10:62:100::2/24180 
16:38:58.690438 OFF flow>6380 srcPort>33705 dst>fd10:62:100::2/24180 
16:38:58.746615 ON flow>6596 srcPort>41155 dst>fd10:62:100::2/24396 
16:38:58.747614 CONNECT flow>6596 srcPort>41155 dst>fd10:62:100::2/24396 
16:38:58.838613 SHUTDOWN flow>6388 srcPort>35789 dst>fd10:62:100::2/24188 
16:38:58.839151 OFF flow>6388 srcPort>35789 dst>fd10:62:100::2/24188 
16:38:58.897613 ON flow>6604 srcPort>37819 dst>fd10:62:100::2/24404 
16:38:58.898075 CONNECT flow>6604 srcPort>37819 dst>fd10:62:100::2/24404 
16:38:58.975115 SHUTDOWN flow>6396 srcPort>46189 dst>fd10:62:100::2/24196 
16:38:58.975767 OFF flow>6396 srcPort>46189 dst>fd10:62:100::2/24196 
16:38:59.123805 SHUTDOWN flow>6404 srcPort>44311 dst>fd10:62:100::2/24204 
16:38:59.124485 OFF flow>6404 srcPort>44311 dst>fd10:62:100::2/24204 
16:38:59.229084 ON flow>6612 srcPort>33677 dst>fd10:62:100::2/24412 
16:38:59.229408 CONNECT flow>6612 srcPort>33677 dst>fd10:62:100::2/24412 
16:38:59.279596 SHUTDOWN flow>6412 srcPort>39947 dst>fd10:62:100::2/24212 
16:38:59.280371 OFF flow>6412 srcPort>39947 dst>fd10:62:100::2/24212 
16:38:59.367302 SHUTDOWN flow>6420 srcPort>39661 dst>fd10:62:100::2/24220 
16:38:59.367604 OFF flow>6420 srcPort>39661 dst>fd10:62:100::2/24220 
16:38:59.567220 SHUTDOWN flow>6428 srcPort>45439 dst>fd10:62:100::2/24228 
16:38:59.567937 OFF flow>6428 srcPort>45439 dst>fd10:62:100::2/24228 
16:38:59.681122 SHUTDOWN flow>6436 srcPort>36049 dst>fd10:62:100::2/24236 
16:38:59.681538 OFF flow>6436 srcPort>36049 dst>fd10:62:100::2/24236 
16:38:59.712068 ON flow>6620 srcPort>34513 dst>fd10:62:100::2/24420 
16:38:59.712376 CONNECT flow>6620 srcPort>34513 dst>fd10:62:100::2/24420 
16:38:59.875102 SHUTDOWN flow>6444 srcPort>33837 dst>fd10:62:100::2/24244 
16:38:59.875574 OFF flow>6444 srcPort>33837 dst>fd10:62:100::2/24244 
16:38:59.943307 SHUTDOWN flow>6452 srcPort>37013 dst>fd10:62:100::2/24252 
16:38:59.943803 OFF flow>6452 srcPort>37013 dst>fd10:62:100::2/24252 
16:39:00.061483 ON flow>6628 srcPort>41005 dst>fd10:62:100::2/24428 
16:39:00.061828 CONNECT flow>6628 srcPort>41005 dst>fd10:62:100::2/24428 
16:39:00.167300 SHUTDOWN flow>6460 srcPort>45421 dst>fd10:62:100::2/24260 
16:39:00.168178 OFF flow>6460 srcPort>45421 dst>fd10:62:100::2/24260 
16:39:00.169573 ON flow>6636 srcPort>41659 dst>fd10:62:100::2/24436 
16:39:00.170099 CONNECT flow>6636 srcPort>41659 dst>fd10:62:100::2/24436 
16:39:00.265026 ON flow>6644 srcPort>43021 dst>fd10:62:100::2/24444 
16:39:00.265340 CONNECT flow>6644 srcPort>43021 dst>fd10:62:100::2/24444 
16:39:00.384937 ON flow>6652 srcPort>34157 dst>fd10:62:100::2/24452 
16:39:00.385307 CONNECT flow>6652 srcPort>34157 dst>fd10:62:100::2/24452 
16:39:00.521708 SHUTDOWN flow>6468 srcPort>44473 dst>fd10:62:100::2/24268 
16:39:00.522131 OFF flow>6468 srcPort>44473 dst>fd10:62:100::2/24268 
16:39:00.733903 SHUTDOWN flow>6476 srcPort>45491 dst>fd10:62:100::2/24276 
16:39:00.734387 OFF flow>6476 srcPort>45491 dst>fd10:62:100::2/24276 
16:39:00.897891 ON flow>6660 srcPort>34765 dst>fd10:62:100::2/24460 
16:39:00.898445 CONNECT flow>6660 srcPort>34765 dst>fd10:62:100::2/24460 
16:39:00.995229 ON flow>6668 srcPort>45897 dst>fd10:62:100::2/24468 
16:39:00.995630 CONNECT flow>6668 srcPort>45897 dst>fd10:62:100::2/24468 
16:39:01.101534 ON flow>6676 srcPort>41579 dst>fd10:62:100::2/24476 
16:39:01.101807 CONNECT flow>6676 srcPort>41579 dst>fd10:62:100::2/24476 
16:39:01.131891 SHUTDOWN flow>6484 srcPort>41385 dst>fd10:62:100::2/24284 
16:39:01.132402 OFF flow>6484 srcPort>41385 dst>fd10:62:100::2/24284 
16:39:01.280211 ON flow>6684 srcPort>38601 dst>fd10:62:100::2/24484 
16:39:01.280806 CONNECT flow>6684 srcPort>38601 dst>fd10:62:100::2/24484 
16:39:01.350920 ON flow>6692 srcPort>44247 dst>fd10:62:100::2/24492 
16:39:01.351190 CONNECT flow>6692 srcPort>44247 dst>fd10:62:100::2/24492 
16:39:01.352718 SHUTDOWN flow>6492 srcPort>36893 dst>fd10:62:100::2/24292 
16:39:01.353176 OFF flow>6492 srcPort>36893 dst>fd10:62:100::2/24292 
16:39:01.463758 ON flow>6700 srcPort>43367 dst>fd10:62:100::2/24500 
16:39:01.464020 CONNECT flow>6700 srcPort>43367 dst>fd10:62:100::2/24500 
16:39:01.516496 SHUTDOWN flow>6500 srcPort>46379 dst>fd10:62:100::2/24300 
16:39:01.516955 OFF flow>6500 srcPort>46379 dst>fd10:62:100::2/24300 
16:39:01.568339 ON flow>6708 srcPort>45591 dst>fd10:62:100::2/24508 
16:39:01.568642 CONNECT flow>6708 srcPort>45591 dst>fd10:62:100::2/24508 
16:39:01.700450 ON flow>6716 srcPort>42065 dst>fd10:62:100::2/24516 
16:39:01.700884 CONNECT flow>6716 srcPort>42065 dst>fd10:62:100::2/24516 
16:39:01.802709 SHUTDOWN flow>6508 srcPort>40595 dst>fd10:62:100::2/24308 
16:39:01.805269 OFF flow>6508 srcPort>40595 dst>fd10:62:100::2/24308 
16:39:01.924856 ON flow>6724 srcPort>43885 dst>fd10:62:100::2/24524 
16:39:01.925497 CONNECT flow>6724 srcPort>43885 dst>fd10:62:100::2/24524 
16:39:01.939219 SHUTDOWN flow>6516 srcPort>45225 dst>fd10:62:100::2/24316 
16:39:01.962912 OFF flow>6516 srcPort>45225 dst>fd10:62:100::2/24316 
16:39:02.190618 ON flow>6732 srcPort>39691 dst>fd10:62:100::2/24532 
16:39:02.190981 CONNECT flow>6732 srcPort>39691 dst>fd10:62:100::2/24532 
16:39:02.202405 SHUTDOWN flow>6524 srcPort>33347 dst>fd10:62:100::2/24324 
16:39:02.202888 OFF flow>6524 srcPort>33347 dst>fd10:62:100::2/24324 
16:39:02.347608 SHUTDOWN flow>6532 srcPort>41557 dst>fd10:62:100::2/24332 
16:39:02.348931 OFF flow>6532 srcPort>41557 dst>fd10:62:100::2/24332 
16:39:02.459321 ON flow>6740 srcPort>34615 dst>fd10:62:100::2/24540 
16:39:02.459701 CONNECT flow>6740 srcPort>34615 dst>fd10:62:100::2/24540 
16:39:02.547712 SHUTDOWN flow>6540 srcPort>43947 dst>fd10:62:100::2/24340 
16:39:02.548357 OFF flow>6540 srcPort>43947 dst>fd10:62:100::2/24340 
16:39:02.552414 ON flow>6748 srcPort>37795 dst>fd10:62:100::2/24548 
16:39:02.553029 CONNECT flow>6748 srcPort>37795 dst>fd10:62:100::2/24548 
16:39:02.688696 ON flow>6756 srcPort>35411 dst>fd10:62:100::2/24556 
16:39:02.689704 CONNECT flow>6756 srcPort>35411 dst>fd10:62:100::2/24556 
16:39:02.810340 SHUTDOWN flow>6548 srcPort>46781 dst>fd10:62:100::2/24348 
16:39:02.811028 OFF flow>6548 srcPort>46781 dst>fd10:62:100::2/24348 
16:39:03.063306 SHUTDOWN flow>6556 srcPort>43319 dst>fd10:62:100::2/24356 
16:39:03.063710 OFF flow>6556 srcPort>43319 dst>fd10:62:100::2/24356 
16:39:03.155372 ON flow>6764 srcPort>39121 dst>fd10:62:100::2/24564 
16:39:03.156003 CONNECT flow>6764 srcPort>39121 dst>fd10:62:100::2/24564 
16:39:03.179811 SHUTDOWN flow>6564 srcPort>34245 dst>fd10:62:100::2/24364 
16:39:03.180386 OFF flow>6564 srcPort>34245 dst>fd10:62:100::2/24364 
16:39:03.253508 SHUTDOWN flow>6572 srcPort>44479 dst>fd10:62:100::2/24372 
16:39:03.254366 OFF flow>6572 srcPort>44479 dst>fd10:62:100::2/24372 
16:39:03.350674 ON flow>6772 srcPort>43369 dst>fd10:62:100::2/24572 
16:39:03.351090 CONNECT flow>6772 srcPort>43369 dst>fd10:62:100::2/24572 
16:39:03.369917 SHUTDOWN flow>6580 srcPort>42323 dst>fd10:62:100::2/24380 
16:39:03.370272 OFF flow>6580 srcPort>42323 dst>fd10:62:100::2/24380 
16:39:03.469127 SHUTDOWN flow>6588 srcPort>41151 dst>fd10:62:100::2/24388 
16:39:03.469945 OFF flow>6588 srcPort>41151 dst>fd10:62:100::2/24388 
16:39:03.531482 ON flow>6780 srcPort>43691 dst>fd10:62:100::2/24580 
16:39:03.531698 CONNECT flow>6780 srcPort>43691 dst>fd10:62:100::2/24580 
16:39:03.546515 SHUTDOWN flow>6596 srcPort>41155 dst>fd10:62:100::2/24396 
16:39:03.547111 OFF flow>6596 srcPort>41155 dst>fd10:62:100::2/24396 
16:39:03.677434 ON flow>6788 srcPort>33861 dst>fd10:62:100::2/24588 
16:39:03.677798 CONNECT flow>6788 srcPort>33861 dst>fd10:62:100::2/24588 
16:39:03.697425 SHUTDOWN flow>6604 srcPort>37819 dst>fd10:62:100::2/24404 
16:39:03.698164 OFF flow>6604 srcPort>37819 dst>fd10:62:100::2/24404 
16:39:03.770089 ON flow>6796 srcPort>37295 dst>fd10:62:100::2/24596 
16:39:03.770507 CONNECT flow>6796 srcPort>37295 dst>fd10:62:100::2/24596 
16:39:03.846323 ON flow>6804 srcPort>32909 dst>fd10:62:100::2/24604 
16:39:03.846758 CONNECT flow>6804 srcPort>32909 dst>fd10:62:100::2/24604 
16:39:03.918196 ON flow>6812 srcPort>32773 dst>fd10:62:100::2/24612 
16:39:03.918723 CONNECT flow>6812 srcPort>32773 dst>fd10:62:100::2/24612 
16:39:04.006133 ON flow>6820 srcPort>44091 dst>fd10:62:100::2/24620 
16:39:04.006465 CONNECT flow>6820 srcPort>44091 dst>fd10:62:100::2/24620 
16:39:04.028998 SHUTDOWN flow>6612 srcPort>33677 dst>fd10:62:100::2/24412 
16:39:04.030106 OFF flow>6612 srcPort>33677 dst>fd10:62:100::2/24412 
16:39:04.041354 ON flow>6828 srcPort>45019 dst>fd10:62:100::2/24628 
16:39:04.041682 CONNECT flow>6828 srcPort>45019 dst>fd10:62:100::2/24628 
16:39:04.129536 ON flow>6836 srcPort>33343 dst>fd10:62:100::2/24636 
16:39:04.130133 CONNECT flow>6836 srcPort>33343 dst>fd10:62:100::2/24636 
16:39:04.191756 ON flow>6844 srcPort>43975 dst>fd10:62:100::2/24644 
16:39:04.192211 CONNECT flow>6844 srcPort>43975 dst>fd10:62:100::2/24644 
16:39:04.244859 ON flow>6852 srcPort>45955 dst>fd10:62:100::2/24652 
16:39:04.245564 CONNECT flow>6852 srcPort>45955 dst>fd10:62:100::2/24652 
16:39:04.332947 ON flow>6860 srcPort>43799 dst>fd10:62:100::2/24660 
16:39:04.334096 CONNECT flow>6860 srcPort>43799 dst>fd10:62:100::2/24660 
16:39:04.402214 ON flow>6868 srcPort>33923 dst>fd10:62:100::2/24668 
16:39:04.403302 CONNECT flow>6868 srcPort>33923 dst>fd10:62:100::2/24668 
16:39:04.511927 SHUTDOWN flow>6620 srcPort>34513 dst>fd10:62:100::2/24420 
16:39:04.512587 OFF flow>6620 srcPort>34513 dst>fd10:62:100::2/24420 
16:39:04.615388 ON flow>6876 srcPort>45543 dst>fd10:62:100::2/24676 
16:39:04.616595 CONNECT flow>6876 srcPort>45543 dst>fd10:62:100::2/24676 
16:39:04.665942 ON flow>6884 srcPort>45827 dst>fd10:62:100::2/24684 
16:39:04.667187 CONNECT flow>6884 srcPort>45827 dst>fd10:62:100::2/24684 
16:39:04.760113 ON flow>6892 srcPort>42797 dst>fd10:62:100::2/24692 
16:39:04.760762 CONNECT flow>6892 srcPort>42797 dst>fd10:62:100::2/24692 
16:39:04.861329 SHUTDOWN flow>6628 srcPort>41005 dst>fd10:62:100::2/24428 
16:39:04.862363 OFF flow>6628 srcPort>41005 dst>fd10:62:100::2/24428 
16:39:04.873524 ON flow>6900 srcPort>42307 dst>fd10:62:100::2/24700 
16:39:04.874243 CONNECT flow>6900 srcPort>42307 dst>fd10:62:100::2/24700 
16:39:04.969425 SHUTDOWN flow>6636 srcPort>41659 dst>fd10:62:100::2/24436 
16:39:04.970101 OFF flow>6636 srcPort>41659 dst>fd10:62:100::2/24436 
16:39:05.064916 SHUTDOWN flow>6644 srcPort>43021 dst>fd10:62:100::2/24444 
16:39:05.066877 OFF flow>6644 srcPort>43021 dst>fd10:62:100::2/24444 
16:39:05.070060 ON flow>6908 srcPort>33573 dst>fd10:62:100::2/24708 
16:39:05.071468 CONNECT flow>6908 srcPort>33573 dst>fd10:62:100::2/24708 
16:39:05.184839 SHUTDOWN flow>6652 srcPort>34157 dst>fd10:62:100::2/24452 
16:39:05.186177 OFF flow>6652 srcPort>34157 dst>fd10:62:100::2/24452 
16:39:05.291392 ON flow>6916 srcPort>38115 dst>fd10:62:100::2/24716 
16:39:05.292491 CONNECT flow>6916 srcPort>38115 dst>fd10:62:100::2/24716 
16:39:05.388575 ON flow>6924 srcPort>41989 dst>fd10:62:100::2/24724 
16:39:05.389011 CONNECT flow>6924 srcPort>41989 dst>fd10:62:100::2/24724 
16:39:05.680194 ON flow>6932 srcPort>44783 dst>fd10:62:100::2/24732 
16:39:05.680848 CONNECT flow>6932 srcPort>44783 dst>fd10:62:100::2/24732 
16:39:05.697626 SHUTDOWN flow>6660 srcPort>34765 dst>fd10:62:100::2/24460 
16:39:05.697997 OFF flow>6660 srcPort>34765 dst>fd10:62:100::2/24460 
16:39:05.788689 ON flow>6940 srcPort>36025 dst>fd10:62:100::2/24740 
16:39:05.789369 CONNECT flow>6940 srcPort>36025 dst>fd10:62:100::2/24740 
16:39:05.795115 SHUTDOWN flow>6668 srcPort>45897 dst>fd10:62:100::2/24468 
16:39:05.796442 OFF flow>6668 srcPort>45897 dst>fd10:62:100::2/24468 
16:39:05.899721 ON flow>6948 srcPort>41405 dst>fd10:62:100::2/24748 
16:39:05.901456 SHUTDOWN flow>6676 srcPort>41579 dst>fd10:62:100::2/24476 
16:39:05.902260 CONNECT flow>6948 srcPort>41405 dst>fd10:62:100::2/24748 
16:39:05.903566 OFF flow>6676 srcPort>41579 dst>fd10:62:100::2/24476 
16:39:06.069581 ON flow>6956 srcPort>44899 dst>fd10:62:100::2/24756 
16:39:06.070542 CONNECT flow>6956 srcPort>44899 dst>fd10:62:100::2/24756 
16:39:06.080124 SHUTDOWN flow>6684 srcPort>38601 dst>fd10:62:100::2/24484 
16:39:06.081554 OFF flow>6684 srcPort>38601 dst>fd10:62:100::2/24484 
16:39:06.150825 SHUTDOWN flow>6692 srcPort>44247 dst>fd10:62:100::2/24492 
16:39:06.152721 OFF flow>6692 srcPort>44247 dst>fd10:62:100::2/24492 
16:39:06.263619 SHUTDOWN flow>6700 srcPort>43367 dst>fd10:62:100::2/24500 
16:39:06.265012 OFF flow>6700 srcPort>43367 dst>fd10:62:100::2/24500 
16:39:06.329070 ON flow>6964 srcPort>45423 dst>fd10:62:100::2/24764 
16:39:06.331260 CONNECT flow>6964 srcPort>45423 dst>fd10:62:100::2/24764 
16:39:06.368248 SHUTDOWN flow>6708 srcPort>45591 dst>fd10:62:100::2/24508 
16:39:06.369577 OFF flow>6708 srcPort>45591 dst>fd10:62:100::2/24508 
16:39:06.412866 ON flow>6972 srcPort>32817 dst>fd10:62:100::2/24772 
16:39:06.413181 CONNECT flow>6972 srcPort>32817 dst>fd10:62:100::2/24772 
16:39:06.500321 SHUTDOWN flow>6716 srcPort>42065 dst>fd10:62:100::2/24516 
16:39:06.501805 OFF flow>6716 srcPort>42065 dst>fd10:62:100::2/24516 
16:39:06.686882 ON flow>6980 srcPort>39139 dst>fd10:62:100::2/24780 
16:39:06.688166 CONNECT flow>6980 srcPort>39139 dst>fd10:62:100::2/24780 
16:39:06.724622 SHUTDOWN flow>6724 srcPort>43885 dst>fd10:62:100::2/24524 
16:39:06.726370 OFF flow>6724 srcPort>43885 dst>fd10:62:100::2/24524 
16:39:06.739696 ON flow>6988 srcPort>44249 dst>fd10:62:100::2/24788 
16:39:06.740817 CONNECT flow>6988 srcPort>44249 dst>fd10:62:100::2/24788 
16:39:06.842214 ON flow>6996 srcPort>45545 dst>fd10:62:100::2/24796 
16:39:06.843197 CONNECT flow>6996 srcPort>45545 dst>fd10:62:100::2/24796 
16:39:06.910681 ON flow>7004 srcPort>40049 dst>fd10:62:100::2/24804 
16:39:06.911001 CONNECT flow>7004 srcPort>40049 dst>fd10:62:100::2/24804 
16:39:06.990415 SHUTDOWN flow>6732 srcPort>39691 dst>fd10:62:100::2/24532 
16:39:06.991878 OFF flow>6732 srcPort>39691 dst>fd10:62:100::2/24532 
16:39:07.019183 ON flow>7012 srcPort>34377 dst>fd10:62:100::2/24812 
16:39:07.019498 CONNECT flow>7012 srcPort>34377 dst>fd10:62:100::2/24812 
16:39:07.133548 ON flow>7020 srcPort>33019 dst>fd10:62:100::2/24820 
16:39:07.135783 CONNECT flow>7020 srcPort>33019 dst>fd10:62:100::2/24820 
16:39:07.259262 SHUTDOWN flow>6740 srcPort>34615 dst>fd10:62:100::2/24540 
16:39:07.260722 OFF flow>6740 srcPort>34615 dst>fd10:62:100::2/24540 
16:39:07.352337 SHUTDOWN flow>6748 srcPort>37795 dst>fd10:62:100::2/24548 
16:39:07.355599 OFF flow>6748 srcPort>37795 dst>fd10:62:100::2/24548 
16:39:07.430487 ON flow>7028 srcPort>34597 dst>fd10:62:100::2/24828 
16:39:07.430769 CONNECT flow>7028 srcPort>34597 dst>fd10:62:100::2/24828 
16:39:07.488518 SHUTDOWN flow>6756 srcPort>35411 dst>fd10:62:100::2/24556 
16:39:07.488993 OFF flow>6756 srcPort>35411 dst>fd10:62:100::2/24556 
16:39:07.733107 ON flow>7036 srcPort>43851 dst>fd10:62:100::2/24836 
16:39:07.733714 CONNECT flow>7036 srcPort>43851 dst>fd10:62:100::2/24836 
16:39:07.879618 ON flow>7044 srcPort>39433 dst>fd10:62:100::2/24844 
16:39:07.882371 CONNECT flow>7044 srcPort>39433 dst>fd10:62:100::2/24844 
16:39:07.955231 SHUTDOWN flow>6764 srcPort>39121 dst>fd10:62:100::2/24564 
16:39:07.956229 OFF flow>6764 srcPort>39121 dst>fd10:62:100::2/24564 
16:39:07.995016 ON flow>7052 srcPort>36309 dst>fd10:62:100::2/24852 
16:39:07.995472 CONNECT flow>7052 srcPort>36309 dst>fd10:62:100::2/24852 
16:39:08.092451 ON flow>7060 srcPort>36105 dst>fd10:62:100::2/24860 
16:39:08.096687 CONNECT flow>7060 srcPort>36105 dst>fd10:62:100::2/24860 
16:39:08.150533 SHUTDOWN flow>6772 srcPort>43369 dst>fd10:62:100::2/24572 
16:39:08.153432 OFF flow>6772 srcPort>43369 dst>fd10:62:100::2/24572 
16:39:08.174429 ON flow>7068 srcPort>41831 dst>fd10:62:100::2/24868 
16:39:08.176924 CONNECT flow>7068 srcPort>41831 dst>fd10:62:100::2/24868 
16:39:08.211360 ON flow>7076 srcPort>44487 dst>fd10:62:100::2/24876 
16:39:08.213957 CONNECT flow>7076 srcPort>44487 dst>fd10:62:100::2/24876 
16:39:08.292803 ON flow>7084 srcPort>35281 dst>fd10:62:100::2/24884 
16:39:08.296416 CONNECT flow>7084 srcPort>35281 dst>fd10:62:100::2/24884 
16:39:08.331338 SHUTDOWN flow>6780 srcPort>43691 dst>fd10:62:100::2/24580 
16:39:08.334058 OFF flow>6780 srcPort>43691 dst>fd10:62:100::2/24580 
16:39:08.360985 ON flow>7092 srcPort>35193 dst>fd10:62:100::2/24892 
16:39:08.364538 CONNECT flow>7092 srcPort>35193 dst>fd10:62:100::2/24892 
16:39:08.436124 ON flow>7100 srcPort>44623 dst>fd10:62:100::2/24900 
16:39:08.443874 CONNECT flow>7100 srcPort>44623 dst>fd10:62:100::2/24900 
16:39:08.477248 SHUTDOWN flow>6788 srcPort>33861 dst>fd10:62:100::2/24588 
16:39:08.486344 OFF flow>6788 srcPort>33861 dst>fd10:62:100::2/24588 
16:39:08.569939 SHUTDOWN flow>6796 srcPort>37295 dst>fd10:62:100::2/24596 
16:39:08.571345 ON flow>7108 srcPort>34959 dst>fd10:62:100::2/24908 
16:39:08.584999 OFF flow>6796 srcPort>37295 dst>fd10:62:100::2/24596 
16:39:08.586356 CONNECT flow>7108 srcPort>34959 dst>fd10:62:100::2/24908 
16:39:08.622709 ON flow>7116 srcPort>42573 dst>fd10:62:100::2/24916 
16:39:08.640101 CONNECT flow>7116 srcPort>42573 dst>fd10:62:100::2/24916 
16:39:08.646242 SHUTDOWN flow>6804 srcPort>32909 dst>fd10:62:100::2/24604 
16:39:08.663463 OFF flow>6804 srcPort>32909 dst>fd10:62:100::2/24604 
16:39:08.718040 SHUTDOWN flow>6812 srcPort>32773 dst>fd10:62:100::2/24612 
16:39:08.739118 OFF flow>6812 srcPort>32773 dst>fd10:62:100::2/24612 
16:39:08.806046 SHUTDOWN flow>6820 srcPort>44091 dst>fd10:62:100::2/24620 
16:39:08.830342 OFF flow>6820 srcPort>44091 dst>fd10:62:100::2/24620 
16:39:08.835256 ON flow>7124 srcPort>40057 dst>fd10:62:100::2/24924 
16:39:08.841264 SHUTDOWN flow>6828 srcPort>45019 dst>fd10:62:100::2/24628 
16:39:08.862377 CONNECT flow>7124 srcPort>40057 dst>fd10:62:100::2/24924 
16:39:08.868628 OFF flow>6828 srcPort>45019 dst>fd10:62:100::2/24628 
16:39:08.929343 SHUTDOWN flow>6836 srcPort>33343 dst>fd10:62:100::2/24636 
16:39:08.960415 OFF flow>6836 srcPort>33343 dst>fd10:62:100::2/24636 
16:39:08.981572 ON flow>7132 srcPort>43217 dst>fd10:62:100::2/24932 
16:39:08.991625 SHUTDOWN flow>6844 srcPort>43975 dst>fd10:62:100::2/24644 
16:39:09.011810 CONNECT flow>7132 srcPort>43217 dst>fd10:62:100::2/24932 
16:39:09.021307 OFF flow>6844 srcPort>43975 dst>fd10:62:100::2/24644 
16:39:09.044717 SHUTDOWN flow>6852 srcPort>45955 dst>fd10:62:100::2/24652 
16:39:09.072433 OFF flow>6852 srcPort>45955 dst>fd10:62:100::2/24652 
16:39:09.111321 ON flow>7140 srcPort>40097 dst>fd10:62:100::2/24940 
16:39:09.132821 SHUTDOWN flow>6860 srcPort>43799 dst>fd10:62:100::2/24660 
16:39:09.140478 CONNECT flow>7140 srcPort>40097 dst>fd10:62:100::2/24940 
16:39:09.162790 OFF flow>6860 srcPort>43799 dst>fd10:62:100::2/24660 
16:39:09.202120 SHUTDOWN flow>6868 srcPort>33923 dst>fd10:62:100::2/24668 
16:39:09.231260 OFF flow>6868 srcPort>33923 dst>fd10:62:100::2/24668 
16:39:09.259103 ON flow>7148 srcPort>37137 dst>fd10:62:100::2/24948 
16:39:09.289182 CONNECT flow>7148 srcPort>37137 dst>fd10:62:100::2/24948 
16:39:09.415232 SHUTDOWN flow>6876 srcPort>45543 dst>fd10:62:100::2/24676 
16:39:09.442011 OFF flow>6876 srcPort>45543 dst>fd10:62:100::2/24676 
16:39:09.465821 SHUTDOWN flow>6884 srcPort>45827 dst>fd10:62:100::2/24684 
16:39:09.484776 ON flow>7156 srcPort>39469 dst>fd10:62:100::2/24956 
16:39:09.493596 OFF flow>6884 srcPort>45827 dst>fd10:62:100::2/24684 
16:39:09.512096 CONNECT flow>7156 srcPort>39469 dst>fd10:62:100::2/24956 
16:39:09.559651 SHUTDOWN flow>6892 srcPort>42797 dst>fd10:62:100::2/24692 
16:39:09.567597 ON flow>7164 srcPort>46661 dst>fd10:62:100::2/24964 
16:39:09.581491 OFF flow>6892 srcPort>42797 dst>fd10:62:100::2/24692 
16:39:09.588793 CONNECT flow>7164 srcPort>46661 dst>fd10:62:100::2/24964 
16:39:09.671506 ON flow>7172 srcPort>36585 dst>fd10:62:100::2/24972 
16:39:09.673615 SHUTDOWN flow>6900 srcPort>42307 dst>fd10:62:100::2/24700 
16:39:09.694030 CONNECT flow>7172 srcPort>36585 dst>fd10:62:100::2/24972 
16:39:09.696133 OFF flow>6900 srcPort>42307 dst>fd10:62:100::2/24700 
16:39:09.743399 ON flow>7180 srcPort>38243 dst>fd10:62:100::2/24980 
16:39:09.765462 CONNECT flow>7180 srcPort>38243 dst>fd10:62:100::2/24980 
16:39:09.794402 ON flow>7188 srcPort>33071 dst>fd10:62:100::2/24988 
16:39:09.817061 CONNECT flow>7188 srcPort>33071 dst>fd10:62:100::2/24988 
16:39:09.869931 SHUTDOWN flow>6908 srcPort>33573 dst>fd10:62:100::2/24708 
16:39:09.870487 ON flow>7196 srcPort>36779 dst>fd10:62:100::2/24996 
16:39:09.893328 CONNECT flow>7196 srcPort>36779 dst>fd10:62:100::2/24996 
16:39:09.893415 OFF flow>6908 srcPort>33573 dst>fd10:62:100::2/24708 
16:39:09.916174 ON flow>7204 srcPort>41029 dst>fd10:62:100::2/25004 
16:39:09.943422 CONNECT flow>7204 srcPort>41029 dst>fd10:62:100::2/25004 
16:39:10.091230 SHUTDOWN flow>6916 srcPort>38115 dst>fd10:62:100::2/24716 
16:39:10.133419 OFF flow>6916 srcPort>38115 dst>fd10:62:100::2/24716 
16:39:10.161789 ON flow>7212 srcPort>40355 dst>fd10:62:100::2/25012 
16:39:10.188428 SHUTDOWN flow>6924 srcPort>41989 dst>fd10:62:100::2/24724 
16:39:10.209339 CONNECT flow>7212 srcPort>40355 dst>fd10:62:100::2/25012 
16:39:10.239408 OFF flow>6924 srcPort>41989 dst>fd10:62:100::2/24724 
16:39:10.305429 ON flow>7220 srcPort>34961 dst>fd10:62:100::2/25020 
16:39:10.369769 CONNECT flow>7220 srcPort>34961 dst>fd10:62:100::2/25020 
16:39:10.452857 ON flow>7228 srcPort>44299 dst>fd10:62:100::2/25028 
16:39:10.480048 SHUTDOWN flow>6932 srcPort>44783 dst>fd10:62:100::2/24732 
16:39:10.537368 CONNECT flow>7228 srcPort>44299 dst>fd10:62:100::2/25028 
16:39:10.566723 OFF flow>6932 srcPort>44783 dst>fd10:62:100::2/24732 
16:39:10.582326 ON flow>7236 srcPort>36465 dst>fd10:62:100::2/25036 
16:39:10.588642 SHUTDOWN flow>6940 srcPort>36025 dst>fd10:62:100::2/24740 
16:39:10.671160 CONNECT flow>7236 srcPort>36465 dst>fd10:62:100::2/25036 
16:39:10.678041 OFF flow>6940 srcPort>36025 dst>fd10:62:100::2/24740 
16:39:10.680118 ON flow>7244 srcPort>43481 dst>fd10:62:100::2/25044 
16:39:10.699581 SHUTDOWN flow>6948 srcPort>41405 dst>fd10:62:100::2/24748 
16:39:10.769179 CONNECT flow>7244 srcPort>43481 dst>fd10:62:100::2/25044 
16:39:10.788266 OFF flow>6948 srcPort>41405 dst>fd10:62:100::2/24748 
16:39:10.798310 ON flow>7252 srcPort>46857 dst>fd10:62:100::2/25052 
16:39:10.869443 SHUTDOWN flow>6956 srcPort>44899 dst>fd10:62:100::2/24756 
16:39:10.877295 ON flow>7260 srcPort>37793 dst>fd10:62:100::2/25060 
16:39:10.891719 CONNECT flow>7252 srcPort>46857 dst>fd10:62:100::2/25052 
16:39:10.968541 CONNECT flow>7260 srcPort>37793 dst>fd10:62:100::2/25060 
16:39:11.049158 ON flow>7268 srcPort>44809 dst>fd10:62:100::2/25068 
16:39:11.049713 OFF flow>6956 srcPort>44899 dst>fd10:62:100::2/24756 
16:39:11.128847 SHUTDOWN flow>6964 srcPort>45423 dst>fd10:62:100::2/24764 
16:39:11.138008 CONNECT flow>7268 srcPort>44809 dst>fd10:62:100::2/25068 
16:39:11.206839 ON flow>7276 srcPort>42015 dst>fd10:62:100::2/25076 
16:39:11.212773 SHUTDOWN flow>6972 srcPort>32817 dst>fd10:62:100::2/24772 
16:39:11.301625 CONNECT flow>7276 srcPort>42015 dst>fd10:62:100::2/25076 
16:39:11.317256 ON flow>7284 srcPort>44559 dst>fd10:62:100::2/25084 
16:39:11.364539 OFF flow>6972 srcPort>32817 dst>fd10:62:100::2/24772 
16:39:11.407509 ON flow>7292 srcPort>41309 dst>fd10:62:100::2/25092 
16:39:11.409552 CONNECT flow>7284 srcPort>44559 dst>fd10:62:100::2/25084 
16:39:11.476552 ON flow>7300 srcPort>33023 dst>fd10:62:100::2/25100 
16:39:11.486647 SHUTDOWN flow>6980 srcPort>39139 dst>fd10:62:100::2/24780 
16:39:11.497644 CONNECT flow>7292 srcPort>41309 dst>fd10:62:100::2/25092 
16:39:11.539567 SHUTDOWN flow>6988 srcPort>44249 dst>fd10:62:100::2/24788 
16:39:11.571262 CONNECT flow>7300 srcPort>33023 dst>fd10:62:100::2/25100 
16:39:11.574748 ON flow>7308 srcPort>41193 dst>fd10:62:100::2/25108 
16:39:11.582611 OFF flow>6980 srcPort>39139 dst>fd10:62:100::2/24780 
16:39:11.642051 SHUTDOWN flow>6996 srcPort>45545 dst>fd10:62:100::2/24796 
16:39:11.667479 CONNECT flow>7308 srcPort>41193 dst>fd10:62:100::2/25108 
16:39:11.710579 SHUTDOWN flow>7004 srcPort>40049 dst>fd10:62:100::2/24804 
16:39:11.720956 OFF flow>6964 srcPort>45423 dst>fd10:62:100::2/24764 
16:39:11.734658 OFF flow>6996 srcPort>45545 dst>fd10:62:100::2/24796 
16:39:11.756566 ON flow>7316 srcPort>33527 dst>fd10:62:100::2/25116 
16:39:11.819060 SHUTDOWN flow>7012 srcPort>34377 dst>fd10:62:100::2/24812 
16:39:11.854201 CONNECT flow>7316 srcPort>33527 dst>fd10:62:100::2/25116 
16:39:11.933365 SHUTDOWN flow>7020 srcPort>33019 dst>fd10:62:100::2/24820 
16:39:11.968580 OFF flow>7012 srcPort>34377 dst>fd10:62:100::2/24812 
16:39:12.230353 SHUTDOWN flow>7028 srcPort>34597 dst>fd10:62:100::2/24828 
16:39:12.242507 ON flow>7324 srcPort>46687 dst>fd10:62:100::2/25124 
16:39:12.264413 OFF flow>7004 srcPort>40049 dst>fd10:62:100::2/24804 
16:39:12.325620 OFF flow>7020 srcPort>33019 dst>fd10:62:100::2/24820 
16:39:12.338557 CONNECT flow>7324 srcPort>46687 dst>fd10:62:100::2/25124 
16:39:12.450936 ON flow>7332 srcPort>39599 dst>fd10:62:100::2/25132 
16:39:12.538738 OFF flow>7028 srcPort>34597 dst>fd10:62:100::2/24828 
16:39:12.541924 ON flow>7340 srcPort>34721 dst>fd10:62:100::2/25140 
16:39:12.544945 CONNECT flow>7332 srcPort>39599 dst>fd10:62:100::2/25132 
16:39:12.572560 ON flow>7348 srcPort>45035 dst>fd10:62:100::2/25148 
16:39:12.634839 CONNECT flow>7340 srcPort>34721 dst>fd10:62:100::2/25140 
16:39:12.665474 CONNECT flow>7348 srcPort>45035 dst>fd10:62:100::2/25148 
16:39:12.679486 SHUTDOWN flow>7044 srcPort>39433 dst>fd10:62:100::2/24844 
16:39:12.682067 ON flow>7356 srcPort>39285 dst>fd10:62:100::2/25156 
16:39:12.753206 SHUTDOWN flow>7036 srcPort>43851 dst>fd10:62:100::2/24836 
16:39:12.776278 CONNECT flow>7356 srcPort>39285 dst>fd10:62:100::2/25156 
16:39:12.776640 ON flow>7364 srcPort>36723 dst>fd10:62:100::2/25164 
16:39:12.794806 SHUTDOWN flow>7052 srcPort>36309 dst>fd10:62:100::2/24852 
16:39:12.802055 OFF flow>6988 srcPort>44249 dst>fd10:62:100::2/24788 
16:39:12.852475 ON flow>7372 srcPort>32977 dst>fd10:62:100::2/25172 
16:39:12.874160 CONNECT flow>7364 srcPort>36723 dst>fd10:62:100::2/25164 
16:39:12.919734 OFF flow>7044 srcPort>39433 dst>fd10:62:100::2/24844 
16:39:12.926610 ON flow>7380 srcPort>32965 dst>fd10:62:100::2/25180 
16:39:12.950326 CONNECT flow>7372 srcPort>32977 dst>fd10:62:100::2/25172 
16:39:12.974367 SHUTDOWN flow>7068 srcPort>41831 dst>fd10:62:100::2/24868 
16:39:12.995734 SHUTDOWN flow>7060 srcPort>36105 dst>fd10:62:100::2/24860 
16:39:13.011262 SHUTDOWN flow>7076 srcPort>44487 dst>fd10:62:100::2/24876 
16:39:13.023224 CONNECT flow>7380 srcPort>32965 dst>fd10:62:100::2/25180 
16:39:13.029954 ON flow>7388 srcPort>45199 dst>fd10:62:100::2/25188 
16:39:13.127452 CONNECT flow>7388 srcPort>45199 dst>fd10:62:100::2/25188 
16:39:13.160844 SHUTDOWN flow>7092 srcPort>35193 dst>fd10:62:100::2/24892 
16:39:13.188354 ON flow>7396 srcPort>44073 dst>fd10:62:100::2/25196 
16:39:13.207579 OFF flow>7076 srcPort>44487 dst>fd10:62:100::2/24876 
16:39:13.285228 CONNECT flow>7396 srcPort>44073 dst>fd10:62:100::2/25196 
16:39:13.349932 OFF flow>7060 srcPort>36105 dst>fd10:62:100::2/24860 
16:39:13.371236 SHUTDOWN flow>7108 srcPort>34959 dst>fd10:62:100::2/24908 
16:39:13.395531 ON flow>7404 srcPort>33667 dst>fd10:62:100::2/25204 
16:39:13.458776 SHUTDOWN flow>7100 srcPort>44623 dst>fd10:62:100::2/24900 
16:39:13.479891 ON flow>7412 srcPort>46741 dst>fd10:62:100::2/25212 
16:39:13.495029 CONNECT flow>7404 srcPort>33667 dst>fd10:62:100::2/25204 
16:39:13.501111 SHUTDOWN flow>7116 srcPort>42573 dst>fd10:62:100::2/24916 
16:39:13.542273 OFF flow>7052 srcPort>36309 dst>fd10:62:100::2/24852 
16:39:13.572426 CONNECT flow>7412 srcPort>46741 dst>fd10:62:100::2/25212 
16:39:13.601318 ON flow>7420 srcPort>39581 dst>fd10:62:100::2/25220 
16:39:13.635147 SHUTDOWN flow>7124 srcPort>40057 dst>fd10:62:100::2/24924 
16:39:13.635894 OFF flow>7108 srcPort>34959 dst>fd10:62:100::2/24908 
16:39:13.641677 ON flow>7428 srcPort>39303 dst>fd10:62:100::2/25228 
16:39:13.663029 SHUTDOWN flow>7084 srcPort>35281 dst>fd10:62:100::2/24884 
16:39:13.679719 ON flow>7436 srcPort>41865 dst>fd10:62:100::2/25236 
16:39:13.694017 CONNECT flow>7420 srcPort>39581 dst>fd10:62:100::2/25220 
16:39:13.725961 OFF flow>7124 srcPort>40057 dst>fd10:62:100::2/24924 
16:39:13.733826 CONNECT flow>7428 srcPort>39303 dst>fd10:62:100::2/25228 
16:39:13.740658 ON flow>7444 srcPort>43827 dst>fd10:62:100::2/25244 
16:39:13.776191 CONNECT flow>7436 srcPort>41865 dst>fd10:62:100::2/25236 
16:39:13.801631 ON flow>7452 srcPort>46281 dst>fd10:62:100::2/25252 
16:39:13.816399 OFF flow>7092 srcPort>35193 dst>fd10:62:100::2/24892 
16:39:13.825193 SHUTDOWN flow>7132 srcPort>43217 dst>fd10:62:100::2/24932 
16:39:13.836808 CONNECT flow>7444 srcPort>43827 dst>fd10:62:100::2/25244 
16:39:13.883046 ON flow>7460 srcPort>36603 dst>fd10:62:100::2/25260 
16:39:13.897762 CONNECT flow>7452 srcPort>46281 dst>fd10:62:100::2/25252 
16:39:13.915394 OFF flow>7036 srcPort>43851 dst>fd10:62:100::2/24836 
16:39:13.967716 OFF flow>7068 srcPort>41831 dst>fd10:62:100::2/24868 
16:39:13.978593 CONNECT flow>7460 srcPort>36603 dst>fd10:62:100::2/25260 
16:39:14.060986 ON flow>7468 srcPort>41941 dst>fd10:62:100::2/25268 
16:39:14.092258 SHUTDOWN flow>7140 srcPort>40097 dst>fd10:62:100::2/24940 
16:39:14.105275 SHUTDOWN flow>7148 srcPort>37137 dst>fd10:62:100::2/24948 
16:39:14.133174 OFF flow>7100 srcPort>44623 dst>fd10:62:100::2/24900 
16:39:14.158351 CONNECT flow>7468 srcPort>41941 dst>fd10:62:100::2/25268 
16:39:14.241788 ON flow>7476 srcPort>33971 dst>fd10:62:100::2/25276 
16:39:14.295777 OFF flow>7132 srcPort>43217 dst>fd10:62:100::2/24932 
16:39:14.317174 OFF flow>7116 srcPort>42573 dst>fd10:62:100::2/24916 
16:39:14.341493 CONNECT flow>7476 srcPort>33971 dst>fd10:62:100::2/25276 
16:39:14.367448 SHUTDOWN flow>7164 srcPort>46661 dst>fd10:62:100::2/24964 
16:39:14.459601 ON flow>7484 srcPort>33491 dst>fd10:62:100::2/25284 
16:39:14.509819 SHUTDOWN flow>7172 srcPort>36585 dst>fd10:62:100::2/24972 
16:39:14.553696 CONNECT flow>7484 srcPort>33491 dst>fd10:62:100::2/25284 
16:39:14.570520 OFF flow>7084 srcPort>35281 dst>fd10:62:100::2/24884 
16:39:14.608021 ON flow>7492 srcPort>36483 dst>fd10:62:100::2/25292 
16:39:14.670350 SHUTDOWN flow>7196 srcPort>36779 dst>fd10:62:100::2/24996 
16:39:14.678223 OFF flow>7148 srcPort>37137 dst>fd10:62:100::2/24948 
16:39:14.678625 SHUTDOWN flow>7156 srcPort>39469 dst>fd10:62:100::2/24956 
16:39:14.706571 CONNECT flow>7492 srcPort>36483 dst>fd10:62:100::2/25292 
16:39:14.747806 ON flow>7500 srcPort>39901 dst>fd10:62:100::2/25300 
16:39:14.840645 ON flow>7508 srcPort>37843 dst>fd10:62:100::2/25308 
16:39:14.842925 SHUTDOWN flow>7188 srcPort>33071 dst>fd10:62:100::2/24988 
16:39:14.843258 CONNECT flow>7500 srcPort>39901 dst>fd10:62:100::2/25300 
16:39:14.848247 OFF flow>7140 srcPort>40097 dst>fd10:62:100::2/24940 
16:39:14.898460 ON flow>7516 srcPort>40905 dst>fd10:62:100::2/25316 
16:39:14.938849 CONNECT flow>7508 srcPort>37843 dst>fd10:62:100::2/25308 
16:39:14.999558 CONNECT flow>7516 srcPort>40905 dst>fd10:62:100::2/25316 
16:39:15.009716 OFF flow>7164 srcPort>46661 dst>fd10:62:100::2/24964 
16:39:15.030972 ON flow>7524 srcPort>40269 dst>fd10:62:100::2/25324 
16:39:15.128061 CONNECT flow>7524 srcPort>40269 dst>fd10:62:100::2/25324 
16:39:15.150770 ON flow>7532 srcPort>44779 dst>fd10:62:100::2/25332 
16:39:15.229274 SHUTDOWN flow>7212 srcPort>40355 dst>fd10:62:100::2/25012 
16:39:15.250677 CONNECT flow>7532 srcPort>44779 dst>fd10:62:100::2/25332 
16:39:15.252699 SHUTDOWN flow>7228 srcPort>44299 dst>fd10:62:100::2/25028 
16:39:15.256354 ON flow>7540 srcPort>40357 dst>fd10:62:100::2/25340 
16:39:15.263017 SHUTDOWN flow>7180 srcPort>38243 dst>fd10:62:100::2/24980 
16:39:15.341128 SHUTDOWN flow>7220 srcPort>34961 dst>fd10:62:100::2/25020 
16:39:15.356420 CONNECT flow>7540 srcPort>40357 dst>fd10:62:100::2/25340 
16:39:15.382166 SHUTDOWN flow>7236 srcPort>36465 dst>fd10:62:100::2/25036 
16:39:15.447693 SHUTDOWN flow>7204 srcPort>41029 dst>fd10:62:100::2/25004 
16:39:15.483879 ON flow>7548 srcPort>36573 dst>fd10:62:100::2/25348 
16:39:15.528436 OFF flow>7236 srcPort>36465 dst>fd10:62:100::2/25036 
16:39:15.540924 OFF flow>7188 srcPort>33071 dst>fd10:62:100::2/24988 
16:39:15.576996 ON flow>7556 srcPort>34857 dst>fd10:62:100::2/25356 
16:39:15.581324 CONNECT flow>7548 srcPort>36573 dst>fd10:62:100::2/25348 
16:39:15.598015 SHUTDOWN flow>7252 srcPort>46857 dst>fd10:62:100::2/25052 
16:39:15.648348 OFF flow>7172 srcPort>36585 dst>fd10:62:100::2/24972 
16:39:15.676075 CONNECT flow>7556 srcPort>34857 dst>fd10:62:100::2/25356 
16:39:15.767179 ON flow>7564 srcPort>45069 dst>fd10:62:100::2/25364 
16:39:15.775335 OFF flow>7252 srcPort>46857 dst>fd10:62:100::2/25052 
16:39:15.804842 SHUTDOWN flow>7260 srcPort>37793 dst>fd10:62:100::2/25060 
16:39:15.821918 OFF flow>7212 srcPort>40355 dst>fd10:62:100::2/25012 
16:39:15.861209 CONNECT flow>7564 srcPort>45069 dst>fd10:62:100::2/25364 
16:39:15.892401 ON flow>7572 srcPort>43675 dst>fd10:62:100::2/25372 
16:39:15.991228 CONNECT flow>7572 srcPort>43675 dst>fd10:62:100::2/25372 
16:39:15.992449 ON flow>7580 srcPort>46417 dst>fd10:62:100::2/25380 
16:39:16.006645 SHUTDOWN flow>7276 srcPort>42015 dst>fd10:62:100::2/25076 
16:39:16.089200 CONNECT flow>7580 srcPort>46417 dst>fd10:62:100::2/25380 
16:39:16.117090 SHUTDOWN flow>7284 srcPort>44559 dst>fd10:62:100::2/25084 
16:39:16.172510 OFF flow>7260 srcPort>37793 dst>fd10:62:100::2/25060 
16:39:16.176060 ON flow>7588 srcPort>41651 dst>fd10:62:100::2/25388 
16:39:16.184855 SHUTDOWN flow>7268 srcPort>44809 dst>fd10:62:100::2/25068 
16:39:16.228564 ON flow>7596 srcPort>33949 dst>fd10:62:100::2/25396 
16:39:16.272973 CONNECT flow>7588 srcPort>41651 dst>fd10:62:100::2/25388 
16:39:16.276381 SHUTDOWN flow>7300 srcPort>33023 dst>fd10:62:100::2/25100 
16:39:16.279954 ON flow>7604 srcPort>40383 dst>fd10:62:100::2/25404 
16:39:16.318126 ON flow>7612 srcPort>34895 dst>fd10:62:100::2/25412 
16:39:16.327427 CONNECT flow>7596 srcPort>33949 dst>fd10:62:100::2/25396 
16:39:16.363617 OFF flow>7284 srcPort>44559 dst>fd10:62:100::2/25084 
16:39:16.372191 OFF flow>7300 srcPort>33023 dst>fd10:62:100::2/25100 
16:39:16.373021 ON flow>7620 srcPort>46567 dst>fd10:62:100::2/25420 
16:39:16.374507 SHUTDOWN flow>7308 srcPort>41193 dst>fd10:62:100::2/25108 
16:39:16.378463 CONNECT flow>7604 srcPort>40383 dst>fd10:62:100::2/25404 
16:39:16.400889 SHUTDOWN flow>7292 srcPort>41309 dst>fd10:62:100::2/25092 
16:39:16.416286 CONNECT flow>7612 srcPort>34895 dst>fd10:62:100::2/25412 
16:39:16.434567 ON flow>7628 srcPort>41675 dst>fd10:62:100::2/25428 
16:39:16.470474 CONNECT flow>7620 srcPort>46567 dst>fd10:62:100::2/25420 
16:39:16.484732 ON flow>7636 srcPort>38555 dst>fd10:62:100::2/25436 
16:39:16.521076 ON flow>7644 srcPort>40919 dst>fd10:62:100::2/25444 
16:39:16.534098 CONNECT flow>7628 srcPort>41675 dst>fd10:62:100::2/25428 
16:39:16.579064 CONNECT flow>7636 srcPort>38555 dst>fd10:62:100::2/25436 
16:39:16.605972 ON flow>7652 srcPort>40745 dst>fd10:62:100::2/25452 
16:39:16.617896 CONNECT flow>7644 srcPort>40919 dst>fd10:62:100::2/25444 
16:39:16.620946 SHUTDOWN flow>7316 srcPort>33527 dst>fd10:62:100::2/25116 
16:39:16.701833 OFF flow>7276 srcPort>42015 dst>fd10:62:100::2/25076 
16:39:16.705346 CONNECT flow>7652 srcPort>40745 dst>fd10:62:100::2/25452 
16:39:16.816865 OFF flow>7204 srcPort>41029 dst>fd10:62:100::2/25004 
16:39:16.852214 ON flow>7660 srcPort>35471 dst>fd10:62:100::2/25460 
16:39:16.922014 OFF flow>7308 srcPort>41193 dst>fd10:62:100::2/25108 
16:39:16.928689 SHUTDOWN flow>7244 srcPort>43481 dst>fd10:62:100::2/25044 
16:39:16.948770 CONNECT flow>7660 srcPort>35471 dst>fd10:62:100::2/25460 
16:39:17.042260 SHUTDOWN flow>7324 srcPort>46687 dst>fd10:62:100::2/25124 
16:39:17.051067 ON flow>7668 srcPort>40513 dst>fd10:62:100::2/25468 
16:39:17.151745 CONNECT flow>7668 srcPort>40513 dst>fd10:62:100::2/25468 
16:39:17.189922 OFF flow>7196 srcPort>36779 dst>fd10:62:100::2/24996 
16:39:17.232511 ON flow>7676 srcPort>43641 dst>fd10:62:100::2/25476 
16:39:17.250875 SHUTDOWN flow>7332 srcPort>39599 dst>fd10:62:100::2/25132 
16:39:17.292932 OFF flow>7292 srcPort>41309 dst>fd10:62:100::2/25092 
16:39:17.319974 ON flow>7684 srcPort>44713 dst>fd10:62:100::2/25484 
16:39:17.336733 CONNECT flow>7676 srcPort>43641 dst>fd10:62:100::2/25476 
16:39:17.341683 SHUTDOWN flow>7340 srcPort>34721 dst>fd10:62:100::2/25140 
16:39:17.415160 ON flow>7692 srcPort>39917 dst>fd10:62:100::2/25492 
16:39:17.421451 CONNECT flow>7684 srcPort>44713 dst>fd10:62:100::2/25484 
16:39:17.513431 CONNECT flow>7692 srcPort>39917 dst>fd10:62:100::2/25492 
16:39:17.543908 ON flow>7700 srcPort>37587 dst>fd10:62:100::2/25500 
16:39:17.576286 SHUTDOWN flow>7364 srcPort>36723 dst>fd10:62:100::2/25164 
16:39:17.596653 OFF flow>7228 srcPort>44299 dst>fd10:62:100::2/25028 
16:39:17.643724 CONNECT flow>7700 srcPort>37587 dst>fd10:62:100::2/25500 
16:39:17.651546 ON flow>7708 srcPort>37729 dst>fd10:62:100::2/25508 
16:39:17.652465 SHUTDOWN flow>7372 srcPort>32977 dst>fd10:62:100::2/25172 
16:39:17.677997 SHUTDOWN flow>7356 srcPort>39285 dst>fd10:62:100::2/25156 
16:39:17.726861 SHUTDOWN flow>7380 srcPort>32965 dst>fd10:62:100::2/25180 
16:39:17.747981 ON flow>7716 srcPort>46663 dst>fd10:62:100::2/25516 
16:39:17.755175 CONNECT flow>7708 srcPort>37729 dst>fd10:62:100::2/25508 
16:39:17.772558 SHUTDOWN flow>7348 srcPort>45035 dst>fd10:62:100::2/25148 
16:39:17.820435 OFF flow>7220 srcPort>34961 dst>fd10:62:100::2/25020 
16:39:17.851477 CONNECT flow>7716 srcPort>46663 dst>fd10:62:100::2/25516 
16:39:17.863260 OFF flow>7316 srcPort>33527 dst>fd10:62:100::2/25116 
16:39:17.899607 OFF flow>7364 srcPort>36723 dst>fd10:62:100::2/25164 
16:39:17.931977 OFF flow>7156 srcPort>39469 dst>fd10:62:100::2/24956 
16:39:17.958186 ON flow>7724 srcPort>43903 dst>fd10:62:100::2/25524 
16:39:18.061569 CONNECT flow>7724 srcPort>43903 dst>fd10:62:100::2/25524 
16:39:18.142159 ON flow>7732 srcPort>38317 dst>fd10:62:100::2/25532 
16:39:18.245186 CONNECT flow>7732 srcPort>38317 dst>fd10:62:100::2/25532 
16:39:18.295076 ON flow>7740 srcPort>33451 dst>fd10:62:100::2/25540 
16:39:18.303750 OFF flow>7356 srcPort>39285 dst>fd10:62:100::2/25156 
16:39:18.341790 ON flow>7748 srcPort>44607 dst>fd10:62:100::2/25548 
16:39:18.370626 SHUTDOWN flow>7396 srcPort>44073 dst>fd10:62:100::2/25196 
16:39:18.399410 OFF flow>7268 srcPort>44809 dst>fd10:62:100::2/25068 
16:39:18.400112 CONNECT flow>7740 srcPort>33451 dst>fd10:62:100::2/25540 
16:39:18.401081 SHUTDOWN flow>7420 srcPort>39581 dst>fd10:62:100::2/25220 
16:39:18.445512 CONNECT flow>7748 srcPort>44607 dst>fd10:62:100::2/25548 
16:39:18.446758 ON flow>7756 srcPort>33381 dst>fd10:62:100::2/25556 
16:39:18.487581 OFF flow>7380 srcPort>32965 dst>fd10:62:100::2/25180 
16:39:18.496371 OFF flow>7348 srcPort>45035 dst>fd10:62:100::2/25148 
16:39:18.504546 ON flow>7764 srcPort>43575 dst>fd10:62:100::2/25564 
16:39:18.545552 CONNECT flow>7756 srcPort>33381 dst>fd10:62:100::2/25556 
16:39:18.605506 CONNECT flow>7764 srcPort>43575 dst>fd10:62:100::2/25564 
16:39:18.624487 OFF flow>7340 srcPort>34721 dst>fd10:62:100::2/25140 
16:39:18.630055 ON flow>7772 srcPort>42583 dst>fd10:62:100::2/25572 
16:39:18.650975 SHUTDOWN flow>7436 srcPort>41865 dst>fd10:62:100::2/25236 
16:39:18.682916 SHUTDOWN flow>7460 srcPort>36603 dst>fd10:62:100::2/25260 
16:39:18.701352 ON flow>7780 srcPort>33951 dst>fd10:62:100::2/25580 
16:39:18.722897 SHUTDOWN flow>7452 srcPort>46281 dst>fd10:62:100::2/25252 
16:39:18.730653 CONNECT flow>7772 srcPort>42583 dst>fd10:62:100::2/25572 
16:39:18.784729 OFF flow>7460 srcPort>36603 dst>fd10:62:100::2/25260 
16:39:18.802047 CONNECT flow>7780 srcPort>33951 dst>fd10:62:100::2/25580 
16:39:18.807088 ON flow>7788 srcPort>38881 dst>fd10:62:100::2/25588 
16:39:18.809960 SHUTDOWN flow>7444 srcPort>43827 dst>fd10:62:100::2/25244 
16:39:18.815915 OFF flow>7332 srcPort>39599 dst>fd10:62:100::2/25132 
16:39:18.825127 SHUTDOWN flow>7428 srcPort>39303 dst>fd10:62:100::2/25228 
16:39:18.833202 SHUTDOWN flow>7412 srcPort>46741 dst>fd10:62:100::2/25212 
16:39:18.872776 SHUTDOWN flow>7404 srcPort>33667 dst>fd10:62:100::2/25204 
16:39:18.907124 CONNECT flow>7788 srcPort>38881 dst>fd10:62:100::2/25588 
16:39:18.924610 OFF flow>7180 srcPort>38243 dst>fd10:62:100::2/24980 
16:39:18.936881 SHUTDOWN flow>7468 srcPort>41941 dst>fd10:62:100::2/25268 
16:39:18.992082 ON flow>7796 srcPort>36587 dst>fd10:62:100::2/25596 
16:39:19.093448 CONNECT flow>7796 srcPort>36587 dst>fd10:62:100::2/25596 
16:39:19.114737 ON flow>7804 srcPort>44167 dst>fd10:62:100::2/25604 
16:39:19.198843 ON flow>7812 srcPort>38287 dst>fd10:62:100::2/25612 
16:39:19.214923 CONNECT flow>7804 srcPort>44167 dst>fd10:62:100::2/25604 
16:39:19.274945 SHUTDOWN flow>7476 srcPort>33971 dst>fd10:62:100::2/25276 
16:39:19.275609 ON flow>7820 srcPort>38539 dst>fd10:62:100::2/25620 
16:39:19.296202 CONNECT flow>7812 srcPort>38287 dst>fd10:62:100::2/25612 
16:39:19.370429 OFF flow>7468 srcPort>41941 dst>fd10:62:100::2/25268 
16:39:19.377037 CONNECT flow>7820 srcPort>38539 dst>fd10:62:100::2/25620 
16:39:19.386563 OFF flow>7372 srcPort>32977 dst>fd10:62:100::2/25172 
16:39:19.406552 OFF flow>7324 srcPort>46687 dst>fd10:62:100::2/25124 
16:39:19.427523 ON flow>7828 srcPort>42349 dst>fd10:62:100::2/25628 
16:39:19.471470 OFF flow>7436 srcPort>41865 dst>fd10:62:100::2/25236 
16:39:19.529027 CONNECT flow>7828 srcPort>42349 dst>fd10:62:100::2/25628 
16:39:19.558537 ON flow>7836 srcPort>37491 dst>fd10:62:100::2/25636 
16:39:19.640204 SHUTDOWN flow>7508 srcPort>37843 dst>fd10:62:100::2/25308 
16:39:19.657808 CONNECT flow>7836 srcPort>37491 dst>fd10:62:100::2/25636 
16:39:19.661271 OFF flow>7444 srcPort>43827 dst>fd10:62:100::2/25244 
16:39:19.751172 OFF flow>7428 srcPort>39303 dst>fd10:62:100::2/25228 
16:39:19.753953 ON flow>7844 srcPort>40011 dst>fd10:62:100::2/25644 
16:39:19.754541 SHUTDOWN flow>7492 srcPort>36483 dst>fd10:62:100::2/25292 
16:39:19.786206 OFF flow>7412 srcPort>46741 dst>fd10:62:100::2/25212 
16:39:19.835464 ON flow>7852 srcPort>46715 dst>fd10:62:100::2/25652 
16:39:19.855945 CONNECT flow>7844 srcPort>40011 dst>fd10:62:100::2/25644 
16:39:19.887765 OFF flow>7396 srcPort>44073 dst>fd10:62:100::2/25196 
16:39:19.930097 CONNECT flow>7852 srcPort>46715 dst>fd10:62:100::2/25652 
16:39:19.945758 ON flow>7860 srcPort>34759 dst>fd10:62:100::2/25660 
16:39:19.948082 OFF flow>7476 srcPort>33971 dst>fd10:62:100::2/25276 
16:39:20.052561 CONNECT flow>7860 srcPort>34759 dst>fd10:62:100::2/25660 
16:39:20.054426 SHUTDOWN flow>7500 srcPort>39901 dst>fd10:62:100::2/25300 
16:39:20.055869 ON flow>7868 srcPort>44759 dst>fd10:62:100::2/25668 
16:39:20.056064 SHUTDOWN flow>7540 srcPort>40357 dst>fd10:62:100::2/25340 
16:39:20.139905 ON flow>7876 srcPort>36101 dst>fd10:62:100::2/25676 
16:39:20.160907 CONNECT flow>7868 srcPort>44759 dst>fd10:62:100::2/25668 
16:39:20.177681 OFF flow>7540 srcPort>40357 dst>fd10:62:100::2/25340 
16:39:20.251003 CONNECT flow>7876 srcPort>36101 dst>fd10:62:100::2/25676 
16:39:20.283505 SHUTDOWN flow>7548 srcPort>36573 dst>fd10:62:100::2/25348 
16:39:20.306742 ON flow>7884 srcPort>42423 dst>fd10:62:100::2/25684 
16:39:20.315998 OFF flow>7508 srcPort>37843 dst>fd10:62:100::2/25308 
16:39:20.394760 ON flow>7892 srcPort>46847 dst>fd10:62:100::2/25692 
16:39:20.409715 CONNECT flow>7884 srcPort>42423 dst>fd10:62:100::2/25684 
16:39:20.417880 SHUTDOWN flow>7516 srcPort>40905 dst>fd10:62:100::2/25316 
16:39:20.494492 CONNECT flow>7892 srcPort>46847 dst>fd10:62:100::2/25692 
16:39:20.550293 OFF flow>7548 srcPort>36573 dst>fd10:62:100::2/25348 
16:39:20.563782 ON flow>7900 srcPort>33809 dst>fd10:62:100::2/25700 
16:39:20.643403 SHUTDOWN flow>7524 srcPort>40269 dst>fd10:62:100::2/25324 
16:39:20.650601 OFF flow>7420 srcPort>39581 dst>fd10:62:100::2/25220 
16:39:20.666518 CONNECT flow>7900 srcPort>33809 dst>fd10:62:100::2/25700 
16:39:20.667633 OFF flow>7492 srcPort>36483 dst>fd10:62:100::2/25292 
16:39:20.711189 SHUTDOWN flow>7556 srcPort>34857 dst>fd10:62:100::2/25356 
16:39:20.741256 SHUTDOWN flow>7484 srcPort>33491 dst>fd10:62:100::2/25284 
16:39:20.760801 SHUTDOWN flow>7564 srcPort>45069 dst>fd10:62:100::2/25364 
16:39:20.879835 OFF flow>7452 srcPort>46281 dst>fd10:62:100::2/25252 
16:39:20.889245 SHUTDOWN flow>7580 srcPort>46417 dst>fd10:62:100::2/25380 
16:39:20.975778 SHUTDOWN flow>7588 srcPort>41651 dst>fd10:62:100::2/25388 
16:39:20.991015 ON flow>7908 srcPort>35403 dst>fd10:62:100::2/25708 
16:39:21.026701 SHUTDOWN flow>7388 srcPort>45199 dst>fd10:62:100::2/25188 
16:39:21.028659 SHUTDOWN flow>7596 srcPort>33949 dst>fd10:62:100::2/25396 
16:39:21.089029 CONNECT flow>7908 srcPort>35403 dst>fd10:62:100::2/25708 
16:39:21.158898 ON flow>7916 srcPort>42213 dst>fd10:62:100::2/25716 
16:39:21.224941 OFF flow>7500 srcPort>39901 dst>fd10:62:100::2/25300 
16:39:21.245423 SHUTDOWN flow>7620 srcPort>46567 dst>fd10:62:100::2/25420 
16:39:21.251503 CONNECT flow>7916 srcPort>42213 dst>fd10:62:100::2/25716 
16:39:21.263248 SHUTDOWN flow>7612 srcPort>34895 dst>fd10:62:100::2/25412 
16:39:21.294719 ON flow>7924 srcPort>42675 dst>fd10:62:100::2/25724 
16:39:21.356996 SHUTDOWN flow>7628 srcPort>41675 dst>fd10:62:100::2/25428 
16:39:21.365558 ON flow>7932 srcPort>43503 dst>fd10:62:100::2/25732 
16:39:21.389301 CONNECT flow>7924 srcPort>42675 dst>fd10:62:100::2/25724 
16:39:21.432604 SHUTDOWN flow>7604 srcPort>40383 dst>fd10:62:100::2/25404 
16:39:21.462352 CONNECT flow>7932 srcPort>43503 dst>fd10:62:100::2/25732 
16:39:21.521019 ON flow>7940 srcPort>40419 dst>fd10:62:100::2/25740 
16:39:21.538157 SHUTDOWN flow>7572 srcPort>43675 dst>fd10:62:100::2/25372 
16:39:21.610235 ON flow>7948 srcPort>46149 dst>fd10:62:100::2/25748 
16:39:21.618862 CONNECT flow>7940 srcPort>40419 dst>fd10:62:100::2/25740 
16:39:21.651793 SHUTDOWN flow>7660 srcPort>35471 dst>fd10:62:100::2/25460 
16:39:21.693000 SHUTDOWN flow>7636 srcPort>38555 dst>fd10:62:100::2/25436 
16:39:21.701102 ON flow>7956 srcPort>39819 dst>fd10:62:100::2/25756 
16:39:21.710596 CONNECT flow>7948 srcPort>46149 dst>fd10:62:100::2/25748 
16:39:21.755983 OFF flow>7516 srcPort>40905 dst>fd10:62:100::2/25316 
16:39:21.760365 ON flow>7964 srcPort>44529 dst>fd10:62:100::2/25764 
16:39:21.800708 CONNECT flow>7956 srcPort>39819 dst>fd10:62:100::2/25756 
16:39:21.802010 ON flow>7972 srcPort>40315 dst>fd10:62:100::2/25772 
16:39:21.850866 SHUTDOWN flow>7668 srcPort>40513 dst>fd10:62:100::2/25468 
16:39:21.853729 OFF flow>7612 srcPort>34895 dst>fd10:62:100::2/25412 
16:39:21.859803 CONNECT flow>7964 srcPort>44529 dst>fd10:62:100::2/25764 
16:39:21.871433 ON flow>7980 srcPort>37861 dst>fd10:62:100::2/25780 
16:39:21.891359 SHUTDOWN flow>7644 srcPort>40919 dst>fd10:62:100::2/25444 
16:39:21.899823 CONNECT flow>7972 srcPort>40315 dst>fd10:62:100::2/25772 
16:39:21.925322 ON flow>7988 srcPort>39035 dst>fd10:62:100::2/25788 
16:39:21.969859 CONNECT flow>7980 srcPort>37861 dst>fd10:62:100::2/25780 
16:39:22.016711 ON flow>7996 srcPort>34035 dst>fd10:62:100::2/25796 
16:39:22.023708 CONNECT flow>7988 srcPort>39035 dst>fd10:62:100::2/25788 
16:39:22.032170 SHUTDOWN flow>7676 srcPort>43641 dst>fd10:62:100::2/25476 
16:39:22.037447 SHUTDOWN flow>7652 srcPort>40745 dst>fd10:62:100::2/25452 
16:39:22.119697 SHUTDOWN flow>7684 srcPort>44713 dst>fd10:62:100::2/25484 
16:39:22.121620 CONNECT flow>7996 srcPort>34035 dst>fd10:62:100::2/25796 
16:39:22.128269 ON flow>8004 srcPort>36941 dst>fd10:62:100::2/25804 
16:39:22.161032 SHUTDOWN flow>7532 srcPort>44779 dst>fd10:62:100::2/25332 
16:39:22.161192 OFF flow>7404 srcPort>33667 dst>fd10:62:100::2/25204 
16:39:22.191309 OFF flow>7620 srcPort>46567 dst>fd10:62:100::2/25420 
16:39:22.214814 SHUTDOWN flow>7692 srcPort>39917 dst>fd10:62:100::2/25492 
16:39:22.229294 CONNECT flow>8004 srcPort>36941 dst>fd10:62:100::2/25804 
16:39:22.262201 ON flow>8012 srcPort>45611 dst>fd10:62:100::2/25812 
16:39:22.288970 OFF flow>7524 srcPort>40269 dst>fd10:62:100::2/25324 
16:39:22.360215 CONNECT flow>8012 srcPort>45611 dst>fd10:62:100::2/25812 
16:39:22.381038 OFF flow>7244 srcPort>43481 dst>fd10:62:100::2/25044 
16:39:22.397460 ON flow>8020 srcPort>42539 dst>fd10:62:100::2/25820 
16:39:22.411573 OFF flow>7692 srcPort>39917 dst>fd10:62:100::2/25492 
16:39:22.439650 OFF flow>7564 srcPort>45069 dst>fd10:62:100::2/25364 
16:39:22.479621 ON flow>8028 srcPort>37443 dst>fd10:62:100::2/25828 
16:39:22.487077 SHUTDOWN flow>7708 srcPort>37729 dst>fd10:62:100::2/25508 
16:39:22.496482 CONNECT flow>8020 srcPort>42539 dst>fd10:62:100::2/25820 
16:39:22.547820 SHUTDOWN flow>7716 srcPort>46663 dst>fd10:62:100::2/25516 
16:39:22.579466 CONNECT flow>8028 srcPort>37443 dst>fd10:62:100::2/25828 
16:39:22.585546 ON flow>8036 srcPort>41869 dst>fd10:62:100::2/25836 
16:39:22.599396 OFF flow>7668 srcPort>40513 dst>fd10:62:100::2/25468 
16:39:22.618386 ON flow>8044 srcPort>38655 dst>fd10:62:100::2/25844 
16:39:22.635243 OFF flow>7684 srcPort>44713 dst>fd10:62:100::2/25484 
16:39:22.685007 CONNECT flow>8036 srcPort>41869 dst>fd10:62:100::2/25836 
16:39:22.703169 OFF flow>7556 srcPort>34857 dst>fd10:62:100::2/25356 
16:39:22.705899 ON flow>8052 srcPort>43967 dst>fd10:62:100::2/25852 
16:39:22.717327 CONNECT flow>8044 srcPort>38655 dst>fd10:62:100::2/25844 
16:39:22.806732 CONNECT flow>8052 srcPort>43967 dst>fd10:62:100::2/25852 
16:39:22.821587 SHUTDOWN flow>7724 srcPort>43903 dst>fd10:62:100::2/25524 
16:39:22.839386 ON flow>8060 srcPort>41719 dst>fd10:62:100::2/25860 
16:39:22.881958 SHUTDOWN flow>7700 srcPort>37587 dst>fd10:62:100::2/25500 
16:39:22.941412 CONNECT flow>8060 srcPort>41719 dst>fd10:62:100::2/25860 
16:39:22.948586 ON flow>8068 srcPort>44917 dst>fd10:62:100::2/25868 
16:39:23.007905 OFF flow>7580 srcPort>46417 dst>fd10:62:100::2/25380 
16:39:23.051187 CONNECT flow>8068 srcPort>44917 dst>fd10:62:100::2/25868 
16:39:23.072023 ON flow>8076 srcPort>33459 dst>fd10:62:100::2/25876 
16:39:23.094913 SHUTDOWN flow>7740 srcPort>33451 dst>fd10:62:100::2/25540 
16:39:23.152839 OFF flow>7652 srcPort>40745 dst>fd10:62:100::2/25452 
16:39:23.167560 CONNECT flow>8076 srcPort>33459 dst>fd10:62:100::2/25876 
16:39:23.189908 OFF flow>7740 srcPort>33451 dst>fd10:62:100::2/25540 
16:39:23.194440 SHUTDOWN flow>7732 srcPort>38317 dst>fd10:62:100::2/25532 
16:39:23.202067 SHUTDOWN flow>7748 srcPort>44607 dst>fd10:62:100::2/25548 
16:39:23.214642 OFF flow>7724 srcPort>43903 dst>fd10:62:100::2/25524 
16:39:23.265260 ON flow>8084 srcPort>43257 dst>fd10:62:100::2/25884 
16:39:23.279314 OFF flow>7708 srcPort>37729 dst>fd10:62:100::2/25508 
16:39:23.327000 OFF flow>7532 srcPort>44779 dst>fd10:62:100::2/25332 
16:39:23.366625 CONNECT flow>8084 srcPort>43257 dst>fd10:62:100::2/25884 
16:39:23.374006 OFF flow>7604 srcPort>40383 dst>fd10:62:100::2/25404 
16:39:23.386646 OFF flow>7484 srcPort>33491 dst>fd10:62:100::2/25284 
16:39:23.386799 OFF flow>7628 srcPort>41675 dst>fd10:62:100::2/25428 
16:39:23.429897 SHUTDOWN flow>7772 srcPort>42583 dst>fd10:62:100::2/25572 
16:39:23.435536 SHUTDOWN flow>7764 srcPort>43575 dst>fd10:62:100::2/25564 
16:39:23.451876 ON flow>8092 srcPort>36803 dst>fd10:62:100::2/25892 
16:39:23.471107 OFF flow>7572 srcPort>43675 dst>fd10:62:100::2/25372 
16:39:23.484620 OFF flow>7636 srcPort>38555 dst>fd10:62:100::2/25436 
16:39:23.548189 CONNECT flow>8092 srcPort>36803 dst>fd10:62:100::2/25892 
16:39:23.572524 ON flow>8100 srcPort>40685 dst>fd10:62:100::2/25900 
16:39:23.625527 SHUTDOWN flow>7788 srcPort>38881 dst>fd10:62:100::2/25588 
16:39:23.634588 SHUTDOWN flow>7780 srcPort>33951 dst>fd10:62:100::2/25580 
16:39:23.637434 ON flow>8108 srcPort>44921 dst>fd10:62:100::2/25908 
16:39:23.672231 CONNECT flow>8100 srcPort>40685 dst>fd10:62:100::2/25900 
16:39:23.706340 ON flow>8116 srcPort>45115 dst>fd10:62:100::2/25916 
16:39:23.738403 CONNECT flow>8108 srcPort>44921 dst>fd10:62:100::2/25908 
16:39:23.773006 ON flow>8124 srcPort>33167 dst>fd10:62:100::2/25924 
16:39:23.791942 SHUTDOWN flow>7796 srcPort>36587 dst>fd10:62:100::2/25596 
16:39:23.804747 CONNECT flow>8116 srcPort>45115 dst>fd10:62:100::2/25916 
16:39:23.854660 OFF flow>7764 srcPort>43575 dst>fd10:62:100::2/25564 
16:39:23.862563 ON flow>8132 srcPort>35261 dst>fd10:62:100::2/25932 
16:39:23.870659 CONNECT flow>8124 srcPort>33167 dst>fd10:62:100::2/25924 
16:39:23.870965 OFF flow>7700 srcPort>37587 dst>fd10:62:100::2/25500 
16:39:23.896237 OFF flow>7588 srcPort>41651 dst>fd10:62:100::2/25388 
16:39:23.942856 OFF flow>7796 srcPort>36587 dst>fd10:62:100::2/25596 
16:39:23.955750 CONNECT flow>8132 srcPort>35261 dst>fd10:62:100::2/25932 
16:39:23.983329 SHUTDOWN flow>7756 srcPort>33381 dst>fd10:62:100::2/25556 
16:39:24.000512 ON flow>8140 srcPort>38099 dst>fd10:62:100::2/25940 
16:39:24.029467 SHUTDOWN flow>7812 srcPort>38287 dst>fd10:62:100::2/25612 
16:39:24.030096 OFF flow>7596 srcPort>33949 dst>fd10:62:100::2/25396 
16:39:24.102350 CONNECT flow>8140 srcPort>38099 dst>fd10:62:100::2/25940 
16:39:24.226550 SHUTDOWN flow>7828 srcPort>42349 dst>fd10:62:100::2/25628 
16:39:24.227233 OFF flow>7788 srcPort>38881 dst>fd10:62:100::2/25588 
16:39:24.241069 SHUTDOWN flow>7804 srcPort>44167 dst>fd10:62:100::2/25604 
16:39:24.285487 ON flow>8148 srcPort>33281 dst>fd10:62:100::2/25948 
16:39:24.358392 SHUTDOWN flow>7836 srcPort>37491 dst>fd10:62:100::2/25636 
16:39:24.362533 ON flow>8156 srcPort>44987 dst>fd10:62:100::2/25956 
16:39:24.386007 CONNECT flow>8148 srcPort>33281 dst>fd10:62:100::2/25948 
16:39:24.460332 CONNECT flow>8156 srcPort>44987 dst>fd10:62:100::2/25956 
16:39:24.568846 ON flow>8164 srcPort>34541 dst>fd10:62:100::2/25964 
16:39:24.661476 OFF flow>7644 srcPort>40919 dst>fd10:62:100::2/25444 
16:39:24.664187 ON flow>8172 srcPort>41077 dst>fd10:62:100::2/25972 
16:39:24.664834 SHUTDOWN flow>7820 srcPort>38539 dst>fd10:62:100::2/25620 
16:39:24.667811 CONNECT flow>8164 srcPort>34541 dst>fd10:62:100::2/25964 
16:39:24.721983 ON flow>8180 srcPort>36859 dst>fd10:62:100::2/25980 
16:39:24.745511 SHUTDOWN flow>7860 srcPort>34759 dst>fd10:62:100::2/25660 
16:39:24.749871 SHUTDOWN flow>7852 srcPort>46715 dst>fd10:62:100::2/25652 
16:39:24.762428 CONNECT flow>8172 srcPort>41077 dst>fd10:62:100::2/25972 
16:39:24.770079 OFF flow>7660 srcPort>35471 dst>fd10:62:100::2/25460 
16:39:24.781225 OFF flow>7748 srcPort>44607 dst>fd10:62:100::2/25548 
16:39:24.807437 ON flow>8188 srcPort>44335 dst>fd10:62:100::2/25988 
16:39:24.819268 CONNECT flow>8180 srcPort>36859 dst>fd10:62:100::2/25980 
16:39:24.821838 SHUTDOWN flow>7844 srcPort>40011 dst>fd10:62:100::2/25644 
16:39:24.907799 CONNECT flow>8188 srcPort>44335 dst>fd10:62:100::2/25988 
16:39:24.910476 ON flow>8196 srcPort>38529 dst>fd10:62:100::2/25996 
16:39:24.912213 OFF flow>7772 srcPort>42583 dst>fd10:62:100::2/25572 
16:39:24.958978 ON flow>8204 srcPort>39289 dst>fd10:62:100::2/26004 
16:39:25.005634 ON flow>8212 srcPort>46491 dst>fd10:62:100::2/26012 
16:39:25.009835 CONNECT flow>8196 srcPort>38529 dst>fd10:62:100::2/25996 
16:39:25.042212 OFF flow>7780 srcPort>33951 dst>fd10:62:100::2/25580 
16:39:25.060565 CONNECT flow>8204 srcPort>39289 dst>fd10:62:100::2/26004 
16:39:25.082642 SHUTDOWN flow>7876 srcPort>36101 dst>fd10:62:100::2/25676 
16:39:25.106528 SHUTDOWN flow>7884 srcPort>42423 dst>fd10:62:100::2/25684 
16:39:25.106601 CONNECT flow>8212 srcPort>46491 dst>fd10:62:100::2/26012 
16:39:25.177102 ON flow>8220 srcPort>36393 dst>fd10:62:100::2/26020 
16:39:25.232542 OFF flow>7388 srcPort>45199 dst>fd10:62:100::2/25188 
16:39:25.277794 CONNECT flow>8220 srcPort>36393 dst>fd10:62:100::2/26020 
16:39:25.351058 OFF flow>7884 srcPort>42423 dst>fd10:62:100::2/25684 
16:39:25.357823 SHUTDOWN flow>7892 srcPort>46847 dst>fd10:62:100::2/25692 
16:39:25.359262 ON flow>8228 srcPort>32777 dst>fd10:62:100::2/26028 
16:39:25.361330 OFF flow>7852 srcPort>46715 dst>fd10:62:100::2/25652 
16:39:25.408153 SHUTDOWN flow>7868 srcPort>44759 dst>fd10:62:100::2/25668 
16:39:25.461316 CONNECT flow>8228 srcPort>32777 dst>fd10:62:100::2/26028 
16:39:25.483985 OFF flow>7676 srcPort>43641 dst>fd10:62:100::2/25476 
16:39:25.521350 OFF flow>7732 srcPort>38317 dst>fd10:62:100::2/25532 
16:39:25.528892 ON flow>8236 srcPort>39675 dst>fd10:62:100::2/26036 
16:39:25.540448 OFF flow>7804 srcPort>44167 dst>fd10:62:100::2/25604 
16:39:25.627818 CONNECT flow>8236 srcPort>39675 dst>fd10:62:100::2/26036 
16:39:25.651147 ON flow>8244 srcPort>46113 dst>fd10:62:100::2/26044 
16:39:25.685041 OFF flow>7836 srcPort>37491 dst>fd10:62:100::2/25636 
16:39:25.751942 CONNECT flow>8244 srcPort>46113 dst>fd10:62:100::2/26044 
16:39:25.757343 OFF flow>7892 srcPort>46847 dst>fd10:62:100::2/25692 
16:39:25.776818 OFF flow>7860 srcPort>34759 dst>fd10:62:100::2/25660 
16:39:25.789994 OFF flow>7844 srcPort>40011 dst>fd10:62:100::2/25644 
16:39:25.817103 OFF flow>7756 srcPort>33381 dst>fd10:62:100::2/25556 
16:39:25.857822 OFF flow>7820 srcPort>38539 dst>fd10:62:100::2/25620 
16:39:25.917256 SHUTDOWN flow>7900 srcPort>33809 dst>fd10:62:100::2/25700 
16:39:25.955884 ON flow>8252 srcPort>45771 dst>fd10:62:100::2/26052 
16:39:25.978573 OFF flow>7716 srcPort>46663 dst>fd10:62:100::2/25516 
16:39:26.056132 CONNECT flow>8252 srcPort>45771 dst>fd10:62:100::2/26052 
16:39:26.087254 ON flow>8260 srcPort>38277 dst>fd10:62:100::2/26060 
16:39:26.094360 SHUTDOWN flow>7924 srcPort>42675 dst>fd10:62:100::2/25724 
16:39:26.098008 OFF flow>7876 srcPort>36101 dst>fd10:62:100::2/25676 
16:39:26.141867 ON flow>8268 srcPort>39735 dst>fd10:62:100::2/26068 
16:39:26.165639 SHUTDOWN flow>7932 srcPort>43503 dst>fd10:62:100::2/25732 
16:39:26.185210 CONNECT flow>8260 srcPort>38277 dst>fd10:62:100::2/26060 
16:39:26.199044 OFF flow>7812 srcPort>38287 dst>fd10:62:100::2/25612 
16:39:26.220624 ON flow>8276 srcPort>46653 dst>fd10:62:100::2/26076 
16:39:26.235960 CONNECT flow>8268 srcPort>39735 dst>fd10:62:100::2/26068 
16:39:26.243527 SHUTDOWN flow>7908 srcPort>35403 dst>fd10:62:100::2/25708 
16:39:26.307213 ON flow>8284 srcPort>35289 dst>fd10:62:100::2/26084 
16:39:26.317051 CONNECT flow>8276 srcPort>46653 dst>fd10:62:100::2/26076 
16:39:26.393690 ON flow>8292 srcPort>34053 dst>fd10:62:100::2/26092 
16:39:26.400538 CONNECT flow>8284 srcPort>35289 dst>fd10:62:100::2/26084 
16:39:26.409995 SHUTDOWN flow>7948 srcPort>46149 dst>fd10:62:100::2/25748 
16:39:26.494832 CONNECT flow>8292 srcPort>34053 dst>fd10:62:100::2/26092 
16:39:26.498413 SHUTDOWN flow>7916 srcPort>42213 dst>fd10:62:100::2/25716 
16:39:26.522408 ON flow>8300 srcPort>37767 dst>fd10:62:100::2/26100 
16:39:26.560242 SHUTDOWN flow>7964 srcPort>44529 dst>fd10:62:100::2/25764 
16:39:26.622749 CONNECT flow>8300 srcPort>37767 dst>fd10:62:100::2/26100 
16:39:26.630123 ON flow>8308 srcPort>44155 dst>fd10:62:100::2/26108 
16:39:26.730121 CONNECT flow>8308 srcPort>44155 dst>fd10:62:100::2/26108 
16:39:26.744937 ON flow>8316 srcPort>38901 dst>fd10:62:100::2/26116 
16:39:26.846682 CONNECT flow>8316 srcPort>38901 dst>fd10:62:100::2/26116 
16:39:26.855531 SHUTDOWN flow>7956 srcPort>39819 dst>fd10:62:100::2/25756 
16:39:26.873107 ON flow>8324 srcPort>41225 dst>fd10:62:100::2/26124 
16:39:26.928158 SHUTDOWN flow>8004 srcPort>36941 dst>fd10:62:100::2/25804 
16:39:26.946707 SHUTDOWN flow>7972 srcPort>40315 dst>fd10:62:100::2/25772 
16:39:26.956561 SHUTDOWN flow>7940 srcPort>40419 dst>fd10:62:100::2/25740 
16:39:26.972513 CONNECT flow>8324 srcPort>41225 dst>fd10:62:100::2/26124 
16:39:26.979601 SHUTDOWN flow>7996 srcPort>34035 dst>fd10:62:100::2/25796 
16:39:26.983150 ON flow>8332 srcPort>43003 dst>fd10:62:100::2/26132 
16:39:27.058152 ON flow>8340 srcPort>35655 dst>fd10:62:100::2/26140 
16:39:27.072919 SHUTDOWN flow>8012 srcPort>45611 dst>fd10:62:100::2/25812 
16:39:27.081973 CONNECT flow>8332 srcPort>43003 dst>fd10:62:100::2/26132 
16:39:27.157889 CONNECT flow>8340 srcPort>35655 dst>fd10:62:100::2/26140 
16:39:27.159253 ON flow>8348 srcPort>45521 dst>fd10:62:100::2/26148 
16:39:27.168729 OFF flow>7932 srcPort>43503 dst>fd10:62:100::2/25732 
16:39:27.203788 SHUTDOWN flow>7988 srcPort>39035 dst>fd10:62:100::2/25788 
16:39:27.257767 CONNECT flow>8348 srcPort>45521 dst>fd10:62:100::2/26148 
16:39:27.276028 ON flow>8356 srcPort>38531 dst>fd10:62:100::2/26156 
16:39:27.343653 ON flow>8364 srcPort>35359 dst>fd10:62:100::2/26164 
16:39:27.376335 CONNECT flow>8356 srcPort>38531 dst>fd10:62:100::2/26156 
16:39:27.385203 SHUTDOWN flow>8036 srcPort>41869 dst>fd10:62:100::2/25836 
16:39:27.409918 OFF flow>8004 srcPort>36941 dst>fd10:62:100::2/25804 
16:39:27.439355 CONNECT flow>8364 srcPort>35359 dst>fd10:62:100::2/26164 
16:39:27.458207 ON flow>8372 srcPort>42279 dst>fd10:62:100::2/26172 
16:39:27.475119 OFF flow>7996 srcPort>34035 dst>fd10:62:100::2/25796 
16:39:27.513005 OFF flow>8036 srcPort>41869 dst>fd10:62:100::2/25836 
16:39:27.534492 OFF flow>7900 srcPort>33809 dst>fd10:62:100::2/25700 
16:39:27.553404 CONNECT flow>8372 srcPort>42279 dst>fd10:62:100::2/26172 
16:39:27.575897 OFF flow>7868 srcPort>44759 dst>fd10:62:100::2/25668 
16:39:27.610694 ON flow>8380 srcPort>43073 dst>fd10:62:100::2/26180 
16:39:27.639215 SHUTDOWN flow>8060 srcPort>41719 dst>fd10:62:100::2/25860 
16:39:27.707916 CONNECT flow>8380 srcPort>43073 dst>fd10:62:100::2/26180 
16:39:27.719591 SHUTDOWN flow>8044 srcPort>38655 dst>fd10:62:100::2/25844 
16:39:27.721555 ON flow>8388 srcPort>39439 dst>fd10:62:100::2/26188 
16:39:27.725447 OFF flow>7948 srcPort>46149 dst>fd10:62:100::2/25748 
16:39:27.743734 SHUTDOWN flow>8028 srcPort>37443 dst>fd10:62:100::2/25828 
16:39:27.748435 SHUTDOWN flow>8068 srcPort>44917 dst>fd10:62:100::2/25868 
16:39:27.781581 ON flow>8396 srcPort>46535 dst>fd10:62:100::2/26196 
16:39:27.817264 CONNECT flow>8388 srcPort>39439 dst>fd10:62:100::2/26188 
16:39:27.834542 ON flow>8404 srcPort>39223 dst>fd10:62:100::2/26204 
16:39:27.849005 OFF flow>8068 srcPort>44917 dst>fd10:62:100::2/25868 
16:39:27.864853 OFF flow>7908 srcPort>35403 dst>fd10:62:100::2/25708 
16:39:27.871827 SHUTDOWN flow>8076 srcPort>33459 dst>fd10:62:100::2/25876 
16:39:27.876229 CONNECT flow>8396 srcPort>46535 dst>fd10:62:100::2/26196 
16:39:27.884002 ON flow>8412 srcPort>40641 dst>fd10:62:100::2/26212 
16:39:27.907021 SHUTDOWN flow>8052 srcPort>43967 dst>fd10:62:100::2/25852 
16:39:27.932128 CONNECT flow>8404 srcPort>39223 dst>fd10:62:100::2/26204 
16:39:27.941238 ON flow>8420 srcPort>34505 dst>fd10:62:100::2/26220 
16:39:27.967455 OFF flow>7916 srcPort>42213 dst>fd10:62:100::2/25716 
16:39:27.980617 CONNECT flow>8412 srcPort>40641 dst>fd10:62:100::2/26212 
16:39:27.983016 OFF flow>8060 srcPort>41719 dst>fd10:62:100::2/25860 
16:39:28.001810 OFF flow>8076 srcPort>33459 dst>fd10:62:100::2/25876 
16:39:28.028893 ON flow>8428 srcPort>34951 dst>fd10:62:100::2/26228 
16:39:28.038264 CONNECT flow>8420 srcPort>34505 dst>fd10:62:100::2/26220 
16:39:28.045051 SHUTDOWN flow>8020 srcPort>42539 dst>fd10:62:100::2/25820 
16:39:28.090627 ON flow>8436 srcPort>35857 dst>fd10:62:100::2/26236 
16:39:28.107171 OFF flow>7988 srcPort>39035 dst>fd10:62:100::2/25788 
16:39:28.126194 CONNECT flow>8428 srcPort>34951 dst>fd10:62:100::2/26228 
16:39:28.165999 ON flow>8444 srcPort>33171 dst>fd10:62:100::2/26244 
16:39:28.185943 CONNECT flow>8436 srcPort>35857 dst>fd10:62:100::2/26236 
16:39:28.251713 SHUTDOWN flow>8092 srcPort>36803 dst>fd10:62:100::2/25892 
16:39:28.267021 CONNECT flow>8444 srcPort>33171 dst>fd10:62:100::2/26244 
16:39:28.269120 ON flow>8452 srcPort>44285 dst>fd10:62:100::2/26252 
16:39:28.345112 ON flow>8460 srcPort>38609 dst>fd10:62:100::2/26260 
16:39:28.351575 OFF flow>8092 srcPort>36803 dst>fd10:62:100::2/25892 
16:39:28.368747 CONNECT flow>8452 srcPort>44285 dst>fd10:62:100::2/26252 
16:39:28.372441 SHUTDOWN flow>8100 srcPort>40685 dst>fd10:62:100::2/25900 
16:39:28.419771 ON flow>8468 srcPort>37387 dst>fd10:62:100::2/26268 
16:39:28.429449 OFF flow>7972 srcPort>40315 dst>fd10:62:100::2/25772 
16:39:28.444441 CONNECT flow>8460 srcPort>38609 dst>fd10:62:100::2/26260 
16:39:28.501810 ON flow>8476 srcPort>45913 dst>fd10:62:100::2/26276 
16:39:28.520699 CONNECT flow>8468 srcPort>37387 dst>fd10:62:100::2/26268 
16:39:28.527485 SHUTDOWN flow>8084 srcPort>43257 dst>fd10:62:100::2/25884 
16:39:28.572572 SHUTDOWN flow>8124 srcPort>33167 dst>fd10:62:100::2/25924 
16:39:28.600740 CONNECT flow>8476 srcPort>45913 dst>fd10:62:100::2/26276 
16:39:28.672358 OFF flow>8124 srcPort>33167 dst>fd10:62:100::2/25924 
16:39:28.682482 SHUTDOWN flow>8108 srcPort>44921 dst>fd10:62:100::2/25908 
16:39:28.706040 ON flow>8484 srcPort>44929 dst>fd10:62:100::2/26284 
16:39:28.785716 SHUTDOWN flow>8132 srcPort>35261 dst>fd10:62:100::2/25932 
16:39:28.805832 CONNECT flow>8484 srcPort>44929 dst>fd10:62:100::2/26284 
16:39:28.857575 ON flow>8492 srcPort>37261 dst>fd10:62:100::2/26292 
16:39:28.957564 CONNECT flow>8492 srcPort>37261 dst>fd10:62:100::2/26292 
16:39:28.969206 SHUTDOWN flow>8116 srcPort>45115 dst>fd10:62:100::2/25916 
16:39:29.004063 ON flow>8500 srcPort>35885 dst>fd10:62:100::2/26300 
16:39:29.011114 OFF flow>8044 srcPort>38655 dst>fd10:62:100::2/25844 
16:39:29.100343 ON flow>8508 srcPort>45731 dst>fd10:62:100::2/26308 
16:39:29.106598 CONNECT flow>8500 srcPort>35885 dst>fd10:62:100::2/26300 
16:39:29.164057 SHUTDOWN flow>8140 srcPort>38099 dst>fd10:62:100::2/25940 
16:39:29.193065 ON flow>8516 srcPort>39361 dst>fd10:62:100::2/26316 
16:39:29.196857 CONNECT flow>8508 srcPort>45731 dst>fd10:62:100::2/26308 
16:39:29.263111 OFF flow>7940 srcPort>40419 dst>fd10:62:100::2/25740 
16:39:29.285181 CONNECT flow>8516 srcPort>39361 dst>fd10:62:100::2/26316 
16:39:29.285969 SHUTDOWN flow>8148 srcPort>33281 dst>fd10:62:100::2/25948 
16:39:29.330251 ON flow>8524 srcPort>45027 dst>fd10:62:100::2/26324 
16:39:29.406822 ON flow>8532 srcPort>43971 dst>fd10:62:100::2/26332 
16:39:29.433576 CONNECT flow>8524 srcPort>45027 dst>fd10:62:100::2/26324 
16:39:29.506978 CONNECT flow>8532 srcPort>43971 dst>fd10:62:100::2/26332 
16:39:29.530520 OFF flow>7924 srcPort>42675 dst>fd10:62:100::2/25724 
16:39:29.535344 OFF flow>8100 srcPort>40685 dst>fd10:62:100::2/25900 
16:39:29.570375 ON flow>8540 srcPort>38535 dst>fd10:62:100::2/26340 
16:39:29.582173 SHUTDOWN flow>8180 srcPort>36859 dst>fd10:62:100::2/25980 
16:39:29.591236 SHUTDOWN flow>8172 srcPort>41077 dst>fd10:62:100::2/25972 
16:39:29.628884 OFF flow>7964 srcPort>44529 dst>fd10:62:100::2/25764 
16:39:29.665576 CONNECT flow>8540 srcPort>38535 dst>fd10:62:100::2/26340 
16:39:29.711029 SHUTDOWN flow>8196 srcPort>38529 dst>fd10:62:100::2/25996 
16:39:29.754771 OFF flow>8052 srcPort>43967 dst>fd10:62:100::2/25852 
16:39:29.805519 SHUTDOWN flow>8212 srcPort>46491 dst>fd10:62:100::2/26012 
16:39:29.820621 OFF flow>8148 srcPort>33281 dst>fd10:62:100::2/25948 
16:39:29.840778 SHUTDOWN flow>8156 srcPort>44987 dst>fd10:62:100::2/25956 
16:39:29.866449 ON flow>8548 srcPort>37515 dst>fd10:62:100::2/26348 
16:39:29.962257 ON flow>8556 srcPort>42625 dst>fd10:62:100::2/26356 
16:39:29.965881 CONNECT flow>8548 srcPort>37515 dst>fd10:62:100::2/26348 
16:39:29.972797 SHUTDOWN flow>8188 srcPort>44335 dst>fd10:62:100::2/25988 
16:39:30.004959 ON flow>8564 srcPort>32929 dst>fd10:62:100::2/26364 
16:39:30.018549 OFF flow>8140 srcPort>38099 dst>fd10:62:100::2/25940 
16:39:30.057005 CONNECT flow>8556 srcPort>42625 dst>fd10:62:100::2/26356 
16:39:30.099856 CONNECT flow>8564 srcPort>32929 dst>fd10:62:100::2/26364 
16:39:30.111213 SHUTDOWN flow>8220 srcPort>36393 dst>fd10:62:100::2/26020 
16:39:30.149781 ON flow>8572 srcPort>37807 dst>fd10:62:100::2/26372 
16:39:30.159164 SHUTDOWN flow>8228 srcPort>32777 dst>fd10:62:100::2/26028 
16:39:30.173633 OFF flow>8108 srcPort>44921 dst>fd10:62:100::2/25908 
16:39:30.176782 OFF flow>8180 srcPort>36859 dst>fd10:62:100::2/25980 
16:39:30.249758 CONNECT flow>8572 srcPort>37807 dst>fd10:62:100::2/26372 
16:39:30.254284 ON flow>8580 srcPort>40281 dst>fd10:62:100::2/26380 
16:39:30.257827 OFF flow>8228 srcPort>32777 dst>fd10:62:100::2/26028 
16:39:30.301937 SHUTDOWN flow>8164 srcPort>34541 dst>fd10:62:100::2/25964 
16:39:30.328665 SHUTDOWN flow>8236 srcPort>39675 dst>fd10:62:100::2/26036 
16:39:30.347186 ON flow>8588 srcPort>34419 dst>fd10:62:100::2/26388 
16:39:30.356046 CONNECT flow>8580 srcPort>40281 dst>fd10:62:100::2/26380 
16:39:30.417454 OFF flow>8028 srcPort>37443 dst>fd10:62:100::2/25828 
16:39:30.446891 OFF flow>8220 srcPort>36393 dst>fd10:62:100::2/26020 
16:39:30.448410 SHUTDOWN flow>8204 srcPort>39289 dst>fd10:62:100::2/26004 
16:39:30.449557 CONNECT flow>8588 srcPort>34419 dst>fd10:62:100::2/26388 
16:39:30.457976 OFF flow>7956 srcPort>39819 dst>fd10:62:100::2/25756 
16:39:30.591782 OFF flow>8084 srcPort>43257 dst>fd10:62:100::2/25884 
16:39:30.610893 OFF flow>8020 srcPort>42539 dst>fd10:62:100::2/25820 
16:39:30.633247 ON flow>8596 srcPort>39639 dst>fd10:62:100::2/26396 
16:39:30.664434 OFF flow>8188 srcPort>44335 dst>fd10:62:100::2/25988 
16:39:30.683851 OFF flow>8172 srcPort>41077 dst>fd10:62:100::2/25972 
16:39:30.735705 CONNECT flow>8596 srcPort>39639 dst>fd10:62:100::2/26396 
16:39:30.773581 SHUTDOWN flow>8244 srcPort>46113 dst>fd10:62:100::2/26044 
16:39:30.887042 SHUTDOWN flow>8260 srcPort>38277 dst>fd10:62:100::2/26060 
16:39:30.941796 SHUTDOWN flow>8268 srcPort>39735 dst>fd10:62:100::2/26068 
16:39:30.976428 OFF flow>8236 srcPort>39675 dst>fd10:62:100::2/26036 
16:39:30.993828 ON flow>8604 srcPort>43701 dst>fd10:62:100::2/26404 
16:39:31.003360 OFF flow>8156 srcPort>44987 dst>fd10:62:100::2/25956 
16:39:31.063884 OFF flow>8260 srcPort>38277 dst>fd10:62:100::2/26060 
16:39:31.094149 CONNECT flow>8604 srcPort>43701 dst>fd10:62:100::2/26404 
16:39:31.133427 ON flow>8612 srcPort>42901 dst>fd10:62:100::2/26412 
16:39:31.193440 SHUTDOWN flow>8292 srcPort>34053 dst>fd10:62:100::2/26092 
16:39:31.231901 ON flow>8620 srcPort>40687 dst>fd10:62:100::2/26420 
16:39:31.234082 CONNECT flow>8612 srcPort>42901 dst>fd10:62:100::2/26412 
16:39:31.251778 OFF flow>8012 srcPort>45611 dst>fd10:62:100::2/25812 
16:39:31.275007 SHUTDOWN flow>8252 srcPort>45771 dst>fd10:62:100::2/26052 
16:39:31.299055 ON flow>8628 srcPort>43779 dst>fd10:62:100::2/26428 
16:39:31.322120 SHUTDOWN flow>8300 srcPort>37767 dst>fd10:62:100::2/26100 
16:39:31.329695 CONNECT flow>8620 srcPort>40687 dst>fd10:62:100::2/26420 
16:39:31.387268 ON flow>8636 srcPort>39409 dst>fd10:62:100::2/26436 
16:39:31.398283 CONNECT flow>8628 srcPort>43779 dst>fd10:62:100::2/26428 
16:39:31.398781 OFF flow>8164 srcPort>34541 dst>fd10:62:100::2/25964 
16:39:31.438487 OFF flow>7828 srcPort>42349 dst>fd10:62:100::2/25628 
16:39:31.486654 CONNECT flow>8636 srcPort>39409 dst>fd10:62:100::2/26436 
16:39:31.496819 ON flow>8644 srcPort>37495 dst>fd10:62:100::2/26444 
16:39:31.593182 OFF flow>8132 srcPort>35261 dst>fd10:62:100::2/25932 
16:39:31.593653 OFF flow>8196 srcPort>38529 dst>fd10:62:100::2/25996 
16:39:31.595297 CONNECT flow>8644 srcPort>37495 dst>fd10:62:100::2/26444 
16:39:31.603176 SHUTDOWN flow>8316 srcPort>38901 dst>fd10:62:100::2/26116 
16:39:31.605209 ON flow>8652 srcPort>44347 dst>fd10:62:100::2/26452 
16:39:31.605254 SHUTDOWN flow>8276 srcPort>46653 dst>fd10:62:100::2/26076 
16:39:31.685845 SHUTDOWN flow>8284 srcPort>35289 dst>fd10:62:100::2/26084 
16:39:31.707137 CONNECT flow>8652 srcPort>44347 dst>fd10:62:100::2/26452 
16:39:31.781358 OFF flow>8316 srcPort>38901 dst>fd10:62:100::2/26116 
16:39:31.823019 SHUTDOWN flow>8324 srcPort>41225 dst>fd10:62:100::2/26124 
16:39:32.038623 ON flow>8660 srcPort>35271 dst>fd10:62:100::2/26460 
16:39:32.057360 SHUTDOWN flow>8308 srcPort>44155 dst>fd10:62:100::2/26108 
16:39:32.082409 OFF flow>8300 srcPort>37767 dst>fd10:62:100::2/26100 
16:39:32.092950 SHUTDOWN flow>8348 srcPort>45521 dst>fd10:62:100::2/26148 
16:39:32.131947 CONNECT flow>8660 srcPort>35271 dst>fd10:62:100::2/26460 
16:39:32.163263 SHUTDOWN flow>8340 srcPort>35655 dst>fd10:62:100::2/26140 
16:39:32.208449 ON flow>8668 srcPort>36307 dst>fd10:62:100::2/26468 
16:39:32.247939 SHUTDOWN flow>8364 srcPort>35359 dst>fd10:62:100::2/26164 
16:39:32.257857 SHUTDOWN flow>8372 srcPort>42279 dst>fd10:62:100::2/26172 
16:39:32.305239 CONNECT flow>8668 srcPort>36307 dst>fd10:62:100::2/26468 
16:39:32.318518 SHUTDOWN flow>8356 srcPort>38531 dst>fd10:62:100::2/26156 
16:39:32.354665 OFF flow>8324 srcPort>41225 dst>fd10:62:100::2/26124 
16:39:32.362859 ON flow>8676 srcPort>44225 dst>fd10:62:100::2/26476 
16:39:32.410320 SHUTDOWN flow>8380 srcPort>43073 dst>fd10:62:100::2/26180 
16:39:32.459530 CONNECT flow>8676 srcPort>44225 dst>fd10:62:100::2/26476 
16:39:32.461169 SHUTDOWN flow>7980 srcPort>37861 dst>fd10:62:100::2/25780 
16:39:32.463961 OFF flow>8116 srcPort>45115 dst>fd10:62:100::2/25916 
16:39:32.471144 ON flow>8684 srcPort>36535 dst>fd10:62:100::2/26484 
16:39:32.508132 OFF flow>8380 srcPort>43073 dst>fd10:62:100::2/26180 
16:39:32.529501 OFF flow>8204 srcPort>39289 dst>fd10:62:100::2/26004 
16:39:32.543223 OFF flow>8244 srcPort>46113 dst>fd10:62:100::2/26044 
16:39:32.569791 CONNECT flow>8684 srcPort>36535 dst>fd10:62:100::2/26484 
16:39:32.587612 OFF flow>8364 srcPort>35359 dst>fd10:62:100::2/26164 
16:39:32.610285 ON flow>8692 srcPort>39867 dst>fd10:62:100::2/26492 
16:39:32.611115 SHUTDOWN flow>8332 srcPort>43003 dst>fd10:62:100::2/26132 
16:39:32.708558 CONNECT flow>8692 srcPort>39867 dst>fd10:62:100::2/26492 
16:39:32.777510 SHUTDOWN flow>8420 srcPort>34505 dst>fd10:62:100::2/26220 
16:39:32.807425 SHUTDOWN flow>8404 srcPort>39223 dst>fd10:62:100::2/26204 
16:39:32.817159 ON flow>8700 srcPort>35203 dst>fd10:62:100::2/26500 
16:39:32.828773 SHUTDOWN flow>8428 srcPort>34951 dst>fd10:62:100::2/26228 
16:39:32.887627 OFF flow>8372 srcPort>42279 dst>fd10:62:100::2/26172 
16:39:32.890428 SHUTDOWN flow>8436 srcPort>35857 dst>fd10:62:100::2/26236 
16:39:32.910541 CONNECT flow>8700 srcPort>35203 dst>fd10:62:100::2/26500 
16:39:32.912225 OFF flow>8356 srcPort>38531 dst>fd10:62:100::2/26156 
16:39:32.921113 OFF flow>8428 srcPort>34951 dst>fd10:62:100::2/26228 
16:39:32.928777 SHUTDOWN flow>8388 srcPort>39439 dst>fd10:62:100::2/26188 
16:39:32.948408 ON flow>8708 srcPort>38325 dst>fd10:62:100::2/26508 
16:39:32.965257 OFF flow>8212 srcPort>46491 dst>fd10:62:100::2/26012 
16:39:32.965629 SHUTDOWN flow>8444 srcPort>33171 dst>fd10:62:100::2/26244 
16:39:32.992943 SHUTDOWN flow>8396 srcPort>46535 dst>fd10:62:100::2/26196 
16:39:33.002811 OFF flow>7980 srcPort>37861 dst>fd10:62:100::2/25780 
16:39:33.047479 CONNECT flow>8708 srcPort>38325 dst>fd10:62:100::2/26508 
16:39:33.048266 SHUTDOWN flow>8412 srcPort>40641 dst>fd10:62:100::2/26212 
16:39:33.056202 ON flow>8716 srcPort>37815 dst>fd10:62:100::2/26516 
16:39:33.104971 SHUTDOWN flow>8452 srcPort>44285 dst>fd10:62:100::2/26252 
16:39:33.106823 OFF flow>8268 srcPort>39735 dst>fd10:62:100::2/26068 
16:39:33.116060 OFF flow>8348 srcPort>45521 dst>fd10:62:100::2/26148 
16:39:33.144993 SHUTDOWN flow>8460 srcPort>38609 dst>fd10:62:100::2/26260 
16:39:33.153254 CONNECT flow>8716 srcPort>37815 dst>fd10:62:100::2/26516 
16:39:33.155118 OFF flow>8444 srcPort>33171 dst>fd10:62:100::2/26244 
16:39:33.218175 ON flow>8724 srcPort>40867 dst>fd10:62:100::2/26524 
16:39:33.299254 OFF flow>8452 srcPort>44285 dst>fd10:62:100::2/26252 
16:39:33.315890 CONNECT flow>8724 srcPort>40867 dst>fd10:62:100::2/26524 
16:39:33.358607 SHUTDOWN flow>8476 srcPort>45913 dst>fd10:62:100::2/26276 
16:39:33.391266 ON flow>8732 srcPort>45669 dst>fd10:62:100::2/26532 
16:39:33.487263 CONNECT flow>8732 srcPort>45669 dst>fd10:62:100::2/26532 
16:39:33.505617 SHUTDOWN flow>8484 srcPort>44929 dst>fd10:62:100::2/26284 
16:39:33.521980 ON flow>8740 srcPort>42347 dst>fd10:62:100::2/26540 
16:39:33.525980 OFF flow>8340 srcPort>35655 dst>fd10:62:100::2/26140 
16:39:33.547965 SHUTDOWN flow>8468 srcPort>37387 dst>fd10:62:100::2/26268 
16:39:33.560348 OFF flow>8420 srcPort>34505 dst>fd10:62:100::2/26220 
16:39:33.620391 CONNECT flow>8740 srcPort>42347 dst>fd10:62:100::2/26540 
16:39:33.650050 ON flow>8748 srcPort>43875 dst>fd10:62:100::2/26548 
16:39:33.657122 SHUTDOWN flow>8492 srcPort>37261 dst>fd10:62:100::2/26292 
16:39:33.670555 OFF flow>8284 srcPort>35289 dst>fd10:62:100::2/26084 
16:39:33.706988 OFF flow>8276 srcPort>46653 dst>fd10:62:100::2/26076 
16:39:33.718939 OFF flow>8292 srcPort>34053 dst>fd10:62:100::2/26092 
16:39:33.734926 ON flow>8756 srcPort>34263 dst>fd10:62:100::2/26556 
16:39:33.741043 CONNECT flow>8748 srcPort>43875 dst>fd10:62:100::2/26548 
16:39:33.779256 OFF flow>8404 srcPort>39223 dst>fd10:62:100::2/26204 
16:39:33.803845 SHUTDOWN flow>8500 srcPort>35885 dst>fd10:62:100::2/26300 
16:39:33.809796 OFF flow>8492 srcPort>37261 dst>fd10:62:100::2/26292 
16:39:33.824803 CONNECT flow>8756 srcPort>34263 dst>fd10:62:100::2/26556 
16:39:33.897819 OFF flow>8500 srcPort>35885 dst>fd10:62:100::2/26300 
16:39:33.899297 ON flow>8764 srcPort>41789 dst>fd10:62:100::2/26564 
16:39:33.900125 SHUTDOWN flow>8508 srcPort>45731 dst>fd10:62:100::2/26308 
16:39:33.967728 ON flow>8772 srcPort>33839 dst>fd10:62:100::2/26572 
16:39:33.990465 CONNECT flow>8764 srcPort>41789 dst>fd10:62:100::2/26564 
16:39:33.992851 SHUTDOWN flow>8516 srcPort>39361 dst>fd10:62:100::2/26316 
16:39:33.999145 OFF flow>8396 srcPort>46535 dst>fd10:62:100::2/26196 
16:39:34.022966 OFF flow>8308 srcPort>44155 dst>fd10:62:100::2/26108 
16:39:34.047411 OFF flow>8436 srcPort>35857 dst>fd10:62:100::2/26236 
16:39:34.051760 OFF flow>8468 srcPort>37387 dst>fd10:62:100::2/26268 
16:39:34.058152 CONNECT flow>8772 srcPort>33839 dst>fd10:62:100::2/26572 
16:39:34.081569 OFF flow>8516 srcPort>39361 dst>fd10:62:100::2/26316 
16:39:34.108860 ON flow>8780 srcPort>39777 dst>fd10:62:100::2/26580 
16:39:34.129948 SHUTDOWN flow>8524 srcPort>45027 dst>fd10:62:100::2/26324 
16:39:34.143963 ON flow>8788 srcPort>34695 dst>fd10:62:100::2/26588 
16:39:34.162704 OFF flow>8460 srcPort>38609 dst>fd10:62:100::2/26260 
16:39:34.196308 ON flow>8796 srcPort>37679 dst>fd10:62:100::2/26596 
16:39:34.200456 CONNECT flow>8780 srcPort>39777 dst>fd10:62:100::2/26580 
16:39:34.208347 OFF flow>8508 srcPort>45731 dst>fd10:62:100::2/26308 
16:39:34.218229 OFF flow>8332 srcPort>43003 dst>fd10:62:100::2/26132 
16:39:34.220690 OFF flow>8524 srcPort>45027 dst>fd10:62:100::2/26324 
16:39:34.233243 CONNECT flow>8788 srcPort>34695 dst>fd10:62:100::2/26588 
16:39:34.284522 CONNECT flow>8796 srcPort>37679 dst>fd10:62:100::2/26596 
16:39:34.288130 ON flow>8804 srcPort>38271 dst>fd10:62:100::2/26604 
16:39:34.347310 ON flow>8812 srcPort>38785 dst>fd10:62:100::2/26612 
16:39:34.349289 OFF flow>8412 srcPort>40641 dst>fd10:62:100::2/26212 
16:39:34.356741 SHUTDOWN flow>8532 srcPort>43971 dst>fd10:62:100::2/26332 
16:39:34.376975 CONNECT flow>8804 srcPort>38271 dst>fd10:62:100::2/26604 
16:39:34.406588 OFF flow>8388 srcPort>39439 dst>fd10:62:100::2/26188 
16:39:34.424771 SHUTDOWN flow>8540 srcPort>38535 dst>fd10:62:100::2/26340 
16:39:34.427099 ON flow>8820 srcPort>34751 dst>fd10:62:100::2/26620 
16:39:34.435391 CONNECT flow>8812 srcPort>38785 dst>fd10:62:100::2/26612 
16:39:34.465348 ON flow>8828 srcPort>35509 dst>fd10:62:100::2/26628 
16:39:34.522204 CONNECT flow>8820 srcPort>34751 dst>fd10:62:100::2/26620 
16:39:34.525838 ON flow>8836 srcPort>35803 dst>fd10:62:100::2/26636 
16:39:34.558360 CONNECT flow>8828 srcPort>35509 dst>fd10:62:100::2/26628 
16:39:34.587708 OFF flow>8252 srcPort>45771 dst>fd10:62:100::2/26052 
16:39:34.593923 OFF flow>8484 srcPort>44929 dst>fd10:62:100::2/26284 
16:39:34.595895 OFF flow>8476 srcPort>45913 dst>fd10:62:100::2/26276 
16:39:34.596928 ON flow>8844 srcPort>41363 dst>fd10:62:100::2/26644 
16:39:34.621793 CONNECT flow>8836 srcPort>35803 dst>fd10:62:100::2/26636 
16:39:34.666173 SHUTDOWN flow>8548 srcPort>37515 dst>fd10:62:100::2/26348 
16:39:34.690126 CONNECT flow>8844 srcPort>41363 dst>fd10:62:100::2/26644 
16:39:34.710036 OFF flow>8540 srcPort>38535 dst>fd10:62:100::2/26340 
16:39:34.729957 OFF flow>8532 srcPort>43971 dst>fd10:62:100::2/26332 
16:39:34.787645 OFF flow>8548 srcPort>37515 dst>fd10:62:100::2/26348 
16:39:34.838451 ON flow>8852 srcPort>38567 dst>fd10:62:100::2/26652 
16:39:34.935048 CONNECT flow>8852 srcPort>38567 dst>fd10:62:100::2/26652 
16:39:34.937905 SHUTDOWN flow>8564 srcPort>32929 dst>fd10:62:100::2/26364 
16:39:35.032129 SHUTDOWN flow>8572 srcPort>37807 dst>fd10:62:100::2/26372 
16:39:35.103788 SHUTDOWN flow>8580 srcPort>40281 dst>fd10:62:100::2/26380 
16:39:35.139747 SHUTDOWN flow>8556 srcPort>42625 dst>fd10:62:100::2/26356 
16:39:35.146988 SHUTDOWN flow>8588 srcPort>34419 dst>fd10:62:100::2/26388 
16:39:35.322004 OFF flow>8564 srcPort>32929 dst>fd10:62:100::2/26364 
16:39:35.372041 OFF flow>8572 srcPort>37807 dst>fd10:62:100::2/26372 
16:39:35.389247 OFF flow>8580 srcPort>40281 dst>fd10:62:100::2/26380 
16:39:35.432983 SHUTDOWN flow>8596 srcPort>39639 dst>fd10:62:100::2/26396 
16:39:35.438473 OFF flow>8588 srcPort>34419 dst>fd10:62:100::2/26388 
16:39:35.474037 ON flow>8860 srcPort>44725 dst>fd10:62:100::2/26660 
16:39:35.551883 OFF flow>8596 srcPort>39639 dst>fd10:62:100::2/26396 
16:39:35.567479 CONNECT flow>8860 srcPort>44725 dst>fd10:62:100::2/26660 
16:39:35.594523 ON flow>8868 srcPort>40693 dst>fd10:62:100::2/26668 
16:39:35.681429 CONNECT flow>8868 srcPort>40693 dst>fd10:62:100::2/26668 
16:39:35.727176 ON flow>8876 srcPort>45385 dst>fd10:62:100::2/26676 
16:39:35.793863 SHUTDOWN flow>8604 srcPort>43701 dst>fd10:62:100::2/26404 
16:39:35.825544 CONNECT flow>8876 srcPort>45385 dst>fd10:62:100::2/26676 
16:39:35.875025 ON flow>8884 srcPort>43443 dst>fd10:62:100::2/26684 
16:39:35.953858 ON flow>8892 srcPort>41641 dst>fd10:62:100::2/26692 
16:39:35.971040 CONNECT flow>8884 srcPort>43443 dst>fd10:62:100::2/26684 
16:39:36.046287 CONNECT flow>8892 srcPort>41641 dst>fd10:62:100::2/26692 
16:39:36.069450 SHUTDOWN flow>8612 srcPort>42901 dst>fd10:62:100::2/26412 
16:39:36.098856 SHUTDOWN flow>8628 srcPort>43779 dst>fd10:62:100::2/26428 
16:39:36.101614 OFF flow>8556 srcPort>42625 dst>fd10:62:100::2/26356 
16:39:36.106916 SHUTDOWN flow>8620 srcPort>40687 dst>fd10:62:100::2/26420 
16:39:36.182129 ON flow>8900 srcPort>37239 dst>fd10:62:100::2/26700 
16:39:36.187113 SHUTDOWN flow>8636 srcPort>39409 dst>fd10:62:100::2/26436 
16:39:36.194359 OFF flow>8628 srcPort>43779 dst>fd10:62:100::2/26428 
16:39:36.280506 CONNECT flow>8900 srcPort>37239 dst>fd10:62:100::2/26700 
16:39:36.285891 OFF flow>8636 srcPort>39409 dst>fd10:62:100::2/26436 
16:39:36.296638 SHUTDOWN flow>8644 srcPort>37495 dst>fd10:62:100::2/26444 
16:39:36.404695 SHUTDOWN flow>8652 srcPort>44347 dst>fd10:62:100::2/26452 
16:39:36.409031 ON flow>8908 srcPort>35421 dst>fd10:62:100::2/26708 
16:39:36.505788 ON flow>8916 srcPort>36725 dst>fd10:62:100::2/26716 
16:39:36.506576 OFF flow>8652 srcPort>44347 dst>fd10:62:100::2/26452 
16:39:36.509681 CONNECT flow>8908 srcPort>35421 dst>fd10:62:100::2/26708 
16:39:36.604596 CONNECT flow>8916 srcPort>36725 dst>fd10:62:100::2/26716 
16:39:36.610844 ON flow>8924 srcPort>35635 dst>fd10:62:100::2/26724 
16:39:36.709906 CONNECT flow>8924 srcPort>35635 dst>fd10:62:100::2/26724 
16:39:36.721261 ON flow>8932 srcPort>35157 dst>fd10:62:100::2/26732 
16:39:36.796318 OFF flow>8620 srcPort>40687 dst>fd10:62:100::2/26420 
16:39:36.797034 ON flow>8940 srcPort>39829 dst>fd10:62:100::2/26740 
16:39:36.811263 OFF flow>8612 srcPort>42901 dst>fd10:62:100::2/26412 
16:39:36.820088 CONNECT flow>8932 srcPort>35157 dst>fd10:62:100::2/26732 
16:39:36.838421 SHUTDOWN flow>8660 srcPort>35271 dst>fd10:62:100::2/26460 
16:39:36.896410 CONNECT flow>8940 srcPort>39829 dst>fd10:62:100::2/26740 
16:39:36.935911 OFF flow>8660 srcPort>35271 dst>fd10:62:100::2/26460 
16:39:36.946149 ON flow>8948 srcPort>35687 dst>fd10:62:100::2/26748 
16:39:37.008263 SHUTDOWN flow>8668 srcPort>36307 dst>fd10:62:100::2/26468 
16:39:37.044710 CONNECT flow>8948 srcPort>35687 dst>fd10:62:100::2/26748 
16:39:37.099734 ON flow>8956 srcPort>35657 dst>fd10:62:100::2/26756 
16:39:37.116886 OFF flow>8604 srcPort>43701 dst>fd10:62:100::2/26404 
16:39:37.162469 SHUTDOWN flow>8676 srcPort>44225 dst>fd10:62:100::2/26476 
16:39:37.199000 CONNECT flow>8956 srcPort>35657 dst>fd10:62:100::2/26756 
16:39:37.244712 ON flow>8964 srcPort>40483 dst>fd10:62:100::2/26764 
16:39:37.261197 OFF flow>8676 srcPort>44225 dst>fd10:62:100::2/26476 
16:39:37.270837 SHUTDOWN flow>8684 srcPort>36535 dst>fd10:62:100::2/26484 
16:39:37.294091 ON flow>8972 srcPort>46871 dst>fd10:62:100::2/26772 
16:39:37.340932 CONNECT flow>8964 srcPort>40483 dst>fd10:62:100::2/26764 
16:39:37.387255 ON flow>8980 srcPort>39177 dst>fd10:62:100::2/26780 
16:39:37.388005 CONNECT flow>8972 srcPort>46871 dst>fd10:62:100::2/26772 
16:39:37.410217 SHUTDOWN flow>8692 srcPort>39867 dst>fd10:62:100::2/26492 
16:39:37.459392 OFF flow>8644 srcPort>37495 dst>fd10:62:100::2/26444 
16:39:37.472965 ON flow>8988 srcPort>43611 dst>fd10:62:100::2/26788 
16:39:37.483453 CONNECT flow>8980 srcPort>39177 dst>fd10:62:100::2/26780 
16:39:37.507455 OFF flow>8692 srcPort>39867 dst>fd10:62:100::2/26492 
16:39:37.563249 ON flow>8996 srcPort>44453 dst>fd10:62:100::2/26796 
16:39:37.568266 CONNECT flow>8988 srcPort>43611 dst>fd10:62:100::2/26788 
16:39:37.616945 SHUTDOWN flow>8700 srcPort>35203 dst>fd10:62:100::2/26500 
16:39:37.654750 CONNECT flow>8996 srcPort>44453 dst>fd10:62:100::2/26796 
16:39:37.663163 ON flow>9004 srcPort>43375 dst>fd10:62:100::2/26804 
16:39:37.711719 OFF flow>8700 srcPort>35203 dst>fd10:62:100::2/26500 
16:39:37.759040 CONNECT flow>9004 srcPort>43375 dst>fd10:62:100::2/26804 
16:39:37.855973 SHUTDOWN flow>8716 srcPort>37815 dst>fd10:62:100::2/26516 
16:39:37.864135 ON flow>9012 srcPort>40267 dst>fd10:62:100::2/26812 
16:39:37.884443 SHUTDOWN flow>8708 srcPort>38325 dst>fd10:62:100::2/26508 
16:39:37.951326 OFF flow>8716 srcPort>37815 dst>fd10:62:100::2/26516 
16:39:37.953668 ON flow>9020 srcPort>40499 dst>fd10:62:100::2/26820 
16:39:37.957018 CONNECT flow>9012 srcPort>40267 dst>fd10:62:100::2/26812 
16:39:38.053190 CONNECT flow>9020 srcPort>40499 dst>fd10:62:100::2/26820 
16:39:38.058597 ON flow>9028 srcPort>46691 dst>fd10:62:100::2/26828 
16:39:38.155216 CONNECT flow>9028 srcPort>46691 dst>fd10:62:100::2/26828 
16:39:38.191063 SHUTDOWN flow>8732 srcPort>45669 dst>fd10:62:100::2/26532 
16:39:38.283077 OFF flow>8684 srcPort>36535 dst>fd10:62:100::2/26484 
16:39:38.285887 OFF flow>8732 srcPort>45669 dst>fd10:62:100::2/26532 
16:39:38.310701 ON flow>9036 srcPort>41791 dst>fd10:62:100::2/26836 
16:39:38.378865 OFF flow>8668 srcPort>36307 dst>fd10:62:100::2/26468 
16:39:38.409570 CONNECT flow>9036 srcPort>41791 dst>fd10:62:100::2/26836 
16:39:38.433584 ON flow>9044 srcPort>43853 dst>fd10:62:100::2/26844 
16:39:38.485694 ON flow>9052 srcPort>36463 dst>fd10:62:100::2/26852 
16:39:38.489088 OFF flow>8708 srcPort>38325 dst>fd10:62:100::2/26508 
16:39:38.525751 CONNECT flow>9044 srcPort>43853 dst>fd10:62:100::2/26844 
16:39:38.534679 SHUTDOWN flow>8756 srcPort>34263 dst>fd10:62:100::2/26556 
16:39:38.565007 SHUTDOWN flow>8724 srcPort>40867 dst>fd10:62:100::2/26524 
16:39:38.574202 ON flow>9060 srcPort>39377 dst>fd10:62:100::2/26860 
16:39:38.577534 CONNECT flow>9052 srcPort>36463 dst>fd10:62:100::2/26852 
16:39:38.630309 OFF flow>8756 srcPort>34263 dst>fd10:62:100::2/26556 
16:39:38.653770 ON flow>9068 srcPort>39583 dst>fd10:62:100::2/26868 
16:39:38.672812 CONNECT flow>9060 srcPort>39377 dst>fd10:62:100::2/26860 
16:39:38.699324 SHUTDOWN flow>8764 srcPort>41789 dst>fd10:62:100::2/26564 
16:39:38.706850 ON flow>9076 srcPort>46851 dst>fd10:62:100::2/26876 
16:39:38.749341 CONNECT flow>9068 srcPort>39583 dst>fd10:62:100::2/26868 
16:39:38.767588 SHUTDOWN flow>8772 srcPort>33839 dst>fd10:62:100::2/26572 
16:39:38.772841 SHUTDOWN flow>8748 srcPort>43875 dst>fd10:62:100::2/26548 
16:39:38.797198 OFF flow>8764 srcPort>41789 dst>fd10:62:100::2/26564 
16:39:38.798212 ON flow>9084 srcPort>46721 dst>fd10:62:100::2/26884 
16:39:38.803615 CONNECT flow>9076 srcPort>46851 dst>fd10:62:100::2/26876 
16:39:38.863742 OFF flow>8772 srcPort>33839 dst>fd10:62:100::2/26572 
16:39:38.896128 CONNECT flow>9084 srcPort>46721 dst>fd10:62:100::2/26884 
16:39:38.921930 ON flow>9092 srcPort>36499 dst>fd10:62:100::2/26892 
16:39:38.943774 SHUTDOWN flow>8788 srcPort>34695 dst>fd10:62:100::2/26588 
16:39:39.017990 CONNECT flow>9092 srcPort>36499 dst>fd10:62:100::2/26892 
16:39:39.049324 ON flow>9100 srcPort>35423 dst>fd10:62:100::2/26900 
16:39:39.088067 SHUTDOWN flow>8804 srcPort>38271 dst>fd10:62:100::2/26604 
16:39:39.105258 SHUTDOWN flow>8740 srcPort>42347 dst>fd10:62:100::2/26540 
16:39:39.147203 SHUTDOWN flow>8812 srcPort>38785 dst>fd10:62:100::2/26612 
16:39:39.149445 CONNECT flow>9100 srcPort>35423 dst>fd10:62:100::2/26900 
16:39:39.206005 ON flow>9108 srcPort>34017 dst>fd10:62:100::2/26908 
16:39:39.226207 OFF flow>8804 srcPort>38271 dst>fd10:62:100::2/26604 
16:39:39.244100 OFF flow>8812 srcPort>38785 dst>fd10:62:100::2/26612 
16:39:39.265149 SHUTDOWN flow>8828 srcPort>35509 dst>fd10:62:100::2/26628 
16:39:39.303816 CONNECT flow>9108 srcPort>34017 dst>fd10:62:100::2/26908 
16:39:39.351613 SHUTDOWN flow>8836 srcPort>35803 dst>fd10:62:100::2/26636 
16:39:39.362540 OFF flow>8828 srcPort>35509 dst>fd10:62:100::2/26628 
16:39:39.489953 SHUTDOWN flow>8796 srcPort>37679 dst>fd10:62:100::2/26596 
16:39:39.553575 ON flow>9116 srcPort>38091 dst>fd10:62:100::2/26916 
16:39:39.557433 SHUTDOWN flow>8820 srcPort>34751 dst>fd10:62:100::2/26620 
16:39:39.631729 ON flow>9124 srcPort>35921 dst>fd10:62:100::2/26924 
16:39:39.635425 SHUTDOWN flow>8844 srcPort>41363 dst>fd10:62:100::2/26644 
16:39:39.644631 CONNECT flow>9116 srcPort>38091 dst>fd10:62:100::2/26916 
16:39:39.665566 OFF flow>8724 srcPort>40867 dst>fd10:62:100::2/26524 
16:39:39.726129 CONNECT flow>9124 srcPort>35921 dst>fd10:62:100::2/26924 
16:39:39.817632 ON flow>9132 srcPort>45721 dst>fd10:62:100::2/26932 
16:39:39.913184 CONNECT flow>9132 srcPort>45721 dst>fd10:62:100::2/26932 
16:39:39.929632 OFF flow>8836 srcPort>35803 dst>fd10:62:100::2/26636 
16:39:39.946534 SHUTDOWN flow>8780 srcPort>39777 dst>fd10:62:100::2/26580 
16:39:39.992269 ON flow>9140 srcPort>40667 dst>fd10:62:100::2/26940 
16:39:40.018293 OFF flow>8788 srcPort>34695 dst>fd10:62:100::2/26588 
16:39:40.039213 SHUTDOWN flow>8852 srcPort>38567 dst>fd10:62:100::2/26652 
16:39:40.090085 CONNECT flow>9140 srcPort>40667 dst>fd10:62:100::2/26940 
16:39:40.153352 ON flow>9148 srcPort>44389 dst>fd10:62:100::2/26948 
16:39:40.236427 ON flow>9156 srcPort>36963 dst>fd10:62:100::2/26956 
16:39:40.247149 CONNECT flow>9148 srcPort>44389 dst>fd10:62:100::2/26948 
16:39:40.279078 OFF flow>8820 srcPort>34751 dst>fd10:62:100::2/26620 
16:39:40.307527 SHUTDOWN flow>8860 srcPort>44725 dst>fd10:62:100::2/26660 
16:39:40.334969 CONNECT flow>9156 srcPort>36963 dst>fd10:62:100::2/26956 
16:39:40.394269 SHUTDOWN flow>8868 srcPort>40693 dst>fd10:62:100::2/26668 
16:39:40.408226 ON flow>9164 srcPort>37005 dst>fd10:62:100::2/26964 
16:39:40.454464 OFF flow>8796 srcPort>37679 dst>fd10:62:100::2/26596 
16:39:40.505545 OFF flow>8844 srcPort>41363 dst>fd10:62:100::2/26644 
16:39:40.506895 CONNECT flow>9164 srcPort>37005 dst>fd10:62:100::2/26964 
16:39:40.527009 SHUTDOWN flow>8876 srcPort>45385 dst>fd10:62:100::2/26676 
16:39:40.562761 ON flow>9172 srcPort>35783 dst>fd10:62:100::2/26972 
16:39:40.571519 OFF flow>8868 srcPort>40693 dst>fd10:62:100::2/26668 
16:39:40.620898 OFF flow>8876 srcPort>45385 dst>fd10:62:100::2/26676 
16:39:40.662752 CONNECT flow>9172 srcPort>35783 dst>fd10:62:100::2/26972 
16:39:40.670887 ON flow>9180 srcPort>37821 dst>fd10:62:100::2/26980 
16:39:40.674790 SHUTDOWN flow>8884 srcPort>43443 dst>fd10:62:100::2/26684 
16:39:40.753758 SHUTDOWN flow>8892 srcPort>41641 dst>fd10:62:100::2/26692 
16:39:40.769138 CONNECT flow>9180 srcPort>37821 dst>fd10:62:100::2/26980 
16:39:40.854468 OFF flow>8748 srcPort>43875 dst>fd10:62:100::2/26548 
16:39:40.878521 OFF flow>8892 srcPort>41641 dst>fd10:62:100::2/26692 
16:39:40.952026 ON flow>9188 srcPort>43969 dst>fd10:62:100::2/26988 
16:39:40.981849 SHUTDOWN flow>8900 srcPort>37239 dst>fd10:62:100::2/26700 
16:39:41.050068 CONNECT flow>9188 srcPort>43969 dst>fd10:62:100::2/26988 
16:39:41.080814 OFF flow>8900 srcPort>37239 dst>fd10:62:100::2/26700 
16:39:41.150712 ON flow>9196 srcPort>44543 dst>fd10:62:100::2/26996 
16:39:41.240322 CONNECT flow>9196 srcPort>44543 dst>fd10:62:100::2/26996 
16:39:41.305514 SHUTDOWN flow>8916 srcPort>36725 dst>fd10:62:100::2/26716 
16:39:41.323497 ON flow>9204 srcPort>37361 dst>fd10:62:100::2/27004 
16:39:41.417184 CONNECT flow>9204 srcPort>37361 dst>fd10:62:100::2/27004 
16:39:41.450049 OFF flow>8884 srcPort>43443 dst>fd10:62:100::2/26684 
16:39:41.561862 OFF flow>8852 srcPort>38567 dst>fd10:62:100::2/26652 
16:39:41.562039 SHUTDOWN flow>8924 srcPort>35635 dst>fd10:62:100::2/26724 
16:39:41.648057 ON flow>9212 srcPort>44157 dst>fd10:62:100::2/27012 
16:39:41.708689 SHUTDOWN flow>8940 srcPort>39829 dst>fd10:62:100::2/26740 
16:39:41.741633 CONNECT flow>9212 srcPort>44157 dst>fd10:62:100::2/27012 
16:39:41.745926 SHUTDOWN flow>8948 srcPort>35687 dst>fd10:62:100::2/26748 
16:39:41.832272 OFF flow>8740 srcPort>42347 dst>fd10:62:100::2/26540 
16:39:41.880941 SHUTDOWN flow>8932 srcPort>35157 dst>fd10:62:100::2/26732 
16:39:41.899525 SHUTDOWN flow>8956 srcPort>35657 dst>fd10:62:100::2/26756 
16:39:41.978744 OFF flow>8860 srcPort>44725 dst>fd10:62:100::2/26660 
16:39:42.000461 ON flow>9220 srcPort>40373 dst>fd10:62:100::2/27020 
16:39:42.088322 CONNECT flow>9220 srcPort>40373 dst>fd10:62:100::2/27020 
16:39:42.105533 SHUTDOWN flow>8908 srcPort>35421 dst>fd10:62:100::2/26708 
16:39:42.115928 ON flow>9228 srcPort>43263 dst>fd10:62:100::2/27028 
16:39:42.186948 SHUTDOWN flow>8980 srcPort>39177 dst>fd10:62:100::2/26780 
16:39:42.204445 CONNECT flow>9228 srcPort>43263 dst>fd10:62:100::2/27028 
16:39:42.237220 SHUTDOWN flow>8964 srcPort>40483 dst>fd10:62:100::2/26764 
16:39:42.272325 OFF flow>8980 srcPort>39177 dst>fd10:62:100::2/26780 
16:39:42.272555 SHUTDOWN flow>8988 srcPort>43611 dst>fd10:62:100::2/26788 
16:39:42.281893 ON flow>9236 srcPort>41681 dst>fd10:62:100::2/27036 
16:39:42.331917 OFF flow>8940 srcPort>39829 dst>fd10:62:100::2/26740 
16:39:42.363095 SHUTDOWN flow>8996 srcPort>44453 dst>fd10:62:100::2/26796 
16:39:42.364175 CONNECT flow>9236 srcPort>41681 dst>fd10:62:100::2/27036 
16:39:42.400394 OFF flow>8924 srcPort>35635 dst>fd10:62:100::2/26724 
16:39:42.421245 ON flow>9244 srcPort>43379 dst>fd10:62:100::2/27044 
16:39:42.438629 OFF flow>8996 srcPort>44453 dst>fd10:62:100::2/26796 
16:39:42.440971 OFF flow>8956 srcPort>35657 dst>fd10:62:100::2/26756 
16:39:42.461365 OFF flow>8988 srcPort>43611 dst>fd10:62:100::2/26788 
16:39:42.462965 SHUTDOWN flow>9004 srcPort>43375 dst>fd10:62:100::2/26804 
16:39:42.497782 SHUTDOWN flow>8972 srcPort>46871 dst>fd10:62:100::2/26772 
16:39:42.499184 CONNECT flow>9244 srcPort>43379 dst>fd10:62:100::2/27044 
16:39:42.535597 OFF flow>8780 srcPort>39777 dst>fd10:62:100::2/26580 
16:39:42.538878 OFF flow>9004 srcPort>43375 dst>fd10:62:100::2/26804 
16:39:42.586277 OFF flow>8948 srcPort>35687 dst>fd10:62:100::2/26748 
16:39:42.590425 OFF flow>8916 srcPort>36725 dst>fd10:62:100::2/26716 
16:39:42.600079 ON flow>9252 srcPort>41135 dst>fd10:62:100::2/27052 
16:39:42.667252 OFF flow>8932 srcPort>35157 dst>fd10:62:100::2/26732 
16:39:42.675425 OFF flow>8964 srcPort>40483 dst>fd10:62:100::2/26764 
16:39:42.677005 CONNECT flow>9252 srcPort>41135 dst>fd10:62:100::2/27052 
16:39:42.726371 SHUTDOWN flow>9012 srcPort>40267 dst>fd10:62:100::2/26812 
16:39:42.753517 SHUTDOWN flow>9020 srcPort>40499 dst>fd10:62:100::2/26820 
16:39:42.824540 OFF flow>9020 srcPort>40499 dst>fd10:62:100::2/26820 
16:39:42.858281 SHUTDOWN flow>9028 srcPort>46691 dst>fd10:62:100::2/26828 
16:39:42.879632 ON flow>9260 srcPort>43625 dst>fd10:62:100::2/27060 
16:39:42.922029 ON flow>9268 srcPort>43899 dst>fd10:62:100::2/27068 
16:39:42.923659 OFF flow>9028 srcPort>46691 dst>fd10:62:100::2/26828 
16:39:42.943759 CONNECT flow>9260 srcPort>43625 dst>fd10:62:100::2/27060 
16:39:42.983922 CONNECT flow>9268 srcPort>43899 dst>fd10:62:100::2/27068 
16:39:43.001050 ON flow>9276 srcPort>37049 dst>fd10:62:100::2/27076 
16:39:43.048405 OFF flow>8972 srcPort>46871 dst>fd10:62:100::2/26772 
16:39:43.060442 CONNECT flow>9276 srcPort>37049 dst>fd10:62:100::2/27076 
16:39:43.094226 ON flow>9284 srcPort>43235 dst>fd10:62:100::2/27084 
16:39:43.110403 SHUTDOWN flow>9036 srcPort>41791 dst>fd10:62:100::2/26836 
16:39:43.145839 CONNECT flow>9284 srcPort>43235 dst>fd10:62:100::2/27084 
16:39:43.162177 OFF flow>9012 srcPort>40267 dst>fd10:62:100::2/26812 
16:39:43.209689 ON flow>9292 srcPort>36855 dst>fd10:62:100::2/27092 
16:39:43.233113 SHUTDOWN flow>9044 srcPort>43853 dst>fd10:62:100::2/26844 
16:39:43.262518 CONNECT flow>9292 srcPort>36855 dst>fd10:62:100::2/27092 
16:39:43.267772 OFF flow>8908 srcPort>35421 dst>fd10:62:100::2/26708 
16:39:43.285210 SHUTDOWN flow>9052 srcPort>36463 dst>fd10:62:100::2/26852 
16:39:43.285748 OFF flow>9044 srcPort>43853 dst>fd10:62:100::2/26844 
16:39:43.339216 OFF flow>9052 srcPort>36463 dst>fd10:62:100::2/26852 
16:39:43.373993 SHUTDOWN flow>9060 srcPort>39377 dst>fd10:62:100::2/26860 
16:39:43.426431 OFF flow>9060 srcPort>39377 dst>fd10:62:100::2/26860 
16:39:43.426613 OFF flow>9036 srcPort>41791 dst>fd10:62:100::2/26836 
16:39:43.433328 ON flow>9300 srcPort>34867 dst>fd10:62:100::2/27100 
16:39:43.453590 SHUTDOWN flow>9068 srcPort>39583 dst>fd10:62:100::2/26868 
16:39:43.481956 CONNECT flow>9300 srcPort>34867 dst>fd10:62:100::2/27100 
16:39:43.500132 OFF flow>9068 srcPort>39583 dst>fd10:62:100::2/26868 
16:39:43.506304 SHUTDOWN flow>9076 srcPort>46851 dst>fd10:62:100::2/26876 
16:39:43.552467 OFF flow>9076 srcPort>46851 dst>fd10:62:100::2/26876 
16:39:43.574146 ON flow>9308 srcPort>46779 dst>fd10:62:100::2/27108 
16:39:43.597726 SHUTDOWN flow>9084 srcPort>46721 dst>fd10:62:100::2/26884 
16:39:43.617288 CONNECT flow>9308 srcPort>46779 dst>fd10:62:100::2/27108 
16:39:43.638526 OFF flow>9084 srcPort>46721 dst>fd10:62:100::2/26884 
16:39:43.721613 SHUTDOWN flow>9092 srcPort>36499 dst>fd10:62:100::2/26892 
16:39:43.742408 OFF flow>9092 srcPort>36499 dst>fd10:62:100::2/26892 
16:39:43.819335 ON flow>9316 srcPort>37905 dst>fd10:62:100::2/27116 
16:39:43.821291 CONNECT flow>9316 srcPort>37905 dst>fd10:62:100::2/27116 
16:39:43.849106 SHUTDOWN flow>9100 srcPort>35423 dst>fd10:62:100::2/26900 
16:39:43.849413 OFF flow>9100 srcPort>35423 dst>fd10:62:100::2/26900 
16:39:43.924446 ON flow>9324 srcPort>46309 dst>fd10:62:100::2/27124 
16:39:43.925187 CONNECT flow>9324 srcPort>46309 dst>fd10:62:100::2/27124 
16:39:43.990737 ON flow>9332 srcPort>34423 dst>fd10:62:100::2/27132 
16:39:43.991148 CONNECT flow>9332 srcPort>34423 dst>fd10:62:100::2/27132 
16:39:44.005846 SHUTDOWN flow>9108 srcPort>34017 dst>fd10:62:100::2/26908 
16:39:44.006194 OFF flow>9108 srcPort>34017 dst>fd10:62:100::2/26908 
16:39:44.174512 ON flow>9340 srcPort>37685 dst>fd10:62:100::2/27140 
16:39:44.174798 CONNECT flow>9340 srcPort>37685 dst>fd10:62:100::2/27140 
16:39:44.352650 SHUTDOWN flow>9116 srcPort>38091 dst>fd10:62:100::2/26916 
16:39:44.353170 OFF flow>9116 srcPort>38091 dst>fd10:62:100::2/26916 
16:39:44.402400 ON flow>9348 srcPort>43831 dst>fd10:62:100::2/27148 
16:39:44.402700 CONNECT flow>9348 srcPort>43831 dst>fd10:62:100::2/27148 
16:39:44.431147 SHUTDOWN flow>9124 srcPort>35921 dst>fd10:62:100::2/26924 
16:39:44.431726 OFF flow>9124 srcPort>35921 dst>fd10:62:100::2/26924 
16:39:44.578339 ON flow>9356 srcPort>35925 dst>fd10:62:100::2/27156 
16:39:44.579154 CONNECT flow>9356 srcPort>35925 dst>fd10:62:100::2/27156 
16:39:44.617449 SHUTDOWN flow>9132 srcPort>45721 dst>fd10:62:100::2/26932 
16:39:44.617841 OFF flow>9132 srcPort>45721 dst>fd10:62:100::2/26932 
16:39:44.696512 ON flow>9364 srcPort>42965 dst>fd10:62:100::2/27164 
16:39:44.696802 CONNECT flow>9364 srcPort>42965 dst>fd10:62:100::2/27164 
16:39:44.792048 SHUTDOWN flow>9140 srcPort>40667 dst>fd10:62:100::2/26940 
16:39:44.792365 OFF flow>9140 srcPort>40667 dst>fd10:62:100::2/26940 
16:39:44.831451 ON flow>9372 srcPort>41137 dst>fd10:62:100::2/27172 
16:39:44.835606 CONNECT flow>9372 srcPort>41137 dst>fd10:62:100::2/27172 
16:39:44.944775 ON flow>9380 srcPort>38957 dst>fd10:62:100::2/27180 
16:39:44.945239 CONNECT flow>9380 srcPort>38957 dst>fd10:62:100::2/27180 
16:39:44.953147 SHUTDOWN flow>9148 srcPort>44389 dst>fd10:62:100::2/26948 
16:39:44.953461 OFF flow>9148 srcPort>44389 dst>fd10:62:100::2/26948 
16:39:45.036178 SHUTDOWN flow>9156 srcPort>36963 dst>fd10:62:100::2/26956 
16:39:45.036522 OFF flow>9156 srcPort>36963 dst>fd10:62:100::2/26956 
16:39:45.041887 ON flow>9388 srcPort>39527 dst>fd10:62:100::2/27188 
16:39:45.042470 CONNECT flow>9388 srcPort>39527 dst>fd10:62:100::2/27188 
16:39:45.208019 SHUTDOWN flow>9164 srcPort>37005 dst>fd10:62:100::2/26964 
16:39:45.208818 OFF flow>9164 srcPort>37005 dst>fd10:62:100::2/26964 
16:39:45.362479 SHUTDOWN flow>9172 srcPort>35783 dst>fd10:62:100::2/26972 
16:39:45.363064 OFF flow>9172 srcPort>35783 dst>fd10:62:100::2/26972 
16:39:45.470690 SHUTDOWN flow>9180 srcPort>37821 dst>fd10:62:100::2/26980 
16:39:45.471177 OFF flow>9180 srcPort>37821 dst>fd10:62:100::2/26980 
16:39:45.751781 SHUTDOWN flow>9188 srcPort>43969 dst>fd10:62:100::2/26988 
16:39:45.752366 OFF flow>9188 srcPort>43969 dst>fd10:62:100::2/26988 
16:39:45.950510 SHUTDOWN flow>9196 srcPort>44543 dst>fd10:62:100::2/26996 
16:39:45.950769 OFF flow>9196 srcPort>44543 dst>fd10:62:100::2/26996 
16:39:46.123157 SHUTDOWN flow>9204 srcPort>37361 dst>fd10:62:100::2/27004 
16:39:46.123749 OFF flow>9204 srcPort>37361 dst>fd10:62:100::2/27004 
16:39:46.447772 SHUTDOWN flow>9212 srcPort>44157 dst>fd10:62:100::2/27012 
16:39:46.448979 OFF flow>9212 srcPort>44157 dst>fd10:62:100::2/27012 
16:39:46.800066 SHUTDOWN flow>9220 srcPort>40373 dst>fd10:62:100::2/27020 
16:39:46.800574 OFF flow>9220 srcPort>40373 dst>fd10:62:100::2/27020 
16:39:46.915573 SHUTDOWN flow>9228 srcPort>43263 dst>fd10:62:100::2/27028 
16:39:46.915995 OFF flow>9228 srcPort>43263 dst>fd10:62:100::2/27028 
16:39:47.081655 SHUTDOWN flow>9236 srcPort>41681 dst>fd10:62:100::2/27036 
16:39:47.082151 OFF flow>9236 srcPort>41681 dst>fd10:62:100::2/27036 
16:39:47.220947 SHUTDOWN flow>9244 srcPort>43379 dst>fd10:62:100::2/27044 
16:39:47.221731 OFF flow>9244 srcPort>43379 dst>fd10:62:100::2/27044 
16:39:47.399751 SHUTDOWN flow>9252 srcPort>41135 dst>fd10:62:100::2/27052 
16:39:47.400072 OFF flow>9252 srcPort>41135 dst>fd10:62:100::2/27052 
16:39:47.679354 SHUTDOWN flow>9260 srcPort>43625 dst>fd10:62:100::2/27060 
16:39:47.679882 OFF flow>9260 srcPort>43625 dst>fd10:62:100::2/27060 
16:39:47.721755 SHUTDOWN flow>9268 srcPort>43899 dst>fd10:62:100::2/27068 
16:39:47.722081 OFF flow>9268 srcPort>43899 dst>fd10:62:100::2/27068 
16:39:47.800855 SHUTDOWN flow>9276 srcPort>37049 dst>fd10:62:100::2/27076 
16:39:47.801208 OFF flow>9276 srcPort>37049 dst>fd10:62:100::2/27076 
16:39:47.893956 SHUTDOWN flow>9284 srcPort>43235 dst>fd10:62:100::2/27084 
16:39:47.894398 OFF flow>9284 srcPort>43235 dst>fd10:62:100::2/27084 
16:39:48.009421 SHUTDOWN flow>9292 srcPort>36855 dst>fd10:62:100::2/27092 
16:39:48.009809 OFF flow>9292 srcPort>36855 dst>fd10:62:100::2/27092 
16:39:48.233136 SHUTDOWN flow>9300 srcPort>34867 dst>fd10:62:100::2/27100 
16:39:48.233624 OFF flow>9300 srcPort>34867 dst>fd10:62:100::2/27100 
16:39:48.373726 SHUTDOWN flow>9308 srcPort>46779 dst>fd10:62:100::2/27108 
16:39:48.374148 OFF flow>9308 srcPort>46779 dst>fd10:62:100::2/27108 
16:39:48.619128 SHUTDOWN flow>9316 srcPort>37905 dst>fd10:62:100::2/27116 
16:39:48.619447 OFF flow>9316 srcPort>37905 dst>fd10:62:100::2/27116 
16:39:48.724151 SHUTDOWN flow>9324 srcPort>46309 dst>fd10:62:100::2/27124 
16:39:48.724528 OFF flow>9324 srcPort>46309 dst>fd10:62:100::2/27124 
16:39:48.790626 SHUTDOWN flow>9332 srcPort>34423 dst>fd10:62:100::2/27132 
16:39:48.791006 OFF flow>9332 srcPort>34423 dst>fd10:62:100::2/27132 
16:39:48.974330 SHUTDOWN flow>9340 srcPort>37685 dst>fd10:62:100::2/27140 
16:39:48.974607 OFF flow>9340 srcPort>37685 dst>fd10:62:100::2/27140 
16:39:49.202264 SHUTDOWN flow>9348 srcPort>43831 dst>fd10:62:100::2/27148 
16:39:49.202591 OFF flow>9348 srcPort>43831 dst>fd10:62:100::2/27148 
16:39:49.378168 SHUTDOWN flow>9356 srcPort>35925 dst>fd10:62:100::2/27156 
16:39:49.378508 OFF flow>9356 srcPort>35925 dst>fd10:62:100::2/27156 
16:39:49.496371 SHUTDOWN flow>9364 srcPort>42965 dst>fd10:62:100::2/27164 
16:39:49.496824 OFF flow>9364 srcPort>42965 dst>fd10:62:100::2/27164 
16:39:49.631264 SHUTDOWN flow>9372 srcPort>41137 dst>fd10:62:100::2/27172 
16:39:49.631586 OFF flow>9372 srcPort>41137 dst>fd10:62:100::2/27172 
16:39:49.745493 SHUTDOWN flow>9380 srcPort>38957 dst>fd10:62:100::2/27180 
16:39:49.745900 OFF flow>9380 srcPort>38957 dst>fd10:62:100::2/27180 
16:39:49.841767 SHUTDOWN flow>9388 srcPort>39527 dst>fd10:62:100::2/27188 
16:39:49.842084 OFF flow>9388 srcPort>39527 dst>fd10:62:100::2/27188 
16:39:49.842197 STOP
