00:49:31.050755 START Mgen Version 5.1.1
00:49:31.051134 ON flow>2001 srcPort>41807 dst>fd10:43:100::2/20000 
00:49:31.051706 CONNECT flow>2001 srcPort>41807 dst>fd10:43:100::2/20000 
00:49:36.077645 ON flow>2200 srcPort>38243 dst>fd10:43:100::2/21000 
00:49:36.078532 CONNECT flow>2200 srcPort>38243 dst>fd10:43:100::2/21000 
00:49:36.307063 ON flow>2208 srcPort>35021 dst>fd10:43:100::2/21008 
00:49:36.307366 CONNECT flow>2208 srcPort>35021 dst>fd10:43:100::2/21008 
00:49:36.495548 ON flow>2216 srcPort>39873 dst>fd10:43:100::2/21016 
00:49:36.495791 CONNECT flow>2216 srcPort>39873 dst>fd10:43:100::2/21016 
00:49:36.605041 ON flow>2224 srcPort>37185 dst>fd10:43:100::2/21024 
00:49:36.605269 CONNECT flow>2224 srcPort>37185 dst>fd10:43:100::2/21024 
00:49:36.735348 ON flow>2232 srcPort>35443 dst>fd10:43:100::2/21032 
00:49:36.735619 CONNECT flow>2232 srcPort>35443 dst>fd10:43:100::2/21032 
00:49:36.856465 ON flow>2240 srcPort>40701 dst>fd10:43:100::2/21040 
00:49:36.856746 CONNECT flow>2240 srcPort>40701 dst>fd10:43:100::2/21040 
00:49:37.405716 ON flow>2248 srcPort>45361 dst>fd10:43:100::2/21048 
00:49:37.405922 CONNECT flow>2248 srcPort>45361 dst>fd10:43:100::2/21048 
00:49:37.580146 ON flow>2256 srcPort>32897 dst>fd10:43:100::2/21056 
00:49:37.580375 CONNECT flow>2256 srcPort>32897 dst>fd10:43:100::2/21056 
00:49:37.750692 ON flow>2264 srcPort>39207 dst>fd10:43:100::2/21064 
00:49:37.751075 CONNECT flow>2264 srcPort>39207 dst>fd10:43:100::2/21064 
00:49:37.867038 ON flow>2272 srcPort>39489 dst>fd10:43:100::2/21072 
00:49:37.867468 CONNECT flow>2272 srcPort>39489 dst>fd10:43:100::2/21072 
00:49:38.059560 ON flow>2280 srcPort>40623 dst>fd10:43:100::2/21080 
00:49:38.059788 CONNECT flow>2280 srcPort>40623 dst>fd10:43:100::2/21080 
00:49:38.393870 ON flow>2288 srcPort>37381 dst>fd10:43:100::2/21088 
00:49:38.394158 CONNECT flow>2288 srcPort>37381 dst>fd10:43:100::2/21088 
00:49:38.585097 ON flow>2296 srcPort>38349 dst>fd10:43:100::2/21096 
00:49:38.585354 CONNECT flow>2296 srcPort>38349 dst>fd10:43:100::2/21096 
00:49:38.641849 ON flow>2304 srcPort>36073 dst>fd10:43:100::2/21104 
00:49:38.642214 CONNECT flow>2304 srcPort>36073 dst>fd10:43:100::2/21104 
00:49:38.701247 ON flow>2312 srcPort>33373 dst>fd10:43:100::2/21112 
00:49:38.701633 CONNECT flow>2312 srcPort>33373 dst>fd10:43:100::2/21112 
00:49:38.806565 ON flow>2320 srcPort>41683 dst>fd10:43:100::2/21120 
00:49:38.807147 CONNECT flow>2320 srcPort>41683 dst>fd10:43:100::2/21120 
00:49:38.865780 ON flow>2328 srcPort>45405 dst>fd10:43:100::2/21128 
00:49:38.866031 CONNECT flow>2328 srcPort>45405 dst>fd10:43:100::2/21128 
00:49:39.009255 ON flow>2336 srcPort>42867 dst>fd10:43:100::2/21136 
00:49:39.009533 CONNECT flow>2336 srcPort>42867 dst>fd10:43:100::2/21136 
00:49:39.139802 ON flow>2344 srcPort>42895 dst>fd10:43:100::2/21144 
00:49:39.140181 CONNECT flow>2344 srcPort>42895 dst>fd10:43:100::2/21144 
00:49:39.243681 ON flow>2352 srcPort>35253 dst>fd10:43:100::2/21152 
00:49:39.243966 CONNECT flow>2352 srcPort>35253 dst>fd10:43:100::2/21152 
00:49:39.575806 ON flow>2360 srcPort>33257 dst>fd10:43:100::2/21160 
00:49:39.576040 CONNECT flow>2360 srcPort>33257 dst>fd10:43:100::2/21160 
00:49:39.771287 ON flow>2368 srcPort>33393 dst>fd10:43:100::2/21168 
00:49:39.771515 CONNECT flow>2368 srcPort>33393 dst>fd10:43:100::2/21168 
00:49:39.905189 ON flow>2376 srcPort>42225 dst>fd10:43:100::2/21176 
00:49:39.905694 CONNECT flow>2376 srcPort>42225 dst>fd10:43:100::2/21176 
00:49:40.020804 ON flow>2384 srcPort>46515 dst>fd10:43:100::2/21184 
00:49:40.021876 CONNECT flow>2384 srcPort>46515 dst>fd10:43:100::2/21184 
00:49:40.116492 ON flow>2392 srcPort>39801 dst>fd10:43:100::2/21192 
00:49:40.116735 CONNECT flow>2392 srcPort>39801 dst>fd10:43:100::2/21192 
00:49:40.169389 ON flow>2400 srcPort>41547 dst>fd10:43:100::2/21200 
00:49:40.169625 CONNECT flow>2400 srcPort>41547 dst>fd10:43:100::2/21200 
00:49:40.272574 ON flow>2408 srcPort>44459 dst>fd10:43:100::2/21208 
00:49:40.273333 CONNECT flow>2408 srcPort>44459 dst>fd10:43:100::2/21208 
00:49:40.328511 ON flow>2416 srcPort>37415 dst>fd10:43:100::2/21216 
00:49:40.329648 CONNECT flow>2416 srcPort>37415 dst>fd10:43:100::2/21216 
00:49:40.397906 ON flow>2424 srcPort>33031 dst>fd10:43:100::2/21224 
00:49:40.398247 CONNECT flow>2424 srcPort>33031 dst>fd10:43:100::2/21224 
00:49:40.468100 ON flow>2432 srcPort>33185 dst>fd10:43:100::2/21232 
00:49:40.468382 CONNECT flow>2432 srcPort>33185 dst>fd10:43:100::2/21232 
00:49:40.539113 ON flow>2440 srcPort>45683 dst>fd10:43:100::2/21240 
00:49:40.539523 CONNECT flow>2440 srcPort>45683 dst>fd10:43:100::2/21240 
00:49:40.665834 ON flow>2448 srcPort>38953 dst>fd10:43:100::2/21248 
00:49:40.666107 CONNECT flow>2448 srcPort>38953 dst>fd10:43:100::2/21248 
00:49:40.768311 ON flow>2456 srcPort>42079 dst>fd10:43:100::2/21256 
00:49:40.768721 CONNECT flow>2456 srcPort>42079 dst>fd10:43:100::2/21256 
00:49:40.877614 SHUTDOWN flow>2200 srcPort>38243 dst>fd10:43:100::2/21000 
00:49:40.881380 OFF flow>2200 srcPort>38243 dst>fd10:43:100::2/21000 
00:49:40.950120 ON flow>2464 srcPort>38665 dst>fd10:43:100::2/21264 
00:49:40.950765 CONNECT flow>2464 srcPort>38665 dst>fd10:43:100::2/21264 
00:49:41.107009 SHUTDOWN flow>2208 srcPort>35021 dst>fd10:43:100::2/21008 
00:49:41.107567 OFF flow>2208 srcPort>35021 dst>fd10:43:100::2/21008 
00:49:41.156219 ON flow>2472 srcPort>35407 dst>fd10:43:100::2/21272 
00:49:41.156630 CONNECT flow>2472 srcPort>35407 dst>fd10:43:100::2/21272 
00:49:41.268821 ON flow>2480 srcPort>46231 dst>fd10:43:100::2/21280 
00:49:41.269138 CONNECT flow>2480 srcPort>46231 dst>fd10:43:100::2/21280 
00:49:41.295515 SHUTDOWN flow>2216 srcPort>39873 dst>fd10:43:100::2/21016 
00:49:41.295849 OFF flow>2216 srcPort>39873 dst>fd10:43:100::2/21016 
00:49:41.405141 SHUTDOWN flow>2224 srcPort>37185 dst>fd10:43:100::2/21024 
00:49:41.405775 OFF flow>2224 srcPort>37185 dst>fd10:43:100::2/21024 
00:49:41.425545 ON flow>2488 srcPort>41739 dst>fd10:43:100::2/21288 
00:49:41.426666 CONNECT flow>2488 srcPort>41739 dst>fd10:43:100::2/21288 
00:49:41.531260 ON flow>2496 srcPort>40733 dst>fd10:43:100::2/21296 
00:49:41.532084 CONNECT flow>2496 srcPort>40733 dst>fd10:43:100::2/21296 
00:49:41.535317 SHUTDOWN flow>2232 srcPort>35443 dst>fd10:43:100::2/21032 
00:49:41.538451 OFF flow>2232 srcPort>35443 dst>fd10:43:100::2/21032 
00:49:41.656262 ON flow>2504 srcPort>33887 dst>fd10:43:100::2/21304 
00:49:41.656408 SHUTDOWN flow>2240 srcPort>40701 dst>fd10:43:100::2/21040 
00:49:41.658941 CONNECT flow>2504 srcPort>33887 dst>fd10:43:100::2/21304 
00:49:41.660553 OFF flow>2240 srcPort>40701 dst>fd10:43:100::2/21040 
00:49:41.796430 ON flow>2512 srcPort>38621 dst>fd10:43:100::2/21312 
00:49:41.796652 CONNECT flow>2512 srcPort>38621 dst>fd10:43:100::2/21312 
00:49:41.948172 ON flow>2520 srcPort>41627 dst>fd10:43:100::2/21320 
00:49:41.948482 CONNECT flow>2520 srcPort>41627 dst>fd10:43:100::2/21320 
00:49:42.205629 SHUTDOWN flow>2248 srcPort>45361 dst>fd10:43:100::2/21048 
00:49:42.206156 OFF flow>2248 srcPort>45361 dst>fd10:43:100::2/21048 
00:49:42.380005 SHUTDOWN flow>2256 srcPort>32897 dst>fd10:43:100::2/21056 
00:49:42.381105 OFF flow>2256 srcPort>32897 dst>fd10:43:100::2/21056 
00:49:42.448505 ON flow>2528 srcPort>38019 dst>fd10:43:100::2/21328 
00:49:42.448853 CONNECT flow>2528 srcPort>38019 dst>fd10:43:100::2/21328 
00:49:42.550630 SHUTDOWN flow>2264 srcPort>39207 dst>fd10:43:100::2/21064 
00:49:42.551001 OFF flow>2264 srcPort>39207 dst>fd10:43:100::2/21064 
00:49:42.666919 SHUTDOWN flow>2272 srcPort>39489 dst>fd10:43:100::2/21072 
00:49:42.667334 OFF flow>2272 srcPort>39489 dst>fd10:43:100::2/21072 
00:49:42.698317 ON flow>2536 srcPort>33921 dst>fd10:43:100::2/21336 
00:49:42.698886 CONNECT flow>2536 srcPort>33921 dst>fd10:43:100::2/21336 
00:49:42.859513 SHUTDOWN flow>2280 srcPort>40623 dst>fd10:43:100::2/21080 
00:49:42.862248 OFF flow>2280 srcPort>40623 dst>fd10:43:100::2/21080 
00:49:42.998799 ON flow>2544 srcPort>38575 dst>fd10:43:100::2/21344 
00:49:42.999039 CONNECT flow>2544 srcPort>38575 dst>fd10:43:100::2/21344 
00:49:43.069438 ON flow>2552 srcPort>34731 dst>fd10:43:100::2/21352 
00:49:43.069843 CONNECT flow>2552 srcPort>34731 dst>fd10:43:100::2/21352 
00:49:43.166006 ON flow>2560 srcPort>46069 dst>fd10:43:100::2/21360 
00:49:43.166272 CONNECT flow>2560 srcPort>46069 dst>fd10:43:100::2/21360 
00:49:43.193813 SHUTDOWN flow>2288 srcPort>37381 dst>fd10:43:100::2/21088 
00:49:43.194549 OFF flow>2288 srcPort>37381 dst>fd10:43:100::2/21088 
00:49:43.269727 ON flow>2568 srcPort>34607 dst>fd10:43:100::2/21368 
00:49:43.270501 CONNECT flow>2568 srcPort>34607 dst>fd10:43:100::2/21368 
00:49:43.345010 ON flow>2576 srcPort>40621 dst>fd10:43:100::2/21376 
00:49:43.345199 CONNECT flow>2576 srcPort>40621 dst>fd10:43:100::2/21376 
00:49:43.385016 SHUTDOWN flow>2296 srcPort>38349 dst>fd10:43:100::2/21096 
00:49:43.392170 OFF flow>2296 srcPort>38349 dst>fd10:43:100::2/21096 
00:49:43.425764 ON flow>2584 srcPort>44709 dst>fd10:43:100::2/21384 
00:49:43.433133 CONNECT flow>2584 srcPort>44709 dst>fd10:43:100::2/21384 
00:49:43.441826 SHUTDOWN flow>2304 srcPort>36073 dst>fd10:43:100::2/21104 
00:49:43.450420 OFF flow>2304 srcPort>36073 dst>fd10:43:100::2/21104 
00:49:43.481243 ON flow>2592 srcPort>33177 dst>fd10:43:100::2/21392 
00:49:43.487305 CONNECT flow>2592 srcPort>33177 dst>fd10:43:100::2/21392 
00:49:43.501228 SHUTDOWN flow>2312 srcPort>33373 dst>fd10:43:100::2/21112 
00:49:43.544357 OFF flow>2312 srcPort>33373 dst>fd10:43:100::2/21112 
00:49:43.563710 ON flow>2600 srcPort>44775 dst>fd10:43:100::2/21400 
00:49:43.575521 CONNECT flow>2600 srcPort>44775 dst>fd10:43:100::2/21400 
00:49:43.602087 ON flow>2608 srcPort>34119 dst>fd10:43:100::2/21408 
00:49:43.606518 SHUTDOWN flow>2320 srcPort>41683 dst>fd10:43:100::2/21120 
00:49:43.617642 CONNECT flow>2608 srcPort>34119 dst>fd10:43:100::2/21408 
00:49:43.620068 OFF flow>2320 srcPort>41683 dst>fd10:43:100::2/21120 
00:49:43.665719 SHUTDOWN flow>2328 srcPort>45405 dst>fd10:43:100::2/21128 
00:49:43.668586 OFF flow>2328 srcPort>45405 dst>fd10:43:100::2/21128 
00:49:43.731988 ON flow>2616 srcPort>39541 dst>fd10:43:100::2/21416 
00:49:43.733732 CONNECT flow>2616 srcPort>39541 dst>fd10:43:100::2/21416 
00:49:43.785346 ON flow>2624 srcPort>39691 dst>fd10:43:100::2/21424 
00:49:43.785714 CONNECT flow>2624 srcPort>39691 dst>fd10:43:100::2/21424 
00:49:43.809227 SHUTDOWN flow>2336 srcPort>42867 dst>fd10:43:100::2/21136 
00:49:43.809508 OFF flow>2336 srcPort>42867 dst>fd10:43:100::2/21136 
00:49:43.882512 ON flow>2632 srcPort>43157 dst>fd10:43:100::2/21432 
00:49:43.882944 CONNECT flow>2632 srcPort>43157 dst>fd10:43:100::2/21432 
00:49:43.939744 SHUTDOWN flow>2344 srcPort>42895 dst>fd10:43:100::2/21144 
00:49:43.940458 OFF flow>2344 srcPort>42895 dst>fd10:43:100::2/21144 
00:49:44.011741 ON flow>2640 srcPort>41381 dst>fd10:43:100::2/21440 
00:49:44.012636 CONNECT flow>2640 srcPort>41381 dst>fd10:43:100::2/21440 
00:49:44.043647 SHUTDOWN flow>2352 srcPort>35253 dst>fd10:43:100::2/21152 
00:49:44.044042 OFF flow>2352 srcPort>35253 dst>fd10:43:100::2/21152 
00:49:44.167129 ON flow>2648 srcPort>40681 dst>fd10:43:100::2/21448 
00:49:44.167829 CONNECT flow>2648 srcPort>40681 dst>fd10:43:100::2/21448 
00:49:44.283633 ON flow>2656 srcPort>44005 dst>fd10:43:100::2/21456 
00:49:44.283995 CONNECT flow>2656 srcPort>44005 dst>fd10:43:100::2/21456 
00:49:44.375786 SHUTDOWN flow>2360 srcPort>33257 dst>fd10:43:100::2/21160 
00:49:44.376478 OFF flow>2360 srcPort>33257 dst>fd10:43:100::2/21160 
00:49:44.568758 ON flow>2664 srcPort>42835 dst>fd10:43:100::2/21464 
00:49:44.569165 CONNECT flow>2664 srcPort>42835 dst>fd10:43:100::2/21464 
00:49:44.571250 SHUTDOWN flow>2368 srcPort>33393 dst>fd10:43:100::2/21168 
00:49:44.571917 OFF flow>2368 srcPort>33393 dst>fd10:43:100::2/21168 
00:49:44.705132 SHUTDOWN flow>2376 srcPort>42225 dst>fd10:43:100::2/21176 
00:49:44.705598 OFF flow>2376 srcPort>42225 dst>fd10:43:100::2/21176 
00:49:44.820760 SHUTDOWN flow>2384 srcPort>46515 dst>fd10:43:100::2/21184 
00:49:44.821096 OFF flow>2384 srcPort>46515 dst>fd10:43:100::2/21184 
00:49:44.916445 SHUTDOWN flow>2392 srcPort>39801 dst>fd10:43:100::2/21192 
00:49:44.916819 OFF flow>2392 srcPort>39801 dst>fd10:43:100::2/21192 
00:49:44.969353 SHUTDOWN flow>2400 srcPort>41547 dst>fd10:43:100::2/21200 
00:49:44.969701 OFF flow>2400 srcPort>41547 dst>fd10:43:100::2/21200 
00:49:45.034920 ON flow>2672 srcPort>45955 dst>fd10:43:100::2/21472 
00:49:45.035178 CONNECT flow>2672 srcPort>45955 dst>fd10:43:100::2/21472 
00:49:45.072459 SHUTDOWN flow>2408 srcPort>44459 dst>fd10:43:100::2/21208 
00:49:45.072831 OFF flow>2408 srcPort>44459 dst>fd10:43:100::2/21208 
00:49:45.128486 SHUTDOWN flow>2416 srcPort>37415 dst>fd10:43:100::2/21216 
00:49:45.129040 OFF flow>2416 srcPort>37415 dst>fd10:43:100::2/21216 
00:49:45.197889 SHUTDOWN flow>2424 srcPort>33031 dst>fd10:43:100::2/21224 
00:49:45.198455 OFF flow>2424 srcPort>33031 dst>fd10:43:100::2/21224 
00:49:45.268067 SHUTDOWN flow>2432 srcPort>33185 dst>fd10:43:100::2/21232 
00:49:45.269144 OFF flow>2432 srcPort>33185 dst>fd10:43:100::2/21232 
00:49:45.327021 ON flow>2680 srcPort>40403 dst>fd10:43:100::2/21480 
00:49:45.327808 CONNECT flow>2680 srcPort>40403 dst>fd10:43:100::2/21480 
00:49:45.339059 SHUTDOWN flow>2440 srcPort>45683 dst>fd10:43:100::2/21240 
00:49:45.339743 OFF flow>2440 srcPort>45683 dst>fd10:43:100::2/21240 
00:49:45.419203 ON flow>2688 srcPort>41933 dst>fd10:43:100::2/21488 
00:49:45.419485 CONNECT flow>2688 srcPort>41933 dst>fd10:43:100::2/21488 
00:49:45.465762 SHUTDOWN flow>2448 srcPort>38953 dst>fd10:43:100::2/21248 
00:49:45.466093 OFF flow>2448 srcPort>38953 dst>fd10:43:100::2/21248 
00:49:45.568251 SHUTDOWN flow>2456 srcPort>42079 dst>fd10:43:100::2/21256 
00:49:45.568824 ON flow>2696 srcPort>38413 dst>fd10:43:100::2/21496 
00:49:45.568924 OFF flow>2456 srcPort>42079 dst>fd10:43:100::2/21256 
00:49:45.569251 CONNECT flow>2696 srcPort>38413 dst>fd10:43:100::2/21496 
00:49:45.632898 ON flow>2704 srcPort>34859 dst>fd10:43:100::2/21504 
00:49:45.633325 CONNECT flow>2704 srcPort>34859 dst>fd10:43:100::2/21504 
00:49:45.723805 ON flow>2712 srcPort>44377 dst>fd10:43:100::2/21512 
00:49:45.724177 CONNECT flow>2712 srcPort>44377 dst>fd10:43:100::2/21512 
00:49:45.750073 SHUTDOWN flow>2464 srcPort>38665 dst>fd10:43:100::2/21264 
00:49:45.753173 OFF flow>2464 srcPort>38665 dst>fd10:43:100::2/21264 
00:49:45.805018 ON flow>2720 srcPort>43723 dst>fd10:43:100::2/21520 
00:49:45.805521 CONNECT flow>2720 srcPort>43723 dst>fd10:43:100::2/21520 
00:49:45.885408 ON flow>2728 srcPort>41837 dst>fd10:43:100::2/21528 
00:49:45.886165 CONNECT flow>2728 srcPort>41837 dst>fd10:43:100::2/21528 
00:49:45.956172 SHUTDOWN flow>2472 srcPort>35407 dst>fd10:43:100::2/21272 
00:49:45.956601 OFF flow>2472 srcPort>35407 dst>fd10:43:100::2/21272 
00:49:46.068779 SHUTDOWN flow>2480 srcPort>46231 dst>fd10:43:100::2/21280 
00:49:46.069459 OFF flow>2480 srcPort>46231 dst>fd10:43:100::2/21280 
00:49:46.137197 ON flow>2736 srcPort>42639 dst>fd10:43:100::2/21536 
00:49:46.137566 CONNECT flow>2736 srcPort>42639 dst>fd10:43:100::2/21536 
00:49:46.225477 SHUTDOWN flow>2488 srcPort>41739 dst>fd10:43:100::2/21288 
00:49:46.225712 ON flow>2744 srcPort>40831 dst>fd10:43:100::2/21544 
00:49:46.225992 OFF flow>2488 srcPort>41739 dst>fd10:43:100::2/21288 
00:49:46.226063 CONNECT flow>2744 srcPort>40831 dst>fd10:43:100::2/21544 
00:49:46.331175 SHUTDOWN flow>2496 srcPort>40733 dst>fd10:43:100::2/21296 
00:49:46.331822 OFF flow>2496 srcPort>40733 dst>fd10:43:100::2/21296 
00:49:46.342806 ON flow>2752 srcPort>39733 dst>fd10:43:100::2/21552 
00:49:46.343042 CONNECT flow>2752 srcPort>39733 dst>fd10:43:100::2/21552 
00:49:46.380504 ON flow>2760 srcPort>35685 dst>fd10:43:100::2/21560 
00:49:46.381463 CONNECT flow>2760 srcPort>35685 dst>fd10:43:100::2/21560 
00:49:46.456185 SHUTDOWN flow>2504 srcPort>33887 dst>fd10:43:100::2/21304 
00:49:46.456878 OFF flow>2504 srcPort>33887 dst>fd10:43:100::2/21304 
00:49:46.492638 ON flow>2768 srcPort>38357 dst>fd10:43:100::2/21568 
00:49:46.495161 CONNECT flow>2768 srcPort>38357 dst>fd10:43:100::2/21568 
00:49:46.596378 SHUTDOWN flow>2512 srcPort>38621 dst>fd10:43:100::2/21312 
00:49:46.597075 OFF flow>2512 srcPort>38621 dst>fd10:43:100::2/21312 
00:49:46.602620 ON flow>2776 srcPort>41411 dst>fd10:43:100::2/21576 
00:49:46.602951 CONNECT flow>2776 srcPort>41411 dst>fd10:43:100::2/21576 
00:49:46.692124 ON flow>2784 srcPort>44337 dst>fd10:43:100::2/21584 
00:49:46.692826 CONNECT flow>2784 srcPort>44337 dst>fd10:43:100::2/21584 
00:49:46.748096 SHUTDOWN flow>2520 srcPort>41627 dst>fd10:43:100::2/21320 
00:49:46.749392 OFF flow>2520 srcPort>41627 dst>fd10:43:100::2/21320 
00:49:46.784122 ON flow>2792 srcPort>35679 dst>fd10:43:100::2/21592 
00:49:46.784377 CONNECT flow>2792 srcPort>35679 dst>fd10:43:100::2/21592 
00:49:46.954219 ON flow>2800 srcPort>33093 dst>fd10:43:100::2/21600 
00:49:46.955094 CONNECT flow>2800 srcPort>33093 dst>fd10:43:100::2/21600 
00:49:47.075123 ON flow>2808 srcPort>40711 dst>fd10:43:100::2/21608 
00:49:47.075832 CONNECT flow>2808 srcPort>40711 dst>fd10:43:100::2/21608 
00:49:47.136348 ON flow>2816 srcPort>46119 dst>fd10:43:100::2/21616 
00:49:47.136721 CONNECT flow>2816 srcPort>46119 dst>fd10:43:100::2/21616 
00:49:47.228698 ON flow>2824 srcPort>44531 dst>fd10:43:100::2/21624 
00:49:47.229063 CONNECT flow>2824 srcPort>44531 dst>fd10:43:100::2/21624 
00:49:47.248453 SHUTDOWN flow>2528 srcPort>38019 dst>fd10:43:100::2/21328 
00:49:47.248889 OFF flow>2528 srcPort>38019 dst>fd10:43:100::2/21328 
00:49:47.321196 ON flow>2832 srcPort>38247 dst>fd10:43:100::2/21632 
00:49:47.321910 CONNECT flow>2832 srcPort>38247 dst>fd10:43:100::2/21632 
00:49:47.412824 ON flow>2840 srcPort>46673 dst>fd10:43:100::2/21640 
00:49:47.413079 CONNECT flow>2840 srcPort>46673 dst>fd10:43:100::2/21640 
00:49:47.486437 ON flow>2848 srcPort>34825 dst>fd10:43:100::2/21648 
00:49:47.487952 CONNECT flow>2848 srcPort>34825 dst>fd10:43:100::2/21648 
00:49:47.498267 SHUTDOWN flow>2536 srcPort>33921 dst>fd10:43:100::2/21336 
00:49:47.502307 OFF flow>2536 srcPort>33921 dst>fd10:43:100::2/21336 
00:49:47.554325 ON flow>2856 srcPort>36767 dst>fd10:43:100::2/21656 
00:49:47.554644 CONNECT flow>2856 srcPort>36767 dst>fd10:43:100::2/21656 
00:49:47.664213 ON flow>2864 srcPort>44993 dst>fd10:43:100::2/21664 
00:49:47.664485 CONNECT flow>2864 srcPort>44993 dst>fd10:43:100::2/21664 
00:49:47.729811 ON flow>2872 srcPort>34005 dst>fd10:43:100::2/21672 
00:49:47.730417 CONNECT flow>2872 srcPort>34005 dst>fd10:43:100::2/21672 
00:49:47.766199 ON flow>2880 srcPort>44615 dst>fd10:43:100::2/21680 
00:49:47.766520 CONNECT flow>2880 srcPort>44615 dst>fd10:43:100::2/21680 
00:49:47.798763 SHUTDOWN flow>2544 srcPort>38575 dst>fd10:43:100::2/21344 
00:49:47.800009 OFF flow>2544 srcPort>38575 dst>fd10:43:100::2/21344 
00:49:47.869362 SHUTDOWN flow>2552 srcPort>34731 dst>fd10:43:100::2/21352 
00:49:47.873365 OFF flow>2552 srcPort>34731 dst>fd10:43:100::2/21352 
00:49:47.918570 ON flow>2888 srcPort>45393 dst>fd10:43:100::2/21688 
00:49:47.920441 CONNECT flow>2888 srcPort>45393 dst>fd10:43:100::2/21688 
00:49:47.965972 SHUTDOWN flow>2560 srcPort>46069 dst>fd10:43:100::2/21360 
00:49:47.987782 OFF flow>2560 srcPort>46069 dst>fd10:43:100::2/21360 
00:49:48.016928 ON flow>2896 srcPort>39239 dst>fd10:43:100::2/21696 
00:49:48.043669 CONNECT flow>2896 srcPort>39239 dst>fd10:43:100::2/21696 
00:49:48.069688 SHUTDOWN flow>2568 srcPort>34607 dst>fd10:43:100::2/21368 
00:49:48.099657 OFF flow>2568 srcPort>34607 dst>fd10:43:100::2/21368 
00:49:48.144969 SHUTDOWN flow>2576 srcPort>40621 dst>fd10:43:100::2/21376 
00:49:48.177251 OFF flow>2576 srcPort>40621 dst>fd10:43:100::2/21376 
00:49:48.225691 SHUTDOWN flow>2584 srcPort>44709 dst>fd10:43:100::2/21384 
00:49:48.259831 ON flow>2904 srcPort>40637 dst>fd10:43:100::2/21704 
00:49:48.260387 OFF flow>2584 srcPort>44709 dst>fd10:43:100::2/21384 
00:49:48.281178 SHUTDOWN flow>2592 srcPort>33177 dst>fd10:43:100::2/21392 
00:49:48.294315 CONNECT flow>2904 srcPort>40637 dst>fd10:43:100::2/21704 
00:49:48.316979 OFF flow>2592 srcPort>33177 dst>fd10:43:100::2/21392 
00:49:48.363625 SHUTDOWN flow>2600 srcPort>44775 dst>fd10:43:100::2/21400 
00:49:48.402031 SHUTDOWN flow>2608 srcPort>34119 dst>fd10:43:100::2/21408 
00:49:48.408424 OFF flow>2600 srcPort>44775 dst>fd10:43:100::2/21400 
00:49:48.452657 OFF flow>2608 srcPort>34119 dst>fd10:43:100::2/21408 
00:49:48.531931 SHUTDOWN flow>2616 srcPort>39541 dst>fd10:43:100::2/21416 
00:49:48.574923 ON flow>2912 srcPort>43419 dst>fd10:43:100::2/21712 
00:49:48.585302 SHUTDOWN flow>2624 srcPort>39691 dst>fd10:43:100::2/21424 
00:49:48.600680 OFF flow>2616 srcPort>39541 dst>fd10:43:100::2/21416 
00:49:48.619456 CONNECT flow>2912 srcPort>43419 dst>fd10:43:100::2/21712 
00:49:48.635272 OFF flow>2624 srcPort>39691 dst>fd10:43:100::2/21424 
00:49:48.682475 SHUTDOWN flow>2632 srcPort>43157 dst>fd10:43:100::2/21432 
00:49:48.811732 SHUTDOWN flow>2640 srcPort>41381 dst>fd10:43:100::2/21440 
00:49:48.830021 ON flow>2920 srcPort>37219 dst>fd10:43:100::2/21720 
00:49:48.879344 CONNECT flow>2920 srcPort>37219 dst>fd10:43:100::2/21720 
00:49:48.941431 OFF flow>2640 srcPort>41381 dst>fd10:43:100::2/21440 
00:49:48.967058 SHUTDOWN flow>2648 srcPort>40681 dst>fd10:43:100::2/21448 
00:49:48.982495 ON flow>2928 srcPort>35009 dst>fd10:43:100::2/21728 
00:49:49.016390 OFF flow>2648 srcPort>40681 dst>fd10:43:100::2/21448 
00:49:49.031436 CONNECT flow>2928 srcPort>35009 dst>fd10:43:100::2/21728 
00:49:49.083559 SHUTDOWN flow>2656 srcPort>44005 dst>fd10:43:100::2/21456 
00:49:49.098922 OFF flow>2632 srcPort>43157 dst>fd10:43:100::2/21432 
00:49:49.129665 OFF flow>2656 srcPort>44005 dst>fd10:43:100::2/21456 
00:49:49.368755 SHUTDOWN flow>2664 srcPort>42835 dst>fd10:43:100::2/21464 
00:49:49.591407 ON flow>2936 srcPort>46563 dst>fd10:43:100::2/21736 
00:49:49.645338 CONNECT flow>2936 srcPort>46563 dst>fd10:43:100::2/21736 
00:49:49.773880 ON flow>2944 srcPort>45965 dst>fd10:43:100::2/21744 
00:49:49.799647 OFF flow>2664 srcPort>42835 dst>fd10:43:100::2/21464 
00:49:49.829036 CONNECT flow>2944 srcPort>45965 dst>fd10:43:100::2/21744 
00:49:49.834893 SHUTDOWN flow>2672 srcPort>45955 dst>fd10:43:100::2/21472 
00:49:50.040790 ON flow>2952 srcPort>46809 dst>fd10:43:100::2/21752 
00:49:50.096170 CONNECT flow>2952 srcPort>46809 dst>fd10:43:100::2/21752 
00:49:50.127022 SHUTDOWN flow>2680 srcPort>40403 dst>fd10:43:100::2/21480 
00:49:50.181640 OFF flow>2680 srcPort>40403 dst>fd10:43:100::2/21480 
00:49:50.209836 OFF flow>2672 srcPort>45955 dst>fd10:43:100::2/21472 
00:49:50.219250 SHUTDOWN flow>2688 srcPort>41933 dst>fd10:43:100::2/21488 
00:49:50.233751 ON flow>2960 srcPort>41633 dst>fd10:43:100::2/21760 
00:49:50.288898 CONNECT flow>2960 srcPort>41633 dst>fd10:43:100::2/21760 
00:49:50.312751 OFF flow>2688 srcPort>41933 dst>fd10:43:100::2/21488 
00:49:50.368786 SHUTDOWN flow>2696 srcPort>38413 dst>fd10:43:100::2/21496 
00:49:50.420571 ON flow>2968 srcPort>41095 dst>fd10:43:100::2/21768 
00:49:50.432906 SHUTDOWN flow>2704 srcPort>34859 dst>fd10:43:100::2/21504 
00:49:50.475983 CONNECT flow>2968 srcPort>41095 dst>fd10:43:100::2/21768 
00:49:50.489384 OFF flow>2704 srcPort>34859 dst>fd10:43:100::2/21504 
00:49:50.523928 SHUTDOWN flow>2712 srcPort>44377 dst>fd10:43:100::2/21512 
00:49:50.583629 OFF flow>2712 srcPort>44377 dst>fd10:43:100::2/21512 
00:49:50.598152 ON flow>2976 srcPort>39959 dst>fd10:43:100::2/21776 
00:49:50.604994 SHUTDOWN flow>2720 srcPort>43723 dst>fd10:43:100::2/21520 
00:49:50.652517 CONNECT flow>2976 srcPort>39959 dst>fd10:43:100::2/21776 
00:49:50.685390 SHUTDOWN flow>2728 srcPort>41837 dst>fd10:43:100::2/21528 
00:49:50.689411 OFF flow>2720 srcPort>43723 dst>fd10:43:100::2/21520 
00:49:50.734233 OFF flow>2728 srcPort>41837 dst>fd10:43:100::2/21528 
00:49:50.791538 ON flow>2984 srcPort>46211 dst>fd10:43:100::2/21784 
00:49:50.803810 OFF flow>2696 srcPort>38413 dst>fd10:43:100::2/21496 
00:49:50.852514 CONNECT flow>2984 srcPort>46211 dst>fd10:43:100::2/21784 
00:49:50.875937 ON flow>2992 srcPort>38741 dst>fd10:43:100::2/21792 
00:49:50.929894 ON flow>3000 srcPort>45953 dst>fd10:43:100::2/21800 
00:49:50.937173 SHUTDOWN flow>2736 srcPort>42639 dst>fd10:43:100::2/21536 
00:49:50.940011 CONNECT flow>2992 srcPort>38741 dst>fd10:43:100::2/21792 
00:49:50.992969 CONNECT flow>3000 srcPort>45953 dst>fd10:43:100::2/21800 
00:49:51.023719 OFF flow>2736 srcPort>42639 dst>fd10:43:100::2/21536 
00:49:51.087996 ON flow>3008 srcPort>41763 dst>fd10:43:100::2/21808 
00:49:51.142799 SHUTDOWN flow>2752 srcPort>39733 dst>fd10:43:100::2/21552 
00:49:51.152369 CONNECT flow>3008 srcPort>41763 dst>fd10:43:100::2/21808 
00:49:51.180617 SHUTDOWN flow>2760 srcPort>35685 dst>fd10:43:100::2/21560 
00:49:51.180853 ON flow>3016 srcPort>44169 dst>fd10:43:100::2/21816 
00:49:51.187210 SHUTDOWN flow>2744 srcPort>40831 dst>fd10:43:100::2/21544 
00:49:51.247584 ON flow>3024 srcPort>45831 dst>fd10:43:100::2/21824 
00:49:51.251478 CONNECT flow>3016 srcPort>44169 dst>fd10:43:100::2/21816 
00:49:51.292863 SHUTDOWN flow>2768 srcPort>38357 dst>fd10:43:100::2/21568 
00:49:51.320137 CONNECT flow>3024 srcPort>45831 dst>fd10:43:100::2/21824 
00:49:51.402610 SHUTDOWN flow>2776 srcPort>41411 dst>fd10:43:100::2/21576 
00:49:51.450317 ON flow>3032 srcPort>39767 dst>fd10:43:100::2/21832 
00:49:51.492082 SHUTDOWN flow>2784 srcPort>44337 dst>fd10:43:100::2/21584 
00:49:51.528508 CONNECT flow>3032 srcPort>39767 dst>fd10:43:100::2/21832 
00:49:51.548718 OFF flow>2752 srcPort>39733 dst>fd10:43:100::2/21552 
00:49:51.584106 SHUTDOWN flow>2792 srcPort>35679 dst>fd10:43:100::2/21592 
00:49:51.588035 OFF flow>2784 srcPort>44337 dst>fd10:43:100::2/21584 
00:49:51.601737 OFF flow>2760 srcPort>35685 dst>fd10:43:100::2/21560 
00:49:51.604368 OFF flow>2776 srcPort>41411 dst>fd10:43:100::2/21576 
00:49:51.680312 OFF flow>2792 srcPort>35679 dst>fd10:43:100::2/21592 
00:49:51.730083 ON flow>3040 srcPort>40367 dst>fd10:43:100::2/21840 
00:49:51.754188 SHUTDOWN flow>2800 srcPort>33093 dst>fd10:43:100::2/21600 
00:49:51.814222 CONNECT flow>3040 srcPort>40367 dst>fd10:43:100::2/21840 
00:49:51.839609 OFF flow>2800 srcPort>33093 dst>fd10:43:100::2/21600 
00:49:51.875116 SHUTDOWN flow>2808 srcPort>40711 dst>fd10:43:100::2/21608 
00:49:51.936268 SHUTDOWN flow>2816 srcPort>46119 dst>fd10:43:100::2/21616 
00:49:51.979291 OFF flow>2808 srcPort>40711 dst>fd10:43:100::2/21608 
00:49:51.982042 OFF flow>2744 srcPort>40831 dst>fd10:43:100::2/21544 
00:49:52.002043 ON flow>3048 srcPort>43711 dst>fd10:43:100::2/21848 
00:49:52.017844 OFF flow>2816 srcPort>46119 dst>fd10:43:100::2/21616 
00:49:52.028725 SHUTDOWN flow>2824 srcPort>44531 dst>fd10:43:100::2/21624 
00:49:52.082668 CONNECT flow>3048 srcPort>43711 dst>fd10:43:100::2/21848 
00:49:52.109049 OFF flow>2824 srcPort>44531 dst>fd10:43:100::2/21624 
00:49:52.121269 SHUTDOWN flow>2832 srcPort>38247 dst>fd10:43:100::2/21632 
00:49:52.148281 ON flow>3056 srcPort>37007 dst>fd10:43:100::2/21856 
00:49:52.212779 SHUTDOWN flow>2840 srcPort>46673 dst>fd10:43:100::2/21640 
00:49:52.232140 CONNECT flow>3056 srcPort>37007 dst>fd10:43:100::2/21856 
00:49:52.286365 SHUTDOWN flow>2848 srcPort>34825 dst>fd10:43:100::2/21648 
00:49:52.326202 OFF flow>2768 srcPort>38357 dst>fd10:43:100::2/21568 
00:49:52.354307 SHUTDOWN flow>2856 srcPort>36767 dst>fd10:43:100::2/21656 
00:49:52.445086 ON flow>3064 srcPort>37531 dst>fd10:43:100::2/21864 
00:49:52.464167 SHUTDOWN flow>2864 srcPort>44993 dst>fd10:43:100::2/21664 
00:49:52.529704 CONNECT flow>3064 srcPort>37531 dst>fd10:43:100::2/21864 
00:49:52.529810 SHUTDOWN flow>2872 srcPort>34005 dst>fd10:43:100::2/21672 
00:49:52.566288 SHUTDOWN flow>2880 srcPort>44615 dst>fd10:43:100::2/21680 
00:49:52.613820 OFF flow>2832 srcPort>38247 dst>fd10:43:100::2/21632 
00:49:52.641932 ON flow>3072 srcPort>38645 dst>fd10:43:100::2/21872 
00:49:52.649652 OFF flow>2840 srcPort>46673 dst>fd10:43:100::2/21640 
00:49:52.670476 OFF flow>2880 srcPort>44615 dst>fd10:43:100::2/21680 
00:49:52.710563 OFF flow>2872 srcPort>34005 dst>fd10:43:100::2/21672 
00:49:52.718498 SHUTDOWN flow>2888 srcPort>45393 dst>fd10:43:100::2/21688 
00:49:52.721534 OFF flow>2848 srcPort>34825 dst>fd10:43:100::2/21648 
00:49:52.722352 CONNECT flow>3072 srcPort>38645 dst>fd10:43:100::2/21872 
00:49:52.811449 ON flow>3080 srcPort>44809 dst>fd10:43:100::2/21880 
00:49:52.816874 SHUTDOWN flow>2896 srcPort>39239 dst>fd10:43:100::2/21696 
00:49:52.886861 CONNECT flow>3080 srcPort>44809 dst>fd10:43:100::2/21880 
00:49:52.904827 OFF flow>2896 srcPort>39239 dst>fd10:43:100::2/21696 
00:49:52.990389 ON flow>3088 srcPort>35655 dst>fd10:43:100::2/21888 
00:49:52.992485 OFF flow>2888 srcPort>45393 dst>fd10:43:100::2/21688 
00:49:53.059416 SHUTDOWN flow>2904 srcPort>40637 dst>fd10:43:100::2/21704 
00:49:53.059888 CONNECT flow>3088 srcPort>35655 dst>fd10:43:100::2/21888 
00:49:53.069163 ON flow>3096 srcPort>42721 dst>fd10:43:100::2/21896 
00:49:53.134857 CONNECT flow>3096 srcPort>42721 dst>fd10:43:100::2/21896 
00:49:53.206582 OFF flow>2856 srcPort>36767 dst>fd10:43:100::2/21656 
00:49:53.213131 OFF flow>2864 srcPort>44993 dst>fd10:43:100::2/21664 
00:49:53.365167 ON flow>3104 srcPort>46007 dst>fd10:43:100::2/21904 
00:49:53.374899 SHUTDOWN flow>2912 srcPort>43419 dst>fd10:43:100::2/21712 
00:49:53.420892 OFF flow>2904 srcPort>40637 dst>fd10:43:100::2/21704 
00:49:53.428333 CONNECT flow>3104 srcPort>46007 dst>fd10:43:100::2/21904 
00:49:53.437365 OFF flow>2912 srcPort>43419 dst>fd10:43:100::2/21712 
00:49:53.522467 ON flow>3112 srcPort>38151 dst>fd10:43:100::2/21912 
00:49:53.575928 CONNECT flow>3112 srcPort>38151 dst>fd10:43:100::2/21912 
00:49:53.629878 SHUTDOWN flow>2920 srcPort>37219 dst>fd10:43:100::2/21720 
00:49:53.645580 ON flow>3120 srcPort>36459 dst>fd10:43:100::2/21920 
00:49:53.679836 OFF flow>2920 srcPort>37219 dst>fd10:43:100::2/21720 
00:49:53.690617 CONNECT flow>3120 srcPort>36459 dst>fd10:43:100::2/21920 
00:49:53.782551 SHUTDOWN flow>2928 srcPort>35009 dst>fd10:43:100::2/21728 
00:49:53.784764 ON flow>3128 srcPort>42345 dst>fd10:43:100::2/21928 
00:49:53.825806 OFF flow>2928 srcPort>35009 dst>fd10:43:100::2/21728 
00:49:53.827876 CONNECT flow>3128 srcPort>42345 dst>fd10:43:100::2/21928 
00:49:53.955674 ON flow>3136 srcPort>43881 dst>fd10:43:100::2/21936 
00:49:53.981920 CONNECT flow>3136 srcPort>43881 dst>fd10:43:100::2/21936 
00:49:54.218330 ON flow>3144 srcPort>37979 dst>fd10:43:100::2/21944 
00:49:54.224227 CONNECT flow>3144 srcPort>37979 dst>fd10:43:100::2/21944 
00:49:54.391274 SHUTDOWN flow>2936 srcPort>46563 dst>fd10:43:100::2/21736 
00:49:54.391532 ON flow>3152 srcPort>39077 dst>fd10:43:100::2/21952 
00:49:54.397755 OFF flow>2936 srcPort>46563 dst>fd10:43:100::2/21736 
00:49:54.398359 CONNECT flow>3152 srcPort>39077 dst>fd10:43:100::2/21952 
00:49:54.490107 ON flow>3160 srcPort>39693 dst>fd10:43:100::2/21960 
00:49:54.490361 CONNECT flow>3160 srcPort>39693 dst>fd10:43:100::2/21960 
00:49:54.573787 SHUTDOWN flow>2944 srcPort>45965 dst>fd10:43:100::2/21744 
00:49:54.578867 OFF flow>2944 srcPort>45965 dst>fd10:43:100::2/21744 
00:49:54.698591 ON flow>3168 srcPort>34853 dst>fd10:43:100::2/21968 
00:49:54.699527 CONNECT flow>3168 srcPort>34853 dst>fd10:43:100::2/21968 
00:49:54.840696 SHUTDOWN flow>2952 srcPort>46809 dst>fd10:43:100::2/21752 
00:49:54.841450 OFF flow>2952 srcPort>46809 dst>fd10:43:100::2/21752 
00:49:54.847983 ON flow>3176 srcPort>44769 dst>fd10:43:100::2/21976 
00:49:54.848604 CONNECT flow>3176 srcPort>44769 dst>fd10:43:100::2/21976 
00:49:54.976587 ON flow>3184 srcPort>45031 dst>fd10:43:100::2/21984 
00:49:54.985597 CONNECT flow>3184 srcPort>45031 dst>fd10:43:100::2/21984 
00:49:55.033664 SHUTDOWN flow>2960 srcPort>41633 dst>fd10:43:100::2/21760 
00:49:55.041688 OFF flow>2960 srcPort>41633 dst>fd10:43:100::2/21760 
00:49:55.116093 ON flow>3192 srcPort>33027 dst>fd10:43:100::2/21992 
00:49:55.116942 CONNECT flow>3192 srcPort>33027 dst>fd10:43:100::2/21992 
00:49:55.212166 ON flow>3200 srcPort>36061 dst>fd10:43:100::2/22000 
00:49:55.212624 CONNECT flow>3200 srcPort>36061 dst>fd10:43:100::2/22000 
00:49:55.220476 SHUTDOWN flow>2968 srcPort>41095 dst>fd10:43:100::2/21768 
00:49:55.221042 OFF flow>2968 srcPort>41095 dst>fd10:43:100::2/21768 
00:49:55.274087 ON flow>3208 srcPort>39079 dst>fd10:43:100::2/22008 
00:49:55.274415 CONNECT flow>3208 srcPort>39079 dst>fd10:43:100::2/22008 
00:49:55.328068 ON flow>3216 srcPort>45911 dst>fd10:43:100::2/22016 
00:49:55.328809 CONNECT flow>3216 srcPort>45911 dst>fd10:43:100::2/22016 
00:49:55.395269 ON flow>3224 srcPort>38755 dst>fd10:43:100::2/22024 
00:49:55.397970 SHUTDOWN flow>2976 srcPort>39959 dst>fd10:43:100::2/21776 
00:49:55.401591 OFF flow>2976 srcPort>39959 dst>fd10:43:100::2/21776 
00:49:55.411750 CONNECT flow>3224 srcPort>38755 dst>fd10:43:100::2/22024 
00:49:55.502660 ON flow>3232 srcPort>41663 dst>fd10:43:100::2/22032 
00:49:55.512871 CONNECT flow>3232 srcPort>41663 dst>fd10:43:100::2/22032 
00:49:55.554773 ON flow>3240 srcPort>35797 dst>fd10:43:100::2/22040 
00:49:55.564723 CONNECT flow>3240 srcPort>35797 dst>fd10:43:100::2/22040 
00:49:55.591385 SHUTDOWN flow>2984 srcPort>46211 dst>fd10:43:100::2/21784 
00:49:55.600013 OFF flow>2984 srcPort>46211 dst>fd10:43:100::2/21784 
00:49:55.675940 SHUTDOWN flow>2992 srcPort>38741 dst>fd10:43:100::2/21792 
00:49:55.677829 OFF flow>2992 srcPort>38741 dst>fd10:43:100::2/21792 
00:49:55.729793 SHUTDOWN flow>3000 srcPort>45953 dst>fd10:43:100::2/21800 
00:49:55.732557 OFF flow>3000 srcPort>45953 dst>fd10:43:100::2/21800 
00:49:55.774435 ON flow>3248 srcPort>35157 dst>fd10:43:100::2/22048 
00:49:55.783499 CONNECT flow>3248 srcPort>35157 dst>fd10:43:100::2/22048 
00:49:55.887916 SHUTDOWN flow>3008 srcPort>41763 dst>fd10:43:100::2/21808 
00:49:55.889720 OFF flow>3008 srcPort>41763 dst>fd10:43:100::2/21808 
00:49:55.980693 SHUTDOWN flow>3016 srcPort>44169 dst>fd10:43:100::2/21816 
00:49:55.982392 OFF flow>3016 srcPort>44169 dst>fd10:43:100::2/21816 
00:49:56.047494 SHUTDOWN flow>3024 srcPort>45831 dst>fd10:43:100::2/21824 
00:49:56.048369 OFF flow>3024 srcPort>45831 dst>fd10:43:100::2/21824 
00:49:56.106234 ON flow>3256 srcPort>46459 dst>fd10:43:100::2/22056 
00:49:56.106502 CONNECT flow>3256 srcPort>46459 dst>fd10:43:100::2/22056 
00:49:56.224242 ON flow>3264 srcPort>46151 dst>fd10:43:100::2/22064 
00:49:56.235926 CONNECT flow>3264 srcPort>46151 dst>fd10:43:100::2/22064 
00:49:56.250203 SHUTDOWN flow>3032 srcPort>39767 dst>fd10:43:100::2/21832 
00:49:56.270543 OFF flow>3032 srcPort>39767 dst>fd10:43:100::2/21832 
00:49:56.410569 ON flow>3272 srcPort>35075 dst>fd10:43:100::2/22072 
00:49:56.412231 CONNECT flow>3272 srcPort>35075 dst>fd10:43:100::2/22072 
00:49:56.529998 SHUTDOWN flow>3040 srcPort>40367 dst>fd10:43:100::2/21840 
00:49:56.530394 OFF flow>3040 srcPort>40367 dst>fd10:43:100::2/21840 
00:49:56.750491 ON flow>3280 srcPort>38525 dst>fd10:43:100::2/22080 
00:49:56.763030 CONNECT flow>3280 srcPort>38525 dst>fd10:43:100::2/22080 
00:49:56.801991 SHUTDOWN flow>3048 srcPort>43711 dst>fd10:43:100::2/21848 
00:49:56.813137 OFF flow>3048 srcPort>43711 dst>fd10:43:100::2/21848 
00:49:56.826223 ON flow>3288 srcPort>33025 dst>fd10:43:100::2/22088 
00:49:56.836551 CONNECT flow>3288 srcPort>33025 dst>fd10:43:100::2/22088 
00:49:56.885092 ON flow>3296 srcPort>45615 dst>fd10:43:100::2/22096 
00:49:56.886161 CONNECT flow>3296 srcPort>45615 dst>fd10:43:100::2/22096 
00:49:56.948096 SHUTDOWN flow>3056 srcPort>37007 dst>fd10:43:100::2/21856 
00:49:56.952278 OFF flow>3056 srcPort>37007 dst>fd10:43:100::2/21856 
00:49:56.988451 ON flow>3304 srcPort>40659 dst>fd10:43:100::2/22104 
00:49:56.989677 CONNECT flow>3304 srcPort>40659 dst>fd10:43:100::2/22104 
00:49:57.104346 ON flow>3312 srcPort>42055 dst>fd10:43:100::2/22112 
00:49:57.129616 CONNECT flow>3312 srcPort>42055 dst>fd10:43:100::2/22112 
00:49:57.245006 SHUTDOWN flow>3064 srcPort>37531 dst>fd10:43:100::2/21864 
00:49:57.276161 ON flow>3320 srcPort>33131 dst>fd10:43:100::2/22120 
00:49:57.324012 CONNECT flow>3320 srcPort>33131 dst>fd10:43:100::2/22120 
00:49:57.441891 SHUTDOWN flow>3072 srcPort>38645 dst>fd10:43:100::2/21872 
00:49:57.497137 OFF flow>3064 srcPort>37531 dst>fd10:43:100::2/21864 
00:49:57.542161 ON flow>3328 srcPort>42739 dst>fd10:43:100::2/22128 
00:49:57.603100 CONNECT flow>3328 srcPort>42739 dst>fd10:43:100::2/22128 
00:49:57.611385 SHUTDOWN flow>3080 srcPort>44809 dst>fd10:43:100::2/21880 
00:49:57.645299 ON flow>3336 srcPort>38877 dst>fd10:43:100::2/22136 
00:49:57.673681 OFF flow>3080 srcPort>44809 dst>fd10:43:100::2/21880 
00:49:57.707704 OFF flow>3072 srcPort>38645 dst>fd10:43:100::2/21872 
00:49:57.713079 CONNECT flow>3336 srcPort>38877 dst>fd10:43:100::2/22136 
00:49:57.790302 SHUTDOWN flow>3088 srcPort>35655 dst>fd10:43:100::2/21888 
00:49:57.814853 ON flow>3344 srcPort>41341 dst>fd10:43:100::2/22144 
00:49:57.837563 OFF flow>3088 srcPort>35655 dst>fd10:43:100::2/21888 
00:49:57.858779 CONNECT flow>3344 srcPort>41341 dst>fd10:43:100::2/22144 
00:49:57.869268 SHUTDOWN flow>3096 srcPort>42721 dst>fd10:43:100::2/21896 
00:49:57.926153 OFF flow>3096 srcPort>42721 dst>fd10:43:100::2/21896 
00:49:58.150343 ON flow>3352 srcPort>44547 dst>fd10:43:100::2/22152 
00:49:58.165113 SHUTDOWN flow>3104 srcPort>46007 dst>fd10:43:100::2/21904 
00:49:58.196945 CONNECT flow>3352 srcPort>44547 dst>fd10:43:100::2/22152 
00:49:58.210218 OFF flow>3104 srcPort>46007 dst>fd10:43:100::2/21904 
00:49:58.322412 SHUTDOWN flow>3112 srcPort>38151 dst>fd10:43:100::2/21912 
00:49:58.379230 OFF flow>3112 srcPort>38151 dst>fd10:43:100::2/21912 
00:49:58.386914 ON flow>3360 srcPort>36643 dst>fd10:43:100::2/22160 
00:49:58.445173 CONNECT flow>3360 srcPort>36643 dst>fd10:43:100::2/22160 
00:49:58.588365 SHUTDOWN flow>3120 srcPort>36459 dst>fd10:43:100::2/21920 
00:49:58.740208 SHUTDOWN flow>3128 srcPort>42345 dst>fd10:43:100::2/21928 
00:49:58.755610 SHUTDOWN flow>3136 srcPort>43881 dst>fd10:43:100::2/21936 
00:49:58.781578 ON flow>3368 srcPort>43447 dst>fd10:43:100::2/22168 
00:49:58.831972 CONNECT flow>3368 srcPort>43447 dst>fd10:43:100::2/22168 
00:49:58.983714 ON flow>3376 srcPort>39025 dst>fd10:43:100::2/22176 
00:49:59.018407 SHUTDOWN flow>3144 srcPort>37979 dst>fd10:43:100::2/21944 
00:49:59.044167 CONNECT flow>3376 srcPort>39025 dst>fd10:43:100::2/22176 
00:49:59.063932 OFF flow>3144 srcPort>37979 dst>fd10:43:100::2/21944 
00:49:59.114591 OFF flow>3136 srcPort>43881 dst>fd10:43:100::2/21936 
00:49:59.168328 OFF flow>3128 srcPort>42345 dst>fd10:43:100::2/21928 
00:49:59.191423 SHUTDOWN flow>3152 srcPort>39077 dst>fd10:43:100::2/21952 
00:49:59.290118 SHUTDOWN flow>3160 srcPort>39693 dst>fd10:43:100::2/21960 
00:49:59.384621 OFF flow>3120 srcPort>36459 dst>fd10:43:100::2/21920 
00:49:59.398975 OFF flow>3152 srcPort>39077 dst>fd10:43:100::2/21952 
00:49:59.498516 SHUTDOWN flow>3168 srcPort>34853 dst>fd10:43:100::2/21968 
00:49:59.585423 ON flow>3384 srcPort>36125 dst>fd10:43:100::2/22184 
00:49:59.613615 OFF flow>3168 srcPort>34853 dst>fd10:43:100::2/21968 
00:49:59.622991 CONNECT flow>3384 srcPort>36125 dst>fd10:43:100::2/22184 
00:49:59.630638 OFF flow>3160 srcPort>39693 dst>fd10:43:100::2/21960 
00:49:59.647910 SHUTDOWN flow>3176 srcPort>44769 dst>fd10:43:100::2/21976 
00:49:59.702584 OFF flow>3176 srcPort>44769 dst>fd10:43:100::2/21976 
00:49:59.775166 ON flow>3392 srcPort>44733 dst>fd10:43:100::2/22192 
00:49:59.776515 SHUTDOWN flow>3184 srcPort>45031 dst>fd10:43:100::2/21984 
00:49:59.822234 CONNECT flow>3392 srcPort>44733 dst>fd10:43:100::2/22192 
00:49:59.826427 OFF flow>3184 srcPort>45031 dst>fd10:43:100::2/21984 
00:49:59.913871 ON flow>3400 srcPort>39557 dst>fd10:43:100::2/22200 
00:49:59.916041 SHUTDOWN flow>3192 srcPort>33027 dst>fd10:43:100::2/21992 
00:49:59.960391 CONNECT flow>3400 srcPort>39557 dst>fd10:43:100::2/22200 
00:49:59.963738 OFF flow>3192 srcPort>33027 dst>fd10:43:100::2/21992 
00:50:00.012106 SHUTDOWN flow>3200 srcPort>36061 dst>fd10:43:100::2/22000 
00:50:00.054525 ON flow>3408 srcPort>46561 dst>fd10:43:100::2/22208 
00:50:00.074032 SHUTDOWN flow>3208 srcPort>39079 dst>fd10:43:100::2/22008 
00:50:00.076488 OFF flow>3200 srcPort>36061 dst>fd10:43:100::2/22000 
00:50:00.113209 CONNECT flow>3408 srcPort>46561 dst>fd10:43:100::2/22208 
00:50:00.128007 SHUTDOWN flow>3216 srcPort>45911 dst>fd10:43:100::2/22016 
00:50:00.132159 OFF flow>3208 srcPort>39079 dst>fd10:43:100::2/22008 
00:50:00.214960 ON flow>3416 srcPort>43145 dst>fd10:43:100::2/22216 
00:50:00.220584 OFF flow>3216 srcPort>45911 dst>fd10:43:100::2/22016 
00:50:00.223843 SHUTDOWN flow>3224 srcPort>38755 dst>fd10:43:100::2/22024 
00:50:00.257296 CONNECT flow>3416 srcPort>43145 dst>fd10:43:100::2/22216 
00:50:00.302609 SHUTDOWN flow>3232 srcPort>41663 dst>fd10:43:100::2/22032 
00:50:00.354721 SHUTDOWN flow>3240 srcPort>35797 dst>fd10:43:100::2/22040 
00:50:00.403467 OFF flow>3240 srcPort>35797 dst>fd10:43:100::2/22040 
00:50:00.419081 ON flow>3424 srcPort>36963 dst>fd10:43:100::2/22224 
00:50:00.456867 CONNECT flow>3424 srcPort>36963 dst>fd10:43:100::2/22224 
00:50:00.473980 OFF flow>3224 srcPort>38755 dst>fd10:43:100::2/22024 
00:50:00.513181 ON flow>3432 srcPort>45059 dst>fd10:43:100::2/22232 
00:50:00.536394 CONNECT flow>3432 srcPort>45059 dst>fd10:43:100::2/22232 
00:50:00.574315 SHUTDOWN flow>3248 srcPort>35157 dst>fd10:43:100::2/22048 
00:50:00.745145 ON flow>3440 srcPort>34003 dst>fd10:43:100::2/22240 
00:50:00.785079 CONNECT flow>3440 srcPort>34003 dst>fd10:43:100::2/22240 
00:50:00.853106 OFF flow>3232 srcPort>41663 dst>fd10:43:100::2/22032 
00:50:00.906232 SHUTDOWN flow>3256 srcPort>46459 dst>fd10:43:100::2/22056 
00:50:00.955683 OFF flow>3248 srcPort>35157 dst>fd10:43:100::2/22048 
00:50:00.975883 ON flow>3448 srcPort>36223 dst>fd10:43:100::2/22248 
00:50:01.005974 CONNECT flow>3448 srcPort>36223 dst>fd10:43:100::2/22248 
00:50:01.024115 SHUTDOWN flow>3264 srcPort>46151 dst>fd10:43:100::2/22064 
00:50:01.173241 OFF flow>3256 srcPort>46459 dst>fd10:43:100::2/22056 
00:50:01.210474 SHUTDOWN flow>3272 srcPort>35075 dst>fd10:43:100::2/22072 
00:50:01.235647 OFF flow>3264 srcPort>46151 dst>fd10:43:100::2/22064 
00:50:01.374353 ON flow>3456 srcPort>44827 dst>fd10:43:100::2/22256 
00:50:01.399079 CONNECT flow>3456 srcPort>44827 dst>fd10:43:100::2/22256 
00:50:01.550379 SHUTDOWN flow>3280 srcPort>38525 dst>fd10:43:100::2/22080 
00:50:01.564368 OFF flow>3272 srcPort>35075 dst>fd10:43:100::2/22072 
00:50:01.626008 SHUTDOWN flow>3288 srcPort>33025 dst>fd10:43:100::2/22088 
00:50:01.641889 OFF flow>3288 srcPort>33025 dst>fd10:43:100::2/22088 
00:50:01.647456 OFF flow>3280 srcPort>38525 dst>fd10:43:100::2/22080 
00:50:01.685169 SHUTDOWN flow>3296 srcPort>45615 dst>fd10:43:100::2/22096 
00:50:01.690416 OFF flow>3296 srcPort>45615 dst>fd10:43:100::2/22096 
00:50:01.788385 SHUTDOWN flow>3304 srcPort>40659 dst>fd10:43:100::2/22104 
00:50:01.788785 OFF flow>3304 srcPort>40659 dst>fd10:43:100::2/22104 
00:50:01.796730 ON flow>3464 srcPort>46791 dst>fd10:43:100::2/22264 
00:50:01.797022 CONNECT flow>3464 srcPort>46791 dst>fd10:43:100::2/22264 
00:50:01.904274 SHUTDOWN flow>3312 srcPort>42055 dst>fd10:43:100::2/22112 
00:50:01.904713 OFF flow>3312 srcPort>42055 dst>fd10:43:100::2/22112 
00:50:01.951588 ON flow>3472 srcPort>35495 dst>fd10:43:100::2/22272 
00:50:01.952032 CONNECT flow>3472 srcPort>35495 dst>fd10:43:100::2/22272 
00:50:02.066830 ON flow>3480 srcPort>38631 dst>fd10:43:100::2/22280 
00:50:02.067128 CONNECT flow>3480 srcPort>38631 dst>fd10:43:100::2/22280 
00:50:02.076082 SHUTDOWN flow>3320 srcPort>33131 dst>fd10:43:100::2/22120 
00:50:02.076408 OFF flow>3320 srcPort>33131 dst>fd10:43:100::2/22120 
00:50:02.204250 ON flow>3488 srcPort>45823 dst>fd10:43:100::2/22288 
00:50:02.204745 CONNECT flow>3488 srcPort>45823 dst>fd10:43:100::2/22288 
00:50:02.312291 ON flow>3496 srcPort>40491 dst>fd10:43:100::2/22296 
00:50:02.312691 CONNECT flow>3496 srcPort>40491 dst>fd10:43:100::2/22296 
00:50:02.341988 SHUTDOWN flow>3328 srcPort>42739 dst>fd10:43:100::2/22128 
00:50:02.342801 OFF flow>3328 srcPort>42739 dst>fd10:43:100::2/22128 
00:50:02.445181 SHUTDOWN flow>3336 srcPort>38877 dst>fd10:43:100::2/22136 
00:50:02.445649 OFF flow>3336 srcPort>38877 dst>fd10:43:100::2/22136 
00:50:02.446032 ON flow>3504 srcPort>41615 dst>fd10:43:100::2/22304 
00:50:02.446274 CONNECT flow>3504 srcPort>41615 dst>fd10:43:100::2/22304 
00:50:02.614783 SHUTDOWN flow>3344 srcPort>41341 dst>fd10:43:100::2/22144 
00:50:02.615444 OFF flow>3344 srcPort>41341 dst>fd10:43:100::2/22144 
00:50:02.622986 ON flow>3512 srcPort>46453 dst>fd10:43:100::2/22312 
00:50:02.623657 CONNECT flow>3512 srcPort>46453 dst>fd10:43:100::2/22312 
00:50:02.950100 SHUTDOWN flow>3352 srcPort>44547 dst>fd10:43:100::2/22152 
00:50:02.950831 OFF flow>3352 srcPort>44547 dst>fd10:43:100::2/22152 
00:50:03.022250 ON flow>3520 srcPort>32801 dst>fd10:43:100::2/22320 
00:50:03.022623 CONNECT flow>3520 srcPort>32801 dst>fd10:43:100::2/22320 
00:50:03.158648 ON flow>3528 srcPort>40869 dst>fd10:43:100::2/22328 
00:50:03.159083 CONNECT flow>3528 srcPort>40869 dst>fd10:43:100::2/22328 
00:50:03.186810 SHUTDOWN flow>3360 srcPort>36643 dst>fd10:43:100::2/22160 
00:50:03.187190 OFF flow>3360 srcPort>36643 dst>fd10:43:100::2/22160 
00:50:03.273168 ON flow>3536 srcPort>41193 dst>fd10:43:100::2/22336 
00:50:03.273456 CONNECT flow>3536 srcPort>41193 dst>fd10:43:100::2/22336 
00:50:03.364963 ON flow>3544 srcPort>33719 dst>fd10:43:100::2/22344 
00:50:03.365258 CONNECT flow>3544 srcPort>33719 dst>fd10:43:100::2/22344 
00:50:03.437475 ON flow>3552 srcPort>35675 dst>fd10:43:100::2/22352 
00:50:03.437737 CONNECT flow>3552 srcPort>35675 dst>fd10:43:100::2/22352 
00:50:03.503468 ON flow>3560 srcPort>44355 dst>fd10:43:100::2/22360 
00:50:03.503719 CONNECT flow>3560 srcPort>44355 dst>fd10:43:100::2/22360 
00:50:03.573984 ON flow>3568 srcPort>40073 dst>fd10:43:100::2/22368 
00:50:03.574307 CONNECT flow>3568 srcPort>40073 dst>fd10:43:100::2/22368 
00:50:03.581504 SHUTDOWN flow>3368 srcPort>43447 dst>fd10:43:100::2/22168 
00:50:03.583055 OFF flow>3368 srcPort>43447 dst>fd10:43:100::2/22168 
00:50:03.644975 ON flow>3576 srcPort>32827 dst>fd10:43:100::2/22376 
00:50:03.645318 CONNECT flow>3576 srcPort>32827 dst>fd10:43:100::2/22376 
00:50:03.783495 SHUTDOWN flow>3376 srcPort>39025 dst>fd10:43:100::2/22176 
00:50:03.783943 OFF flow>3376 srcPort>39025 dst>fd10:43:100::2/22176 
00:50:03.788139 ON flow>3584 srcPort>34773 dst>fd10:43:100::2/22384 
00:50:03.789306 CONNECT flow>3584 srcPort>34773 dst>fd10:43:100::2/22384 
00:50:03.992278 ON flow>3592 srcPort>41613 dst>fd10:43:100::2/22392 
00:50:03.993022 CONNECT flow>3592 srcPort>41613 dst>fd10:43:100::2/22392 
00:50:04.094296 ON flow>3600 srcPort>46679 dst>fd10:43:100::2/22400 
00:50:04.094692 CONNECT flow>3600 srcPort>46679 dst>fd10:43:100::2/22400 
00:50:04.223072 ON flow>3608 srcPort>37947 dst>fd10:43:100::2/22408 
00:50:04.223551 CONNECT flow>3608 srcPort>37947 dst>fd10:43:100::2/22408 
00:50:04.385309 SHUTDOWN flow>3384 srcPort>36125 dst>fd10:43:100::2/22184 
00:50:04.385653 OFF flow>3384 srcPort>36125 dst>fd10:43:100::2/22184 
00:50:04.560213 ON flow>3616 srcPort>44287 dst>fd10:43:100::2/22416 
00:50:04.560499 CONNECT flow>3616 srcPort>44287 dst>fd10:43:100::2/22416 
00:50:04.575111 SHUTDOWN flow>3392 srcPort>44733 dst>fd10:43:100::2/22192 
00:50:04.576220 OFF flow>3392 srcPort>44733 dst>fd10:43:100::2/22192 
00:50:04.713825 SHUTDOWN flow>3400 srcPort>39557 dst>fd10:43:100::2/22200 
00:50:04.714283 OFF flow>3400 srcPort>39557 dst>fd10:43:100::2/22200 
00:50:04.776483 ON flow>3624 srcPort>37375 dst>fd10:43:100::2/22424 
00:50:04.776790 CONNECT flow>3624 srcPort>37375 dst>fd10:43:100::2/22424 
00:50:04.854441 SHUTDOWN flow>3408 srcPort>46561 dst>fd10:43:100::2/22208 
00:50:04.855561 OFF flow>3408 srcPort>46561 dst>fd10:43:100::2/22208 
00:50:04.873074 ON flow>3632 srcPort>36315 dst>fd10:43:100::2/22432 
00:50:04.873423 CONNECT flow>3632 srcPort>36315 dst>fd10:43:100::2/22432 
00:50:05.012872 ON flow>3640 srcPort>42887 dst>fd10:43:100::2/22440 
00:50:05.013183 CONNECT flow>3640 srcPort>42887 dst>fd10:43:100::2/22440 
00:50:05.014838 SHUTDOWN flow>3416 srcPort>43145 dst>fd10:43:100::2/22216 
00:50:05.015592 OFF flow>3416 srcPort>43145 dst>fd10:43:100::2/22216 
00:50:05.107354 ON flow>3648 srcPort>39935 dst>fd10:43:100::2/22448 
00:50:05.107752 CONNECT flow>3648 srcPort>39935 dst>fd10:43:100::2/22448 
00:50:05.199257 ON flow>3656 srcPort>37215 dst>fd10:43:100::2/22456 
00:50:05.200049 CONNECT flow>3656 srcPort>37215 dst>fd10:43:100::2/22456 
00:50:05.218943 SHUTDOWN flow>3424 srcPort>36963 dst>fd10:43:100::2/22224 
00:50:05.219481 OFF flow>3424 srcPort>36963 dst>fd10:43:100::2/22224 
00:50:05.312939 SHUTDOWN flow>3432 srcPort>45059 dst>fd10:43:100::2/22232 
00:50:05.313423 OFF flow>3432 srcPort>45059 dst>fd10:43:100::2/22232 
00:50:05.330569 ON flow>3664 srcPort>41057 dst>fd10:43:100::2/22464 
00:50:05.331570 CONNECT flow>3664 srcPort>41057 dst>fd10:43:100::2/22464 
00:50:05.426871 ON flow>3672 srcPort>41311 dst>fd10:43:100::2/22472 
00:50:05.427565 CONNECT flow>3672 srcPort>41311 dst>fd10:43:100::2/22472 
00:50:05.475701 ON flow>3680 srcPort>39461 dst>fd10:43:100::2/22480 
00:50:05.475964 CONNECT flow>3680 srcPort>39461 dst>fd10:43:100::2/22480 
00:50:05.541713 ON flow>3688 srcPort>33447 dst>fd10:43:100::2/22488 
00:50:05.543671 CONNECT flow>3688 srcPort>33447 dst>fd10:43:100::2/22488 
00:50:05.545039 SHUTDOWN flow>3440 srcPort>34003 dst>fd10:43:100::2/22240 
00:50:05.545694 OFF flow>3440 srcPort>34003 dst>fd10:43:100::2/22240 
00:50:05.615251 ON flow>3696 srcPort>33023 dst>fd10:43:100::2/22496 
00:50:05.615721 CONNECT flow>3696 srcPort>33023 dst>fd10:43:100::2/22496 
00:50:05.676632 ON flow>3704 srcPort>41891 dst>fd10:43:100::2/22504 
00:50:05.677737 CONNECT flow>3704 srcPort>41891 dst>fd10:43:100::2/22504 
00:50:05.721699 ON flow>3712 srcPort>44019 dst>fd10:43:100::2/22512 
00:50:05.722019 CONNECT flow>3712 srcPort>44019 dst>fd10:43:100::2/22512 
00:50:05.775648 SHUTDOWN flow>3448 srcPort>36223 dst>fd10:43:100::2/22248 
00:50:05.776073 OFF flow>3448 srcPort>36223 dst>fd10:43:100::2/22248 
00:50:05.806404 ON flow>3720 srcPort>35347 dst>fd10:43:100::2/22520 
00:50:05.806683 CONNECT flow>3720 srcPort>35347 dst>fd10:43:100::2/22520 
00:50:05.939904 ON flow>3728 srcPort>36677 dst>fd10:43:100::2/22528 
00:50:05.949275 CONNECT flow>3728 srcPort>36677 dst>fd10:43:100::2/22528 
00:50:06.037373 ON flow>3736 srcPort>40715 dst>fd10:43:100::2/22536 
00:50:06.040119 CONNECT flow>3736 srcPort>40715 dst>fd10:43:100::2/22536 
00:50:06.153170 ON flow>3744 srcPort>35723 dst>fd10:43:100::2/22544 
00:50:06.154011 CONNECT flow>3744 srcPort>35723 dst>fd10:43:100::2/22544 
00:50:06.174241 SHUTDOWN flow>3456 srcPort>44827 dst>fd10:43:100::2/22256 
00:50:06.180654 OFF flow>3456 srcPort>44827 dst>fd10:43:100::2/22256 
00:50:06.310295 ON flow>3752 srcPort>39465 dst>fd10:43:100::2/22552 
00:50:06.325526 CONNECT flow>3752 srcPort>39465 dst>fd10:43:100::2/22552 
00:50:06.522605 ON flow>3760 srcPort>32931 dst>fd10:43:100::2/22560 
00:50:06.524303 CONNECT flow>3760 srcPort>32931 dst>fd10:43:100::2/22560 
00:50:06.596541 SHUTDOWN flow>3464 srcPort>46791 dst>fd10:43:100::2/22264 
00:50:06.614802 OFF flow>3464 srcPort>46791 dst>fd10:43:100::2/22264 
00:50:06.650414 ON flow>3768 srcPort>44855 dst>fd10:43:100::2/22568 
00:50:06.676036 CONNECT flow>3768 srcPort>44855 dst>fd10:43:100::2/22568 
00:50:06.717452 ON flow>3776 srcPort>35301 dst>fd10:43:100::2/22576 
00:50:06.735258 CONNECT flow>3776 srcPort>35301 dst>fd10:43:100::2/22576 
00:50:06.751573 SHUTDOWN flow>3472 srcPort>35495 dst>fd10:43:100::2/22272 
00:50:06.791040 OFF flow>3472 srcPort>35495 dst>fd10:43:100::2/22272 
00:50:06.831228 ON flow>3784 srcPort>34413 dst>fd10:43:100::2/22584 
00:50:06.866822 SHUTDOWN flow>3480 srcPort>38631 dst>fd10:43:100::2/22280 
00:50:06.881924 CONNECT flow>3784 srcPort>34413 dst>fd10:43:100::2/22584 
00:50:06.955345 OFF flow>3480 srcPort>38631 dst>fd10:43:100::2/22280 
00:50:07.004195 SHUTDOWN flow>3488 srcPort>45823 dst>fd10:43:100::2/22288 
00:50:07.041091 ON flow>3792 srcPort>33321 dst>fd10:43:100::2/22592 
00:50:07.112190 SHUTDOWN flow>3496 srcPort>40491 dst>fd10:43:100::2/22296 
00:50:07.144705 OFF flow>3488 srcPort>45823 dst>fd10:43:100::2/22288 
00:50:07.145918 CONNECT flow>3792 srcPort>33321 dst>fd10:43:100::2/22592 
00:50:07.169308 ON flow>3800 srcPort>32943 dst>fd10:43:100::2/22600 
00:50:07.226293 OFF flow>3496 srcPort>40491 dst>fd10:43:100::2/22296 
00:50:07.232267 ON flow>3808 srcPort>43085 dst>fd10:43:100::2/22608 
00:50:07.270913 CONNECT flow>3800 srcPort>32943 dst>fd10:43:100::2/22600 
00:50:07.353401 CONNECT flow>3808 srcPort>43085 dst>fd10:43:100::2/22608 
00:50:07.355511 ON flow>3816 srcPort>42485 dst>fd10:43:100::2/22616 
00:50:07.395020 SHUTDOWN flow>3504 srcPort>41615 dst>fd10:43:100::2/22304 
00:50:07.422907 SHUTDOWN flow>3512 srcPort>46453 dst>fd10:43:100::2/22312 
00:50:07.456352 CONNECT flow>3816 srcPort>42485 dst>fd10:43:100::2/22616 
00:50:07.526587 ON flow>3824 srcPort>46121 dst>fd10:43:100::2/22624 
00:50:07.633226 CONNECT flow>3824 srcPort>46121 dst>fd10:43:100::2/22624 
00:50:07.642236 ON flow>3832 srcPort>37971 dst>fd10:43:100::2/22632 
00:50:07.730484 ON flow>3840 srcPort>37149 dst>fd10:43:100::2/22640 
00:50:07.750942 CONNECT flow>3832 srcPort>37971 dst>fd10:43:100::2/22632 
00:50:07.797928 ON flow>3848 srcPort>37379 dst>fd10:43:100::2/22648 
00:50:07.822105 SHUTDOWN flow>3520 srcPort>32801 dst>fd10:43:100::2/22320 
00:50:07.823588 OFF flow>3512 srcPort>46453 dst>fd10:43:100::2/22312 
00:50:07.827321 CONNECT flow>3840 srcPort>37149 dst>fd10:43:100::2/22640 
00:50:07.829856 OFF flow>3504 srcPort>41615 dst>fd10:43:100::2/22304 
00:50:07.862258 ON flow>3856 srcPort>36913 dst>fd10:43:100::2/22656 
00:50:07.894388 CONNECT flow>3848 srcPort>37379 dst>fd10:43:100::2/22648 
00:50:07.958509 SHUTDOWN flow>3528 srcPort>40869 dst>fd10:43:100::2/22328 
00:50:07.965800 ON flow>3864 srcPort>45339 dst>fd10:43:100::2/22664 
00:50:07.966955 CONNECT flow>3856 srcPort>36913 dst>fd10:43:100::2/22656 
00:50:08.044347 ON flow>3872 srcPort>45279 dst>fd10:43:100::2/22672 
00:50:08.072204 CONNECT flow>3864 srcPort>45339 dst>fd10:43:100::2/22664 
00:50:08.073174 SHUTDOWN flow>3536 srcPort>41193 dst>fd10:43:100::2/22336 
00:50:08.137835 ON flow>3880 srcPort>34601 dst>fd10:43:100::2/22680 
00:50:08.155345 CONNECT flow>3872 srcPort>45279 dst>fd10:43:100::2/22672 
00:50:08.164940 SHUTDOWN flow>3544 srcPort>33719 dst>fd10:43:100::2/22344 
00:50:08.187827 OFF flow>3528 srcPort>40869 dst>fd10:43:100::2/22328 
00:50:08.229086 ON flow>3888 srcPort>33189 dst>fd10:43:100::2/22688 
00:50:08.250248 CONNECT flow>3880 srcPort>34601 dst>fd10:43:100::2/22680 
00:50:08.303451 SHUTDOWN flow>3560 srcPort>44355 dst>fd10:43:100::2/22360 
00:50:08.316000 SHUTDOWN flow>3552 srcPort>35675 dst>fd10:43:100::2/22352 
00:50:08.329749 CONNECT flow>3888 srcPort>33189 dst>fd10:43:100::2/22688 
00:50:08.332688 OFF flow>3544 srcPort>33719 dst>fd10:43:100::2/22344 
00:50:08.373959 SHUTDOWN flow>3568 srcPort>40073 dst>fd10:43:100::2/22368 
00:50:08.388241 OFF flow>3536 srcPort>41193 dst>fd10:43:100::2/22336 
00:50:08.395479 OFF flow>3560 srcPort>44355 dst>fd10:43:100::2/22360 
00:50:08.434380 ON flow>3896 srcPort>41655 dst>fd10:43:100::2/22696 
00:50:08.444978 SHUTDOWN flow>3576 srcPort>32827 dst>fd10:43:100::2/22376 
00:50:08.524200 CONNECT flow>3896 srcPort>41655 dst>fd10:43:100::2/22696 
00:50:08.588030 SHUTDOWN flow>3584 srcPort>34773 dst>fd10:43:100::2/22384 
00:50:08.687799 OFF flow>3584 srcPort>34773 dst>fd10:43:100::2/22384 
00:50:08.815968 ON flow>3904 srcPort>45505 dst>fd10:43:100::2/22704 
00:50:08.894237 SHUTDOWN flow>3600 srcPort>46679 dst>fd10:43:100::2/22400 
00:50:08.916147 CONNECT flow>3904 srcPort>45505 dst>fd10:43:100::2/22704 
00:50:08.928518 SHUTDOWN flow>3592 srcPort>41613 dst>fd10:43:100::2/22392 
00:50:09.023009 SHUTDOWN flow>3608 srcPort>37947 dst>fd10:43:100::2/22408 
00:50:09.104012 ON flow>3912 srcPort>37141 dst>fd10:43:100::2/22712 
00:50:09.148552 OFF flow>3576 srcPort>32827 dst>fd10:43:100::2/22376 
00:50:09.199851 OFF flow>3552 srcPort>35675 dst>fd10:43:100::2/22352 
00:50:09.205154 CONNECT flow>3912 srcPort>37141 dst>fd10:43:100::2/22712 
00:50:09.285210 OFF flow>3520 srcPort>32801 dst>fd10:43:100::2/22320 
00:50:09.294795 OFF flow>3608 srcPort>37947 dst>fd10:43:100::2/22408 
00:50:09.360123 SHUTDOWN flow>3616 srcPort>44287 dst>fd10:43:100::2/22416 
00:50:09.425874 OFF flow>3600 srcPort>46679 dst>fd10:43:100::2/22400 
00:50:09.517313 ON flow>3920 srcPort>42447 dst>fd10:43:100::2/22720 
00:50:09.616645 CONNECT flow>3920 srcPort>42447 dst>fd10:43:100::2/22720 
00:50:09.622366 OFF flow>3568 srcPort>40073 dst>fd10:43:100::2/22368 
00:50:09.636841 SHUTDOWN flow>3624 srcPort>37375 dst>fd10:43:100::2/22424 
00:50:09.673039 SHUTDOWN flow>3632 srcPort>36315 dst>fd10:43:100::2/22432 
00:50:09.812847 SHUTDOWN flow>3640 srcPort>42887 dst>fd10:43:100::2/22440 
00:50:09.836445 ON flow>3928 srcPort>33661 dst>fd10:43:100::2/22728 
00:50:09.903919 OFF flow>3640 srcPort>42887 dst>fd10:43:100::2/22440 
00:50:09.907306 SHUTDOWN flow>3648 srcPort>39935 dst>fd10:43:100::2/22448 
00:50:09.929286 CONNECT flow>3928 srcPort>33661 dst>fd10:43:100::2/22728 
00:50:09.995915 ON flow>3936 srcPort>44507 dst>fd10:43:100::2/22736 
00:50:09.999198 SHUTDOWN flow>3656 srcPort>37215 dst>fd10:43:100::2/22456 
00:50:10.003147 OFF flow>3648 srcPort>39935 dst>fd10:43:100::2/22448 
00:50:10.080617 ON flow>3944 srcPort>34435 dst>fd10:43:100::2/22744 
00:50:10.090576 CONNECT flow>3936 srcPort>44507 dst>fd10:43:100::2/22736 
00:50:10.174519 CONNECT flow>3944 srcPort>34435 dst>fd10:43:100::2/22744 
00:50:10.204970 ON flow>3952 srcPort>46863 dst>fd10:43:100::2/22752 
00:50:10.243354 OFF flow>3592 srcPort>41613 dst>fd10:43:100::2/22392 
00:50:10.245558 OFF flow>3656 srcPort>37215 dst>fd10:43:100::2/22456 
00:50:10.275777 SHUTDOWN flow>3680 srcPort>39461 dst>fd10:43:100::2/22480 
00:50:10.294233 CONNECT flow>3952 srcPort>46863 dst>fd10:43:100::2/22752 
00:50:10.304528 SHUTDOWN flow>3664 srcPort>41057 dst>fd10:43:100::2/22464 
00:50:10.309849 ON flow>3960 srcPort>40807 dst>fd10:43:100::2/22760 
00:50:10.317074 OFF flow>3632 srcPort>36315 dst>fd10:43:100::2/22432 
00:50:10.341838 SHUTDOWN flow>3688 srcPort>33447 dst>fd10:43:100::2/22488 
00:50:10.382051 OFF flow>3624 srcPort>37375 dst>fd10:43:100::2/22424 
00:50:10.407057 CONNECT flow>3960 srcPort>40807 dst>fd10:43:100::2/22760 
00:50:10.415160 ON flow>3968 srcPort>39951 dst>fd10:43:100::2/22768 
00:50:10.435982 OFF flow>3616 srcPort>44287 dst>fd10:43:100::2/22416 
00:50:10.438481 OFF flow>3688 srcPort>33447 dst>fd10:43:100::2/22488 
00:50:10.440109 SHUTDOWN flow>3672 srcPort>41311 dst>fd10:43:100::2/22472 
00:50:10.476556 SHUTDOWN flow>3704 srcPort>41891 dst>fd10:43:100::2/22504 
00:50:10.495003 ON flow>3976 srcPort>33111 dst>fd10:43:100::2/22776 
00:50:10.506740 CONNECT flow>3968 srcPort>39951 dst>fd10:43:100::2/22768 
00:50:10.521680 SHUTDOWN flow>3712 srcPort>44019 dst>fd10:43:100::2/22512 
00:50:10.591166 CONNECT flow>3976 srcPort>33111 dst>fd10:43:100::2/22776 
00:50:10.606361 SHUTDOWN flow>3720 srcPort>35347 dst>fd10:43:100::2/22520 
00:50:10.666321 ON flow>3984 srcPort>43823 dst>fd10:43:100::2/22784 
00:50:10.739662 SHUTDOWN flow>3728 srcPort>36677 dst>fd10:43:100::2/22528 
00:50:10.757815 ON flow>3992 srcPort>38611 dst>fd10:43:100::2/22792 
00:50:10.763118 CONNECT flow>3984 srcPort>43823 dst>fd10:43:100::2/22784 
00:50:10.837502 SHUTDOWN flow>3736 srcPort>40715 dst>fd10:43:100::2/22536 
00:50:10.844697 SHUTDOWN flow>3696 srcPort>33023 dst>fd10:43:100::2/22496 
00:50:10.854288 CONNECT flow>3992 srcPort>38611 dst>fd10:43:100::2/22792 
00:50:10.927046 OFF flow>3664 srcPort>41057 dst>fd10:43:100::2/22464 
00:50:10.934739 OFF flow>3736 srcPort>40715 dst>fd10:43:100::2/22536 
00:50:10.950566 ON flow>4000 srcPort>37491 dst>fd10:43:100::2/22800 
00:50:10.953008 SHUTDOWN flow>3744 srcPort>35723 dst>fd10:43:100::2/22544 
00:50:10.992153 OFF flow>3672 srcPort>41311 dst>fd10:43:100::2/22472 
00:50:11.043295 CONNECT flow>4000 srcPort>37491 dst>fd10:43:100::2/22800 
00:50:11.088923 OFF flow>3680 srcPort>39461 dst>fd10:43:100::2/22480 
00:50:11.110217 SHUTDOWN flow>3752 srcPort>39465 dst>fd10:43:100::2/22552 
00:50:11.241096 ON flow>4008 srcPort>41915 dst>fd10:43:100::2/22808 
00:50:11.334777 CONNECT flow>4008 srcPort>41915 dst>fd10:43:100::2/22808 
00:50:11.366105 OFF flow>3712 srcPort>44019 dst>fd10:43:100::2/22512 
00:50:11.399626 ON flow>4016 srcPort>35937 dst>fd10:43:100::2/22816 
00:50:11.441534 OFF flow>3728 srcPort>36677 dst>fd10:43:100::2/22528 
00:50:11.450397 SHUTDOWN flow>3768 srcPort>44855 dst>fd10:43:100::2/22568 
00:50:11.485775 CONNECT flow>4016 srcPort>35937 dst>fd10:43:100::2/22816 
00:50:11.499545 ON flow>4024 srcPort>41611 dst>fd10:43:100::2/22824 
00:50:11.581331 CONNECT flow>4024 srcPort>41611 dst>fd10:43:100::2/22824 
00:50:11.628177 OFF flow>3744 srcPort>35723 dst>fd10:43:100::2/22544 
00:50:11.631128 SHUTDOWN flow>3784 srcPort>34413 dst>fd10:43:100::2/22584 
00:50:11.660683 SHUTDOWN flow>3760 srcPort>32931 dst>fd10:43:100::2/22560 
00:50:11.701569 OFF flow>3696 srcPort>33023 dst>fd10:43:100::2/22496 
00:50:11.718202 SHUTDOWN flow>3776 srcPort>35301 dst>fd10:43:100::2/22576 
00:50:11.721377 OFF flow>3784 srcPort>34413 dst>fd10:43:100::2/22584 
00:50:11.732283 ON flow>4032 srcPort>40987 dst>fd10:43:100::2/22832 
00:50:11.829962 CONNECT flow>4032 srcPort>40987 dst>fd10:43:100::2/22832 
00:50:11.831701 OFF flow>3752 srcPort>39465 dst>fd10:43:100::2/22552 
00:50:11.840909 SHUTDOWN flow>3792 srcPort>33321 dst>fd10:43:100::2/22592 
00:50:11.966693 OFF flow>3704 srcPort>41891 dst>fd10:43:100::2/22504 
00:50:11.969215 SHUTDOWN flow>3800 srcPort>32943 dst>fd10:43:100::2/22600 
00:50:12.032059 SHUTDOWN flow>3808 srcPort>43085 dst>fd10:43:100::2/22608 
00:50:12.034886 ON flow>4040 srcPort>43265 dst>fd10:43:100::2/22840 
00:50:12.058243 OFF flow>3800 srcPort>32943 dst>fd10:43:100::2/22600 
00:50:12.110631 OFF flow>3720 srcPort>35347 dst>fd10:43:100::2/22520 
00:50:12.118580 OFF flow>3808 srcPort>43085 dst>fd10:43:100::2/22608 
00:50:12.119950 CONNECT flow>4040 srcPort>43265 dst>fd10:43:100::2/22840 
00:50:12.125641 OFF flow>3776 srcPort>35301 dst>fd10:43:100::2/22576 
00:50:12.155339 SHUTDOWN flow>3816 srcPort>42485 dst>fd10:43:100::2/22616 
00:50:12.235746 OFF flow>3816 srcPort>42485 dst>fd10:43:100::2/22616 
00:50:12.244217 ON flow>4048 srcPort>37731 dst>fd10:43:100::2/22848 
00:50:12.256023 OFF flow>3768 srcPort>44855 dst>fd10:43:100::2/22568 
00:50:12.308493 OFF flow>3760 srcPort>32931 dst>fd10:43:100::2/22560 
00:50:12.321704 CONNECT flow>4048 srcPort>37731 dst>fd10:43:100::2/22848 
00:50:12.326337 SHUTDOWN flow>3824 srcPort>46121 dst>fd10:43:100::2/22624 
00:50:12.396307 OFF flow>3824 srcPort>46121 dst>fd10:43:100::2/22624 
00:50:12.397912 ON flow>4056 srcPort>43277 dst>fd10:43:100::2/22856 
00:50:12.442121 SHUTDOWN flow>3832 srcPort>37971 dst>fd10:43:100::2/22632 
00:50:12.454492 ON flow>4064 srcPort>37619 dst>fd10:43:100::2/22864 
00:50:12.466376 CONNECT flow>4056 srcPort>43277 dst>fd10:43:100::2/22856 
00:50:12.508002 OFF flow>3832 srcPort>37971 dst>fd10:43:100::2/22632 
00:50:12.517770 CONNECT flow>4064 srcPort>37619 dst>fd10:43:100::2/22864 
00:50:12.530220 SHUTDOWN flow>3840 srcPort>37149 dst>fd10:43:100::2/22640 
00:50:12.553380 ON flow>4072 srcPort>42193 dst>fd10:43:100::2/22872 
00:50:12.568642 OFF flow>3792 srcPort>33321 dst>fd10:43:100::2/22592 
00:50:12.585809 OFF flow>3840 srcPort>37149 dst>fd10:43:100::2/22640 
00:50:12.597840 SHUTDOWN flow>3848 srcPort>37379 dst>fd10:43:100::2/22648 
00:50:12.607222 CONNECT flow>4072 srcPort>42193 dst>fd10:43:100::2/22872 
00:50:12.662114 SHUTDOWN flow>3856 srcPort>36913 dst>fd10:43:100::2/22656 
00:50:12.708777 OFF flow>3856 srcPort>36913 dst>fd10:43:100::2/22656 
00:50:12.765569 SHUTDOWN flow>3864 srcPort>45339 dst>fd10:43:100::2/22664 
00:50:12.806038 OFF flow>3848 srcPort>37379 dst>fd10:43:100::2/22648 
00:50:12.844020 SHUTDOWN flow>3872 srcPort>45279 dst>fd10:43:100::2/22672 
00:50:12.850781 ON flow>4080 srcPort>39723 dst>fd10:43:100::2/22880 
00:50:12.875304 OFF flow>3864 srcPort>45339 dst>fd10:43:100::2/22664 
00:50:12.875664 OFF flow>3872 srcPort>45279 dst>fd10:43:100::2/22672 
00:50:12.878788 CONNECT flow>4080 srcPort>39723 dst>fd10:43:100::2/22880 
00:50:12.937713 SHUTDOWN flow>3880 srcPort>34601 dst>fd10:43:100::2/22680 
00:50:12.949118 OFF flow>3880 srcPort>34601 dst>fd10:43:100::2/22680 
00:50:13.028913 SHUTDOWN flow>3888 srcPort>33189 dst>fd10:43:100::2/22688 
00:50:13.029474 OFF flow>3888 srcPort>33189 dst>fd10:43:100::2/22688 
00:50:13.068853 ON flow>4088 srcPort>33081 dst>fd10:43:100::2/22888 
00:50:13.069489 CONNECT flow>4088 srcPort>33081 dst>fd10:43:100::2/22888 
00:50:13.149420 ON flow>4096 srcPort>36949 dst>fd10:43:100::2/22896 
00:50:13.149943 CONNECT flow>4096 srcPort>36949 dst>fd10:43:100::2/22896 
00:50:13.234165 SHUTDOWN flow>3896 srcPort>41655 dst>fd10:43:100::2/22696 
00:50:13.234662 OFF flow>3896 srcPort>41655 dst>fd10:43:100::2/22696 
00:50:13.276313 ON flow>4104 srcPort>45809 dst>fd10:43:100::2/22904 
00:50:13.276610 CONNECT flow>4104 srcPort>45809 dst>fd10:43:100::2/22904 
00:50:13.414514 ON flow>4112 srcPort>46025 dst>fd10:43:100::2/22912 
00:50:13.414813 CONNECT flow>4112 srcPort>46025 dst>fd10:43:100::2/22912 
00:50:13.614134 SHUTDOWN flow>3904 srcPort>45505 dst>fd10:43:100::2/22704 
00:50:13.614901 OFF flow>3904 srcPort>45505 dst>fd10:43:100::2/22704 
00:50:13.768848 ON flow>4120 srcPort>37275 dst>fd10:43:100::2/22920 
00:50:13.769138 CONNECT flow>4120 srcPort>37275 dst>fd10:43:100::2/22920 
00:50:13.841621 ON flow>4128 srcPort>38245 dst>fd10:43:100::2/22928 
00:50:13.841949 CONNECT flow>4128 srcPort>38245 dst>fd10:43:100::2/22928 
00:50:13.903616 SHUTDOWN flow>3912 srcPort>37141 dst>fd10:43:100::2/22712 
00:50:13.904118 OFF flow>3912 srcPort>37141 dst>fd10:43:100::2/22712 
00:50:13.974039 ON flow>4136 srcPort>41643 dst>fd10:43:100::2/22936 
00:50:13.974668 CONNECT flow>4136 srcPort>41643 dst>fd10:43:100::2/22936 
00:50:14.084043 ON flow>4144 srcPort>36621 dst>fd10:43:100::2/22944 
00:50:14.084444 CONNECT flow>4144 srcPort>36621 dst>fd10:43:100::2/22944 
00:50:14.216708 ON flow>4152 srcPort>38323 dst>fd10:43:100::2/22952 
00:50:14.216957 CONNECT flow>4152 srcPort>38323 dst>fd10:43:100::2/22952 
00:50:14.317026 SHUTDOWN flow>3920 srcPort>42447 dst>fd10:43:100::2/22720 
00:50:14.318383 OFF flow>3920 srcPort>42447 dst>fd10:43:100::2/22720 
00:50:14.373984 ON flow>4160 srcPort>39031 dst>fd10:43:100::2/22960 
00:50:14.374279 CONNECT flow>4160 srcPort>39031 dst>fd10:43:100::2/22960 
00:50:14.563658 ON flow>4168 srcPort>39243 dst>fd10:43:100::2/22968 
00:50:14.564013 CONNECT flow>4168 srcPort>39243 dst>fd10:43:100::2/22968 
00:50:14.635918 SHUTDOWN flow>3928 srcPort>33661 dst>fd10:43:100::2/22728 
00:50:14.636308 OFF flow>3928 srcPort>33661 dst>fd10:43:100::2/22728 
00:50:14.792355 ON flow>4176 srcPort>43579 dst>fd10:43:100::2/22976 
00:50:14.793340 CONNECT flow>4176 srcPort>43579 dst>fd10:43:100::2/22976 
00:50:14.795713 SHUTDOWN flow>3936 srcPort>44507 dst>fd10:43:100::2/22736 
00:50:14.796054 OFF flow>3936 srcPort>44507 dst>fd10:43:100::2/22736 
00:50:14.880455 SHUTDOWN flow>3944 srcPort>34435 dst>fd10:43:100::2/22744 
00:50:14.881306 OFF flow>3944 srcPort>34435 dst>fd10:43:100::2/22744 
00:50:14.920946 ON flow>4184 srcPort>46009 dst>fd10:43:100::2/22984 
00:50:14.921362 CONNECT flow>4184 srcPort>46009 dst>fd10:43:100::2/22984 
00:50:15.004816 SHUTDOWN flow>3952 srcPort>46863 dst>fd10:43:100::2/22752 
00:50:15.005556 OFF flow>3952 srcPort>46863 dst>fd10:43:100::2/22752 
00:50:15.109724 SHUTDOWN flow>3960 srcPort>40807 dst>fd10:43:100::2/22760 
00:50:15.110233 OFF flow>3960 srcPort>40807 dst>fd10:43:100::2/22760 
00:50:15.200694 ON flow>4192 srcPort>43301 dst>fd10:43:100::2/22992 
00:50:15.200948 CONNECT flow>4192 srcPort>43301 dst>fd10:43:100::2/22992 
00:50:15.215020 SHUTDOWN flow>3968 srcPort>39951 dst>fd10:43:100::2/22768 
00:50:15.215826 OFF flow>3968 srcPort>39951 dst>fd10:43:100::2/22768 
00:50:15.294837 SHUTDOWN flow>3976 srcPort>33111 dst>fd10:43:100::2/22776 
00:50:15.295403 OFF flow>3976 srcPort>33111 dst>fd10:43:100::2/22776 
00:50:15.374862 ON flow>4200 srcPort>41139 dst>fd10:43:100::2/23000 
00:50:15.375311 CONNECT flow>4200 srcPort>41139 dst>fd10:43:100::2/23000 
00:50:15.466017 SHUTDOWN flow>3984 srcPort>43823 dst>fd10:43:100::2/22784 
00:50:15.466452 OFF flow>3984 srcPort>43823 dst>fd10:43:100::2/22784 
00:50:15.557632 SHUTDOWN flow>3992 srcPort>38611 dst>fd10:43:100::2/22792 
00:50:15.558164 OFF flow>3992 srcPort>38611 dst>fd10:43:100::2/22792 
00:50:15.612986 ON flow>4208 srcPort>38651 dst>fd10:43:100::2/23008 
00:50:15.614475 CONNECT flow>4208 srcPort>38651 dst>fd10:43:100::2/23008 
00:50:15.725761 ON flow>4216 srcPort>32857 dst>fd10:43:100::2/23016 
00:50:15.726155 CONNECT flow>4216 srcPort>32857 dst>fd10:43:100::2/23016 
00:50:15.750416 SHUTDOWN flow>4000 srcPort>37491 dst>fd10:43:100::2/22800 
00:50:15.751521 OFF flow>4000 srcPort>37491 dst>fd10:43:100::2/22800 
00:50:15.895670 ON flow>4224 srcPort>33469 dst>fd10:43:100::2/23024 
00:50:15.896511 CONNECT flow>4224 srcPort>33469 dst>fd10:43:100::2/23024 
00:50:15.953565 ON flow>4232 srcPort>43963 dst>fd10:43:100::2/23032 
00:50:15.954170 CONNECT flow>4232 srcPort>43963 dst>fd10:43:100::2/23032 
00:50:16.003156 ON flow>4240 srcPort>40825 dst>fd10:43:100::2/23040 
00:50:16.003655 CONNECT flow>4240 srcPort>40825 dst>fd10:43:100::2/23040 
00:50:16.040928 SHUTDOWN flow>4008 srcPort>41915 dst>fd10:43:100::2/22808 
00:50:16.042296 OFF flow>4008 srcPort>41915 dst>fd10:43:100::2/22808 
00:50:16.076456 ON flow>4248 srcPort>41379 dst>fd10:43:100::2/23048 
00:50:16.076730 CONNECT flow>4248 srcPort>41379 dst>fd10:43:100::2/23048 
00:50:16.134353 ON flow>4256 srcPort>32989 dst>fd10:43:100::2/23056 
00:50:16.134889 CONNECT flow>4256 srcPort>32989 dst>fd10:43:100::2/23056 
00:50:16.190525 ON flow>4264 srcPort>36179 dst>fd10:43:100::2/23064 
00:50:16.191436 CONNECT flow>4264 srcPort>36179 dst>fd10:43:100::2/23064 
00:50:16.199426 SHUTDOWN flow>4016 srcPort>35937 dst>fd10:43:100::2/22816 
00:50:16.199950 OFF flow>4016 srcPort>35937 dst>fd10:43:100::2/22816 
00:50:16.262164 ON flow>4272 srcPort>34183 dst>fd10:43:100::2/23072 
00:50:16.262515 CONNECT flow>4272 srcPort>34183 dst>fd10:43:100::2/23072 
00:50:16.299128 SHUTDOWN flow>4024 srcPort>41611 dst>fd10:43:100::2/22824 
00:50:16.300838 OFF flow>4024 srcPort>41611 dst>fd10:43:100::2/22824 
00:50:16.304429 ON flow>4280 srcPort>43757 dst>fd10:43:100::2/23080 
00:50:16.304786 CONNECT flow>4280 srcPort>43757 dst>fd10:43:100::2/23080 
00:50:16.365877 ON flow>4288 srcPort>45271 dst>fd10:43:100::2/23088 
00:50:16.370791 CONNECT flow>4288 srcPort>45271 dst>fd10:43:100::2/23088 
00:50:16.477196 ON flow>4296 srcPort>40721 dst>fd10:43:100::2/23096 
00:50:16.478692 CONNECT flow>4296 srcPort>40721 dst>fd10:43:100::2/23096 
00:50:16.532130 SHUTDOWN flow>4032 srcPort>40987 dst>fd10:43:100::2/22832 
00:50:16.537044 ON flow>4304 srcPort>34137 dst>fd10:43:100::2/23104 
00:50:16.543487 CONNECT flow>4304 srcPort>34137 dst>fd10:43:100::2/23104 
00:50:16.603673 ON flow>4312 srcPort>42555 dst>fd10:43:100::2/23112 
00:50:16.626634 CONNECT flow>4312 srcPort>42555 dst>fd10:43:100::2/23112 
00:50:16.675986 ON flow>4320 srcPort>41919 dst>fd10:43:100::2/23120 
00:50:16.707858 CONNECT flow>4320 srcPort>41919 dst>fd10:43:100::2/23120 
00:50:16.724981 OFF flow>4032 srcPort>40987 dst>fd10:43:100::2/22832 
00:50:16.834326 SHUTDOWN flow>4040 srcPort>43265 dst>fd10:43:100::2/22840 
00:50:16.840554 ON flow>4328 srcPort>37691 dst>fd10:43:100::2/23128 
00:50:16.899240 CONNECT flow>4328 srcPort>37691 dst>fd10:43:100::2/23128 
00:50:16.899670 OFF flow>4040 srcPort>43265 dst>fd10:43:100::2/22840 
00:50:16.943408 ON flow>4336 srcPort>39463 dst>fd10:43:100::2/23136 
00:50:17.024959 CONNECT flow>4336 srcPort>39463 dst>fd10:43:100::2/23136 
00:50:17.044171 SHUTDOWN flow>4048 srcPort>37731 dst>fd10:43:100::2/22848 
00:50:17.143079 OFF flow>4048 srcPort>37731 dst>fd10:43:100::2/22848 
00:50:17.175137 ON flow>4344 srcPort>45181 dst>fd10:43:100::2/23144 
00:50:17.197734 SHUTDOWN flow>4056 srcPort>43277 dst>fd10:43:100::2/22856 
00:50:17.254423 SHUTDOWN flow>4064 srcPort>37619 dst>fd10:43:100::2/22864 
00:50:17.288367 CONNECT flow>4344 srcPort>45181 dst>fd10:43:100::2/23144 
00:50:17.314534 OFF flow>4056 srcPort>43277 dst>fd10:43:100::2/22856 
00:50:17.335705 ON flow>4352 srcPort>33015 dst>fd10:43:100::2/23152 
00:50:17.353257 SHUTDOWN flow>4072 srcPort>42193 dst>fd10:43:100::2/22872 
00:50:17.366835 OFF flow>4064 srcPort>37619 dst>fd10:43:100::2/22864 
00:50:17.396130 ON flow>4360 srcPort>42631 dst>fd10:43:100::2/23160 
00:50:17.443918 CONNECT flow>4352 srcPort>33015 dst>fd10:43:100::2/23152 
00:50:17.465260 OFF flow>4072 srcPort>42193 dst>fd10:43:100::2/22872 
00:50:17.497162 ON flow>4368 srcPort>44283 dst>fd10:43:100::2/23168 
00:50:17.502286 CONNECT flow>4360 srcPort>42631 dst>fd10:43:100::2/23160 
00:50:17.565379 ON flow>4376 srcPort>45551 dst>fd10:43:100::2/23176 
00:50:17.604430 CONNECT flow>4368 srcPort>44283 dst>fd10:43:100::2/23168 
00:50:17.650641 SHUTDOWN flow>4080 srcPort>39723 dst>fd10:43:100::2/22880 
00:50:17.677128 CONNECT flow>4376 srcPort>45551 dst>fd10:43:100::2/23176 
00:50:17.696954 ON flow>4384 srcPort>41811 dst>fd10:43:100::2/23184 
00:50:17.807572 CONNECT flow>4384 srcPort>41811 dst>fd10:43:100::2/23184 
00:50:17.815709 OFF flow>4080 srcPort>39723 dst>fd10:43:100::2/22880 
00:50:17.868737 SHUTDOWN flow>4088 srcPort>33081 dst>fd10:43:100::2/22888 
00:50:17.894368 ON flow>4392 srcPort>36035 dst>fd10:43:100::2/23192 
00:50:17.949344 SHUTDOWN flow>4096 srcPort>36949 dst>fd10:43:100::2/22896 
00:50:17.981347 ON flow>4400 srcPort>45483 dst>fd10:43:100::2/23200 
00:50:17.992959 CONNECT flow>4392 srcPort>36035 dst>fd10:43:100::2/23192 
00:50:18.076268 SHUTDOWN flow>4104 srcPort>45809 dst>fd10:43:100::2/22904 
00:50:18.083888 CONNECT flow>4400 srcPort>45483 dst>fd10:43:100::2/23200 
00:50:18.153115 OFF flow>4096 srcPort>36949 dst>fd10:43:100::2/22896 
00:50:18.174600 OFF flow>4088 srcPort>33081 dst>fd10:43:100::2/22888 
00:50:18.214540 SHUTDOWN flow>4112 srcPort>46025 dst>fd10:43:100::2/22912 
00:50:18.229033 OFF flow>4104 srcPort>45809 dst>fd10:43:100::2/22904 
00:50:18.365129 ON flow>4408 srcPort>32781 dst>fd10:43:100::2/23208 
00:50:18.471041 CONNECT flow>4408 srcPort>32781 dst>fd10:43:100::2/23208 
00:50:18.524084 OFF flow>4112 srcPort>46025 dst>fd10:43:100::2/22912 
00:50:18.641545 SHUTDOWN flow>4128 srcPort>38245 dst>fd10:43:100::2/22928 
00:50:18.677049 ON flow>4416 srcPort>40239 dst>fd10:43:100::2/23216 
00:50:18.773974 SHUTDOWN flow>4136 srcPort>41643 dst>fd10:43:100::2/22936 
00:50:18.782576 ON flow>4424 srcPort>34385 dst>fd10:43:100::2/23224 
00:50:18.783636 CONNECT flow>4416 srcPort>40239 dst>fd10:43:100::2/23216 
00:50:18.879380 ON flow>4432 srcPort>42949 dst>fd10:43:100::2/23232 
00:50:18.889217 CONNECT flow>4424 srcPort>34385 dst>fd10:43:100::2/23224 
00:50:18.941513 ON flow>4440 srcPort>44907 dst>fd10:43:100::2/23240 
00:50:18.948550 OFF flow>4136 srcPort>41643 dst>fd10:43:100::2/22936 
00:50:18.955283 SHUTDOWN flow>4144 srcPort>36621 dst>fd10:43:100::2/22944 
00:50:18.959692 SHUTDOWN flow>4120 srcPort>37275 dst>fd10:43:100::2/22920 
00:50:18.971360 CONNECT flow>4432 srcPort>42949 dst>fd10:43:100::2/23232 
00:50:19.016654 SHUTDOWN flow>4152 srcPort>38323 dst>fd10:43:100::2/22952 
00:50:19.018106 ON flow>4448 srcPort>45635 dst>fd10:43:100::2/23248 
00:50:19.040322 CONNECT flow>4440 srcPort>44907 dst>fd10:43:100::2/23240 
00:50:19.130614 CONNECT flow>4448 srcPort>45635 dst>fd10:43:100::2/23248 
00:50:19.144408 ON flow>4456 srcPort>41435 dst>fd10:43:100::2/23256 
00:50:19.165185 OFF flow>4152 srcPort>38323 dst>fd10:43:100::2/22952 
00:50:19.165388 OFF flow>4128 srcPort>38245 dst>fd10:43:100::2/22928 
00:50:19.173894 SHUTDOWN flow>4160 srcPort>39031 dst>fd10:43:100::2/22960 
00:50:19.235952 CONNECT flow>4456 srcPort>41435 dst>fd10:43:100::2/23256 
00:50:19.280668 ON flow>4464 srcPort>37775 dst>fd10:43:100::2/23264 
00:50:19.362924 CONNECT flow>4464 srcPort>37775 dst>fd10:43:100::2/23264 
00:50:19.384854 ON flow>4472 srcPort>35329 dst>fd10:43:100::2/23272 
00:50:19.457022 ON flow>4480 srcPort>45713 dst>fd10:43:100::2/23280 
00:50:19.482337 CONNECT flow>4472 srcPort>35329 dst>fd10:43:100::2/23272 
00:50:19.530948 OFF flow>4144 srcPort>36621 dst>fd10:43:100::2/22944 
00:50:19.548844 CONNECT flow>4480 srcPort>45713 dst>fd10:43:100::2/23280 
00:50:19.552898 OFF flow>4120 srcPort>37275 dst>fd10:43:100::2/22920 
00:50:19.561281 ON flow>4488 srcPort>33495 dst>fd10:43:100::2/23288 
00:50:19.592254 SHUTDOWN flow>4176 srcPort>43579 dst>fd10:43:100::2/22976 
00:50:19.659015 CONNECT flow>4488 srcPort>33495 dst>fd10:43:100::2/23288 
00:50:19.720858 SHUTDOWN flow>4184 srcPort>46009 dst>fd10:43:100::2/22984 
00:50:19.746796 OFF flow>4160 srcPort>39031 dst>fd10:43:100::2/22960 
00:50:19.750621 ON flow>4496 srcPort>44031 dst>fd10:43:100::2/23296 
00:50:19.832341 CONNECT flow>4496 srcPort>44031 dst>fd10:43:100::2/23296 
00:50:19.881993 SHUTDOWN flow>4168 srcPort>39243 dst>fd10:43:100::2/22968 
00:50:20.000603 SHUTDOWN flow>4192 srcPort>43301 dst>fd10:43:100::2/22992 
00:50:20.110454 ON flow>4504 srcPort>39295 dst>fd10:43:100::2/23304 
00:50:20.174809 SHUTDOWN flow>4200 srcPort>41139 dst>fd10:43:100::2/23000 
00:50:20.219408 CONNECT flow>4504 srcPort>39295 dst>fd10:43:100::2/23304 
00:50:20.224575 OFF flow>4184 srcPort>46009 dst>fd10:43:100::2/22984 
00:50:20.308060 ON flow>4512 srcPort>35625 dst>fd10:43:100::2/23312 
00:50:20.415871 CONNECT flow>4512 srcPort>35625 dst>fd10:43:100::2/23312 
00:50:20.433000 ON flow>4520 srcPort>41813 dst>fd10:43:100::2/23320 
00:50:20.527119 CONNECT flow>4520 srcPort>41813 dst>fd10:43:100::2/23320 
00:50:20.542183 ON flow>4528 srcPort>45983 dst>fd10:43:100::2/23328 
00:50:20.571768 SHUTDOWN flow>4208 srcPort>38651 dst>fd10:43:100::2/23008 
00:50:20.607226 ON flow>4536 srcPort>40745 dst>fd10:43:100::2/23336 
00:50:20.631015 CONNECT flow>4528 srcPort>45983 dst>fd10:43:100::2/23328 
00:50:20.695619 SHUTDOWN flow>4224 srcPort>33469 dst>fd10:43:100::2/23024 
00:50:20.707824 ON flow>4544 srcPort>42589 dst>fd10:43:100::2/23344 
00:50:20.709038 CONNECT flow>4536 srcPort>40745 dst>fd10:43:100::2/23336 
00:50:20.730191 OFF flow>4192 srcPort>43301 dst>fd10:43:100::2/22992 
00:50:20.753507 SHUTDOWN flow>4232 srcPort>43963 dst>fd10:43:100::2/23032 
00:50:20.817908 CONNECT flow>4544 srcPort>42589 dst>fd10:43:100::2/23344 
00:50:20.841586 ON flow>4552 srcPort>36015 dst>fd10:43:100::2/23352 
00:50:20.876381 SHUTDOWN flow>4248 srcPort>41379 dst>fd10:43:100::2/23048 
00:50:20.934282 SHUTDOWN flow>4256 srcPort>32989 dst>fd10:43:100::2/23056 
00:50:20.943533 CONNECT flow>4552 srcPort>36015 dst>fd10:43:100::2/23352 
00:50:20.972247 SHUTDOWN flow>4216 srcPort>32857 dst>fd10:43:100::2/23016 
00:50:20.976275 OFF flow>4248 srcPort>41379 dst>fd10:43:100::2/23048 
00:50:20.990494 SHUTDOWN flow>4264 srcPort>36179 dst>fd10:43:100::2/23064 
00:50:20.998626 ON flow>4560 srcPort>40379 dst>fd10:43:100::2/23360 
00:50:21.001987 OFF flow>4168 srcPort>39243 dst>fd10:43:100::2/22968 
00:50:21.027133 OFF flow>4208 srcPort>38651 dst>fd10:43:100::2/23008 
00:50:21.102632 CONNECT flow>4560 srcPort>40379 dst>fd10:43:100::2/23360 
00:50:21.104394 SHUTDOWN flow>4280 srcPort>43757 dst>fd10:43:100::2/23080 
00:50:21.121320 ON flow>4568 srcPort>37017 dst>fd10:43:100::2/23368 
00:50:21.236344 CONNECT flow>4568 srcPort>37017 dst>fd10:43:100::2/23368 
00:50:21.244137 ON flow>4576 srcPort>36103 dst>fd10:43:100::2/23376 
00:50:21.260283 SHUTDOWN flow>4272 srcPort>34183 dst>fd10:43:100::2/23072 
00:50:21.262286 SHUTDOWN flow>4240 srcPort>40825 dst>fd10:43:100::2/23040 
00:50:21.277489 OFF flow>4176 srcPort>43579 dst>fd10:43:100::2/22976 
00:50:21.283522 OFF flow>4232 srcPort>43963 dst>fd10:43:100::2/23032 
00:50:21.315931 ON flow>4584 srcPort>41093 dst>fd10:43:100::2/23384 
00:50:21.363621 CONNECT flow>4576 srcPort>36103 dst>fd10:43:100::2/23376 
00:50:21.392822 ON flow>4592 srcPort>42035 dst>fd10:43:100::2/23392 
00:50:21.407166 OFF flow>4224 srcPort>33469 dst>fd10:43:100::2/23024 
00:50:21.416988 SHUTDOWN flow>4304 srcPort>34137 dst>fd10:43:100::2/23104 
00:50:21.420915 CONNECT flow>4584 srcPort>41093 dst>fd10:43:100::2/23384 
00:50:21.486573 SHUTDOWN flow>4288 srcPort>45271 dst>fd10:43:100::2/23088 
00:50:21.496102 CONNECT flow>4592 srcPort>42035 dst>fd10:43:100::2/23392 
00:50:21.497526 SHUTDOWN flow>4296 srcPort>40721 dst>fd10:43:100::2/23096 
00:50:21.536637 OFF flow>4264 srcPort>36179 dst>fd10:43:100::2/23064 
00:50:21.540601 ON flow>4600 srcPort>37243 dst>fd10:43:100::2/23400 
00:50:21.609760 ON flow>4608 srcPort>36525 dst>fd10:43:100::2/23408 
00:50:21.611344 SHUTDOWN flow>4320 srcPort>41919 dst>fd10:43:100::2/23120 
00:50:21.640251 CONNECT flow>4600 srcPort>37243 dst>fd10:43:100::2/23400 
00:50:21.640383 SHUTDOWN flow>4328 srcPort>37691 dst>fd10:43:100::2/23128 
00:50:21.708600 CONNECT flow>4608 srcPort>36525 dst>fd10:43:100::2/23408 
00:50:21.710333 ON flow>4616 srcPort>36011 dst>fd10:43:100::2/23416 
00:50:21.742816 SHUTDOWN flow>4336 srcPort>39463 dst>fd10:43:100::2/23136 
00:50:21.750158 OFF flow>4280 srcPort>43757 dst>fd10:43:100::2/23080 
00:50:21.789499 SHUTDOWN flow>4312 srcPort>42555 dst>fd10:43:100::2/23112 
00:50:21.811227 CONNECT flow>4616 srcPort>36011 dst>fd10:43:100::2/23416 
00:50:21.851929 ON flow>4624 srcPort>36865 dst>fd10:43:100::2/23424 
00:50:21.953190 CONNECT flow>4624 srcPort>36865 dst>fd10:43:100::2/23424 
00:50:21.974654 SHUTDOWN flow>4344 srcPort>45181 dst>fd10:43:100::2/23144 
00:50:22.030125 OFF flow>4272 srcPort>34183 dst>fd10:43:100::2/23072 
00:50:22.032435 ON flow>4632 srcPort>45197 dst>fd10:43:100::2/23432 
00:50:22.115423 ON flow>4640 srcPort>34177 dst>fd10:43:100::2/23440 
00:50:22.132775 CONNECT flow>4632 srcPort>45197 dst>fd10:43:100::2/23432 
00:50:22.135443 SHUTDOWN flow>4352 srcPort>33015 dst>fd10:43:100::2/23152 
00:50:22.204987 OFF flow>4200 srcPort>41139 dst>fd10:43:100::2/23000 
00:50:22.207840 OFF flow>4320 srcPort>41919 dst>fd10:43:100::2/23120 
00:50:22.250393 CONNECT flow>4640 srcPort>34177 dst>fd10:43:100::2/23440 
00:50:22.268554 SHUTDOWN flow>4360 srcPort>42631 dst>fd10:43:100::2/23160 
00:50:22.274529 OFF flow>4256 srcPort>32989 dst>fd10:43:100::2/23056 
00:50:22.296985 SHUTDOWN flow>4368 srcPort>44283 dst>fd10:43:100::2/23168 
00:50:22.325664 OFF flow>4240 srcPort>40825 dst>fd10:43:100::2/23040 
00:50:22.326822 ON flow>4648 srcPort>43965 dst>fd10:43:100::2/23448 
00:50:22.368013 OFF flow>4288 srcPort>45271 dst>fd10:43:100::2/23088 
00:50:22.407317 ON flow>4656 srcPort>35069 dst>fd10:43:100::2/23456 
00:50:22.428609 CONNECT flow>4648 srcPort>43965 dst>fd10:43:100::2/23448 
00:50:22.433047 OFF flow>4368 srcPort>44283 dst>fd10:43:100::2/23168 
00:50:22.462196 ON flow>4664 srcPort>33049 dst>fd10:43:100::2/23464 
00:50:22.496876 SHUTDOWN flow>4384 srcPort>41811 dst>fd10:43:100::2/23184 
00:50:22.498508 OFF flow>4336 srcPort>39463 dst>fd10:43:100::2/23136 
00:50:22.506207 ON flow>4672 srcPort>39735 dst>fd10:43:100::2/23472 
00:50:22.509213 CONNECT flow>4656 srcPort>35069 dst>fd10:43:100::2/23456 
00:50:22.565107 CONNECT flow>4664 srcPort>33049 dst>fd10:43:100::2/23464 
00:50:22.593362 SHUTDOWN flow>4376 srcPort>45551 dst>fd10:43:100::2/23176 
00:50:22.595880 OFF flow>4296 srcPort>40721 dst>fd10:43:100::2/23096 
00:50:22.602536 CONNECT flow>4672 srcPort>39735 dst>fd10:43:100::2/23472 
00:50:22.644836 ON flow>4680 srcPort>42901 dst>fd10:43:100::2/23480 
00:50:22.736563 OFF flow>4216 srcPort>32857 dst>fd10:43:100::2/23016 
00:50:22.742063 CONNECT flow>4680 srcPort>42901 dst>fd10:43:100::2/23480 
00:50:22.779942 ON flow>4688 srcPort>41961 dst>fd10:43:100::2/23488 
00:50:22.781149 SHUTDOWN flow>4400 srcPort>45483 dst>fd10:43:100::2/23200 
00:50:22.884880 CONNECT flow>4688 srcPort>41961 dst>fd10:43:100::2/23488 
00:50:22.885878 OFF flow>4400 srcPort>45483 dst>fd10:43:100::2/23200 
00:50:22.902237 OFF flow>4360 srcPort>42631 dst>fd10:43:100::2/23160 
00:50:22.983657 ON flow>4696 srcPort>41981 dst>fd10:43:100::2/23496 
00:50:22.985789 OFF flow>4312 srcPort>42555 dst>fd10:43:100::2/23112 
00:50:23.020242 SHUTDOWN flow>4392 srcPort>36035 dst>fd10:43:100::2/23192 
00:50:23.076580 CONNECT flow>4696 srcPort>41981 dst>fd10:43:100::2/23496 
00:50:23.132348 OFF flow>4344 srcPort>45181 dst>fd10:43:100::2/23144 
00:50:23.143541 ON flow>4704 srcPort>34725 dst>fd10:43:100::2/23504 
00:50:23.164991 SHUTDOWN flow>4408 srcPort>32781 dst>fd10:43:100::2/23208 
00:50:23.204306 OFF flow>4328 srcPort>37691 dst>fd10:43:100::2/23128 
00:50:23.239463 CONNECT flow>4704 srcPort>34725 dst>fd10:43:100::2/23504 
00:50:23.243036 ON flow>4712 srcPort>37555 dst>fd10:43:100::2/23512 
00:50:23.260848 OFF flow>4408 srcPort>32781 dst>fd10:43:100::2/23208 
00:50:23.309847 OFF flow>4352 srcPort>33015 dst>fd10:43:100::2/23152 
00:50:23.351819 CONNECT flow>4712 srcPort>37555 dst>fd10:43:100::2/23512 
00:50:23.368831 ON flow>4720 srcPort>40415 dst>fd10:43:100::2/23520 
00:50:23.471121 ON flow>4728 srcPort>37225 dst>fd10:43:100::2/23528 
00:50:23.474367 CONNECT flow>4720 srcPort>40415 dst>fd10:43:100::2/23520 
00:50:23.549103 SHUTDOWN flow>4416 srcPort>40239 dst>fd10:43:100::2/23216 
00:50:23.577812 CONNECT flow>4728 srcPort>37225 dst>fd10:43:100::2/23528 
00:50:23.619567 SHUTDOWN flow>4424 srcPort>34385 dst>fd10:43:100::2/23224 
00:50:23.654730 ON flow>4736 srcPort>42187 dst>fd10:43:100::2/23536 
00:50:23.679202 SHUTDOWN flow>4432 srcPort>42949 dst>fd10:43:100::2/23232 
00:50:23.708160 OFF flow>4304 srcPort>34137 dst>fd10:43:100::2/23104 
00:50:23.763568 CONNECT flow>4736 srcPort>42187 dst>fd10:43:100::2/23536 
00:50:23.775340 ON flow>4744 srcPort>38415 dst>fd10:43:100::2/23544 
00:50:23.886216 CONNECT flow>4744 srcPort>38415 dst>fd10:43:100::2/23544 
00:50:23.944250 SHUTDOWN flow>4456 srcPort>41435 dst>fd10:43:100::2/23256 
00:50:23.965738 OFF flow>4392 srcPort>36035 dst>fd10:43:100::2/23192 
00:50:23.975462 ON flow>4752 srcPort>36305 dst>fd10:43:100::2/23552 
00:50:23.996051 OFF flow>4432 srcPort>42949 dst>fd10:43:100::2/23232 
00:50:24.080568 SHUTDOWN flow>4464 srcPort>37775 dst>fd10:43:100::2/23264 
00:50:24.080876 CONNECT flow>4752 srcPort>36305 dst>fd10:43:100::2/23552 
00:50:24.126134 ON flow>4760 srcPort>42515 dst>fd10:43:100::2/23560 
00:50:24.175176 OFF flow>4464 srcPort>37775 dst>fd10:43:100::2/23264 
00:50:24.184768 SHUTDOWN flow>4472 srcPort>35329 dst>fd10:43:100::2/23272 
00:50:24.209107 OFF flow>4376 srcPort>45551 dst>fd10:43:100::2/23176 
00:50:24.231296 CONNECT flow>4760 srcPort>42515 dst>fd10:43:100::2/23560 
00:50:24.256985 SHUTDOWN flow>4480 srcPort>45713 dst>fd10:43:100::2/23280 
00:50:24.314301 OFF flow>4472 srcPort>35329 dst>fd10:43:100::2/23272 
00:50:24.344527 OFF flow>4480 srcPort>45713 dst>fd10:43:100::2/23280 
00:50:24.361159 SHUTDOWN flow>4488 srcPort>33495 dst>fd10:43:100::2/23288 
00:50:24.550457 SHUTDOWN flow>4496 srcPort>44031 dst>fd10:43:100::2/23296 
00:50:24.568853 OFF flow>4488 srcPort>33495 dst>fd10:43:100::2/23288 
00:50:24.593967 ON flow>4768 srcPort>40959 dst>fd10:43:100::2/23568 
00:50:24.599457 OFF flow>4456 srcPort>41435 dst>fd10:43:100::2/23256 
00:50:24.632583 OFF flow>4496 srcPort>44031 dst>fd10:43:100::2/23296 
00:50:24.647215 OFF flow>4416 srcPort>40239 dst>fd10:43:100::2/23216 
00:50:24.669522 CONNECT flow>4768 srcPort>40959 dst>fd10:43:100::2/23568 
00:50:24.684228 SHUTDOWN flow>4440 srcPort>44907 dst>fd10:43:100::2/23240 
00:50:24.698520 ON flow>4776 srcPort>38949 dst>fd10:43:100::2/23576 
00:50:24.729283 SHUTDOWN flow>4448 srcPort>45635 dst>fd10:43:100::2/23248 
00:50:24.741990 ON flow>4784 srcPort>36921 dst>fd10:43:100::2/23584 
00:50:24.774515 CONNECT flow>4776 srcPort>38949 dst>fd10:43:100::2/23576 
00:50:24.799639 OFF flow>4384 srcPort>41811 dst>fd10:43:100::2/23184 
00:50:24.824499 CONNECT flow>4784 srcPort>36921 dst>fd10:43:100::2/23584 
00:50:24.830429 OFF flow>4424 srcPort>34385 dst>fd10:43:100::2/23224 
00:50:24.910300 SHUTDOWN flow>4504 srcPort>39295 dst>fd10:43:100::2/23304 
00:50:24.937035 ON flow>4792 srcPort>37175 dst>fd10:43:100::2/23592 
00:50:25.001977 CONNECT flow>4792 srcPort>37175 dst>fd10:43:100::2/23592 
00:50:25.062747 ON flow>4800 srcPort>33091 dst>fd10:43:100::2/23600 
00:50:25.113238 CONNECT flow>4800 srcPort>33091 dst>fd10:43:100::2/23600 
00:50:25.130500 SHUTDOWN flow>4512 srcPort>35625 dst>fd10:43:100::2/23312 
00:50:25.161495 ON flow>4808 srcPort>42009 dst>fd10:43:100::2/23608 
00:50:25.216778 CONNECT flow>4808 srcPort>42009 dst>fd10:43:100::2/23608 
00:50:25.262031 ON flow>4816 srcPort>33089 dst>fd10:43:100::2/23616 
00:50:25.321860 CONNECT flow>4816 srcPort>33089 dst>fd10:43:100::2/23616 
00:50:25.341952 SHUTDOWN flow>4528 srcPort>45983 dst>fd10:43:100::2/23328 
00:50:25.380583 SHUTDOWN flow>4520 srcPort>41813 dst>fd10:43:100::2/23320 
00:50:25.429190 ON flow>4824 srcPort>37497 dst>fd10:43:100::2/23624 
00:50:25.471613 CONNECT flow>4824 srcPort>37497 dst>fd10:43:100::2/23624 
00:50:25.507646 SHUTDOWN flow>4544 srcPort>42589 dst>fd10:43:100::2/23344 
00:50:25.531447 SHUTDOWN flow>4536 srcPort>40745 dst>fd10:43:100::2/23336 
00:50:25.601525 ON flow>4832 srcPort>46415 dst>fd10:43:100::2/23632 
00:50:25.641494 SHUTDOWN flow>4552 srcPort>36015 dst>fd10:43:100::2/23352 
00:50:25.650458 CONNECT flow>4832 srcPort>46415 dst>fd10:43:100::2/23632 
00:50:25.685390 OFF flow>4552 srcPort>36015 dst>fd10:43:100::2/23352 
00:50:25.759922 OFF flow>4536 srcPort>40745 dst>fd10:43:100::2/23336 
00:50:25.778266 ON flow>4840 srcPort>36191 dst>fd10:43:100::2/23640 
00:50:25.798450 SHUTDOWN flow>4560 srcPort>40379 dst>fd10:43:100::2/23360 
00:50:25.813192 OFF flow>4440 srcPort>44907 dst>fd10:43:100::2/23240 
00:50:25.829279 CONNECT flow>4840 srcPort>36191 dst>fd10:43:100::2/23640 
00:50:25.868293 OFF flow>4448 srcPort>45635 dst>fd10:43:100::2/23248 
00:50:25.921092 SHUTDOWN flow>4568 srcPort>37017 dst>fd10:43:100::2/23368 
00:50:25.932378 ON flow>4848 srcPort>34641 dst>fd10:43:100::2/23648 
00:50:25.988809 CONNECT flow>4848 srcPort>34641 dst>fd10:43:100::2/23648 
00:50:26.008687 OFF flow>4528 srcPort>45983 dst>fd10:43:100::2/23328 
00:50:26.030546 OFF flow>4560 srcPort>40379 dst>fd10:43:100::2/23360 
00:50:26.087731 ON flow>4856 srcPort>41483 dst>fd10:43:100::2/23656 
00:50:26.115808 SHUTDOWN flow>4584 srcPort>41093 dst>fd10:43:100::2/23384 
00:50:26.145294 CONNECT flow>4856 srcPort>41483 dst>fd10:43:100::2/23656 
00:50:26.172661 OFF flow>4584 srcPort>41093 dst>fd10:43:100::2/23384 
00:50:26.274860 ON flow>4864 srcPort>41845 dst>fd10:43:100::2/23664 
00:50:26.285308 OFF flow>4512 srcPort>35625 dst>fd10:43:100::2/23312 
00:50:26.309221 OFF flow>4520 srcPort>41813 dst>fd10:43:100::2/23320 
00:50:26.333865 CONNECT flow>4864 srcPort>41845 dst>fd10:43:100::2/23664 
00:50:26.340512 SHUTDOWN flow>4600 srcPort>37243 dst>fd10:43:100::2/23400 
00:50:26.406571 OFF flow>4600 srcPort>37243 dst>fd10:43:100::2/23400 
00:50:26.409668 SHUTDOWN flow>4608 srcPort>36525 dst>fd10:43:100::2/23408 
00:50:26.447470 OFF flow>4504 srcPort>39295 dst>fd10:43:100::2/23304 
00:50:26.501861 SHUTDOWN flow>4592 srcPort>42035 dst>fd10:43:100::2/23392 
00:50:26.510158 SHUTDOWN flow>4616 srcPort>36011 dst>fd10:43:100::2/23416 
00:50:26.588961 ON flow>4872 srcPort>37845 dst>fd10:43:100::2/23672 
00:50:26.597316 OFF flow>4544 srcPort>42589 dst>fd10:43:100::2/23344 
00:50:26.651787 SHUTDOWN flow>4624 srcPort>36865 dst>fd10:43:100::2/23424 
00:50:26.656316 CONNECT flow>4872 srcPort>37845 dst>fd10:43:100::2/23672 
00:50:26.697876 OFF flow>4568 srcPort>37017 dst>fd10:43:100::2/23368 
00:50:26.713526 OFF flow>4624 srcPort>36865 dst>fd10:43:100::2/23424 
00:50:26.832258 SHUTDOWN flow>4632 srcPort>45197 dst>fd10:43:100::2/23432 
00:50:26.880883 OFF flow>4632 srcPort>45197 dst>fd10:43:100::2/23432 
00:50:27.048316 ON flow>4880 srcPort>46585 dst>fd10:43:100::2/23680 
00:50:27.078819 CONNECT flow>4880 srcPort>46585 dst>fd10:43:100::2/23680 
00:50:27.098704 OFF flow>4616 srcPort>36011 dst>fd10:43:100::2/23416 
00:50:27.126657 SHUTDOWN flow>4648 srcPort>43965 dst>fd10:43:100::2/23448 
00:50:27.158317 SHUTDOWN flow>4576 srcPort>36103 dst>fd10:43:100::2/23376 
00:50:27.190589 SHUTDOWN flow>4640 srcPort>34177 dst>fd10:43:100::2/23440 
00:50:27.197065 ON flow>4888 srcPort>42923 dst>fd10:43:100::2/23688 
00:50:27.200064 OFF flow>4592 srcPort>42035 dst>fd10:43:100::2/23392 
00:50:27.200214 OFF flow>4608 srcPort>36525 dst>fd10:43:100::2/23408 
00:50:27.228639 CONNECT flow>4888 srcPort>42923 dst>fd10:43:100::2/23688 
00:50:27.261851 SHUTDOWN flow>4664 srcPort>33049 dst>fd10:43:100::2/23464 
00:50:27.270389 SHUTDOWN flow>4656 srcPort>35069 dst>fd10:43:100::2/23456 
00:50:27.305850 SHUTDOWN flow>4672 srcPort>39735 dst>fd10:43:100::2/23472 
00:50:27.313339 OFF flow>4672 srcPort>39735 dst>fd10:43:100::2/23472 
00:50:27.336517 ON flow>4896 srcPort>39521 dst>fd10:43:100::2/23696 
00:50:27.338479 CONNECT flow>4896 srcPort>39521 dst>fd10:43:100::2/23696 
00:50:27.444671 SHUTDOWN flow>4680 srcPort>42901 dst>fd10:43:100::2/23480 
00:50:27.451359 OFF flow>4680 srcPort>42901 dst>fd10:43:100::2/23480 
00:50:27.557366 ON flow>4904 srcPort>33801 dst>fd10:43:100::2/23704 
00:50:27.566159 CONNECT flow>4904 srcPort>33801 dst>fd10:43:100::2/23704 
00:50:27.574751 OFF flow>4664 srcPort>33049 dst>fd10:43:100::2/23464 
00:50:27.579749 SHUTDOWN flow>4688 srcPort>41961 dst>fd10:43:100::2/23488 
00:50:27.591912 OFF flow>4688 srcPort>41961 dst>fd10:43:100::2/23488 
00:50:27.623995 OFF flow>4640 srcPort>34177 dst>fd10:43:100::2/23440 
00:50:27.629064 ON flow>4912 srcPort>45007 dst>fd10:43:100::2/23712 
00:50:27.641055 CONNECT flow>4912 srcPort>45007 dst>fd10:43:100::2/23712 
00:50:27.778519 ON flow>4920 srcPort>35703 dst>fd10:43:100::2/23720 
00:50:27.783491 SHUTDOWN flow>4696 srcPort>41981 dst>fd10:43:100::2/23496 
00:50:27.791315 CONNECT flow>4920 srcPort>35703 dst>fd10:43:100::2/23720 
00:50:27.869053 ON flow>4928 srcPort>35657 dst>fd10:43:100::2/23728 
00:50:27.890413 CONNECT flow>4928 srcPort>35657 dst>fd10:43:100::2/23728 
00:50:27.943359 SHUTDOWN flow>4704 srcPort>34725 dst>fd10:43:100::2/23504 
00:50:27.955262 OFF flow>4704 srcPort>34725 dst>fd10:43:100::2/23504 
00:50:27.998384 ON flow>4936 srcPort>36483 dst>fd10:43:100::2/23736 
00:50:28.008363 CONNECT flow>4936 srcPort>36483 dst>fd10:43:100::2/23736 
00:50:28.042849 SHUTDOWN flow>4712 srcPort>37555 dst>fd10:43:100::2/23512 
00:50:28.168667 SHUTDOWN flow>4720 srcPort>40415 dst>fd10:43:100::2/23520 
00:50:28.176043 OFF flow>4720 srcPort>40415 dst>fd10:43:100::2/23520 
00:50:28.186477 ON flow>4944 srcPort>41467 dst>fd10:43:100::2/23744 
00:50:28.214457 OFF flow>4648 srcPort>43965 dst>fd10:43:100::2/23448 
00:50:28.223706 CONNECT flow>4944 srcPort>41467 dst>fd10:43:100::2/23744 
00:50:28.270762 SHUTDOWN flow>4728 srcPort>37225 dst>fd10:43:100::2/23528 
00:50:28.334176 ON flow>4952 srcPort>42209 dst>fd10:43:100::2/23752 
00:50:28.337312 CONNECT flow>4952 srcPort>42209 dst>fd10:43:100::2/23752 
00:50:28.343816 OFF flow>4656 srcPort>35069 dst>fd10:43:100::2/23456 
00:50:28.575173 SHUTDOWN flow>4744 srcPort>38415 dst>fd10:43:100::2/23544 
00:50:28.598236 ON flow>4960 srcPort>33595 dst>fd10:43:100::2/23760 
00:50:28.641707 SHUTDOWN flow>4736 srcPort>42187 dst>fd10:43:100::2/23536 
00:50:28.760487 ON flow>4968 srcPort>33663 dst>fd10:43:100::2/23768 
00:50:28.772544 CONNECT flow>4968 srcPort>33663 dst>fd10:43:100::2/23768 
00:50:28.775270 SHUTDOWN flow>4752 srcPort>36305 dst>fd10:43:100::2/23552 
00:50:28.868724 ON flow>4976 srcPort>38287 dst>fd10:43:100::2/23776 
00:50:28.879733 CONNECT flow>4976 srcPort>38287 dst>fd10:43:100::2/23776 
00:50:28.925947 SHUTDOWN flow>4760 srcPort>42515 dst>fd10:43:100::2/23560 
00:50:28.967595 ON flow>4984 srcPort>35209 dst>fd10:43:100::2/23784 
00:50:28.975791 OFF flow>4576 srcPort>36103 dst>fd10:43:100::2/23376 
00:50:28.982759 CONNECT flow>4984 srcPort>35209 dst>fd10:43:100::2/23784 
00:50:29.063547 OFF flow>4752 srcPort>36305 dst>fd10:43:100::2/23552 
00:50:29.181750 ON flow>4992 srcPort>43625 dst>fd10:43:100::2/23792 
00:50:29.187512 CONNECT flow>4992 srcPort>43625 dst>fd10:43:100::2/23792 
00:50:29.366614 OFF flow>4728 srcPort>37225 dst>fd10:43:100::2/23528 
00:50:29.393892 SHUTDOWN flow>4768 srcPort>40959 dst>fd10:43:100::2/23568 
00:50:29.396456 ON flow>5000 srcPort>33261 dst>fd10:43:100::2/23800 
00:50:29.433174 CONNECT flow>5000 srcPort>33261 dst>fd10:43:100::2/23800 
00:50:29.474344 OFF flow>4696 srcPort>41981 dst>fd10:43:100::2/23496 
00:50:29.483876 OFF flow>4736 srcPort>42187 dst>fd10:43:100::2/23536 
00:50:29.498374 SHUTDOWN flow>4776 srcPort>38949 dst>fd10:43:100::2/23576 
00:50:29.541869 SHUTDOWN flow>4784 srcPort>36921 dst>fd10:43:100::2/23584 
00:50:29.572693 OFF flow>4744 srcPort>38415 dst>fd10:43:100::2/23544 
00:50:29.665065 ON flow>5008 srcPort>39481 dst>fd10:43:100::2/23808 
00:50:29.665093 CONNECT flow>4960 srcPort>33595 dst>fd10:43:100::2/23760 
00:50:29.710152 CONNECT flow>5008 srcPort>39481 dst>fd10:43:100::2/23808 
00:50:29.763701 ON flow>5016 srcPort>35977 dst>fd10:43:100::2/23816 
00:50:29.796948 CONNECT flow>5016 srcPort>35977 dst>fd10:43:100::2/23816 
00:50:29.821570 SHUTDOWN flow>4792 srcPort>37175 dst>fd10:43:100::2/23592 
00:50:29.863145 OFF flow>4712 srcPort>37555 dst>fd10:43:100::2/23512 
00:50:29.866751 ON flow>5024 srcPort>37157 dst>fd10:43:100::2/23824 
00:50:29.886403 CONNECT flow>5024 srcPort>37157 dst>fd10:43:100::2/23824 
00:50:29.972849 ON flow>5032 srcPort>38623 dst>fd10:43:100::2/23832 
00:50:29.983193 CONNECT flow>5032 srcPort>38623 dst>fd10:43:100::2/23832 
00:50:29.990937 SHUTDOWN flow>4800 srcPort>33091 dst>fd10:43:100::2/23600 
00:50:30.010702 ON flow>5040 srcPort>38477 dst>fd10:43:100::2/23840 
00:50:30.017577 CONNECT flow>5040 srcPort>38477 dst>fd10:43:100::2/23840 
00:50:30.046116 OFF flow>4768 srcPort>40959 dst>fd10:43:100::2/23568 
00:50:30.061976 SHUTDOWN flow>4816 srcPort>33089 dst>fd10:43:100::2/23616 
00:50:30.065498 SHUTDOWN flow>4808 srcPort>42009 dst>fd10:43:100::2/23608 
00:50:30.069994 ON flow>5048 srcPort>46517 dst>fd10:43:100::2/23848 
00:50:30.083205 CONNECT flow>5048 srcPort>46517 dst>fd10:43:100::2/23848 
00:50:30.147092 ON flow>5056 srcPort>44545 dst>fd10:43:100::2/23856 
00:50:30.157025 OFF flow>4784 srcPort>36921 dst>fd10:43:100::2/23584 
00:50:30.173022 CONNECT flow>5056 srcPort>44545 dst>fd10:43:100::2/23856 
00:50:30.225646 ON flow>5064 srcPort>38129 dst>fd10:43:100::2/23864 
00:50:30.229029 SHUTDOWN flow>4824 srcPort>37497 dst>fd10:43:100::2/23624 
00:50:30.240394 CONNECT flow>5064 srcPort>38129 dst>fd10:43:100::2/23864 
00:50:30.249368 OFF flow>4824 srcPort>37497 dst>fd10:43:100::2/23624 
00:50:30.286142 OFF flow>4792 srcPort>37175 dst>fd10:43:100::2/23592 
00:50:30.302065 ON flow>5072 srcPort>37039 dst>fd10:43:100::2/23872 
00:50:30.322973 CONNECT flow>5072 srcPort>37039 dst>fd10:43:100::2/23872 
00:50:30.338334 ON flow>5080 srcPort>41125 dst>fd10:43:100::2/23880 
00:50:30.363208 CONNECT flow>5080 srcPort>41125 dst>fd10:43:100::2/23880 
00:50:30.401352 SHUTDOWN flow>4832 srcPort>46415 dst>fd10:43:100::2/23632 
00:50:30.421837 ON flow>5088 srcPort>34239 dst>fd10:43:100::2/23888 
00:50:30.464467 CONNECT flow>5088 srcPort>34239 dst>fd10:43:100::2/23888 
00:50:30.479705 OFF flow>4808 srcPort>42009 dst>fd10:43:100::2/23608 
00:50:30.491844 OFF flow>4760 srcPort>42515 dst>fd10:43:100::2/23560 
00:50:30.539576 OFF flow>4776 srcPort>38949 dst>fd10:43:100::2/23576 
00:50:30.557256 OFF flow>4800 srcPort>33091 dst>fd10:43:100::2/23600 
00:50:30.568771 ON flow>5096 srcPort>43877 dst>fd10:43:100::2/23896 
00:50:30.587287 OFF flow>4816 srcPort>33089 dst>fd10:43:100::2/23616 
00:50:30.597344 CONNECT flow>5096 srcPort>43877 dst>fd10:43:100::2/23896 
00:50:30.668694 ON flow>5104 srcPort>34275 dst>fd10:43:100::2/23904 
00:50:30.697449 CONNECT flow>5104 srcPort>34275 dst>fd10:43:100::2/23904 
00:50:30.732260 SHUTDOWN flow>4848 srcPort>34641 dst>fd10:43:100::2/23648 
00:50:30.765070 OFF flow>4848 srcPort>34641 dst>fd10:43:100::2/23648 
00:50:30.785118 ON flow>5112 srcPort>33871 dst>fd10:43:100::2/23912 
00:50:30.828839 CONNECT flow>5112 srcPort>33871 dst>fd10:43:100::2/23912 
00:50:30.861510 SHUTDOWN flow>4840 srcPort>36191 dst>fd10:43:100::2/23640 
00:50:30.887583 SHUTDOWN flow>4856 srcPort>41483 dst>fd10:43:100::2/23656 
00:50:31.018533 ON flow>5120 srcPort>41973 dst>fd10:43:100::2/23920 
00:50:31.056911 CONNECT flow>5120 srcPort>41973 dst>fd10:43:100::2/23920 
00:50:31.074693 SHUTDOWN flow>4864 srcPort>41845 dst>fd10:43:100::2/23664 
00:50:31.143406 ON flow>5128 srcPort>44467 dst>fd10:43:100::2/23928 
00:50:31.171506 CONNECT flow>5128 srcPort>44467 dst>fd10:43:100::2/23928 
00:50:31.298827 ON flow>5136 srcPort>43671 dst>fd10:43:100::2/23936 
00:50:31.338892 CONNECT flow>5136 srcPort>43671 dst>fd10:43:100::2/23936 
00:50:31.388770 SHUTDOWN flow>4872 srcPort>37845 dst>fd10:43:100::2/23672 
00:50:31.417107 OFF flow>4872 srcPort>37845 dst>fd10:43:100::2/23672 
00:50:31.459856 ON flow>5144 srcPort>36189 dst>fd10:43:100::2/23944 
00:50:31.498249 CONNECT flow>5144 srcPort>36189 dst>fd10:43:100::2/23944 
00:50:31.510347 OFF flow>4840 srcPort>36191 dst>fd10:43:100::2/23640 
00:50:31.719370 OFF flow>4856 srcPort>41483 dst>fd10:43:100::2/23656 
00:50:31.731369 ON flow>5152 srcPort>36213 dst>fd10:43:100::2/23952 
00:50:31.776746 CONNECT flow>5152 srcPort>36213 dst>fd10:43:100::2/23952 
00:50:31.877373 OFF flow>4864 srcPort>41845 dst>fd10:43:100::2/23664 
00:50:31.890953 ON flow>5160 srcPort>43303 dst>fd10:43:100::2/23960 
00:50:31.938402 SHUTDOWN flow>4880 srcPort>46585 dst>fd10:43:100::2/23680 
00:50:31.938683 CONNECT flow>5160 srcPort>43303 dst>fd10:43:100::2/23960 
00:50:31.996869 SHUTDOWN flow>4888 srcPort>42923 dst>fd10:43:100::2/23688 
00:50:32.136302 SHUTDOWN flow>4896 srcPort>39521 dst>fd10:43:100::2/23696 
00:50:32.141810 OFF flow>4880 srcPort>46585 dst>fd10:43:100::2/23680 
00:50:32.228826 OFF flow>4896 srcPort>39521 dst>fd10:43:100::2/23696 
00:50:32.269881 ON flow>5168 srcPort>39505 dst>fd10:43:100::2/23968 
00:50:32.312245 OFF flow>4888 srcPort>42923 dst>fd10:43:100::2/23688 
00:50:32.324005 CONNECT flow>5168 srcPort>39505 dst>fd10:43:100::2/23968 
00:50:32.365875 SHUTDOWN flow>4904 srcPort>33801 dst>fd10:43:100::2/23704 
00:50:32.428980 SHUTDOWN flow>4912 srcPort>45007 dst>fd10:43:100::2/23712 
00:50:32.551253 ON flow>5176 srcPort>42983 dst>fd10:43:100::2/23976 
00:50:32.557849 OFF flow>4904 srcPort>33801 dst>fd10:43:100::2/23704 
00:50:32.578395 SHUTDOWN flow>4920 srcPort>35703 dst>fd10:43:100::2/23720 
00:50:32.607169 CONNECT flow>5176 srcPort>42983 dst>fd10:43:100::2/23976 
00:50:32.612012 OFF flow>4912 srcPort>45007 dst>fd10:43:100::2/23712 
00:50:32.669090 SHUTDOWN flow>4928 srcPort>35657 dst>fd10:43:100::2/23728 
00:50:32.858127 ON flow>5184 srcPort>40919 dst>fd10:43:100::2/23984 
00:50:32.914338 CONNECT flow>5184 srcPort>40919 dst>fd10:43:100::2/23984 
00:50:32.931581 OFF flow>4832 srcPort>46415 dst>fd10:43:100::2/23632 
00:50:32.986280 SHUTDOWN flow>4944 srcPort>41467 dst>fd10:43:100::2/23744 
00:50:32.993632 SHUTDOWN flow>4936 srcPort>36483 dst>fd10:43:100::2/23736 
00:50:33.011619 ON flow>5192 srcPort>44197 dst>fd10:43:100::2/23992 
00:50:33.056543 CONNECT flow>5192 srcPort>44197 dst>fd10:43:100::2/23992 
00:50:33.134001 SHUTDOWN flow>4952 srcPort>42209 dst>fd10:43:100::2/23752 
00:50:33.165536 ON flow>5200 srcPort>44371 dst>fd10:43:100::2/24000 
00:50:33.176812 OFF flow>4952 srcPort>42209 dst>fd10:43:100::2/23752 
00:50:33.209223 OFF flow>4920 srcPort>35703 dst>fd10:43:100::2/23720 
00:50:33.209657 CONNECT flow>5200 srcPort>44371 dst>fd10:43:100::2/24000 
00:50:33.322703 OFF flow>4936 srcPort>36483 dst>fd10:43:100::2/23736 
00:50:33.336003 ON flow>5208 srcPort>42043 dst>fd10:43:100::2/24008 
00:50:33.374249 CONNECT flow>5208 srcPort>42043 dst>fd10:43:100::2/24008 
00:50:33.398133 SHUTDOWN flow>4960 srcPort>33595 dst>fd10:43:100::2/23760 
00:50:33.459219 OFF flow>4928 srcPort>35657 dst>fd10:43:100::2/23728 
00:50:33.482096 OFF flow>4944 srcPort>41467 dst>fd10:43:100::2/23744 
00:50:33.499421 ON flow>5216 srcPort>37057 dst>fd10:43:100::2/24016 
00:50:33.548397 CONNECT flow>5216 srcPort>37057 dst>fd10:43:100::2/24016 
00:50:33.560394 SHUTDOWN flow>4968 srcPort>33663 dst>fd10:43:100::2/23768 
00:50:33.637698 ON flow>5224 srcPort>34989 dst>fd10:43:100::2/24024 
00:50:33.666212 CONNECT flow>5224 srcPort>34989 dst>fd10:43:100::2/24024 
00:50:33.668596 SHUTDOWN flow>4976 srcPort>38287 dst>fd10:43:100::2/23776 
00:50:33.722298 ON flow>5232 srcPort>43675 dst>fd10:43:100::2/24032 
00:50:33.727726 CONNECT flow>5232 srcPort>43675 dst>fd10:43:100::2/24032 
00:50:33.767448 SHUTDOWN flow>4984 srcPort>35209 dst>fd10:43:100::2/23784 
00:50:33.800924 OFF flow>4976 srcPort>38287 dst>fd10:43:100::2/23776 
00:50:33.825171 OFF flow>4968 srcPort>33663 dst>fd10:43:100::2/23768 
00:50:33.840603 ON flow>5240 srcPort>39113 dst>fd10:43:100::2/24040 
00:50:33.850776 CONNECT flow>5240 srcPort>39113 dst>fd10:43:100::2/24040 
00:50:33.933163 OFF flow>4960 srcPort>33595 dst>fd10:43:100::2/23760 
00:50:33.945251 ON flow>5248 srcPort>34679 dst>fd10:43:100::2/24048 
00:50:33.962887 CONNECT flow>5248 srcPort>34679 dst>fd10:43:100::2/24048 
00:50:33.981702 SHUTDOWN flow>4992 srcPort>43625 dst>fd10:43:100::2/23792 
00:50:34.033297 ON flow>5256 srcPort>36611 dst>fd10:43:100::2/24056 
00:50:34.043814 CONNECT flow>5256 srcPort>36611 dst>fd10:43:100::2/24056 
00:50:34.076391 OFF flow>4992 srcPort>43625 dst>fd10:43:100::2/23792 
00:50:34.109681 OFF flow>4984 srcPort>35209 dst>fd10:43:100::2/23784 
00:50:34.129687 ON flow>5264 srcPort>34577 dst>fd10:43:100::2/24064 
00:50:34.143289 CONNECT flow>5264 srcPort>34577 dst>fd10:43:100::2/24064 
00:50:34.188337 ON flow>5272 srcPort>40553 dst>fd10:43:100::2/24072 
00:50:34.190333 CONNECT flow>5272 srcPort>40553 dst>fd10:43:100::2/24072 
00:50:34.196322 SHUTDOWN flow>5000 srcPort>33261 dst>fd10:43:100::2/23800 
00:50:34.265603 OFF flow>5000 srcPort>33261 dst>fd10:43:100::2/23800 
00:50:34.430818 ON flow>5280 srcPort>43871 dst>fd10:43:100::2/24080 
00:50:34.433605 CONNECT flow>5280 srcPort>43871 dst>fd10:43:100::2/24080 
00:50:34.509927 SHUTDOWN flow>5008 srcPort>39481 dst>fd10:43:100::2/23808 
00:50:34.596431 SHUTDOWN flow>5016 srcPort>35977 dst>fd10:43:100::2/23816 
00:50:34.656796 ON flow>5288 srcPort>38163 dst>fd10:43:100::2/24088 
00:50:34.666682 SHUTDOWN flow>5024 srcPort>37157 dst>fd10:43:100::2/23824 
00:50:34.667572 CONNECT flow>5288 srcPort>38163 dst>fd10:43:100::2/24088 
00:50:34.772790 SHUTDOWN flow>5032 srcPort>38623 dst>fd10:43:100::2/23832 
00:50:34.849229 OFF flow>5008 srcPort>39481 dst>fd10:43:100::2/23808 
00:50:34.871779 ON flow>5296 srcPort>41325 dst>fd10:43:100::2/24096 
00:50:34.873884 OFF flow>5016 srcPort>35977 dst>fd10:43:100::2/23816 
00:50:34.890051 CONNECT flow>5296 srcPort>41325 dst>fd10:43:100::2/24096 
00:50:34.894676 SHUTDOWN flow>5040 srcPort>38477 dst>fd10:43:100::2/23840 
00:50:34.997653 ON flow>5304 srcPort>36185 dst>fd10:43:100::2/24104 
00:50:35.005000 SHUTDOWN flow>5048 srcPort>46517 dst>fd10:43:100::2/23848 
00:50:35.025474 SHUTDOWN flow>5064 srcPort>38129 dst>fd10:43:100::2/23864 
00:50:35.028038 CONNECT flow>5304 srcPort>36185 dst>fd10:43:100::2/24104 
00:50:35.101980 SHUTDOWN flow>5072 srcPort>37039 dst>fd10:43:100::2/23872 
00:50:35.138195 SHUTDOWN flow>5080 srcPort>41125 dst>fd10:43:100::2/23880 
00:50:35.144110 OFF flow>5024 srcPort>37157 dst>fd10:43:100::2/23824 
00:50:35.149549 OFF flow>5064 srcPort>38129 dst>fd10:43:100::2/23864 
00:50:35.158165 ON flow>5312 srcPort>34831 dst>fd10:43:100::2/24112 
00:50:35.159180 CONNECT flow>5312 srcPort>34831 dst>fd10:43:100::2/24112 
00:50:35.189288 OFF flow>5040 srcPort>38477 dst>fd10:43:100::2/23840 
00:50:35.202500 SHUTDOWN flow>5056 srcPort>44545 dst>fd10:43:100::2/23856 
00:50:35.221682 SHUTDOWN flow>5088 srcPort>34239 dst>fd10:43:100::2/23888 
00:50:35.261540 ON flow>5320 srcPort>41527 dst>fd10:43:100::2/24120 
00:50:35.273053 CONNECT flow>5320 srcPort>41527 dst>fd10:43:100::2/24120 
00:50:35.296484 OFF flow>5032 srcPort>38623 dst>fd10:43:100::2/23832 
00:50:35.369125 SHUTDOWN flow>5096 srcPort>43877 dst>fd10:43:100::2/23896 
00:50:35.420496 ON flow>5328 srcPort>41253 dst>fd10:43:100::2/24128 
00:50:35.433234 CONNECT flow>5328 srcPort>41253 dst>fd10:43:100::2/24128 
00:50:35.468500 SHUTDOWN flow>5104 srcPort>34275 dst>fd10:43:100::2/23904 
00:50:35.476930 OFF flow>5048 srcPort>46517 dst>fd10:43:100::2/23848 
00:50:35.480067 OFF flow>5104 srcPort>34275 dst>fd10:43:100::2/23904 
00:50:35.584885 SHUTDOWN flow>5112 srcPort>33871 dst>fd10:43:100::2/23912 
00:50:35.600149 ON flow>5336 srcPort>40357 dst>fd10:43:100::2/24136 
00:50:35.606269 CONNECT flow>5336 srcPort>40357 dst>fd10:43:100::2/24136 
00:50:35.613509 OFF flow>5056 srcPort>44545 dst>fd10:43:100::2/23856 
00:50:35.624358 OFF flow>5088 srcPort>34239 dst>fd10:43:100::2/23888 
00:50:35.667874 ON flow>5344 srcPort>42085 dst>fd10:43:100::2/24144 
00:50:35.673554 CONNECT flow>5344 srcPort>42085 dst>fd10:43:100::2/24144 
00:50:35.790290 OFF flow>5080 srcPort>41125 dst>fd10:43:100::2/23880 
00:50:35.821399 OFF flow>5072 srcPort>37039 dst>fd10:43:100::2/23872 
00:50:35.848793 SHUTDOWN flow>5120 srcPort>41973 dst>fd10:43:100::2/23920 
00:50:35.866093 ON flow>5352 srcPort>34627 dst>fd10:43:100::2/24152 
00:50:35.891046 CONNECT flow>5352 srcPort>34627 dst>fd10:43:100::2/24152 
00:50:35.943260 SHUTDOWN flow>5128 srcPort>44467 dst>fd10:43:100::2/23928 
00:50:35.969259 ON flow>5360 srcPort>39523 dst>fd10:43:100::2/24160 
00:50:35.978196 CONNECT flow>5360 srcPort>39523 dst>fd10:43:100::2/24160 
00:50:35.998064 OFF flow>5112 srcPort>33871 dst>fd10:43:100::2/23912 
00:50:36.047341 ON flow>5368 srcPort>39451 dst>fd10:43:100::2/24168 
00:50:36.054315 OFF flow>5096 srcPort>43877 dst>fd10:43:100::2/23896 
00:50:36.055323 CONNECT flow>5368 srcPort>39451 dst>fd10:43:100::2/24168 
00:50:36.098696 SHUTDOWN flow>5136 srcPort>43671 dst>fd10:43:100::2/23936 
00:50:36.157372 OFF flow>5128 srcPort>44467 dst>fd10:43:100::2/23928 
00:50:36.171974 ON flow>5376 srcPort>44411 dst>fd10:43:100::2/24176 
00:50:36.175944 CONNECT flow>5376 srcPort>44411 dst>fd10:43:100::2/24176 
00:50:36.244099 OFF flow>5120 srcPort>41973 dst>fd10:43:100::2/23920 
00:50:36.254524 ON flow>5384 srcPort>46351 dst>fd10:43:100::2/24184 
00:50:36.255780 CONNECT flow>5384 srcPort>46351 dst>fd10:43:100::2/24184 
00:50:36.259668 SHUTDOWN flow>5144 srcPort>36189 dst>fd10:43:100::2/23944 
00:50:36.317595 OFF flow>5136 srcPort>43671 dst>fd10:43:100::2/23936 
00:50:36.440539 ON flow>5392 srcPort>40759 dst>fd10:43:100::2/24192 
00:50:36.463624 CONNECT flow>5392 srcPort>40759 dst>fd10:43:100::2/24192 
00:50:36.622780 ON flow>5400 srcPort>40885 dst>fd10:43:100::2/24200 
00:50:36.630008 OFF flow>5144 srcPort>36189 dst>fd10:43:100::2/23944 
00:50:36.638450 CONNECT flow>5400 srcPort>40885 dst>fd10:43:100::2/24200 
00:50:36.690669 SHUTDOWN flow>5160 srcPort>43303 dst>fd10:43:100::2/23960 
00:50:36.726208 SHUTDOWN flow>5152 srcPort>36213 dst>fd10:43:100::2/23952 
00:50:36.731615 ON flow>5408 srcPort>37933 dst>fd10:43:100::2/24208 
00:50:36.743122 CONNECT flow>5408 srcPort>37933 dst>fd10:43:100::2/24208 
00:50:36.799016 ON flow>5416 srcPort>35011 dst>fd10:43:100::2/24216 
00:50:36.820218 CONNECT flow>5416 srcPort>35011 dst>fd10:43:100::2/24216 
00:50:37.032617 ON flow>5424 srcPort>41469 dst>fd10:43:100::2/24224 
00:50:37.044855 CONNECT flow>5424 srcPort>41469 dst>fd10:43:100::2/24224 
00:50:37.069679 SHUTDOWN flow>5168 srcPort>39505 dst>fd10:43:100::2/23968 
00:50:37.191859 ON flow>5432 srcPort>36123 dst>fd10:43:100::2/24232 
00:50:37.216246 CONNECT flow>5432 srcPort>36123 dst>fd10:43:100::2/24232 
00:50:37.282887 ON flow>5440 srcPort>40675 dst>fd10:43:100::2/24240 
00:50:37.307467 CONNECT flow>5440 srcPort>40675 dst>fd10:43:100::2/24240 
00:50:37.366182 SHUTDOWN flow>5176 srcPort>42983 dst>fd10:43:100::2/23976 
00:50:37.370054 OFF flow>5168 srcPort>39505 dst>fd10:43:100::2/23968 
00:50:37.383584 OFF flow>5152 srcPort>36213 dst>fd10:43:100::2/23952 
00:50:37.401315 ON flow>5448 srcPort>36291 dst>fd10:43:100::2/24248 
00:50:37.414148 CONNECT flow>5448 srcPort>36291 dst>fd10:43:100::2/24248 
00:50:37.459418 ON flow>5456 srcPort>38249 dst>fd10:43:100::2/24256 
00:50:37.465017 CONNECT flow>5456 srcPort>38249 dst>fd10:43:100::2/24256 
00:50:37.650467 ON flow>5464 srcPort>42049 dst>fd10:43:100::2/24264 
00:50:37.655828 CONNECT flow>5464 srcPort>42049 dst>fd10:43:100::2/24264 
00:50:37.657774 SHUTDOWN flow>5184 srcPort>40919 dst>fd10:43:100::2/23984 
00:50:37.664680 OFF flow>5184 srcPort>40919 dst>fd10:43:100::2/23984 
00:50:37.763840 OFF flow>5176 srcPort>42983 dst>fd10:43:100::2/23976 
00:50:37.811469 SHUTDOWN flow>5192 srcPort>44197 dst>fd10:43:100::2/23992 
00:50:37.819164 OFF flow>5192 srcPort>44197 dst>fd10:43:100::2/23992 
00:50:37.859156 ON flow>5472 srcPort>46597 dst>fd10:43:100::2/24272 
00:50:37.869171 CONNECT flow>5472 srcPort>46597 dst>fd10:43:100::2/24272 
00:50:38.000575 OFF flow>5160 srcPort>43303 dst>fd10:43:100::2/23960 
00:50:38.092031 SHUTDOWN flow>5200 srcPort>44371 dst>fd10:43:100::2/24000 
00:50:38.135722 SHUTDOWN flow>5208 srcPort>42043 dst>fd10:43:100::2/24008 
00:50:38.136604 ON flow>5480 srcPort>38329 dst>fd10:43:100::2/24280 
00:50:38.159876 CONNECT flow>5480 srcPort>38329 dst>fd10:43:100::2/24280 
00:50:38.313265 ON flow>5488 srcPort>46837 dst>fd10:43:100::2/24288 
00:50:38.328111 SHUTDOWN flow>5216 srcPort>37057 dst>fd10:43:100::2/24016 
00:50:38.338981 CONNECT flow>5488 srcPort>46837 dst>fd10:43:100::2/24288 
00:50:38.382436 OFF flow>5200 srcPort>44371 dst>fd10:43:100::2/24000 
00:50:38.430097 ON flow>5496 srcPort>39945 dst>fd10:43:100::2/24296 
00:50:38.437630 SHUTDOWN flow>5224 srcPort>34989 dst>fd10:43:100::2/24024 
00:50:38.450099 CONNECT flow>5496 srcPort>39945 dst>fd10:43:100::2/24296 
00:50:38.522039 SHUTDOWN flow>5232 srcPort>43675 dst>fd10:43:100::2/24032 
00:50:38.531721 OFF flow>5232 srcPort>43675 dst>fd10:43:100::2/24032 
00:50:38.592160 OFF flow>5216 srcPort>37057 dst>fd10:43:100::2/24016 
00:50:38.596851 ON flow>5504 srcPort>38865 dst>fd10:43:100::2/24304 
00:50:38.612484 CONNECT flow>5504 srcPort>38865 dst>fd10:43:100::2/24304 
00:50:38.654727 ON flow>5512 srcPort>41161 dst>fd10:43:100::2/24312 
00:50:38.678127 CONNECT flow>5512 srcPort>41161 dst>fd10:43:100::2/24312 
00:50:38.696833 OFF flow>5224 srcPort>34989 dst>fd10:43:100::2/24024 
00:50:38.700156 SHUTDOWN flow>5240 srcPort>39113 dst>fd10:43:100::2/24040 
00:50:38.707990 ON flow>5520 srcPort>34749 dst>fd10:43:100::2/24320 
00:50:38.714025 OFF flow>5208 srcPort>42043 dst>fd10:43:100::2/24008 
00:50:38.721420 CONNECT flow>5520 srcPort>34749 dst>fd10:43:100::2/24320 
00:50:38.770367 ON flow>5528 srcPort>43213 dst>fd10:43:100::2/24328 
00:50:38.789663 CONNECT flow>5528 srcPort>43213 dst>fd10:43:100::2/24328 
00:50:38.833134 SHUTDOWN flow>5256 srcPort>36611 dst>fd10:43:100::2/24056 
00:50:38.884275 SHUTDOWN flow>5248 srcPort>34679 dst>fd10:43:100::2/24048 
00:50:38.902527 ON flow>5536 srcPort>46789 dst>fd10:43:100::2/24336 
00:50:38.926662 OFF flow>5240 srcPort>39113 dst>fd10:43:100::2/24040 
00:50:38.929502 SHUTDOWN flow>5264 srcPort>34577 dst>fd10:43:100::2/24064 
00:50:38.932414 CONNECT flow>5536 srcPort>46789 dst>fd10:43:100::2/24336 
00:50:38.988028 SHUTDOWN flow>5272 srcPort>40553 dst>fd10:43:100::2/24072 
00:50:38.989016 OFF flow>5256 srcPort>36611 dst>fd10:43:100::2/24056 
00:50:39.003481 OFF flow>5272 srcPort>40553 dst>fd10:43:100::2/24072 
00:50:39.129371 ON flow>5544 srcPort>33697 dst>fd10:43:100::2/24344 
00:50:39.130777 CONNECT flow>5544 srcPort>33697 dst>fd10:43:100::2/24344 
00:50:39.196869 OFF flow>5248 srcPort>34679 dst>fd10:43:100::2/24048 
00:50:39.230620 SHUTDOWN flow>5280 srcPort>43871 dst>fd10:43:100::2/24080 
00:50:39.243991 OFF flow>5280 srcPort>43871 dst>fd10:43:100::2/24080 
00:50:39.319953 OFF flow>5264 srcPort>34577 dst>fd10:43:100::2/24064 
00:50:39.367381 ON flow>5552 srcPort>37121 dst>fd10:43:100::2/24352 
00:50:39.368987 CONNECT flow>5552 srcPort>37121 dst>fd10:43:100::2/24352 
00:50:39.525102 ON flow>5560 srcPort>45439 dst>fd10:43:100::2/24360 
00:50:39.545654 CONNECT flow>5560 srcPort>45439 dst>fd10:43:100::2/24360 
00:50:39.564126 SHUTDOWN flow>5288 srcPort>38163 dst>fd10:43:100::2/24088 
00:50:39.653146 ON flow>5568 srcPort>39569 dst>fd10:43:100::2/24368 
00:50:39.657359 CONNECT flow>5568 srcPort>39569 dst>fd10:43:100::2/24368 
00:50:39.726186 SHUTDOWN flow>5296 srcPort>41325 dst>fd10:43:100::2/24096 
00:50:39.784117 ON flow>5576 srcPort>44955 dst>fd10:43:100::2/24376 
00:50:39.787429 CONNECT flow>5576 srcPort>44955 dst>fd10:43:100::2/24376 
00:50:39.797301 SHUTDOWN flow>5304 srcPort>36185 dst>fd10:43:100::2/24104 
00:50:39.861755 OFF flow>5288 srcPort>38163 dst>fd10:43:100::2/24088 
00:50:39.889036 ON flow>5584 srcPort>46339 dst>fd10:43:100::2/24384 
00:50:39.906020 CONNECT flow>5584 srcPort>46339 dst>fd10:43:100::2/24384 
00:50:39.957890 SHUTDOWN flow>5312 srcPort>34831 dst>fd10:43:100::2/24112 
00:50:39.968629 ON flow>5592 srcPort>38667 dst>fd10:43:100::2/24392 
00:50:39.972778 OFF flow>5296 srcPort>41325 dst>fd10:43:100::2/24096 
00:50:39.980584 CONNECT flow>5592 srcPort>38667 dst>fd10:43:100::2/24392 
00:50:39.981830 OFF flow>5312 srcPort>34831 dst>fd10:43:100::2/24112 
00:50:40.017244 ON flow>5600 srcPort>39411 dst>fd10:43:100::2/24400 
00:50:40.038467 CONNECT flow>5600 srcPort>39411 dst>fd10:43:100::2/24400 
00:50:40.061417 SHUTDOWN flow>5320 srcPort>41527 dst>fd10:43:100::2/24120 
00:50:40.103916 OFF flow>5304 srcPort>36185 dst>fd10:43:100::2/24104 
00:50:40.128055 ON flow>5608 srcPort>32935 dst>fd10:43:100::2/24408 
00:50:40.143859 CONNECT flow>5608 srcPort>32935 dst>fd10:43:100::2/24408 
00:50:40.220311 SHUTDOWN flow>5328 srcPort>41253 dst>fd10:43:100::2/24128 
00:50:40.252208 ON flow>5616 srcPort>46347 dst>fd10:43:100::2/24416 
00:50:40.280437 CONNECT flow>5616 srcPort>46347 dst>fd10:43:100::2/24416 
00:50:40.334381 ON flow>5624 srcPort>44043 dst>fd10:43:100::2/24424 
00:50:40.357797 OFF flow>5320 srcPort>41527 dst>fd10:43:100::2/24120 
00:50:40.360645 CONNECT flow>5624 srcPort>44043 dst>fd10:43:100::2/24424 
00:50:40.435151 SHUTDOWN flow>5336 srcPort>40357 dst>fd10:43:100::2/24136 
00:50:40.467746 SHUTDOWN flow>5344 srcPort>42085 dst>fd10:43:100::2/24144 
00:50:40.509721 OFF flow>5328 srcPort>41253 dst>fd10:43:100::2/24128 
00:50:40.526380 ON flow>5632 srcPort>41709 dst>fd10:43:100::2/24432 
00:50:40.569224 CONNECT flow>5632 srcPort>41709 dst>fd10:43:100::2/24432 
00:50:40.633116 OFF flow>5336 srcPort>40357 dst>fd10:43:100::2/24136 
00:50:40.665837 SHUTDOWN flow>5352 srcPort>34627 dst>fd10:43:100::2/24152 
00:50:40.733411 ON flow>5640 srcPort>41187 dst>fd10:43:100::2/24440 
00:50:40.778174 CONNECT flow>5640 srcPort>41187 dst>fd10:43:100::2/24440 
00:50:40.847217 SHUTDOWN flow>5368 srcPort>39451 dst>fd10:43:100::2/24168 
00:50:40.853710 OFF flow>5344 srcPort>42085 dst>fd10:43:100::2/24144 
00:50:40.938354 ON flow>5648 srcPort>41817 dst>fd10:43:100::2/24448 
00:50:40.942357 OFF flow>5352 srcPort>34627 dst>fd10:43:100::2/24152 
00:50:40.971805 SHUTDOWN flow>5376 srcPort>44411 dst>fd10:43:100::2/24176 
00:50:40.981551 CONNECT flow>5648 srcPort>41817 dst>fd10:43:100::2/24448 
00:50:40.985704 SHUTDOWN flow>5360 srcPort>39523 dst>fd10:43:100::2/24160 
00:50:41.054334 SHUTDOWN flow>5384 srcPort>46351 dst>fd10:43:100::2/24184 
00:50:41.100295 OFF flow>5384 srcPort>46351 dst>fd10:43:100::2/24184 
00:50:41.191179 ON flow>5656 srcPort>37849 dst>fd10:43:100::2/24456 
00:50:41.243277 CONNECT flow>5656 srcPort>37849 dst>fd10:43:100::2/24456 
00:50:41.252117 SHUTDOWN flow>5392 srcPort>40759 dst>fd10:43:100::2/24192 
00:50:41.335430 OFF flow>5376 srcPort>44411 dst>fd10:43:100::2/24176 
00:50:41.362712 OFF flow>5360 srcPort>39523 dst>fd10:43:100::2/24160 
00:50:41.441961 ON flow>5664 srcPort>46275 dst>fd10:43:100::2/24464 
00:50:41.489215 CONNECT flow>5664 srcPort>46275 dst>fd10:43:100::2/24464 
00:50:41.491554 SHUTDOWN flow>5400 srcPort>40885 dst>fd10:43:100::2/24200 
00:50:41.531407 SHUTDOWN flow>5408 srcPort>37933 dst>fd10:43:100::2/24208 
00:50:41.545750 OFF flow>5392 srcPort>40759 dst>fd10:43:100::2/24192 
00:50:41.560425 OFF flow>5368 srcPort>39451 dst>fd10:43:100::2/24168 
00:50:41.598624 SHUTDOWN flow>5416 srcPort>35011 dst>fd10:43:100::2/24216 
00:50:41.781805 OFF flow>5400 srcPort>40885 dst>fd10:43:100::2/24200 
00:50:41.832513 SHUTDOWN flow>5424 srcPort>41469 dst>fd10:43:100::2/24224 
00:50:41.878340 OFF flow>5408 srcPort>37933 dst>fd10:43:100::2/24208 
00:50:41.895394 OFF flow>5424 srcPort>41469 dst>fd10:43:100::2/24224 
00:50:41.991639 SHUTDOWN flow>5432 srcPort>36123 dst>fd10:43:100::2/24232 
00:50:42.009195 ON flow>5672 srcPort>36237 dst>fd10:43:100::2/24472 
00:50:42.067820 CONNECT flow>5672 srcPort>36237 dst>fd10:43:100::2/24472 
00:50:42.082630 SHUTDOWN flow>5440 srcPort>40675 dst>fd10:43:100::2/24240 
00:50:42.142282 OFF flow>5440 srcPort>40675 dst>fd10:43:100::2/24240 
00:50:42.201011 SHUTDOWN flow>5448 srcPort>36291 dst>fd10:43:100::2/24248 
00:50:42.222629 ON flow>5680 srcPort>46521 dst>fd10:43:100::2/24480 
00:50:42.282432 CONNECT flow>5680 srcPort>46521 dst>fd10:43:100::2/24480 
00:50:42.283859 SHUTDOWN flow>5456 srcPort>38249 dst>fd10:43:100::2/24256 
00:50:42.333651 ON flow>5688 srcPort>32887 dst>fd10:43:100::2/24488 
00:50:42.368041 OFF flow>5416 srcPort>35011 dst>fd10:43:100::2/24216 
00:50:42.400503 CONNECT flow>5688 srcPort>32887 dst>fd10:43:100::2/24488 
00:50:42.450320 SHUTDOWN flow>5464 srcPort>42049 dst>fd10:43:100::2/24264 
00:50:42.469491 OFF flow>5448 srcPort>36291 dst>fd10:43:100::2/24248 
00:50:42.555831 ON flow>5696 srcPort>41069 dst>fd10:43:100::2/24496 
00:50:42.558746 OFF flow>5456 srcPort>38249 dst>fd10:43:100::2/24256 
00:50:42.624343 CONNECT flow>5696 srcPort>41069 dst>fd10:43:100::2/24496 
00:50:42.658915 SHUTDOWN flow>5472 srcPort>46597 dst>fd10:43:100::2/24272 
00:50:42.775815 OFF flow>5432 srcPort>36123 dst>fd10:43:100::2/24232 
00:50:42.911214 OFF flow>5464 srcPort>42049 dst>fd10:43:100::2/24264 
00:50:43.061760 OFF flow>5472 srcPort>46597 dst>fd10:43:100::2/24272 
00:50:43.106091 SHUTDOWN flow>5480 srcPort>38329 dst>fd10:43:100::2/24280 
00:50:43.113015 SHUTDOWN flow>5488 srcPort>46837 dst>fd10:43:100::2/24288 
00:50:43.114292 ON flow>5704 srcPort>36775 dst>fd10:43:100::2/24504 
00:50:43.181995 CONNECT flow>5704 srcPort>36775 dst>fd10:43:100::2/24504 
00:50:43.228043 ON flow>5712 srcPort>34091 dst>fd10:43:100::2/24512 
00:50:43.229812 SHUTDOWN flow>5496 srcPort>39945 dst>fd10:43:100::2/24296 
00:50:43.299803 CONNECT flow>5712 srcPort>34091 dst>fd10:43:100::2/24512 
00:50:43.394957 ON flow>5720 srcPort>41097 dst>fd10:43:100::2/24520 
00:50:43.396501 SHUTDOWN flow>5504 srcPort>38865 dst>fd10:43:100::2/24304 
00:50:43.454581 SHUTDOWN flow>5512 srcPort>41161 dst>fd10:43:100::2/24312 
00:50:43.455837 OFF flow>5480 srcPort>38329 dst>fd10:43:100::2/24280 
00:50:43.460256 CONNECT flow>5720 srcPort>41097 dst>fd10:43:100::2/24520 
00:50:43.507782 SHUTDOWN flow>5520 srcPort>34749 dst>fd10:43:100::2/24320 
00:50:43.508190 ON flow>5728 srcPort>41415 dst>fd10:43:100::2/24528 
00:50:43.554881 OFF flow>5496 srcPort>39945 dst>fd10:43:100::2/24296 
00:50:43.571038 CONNECT flow>5728 srcPort>41415 dst>fd10:43:100::2/24528 
00:50:43.594287 ON flow>5736 srcPort>36867 dst>fd10:43:100::2/24536 
00:50:43.600113 OFF flow>5488 srcPort>46837 dst>fd10:43:100::2/24288 
00:50:43.660706 CONNECT flow>5736 srcPort>36867 dst>fd10:43:100::2/24536 
00:50:43.693326 OFF flow>5504 srcPort>38865 dst>fd10:43:100::2/24304 
00:50:43.702107 SHUTDOWN flow>5536 srcPort>46789 dst>fd10:43:100::2/24336 
00:50:43.706177 ON flow>5744 srcPort>42037 dst>fd10:43:100::2/24544 
00:50:43.747012 ON flow>5752 srcPort>41371 dst>fd10:43:100::2/24552 
00:50:43.775736 SHUTDOWN flow>5528 srcPort>43213 dst>fd10:43:100::2/24328 
00:50:43.788880 CONNECT flow>5744 srcPort>42037 dst>fd10:43:100::2/24544 
00:50:43.821998 CONNECT flow>5752 srcPort>41371 dst>fd10:43:100::2/24552 
00:50:43.847056 ON flow>5760 srcPort>42279 dst>fd10:43:100::2/24560 
00:50:43.910930 OFF flow>5520 srcPort>34749 dst>fd10:43:100::2/24320 
00:50:43.919116 ON flow>5768 srcPort>37305 dst>fd10:43:100::2/24568 
00:50:43.925575 CONNECT flow>5760 srcPort>42279 dst>fd10:43:100::2/24560 
00:50:43.929222 SHUTDOWN flow>5544 srcPort>33697 dst>fd10:43:100::2/24344 
00:50:43.991782 ON flow>5776 srcPort>33101 dst>fd10:43:100::2/24576 
00:50:44.003566 CONNECT flow>5768 srcPort>37305 dst>fd10:43:100::2/24568 
00:50:44.011240 OFF flow>5544 srcPort>33697 dst>fd10:43:100::2/24344 
00:50:44.027444 OFF flow>5512 srcPort>41161 dst>fd10:43:100::2/24312 
00:50:44.052179 ON flow>5784 srcPort>33335 dst>fd10:43:100::2/24584 
00:50:44.076617 CONNECT flow>5776 srcPort>33101 dst>fd10:43:100::2/24576 
00:50:44.128256 CONNECT flow>5784 srcPort>33335 dst>fd10:43:100::2/24584 
00:50:44.145348 ON flow>5792 srcPort>45425 dst>fd10:43:100::2/24592 
00:50:44.167248 SHUTDOWN flow>5552 srcPort>37121 dst>fd10:43:100::2/24352 
00:50:44.223054 CONNECT flow>5792 srcPort>45425 dst>fd10:43:100::2/24592 
00:50:44.247105 OFF flow>5552 srcPort>37121 dst>fd10:43:100::2/24352 
00:50:44.260216 OFF flow>5536 srcPort>46789 dst>fd10:43:100::2/24336 
00:50:44.275311 ON flow>5800 srcPort>38653 dst>fd10:43:100::2/24600 
00:50:44.329819 ON flow>5808 srcPort>33575 dst>fd10:43:100::2/24608 
00:50:44.368308 CONNECT flow>5800 srcPort>38653 dst>fd10:43:100::2/24600 
00:50:44.372201 SHUTDOWN flow>5560 srcPort>45439 dst>fd10:43:100::2/24360 
00:50:44.388072 OFF flow>5528 srcPort>43213 dst>fd10:43:100::2/24328 
00:50:44.443350 CONNECT flow>5808 srcPort>33575 dst>fd10:43:100::2/24608 
00:50:44.453075 SHUTDOWN flow>5568 srcPort>39569 dst>fd10:43:100::2/24368 
00:50:44.563846 ON flow>5816 srcPort>40401 dst>fd10:43:100::2/24616 
00:50:44.583897 SHUTDOWN flow>5576 srcPort>44955 dst>fd10:43:100::2/24376 
00:50:44.667288 CONNECT flow>5816 srcPort>40401 dst>fd10:43:100::2/24616 
00:50:44.684876 OFF flow>5576 srcPort>44955 dst>fd10:43:100::2/24376 
00:50:44.688829 SHUTDOWN flow>5584 srcPort>46339 dst>fd10:43:100::2/24384 
00:50:44.745268 ON flow>5824 srcPort>43907 dst>fd10:43:100::2/24624 
00:50:44.768394 SHUTDOWN flow>5592 srcPort>38667 dst>fd10:43:100::2/24392 
00:50:44.789406 OFF flow>5560 srcPort>45439 dst>fd10:43:100::2/24360 
00:50:44.848896 CONNECT flow>5824 srcPort>43907 dst>fd10:43:100::2/24624 
00:50:44.874228 OFF flow>5592 srcPort>38667 dst>fd10:43:100::2/24392 
00:50:44.925639 SHUTDOWN flow>5608 srcPort>32935 dst>fd10:43:100::2/24408 
00:50:45.033074 OFF flow>5608 srcPort>32935 dst>fd10:43:100::2/24408 
00:50:45.051889 SHUTDOWN flow>5616 srcPort>46347 dst>fd10:43:100::2/24416 
00:50:45.087223 SHUTDOWN flow>5600 srcPort>39411 dst>fd10:43:100::2/24400 
00:50:45.090909 OFF flow>5568 srcPort>39569 dst>fd10:43:100::2/24368 
00:50:45.134199 SHUTDOWN flow>5624 srcPort>44043 dst>fd10:43:100::2/24424 
00:50:45.174718 OFF flow>5584 srcPort>46339 dst>fd10:43:100::2/24384 
00:50:45.235942 OFF flow>5624 srcPort>44043 dst>fd10:43:100::2/24424 
00:50:45.242835 OFF flow>5616 srcPort>46347 dst>fd10:43:100::2/24416 
00:50:45.308102 ON flow>5832 srcPort>42347 dst>fd10:43:100::2/24632 
00:50:45.326191 SHUTDOWN flow>5632 srcPort>41709 dst>fd10:43:100::2/24432 
00:50:45.399571 CONNECT flow>5832 srcPort>42347 dst>fd10:43:100::2/24632 
00:50:45.434547 OFF flow>5600 srcPort>39411 dst>fd10:43:100::2/24400 
00:50:45.461993 ON flow>5840 srcPort>33051 dst>fd10:43:100::2/24640 
00:50:45.530466 ON flow>5848 srcPort>37865 dst>fd10:43:100::2/24648 
00:50:45.533104 SHUTDOWN flow>5640 srcPort>41187 dst>fd10:43:100::2/24440 
00:50:45.554442 CONNECT flow>5840 srcPort>33051 dst>fd10:43:100::2/24640 
00:50:45.618206 OFF flow>5640 srcPort>41187 dst>fd10:43:100::2/24440 
00:50:45.619161 CONNECT flow>5848 srcPort>37865 dst>fd10:43:100::2/24648 
00:50:45.738204 SHUTDOWN flow>5648 srcPort>41817 dst>fd10:43:100::2/24448 
00:50:45.770298 OFF flow>5632 srcPort>41709 dst>fd10:43:100::2/24432 
00:50:45.785939 ON flow>5856 srcPort>34097 dst>fd10:43:100::2/24656 
00:50:45.823122 OFF flow>5648 srcPort>41817 dst>fd10:43:100::2/24448 
00:50:45.874921 CONNECT flow>5856 srcPort>34097 dst>fd10:43:100::2/24656 
00:50:45.990974 SHUTDOWN flow>5656 srcPort>37849 dst>fd10:43:100::2/24456 
00:50:46.038537 ON flow>5864 srcPort>46161 dst>fd10:43:100::2/24664 
00:50:46.094056 CONNECT flow>5864 srcPort>46161 dst>fd10:43:100::2/24664 
00:50:46.116443 OFF flow>5656 srcPort>37849 dst>fd10:43:100::2/24456 
00:50:46.173736 ON flow>5872 srcPort>37895 dst>fd10:43:100::2/24672 
00:50:46.226325 CONNECT flow>5872 srcPort>37895 dst>fd10:43:100::2/24672 
00:50:46.241648 SHUTDOWN flow>5664 srcPort>46275 dst>fd10:43:100::2/24464 
00:50:46.333768 ON flow>5880 srcPort>41493 dst>fd10:43:100::2/24680 
00:50:46.367115 CONNECT flow>5880 srcPort>41493 dst>fd10:43:100::2/24680 
00:50:46.432949 ON flow>5888 srcPort>44921 dst>fd10:43:100::2/24688 
00:50:46.445738 CONNECT flow>5888 srcPort>44921 dst>fd10:43:100::2/24688 
00:50:46.538597 ON flow>5896 srcPort>40031 dst>fd10:43:100::2/24696 
00:50:46.551406 OFF flow>5664 srcPort>46275 dst>fd10:43:100::2/24464 
00:50:46.559548 CONNECT flow>5896 srcPort>40031 dst>fd10:43:100::2/24696 
00:50:46.694248 ON flow>5904 srcPort>35663 dst>fd10:43:100::2/24704 
00:50:46.705102 CONNECT flow>5904 srcPort>35663 dst>fd10:43:100::2/24704 
00:50:46.776837 ON flow>5912 srcPort>45947 dst>fd10:43:100::2/24712 
00:50:46.793455 CONNECT flow>5912 srcPort>45947 dst>fd10:43:100::2/24712 
00:50:46.808955 SHUTDOWN flow>5672 srcPort>36237 dst>fd10:43:100::2/24472 
00:50:46.817313 OFF flow>5672 srcPort>36237 dst>fd10:43:100::2/24472 
00:50:46.850766 ON flow>5920 srcPort>45563 dst>fd10:43:100::2/24720 
00:50:46.863747 CONNECT flow>5920 srcPort>45563 dst>fd10:43:100::2/24720 
00:50:46.960574 ON flow>5928 srcPort>45227 dst>fd10:43:100::2/24728 
00:50:46.965875 CONNECT flow>5928 srcPort>45227 dst>fd10:43:100::2/24728 
00:50:47.020609 ON flow>5936 srcPort>34187 dst>fd10:43:100::2/24736 
00:50:47.022516 SHUTDOWN flow>5680 srcPort>46521 dst>fd10:43:100::2/24480 
00:50:47.035789 OFF flow>5680 srcPort>46521 dst>fd10:43:100::2/24480 
00:50:47.039113 CONNECT flow>5936 srcPort>34187 dst>fd10:43:100::2/24736 
00:50:47.089467 ON flow>5944 srcPort>42119 dst>fd10:43:100::2/24744 
00:50:47.097846 CONNECT flow>5944 srcPort>42119 dst>fd10:43:100::2/24744 
00:50:47.133509 SHUTDOWN flow>5688 srcPort>32887 dst>fd10:43:100::2/24488 
00:50:47.148024 ON flow>5952 srcPort>40889 dst>fd10:43:100::2/24752 
00:50:47.161588 CONNECT flow>5952 srcPort>40889 dst>fd10:43:100::2/24752 
00:50:47.355500 ON flow>5960 srcPort>41617 dst>fd10:43:100::2/24760 
00:50:47.355590 SHUTDOWN flow>5696 srcPort>41069 dst>fd10:43:100::2/24496 
00:50:47.366490 OFF flow>5696 srcPort>41069 dst>fd10:43:100::2/24496 
00:50:47.374424 CONNECT flow>5960 srcPort>41617 dst>fd10:43:100::2/24760 
00:50:47.503161 ON flow>5968 srcPort>46537 dst>fd10:43:100::2/24768 
00:50:47.508018 CONNECT flow>5968 srcPort>46537 dst>fd10:43:100::2/24768 
00:50:47.649855 ON flow>5976 srcPort>34863 dst>fd10:43:100::2/24776 
00:50:47.663737 CONNECT flow>5976 srcPort>34863 dst>fd10:43:100::2/24776 
00:50:47.711145 ON flow>5984 srcPort>43775 dst>fd10:43:100::2/24784 
00:50:47.716573 CONNECT flow>5984 srcPort>43775 dst>fd10:43:100::2/24784 
00:50:47.794041 OFF flow>5688 srcPort>32887 dst>fd10:43:100::2/24488 
00:50:47.861120 ON flow>5992 srcPort>34261 dst>fd10:43:100::2/24792 
00:50:47.863807 CONNECT flow>5992 srcPort>34261 dst>fd10:43:100::2/24792 
00:50:47.935582 ON flow>6000 srcPort>40477 dst>fd10:43:100::2/24800 
00:50:47.947036 CONNECT flow>6000 srcPort>40477 dst>fd10:43:100::2/24800 
00:50:48.028145 SHUTDOWN flow>5712 srcPort>34091 dst>fd10:43:100::2/24512 
00:50:48.049340 ON flow>6008 srcPort>44375 dst>fd10:43:100::2/24808 
00:50:48.065786 CONNECT flow>6008 srcPort>44375 dst>fd10:43:100::2/24808 
00:50:48.104942 ON flow>6016 srcPort>35215 dst>fd10:43:100::2/24816 
00:50:48.125292 CONNECT flow>6016 srcPort>35215 dst>fd10:43:100::2/24816 
00:50:48.194762 SHUTDOWN flow>5720 srcPort>41097 dst>fd10:43:100::2/24520 
00:50:48.200483 OFF flow>5720 srcPort>41097 dst>fd10:43:100::2/24520 
00:50:48.299351 ON flow>6024 srcPort>41183 dst>fd10:43:100::2/24824 
00:50:48.306964 CONNECT flow>6024 srcPort>41183 dst>fd10:43:100::2/24824 
00:50:48.307907 SHUTDOWN flow>5728 srcPort>41415 dst>fd10:43:100::2/24528 
00:50:48.331146 OFF flow>5728 srcPort>41415 dst>fd10:43:100::2/24528 
00:50:48.394053 SHUTDOWN flow>5736 srcPort>36867 dst>fd10:43:100::2/24536 
00:50:48.406294 ON flow>6032 srcPort>43257 dst>fd10:43:100::2/24832 
00:50:48.424445 CONNECT flow>6032 srcPort>43257 dst>fd10:43:100::2/24832 
00:50:48.479285 ON flow>6040 srcPort>40547 dst>fd10:43:100::2/24840 
00:50:48.503846 CONNECT flow>6040 srcPort>40547 dst>fd10:43:100::2/24840 
00:50:48.546936 SHUTDOWN flow>5752 srcPort>41371 dst>fd10:43:100::2/24552 
00:50:48.562092 ON flow>6048 srcPort>39805 dst>fd10:43:100::2/24848 
00:50:48.562162 SHUTDOWN flow>5704 srcPort>36775 dst>fd10:43:100::2/24504 
00:50:48.574280 CONNECT flow>6048 srcPort>39805 dst>fd10:43:100::2/24848 
00:50:48.609405 OFF flow>5712 srcPort>34091 dst>fd10:43:100::2/24512 
00:50:48.647388 ON flow>6056 srcPort>43135 dst>fd10:43:100::2/24856 
00:50:48.661233 CONNECT flow>6056 srcPort>43135 dst>fd10:43:100::2/24856 
00:50:48.682558 ON flow>6064 srcPort>40891 dst>fd10:43:100::2/24864 
00:50:48.698687 CONNECT flow>6064 srcPort>40891 dst>fd10:43:100::2/24864 
00:50:48.753746 ON flow>6072 srcPort>46135 dst>fd10:43:100::2/24872 
00:50:48.763426 CONNECT flow>6072 srcPort>46135 dst>fd10:43:100::2/24872 
00:50:48.813496 ON flow>6080 srcPort>40441 dst>fd10:43:100::2/24880 
00:50:48.835614 CONNECT flow>6080 srcPort>40441 dst>fd10:43:100::2/24880 
00:50:48.852032 SHUTDOWN flow>5784 srcPort>33335 dst>fd10:43:100::2/24584 
00:50:48.860426 OFF flow>5784 srcPort>33335 dst>fd10:43:100::2/24584 
00:50:48.861044 SHUTDOWN flow>5744 srcPort>42037 dst>fd10:43:100::2/24544 
00:50:48.879629 ON flow>6088 srcPort>38987 dst>fd10:43:100::2/24888 
00:50:48.880668 CONNECT flow>6088 srcPort>38987 dst>fd10:43:100::2/24888 
00:50:48.911805 SHUTDOWN flow>5776 srcPort>33101 dst>fd10:43:100::2/24576 
00:50:48.917633 SHUTDOWN flow>5760 srcPort>42279 dst>fd10:43:100::2/24560 
00:50:48.939893 SHUTDOWN flow>5768 srcPort>37305 dst>fd10:43:100::2/24568 
00:50:48.945046 SHUTDOWN flow>5792 srcPort>45425 dst>fd10:43:100::2/24592 
00:50:48.961063 OFF flow>5792 srcPort>45425 dst>fd10:43:100::2/24592 
00:50:49.007682 ON flow>6096 srcPort>42867 dst>fd10:43:100::2/24896 
00:50:49.040415 CONNECT flow>6096 srcPort>42867 dst>fd10:43:100::2/24896 
00:50:49.071633 ON flow>6104 srcPort>37041 dst>fd10:43:100::2/24904 
00:50:49.075035 SHUTDOWN flow>5800 srcPort>38653 dst>fd10:43:100::2/24600 
00:50:49.082509 CONNECT flow>6104 srcPort>37041 dst>fd10:43:100::2/24904 
00:50:49.087174 OFF flow>5800 srcPort>38653 dst>fd10:43:100::2/24600 
00:50:49.123937 OFF flow>5736 srcPort>36867 dst>fd10:43:100::2/24536 
00:50:49.152076 ON flow>6112 srcPort>33239 dst>fd10:43:100::2/24912 
00:50:49.186208 CONNECT flow>6112 srcPort>33239 dst>fd10:43:100::2/24912 
00:50:49.210526 ON flow>6120 srcPort>40189 dst>fd10:43:100::2/24920 
00:50:49.228024 CONNECT flow>6120 srcPort>40189 dst>fd10:43:100::2/24920 
00:50:49.292131 ON flow>6128 srcPort>46539 dst>fd10:43:100::2/24928 
00:50:49.317392 CONNECT flow>6128 srcPort>46539 dst>fd10:43:100::2/24928 
00:50:49.346905 ON flow>6136 srcPort>43505 dst>fd10:43:100::2/24936 
00:50:49.363621 SHUTDOWN flow>5816 srcPort>40401 dst>fd10:43:100::2/24616 
00:50:49.365878 CONNECT flow>6136 srcPort>43505 dst>fd10:43:100::2/24936 
00:50:49.371798 OFF flow>5752 srcPort>41371 dst>fd10:43:100::2/24552 
00:50:49.373797 OFF flow>5816 srcPort>40401 dst>fd10:43:100::2/24616 
00:50:49.413707 OFF flow>5768 srcPort>37305 dst>fd10:43:100::2/24568 
00:50:49.442607 ON flow>6144 srcPort>40203 dst>fd10:43:100::2/24944 
00:50:49.465483 CONNECT flow>6144 srcPort>40203 dst>fd10:43:100::2/24944 
00:50:49.545120 SHUTDOWN flow>5824 srcPort>43907 dst>fd10:43:100::2/24624 
00:50:49.551919 OFF flow>5824 srcPort>43907 dst>fd10:43:100::2/24624 
00:50:49.559160 ON flow>6152 srcPort>32831 dst>fd10:43:100::2/24952 
00:50:49.565668 CONNECT flow>6152 srcPort>32831 dst>fd10:43:100::2/24952 
00:50:49.730474 OFF flow>5744 srcPort>42037 dst>fd10:43:100::2/24544 
00:50:49.758911 ON flow>6160 srcPort>38527 dst>fd10:43:100::2/24960 
00:50:49.764675 CONNECT flow>6160 srcPort>38527 dst>fd10:43:100::2/24960 
00:50:49.932640 ON flow>6168 srcPort>35107 dst>fd10:43:100::2/24968 
00:50:49.935335 CONNECT flow>6168 srcPort>35107 dst>fd10:43:100::2/24968 
00:50:49.944134 OFF flow>5760 srcPort>42279 dst>fd10:43:100::2/24560 
00:50:50.051558 ON flow>6176 srcPort>38715 dst>fd10:43:100::2/24976 
00:50:50.063753 CONNECT flow>6176 srcPort>38715 dst>fd10:43:100::2/24976 
00:50:50.079410 OFF flow>5776 srcPort>33101 dst>fd10:43:100::2/24576 
00:50:50.107948 SHUTDOWN flow>5832 srcPort>42347 dst>fd10:43:100::2/24632 
00:50:50.120770 ON flow>6184 srcPort>40551 dst>fd10:43:100::2/24984 
00:50:50.142691 CONNECT flow>6184 srcPort>40551 dst>fd10:43:100::2/24984 
00:50:50.261854 SHUTDOWN flow>5840 srcPort>33051 dst>fd10:43:100::2/24640 
00:50:50.262498 ON flow>6192 srcPort>41685 dst>fd10:43:100::2/24992 
00:50:50.277109 CONNECT flow>6192 srcPort>41685 dst>fd10:43:100::2/24992 
00:50:50.304949 SHUTDOWN flow>5808 srcPort>33575 dst>fd10:43:100::2/24608 
00:50:50.434653 ON flow>6200 srcPort>45919 dst>fd10:43:100::2/25000 
00:50:50.438047 CONNECT flow>6200 srcPort>45919 dst>fd10:43:100::2/25000 
00:50:50.502897 OFF flow>5704 srcPort>36775 dst>fd10:43:100::2/24504 
00:50:50.551351 SHUTDOWN flow>5848 srcPort>37865 dst>fd10:43:100::2/24648 
00:50:50.563322 ON flow>6208 srcPort>36941 dst>fd10:43:100::2/25008 
00:50:50.576080 CONNECT flow>6208 srcPort>36941 dst>fd10:43:100::2/25008 
00:50:50.829602 SHUTDOWN flow>5856 srcPort>34097 dst>fd10:43:100::2/24656 
00:50:50.838247 SHUTDOWN flow>5864 srcPort>46161 dst>fd10:43:100::2/24664 
00:50:50.848429 OFF flow>5864 srcPort>46161 dst>fd10:43:100::2/24664 
00:50:51.241509 SHUTDOWN flow>5872 srcPort>37895 dst>fd10:43:100::2/24672 
00:50:51.289748 OFF flow>5840 srcPort>33051 dst>fd10:43:100::2/24640 
00:50:51.345532 ON flow>6216 srcPort>34791 dst>fd10:43:100::2/25016 
00:50:51.349683 SHUTDOWN flow>5880 srcPort>41493 dst>fd10:43:100::2/24680 
00:50:51.364586 SHUTDOWN flow>5888 srcPort>44921 dst>fd10:43:100::2/24688 
00:50:51.366916 CONNECT flow>6216 srcPort>34791 dst>fd10:43:100::2/25016 
00:50:51.534482 SHUTDOWN flow>5896 srcPort>40031 dst>fd10:43:100::2/24696 
00:50:51.564146 ON flow>6224 srcPort>39413 dst>fd10:43:100::2/25024 
00:50:51.597160 CONNECT flow>6224 srcPort>39413 dst>fd10:43:100::2/25024 
00:50:51.645445 ON flow>6232 srcPort>42787 dst>fd10:43:100::2/25032 
00:50:51.649308 SHUTDOWN flow>5904 srcPort>35663 dst>fd10:43:100::2/24704 
00:50:51.650578 SHUTDOWN flow>5920 srcPort>45563 dst>fd10:43:100::2/24720 
00:50:51.659933 SHUTDOWN flow>5912 srcPort>45947 dst>fd10:43:100::2/24712 
00:50:51.660751 CONNECT flow>6232 srcPort>42787 dst>fd10:43:100::2/25032 
00:50:51.673385 OFF flow>5808 srcPort>33575 dst>fd10:43:100::2/24608 
00:50:51.760361 SHUTDOWN flow>5928 srcPort>45227 dst>fd10:43:100::2/24728 
00:50:51.770163 OFF flow>5928 srcPort>45227 dst>fd10:43:100::2/24728 
00:50:51.775616 OFF flow>5880 srcPort>41493 dst>fd10:43:100::2/24680 
00:50:51.804561 ON flow>6240 srcPort>41335 dst>fd10:43:100::2/25040 
00:50:51.820367 SHUTDOWN flow>5936 srcPort>34187 dst>fd10:43:100::2/24736 
00:50:51.824337 OFF flow>5888 srcPort>44921 dst>fd10:43:100::2/24688 
00:50:51.828902 CONNECT flow>6240 srcPort>41335 dst>fd10:43:100::2/25040 
00:50:51.889153 SHUTDOWN flow>5944 srcPort>42119 dst>fd10:43:100::2/24744 
00:50:51.930851 OFF flow>5832 srcPort>42347 dst>fd10:43:100::2/24632 
00:50:51.947814 SHUTDOWN flow>5952 srcPort>40889 dst>fd10:43:100::2/24752 
00:50:51.956244 ON flow>6248 srcPort>40933 dst>fd10:43:100::2/25048 
00:50:51.958645 CONNECT flow>6248 srcPort>40933 dst>fd10:43:100::2/25048 
00:50:52.007844 OFF flow>5856 srcPort>34097 dst>fd10:43:100::2/24656 
00:50:52.032983 OFF flow>5904 srcPort>35663 dst>fd10:43:100::2/24704 
00:50:52.067961 OFF flow>5896 srcPort>40031 dst>fd10:43:100::2/24696 
00:50:52.096542 OFF flow>5872 srcPort>37895 dst>fd10:43:100::2/24672 
00:50:52.155369 SHUTDOWN flow>5960 srcPort>41617 dst>fd10:43:100::2/24760 
00:50:52.160951 ON flow>6256 srcPort>45619 dst>fd10:43:100::2/25056 
00:50:52.171016 CONNECT flow>6256 srcPort>45619 dst>fd10:43:100::2/25056 
00:50:52.174474 OFF flow>5912 srcPort>45947 dst>fd10:43:100::2/24712 
00:50:52.304099 SHUTDOWN flow>5968 srcPort>46537 dst>fd10:43:100::2/24768 
00:50:52.349690 OFF flow>5920 srcPort>45563 dst>fd10:43:100::2/24720 
00:50:52.414236 ON flow>6264 srcPort>45011 dst>fd10:43:100::2/25064 
00:50:52.449729 SHUTDOWN flow>5976 srcPort>34863 dst>fd10:43:100::2/24776 
00:50:52.454756 CONNECT flow>6264 srcPort>45011 dst>fd10:43:100::2/25064 
00:50:52.460496 OFF flow>5952 srcPort>40889 dst>fd10:43:100::2/24752 
00:50:52.511020 SHUTDOWN flow>5984 srcPort>43775 dst>fd10:43:100::2/24784 
00:50:52.517446 OFF flow>5936 srcPort>34187 dst>fd10:43:100::2/24736 
00:50:52.601094 ON flow>6272 srcPort>37173 dst>fd10:43:100::2/25072 
00:50:52.622547 CONNECT flow>6272 srcPort>37173 dst>fd10:43:100::2/25072 
00:50:52.635454 OFF flow>5968 srcPort>46537 dst>fd10:43:100::2/24768 
00:50:52.660720 SHUTDOWN flow>5992 srcPort>34261 dst>fd10:43:100::2/24792 
00:50:52.692526 OFF flow>5992 srcPort>34261 dst>fd10:43:100::2/24792 
00:50:52.726317 OFF flow>5960 srcPort>41617 dst>fd10:43:100::2/24760 
00:50:52.735406 SHUTDOWN flow>6000 srcPort>40477 dst>fd10:43:100::2/24800 
00:50:52.771657 ON flow>6280 srcPort>42393 dst>fd10:43:100::2/25080 
00:50:52.817109 CONNECT flow>6280 srcPort>42393 dst>fd10:43:100::2/25080 
00:50:52.849117 SHUTDOWN flow>6008 srcPort>44375 dst>fd10:43:100::2/24808 
00:50:52.850479 OFF flow>5944 srcPort>42119 dst>fd10:43:100::2/24744 
00:50:52.868238 OFF flow>5848 srcPort>37865 dst>fd10:43:100::2/24648 
00:50:52.968446 OFF flow>5984 srcPort>43775 dst>fd10:43:100::2/24784 
00:50:53.021298 SHUTDOWN flow>6016 srcPort>35215 dst>fd10:43:100::2/24816 
00:50:53.081533 OFF flow>6008 srcPort>44375 dst>fd10:43:100::2/24808 
00:50:53.099232 SHUTDOWN flow>6024 srcPort>41183 dst>fd10:43:100::2/24824 
00:50:53.125277 OFF flow>5976 srcPort>34863 dst>fd10:43:100::2/24776 
00:50:53.126000 OFF flow>6000 srcPort>40477 dst>fd10:43:100::2/24800 
00:50:53.143809 OFF flow>6024 srcPort>41183 dst>fd10:43:100::2/24824 
00:50:53.296333 SHUTDOWN flow>6032 srcPort>43257 dst>fd10:43:100::2/24832 
00:50:53.303436 OFF flow>6016 srcPort>35215 dst>fd10:43:100::2/24816 
00:50:53.361849 SHUTDOWN flow>6048 srcPort>39805 dst>fd10:43:100::2/24848 
00:50:53.389031 ON flow>6288 srcPort>34351 dst>fd10:43:100::2/25088 
00:50:53.390923 SHUTDOWN flow>6040 srcPort>40547 dst>fd10:43:100::2/24840 
00:50:53.435553 CONNECT flow>6288 srcPort>34351 dst>fd10:43:100::2/25088 
00:50:53.455351 SHUTDOWN flow>6056 srcPort>43135 dst>fd10:43:100::2/24856 
00:50:53.528144 ON flow>6296 srcPort>38521 dst>fd10:43:100::2/25096 
00:50:53.553638 SHUTDOWN flow>6072 srcPort>46135 dst>fd10:43:100::2/24872 
00:50:53.567455 OFF flow>6032 srcPort>43257 dst>fd10:43:100::2/24832 
00:50:53.569662 CONNECT flow>6296 srcPort>38521 dst>fd10:43:100::2/25096 
00:50:53.612926 OFF flow>6048 srcPort>39805 dst>fd10:43:100::2/24848 
00:50:53.622256 ON flow>6304 srcPort>40727 dst>fd10:43:100::2/25104 
00:50:53.654725 OFF flow>6040 srcPort>40547 dst>fd10:43:100::2/24840 
00:50:53.664286 SHUTDOWN flow>6064 srcPort>40891 dst>fd10:43:100::2/24864 
00:50:53.668122 CONNECT flow>6304 srcPort>40727 dst>fd10:43:100::2/25104 
00:50:53.679512 SHUTDOWN flow>6088 srcPort>38987 dst>fd10:43:100::2/24888 
00:50:53.684241 SHUTDOWN flow>6080 srcPort>40441 dst>fd10:43:100::2/24880 
00:50:53.717257 ON flow>6312 srcPort>43519 dst>fd10:43:100::2/25112 
00:50:53.723109 OFF flow>6088 srcPort>38987 dst>fd10:43:100::2/24888 
00:50:53.763344 CONNECT flow>6312 srcPort>43519 dst>fd10:43:100::2/25112 
00:50:53.780917 OFF flow>6072 srcPort>46135 dst>fd10:43:100::2/24872 
00:50:53.808201 ON flow>6320 srcPort>41885 dst>fd10:43:100::2/25120 
00:50:53.814474 OFF flow>6056 srcPort>43135 dst>fd10:43:100::2/24856 
00:50:53.836413 SHUTDOWN flow>6096 srcPort>42867 dst>fd10:43:100::2/24896 
00:50:53.853702 CONNECT flow>6320 srcPort>41885 dst>fd10:43:100::2/25120 
00:50:53.878446 ON flow>6328 srcPort>44409 dst>fd10:43:100::2/25128 
00:50:53.927566 CONNECT flow>6328 srcPort>44409 dst>fd10:43:100::2/25128 
00:50:53.946579 SHUTDOWN flow>6104 srcPort>37041 dst>fd10:43:100::2/24904 
00:50:53.981161 SHUTDOWN flow>6112 srcPort>33239 dst>fd10:43:100::2/24912 
00:50:53.997445 ON flow>6336 srcPort>34403 dst>fd10:43:100::2/25136 
00:50:54.010336 SHUTDOWN flow>6120 srcPort>40189 dst>fd10:43:100::2/24920 
00:50:54.029419 OFF flow>6064 srcPort>40891 dst>fd10:43:100::2/24864 
00:50:54.029646 OFF flow>6096 srcPort>42867 dst>fd10:43:100::2/24896 
00:50:54.045802 CONNECT flow>6336 srcPort>34403 dst>fd10:43:100::2/25136 
00:50:54.065191 OFF flow>6080 srcPort>40441 dst>fd10:43:100::2/24880 
00:50:54.119485 ON flow>6344 srcPort>42929 dst>fd10:43:100::2/25144 
00:50:54.132103 SHUTDOWN flow>6128 srcPort>46539 dst>fd10:43:100::2/24928 
00:50:54.140218 OFF flow>6104 srcPort>37041 dst>fd10:43:100::2/24904 
00:50:54.146818 SHUTDOWN flow>6136 srcPort>43505 dst>fd10:43:100::2/24936 
00:50:54.167373 CONNECT flow>6344 srcPort>42929 dst>fd10:43:100::2/25144 
00:50:54.186947 OFF flow>6112 srcPort>33239 dst>fd10:43:100::2/24912 
00:50:54.237915 ON flow>6352 srcPort>37673 dst>fd10:43:100::2/25152 
00:50:54.242514 SHUTDOWN flow>6144 srcPort>40203 dst>fd10:43:100::2/24944 
00:50:54.272803 OFF flow>6120 srcPort>40189 dst>fd10:43:100::2/24920 
00:50:54.286817 CONNECT flow>6352 srcPort>37673 dst>fd10:43:100::2/25152 
00:50:54.358925 SHUTDOWN flow>6152 srcPort>32831 dst>fd10:43:100::2/24952 
00:50:54.437146 OFF flow>6128 srcPort>46539 dst>fd10:43:100::2/24928 
00:50:54.453904 ON flow>6360 srcPort>44601 dst>fd10:43:100::2/25160 
00:50:54.498628 CONNECT flow>6360 srcPort>44601 dst>fd10:43:100::2/25160 
00:50:54.532100 ON flow>6368 srcPort>44471 dst>fd10:43:100::2/25168 
00:50:54.558724 SHUTDOWN flow>6160 srcPort>38527 dst>fd10:43:100::2/24960 
00:50:54.563076 OFF flow>6152 srcPort>32831 dst>fd10:43:100::2/24952 
00:50:54.582607 CONNECT flow>6368 srcPort>44471 dst>fd10:43:100::2/25168 
00:50:54.585601 OFF flow>6144 srcPort>40203 dst>fd10:43:100::2/24944 
00:50:54.591809 ON flow>6376 srcPort>43637 dst>fd10:43:100::2/25176 
00:50:54.606141 OFF flow>6136 srcPort>43505 dst>fd10:43:100::2/24936 
00:50:54.608207 OFF flow>6160 srcPort>38527 dst>fd10:43:100::2/24960 
00:50:54.640748 CONNECT flow>6376 srcPort>43637 dst>fd10:43:100::2/25176 
00:50:54.705434 ON flow>6384 srcPort>38619 dst>fd10:43:100::2/25184 
00:50:54.732525 SHUTDOWN flow>6168 srcPort>35107 dst>fd10:43:100::2/24968 
00:50:54.753183 CONNECT flow>6384 srcPort>38619 dst>fd10:43:100::2/25184 
00:50:54.768583 ON flow>6392 srcPort>44959 dst>fd10:43:100::2/25192 
00:50:54.824922 CONNECT flow>6392 srcPort>44959 dst>fd10:43:100::2/25192 
00:50:54.851347 SHUTDOWN flow>6176 srcPort>38715 dst>fd10:43:100::2/24976 
00:50:54.894747 ON flow>6400 srcPort>40459 dst>fd10:43:100::2/25200 
00:50:54.959048 CONNECT flow>6400 srcPort>40459 dst>fd10:43:100::2/25200 
00:50:55.036643 OFF flow>6168 srcPort>35107 dst>fd10:43:100::2/24968 
00:50:55.043672 SHUTDOWN flow>6184 srcPort>40551 dst>fd10:43:100::2/24984 
00:50:55.062255 SHUTDOWN flow>6192 srcPort>41685 dst>fd10:43:100::2/24992 
00:50:55.092959 OFF flow>6176 srcPort>38715 dst>fd10:43:100::2/24976 
00:50:55.234586 SHUTDOWN flow>6200 srcPort>45919 dst>fd10:43:100::2/25000 
00:50:55.266048 OFF flow>6184 srcPort>40551 dst>fd10:43:100::2/24984 
00:50:55.280993 OFF flow>6200 srcPort>45919 dst>fd10:43:100::2/25000 
00:50:55.295446 ON flow>6408 srcPort>42381 dst>fd10:43:100::2/25208 
00:50:55.344484 CONNECT flow>6408 srcPort>42381 dst>fd10:43:100::2/25208 
00:50:55.345910 OFF flow>6192 srcPort>41685 dst>fd10:43:100::2/24992 
00:50:55.363059 SHUTDOWN flow>6208 srcPort>36941 dst>fd10:43:100::2/25008 
00:50:55.481922 ON flow>6416 srcPort>46341 dst>fd10:43:100::2/25216 
00:50:55.528980 CONNECT flow>6416 srcPort>46341 dst>fd10:43:100::2/25216 
00:50:55.603042 OFF flow>6208 srcPort>36941 dst>fd10:43:100::2/25008 
00:50:55.661704 ON flow>6424 srcPort>37465 dst>fd10:43:100::2/25224 
00:50:55.719198 CONNECT flow>6424 srcPort>37465 dst>fd10:43:100::2/25224 
00:50:55.819863 ON flow>6432 srcPort>45989 dst>fd10:43:100::2/25232 
00:50:55.880041 CONNECT flow>6432 srcPort>45989 dst>fd10:43:100::2/25232 
00:50:56.001817 ON flow>6440 srcPort>33903 dst>fd10:43:100::2/25240 
00:50:56.056013 ON flow>6448 srcPort>32883 dst>fd10:43:100::2/25248 
00:50:56.063353 CONNECT flow>6440 srcPort>33903 dst>fd10:43:100::2/25240 
00:50:56.111494 CONNECT flow>6448 srcPort>32883 dst>fd10:43:100::2/25248 
00:50:56.145221 SHUTDOWN flow>6216 srcPort>34791 dst>fd10:43:100::2/25016 
00:50:56.211632 OFF flow>6216 srcPort>34791 dst>fd10:43:100::2/25016 
00:50:56.244511 ON flow>6456 srcPort>40789 dst>fd10:43:100::2/25256 
00:50:56.308843 CONNECT flow>6456 srcPort>40789 dst>fd10:43:100::2/25256 
00:50:56.364026 SHUTDOWN flow>6224 srcPort>39413 dst>fd10:43:100::2/25024 
00:50:56.385099 ON flow>6464 srcPort>46881 dst>fd10:43:100::2/25264 
00:50:56.445335 SHUTDOWN flow>6232 srcPort>42787 dst>fd10:43:100::2/25032 
00:50:56.450506 CONNECT flow>6464 srcPort>46881 dst>fd10:43:100::2/25264 
00:50:56.475496 ON flow>6472 srcPort>42167 dst>fd10:43:100::2/25272 
00:50:56.548270 ON flow>6480 srcPort>45083 dst>fd10:43:100::2/25280 
00:50:56.555259 CONNECT flow>6472 srcPort>42167 dst>fd10:43:100::2/25272 
00:50:56.604350 SHUTDOWN flow>6240 srcPort>41335 dst>fd10:43:100::2/25040 
00:50:56.623228 CONNECT flow>6480 srcPort>45083 dst>fd10:43:100::2/25280 
00:50:56.716828 OFF flow>6224 srcPort>39413 dst>fd10:43:100::2/25024 
00:50:56.725082 ON flow>6488 srcPort>39987 dst>fd10:43:100::2/25288 
00:50:56.726168 OFF flow>6232 srcPort>42787 dst>fd10:43:100::2/25032 
00:50:56.755972 SHUTDOWN flow>6248 srcPort>40933 dst>fd10:43:100::2/25048 
00:50:56.802625 CONNECT flow>6488 srcPort>39987 dst>fd10:43:100::2/25288 
00:50:56.808016 OFF flow>6240 srcPort>41335 dst>fd10:43:100::2/25040 
00:50:56.833023 OFF flow>6248 srcPort>40933 dst>fd10:43:100::2/25048 
00:50:56.856730 ON flow>6496 srcPort>46691 dst>fd10:43:100::2/25296 
00:50:56.938292 CONNECT flow>6496 srcPort>46691 dst>fd10:43:100::2/25296 
00:50:56.960769 SHUTDOWN flow>6256 srcPort>45619 dst>fd10:43:100::2/25056 
00:50:57.053046 ON flow>6504 srcPort>37963 dst>fd10:43:100::2/25304 
00:50:57.056482 OFF flow>6256 srcPort>45619 dst>fd10:43:100::2/25056 
00:50:57.147583 CONNECT flow>6504 srcPort>37963 dst>fd10:43:100::2/25304 
00:50:57.213939 SHUTDOWN flow>6264 srcPort>45011 dst>fd10:43:100::2/25064 
00:50:57.214209 ON flow>6512 srcPort>36255 dst>fd10:43:100::2/25312 
00:50:57.286113 ON flow>6520 srcPort>45861 dst>fd10:43:100::2/25320 
00:50:57.302294 CONNECT flow>6512 srcPort>36255 dst>fd10:43:100::2/25312 
00:50:57.386889 OFF flow>6264 srcPort>45011 dst>fd10:43:100::2/25064 
00:50:57.400603 CONNECT flow>6520 srcPort>45861 dst>fd10:43:100::2/25320 
00:50:57.400942 SHUTDOWN flow>6272 srcPort>37173 dst>fd10:43:100::2/25072 
00:50:57.463992 ON flow>6528 srcPort>41185 dst>fd10:43:100::2/25328 
00:50:57.571413 SHUTDOWN flow>6280 srcPort>42393 dst>fd10:43:100::2/25080 
00:50:57.574257 CONNECT flow>6528 srcPort>41185 dst>fd10:43:100::2/25328 
00:50:57.608310 OFF flow>6272 srcPort>37173 dst>fd10:43:100::2/25072 
00:50:57.669516 ON flow>6536 srcPort>43559 dst>fd10:43:100::2/25336 
00:50:57.787242 CONNECT flow>6536 srcPort>43559 dst>fd10:43:100::2/25336 
00:50:57.843945 OFF flow>6280 srcPort>42393 dst>fd10:43:100::2/25080 
00:50:57.941209 ON flow>6544 srcPort>40473 dst>fd10:43:100::2/25344 
00:50:58.051181 CONNECT flow>6544 srcPort>40473 dst>fd10:43:100::2/25344 
00:50:58.088078 ON flow>6552 srcPort>37913 dst>fd10:43:100::2/25352 
00:50:58.188730 SHUTDOWN flow>6288 srcPort>34351 dst>fd10:43:100::2/25088 
00:50:58.203618 CONNECT flow>6552 srcPort>37913 dst>fd10:43:100::2/25352 
00:50:58.296607 OFF flow>6288 srcPort>34351 dst>fd10:43:100::2/25088 
00:50:58.327943 SHUTDOWN flow>6296 srcPort>38521 dst>fd10:43:100::2/25096 
00:50:58.340123 ON flow>6560 srcPort>44505 dst>fd10:43:100::2/25360 
00:50:58.400677 ON flow>6568 srcPort>37359 dst>fd10:43:100::2/25368 
00:50:58.422031 SHUTDOWN flow>6304 srcPort>40727 dst>fd10:43:100::2/25104 
00:50:58.445554 CONNECT flow>6560 srcPort>44505 dst>fd10:43:100::2/25360 
00:50:58.513355 CONNECT flow>6568 srcPort>37359 dst>fd10:43:100::2/25368 
00:50:58.516962 SHUTDOWN flow>6312 srcPort>43519 dst>fd10:43:100::2/25112 
00:50:58.538002 OFF flow>6304 srcPort>40727 dst>fd10:43:100::2/25104 
00:50:58.560385 ON flow>6576 srcPort>34883 dst>fd10:43:100::2/25376 
00:50:58.608046 SHUTDOWN flow>6320 srcPort>41885 dst>fd10:43:100::2/25120 
00:50:58.623152 OFF flow>6312 srcPort>43519 dst>fd10:43:100::2/25112 
00:50:58.669000 CONNECT flow>6576 srcPort>34883 dst>fd10:43:100::2/25376 
00:50:58.678276 SHUTDOWN flow>6328 srcPort>44409 dst>fd10:43:100::2/25128 
00:50:58.697500 ON flow>6584 srcPort>41509 dst>fd10:43:100::2/25384 
00:50:58.776292 OFF flow>6320 srcPort>41885 dst>fd10:43:100::2/25120 
00:50:58.784920 OFF flow>6328 srcPort>44409 dst>fd10:43:100::2/25128 
00:50:58.797190 SHUTDOWN flow>6336 srcPort>34403 dst>fd10:43:100::2/25136 
00:50:58.801685 CONNECT flow>6584 srcPort>41509 dst>fd10:43:100::2/25384 
00:50:58.908392 OFF flow>6296 srcPort>38521 dst>fd10:43:100::2/25096 
00:50:58.909159 OFF flow>6336 srcPort>34403 dst>fd10:43:100::2/25136 
00:50:58.917120 ON flow>6592 srcPort>41815 dst>fd10:43:100::2/25392 
00:50:58.919400 SHUTDOWN flow>6344 srcPort>42929 dst>fd10:43:100::2/25144 
00:50:59.018780 CONNECT flow>6592 srcPort>41815 dst>fd10:43:100::2/25392 
00:50:59.037750 SHUTDOWN flow>6352 srcPort>37673 dst>fd10:43:100::2/25152 
00:50:59.127345 ON flow>6600 srcPort>37409 dst>fd10:43:100::2/25400 
00:50:59.214624 CONNECT flow>6600 srcPort>37409 dst>fd10:43:100::2/25400 
00:50:59.235522 ON flow>6608 srcPort>43501 dst>fd10:43:100::2/25408 
00:50:59.253676 SHUTDOWN flow>6360 srcPort>44601 dst>fd10:43:100::2/25160 
00:50:59.314744 ON flow>6616 srcPort>34071 dst>fd10:43:100::2/25416 
00:50:59.332054 SHUTDOWN flow>6368 srcPort>44471 dst>fd10:43:100::2/25168 
00:50:59.338029 CONNECT flow>6608 srcPort>43501 dst>fd10:43:100::2/25408 
00:50:59.341691 OFF flow>6344 srcPort>42929 dst>fd10:43:100::2/25144 
00:50:59.391534 SHUTDOWN flow>6376 srcPort>43637 dst>fd10:43:100::2/25176 
00:50:59.403216 CONNECT flow>6616 srcPort>34071 dst>fd10:43:100::2/25416 
00:50:59.428935 OFF flow>6368 srcPort>44471 dst>fd10:43:100::2/25168 
00:50:59.465013 ON flow>6624 srcPort>34931 dst>fd10:43:100::2/25424 
00:50:59.480722 OFF flow>6376 srcPort>43637 dst>fd10:43:100::2/25176 
00:50:59.538355 OFF flow>6352 srcPort>37673 dst>fd10:43:100::2/25152 
00:50:59.559152 SHUTDOWN flow>6384 srcPort>38619 dst>fd10:43:100::2/25184 
00:50:59.563554 CONNECT flow>6624 srcPort>34931 dst>fd10:43:100::2/25424 
00:50:59.568452 SHUTDOWN flow>6392 srcPort>44959 dst>fd10:43:100::2/25192 
00:50:59.620855 ON flow>6632 srcPort>42301 dst>fd10:43:100::2/25432 
00:50:59.687578 OFF flow>6392 srcPort>44959 dst>fd10:43:100::2/25192 
00:50:59.694488 SHUTDOWN flow>6400 srcPort>40459 dst>fd10:43:100::2/25200 
00:50:59.707446 CONNECT flow>6632 srcPort>42301 dst>fd10:43:100::2/25432 
00:50:59.788191 OFF flow>6400 srcPort>40459 dst>fd10:43:100::2/25200 
00:50:59.833148 ON flow>6640 srcPort>41079 dst>fd10:43:100::2/25440 
00:50:59.923301 CONNECT flow>6640 srcPort>41079 dst>fd10:43:100::2/25440 
00:50:59.964562 ON flow>6648 srcPort>40481 dst>fd10:43:100::2/25448 
00:51:00.055550 ON flow>6656 srcPort>42509 dst>fd10:43:100::2/25456 
00:51:00.059930 CONNECT flow>6648 srcPort>40481 dst>fd10:43:100::2/25448 
00:51:00.095422 SHUTDOWN flow>6408 srcPort>42381 dst>fd10:43:100::2/25208 
00:51:00.113225 OFF flow>6384 srcPort>38619 dst>fd10:43:100::2/25184 
00:51:00.115474 ON flow>6664 srcPort>43545 dst>fd10:43:100::2/25464 
00:51:00.143842 CONNECT flow>6656 srcPort>42509 dst>fd10:43:100::2/25456 
00:51:00.182641 ON flow>6672 srcPort>45211 dst>fd10:43:100::2/25472 
00:51:00.211098 CONNECT flow>6664 srcPort>43545 dst>fd10:43:100::2/25464 
00:51:00.246655 ON flow>6680 srcPort>45187 dst>fd10:43:100::2/25480 
00:51:00.271533 OFF flow>6360 srcPort>44601 dst>fd10:43:100::2/25160 
00:51:00.276757 CONNECT flow>6672 srcPort>45211 dst>fd10:43:100::2/25472 
00:51:00.281558 SHUTDOWN flow>6416 srcPort>46341 dst>fd10:43:100::2/25216 
00:51:00.331608 CONNECT flow>6680 srcPort>45187 dst>fd10:43:100::2/25480 
00:51:00.367162 ON flow>6688 srcPort>46551 dst>fd10:43:100::2/25488 
00:51:00.461459 SHUTDOWN flow>6424 srcPort>37465 dst>fd10:43:100::2/25224 
00:51:00.476015 CONNECT flow>6688 srcPort>46551 dst>fd10:43:100::2/25488 
00:51:00.510057 ON flow>6696 srcPort>36043 dst>fd10:43:100::2/25496 
00:51:00.619675 SHUTDOWN flow>6432 srcPort>45989 dst>fd10:43:100::2/25232 
00:51:00.620137 CONNECT flow>6696 srcPort>36043 dst>fd10:43:100::2/25496 
00:51:00.660339 OFF flow>6408 srcPort>42381 dst>fd10:43:100::2/25208 
00:51:00.664266 ON flow>6704 srcPort>32855 dst>fd10:43:100::2/25504 
00:51:00.757278 CONNECT flow>6704 srcPort>32855 dst>fd10:43:100::2/25504 
00:51:00.801551 SHUTDOWN flow>6440 srcPort>33903 dst>fd10:43:100::2/25240 
00:51:00.816728 ON flow>6712 srcPort>45701 dst>fd10:43:100::2/25512 
00:51:00.855663 SHUTDOWN flow>6448 srcPort>32883 dst>fd10:43:100::2/25248 
00:51:00.922709 CONNECT flow>6712 srcPort>45701 dst>fd10:43:100::2/25512 
00:51:00.954086 OFF flow>6432 srcPort>45989 dst>fd10:43:100::2/25232 
00:51:01.014327 OFF flow>6448 srcPort>32883 dst>fd10:43:100::2/25248 
00:51:01.044340 SHUTDOWN flow>6456 srcPort>40789 dst>fd10:43:100::2/25256 
00:51:01.064341 ON flow>6720 srcPort>42281 dst>fd10:43:100::2/25520 
00:51:01.130870 ON flow>6728 srcPort>35615 dst>fd10:43:100::2/25528 
00:51:01.148503 OFF flow>6416 srcPort>46341 dst>fd10:43:100::2/25216 
00:51:01.153466 OFF flow>6456 srcPort>40789 dst>fd10:43:100::2/25256 
00:51:01.168951 CONNECT flow>6720 srcPort>42281 dst>fd10:43:100::2/25520 
00:51:01.184801 SHUTDOWN flow>6464 srcPort>46881 dst>fd10:43:100::2/25264 
00:51:01.225537 CONNECT flow>6728 srcPort>35615 dst>fd10:43:100::2/25528 
00:51:01.275258 SHUTDOWN flow>6472 srcPort>42167 dst>fd10:43:100::2/25272 
00:51:01.333594 ON flow>6736 srcPort>32821 dst>fd10:43:100::2/25536 
00:51:01.348046 SHUTDOWN flow>6480 srcPort>45083 dst>fd10:43:100::2/25280 
00:51:01.379711 OFF flow>6472 srcPort>42167 dst>fd10:43:100::2/25272 
00:51:01.388782 OFF flow>6424 srcPort>37465 dst>fd10:43:100::2/25224 
00:51:01.412480 ON flow>6744 srcPort>35591 dst>fd10:43:100::2/25544 
00:51:01.433849 CONNECT flow>6736 srcPort>32821 dst>fd10:43:100::2/25536 
00:51:01.488163 OFF flow>6464 srcPort>46881 dst>fd10:43:100::2/25264 
00:51:01.517544 CONNECT flow>6744 srcPort>35591 dst>fd10:43:100::2/25544 
00:51:01.524989 SHUTDOWN flow>6488 srcPort>39987 dst>fd10:43:100::2/25288 
00:51:01.532462 ON flow>6752 srcPort>44965 dst>fd10:43:100::2/25552 
00:51:01.634340 CONNECT flow>6752 srcPort>44965 dst>fd10:43:100::2/25552 
00:51:01.640302 OFF flow>6480 srcPort>45083 dst>fd10:43:100::2/25280 
00:51:01.656354 SHUTDOWN flow>6496 srcPort>46691 dst>fd10:43:100::2/25296 
00:51:01.852834 SHUTDOWN flow>6504 srcPort>37963 dst>fd10:43:100::2/25304 
00:51:01.894862 ON flow>6760 srcPort>38349 dst>fd10:43:100::2/25560 
00:51:01.963267 OFF flow>6504 srcPort>37963 dst>fd10:43:100::2/25304 
00:51:02.001217 CONNECT flow>6760 srcPort>38349 dst>fd10:43:100::2/25560 
00:51:02.014087 SHUTDOWN flow>6512 srcPort>36255 dst>fd10:43:100::2/25312 
00:51:02.150138 OFF flow>6512 srcPort>36255 dst>fd10:43:100::2/25312 
00:51:02.197130 ON flow>6768 srcPort>34885 dst>fd10:43:100::2/25568 
00:51:02.263862 SHUTDOWN flow>6528 srcPort>41185 dst>fd10:43:100::2/25328 
00:51:02.290741 CONNECT flow>6768 srcPort>34885 dst>fd10:43:100::2/25568 
00:51:02.330530 OFF flow>6496 srcPort>46691 dst>fd10:43:100::2/25296 
00:51:02.368447 OFF flow>6528 srcPort>41185 dst>fd10:43:100::2/25328 
00:51:02.469347 SHUTDOWN flow>6536 srcPort>43559 dst>fd10:43:100::2/25336 
00:51:02.476314 ON flow>6776 srcPort>33799 dst>fd10:43:100::2/25576 
00:51:02.572068 CONNECT flow>6776 srcPort>33799 dst>fd10:43:100::2/25576 
00:51:02.620331 OFF flow>6536 srcPort>43559 dst>fd10:43:100::2/25336 
00:51:02.652838 ON flow>6784 srcPort>41021 dst>fd10:43:100::2/25584 
00:51:02.731522 CONNECT flow>6784 srcPort>41021 dst>fd10:43:100::2/25584 
00:51:02.740954 SHUTDOWN flow>6544 srcPort>40473 dst>fd10:43:100::2/25344 
00:51:02.754469 ON flow>6792 srcPort>41633 dst>fd10:43:100::2/25592 
00:51:02.817487 SHUTDOWN flow>6520 srcPort>45861 dst>fd10:43:100::2/25320 
00:51:02.827854 OFF flow>6544 srcPort>40473 dst>fd10:43:100::2/25344 
00:51:02.841426 CONNECT flow>6792 srcPort>41633 dst>fd10:43:100::2/25592 
00:51:02.858464 ON flow>6800 srcPort>44333 dst>fd10:43:100::2/25600 
00:51:02.887845 SHUTDOWN flow>6552 srcPort>37913 dst>fd10:43:100::2/25352 
00:51:02.943776 CONNECT flow>6800 srcPort>44333 dst>fd10:43:100::2/25600 
00:51:02.949303 ON flow>6808 srcPort>42595 dst>fd10:43:100::2/25608 
00:51:03.033005 ON flow>6816 srcPort>40509 dst>fd10:43:100::2/25616 
00:51:03.036453 CONNECT flow>6808 srcPort>42595 dst>fd10:43:100::2/25608 
00:51:03.079035 ON flow>6824 srcPort>44365 dst>fd10:43:100::2/25624 
00:51:03.092742 OFF flow>6488 srcPort>39987 dst>fd10:43:100::2/25288 
00:51:03.120148 CONNECT flow>6816 srcPort>40509 dst>fd10:43:100::2/25616 
00:51:03.125520 ON flow>6832 srcPort>36549 dst>fd10:43:100::2/25632 
00:51:03.139906 SHUTDOWN flow>6560 srcPort>44505 dst>fd10:43:100::2/25360 
00:51:03.167425 OFF flow>6440 srcPort>33903 dst>fd10:43:100::2/25240 
00:51:03.168397 CONNECT flow>6824 srcPort>44365 dst>fd10:43:100::2/25624 
00:51:03.210998 CONNECT flow>6832 srcPort>36549 dst>fd10:43:100::2/25632 
00:51:03.218790 OFF flow>6560 srcPort>44505 dst>fd10:43:100::2/25360 
00:51:03.262873 SHUTDOWN flow>6568 srcPort>37359 dst>fd10:43:100::2/25368 
00:51:03.280366 OFF flow>6552 srcPort>37913 dst>fd10:43:100::2/25352 
00:51:03.350981 ON flow>6840 srcPort>35137 dst>fd10:43:100::2/25640 
00:51:03.360175 SHUTDOWN flow>6576 srcPort>34883 dst>fd10:43:100::2/25376 
00:51:03.414677 ON flow>6848 srcPort>32843 dst>fd10:43:100::2/25648 
00:51:03.457393 CONNECT flow>6840 srcPort>35137 dst>fd10:43:100::2/25640 
00:51:03.461247 OFF flow>6576 srcPort>34883 dst>fd10:43:100::2/25376 
00:51:03.497245 SHUTDOWN flow>6584 srcPort>41509 dst>fd10:43:100::2/25384 
00:51:03.519575 CONNECT flow>6848 srcPort>32843 dst>fd10:43:100::2/25648 
00:51:03.588224 OFF flow>6584 srcPort>41509 dst>fd10:43:100::2/25384 
00:51:03.616158 ON flow>6856 srcPort>46659 dst>fd10:43:100::2/25656 
00:51:03.677784 ON flow>6864 srcPort>39647 dst>fd10:43:100::2/25664 
00:51:03.687228 CONNECT flow>6856 srcPort>46659 dst>fd10:43:100::2/25656 
00:51:03.749307 CONNECT flow>6864 srcPort>39647 dst>fd10:43:100::2/25664 
00:51:03.765481 ON flow>6872 srcPort>34101 dst>fd10:43:100::2/25672 
00:51:03.863029 CONNECT flow>6872 srcPort>34101 dst>fd10:43:100::2/25672 
00:51:03.874891 ON flow>6880 srcPort>37771 dst>fd10:43:100::2/25680 
00:51:03.926949 SHUTDOWN flow>6600 srcPort>37409 dst>fd10:43:100::2/25400 
00:51:03.972899 CONNECT flow>6880 srcPort>37771 dst>fd10:43:100::2/25680 
00:51:04.023991 OFF flow>6600 srcPort>37409 dst>fd10:43:100::2/25400 
00:51:04.070567 ON flow>6888 srcPort>33395 dst>fd10:43:100::2/25688 
00:51:04.104205 SHUTDOWN flow>6592 srcPort>41815 dst>fd10:43:100::2/25392 
00:51:04.114702 SHUTDOWN flow>6616 srcPort>34071 dst>fd10:43:100::2/25416 
00:51:04.140604 SHUTDOWN flow>6608 srcPort>43501 dst>fd10:43:100::2/25408 
00:51:04.172795 CONNECT flow>6888 srcPort>33395 dst>fd10:43:100::2/25688 
00:51:04.217688 OFF flow>6616 srcPort>34071 dst>fd10:43:100::2/25416 
00:51:04.264301 SHUTDOWN flow>6624 srcPort>34931 dst>fd10:43:100::2/25424 
00:51:04.420380 SHUTDOWN flow>6632 srcPort>42301 dst>fd10:43:100::2/25432 
00:51:04.498201 ON flow>6896 srcPort>33343 dst>fd10:43:100::2/25696 
00:51:04.612895 CONNECT flow>6896 srcPort>33343 dst>fd10:43:100::2/25696 
00:51:04.667397 OFF flow>6632 srcPort>42301 dst>fd10:43:100::2/25432 
00:51:04.702519 SHUTDOWN flow>6640 srcPort>41079 dst>fd10:43:100::2/25440 
00:51:04.749306 ON flow>6904 srcPort>37189 dst>fd10:43:100::2/25704 
00:51:04.833960 CONNECT flow>6904 srcPort>37189 dst>fd10:43:100::2/25704 
00:51:04.870114 ON flow>6912 srcPort>41703 dst>fd10:43:100::2/25712 
00:51:04.965461 CONNECT flow>6912 srcPort>41703 dst>fd10:43:100::2/25712 
00:51:04.981418 SHUTDOWN flow>6648 srcPort>40481 dst>fd10:43:100::2/25448 
00:51:04.982458 SHUTDOWN flow>6672 srcPort>45211 dst>fd10:43:100::2/25472 
00:51:05.045181 OFF flow>6608 srcPort>43501 dst>fd10:43:100::2/25408 
00:51:05.046462 SHUTDOWN flow>6680 srcPort>45187 dst>fd10:43:100::2/25480 
00:51:05.060214 SHUTDOWN flow>6664 srcPort>43545 dst>fd10:43:100::2/25464 
00:51:05.073436 SHUTDOWN flow>6656 srcPort>42509 dst>fd10:43:100::2/25456 
00:51:05.077146 OFF flow>6592 srcPort>41815 dst>fd10:43:100::2/25392 
00:51:05.115741 OFF flow>6640 srcPort>41079 dst>fd10:43:100::2/25440 
00:51:05.166847 SHUTDOWN flow>6688 srcPort>46551 dst>fd10:43:100::2/25488 
00:51:05.309743 SHUTDOWN flow>6696 srcPort>36043 dst>fd10:43:100::2/25496 
00:51:05.338678 OFF flow>6664 srcPort>43545 dst>fd10:43:100::2/25464 
00:51:05.356865 OFF flow>6680 srcPort>45187 dst>fd10:43:100::2/25480 
00:51:05.379124 OFF flow>6696 srcPort>36043 dst>fd10:43:100::2/25496 
00:51:05.390911 OFF flow>6624 srcPort>34931 dst>fd10:43:100::2/25424 
00:51:05.394055 ON flow>6920 srcPort>35907 dst>fd10:43:100::2/25720 
00:51:05.401512 OFF flow>6672 srcPort>45211 dst>fd10:43:100::2/25472 
00:51:05.411157 OFF flow>6648 srcPort>40481 dst>fd10:43:100::2/25448 
00:51:05.463873 SHUTDOWN flow>6704 srcPort>32855 dst>fd10:43:100::2/25504 
00:51:05.466691 CONNECT flow>6920 srcPort>35907 dst>fd10:43:100::2/25720 
00:51:05.490661 OFF flow>6688 srcPort>46551 dst>fd10:43:100::2/25488 
00:51:05.616461 SHUTDOWN flow>6712 srcPort>45701 dst>fd10:43:100::2/25512 
00:51:05.634179 OFF flow>6656 srcPort>42509 dst>fd10:43:100::2/25456 
00:51:05.646796 ON flow>6928 srcPort>34525 dst>fd10:43:100::2/25728 
00:51:05.676865 CONNECT flow>6928 srcPort>34525 dst>fd10:43:100::2/25728 
00:51:05.809996 OFF flow>6568 srcPort>37359 dst>fd10:43:100::2/25368 
00:51:05.860621 ON flow>6936 srcPort>37773 dst>fd10:43:100::2/25736 
00:51:05.864055 SHUTDOWN flow>6720 srcPort>42281 dst>fd10:43:100::2/25520 
00:51:05.903687 CONNECT flow>6936 srcPort>37773 dst>fd10:43:100::2/25736 
00:51:05.930503 SHUTDOWN flow>6728 srcPort>35615 dst>fd10:43:100::2/25528 
00:51:05.985689 ON flow>6944 srcPort>42719 dst>fd10:43:100::2/25744 
00:51:06.030186 CONNECT flow>6944 srcPort>42719 dst>fd10:43:100::2/25744 
00:51:06.078380 ON flow>6952 srcPort>46055 dst>fd10:43:100::2/25752 
00:51:06.106764 OFF flow>6520 srcPort>45861 dst>fd10:43:100::2/25320 
00:51:06.124519 OFF flow>6712 srcPort>45701 dst>fd10:43:100::2/25512 
00:51:06.125153 OFF flow>6704 srcPort>32855 dst>fd10:43:100::2/25504 
00:51:06.126098 CONNECT flow>6952 srcPort>46055 dst>fd10:43:100::2/25752 
00:51:06.133174 SHUTDOWN flow>6736 srcPort>32821 dst>fd10:43:100::2/25536 
00:51:06.172435 ON flow>6960 srcPort>42621 dst>fd10:43:100::2/25760 
00:51:06.216639 CONNECT flow>6960 srcPort>42621 dst>fd10:43:100::2/25760 
00:51:06.308655 ON flow>6968 srcPort>36187 dst>fd10:43:100::2/25768 
00:51:06.324302 SHUTDOWN flow>6744 srcPort>35591 dst>fd10:43:100::2/25544 
00:51:06.331698 SHUTDOWN flow>6752 srcPort>44965 dst>fd10:43:100::2/25552 
00:51:06.343670 CONNECT flow>6968 srcPort>36187 dst>fd10:43:100::2/25768 
00:51:06.371174 OFF flow>6752 srcPort>44965 dst>fd10:43:100::2/25552 
00:51:06.392275 OFF flow>6728 srcPort>35615 dst>fd10:43:100::2/25528 
00:51:06.404253 ON flow>6976 srcPort>46777 dst>fd10:43:100::2/25776 
00:51:06.438995 CONNECT flow>6976 srcPort>46777 dst>fd10:43:100::2/25776 
00:51:06.501763 ON flow>6984 srcPort>39793 dst>fd10:43:100::2/25784 
00:51:06.539961 CONNECT flow>6984 srcPort>39793 dst>fd10:43:100::2/25784 
00:51:06.625991 ON flow>6992 srcPort>38431 dst>fd10:43:100::2/25792 
00:51:06.668492 CONNECT flow>6992 srcPort>38431 dst>fd10:43:100::2/25792 
00:51:06.694288 ON flow>7000 srcPort>34031 dst>fd10:43:100::2/25800 
00:51:06.694654 SHUTDOWN flow>6760 srcPort>38349 dst>fd10:43:100::2/25560 
00:51:06.748812 CONNECT flow>7000 srcPort>34031 dst>fd10:43:100::2/25800 
00:51:06.801960 OFF flow>6744 srcPort>35591 dst>fd10:43:100::2/25544 
00:51:06.808897 ON flow>7008 srcPort>46243 dst>fd10:43:100::2/25808 
00:51:06.808924 OFF flow>6736 srcPort>32821 dst>fd10:43:100::2/25536 
00:51:06.863268 CONNECT flow>7008 srcPort>46243 dst>fd10:43:100::2/25808 
00:51:06.918341 ON flow>7016 srcPort>38423 dst>fd10:43:100::2/25816 
00:51:06.975089 OFF flow>6720 srcPort>42281 dst>fd10:43:100::2/25520 
00:51:06.976571 CONNECT flow>7016 srcPort>38423 dst>fd10:43:100::2/25816 
00:51:06.991951 ON flow>7024 srcPort>42225 dst>fd10:43:100::2/25824 
00:51:06.996904 SHUTDOWN flow>6768 srcPort>34885 dst>fd10:43:100::2/25568 
00:51:07.051804 CONNECT flow>7024 srcPort>42225 dst>fd10:43:100::2/25824 
00:51:07.058142 OFF flow>6768 srcPort>34885 dst>fd10:43:100::2/25568 
00:51:07.185166 ON flow>7032 srcPort>42361 dst>fd10:43:100::2/25832 
00:51:07.256976 CONNECT flow>7032 srcPort>42361 dst>fd10:43:100::2/25832 
00:51:07.276212 SHUTDOWN flow>6776 srcPort>33799 dst>fd10:43:100::2/25576 
00:51:07.287488 ON flow>7040 srcPort>45623 dst>fd10:43:100::2/25840 
00:51:07.365117 CONNECT flow>7040 srcPort>45623 dst>fd10:43:100::2/25840 
00:51:07.400605 ON flow>7048 srcPort>39883 dst>fd10:43:100::2/25848 
00:51:07.450544 OFF flow>6776 srcPort>33799 dst>fd10:43:100::2/25576 
00:51:07.452649 SHUTDOWN flow>6784 srcPort>41021 dst>fd10:43:100::2/25584 
00:51:07.483280 CONNECT flow>7048 srcPort>39883 dst>fd10:43:100::2/25848 
00:51:07.500789 ON flow>7056 srcPort>36093 dst>fd10:43:100::2/25856 
00:51:07.534557 OFF flow>6784 srcPort>41021 dst>fd10:43:100::2/25584 
00:51:07.554167 SHUTDOWN flow>6792 srcPort>41633 dst>fd10:43:100::2/25592 
00:51:07.587711 ON flow>7064 srcPort>40627 dst>fd10:43:100::2/25864 
00:51:07.594312 CONNECT flow>7056 srcPort>36093 dst>fd10:43:100::2/25856 
00:51:07.643716 OFF flow>6792 srcPort>41633 dst>fd10:43:100::2/25592 
00:51:07.658266 SHUTDOWN flow>6800 srcPort>44333 dst>fd10:43:100::2/25600 
00:51:07.676384 CONNECT flow>7064 srcPort>40627 dst>fd10:43:100::2/25864 
00:51:07.705626 ON flow>7072 srcPort>35245 dst>fd10:43:100::2/25872 
00:51:07.748753 SHUTDOWN flow>6808 srcPort>42595 dst>fd10:43:100::2/25608 
00:51:07.756818 ON flow>7080 srcPort>41529 dst>fd10:43:100::2/25880 
00:51:07.795380 CONNECT flow>7072 srcPort>35245 dst>fd10:43:100::2/25872 
00:51:07.830031 ON flow>7088 srcPort>41887 dst>fd10:43:100::2/25888 
00:51:07.832853 SHUTDOWN flow>6816 srcPort>40509 dst>fd10:43:100::2/25616 
00:51:07.850304 CONNECT flow>7080 srcPort>41529 dst>fd10:43:100::2/25880 
00:51:07.906963 ON flow>7096 srcPort>36763 dst>fd10:43:100::2/25896 
00:51:07.925165 SHUTDOWN flow>6832 srcPort>36549 dst>fd10:43:100::2/25632 
00:51:07.940424 CONNECT flow>7088 srcPort>41887 dst>fd10:43:100::2/25888 
00:51:07.982391 SHUTDOWN flow>6824 srcPort>44365 dst>fd10:43:100::2/25624 
00:51:07.990155 OFF flow>6760 srcPort>38349 dst>fd10:43:100::2/25560 
00:51:08.014336 CONNECT flow>7096 srcPort>36763 dst>fd10:43:100::2/25896 
00:51:08.056436 ON flow>7104 srcPort>42267 dst>fd10:43:100::2/25904 
00:51:08.150687 SHUTDOWN flow>6840 srcPort>35137 dst>fd10:43:100::2/25640 
00:51:08.156857 ON flow>7112 srcPort>32873 dst>fd10:43:100::2/25912 
00:51:08.167222 CONNECT flow>7104 srcPort>42267 dst>fd10:43:100::2/25904 
00:51:08.269529 ON flow>7120 srcPort>39219 dst>fd10:43:100::2/25920 
00:51:08.271866 CONNECT flow>7112 srcPort>32873 dst>fd10:43:100::2/25912 
00:51:08.303833 OFF flow>6808 srcPort>42595 dst>fd10:43:100::2/25608 
00:51:08.314498 ON flow>7128 srcPort>33259 dst>fd10:43:100::2/25928 
00:51:08.375435 CONNECT flow>7120 srcPort>39219 dst>fd10:43:100::2/25920 
00:51:08.413315 ON flow>7136 srcPort>44989 dst>fd10:43:100::2/25936 
00:51:08.415960 SHUTDOWN flow>6856 srcPort>46659 dst>fd10:43:100::2/25656 
00:51:08.437405 CONNECT flow>7128 srcPort>33259 dst>fd10:43:100::2/25928 
00:51:08.464645 OFF flow>6824 srcPort>44365 dst>fd10:43:100::2/25624 
00:51:08.477472 SHUTDOWN flow>6864 srcPort>39647 dst>fd10:43:100::2/25664 
00:51:08.496184 ON flow>7144 srcPort>46197 dst>fd10:43:100::2/25944 
00:51:08.512688 CONNECT flow>7136 srcPort>44989 dst>fd10:43:100::2/25936 
00:51:08.585660 OFF flow>6864 srcPort>39647 dst>fd10:43:100::2/25664 
00:51:08.600515 OFF flow>6856 srcPort>46659 dst>fd10:43:100::2/25656 
00:51:08.607905 CONNECT flow>7144 srcPort>46197 dst>fd10:43:100::2/25944 
00:51:08.674718 SHUTDOWN flow>6880 srcPort>37771 dst>fd10:43:100::2/25680 
00:51:08.676377 ON flow>7152 srcPort>36159 dst>fd10:43:100::2/25952 
00:51:08.791508 OFF flow>6880 srcPort>37771 dst>fd10:43:100::2/25680 
00:51:08.792736 CONNECT flow>7152 srcPort>36159 dst>fd10:43:100::2/25952 
00:51:08.830137 ON flow>7160 srcPort>33349 dst>fd10:43:100::2/25960 
00:51:08.870332 SHUTDOWN flow>6888 srcPort>33395 dst>fd10:43:100::2/25688 
00:51:08.938483 CONNECT flow>7160 srcPort>33349 dst>fd10:43:100::2/25960 
00:51:08.955654 ON flow>7168 srcPort>39473 dst>fd10:43:100::2/25968 
00:51:09.063862 CONNECT flow>7168 srcPort>39473 dst>fd10:43:100::2/25968 
00:51:09.098309 ON flow>7176 srcPort>45385 dst>fd10:43:100::2/25976 
00:51:09.191631 ON flow>7184 srcPort>41553 dst>fd10:43:100::2/25984 
00:51:09.192728 CONNECT flow>7176 srcPort>45385 dst>fd10:43:100::2/25976 
00:51:09.245194 SHUTDOWN flow>6872 srcPort>34101 dst>fd10:43:100::2/25672 
00:51:09.275390 SHUTDOWN flow>6848 srcPort>32843 dst>fd10:43:100::2/25648 
00:51:09.286734 CONNECT flow>7184 srcPort>41553 dst>fd10:43:100::2/25984 
00:51:09.316522 ON flow>7192 srcPort>40085 dst>fd10:43:100::2/25992 
00:51:09.411334 OFF flow>6888 srcPort>33395 dst>fd10:43:100::2/25688 
00:51:09.422175 CONNECT flow>7192 srcPort>40085 dst>fd10:43:100::2/25992 
00:51:09.425685 ON flow>7200 srcPort>44225 dst>fd10:43:100::2/26000 
00:51:09.449767 OFF flow>6816 srcPort>40509 dst>fd10:43:100::2/25616 
00:51:09.457675 OFF flow>6800 srcPort>44333 dst>fd10:43:100::2/25600 
00:51:09.478876 SHUTDOWN flow>6896 srcPort>33343 dst>fd10:43:100::2/25696 
00:51:09.533744 CONNECT flow>7200 srcPort>44225 dst>fd10:43:100::2/26000 
00:51:09.549036 SHUTDOWN flow>6904 srcPort>37189 dst>fd10:43:100::2/25704 
00:51:09.567968 ON flow>7208 srcPort>44851 dst>fd10:43:100::2/26008 
00:51:09.669673 SHUTDOWN flow>6912 srcPort>41703 dst>fd10:43:100::2/25712 
00:51:09.679078 CONNECT flow>7208 srcPort>44851 dst>fd10:43:100::2/26008 
00:51:09.683864 ON flow>7216 srcPort>42687 dst>fd10:43:100::2/26016 
00:51:09.761728 OFF flow>6904 srcPort>37189 dst>fd10:43:100::2/25704 
00:51:09.785140 CONNECT flow>7216 srcPort>42687 dst>fd10:43:100::2/26016 
00:51:09.816926 ON flow>7224 srcPort>41739 dst>fd10:43:100::2/26024 
00:51:09.884451 OFF flow>6832 srcPort>36549 dst>fd10:43:100::2/25632 
00:51:09.926630 ON flow>7232 srcPort>41681 dst>fd10:43:100::2/26032 
00:51:09.928656 CONNECT flow>7224 srcPort>41739 dst>fd10:43:100::2/26024 
00:51:10.016791 ON flow>7240 srcPort>40517 dst>fd10:43:100::2/26040 
00:51:10.034253 CONNECT flow>7232 srcPort>41681 dst>fd10:43:100::2/26032 
00:51:10.103551 ON flow>7248 srcPort>45633 dst>fd10:43:100::2/26048 
00:51:10.125322 CONNECT flow>7240 srcPort>40517 dst>fd10:43:100::2/26040 
00:51:10.211006 CONNECT flow>7248 srcPort>45633 dst>fd10:43:100::2/26048 
00:51:10.262642 ON flow>7256 srcPort>36835 dst>fd10:43:100::2/26056 
00:51:10.365006 CONNECT flow>7256 srcPort>36835 dst>fd10:43:100::2/26056 
00:51:10.408072 ON flow>7264 srcPort>40151 dst>fd10:43:100::2/26064 
00:51:10.473190 OFF flow>6872 srcPort>34101 dst>fd10:43:100::2/25672 
00:51:10.518448 CONNECT flow>7264 srcPort>40151 dst>fd10:43:100::2/26064 
00:51:10.589237 ON flow>7272 srcPort>39635 dst>fd10:43:100::2/26072 
00:51:10.619972 SHUTDOWN flow>6928 srcPort>34525 dst>fd10:43:100::2/25728 
00:51:10.660447 SHUTDOWN flow>6936 srcPort>37773 dst>fd10:43:100::2/25736 
00:51:10.691707 OFF flow>6840 srcPort>35137 dst>fd10:43:100::2/25640 
00:51:10.697140 CONNECT flow>7272 srcPort>39635 dst>fd10:43:100::2/26072 
00:51:10.788336 ON flow>7280 srcPort>41449 dst>fd10:43:100::2/26080 
00:51:10.826453 SHUTDOWN flow>6944 srcPort>42719 dst>fd10:43:100::2/25744 
00:51:10.876052 OFF flow>6896 srcPort>33343 dst>fd10:43:100::2/25696 
00:51:10.877978 SHUTDOWN flow>6952 srcPort>46055 dst>fd10:43:100::2/25752 
00:51:10.891021 SHUTDOWN flow>6920 srcPort>35907 dst>fd10:43:100::2/25720 
00:51:10.891041 CONNECT flow>7280 srcPort>41449 dst>fd10:43:100::2/26080 
00:51:10.900997 ON flow>7288 srcPort>44669 dst>fd10:43:100::2/26088 
00:51:10.972309 SHUTDOWN flow>6960 srcPort>42621 dst>fd10:43:100::2/25760 
00:51:10.974723 ON flow>7296 srcPort>43881 dst>fd10:43:100::2/26096 
00:51:11.000706 CONNECT flow>7288 srcPort>44669 dst>fd10:43:100::2/26088 
00:51:11.074993 CONNECT flow>7296 srcPort>43881 dst>fd10:43:100::2/26096 
00:51:11.108492 SHUTDOWN flow>6968 srcPort>36187 dst>fd10:43:100::2/25768 
00:51:11.167101 ON flow>7304 srcPort>41085 dst>fd10:43:100::2/26104 
00:51:11.204082 SHUTDOWN flow>6976 srcPort>46777 dst>fd10:43:100::2/25776 
00:51:11.265087 CONNECT flow>7304 srcPort>41085 dst>fd10:43:100::2/26104 
00:51:11.425589 SHUTDOWN flow>6992 srcPort>38431 dst>fd10:43:100::2/25792 
00:51:11.493706 ON flow>7312 srcPort>42051 dst>fd10:43:100::2/26112 
00:51:11.588339 OFF flow>6968 srcPort>36187 dst>fd10:43:100::2/25768 
00:51:11.597553 CONNECT flow>7312 srcPort>42051 dst>fd10:43:100::2/26112 
00:51:11.597912 SHUTDOWN flow>6984 srcPort>39793 dst>fd10:43:100::2/25784 
00:51:11.608482 SHUTDOWN flow>7008 srcPort>46243 dst>fd10:43:100::2/25808 
00:51:11.687292 OFF flow>6928 srcPort>34525 dst>fd10:43:100::2/25728 
00:51:11.695182 ON flow>7320 srcPort>37319 dst>fd10:43:100::2/26120 
00:51:11.733138 OFF flow>6952 srcPort>46055 dst>fd10:43:100::2/25752 
00:51:11.733378 OFF flow>6848 srcPort>32843 dst>fd10:43:100::2/25648 
00:51:11.759171 OFF flow>6920 srcPort>35907 dst>fd10:43:100::2/25720 
00:51:11.791701 SHUTDOWN flow>7024 srcPort>42225 dst>fd10:43:100::2/25824 
00:51:11.797520 CONNECT flow>7320 srcPort>37319 dst>fd10:43:100::2/26120 
00:51:11.894858 OFF flow>7024 srcPort>42225 dst>fd10:43:100::2/25824 
00:51:11.967111 ON flow>7328 srcPort>35757 dst>fd10:43:100::2/26128 
00:51:11.984811 SHUTDOWN flow>7032 srcPort>42361 dst>fd10:43:100::2/25832 
00:51:12.054420 SHUTDOWN flow>7016 srcPort>38423 dst>fd10:43:100::2/25816 
00:51:12.061113 ON flow>7336 srcPort>35205 dst>fd10:43:100::2/26136 
00:51:12.069259 CONNECT flow>7328 srcPort>35757 dst>fd10:43:100::2/26128 
00:51:12.087291 SHUTDOWN flow>7040 srcPort>45623 dst>fd10:43:100::2/25840 
00:51:12.165281 CONNECT flow>7336 srcPort>35205 dst>fd10:43:100::2/26136 
00:51:12.179609 ON flow>7344 srcPort>43331 dst>fd10:43:100::2/26144 
00:51:12.228560 SHUTDOWN flow>7000 srcPort>34031 dst>fd10:43:100::2/25800 
00:51:12.271045 CONNECT flow>7344 srcPort>43331 dst>fd10:43:100::2/26144 
00:51:12.298199 SHUTDOWN flow>7048 srcPort>39883 dst>fd10:43:100::2/25848 
00:51:12.300418 SHUTDOWN flow>7056 srcPort>36093 dst>fd10:43:100::2/25856 
00:51:12.306181 OFF flow>6936 srcPort>37773 dst>fd10:43:100::2/25736 
00:51:12.375056 ON flow>7352 srcPort>44367 dst>fd10:43:100::2/26152 
00:51:12.387523 SHUTDOWN flow>7064 srcPort>40627 dst>fd10:43:100::2/25864 
00:51:12.466367 ON flow>7360 srcPort>40021 dst>fd10:43:100::2/26160 
00:51:12.487073 CONNECT flow>7352 srcPort>44367 dst>fd10:43:100::2/26152 
00:51:12.487363 OFF flow>6992 srcPort>38431 dst>fd10:43:100::2/25792 
00:51:12.580162 CONNECT flow>7360 srcPort>40021 dst>fd10:43:100::2/26160 
00:51:12.619133 OFF flow>6944 srcPort>42719 dst>fd10:43:100::2/25744 
00:51:12.706753 SHUTDOWN flow>7096 srcPort>36763 dst>fd10:43:100::2/25896 
00:51:12.738923 ON flow>7368 srcPort>38867 dst>fd10:43:100::2/26168 
00:51:12.815307 SHUTDOWN flow>7080 srcPort>41529 dst>fd10:43:100::2/25880 
00:51:12.849792 CONNECT flow>7368 srcPort>38867 dst>fd10:43:100::2/26168 
00:51:12.855957 SHUTDOWN flow>7104 srcPort>42267 dst>fd10:43:100::2/25904 
00:51:12.862569 OFF flow>7032 srcPort>42361 dst>fd10:43:100::2/25832 
00:51:12.862738 OFF flow>7096 srcPort>36763 dst>fd10:43:100::2/25896 
00:51:12.886832 OFF flow>6960 srcPort>42621 dst>fd10:43:100::2/25760 
00:51:12.953930 OFF flow>7104 srcPort>42267 dst>fd10:43:100::2/25904 
00:51:12.956668 SHUTDOWN flow>7112 srcPort>32873 dst>fd10:43:100::2/25912 
00:51:12.978669 SHUTDOWN flow>7088 srcPort>41887 dst>fd10:43:100::2/25888 
00:51:12.985517 SHUTDOWN flow>7072 srcPort>35245 dst>fd10:43:100::2/25872 
00:51:13.022501 ON flow>7376 srcPort>40099 dst>fd10:43:100::2/26176 
00:51:13.047589 OFF flow>7112 srcPort>32873 dst>fd10:43:100::2/25912 
00:51:13.069395 SHUTDOWN flow>7120 srcPort>39219 dst>fd10:43:100::2/25920 
00:51:13.114272 SHUTDOWN flow>7128 srcPort>33259 dst>fd10:43:100::2/25928 
00:51:13.117758 CONNECT flow>7376 srcPort>40099 dst>fd10:43:100::2/26176 
00:51:13.172410 OFF flow>7120 srcPort>39219 dst>fd10:43:100::2/25920 
00:51:13.213168 SHUTDOWN flow>7136 srcPort>44989 dst>fd10:43:100::2/25936 
00:51:13.230687 ON flow>7384 srcPort>37425 dst>fd10:43:100::2/26184 
00:51:13.275687 OFF flow>7016 srcPort>38423 dst>fd10:43:100::2/25816 
00:51:13.332358 CONNECT flow>7384 srcPort>37425 dst>fd10:43:100::2/26184 
00:51:13.356200 ON flow>7392 srcPort>37395 dst>fd10:43:100::2/26192 
00:51:13.443293 ON flow>7400 srcPort>36327 dst>fd10:43:100::2/26200 
00:51:13.454885 CONNECT flow>7392 srcPort>37395 dst>fd10:43:100::2/26192 
00:51:13.476298 SHUTDOWN flow>7152 srcPort>36159 dst>fd10:43:100::2/25952 
00:51:13.541230 CONNECT flow>7400 srcPort>36327 dst>fd10:43:100::2/26200 
00:51:13.561542 OFF flow>7056 srcPort>36093 dst>fd10:43:100::2/25856 
00:51:13.607739 ON flow>7408 srcPort>38851 dst>fd10:43:100::2/26208 
00:51:13.630066 SHUTDOWN flow>7160 srcPort>33349 dst>fd10:43:100::2/25960 
00:51:13.699965 OFF flow>7064 srcPort>40627 dst>fd10:43:100::2/25864 
00:51:13.702652 CONNECT flow>7408 srcPort>38851 dst>fd10:43:100::2/26208 
00:51:13.704685 ON flow>7416 srcPort>44521 dst>fd10:43:100::2/26216 
00:51:13.712204 OFF flow>7080 srcPort>41529 dst>fd10:43:100::2/25880 
00:51:13.755269 SHUTDOWN flow>7168 srcPort>39473 dst>fd10:43:100::2/25968 
00:51:13.767475 OFF flow>7000 srcPort>34031 dst>fd10:43:100::2/25800 
00:51:13.806955 CONNECT flow>7416 srcPort>44521 dst>fd10:43:100::2/26216 
00:51:13.867838 ON flow>7424 srcPort>37867 dst>fd10:43:100::2/26224 
00:51:13.902657 OFF flow>7040 srcPort>45623 dst>fd10:43:100::2/25840 
00:51:13.968871 ON flow>7432 srcPort>32869 dst>fd10:43:100::2/26232 
00:51:13.971238 OFF flow>6976 srcPort>46777 dst>fd10:43:100::2/25776 
00:51:13.986510 CONNECT flow>7424 srcPort>37867 dst>fd10:43:100::2/26224 
00:51:13.991325 SHUTDOWN flow>7184 srcPort>41553 dst>fd10:43:100::2/25984 
00:51:14.073504 CONNECT flow>7432 srcPort>32869 dst>fd10:43:100::2/26232 
00:51:14.116276 SHUTDOWN flow>7192 srcPort>40085 dst>fd10:43:100::2/25992 
00:51:14.116601 ON flow>7440 srcPort>38019 dst>fd10:43:100::2/26240 
00:51:14.157614 OFF flow>7072 srcPort>35245 dst>fd10:43:100::2/25872 
00:51:14.182069 OFF flow>7184 srcPort>41553 dst>fd10:43:100::2/25984 
00:51:14.210960 CONNECT flow>7440 srcPort>38019 dst>fd10:43:100::2/26240 
00:51:14.212383 SHUTDOWN flow>7176 srcPort>45385 dst>fd10:43:100::2/25976 
00:51:14.212712 OFF flow>7192 srcPort>40085 dst>fd10:43:100::2/25992 
00:51:14.244507 SHUTDOWN flow>7144 srcPort>46197 dst>fd10:43:100::2/25944 
00:51:14.257347 OFF flow>6912 srcPort>41703 dst>fd10:43:100::2/25712 
00:51:14.295585 ON flow>7448 srcPort>37087 dst>fd10:43:100::2/26248 
00:51:14.357363 OFF flow>7136 srcPort>44989 dst>fd10:43:100::2/25936 
00:51:14.363936 OFF flow>7008 srcPort>46243 dst>fd10:43:100::2/25808 
00:51:14.367628 SHUTDOWN flow>7208 srcPort>44851 dst>fd10:43:100::2/26008 
00:51:14.390723 CONNECT flow>7448 srcPort>37087 dst>fd10:43:100::2/26248 
00:51:14.399580 OFF flow>7088 srcPort>41887 dst>fd10:43:100::2/25888 
00:51:14.416741 ON flow>7456 srcPort>42705 dst>fd10:43:100::2/26256 
00:51:14.461250 OFF flow>6984 srcPort>39793 dst>fd10:43:100::2/25784 
00:51:14.474058 OFF flow>7208 srcPort>44851 dst>fd10:43:100::2/26008 
00:51:14.483662 SHUTDOWN flow>7216 srcPort>42687 dst>fd10:43:100::2/26016 
00:51:14.512323 CONNECT flow>7456 srcPort>42705 dst>fd10:43:100::2/26256 
00:51:14.530300 OFF flow>7048 srcPort>39883 dst>fd10:43:100::2/25848 
00:51:14.582712 OFF flow>7216 srcPort>42687 dst>fd10:43:100::2/26016 
00:51:14.595648 ON flow>7464 srcPort>45495 dst>fd10:43:100::2/26264 
00:51:14.616735 SHUTDOWN flow>7224 srcPort>41739 dst>fd10:43:100::2/26024 
00:51:14.699400 CONNECT flow>7464 srcPort>45495 dst>fd10:43:100::2/26264 
00:51:14.714895 OFF flow>7224 srcPort>41739 dst>fd10:43:100::2/26024 
00:51:14.725257 ON flow>7472 srcPort>44939 dst>fd10:43:100::2/26272 
00:51:14.726444 SHUTDOWN flow>7232 srcPort>41681 dst>fd10:43:100::2/26032 
00:51:14.816544 SHUTDOWN flow>7240 srcPort>40517 dst>fd10:43:100::2/26040 
00:51:14.829870 OFF flow>7232 srcPort>41681 dst>fd10:43:100::2/26032 
00:51:14.831987 CONNECT flow>7472 srcPort>44939 dst>fd10:43:100::2/26272 
00:51:14.833950 ON flow>7480 srcPort>43371 dst>fd10:43:100::2/26280 
00:51:14.837238 SHUTDOWN flow>7200 srcPort>44225 dst>fd10:43:100::2/26000 
00:51:14.903231 SHUTDOWN flow>7248 srcPort>45633 dst>fd10:43:100::2/26048 
00:51:14.921958 ON flow>7488 srcPort>38439 dst>fd10:43:100::2/26288 
00:51:14.925920 OFF flow>7240 srcPort>40517 dst>fd10:43:100::2/26040 
00:51:14.933865 CONNECT flow>7480 srcPort>43371 dst>fd10:43:100::2/26280 
00:51:15.004619 OFF flow>7248 srcPort>45633 dst>fd10:43:100::2/26048 
00:51:15.021890 CONNECT flow>7488 srcPort>38439 dst>fd10:43:100::2/26288 
00:51:15.036092 OFF flow>7152 srcPort>36159 dst>fd10:43:100::2/25952 
00:51:15.036858 OFF flow>7168 srcPort>39473 dst>fd10:43:100::2/25968 
00:51:15.062214 SHUTDOWN flow>7256 srcPort>36835 dst>fd10:43:100::2/26056 
00:51:15.134601 ON flow>7496 srcPort>44597 dst>fd10:43:100::2/26296 
00:51:15.207636 SHUTDOWN flow>7264 srcPort>40151 dst>fd10:43:100::2/26064 
00:51:15.213660 OFF flow>7256 srcPort>36835 dst>fd10:43:100::2/26056 
00:51:15.234814 CONNECT flow>7496 srcPort>44597 dst>fd10:43:100::2/26296 
00:51:15.318046 OFF flow>7264 srcPort>40151 dst>fd10:43:100::2/26064 
00:51:15.389025 SHUTDOWN flow>7272 srcPort>39635 dst>fd10:43:100::2/26072 
00:51:15.412420 ON flow>7504 srcPort>44723 dst>fd10:43:100::2/26304 
00:51:15.440107 OFF flow>7176 srcPort>45385 dst>fd10:43:100::2/25976 
00:51:15.485503 OFF flow>7272 srcPort>39635 dst>fd10:43:100::2/26072 
00:51:15.521201 CONNECT flow>7504 srcPort>44723 dst>fd10:43:100::2/26304 
00:51:15.588153 SHUTDOWN flow>7280 srcPort>41449 dst>fd10:43:100::2/26080 
00:51:15.642863 ON flow>7512 srcPort>34475 dst>fd10:43:100::2/26312 
00:51:15.666163 OFF flow>7128 srcPort>33259 dst>fd10:43:100::2/25928 
00:51:15.700840 SHUTDOWN flow>7288 srcPort>44669 dst>fd10:43:100::2/26088 
00:51:15.720675 ON flow>7520 srcPort>35379 dst>fd10:43:100::2/26320 
00:51:15.742655 CONNECT flow>7512 srcPort>34475 dst>fd10:43:100::2/26312 
00:51:15.774539 SHUTDOWN flow>7296 srcPort>43881 dst>fd10:43:100::2/26096 
00:51:15.800451 OFF flow>7288 srcPort>44669 dst>fd10:43:100::2/26088 
00:51:15.821007 CONNECT flow>7520 srcPort>35379 dst>fd10:43:100::2/26320 
00:51:15.863055 OFF flow>7160 srcPort>33349 dst>fd10:43:100::2/25960 
00:51:15.866156 OFF flow>7296 srcPort>43881 dst>fd10:43:100::2/26096 
00:51:15.881443 ON flow>7528 srcPort>43781 dst>fd10:43:100::2/26328 
00:51:15.966803 SHUTDOWN flow>7304 srcPort>41085 dst>fd10:43:100::2/26104 
00:51:15.971110 CONNECT flow>7528 srcPort>43781 dst>fd10:43:100::2/26328 
00:51:16.012516 ON flow>7536 srcPort>37993 dst>fd10:43:100::2/26336 
00:51:16.057452 OFF flow>7304 srcPort>41085 dst>fd10:43:100::2/26104 
00:51:16.098809 CONNECT flow>7536 srcPort>37993 dst>fd10:43:100::2/26336 
00:51:16.139858 OFF flow>7144 srcPort>46197 dst>fd10:43:100::2/25944 
00:51:16.293472 SHUTDOWN flow>7312 srcPort>42051 dst>fd10:43:100::2/26112 
00:51:16.378268 OFF flow>7312 srcPort>42051 dst>fd10:43:100::2/26112 
00:51:16.427185 ON flow>7544 srcPort>35897 dst>fd10:43:100::2/26344 
00:51:16.507195 CONNECT flow>7544 srcPort>35897 dst>fd10:43:100::2/26344 
00:51:16.594479 ON flow>7552 srcPort>40425 dst>fd10:43:100::2/26352 
00:51:16.671286 CONNECT flow>7552 srcPort>40425 dst>fd10:43:100::2/26352 
00:51:16.766889 SHUTDOWN flow>7328 srcPort>35757 dst>fd10:43:100::2/26128 
00:51:16.803743 ON flow>7560 srcPort>43243 dst>fd10:43:100::2/26360 
00:51:16.838466 OFF flow>7328 srcPort>35757 dst>fd10:43:100::2/26128 
00:51:16.863475 CONNECT flow>7560 srcPort>43243 dst>fd10:43:100::2/26360 
00:51:16.867087 SHUTDOWN flow>7320 srcPort>37319 dst>fd10:43:100::2/26120 
00:51:16.913072 ON flow>7568 srcPort>34161 dst>fd10:43:100::2/26368 
00:51:16.914199 OFF flow>7200 srcPort>44225 dst>fd10:43:100::2/26000 
00:51:16.976019 CONNECT flow>7568 srcPort>34161 dst>fd10:43:100::2/26368 
00:51:16.979258 SHUTDOWN flow>7344 srcPort>43331 dst>fd10:43:100::2/26144 
00:51:17.025336 SHUTDOWN flow>7336 srcPort>35205 dst>fd10:43:100::2/26136 
00:51:17.039734 OFF flow>7280 srcPort>41449 dst>fd10:43:100::2/26080 
00:51:17.040266 OFF flow>7344 srcPort>43331 dst>fd10:43:100::2/26144 
00:51:17.152455 ON flow>7576 srcPort>35541 dst>fd10:43:100::2/26376 
00:51:17.189140 SHUTDOWN flow>7352 srcPort>44367 dst>fd10:43:100::2/26152 
00:51:17.207969 CONNECT flow>7576 srcPort>35541 dst>fd10:43:100::2/26376 
00:51:17.266176 SHUTDOWN flow>7360 srcPort>40021 dst>fd10:43:100::2/26160 
00:51:17.352560 OFF flow>7360 srcPort>40021 dst>fd10:43:100::2/26160 
00:51:17.382543 OFF flow>7336 srcPort>35205 dst>fd10:43:100::2/26136 
00:51:17.399010 OFF flow>7320 srcPort>37319 dst>fd10:43:100::2/26120 
00:51:17.460594 OFF flow>7352 srcPort>44367 dst>fd10:43:100::2/26152 
00:51:17.538656 SHUTDOWN flow>7368 srcPort>38867 dst>fd10:43:100::2/26168 
00:51:17.559061 OFF flow>7368 srcPort>38867 dst>fd10:43:100::2/26168 
00:51:17.682718 ON flow>7584 srcPort>40093 dst>fd10:43:100::2/26384 
00:51:17.701075 CONNECT flow>7584 srcPort>40093 dst>fd10:43:100::2/26384 
00:51:17.822133 SHUTDOWN flow>7376 srcPort>40099 dst>fd10:43:100::2/26176 
00:51:17.827906 OFF flow>7376 srcPort>40099 dst>fd10:43:100::2/26176 
00:51:17.859694 ON flow>7592 srcPort>45793 dst>fd10:43:100::2/26392 
00:51:17.860260 CONNECT flow>7592 srcPort>45793 dst>fd10:43:100::2/26392 
00:51:17.938965 ON flow>7600 srcPort>43991 dst>fd10:43:100::2/26400 
00:51:17.941748 CONNECT flow>7600 srcPort>43991 dst>fd10:43:100::2/26400 
00:51:18.030203 SHUTDOWN flow>7384 srcPort>37425 dst>fd10:43:100::2/26184 
00:51:18.032420 OFF flow>7384 srcPort>37425 dst>fd10:43:100::2/26184 
00:51:18.040226 ON flow>7608 srcPort>38997 dst>fd10:43:100::2/26408 
00:51:18.047485 CONNECT flow>7608 srcPort>38997 dst>fd10:43:100::2/26408 
00:51:18.141308 ON flow>7616 srcPort>44795 dst>fd10:43:100::2/26416 
00:51:18.141750 CONNECT flow>7616 srcPort>44795 dst>fd10:43:100::2/26416 
00:51:18.156014 SHUTDOWN flow>7392 srcPort>37395 dst>fd10:43:100::2/26192 
00:51:18.156447 OFF flow>7392 srcPort>37395 dst>fd10:43:100::2/26192 
00:51:18.243054 SHUTDOWN flow>7400 srcPort>36327 dst>fd10:43:100::2/26200 
00:51:18.243892 OFF flow>7400 srcPort>36327 dst>fd10:43:100::2/26200 
00:51:18.342178 ON flow>7624 srcPort>33375 dst>fd10:43:100::2/26424 
00:51:18.342860 CONNECT flow>7624 srcPort>33375 dst>fd10:43:100::2/26424 
00:51:18.407450 SHUTDOWN flow>7408 srcPort>38851 dst>fd10:43:100::2/26208 
00:51:18.407839 OFF flow>7408 srcPort>38851 dst>fd10:43:100::2/26208 
00:51:18.504613 SHUTDOWN flow>7416 srcPort>44521 dst>fd10:43:100::2/26216 
00:51:18.505237 OFF flow>7416 srcPort>44521 dst>fd10:43:100::2/26216 
00:51:18.524584 ON flow>7632 srcPort>46611 dst>fd10:43:100::2/26432 
00:51:18.525322 CONNECT flow>7632 srcPort>46611 dst>fd10:43:100::2/26432 
00:51:18.667652 SHUTDOWN flow>7424 srcPort>37867 dst>fd10:43:100::2/26224 
00:51:18.688736 OFF flow>7424 srcPort>37867 dst>fd10:43:100::2/26224 
00:51:18.699280 ON flow>7640 srcPort>39125 dst>fd10:43:100::2/26440 
00:51:18.703909 CONNECT flow>7640 srcPort>39125 dst>fd10:43:100::2/26440 
00:51:18.768646 SHUTDOWN flow>7432 srcPort>32869 dst>fd10:43:100::2/26232 
00:51:18.768983 OFF flow>7432 srcPort>32869 dst>fd10:43:100::2/26232 
00:51:18.861642 ON flow>7648 srcPort>34943 dst>fd10:43:100::2/26448 
00:51:18.861909 CONNECT flow>7648 srcPort>34943 dst>fd10:43:100::2/26448 
00:51:18.916277 SHUTDOWN flow>7440 srcPort>38019 dst>fd10:43:100::2/26240 
00:51:18.916627 OFF flow>7440 srcPort>38019 dst>fd10:43:100::2/26240 
00:51:19.017390 ON flow>7656 srcPort>40657 dst>fd10:43:100::2/26456 
00:51:19.018641 CONNECT flow>7656 srcPort>40657 dst>fd10:43:100::2/26456 
00:51:19.095403 SHUTDOWN flow>7448 srcPort>37087 dst>fd10:43:100::2/26248 
00:51:19.096197 OFF flow>7448 srcPort>37087 dst>fd10:43:100::2/26248 
00:51:19.135362 ON flow>7664 srcPort>36531 dst>fd10:43:100::2/26464 
00:51:19.135786 CONNECT flow>7664 srcPort>36531 dst>fd10:43:100::2/26464 
00:51:19.216583 SHUTDOWN flow>7456 srcPort>42705 dst>fd10:43:100::2/26256 
00:51:19.216882 OFF flow>7456 srcPort>42705 dst>fd10:43:100::2/26256 
00:51:19.295787 ON flow>7672 srcPort>34719 dst>fd10:43:100::2/26472 
00:51:19.296057 CONNECT flow>7672 srcPort>34719 dst>fd10:43:100::2/26472 
00:51:19.395480 SHUTDOWN flow>7464 srcPort>45495 dst>fd10:43:100::2/26264 
00:51:19.396125 OFF flow>7464 srcPort>45495 dst>fd10:43:100::2/26264 
00:51:19.427846 ON flow>7680 srcPort>35475 dst>fd10:43:100::2/26480 
00:51:19.428161 CONNECT flow>7680 srcPort>35475 dst>fd10:43:100::2/26480 
00:51:19.524984 SHUTDOWN flow>7472 srcPort>44939 dst>fd10:43:100::2/26272 
00:51:19.525691 OFF flow>7472 srcPort>44939 dst>fd10:43:100::2/26272 
00:51:19.589875 ON flow>7688 srcPort>34581 dst>fd10:43:100::2/26488 
00:51:19.590147 CONNECT flow>7688 srcPort>34581 dst>fd10:43:100::2/26488 
00:51:19.633806 SHUTDOWN flow>7480 srcPort>43371 dst>fd10:43:100::2/26280 
00:51:19.645596 OFF flow>7480 srcPort>43371 dst>fd10:43:100::2/26280 
00:51:19.673552 ON flow>7696 srcPort>42097 dst>fd10:43:100::2/26496 
00:51:19.676904 CONNECT flow>7696 srcPort>42097 dst>fd10:43:100::2/26496 
00:51:19.721778 SHUTDOWN flow>7488 srcPort>38439 dst>fd10:43:100::2/26288 
00:51:19.722602 OFF flow>7488 srcPort>38439 dst>fd10:43:100::2/26288 
00:51:19.747675 ON flow>7704 srcPort>39299 dst>fd10:43:100::2/26504 
00:51:19.748772 CONNECT flow>7704 srcPort>39299 dst>fd10:43:100::2/26504 
00:51:19.934208 SHUTDOWN flow>7496 srcPort>44597 dst>fd10:43:100::2/26296 
00:51:19.938437 OFF flow>7496 srcPort>44597 dst>fd10:43:100::2/26296 
00:51:19.942778 ON flow>7712 srcPort>40575 dst>fd10:43:100::2/26512 
00:51:19.944597 CONNECT flow>7712 srcPort>40575 dst>fd10:43:100::2/26512 
00:51:20.177695 ON flow>7720 srcPort>40457 dst>fd10:43:100::2/26520 
00:51:20.178223 CONNECT flow>7720 srcPort>40457 dst>fd10:43:100::2/26520 
00:51:20.211824 SHUTDOWN flow>7504 srcPort>44723 dst>fd10:43:100::2/26304 
00:51:20.212124 OFF flow>7504 srcPort>44723 dst>fd10:43:100::2/26304 
00:51:20.442613 SHUTDOWN flow>7512 srcPort>34475 dst>fd10:43:100::2/26312 
00:51:20.442934 OFF flow>7512 srcPort>34475 dst>fd10:43:100::2/26312 
00:51:20.485438 ON flow>7728 srcPort>38759 dst>fd10:43:100::2/26528 
00:51:20.485820 CONNECT flow>7728 srcPort>38759 dst>fd10:43:100::2/26528 
00:51:20.520206 SHUTDOWN flow>7520 srcPort>35379 dst>fd10:43:100::2/26320 
00:51:20.520763 OFF flow>7520 srcPort>35379 dst>fd10:43:100::2/26320 
00:51:20.666310 ON flow>7736 srcPort>37825 dst>fd10:43:100::2/26536 
00:51:20.666555 CONNECT flow>7736 srcPort>37825 dst>fd10:43:100::2/26536 
00:51:20.681115 SHUTDOWN flow>7528 srcPort>43781 dst>fd10:43:100::2/26328 
00:51:20.681425 OFF flow>7528 srcPort>43781 dst>fd10:43:100::2/26328 
00:51:20.732255 ON flow>7744 srcPort>43677 dst>fd10:43:100::2/26544 
00:51:20.732656 CONNECT flow>7744 srcPort>43677 dst>fd10:43:100::2/26544 
00:51:20.812217 SHUTDOWN flow>7536 srcPort>37993 dst>fd10:43:100::2/26336 
00:51:20.815363 OFF flow>7536 srcPort>37993 dst>fd10:43:100::2/26336 
00:51:20.821334 ON flow>7752 srcPort>40723 dst>fd10:43:100::2/26552 
00:51:20.824096 CONNECT flow>7752 srcPort>40723 dst>fd10:43:100::2/26552 
00:51:20.916989 ON flow>7760 srcPort>39201 dst>fd10:43:100::2/26560 
00:51:20.917378 CONNECT flow>7760 srcPort>39201 dst>fd10:43:100::2/26560 
00:51:20.979929 ON flow>7768 srcPort>43053 dst>fd10:43:100::2/26568 
00:51:20.985883 CONNECT flow>7768 srcPort>43053 dst>fd10:43:100::2/26568 
00:51:21.077576 ON flow>7776 srcPort>42741 dst>fd10:43:100::2/26576 
00:51:21.078646 CONNECT flow>7776 srcPort>42741 dst>fd10:43:100::2/26576 
00:51:21.227087 SHUTDOWN flow>7544 srcPort>35897 dst>fd10:43:100::2/26344 
00:51:21.243548 ON flow>7784 srcPort>34553 dst>fd10:43:100::2/26584 
00:51:21.245404 CONNECT flow>7784 srcPort>34553 dst>fd10:43:100::2/26584 
00:51:21.372388 OFF flow>7544 srcPort>35897 dst>fd10:43:100::2/26344 
00:51:21.394212 SHUTDOWN flow>7552 srcPort>40425 dst>fd10:43:100::2/26352 
00:51:21.417637 ON flow>7792 srcPort>45241 dst>fd10:43:100::2/26592 
00:51:21.449386 OFF flow>7552 srcPort>40425 dst>fd10:43:100::2/26352 
00:51:21.460444 CONNECT flow>7792 srcPort>45241 dst>fd10:43:100::2/26592 
00:51:21.603488 SHUTDOWN flow>7560 srcPort>43243 dst>fd10:43:100::2/26360 
00:51:21.651663 OFF flow>7560 srcPort>43243 dst>fd10:43:100::2/26360 
00:51:21.663707 ON flow>7800 srcPort>45707 dst>fd10:43:100::2/26600 
00:51:21.712910 SHUTDOWN flow>7568 srcPort>34161 dst>fd10:43:100::2/26368 
00:51:21.714332 CONNECT flow>7800 srcPort>45707 dst>fd10:43:100::2/26600 
00:51:21.772280 OFF flow>7568 srcPort>34161 dst>fd10:43:100::2/26368 
00:51:21.952133 SHUTDOWN flow>7576 srcPort>35541 dst>fd10:43:100::2/26376 
00:51:22.015355 OFF flow>7576 srcPort>35541 dst>fd10:43:100::2/26376 
00:51:22.098652 ON flow>7808 srcPort>38651 dst>fd10:43:100::2/26608 
00:51:22.160260 CONNECT flow>7808 srcPort>38651 dst>fd10:43:100::2/26608 
00:51:22.210090 ON flow>7816 srcPort>41099 dst>fd10:43:100::2/26616 
00:51:22.273763 ON flow>7824 srcPort>36593 dst>fd10:43:100::2/26624 
00:51:22.273786 CONNECT flow>7816 srcPort>41099 dst>fd10:43:100::2/26616 
00:51:22.332516 ON flow>7832 srcPort>36995 dst>fd10:43:100::2/26632 
00:51:22.343107 CONNECT flow>7824 srcPort>36593 dst>fd10:43:100::2/26624 
00:51:22.405581 CONNECT flow>7832 srcPort>36995 dst>fd10:43:100::2/26632 
00:51:22.464865 ON flow>7840 srcPort>46297 dst>fd10:43:100::2/26640 
00:51:22.482523 SHUTDOWN flow>7584 srcPort>40093 dst>fd10:43:100::2/26384 
00:51:22.547296 CONNECT flow>7840 srcPort>46297 dst>fd10:43:100::2/26640 
00:51:22.631663 ON flow>7848 srcPort>42197 dst>fd10:43:100::2/26648 
00:51:22.659414 SHUTDOWN flow>7592 srcPort>45793 dst>fd10:43:100::2/26392 
00:51:22.713499 ON flow>7856 srcPort>39659 dst>fd10:43:100::2/26656 
00:51:22.717956 CONNECT flow>7848 srcPort>42197 dst>fd10:43:100::2/26648 
00:51:22.738880 SHUTDOWN flow>7600 srcPort>43991 dst>fd10:43:100::2/26400 
00:51:22.750770 OFF flow>7592 srcPort>45793 dst>fd10:43:100::2/26392 
00:51:22.776290 ON flow>7864 srcPort>40513 dst>fd10:43:100::2/26664 
00:51:22.805415 CONNECT flow>7856 srcPort>39659 dst>fd10:43:100::2/26656 
00:51:22.817009 ON flow>7872 srcPort>36875 dst>fd10:43:100::2/26672 
00:51:22.840131 SHUTDOWN flow>7608 srcPort>38997 dst>fd10:43:100::2/26408 
00:51:22.869301 CONNECT flow>7864 srcPort>40513 dst>fd10:43:100::2/26664 
00:51:22.892256 ON flow>7880 srcPort>35793 dst>fd10:43:100::2/26680 
00:51:22.907627 CONNECT flow>7872 srcPort>36875 dst>fd10:43:100::2/26672 
00:51:22.933522 OFF flow>7608 srcPort>38997 dst>fd10:43:100::2/26408 
00:51:22.941193 SHUTDOWN flow>7616 srcPort>44795 dst>fd10:43:100::2/26416 
00:51:22.946970 ON flow>7888 srcPort>42633 dst>fd10:43:100::2/26688 
00:51:22.985054 CONNECT flow>7880 srcPort>35793 dst>fd10:43:100::2/26680 
00:51:23.034535 OFF flow>7616 srcPort>44795 dst>fd10:43:100::2/26416 
00:51:23.039482 CONNECT flow>7888 srcPort>42633 dst>fd10:43:100::2/26688 
00:51:23.065508 ON flow>7896 srcPort>40777 dst>fd10:43:100::2/26696 
00:51:23.142344 SHUTDOWN flow>7624 srcPort>33375 dst>fd10:43:100::2/26424 
00:51:23.171299 CONNECT flow>7896 srcPort>40777 dst>fd10:43:100::2/26696 
00:51:23.221586 ON flow>7904 srcPort>46425 dst>fd10:43:100::2/26704 
00:51:23.253679 OFF flow>7624 srcPort>33375 dst>fd10:43:100::2/26424 
00:51:23.324304 SHUTDOWN flow>7632 srcPort>46611 dst>fd10:43:100::2/26432 
00:51:23.326722 CONNECT flow>7904 srcPort>46425 dst>fd10:43:100::2/26704 
00:51:23.436684 OFF flow>7632 srcPort>46611 dst>fd10:43:100::2/26432 
00:51:23.499001 SHUTDOWN flow>7640 srcPort>39125 dst>fd10:43:100::2/26440 
00:51:23.564718 ON flow>7912 srcPort>34231 dst>fd10:43:100::2/26712 
00:51:23.614703 OFF flow>7640 srcPort>39125 dst>fd10:43:100::2/26440 
00:51:23.661335 SHUTDOWN flow>7648 srcPort>34943 dst>fd10:43:100::2/26448 
00:51:23.670995 CONNECT flow>7912 srcPort>34231 dst>fd10:43:100::2/26712 
00:51:23.817313 SHUTDOWN flow>7656 srcPort>40657 dst>fd10:43:100::2/26456 
00:51:23.827416 OFF flow>7648 srcPort>34943 dst>fd10:43:100::2/26448 
00:51:23.940723 ON flow>7920 srcPort>36261 dst>fd10:43:100::2/26720 
00:51:23.953732 OFF flow>7584 srcPort>40093 dst>fd10:43:100::2/26384 
00:51:24.055162 CONNECT flow>7920 srcPort>36261 dst>fd10:43:100::2/26720 
00:51:24.090441 OFF flow>7656 srcPort>40657 dst>fd10:43:100::2/26456 
00:51:24.095509 SHUTDOWN flow>7672 srcPort>34719 dst>fd10:43:100::2/26472 
00:51:24.129312 ON flow>7928 srcPort>40317 dst>fd10:43:100::2/26728 
00:51:24.222015 CONNECT flow>7928 srcPort>40317 dst>fd10:43:100::2/26728 
00:51:24.227641 SHUTDOWN flow>7680 srcPort>35475 dst>fd10:43:100::2/26480 
00:51:24.229801 OFF flow>7672 srcPort>34719 dst>fd10:43:100::2/26472 
00:51:24.341332 OFF flow>7600 srcPort>43991 dst>fd10:43:100::2/26400 
00:51:24.353486 ON flow>7936 srcPort>41809 dst>fd10:43:100::2/26736 
00:51:24.444432 CONNECT flow>7936 srcPort>41809 dst>fd10:43:100::2/26736 
00:51:24.451973 SHUTDOWN flow>7664 srcPort>36531 dst>fd10:43:100::2/26464 
00:51:24.473508 SHUTDOWN flow>7696 srcPort>42097 dst>fd10:43:100::2/26496 
00:51:24.535380 SHUTDOWN flow>7688 srcPort>34581 dst>fd10:43:100::2/26488 
00:51:24.547622 SHUTDOWN flow>7704 srcPort>39299 dst>fd10:43:100::2/26504 
00:51:24.554262 ON flow>7944 srcPort>38299 dst>fd10:43:100::2/26744 
00:51:24.651254 CONNECT flow>7944 srcPort>38299 dst>fd10:43:100::2/26744 
00:51:24.657002 ON flow>7952 srcPort>38165 dst>fd10:43:100::2/26752 
00:51:24.742516 SHUTDOWN flow>7712 srcPort>40575 dst>fd10:43:100::2/26512 
00:51:24.754255 CONNECT flow>7952 srcPort>38165 dst>fd10:43:100::2/26752 
00:51:24.760367 ON flow>7960 srcPort>36229 dst>fd10:43:100::2/26760 
00:51:24.816988 ON flow>7968 srcPort>43973 dst>fd10:43:100::2/26768 
00:51:24.829475 OFF flow>7680 srcPort>35475 dst>fd10:43:100::2/26480 
00:51:24.841822 OFF flow>7712 srcPort>40575 dst>fd10:43:100::2/26512 
00:51:24.863390 CONNECT flow>7960 srcPort>36229 dst>fd10:43:100::2/26760 
00:51:24.915903 ON flow>7976 srcPort>44797 dst>fd10:43:100::2/26776 
00:51:24.921055 CONNECT flow>7968 srcPort>43973 dst>fd10:43:100::2/26768 
00:51:24.979269 SHUTDOWN flow>7720 srcPort>40457 dst>fd10:43:100::2/26520 
00:51:25.013901 ON flow>7984 srcPort>32993 dst>fd10:43:100::2/26784 
00:51:25.022982 CONNECT flow>7976 srcPort>44797 dst>fd10:43:100::2/26776 
00:51:25.052149 OFF flow>7688 srcPort>34581 dst>fd10:43:100::2/26488 
00:51:25.077390 OFF flow>7696 srcPort>42097 dst>fd10:43:100::2/26496 
00:51:25.089150 OFF flow>7720 srcPort>40457 dst>fd10:43:100::2/26520 
00:51:25.094312 ON flow>7992 srcPort>36121 dst>fd10:43:100::2/26792 
00:51:25.128015 CONNECT flow>7984 srcPort>32993 dst>fd10:43:100::2/26784 
00:51:25.154227 ON flow>8000 srcPort>42945 dst>fd10:43:100::2/26800 
00:51:25.203654 CONNECT flow>7992 srcPort>36121 dst>fd10:43:100::2/26792 
00:51:25.260067 CONNECT flow>8000 srcPort>42945 dst>fd10:43:100::2/26800 
00:51:25.285077 SHUTDOWN flow>7728 srcPort>38759 dst>fd10:43:100::2/26528 
00:51:25.291227 ON flow>8008 srcPort>33953 dst>fd10:43:100::2/26808 
00:51:25.410470 CONNECT flow>8008 srcPort>33953 dst>fd10:43:100::2/26808 
00:51:25.423894 ON flow>8016 srcPort>38459 dst>fd10:43:100::2/26816 
00:51:25.466136 SHUTDOWN flow>7736 srcPort>37825 dst>fd10:43:100::2/26536 
00:51:25.532169 SHUTDOWN flow>7744 srcPort>43677 dst>fd10:43:100::2/26544 
00:51:25.533299 CONNECT flow>8016 srcPort>38459 dst>fd10:43:100::2/26816 
00:51:25.572312 ON flow>8024 srcPort>40515 dst>fd10:43:100::2/26824 
00:51:25.621169 SHUTDOWN flow>7752 srcPort>40723 dst>fd10:43:100::2/26552 
00:51:25.665784 OFF flow>7744 srcPort>43677 dst>fd10:43:100::2/26544 
00:51:25.679751 CONNECT flow>8024 srcPort>40515 dst>fd10:43:100::2/26824 
00:51:25.741495 OFF flow>7752 srcPort>40723 dst>fd10:43:100::2/26552 
00:51:25.749506 ON flow>8032 srcPort>36479 dst>fd10:43:100::2/26832 
00:51:25.774538 OFF flow>7664 srcPort>36531 dst>fd10:43:100::2/26464 
00:51:25.779867 SHUTDOWN flow>7768 srcPort>43053 dst>fd10:43:100::2/26568 
00:51:25.852865 CONNECT flow>8032 srcPort>36479 dst>fd10:43:100::2/26832 
00:51:25.877540 SHUTDOWN flow>7776 srcPort>42741 dst>fd10:43:100::2/26576 
00:51:25.906437 ON flow>8040 srcPort>44813 dst>fd10:43:100::2/26840 
00:51:26.021778 CONNECT flow>8040 srcPort>44813 dst>fd10:43:100::2/26840 
00:51:26.026305 ON flow>8048 srcPort>46761 dst>fd10:43:100::2/26848 
00:51:26.043120 SHUTDOWN flow>7784 srcPort>34553 dst>fd10:43:100::2/26584 
00:51:26.049367 OFF flow>7704 srcPort>39299 dst>fd10:43:100::2/26504 
00:51:26.051923 SHUTDOWN flow>7760 srcPort>39201 dst>fd10:43:100::2/26560 
00:51:26.138433 SHUTDOWN flow>2001 srcPort>41807 dst>fd10:43:100::2/20000 
00:51:26.144919 CONNECT flow>8048 srcPort>46761 dst>fd10:43:100::2/26848 
00:51:26.217210 SHUTDOWN flow>7792 srcPort>45241 dst>fd10:43:100::2/26592 
00:51:26.312758 OFF flow>7776 srcPort>42741 dst>fd10:43:100::2/26576 
00:51:26.463410 SHUTDOWN flow>7800 srcPort>45707 dst>fd10:43:100::2/26600 
00:51:26.480297 OFF flow>7736 srcPort>37825 dst>fd10:43:100::2/26536 
00:51:26.510111 OFF flow>7792 srcPort>45241 dst>fd10:43:100::2/26592 
00:51:26.563518 OFF flow>7728 srcPort>38759 dst>fd10:43:100::2/26528 
00:51:26.570441 OFF flow>7800 srcPort>45707 dst>fd10:43:100::2/26600 
00:51:26.891427 OFF flow>7784 srcPort>34553 dst>fd10:43:100::2/26584 
00:51:27.005077 SHUTDOWN flow>7808 srcPort>38651 dst>fd10:43:100::2/26608 
00:51:27.009745 SHUTDOWN flow>7816 srcPort>41099 dst>fd10:43:100::2/26616 
00:51:27.027908 OFF flow>7760 srcPort>39201 dst>fd10:43:100::2/26560 
00:51:27.132048 SHUTDOWN flow>7832 srcPort>36995 dst>fd10:43:100::2/26632 
00:51:27.142857 OFF flow>7816 srcPort>41099 dst>fd10:43:100::2/26616 
00:51:27.219859 OFF flow>7832 srcPort>36995 dst>fd10:43:100::2/26632 
00:51:27.264546 SHUTDOWN flow>7840 srcPort>46297 dst>fd10:43:100::2/26640 
00:51:27.398793 SHUTDOWN flow>7824 srcPort>36593 dst>fd10:43:100::2/26624 
00:51:27.403023 OFF flow>7768 srcPort>43053 dst>fd10:43:100::2/26568 
00:51:27.431348 SHUTDOWN flow>7848 srcPort>42197 dst>fd10:43:100::2/26648 
00:51:27.513153 SHUTDOWN flow>7856 srcPort>39659 dst>fd10:43:100::2/26656 
00:51:27.575852 SHUTDOWN flow>7864 srcPort>40513 dst>fd10:43:100::2/26664 
00:51:27.591258 OFF flow>2001 srcPort>41807 dst>fd10:43:100::2/20000 
00:51:27.643840 SHUTDOWN flow>7872 srcPort>36875 dst>fd10:43:100::2/26672 
00:51:27.660744 OFF flow>7864 srcPort>40513 dst>fd10:43:100::2/26664 
00:51:27.691753 SHUTDOWN flow>7880 srcPort>35793 dst>fd10:43:100::2/26680 
00:51:27.726287 OFF flow>7840 srcPort>46297 dst>fd10:43:100::2/26640 
00:51:27.740537 OFF flow>7856 srcPort>39659 dst>fd10:43:100::2/26656 
00:51:27.746655 SHUTDOWN flow>7888 srcPort>42633 dst>fd10:43:100::2/26688 
00:51:27.751349 OFF flow>7880 srcPort>35793 dst>fd10:43:100::2/26680 
00:51:27.803035 OFF flow>7888 srcPort>42633 dst>fd10:43:100::2/26688 
00:51:27.810062 OFF flow>7808 srcPort>38651 dst>fd10:43:100::2/26608 
00:51:27.864994 SHUTDOWN flow>7896 srcPort>40777 dst>fd10:43:100::2/26696 
00:51:27.881277 OFF flow>7872 srcPort>36875 dst>fd10:43:100::2/26672 
00:51:27.913995 OFF flow>7896 srcPort>40777 dst>fd10:43:100::2/26696 
00:51:28.021217 SHUTDOWN flow>7904 srcPort>46425 dst>fd10:43:100::2/26704 
00:51:28.059748 OFF flow>7848 srcPort>42197 dst>fd10:43:100::2/26648 
00:51:28.085656 OFF flow>7904 srcPort>46425 dst>fd10:43:100::2/26704 
00:51:28.135053 OFF flow>7824 srcPort>36593 dst>fd10:43:100::2/26624 
00:51:28.364400 SHUTDOWN flow>7912 srcPort>34231 dst>fd10:43:100::2/26712 
00:51:28.364720 OFF flow>7912 srcPort>34231 dst>fd10:43:100::2/26712 
00:51:28.740396 SHUTDOWN flow>7920 srcPort>36261 dst>fd10:43:100::2/26720 
00:51:28.740736 OFF flow>7920 srcPort>36261 dst>fd10:43:100::2/26720 
00:51:28.929002 SHUTDOWN flow>7928 srcPort>40317 dst>fd10:43:100::2/26728 
00:51:28.929340 OFF flow>7928 srcPort>40317 dst>fd10:43:100::2/26728 
00:51:29.153128 SHUTDOWN flow>7936 srcPort>41809 dst>fd10:43:100::2/26736 
00:51:29.153604 OFF flow>7936 srcPort>41809 dst>fd10:43:100::2/26736 
00:51:29.353821 SHUTDOWN flow>7944 srcPort>38299 dst>fd10:43:100::2/26744 
00:51:29.354153 OFF flow>7944 srcPort>38299 dst>fd10:43:100::2/26744 
00:51:29.456430 SHUTDOWN flow>7952 srcPort>38165 dst>fd10:43:100::2/26752 
00:51:29.456720 OFF flow>7952 srcPort>38165 dst>fd10:43:100::2/26752 
00:51:29.560012 SHUTDOWN flow>7960 srcPort>36229 dst>fd10:43:100::2/26760 
00:51:29.560330 OFF flow>7960 srcPort>36229 dst>fd10:43:100::2/26760 
00:51:29.616512 SHUTDOWN flow>7968 srcPort>43973 dst>fd10:43:100::2/26768 
00:51:29.616803 OFF flow>7968 srcPort>43973 dst>fd10:43:100::2/26768 
00:51:29.715611 SHUTDOWN flow>7976 srcPort>44797 dst>fd10:43:100::2/26776 
00:51:29.715931 OFF flow>7976 srcPort>44797 dst>fd10:43:100::2/26776 
00:51:29.813306 SHUTDOWN flow>7984 srcPort>32993 dst>fd10:43:100::2/26784 
00:51:29.813564 OFF flow>7984 srcPort>32993 dst>fd10:43:100::2/26784 
00:51:29.893600 SHUTDOWN flow>7992 srcPort>36121 dst>fd10:43:100::2/26792 
00:51:29.893876 OFF flow>7992 srcPort>36121 dst>fd10:43:100::2/26792 
00:51:29.953801 SHUTDOWN flow>8000 srcPort>42945 dst>fd10:43:100::2/26800 
00:51:29.954079 OFF flow>8000 srcPort>42945 dst>fd10:43:100::2/26800 
00:51:30.090808 SHUTDOWN flow>8008 srcPort>33953 dst>fd10:43:100::2/26808 
00:51:30.091088 OFF flow>8008 srcPort>33953 dst>fd10:43:100::2/26808 
00:51:30.223498 SHUTDOWN flow>8016 srcPort>38459 dst>fd10:43:100::2/26816 
00:51:30.223810 OFF flow>8016 srcPort>38459 dst>fd10:43:100::2/26816 
00:51:30.371903 SHUTDOWN flow>8024 srcPort>40515 dst>fd10:43:100::2/26824 
00:51:30.372236 OFF flow>8024 srcPort>40515 dst>fd10:43:100::2/26824 
00:51:30.548901 SHUTDOWN flow>8032 srcPort>36479 dst>fd10:43:100::2/26832 
00:51:30.549358 OFF flow>8032 srcPort>36479 dst>fd10:43:100::2/26832 
00:51:30.705803 SHUTDOWN flow>8040 srcPort>44813 dst>fd10:43:100::2/26840 
00:51:30.706144 OFF flow>8040 srcPort>44813 dst>fd10:43:100::2/26840 
00:51:30.826012 SHUTDOWN flow>8048 srcPort>46761 dst>fd10:43:100::2/26848 
00:51:30.826324 OFF flow>8048 srcPort>46761 dst>fd10:43:100::2/26848 
00:51:30.826396 STOP
