17:32:14.697726 START Mgen Version 5.1.1
17:32:20.056583 ON flow>3204 srcPort>45427 dst>fd10:62:100::2/21004 
17:32:20.056901 CONNECT flow>3204 srcPort>45427 dst>fd10:62:100::2/21004 
17:32:20.314255 ON flow>3212 srcPort>37159 dst>fd10:62:100::2/21012 
17:32:20.314517 CONNECT flow>3212 srcPort>37159 dst>fd10:62:100::2/21012 
17:32:20.500052 ON flow>3220 srcPort>40639 dst>fd10:62:100::2/21020 
17:32:20.500421 CONNECT flow>3220 srcPort>40639 dst>fd10:62:100::2/21020 
17:32:20.601638 ON flow>3228 srcPort>41145 dst>fd10:62:100::2/21028 
17:32:20.601861 CONNECT flow>3228 srcPort>41145 dst>fd10:62:100::2/21028 
17:32:20.693742 ON flow>3236 srcPort>36881 dst>fd10:62:100::2/21036 
17:32:20.694088 CONNECT flow>3236 srcPort>36881 dst>fd10:62:100::2/21036 
17:32:20.755446 ON flow>3244 srcPort>44021 dst>fd10:62:100::2/21044 
17:32:20.755707 CONNECT flow>3244 srcPort>44021 dst>fd10:62:100::2/21044 
17:32:20.845340 ON flow>3252 srcPort>45983 dst>fd10:62:100::2/21052 
17:32:20.845712 CONNECT flow>3252 srcPort>45983 dst>fd10:62:100::2/21052 
17:32:21.012642 ON flow>3260 srcPort>35607 dst>fd10:62:100::2/21060 
17:32:21.012930 CONNECT flow>3260 srcPort>35607 dst>fd10:62:100::2/21060 
17:32:21.099154 ON flow>3268 srcPort>35595 dst>fd10:62:100::2/21068 
17:32:21.099385 CONNECT flow>3268 srcPort>35595 dst>fd10:62:100::2/21068 
17:32:21.223949 ON flow>3276 srcPort>33219 dst>fd10:62:100::2/21076 
17:32:21.224559 CONNECT flow>3276 srcPort>33219 dst>fd10:62:100::2/21076 
17:32:21.368454 ON flow>3284 srcPort>41477 dst>fd10:62:100::2/21084 
17:32:21.368741 CONNECT flow>3284 srcPort>41477 dst>fd10:62:100::2/21084 
17:32:21.467053 ON flow>3292 srcPort>39145 dst>fd10:62:100::2/21092 
17:32:21.467510 CONNECT flow>3292 srcPort>39145 dst>fd10:62:100::2/21092 
17:32:21.524349 ON flow>3300 srcPort>44779 dst>fd10:62:100::2/21100 
17:32:21.524696 CONNECT flow>3300 srcPort>44779 dst>fd10:62:100::2/21100 
17:32:21.585067 ON flow>3308 srcPort>45611 dst>fd10:62:100::2/21108 
17:32:21.585404 CONNECT flow>3308 srcPort>45611 dst>fd10:62:100::2/21108 
17:32:21.663766 ON flow>3316 srcPort>42331 dst>fd10:62:100::2/21116 
17:32:21.664424 CONNECT flow>3316 srcPort>42331 dst>fd10:62:100::2/21116 
17:32:21.736084 ON flow>3324 srcPort>45061 dst>fd10:62:100::2/21124 
17:32:21.736305 CONNECT flow>3324 srcPort>45061 dst>fd10:62:100::2/21124 
17:32:21.792266 ON flow>3332 srcPort>43487 dst>fd10:62:100::2/21132 
17:32:21.792564 CONNECT flow>3332 srcPort>43487 dst>fd10:62:100::2/21132 
17:32:21.847546 ON flow>3340 srcPort>36411 dst>fd10:62:100::2/21140 
17:32:21.847812 CONNECT flow>3340 srcPort>36411 dst>fd10:62:100::2/21140 
17:32:21.889149 ON flow>3348 srcPort>40495 dst>fd10:62:100::2/21148 
17:32:21.889868 CONNECT flow>3348 srcPort>40495 dst>fd10:62:100::2/21148 
17:32:21.961767 ON flow>3356 srcPort>43991 dst>fd10:62:100::2/21156 
17:32:21.962026 CONNECT flow>3356 srcPort>43991 dst>fd10:62:100::2/21156 
17:32:22.053787 ON flow>3364 srcPort>44153 dst>fd10:62:100::2/21164 
17:32:22.054228 CONNECT flow>3364 srcPort>44153 dst>fd10:62:100::2/21164 
17:32:22.154766 ON flow>3372 srcPort>35705 dst>fd10:62:100::2/21172 
17:32:22.155043 CONNECT flow>3372 srcPort>35705 dst>fd10:62:100::2/21172 
17:32:22.383474 ON flow>3380 srcPort>44277 dst>fd10:62:100::2/21180 
17:32:22.383814 CONNECT flow>3380 srcPort>44277 dst>fd10:62:100::2/21180 
17:32:22.469539 ON flow>3388 srcPort>37321 dst>fd10:62:100::2/21188 
17:32:22.469960 CONNECT flow>3388 srcPort>37321 dst>fd10:62:100::2/21188 
17:32:22.671219 ON flow>3396 srcPort>39237 dst>fd10:62:100::2/21196 
17:32:22.671621 CONNECT flow>3396 srcPort>39237 dst>fd10:62:100::2/21196 
17:32:22.839444 ON flow>3404 srcPort>34743 dst>fd10:62:100::2/21204 
17:32:22.839782 CONNECT flow>3404 srcPort>34743 dst>fd10:62:100::2/21204 
17:32:23.080440 ON flow>3412 srcPort>43149 dst>fd10:62:100::2/21212 
17:32:23.080919 CONNECT flow>3412 srcPort>43149 dst>fd10:62:100::2/21212 
17:32:23.266560 ON flow>3420 srcPort>46611 dst>fd10:62:100::2/21220 
17:32:23.267056 CONNECT flow>3420 srcPort>46611 dst>fd10:62:100::2/21220 
17:32:23.410138 ON flow>3428 srcPort>44843 dst>fd10:62:100::2/21228 
17:32:23.410569 CONNECT flow>3428 srcPort>44843 dst>fd10:62:100::2/21228 
17:32:23.578942 ON flow>3436 srcPort>46849 dst>fd10:62:100::2/21236 
17:32:23.579355 CONNECT flow>3436 srcPort>46849 dst>fd10:62:100::2/21236 
17:32:23.661748 ON flow>3444 srcPort>44465 dst>fd10:62:100::2/21244 
17:32:23.662067 CONNECT flow>3444 srcPort>44465 dst>fd10:62:100::2/21244 
17:32:23.729362 ON flow>3452 srcPort>36513 dst>fd10:62:100::2/21252 
17:32:23.729775 CONNECT flow>3452 srcPort>36513 dst>fd10:62:100::2/21252 
17:32:24.002217 ON flow>3460 srcPort>39719 dst>fd10:62:100::2/21260 
17:32:24.003221 CONNECT flow>3460 srcPort>39719 dst>fd10:62:100::2/21260 
17:32:24.131462 ON flow>3468 srcPort>43971 dst>fd10:62:100::2/21268 
17:32:24.131705 CONNECT flow>3468 srcPort>43971 dst>fd10:62:100::2/21268 
17:32:24.272914 ON flow>3476 srcPort>42981 dst>fd10:62:100::2/21276 
17:32:24.273411 CONNECT flow>3476 srcPort>42981 dst>fd10:62:100::2/21276 
17:32:24.439032 ON flow>3484 srcPort>38945 dst>fd10:62:100::2/21284 
17:32:24.439531 CONNECT flow>3484 srcPort>38945 dst>fd10:62:100::2/21284 
17:32:24.576023 ON flow>3492 srcPort>35249 dst>fd10:62:100::2/21292 
17:32:24.576354 CONNECT flow>3492 srcPort>35249 dst>fd10:62:100::2/21292 
17:32:24.829568 ON flow>3500 srcPort>45111 dst>fd10:62:100::2/21300 
17:32:24.830175 CONNECT flow>3500 srcPort>45111 dst>fd10:62:100::2/21300 
17:32:24.856496 SHUTDOWN flow>3204 srcPort>45427 dst>fd10:62:100::2/21004 
17:32:24.857403 OFF flow>3204 srcPort>45427 dst>fd10:62:100::2/21004 
17:32:24.894942 ON flow>3508 srcPort>32919 dst>fd10:62:100::2/21308 
17:32:24.896313 CONNECT flow>3508 srcPort>32919 dst>fd10:62:100::2/21308 
17:32:25.001209 ON flow>3516 srcPort>42797 dst>fd10:62:100::2/21316 
17:32:25.005169 CONNECT flow>3516 srcPort>42797 dst>fd10:62:100::2/21316 
17:32:25.114197 SHUTDOWN flow>3212 srcPort>37159 dst>fd10:62:100::2/21012 
17:32:25.115143 OFF flow>3212 srcPort>37159 dst>fd10:62:100::2/21012 
17:32:25.152744 ON flow>3524 srcPort>40867 dst>fd10:62:100::2/21324 
17:32:25.153870 CONNECT flow>3524 srcPort>40867 dst>fd10:62:100::2/21324 
17:32:25.214452 ON flow>3532 srcPort>45665 dst>fd10:62:100::2/21332 
17:32:25.215451 CONNECT flow>3532 srcPort>45665 dst>fd10:62:100::2/21332 
17:32:25.299993 SHUTDOWN flow>3220 srcPort>40639 dst>fd10:62:100::2/21020 
17:32:25.300807 OFF flow>3220 srcPort>40639 dst>fd10:62:100::2/21020 
17:32:25.376709 ON flow>3540 srcPort>40721 dst>fd10:62:100::2/21340 
17:32:25.378424 CONNECT flow>3540 srcPort>40721 dst>fd10:62:100::2/21340 
17:32:25.401596 SHUTDOWN flow>3228 srcPort>41145 dst>fd10:62:100::2/21028 
17:32:25.401944 OFF flow>3228 srcPort>41145 dst>fd10:62:100::2/21028 
17:32:25.493700 SHUTDOWN flow>3236 srcPort>36881 dst>fd10:62:100::2/21036 
17:32:25.495604 OFF flow>3236 srcPort>36881 dst>fd10:62:100::2/21036 
17:32:25.555406 SHUTDOWN flow>3244 srcPort>44021 dst>fd10:62:100::2/21044 
17:32:25.556411 OFF flow>3244 srcPort>44021 dst>fd10:62:100::2/21044 
17:32:25.645354 SHUTDOWN flow>3252 srcPort>45983 dst>fd10:62:100::2/21052 
17:32:25.647301 OFF flow>3252 srcPort>45983 dst>fd10:62:100::2/21052 
17:32:25.764334 ON flow>3548 srcPort>43727 dst>fd10:62:100::2/21348 
17:32:25.765409 CONNECT flow>3548 srcPort>43727 dst>fd10:62:100::2/21348 
17:32:25.812609 SHUTDOWN flow>3260 srcPort>35607 dst>fd10:62:100::2/21060 
17:32:25.813146 OFF flow>3260 srcPort>35607 dst>fd10:62:100::2/21060 
17:32:25.899095 SHUTDOWN flow>3268 srcPort>35595 dst>fd10:62:100::2/21068 
17:32:25.899764 OFF flow>3268 srcPort>35595 dst>fd10:62:100::2/21068 
17:32:25.915311 ON flow>3556 srcPort>40053 dst>fd10:62:100::2/21356 
17:32:25.915723 CONNECT flow>3556 srcPort>40053 dst>fd10:62:100::2/21356 
17:32:25.994219 ON flow>3564 srcPort>36501 dst>fd10:62:100::2/21364 
17:32:25.994950 CONNECT flow>3564 srcPort>36501 dst>fd10:62:100::2/21364 
17:32:26.023898 SHUTDOWN flow>3276 srcPort>33219 dst>fd10:62:100::2/21076 
17:32:26.024415 OFF flow>3276 srcPort>33219 dst>fd10:62:100::2/21076 
17:32:26.098636 ON flow>3572 srcPort>34469 dst>fd10:62:100::2/21372 
17:32:26.099269 CONNECT flow>3572 srcPort>34469 dst>fd10:62:100::2/21372 
17:32:26.168422 SHUTDOWN flow>3284 srcPort>41477 dst>fd10:62:100::2/21084 
17:32:26.170708 OFF flow>3284 srcPort>41477 dst>fd10:62:100::2/21084 
17:32:26.238715 ON flow>3580 srcPort>34925 dst>fd10:62:100::2/21380 
17:32:26.239176 CONNECT flow>3580 srcPort>34925 dst>fd10:62:100::2/21380 
17:32:26.267023 SHUTDOWN flow>3292 srcPort>39145 dst>fd10:62:100::2/21092 
17:32:26.268267 OFF flow>3292 srcPort>39145 dst>fd10:62:100::2/21092 
17:32:26.306634 ON flow>3588 srcPort>44983 dst>fd10:62:100::2/21388 
17:32:26.307169 CONNECT flow>3588 srcPort>44983 dst>fd10:62:100::2/21388 
17:32:26.324311 SHUTDOWN flow>3300 srcPort>44779 dst>fd10:62:100::2/21100 
17:32:26.324634 OFF flow>3300 srcPort>44779 dst>fd10:62:100::2/21100 
17:32:26.385005 SHUTDOWN flow>3308 srcPort>45611 dst>fd10:62:100::2/21108 
17:32:26.385230 ON flow>3596 srcPort>36511 dst>fd10:62:100::2/21396 
17:32:26.385303 OFF flow>3308 srcPort>45611 dst>fd10:62:100::2/21108 
17:32:26.385567 CONNECT flow>3596 srcPort>36511 dst>fd10:62:100::2/21396 
17:32:26.447797 ON flow>3604 srcPort>37951 dst>fd10:62:100::2/21404 
17:32:26.448298 CONNECT flow>3604 srcPort>37951 dst>fd10:62:100::2/21404 
17:32:26.463700 SHUTDOWN flow>3316 srcPort>42331 dst>fd10:62:100::2/21116 
17:32:26.465026 OFF flow>3316 srcPort>42331 dst>fd10:62:100::2/21116 
17:32:26.536005 SHUTDOWN flow>3324 srcPort>45061 dst>fd10:62:100::2/21124 
17:32:26.537444 OFF flow>3324 srcPort>45061 dst>fd10:62:100::2/21124 
17:32:26.592208 SHUTDOWN flow>3332 srcPort>43487 dst>fd10:62:100::2/21132 
17:32:26.593740 OFF flow>3332 srcPort>43487 dst>fd10:62:100::2/21132 
17:32:26.598483 ON flow>3612 srcPort>43591 dst>fd10:62:100::2/21412 
17:32:26.599120 CONNECT flow>3612 srcPort>43591 dst>fd10:62:100::2/21412 
17:32:26.647507 SHUTDOWN flow>3340 srcPort>36411 dst>fd10:62:100::2/21140 
17:32:26.647968 OFF flow>3340 srcPort>36411 dst>fd10:62:100::2/21140 
17:32:26.688909 SHUTDOWN flow>3348 srcPort>40495 dst>fd10:62:100::2/21148 
17:32:26.690655 OFF flow>3348 srcPort>40495 dst>fd10:62:100::2/21148 
17:32:26.760132 ON flow>3620 srcPort>45657 dst>fd10:62:100::2/21420 
17:32:26.760552 CONNECT flow>3620 srcPort>45657 dst>fd10:62:100::2/21420 
17:32:26.761709 SHUTDOWN flow>3356 srcPort>43991 dst>fd10:62:100::2/21156 
17:32:26.762285 OFF flow>3356 srcPort>43991 dst>fd10:62:100::2/21156 
17:32:26.853695 SHUTDOWN flow>3364 srcPort>44153 dst>fd10:62:100::2/21164 
17:32:26.855182 OFF flow>3364 srcPort>44153 dst>fd10:62:100::2/21164 
17:32:26.922638 ON flow>3628 srcPort>44343 dst>fd10:62:100::2/21428 
17:32:26.923359 CONNECT flow>3628 srcPort>44343 dst>fd10:62:100::2/21428 
17:32:26.954719 SHUTDOWN flow>3372 srcPort>35705 dst>fd10:62:100::2/21172 
17:32:26.956073 OFF flow>3372 srcPort>35705 dst>fd10:62:100::2/21172 
17:32:27.049673 ON flow>3636 srcPort>42883 dst>fd10:62:100::2/21436 
17:32:27.049931 CONNECT flow>3636 srcPort>42883 dst>fd10:62:100::2/21436 
17:32:27.134746 ON flow>3644 srcPort>35619 dst>fd10:62:100::2/21444 
17:32:27.135546 CONNECT flow>3644 srcPort>35619 dst>fd10:62:100::2/21444 
17:32:27.181400 ON flow>3652 srcPort>42175 dst>fd10:62:100::2/21452 
17:32:27.181842 CONNECT flow>3652 srcPort>42175 dst>fd10:62:100::2/21452 
17:32:27.183432 SHUTDOWN flow>3380 srcPort>44277 dst>fd10:62:100::2/21180 
17:32:27.183917 OFF flow>3380 srcPort>44277 dst>fd10:62:100::2/21180 
17:32:27.254858 ON flow>3660 srcPort>42471 dst>fd10:62:100::2/21460 
17:32:27.255654 CONNECT flow>3660 srcPort>42471 dst>fd10:62:100::2/21460 
17:32:27.269440 SHUTDOWN flow>3388 srcPort>37321 dst>fd10:62:100::2/21188 
17:32:27.269925 OFF flow>3388 srcPort>37321 dst>fd10:62:100::2/21188 
17:32:27.347441 ON flow>3668 srcPort>35457 dst>fd10:62:100::2/21468 
17:32:27.347971 CONNECT flow>3668 srcPort>35457 dst>fd10:62:100::2/21468 
17:32:27.446485 ON flow>3676 srcPort>43625 dst>fd10:62:100::2/21476 
17:32:27.446775 CONNECT flow>3676 srcPort>43625 dst>fd10:62:100::2/21476 
17:32:27.471155 SHUTDOWN flow>3396 srcPort>39237 dst>fd10:62:100::2/21196 
17:32:27.472333 OFF flow>3396 srcPort>39237 dst>fd10:62:100::2/21196 
17:32:27.580824 ON flow>3684 srcPort>42685 dst>fd10:62:100::2/21484 
17:32:27.581639 CONNECT flow>3684 srcPort>42685 dst>fd10:62:100::2/21484 
17:32:27.639393 SHUTDOWN flow>3404 srcPort>34743 dst>fd10:62:100::2/21204 
17:32:27.639878 OFF flow>3404 srcPort>34743 dst>fd10:62:100::2/21204 
17:32:27.716928 ON flow>3692 srcPort>43927 dst>fd10:62:100::2/21492 
17:32:27.717375 CONNECT flow>3692 srcPort>43927 dst>fd10:62:100::2/21492 
17:32:27.862939 ON flow>3700 srcPort>44391 dst>fd10:62:100::2/21500 
17:32:27.864193 CONNECT flow>3700 srcPort>44391 dst>fd10:62:100::2/21500 
17:32:27.880398 SHUTDOWN flow>3412 srcPort>43149 dst>fd10:62:100::2/21212 
17:32:27.881345 OFF flow>3412 srcPort>43149 dst>fd10:62:100::2/21212 
17:32:27.932961 ON flow>3708 srcPort>44313 dst>fd10:62:100::2/21508 
17:32:27.933895 CONNECT flow>3708 srcPort>44313 dst>fd10:62:100::2/21508 
17:32:28.022995 ON flow>3716 srcPort>45393 dst>fd10:62:100::2/21516 
17:32:28.023472 CONNECT flow>3716 srcPort>45393 dst>fd10:62:100::2/21516 
17:32:28.066482 SHUTDOWN flow>3420 srcPort>46611 dst>fd10:62:100::2/21220 
17:32:28.067065 OFF flow>3420 srcPort>46611 dst>fd10:62:100::2/21220 
17:32:28.191881 ON flow>3724 srcPort>43653 dst>fd10:62:100::2/21524 
17:32:28.193704 CONNECT flow>3724 srcPort>43653 dst>fd10:62:100::2/21524 
17:32:28.210095 SHUTDOWN flow>3428 srcPort>44843 dst>fd10:62:100::2/21228 
17:32:28.211218 OFF flow>3428 srcPort>44843 dst>fd10:62:100::2/21228 
17:32:28.276288 ON flow>3732 srcPort>34115 dst>fd10:62:100::2/21532 
17:32:28.278406 CONNECT flow>3732 srcPort>34115 dst>fd10:62:100::2/21532 
17:32:28.378862 SHUTDOWN flow>3436 srcPort>46849 dst>fd10:62:100::2/21236 
17:32:28.379732 OFF flow>3436 srcPort>46849 dst>fd10:62:100::2/21236 
17:32:28.461688 SHUTDOWN flow>3444 srcPort>44465 dst>fd10:62:100::2/21244 
17:32:28.462569 OFF flow>3444 srcPort>44465 dst>fd10:62:100::2/21244 
17:32:28.529195 SHUTDOWN flow>3452 srcPort>36513 dst>fd10:62:100::2/21252 
17:32:28.529864 OFF flow>3452 srcPort>36513 dst>fd10:62:100::2/21252 
17:32:28.590448 ON flow>3740 srcPort>43029 dst>fd10:62:100::2/21540 
17:32:28.591583 CONNECT flow>3740 srcPort>43029 dst>fd10:62:100::2/21540 
17:32:28.802083 SHUTDOWN flow>3460 srcPort>39719 dst>fd10:62:100::2/21260 
17:32:28.803093 OFF flow>3460 srcPort>39719 dst>fd10:62:100::2/21260 
17:32:28.931411 SHUTDOWN flow>3468 srcPort>43971 dst>fd10:62:100::2/21268 
17:32:28.931910 OFF flow>3468 srcPort>43971 dst>fd10:62:100::2/21268 
17:32:28.980910 ON flow>3748 srcPort>43969 dst>fd10:62:100::2/21548 
17:32:28.981476 CONNECT flow>3748 srcPort>43969 dst>fd10:62:100::2/21548 
17:32:29.072914 SHUTDOWN flow>3476 srcPort>42981 dst>fd10:62:100::2/21276 
17:32:29.076513 OFF flow>3476 srcPort>42981 dst>fd10:62:100::2/21276 
17:32:29.212227 ON flow>3756 srcPort>39457 dst>fd10:62:100::2/21556 
17:32:29.212586 CONNECT flow>3756 srcPort>39457 dst>fd10:62:100::2/21556 
17:32:29.238972 SHUTDOWN flow>3484 srcPort>38945 dst>fd10:62:100::2/21284 
17:32:29.239892 OFF flow>3484 srcPort>38945 dst>fd10:62:100::2/21284 
17:32:29.365466 ON flow>3764 srcPort>46081 dst>fd10:62:100::2/21564 
17:32:29.366231 CONNECT flow>3764 srcPort>46081 dst>fd10:62:100::2/21564 
17:32:29.375973 SHUTDOWN flow>3492 srcPort>35249 dst>fd10:62:100::2/21292 
17:32:29.376288 OFF flow>3492 srcPort>35249 dst>fd10:62:100::2/21292 
17:32:29.447141 ON flow>3772 srcPort>40763 dst>fd10:62:100::2/21572 
17:32:29.447457 CONNECT flow>3772 srcPort>40763 dst>fd10:62:100::2/21572 
17:32:29.609513 ON flow>3780 srcPort>41227 dst>fd10:62:100::2/21580 
17:32:29.610121 CONNECT flow>3780 srcPort>41227 dst>fd10:62:100::2/21580 
17:32:29.629462 SHUTDOWN flow>3500 srcPort>45111 dst>fd10:62:100::2/21300 
17:32:29.630484 OFF flow>3500 srcPort>45111 dst>fd10:62:100::2/21300 
17:32:29.694965 SHUTDOWN flow>3508 srcPort>32919 dst>fd10:62:100::2/21308 
17:32:29.695869 OFF flow>3508 srcPort>32919 dst>fd10:62:100::2/21308 
17:32:29.708536 ON flow>3788 srcPort>33087 dst>fd10:62:100::2/21588 
17:32:29.709239 CONNECT flow>3788 srcPort>33087 dst>fd10:62:100::2/21588 
17:32:29.801117 SHUTDOWN flow>3516 srcPort>42797 dst>fd10:62:100::2/21316 
17:32:29.802476 OFF flow>3516 srcPort>42797 dst>fd10:62:100::2/21316 
17:32:29.883203 ON flow>3796 srcPort>39229 dst>fd10:62:100::2/21596 
17:32:29.884301 CONNECT flow>3796 srcPort>39229 dst>fd10:62:100::2/21596 
17:32:29.952699 SHUTDOWN flow>3524 srcPort>40867 dst>fd10:62:100::2/21324 
17:32:29.953157 OFF flow>3524 srcPort>40867 dst>fd10:62:100::2/21324 
17:32:30.014364 SHUTDOWN flow>3532 srcPort>45665 dst>fd10:62:100::2/21332 
17:32:30.015496 OFF flow>3532 srcPort>45665 dst>fd10:62:100::2/21332 
17:32:30.038133 ON flow>3804 srcPort>38123 dst>fd10:62:100::2/21604 
17:32:30.038993 CONNECT flow>3804 srcPort>38123 dst>fd10:62:100::2/21604 
17:32:30.176668 SHUTDOWN flow>3540 srcPort>40721 dst>fd10:62:100::2/21340 
17:32:30.177086 OFF flow>3540 srcPort>40721 dst>fd10:62:100::2/21340 
17:32:30.245486 ON flow>3812 srcPort>45801 dst>fd10:62:100::2/21612 
17:32:30.246606 CONNECT flow>3812 srcPort>45801 dst>fd10:62:100::2/21612 
17:32:30.369175 ON flow>3820 srcPort>37237 dst>fd10:62:100::2/21620 
17:32:30.369438 CONNECT flow>3820 srcPort>37237 dst>fd10:62:100::2/21620 
17:32:30.561875 ON flow>3828 srcPort>34031 dst>fd10:62:100::2/21628 
17:32:30.563423 CONNECT flow>3828 srcPort>34031 dst>fd10:62:100::2/21628 
17:32:30.564260 SHUTDOWN flow>3548 srcPort>43727 dst>fd10:62:100::2/21348 
17:32:30.565681 OFF flow>3548 srcPort>43727 dst>fd10:62:100::2/21348 
17:32:30.639266 ON flow>3836 srcPort>35341 dst>fd10:62:100::2/21636 
17:32:30.639807 CONNECT flow>3836 srcPort>35341 dst>fd10:62:100::2/21636 
17:32:30.715261 SHUTDOWN flow>3556 srcPort>40053 dst>fd10:62:100::2/21356 
17:32:30.715695 OFF flow>3556 srcPort>40053 dst>fd10:62:100::2/21356 
17:32:30.723836 ON flow>3844 srcPort>38917 dst>fd10:62:100::2/21644 
17:32:30.725048 CONNECT flow>3844 srcPort>38917 dst>fd10:62:100::2/21644 
17:32:30.794176 SHUTDOWN flow>3564 srcPort>36501 dst>fd10:62:100::2/21364 
17:32:30.794626 OFF flow>3564 srcPort>36501 dst>fd10:62:100::2/21364 
17:32:30.868265 ON flow>3852 srcPort>34497 dst>fd10:62:100::2/21652 
17:32:30.869788 CONNECT flow>3852 srcPort>34497 dst>fd10:62:100::2/21652 
17:32:30.898567 SHUTDOWN flow>3572 srcPort>34469 dst>fd10:62:100::2/21372 
17:32:30.898935 OFF flow>3572 srcPort>34469 dst>fd10:62:100::2/21372 
17:32:30.978675 ON flow>3860 srcPort>40699 dst>fd10:62:100::2/21660 
17:32:30.979244 CONNECT flow>3860 srcPort>40699 dst>fd10:62:100::2/21660 
17:32:31.038667 SHUTDOWN flow>3580 srcPort>34925 dst>fd10:62:100::2/21380 
17:32:31.039732 OFF flow>3580 srcPort>34925 dst>fd10:62:100::2/21380 
17:32:31.106594 SHUTDOWN flow>3588 srcPort>44983 dst>fd10:62:100::2/21388 
17:32:31.107121 OFF flow>3588 srcPort>44983 dst>fd10:62:100::2/21388 
17:32:31.161247 ON flow>3868 srcPort>39495 dst>fd10:62:100::2/21668 
17:32:31.161944 CONNECT flow>3868 srcPort>39495 dst>fd10:62:100::2/21668 
17:32:31.185165 SHUTDOWN flow>3596 srcPort>36511 dst>fd10:62:100::2/21396 
17:32:31.187454 OFF flow>3596 srcPort>36511 dst>fd10:62:100::2/21396 
17:32:31.247670 SHUTDOWN flow>3604 srcPort>37951 dst>fd10:62:100::2/21404 
17:32:31.248992 OFF flow>3604 srcPort>37951 dst>fd10:62:100::2/21404 
17:32:31.344359 ON flow>3876 srcPort>37509 dst>fd10:62:100::2/21676 
17:32:31.344807 CONNECT flow>3876 srcPort>37509 dst>fd10:62:100::2/21676 
17:32:31.398393 SHUTDOWN flow>3612 srcPort>43591 dst>fd10:62:100::2/21412 
17:32:31.399734 OFF flow>3612 srcPort>43591 dst>fd10:62:100::2/21412 
17:32:31.560054 SHUTDOWN flow>3620 srcPort>45657 dst>fd10:62:100::2/21420 
17:32:31.561054 OFF flow>3620 srcPort>45657 dst>fd10:62:100::2/21420 
17:32:31.646314 ON flow>3884 srcPort>45085 dst>fd10:62:100::2/21684 
17:32:31.647299 CONNECT flow>3884 srcPort>45085 dst>fd10:62:100::2/21684 
17:32:31.722567 SHUTDOWN flow>3628 srcPort>44343 dst>fd10:62:100::2/21428 
17:32:31.723235 OFF flow>3628 srcPort>44343 dst>fd10:62:100::2/21428 
17:32:31.849677 SHUTDOWN flow>3636 srcPort>42883 dst>fd10:62:100::2/21436 
17:32:31.850318 OFF flow>3636 srcPort>42883 dst>fd10:62:100::2/21436 
17:32:31.934669 SHUTDOWN flow>3644 srcPort>35619 dst>fd10:62:100::2/21444 
17:32:31.936226 OFF flow>3644 srcPort>35619 dst>fd10:62:100::2/21444 
17:32:31.936570 ON flow>3892 srcPort>35785 dst>fd10:62:100::2/21692 
17:32:31.937239 CONNECT flow>3892 srcPort>35785 dst>fd10:62:100::2/21692 
17:32:31.981275 SHUTDOWN flow>3652 srcPort>42175 dst>fd10:62:100::2/21452 
17:32:31.982765 OFF flow>3652 srcPort>42175 dst>fd10:62:100::2/21452 
17:32:32.054796 SHUTDOWN flow>3660 srcPort>42471 dst>fd10:62:100::2/21460 
17:32:32.055512 OFF flow>3660 srcPort>42471 dst>fd10:62:100::2/21460 
17:32:32.147316 SHUTDOWN flow>3668 srcPort>35457 dst>fd10:62:100::2/21468 
17:32:32.148574 OFF flow>3668 srcPort>35457 dst>fd10:62:100::2/21468 
17:32:32.246444 SHUTDOWN flow>3676 srcPort>43625 dst>fd10:62:100::2/21476 
17:32:32.247723 OFF flow>3676 srcPort>43625 dst>fd10:62:100::2/21476 
17:32:32.380713 SHUTDOWN flow>3684 srcPort>42685 dst>fd10:62:100::2/21484 
17:32:32.381601 OFF flow>3684 srcPort>42685 dst>fd10:62:100::2/21484 
17:32:32.425330 ON flow>3900 srcPort>40157 dst>fd10:62:100::2/21700 
17:32:32.427842 CONNECT flow>3900 srcPort>40157 dst>fd10:62:100::2/21700 
17:32:32.516880 SHUTDOWN flow>3692 srcPort>43927 dst>fd10:62:100::2/21492 
17:32:32.517223 OFF flow>3692 srcPort>43927 dst>fd10:62:100::2/21492 
17:32:32.574855 ON flow>3908 srcPort>35743 dst>fd10:62:100::2/21708 
17:32:32.575165 CONNECT flow>3908 srcPort>35743 dst>fd10:62:100::2/21708 
17:32:32.662877 SHUTDOWN flow>3700 srcPort>44391 dst>fd10:62:100::2/21500 
17:32:32.663644 OFF flow>3700 srcPort>44391 dst>fd10:62:100::2/21500 
17:32:32.711027 ON flow>3916 srcPort>37785 dst>fd10:62:100::2/21716 
17:32:32.711300 CONNECT flow>3916 srcPort>37785 dst>fd10:62:100::2/21716 
17:32:32.732841 SHUTDOWN flow>3708 srcPort>44313 dst>fd10:62:100::2/21508 
17:32:32.733336 OFF flow>3708 srcPort>44313 dst>fd10:62:100::2/21508 
17:32:32.784751 ON flow>3924 srcPort>39691 dst>fd10:62:100::2/21724 
17:32:32.785099 CONNECT flow>3924 srcPort>39691 dst>fd10:62:100::2/21724 
17:32:32.822854 SHUTDOWN flow>3716 srcPort>45393 dst>fd10:62:100::2/21516 
17:32:32.824305 OFF flow>3716 srcPort>45393 dst>fd10:62:100::2/21516 
17:32:32.964563 ON flow>3932 srcPort>37963 dst>fd10:62:100::2/21732 
17:32:32.965002 CONNECT flow>3932 srcPort>37963 dst>fd10:62:100::2/21732 
17:32:32.991820 SHUTDOWN flow>3724 srcPort>43653 dst>fd10:62:100::2/21524 
17:32:32.992331 OFF flow>3724 srcPort>43653 dst>fd10:62:100::2/21524 
17:32:33.076164 SHUTDOWN flow>3732 srcPort>34115 dst>fd10:62:100::2/21532 
17:32:33.076499 OFF flow>3732 srcPort>34115 dst>fd10:62:100::2/21532 
17:32:33.172184 ON flow>3940 srcPort>36799 dst>fd10:62:100::2/21740 
17:32:33.173010 CONNECT flow>3940 srcPort>36799 dst>fd10:62:100::2/21740 
17:32:33.357917 ON flow>3948 srcPort>45185 dst>fd10:62:100::2/21748 
17:32:33.358315 CONNECT flow>3948 srcPort>45185 dst>fd10:62:100::2/21748 
17:32:33.390354 SHUTDOWN flow>3740 srcPort>43029 dst>fd10:62:100::2/21540 
17:32:33.391608 OFF flow>3740 srcPort>43029 dst>fd10:62:100::2/21540 
17:32:33.472550 ON flow>3956 srcPort>43117 dst>fd10:62:100::2/21756 
17:32:33.472875 CONNECT flow>3956 srcPort>43117 dst>fd10:62:100::2/21756 
17:32:33.575867 ON flow>3964 srcPort>41203 dst>fd10:62:100::2/21764 
17:32:33.576433 CONNECT flow>3964 srcPort>41203 dst>fd10:62:100::2/21764 
17:32:33.633135 ON flow>3972 srcPort>38395 dst>fd10:62:100::2/21772 
17:32:33.633609 CONNECT flow>3972 srcPort>38395 dst>fd10:62:100::2/21772 
17:32:33.694411 ON flow>3980 srcPort>35409 dst>fd10:62:100::2/21780 
17:32:33.694694 CONNECT flow>3980 srcPort>35409 dst>fd10:62:100::2/21780 
17:32:33.780834 SHUTDOWN flow>3748 srcPort>43969 dst>fd10:62:100::2/21548 
17:32:33.781283 OFF flow>3748 srcPort>43969 dst>fd10:62:100::2/21548 
17:32:33.867336 ON flow>3988 srcPort>39371 dst>fd10:62:100::2/21788 
17:32:33.867843 CONNECT flow>3988 srcPort>39371 dst>fd10:62:100::2/21788 
17:32:34.012080 SHUTDOWN flow>3756 srcPort>39457 dst>fd10:62:100::2/21556 
17:32:34.012937 OFF flow>3756 srcPort>39457 dst>fd10:62:100::2/21556 
17:32:34.108070 ON flow>3996 srcPort>39665 dst>fd10:62:100::2/21796 
17:32:34.108444 CONNECT flow>3996 srcPort>39665 dst>fd10:62:100::2/21796 
17:32:34.165401 SHUTDOWN flow>3764 srcPort>46081 dst>fd10:62:100::2/21564 
17:32:34.165787 OFF flow>3764 srcPort>46081 dst>fd10:62:100::2/21564 
17:32:34.247097 SHUTDOWN flow>3772 srcPort>40763 dst>fd10:62:100::2/21572 
17:32:34.248544 OFF flow>3772 srcPort>40763 dst>fd10:62:100::2/21572 
17:32:34.248757 ON flow>4004 srcPort>33405 dst>fd10:62:100::2/21804 
17:32:34.249820 CONNECT flow>4004 srcPort>33405 dst>fd10:62:100::2/21804 
17:32:34.409419 SHUTDOWN flow>3780 srcPort>41227 dst>fd10:62:100::2/21580 
17:32:34.410222 OFF flow>3780 srcPort>41227 dst>fd10:62:100::2/21580 
17:32:34.464336 ON flow>4012 srcPort>45485 dst>fd10:62:100::2/21812 
17:32:34.465464 CONNECT flow>4012 srcPort>45485 dst>fd10:62:100::2/21812 
17:32:34.508457 SHUTDOWN flow>3788 srcPort>33087 dst>fd10:62:100::2/21588 
17:32:34.509023 OFF flow>3788 srcPort>33087 dst>fd10:62:100::2/21588 
17:32:34.562979 ON flow>4020 srcPort>37167 dst>fd10:62:100::2/21820 
17:32:34.563680 CONNECT flow>4020 srcPort>37167 dst>fd10:62:100::2/21820 
17:32:34.683059 SHUTDOWN flow>3796 srcPort>39229 dst>fd10:62:100::2/21596 
17:32:34.683476 OFF flow>3796 srcPort>39229 dst>fd10:62:100::2/21596 
17:32:34.700840 ON flow>4028 srcPort>35617 dst>fd10:62:100::2/21828 
17:32:34.702042 CONNECT flow>4028 srcPort>35617 dst>fd10:62:100::2/21828 
17:32:34.819461 ON flow>4036 srcPort>43849 dst>fd10:62:100::2/21836 
17:32:34.820127 CONNECT flow>4036 srcPort>43849 dst>fd10:62:100::2/21836 
17:32:34.838104 SHUTDOWN flow>3804 srcPort>38123 dst>fd10:62:100::2/21604 
17:32:34.838788 OFF flow>3804 srcPort>38123 dst>fd10:62:100::2/21604 
17:32:34.980737 ON flow>4044 srcPort>35333 dst>fd10:62:100::2/21844 
17:32:34.981539 CONNECT flow>4044 srcPort>35333 dst>fd10:62:100::2/21844 
17:32:35.045372 SHUTDOWN flow>3812 srcPort>45801 dst>fd10:62:100::2/21612 
17:32:35.045997 OFF flow>3812 srcPort>45801 dst>fd10:62:100::2/21612 
17:32:35.105616 ON flow>4052 srcPort>40331 dst>fd10:62:100::2/21852 
17:32:35.108535 CONNECT flow>4052 srcPort>40331 dst>fd10:62:100::2/21852 
17:32:35.169060 SHUTDOWN flow>3820 srcPort>37237 dst>fd10:62:100::2/21620 
17:32:35.169480 OFF flow>3820 srcPort>37237 dst>fd10:62:100::2/21620 
17:32:35.361762 SHUTDOWN flow>3828 srcPort>34031 dst>fd10:62:100::2/21628 
17:32:35.362389 OFF flow>3828 srcPort>34031 dst>fd10:62:100::2/21628 
17:32:35.425181 ON flow>4060 srcPort>46607 dst>fd10:62:100::2/21860 
17:32:35.425456 CONNECT flow>4060 srcPort>46607 dst>fd10:62:100::2/21860 
17:32:35.439175 SHUTDOWN flow>3836 srcPort>35341 dst>fd10:62:100::2/21636 
17:32:35.440416 OFF flow>3836 srcPort>35341 dst>fd10:62:100::2/21636 
17:32:35.523788 SHUTDOWN flow>3844 srcPort>38917 dst>fd10:62:100::2/21644 
17:32:35.524478 OFF flow>3844 srcPort>38917 dst>fd10:62:100::2/21644 
17:32:35.541214 ON flow>4068 srcPort>37095 dst>fd10:62:100::2/21868 
17:32:35.543244 CONNECT flow>4068 srcPort>37095 dst>fd10:62:100::2/21868 
17:32:35.668163 SHUTDOWN flow>3852 srcPort>34497 dst>fd10:62:100::2/21652 
17:32:35.668803 OFF flow>3852 srcPort>34497 dst>fd10:62:100::2/21652 
17:32:35.754199 ON flow>4076 srcPort>44177 dst>fd10:62:100::2/21876 
17:32:35.754869 CONNECT flow>4076 srcPort>44177 dst>fd10:62:100::2/21876 
17:32:35.778568 SHUTDOWN flow>3860 srcPort>40699 dst>fd10:62:100::2/21660 
17:32:35.778950 OFF flow>3860 srcPort>40699 dst>fd10:62:100::2/21660 
17:32:35.961164 SHUTDOWN flow>3868 srcPort>39495 dst>fd10:62:100::2/21668 
17:32:35.962049 OFF flow>3868 srcPort>39495 dst>fd10:62:100::2/21668 
17:32:36.049945 ON flow>4084 srcPort>38361 dst>fd10:62:100::2/21884 
17:32:36.050250 CONNECT flow>4084 srcPort>38361 dst>fd10:62:100::2/21884 
17:32:36.144188 SHUTDOWN flow>3876 srcPort>37509 dst>fd10:62:100::2/21676 
17:32:36.144893 OFF flow>3876 srcPort>37509 dst>fd10:62:100::2/21676 
17:32:36.341443 ON flow>4092 srcPort>46297 dst>fd10:62:100::2/21892 
17:32:36.342051 CONNECT flow>4092 srcPort>46297 dst>fd10:62:100::2/21892 
17:32:36.446188 SHUTDOWN flow>3884 srcPort>45085 dst>fd10:62:100::2/21684 
17:32:36.447416 OFF flow>3884 srcPort>45085 dst>fd10:62:100::2/21684 
17:32:36.551759 ON flow>4100 srcPort>45769 dst>fd10:62:100::2/21900 
17:32:36.552498 CONNECT flow>4100 srcPort>45769 dst>fd10:62:100::2/21900 
17:32:36.638605 ON flow>4108 srcPort>41259 dst>fd10:62:100::2/21908 
17:32:36.639058 CONNECT flow>4108 srcPort>41259 dst>fd10:62:100::2/21908 
17:32:36.736191 SHUTDOWN flow>3892 srcPort>35785 dst>fd10:62:100::2/21692 
17:32:36.737422 OFF flow>3892 srcPort>35785 dst>fd10:62:100::2/21692 
17:32:36.768464 ON flow>4116 srcPort>46171 dst>fd10:62:100::2/21916 
17:32:36.768840 CONNECT flow>4116 srcPort>46171 dst>fd10:62:100::2/21916 
17:32:36.894825 ON flow>4124 srcPort>45559 dst>fd10:62:100::2/21924 
17:32:36.895188 CONNECT flow>4124 srcPort>45559 dst>fd10:62:100::2/21924 
17:32:37.041784 ON flow>4132 srcPort>38153 dst>fd10:62:100::2/21932 
17:32:37.042098 CONNECT flow>4132 srcPort>38153 dst>fd10:62:100::2/21932 
17:32:37.225317 SHUTDOWN flow>3900 srcPort>40157 dst>fd10:62:100::2/21700 
17:32:37.226200 OFF flow>3900 srcPort>40157 dst>fd10:62:100::2/21700 
17:32:37.233507 ON flow>4140 srcPort>41383 dst>fd10:62:100::2/21940 
17:32:37.234046 CONNECT flow>4140 srcPort>41383 dst>fd10:62:100::2/21940 
17:32:37.374805 SHUTDOWN flow>3908 srcPort>35743 dst>fd10:62:100::2/21708 
17:32:37.375193 OFF flow>3908 srcPort>35743 dst>fd10:62:100::2/21708 
17:32:37.510983 SHUTDOWN flow>3916 srcPort>37785 dst>fd10:62:100::2/21716 
17:32:37.511591 OFF flow>3916 srcPort>37785 dst>fd10:62:100::2/21716 
17:32:37.584685 SHUTDOWN flow>3924 srcPort>39691 dst>fd10:62:100::2/21724 
17:32:37.585122 OFF flow>3924 srcPort>39691 dst>fd10:62:100::2/21724 
17:32:37.667604 ON flow>4148 srcPort>40155 dst>fd10:62:100::2/21948 
17:32:37.667869 CONNECT flow>4148 srcPort>40155 dst>fd10:62:100::2/21948 
17:32:37.764673 SHUTDOWN flow>3932 srcPort>37963 dst>fd10:62:100::2/21732 
17:32:37.766910 OFF flow>3932 srcPort>37963 dst>fd10:62:100::2/21732 
17:32:37.972224 SHUTDOWN flow>3940 srcPort>36799 dst>fd10:62:100::2/21740 
17:32:37.973081 OFF flow>3940 srcPort>36799 dst>fd10:62:100::2/21740 
17:32:38.157808 SHUTDOWN flow>3948 srcPort>45185 dst>fd10:62:100::2/21748 
17:32:38.158558 OFF flow>3948 srcPort>45185 dst>fd10:62:100::2/21748 
17:32:38.231988 ON flow>4156 srcPort>37887 dst>fd10:62:100::2/21956 
17:32:38.232326 CONNECT flow>4156 srcPort>37887 dst>fd10:62:100::2/21956 
17:32:38.272493 SHUTDOWN flow>3956 srcPort>43117 dst>fd10:62:100::2/21756 
17:32:38.272887 OFF flow>3956 srcPort>43117 dst>fd10:62:100::2/21756 
17:32:38.375789 SHUTDOWN flow>3964 srcPort>41203 dst>fd10:62:100::2/21764 
17:32:38.376406 OFF flow>3964 srcPort>41203 dst>fd10:62:100::2/21764 
17:32:38.423937 ON flow>4164 srcPort>35009 dst>fd10:62:100::2/21964 
17:32:38.424436 CONNECT flow>4164 srcPort>35009 dst>fd10:62:100::2/21964 
17:32:38.432989 SHUTDOWN flow>3972 srcPort>38395 dst>fd10:62:100::2/21772 
17:32:38.433861 OFF flow>3972 srcPort>38395 dst>fd10:62:100::2/21772 
17:32:38.494292 SHUTDOWN flow>3980 srcPort>35409 dst>fd10:62:100::2/21780 
17:32:38.494821 OFF flow>3980 srcPort>35409 dst>fd10:62:100::2/21780 
17:32:38.495139 ON flow>4172 srcPort>39941 dst>fd10:62:100::2/21972 
17:32:38.495543 CONNECT flow>4172 srcPort>39941 dst>fd10:62:100::2/21972 
17:32:38.585458 ON flow>4180 srcPort>41399 dst>fd10:62:100::2/21980 
17:32:38.586101 CONNECT flow>4180 srcPort>41399 dst>fd10:62:100::2/21980 
17:32:38.652046 ON flow>4188 srcPort>38899 dst>fd10:62:100::2/21988 
17:32:38.652332 CONNECT flow>4188 srcPort>38899 dst>fd10:62:100::2/21988 
17:32:38.667182 SHUTDOWN flow>3988 srcPort>39371 dst>fd10:62:100::2/21788 
17:32:38.667859 OFF flow>3988 srcPort>39371 dst>fd10:62:100::2/21788 
17:32:38.740656 ON flow>4196 srcPort>33655 dst>fd10:62:100::2/21996 
17:32:38.741041 CONNECT flow>4196 srcPort>33655 dst>fd10:62:100::2/21996 
17:32:38.845896 ON flow>4204 srcPort>34271 dst>fd10:62:100::2/22004 
17:32:38.846668 CONNECT flow>4204 srcPort>34271 dst>fd10:62:100::2/22004 
17:32:38.907988 SHUTDOWN flow>3996 srcPort>39665 dst>fd10:62:100::2/21796 
17:32:38.908476 OFF flow>3996 srcPort>39665 dst>fd10:62:100::2/21796 
17:32:39.018102 ON flow>4212 srcPort>44379 dst>fd10:62:100::2/22012 
17:32:39.018493 CONNECT flow>4212 srcPort>44379 dst>fd10:62:100::2/22012 
17:32:39.048578 SHUTDOWN flow>4004 srcPort>33405 dst>fd10:62:100::2/21804 
17:32:39.049004 OFF flow>4004 srcPort>33405 dst>fd10:62:100::2/21804 
17:32:39.143399 ON flow>4220 srcPort>44875 dst>fd10:62:100::2/22020 
17:32:39.143796 CONNECT flow>4220 srcPort>44875 dst>fd10:62:100::2/22020 
17:32:39.264207 SHUTDOWN flow>4012 srcPort>45485 dst>fd10:62:100::2/21812 
17:32:39.265170 OFF flow>4012 srcPort>45485 dst>fd10:62:100::2/21812 
17:32:39.285067 ON flow>4228 srcPort>45717 dst>fd10:62:100::2/22028 
17:32:39.285606 CONNECT flow>4228 srcPort>45717 dst>fd10:62:100::2/22028 
17:32:39.362889 SHUTDOWN flow>4020 srcPort>37167 dst>fd10:62:100::2/21820 
17:32:39.363296 OFF flow>4020 srcPort>37167 dst>fd10:62:100::2/21820 
17:32:39.485618 ON flow>4236 srcPort>44905 dst>fd10:62:100::2/22036 
17:32:39.486117 CONNECT flow>4236 srcPort>44905 dst>fd10:62:100::2/22036 
17:32:39.500767 SHUTDOWN flow>4028 srcPort>35617 dst>fd10:62:100::2/21828 
17:32:39.501340 OFF flow>4028 srcPort>35617 dst>fd10:62:100::2/21828 
17:32:39.619392 SHUTDOWN flow>4036 srcPort>43849 dst>fd10:62:100::2/21836 
17:32:39.619859 OFF flow>4036 srcPort>43849 dst>fd10:62:100::2/21836 
17:32:39.654241 ON flow>4244 srcPort>34655 dst>fd10:62:100::2/22044 
17:32:39.654881 CONNECT flow>4244 srcPort>34655 dst>fd10:62:100::2/22044 
17:32:39.735836 ON flow>4252 srcPort>40533 dst>fd10:62:100::2/22052 
17:32:39.736544 CONNECT flow>4252 srcPort>40533 dst>fd10:62:100::2/22052 
17:32:39.780681 SHUTDOWN flow>4044 srcPort>35333 dst>fd10:62:100::2/21844 
17:32:39.781052 OFF flow>4044 srcPort>35333 dst>fd10:62:100::2/21844 
17:32:39.905478 SHUTDOWN flow>4052 srcPort>40331 dst>fd10:62:100::2/21852 
17:32:39.905935 OFF flow>4052 srcPort>40331 dst>fd10:62:100::2/21852 
17:32:39.920279 ON flow>4260 srcPort>40341 dst>fd10:62:100::2/22060 
17:32:39.920603 CONNECT flow>4260 srcPort>40341 dst>fd10:62:100::2/22060 
17:32:40.225070 SHUTDOWN flow>4060 srcPort>46607 dst>fd10:62:100::2/21860 
17:32:40.225765 OFF flow>4060 srcPort>46607 dst>fd10:62:100::2/21860 
17:32:40.340971 SHUTDOWN flow>4068 srcPort>37095 dst>fd10:62:100::2/21868 
17:32:40.341704 OFF flow>4068 srcPort>37095 dst>fd10:62:100::2/21868 
17:32:40.424545 ON flow>4268 srcPort>45755 dst>fd10:62:100::2/22068 
17:32:40.424901 CONNECT flow>4268 srcPort>45755 dst>fd10:62:100::2/22068 
17:32:40.554066 SHUTDOWN flow>4076 srcPort>44177 dst>fd10:62:100::2/21876 
17:32:40.555228 OFF flow>4076 srcPort>44177 dst>fd10:62:100::2/21876 
17:32:40.591163 ON flow>4276 srcPort>40569 dst>fd10:62:100::2/22076 
17:32:40.591835 CONNECT flow>4276 srcPort>40569 dst>fd10:62:100::2/22076 
17:32:40.688445 ON flow>4284 srcPort>34999 dst>fd10:62:100::2/22084 
17:32:40.688845 CONNECT flow>4284 srcPort>34999 dst>fd10:62:100::2/22084 
17:32:40.809761 ON flow>4292 srcPort>42021 dst>fd10:62:100::2/22092 
17:32:40.810066 CONNECT flow>4292 srcPort>42021 dst>fd10:62:100::2/22092 
17:32:40.849778 SHUTDOWN flow>4084 srcPort>38361 dst>fd10:62:100::2/21884 
17:32:40.850674 OFF flow>4084 srcPort>38361 dst>fd10:62:100::2/21884 
17:32:40.986030 ON flow>4300 srcPort>45283 dst>fd10:62:100::2/22100 
17:32:40.986488 CONNECT flow>4300 srcPort>45283 dst>fd10:62:100::2/22100 
17:32:41.019914 ON flow>4308 srcPort>37443 dst>fd10:62:100::2/22108 
17:32:41.020438 CONNECT flow>4308 srcPort>37443 dst>fd10:62:100::2/22108 
17:32:41.141284 SHUTDOWN flow>4092 srcPort>46297 dst>fd10:62:100::2/21892 
17:32:41.142134 OFF flow>4092 srcPort>46297 dst>fd10:62:100::2/21892 
17:32:41.190058 ON flow>4316 srcPort>34835 dst>fd10:62:100::2/22116 
17:32:41.190447 CONNECT flow>4316 srcPort>34835 dst>fd10:62:100::2/22116 
17:32:41.347331 ON flow>4324 srcPort>37979 dst>fd10:62:100::2/22124 
17:32:41.348259 CONNECT flow>4324 srcPort>37979 dst>fd10:62:100::2/22124 
17:32:41.351684 SHUTDOWN flow>4100 srcPort>45769 dst>fd10:62:100::2/21900 
17:32:41.353162 OFF flow>4100 srcPort>45769 dst>fd10:62:100::2/21900 
17:32:41.438404 SHUTDOWN flow>4108 srcPort>41259 dst>fd10:62:100::2/21908 
17:32:41.438897 OFF flow>4108 srcPort>41259 dst>fd10:62:100::2/21908 
17:32:41.522344 ON flow>4332 srcPort>38605 dst>fd10:62:100::2/22132 
17:32:41.522795 CONNECT flow>4332 srcPort>38605 dst>fd10:62:100::2/22132 
17:32:41.568280 SHUTDOWN flow>4116 srcPort>46171 dst>fd10:62:100::2/21916 
17:32:41.568938 OFF flow>4116 srcPort>46171 dst>fd10:62:100::2/21916 
17:32:41.647322 ON flow>4340 srcPort>32845 dst>fd10:62:100::2/22140 
17:32:41.648024 CONNECT flow>4340 srcPort>32845 dst>fd10:62:100::2/22140 
17:32:41.694727 SHUTDOWN flow>4124 srcPort>45559 dst>fd10:62:100::2/21924 
17:32:41.695793 OFF flow>4124 srcPort>45559 dst>fd10:62:100::2/21924 
17:32:41.719422 ON flow>4348 srcPort>38303 dst>fd10:62:100::2/22148 
17:32:41.719957 CONNECT flow>4348 srcPort>38303 dst>fd10:62:100::2/22148 
17:32:41.829424 ON flow>4356 srcPort>41933 dst>fd10:62:100::2/22156 
17:32:41.829913 CONNECT flow>4356 srcPort>41933 dst>fd10:62:100::2/22156 
17:32:41.841674 SHUTDOWN flow>4132 srcPort>38153 dst>fd10:62:100::2/21932 
17:32:41.842087 OFF flow>4132 srcPort>38153 dst>fd10:62:100::2/21932 
17:32:42.000275 ON flow>4364 srcPort>46315 dst>fd10:62:100::2/22164 
17:32:42.000618 CONNECT flow>4364 srcPort>46315 dst>fd10:62:100::2/22164 
17:32:42.033313 SHUTDOWN flow>4140 srcPort>41383 dst>fd10:62:100::2/21940 
17:32:42.034416 OFF flow>4140 srcPort>41383 dst>fd10:62:100::2/21940 
17:32:42.109021 ON flow>4372 srcPort>43769 dst>fd10:62:100::2/22172 
17:32:42.109865 CONNECT flow>4372 srcPort>43769 dst>fd10:62:100::2/22172 
17:32:42.191452 ON flow>4380 srcPort>34825 dst>fd10:62:100::2/22180 
17:32:42.192444 CONNECT flow>4380 srcPort>34825 dst>fd10:62:100::2/22180 
17:32:42.275955 ON flow>4388 srcPort>42487 dst>fd10:62:100::2/22188 
17:32:42.276180 CONNECT flow>4388 srcPort>42487 dst>fd10:62:100::2/22188 
17:32:42.358738 ON flow>4396 srcPort>43337 dst>fd10:62:100::2/22196 
17:32:42.359464 CONNECT flow>4396 srcPort>43337 dst>fd10:62:100::2/22196 
17:32:42.419908 ON flow>4404 srcPort>46231 dst>fd10:62:100::2/22204 
17:32:42.421640 CONNECT flow>4404 srcPort>46231 dst>fd10:62:100::2/22204 
17:32:42.467484 SHUTDOWN flow>4148 srcPort>40155 dst>fd10:62:100::2/21948 
17:32:42.467884 OFF flow>4148 srcPort>40155 dst>fd10:62:100::2/21948 
17:32:42.749066 ON flow>4412 srcPort>44155 dst>fd10:62:100::2/22212 
17:32:42.749321 CONNECT flow>4412 srcPort>44155 dst>fd10:62:100::2/22212 
17:32:42.935999 ON flow>4420 srcPort>36473 dst>fd10:62:100::2/22220 
17:32:42.936672 CONNECT flow>4420 srcPort>36473 dst>fd10:62:100::2/22220 
17:32:43.031880 SHUTDOWN flow>4156 srcPort>37887 dst>fd10:62:100::2/21956 
17:32:43.032444 OFF flow>4156 srcPort>37887 dst>fd10:62:100::2/21956 
17:32:43.087355 ON flow>4428 srcPort>43583 dst>fd10:62:100::2/22228 
17:32:43.088024 CONNECT flow>4428 srcPort>43583 dst>fd10:62:100::2/22228 
17:32:43.223889 SHUTDOWN flow>4164 srcPort>35009 dst>fd10:62:100::2/21964 
17:32:43.224564 OFF flow>4164 srcPort>35009 dst>fd10:62:100::2/21964 
17:32:43.295095 SHUTDOWN flow>4172 srcPort>39941 dst>fd10:62:100::2/21972 
17:32:43.295673 OFF flow>4172 srcPort>39941 dst>fd10:62:100::2/21972 
17:32:43.305848 ON flow>4436 srcPort>43309 dst>fd10:62:100::2/22236 
17:32:43.307351 CONNECT flow>4436 srcPort>43309 dst>fd10:62:100::2/22236 
17:32:43.385273 SHUTDOWN flow>4180 srcPort>41399 dst>fd10:62:100::2/21980 
17:32:43.386682 OFF flow>4180 srcPort>41399 dst>fd10:62:100::2/21980 
17:32:43.451974 SHUTDOWN flow>4188 srcPort>38899 dst>fd10:62:100::2/21988 
17:32:43.453016 OFF flow>4188 srcPort>38899 dst>fd10:62:100::2/21988 
17:32:43.513987 ON flow>4444 srcPort>33483 dst>fd10:62:100::2/22244 
17:32:43.514585 CONNECT flow>4444 srcPort>33483 dst>fd10:62:100::2/22244 
17:32:43.540580 SHUTDOWN flow>4196 srcPort>33655 dst>fd10:62:100::2/21996 
17:32:43.542243 OFF flow>4196 srcPort>33655 dst>fd10:62:100::2/21996 
17:32:43.645787 SHUTDOWN flow>4204 srcPort>34271 dst>fd10:62:100::2/22004 
17:32:43.647014 OFF flow>4204 srcPort>34271 dst>fd10:62:100::2/22004 
17:32:43.817988 SHUTDOWN flow>4212 srcPort>44379 dst>fd10:62:100::2/22012 
17:32:43.818338 OFF flow>4212 srcPort>44379 dst>fd10:62:100::2/22012 
17:32:43.902302 ON flow>4452 srcPort>40207 dst>fd10:62:100::2/22252 
17:32:43.902934 CONNECT flow>4452 srcPort>40207 dst>fd10:62:100::2/22252 
17:32:43.943324 SHUTDOWN flow>4220 srcPort>44875 dst>fd10:62:100::2/22020 
17:32:43.943745 OFF flow>4220 srcPort>44875 dst>fd10:62:100::2/22020 
17:32:44.052015 ON flow>4460 srcPort>39035 dst>fd10:62:100::2/22260 
17:32:44.053099 CONNECT flow>4460 srcPort>39035 dst>fd10:62:100::2/22260 
17:32:44.084442 SHUTDOWN flow>4228 srcPort>45717 dst>fd10:62:100::2/22028 
17:32:44.084914 OFF flow>4228 srcPort>45717 dst>fd10:62:100::2/22028 
17:32:44.139946 ON flow>4468 srcPort>43431 dst>fd10:62:100::2/22268 
17:32:44.140423 CONNECT flow>4468 srcPort>43431 dst>fd10:62:100::2/22268 
17:32:44.184709 ON flow>4476 srcPort>32991 dst>fd10:62:100::2/22276 
17:32:44.185081 CONNECT flow>4476 srcPort>32991 dst>fd10:62:100::2/22276 
17:32:44.219495 ON flow>4484 srcPort>35933 dst>fd10:62:100::2/22284 
17:32:44.219744 CONNECT flow>4484 srcPort>35933 dst>fd10:62:100::2/22284 
17:32:44.254899 ON flow>4492 srcPort>39747 dst>fd10:62:100::2/22292 
17:32:44.255839 CONNECT flow>4492 srcPort>39747 dst>fd10:62:100::2/22292 
17:32:44.285496 SHUTDOWN flow>4236 srcPort>44905 dst>fd10:62:100::2/22036 
17:32:44.286180 OFF flow>4236 srcPort>44905 dst>fd10:62:100::2/22036 
17:32:44.305291 ON flow>4500 srcPort>45039 dst>fd10:62:100::2/22300 
17:32:44.306858 CONNECT flow>4500 srcPort>45039 dst>fd10:62:100::2/22300 
17:32:44.392802 ON flow>4508 srcPort>44829 dst>fd10:62:100::2/22308 
17:32:44.393327 CONNECT flow>4508 srcPort>44829 dst>fd10:62:100::2/22308 
17:32:44.454096 SHUTDOWN flow>4244 srcPort>34655 dst>fd10:62:100::2/22044 
17:32:44.454598 OFF flow>4244 srcPort>34655 dst>fd10:62:100::2/22044 
17:32:44.493120 ON flow>4516 srcPort>33487 dst>fd10:62:100::2/22316 
17:32:44.493447 CONNECT flow>4516 srcPort>33487 dst>fd10:62:100::2/22316 
17:32:44.535812 SHUTDOWN flow>4252 srcPort>40533 dst>fd10:62:100::2/22052 
17:32:44.536825 OFF flow>4252 srcPort>40533 dst>fd10:62:100::2/22052 
17:32:44.562018 ON flow>4524 srcPort>39651 dst>fd10:62:100::2/22324 
17:32:44.562427 CONNECT flow>4524 srcPort>39651 dst>fd10:62:100::2/22324 
17:32:44.616031 ON flow>4532 srcPort>46109 dst>fd10:62:100::2/22332 
17:32:44.616915 CONNECT flow>4532 srcPort>46109 dst>fd10:62:100::2/22332 
17:32:44.717170 ON flow>4540 srcPort>36975 dst>fd10:62:100::2/22340 
17:32:44.717452 CONNECT flow>4540 srcPort>36975 dst>fd10:62:100::2/22340 
17:32:44.720195 SHUTDOWN flow>4260 srcPort>40341 dst>fd10:62:100::2/22060 
17:32:44.721029 OFF flow>4260 srcPort>40341 dst>fd10:62:100::2/22060 
17:32:44.759484 ON flow>4548 srcPort>43543 dst>fd10:62:100::2/22348 
17:32:44.759761 CONNECT flow>4548 srcPort>43543 dst>fd10:62:100::2/22348 
17:32:44.897307 ON flow>4556 srcPort>33573 dst>fd10:62:100::2/22356 
17:32:44.901588 CONNECT flow>4556 srcPort>33573 dst>fd10:62:100::2/22356 
17:32:44.992093 ON flow>4564 srcPort>43151 dst>fd10:62:100::2/22364 
17:32:44.993819 CONNECT flow>4564 srcPort>43151 dst>fd10:62:100::2/22364 
17:32:45.133044 ON flow>4572 srcPort>39017 dst>fd10:62:100::2/22372 
17:32:45.134779 CONNECT flow>4572 srcPort>39017 dst>fd10:62:100::2/22372 
17:32:45.221122 ON flow>4580 srcPort>41467 dst>fd10:62:100::2/22380 
17:32:45.223471 CONNECT flow>4580 srcPort>41467 dst>fd10:62:100::2/22380 
17:32:45.224391 SHUTDOWN flow>4268 srcPort>45755 dst>fd10:62:100::2/22068 
17:32:45.226880 OFF flow>4268 srcPort>45755 dst>fd10:62:100::2/22068 
17:32:45.308097 ON flow>4588 srcPort>45467 dst>fd10:62:100::2/22388 
17:32:45.310702 CONNECT flow>4588 srcPort>45467 dst>fd10:62:100::2/22388 
17:32:45.391084 SHUTDOWN flow>4276 srcPort>40569 dst>fd10:62:100::2/22076 
17:32:45.394238 OFF flow>4276 srcPort>40569 dst>fd10:62:100::2/22076 
17:32:45.488295 SHUTDOWN flow>4284 srcPort>34999 dst>fd10:62:100::2/22084 
17:32:45.496052 OFF flow>4284 srcPort>34999 dst>fd10:62:100::2/22084 
17:32:45.526622 ON flow>4596 srcPort>46715 dst>fd10:62:100::2/22396 
17:32:45.534312 CONNECT flow>4596 srcPort>46715 dst>fd10:62:100::2/22396 
17:32:45.609651 SHUTDOWN flow>4292 srcPort>42021 dst>fd10:62:100::2/22092 
17:32:45.619199 OFF flow>4292 srcPort>42021 dst>fd10:62:100::2/22092 
17:32:45.712207 ON flow>4604 srcPort>41861 dst>fd10:62:100::2/22404 
17:32:45.722273 CONNECT flow>4604 srcPort>41861 dst>fd10:62:100::2/22404 
17:32:45.785966 SHUTDOWN flow>4300 srcPort>45283 dst>fd10:62:100::2/22100 
17:32:45.797746 OFF flow>4300 srcPort>45283 dst>fd10:62:100::2/22100 
17:32:45.819891 SHUTDOWN flow>4308 srcPort>37443 dst>fd10:62:100::2/22108 
17:32:45.831193 OFF flow>4308 srcPort>37443 dst>fd10:62:100::2/22108 
17:32:45.832824 ON flow>4612 srcPort>46805 dst>fd10:62:100::2/22412 
17:32:45.844076 CONNECT flow>4612 srcPort>46805 dst>fd10:62:100::2/22412 
17:32:45.897725 ON flow>4620 srcPort>42707 dst>fd10:62:100::2/22420 
17:32:45.912499 CONNECT flow>4620 srcPort>42707 dst>fd10:62:100::2/22420 
17:32:45.990015 SHUTDOWN flow>4316 srcPort>34835 dst>fd10:62:100::2/22116 
17:32:45.992414 ON flow>4628 srcPort>41347 dst>fd10:62:100::2/22428 
17:32:46.008639 OFF flow>4316 srcPort>34835 dst>fd10:62:100::2/22116 
17:32:46.011809 CONNECT flow>4628 srcPort>41347 dst>fd10:62:100::2/22428 
17:32:46.116645 ON flow>4636 srcPort>41745 dst>fd10:62:100::2/22436 
17:32:46.146688 CONNECT flow>4636 srcPort>41745 dst>fd10:62:100::2/22436 
17:32:46.147281 SHUTDOWN flow>4324 srcPort>37979 dst>fd10:62:100::2/22124 
17:32:46.176184 OFF flow>4324 srcPort>37979 dst>fd10:62:100::2/22124 
17:32:46.191822 ON flow>4644 srcPort>43001 dst>fd10:62:100::2/22444 
17:32:46.223411 CONNECT flow>4644 srcPort>43001 dst>fd10:62:100::2/22444 
17:32:46.310621 ON flow>4652 srcPort>34009 dst>fd10:62:100::2/22452 
17:32:46.322296 SHUTDOWN flow>4332 srcPort>38605 dst>fd10:62:100::2/22132 
17:32:46.353638 CONNECT flow>4652 srcPort>34009 dst>fd10:62:100::2/22452 
17:32:46.370206 OFF flow>4332 srcPort>38605 dst>fd10:62:100::2/22132 
17:32:46.418564 ON flow>4660 srcPort>36643 dst>fd10:62:100::2/22460 
17:32:46.447199 SHUTDOWN flow>4340 srcPort>32845 dst>fd10:62:100::2/22140 
17:32:46.473989 CONNECT flow>4660 srcPort>36643 dst>fd10:62:100::2/22460 
17:32:46.506836 OFF flow>4340 srcPort>32845 dst>fd10:62:100::2/22140 
17:32:46.513665 ON flow>4668 srcPort>45849 dst>fd10:62:100::2/22468 
17:32:46.519331 SHUTDOWN flow>4348 srcPort>38303 dst>fd10:62:100::2/22148 
17:32:46.575688 CONNECT flow>4668 srcPort>45849 dst>fd10:62:100::2/22468 
17:32:46.582664 OFF flow>4348 srcPort>38303 dst>fd10:62:100::2/22148 
17:32:46.629252 SHUTDOWN flow>4356 srcPort>41933 dst>fd10:62:100::2/22156 
17:32:46.693607 ON flow>4676 srcPort>41601 dst>fd10:62:100::2/22476 
17:32:46.706999 OFF flow>4356 srcPort>41933 dst>fd10:62:100::2/22156 
17:32:46.778121 CONNECT flow>4676 srcPort>41601 dst>fd10:62:100::2/22476 
17:32:46.800269 SHUTDOWN flow>4364 srcPort>46315 dst>fd10:62:100::2/22164 
17:32:46.821234 ON flow>4684 srcPort>39591 dst>fd10:62:100::2/22484 
17:32:46.886993 OFF flow>4364 srcPort>46315 dst>fd10:62:100::2/22164 
17:32:46.906106 CONNECT flow>4684 srcPort>39591 dst>fd10:62:100::2/22484 
17:32:46.908866 SHUTDOWN flow>4372 srcPort>43769 dst>fd10:62:100::2/22172 
17:32:46.926336 ON flow>4692 srcPort>35403 dst>fd10:62:100::2/22492 
17:32:46.991401 SHUTDOWN flow>4380 srcPort>34825 dst>fd10:62:100::2/22180 
17:32:47.005310 CONNECT flow>4692 srcPort>35403 dst>fd10:62:100::2/22492 
17:32:47.036540 OFF flow>4372 srcPort>43769 dst>fd10:62:100::2/22172 
17:32:47.070636 ON flow>4700 srcPort>45255 dst>fd10:62:100::2/22500 
17:32:47.075864 SHUTDOWN flow>4388 srcPort>42487 dst>fd10:62:100::2/22188 
17:32:47.078569 OFF flow>4380 srcPort>34825 dst>fd10:62:100::2/22180 
17:32:47.127123 CONNECT flow>4700 srcPort>45255 dst>fd10:62:100::2/22500 
17:32:47.158707 SHUTDOWN flow>4396 srcPort>43337 dst>fd10:62:100::2/22196 
17:32:47.166779 OFF flow>4388 srcPort>42487 dst>fd10:62:100::2/22188 
17:32:47.219757 SHUTDOWN flow>4404 srcPort>46231 dst>fd10:62:100::2/22204 
17:32:47.242567 OFF flow>4396 srcPort>43337 dst>fd10:62:100::2/22196 
17:32:47.489816 ON flow>4708 srcPort>37433 dst>fd10:62:100::2/22508 
17:32:47.500254 CONNECT flow>4708 srcPort>37433 dst>fd10:62:100::2/22508 
17:32:47.511168 OFF flow>4404 srcPort>46231 dst>fd10:62:100::2/22204 
17:32:47.549004 SHUTDOWN flow>4412 srcPort>44155 dst>fd10:62:100::2/22212 
17:32:47.616047 ON flow>4716 srcPort>34449 dst>fd10:62:100::2/22516 
17:32:47.624313 CONNECT flow>4716 srcPort>34449 dst>fd10:62:100::2/22516 
17:32:47.735852 SHUTDOWN flow>4420 srcPort>36473 dst>fd10:62:100::2/22220 
17:32:47.754191 OFF flow>4420 srcPort>36473 dst>fd10:62:100::2/22220 
17:32:47.761611 OFF flow>4412 srcPort>44155 dst>fd10:62:100::2/22212 
17:32:47.887183 SHUTDOWN flow>4428 srcPort>43583 dst>fd10:62:100::2/22228 
17:32:47.892756 ON flow>4724 srcPort>39517 dst>fd10:62:100::2/22524 
17:32:47.901964 CONNECT flow>4724 srcPort>39517 dst>fd10:62:100::2/22524 
17:32:47.912800 OFF flow>4428 srcPort>43583 dst>fd10:62:100::2/22228 
17:32:48.105682 SHUTDOWN flow>4436 srcPort>43309 dst>fd10:62:100::2/22236 
17:32:48.141405 OFF flow>4436 srcPort>43309 dst>fd10:62:100::2/22236 
17:32:48.313901 SHUTDOWN flow>4444 srcPort>33483 dst>fd10:62:100::2/22244 
17:32:48.374976 ON flow>4732 srcPort>44225 dst>fd10:62:100::2/22532 
17:32:48.384555 CONNECT flow>4732 srcPort>44225 dst>fd10:62:100::2/22532 
17:32:48.571378 OFF flow>4444 srcPort>33483 dst>fd10:62:100::2/22244 
17:32:48.683622 ON flow>4740 srcPort>38197 dst>fd10:62:100::2/22540 
17:32:48.692432 CONNECT flow>4740 srcPort>38197 dst>fd10:62:100::2/22540 
17:32:48.702286 SHUTDOWN flow>4452 srcPort>40207 dst>fd10:62:100::2/22252 
17:32:48.805606 ON flow>4748 srcPort>42007 dst>fd10:62:100::2/22548 
17:32:48.815555 CONNECT flow>4748 srcPort>42007 dst>fd10:62:100::2/22548 
17:32:48.851959 SHUTDOWN flow>4460 srcPort>39035 dst>fd10:62:100::2/22260 
17:32:48.881506 OFF flow>4452 srcPort>40207 dst>fd10:62:100::2/22252 
17:32:48.939863 SHUTDOWN flow>4468 srcPort>43431 dst>fd10:62:100::2/22268 
17:32:48.969764 OFF flow>4468 srcPort>43431 dst>fd10:62:100::2/22268 
17:32:48.984695 SHUTDOWN flow>4476 srcPort>32991 dst>fd10:62:100::2/22276 
17:32:48.987103 OFF flow>4460 srcPort>39035 dst>fd10:62:100::2/22260 
17:32:49.014375 OFF flow>4476 srcPort>32991 dst>fd10:62:100::2/22276 
17:32:49.019433 SHUTDOWN flow>4484 srcPort>35933 dst>fd10:62:100::2/22284 
17:32:49.054882 SHUTDOWN flow>4492 srcPort>39747 dst>fd10:62:100::2/22292 
17:32:49.065016 ON flow>4756 srcPort>44449 dst>fd10:62:100::2/22556 
17:32:49.076312 CONNECT flow>4756 srcPort>44449 dst>fd10:62:100::2/22556 
17:32:49.105263 SHUTDOWN flow>4500 srcPort>45039 dst>fd10:62:100::2/22300 
17:32:49.119229 OFF flow>4484 srcPort>35933 dst>fd10:62:100::2/22284 
17:32:49.192741 SHUTDOWN flow>4508 srcPort>44829 dst>fd10:62:100::2/22308 
17:32:49.250797 OFF flow>4492 srcPort>39747 dst>fd10:62:100::2/22292 
17:32:49.276506 OFF flow>4500 srcPort>45039 dst>fd10:62:100::2/22300 
17:32:49.293051 SHUTDOWN flow>4516 srcPort>33487 dst>fd10:62:100::2/22316 
17:32:49.297547 OFF flow>4508 srcPort>44829 dst>fd10:62:100::2/22308 
17:32:49.361936 SHUTDOWN flow>4524 srcPort>39651 dst>fd10:62:100::2/22324 
17:32:49.364321 ON flow>4764 srcPort>34047 dst>fd10:62:100::2/22564 
17:32:49.372689 CONNECT flow>4764 srcPort>34047 dst>fd10:62:100::2/22564 
17:32:49.415965 SHUTDOWN flow>4532 srcPort>46109 dst>fd10:62:100::2/22332 
17:32:49.420632 OFF flow>4516 srcPort>33487 dst>fd10:62:100::2/22316 
17:32:49.461145 OFF flow>4524 srcPort>39651 dst>fd10:62:100::2/22324 
17:32:49.517165 SHUTDOWN flow>4540 srcPort>36975 dst>fd10:62:100::2/22340 
17:32:49.532911 OFF flow>4540 srcPort>36975 dst>fd10:62:100::2/22340 
17:32:49.559459 SHUTDOWN flow>4548 srcPort>43543 dst>fd10:62:100::2/22348 
17:32:49.563653 ON flow>4772 srcPort>35717 dst>fd10:62:100::2/22572 
17:32:49.571967 CONNECT flow>4772 srcPort>35717 dst>fd10:62:100::2/22572 
17:32:49.574861 OFF flow>4548 srcPort>43543 dst>fd10:62:100::2/22348 
17:32:49.677281 OFF flow>4532 srcPort>46109 dst>fd10:62:100::2/22332 
17:32:49.697129 ON flow>4780 srcPort>37985 dst>fd10:62:100::2/22580 
17:32:49.697211 SHUTDOWN flow>4556 srcPort>33573 dst>fd10:62:100::2/22356 
17:32:49.705338 CONNECT flow>4780 srcPort>37985 dst>fd10:62:100::2/22580 
17:32:49.706328 OFF flow>4556 srcPort>33573 dst>fd10:62:100::2/22356 
17:32:49.767184 ON flow>4788 srcPort>35567 dst>fd10:62:100::2/22588 
17:32:49.776161 CONNECT flow>4788 srcPort>35567 dst>fd10:62:100::2/22588 
17:32:49.792048 SHUTDOWN flow>4564 srcPort>43151 dst>fd10:62:100::2/22364 
17:32:49.801766 OFF flow>4564 srcPort>43151 dst>fd10:62:100::2/22364 
17:32:49.887485 ON flow>4796 srcPort>35819 dst>fd10:62:100::2/22596 
17:32:49.896474 CONNECT flow>4796 srcPort>35819 dst>fd10:62:100::2/22596 
17:32:49.932935 SHUTDOWN flow>4572 srcPort>39017 dst>fd10:62:100::2/22372 
17:32:49.972153 OFF flow>4572 srcPort>39017 dst>fd10:62:100::2/22372 
17:32:50.004243 ON flow>4804 srcPort>38117 dst>fd10:62:100::2/22604 
17:32:50.013123 CONNECT flow>4804 srcPort>38117 dst>fd10:62:100::2/22604 
17:32:50.021051 SHUTDOWN flow>4580 srcPort>41467 dst>fd10:62:100::2/22380 
17:32:50.108085 SHUTDOWN flow>4588 srcPort>45467 dst>fd10:62:100::2/22388 
17:32:50.148716 ON flow>4812 srcPort>36547 dst>fd10:62:100::2/22612 
17:32:50.156593 CONNECT flow>4812 srcPort>36547 dst>fd10:62:100::2/22612 
17:32:50.199455 OFF flow>4580 srcPort>41467 dst>fd10:62:100::2/22380 
17:32:50.247817 OFF flow>4588 srcPort>45467 dst>fd10:62:100::2/22388 
17:32:50.322499 ON flow>4820 srcPort>34799 dst>fd10:62:100::2/22620 
17:32:50.326598 SHUTDOWN flow>4596 srcPort>46715 dst>fd10:62:100::2/22396 
17:32:50.332883 CONNECT flow>4820 srcPort>34799 dst>fd10:62:100::2/22620 
17:32:50.462778 ON flow>4828 srcPort>34601 dst>fd10:62:100::2/22628 
17:32:50.470352 CONNECT flow>4828 srcPort>34601 dst>fd10:62:100::2/22628 
17:32:50.495153 OFF flow>4596 srcPort>46715 dst>fd10:62:100::2/22396 
17:32:50.505601 ON flow>4836 srcPort>33163 dst>fd10:62:100::2/22636 
17:32:50.512079 SHUTDOWN flow>4604 srcPort>41861 dst>fd10:62:100::2/22404 
17:32:50.513674 CONNECT flow>4836 srcPort>33163 dst>fd10:62:100::2/22636 
17:32:50.584312 ON flow>4844 srcPort>37315 dst>fd10:62:100::2/22644 
17:32:50.594734 CONNECT flow>4844 srcPort>37315 dst>fd10:62:100::2/22644 
17:32:50.632608 SHUTDOWN flow>4612 srcPort>46805 dst>fd10:62:100::2/22412 
17:32:50.697668 SHUTDOWN flow>4620 srcPort>42707 dst>fd10:62:100::2/22420 
17:32:50.717784 OFF flow>4620 srcPort>42707 dst>fd10:62:100::2/22420 
17:32:50.792314 SHUTDOWN flow>4628 srcPort>41347 dst>fd10:62:100::2/22428 
17:32:50.825605 ON flow>4852 srcPort>40701 dst>fd10:62:100::2/22652 
17:32:50.833488 CONNECT flow>4852 srcPort>40701 dst>fd10:62:100::2/22652 
17:32:50.898216 OFF flow>4612 srcPort>46805 dst>fd10:62:100::2/22412 
17:32:50.916550 SHUTDOWN flow>4636 srcPort>41745 dst>fd10:62:100::2/22436 
17:32:50.991613 SHUTDOWN flow>4644 srcPort>43001 dst>fd10:62:100::2/22444 
17:32:50.991885 OFF flow>4604 srcPort>41861 dst>fd10:62:100::2/22404 
17:32:51.010439 OFF flow>4628 srcPort>41347 dst>fd10:62:100::2/22428 
17:32:51.041698 OFF flow>4644 srcPort>43001 dst>fd10:62:100::2/22444 
17:32:51.067829 ON flow>4860 srcPort>35177 dst>fd10:62:100::2/22660 
17:32:51.069302 OFF flow>4636 srcPort>41745 dst>fd10:62:100::2/22436 
17:32:51.076726 CONNECT flow>4860 srcPort>35177 dst>fd10:62:100::2/22660 
17:32:51.110518 SHUTDOWN flow>4652 srcPort>34009 dst>fd10:62:100::2/22452 
17:32:51.173782 OFF flow>4652 srcPort>34009 dst>fd10:62:100::2/22452 
17:32:51.218433 SHUTDOWN flow>4660 srcPort>36643 dst>fd10:62:100::2/22460 
17:32:51.232459 OFF flow>4660 srcPort>36643 dst>fd10:62:100::2/22460 
17:32:51.313513 SHUTDOWN flow>4668 srcPort>45849 dst>fd10:62:100::2/22468 
17:32:51.319812 OFF flow>4668 srcPort>45849 dst>fd10:62:100::2/22468 
17:32:51.391396 ON flow>4868 srcPort>42475 dst>fd10:62:100::2/22668 
17:32:51.394151 CONNECT flow>4868 srcPort>42475 dst>fd10:62:100::2/22668 
17:32:51.493312 SHUTDOWN flow>4676 srcPort>41601 dst>fd10:62:100::2/22476 
17:32:51.493691 OFF flow>4676 srcPort>41601 dst>fd10:62:100::2/22476 
17:32:51.571478 ON flow>4876 srcPort>37723 dst>fd10:62:100::2/22676 
17:32:51.572100 CONNECT flow>4876 srcPort>37723 dst>fd10:62:100::2/22676 
17:32:51.621093 SHUTDOWN flow>4684 srcPort>39591 dst>fd10:62:100::2/22484 
17:32:51.622239 OFF flow>4684 srcPort>39591 dst>fd10:62:100::2/22484 
17:32:51.726193 SHUTDOWN flow>4692 srcPort>35403 dst>fd10:62:100::2/22492 
17:32:51.727422 OFF flow>4692 srcPort>35403 dst>fd10:62:100::2/22492 
17:32:51.736328 ON flow>4884 srcPort>39003 dst>fd10:62:100::2/22684 
17:32:51.736798 CONNECT flow>4884 srcPort>39003 dst>fd10:62:100::2/22684 
17:32:51.852020 ON flow>4892 srcPort>36789 dst>fd10:62:100::2/22692 
17:32:51.852315 CONNECT flow>4892 srcPort>36789 dst>fd10:62:100::2/22692 
17:32:51.870502 SHUTDOWN flow>4700 srcPort>45255 dst>fd10:62:100::2/22500 
17:32:51.871144 OFF flow>4700 srcPort>45255 dst>fd10:62:100::2/22500 
17:32:51.904635 ON flow>4900 srcPort>38151 dst>fd10:62:100::2/22700 
17:32:51.904915 CONNECT flow>4900 srcPort>38151 dst>fd10:62:100::2/22700 
17:32:51.980311 ON flow>4908 srcPort>43661 dst>fd10:62:100::2/22708 
17:32:51.980696 CONNECT flow>4908 srcPort>43661 dst>fd10:62:100::2/22708 
17:32:52.141883 ON flow>4916 srcPort>37761 dst>fd10:62:100::2/22716 
17:32:52.142356 CONNECT flow>4916 srcPort>37761 dst>fd10:62:100::2/22716 
17:32:52.220588 ON flow>4924 srcPort>38031 dst>fd10:62:100::2/22724 
17:32:52.220898 CONNECT flow>4924 srcPort>38031 dst>fd10:62:100::2/22724 
17:32:52.289608 SHUTDOWN flow>4708 srcPort>37433 dst>fd10:62:100::2/22508 
17:32:52.289951 OFF flow>4708 srcPort>37433 dst>fd10:62:100::2/22508 
17:32:52.309466 ON flow>4932 srcPort>45883 dst>fd10:62:100::2/22732 
17:32:52.309760 CONNECT flow>4932 srcPort>45883 dst>fd10:62:100::2/22732 
17:32:52.371411 ON flow>4940 srcPort>45409 dst>fd10:62:100::2/22740 
17:32:52.371698 CONNECT flow>4940 srcPort>45409 dst>fd10:62:100::2/22740 
17:32:52.403424 ON flow>4948 srcPort>36781 dst>fd10:62:100::2/22748 
17:32:52.403680 CONNECT flow>4948 srcPort>36781 dst>fd10:62:100::2/22748 
17:32:52.415901 SHUTDOWN flow>4716 srcPort>34449 dst>fd10:62:100::2/22516 
17:32:52.416630 OFF flow>4716 srcPort>34449 dst>fd10:62:100::2/22516 
17:32:52.500912 ON flow>4956 srcPort>42565 dst>fd10:62:100::2/22756 
17:32:52.501458 CONNECT flow>4956 srcPort>42565 dst>fd10:62:100::2/22756 
17:32:52.557210 ON flow>4964 srcPort>34397 dst>fd10:62:100::2/22764 
17:32:52.557955 CONNECT flow>4964 srcPort>34397 dst>fd10:62:100::2/22764 
17:32:52.638065 ON flow>4972 srcPort>34049 dst>fd10:62:100::2/22772 
17:32:52.638352 CONNECT flow>4972 srcPort>34049 dst>fd10:62:100::2/22772 
17:32:52.692599 SHUTDOWN flow>4724 srcPort>39517 dst>fd10:62:100::2/22524 
17:32:52.693525 OFF flow>4724 srcPort>39517 dst>fd10:62:100::2/22524 
17:32:52.721142 ON flow>4980 srcPort>45517 dst>fd10:62:100::2/22780 
17:32:52.721755 CONNECT flow>4980 srcPort>45517 dst>fd10:62:100::2/22780 
17:32:52.843569 ON flow>4988 srcPort>40527 dst>fd10:62:100::2/22788 
17:32:52.844893 CONNECT flow>4988 srcPort>40527 dst>fd10:62:100::2/22788 
17:32:52.994265 ON flow>4996 srcPort>45643 dst>fd10:62:100::2/22796 
17:32:52.995276 CONNECT flow>4996 srcPort>45643 dst>fd10:62:100::2/22796 
17:32:53.078015 ON flow>5004 srcPort>37797 dst>fd10:62:100::2/22804 
17:32:53.078559 CONNECT flow>5004 srcPort>37797 dst>fd10:62:100::2/22804 
17:32:53.174815 SHUTDOWN flow>4732 srcPort>44225 dst>fd10:62:100::2/22532 
17:32:53.175686 OFF flow>4732 srcPort>44225 dst>fd10:62:100::2/22532 
17:32:53.233323 ON flow>5012 srcPort>35637 dst>fd10:62:100::2/22812 
17:32:53.234321 CONNECT flow>5012 srcPort>35637 dst>fd10:62:100::2/22812 
17:32:53.391747 ON flow>5020 srcPort>44453 dst>fd10:62:100::2/22820 
17:32:53.392776 CONNECT flow>5020 srcPort>44453 dst>fd10:62:100::2/22820 
17:32:53.483520 SHUTDOWN flow>4740 srcPort>38197 dst>fd10:62:100::2/22540 
17:32:53.484405 OFF flow>4740 srcPort>38197 dst>fd10:62:100::2/22540 
17:32:53.517035 ON flow>5028 srcPort>36299 dst>fd10:62:100::2/22828 
17:32:53.518114 CONNECT flow>5028 srcPort>36299 dst>fd10:62:100::2/22828 
17:32:53.577127 ON flow>5036 srcPort>45881 dst>fd10:62:100::2/22836 
17:32:53.577590 CONNECT flow>5036 srcPort>45881 dst>fd10:62:100::2/22836 
17:32:53.605512 SHUTDOWN flow>4748 srcPort>42007 dst>fd10:62:100::2/22548 
17:32:53.606630 OFF flow>4748 srcPort>42007 dst>fd10:62:100::2/22548 
17:32:53.626084 ON flow>5044 srcPort>46155 dst>fd10:62:100::2/22844 
17:32:53.627746 CONNECT flow>5044 srcPort>46155 dst>fd10:62:100::2/22844 
17:32:53.700182 ON flow>5052 srcPort>34621 dst>fd10:62:100::2/22852 
17:32:53.701403 CONNECT flow>5052 srcPort>34621 dst>fd10:62:100::2/22852 
17:32:53.830266 ON flow>5060 srcPort>45495 dst>fd10:62:100::2/22860 
17:32:53.832643 CONNECT flow>5060 srcPort>45495 dst>fd10:62:100::2/22860 
17:32:53.864963 SHUTDOWN flow>4756 srcPort>44449 dst>fd10:62:100::2/22556 
17:32:53.867458 OFF flow>4756 srcPort>44449 dst>fd10:62:100::2/22556 
17:32:53.911712 ON flow>5068 srcPort>38559 dst>fd10:62:100::2/22868 
17:32:53.912962 CONNECT flow>5068 srcPort>38559 dst>fd10:62:100::2/22868 
17:32:54.052637 ON flow>5076 srcPort>45125 dst>fd10:62:100::2/22876 
17:32:54.056379 CONNECT flow>5076 srcPort>45125 dst>fd10:62:100::2/22876 
17:32:54.164215 SHUTDOWN flow>4764 srcPort>34047 dst>fd10:62:100::2/22564 
17:32:54.170779 OFF flow>4764 srcPort>34047 dst>fd10:62:100::2/22564 
17:32:54.203632 ON flow>5084 srcPort>42483 dst>fd10:62:100::2/22884 
17:32:54.211082 CONNECT flow>5084 srcPort>42483 dst>fd10:62:100::2/22884 
17:32:54.274118 ON flow>5092 srcPort>40713 dst>fd10:62:100::2/22892 
17:32:54.281607 CONNECT flow>5092 srcPort>40713 dst>fd10:62:100::2/22892 
17:32:54.363421 SHUTDOWN flow>4772 srcPort>35717 dst>fd10:62:100::2/22572 
17:32:54.374840 OFF flow>4772 srcPort>35717 dst>fd10:62:100::2/22572 
17:32:54.401636 ON flow>5100 srcPort>38181 dst>fd10:62:100::2/22900 
17:32:54.412075 CONNECT flow>5100 srcPort>38181 dst>fd10:62:100::2/22900 
17:32:54.497016 SHUTDOWN flow>4780 srcPort>37985 dst>fd10:62:100::2/22580 
17:32:54.512895 OFF flow>4780 srcPort>37985 dst>fd10:62:100::2/22580 
17:32:54.513168 ON flow>5108 srcPort>42301 dst>fd10:62:100::2/22908 
17:32:54.530196 CONNECT flow>5108 srcPort>42301 dst>fd10:62:100::2/22908 
17:32:54.567082 SHUTDOWN flow>4788 srcPort>35567 dst>fd10:62:100::2/22588 
17:32:54.587720 OFF flow>4788 srcPort>35567 dst>fd10:62:100::2/22588 
17:32:54.687238 SHUTDOWN flow>4796 srcPort>35819 dst>fd10:62:100::2/22596 
17:32:54.723966 OFF flow>4796 srcPort>35819 dst>fd10:62:100::2/22596 
17:32:54.780503 ON flow>5116 srcPort>46397 dst>fd10:62:100::2/22916 
17:32:54.804186 SHUTDOWN flow>4804 srcPort>38117 dst>fd10:62:100::2/22604 
17:32:54.825189 CONNECT flow>5116 srcPort>46397 dst>fd10:62:100::2/22916 
17:32:54.850158 OFF flow>4804 srcPort>38117 dst>fd10:62:100::2/22604 
17:32:54.948665 SHUTDOWN flow>4812 srcPort>36547 dst>fd10:62:100::2/22612 
17:32:54.995687 ON flow>5124 srcPort>44455 dst>fd10:62:100::2/22924 
17:32:55.003723 OFF flow>4812 srcPort>36547 dst>fd10:62:100::2/22612 
17:32:55.055861 CONNECT flow>5124 srcPort>44455 dst>fd10:62:100::2/22924 
17:32:55.122432 SHUTDOWN flow>4820 srcPort>34799 dst>fd10:62:100::2/22620 
17:32:55.231863 ON flow>5132 srcPort>40055 dst>fd10:62:100::2/22932 
17:32:55.262579 SHUTDOWN flow>4828 srcPort>34601 dst>fd10:62:100::2/22628 
17:32:55.273856 OFF flow>4820 srcPort>34799 dst>fd10:62:100::2/22620 
17:32:55.305454 SHUTDOWN flow>4836 srcPort>33163 dst>fd10:62:100::2/22636 
17:32:55.305665 CONNECT flow>5132 srcPort>40055 dst>fd10:62:100::2/22932 
17:32:55.376790 OFF flow>4836 srcPort>33163 dst>fd10:62:100::2/22636 
17:32:55.384255 SHUTDOWN flow>4844 srcPort>37315 dst>fd10:62:100::2/22644 
17:32:55.452571 OFF flow>4844 srcPort>37315 dst>fd10:62:100::2/22644 
17:32:55.539959 OFF flow>4828 srcPort>34601 dst>fd10:62:100::2/22628 
17:32:55.625490 SHUTDOWN flow>4852 srcPort>40701 dst>fd10:62:100::2/22652 
17:32:55.708037 OFF flow>4852 srcPort>40701 dst>fd10:62:100::2/22652 
17:32:55.753457 ON flow>5140 srcPort>36751 dst>fd10:62:100::2/22940 
17:32:55.788471 CONNECT flow>5140 srcPort>36751 dst>fd10:62:100::2/22940 
17:32:55.860730 ON flow>5148 srcPort>35213 dst>fd10:62:100::2/22948 
17:32:55.867714 SHUTDOWN flow>4860 srcPort>35177 dst>fd10:62:100::2/22660 
17:32:55.885738 CONNECT flow>5148 srcPort>35213 dst>fd10:62:100::2/22948 
17:32:55.946675 ON flow>5156 srcPort>41833 dst>fd10:62:100::2/22956 
17:32:55.965175 CONNECT flow>5156 srcPort>41833 dst>fd10:62:100::2/22956 
17:32:56.112150 ON flow>5164 srcPort>35311 dst>fd10:62:100::2/22964 
17:32:56.124906 CONNECT flow>5164 srcPort>35311 dst>fd10:62:100::2/22964 
17:32:56.191348 SHUTDOWN flow>4868 srcPort>42475 dst>fd10:62:100::2/22668 
17:32:56.202969 OFF flow>4868 srcPort>42475 dst>fd10:62:100::2/22668 
17:32:56.220067 OFF flow>4860 srcPort>35177 dst>fd10:62:100::2/22660 
17:32:56.284903 ON flow>5172 srcPort>42261 dst>fd10:62:100::2/22972 
17:32:56.294705 CONNECT flow>5172 srcPort>42261 dst>fd10:62:100::2/22972 
17:32:56.371379 SHUTDOWN flow>4876 srcPort>37723 dst>fd10:62:100::2/22676 
17:32:56.476157 OFF flow>4876 srcPort>37723 dst>fd10:62:100::2/22676 
17:32:56.533997 ON flow>5180 srcPort>45415 dst>fd10:62:100::2/22980 
17:32:56.536242 SHUTDOWN flow>4884 srcPort>39003 dst>fd10:62:100::2/22684 
17:32:56.543768 CONNECT flow>5180 srcPort>45415 dst>fd10:62:100::2/22980 
17:32:56.606144 OFF flow>4884 srcPort>39003 dst>fd10:62:100::2/22684 
17:32:56.652000 SHUTDOWN flow>4892 srcPort>36789 dst>fd10:62:100::2/22692 
17:32:56.704569 SHUTDOWN flow>4900 srcPort>38151 dst>fd10:62:100::2/22700 
17:32:56.717299 ON flow>5188 srcPort>34087 dst>fd10:62:100::2/22988 
17:32:56.726706 CONNECT flow>5188 srcPort>34087 dst>fd10:62:100::2/22988 
17:32:56.759966 OFF flow>4892 srcPort>36789 dst>fd10:62:100::2/22692 
17:32:56.788942 SHUTDOWN flow>4908 srcPort>43661 dst>fd10:62:100::2/22708 
17:32:56.901522 ON flow>5196 srcPort>40115 dst>fd10:62:100::2/22996 
17:32:56.911712 CONNECT flow>5196 srcPort>40115 dst>fd10:62:100::2/22996 
17:32:56.934168 OFF flow>4908 srcPort>43661 dst>fd10:62:100::2/22708 
17:32:56.941794 SHUTDOWN flow>4916 srcPort>37761 dst>fd10:62:100::2/22716 
17:32:57.077575 ON flow>5204 srcPort>46817 dst>fd10:62:100::2/23004 
17:32:57.082632 OFF flow>4900 srcPort>38151 dst>fd10:62:100::2/22700 
17:32:57.087030 CONNECT flow>5204 srcPort>46817 dst>fd10:62:100::2/23004 
17:32:57.109349 SHUTDOWN flow>4932 srcPort>45883 dst>fd10:62:100::2/22732 
17:32:57.116517 SHUTDOWN flow>4924 srcPort>38031 dst>fd10:62:100::2/22724 
17:32:57.171347 SHUTDOWN flow>4940 srcPort>45409 dst>fd10:62:100::2/22740 
17:32:57.203380 SHUTDOWN flow>4948 srcPort>36781 dst>fd10:62:100::2/22748 
17:32:57.203562 ON flow>5212 srcPort>44609 dst>fd10:62:100::2/23012 
17:32:57.214632 CONNECT flow>5212 srcPort>44609 dst>fd10:62:100::2/23012 
17:32:57.280328 OFF flow>4940 srcPort>45409 dst>fd10:62:100::2/22740 
17:32:57.300860 SHUTDOWN flow>4956 srcPort>42565 dst>fd10:62:100::2/22756 
17:32:57.352622 OFF flow>4924 srcPort>38031 dst>fd10:62:100::2/22724 
17:32:57.357150 SHUTDOWN flow>4964 srcPort>34397 dst>fd10:62:100::2/22764 
17:32:57.372811 OFF flow>4916 srcPort>37761 dst>fd10:62:100::2/22716 
17:32:57.396590 OFF flow>4964 srcPort>34397 dst>fd10:62:100::2/22764 
17:32:57.437979 SHUTDOWN flow>4972 srcPort>34049 dst>fd10:62:100::2/22772 
17:32:57.441064 ON flow>5220 srcPort>42133 dst>fd10:62:100::2/23020 
17:32:57.441855 OFF flow>4932 srcPort>45883 dst>fd10:62:100::2/22732 
17:32:57.442898 OFF flow>4956 srcPort>42565 dst>fd10:62:100::2/22756 
17:32:57.450084 CONNECT flow>5220 srcPort>42133 dst>fd10:62:100::2/23020 
17:32:57.486542 OFF flow>4972 srcPort>34049 dst>fd10:62:100::2/22772 
17:32:57.501660 OFF flow>4948 srcPort>36781 dst>fd10:62:100::2/22748 
17:32:57.510180 ON flow>5228 srcPort>45497 dst>fd10:62:100::2/23028 
17:32:57.519756 CONNECT flow>5228 srcPort>45497 dst>fd10:62:100::2/23028 
17:32:57.521014 SHUTDOWN flow>4980 srcPort>45517 dst>fd10:62:100::2/22780 
17:32:57.531653 OFF flow>4980 srcPort>45517 dst>fd10:62:100::2/22780 
17:32:57.596570 ON flow>5236 srcPort>32985 dst>fd10:62:100::2/23036 
17:32:57.605052 CONNECT flow>5236 srcPort>32985 dst>fd10:62:100::2/23036 
17:32:57.643534 SHUTDOWN flow>4988 srcPort>40527 dst>fd10:62:100::2/22788 
17:32:57.746454 OFF flow>4988 srcPort>40527 dst>fd10:62:100::2/22788 
17:32:57.794129 SHUTDOWN flow>4996 srcPort>45643 dst>fd10:62:100::2/22796 
17:32:57.815002 OFF flow>4996 srcPort>45643 dst>fd10:62:100::2/22796 
17:32:57.877925 SHUTDOWN flow>5004 srcPort>37797 dst>fd10:62:100::2/22804 
17:32:57.926600 ON flow>5244 srcPort>35789 dst>fd10:62:100::2/23044 
17:32:57.935196 CONNECT flow>5244 srcPort>35789 dst>fd10:62:100::2/23044 
17:32:58.023210 OFF flow>5004 srcPort>37797 dst>fd10:62:100::2/22804 
17:32:58.033227 SHUTDOWN flow>5012 srcPort>35637 dst>fd10:62:100::2/22812 
17:32:58.228456 OFF flow>5012 srcPort>35637 dst>fd10:62:100::2/22812 
17:32:58.302442 SHUTDOWN flow>5020 srcPort>44453 dst>fd10:62:100::2/22820 
17:32:58.316926 SHUTDOWN flow>5028 srcPort>36299 dst>fd10:62:100::2/22828 
17:32:58.342968 OFF flow>5028 srcPort>36299 dst>fd10:62:100::2/22828 
17:32:58.377028 SHUTDOWN flow>5036 srcPort>45881 dst>fd10:62:100::2/22836 
17:32:58.408837 OFF flow>5036 srcPort>45881 dst>fd10:62:100::2/22836 
17:32:58.426061 SHUTDOWN flow>5044 srcPort>46155 dst>fd10:62:100::2/22844 
17:32:58.442979 OFF flow>5044 srcPort>46155 dst>fd10:62:100::2/22844 
17:32:58.445640 ON flow>5252 srcPort>38191 dst>fd10:62:100::2/23052 
17:32:58.453935 CONNECT flow>5252 srcPort>38191 dst>fd10:62:100::2/23052 
17:32:58.487940 OFF flow>5020 srcPort>44453 dst>fd10:62:100::2/22820 
17:32:58.500135 SHUTDOWN flow>5052 srcPort>34621 dst>fd10:62:100::2/22852 
17:32:58.523387 OFF flow>5052 srcPort>34621 dst>fd10:62:100::2/22852 
17:32:58.576917 ON flow>5260 srcPort>35139 dst>fd10:62:100::2/23060 
17:32:58.587172 CONNECT flow>5260 srcPort>35139 dst>fd10:62:100::2/23060 
17:32:58.630072 SHUTDOWN flow>5060 srcPort>45495 dst>fd10:62:100::2/22860 
17:32:58.639949 OFF flow>5060 srcPort>45495 dst>fd10:62:100::2/22860 
17:32:58.711672 SHUTDOWN flow>5068 srcPort>38559 dst>fd10:62:100::2/22868 
17:32:58.727466 OFF flow>5068 srcPort>38559 dst>fd10:62:100::2/22868 
17:32:58.770698 ON flow>5268 srcPort>43867 dst>fd10:62:100::2/23068 
17:32:58.778716 CONNECT flow>5268 srcPort>43867 dst>fd10:62:100::2/23068 
17:32:58.852532 SHUTDOWN flow>5076 srcPort>45125 dst>fd10:62:100::2/22876 
17:32:58.857313 ON flow>5276 srcPort>35375 dst>fd10:62:100::2/23076 
17:32:58.866428 CONNECT flow>5276 srcPort>35375 dst>fd10:62:100::2/23076 
17:32:58.961540 OFF flow>5076 srcPort>45125 dst>fd10:62:100::2/22876 
17:32:59.003583 SHUTDOWN flow>5084 srcPort>42483 dst>fd10:62:100::2/22884 
17:32:59.074058 SHUTDOWN flow>5092 srcPort>40713 dst>fd10:62:100::2/22892 
17:32:59.083873 OFF flow>5092 srcPort>40713 dst>fd10:62:100::2/22892 
17:32:59.121976 OFF flow>5084 srcPort>42483 dst>fd10:62:100::2/22884 
17:32:59.150792 ON flow>5284 srcPort>45805 dst>fd10:62:100::2/23084 
17:32:59.159984 CONNECT flow>5284 srcPort>45805 dst>fd10:62:100::2/23084 
17:32:59.272723 ON flow>5292 srcPort>37799 dst>fd10:62:100::2/23092 
17:32:59.281468 CONNECT flow>5292 srcPort>37799 dst>fd10:62:100::2/23092 
17:32:59.288463 SHUTDOWN flow>5100 srcPort>38181 dst>fd10:62:100::2/22900 
17:32:59.313033 SHUTDOWN flow>5108 srcPort>42301 dst>fd10:62:100::2/22908 
17:32:59.367914 OFF flow>5108 srcPort>42301 dst>fd10:62:100::2/22908 
17:32:59.410929 ON flow>5300 srcPort>38743 dst>fd10:62:100::2/23100 
17:32:59.417809 CONNECT flow>5300 srcPort>38743 dst>fd10:62:100::2/23100 
17:32:59.441416 OFF flow>5100 srcPort>38181 dst>fd10:62:100::2/22900 
17:32:59.580374 SHUTDOWN flow>5116 srcPort>46397 dst>fd10:62:100::2/22916 
17:32:59.590001 OFF flow>5116 srcPort>46397 dst>fd10:62:100::2/22916 
17:32:59.622225 ON flow>5308 srcPort>44711 dst>fd10:62:100::2/23108 
17:32:59.622862 CONNECT flow>5308 srcPort>44711 dst>fd10:62:100::2/23108 
17:32:59.696427 ON flow>5316 srcPort>43823 dst>fd10:62:100::2/23116 
17:32:59.696954 CONNECT flow>5316 srcPort>43823 dst>fd10:62:100::2/23116 
17:32:59.757772 ON flow>5324 srcPort>34827 dst>fd10:62:100::2/23124 
17:32:59.758297 CONNECT flow>5324 srcPort>34827 dst>fd10:62:100::2/23124 
17:32:59.795558 SHUTDOWN flow>5124 srcPort>44455 dst>fd10:62:100::2/22924 
17:32:59.796071 OFF flow>5124 srcPort>44455 dst>fd10:62:100::2/22924 
17:32:59.798303 ON flow>5332 srcPort>33095 dst>fd10:62:100::2/23132 
17:32:59.798580 CONNECT flow>5332 srcPort>33095 dst>fd10:62:100::2/23132 
17:32:59.839625 ON flow>5340 srcPort>35459 dst>fd10:62:100::2/23140 
17:32:59.839948 CONNECT flow>5340 srcPort>35459 dst>fd10:62:100::2/23140 
17:32:59.982949 ON flow>5348 srcPort>45011 dst>fd10:62:100::2/23148 
17:32:59.983167 CONNECT flow>5348 srcPort>45011 dst>fd10:62:100::2/23148 
17:33:00.031649 SHUTDOWN flow>5132 srcPort>40055 dst>fd10:62:100::2/22932 
17:33:00.032339 OFF flow>5132 srcPort>40055 dst>fd10:62:100::2/22932 
17:33:00.121516 ON flow>5356 srcPort>42377 dst>fd10:62:100::2/23156 
17:33:00.122584 CONNECT flow>5356 srcPort>42377 dst>fd10:62:100::2/23156 
17:33:00.254214 ON flow>5364 srcPort>37965 dst>fd10:62:100::2/23164 
17:33:00.254492 CONNECT flow>5364 srcPort>37965 dst>fd10:62:100::2/23164 
17:33:00.319604 ON flow>5372 srcPort>34619 dst>fd10:62:100::2/23172 
17:33:00.320301 CONNECT flow>5372 srcPort>34619 dst>fd10:62:100::2/23172 
17:33:00.410268 ON flow>5380 srcPort>42179 dst>fd10:62:100::2/23180 
17:33:00.410768 CONNECT flow>5380 srcPort>42179 dst>fd10:62:100::2/23180 
17:33:00.544751 ON flow>5388 srcPort>37589 dst>fd10:62:100::2/23188 
17:33:00.545484 CONNECT flow>5388 srcPort>37589 dst>fd10:62:100::2/23188 
17:33:00.553120 SHUTDOWN flow>5140 srcPort>36751 dst>fd10:62:100::2/22940 
17:33:00.553977 OFF flow>5140 srcPort>36751 dst>fd10:62:100::2/22940 
17:33:00.660520 SHUTDOWN flow>5148 srcPort>35213 dst>fd10:62:100::2/22948 
17:33:00.661159 OFF flow>5148 srcPort>35213 dst>fd10:62:100::2/22948 
17:33:00.666637 ON flow>5396 srcPort>40147 dst>fd10:62:100::2/23196 
17:33:00.667145 CONNECT flow>5396 srcPort>40147 dst>fd10:62:100::2/23196 
17:33:00.742483 ON flow>5404 srcPort>34975 dst>fd10:62:100::2/23204 
17:33:00.742739 CONNECT flow>5404 srcPort>34975 dst>fd10:62:100::2/23204 
17:33:00.746535 SHUTDOWN flow>5156 srcPort>41833 dst>fd10:62:100::2/22956 
17:33:00.747496 OFF flow>5156 srcPort>41833 dst>fd10:62:100::2/22956 
17:33:00.889711 ON flow>5412 srcPort>36045 dst>fd10:62:100::2/23212 
17:33:00.890388 CONNECT flow>5412 srcPort>36045 dst>fd10:62:100::2/23212 
17:33:00.912025 SHUTDOWN flow>5164 srcPort>35311 dst>fd10:62:100::2/22964 
17:33:00.913131 OFF flow>5164 srcPort>35311 dst>fd10:62:100::2/22964 
17:33:01.068230 ON flow>5420 srcPort>36009 dst>fd10:62:100::2/23220 
17:33:01.068558 CONNECT flow>5420 srcPort>36009 dst>fd10:62:100::2/23220 
17:33:01.084790 SHUTDOWN flow>5172 srcPort>42261 dst>fd10:62:100::2/22972 
17:33:01.085786 OFF flow>5172 srcPort>42261 dst>fd10:62:100::2/22972 
17:33:01.225556 ON flow>5428 srcPort>35757 dst>fd10:62:100::2/23228 
17:33:01.225873 CONNECT flow>5428 srcPort>35757 dst>fd10:62:100::2/23228 
17:33:01.333877 SHUTDOWN flow>5180 srcPort>45415 dst>fd10:62:100::2/22980 
17:33:01.334896 OFF flow>5180 srcPort>45415 dst>fd10:62:100::2/22980 
17:33:01.517124 SHUTDOWN flow>5188 srcPort>34087 dst>fd10:62:100::2/22988 
17:33:01.518112 OFF flow>5188 srcPort>34087 dst>fd10:62:100::2/22988 
17:33:01.701227 SHUTDOWN flow>5196 srcPort>40115 dst>fd10:62:100::2/22996 
17:33:01.702383 OFF flow>5196 srcPort>40115 dst>fd10:62:100::2/22996 
17:33:01.775243 ON flow>5436 srcPort>44821 dst>fd10:62:100::2/23236 
17:33:01.775650 CONNECT flow>5436 srcPort>44821 dst>fd10:62:100::2/23236 
17:33:01.877432 SHUTDOWN flow>5204 srcPort>46817 dst>fd10:62:100::2/23004 
17:33:01.877972 OFF flow>5204 srcPort>46817 dst>fd10:62:100::2/23004 
17:33:02.003488 SHUTDOWN flow>5212 srcPort>44609 dst>fd10:62:100::2/23012 
17:33:02.004393 OFF flow>5212 srcPort>44609 dst>fd10:62:100::2/23012 
17:33:02.079385 ON flow>5444 srcPort>41707 dst>fd10:62:100::2/23244 
17:33:02.080063 CONNECT flow>5444 srcPort>41707 dst>fd10:62:100::2/23244 
17:33:02.240933 SHUTDOWN flow>5220 srcPort>42133 dst>fd10:62:100::2/23020 
17:33:02.241405 OFF flow>5220 srcPort>42133 dst>fd10:62:100::2/23020 
17:33:02.280191 ON flow>5452 srcPort>43605 dst>fd10:62:100::2/23252 
17:33:02.280780 CONNECT flow>5452 srcPort>43605 dst>fd10:62:100::2/23252 
17:33:02.310036 SHUTDOWN flow>5228 srcPort>45497 dst>fd10:62:100::2/23028 
17:33:02.310581 OFF flow>5228 srcPort>45497 dst>fd10:62:100::2/23028 
17:33:02.382970 ON flow>5460 srcPort>39993 dst>fd10:62:100::2/23260 
17:33:02.383524 CONNECT flow>5460 srcPort>39993 dst>fd10:62:100::2/23260 
17:33:02.396433 SHUTDOWN flow>5236 srcPort>32985 dst>fd10:62:100::2/23036 
17:33:02.396724 OFF flow>5236 srcPort>32985 dst>fd10:62:100::2/23036 
17:33:02.503243 ON flow>5468 srcPort>36079 dst>fd10:62:100::2/23268 
17:33:02.503711 CONNECT flow>5468 srcPort>36079 dst>fd10:62:100::2/23268 
17:33:02.599478 ON flow>5476 srcPort>34943 dst>fd10:62:100::2/23276 
17:33:02.599837 CONNECT flow>5476 srcPort>34943 dst>fd10:62:100::2/23276 
17:33:02.719643 ON flow>5484 srcPort>46649 dst>fd10:62:100::2/23284 
17:33:02.719978 CONNECT flow>5484 srcPort>46649 dst>fd10:62:100::2/23284 
17:33:02.726422 SHUTDOWN flow>5244 srcPort>35789 dst>fd10:62:100::2/23044 
17:33:02.726877 OFF flow>5244 srcPort>35789 dst>fd10:62:100::2/23044 
17:33:02.822062 ON flow>5492 srcPort>39049 dst>fd10:62:100::2/23292 
17:33:02.822699 CONNECT flow>5492 srcPort>39049 dst>fd10:62:100::2/23292 
17:33:02.927771 ON flow>5500 srcPort>42731 dst>fd10:62:100::2/23300 
17:33:02.928061 CONNECT flow>5500 srcPort>42731 dst>fd10:62:100::2/23300 
17:33:03.148152 ON flow>5508 srcPort>46275 dst>fd10:62:100::2/23308 
17:33:03.149216 CONNECT flow>5508 srcPort>46275 dst>fd10:62:100::2/23308 
17:33:03.245431 SHUTDOWN flow>5252 srcPort>38191 dst>fd10:62:100::2/23052 
17:33:03.247661 OFF flow>5252 srcPort>38191 dst>fd10:62:100::2/23052 
17:33:03.376840 SHUTDOWN flow>5260 srcPort>35139 dst>fd10:62:100::2/23060 
17:33:03.377530 OFF flow>5260 srcPort>35139 dst>fd10:62:100::2/23060 
17:33:03.465942 ON flow>5516 srcPort>38957 dst>fd10:62:100::2/23316 
17:33:03.466375 CONNECT flow>5516 srcPort>38957 dst>fd10:62:100::2/23316 
17:33:03.570556 SHUTDOWN flow>5268 srcPort>43867 dst>fd10:62:100::2/23068 
17:33:03.571788 OFF flow>5268 srcPort>43867 dst>fd10:62:100::2/23068 
17:33:03.640253 ON flow>5524 srcPort>40809 dst>fd10:62:100::2/23324 
17:33:03.640762 CONNECT flow>5524 srcPort>40809 dst>fd10:62:100::2/23324 
17:33:03.657224 SHUTDOWN flow>5276 srcPort>35375 dst>fd10:62:100::2/23076 
17:33:03.658156 OFF flow>5276 srcPort>35375 dst>fd10:62:100::2/23076 
17:33:03.808049 ON flow>5532 srcPort>37793 dst>fd10:62:100::2/23332 
17:33:03.808471 CONNECT flow>5532 srcPort>37793 dst>fd10:62:100::2/23332 
17:33:03.950646 SHUTDOWN flow>5284 srcPort>45805 dst>fd10:62:100::2/23084 
17:33:03.952965 OFF flow>5284 srcPort>45805 dst>fd10:62:100::2/23084 
17:33:04.072528 SHUTDOWN flow>5292 srcPort>37799 dst>fd10:62:100::2/23092 
17:33:04.074085 OFF flow>5292 srcPort>37799 dst>fd10:62:100::2/23092 
17:33:04.095549 ON flow>5540 srcPort>38293 dst>fd10:62:100::2/23340 
17:33:04.096957 CONNECT flow>5540 srcPort>38293 dst>fd10:62:100::2/23340 
17:33:04.210584 SHUTDOWN flow>5300 srcPort>38743 dst>fd10:62:100::2/23100 
17:33:04.212455 OFF flow>5300 srcPort>38743 dst>fd10:62:100::2/23100 
17:33:04.358483 ON flow>5548 srcPort>44481 dst>fd10:62:100::2/23348 
17:33:04.359650 CONNECT flow>5548 srcPort>44481 dst>fd10:62:100::2/23348 
17:33:04.422130 SHUTDOWN flow>5308 srcPort>44711 dst>fd10:62:100::2/23108 
17:33:04.422912 OFF flow>5308 srcPort>44711 dst>fd10:62:100::2/23108 
17:33:04.496336 SHUTDOWN flow>5316 srcPort>43823 dst>fd10:62:100::2/23116 
17:33:04.496864 OFF flow>5316 srcPort>43823 dst>fd10:62:100::2/23116 
17:33:04.543946 ON flow>5556 srcPort>32987 dst>fd10:62:100::2/23356 
17:33:04.544818 CONNECT flow>5556 srcPort>32987 dst>fd10:62:100::2/23356 
17:33:04.557639 SHUTDOWN flow>5324 srcPort>34827 dst>fd10:62:100::2/23124 
17:33:04.558198 OFF flow>5324 srcPort>34827 dst>fd10:62:100::2/23124 
17:33:04.598241 SHUTDOWN flow>5332 srcPort>33095 dst>fd10:62:100::2/23132 
17:33:04.598790 OFF flow>5332 srcPort>33095 dst>fd10:62:100::2/23132 
17:33:04.639542 SHUTDOWN flow>5340 srcPort>35459 dst>fd10:62:100::2/23140 
17:33:04.640216 OFF flow>5340 srcPort>35459 dst>fd10:62:100::2/23140 
17:33:04.657553 ON flow>5564 srcPort>35279 dst>fd10:62:100::2/23364 
17:33:04.658275 CONNECT flow>5564 srcPort>35279 dst>fd10:62:100::2/23364 
17:33:04.782848 SHUTDOWN flow>5348 srcPort>45011 dst>fd10:62:100::2/23148 
17:33:04.785277 OFF flow>5348 srcPort>45011 dst>fd10:62:100::2/23148 
17:33:04.886431 ON flow>5572 srcPort>35365 dst>fd10:62:100::2/23372 
17:33:04.888015 CONNECT flow>5572 srcPort>35365 dst>fd10:62:100::2/23372 
17:33:04.921389 SHUTDOWN flow>5356 srcPort>42377 dst>fd10:62:100::2/23156 
17:33:04.921940 OFF flow>5356 srcPort>42377 dst>fd10:62:100::2/23156 
17:33:05.054153 SHUTDOWN flow>5364 srcPort>37965 dst>fd10:62:100::2/23164 
17:33:05.054664 OFF flow>5364 srcPort>37965 dst>fd10:62:100::2/23164 
17:33:05.119553 SHUTDOWN flow>5372 srcPort>34619 dst>fd10:62:100::2/23172 
17:33:05.120268 OFF flow>5372 srcPort>34619 dst>fd10:62:100::2/23172 
17:33:05.131859 ON flow>5580 srcPort>39253 dst>fd10:62:100::2/23380 
17:33:05.132412 CONNECT flow>5580 srcPort>39253 dst>fd10:62:100::2/23380 
17:33:05.210148 SHUTDOWN flow>5380 srcPort>42179 dst>fd10:62:100::2/23180 
17:33:05.211561 OFF flow>5380 srcPort>42179 dst>fd10:62:100::2/23180 
17:33:05.272693 ON flow>5588 srcPort>46385 dst>fd10:62:100::2/23388 
17:33:05.273203 CONNECT flow>5588 srcPort>46385 dst>fd10:62:100::2/23388 
17:33:05.344572 SHUTDOWN flow>5388 srcPort>37589 dst>fd10:62:100::2/23188 
17:33:05.344995 OFF flow>5388 srcPort>37589 dst>fd10:62:100::2/23188 
17:33:05.374329 ON flow>5596 srcPort>42505 dst>fd10:62:100::2/23396 
17:33:05.374555 CONNECT flow>5596 srcPort>42505 dst>fd10:62:100::2/23396 
17:33:05.466552 SHUTDOWN flow>5396 srcPort>40147 dst>fd10:62:100::2/23196 
17:33:05.469121 OFF flow>5396 srcPort>40147 dst>fd10:62:100::2/23196 
17:33:05.490515 ON flow>5604 srcPort>42309 dst>fd10:62:100::2/23404 
17:33:05.490728 CONNECT flow>5604 srcPort>42309 dst>fd10:62:100::2/23404 
17:33:05.542450 SHUTDOWN flow>5404 srcPort>34975 dst>fd10:62:100::2/23204 
17:33:05.543278 OFF flow>5404 srcPort>34975 dst>fd10:62:100::2/23204 
17:33:05.608331 ON flow>5612 srcPort>34965 dst>fd10:62:100::2/23412 
17:33:05.608884 CONNECT flow>5612 srcPort>34965 dst>fd10:62:100::2/23412 
17:33:05.689656 SHUTDOWN flow>5412 srcPort>36045 dst>fd10:62:100::2/23212 
17:33:05.690082 OFF flow>5412 srcPort>36045 dst>fd10:62:100::2/23212 
17:33:05.868145 SHUTDOWN flow>5420 srcPort>36009 dst>fd10:62:100::2/23220 
17:33:05.869181 OFF flow>5420 srcPort>36009 dst>fd10:62:100::2/23220 
17:33:05.923027 ON flow>5620 srcPort>41117 dst>fd10:62:100::2/23420 
17:33:05.923945 CONNECT flow>5620 srcPort>41117 dst>fd10:62:100::2/23420 
17:33:06.025342 SHUTDOWN flow>5428 srcPort>35757 dst>fd10:62:100::2/23228 
17:33:06.025905 OFF flow>5428 srcPort>35757 dst>fd10:62:100::2/23228 
17:33:06.237115 ON flow>5628 srcPort>44375 dst>fd10:62:100::2/23428 
17:33:06.237755 CONNECT flow>5628 srcPort>44375 dst>fd10:62:100::2/23428 
17:33:06.362524 ON flow>5636 srcPort>46567 dst>fd10:62:100::2/23436 
17:33:06.362937 CONNECT flow>5636 srcPort>46567 dst>fd10:62:100::2/23436 
17:33:06.418728 ON flow>5644 srcPort>46257 dst>fd10:62:100::2/23444 
17:33:06.419413 CONNECT flow>5644 srcPort>46257 dst>fd10:62:100::2/23444 
17:33:06.575136 SHUTDOWN flow>5436 srcPort>44821 dst>fd10:62:100::2/23236 
17:33:06.575646 OFF flow>5436 srcPort>44821 dst>fd10:62:100::2/23236 
17:33:06.603119 ON flow>5652 srcPort>34383 dst>fd10:62:100::2/23452 
17:33:06.603743 CONNECT flow>5652 srcPort>34383 dst>fd10:62:100::2/23452 
17:33:06.799592 ON flow>5660 srcPort>43031 dst>fd10:62:100::2/23460 
17:33:06.800217 CONNECT flow>5660 srcPort>43031 dst>fd10:62:100::2/23460 
17:33:06.879236 SHUTDOWN flow>5444 srcPort>41707 dst>fd10:62:100::2/23244 
17:33:06.879633 OFF flow>5444 srcPort>41707 dst>fd10:62:100::2/23244 
17:33:06.971129 ON flow>5668 srcPort>41529 dst>fd10:62:100::2/23468 
17:33:06.971732 CONNECT flow>5668 srcPort>41529 dst>fd10:62:100::2/23468 
17:33:07.080071 SHUTDOWN flow>5452 srcPort>43605 dst>fd10:62:100::2/23252 
17:33:07.080666 OFF flow>5452 srcPort>43605 dst>fd10:62:100::2/23252 
17:33:07.182858 SHUTDOWN flow>5460 srcPort>39993 dst>fd10:62:100::2/23260 
17:33:07.183248 OFF flow>5460 srcPort>39993 dst>fd10:62:100::2/23260 
17:33:07.183542 ON flow>5676 srcPort>44451 dst>fd10:62:100::2/23476 
17:33:07.184268 CONNECT flow>5676 srcPort>44451 dst>fd10:62:100::2/23476 
17:33:07.303149 SHUTDOWN flow>5468 srcPort>36079 dst>fd10:62:100::2/23268 
17:33:07.303505 OFF flow>5468 srcPort>36079 dst>fd10:62:100::2/23268 
17:33:07.350790 ON flow>5684 srcPort>40245 dst>fd10:62:100::2/23484 
17:33:07.351903 CONNECT flow>5684 srcPort>40245 dst>fd10:62:100::2/23484 
17:33:07.399347 SHUTDOWN flow>5476 srcPort>34943 dst>fd10:62:100::2/23276 
17:33:07.400096 OFF flow>5476 srcPort>34943 dst>fd10:62:100::2/23276 
17:33:07.430468 ON flow>5692 srcPort>33623 dst>fd10:62:100::2/23492 
17:33:07.430907 CONNECT flow>5692 srcPort>33623 dst>fd10:62:100::2/23492 
17:33:07.495580 ON flow>5700 srcPort>44557 dst>fd10:62:100::2/23500 
17:33:07.496115 CONNECT flow>5700 srcPort>44557 dst>fd10:62:100::2/23500 
17:33:07.519561 SHUTDOWN flow>5484 srcPort>46649 dst>fd10:62:100::2/23284 
17:33:07.520551 OFF flow>5484 srcPort>46649 dst>fd10:62:100::2/23284 
17:33:07.529127 ON flow>5708 srcPort>34683 dst>fd10:62:100::2/23508 
17:33:07.529459 CONNECT flow>5708 srcPort>34683 dst>fd10:62:100::2/23508 
17:33:07.621977 SHUTDOWN flow>5492 srcPort>39049 dst>fd10:62:100::2/23292 
17:33:07.623017 OFF flow>5492 srcPort>39049 dst>fd10:62:100::2/23292 
17:33:07.652014 ON flow>5716 srcPort>38741 dst>fd10:62:100::2/23516 
17:33:07.652833 CONNECT flow>5716 srcPort>38741 dst>fd10:62:100::2/23516 
17:33:07.727654 SHUTDOWN flow>5500 srcPort>42731 dst>fd10:62:100::2/23300 
17:33:07.728454 OFF flow>5500 srcPort>42731 dst>fd10:62:100::2/23300 
17:33:07.770136 ON flow>5724 srcPort>46879 dst>fd10:62:100::2/23524 
17:33:07.770685 CONNECT flow>5724 srcPort>46879 dst>fd10:62:100::2/23524 
17:33:07.871812 ON flow>5732 srcPort>45735 dst>fd10:62:100::2/23532 
17:33:07.872863 CONNECT flow>5732 srcPort>45735 dst>fd10:62:100::2/23532 
17:33:07.948058 SHUTDOWN flow>5508 srcPort>46275 dst>fd10:62:100::2/23308 
17:33:07.948560 OFF flow>5508 srcPort>46275 dst>fd10:62:100::2/23308 
17:33:08.144689 ON flow>5740 srcPort>39897 dst>fd10:62:100::2/23540 
17:33:08.145060 CONNECT flow>5740 srcPort>39897 dst>fd10:62:100::2/23540 
17:33:08.265876 SHUTDOWN flow>5516 srcPort>38957 dst>fd10:62:100::2/23316 
17:33:08.266609 OFF flow>5516 srcPort>38957 dst>fd10:62:100::2/23316 
17:33:08.271458 ON flow>5748 srcPort>39835 dst>fd10:62:100::2/23548 
17:33:08.271809 CONNECT flow>5748 srcPort>39835 dst>fd10:62:100::2/23548 
17:33:08.376474 ON flow>5756 srcPort>36683 dst>fd10:62:100::2/23556 
17:33:08.376862 CONNECT flow>5756 srcPort>36683 dst>fd10:62:100::2/23556 
17:33:08.429758 ON flow>5764 srcPort>45691 dst>fd10:62:100::2/23564 
17:33:08.430590 CONNECT flow>5764 srcPort>45691 dst>fd10:62:100::2/23564 
17:33:08.440150 SHUTDOWN flow>5524 srcPort>40809 dst>fd10:62:100::2/23324 
17:33:08.440964 OFF flow>5524 srcPort>40809 dst>fd10:62:100::2/23324 
17:33:08.466511 ON flow>5772 srcPort>35543 dst>fd10:62:100::2/23572 
17:33:08.467399 CONNECT flow>5772 srcPort>35543 dst>fd10:62:100::2/23572 
17:33:08.575025 ON flow>5780 srcPort>39483 dst>fd10:62:100::2/23580 
17:33:08.575585 CONNECT flow>5780 srcPort>39483 dst>fd10:62:100::2/23580 
17:33:08.607952 SHUTDOWN flow>5532 srcPort>37793 dst>fd10:62:100::2/23332 
17:33:08.608757 OFF flow>5532 srcPort>37793 dst>fd10:62:100::2/23332 
17:33:08.845501 ON flow>5788 srcPort>37111 dst>fd10:62:100::2/23588 
17:33:08.846379 CONNECT flow>5788 srcPort>37111 dst>fd10:62:100::2/23588 
17:33:08.895262 SHUTDOWN flow>5540 srcPort>38293 dst>fd10:62:100::2/23340 
17:33:08.896451 OFF flow>5540 srcPort>38293 dst>fd10:62:100::2/23340 
17:33:09.154830 ON flow>5796 srcPort>36025 dst>fd10:62:100::2/23596 
17:33:09.156105 CONNECT flow>5796 srcPort>36025 dst>fd10:62:100::2/23596 
17:33:09.158399 SHUTDOWN flow>5548 srcPort>44481 dst>fd10:62:100::2/23348 
17:33:09.159071 OFF flow>5548 srcPort>44481 dst>fd10:62:100::2/23348 
17:33:09.285207 ON flow>5804 srcPort>45329 dst>fd10:62:100::2/23604 
17:33:09.286039 CONNECT flow>5804 srcPort>45329 dst>fd10:62:100::2/23604 
17:33:09.343863 SHUTDOWN flow>5556 srcPort>32987 dst>fd10:62:100::2/23356 
17:33:09.344908 OFF flow>5556 srcPort>32987 dst>fd10:62:100::2/23356 
17:33:09.367140 ON flow>5812 srcPort>45041 dst>fd10:62:100::2/23612 
17:33:09.368261 CONNECT flow>5812 srcPort>45041 dst>fd10:62:100::2/23612 
17:33:09.442995 ON flow>5820 srcPort>39911 dst>fd10:62:100::2/23620 
17:33:09.443816 CONNECT flow>5820 srcPort>39911 dst>fd10:62:100::2/23620 
17:33:09.457475 SHUTDOWN flow>5564 srcPort>35279 dst>fd10:62:100::2/23364 
17:33:09.458235 OFF flow>5564 srcPort>35279 dst>fd10:62:100::2/23364 
17:33:09.494497 ON flow>5828 srcPort>38773 dst>fd10:62:100::2/23628 
17:33:09.494874 CONNECT flow>5828 srcPort>38773 dst>fd10:62:100::2/23628 
17:33:09.569942 ON flow>5836 srcPort>33985 dst>fd10:62:100::2/23636 
17:33:09.570219 CONNECT flow>5836 srcPort>33985 dst>fd10:62:100::2/23636 
17:33:09.627579 ON flow>5844 srcPort>39201 dst>fd10:62:100::2/23644 
17:33:09.628804 CONNECT flow>5844 srcPort>39201 dst>fd10:62:100::2/23644 
17:33:09.649243 ON flow>5852 srcPort>42383 dst>fd10:62:100::2/23652 
17:33:09.649998 CONNECT flow>5852 srcPort>42383 dst>fd10:62:100::2/23652 
17:33:09.686249 SHUTDOWN flow>5572 srcPort>35365 dst>fd10:62:100::2/23372 
17:33:09.686833 OFF flow>5572 srcPort>35365 dst>fd10:62:100::2/23372 
17:33:09.687828 ON flow>5860 srcPort>33843 dst>fd10:62:100::2/23660 
17:33:09.688538 CONNECT flow>5860 srcPort>33843 dst>fd10:62:100::2/23660 
17:33:09.759699 ON flow>5868 srcPort>33123 dst>fd10:62:100::2/23668 
17:33:09.761771 CONNECT flow>5868 srcPort>33123 dst>fd10:62:100::2/23668 
17:33:09.820217 ON flow>5876 srcPort>46679 dst>fd10:62:100::2/23676 
17:33:09.824558 CONNECT flow>5876 srcPort>46679 dst>fd10:62:100::2/23676 
17:33:09.882235 ON flow>5884 srcPort>37669 dst>fd10:62:100::2/23684 
17:33:09.883793 CONNECT flow>5884 srcPort>37669 dst>fd10:62:100::2/23684 
17:33:09.931757 SHUTDOWN flow>5580 srcPort>39253 dst>fd10:62:100::2/23380 
17:33:09.933731 OFF flow>5580 srcPort>39253 dst>fd10:62:100::2/23380 
17:33:10.014545 ON flow>5892 srcPort>37901 dst>fd10:62:100::2/23692 
17:33:10.016036 CONNECT flow>5892 srcPort>37901 dst>fd10:62:100::2/23692 
17:33:10.048485 ON flow>5900 srcPort>40905 dst>fd10:62:100::2/23700 
17:33:10.049616 CONNECT flow>5900 srcPort>40905 dst>fd10:62:100::2/23700 
17:33:10.072567 SHUTDOWN flow>5588 srcPort>46385 dst>fd10:62:100::2/23388 
17:33:10.073873 OFF flow>5588 srcPort>46385 dst>fd10:62:100::2/23388 
17:33:10.116568 ON flow>5908 srcPort>33541 dst>fd10:62:100::2/23708 
17:33:10.116887 CONNECT flow>5908 srcPort>33541 dst>fd10:62:100::2/23708 
17:33:10.174259 SHUTDOWN flow>5596 srcPort>42505 dst>fd10:62:100::2/23396 
17:33:10.175259 OFF flow>5596 srcPort>42505 dst>fd10:62:100::2/23396 
17:33:10.226896 ON flow>5916 srcPort>41463 dst>fd10:62:100::2/23716 
17:33:10.228614 CONNECT flow>5916 srcPort>41463 dst>fd10:62:100::2/23716 
17:33:10.273744 ON flow>5924 srcPort>44827 dst>fd10:62:100::2/23724 
17:33:10.277525 CONNECT flow>5924 srcPort>44827 dst>fd10:62:100::2/23724 
17:33:10.290375 SHUTDOWN flow>5604 srcPort>42309 dst>fd10:62:100::2/23404 
17:33:10.297181 OFF flow>5604 srcPort>42309 dst>fd10:62:100::2/23404 
17:33:10.328216 ON flow>5932 srcPort>39173 dst>fd10:62:100::2/23732 
17:33:10.332773 CONNECT flow>5932 srcPort>39173 dst>fd10:62:100::2/23732 
17:33:10.380863 ON flow>5940 srcPort>45725 dst>fd10:62:100::2/23740 
17:33:10.387061 CONNECT flow>5940 srcPort>45725 dst>fd10:62:100::2/23740 
17:33:10.408177 SHUTDOWN flow>5612 srcPort>34965 dst>fd10:62:100::2/23412 
17:33:10.418508 OFF flow>5612 srcPort>34965 dst>fd10:62:100::2/23412 
17:33:10.437231 ON flow>5948 srcPort>42735 dst>fd10:62:100::2/23748 
17:33:10.447159 CONNECT flow>5948 srcPort>42735 dst>fd10:62:100::2/23748 
17:33:10.549192 ON flow>5956 srcPort>42065 dst>fd10:62:100::2/23756 
17:33:10.571815 CONNECT flow>5956 srcPort>42065 dst>fd10:62:100::2/23756 
17:33:10.607492 ON flow>5964 srcPort>41667 dst>fd10:62:100::2/23764 
17:33:10.638007 CONNECT flow>5964 srcPort>41667 dst>fd10:62:100::2/23764 
17:33:10.677847 ON flow>5972 srcPort>35237 dst>fd10:62:100::2/23772 
17:33:10.714551 CONNECT flow>5972 srcPort>35237 dst>fd10:62:100::2/23772 
17:33:10.722928 SHUTDOWN flow>5620 srcPort>41117 dst>fd10:62:100::2/23420 
17:33:10.767405 OFF flow>5620 srcPort>41117 dst>fd10:62:100::2/23420 
17:33:10.921625 ON flow>5980 srcPort>46005 dst>fd10:62:100::2/23780 
17:33:10.995437 CONNECT flow>5980 srcPort>46005 dst>fd10:62:100::2/23780 
17:33:11.013215 ON flow>5988 srcPort>40695 dst>fd10:62:100::2/23788 
17:33:11.037120 SHUTDOWN flow>5628 srcPort>44375 dst>fd10:62:100::2/23428 
17:33:11.092609 ON flow>5996 srcPort>33871 dst>fd10:62:100::2/23796 
17:33:11.099542 CONNECT flow>5988 srcPort>40695 dst>fd10:62:100::2/23788 
17:33:11.126410 OFF flow>5628 srcPort>44375 dst>fd10:62:100::2/23428 
17:33:11.162551 SHUTDOWN flow>5636 srcPort>46567 dst>fd10:62:100::2/23436 
17:33:11.184252 CONNECT flow>5996 srcPort>33871 dst>fd10:62:100::2/23796 
17:33:11.218713 SHUTDOWN flow>5644 srcPort>46257 dst>fd10:62:100::2/23444 
17:33:11.259117 OFF flow>5636 srcPort>46567 dst>fd10:62:100::2/23436 
17:33:11.281112 ON flow>6004 srcPort>39767 dst>fd10:62:100::2/23804 
17:33:11.314263 OFF flow>5644 srcPort>46257 dst>fd10:62:100::2/23444 
17:33:11.374978 CONNECT flow>6004 srcPort>39767 dst>fd10:62:100::2/23804 
17:33:11.402929 SHUTDOWN flow>5652 srcPort>34383 dst>fd10:62:100::2/23452 
17:33:11.474532 ON flow>6012 srcPort>40089 dst>fd10:62:100::2/23812 
17:33:11.542052 CONNECT flow>6012 srcPort>40089 dst>fd10:62:100::2/23812 
17:33:11.565884 ON flow>6020 srcPort>39743 dst>fd10:62:100::2/23820 
17:33:11.589160 OFF flow>5652 srcPort>34383 dst>fd10:62:100::2/23452 
17:33:11.623082 CONNECT flow>6020 srcPort>39743 dst>fd10:62:100::2/23820 
17:33:11.730896 ON flow>6028 srcPort>37463 dst>fd10:62:100::2/23828 
17:33:11.747241 SHUTDOWN flow>5660 srcPort>43031 dst>fd10:62:100::2/23460 
17:33:11.770331 CONNECT flow>6028 srcPort>37463 dst>fd10:62:100::2/23828 
17:33:11.771110 SHUTDOWN flow>5668 srcPort>41529 dst>fd10:62:100::2/23468 
17:33:11.781687 ON flow>6036 srcPort>40907 dst>fd10:62:100::2/23836 
17:33:11.816288 CONNECT flow>6036 srcPort>40907 dst>fd10:62:100::2/23836 
17:33:11.924023 ON flow>6044 srcPort>35141 dst>fd10:62:100::2/23844 
17:33:11.940869 OFF flow>5660 srcPort>43031 dst>fd10:62:100::2/23460 
17:33:11.942800 CONNECT flow>6044 srcPort>35141 dst>fd10:62:100::2/23844 
17:33:11.960036 OFF flow>5668 srcPort>41529 dst>fd10:62:100::2/23468 
17:33:11.990850 ON flow>6052 srcPort>43977 dst>fd10:62:100::2/23852 
17:33:12.004508 CONNECT flow>6052 srcPort>43977 dst>fd10:62:100::2/23852 
17:33:12.029726 SHUTDOWN flow>5676 srcPort>44451 dst>fd10:62:100::2/23476 
17:33:12.077504 ON flow>6060 srcPort>46787 dst>fd10:62:100::2/23860 
17:33:12.085714 CONNECT flow>6060 srcPort>46787 dst>fd10:62:100::2/23860 
17:33:12.126627 ON flow>6068 srcPort>41773 dst>fd10:62:100::2/23868 
17:33:12.134820 CONNECT flow>6068 srcPort>41773 dst>fd10:62:100::2/23868 
17:33:12.150708 SHUTDOWN flow>5684 srcPort>40245 dst>fd10:62:100::2/23484 
17:33:12.192344 ON flow>6076 srcPort>38501 dst>fd10:62:100::2/23876 
17:33:12.201435 CONNECT flow>6076 srcPort>38501 dst>fd10:62:100::2/23876 
17:33:12.230380 SHUTDOWN flow>5692 srcPort>33623 dst>fd10:62:100::2/23492 
17:33:12.295466 SHUTDOWN flow>5700 srcPort>44557 dst>fd10:62:100::2/23500 
17:33:12.329110 SHUTDOWN flow>5708 srcPort>34683 dst>fd10:62:100::2/23508 
17:33:12.339342 OFF flow>5684 srcPort>40245 dst>fd10:62:100::2/23484 
17:33:12.356945 ON flow>6084 srcPort>44423 dst>fd10:62:100::2/23884 
17:33:12.364988 CONNECT flow>6084 srcPort>44423 dst>fd10:62:100::2/23884 
17:33:12.493249 SHUTDOWN flow>5716 srcPort>38741 dst>fd10:62:100::2/23516 
17:33:12.497263 OFF flow>5676 srcPort>44451 dst>fd10:62:100::2/23476 
17:33:12.524462 OFF flow>5700 srcPort>44557 dst>fd10:62:100::2/23500 
17:33:12.565252 OFF flow>5708 srcPort>34683 dst>fd10:62:100::2/23508 
17:33:12.659239 OFF flow>5692 srcPort>33623 dst>fd10:62:100::2/23492 
17:33:12.664034 ON flow>6092 srcPort>44997 dst>fd10:62:100::2/23892 
17:33:12.672541 CONNECT flow>6092 srcPort>44997 dst>fd10:62:100::2/23892 
17:33:12.736491 ON flow>6100 srcPort>43983 dst>fd10:62:100::2/23900 
17:33:12.744647 CONNECT flow>6100 srcPort>43983 dst>fd10:62:100::2/23900 
17:33:12.805538 OFF flow>5716 srcPort>38741 dst>fd10:62:100::2/23516 
17:33:12.912184 SHUTDOWN flow>5724 srcPort>46879 dst>fd10:62:100::2/23524 
17:33:12.944618 SHUTDOWN flow>5740 srcPort>39897 dst>fd10:62:100::2/23540 
17:33:12.947791 ON flow>6108 srcPort>44181 dst>fd10:62:100::2/23908 
17:33:12.956434 CONNECT flow>6108 srcPort>44181 dst>fd10:62:100::2/23908 
17:33:13.071411 SHUTDOWN flow>5748 srcPort>39835 dst>fd10:62:100::2/23548 
17:33:13.086847 ON flow>6116 srcPort>42579 dst>fd10:62:100::2/23916 
17:33:13.094771 CONNECT flow>6116 srcPort>42579 dst>fd10:62:100::2/23916 
17:33:13.116167 OFF flow>5740 srcPort>39897 dst>fd10:62:100::2/23540 
17:33:13.176398 SHUTDOWN flow>5756 srcPort>36683 dst>fd10:62:100::2/23556 
17:33:13.229709 SHUTDOWN flow>5764 srcPort>45691 dst>fd10:62:100::2/23564 
17:33:13.285085 ON flow>6124 srcPort>42567 dst>fd10:62:100::2/23924 
17:33:13.285599 SHUTDOWN flow>5772 srcPort>35543 dst>fd10:62:100::2/23572 
17:33:13.294245 CONNECT flow>6124 srcPort>42567 dst>fd10:62:100::2/23924 
17:33:13.332681 OFF flow>5724 srcPort>46879 dst>fd10:62:100::2/23524 
17:33:13.447038 SHUTDOWN flow>5780 srcPort>39483 dst>fd10:62:100::2/23580 
17:33:13.448773 OFF flow>5748 srcPort>39835 dst>fd10:62:100::2/23548 
17:33:13.470730 SHUTDOWN flow>5732 srcPort>45735 dst>fd10:62:100::2/23532 
17:33:13.580757 OFF flow>5764 srcPort>45691 dst>fd10:62:100::2/23564 
17:33:13.664638 OFF flow>5780 srcPort>39483 dst>fd10:62:100::2/23580 
17:33:13.701066 ON flow>6132 srcPort>37969 dst>fd10:62:100::2/23932 
17:33:13.709501 CONNECT flow>6132 srcPort>37969 dst>fd10:62:100::2/23932 
17:33:13.884813 OFF flow>5772 srcPort>35543 dst>fd10:62:100::2/23572 
17:33:13.953350 OFF flow>5732 srcPort>45735 dst>fd10:62:100::2/23532 
17:33:13.954764 SHUTDOWN flow>5796 srcPort>36025 dst>fd10:62:100::2/23596 
17:33:13.999081 SHUTDOWN flow>5788 srcPort>37111 dst>fd10:62:100::2/23588 
17:33:14.025765 ON flow>6140 srcPort>44223 dst>fd10:62:100::2/23940 
17:33:14.034879 CONNECT flow>6140 srcPort>44223 dst>fd10:62:100::2/23940 
17:33:14.082916 OFF flow>5756 srcPort>36683 dst>fd10:62:100::2/23556 
17:33:14.085070 SHUTDOWN flow>5804 srcPort>45329 dst>fd10:62:100::2/23604 
17:33:14.167080 SHUTDOWN flow>5812 srcPort>45041 dst>fd10:62:100::2/23612 
17:33:14.182875 OFF flow>5788 srcPort>37111 dst>fd10:62:100::2/23588 
17:33:14.225859 OFF flow>5796 srcPort>36025 dst>fd10:62:100::2/23596 
17:33:14.242887 SHUTDOWN flow>5820 srcPort>39911 dst>fd10:62:100::2/23620 
17:33:14.294427 SHUTDOWN flow>5828 srcPort>38773 dst>fd10:62:100::2/23628 
17:33:14.369898 SHUTDOWN flow>5836 srcPort>33985 dst>fd10:62:100::2/23636 
17:33:14.380623 OFF flow>5812 srcPort>45041 dst>fd10:62:100::2/23612 
17:33:14.388595 ON flow>6148 srcPort>42811 dst>fd10:62:100::2/23948 
17:33:14.399132 CONNECT flow>6148 srcPort>42811 dst>fd10:62:100::2/23948 
17:33:14.427483 SHUTDOWN flow>5844 srcPort>39201 dst>fd10:62:100::2/23644 
17:33:14.449180 SHUTDOWN flow>5852 srcPort>42383 dst>fd10:62:100::2/23652 
17:33:14.487821 SHUTDOWN flow>5860 srcPort>33843 dst>fd10:62:100::2/23660 
17:33:14.511903 OFF flow>5820 srcPort>39911 dst>fd10:62:100::2/23620 
17:33:14.552320 OFF flow>5844 srcPort>39201 dst>fd10:62:100::2/23644 
17:33:14.559559 SHUTDOWN flow>5868 srcPort>33123 dst>fd10:62:100::2/23668 
17:33:14.567510 ON flow>6156 srcPort>38787 dst>fd10:62:100::2/23956 
17:33:14.576151 CONNECT flow>6156 srcPort>38787 dst>fd10:62:100::2/23956 
17:33:14.587414 OFF flow>5804 srcPort>45329 dst>fd10:62:100::2/23604 
17:33:14.620209 SHUTDOWN flow>5876 srcPort>46679 dst>fd10:62:100::2/23676 
17:33:14.640549 OFF flow>5852 srcPort>42383 dst>fd10:62:100::2/23652 
17:33:14.666414 OFF flow>5836 srcPort>33985 dst>fd10:62:100::2/23636 
17:33:14.667727 OFF flow>5868 srcPort>33123 dst>fd10:62:100::2/23668 
17:33:14.673683 ON flow>6164 srcPort>43689 dst>fd10:62:100::2/23964 
17:33:14.682994 CONNECT flow>6164 srcPort>43689 dst>fd10:62:100::2/23964 
17:33:14.764653 ON flow>6172 srcPort>38791 dst>fd10:62:100::2/23972 
17:33:14.773982 CONNECT flow>6172 srcPort>38791 dst>fd10:62:100::2/23972 
17:33:14.814587 SHUTDOWN flow>5892 srcPort>37901 dst>fd10:62:100::2/23692 
17:33:14.838102 OFF flow>5828 srcPort>38773 dst>fd10:62:100::2/23628 
17:33:14.840386 OFF flow>5860 srcPort>33843 dst>fd10:62:100::2/23660 
17:33:14.848420 SHUTDOWN flow>5900 srcPort>40905 dst>fd10:62:100::2/23700 
17:33:14.870741 SHUTDOWN flow>5884 srcPort>37669 dst>fd10:62:100::2/23684 
17:33:14.916530 SHUTDOWN flow>5908 srcPort>33541 dst>fd10:62:100::2/23708 
17:33:14.931600 ON flow>6180 srcPort>39593 dst>fd10:62:100::2/23980 
17:33:14.941253 CONNECT flow>6180 srcPort>39593 dst>fd10:62:100::2/23980 
17:33:14.998224 ON flow>6188 srcPort>34665 dst>fd10:62:100::2/23988 
17:33:15.011396 CONNECT flow>6188 srcPort>34665 dst>fd10:62:100::2/23988 
17:33:15.026602 SHUTDOWN flow>5916 srcPort>41463 dst>fd10:62:100::2/23716 
17:33:15.036924 OFF flow>5916 srcPort>41463 dst>fd10:62:100::2/23716 
17:33:15.073676 SHUTDOWN flow>5924 srcPort>44827 dst>fd10:62:100::2/23724 
17:33:15.099410 OFF flow>5884 srcPort>37669 dst>fd10:62:100::2/23684 
17:33:15.128057 SHUTDOWN flow>5932 srcPort>39173 dst>fd10:62:100::2/23732 
17:33:15.128714 OFF flow>5892 srcPort>37901 dst>fd10:62:100::2/23692 
17:33:15.154588 OFF flow>5908 srcPort>33541 dst>fd10:62:100::2/23708 
17:33:15.221493 OFF flow>5876 srcPort>46679 dst>fd10:62:100::2/23676 
17:33:15.237084 SHUTDOWN flow>5948 srcPort>42735 dst>fd10:62:100::2/23748 
17:33:15.248968 ON flow>6196 srcPort>35763 dst>fd10:62:100::2/23996 
17:33:15.258126 CONNECT flow>6196 srcPort>35763 dst>fd10:62:100::2/23996 
17:33:15.273504 SHUTDOWN flow>5940 srcPort>45725 dst>fd10:62:100::2/23740 
17:33:15.407296 SHUTDOWN flow>5964 srcPort>41667 dst>fd10:62:100::2/23764 
17:33:15.428978 SHUTDOWN flow>5956 srcPort>42065 dst>fd10:62:100::2/23756 
17:33:15.477699 SHUTDOWN flow>5972 srcPort>35237 dst>fd10:62:100::2/23772 
17:33:15.478582 ON flow>6204 srcPort>41517 dst>fd10:62:100::2/24004 
17:33:15.487549 CONNECT flow>6204 srcPort>41517 dst>fd10:62:100::2/24004 
17:33:15.502423 OFF flow>5924 srcPort>44827 dst>fd10:62:100::2/23724 
17:33:15.522128 OFF flow>5900 srcPort>40905 dst>fd10:62:100::2/23700 
17:33:15.571976 OFF flow>5932 srcPort>39173 dst>fd10:62:100::2/23732 
17:33:15.581694 OFF flow>5956 srcPort>42065 dst>fd10:62:100::2/23756 
17:33:15.621218 OFF flow>5940 srcPort>45725 dst>fd10:62:100::2/23740 
17:33:15.668262 OFF flow>5964 srcPort>41667 dst>fd10:62:100::2/23764 
17:33:15.673826 OFF flow>5972 srcPort>35237 dst>fd10:62:100::2/23772 
17:33:15.721406 SHUTDOWN flow>5980 srcPort>46005 dst>fd10:62:100::2/23780 
17:33:15.813097 SHUTDOWN flow>5988 srcPort>40695 dst>fd10:62:100::2/23788 
17:33:15.874888 OFF flow>5988 srcPort>40695 dst>fd10:62:100::2/23788 
17:33:15.878674 OFF flow>5980 srcPort>46005 dst>fd10:62:100::2/23780 
17:33:15.892506 SHUTDOWN flow>5996 srcPort>33871 dst>fd10:62:100::2/23796 
17:33:15.979413 OFF flow>5948 srcPort>42735 dst>fd10:62:100::2/23748 
17:33:16.012868 OFF flow>5996 srcPort>33871 dst>fd10:62:100::2/23796 
17:33:16.081059 SHUTDOWN flow>6004 srcPort>39767 dst>fd10:62:100::2/23804 
17:33:16.106895 OFF flow>6004 srcPort>39767 dst>fd10:62:100::2/23804 
17:33:16.115339 ON flow>6212 srcPort>39617 dst>fd10:62:100::2/24012 
17:33:16.123594 CONNECT flow>6212 srcPort>39617 dst>fd10:62:100::2/24012 
17:33:16.274199 SHUTDOWN flow>6012 srcPort>40089 dst>fd10:62:100::2/23812 
17:33:16.328116 ON flow>6220 srcPort>46669 dst>fd10:62:100::2/24020 
17:33:16.337310 CONNECT flow>6220 srcPort>46669 dst>fd10:62:100::2/24020 
17:33:16.365703 SHUTDOWN flow>6020 srcPort>39743 dst>fd10:62:100::2/23820 
17:33:16.375986 OFF flow>6012 srcPort>40089 dst>fd10:62:100::2/23812 
17:33:16.392322 OFF flow>6020 srcPort>39743 dst>fd10:62:100::2/23820 
17:33:16.459708 ON flow>6228 srcPort>32877 dst>fd10:62:100::2/24028 
17:33:16.468269 CONNECT flow>6228 srcPort>32877 dst>fd10:62:100::2/24028 
17:33:16.530760 SHUTDOWN flow>6028 srcPort>37463 dst>fd10:62:100::2/23828 
17:33:16.559456 OFF flow>6028 srcPort>37463 dst>fd10:62:100::2/23828 
17:33:16.561707 ON flow>6236 srcPort>45089 dst>fd10:62:100::2/24036 
17:33:16.568467 CONNECT flow>6236 srcPort>45089 dst>fd10:62:100::2/24036 
17:33:16.581559 SHUTDOWN flow>6036 srcPort>40907 dst>fd10:62:100::2/23836 
17:33:16.600614 OFF flow>6036 srcPort>40907 dst>fd10:62:100::2/23836 
17:33:16.698443 ON flow>6244 srcPort>42077 dst>fd10:62:100::2/24044 
17:33:16.703548 CONNECT flow>6244 srcPort>42077 dst>fd10:62:100::2/24044 
17:33:16.723879 SHUTDOWN flow>6044 srcPort>35141 dst>fd10:62:100::2/23844 
17:33:16.727185 OFF flow>6044 srcPort>35141 dst>fd10:62:100::2/23844 
17:33:16.790675 SHUTDOWN flow>6052 srcPort>43977 dst>fd10:62:100::2/23852 
17:33:16.791029 OFF flow>6052 srcPort>43977 dst>fd10:62:100::2/23852 
17:33:16.866295 ON flow>6252 srcPort>37747 dst>fd10:62:100::2/24052 
17:33:16.866743 CONNECT flow>6252 srcPort>37747 dst>fd10:62:100::2/24052 
17:33:16.877268 SHUTDOWN flow>6060 srcPort>46787 dst>fd10:62:100::2/23860 
17:33:16.877605 OFF flow>6060 srcPort>46787 dst>fd10:62:100::2/23860 
17:33:16.926167 SHUTDOWN flow>6068 srcPort>41773 dst>fd10:62:100::2/23868 
17:33:16.926613 OFF flow>6068 srcPort>41773 dst>fd10:62:100::2/23868 
17:33:16.992266 SHUTDOWN flow>6076 srcPort>38501 dst>fd10:62:100::2/23876 
17:33:16.992910 OFF flow>6076 srcPort>38501 dst>fd10:62:100::2/23876 
17:33:17.028636 ON flow>6260 srcPort>37763 dst>fd10:62:100::2/24060 
17:33:17.028925 CONNECT flow>6260 srcPort>37763 dst>fd10:62:100::2/24060 
17:33:17.133777 ON flow>6268 srcPort>42181 dst>fd10:62:100::2/24068 
17:33:17.134100 CONNECT flow>6268 srcPort>42181 dst>fd10:62:100::2/24068 
17:33:17.156768 SHUTDOWN flow>6084 srcPort>44423 dst>fd10:62:100::2/23884 
17:33:17.157173 OFF flow>6084 srcPort>44423 dst>fd10:62:100::2/23884 
17:33:17.276213 ON flow>6276 srcPort>41395 dst>fd10:62:100::2/24076 
17:33:17.277006 CONNECT flow>6276 srcPort>41395 dst>fd10:62:100::2/24076 
17:33:17.463771 SHUTDOWN flow>6092 srcPort>44997 dst>fd10:62:100::2/23892 
17:33:17.464504 OFF flow>6092 srcPort>44997 dst>fd10:62:100::2/23892 
17:33:17.530066 ON flow>6284 srcPort>33713 dst>fd10:62:100::2/24084 
17:33:17.530515 CONNECT flow>6284 srcPort>33713 dst>fd10:62:100::2/24084 
17:33:17.536269 SHUTDOWN flow>6100 srcPort>43983 dst>fd10:62:100::2/23900 
17:33:17.536747 OFF flow>6100 srcPort>43983 dst>fd10:62:100::2/23900 
17:33:17.663977 ON flow>6292 srcPort>38847 dst>fd10:62:100::2/24092 
17:33:17.664420 CONNECT flow>6292 srcPort>38847 dst>fd10:62:100::2/24092 
17:33:17.747466 SHUTDOWN flow>6108 srcPort>44181 dst>fd10:62:100::2/23908 
17:33:17.747942 OFF flow>6108 srcPort>44181 dst>fd10:62:100::2/23908 
17:33:17.839922 ON flow>6300 srcPort>37377 dst>fd10:62:100::2/24100 
17:33:17.840423 CONNECT flow>6300 srcPort>37377 dst>fd10:62:100::2/24100 
17:33:17.886570 SHUTDOWN flow>6116 srcPort>42579 dst>fd10:62:100::2/23916 
17:33:17.887146 OFF flow>6116 srcPort>42579 dst>fd10:62:100::2/23916 
17:33:17.971063 ON flow>6308 srcPort>35367 dst>fd10:62:100::2/24108 
17:33:17.971597 CONNECT flow>6308 srcPort>35367 dst>fd10:62:100::2/24108 
17:33:18.084868 SHUTDOWN flow>6124 srcPort>42567 dst>fd10:62:100::2/23924 
17:33:18.085365 OFF flow>6124 srcPort>42567 dst>fd10:62:100::2/23924 
17:33:18.125488 ON flow>6316 srcPort>44831 dst>fd10:62:100::2/24116 
17:33:18.126036 CONNECT flow>6316 srcPort>44831 dst>fd10:62:100::2/24116 
17:33:18.365107 ON flow>6324 srcPort>35517 dst>fd10:62:100::2/24124 
17:33:18.365445 CONNECT flow>6324 srcPort>35517 dst>fd10:62:100::2/24124 
17:33:18.500869 SHUTDOWN flow>6132 srcPort>37969 dst>fd10:62:100::2/23932 
17:33:18.501631 OFF flow>6132 srcPort>37969 dst>fd10:62:100::2/23932 
17:33:18.547769 ON flow>6332 srcPort>44949 dst>fd10:62:100::2/24132 
17:33:18.548346 CONNECT flow>6332 srcPort>44949 dst>fd10:62:100::2/24132 
17:33:18.642406 ON flow>6340 srcPort>45677 dst>fd10:62:100::2/24140 
17:33:18.642662 CONNECT flow>6340 srcPort>45677 dst>fd10:62:100::2/24140 
17:33:18.825473 SHUTDOWN flow>6140 srcPort>44223 dst>fd10:62:100::2/23940 
17:33:18.825783 OFF flow>6140 srcPort>44223 dst>fd10:62:100::2/23940 
17:33:18.905410 ON flow>6348 srcPort>35429 dst>fd10:62:100::2/24148 
17:33:18.906103 CONNECT flow>6348 srcPort>35429 dst>fd10:62:100::2/24148 
17:33:19.102508 ON flow>6356 srcPort>34479 dst>fd10:62:100::2/24156 
17:33:19.102957 CONNECT flow>6356 srcPort>34479 dst>fd10:62:100::2/24156 
17:33:19.188406 SHUTDOWN flow>6148 srcPort>42811 dst>fd10:62:100::2/23948 
17:33:19.189247 OFF flow>6148 srcPort>42811 dst>fd10:62:100::2/23948 
17:33:19.367412 SHUTDOWN flow>6156 srcPort>38787 dst>fd10:62:100::2/23956 
17:33:19.367943 OFF flow>6156 srcPort>38787 dst>fd10:62:100::2/23956 
17:33:19.429835 ON flow>6364 srcPort>34385 dst>fd10:62:100::2/24164 
17:33:19.430578 CONNECT flow>6364 srcPort>34385 dst>fd10:62:100::2/24164 
17:33:19.473492 SHUTDOWN flow>6164 srcPort>43689 dst>fd10:62:100::2/23964 
17:33:19.474054 OFF flow>6164 srcPort>43689 dst>fd10:62:100::2/23964 
17:33:19.541348 ON flow>6372 srcPort>44011 dst>fd10:62:100::2/24172 
17:33:19.541754 CONNECT flow>6372 srcPort>44011 dst>fd10:62:100::2/24172 
17:33:19.564385 SHUTDOWN flow>6172 srcPort>38791 dst>fd10:62:100::2/23972 
17:33:19.565182 OFF flow>6172 srcPort>38791 dst>fd10:62:100::2/23972 
17:33:19.597852 ON flow>6380 srcPort>39465 dst>fd10:62:100::2/24180 
17:33:19.598131 CONNECT flow>6380 srcPort>39465 dst>fd10:62:100::2/24180 
17:33:19.648426 ON flow>6388 srcPort>35363 dst>fd10:62:100::2/24188 
17:33:19.648871 CONNECT flow>6388 srcPort>35363 dst>fd10:62:100::2/24188 
17:33:19.731282 SHUTDOWN flow>6180 srcPort>39593 dst>fd10:62:100::2/23980 
17:33:19.731703 OFF flow>6180 srcPort>39593 dst>fd10:62:100::2/23980 
17:33:19.761597 ON flow>6396 srcPort>38871 dst>fd10:62:100::2/24196 
17:33:19.762403 CONNECT flow>6396 srcPort>38871 dst>fd10:62:100::2/24196 
17:33:19.797975 SHUTDOWN flow>6188 srcPort>34665 dst>fd10:62:100::2/23988 
17:33:19.799194 OFF flow>6188 srcPort>34665 dst>fd10:62:100::2/23988 
17:33:19.839046 ON flow>6404 srcPort>45531 dst>fd10:62:100::2/24204 
17:33:19.839604 CONNECT flow>6404 srcPort>45531 dst>fd10:62:100::2/24204 
17:33:19.952468 ON flow>6412 srcPort>40631 dst>fd10:62:100::2/24212 
17:33:19.953011 CONNECT flow>6412 srcPort>40631 dst>fd10:62:100::2/24212 
17:33:20.048802 SHUTDOWN flow>6196 srcPort>35763 dst>fd10:62:100::2/23996 
17:33:20.049618 OFF flow>6196 srcPort>35763 dst>fd10:62:100::2/23996 
17:33:20.278387 SHUTDOWN flow>6204 srcPort>41517 dst>fd10:62:100::2/24004 
17:33:20.279136 OFF flow>6204 srcPort>41517 dst>fd10:62:100::2/24004 
17:33:20.586899 ON flow>6420 srcPort>33063 dst>fd10:62:100::2/24220 
17:33:20.587868 CONNECT flow>6420 srcPort>33063 dst>fd10:62:100::2/24220 
17:33:20.915174 SHUTDOWN flow>6212 srcPort>39617 dst>fd10:62:100::2/24012 
17:33:20.916767 OFF flow>6212 srcPort>39617 dst>fd10:62:100::2/24012 
17:33:20.934285 ON flow>6428 srcPort>46771 dst>fd10:62:100::2/24228 
17:33:20.935103 CONNECT flow>6428 srcPort>46771 dst>fd10:62:100::2/24228 
17:33:21.105814 ON flow>6436 srcPort>45417 dst>fd10:62:100::2/24236 
17:33:21.106663 CONNECT flow>6436 srcPort>45417 dst>fd10:62:100::2/24236 
17:33:21.127978 SHUTDOWN flow>6220 srcPort>46669 dst>fd10:62:100::2/24020 
17:33:21.128821 OFF flow>6220 srcPort>46669 dst>fd10:62:100::2/24020 
17:33:21.202665 ON flow>6444 srcPort>40121 dst>fd10:62:100::2/24244 
17:33:21.203188 CONNECT flow>6444 srcPort>40121 dst>fd10:62:100::2/24244 
17:33:21.259484 SHUTDOWN flow>6228 srcPort>32877 dst>fd10:62:100::2/24028 
17:33:21.260138 OFF flow>6228 srcPort>32877 dst>fd10:62:100::2/24028 
17:33:21.361577 SHUTDOWN flow>6236 srcPort>45089 dst>fd10:62:100::2/24036 
17:33:21.362065 OFF flow>6236 srcPort>45089 dst>fd10:62:100::2/24036 
17:33:21.383148 ON flow>6452 srcPort>41935 dst>fd10:62:100::2/24252 
17:33:21.383484 CONNECT flow>6452 srcPort>41935 dst>fd10:62:100::2/24252 
17:33:21.498273 SHUTDOWN flow>6244 srcPort>42077 dst>fd10:62:100::2/24044 
17:33:21.498981 OFF flow>6244 srcPort>42077 dst>fd10:62:100::2/24044 
17:33:21.538788 ON flow>6460 srcPort>38629 dst>fd10:62:100::2/24260 
17:33:21.539271 CONNECT flow>6460 srcPort>38629 dst>fd10:62:100::2/24260 
17:33:21.623578 ON flow>6468 srcPort>38141 dst>fd10:62:100::2/24268 
17:33:21.624020 CONNECT flow>6468 srcPort>38141 dst>fd10:62:100::2/24268 
17:33:21.666176 SHUTDOWN flow>6252 srcPort>37747 dst>fd10:62:100::2/24052 
17:33:21.667500 OFF flow>6252 srcPort>37747 dst>fd10:62:100::2/24052 
17:33:21.747432 ON flow>6476 srcPort>46167 dst>fd10:62:100::2/24276 
17:33:21.749301 CONNECT flow>6476 srcPort>46167 dst>fd10:62:100::2/24276 
17:33:21.828578 SHUTDOWN flow>6260 srcPort>37763 dst>fd10:62:100::2/24060 
17:33:21.829207 OFF flow>6260 srcPort>37763 dst>fd10:62:100::2/24060 
17:33:21.845910 ON flow>6484 srcPort>38245 dst>fd10:62:100::2/24284 
17:33:21.846369 CONNECT flow>6484 srcPort>38245 dst>fd10:62:100::2/24284 
17:33:21.933719 SHUTDOWN flow>6268 srcPort>42181 dst>fd10:62:100::2/24068 
17:33:21.935126 OFF flow>6268 srcPort>42181 dst>fd10:62:100::2/24068 
17:33:22.043108 ON flow>6492 srcPort>41705 dst>fd10:62:100::2/24292 
17:33:22.043806 CONNECT flow>6492 srcPort>41705 dst>fd10:62:100::2/24292 
17:33:22.076083 SHUTDOWN flow>6276 srcPort>41395 dst>fd10:62:100::2/24076 
17:33:22.076765 OFF flow>6276 srcPort>41395 dst>fd10:62:100::2/24076 
17:33:22.134799 ON flow>6500 srcPort>39023 dst>fd10:62:100::2/24300 
17:33:22.135191 CONNECT flow>6500 srcPort>39023 dst>fd10:62:100::2/24300 
17:33:22.251276 ON flow>6508 srcPort>42979 dst>fd10:62:100::2/24308 
17:33:22.251699 CONNECT flow>6508 srcPort>42979 dst>fd10:62:100::2/24308 
17:33:22.329994 SHUTDOWN flow>6284 srcPort>33713 dst>fd10:62:100::2/24084 
17:33:22.330719 OFF flow>6284 srcPort>33713 dst>fd10:62:100::2/24084 
17:33:22.340872 ON flow>6516 srcPort>37021 dst>fd10:62:100::2/24316 
17:33:22.342167 CONNECT flow>6516 srcPort>37021 dst>fd10:62:100::2/24316 
17:33:22.413452 ON flow>6524 srcPort>36839 dst>fd10:62:100::2/24324 
17:33:22.413991 CONNECT flow>6524 srcPort>36839 dst>fd10:62:100::2/24324 
17:33:22.463880 SHUTDOWN flow>6292 srcPort>38847 dst>fd10:62:100::2/24092 
17:33:22.464557 OFF flow>6292 srcPort>38847 dst>fd10:62:100::2/24092 
17:33:22.520144 ON flow>6532 srcPort>46325 dst>fd10:62:100::2/24332 
17:33:22.520854 CONNECT flow>6532 srcPort>46325 dst>fd10:62:100::2/24332 
17:33:22.611819 ON flow>6540 srcPort>46069 dst>fd10:62:100::2/24340 
17:33:22.612425 CONNECT flow>6540 srcPort>46069 dst>fd10:62:100::2/24340 
17:33:22.639782 SHUTDOWN flow>6300 srcPort>37377 dst>fd10:62:100::2/24100 
17:33:22.641781 OFF flow>6300 srcPort>37377 dst>fd10:62:100::2/24100 
17:33:22.676480 ON flow>6548 srcPort>33379 dst>fd10:62:100::2/24348 
17:33:22.677165 CONNECT flow>6548 srcPort>33379 dst>fd10:62:100::2/24348 
17:33:22.770985 SHUTDOWN flow>6308 srcPort>35367 dst>fd10:62:100::2/24108 
17:33:22.772179 OFF flow>6308 srcPort>35367 dst>fd10:62:100::2/24108 
17:33:22.788984 ON flow>6556 srcPort>43079 dst>fd10:62:100::2/24356 
17:33:22.789806 CONNECT flow>6556 srcPort>43079 dst>fd10:62:100::2/24356 
17:33:22.925287 SHUTDOWN flow>6316 srcPort>44831 dst>fd10:62:100::2/24116 
17:33:22.926101 OFF flow>6316 srcPort>44831 dst>fd10:62:100::2/24116 
17:33:22.977415 ON flow>6564 srcPort>45875 dst>fd10:62:100::2/24364 
17:33:22.978589 CONNECT flow>6564 srcPort>45875 dst>fd10:62:100::2/24364 
17:33:23.165028 SHUTDOWN flow>6324 srcPort>35517 dst>fd10:62:100::2/24124 
17:33:23.165435 OFF flow>6324 srcPort>35517 dst>fd10:62:100::2/24124 
17:33:23.168679 ON flow>6572 srcPort>46827 dst>fd10:62:100::2/24372 
17:33:23.169514 CONNECT flow>6572 srcPort>46827 dst>fd10:62:100::2/24372 
17:33:23.238382 ON flow>6580 srcPort>46215 dst>fd10:62:100::2/24380 
17:33:23.239515 CONNECT flow>6580 srcPort>46215 dst>fd10:62:100::2/24380 
17:33:23.347734 SHUTDOWN flow>6332 srcPort>44949 dst>fd10:62:100::2/24132 
17:33:23.348573 OFF flow>6332 srcPort>44949 dst>fd10:62:100::2/24132 
17:33:23.349334 ON flow>6588 srcPort>38183 dst>fd10:62:100::2/24388 
17:33:23.349941 CONNECT flow>6588 srcPort>38183 dst>fd10:62:100::2/24388 
17:33:23.406099 ON flow>6596 srcPort>44403 dst>fd10:62:100::2/24396 
17:33:23.406466 CONNECT flow>6596 srcPort>44403 dst>fd10:62:100::2/24396 
17:33:23.442295 SHUTDOWN flow>6340 srcPort>45677 dst>fd10:62:100::2/24140 
17:33:23.442615 OFF flow>6340 srcPort>45677 dst>fd10:62:100::2/24140 
17:33:23.566167 ON flow>6604 srcPort>40969 dst>fd10:62:100::2/24404 
17:33:23.566620 CONNECT flow>6604 srcPort>40969 dst>fd10:62:100::2/24404 
17:33:23.618517 ON flow>6612 srcPort>37523 dst>fd10:62:100::2/24412 
17:33:23.619374 CONNECT flow>6612 srcPort>37523 dst>fd10:62:100::2/24412 
17:33:23.705284 SHUTDOWN flow>6348 srcPort>35429 dst>fd10:62:100::2/24148 
17:33:23.705591 OFF flow>6348 srcPort>35429 dst>fd10:62:100::2/24148 
17:33:23.807921 ON flow>6620 srcPort>46717 dst>fd10:62:100::2/24420 
17:33:23.808651 CONNECT flow>6620 srcPort>46717 dst>fd10:62:100::2/24420 
17:33:23.902387 SHUTDOWN flow>6356 srcPort>34479 dst>fd10:62:100::2/24156 
17:33:23.903237 OFF flow>6356 srcPort>34479 dst>fd10:62:100::2/24156 
17:33:23.915303 ON flow>6628 srcPort>41715 dst>fd10:62:100::2/24428 
17:33:23.915688 CONNECT flow>6628 srcPort>41715 dst>fd10:62:100::2/24428 
17:33:24.221932 ON flow>6636 srcPort>41763 dst>fd10:62:100::2/24436 
17:33:24.222917 CONNECT flow>6636 srcPort>41763 dst>fd10:62:100::2/24436 
17:33:24.229680 SHUTDOWN flow>6364 srcPort>34385 dst>fd10:62:100::2/24164 
17:33:24.231291 OFF flow>6364 srcPort>34385 dst>fd10:62:100::2/24164 
17:33:24.341279 SHUTDOWN flow>6372 srcPort>44011 dst>fd10:62:100::2/24172 
17:33:24.342476 OFF flow>6372 srcPort>44011 dst>fd10:62:100::2/24172 
17:33:24.397785 SHUTDOWN flow>6380 srcPort>39465 dst>fd10:62:100::2/24180 
17:33:24.399377 OFF flow>6380 srcPort>39465 dst>fd10:62:100::2/24180 
17:33:24.399594 ON flow>6644 srcPort>43657 dst>fd10:62:100::2/24444 
17:33:24.401152 CONNECT flow>6644 srcPort>43657 dst>fd10:62:100::2/24444 
17:33:24.448186 SHUTDOWN flow>6388 srcPort>35363 dst>fd10:62:100::2/24188 
17:33:24.449238 OFF flow>6388 srcPort>35363 dst>fd10:62:100::2/24188 
17:33:24.547574 ON flow>6652 srcPort>42701 dst>fd10:62:100::2/24452 
17:33:24.547812 CONNECT flow>6652 srcPort>42701 dst>fd10:62:100::2/24452 
17:33:24.561490 SHUTDOWN flow>6396 srcPort>38871 dst>fd10:62:100::2/24196 
17:33:24.563165 OFF flow>6396 srcPort>38871 dst>fd10:62:100::2/24196 
17:33:24.630395 ON flow>6660 srcPort>40657 dst>fd10:62:100::2/24460 
17:33:24.631143 CONNECT flow>6660 srcPort>40657 dst>fd10:62:100::2/24460 
17:33:24.638877 SHUTDOWN flow>6404 srcPort>45531 dst>fd10:62:100::2/24204 
17:33:24.639398 OFF flow>6404 srcPort>45531 dst>fd10:62:100::2/24204 
17:33:24.750188 ON flow>6668 srcPort>46435 dst>fd10:62:100::2/24468 
17:33:24.750468 CONNECT flow>6668 srcPort>46435 dst>fd10:62:100::2/24468 
17:33:24.752380 SHUTDOWN flow>6412 srcPort>40631 dst>fd10:62:100::2/24212 
17:33:24.753133 OFF flow>6412 srcPort>40631 dst>fd10:62:100::2/24212 
17:33:25.051093 ON flow>6676 srcPort>42395 dst>fd10:62:100::2/24476 
17:33:25.051743 CONNECT flow>6676 srcPort>42395 dst>fd10:62:100::2/24476 
17:33:25.386875 SHUTDOWN flow>6420 srcPort>33063 dst>fd10:62:100::2/24220 
17:33:25.387826 OFF flow>6420 srcPort>33063 dst>fd10:62:100::2/24220 
17:33:25.392958 ON flow>6684 srcPort>45541 dst>fd10:62:100::2/24484 
17:33:25.393485 CONNECT flow>6684 srcPort>45541 dst>fd10:62:100::2/24484 
17:33:25.520139 ON flow>6692 srcPort>33473 dst>fd10:62:100::2/24492 
17:33:25.521727 CONNECT flow>6692 srcPort>33473 dst>fd10:62:100::2/24492 
17:33:25.588100 ON flow>6700 srcPort>43383 dst>fd10:62:100::2/24500 
17:33:25.589015 CONNECT flow>6700 srcPort>43383 dst>fd10:62:100::2/24500 
17:33:25.734245 SHUTDOWN flow>6428 srcPort>46771 dst>fd10:62:100::2/24228 
17:33:25.738195 OFF flow>6428 srcPort>46771 dst>fd10:62:100::2/24228 
17:33:25.783387 ON flow>6708 srcPort>42651 dst>fd10:62:100::2/24508 
17:33:25.785241 CONNECT flow>6708 srcPort>42651 dst>fd10:62:100::2/24508 
17:33:25.905740 SHUTDOWN flow>6436 srcPort>45417 dst>fd10:62:100::2/24236 
17:33:25.906461 OFF flow>6436 srcPort>45417 dst>fd10:62:100::2/24236 
17:33:25.991119 ON flow>6716 srcPort>38901 dst>fd10:62:100::2/24516 
17:33:25.992994 CONNECT flow>6716 srcPort>38901 dst>fd10:62:100::2/24516 
17:33:26.002583 SHUTDOWN flow>6444 srcPort>40121 dst>fd10:62:100::2/24244 
17:33:26.003464 OFF flow>6444 srcPort>40121 dst>fd10:62:100::2/24244 
17:33:26.183002 SHUTDOWN flow>6452 srcPort>41935 dst>fd10:62:100::2/24252 
17:33:26.183511 OFF flow>6452 srcPort>41935 dst>fd10:62:100::2/24252 
17:33:26.338706 SHUTDOWN flow>6460 srcPort>38629 dst>fd10:62:100::2/24260 
17:33:26.340035 OFF flow>6460 srcPort>38629 dst>fd10:62:100::2/24260 
17:33:26.423514 SHUTDOWN flow>6468 srcPort>38141 dst>fd10:62:100::2/24268 
17:33:26.424672 OFF flow>6468 srcPort>38141 dst>fd10:62:100::2/24268 
17:33:26.465661 ON flow>6724 srcPort>35157 dst>fd10:62:100::2/24524 
17:33:26.466167 CONNECT flow>6724 srcPort>35157 dst>fd10:62:100::2/24524 
17:33:26.547285 SHUTDOWN flow>6476 srcPort>46167 dst>fd10:62:100::2/24276 
17:33:26.547865 OFF flow>6476 srcPort>46167 dst>fd10:62:100::2/24276 
17:33:26.645792 SHUTDOWN flow>6484 srcPort>38245 dst>fd10:62:100::2/24284 
17:33:26.646181 OFF flow>6484 srcPort>38245 dst>fd10:62:100::2/24284 
17:33:26.676884 ON flow>6732 srcPort>32851 dst>fd10:62:100::2/24532 
17:33:26.677670 CONNECT flow>6732 srcPort>32851 dst>fd10:62:100::2/24532 
17:33:26.739030 ON flow>6740 srcPort>45181 dst>fd10:62:100::2/24540 
17:33:26.739776 CONNECT flow>6740 srcPort>45181 dst>fd10:62:100::2/24540 
17:33:26.842990 SHUTDOWN flow>6492 srcPort>41705 dst>fd10:62:100::2/24292 
17:33:26.843527 OFF flow>6492 srcPort>41705 dst>fd10:62:100::2/24292 
17:33:26.843824 ON flow>6748 srcPort>36363 dst>fd10:62:100::2/24548 
17:33:26.844195 CONNECT flow>6748 srcPort>36363 dst>fd10:62:100::2/24548 
17:33:26.934688 SHUTDOWN flow>6500 srcPort>39023 dst>fd10:62:100::2/24300 
17:33:26.935062 OFF flow>6500 srcPort>39023 dst>fd10:62:100::2/24300 
17:33:26.945864 ON flow>6756 srcPort>37839 dst>fd10:62:100::2/24556 
17:33:26.946319 CONNECT flow>6756 srcPort>37839 dst>fd10:62:100::2/24556 
17:33:27.030817 ON flow>6764 srcPort>40787 dst>fd10:62:100::2/24564 
17:33:27.031653 CONNECT flow>6764 srcPort>40787 dst>fd10:62:100::2/24564 
17:33:27.051237 SHUTDOWN flow>6508 srcPort>42979 dst>fd10:62:100::2/24308 
17:33:27.051717 OFF flow>6508 srcPort>42979 dst>fd10:62:100::2/24308 
17:33:27.107786 ON flow>6772 srcPort>39205 dst>fd10:62:100::2/24572 
17:33:27.108569 CONNECT flow>6772 srcPort>39205 dst>fd10:62:100::2/24572 
17:33:27.140805 SHUTDOWN flow>6516 srcPort>37021 dst>fd10:62:100::2/24316 
17:33:27.143804 OFF flow>6516 srcPort>37021 dst>fd10:62:100::2/24316 
17:33:27.207265 ON flow>6780 srcPort>40389 dst>fd10:62:100::2/24580 
17:33:27.208139 CONNECT flow>6780 srcPort>40389 dst>fd10:62:100::2/24580 
17:33:27.212993 SHUTDOWN flow>6524 srcPort>36839 dst>fd10:62:100::2/24324 
17:33:27.213642 OFF flow>6524 srcPort>36839 dst>fd10:62:100::2/24324 
17:33:27.293952 ON flow>6788 srcPort>38625 dst>fd10:62:100::2/24588 
17:33:27.294645 CONNECT flow>6788 srcPort>38625 dst>fd10:62:100::2/24588 
17:33:27.320065 SHUTDOWN flow>6532 srcPort>46325 dst>fd10:62:100::2/24332 
17:33:27.320668 OFF flow>6532 srcPort>46325 dst>fd10:62:100::2/24332 
17:33:27.402017 ON flow>6796 srcPort>37921 dst>fd10:62:100::2/24596 
17:33:27.402441 CONNECT flow>6796 srcPort>37921 dst>fd10:62:100::2/24596 
17:33:27.411682 SHUTDOWN flow>6540 srcPort>46069 dst>fd10:62:100::2/24340 
17:33:27.412472 OFF flow>6540 srcPort>46069 dst>fd10:62:100::2/24340 
17:33:27.476217 SHUTDOWN flow>6548 srcPort>33379 dst>fd10:62:100::2/24348 
17:33:27.477306 OFF flow>6548 srcPort>33379 dst>fd10:62:100::2/24348 
17:33:27.529973 ON flow>6804 srcPort>38187 dst>fd10:62:100::2/24604 
17:33:27.530835 CONNECT flow>6804 srcPort>38187 dst>fd10:62:100::2/24604 
17:33:27.588790 SHUTDOWN flow>6556 srcPort>43079 dst>fd10:62:100::2/24356 
17:33:27.589668 OFF flow>6556 srcPort>43079 dst>fd10:62:100::2/24356 
17:33:27.598577 ON flow>6812 srcPort>43349 dst>fd10:62:100::2/24612 
17:33:27.599514 CONNECT flow>6812 srcPort>43349 dst>fd10:62:100::2/24612 
17:33:27.710946 ON flow>6820 srcPort>46409 dst>fd10:62:100::2/24620 
17:33:27.711574 CONNECT flow>6820 srcPort>46409 dst>fd10:62:100::2/24620 
17:33:27.777201 SHUTDOWN flow>6564 srcPort>45875 dst>fd10:62:100::2/24364 
17:33:27.778270 OFF flow>6564 srcPort>45875 dst>fd10:62:100::2/24364 
17:33:27.818127 ON flow>6828 srcPort>39817 dst>fd10:62:100::2/24628 
17:33:27.818867 CONNECT flow>6828 srcPort>39817 dst>fd10:62:100::2/24628 
17:33:27.894915 ON flow>6836 srcPort>34069 dst>fd10:62:100::2/24636 
17:33:27.895429 CONNECT flow>6836 srcPort>34069 dst>fd10:62:100::2/24636 
17:33:27.968603 SHUTDOWN flow>6572 srcPort>46827 dst>fd10:62:100::2/24372 
17:33:27.969507 OFF flow>6572 srcPort>46827 dst>fd10:62:100::2/24372 
17:33:28.004495 ON flow>6844 srcPort>41067 dst>fd10:62:100::2/24644 
17:33:28.005502 CONNECT flow>6844 srcPort>41067 dst>fd10:62:100::2/24644 
17:33:28.038282 SHUTDOWN flow>6580 srcPort>46215 dst>fd10:62:100::2/24380 
17:33:28.038659 OFF flow>6580 srcPort>46215 dst>fd10:62:100::2/24380 
17:33:28.133048 ON flow>6852 srcPort>33719 dst>fd10:62:100::2/24652 
17:33:28.133778 CONNECT flow>6852 srcPort>33719 dst>fd10:62:100::2/24652 
17:33:28.149190 SHUTDOWN flow>6588 srcPort>38183 dst>fd10:62:100::2/24388 
17:33:28.149985 OFF flow>6588 srcPort>38183 dst>fd10:62:100::2/24388 
17:33:28.206034 SHUTDOWN flow>6596 srcPort>44403 dst>fd10:62:100::2/24396 
17:33:28.206725 OFF flow>6596 srcPort>44403 dst>fd10:62:100::2/24396 
17:33:28.365986 SHUTDOWN flow>6604 srcPort>40969 dst>fd10:62:100::2/24404 
17:33:28.366419 OFF flow>6604 srcPort>40969 dst>fd10:62:100::2/24404 
17:33:28.373661 ON flow>6860 srcPort>46455 dst>fd10:62:100::2/24660 
17:33:28.374012 CONNECT flow>6860 srcPort>46455 dst>fd10:62:100::2/24660 
17:33:28.418397 SHUTDOWN flow>6612 srcPort>37523 dst>fd10:62:100::2/24412 
17:33:28.419194 OFF flow>6612 srcPort>37523 dst>fd10:62:100::2/24412 
17:33:28.548981 ON flow>6868 srcPort>38971 dst>fd10:62:100::2/24668 
17:33:28.549598 CONNECT flow>6868 srcPort>38971 dst>fd10:62:100::2/24668 
17:33:28.607778 SHUTDOWN flow>6620 srcPort>46717 dst>fd10:62:100::2/24420 
17:33:28.608693 OFF flow>6620 srcPort>46717 dst>fd10:62:100::2/24420 
17:33:28.715172 SHUTDOWN flow>6628 srcPort>41715 dst>fd10:62:100::2/24428 
17:33:28.716189 OFF flow>6628 srcPort>41715 dst>fd10:62:100::2/24428 
17:33:28.866694 ON flow>6876 srcPort>38077 dst>fd10:62:100::2/24676 
17:33:28.867258 CONNECT flow>6876 srcPort>38077 dst>fd10:62:100::2/24676 
17:33:28.976364 ON flow>6884 srcPort>32885 dst>fd10:62:100::2/24684 
17:33:28.976836 CONNECT flow>6884 srcPort>32885 dst>fd10:62:100::2/24684 
17:33:29.021786 SHUTDOWN flow>6636 srcPort>41763 dst>fd10:62:100::2/24436 
17:33:29.022585 OFF flow>6636 srcPort>41763 dst>fd10:62:100::2/24436 
17:33:29.028506 ON flow>6892 srcPort>45131 dst>fd10:62:100::2/24692 
17:33:29.028940 CONNECT flow>6892 srcPort>45131 dst>fd10:62:100::2/24692 
17:33:29.112513 ON flow>6900 srcPort>34293 dst>fd10:62:100::2/24700 
17:33:29.114792 CONNECT flow>6900 srcPort>34293 dst>fd10:62:100::2/24700 
17:33:29.199386 SHUTDOWN flow>6644 srcPort>43657 dst>fd10:62:100::2/24444 
17:33:29.199897 OFF flow>6644 srcPort>43657 dst>fd10:62:100::2/24444 
17:33:29.273679 ON flow>6908 srcPort>40711 dst>fd10:62:100::2/24708 
17:33:29.274127 CONNECT flow>6908 srcPort>40711 dst>fd10:62:100::2/24708 
17:33:29.347486 SHUTDOWN flow>6652 srcPort>42701 dst>fd10:62:100::2/24452 
17:33:29.348787 OFF flow>6652 srcPort>42701 dst>fd10:62:100::2/24452 
17:33:29.430282 SHUTDOWN flow>6660 srcPort>40657 dst>fd10:62:100::2/24460 
17:33:29.430949 OFF flow>6660 srcPort>40657 dst>fd10:62:100::2/24460 
17:33:29.446145 ON flow>6916 srcPort>35875 dst>fd10:62:100::2/24716 
17:33:29.446699 CONNECT flow>6916 srcPort>35875 dst>fd10:62:100::2/24716 
17:33:29.550021 SHUTDOWN flow>6668 srcPort>46435 dst>fd10:62:100::2/24468 
17:33:29.550418 OFF flow>6668 srcPort>46435 dst>fd10:62:100::2/24468 
17:33:29.738460 ON flow>6924 srcPort>38881 dst>fd10:62:100::2/24724 
17:33:29.738709 CONNECT flow>6924 srcPort>38881 dst>fd10:62:100::2/24724 
17:33:29.819451 ON flow>6932 srcPort>36951 dst>fd10:62:100::2/24732 
17:33:29.820250 CONNECT flow>6932 srcPort>36951 dst>fd10:62:100::2/24732 
17:33:29.850970 SHUTDOWN flow>6676 srcPort>42395 dst>fd10:62:100::2/24476 
17:33:29.852093 OFF flow>6676 srcPort>42395 dst>fd10:62:100::2/24476 
17:33:29.947889 ON flow>6940 srcPort>34287 dst>fd10:62:100::2/24740 
17:33:29.948272 CONNECT flow>6940 srcPort>34287 dst>fd10:62:100::2/24740 
17:33:30.052298 ON flow>6948 srcPort>32769 dst>fd10:62:100::2/24748 
17:33:30.052743 CONNECT flow>6948 srcPort>32769 dst>fd10:62:100::2/24748 
17:33:30.153611 ON flow>6956 srcPort>43807 dst>fd10:62:100::2/24756 
17:33:30.153911 CONNECT flow>6956 srcPort>43807 dst>fd10:62:100::2/24756 
17:33:30.192834 SHUTDOWN flow>6684 srcPort>45541 dst>fd10:62:100::2/24484 
17:33:30.193675 OFF flow>6684 srcPort>45541 dst>fd10:62:100::2/24484 
17:33:30.304413 ON flow>6964 srcPort>33013 dst>fd10:62:100::2/24764 
17:33:30.304686 CONNECT flow>6964 srcPort>33013 dst>fd10:62:100::2/24764 
17:33:30.320013 SHUTDOWN flow>6692 srcPort>33473 dst>fd10:62:100::2/24492 
17:33:30.321503 OFF flow>6692 srcPort>33473 dst>fd10:62:100::2/24492 
17:33:30.387927 SHUTDOWN flow>6700 srcPort>43383 dst>fd10:62:100::2/24500 
17:33:30.388292 OFF flow>6700 srcPort>43383 dst>fd10:62:100::2/24500 
17:33:30.492011 ON flow>6972 srcPort>33291 dst>fd10:62:100::2/24772 
17:33:30.492767 CONNECT flow>6972 srcPort>33291 dst>fd10:62:100::2/24772 
17:33:30.583179 SHUTDOWN flow>6708 srcPort>42651 dst>fd10:62:100::2/24508 
17:33:30.583975 OFF flow>6708 srcPort>42651 dst>fd10:62:100::2/24508 
17:33:30.618846 ON flow>6980 srcPort>39601 dst>fd10:62:100::2/24780 
17:33:30.619462 CONNECT flow>6980 srcPort>39601 dst>fd10:62:100::2/24780 
17:33:30.766414 ON flow>6988 srcPort>41123 dst>fd10:62:100::2/24788 
17:33:30.767114 CONNECT flow>6988 srcPort>41123 dst>fd10:62:100::2/24788 
17:33:30.790986 SHUTDOWN flow>6716 srcPort>38901 dst>fd10:62:100::2/24516 
17:33:30.791646 OFF flow>6716 srcPort>38901 dst>fd10:62:100::2/24516 
17:33:30.883102 ON flow>6996 srcPort>38553 dst>fd10:62:100::2/24796 
17:33:30.883583 CONNECT flow>6996 srcPort>38553 dst>fd10:62:100::2/24796 
17:33:31.034259 ON flow>7004 srcPort>36407 dst>fd10:62:100::2/24804 
17:33:31.035141 CONNECT flow>7004 srcPort>36407 dst>fd10:62:100::2/24804 
17:33:31.156928 ON flow>7012 srcPort>43711 dst>fd10:62:100::2/24812 
17:33:31.157475 CONNECT flow>7012 srcPort>43711 dst>fd10:62:100::2/24812 
17:33:31.237234 ON flow>7020 srcPort>38675 dst>fd10:62:100::2/24820 
17:33:31.238050 CONNECT flow>7020 srcPort>38675 dst>fd10:62:100::2/24820 
17:33:31.265535 SHUTDOWN flow>6724 srcPort>35157 dst>fd10:62:100::2/24524 
17:33:31.296446 OFF flow>6724 srcPort>35157 dst>fd10:62:100::2/24524 
17:33:31.400727 ON flow>7028 srcPort>43197 dst>fd10:62:100::2/24828 
17:33:31.404162 CONNECT flow>7028 srcPort>43197 dst>fd10:62:100::2/24828 
17:33:31.476746 SHUTDOWN flow>6732 srcPort>32851 dst>fd10:62:100::2/24532 
17:33:31.477433 OFF flow>6732 srcPort>32851 dst>fd10:62:100::2/24532 
17:33:31.504987 ON flow>7036 srcPort>45501 dst>fd10:62:100::2/24836 
17:33:31.507719 CONNECT flow>7036 srcPort>45501 dst>fd10:62:100::2/24836 
17:33:31.538892 SHUTDOWN flow>6740 srcPort>45181 dst>fd10:62:100::2/24540 
17:33:31.539618 OFF flow>6740 srcPort>45181 dst>fd10:62:100::2/24540 
17:33:31.551863 ON flow>7044 srcPort>38331 dst>fd10:62:100::2/24844 
17:33:31.553209 CONNECT flow>7044 srcPort>38331 dst>fd10:62:100::2/24844 
17:33:31.631272 ON flow>7052 srcPort>39145 dst>fd10:62:100::2/24852 
17:33:31.633241 CONNECT flow>7052 srcPort>39145 dst>fd10:62:100::2/24852 
17:33:31.643697 SHUTDOWN flow>6748 srcPort>36363 dst>fd10:62:100::2/24548 
17:33:31.646395 OFF flow>6748 srcPort>36363 dst>fd10:62:100::2/24548 
17:33:31.687816 ON flow>7060 srcPort>39571 dst>fd10:62:100::2/24860 
17:33:31.689045 CONNECT flow>7060 srcPort>39571 dst>fd10:62:100::2/24860 
17:33:31.745841 SHUTDOWN flow>6756 srcPort>37839 dst>fd10:62:100::2/24556 
17:33:31.749740 OFF flow>6756 srcPort>37839 dst>fd10:62:100::2/24556 
17:33:31.770392 ON flow>7068 srcPort>34517 dst>fd10:62:100::2/24868 
17:33:31.774857 CONNECT flow>7068 srcPort>34517 dst>fd10:62:100::2/24868 
17:33:31.830791 SHUTDOWN flow>6764 srcPort>40787 dst>fd10:62:100::2/24564 
17:33:31.834303 OFF flow>6764 srcPort>40787 dst>fd10:62:100::2/24564 
17:33:31.907705 SHUTDOWN flow>6772 srcPort>39205 dst>fd10:62:100::2/24572 
17:33:31.914010 OFF flow>6772 srcPort>39205 dst>fd10:62:100::2/24572 
17:33:31.934069 ON flow>7076 srcPort>44777 dst>fd10:62:100::2/24876 
17:33:31.937539 CONNECT flow>7076 srcPort>44777 dst>fd10:62:100::2/24876 
17:33:32.007202 SHUTDOWN flow>6780 srcPort>40389 dst>fd10:62:100::2/24580 
17:33:32.011037 OFF flow>6780 srcPort>40389 dst>fd10:62:100::2/24580 
17:33:32.093821 SHUTDOWN flow>6788 srcPort>38625 dst>fd10:62:100::2/24588 
17:33:32.094980 OFF flow>6788 srcPort>38625 dst>fd10:62:100::2/24588 
17:33:32.105496 ON flow>7084 srcPort>43991 dst>fd10:62:100::2/24884 
17:33:32.106344 CONNECT flow>7084 srcPort>43991 dst>fd10:62:100::2/24884 
17:33:32.201906 SHUTDOWN flow>6796 srcPort>37921 dst>fd10:62:100::2/24596 
17:33:32.204976 OFF flow>6796 srcPort>37921 dst>fd10:62:100::2/24596 
17:33:32.243212 ON flow>7092 srcPort>43077 dst>fd10:62:100::2/24892 
17:33:32.245502 CONNECT flow>7092 srcPort>43077 dst>fd10:62:100::2/24892 
17:33:32.329622 SHUTDOWN flow>6804 srcPort>38187 dst>fd10:62:100::2/24604 
17:33:32.330102 OFF flow>6804 srcPort>38187 dst>fd10:62:100::2/24604 
17:33:32.398491 SHUTDOWN flow>6812 srcPort>43349 dst>fd10:62:100::2/24612 
17:33:32.400148 OFF flow>6812 srcPort>43349 dst>fd10:62:100::2/24612 
17:33:32.510814 SHUTDOWN flow>6820 srcPort>46409 dst>fd10:62:100::2/24620 
17:33:32.512139 OFF flow>6820 srcPort>46409 dst>fd10:62:100::2/24620 
17:33:32.599693 ON flow>7100 srcPort>40935 dst>fd10:62:100::2/24900 
17:33:32.600139 CONNECT flow>7100 srcPort>40935 dst>fd10:62:100::2/24900 
17:33:32.618019 SHUTDOWN flow>6828 srcPort>39817 dst>fd10:62:100::2/24628 
17:33:32.619469 OFF flow>6828 srcPort>39817 dst>fd10:62:100::2/24628 
17:33:32.694829 SHUTDOWN flow>6836 srcPort>34069 dst>fd10:62:100::2/24636 
17:33:32.696375 OFF flow>6836 srcPort>34069 dst>fd10:62:100::2/24636 
17:33:32.804335 SHUTDOWN flow>6844 srcPort>41067 dst>fd10:62:100::2/24644 
17:33:32.804702 OFF flow>6844 srcPort>41067 dst>fd10:62:100::2/24644 
17:33:32.873282 ON flow>7108 srcPort>33855 dst>fd10:62:100::2/24908 
17:33:32.875179 CONNECT flow>7108 srcPort>33855 dst>fd10:62:100::2/24908 
17:33:32.932867 SHUTDOWN flow>6852 srcPort>33719 dst>fd10:62:100::2/24652 
17:33:32.935262 OFF flow>6852 srcPort>33719 dst>fd10:62:100::2/24652 
17:33:32.997831 ON flow>7116 srcPort>34707 dst>fd10:62:100::2/24916 
17:33:32.998625 CONNECT flow>7116 srcPort>34707 dst>fd10:62:100::2/24916 
17:33:33.121694 ON flow>7124 srcPort>39113 dst>fd10:62:100::2/24924 
17:33:33.122523 CONNECT flow>7124 srcPort>39113 dst>fd10:62:100::2/24924 
17:33:33.173520 SHUTDOWN flow>6860 srcPort>46455 dst>fd10:62:100::2/24660 
17:33:33.174275 OFF flow>6860 srcPort>46455 dst>fd10:62:100::2/24660 
17:33:33.244077 ON flow>7132 srcPort>37033 dst>fd10:62:100::2/24932 
17:33:33.246417 CONNECT flow>7132 srcPort>37033 dst>fd10:62:100::2/24932 
17:33:33.348815 SHUTDOWN flow>6868 srcPort>38971 dst>fd10:62:100::2/24668 
17:33:33.351400 OFF flow>6868 srcPort>38971 dst>fd10:62:100::2/24668 
17:33:33.432537 ON flow>7140 srcPort>41441 dst>fd10:62:100::2/24940 
17:33:33.433178 CONNECT flow>7140 srcPort>41441 dst>fd10:62:100::2/24940 
17:33:33.531065 ON flow>7148 srcPort>35489 dst>fd10:62:100::2/24948 
17:33:33.531734 CONNECT flow>7148 srcPort>35489 dst>fd10:62:100::2/24948 
17:33:33.666520 SHUTDOWN flow>6876 srcPort>38077 dst>fd10:62:100::2/24676 
17:33:33.667804 OFF flow>6876 srcPort>38077 dst>fd10:62:100::2/24676 
17:33:33.731494 ON flow>7156 srcPort>40367 dst>fd10:62:100::2/24956 
17:33:33.732805 CONNECT flow>7156 srcPort>40367 dst>fd10:62:100::2/24956 
17:33:33.776139 SHUTDOWN flow>6884 srcPort>32885 dst>fd10:62:100::2/24684 
17:33:33.777657 OFF flow>6884 srcPort>32885 dst>fd10:62:100::2/24684 
17:33:33.828415 SHUTDOWN flow>6892 srcPort>45131 dst>fd10:62:100::2/24692 
17:33:33.830095 OFF flow>6892 srcPort>45131 dst>fd10:62:100::2/24692 
17:33:33.912316 SHUTDOWN flow>6900 srcPort>34293 dst>fd10:62:100::2/24700 
17:33:33.912748 OFF flow>6900 srcPort>34293 dst>fd10:62:100::2/24700 
17:33:33.919048 ON flow>7164 srcPort>45183 dst>fd10:62:100::2/24964 
17:33:33.920629 CONNECT flow>7164 srcPort>45183 dst>fd10:62:100::2/24964 
17:33:34.022011 ON flow>7172 srcPort>38729 dst>fd10:62:100::2/24972 
17:33:34.022496 CONNECT flow>7172 srcPort>38729 dst>fd10:62:100::2/24972 
17:33:34.073525 SHUTDOWN flow>6908 srcPort>40711 dst>fd10:62:100::2/24708 
17:33:34.074081 OFF flow>6908 srcPort>40711 dst>fd10:62:100::2/24708 
17:33:34.246047 SHUTDOWN flow>6916 srcPort>35875 dst>fd10:62:100::2/24716 
17:33:34.246887 OFF flow>6916 srcPort>35875 dst>fd10:62:100::2/24716 
17:33:34.285305 ON flow>7180 srcPort>36397 dst>fd10:62:100::2/24980 
17:33:34.286125 CONNECT flow>7180 srcPort>36397 dst>fd10:62:100::2/24980 
17:33:34.471080 ON flow>7188 srcPort>41113 dst>fd10:62:100::2/24988 
17:33:34.471395 CONNECT flow>7188 srcPort>41113 dst>fd10:62:100::2/24988 
17:33:34.538339 SHUTDOWN flow>6924 srcPort>38881 dst>fd10:62:100::2/24724 
17:33:34.539366 OFF flow>6924 srcPort>38881 dst>fd10:62:100::2/24724 
17:33:34.552282 ON flow>7196 srcPort>44849 dst>fd10:62:100::2/24996 
17:33:34.553042 CONNECT flow>7196 srcPort>44849 dst>fd10:62:100::2/24996 
17:33:34.619505 SHUTDOWN flow>6932 srcPort>36951 dst>fd10:62:100::2/24732 
17:33:34.620067 OFF flow>6932 srcPort>36951 dst>fd10:62:100::2/24732 
17:33:34.650574 ON flow>7204 srcPort>39281 dst>fd10:62:100::2/25004 
17:33:34.651081 CONNECT flow>7204 srcPort>39281 dst>fd10:62:100::2/25004 
17:33:34.746800 ON flow>7212 srcPort>37557 dst>fd10:62:100::2/25012 
17:33:34.747724 SHUTDOWN flow>6940 srcPort>34287 dst>fd10:62:100::2/24740 
17:33:34.748949 CONNECT flow>7212 srcPort>37557 dst>fd10:62:100::2/25012 
17:33:34.749749 OFF flow>6940 srcPort>34287 dst>fd10:62:100::2/24740 
17:33:34.826553 ON flow>7220 srcPort>33259 dst>fd10:62:100::2/25020 
17:33:34.827951 CONNECT flow>7220 srcPort>33259 dst>fd10:62:100::2/25020 
17:33:34.852163 SHUTDOWN flow>6948 srcPort>32769 dst>fd10:62:100::2/24748 
17:33:34.854492 OFF flow>6948 srcPort>32769 dst>fd10:62:100::2/24748 
17:33:34.953540 SHUTDOWN flow>6956 srcPort>43807 dst>fd10:62:100::2/24756 
17:33:34.954530 OFF flow>6956 srcPort>43807 dst>fd10:62:100::2/24756 
17:33:35.048304 ON flow>7228 srcPort>44407 dst>fd10:62:100::2/25028 
17:33:35.048855 CONNECT flow>7228 srcPort>44407 dst>fd10:62:100::2/25028 
17:33:35.104218 SHUTDOWN flow>6964 srcPort>33013 dst>fd10:62:100::2/24764 
17:33:35.105302 OFF flow>6964 srcPort>33013 dst>fd10:62:100::2/24764 
17:33:35.177030 ON flow>7236 srcPort>44201 dst>fd10:62:100::2/25036 
17:33:35.178082 CONNECT flow>7236 srcPort>44201 dst>fd10:62:100::2/25036 
17:33:35.239655 ON flow>7244 srcPort>35755 dst>fd10:62:100::2/25044 
17:33:35.240316 CONNECT flow>7244 srcPort>35755 dst>fd10:62:100::2/25044 
17:33:35.291819 SHUTDOWN flow>6972 srcPort>33291 dst>fd10:62:100::2/24772 
17:33:35.292131 OFF flow>6972 srcPort>33291 dst>fd10:62:100::2/24772 
17:33:35.401602 ON flow>7252 srcPort>45477 dst>fd10:62:100::2/25052 
17:33:35.402288 CONNECT flow>7252 srcPort>45477 dst>fd10:62:100::2/25052 
17:33:35.418723 SHUTDOWN flow>6980 srcPort>39601 dst>fd10:62:100::2/24780 
17:33:35.419455 OFF flow>6980 srcPort>39601 dst>fd10:62:100::2/24780 
17:33:35.525565 ON flow>7260 srcPort>46177 dst>fd10:62:100::2/25060 
17:33:35.526090 CONNECT flow>7260 srcPort>46177 dst>fd10:62:100::2/25060 
17:33:35.566278 SHUTDOWN flow>6988 srcPort>41123 dst>fd10:62:100::2/24788 
17:33:35.566614 OFF flow>6988 srcPort>41123 dst>fd10:62:100::2/24788 
17:33:35.586268 ON flow>7268 srcPort>42975 dst>fd10:62:100::2/25068 
17:33:35.588236 CONNECT flow>7268 srcPort>42975 dst>fd10:62:100::2/25068 
17:33:35.682974 SHUTDOWN flow>6996 srcPort>38553 dst>fd10:62:100::2/24796 
17:33:35.683481 OFF flow>6996 srcPort>38553 dst>fd10:62:100::2/24796 
17:33:35.711479 ON flow>7276 srcPort>35775 dst>fd10:62:100::2/25076 
17:33:35.712378 CONNECT flow>7276 srcPort>35775 dst>fd10:62:100::2/25076 
17:33:35.834079 SHUTDOWN flow>7004 srcPort>36407 dst>fd10:62:100::2/24804 
17:33:35.834556 OFF flow>7004 srcPort>36407 dst>fd10:62:100::2/24804 
17:33:35.913191 ON flow>7284 srcPort>41095 dst>fd10:62:100::2/25084 
17:33:35.913493 CONNECT flow>7284 srcPort>41095 dst>fd10:62:100::2/25084 
17:33:35.956782 SHUTDOWN flow>7012 srcPort>43711 dst>fd10:62:100::2/24812 
17:33:35.958639 OFF flow>7012 srcPort>43711 dst>fd10:62:100::2/24812 
17:33:36.036990 SHUTDOWN flow>7020 srcPort>38675 dst>fd10:62:100::2/24820 
17:33:36.038126 OFF flow>7020 srcPort>38675 dst>fd10:62:100::2/24820 
17:33:36.200479 SHUTDOWN flow>7028 srcPort>43197 dst>fd10:62:100::2/24828 
17:33:36.201171 OFF flow>7028 srcPort>43197 dst>fd10:62:100::2/24828 
17:33:36.248570 ON flow>7292 srcPort>42221 dst>fd10:62:100::2/25092 
17:33:36.248904 CONNECT flow>7292 srcPort>42221 dst>fd10:62:100::2/25092 
17:33:36.304888 SHUTDOWN flow>7036 srcPort>45501 dst>fd10:62:100::2/24836 
17:33:36.305192 OFF flow>7036 srcPort>45501 dst>fd10:62:100::2/24836 
17:33:36.351704 SHUTDOWN flow>7044 srcPort>38331 dst>fd10:62:100::2/24844 
17:33:36.352443 OFF flow>7044 srcPort>38331 dst>fd10:62:100::2/24844 
17:33:36.374990 ON flow>7300 srcPort>40523 dst>fd10:62:100::2/25100 
17:33:36.375775 CONNECT flow>7300 srcPort>40523 dst>fd10:62:100::2/25100 
17:33:36.431179 SHUTDOWN flow>7052 srcPort>39145 dst>fd10:62:100::2/24852 
17:33:36.432069 OFF flow>7052 srcPort>39145 dst>fd10:62:100::2/24852 
17:33:36.487692 SHUTDOWN flow>7060 srcPort>39571 dst>fd10:62:100::2/24860 
17:33:36.489527 OFF flow>7060 srcPort>39571 dst>fd10:62:100::2/24860 
17:33:36.570229 SHUTDOWN flow>7068 srcPort>34517 dst>fd10:62:100::2/24868 
17:33:36.570614 OFF flow>7068 srcPort>34517 dst>fd10:62:100::2/24868 
17:33:36.654281 ON flow>7308 srcPort>35627 dst>fd10:62:100::2/25108 
17:33:36.655030 CONNECT flow>7308 srcPort>35627 dst>fd10:62:100::2/25108 
17:33:36.733933 SHUTDOWN flow>7076 srcPort>44777 dst>fd10:62:100::2/24876 
17:33:36.735173 OFF flow>7076 srcPort>44777 dst>fd10:62:100::2/24876 
17:33:36.899107 ON flow>7316 srcPort>37101 dst>fd10:62:100::2/25116 
17:33:36.899968 CONNECT flow>7316 srcPort>37101 dst>fd10:62:100::2/25116 
17:33:36.905230 SHUTDOWN flow>7084 srcPort>43991 dst>fd10:62:100::2/24884 
17:33:36.905661 OFF flow>7084 srcPort>43991 dst>fd10:62:100::2/24884 
17:33:37.043030 SHUTDOWN flow>7092 srcPort>43077 dst>fd10:62:100::2/24892 
17:33:37.043754 OFF flow>7092 srcPort>43077 dst>fd10:62:100::2/24892 
17:33:37.046663 ON flow>7324 srcPort>32929 dst>fd10:62:100::2/25124 
17:33:37.047126 CONNECT flow>7324 srcPort>32929 dst>fd10:62:100::2/25124 
17:33:37.207858 ON flow>7332 srcPort>35281 dst>fd10:62:100::2/25132 
17:33:37.208123 CONNECT flow>7332 srcPort>35281 dst>fd10:62:100::2/25132 
17:33:37.284579 ON flow>7340 srcPort>42433 dst>fd10:62:100::2/25140 
17:33:37.285375 CONNECT flow>7340 srcPort>42433 dst>fd10:62:100::2/25140 
17:33:37.398023 ON flow>7348 srcPort>39923 dst>fd10:62:100::2/25148 
17:33:37.398783 CONNECT flow>7348 srcPort>39923 dst>fd10:62:100::2/25148 
17:33:37.399540 SHUTDOWN flow>7100 srcPort>40935 dst>fd10:62:100::2/24900 
17:33:37.400162 OFF flow>7100 srcPort>40935 dst>fd10:62:100::2/24900 
17:33:37.423453 ON flow>7356 srcPort>38635 dst>fd10:62:100::2/25156 
17:33:37.424418 CONNECT flow>7356 srcPort>38635 dst>fd10:62:100::2/25156 
17:33:37.482410 ON flow>7364 srcPort>33511 dst>fd10:62:100::2/25164 
17:33:37.483224 CONNECT flow>7364 srcPort>33511 dst>fd10:62:100::2/25164 
17:33:37.592435 ON flow>7372 srcPort>36241 dst>fd10:62:100::2/25172 
17:33:37.594903 CONNECT flow>7372 srcPort>36241 dst>fd10:62:100::2/25172 
17:33:37.673131 SHUTDOWN flow>7108 srcPort>33855 dst>fd10:62:100::2/24908 
17:33:37.673608 OFF flow>7108 srcPort>33855 dst>fd10:62:100::2/24908 
17:33:37.751181 ON flow>7380 srcPort>36355 dst>fd10:62:100::2/25180 
17:33:37.753758 CONNECT flow>7380 srcPort>36355 dst>fd10:62:100::2/25180 
17:33:37.790285 ON flow>7388 srcPort>46165 dst>fd10:62:100::2/25188 
17:33:37.790741 CONNECT flow>7388 srcPort>46165 dst>fd10:62:100::2/25188 
17:33:37.797714 SHUTDOWN flow>7116 srcPort>34707 dst>fd10:62:100::2/24916 
17:33:37.799459 OFF flow>7116 srcPort>34707 dst>fd10:62:100::2/24916 
17:33:37.833403 ON flow>7396 srcPort>34377 dst>fd10:62:100::2/25196 
17:33:37.833623 CONNECT flow>7396 srcPort>34377 dst>fd10:62:100::2/25196 
17:33:37.897096 ON flow>7404 srcPort>37321 dst>fd10:62:100::2/25204 
17:33:37.898799 CONNECT flow>7404 srcPort>37321 dst>fd10:62:100::2/25204 
17:33:37.921519 SHUTDOWN flow>7124 srcPort>39113 dst>fd10:62:100::2/24924 
17:33:37.923585 OFF flow>7124 srcPort>39113 dst>fd10:62:100::2/24924 
17:33:38.043930 SHUTDOWN flow>7132 srcPort>37033 dst>fd10:62:100::2/24932 
17:33:38.044379 OFF flow>7132 srcPort>37033 dst>fd10:62:100::2/24932 
17:33:38.050288 ON flow>7412 srcPort>40287 dst>fd10:62:100::2/25212 
17:33:38.051148 CONNECT flow>7412 srcPort>40287 dst>fd10:62:100::2/25212 
17:33:38.232457 SHUTDOWN flow>7140 srcPort>41441 dst>fd10:62:100::2/24940 
17:33:38.234428 OFF flow>7140 srcPort>41441 dst>fd10:62:100::2/24940 
17:33:38.330925 SHUTDOWN flow>7148 srcPort>35489 dst>fd10:62:100::2/24948 
17:33:38.335231 OFF flow>7148 srcPort>35489 dst>fd10:62:100::2/24948 
17:33:38.423735 ON flow>7420 srcPort>44615 dst>fd10:62:100::2/25220 
17:33:38.426187 CONNECT flow>7420 srcPort>44615 dst>fd10:62:100::2/25220 
17:33:38.531311 SHUTDOWN flow>7156 srcPort>40367 dst>fd10:62:100::2/24956 
17:33:38.533708 OFF flow>7156 srcPort>40367 dst>fd10:62:100::2/24956 
17:33:38.718927 SHUTDOWN flow>7164 srcPort>45183 dst>fd10:62:100::2/24964 
17:33:38.719920 OFF flow>7164 srcPort>45183 dst>fd10:62:100::2/24964 
17:33:38.741741 ON flow>7428 srcPort>46625 dst>fd10:62:100::2/25228 
17:33:38.743147 CONNECT flow>7428 srcPort>46625 dst>fd10:62:100::2/25228 
17:33:38.821931 SHUTDOWN flow>7172 srcPort>38729 dst>fd10:62:100::2/24972 
17:33:38.824399 OFF flow>7172 srcPort>38729 dst>fd10:62:100::2/24972 
17:33:38.840295 ON flow>7436 srcPort>34171 dst>fd10:62:100::2/25236 
17:33:38.841421 CONNECT flow>7436 srcPort>34171 dst>fd10:62:100::2/25236 
17:33:38.982591 ON flow>7444 srcPort>40467 dst>fd10:62:100::2/25244 
17:33:38.983405 CONNECT flow>7444 srcPort>40467 dst>fd10:62:100::2/25244 
17:33:39.085119 SHUTDOWN flow>7180 srcPort>36397 dst>fd10:62:100::2/24980 
17:33:39.085673 OFF flow>7180 srcPort>36397 dst>fd10:62:100::2/24980 
17:33:39.117633 ON flow>7452 srcPort>42903 dst>fd10:62:100::2/25252 
17:33:39.120074 CONNECT flow>7452 srcPort>42903 dst>fd10:62:100::2/25252 
17:33:39.208942 ON flow>7460 srcPort>46001 dst>fd10:62:100::2/25260 
17:33:39.210754 CONNECT flow>7460 srcPort>46001 dst>fd10:62:100::2/25260 
17:33:39.270919 SHUTDOWN flow>7188 srcPort>41113 dst>fd10:62:100::2/24988 
17:33:39.272840 OFF flow>7188 srcPort>41113 dst>fd10:62:100::2/24988 
17:33:39.335697 ON flow>7468 srcPort>40957 dst>fd10:62:100::2/25268 
17:33:39.339540 CONNECT flow>7468 srcPort>40957 dst>fd10:62:100::2/25268 
17:33:39.352218 SHUTDOWN flow>7196 srcPort>44849 dst>fd10:62:100::2/24996 
17:33:39.353154 OFF flow>7196 srcPort>44849 dst>fd10:62:100::2/24996 
17:33:39.450366 SHUTDOWN flow>7204 srcPort>39281 dst>fd10:62:100::2/25004 
17:33:39.451641 OFF flow>7204 srcPort>39281 dst>fd10:62:100::2/25004 
17:33:39.546677 SHUTDOWN flow>7212 srcPort>37557 dst>fd10:62:100::2/25012 
17:33:39.548269 OFF flow>7212 srcPort>37557 dst>fd10:62:100::2/25012 
17:33:39.593213 ON flow>7476 srcPort>41141 dst>fd10:62:100::2/25276 
17:33:39.595205 CONNECT flow>7476 srcPort>41141 dst>fd10:62:100::2/25276 
17:33:39.626489 SHUTDOWN flow>7220 srcPort>33259 dst>fd10:62:100::2/25020 
17:33:39.627158 OFF flow>7220 srcPort>33259 dst>fd10:62:100::2/25020 
17:33:39.735654 ON flow>7484 srcPort>41235 dst>fd10:62:100::2/25284 
17:33:39.738069 CONNECT flow>7484 srcPort>41235 dst>fd10:62:100::2/25284 
17:33:39.848171 SHUTDOWN flow>7228 srcPort>44407 dst>fd10:62:100::2/25028 
17:33:39.849902 OFF flow>7228 srcPort>44407 dst>fd10:62:100::2/25028 
17:33:39.914511 ON flow>7492 srcPort>39339 dst>fd10:62:100::2/25292 
17:33:39.917783 CONNECT flow>7492 srcPort>39339 dst>fd10:62:100::2/25292 
17:33:39.976879 SHUTDOWN flow>7236 srcPort>44201 dst>fd10:62:100::2/25036 
17:33:39.977826 OFF flow>7236 srcPort>44201 dst>fd10:62:100::2/25036 
17:33:40.028141 ON flow>7500 srcPort>43861 dst>fd10:62:100::2/25300 
17:33:40.028591 CONNECT flow>7500 srcPort>43861 dst>fd10:62:100::2/25300 
17:33:40.039468 SHUTDOWN flow>7244 srcPort>35755 dst>fd10:62:100::2/25044 
17:33:40.039904 OFF flow>7244 srcPort>35755 dst>fd10:62:100::2/25044 
17:33:40.198109 ON flow>7508 srcPort>42199 dst>fd10:62:100::2/25308 
17:33:40.198429 CONNECT flow>7508 srcPort>42199 dst>fd10:62:100::2/25308 
17:33:40.201401 SHUTDOWN flow>7252 srcPort>45477 dst>fd10:62:100::2/25052 
17:33:40.201711 OFF flow>7252 srcPort>45477 dst>fd10:62:100::2/25052 
17:33:40.325403 SHUTDOWN flow>7260 srcPort>46177 dst>fd10:62:100::2/25060 
17:33:40.326278 OFF flow>7260 srcPort>46177 dst>fd10:62:100::2/25060 
17:33:40.370237 ON flow>7516 srcPort>33759 dst>fd10:62:100::2/25316 
17:33:40.371293 CONNECT flow>7516 srcPort>33759 dst>fd10:62:100::2/25316 
17:33:40.386182 SHUTDOWN flow>7268 srcPort>42975 dst>fd10:62:100::2/25068 
17:33:40.389556 OFF flow>7268 srcPort>42975 dst>fd10:62:100::2/25068 
17:33:40.496889 ON flow>7524 srcPort>40465 dst>fd10:62:100::2/25324 
17:33:40.497288 CONNECT flow>7524 srcPort>40465 dst>fd10:62:100::2/25324 
17:33:40.511362 SHUTDOWN flow>7276 srcPort>35775 dst>fd10:62:100::2/25076 
17:33:40.511872 OFF flow>7276 srcPort>35775 dst>fd10:62:100::2/25076 
17:33:40.713048 SHUTDOWN flow>7284 srcPort>41095 dst>fd10:62:100::2/25084 
17:33:40.714078 OFF flow>7284 srcPort>41095 dst>fd10:62:100::2/25084 
17:33:40.787176 ON flow>7532 srcPort>44135 dst>fd10:62:100::2/25332 
17:33:40.787576 CONNECT flow>7532 srcPort>44135 dst>fd10:62:100::2/25332 
17:33:40.930395 ON flow>7540 srcPort>35285 dst>fd10:62:100::2/25340 
17:33:40.930661 CONNECT flow>7540 srcPort>35285 dst>fd10:62:100::2/25340 
17:33:41.047550 SHUTDOWN flow>7292 srcPort>42221 dst>fd10:62:100::2/25092 
17:33:41.047987 OFF flow>7292 srcPort>42221 dst>fd10:62:100::2/25092 
17:33:41.168084 ON flow>7548 srcPort>41021 dst>fd10:62:100::2/25348 
17:33:41.169025 CONNECT flow>7548 srcPort>41021 dst>fd10:62:100::2/25348 
17:33:41.174929 SHUTDOWN flow>7300 srcPort>40523 dst>fd10:62:100::2/25100 
17:33:41.178289 OFF flow>7300 srcPort>40523 dst>fd10:62:100::2/25100 
17:33:41.359680 ON flow>7556 srcPort>35399 dst>fd10:62:100::2/25356 
17:33:41.359983 CONNECT flow>7556 srcPort>35399 dst>fd10:62:100::2/25356 
17:33:41.454160 SHUTDOWN flow>7308 srcPort>35627 dst>fd10:62:100::2/25108 
17:33:41.454605 OFF flow>7308 srcPort>35627 dst>fd10:62:100::2/25108 
17:33:41.482512 ON flow>7564 srcPort>38833 dst>fd10:62:100::2/25364 
17:33:41.484118 CONNECT flow>7564 srcPort>38833 dst>fd10:62:100::2/25364 
17:33:41.640147 ON flow>7572 srcPort>45857 dst>fd10:62:100::2/25372 
17:33:41.642217 CONNECT flow>7572 srcPort>45857 dst>fd10:62:100::2/25372 
17:33:41.698974 SHUTDOWN flow>7316 srcPort>37101 dst>fd10:62:100::2/25116 
17:33:41.704074 OFF flow>7316 srcPort>37101 dst>fd10:62:100::2/25116 
17:33:41.732871 ON flow>7580 srcPort>40043 dst>fd10:62:100::2/25380 
17:33:41.733922 CONNECT flow>7580 srcPort>40043 dst>fd10:62:100::2/25380 
17:33:41.809068 ON flow>7588 srcPort>46145 dst>fd10:62:100::2/25388 
17:33:41.810502 CONNECT flow>7588 srcPort>46145 dst>fd10:62:100::2/25388 
17:33:41.846540 SHUTDOWN flow>7324 srcPort>32929 dst>fd10:62:100::2/25124 
17:33:41.848435 OFF flow>7324 srcPort>32929 dst>fd10:62:100::2/25124 
17:33:41.945366 ON flow>7596 srcPort>46271 dst>fd10:62:100::2/25396 
17:33:41.946153 CONNECT flow>7596 srcPort>46271 dst>fd10:62:100::2/25396 
17:33:42.007738 SHUTDOWN flow>7332 srcPort>35281 dst>fd10:62:100::2/25132 
17:33:42.010591 OFF flow>7332 srcPort>35281 dst>fd10:62:100::2/25132 
17:33:42.040617 ON flow>7604 srcPort>38717 dst>fd10:62:100::2/25404 
17:33:42.041199 CONNECT flow>7604 srcPort>38717 dst>fd10:62:100::2/25404 
17:33:42.084449 SHUTDOWN flow>7340 srcPort>42433 dst>fd10:62:100::2/25140 
17:33:42.084833 OFF flow>7340 srcPort>42433 dst>fd10:62:100::2/25140 
17:33:42.157911 ON flow>7612 srcPort>41403 dst>fd10:62:100::2/25412 
17:33:42.158771 CONNECT flow>7612 srcPort>41403 dst>fd10:62:100::2/25412 
17:33:42.197841 SHUTDOWN flow>7348 srcPort>39923 dst>fd10:62:100::2/25148 
17:33:42.198227 OFF flow>7348 srcPort>39923 dst>fd10:62:100::2/25148 
17:33:42.223239 SHUTDOWN flow>7356 srcPort>38635 dst>fd10:62:100::2/25156 
17:33:42.226566 OFF flow>7356 srcPort>38635 dst>fd10:62:100::2/25156 
17:33:42.282255 SHUTDOWN flow>7364 srcPort>33511 dst>fd10:62:100::2/25164 
17:33:42.285439 OFF flow>7364 srcPort>33511 dst>fd10:62:100::2/25164 
17:33:42.392245 SHUTDOWN flow>7372 srcPort>36241 dst>fd10:62:100::2/25172 
17:33:42.393056 OFF flow>7372 srcPort>36241 dst>fd10:62:100::2/25172 
17:33:42.509644 ON flow>7620 srcPort>44741 dst>fd10:62:100::2/25420 
17:33:42.510261 CONNECT flow>7620 srcPort>44741 dst>fd10:62:100::2/25420 
17:33:42.551028 SHUTDOWN flow>7380 srcPort>36355 dst>fd10:62:100::2/25180 
17:33:42.551604 OFF flow>7380 srcPort>36355 dst>fd10:62:100::2/25180 
17:33:42.590139 SHUTDOWN flow>7388 srcPort>46165 dst>fd10:62:100::2/25188 
17:33:42.590652 OFF flow>7388 srcPort>46165 dst>fd10:62:100::2/25188 
17:33:42.633238 SHUTDOWN flow>7396 srcPort>34377 dst>fd10:62:100::2/25196 
17:33:42.633940 OFF flow>7396 srcPort>34377 dst>fd10:62:100::2/25196 
17:33:42.696924 SHUTDOWN flow>7404 srcPort>37321 dst>fd10:62:100::2/25204 
17:33:42.698008 OFF flow>7404 srcPort>37321 dst>fd10:62:100::2/25204 
17:33:42.718479 ON flow>7628 srcPort>44563 dst>fd10:62:100::2/25428 
17:33:42.718877 CONNECT flow>7628 srcPort>44563 dst>fd10:62:100::2/25428 
17:33:42.850149 SHUTDOWN flow>7412 srcPort>40287 dst>fd10:62:100::2/25212 
17:33:42.850992 OFF flow>7412 srcPort>40287 dst>fd10:62:100::2/25212 
17:33:43.076499 ON flow>7636 srcPort>42125 dst>fd10:62:100::2/25436 
17:33:43.077001 CONNECT flow>7636 srcPort>42125 dst>fd10:62:100::2/25436 
17:33:43.223561 SHUTDOWN flow>7420 srcPort>44615 dst>fd10:62:100::2/25220 
17:33:43.224678 OFF flow>7420 srcPort>44615 dst>fd10:62:100::2/25220 
17:33:43.327166 ON flow>7644 srcPort>35419 dst>fd10:62:100::2/25444 
17:33:43.327480 CONNECT flow>7644 srcPort>35419 dst>fd10:62:100::2/25444 
17:33:43.539888 ON flow>7652 srcPort>42039 dst>fd10:62:100::2/25452 
17:33:43.540269 CONNECT flow>7652 srcPort>42039 dst>fd10:62:100::2/25452 
17:33:43.541562 SHUTDOWN flow>7428 srcPort>46625 dst>fd10:62:100::2/25228 
17:33:43.542362 OFF flow>7428 srcPort>46625 dst>fd10:62:100::2/25228 
17:33:43.640154 SHUTDOWN flow>7436 srcPort>34171 dst>fd10:62:100::2/25236 
17:33:43.640709 OFF flow>7436 srcPort>34171 dst>fd10:62:100::2/25236 
17:33:43.651499 ON flow>7660 srcPort>41937 dst>fd10:62:100::2/25460 
17:33:43.652130 CONNECT flow>7660 srcPort>41937 dst>fd10:62:100::2/25460 
17:33:43.699774 ON flow>7668 srcPort>34839 dst>fd10:62:100::2/25468 
17:33:43.700143 CONNECT flow>7668 srcPort>34839 dst>fd10:62:100::2/25468 
17:33:43.782370 SHUTDOWN flow>7444 srcPort>40467 dst>fd10:62:100::2/25244 
17:33:43.783324 OFF flow>7444 srcPort>40467 dst>fd10:62:100::2/25244 
17:33:43.835464 ON flow>7676 srcPort>46655 dst>fd10:62:100::2/25476 
17:33:43.835971 CONNECT flow>7676 srcPort>46655 dst>fd10:62:100::2/25476 
17:33:43.917414 SHUTDOWN flow>7452 srcPort>42903 dst>fd10:62:100::2/25252 
17:33:43.917784 OFF flow>7452 srcPort>42903 dst>fd10:62:100::2/25252 
17:33:43.924497 ON flow>7684 srcPort>34389 dst>fd10:62:100::2/25484 
17:33:43.925627 CONNECT flow>7684 srcPort>34389 dst>fd10:62:100::2/25484 
17:33:44.008779 SHUTDOWN flow>7460 srcPort>46001 dst>fd10:62:100::2/25260 
17:33:44.009908 OFF flow>7460 srcPort>46001 dst>fd10:62:100::2/25260 
17:33:44.030414 ON flow>7692 srcPort>35465 dst>fd10:62:100::2/25492 
17:33:44.030763 CONNECT flow>7692 srcPort>35465 dst>fd10:62:100::2/25492 
17:33:44.120642 ON flow>7700 srcPort>40889 dst>fd10:62:100::2/25500 
17:33:44.124428 CONNECT flow>7700 srcPort>40889 dst>fd10:62:100::2/25500 
17:33:44.135550 SHUTDOWN flow>7468 srcPort>40957 dst>fd10:62:100::2/25268 
17:33:44.135892 OFF flow>7468 srcPort>40957 dst>fd10:62:100::2/25268 
17:33:44.238814 ON flow>7708 srcPort>44433 dst>fd10:62:100::2/25508 
17:33:44.239608 CONNECT flow>7708 srcPort>44433 dst>fd10:62:100::2/25508 
17:33:44.342488 ON flow>7716 srcPort>39397 dst>fd10:62:100::2/25516 
17:33:44.343066 CONNECT flow>7716 srcPort>39397 dst>fd10:62:100::2/25516 
17:33:44.393053 SHUTDOWN flow>7476 srcPort>41141 dst>fd10:62:100::2/25276 
17:33:44.393407 OFF flow>7476 srcPort>41141 dst>fd10:62:100::2/25276 
17:33:44.535471 SHUTDOWN flow>7484 srcPort>41235 dst>fd10:62:100::2/25284 
17:33:44.536251 OFF flow>7484 srcPort>41235 dst>fd10:62:100::2/25284 
17:33:44.539580 ON flow>7724 srcPort>36881 dst>fd10:62:100::2/25524 
17:33:44.540102 CONNECT flow>7724 srcPort>36881 dst>fd10:62:100::2/25524 
17:33:44.665021 ON flow>7732 srcPort>38689 dst>fd10:62:100::2/25532 
17:33:44.665817 CONNECT flow>7732 srcPort>38689 dst>fd10:62:100::2/25532 
17:33:44.714375 SHUTDOWN flow>7492 srcPort>39339 dst>fd10:62:100::2/25292 
17:33:44.720270 OFF flow>7492 srcPort>39339 dst>fd10:62:100::2/25292 
17:33:44.748983 ON flow>7740 srcPort>37169 dst>fd10:62:100::2/25540 
17:33:44.749443 CONNECT flow>7740 srcPort>37169 dst>fd10:62:100::2/25540 
17:33:44.827972 SHUTDOWN flow>7500 srcPort>43861 dst>fd10:62:100::2/25300 
17:33:44.828321 OFF flow>7500 srcPort>43861 dst>fd10:62:100::2/25300 
17:33:44.972627 ON flow>7748 srcPort>38797 dst>fd10:62:100::2/25548 
17:33:44.972922 CONNECT flow>7748 srcPort>38797 dst>fd10:62:100::2/25548 
17:33:44.997963 SHUTDOWN flow>7508 srcPort>42199 dst>fd10:62:100::2/25308 
17:33:44.998524 OFF flow>7508 srcPort>42199 dst>fd10:62:100::2/25308 
17:33:45.170065 SHUTDOWN flow>7516 srcPort>33759 dst>fd10:62:100::2/25316 
17:33:45.171366 OFF flow>7516 srcPort>33759 dst>fd10:62:100::2/25316 
17:33:45.188209 ON flow>7756 srcPort>37795 dst>fd10:62:100::2/25556 
17:33:45.188517 CONNECT flow>7756 srcPort>37795 dst>fd10:62:100::2/25556 
17:33:45.297046 SHUTDOWN flow>7524 srcPort>40465 dst>fd10:62:100::2/25324 
17:33:45.298448 OFF flow>7524 srcPort>40465 dst>fd10:62:100::2/25324 
17:33:45.546875 ON flow>7764 srcPort>35221 dst>fd10:62:100::2/25564 
17:33:45.547782 CONNECT flow>7764 srcPort>35221 dst>fd10:62:100::2/25564 
17:33:45.587036 SHUTDOWN flow>7532 srcPort>44135 dst>fd10:62:100::2/25332 
17:33:45.587465 OFF flow>7532 srcPort>44135 dst>fd10:62:100::2/25332 
17:33:45.730236 SHUTDOWN flow>7540 srcPort>35285 dst>fd10:62:100::2/25340 
17:33:45.731162 OFF flow>7540 srcPort>35285 dst>fd10:62:100::2/25340 
17:33:45.756084 ON flow>7772 srcPort>45903 dst>fd10:62:100::2/25572 
17:33:45.756488 CONNECT flow>7772 srcPort>45903 dst>fd10:62:100::2/25572 
17:33:45.875115 ON flow>7780 srcPort>41477 dst>fd10:62:100::2/25580 
17:33:45.876098 CONNECT flow>7780 srcPort>41477 dst>fd10:62:100::2/25580 
17:33:45.967845 SHUTDOWN flow>7548 srcPort>41021 dst>fd10:62:100::2/25348 
17:33:45.968459 OFF flow>7548 srcPort>41021 dst>fd10:62:100::2/25348 
17:33:46.142094 ON flow>7788 srcPort>37001 dst>fd10:62:100::2/25588 
17:33:46.142564 CONNECT flow>7788 srcPort>37001 dst>fd10:62:100::2/25588 
17:33:46.159542 SHUTDOWN flow>7556 srcPort>35399 dst>fd10:62:100::2/25356 
17:33:46.159999 OFF flow>7556 srcPort>35399 dst>fd10:62:100::2/25356 
17:33:46.282364 SHUTDOWN flow>7564 srcPort>38833 dst>fd10:62:100::2/25364 
17:33:46.282885 OFF flow>7564 srcPort>38833 dst>fd10:62:100::2/25364 
17:33:46.290274 ON flow>7796 srcPort>37265 dst>fd10:62:100::2/25596 
17:33:46.290633 CONNECT flow>7796 srcPort>37265 dst>fd10:62:100::2/25596 
17:33:46.439959 SHUTDOWN flow>7572 srcPort>45857 dst>fd10:62:100::2/25372 
17:33:46.441270 OFF flow>7572 srcPort>45857 dst>fd10:62:100::2/25372 
17:33:46.510914 ON flow>7804 srcPort>35661 dst>fd10:62:100::2/25604 
17:33:46.511907 CONNECT flow>7804 srcPort>35661 dst>fd10:62:100::2/25604 
17:33:46.532753 SHUTDOWN flow>7580 srcPort>40043 dst>fd10:62:100::2/25380 
17:33:46.533886 OFF flow>7580 srcPort>40043 dst>fd10:62:100::2/25380 
17:33:46.608936 SHUTDOWN flow>7588 srcPort>46145 dst>fd10:62:100::2/25388 
17:33:46.609822 OFF flow>7588 srcPort>46145 dst>fd10:62:100::2/25388 
17:33:46.678441 ON flow>7812 srcPort>44811 dst>fd10:62:100::2/25612 
17:33:46.678942 CONNECT flow>7812 srcPort>44811 dst>fd10:62:100::2/25612 
17:33:46.740041 ON flow>7820 srcPort>42593 dst>fd10:62:100::2/25620 
17:33:46.740389 CONNECT flow>7820 srcPort>42593 dst>fd10:62:100::2/25620 
17:33:46.745274 SHUTDOWN flow>7596 srcPort>46271 dst>fd10:62:100::2/25396 
17:33:46.746171 OFF flow>7596 srcPort>46271 dst>fd10:62:100::2/25396 
17:33:46.840360 SHUTDOWN flow>7604 srcPort>38717 dst>fd10:62:100::2/25404 
17:33:46.840777 OFF flow>7604 srcPort>38717 dst>fd10:62:100::2/25404 
17:33:46.880811 ON flow>7828 srcPort>35563 dst>fd10:62:100::2/25628 
17:33:46.881467 CONNECT flow>7828 srcPort>35563 dst>fd10:62:100::2/25628 
17:33:46.957744 SHUTDOWN flow>7612 srcPort>41403 dst>fd10:62:100::2/25412 
17:33:46.958871 OFF flow>7612 srcPort>41403 dst>fd10:62:100::2/25412 
17:33:47.051415 ON flow>7836 srcPort>33497 dst>fd10:62:100::2/25636 
17:33:47.052002 CONNECT flow>7836 srcPort>33497 dst>fd10:62:100::2/25636 
17:33:47.193204 ON flow>7844 srcPort>39741 dst>fd10:62:100::2/25644 
17:33:47.193854 CONNECT flow>7844 srcPort>39741 dst>fd10:62:100::2/25644 
17:33:47.291142 ON flow>7852 srcPort>39543 dst>fd10:62:100::2/25652 
17:33:47.291540 CONNECT flow>7852 srcPort>39543 dst>fd10:62:100::2/25652 
17:33:47.309438 SHUTDOWN flow>7620 srcPort>44741 dst>fd10:62:100::2/25420 
17:33:47.310997 OFF flow>7620 srcPort>44741 dst>fd10:62:100::2/25420 
17:33:47.493002 ON flow>7860 srcPort>44237 dst>fd10:62:100::2/25660 
17:33:47.493547 CONNECT flow>7860 srcPort>44237 dst>fd10:62:100::2/25660 
17:33:47.518360 SHUTDOWN flow>7628 srcPort>44563 dst>fd10:62:100::2/25428 
17:33:47.519410 OFF flow>7628 srcPort>44563 dst>fd10:62:100::2/25428 
17:33:47.677677 ON flow>7868 srcPort>35705 dst>fd10:62:100::2/25668 
17:33:47.679059 CONNECT flow>7868 srcPort>35705 dst>fd10:62:100::2/25668 
17:33:47.829112 ON flow>7876 srcPort>33577 dst>fd10:62:100::2/25676 
17:33:47.829545 CONNECT flow>7876 srcPort>33577 dst>fd10:62:100::2/25676 
17:33:47.876355 SHUTDOWN flow>7636 srcPort>42125 dst>fd10:62:100::2/25436 
17:33:47.876848 OFF flow>7636 srcPort>42125 dst>fd10:62:100::2/25436 
17:33:47.949375 ON flow>7884 srcPort>44097 dst>fd10:62:100::2/25684 
17:33:47.950164 CONNECT flow>7884 srcPort>44097 dst>fd10:62:100::2/25684 
17:33:48.127049 SHUTDOWN flow>7644 srcPort>35419 dst>fd10:62:100::2/25444 
17:33:48.127594 ON flow>7892 srcPort>39505 dst>fd10:62:100::2/25692 
17:33:48.127623 OFF flow>7644 srcPort>35419 dst>fd10:62:100::2/25444 
17:33:48.128211 CONNECT flow>7892 srcPort>39505 dst>fd10:62:100::2/25692 
17:33:48.339753 SHUTDOWN flow>7652 srcPort>42039 dst>fd10:62:100::2/25452 
17:33:48.341054 OFF flow>7652 srcPort>42039 dst>fd10:62:100::2/25452 
17:33:48.423818 ON flow>7900 srcPort>35259 dst>fd10:62:100::2/25700 
17:33:48.424698 CONNECT flow>7900 srcPort>35259 dst>fd10:62:100::2/25700 
17:33:48.451441 SHUTDOWN flow>7660 srcPort>41937 dst>fd10:62:100::2/25460 
17:33:48.452052 OFF flow>7660 srcPort>41937 dst>fd10:62:100::2/25460 
17:33:48.499563 SHUTDOWN flow>7668 srcPort>34839 dst>fd10:62:100::2/25468 
17:33:48.500601 OFF flow>7668 srcPort>34839 dst>fd10:62:100::2/25468 
17:33:48.581957 ON flow>7908 srcPort>39561 dst>fd10:62:100::2/25708 
17:33:48.582492 CONNECT flow>7908 srcPort>39561 dst>fd10:62:100::2/25708 
17:33:48.635261 SHUTDOWN flow>7676 srcPort>46655 dst>fd10:62:100::2/25476 
17:33:48.637331 OFF flow>7676 srcPort>46655 dst>fd10:62:100::2/25476 
17:33:48.647220 ON flow>7916 srcPort>42659 dst>fd10:62:100::2/25716 
17:33:48.647868 CONNECT flow>7916 srcPort>42659 dst>fd10:62:100::2/25716 
17:33:48.724286 SHUTDOWN flow>7684 srcPort>34389 dst>fd10:62:100::2/25484 
17:33:48.724891 OFF flow>7684 srcPort>34389 dst>fd10:62:100::2/25484 
17:33:48.829291 ON flow>7924 srcPort>44305 dst>fd10:62:100::2/25724 
17:33:48.829700 CONNECT flow>7924 srcPort>44305 dst>fd10:62:100::2/25724 
17:33:48.830283 SHUTDOWN flow>7692 srcPort>35465 dst>fd10:62:100::2/25492 
17:33:48.831217 OFF flow>7692 srcPort>35465 dst>fd10:62:100::2/25492 
17:33:48.920468 SHUTDOWN flow>7700 srcPort>40889 dst>fd10:62:100::2/25500 
17:33:48.921374 OFF flow>7700 srcPort>40889 dst>fd10:62:100::2/25500 
17:33:48.958520 ON flow>7932 srcPort>40987 dst>fd10:62:100::2/25732 
17:33:48.959382 CONNECT flow>7932 srcPort>40987 dst>fd10:62:100::2/25732 
17:33:49.038665 SHUTDOWN flow>7708 srcPort>44433 dst>fd10:62:100::2/25508 
17:33:49.039197 OFF flow>7708 srcPort>44433 dst>fd10:62:100::2/25508 
17:33:49.119468 ON flow>7940 srcPort>38217 dst>fd10:62:100::2/25740 
17:33:49.119784 CONNECT flow>7940 srcPort>38217 dst>fd10:62:100::2/25740 
17:33:49.142261 SHUTDOWN flow>7716 srcPort>39397 dst>fd10:62:100::2/25516 
17:33:49.143301 OFF flow>7716 srcPort>39397 dst>fd10:62:100::2/25516 
17:33:49.210524 ON flow>7948 srcPort>45703 dst>fd10:62:100::2/25748 
17:33:49.210836 CONNECT flow>7948 srcPort>45703 dst>fd10:62:100::2/25748 
17:33:49.320982 ON flow>7956 srcPort>38815 dst>fd10:62:100::2/25756 
17:33:49.322909 CONNECT flow>7956 srcPort>38815 dst>fd10:62:100::2/25756 
17:33:49.339374 SHUTDOWN flow>7724 srcPort>36881 dst>fd10:62:100::2/25524 
17:33:49.340373 OFF flow>7724 srcPort>36881 dst>fd10:62:100::2/25524 
17:33:49.419318 ON flow>7964 srcPort>46617 dst>fd10:62:100::2/25764 
17:33:49.419667 CONNECT flow>7964 srcPort>46617 dst>fd10:62:100::2/25764 
17:33:49.464871 SHUTDOWN flow>7732 srcPort>38689 dst>fd10:62:100::2/25532 
17:33:49.466148 OFF flow>7732 srcPort>38689 dst>fd10:62:100::2/25532 
17:33:49.467328 ON flow>7972 srcPort>41593 dst>fd10:62:100::2/25772 
17:33:49.468213 CONNECT flow>7972 srcPort>41593 dst>fd10:62:100::2/25772 
17:33:49.548867 SHUTDOWN flow>7740 srcPort>37169 dst>fd10:62:100::2/25540 
17:33:49.549725 OFF flow>7740 srcPort>37169 dst>fd10:62:100::2/25540 
17:33:49.563029 ON flow>7980 srcPort>37297 dst>fd10:62:100::2/25780 
17:33:49.563413 CONNECT flow>7980 srcPort>37297 dst>fd10:62:100::2/25780 
17:33:49.655833 ON flow>7988 srcPort>41465 dst>fd10:62:100::2/25788 
17:33:49.656749 CONNECT flow>7988 srcPort>41465 dst>fd10:62:100::2/25788 
17:33:49.727130 ON flow>7996 srcPort>35117 dst>fd10:62:100::2/25796 
17:33:49.728542 CONNECT flow>7996 srcPort>35117 dst>fd10:62:100::2/25796 
17:33:49.772435 SHUTDOWN flow>7748 srcPort>38797 dst>fd10:62:100::2/25548 
17:33:49.772965 OFF flow>7748 srcPort>38797 dst>fd10:62:100::2/25548 
17:33:49.781571 ON flow>8004 srcPort>44443 dst>fd10:62:100::2/25804 
17:33:49.782228 CONNECT flow>8004 srcPort>44443 dst>fd10:62:100::2/25804 
17:33:49.847564 ON flow>8012 srcPort>37789 dst>fd10:62:100::2/25812 
17:33:49.849601 CONNECT flow>8012 srcPort>37789 dst>fd10:62:100::2/25812 
17:33:49.912860 ON flow>8020 srcPort>42381 dst>fd10:62:100::2/25820 
17:33:49.913467 CONNECT flow>8020 srcPort>42381 dst>fd10:62:100::2/25820 
17:33:49.972739 ON flow>8028 srcPort>42639 dst>fd10:62:100::2/25828 
17:33:49.973631 CONNECT flow>8028 srcPort>42639 dst>fd10:62:100::2/25828 
17:33:49.988049 SHUTDOWN flow>7756 srcPort>37795 dst>fd10:62:100::2/25556 
17:33:49.990451 OFF flow>7756 srcPort>37795 dst>fd10:62:100::2/25556 
17:33:50.006441 ON flow>8036 srcPort>41393 dst>fd10:62:100::2/25836 
17:33:50.009204 CONNECT flow>8036 srcPort>41393 dst>fd10:62:100::2/25836 
17:33:50.065965 ON flow>8044 srcPort>36631 dst>fd10:62:100::2/25844 
17:33:50.067697 CONNECT flow>8044 srcPort>36631 dst>fd10:62:100::2/25844 
17:33:50.234883 ON flow>8052 srcPort>34297 dst>fd10:62:100::2/25852 
17:33:50.235743 CONNECT flow>8052 srcPort>34297 dst>fd10:62:100::2/25852 
17:33:50.346740 SHUTDOWN flow>7764 srcPort>35221 dst>fd10:62:100::2/25564 
17:33:50.347283 OFF flow>7764 srcPort>35221 dst>fd10:62:100::2/25564 
17:33:50.347972 ON flow>8060 srcPort>38863 dst>fd10:62:100::2/25860 
17:33:50.348387 CONNECT flow>8060 srcPort>38863 dst>fd10:62:100::2/25860 
17:33:50.432459 ON flow>8068 srcPort>40671 dst>fd10:62:100::2/25868 
17:33:50.435265 CONNECT flow>8068 srcPort>40671 dst>fd10:62:100::2/25868 
17:33:50.507305 ON flow>8076 srcPort>37647 dst>fd10:62:100::2/25876 
17:33:50.509220 CONNECT flow>8076 srcPort>37647 dst>fd10:62:100::2/25876 
17:33:50.555940 SHUTDOWN flow>7772 srcPort>45903 dst>fd10:62:100::2/25572 
17:33:50.558809 OFF flow>7772 srcPort>45903 dst>fd10:62:100::2/25572 
17:33:50.603467 ON flow>8084 srcPort>45551 dst>fd10:62:100::2/25884 
17:33:50.607933 CONNECT flow>8084 srcPort>45551 dst>fd10:62:100::2/25884 
17:33:50.661187 ON flow>8092 srcPort>41301 dst>fd10:62:100::2/25892 
17:33:50.666649 CONNECT flow>8092 srcPort>41301 dst>fd10:62:100::2/25892 
17:33:50.674840 SHUTDOWN flow>7780 srcPort>41477 dst>fd10:62:100::2/25580 
17:33:50.680012 OFF flow>7780 srcPort>41477 dst>fd10:62:100::2/25580 
17:33:50.766409 ON flow>8100 srcPort>43245 dst>fd10:62:100::2/25900 
17:33:50.771275 CONNECT flow>8100 srcPort>43245 dst>fd10:62:100::2/25900 
17:33:50.941138 ON flow>8108 srcPort>45439 dst>fd10:62:100::2/25908 
17:33:50.941939 SHUTDOWN flow>7788 srcPort>37001 dst>fd10:62:100::2/25588 
17:33:50.946418 CONNECT flow>8108 srcPort>45439 dst>fd10:62:100::2/25908 
17:33:50.947827 OFF flow>7788 srcPort>37001 dst>fd10:62:100::2/25588 
17:33:51.034085 ON flow>8116 srcPort>42463 dst>fd10:62:100::2/25916 
17:33:51.042389 CONNECT flow>8116 srcPort>42463 dst>fd10:62:100::2/25916 
17:33:51.090141 SHUTDOWN flow>7796 srcPort>37265 dst>fd10:62:100::2/25596 
17:33:51.097914 OFF flow>7796 srcPort>37265 dst>fd10:62:100::2/25596 
17:33:51.281212 ON flow>8124 srcPort>45087 dst>fd10:62:100::2/25924 
17:33:51.296509 CONNECT flow>8124 srcPort>45087 dst>fd10:62:100::2/25924 
17:33:51.310755 SHUTDOWN flow>7804 srcPort>35661 dst>fd10:62:100::2/25604 
17:33:51.328387 OFF flow>7804 srcPort>35661 dst>fd10:62:100::2/25604 
17:33:51.360027 ON flow>8132 srcPort>33499 dst>fd10:62:100::2/25932 
17:33:51.380559 CONNECT flow>8132 srcPort>33499 dst>fd10:62:100::2/25932 
17:33:51.478260 SHUTDOWN flow>7812 srcPort>44811 dst>fd10:62:100::2/25612 
17:33:51.480519 ON flow>8140 srcPort>43041 dst>fd10:62:100::2/25940 
17:33:51.507977 OFF flow>7812 srcPort>44811 dst>fd10:62:100::2/25612 
17:33:51.508869 CONNECT flow>8140 srcPort>43041 dst>fd10:62:100::2/25940 
17:33:51.539938 SHUTDOWN flow>7820 srcPort>42593 dst>fd10:62:100::2/25620 
17:33:51.570051 ON flow>8148 srcPort>40335 dst>fd10:62:100::2/25948 
17:33:51.574199 OFF flow>7820 srcPort>42593 dst>fd10:62:100::2/25620 
17:33:51.604407 CONNECT flow>8148 srcPort>40335 dst>fd10:62:100::2/25948 
17:33:51.636013 ON flow>8156 srcPort>38769 dst>fd10:62:100::2/25956 
17:33:51.678159 CONNECT flow>8156 srcPort>38769 dst>fd10:62:100::2/25956 
17:33:51.680655 SHUTDOWN flow>7828 srcPort>35563 dst>fd10:62:100::2/25628 
17:33:51.729416 ON flow>8164 srcPort>43179 dst>fd10:62:100::2/25964 
17:33:51.729439 OFF flow>7828 srcPort>35563 dst>fd10:62:100::2/25628 
17:33:51.781412 CONNECT flow>8164 srcPort>43179 dst>fd10:62:100::2/25964 
17:33:51.851289 SHUTDOWN flow>7836 srcPort>33497 dst>fd10:62:100::2/25636 
17:33:51.889739 ON flow>8172 srcPort>46335 dst>fd10:62:100::2/25972 
17:33:51.918182 OFF flow>7836 srcPort>33497 dst>fd10:62:100::2/25636 
17:33:51.959640 CONNECT flow>8172 srcPort>46335 dst>fd10:62:100::2/25972 
17:33:51.993051 SHUTDOWN flow>7844 srcPort>39741 dst>fd10:62:100::2/25644 
17:33:52.084595 OFF flow>7844 srcPort>39741 dst>fd10:62:100::2/25644 
17:33:52.091050 SHUTDOWN flow>7852 srcPort>39543 dst>fd10:62:100::2/25652 
17:33:52.176676 ON flow>8180 srcPort>40549 dst>fd10:62:100::2/25980 
17:33:52.178364 OFF flow>7852 srcPort>39543 dst>fd10:62:100::2/25652 
17:33:52.261374 CONNECT flow>8180 srcPort>40549 dst>fd10:62:100::2/25980 
17:33:52.292858 SHUTDOWN flow>7860 srcPort>44237 dst>fd10:62:100::2/25660 
17:33:52.410673 OFF flow>7860 srcPort>44237 dst>fd10:62:100::2/25660 
17:33:52.477564 SHUTDOWN flow>7868 srcPort>35705 dst>fd10:62:100::2/25668 
17:33:52.515268 ON flow>8188 srcPort>41541 dst>fd10:62:100::2/25988 
17:33:52.558307 CONNECT flow>8188 srcPort>41541 dst>fd10:62:100::2/25988 
17:33:52.629002 SHUTDOWN flow>7876 srcPort>33577 dst>fd10:62:100::2/25676 
17:33:52.631163 ON flow>8196 srcPort>45385 dst>fd10:62:100::2/25996 
17:33:52.658183 CONNECT flow>8196 srcPort>45385 dst>fd10:62:100::2/25996 
17:33:52.681550 OFF flow>7868 srcPort>35705 dst>fd10:62:100::2/25668 
17:33:52.749267 SHUTDOWN flow>7884 srcPort>44097 dst>fd10:62:100::2/25684 
17:33:52.759771 OFF flow>7876 srcPort>33577 dst>fd10:62:100::2/25676 
17:33:52.879642 ON flow>8204 srcPort>44425 dst>fd10:62:100::2/26004 
17:33:52.889131 CONNECT flow>8204 srcPort>44425 dst>fd10:62:100::2/26004 
17:33:52.907119 OFF flow>7884 srcPort>44097 dst>fd10:62:100::2/25684 
17:33:52.927466 SHUTDOWN flow>7892 srcPort>39505 dst>fd10:62:100::2/25692 
17:33:52.988133 OFF flow>7892 srcPort>39505 dst>fd10:62:100::2/25692 
17:33:53.053842 ON flow>8212 srcPort>38359 dst>fd10:62:100::2/26012 
17:33:53.061270 CONNECT flow>8212 srcPort>38359 dst>fd10:62:100::2/26012 
17:33:53.172712 ON flow>8220 srcPort>46317 dst>fd10:62:100::2/26020 
17:33:53.181560 CONNECT flow>8220 srcPort>46317 dst>fd10:62:100::2/26020 
17:33:53.209494 ON flow>8228 srcPort>44953 dst>fd10:62:100::2/26028 
17:33:53.217858 CONNECT flow>8228 srcPort>44953 dst>fd10:62:100::2/26028 
17:33:53.245185 ON flow>8236 srcPort>42117 dst>fd10:62:100::2/26036 
17:33:53.254396 CONNECT flow>8236 srcPort>42117 dst>fd10:62:100::2/26036 
17:33:53.371040 SHUTDOWN flow>7900 srcPort>35259 dst>fd10:62:100::2/25700 
17:33:53.381917 SHUTDOWN flow>7908 srcPort>39561 dst>fd10:62:100::2/25708 
17:33:53.383580 ON flow>8244 srcPort>41509 dst>fd10:62:100::2/26044 
17:33:53.392982 OFF flow>7908 srcPort>39561 dst>fd10:62:100::2/25708 
17:33:53.393498 CONNECT flow>8244 srcPort>41509 dst>fd10:62:100::2/26044 
17:33:53.447197 SHUTDOWN flow>7916 srcPort>42659 dst>fd10:62:100::2/25716 
17:33:53.485260 OFF flow>7916 srcPort>42659 dst>fd10:62:100::2/25716 
17:33:53.492664 ON flow>8252 srcPort>37283 dst>fd10:62:100::2/26052 
17:33:53.502198 CONNECT flow>8252 srcPort>37283 dst>fd10:62:100::2/26052 
17:33:53.611299 ON flow>8260 srcPort>34671 dst>fd10:62:100::2/26060 
17:33:53.621242 CONNECT flow>8260 srcPort>34671 dst>fd10:62:100::2/26060 
17:33:53.629079 SHUTDOWN flow>7924 srcPort>44305 dst>fd10:62:100::2/25724 
17:33:53.651480 OFF flow>7924 srcPort>44305 dst>fd10:62:100::2/25724 
17:33:53.706954 OFF flow>7900 srcPort>35259 dst>fd10:62:100::2/25700 
17:33:53.758386 SHUTDOWN flow>7932 srcPort>40987 dst>fd10:62:100::2/25732 
17:33:53.788595 ON flow>8268 srcPort>46205 dst>fd10:62:100::2/26068 
17:33:53.799457 CONNECT flow>8268 srcPort>46205 dst>fd10:62:100::2/26068 
17:33:53.919281 SHUTDOWN flow>7940 srcPort>38217 dst>fd10:62:100::2/25740 
17:33:53.925579 OFF flow>7932 srcPort>40987 dst>fd10:62:100::2/25732 
17:33:53.974068 ON flow>8276 srcPort>42815 dst>fd10:62:100::2/26076 
17:33:53.984225 CONNECT flow>8276 srcPort>42815 dst>fd10:62:100::2/26076 
17:33:54.010391 SHUTDOWN flow>7948 srcPort>45703 dst>fd10:62:100::2/25748 
17:33:54.097599 ON flow>8284 srcPort>45109 dst>fd10:62:100::2/26084 
17:33:54.107011 CONNECT flow>8284 srcPort>45109 dst>fd10:62:100::2/26084 
17:33:54.115138 OFF flow>7948 srcPort>45703 dst>fd10:62:100::2/25748 
17:33:54.120795 SHUTDOWN flow>7956 srcPort>38815 dst>fd10:62:100::2/25756 
17:33:54.152235 OFF flow>7940 srcPort>38217 dst>fd10:62:100::2/25740 
17:33:54.219215 SHUTDOWN flow>7964 srcPort>46617 dst>fd10:62:100::2/25764 
17:33:54.307834 ON flow>8292 srcPort>40801 dst>fd10:62:100::2/26092 
17:33:54.318990 CONNECT flow>8292 srcPort>40801 dst>fd10:62:100::2/26092 
17:33:54.326843 OFF flow>7964 srcPort>46617 dst>fd10:62:100::2/25764 
17:33:54.360065 SHUTDOWN flow>7972 srcPort>41593 dst>fd10:62:100::2/25772 
17:33:54.362893 SHUTDOWN flow>7980 srcPort>37297 dst>fd10:62:100::2/25780 
17:33:54.443159 ON flow>8300 srcPort>38351 dst>fd10:62:100::2/26100 
17:33:54.454405 CONNECT flow>8300 srcPort>38351 dst>fd10:62:100::2/26100 
17:33:54.455699 SHUTDOWN flow>7988 srcPort>41465 dst>fd10:62:100::2/25788 
17:33:54.513290 OFF flow>7956 srcPort>38815 dst>fd10:62:100::2/25756 
17:33:54.526907 SHUTDOWN flow>7996 srcPort>35117 dst>fd10:62:100::2/25796 
17:33:54.571507 ON flow>8308 srcPort>35087 dst>fd10:62:100::2/26108 
17:33:54.581555 SHUTDOWN flow>8004 srcPort>44443 dst>fd10:62:100::2/25804 
17:33:54.581968 CONNECT flow>8308 srcPort>35087 dst>fd10:62:100::2/26108 
17:33:54.612045 OFF flow>7980 srcPort>37297 dst>fd10:62:100::2/25780 
17:33:54.614510 OFF flow>7972 srcPort>41593 dst>fd10:62:100::2/25772 
17:33:54.647461 SHUTDOWN flow>8012 srcPort>37789 dst>fd10:62:100::2/25812 
17:33:54.674307 OFF flow>7996 srcPort>35117 dst>fd10:62:100::2/25796 
17:33:54.690968 OFF flow>8004 srcPort>44443 dst>fd10:62:100::2/25804 
17:33:54.694482 ON flow>8316 srcPort>39409 dst>fd10:62:100::2/26116 
17:33:54.699504 OFF flow>7988 srcPort>41465 dst>fd10:62:100::2/25788 
17:33:54.705305 CONNECT flow>8316 srcPort>39409 dst>fd10:62:100::2/26116 
17:33:54.772659 SHUTDOWN flow>8028 srcPort>42639 dst>fd10:62:100::2/25828 
17:33:54.776989 ON flow>8324 srcPort>38321 dst>fd10:62:100::2/26124 
17:33:54.787363 CONNECT flow>8324 srcPort>38321 dst>fd10:62:100::2/26124 
17:33:54.796028 SHUTDOWN flow>8020 srcPort>42381 dst>fd10:62:100::2/25820 
17:33:54.806413 SHUTDOWN flow>8036 srcPort>41393 dst>fd10:62:100::2/25836 
17:33:54.865896 SHUTDOWN flow>8044 srcPort>36631 dst>fd10:62:100::2/25844 
17:33:54.907935 OFF flow>8028 srcPort>42639 dst>fd10:62:100::2/25828 
17:33:54.948818 ON flow>8332 srcPort>43443 dst>fd10:62:100::2/26132 
17:33:54.959642 CONNECT flow>8332 srcPort>43443 dst>fd10:62:100::2/26132 
17:33:54.968141 OFF flow>8012 srcPort>37789 dst>fd10:62:100::2/25812 
17:33:54.984184 OFF flow>8020 srcPort>42381 dst>fd10:62:100::2/25820 
17:33:55.004824 OFF flow>8036 srcPort>41393 dst>fd10:62:100::2/25836 
17:33:55.034767 SHUTDOWN flow>8052 srcPort>34297 dst>fd10:62:100::2/25852 
17:33:55.041074 OFF flow>8044 srcPort>36631 dst>fd10:62:100::2/25844 
17:33:55.105723 ON flow>8340 srcPort>38001 dst>fd10:62:100::2/26140 
17:33:55.113192 OFF flow>8052 srcPort>34297 dst>fd10:62:100::2/25852 
17:33:55.147890 SHUTDOWN flow>8060 srcPort>38863 dst>fd10:62:100::2/25860 
17:33:55.173273 OFF flow>8060 srcPort>38863 dst>fd10:62:100::2/25860 
17:33:55.232297 SHUTDOWN flow>8068 srcPort>40671 dst>fd10:62:100::2/25868 
17:33:55.262274 ON flow>8348 srcPort>35617 dst>fd10:62:100::2/26148 
17:33:55.263519 OFF flow>8068 srcPort>40671 dst>fd10:62:100::2/25868 
17:33:55.271828 CONNECT flow>8348 srcPort>35617 dst>fd10:62:100::2/26148 
17:33:55.307179 SHUTDOWN flow>8076 srcPort>37647 dst>fd10:62:100::2/25876 
17:33:55.403194 SHUTDOWN flow>8084 srcPort>45551 dst>fd10:62:100::2/25884 
17:33:55.476503 SHUTDOWN flow>8092 srcPort>41301 dst>fd10:62:100::2/25892 
17:33:55.481439 OFF flow>8076 srcPort>37647 dst>fd10:62:100::2/25876 
17:33:55.566175 SHUTDOWN flow>8100 srcPort>43245 dst>fd10:62:100::2/25900 
17:33:55.702437 ON flow>8356 srcPort>45451 dst>fd10:62:100::2/26156 
17:33:55.712805 CONNECT flow>8356 srcPort>45451 dst>fd10:62:100::2/26156 
17:33:55.740972 SHUTDOWN flow>8108 srcPort>45439 dst>fd10:62:100::2/25908 
17:33:55.823501 OFF flow>8092 srcPort>41301 dst>fd10:62:100::2/25892 
17:33:55.834067 ON flow>8364 srcPort>46753 dst>fd10:62:100::2/26164 
17:33:55.844436 CONNECT flow>8364 srcPort>46753 dst>fd10:62:100::2/26164 
17:33:55.913936 SHUTDOWN flow>8116 srcPort>42463 dst>fd10:62:100::2/25916 
17:33:55.986547 ON flow>8372 srcPort>45917 dst>fd10:62:100::2/26172 
17:33:55.997522 CONNECT flow>8372 srcPort>45917 dst>fd10:62:100::2/26172 
17:33:56.028996 OFF flow>8100 srcPort>43245 dst>fd10:62:100::2/25900 
17:33:56.062597 ON flow>8380 srcPort>37381 dst>fd10:62:100::2/26180 
17:33:56.072578 CONNECT flow>8380 srcPort>37381 dst>fd10:62:100::2/26180 
17:33:56.081079 SHUTDOWN flow>8124 srcPort>45087 dst>fd10:62:100::2/25924 
17:33:56.097228 OFF flow>8116 srcPort>42463 dst>fd10:62:100::2/25916 
17:33:56.128569 ON flow>8388 srcPort>44349 dst>fd10:62:100::2/26188 
17:33:56.135287 OFF flow>8108 srcPort>45439 dst>fd10:62:100::2/25908 
17:33:56.140437 CONNECT flow>8388 srcPort>44349 dst>fd10:62:100::2/26188 
17:33:56.140486 CONNECT flow>8340 srcPort>38001 dst>fd10:62:100::2/26140 
17:33:56.159767 SHUTDOWN flow>8132 srcPort>33499 dst>fd10:62:100::2/25932 
17:33:56.170081 ON flow>8396 srcPort>36209 dst>fd10:62:100::2/26196 
17:33:56.183591 CONNECT flow>8396 srcPort>36209 dst>fd10:62:100::2/26196 
17:33:56.259027 ON flow>8404 srcPort>34969 dst>fd10:62:100::2/26204 
17:33:56.270497 CONNECT flow>8404 srcPort>34969 dst>fd10:62:100::2/26204 
17:33:56.280390 SHUTDOWN flow>8140 srcPort>43041 dst>fd10:62:100::2/25940 
17:33:56.369925 SHUTDOWN flow>8148 srcPort>40335 dst>fd10:62:100::2/25948 
17:33:56.375533 OFF flow>8084 srcPort>45551 dst>fd10:62:100::2/25884 
17:33:56.380469 ON flow>8412 srcPort>32973 dst>fd10:62:100::2/26212 
17:33:56.391703 CONNECT flow>8412 srcPort>32973 dst>fd10:62:100::2/26212 
17:33:56.429071 ON flow>8420 srcPort>44665 dst>fd10:62:100::2/26220 
17:33:56.435776 SHUTDOWN flow>8156 srcPort>38769 dst>fd10:62:100::2/25956 
17:33:56.440179 CONNECT flow>8420 srcPort>44665 dst>fd10:62:100::2/26220 
17:33:56.509569 OFF flow>8148 srcPort>40335 dst>fd10:62:100::2/25948 
17:33:56.518422 OFF flow>8124 srcPort>45087 dst>fd10:62:100::2/25924 
17:33:56.520572 ON flow>8428 srcPort>36859 dst>fd10:62:100::2/26228 
17:33:56.529179 SHUTDOWN flow>8164 srcPort>43179 dst>fd10:62:100::2/25964 
17:33:56.530958 CONNECT flow>8428 srcPort>36859 dst>fd10:62:100::2/26228 
17:33:56.555258 OFF flow>8164 srcPort>43179 dst>fd10:62:100::2/25964 
17:33:56.574071 OFF flow>8132 srcPort>33499 dst>fd10:62:100::2/25932 
17:33:56.632250 OFF flow>8140 srcPort>43041 dst>fd10:62:100::2/25940 
17:33:56.689180 OFF flow>8156 srcPort>38769 dst>fd10:62:100::2/25956 
17:33:56.689477 SHUTDOWN flow>8172 srcPort>46335 dst>fd10:62:100::2/25972 
17:33:56.713669 OFF flow>8172 srcPort>46335 dst>fd10:62:100::2/25972 
17:33:56.884143 ON flow>8436 srcPort>33557 dst>fd10:62:100::2/26236 
17:33:56.894236 CONNECT flow>8436 srcPort>33557 dst>fd10:62:100::2/26236 
17:33:56.990942 SHUTDOWN flow>8180 srcPort>40549 dst>fd10:62:100::2/25980 
17:33:57.038626 OFF flow>8180 srcPort>40549 dst>fd10:62:100::2/25980 
17:33:57.111041 ON flow>8444 srcPort>42485 dst>fd10:62:100::2/26244 
17:33:57.123275 CONNECT flow>8444 srcPort>42485 dst>fd10:62:100::2/26244 
17:33:57.219812 ON flow>8452 srcPort>33619 dst>fd10:62:100::2/26252 
17:33:57.234190 CONNECT flow>8452 srcPort>33619 dst>fd10:62:100::2/26252 
17:33:57.308835 ON flow>8460 srcPort>38059 dst>fd10:62:100::2/26260 
17:33:57.323858 CONNECT flow>8460 srcPort>38059 dst>fd10:62:100::2/26260 
17:33:57.351426 SHUTDOWN flow>8188 srcPort>41541 dst>fd10:62:100::2/25988 
17:33:57.396005 ON flow>8468 srcPort>46775 dst>fd10:62:100::2/26268 
17:33:57.409762 CONNECT flow>8468 srcPort>46775 dst>fd10:62:100::2/26268 
17:33:57.410362 OFF flow>8188 srcPort>41541 dst>fd10:62:100::2/25988 
17:33:57.430913 SHUTDOWN flow>8196 srcPort>45385 dst>fd10:62:100::2/25996 
17:33:57.499848 OFF flow>8196 srcPort>45385 dst>fd10:62:100::2/25996 
17:33:57.525303 ON flow>8476 srcPort>34143 dst>fd10:62:100::2/26276 
17:33:57.537753 CONNECT flow>8476 srcPort>34143 dst>fd10:62:100::2/26276 
17:33:57.662805 ON flow>8484 srcPort>43783 dst>fd10:62:100::2/26284 
17:33:57.677506 CONNECT flow>8484 srcPort>43783 dst>fd10:62:100::2/26284 
17:33:57.679476 SHUTDOWN flow>8204 srcPort>44425 dst>fd10:62:100::2/26004 
17:33:57.712790 OFF flow>8204 srcPort>44425 dst>fd10:62:100::2/26004 
17:33:57.737997 ON flow>8492 srcPort>40871 dst>fd10:62:100::2/26292 
17:33:57.752123 CONNECT flow>8492 srcPort>40871 dst>fd10:62:100::2/26292 
17:33:57.853747 SHUTDOWN flow>8212 srcPort>38359 dst>fd10:62:100::2/26012 
17:33:57.910043 OFF flow>8212 srcPort>38359 dst>fd10:62:100::2/26012 
17:33:58.009213 SHUTDOWN flow>8228 srcPort>44953 dst>fd10:62:100::2/26028 
17:33:58.080755 OFF flow>8228 srcPort>44953 dst>fd10:62:100::2/26028 
17:33:58.094766 SHUTDOWN flow>8236 srcPort>42117 dst>fd10:62:100::2/26036 
17:33:58.107170 SHUTDOWN flow>8220 srcPort>46317 dst>fd10:62:100::2/26020 
17:33:58.183326 SHUTDOWN flow>8244 srcPort>41509 dst>fd10:62:100::2/26044 
17:33:58.196718 OFF flow>8236 srcPort>42117 dst>fd10:62:100::2/26036 
17:33:58.206883 OFF flow>8220 srcPort>46317 dst>fd10:62:100::2/26020 
17:33:58.292589 SHUTDOWN flow>8252 srcPort>37283 dst>fd10:62:100::2/26052 
17:33:58.363895 OFF flow>8244 srcPort>41509 dst>fd10:62:100::2/26044 
17:33:58.369050 ON flow>8500 srcPort>41765 dst>fd10:62:100::2/26300 
17:33:58.381696 CONNECT flow>8500 srcPort>41765 dst>fd10:62:100::2/26300 
17:33:58.405930 OFF flow>8252 srcPort>37283 dst>fd10:62:100::2/26052 
17:33:58.430531 SHUTDOWN flow>8260 srcPort>34671 dst>fd10:62:100::2/26060 
17:33:58.465399 OFF flow>8260 srcPort>34671 dst>fd10:62:100::2/26060 
17:33:58.588321 SHUTDOWN flow>8268 srcPort>46205 dst>fd10:62:100::2/26068 
17:33:58.621587 OFF flow>8268 srcPort>46205 dst>fd10:62:100::2/26068 
17:33:58.709790 ON flow>8508 srcPort>43083 dst>fd10:62:100::2/26308 
17:33:58.723481 CONNECT flow>8508 srcPort>43083 dst>fd10:62:100::2/26308 
17:33:58.773884 SHUTDOWN flow>8276 srcPort>42815 dst>fd10:62:100::2/26076 
17:33:58.789501 OFF flow>8276 srcPort>42815 dst>fd10:62:100::2/26076 
17:33:58.851769 ON flow>8516 srcPort>38395 dst>fd10:62:100::2/26316 
17:33:58.864549 CONNECT flow>8516 srcPort>38395 dst>fd10:62:100::2/26316 
17:33:58.897403 SHUTDOWN flow>8284 srcPort>45109 dst>fd10:62:100::2/26084 
17:33:58.936513 ON flow>8524 srcPort>35243 dst>fd10:62:100::2/26324 
17:33:58.943524 OFF flow>8284 srcPort>45109 dst>fd10:62:100::2/26084 
17:33:58.949727 CONNECT flow>8524 srcPort>35243 dst>fd10:62:100::2/26324 
17:33:59.016856 ON flow>8532 srcPort>33331 dst>fd10:62:100::2/26332 
17:33:59.031451 CONNECT flow>8532 srcPort>33331 dst>fd10:62:100::2/26332 
17:33:59.103785 ON flow>8540 srcPort>46365 dst>fd10:62:100::2/26340 
17:33:59.107585 SHUTDOWN flow>8292 srcPort>40801 dst>fd10:62:100::2/26092 
17:33:59.118294 CONNECT flow>8540 srcPort>46365 dst>fd10:62:100::2/26340 
17:33:59.170355 ON flow>8548 srcPort>37991 dst>fd10:62:100::2/26348 
17:33:59.185422 CONNECT flow>8548 srcPort>37991 dst>fd10:62:100::2/26348 
17:33:59.210604 OFF flow>8292 srcPort>40801 dst>fd10:62:100::2/26092 
17:33:59.242803 SHUTDOWN flow>8300 srcPort>38351 dst>fd10:62:100::2/26100 
17:33:59.261404 ON flow>8556 srcPort>40683 dst>fd10:62:100::2/26356 
17:33:59.275354 CONNECT flow>8556 srcPort>40683 dst>fd10:62:100::2/26356 
17:33:59.285450 OFF flow>8300 srcPort>38351 dst>fd10:62:100::2/26100 
17:33:59.363712 ON flow>8564 srcPort>46457 dst>fd10:62:100::2/26364 
17:33:59.379192 CONNECT flow>8564 srcPort>46457 dst>fd10:62:100::2/26364 
17:33:59.423493 SHUTDOWN flow>8308 srcPort>35087 dst>fd10:62:100::2/26108 
17:33:59.471216 OFF flow>8308 srcPort>35087 dst>fd10:62:100::2/26108 
17:33:59.489876 ON flow>8572 srcPort>45111 dst>fd10:62:100::2/26372 
17:33:59.494240 SHUTDOWN flow>8316 srcPort>39409 dst>fd10:62:100::2/26116 
17:33:59.506948 CONNECT flow>8572 srcPort>45111 dst>fd10:62:100::2/26372 
17:33:59.571914 OFF flow>8316 srcPort>39409 dst>fd10:62:100::2/26116 
17:33:59.576687 SHUTDOWN flow>8324 srcPort>38321 dst>fd10:62:100::2/26124 
17:33:59.593855 ON flow>8580 srcPort>39381 dst>fd10:62:100::2/26380 
17:33:59.611799 CONNECT flow>8580 srcPort>39381 dst>fd10:62:100::2/26380 
17:33:59.652209 OFF flow>8324 srcPort>38321 dst>fd10:62:100::2/26124 
17:33:59.748602 SHUTDOWN flow>8332 srcPort>43443 dst>fd10:62:100::2/26132 
17:33:59.791462 OFF flow>8332 srcPort>43443 dst>fd10:62:100::2/26132 
17:33:59.853684 ON flow>8588 srcPort>46407 dst>fd10:62:100::2/26388 
17:33:59.871880 CONNECT flow>8588 srcPort>46407 dst>fd10:62:100::2/26388 
17:33:59.876308 ON flow>8596 srcPort>34673 dst>fd10:62:100::2/26396 
17:33:59.893442 CONNECT flow>8596 srcPort>34673 dst>fd10:62:100::2/26396 
17:33:59.905424 SHUTDOWN flow>8340 srcPort>38001 dst>fd10:62:100::2/26140 
17:33:59.980125 ON flow>8604 srcPort>38283 dst>fd10:62:100::2/26404 
17:33:59.995800 CONNECT flow>8604 srcPort>38283 dst>fd10:62:100::2/26404 
17:34:00.062085 SHUTDOWN flow>8348 srcPort>35617 dst>fd10:62:100::2/26148 
17:34:00.099986 ON flow>8612 srcPort>37773 dst>fd10:62:100::2/26412 
17:34:00.115676 CONNECT flow>8612 srcPort>37773 dst>fd10:62:100::2/26412 
17:34:00.168078 OFF flow>8340 srcPort>38001 dst>fd10:62:100::2/26140 
17:34:00.198496 ON flow>8620 srcPort>45945 dst>fd10:62:100::2/26420 
17:34:00.215556 CONNECT flow>8620 srcPort>45945 dst>fd10:62:100::2/26420 
17:34:00.265695 ON flow>8628 srcPort>39179 dst>fd10:62:100::2/26428 
17:34:00.282887 CONNECT flow>8628 srcPort>39179 dst>fd10:62:100::2/26428 
17:34:00.330690 OFF flow>8348 srcPort>35617 dst>fd10:62:100::2/26148 
17:34:00.489477 ON flow>8636 srcPort>37903 dst>fd10:62:100::2/26436 
17:34:00.502268 SHUTDOWN flow>8356 srcPort>45451 dst>fd10:62:100::2/26156 
17:34:00.507866 CONNECT flow>8636 srcPort>37903 dst>fd10:62:100::2/26436 
17:34:00.617258 ON flow>8644 srcPort>46113 dst>fd10:62:100::2/26444 
17:34:00.633878 SHUTDOWN flow>8364 srcPort>46753 dst>fd10:62:100::2/26164 
17:34:00.636607 CONNECT flow>8644 srcPort>46113 dst>fd10:62:100::2/26444 
17:34:00.718588 ON flow>8652 srcPort>40737 dst>fd10:62:100::2/26452 
17:34:00.736082 CONNECT flow>8652 srcPort>40737 dst>fd10:62:100::2/26452 
17:34:00.775243 OFF flow>8356 srcPort>45451 dst>fd10:62:100::2/26156 
17:34:00.786300 SHUTDOWN flow>8372 srcPort>45917 dst>fd10:62:100::2/26172 
17:34:00.828691 ON flow>8660 srcPort>34405 dst>fd10:62:100::2/26460 
17:34:00.847773 CONNECT flow>8660 srcPort>34405 dst>fd10:62:100::2/26460 
17:34:00.893665 OFF flow>8372 srcPort>45917 dst>fd10:62:100::2/26172 
17:34:00.928434 SHUTDOWN flow>8388 srcPort>44349 dst>fd10:62:100::2/26188 
17:34:00.945241 ON flow>8668 srcPort>44687 dst>fd10:62:100::2/26468 
17:34:00.948860 SHUTDOWN flow>8380 srcPort>37381 dst>fd10:62:100::2/26180 
17:34:00.968955 CONNECT flow>8668 srcPort>44687 dst>fd10:62:100::2/26468 
17:34:00.970010 SHUTDOWN flow>8396 srcPort>36209 dst>fd10:62:100::2/26196 
17:34:01.015047 OFF flow>8364 srcPort>46753 dst>fd10:62:100::2/26164 
17:34:01.058865 SHUTDOWN flow>8404 srcPort>34969 dst>fd10:62:100::2/26204 
17:34:01.060953 ON flow>8676 srcPort>40635 dst>fd10:62:100::2/26476 
17:34:01.072634 OFF flow>8396 srcPort>36209 dst>fd10:62:100::2/26196 
17:34:01.080527 CONNECT flow>8676 srcPort>40635 dst>fd10:62:100::2/26476 
17:34:01.136647 ON flow>8684 srcPort>34893 dst>fd10:62:100::2/26484 
17:34:01.158711 CONNECT flow>8684 srcPort>34893 dst>fd10:62:100::2/26484 
17:34:01.162262 OFF flow>8404 srcPort>34969 dst>fd10:62:100::2/26204 
17:34:01.165364 OFF flow>8380 srcPort>37381 dst>fd10:62:100::2/26180 
17:34:01.180279 SHUTDOWN flow>8412 srcPort>32973 dst>fd10:62:100::2/26212 
17:34:01.228911 SHUTDOWN flow>8420 srcPort>44665 dst>fd10:62:100::2/26220 
17:34:01.244371 OFF flow>8388 srcPort>44349 dst>fd10:62:100::2/26188 
17:34:01.250015 OFF flow>8412 srcPort>32973 dst>fd10:62:100::2/26212 
17:34:01.263485 ON flow>8692 srcPort>45559 dst>fd10:62:100::2/26492 
17:34:01.283507 CONNECT flow>8692 srcPort>45559 dst>fd10:62:100::2/26492 
17:34:01.340673 ON flow>8700 srcPort>44377 dst>fd10:62:100::2/26500 
17:34:01.358367 CONNECT flow>8700 srcPort>44377 dst>fd10:62:100::2/26500 
17:34:01.400201 SHUTDOWN flow>8428 srcPort>36859 dst>fd10:62:100::2/26228 
17:34:01.482660 ON flow>8708 srcPort>35751 dst>fd10:62:100::2/26508 
17:34:01.502390 CONNECT flow>8708 srcPort>35751 dst>fd10:62:100::2/26508 
17:34:01.515893 OFF flow>8420 srcPort>44665 dst>fd10:62:100::2/26220 
17:34:01.542916 ON flow>8716 srcPort>45013 dst>fd10:62:100::2/26516 
17:34:01.559167 CONNECT flow>8716 srcPort>45013 dst>fd10:62:100::2/26516 
17:34:01.590896 ON flow>8724 srcPort>42575 dst>fd10:62:100::2/26524 
17:34:01.606708 OFF flow>8428 srcPort>36859 dst>fd10:62:100::2/26228 
17:34:01.607960 CONNECT flow>8724 srcPort>42575 dst>fd10:62:100::2/26524 
17:34:01.683876 SHUTDOWN flow>8436 srcPort>33557 dst>fd10:62:100::2/26236 
17:34:01.795194 ON flow>8732 srcPort>45623 dst>fd10:62:100::2/26532 
17:34:01.817179 CONNECT flow>8732 srcPort>45623 dst>fd10:62:100::2/26532 
17:34:01.879550 ON flow>8740 srcPort>44015 dst>fd10:62:100::2/26540 
17:34:01.896986 CONNECT flow>8740 srcPort>44015 dst>fd10:62:100::2/26540 
17:34:01.910784 SHUTDOWN flow>8444 srcPort>42485 dst>fd10:62:100::2/26244 
17:34:01.924552 OFF flow>8436 srcPort>33557 dst>fd10:62:100::2/26236 
17:34:01.998763 ON flow>8748 srcPort>32811 dst>fd10:62:100::2/26548 
17:34:02.015705 CONNECT flow>8748 srcPort>32811 dst>fd10:62:100::2/26548 
17:34:02.019669 SHUTDOWN flow>8452 srcPort>33619 dst>fd10:62:100::2/26252 
17:34:02.103151 ON flow>8756 srcPort>33773 dst>fd10:62:100::2/26556 
17:34:02.108683 SHUTDOWN flow>8460 srcPort>38059 dst>fd10:62:100::2/26260 
17:34:02.123338 CONNECT flow>8756 srcPort>33773 dst>fd10:62:100::2/26556 
17:34:02.140955 OFF flow>8452 srcPort>33619 dst>fd10:62:100::2/26252 
17:34:02.166004 ON flow>8764 srcPort>44259 dst>fd10:62:100::2/26564 
17:34:02.183652 CONNECT flow>8764 srcPort>44259 dst>fd10:62:100::2/26564 
17:34:02.249442 SHUTDOWN flow>8468 srcPort>46775 dst>fd10:62:100::2/26268 
17:34:02.278583 OFF flow>8460 srcPort>38059 dst>fd10:62:100::2/26260 
17:34:02.283137 OFF flow>8444 srcPort>42485 dst>fd10:62:100::2/26244 
17:34:02.284801 ON flow>8772 srcPort>43291 dst>fd10:62:100::2/26572 
17:34:02.301682 CONNECT flow>8772 srcPort>43291 dst>fd10:62:100::2/26572 
17:34:02.325084 SHUTDOWN flow>8476 srcPort>34143 dst>fd10:62:100::2/26276 
17:34:02.455700 ON flow>8780 srcPort>36035 dst>fd10:62:100::2/26580 
17:34:02.456307 OFF flow>8468 srcPort>46775 dst>fd10:62:100::2/26268 
17:34:02.478134 CONNECT flow>8780 srcPort>36035 dst>fd10:62:100::2/26580 
17:34:02.501494 SHUTDOWN flow>8484 srcPort>43783 dst>fd10:62:100::2/26284 
17:34:02.534520 ON flow>8788 srcPort>35655 dst>fd10:62:100::2/26588 
17:34:02.537892 SHUTDOWN flow>8492 srcPort>40871 dst>fd10:62:100::2/26292 
17:34:02.555447 CONNECT flow>8788 srcPort>35655 dst>fd10:62:100::2/26588 
17:34:02.604518 OFF flow>8484 srcPort>43783 dst>fd10:62:100::2/26284 
17:34:02.649222 OFF flow>8476 srcPort>34143 dst>fd10:62:100::2/26276 
17:34:02.746145 ON flow>8796 srcPort>37551 dst>fd10:62:100::2/26596 
17:34:02.769789 CONNECT flow>8796 srcPort>37551 dst>fd10:62:100::2/26596 
17:34:02.864308 ON flow>8804 srcPort>45259 dst>fd10:62:100::2/26604 
17:34:02.884702 CONNECT flow>8804 srcPort>45259 dst>fd10:62:100::2/26604 
17:34:02.941450 OFF flow>8492 srcPort>40871 dst>fd10:62:100::2/26292 
17:34:02.973807 ON flow>8812 srcPort>36849 dst>fd10:62:100::2/26612 
17:34:02.989658 CONNECT flow>8812 srcPort>36849 dst>fd10:62:100::2/26612 
17:34:03.303620 SHUTDOWN flow>8500 srcPort>41765 dst>fd10:62:100::2/26300 
17:34:03.565286 OFF flow>8500 srcPort>41765 dst>fd10:62:100::2/26300 
17:34:03.651485 SHUTDOWN flow>8516 srcPort>38395 dst>fd10:62:100::2/26316 
17:34:03.685859 SHUTDOWN flow>8508 srcPort>43083 dst>fd10:62:100::2/26308 
17:34:03.771299 SHUTDOWN flow>8524 srcPort>35243 dst>fd10:62:100::2/26324 
17:34:03.808586 ON flow>8820 srcPort>40759 dst>fd10:62:100::2/26620 
17:34:03.816681 SHUTDOWN flow>8532 srcPort>33331 dst>fd10:62:100::2/26332 
17:34:03.835445 CONNECT flow>8820 srcPort>40759 dst>fd10:62:100::2/26620 
17:34:03.906674 OFF flow>8532 srcPort>33331 dst>fd10:62:100::2/26332 
17:34:03.911854 OFF flow>8516 srcPort>38395 dst>fd10:62:100::2/26316 
17:34:03.950778 OFF flow>8524 srcPort>35243 dst>fd10:62:100::2/26324 
17:34:04.008090 SHUTDOWN flow>8540 srcPort>46365 dst>fd10:62:100::2/26340 
17:34:04.094409 ON flow>8828 srcPort>37735 dst>fd10:62:100::2/26628 
17:34:04.107117 CONNECT flow>8828 srcPort>37735 dst>fd10:62:100::2/26628 
17:34:04.137161 SHUTDOWN flow>8548 srcPort>37991 dst>fd10:62:100::2/26348 
17:34:04.147017 OFF flow>8508 srcPort>43083 dst>fd10:62:100::2/26308 
17:34:04.163387 SHUTDOWN flow>8564 srcPort>46457 dst>fd10:62:100::2/26364 
17:34:04.171998 OFF flow>8540 srcPort>46365 dst>fd10:62:100::2/26340 
17:34:04.184605 SHUTDOWN flow>8556 srcPort>40683 dst>fd10:62:100::2/26356 
17:34:04.299917 ON flow>8836 srcPort>43385 dst>fd10:62:100::2/26636 
17:34:04.312635 CONNECT flow>8836 srcPort>43385 dst>fd10:62:100::2/26636 
17:34:04.315220 SHUTDOWN flow>8572 srcPort>45111 dst>fd10:62:100::2/26372 
17:34:04.362417 OFF flow>8556 srcPort>40683 dst>fd10:62:100::2/26356 
17:34:04.380641 OFF flow>8548 srcPort>37991 dst>fd10:62:100::2/26348 
17:34:04.393708 SHUTDOWN flow>8580 srcPort>39381 dst>fd10:62:100::2/26380 
17:34:04.406519 OFF flow>8564 srcPort>46457 dst>fd10:62:100::2/26364 
17:34:04.413492 OFF flow>8580 srcPort>39381 dst>fd10:62:100::2/26380 
17:34:04.452200 ON flow>8844 srcPort>35253 dst>fd10:62:100::2/26644 
17:34:04.463688 CONNECT flow>8844 srcPort>35253 dst>fd10:62:100::2/26644 
17:34:04.623280 ON flow>8852 srcPort>43769 dst>fd10:62:100::2/26652 
17:34:04.634897 CONNECT flow>8852 srcPort>43769 dst>fd10:62:100::2/26652 
17:34:04.653476 SHUTDOWN flow>8588 srcPort>46407 dst>fd10:62:100::2/26388 
17:34:04.669911 OFF flow>8572 srcPort>45111 dst>fd10:62:100::2/26372 
17:34:04.676075 SHUTDOWN flow>8596 srcPort>34673 dst>fd10:62:100::2/26396 
17:34:04.699433 OFF flow>8596 srcPort>34673 dst>fd10:62:100::2/26396 
17:34:04.747599 ON flow>8860 srcPort>42361 dst>fd10:62:100::2/26660 
17:34:04.771227 CONNECT flow>8860 srcPort>42361 dst>fd10:62:100::2/26660 
17:34:04.779821 SHUTDOWN flow>8604 srcPort>38283 dst>fd10:62:100::2/26404 
17:34:04.813836 OFF flow>8604 srcPort>38283 dst>fd10:62:100::2/26404 
17:34:04.899729 SHUTDOWN flow>8612 srcPort>37773 dst>fd10:62:100::2/26412 
17:34:04.925336 ON flow>8868 srcPort>33947 dst>fd10:62:100::2/26668 
17:34:04.944943 CONNECT flow>8868 srcPort>33947 dst>fd10:62:100::2/26668 
17:34:04.951020 OFF flow>8612 srcPort>37773 dst>fd10:62:100::2/26412 
17:34:05.047789 ON flow>8876 srcPort>45849 dst>fd10:62:100::2/26676 
17:34:05.061080 CONNECT flow>8876 srcPort>45849 dst>fd10:62:100::2/26676 
17:34:05.090683 SHUTDOWN flow>8628 srcPort>39179 dst>fd10:62:100::2/26428 
17:34:05.101532 OFF flow>8588 srcPort>46407 dst>fd10:62:100::2/26388 
17:34:05.223286 ON flow>8884 srcPort>40347 dst>fd10:62:100::2/26684 
17:34:05.249522 CONNECT flow>8884 srcPort>40347 dst>fd10:62:100::2/26684 
17:34:05.289185 SHUTDOWN flow>8636 srcPort>37903 dst>fd10:62:100::2/26436 
17:34:05.296682 SHUTDOWN flow>8620 srcPort>45945 dst>fd10:62:100::2/26420 
17:34:05.299620 OFF flow>8628 srcPort>39179 dst>fd10:62:100::2/26428 
17:34:05.304429 ON flow>8892 srcPort>35881 dst>fd10:62:100::2/26692 
17:34:05.309640 OFF flow>8636 srcPort>37903 dst>fd10:62:100::2/26436 
17:34:05.330591 CONNECT flow>8892 srcPort>35881 dst>fd10:62:100::2/26692 
17:34:05.342818 ON flow>8900 srcPort>39303 dst>fd10:62:100::2/26700 
17:34:05.365337 CONNECT flow>8900 srcPort>39303 dst>fd10:62:100::2/26700 
17:34:05.435258 ON flow>8908 srcPort>39481 dst>fd10:62:100::2/26708 
17:34:05.465367 CONNECT flow>8908 srcPort>39481 dst>fd10:62:100::2/26708 
17:34:05.503626 SHUTDOWN flow>8644 srcPort>46113 dst>fd10:62:100::2/26444 
17:34:05.518383 SHUTDOWN flow>8652 srcPort>40737 dst>fd10:62:100::2/26452 
17:34:05.546876 ON flow>8916 srcPort>35255 dst>fd10:62:100::2/26716 
17:34:05.560706 OFF flow>8652 srcPort>40737 dst>fd10:62:100::2/26452 
17:34:05.568777 CONNECT flow>8916 srcPort>35255 dst>fd10:62:100::2/26716 
17:34:05.674503 ON flow>8924 srcPort>32995 dst>fd10:62:100::2/26724 
17:34:05.702023 CONNECT flow>8924 srcPort>32995 dst>fd10:62:100::2/26724 
17:34:05.714121 SHUTDOWN flow>8660 srcPort>34405 dst>fd10:62:100::2/26460 
17:34:05.750198 OFF flow>8644 srcPort>46113 dst>fd10:62:100::2/26444 
17:34:05.776031 OFF flow>8660 srcPort>34405 dst>fd10:62:100::2/26460 
17:34:05.795211 OFF flow>8620 srcPort>45945 dst>fd10:62:100::2/26420 
17:34:05.808387 ON flow>8932 srcPort>44195 dst>fd10:62:100::2/26732 
17:34:05.826423 SHUTDOWN flow>8668 srcPort>44687 dst>fd10:62:100::2/26468 
17:34:05.826843 CONNECT flow>8932 srcPort>44195 dst>fd10:62:100::2/26732 
17:34:05.912282 SHUTDOWN flow>8676 srcPort>40635 dst>fd10:62:100::2/26476 
17:34:06.007272 SHUTDOWN flow>8684 srcPort>34893 dst>fd10:62:100::2/26484 
17:34:06.021824 OFF flow>8668 srcPort>44687 dst>fd10:62:100::2/26468 
17:34:06.022165 ON flow>8940 srcPort>33933 dst>fd10:62:100::2/26740 
17:34:06.042698 CONNECT flow>8940 srcPort>33933 dst>fd10:62:100::2/26740 
17:34:06.083032 OFF flow>8676 srcPort>40635 dst>fd10:62:100::2/26476 
17:34:06.119131 SHUTDOWN flow>8692 srcPort>45559 dst>fd10:62:100::2/26492 
17:34:06.140500 SHUTDOWN flow>8700 srcPort>44377 dst>fd10:62:100::2/26500 
17:34:06.159310 OFF flow>8684 srcPort>34893 dst>fd10:62:100::2/26484 
17:34:06.265269 OFF flow>8692 srcPort>45559 dst>fd10:62:100::2/26492 
17:34:06.310724 ON flow>8948 srcPort>40977 dst>fd10:62:100::2/26748 
17:34:06.326946 CONNECT flow>8948 srcPort>40977 dst>fd10:62:100::2/26748 
17:34:06.342683 SHUTDOWN flow>8716 srcPort>45013 dst>fd10:62:100::2/26516 
17:34:06.346618 SHUTDOWN flow>8708 srcPort>35751 dst>fd10:62:100::2/26508 
17:34:06.377630 OFF flow>8700 srcPort>44377 dst>fd10:62:100::2/26500 
17:34:06.390595 SHUTDOWN flow>8724 srcPort>42575 dst>fd10:62:100::2/26524 
17:34:06.463389 OFF flow>8716 srcPort>45013 dst>fd10:62:100::2/26516 
17:34:06.497715 ON flow>8956 srcPort>46101 dst>fd10:62:100::2/26756 
17:34:06.516412 CONNECT flow>8956 srcPort>46101 dst>fd10:62:100::2/26756 
17:34:06.535788 OFF flow>8708 srcPort>35751 dst>fd10:62:100::2/26508 
17:34:06.544332 ON flow>8964 srcPort>44677 dst>fd10:62:100::2/26764 
17:34:06.560434 CONNECT flow>8964 srcPort>44677 dst>fd10:62:100::2/26764 
17:34:06.594832 SHUTDOWN flow>8732 srcPort>45623 dst>fd10:62:100::2/26532 
17:34:06.619058 ON flow>8972 srcPort>40837 dst>fd10:62:100::2/26772 
17:34:06.621971 OFF flow>8724 srcPort>42575 dst>fd10:62:100::2/26524 
17:34:06.638086 CONNECT flow>8972 srcPort>40837 dst>fd10:62:100::2/26772 
17:34:06.679369 SHUTDOWN flow>8740 srcPort>44015 dst>fd10:62:100::2/26540 
17:34:06.706982 ON flow>8980 srcPort>34071 dst>fd10:62:100::2/26780 
17:34:06.719959 OFF flow>8740 srcPort>44015 dst>fd10:62:100::2/26540 
17:34:06.725182 CONNECT flow>8980 srcPort>34071 dst>fd10:62:100::2/26780 
17:34:06.767067 OFF flow>8732 srcPort>45623 dst>fd10:62:100::2/26532 
17:34:06.777099 ON flow>8988 srcPort>34925 dst>fd10:62:100::2/26788 
17:34:06.793881 CONNECT flow>8988 srcPort>34925 dst>fd10:62:100::2/26788 
17:34:06.798323 SHUTDOWN flow>8748 srcPort>32811 dst>fd10:62:100::2/26548 
17:34:06.890891 OFF flow>8748 srcPort>32811 dst>fd10:62:100::2/26548 
17:34:06.902984 SHUTDOWN flow>8756 srcPort>33773 dst>fd10:62:100::2/26556 
17:34:06.965742 SHUTDOWN flow>8764 srcPort>44259 dst>fd10:62:100::2/26564 
17:34:07.014747 OFF flow>8764 srcPort>44259 dst>fd10:62:100::2/26564 
17:34:07.084524 SHUTDOWN flow>8772 srcPort>43291 dst>fd10:62:100::2/26572 
17:34:07.094540 OFF flow>8756 srcPort>33773 dst>fd10:62:100::2/26556 
17:34:07.121908 ON flow>8996 srcPort>38369 dst>fd10:62:100::2/26796 
17:34:07.146573 CONNECT flow>8996 srcPort>38369 dst>fd10:62:100::2/26796 
17:34:07.230158 ON flow>9004 srcPort>33335 dst>fd10:62:100::2/26804 
17:34:07.242282 CONNECT flow>9004 srcPort>33335 dst>fd10:62:100::2/26804 
17:34:07.255433 SHUTDOWN flow>8780 srcPort>36035 dst>fd10:62:100::2/26580 
17:34:07.275654 OFF flow>8780 srcPort>36035 dst>fd10:62:100::2/26580 
17:34:07.287975 OFF flow>8772 srcPort>43291 dst>fd10:62:100::2/26572 
17:34:07.334320 SHUTDOWN flow>8788 srcPort>35655 dst>fd10:62:100::2/26588 
17:34:07.345985 OFF flow>8788 srcPort>35655 dst>fd10:62:100::2/26588 
17:34:07.350330 ON flow>9012 srcPort>39823 dst>fd10:62:100::2/26812 
17:34:07.363543 CONNECT flow>9012 srcPort>39823 dst>fd10:62:100::2/26812 
17:34:07.450437 ON flow>9020 srcPort>46795 dst>fd10:62:100::2/26820 
17:34:07.463409 CONNECT flow>9020 srcPort>46795 dst>fd10:62:100::2/26820 
17:34:07.543471 ON flow>9028 srcPort>39017 dst>fd10:62:100::2/26828 
17:34:07.545911 SHUTDOWN flow>8796 srcPort>37551 dst>fd10:62:100::2/26596 
17:34:07.555414 CONNECT flow>9028 srcPort>39017 dst>fd10:62:100::2/26828 
17:34:07.576049 OFF flow>8796 srcPort>37551 dst>fd10:62:100::2/26596 
17:34:07.663960 SHUTDOWN flow>8804 srcPort>45259 dst>fd10:62:100::2/26604 
17:34:07.696881 OFF flow>8804 srcPort>45259 dst>fd10:62:100::2/26604 
17:34:07.773557 SHUTDOWN flow>8812 srcPort>36849 dst>fd10:62:100::2/26612 
17:34:07.780408 ON flow>9036 srcPort>36761 dst>fd10:62:100::2/26836 
17:34:07.794326 CONNECT flow>9036 srcPort>36761 dst>fd10:62:100::2/26836 
17:34:07.806709 OFF flow>8812 srcPort>36849 dst>fd10:62:100::2/26612 
17:34:07.949497 ON flow>9044 srcPort>36383 dst>fd10:62:100::2/26844 
17:34:07.963596 CONNECT flow>9044 srcPort>36383 dst>fd10:62:100::2/26844 
17:34:08.083219 ON flow>9052 srcPort>39275 dst>fd10:62:100::2/26852 
17:34:08.098362 CONNECT flow>9052 srcPort>39275 dst>fd10:62:100::2/26852 
17:34:08.215269 ON flow>9060 srcPort>36009 dst>fd10:62:100::2/26860 
17:34:08.232421 CONNECT flow>9060 srcPort>36009 dst>fd10:62:100::2/26860 
17:34:08.323844 ON flow>9068 srcPort>44119 dst>fd10:62:100::2/26868 
17:34:08.342523 CONNECT flow>9068 srcPort>44119 dst>fd10:62:100::2/26868 
17:34:08.449953 ON flow>9076 srcPort>45737 dst>fd10:62:100::2/26876 
17:34:08.471213 CONNECT flow>9076 srcPort>45737 dst>fd10:62:100::2/26876 
17:34:08.605458 ON flow>9084 srcPort>44683 dst>fd10:62:100::2/26884 
17:34:08.608455 SHUTDOWN flow>8820 srcPort>40759 dst>fd10:62:100::2/26620 
17:34:08.628622 CONNECT flow>9084 srcPort>44683 dst>fd10:62:100::2/26884 
17:34:08.650563 OFF flow>8820 srcPort>40759 dst>fd10:62:100::2/26620 
17:34:08.676165 ON flow>9092 srcPort>33589 dst>fd10:62:100::2/26892 
17:34:08.700392 CONNECT flow>9092 srcPort>33589 dst>fd10:62:100::2/26892 
17:34:08.740409 ON flow>9100 srcPort>39121 dst>fd10:62:100::2/26900 
17:34:08.765687 CONNECT flow>9100 srcPort>39121 dst>fd10:62:100::2/26900 
17:34:08.842126 ON flow>9108 srcPort>33321 dst>fd10:62:100::2/26908 
17:34:08.868431 CONNECT flow>9108 srcPort>33321 dst>fd10:62:100::2/26908 
17:34:08.893978 SHUTDOWN flow>8828 srcPort>37735 dst>fd10:62:100::2/26628 
17:34:08.897067 ON flow>9116 srcPort>39705 dst>fd10:62:100::2/26916 
17:34:08.922662 CONNECT flow>9116 srcPort>39705 dst>fd10:62:100::2/26916 
17:34:08.982348 ON flow>9124 srcPort>35371 dst>fd10:62:100::2/26924 
17:34:09.008769 CONNECT flow>9124 srcPort>35371 dst>fd10:62:100::2/26924 
17:34:09.099637 SHUTDOWN flow>8836 srcPort>43385 dst>fd10:62:100::2/26636 
17:34:09.100083 ON flow>9132 srcPort>43655 dst>fd10:62:100::2/26932 
17:34:09.122197 CONNECT flow>9132 srcPort>43655 dst>fd10:62:100::2/26932 
17:34:09.175633 OFF flow>8836 srcPort>43385 dst>fd10:62:100::2/26636 
17:34:09.194735 ON flow>9140 srcPort>35119 dst>fd10:62:100::2/26940 
17:34:09.218534 CONNECT flow>9140 srcPort>35119 dst>fd10:62:100::2/26940 
17:34:09.251928 SHUTDOWN flow>8844 srcPort>35253 dst>fd10:62:100::2/26644 
17:34:09.268058 OFF flow>8828 srcPort>37735 dst>fd10:62:100::2/26628 
17:34:09.409497 ON flow>9148 srcPort>36531 dst>fd10:62:100::2/26948 
17:34:09.423171 SHUTDOWN flow>8852 srcPort>43769 dst>fd10:62:100::2/26652 
17:34:09.434462 CONNECT flow>9148 srcPort>36531 dst>fd10:62:100::2/26948 
17:34:09.460976 OFF flow>8852 srcPort>43769 dst>fd10:62:100::2/26652 
17:34:09.488448 ON flow>9156 srcPort>39539 dst>fd10:62:100::2/26956 
17:34:09.505059 CONNECT flow>9156 srcPort>39539 dst>fd10:62:100::2/26956 
17:34:09.545160 ON flow>9164 srcPort>39721 dst>fd10:62:100::2/26964 
17:34:09.547355 SHUTDOWN flow>8860 srcPort>42361 dst>fd10:62:100::2/26660 
17:34:09.563234 CONNECT flow>9164 srcPort>39721 dst>fd10:62:100::2/26964 
17:34:09.609964 OFF flow>8844 srcPort>35253 dst>fd10:62:100::2/26644 
17:34:09.640759 ON flow>9172 srcPort>36621 dst>fd10:62:100::2/26972 
17:34:09.658431 CONNECT flow>9172 srcPort>36621 dst>fd10:62:100::2/26972 
17:34:09.723137 OFF flow>8860 srcPort>42361 dst>fd10:62:100::2/26660 
17:34:09.724901 SHUTDOWN flow>8868 srcPort>33947 dst>fd10:62:100::2/26668 
17:34:09.858492 OFF flow>8868 srcPort>33947 dst>fd10:62:100::2/26668 
17:34:09.930450 SHUTDOWN flow>8876 srcPort>45849 dst>fd10:62:100::2/26676 
17:34:10.104202 SHUTDOWN flow>8892 srcPort>35881 dst>fd10:62:100::2/26692 
17:34:10.108317 SHUTDOWN flow>8884 srcPort>40347 dst>fd10:62:100::2/26684 
17:34:10.205292 OFF flow>8876 srcPort>45849 dst>fd10:62:100::2/26676 
17:34:10.213957 SHUTDOWN flow>8900 srcPort>39303 dst>fd10:62:100::2/26700 
17:34:10.234996 SHUTDOWN flow>8908 srcPort>39481 dst>fd10:62:100::2/26708 
17:34:10.286199 OFF flow>8884 srcPort>40347 dst>fd10:62:100::2/26684 
17:34:10.328158 OFF flow>8908 srcPort>39481 dst>fd10:62:100::2/26708 
17:34:10.337935 OFF flow>8900 srcPort>39303 dst>fd10:62:100::2/26700 
17:34:10.346591 SHUTDOWN flow>8916 srcPort>35255 dst>fd10:62:100::2/26716 
17:34:10.414994 OFF flow>8892 srcPort>35881 dst>fd10:62:100::2/26692 
17:34:10.474203 SHUTDOWN flow>8924 srcPort>32995 dst>fd10:62:100::2/26724 
17:34:10.587962 OFF flow>8916 srcPort>35255 dst>fd10:62:100::2/26716 
17:34:10.712560 SHUTDOWN flow>8932 srcPort>44195 dst>fd10:62:100::2/26732 
17:34:10.821906 SHUTDOWN flow>8940 srcPort>33933 dst>fd10:62:100::2/26740 
17:34:10.825200 OFF flow>8932 srcPort>44195 dst>fd10:62:100::2/26732 
17:34:11.035207 OFF flow>8940 srcPort>33933 dst>fd10:62:100::2/26740 
17:34:11.110394 SHUTDOWN flow>8948 srcPort>40977 dst>fd10:62:100::2/26748 
17:34:11.265892 OFF flow>8924 srcPort>32995 dst>fd10:62:100::2/26724 
17:34:11.305408 OFF flow>8948 srcPort>40977 dst>fd10:62:100::2/26748 
17:34:11.344108 SHUTDOWN flow>8964 srcPort>44677 dst>fd10:62:100::2/26764 
17:34:11.404933 SHUTDOWN flow>8956 srcPort>46101 dst>fd10:62:100::2/26756 
17:34:11.418812 SHUTDOWN flow>8972 srcPort>40837 dst>fd10:62:100::2/26772 
17:34:11.506755 SHUTDOWN flow>8980 srcPort>34071 dst>fd10:62:100::2/26780 
17:34:11.533550 OFF flow>8956 srcPort>46101 dst>fd10:62:100::2/26756 
17:34:11.576827 SHUTDOWN flow>8988 srcPort>34925 dst>fd10:62:100::2/26788 
17:34:11.582429 OFF flow>8988 srcPort>34925 dst>fd10:62:100::2/26788 
17:34:11.652948 OFF flow>8964 srcPort>44677 dst>fd10:62:100::2/26764 
17:34:11.670940 OFF flow>8980 srcPort>34071 dst>fd10:62:100::2/26780 
17:34:11.679425 OFF flow>8972 srcPort>40837 dst>fd10:62:100::2/26772 
17:34:11.921728 SHUTDOWN flow>8996 srcPort>38369 dst>fd10:62:100::2/26796 
17:34:11.922150 OFF flow>8996 srcPort>38369 dst>fd10:62:100::2/26796 
17:34:12.029923 SHUTDOWN flow>9004 srcPort>33335 dst>fd10:62:100::2/26804 
17:34:12.030191 OFF flow>9004 srcPort>33335 dst>fd10:62:100::2/26804 
17:34:12.149927 SHUTDOWN flow>9012 srcPort>39823 dst>fd10:62:100::2/26812 
17:34:12.150390 OFF flow>9012 srcPort>39823 dst>fd10:62:100::2/26812 
17:34:12.250137 SHUTDOWN flow>9020 srcPort>46795 dst>fd10:62:100::2/26820 
17:34:12.250582 OFF flow>9020 srcPort>46795 dst>fd10:62:100::2/26820 
17:34:12.343327 SHUTDOWN flow>9028 srcPort>39017 dst>fd10:62:100::2/26828 
17:34:12.343687 OFF flow>9028 srcPort>39017 dst>fd10:62:100::2/26828 
17:34:12.580199 SHUTDOWN flow>9036 srcPort>36761 dst>fd10:62:100::2/26836 
17:34:12.580469 OFF flow>9036 srcPort>36761 dst>fd10:62:100::2/26836 
17:34:12.749304 SHUTDOWN flow>9044 srcPort>36383 dst>fd10:62:100::2/26844 
17:34:12.750067 OFF flow>9044 srcPort>36383 dst>fd10:62:100::2/26844 
17:34:12.883012 SHUTDOWN flow>9052 srcPort>39275 dst>fd10:62:100::2/26852 
17:34:12.883371 OFF flow>9052 srcPort>39275 dst>fd10:62:100::2/26852 
17:34:13.014995 SHUTDOWN flow>9060 srcPort>36009 dst>fd10:62:100::2/26860 
17:34:13.015467 OFF flow>9060 srcPort>36009 dst>fd10:62:100::2/26860 
17:34:13.123307 SHUTDOWN flow>9068 srcPort>44119 dst>fd10:62:100::2/26868 
17:34:13.123663 OFF flow>9068 srcPort>44119 dst>fd10:62:100::2/26868 
17:34:13.249709 SHUTDOWN flow>9076 srcPort>45737 dst>fd10:62:100::2/26876 
17:34:13.250047 OFF flow>9076 srcPort>45737 dst>fd10:62:100::2/26876 
17:34:13.405214 SHUTDOWN flow>9084 srcPort>44683 dst>fd10:62:100::2/26884 
17:34:13.405774 OFF flow>9084 srcPort>44683 dst>fd10:62:100::2/26884 
17:34:13.475914 SHUTDOWN flow>9092 srcPort>33589 dst>fd10:62:100::2/26892 
17:34:13.476286 OFF flow>9092 srcPort>33589 dst>fd10:62:100::2/26892 
17:34:13.540110 SHUTDOWN flow>9100 srcPort>39121 dst>fd10:62:100::2/26900 
17:34:13.540563 OFF flow>9100 srcPort>39121 dst>fd10:62:100::2/26900 
17:34:13.641911 SHUTDOWN flow>9108 srcPort>33321 dst>fd10:62:100::2/26908 
17:34:13.642325 OFF flow>9108 srcPort>33321 dst>fd10:62:100::2/26908 
17:34:13.696930 SHUTDOWN flow>9116 srcPort>39705 dst>fd10:62:100::2/26916 
17:34:13.697429 OFF flow>9116 srcPort>39705 dst>fd10:62:100::2/26916 
17:34:13.782114 SHUTDOWN flow>9124 srcPort>35371 dst>fd10:62:100::2/26924 
17:34:13.782446 OFF flow>9124 srcPort>35371 dst>fd10:62:100::2/26924 
17:34:13.899818 SHUTDOWN flow>9132 srcPort>43655 dst>fd10:62:100::2/26932 
17:34:13.900119 OFF flow>9132 srcPort>43655 dst>fd10:62:100::2/26932 
17:34:13.994415 SHUTDOWN flow>9140 srcPort>35119 dst>fd10:62:100::2/26940 
17:34:13.994955 OFF flow>9140 srcPort>35119 dst>fd10:62:100::2/26940 
17:34:14.209220 SHUTDOWN flow>9148 srcPort>36531 dst>fd10:62:100::2/26948 
17:34:14.209559 OFF flow>9148 srcPort>36531 dst>fd10:62:100::2/26948 
17:34:14.288118 SHUTDOWN flow>9156 srcPort>39539 dst>fd10:62:100::2/26956 
17:34:14.288415 OFF flow>9156 srcPort>39539 dst>fd10:62:100::2/26956 
17:34:14.344956 SHUTDOWN flow>9164 srcPort>39721 dst>fd10:62:100::2/26964 
17:34:14.345321 OFF flow>9164 srcPort>39721 dst>fd10:62:100::2/26964 
17:34:14.440126 SHUTDOWN flow>9172 srcPort>36621 dst>fd10:62:100::2/26972 
17:34:14.440453 OFF flow>9172 srcPort>36621 dst>fd10:62:100::2/26972 
17:34:14.440514 STOP
