17:44:17.961751 START Mgen Version 5.1.1
17:44:23.177045 ON flow>3204 srcPort>33137 dst>fd10:62:100::2/21004 
17:44:23.177363 CONNECT flow>3204 srcPort>33137 dst>fd10:62:100::2/21004 
17:44:23.380809 ON flow>3212 srcPort>46851 dst>fd10:62:100::2/21012 
17:44:23.381145 CONNECT flow>3212 srcPort>46851 dst>fd10:62:100::2/21012 
17:44:23.560098 ON flow>3220 srcPort>36855 dst>fd10:62:100::2/21020 
17:44:23.562273 CONNECT flow>3220 srcPort>36855 dst>fd10:62:100::2/21020 
17:44:23.655961 ON flow>3228 srcPort>38331 dst>fd10:62:100::2/21028 
17:44:23.656310 CONNECT flow>3228 srcPort>38331 dst>fd10:62:100::2/21028 
17:44:23.703759 ON flow>3236 srcPort>43867 dst>fd10:62:100::2/21036 
17:44:23.704052 CONNECT flow>3236 srcPort>43867 dst>fd10:62:100::2/21036 
17:44:23.744170 ON flow>3244 srcPort>38829 dst>fd10:62:100::2/21044 
17:44:23.744578 CONNECT flow>3244 srcPort>38829 dst>fd10:62:100::2/21044 
17:44:23.850583 ON flow>3252 srcPort>46767 dst>fd10:62:100::2/21052 
17:44:23.850862 CONNECT flow>3252 srcPort>46767 dst>fd10:62:100::2/21052 
17:44:23.949202 ON flow>3260 srcPort>34727 dst>fd10:62:100::2/21060 
17:44:23.949576 CONNECT flow>3260 srcPort>34727 dst>fd10:62:100::2/21060 
17:44:24.009561 ON flow>3268 srcPort>45949 dst>fd10:62:100::2/21068 
17:44:24.009882 CONNECT flow>3268 srcPort>45949 dst>fd10:62:100::2/21068 
17:44:24.136667 ON flow>3276 srcPort>34433 dst>fd10:62:100::2/21076 
17:44:24.137066 CONNECT flow>3276 srcPort>34433 dst>fd10:62:100::2/21076 
17:44:24.267057 ON flow>3284 srcPort>39089 dst>fd10:62:100::2/21084 
17:44:24.267335 CONNECT flow>3284 srcPort>39089 dst>fd10:62:100::2/21084 
17:44:24.357462 ON flow>3292 srcPort>36061 dst>fd10:62:100::2/21092 
17:44:24.357725 CONNECT flow>3292 srcPort>36061 dst>fd10:62:100::2/21092 
17:44:24.589175 ON flow>3300 srcPort>45713 dst>fd10:62:100::2/21100 
17:44:24.589393 CONNECT flow>3300 srcPort>45713 dst>fd10:62:100::2/21100 
17:44:24.838066 ON flow>3308 srcPort>38269 dst>fd10:62:100::2/21108 
17:44:24.838343 CONNECT flow>3308 srcPort>38269 dst>fd10:62:100::2/21108 
17:44:25.016468 ON flow>3316 srcPort>37019 dst>fd10:62:100::2/21116 
17:44:25.016765 CONNECT flow>3316 srcPort>37019 dst>fd10:62:100::2/21116 
17:44:25.156187 ON flow>3324 srcPort>37483 dst>fd10:62:100::2/21124 
17:44:25.156523 CONNECT flow>3324 srcPort>37483 dst>fd10:62:100::2/21124 
17:44:25.363504 ON flow>3332 srcPort>43827 dst>fd10:62:100::2/21132 
17:44:25.363828 CONNECT flow>3332 srcPort>43827 dst>fd10:62:100::2/21132 
17:44:25.674477 ON flow>3340 srcPort>37289 dst>fd10:62:100::2/21140 
17:44:25.674766 CONNECT flow>3340 srcPort>37289 dst>fd10:62:100::2/21140 
17:44:25.852997 ON flow>3348 srcPort>38325 dst>fd10:62:100::2/21148 
17:44:25.853257 CONNECT flow>3348 srcPort>38325 dst>fd10:62:100::2/21148 
17:44:26.051726 ON flow>3356 srcPort>34991 dst>fd10:62:100::2/21156 
17:44:26.052035 CONNECT flow>3356 srcPort>34991 dst>fd10:62:100::2/21156 
17:44:26.313234 ON flow>3364 srcPort>37541 dst>fd10:62:100::2/21164 
17:44:26.313559 CONNECT flow>3364 srcPort>37541 dst>fd10:62:100::2/21164 
17:44:26.530621 ON flow>3372 srcPort>45279 dst>fd10:62:100::2/21172 
17:44:26.530967 CONNECT flow>3372 srcPort>45279 dst>fd10:62:100::2/21172 
17:44:26.748306 ON flow>3380 srcPort>38291 dst>fd10:62:100::2/21180 
17:44:26.748725 CONNECT flow>3380 srcPort>38291 dst>fd10:62:100::2/21180 
17:44:26.876603 ON flow>3388 srcPort>36825 dst>fd10:62:100::2/21188 
17:44:26.877043 CONNECT flow>3388 srcPort>36825 dst>fd10:62:100::2/21188 
17:44:27.074681 ON flow>3396 srcPort>38313 dst>fd10:62:100::2/21196 
17:44:27.075143 CONNECT flow>3396 srcPort>38313 dst>fd10:62:100::2/21196 
17:44:27.190146 ON flow>3404 srcPort>41761 dst>fd10:62:100::2/21204 
17:44:27.190473 CONNECT flow>3404 srcPort>41761 dst>fd10:62:100::2/21204 
17:44:27.240780 ON flow>3412 srcPort>34915 dst>fd10:62:100::2/21212 
17:44:27.241010 CONNECT flow>3412 srcPort>34915 dst>fd10:62:100::2/21212 
17:44:27.323155 ON flow>3420 srcPort>39677 dst>fd10:62:100::2/21220 
17:44:27.323566 CONNECT flow>3420 srcPort>39677 dst>fd10:62:100::2/21220 
17:44:27.494150 ON flow>3428 srcPort>32987 dst>fd10:62:100::2/21228 
17:44:27.494407 CONNECT flow>3428 srcPort>32987 dst>fd10:62:100::2/21228 
17:44:27.630046 ON flow>3436 srcPort>39485 dst>fd10:62:100::2/21236 
17:44:27.630293 CONNECT flow>3436 srcPort>39485 dst>fd10:62:100::2/21236 
17:44:27.695463 ON flow>3444 srcPort>33191 dst>fd10:62:100::2/21244 
17:44:27.695946 CONNECT flow>3444 srcPort>33191 dst>fd10:62:100::2/21244 
17:44:27.770476 ON flow>3452 srcPort>45117 dst>fd10:62:100::2/21252 
17:44:27.771195 CONNECT flow>3452 srcPort>45117 dst>fd10:62:100::2/21252 
17:44:27.878855 ON flow>3460 srcPort>44519 dst>fd10:62:100::2/21260 
17:44:27.879200 CONNECT flow>3460 srcPort>44519 dst>fd10:62:100::2/21260 
17:44:27.976976 SHUTDOWN flow>3204 srcPort>33137 dst>fd10:62:100::2/21004 
17:44:27.977567 OFF flow>3204 srcPort>33137 dst>fd10:62:100::2/21004 
17:44:27.988100 ON flow>3468 srcPort>40049 dst>fd10:62:100::2/21268 
17:44:27.988385 CONNECT flow>3468 srcPort>40049 dst>fd10:62:100::2/21268 
17:44:28.180741 SHUTDOWN flow>3212 srcPort>46851 dst>fd10:62:100::2/21012 
17:44:28.181060 OFF flow>3212 srcPort>46851 dst>fd10:62:100::2/21012 
17:44:28.188060 ON flow>3476 srcPort>46769 dst>fd10:62:100::2/21276 
17:44:28.188385 CONNECT flow>3476 srcPort>46769 dst>fd10:62:100::2/21276 
17:44:28.360032 SHUTDOWN flow>3220 srcPort>36855 dst>fd10:62:100::2/21020 
17:44:28.360534 OFF flow>3220 srcPort>36855 dst>fd10:62:100::2/21020 
17:44:28.421055 ON flow>3484 srcPort>44735 dst>fd10:62:100::2/21284 
17:44:28.421454 CONNECT flow>3484 srcPort>44735 dst>fd10:62:100::2/21284 
17:44:28.455925 SHUTDOWN flow>3228 srcPort>38331 dst>fd10:62:100::2/21028 
17:44:28.456283 OFF flow>3228 srcPort>38331 dst>fd10:62:100::2/21028 
17:44:28.483265 ON flow>3492 srcPort>44089 dst>fd10:62:100::2/21292 
17:44:28.483518 CONNECT flow>3492 srcPort>44089 dst>fd10:62:100::2/21292 
17:44:28.503731 SHUTDOWN flow>3236 srcPort>43867 dst>fd10:62:100::2/21036 
17:44:28.504482 OFF flow>3236 srcPort>43867 dst>fd10:62:100::2/21036 
17:44:28.544191 SHUTDOWN flow>3244 srcPort>38829 dst>fd10:62:100::2/21044 
17:44:28.544541 OFF flow>3244 srcPort>38829 dst>fd10:62:100::2/21044 
17:44:28.548153 ON flow>3500 srcPort>41049 dst>fd10:62:100::2/21300 
17:44:28.548576 CONNECT flow>3500 srcPort>41049 dst>fd10:62:100::2/21300 
17:44:28.650536 SHUTDOWN flow>3252 srcPort>46767 dst>fd10:62:100::2/21052 
17:44:28.651044 OFF flow>3252 srcPort>46767 dst>fd10:62:100::2/21052 
17:44:28.664136 ON flow>3508 srcPort>36621 dst>fd10:62:100::2/21308 
17:44:28.664454 CONNECT flow>3508 srcPort>36621 dst>fd10:62:100::2/21308 
17:44:28.749120 SHUTDOWN flow>3260 srcPort>34727 dst>fd10:62:100::2/21060 
17:44:28.749679 OFF flow>3260 srcPort>34727 dst>fd10:62:100::2/21060 
17:44:28.809533 SHUTDOWN flow>3268 srcPort>45949 dst>fd10:62:100::2/21068 
17:44:28.809908 OFF flow>3268 srcPort>45949 dst>fd10:62:100::2/21068 
17:44:28.839182 ON flow>3516 srcPort>46659 dst>fd10:62:100::2/21316 
17:44:28.839672 CONNECT flow>3516 srcPort>46659 dst>fd10:62:100::2/21316 
17:44:28.936644 SHUTDOWN flow>3276 srcPort>34433 dst>fd10:62:100::2/21076 
17:44:28.937118 OFF flow>3276 srcPort>34433 dst>fd10:62:100::2/21076 
17:44:29.026332 ON flow>3524 srcPort>45297 dst>fd10:62:100::2/21324 
17:44:29.027460 CONNECT flow>3524 srcPort>45297 dst>fd10:62:100::2/21324 
17:44:29.067020 SHUTDOWN flow>3284 srcPort>39089 dst>fd10:62:100::2/21084 
17:44:29.067395 OFF flow>3284 srcPort>39089 dst>fd10:62:100::2/21084 
17:44:29.157420 SHUTDOWN flow>3292 srcPort>36061 dst>fd10:62:100::2/21092 
17:44:29.157823 OFF flow>3292 srcPort>36061 dst>fd10:62:100::2/21092 
17:44:29.193302 ON flow>3532 srcPort>33775 dst>fd10:62:100::2/21332 
17:44:29.193661 CONNECT flow>3532 srcPort>33775 dst>fd10:62:100::2/21332 
17:44:29.389119 SHUTDOWN flow>3300 srcPort>45713 dst>fd10:62:100::2/21100 
17:44:29.389604 OFF flow>3300 srcPort>45713 dst>fd10:62:100::2/21100 
17:44:29.638022 SHUTDOWN flow>3308 srcPort>38269 dst>fd10:62:100::2/21108 
17:44:29.638718 OFF flow>3308 srcPort>38269 dst>fd10:62:100::2/21108 
17:44:29.714726 ON flow>3540 srcPort>38433 dst>fd10:62:100::2/21340 
17:44:29.715107 CONNECT flow>3540 srcPort>38433 dst>fd10:62:100::2/21340 
17:44:29.816431 SHUTDOWN flow>3316 srcPort>37019 dst>fd10:62:100::2/21116 
17:44:29.816974 OFF flow>3316 srcPort>37019 dst>fd10:62:100::2/21116 
17:44:29.878477 ON flow>3548 srcPort>46197 dst>fd10:62:100::2/21348 
17:44:29.878890 CONNECT flow>3548 srcPort>46197 dst>fd10:62:100::2/21348 
17:44:29.956189 SHUTDOWN flow>3324 srcPort>37483 dst>fd10:62:100::2/21124 
17:44:29.956842 OFF flow>3324 srcPort>37483 dst>fd10:62:100::2/21124 
17:44:30.081677 ON flow>3556 srcPort>44949 dst>fd10:62:100::2/21356 
17:44:30.082002 CONNECT flow>3556 srcPort>44949 dst>fd10:62:100::2/21356 
17:44:30.163426 SHUTDOWN flow>3332 srcPort>43827 dst>fd10:62:100::2/21132 
17:44:30.163916 OFF flow>3332 srcPort>43827 dst>fd10:62:100::2/21132 
17:44:30.238757 ON flow>3564 srcPort>37533 dst>fd10:62:100::2/21364 
17:44:30.239009 CONNECT flow>3564 srcPort>37533 dst>fd10:62:100::2/21364 
17:44:30.394455 ON flow>3572 srcPort>44023 dst>fd10:62:100::2/21372 
17:44:30.394944 CONNECT flow>3572 srcPort>44023 dst>fd10:62:100::2/21372 
17:44:30.474431 SHUTDOWN flow>3340 srcPort>37289 dst>fd10:62:100::2/21140 
17:44:30.474837 OFF flow>3340 srcPort>37289 dst>fd10:62:100::2/21140 
17:44:30.499297 ON flow>3580 srcPort>43341 dst>fd10:62:100::2/21380 
17:44:30.499812 CONNECT flow>3580 srcPort>43341 dst>fd10:62:100::2/21380 
17:44:30.652937 SHUTDOWN flow>3348 srcPort>38325 dst>fd10:62:100::2/21148 
17:44:30.653682 OFF flow>3348 srcPort>38325 dst>fd10:62:100::2/21148 
17:44:30.664583 ON flow>3588 srcPort>40661 dst>fd10:62:100::2/21388 
17:44:30.664858 CONNECT flow>3588 srcPort>40661 dst>fd10:62:100::2/21388 
17:44:30.851585 SHUTDOWN flow>3356 srcPort>34991 dst>fd10:62:100::2/21156 
17:44:30.852106 OFF flow>3356 srcPort>34991 dst>fd10:62:100::2/21156 
17:44:30.904004 ON flow>3596 srcPort>35103 dst>fd10:62:100::2/21396 
17:44:30.904365 CONNECT flow>3596 srcPort>35103 dst>fd10:62:100::2/21396 
17:44:30.994852 ON flow>3604 srcPort>36711 dst>fd10:62:100::2/21404 
17:44:30.995178 CONNECT flow>3604 srcPort>36711 dst>fd10:62:100::2/21404 
17:44:31.091250 ON flow>3612 srcPort>37557 dst>fd10:62:100::2/21412 
17:44:31.091550 CONNECT flow>3612 srcPort>37557 dst>fd10:62:100::2/21412 
17:44:31.113146 SHUTDOWN flow>3364 srcPort>37541 dst>fd10:62:100::2/21164 
17:44:31.113679 OFF flow>3364 srcPort>37541 dst>fd10:62:100::2/21164 
17:44:31.184571 ON flow>3620 srcPort>45419 dst>fd10:62:100::2/21420 
17:44:31.184957 CONNECT flow>3620 srcPort>45419 dst>fd10:62:100::2/21420 
17:44:31.290081 ON flow>3628 srcPort>38997 dst>fd10:62:100::2/21428 
17:44:31.290685 CONNECT flow>3628 srcPort>38997 dst>fd10:62:100::2/21428 
17:44:31.330487 SHUTDOWN flow>3372 srcPort>45279 dst>fd10:62:100::2/21172 
17:44:31.331008 OFF flow>3372 srcPort>45279 dst>fd10:62:100::2/21172 
17:44:31.389601 ON flow>3636 srcPort>40501 dst>fd10:62:100::2/21436 
17:44:31.390161 CONNECT flow>3636 srcPort>40501 dst>fd10:62:100::2/21436 
17:44:31.443660 ON flow>3644 srcPort>35449 dst>fd10:62:100::2/21444 
17:44:31.444264 CONNECT flow>3644 srcPort>35449 dst>fd10:62:100::2/21444 
17:44:31.548180 SHUTDOWN flow>3380 srcPort>38291 dst>fd10:62:100::2/21180 
17:44:31.549004 OFF flow>3380 srcPort>38291 dst>fd10:62:100::2/21180 
17:44:31.591287 ON flow>3652 srcPort>42029 dst>fd10:62:100::2/21452 
17:44:31.592117 CONNECT flow>3652 srcPort>42029 dst>fd10:62:100::2/21452 
17:44:31.676484 SHUTDOWN flow>3388 srcPort>36825 dst>fd10:62:100::2/21188 
17:44:31.676825 OFF flow>3388 srcPort>36825 dst>fd10:62:100::2/21188 
17:44:31.798049 ON flow>3660 srcPort>39649 dst>fd10:62:100::2/21460 
17:44:31.798417 CONNECT flow>3660 srcPort>39649 dst>fd10:62:100::2/21460 
17:44:31.874588 SHUTDOWN flow>3396 srcPort>38313 dst>fd10:62:100::2/21196 
17:44:31.875002 OFF flow>3396 srcPort>38313 dst>fd10:62:100::2/21196 
17:44:31.990091 SHUTDOWN flow>3404 srcPort>41761 dst>fd10:62:100::2/21204 
17:44:31.990545 OFF flow>3404 srcPort>41761 dst>fd10:62:100::2/21204 
17:44:31.999855 ON flow>3668 srcPort>36173 dst>fd10:62:100::2/21468 
17:44:32.000346 CONNECT flow>3668 srcPort>36173 dst>fd10:62:100::2/21468 
17:44:32.040683 SHUTDOWN flow>3412 srcPort>34915 dst>fd10:62:100::2/21212 
17:44:32.041079 OFF flow>3412 srcPort>34915 dst>fd10:62:100::2/21212 
17:44:32.105756 ON flow>3676 srcPort>37201 dst>fd10:62:100::2/21476 
17:44:32.106040 CONNECT flow>3676 srcPort>37201 dst>fd10:62:100::2/21476 
17:44:32.123092 SHUTDOWN flow>3420 srcPort>39677 dst>fd10:62:100::2/21220 
17:44:32.123522 OFF flow>3420 srcPort>39677 dst>fd10:62:100::2/21220 
17:44:32.209038 ON flow>3684 srcPort>41059 dst>fd10:62:100::2/21484 
17:44:32.209340 CONNECT flow>3684 srcPort>41059 dst>fd10:62:100::2/21484 
17:44:32.267830 ON flow>3692 srcPort>43751 dst>fd10:62:100::2/21492 
17:44:32.268104 CONNECT flow>3692 srcPort>43751 dst>fd10:62:100::2/21492 
17:44:32.294086 SHUTDOWN flow>3428 srcPort>32987 dst>fd10:62:100::2/21228 
17:44:32.294450 OFF flow>3428 srcPort>32987 dst>fd10:62:100::2/21228 
17:44:32.312238 ON flow>3700 srcPort>33285 dst>fd10:62:100::2/21500 
17:44:32.312572 CONNECT flow>3700 srcPort>33285 dst>fd10:62:100::2/21500 
17:44:32.393770 ON flow>3708 srcPort>42561 dst>fd10:62:100::2/21508 
17:44:32.394316 CONNECT flow>3708 srcPort>42561 dst>fd10:62:100::2/21508 
17:44:32.430446 SHUTDOWN flow>3436 srcPort>39485 dst>fd10:62:100::2/21236 
17:44:32.431071 OFF flow>3436 srcPort>39485 dst>fd10:62:100::2/21236 
17:44:32.447104 ON flow>3716 srcPort>41405 dst>fd10:62:100::2/21516 
17:44:32.448009 CONNECT flow>3716 srcPort>41405 dst>fd10:62:100::2/21516 
17:44:32.495399 SHUTDOWN flow>3444 srcPort>33191 dst>fd10:62:100::2/21244 
17:44:32.495808 OFF flow>3444 srcPort>33191 dst>fd10:62:100::2/21244 
17:44:32.566465 ON flow>3724 srcPort>37359 dst>fd10:62:100::2/21524 
17:44:32.566834 CONNECT flow>3724 srcPort>37359 dst>fd10:62:100::2/21524 
17:44:32.570399 SHUTDOWN flow>3452 srcPort>45117 dst>fd10:62:100::2/21252 
17:44:32.570877 OFF flow>3452 srcPort>45117 dst>fd10:62:100::2/21252 
17:44:32.678793 SHUTDOWN flow>3460 srcPort>44519 dst>fd10:62:100::2/21260 
17:44:32.679222 OFF flow>3460 srcPort>44519 dst>fd10:62:100::2/21260 
17:44:32.784342 ON flow>3732 srcPort>36023 dst>fd10:62:100::2/21532 
17:44:32.784686 CONNECT flow>3732 srcPort>36023 dst>fd10:62:100::2/21532 
17:44:32.787984 SHUTDOWN flow>3468 srcPort>40049 dst>fd10:62:100::2/21268 
17:44:32.788660 OFF flow>3468 srcPort>40049 dst>fd10:62:100::2/21268 
17:44:32.987820 ON flow>3740 srcPort>44879 dst>fd10:62:100::2/21540 
17:44:32.987992 SHUTDOWN flow>3476 srcPort>46769 dst>fd10:62:100::2/21276 
17:44:32.988235 CONNECT flow>3740 srcPort>44879 dst>fd10:62:100::2/21540 
17:44:32.988452 OFF flow>3476 srcPort>46769 dst>fd10:62:100::2/21276 
17:44:33.140137 ON flow>3748 srcPort>43873 dst>fd10:62:100::2/21548 
17:44:33.140427 CONNECT flow>3748 srcPort>43873 dst>fd10:62:100::2/21548 
17:44:33.220896 SHUTDOWN flow>3484 srcPort>44735 dst>fd10:62:100::2/21284 
17:44:33.221849 OFF flow>3484 srcPort>44735 dst>fd10:62:100::2/21284 
17:44:33.283201 SHUTDOWN flow>3492 srcPort>44089 dst>fd10:62:100::2/21292 
17:44:33.283548 OFF flow>3492 srcPort>44089 dst>fd10:62:100::2/21292 
17:44:33.323933 ON flow>3756 srcPort>34129 dst>fd10:62:100::2/21556 
17:44:33.324291 CONNECT flow>3756 srcPort>34129 dst>fd10:62:100::2/21556 
17:44:33.348097 SHUTDOWN flow>3500 srcPort>41049 dst>fd10:62:100::2/21300 
17:44:33.348477 OFF flow>3500 srcPort>41049 dst>fd10:62:100::2/21300 
17:44:33.464004 SHUTDOWN flow>3508 srcPort>36621 dst>fd10:62:100::2/21308 
17:44:33.464388 OFF flow>3508 srcPort>36621 dst>fd10:62:100::2/21308 
17:44:33.538772 ON flow>3764 srcPort>37587 dst>fd10:62:100::2/21564 
17:44:33.539147 CONNECT flow>3764 srcPort>37587 dst>fd10:62:100::2/21564 
17:44:33.639001 SHUTDOWN flow>3516 srcPort>46659 dst>fd10:62:100::2/21316 
17:44:33.639444 OFF flow>3516 srcPort>46659 dst>fd10:62:100::2/21316 
17:44:33.756283 ON flow>3772 srcPort>35151 dst>fd10:62:100::2/21572 
17:44:33.756652 CONNECT flow>3772 srcPort>35151 dst>fd10:62:100::2/21572 
17:44:33.825498 SHUTDOWN flow>3524 srcPort>45297 dst>fd10:62:100::2/21324 
17:44:33.826477 OFF flow>3524 srcPort>45297 dst>fd10:62:100::2/21324 
17:44:33.980251 ON flow>3780 srcPort>33411 dst>fd10:62:100::2/21580 
17:44:33.980521 CONNECT flow>3780 srcPort>33411 dst>fd10:62:100::2/21580 
17:44:33.993199 SHUTDOWN flow>3532 srcPort>33775 dst>fd10:62:100::2/21332 
17:44:33.993656 OFF flow>3532 srcPort>33775 dst>fd10:62:100::2/21332 
17:44:34.446471 ON flow>3788 srcPort>43985 dst>fd10:62:100::2/21588 
17:44:34.446928 CONNECT flow>3788 srcPort>43985 dst>fd10:62:100::2/21588 
17:44:34.514590 SHUTDOWN flow>3540 srcPort>38433 dst>fd10:62:100::2/21340 
17:44:34.514911 OFF flow>3540 srcPort>38433 dst>fd10:62:100::2/21340 
17:44:34.590348 ON flow>3796 srcPort>37919 dst>fd10:62:100::2/21596 
17:44:34.590838 CONNECT flow>3796 srcPort>37919 dst>fd10:62:100::2/21596 
17:44:34.678296 SHUTDOWN flow>3548 srcPort>46197 dst>fd10:62:100::2/21348 
17:44:34.678622 OFF flow>3548 srcPort>46197 dst>fd10:62:100::2/21348 
17:44:34.844940 ON flow>3804 srcPort>40769 dst>fd10:62:100::2/21604 
17:44:34.845252 CONNECT flow>3804 srcPort>40769 dst>fd10:62:100::2/21604 
17:44:34.881601 SHUTDOWN flow>3556 srcPort>44949 dst>fd10:62:100::2/21356 
17:44:34.882647 OFF flow>3556 srcPort>44949 dst>fd10:62:100::2/21356 
17:44:34.943832 ON flow>3812 srcPort>37305 dst>fd10:62:100::2/21612 
17:44:34.944627 CONNECT flow>3812 srcPort>37305 dst>fd10:62:100::2/21612 
17:44:35.038703 SHUTDOWN flow>3564 srcPort>37533 dst>fd10:62:100::2/21364 
17:44:35.039094 OFF flow>3564 srcPort>37533 dst>fd10:62:100::2/21364 
17:44:35.084050 ON flow>3820 srcPort>44317 dst>fd10:62:100::2/21620 
17:44:35.084493 CONNECT flow>3820 srcPort>44317 dst>fd10:62:100::2/21620 
17:44:35.194436 SHUTDOWN flow>3572 srcPort>44023 dst>fd10:62:100::2/21372 
17:44:35.195076 OFF flow>3572 srcPort>44023 dst>fd10:62:100::2/21372 
17:44:35.208575 ON flow>3828 srcPort>33321 dst>fd10:62:100::2/21628 
17:44:35.208859 CONNECT flow>3828 srcPort>33321 dst>fd10:62:100::2/21628 
17:44:35.292397 ON flow>3836 srcPort>39989 dst>fd10:62:100::2/21636 
17:44:35.292669 CONNECT flow>3836 srcPort>39989 dst>fd10:62:100::2/21636 
17:44:35.299203 SHUTDOWN flow>3580 srcPort>43341 dst>fd10:62:100::2/21380 
17:44:35.299597 OFF flow>3580 srcPort>43341 dst>fd10:62:100::2/21380 
17:44:35.415577 ON flow>3844 srcPort>32915 dst>fd10:62:100::2/21644 
17:44:35.415928 CONNECT flow>3844 srcPort>32915 dst>fd10:62:100::2/21644 
17:44:35.464512 SHUTDOWN flow>3588 srcPort>40661 dst>fd10:62:100::2/21388 
17:44:35.465010 OFF flow>3588 srcPort>40661 dst>fd10:62:100::2/21388 
17:44:35.503801 ON flow>3852 srcPort>42927 dst>fd10:62:100::2/21652 
17:44:35.504121 CONNECT flow>3852 srcPort>42927 dst>fd10:62:100::2/21652 
17:44:35.555381 ON flow>3860 srcPort>44167 dst>fd10:62:100::2/21660 
17:44:35.555673 CONNECT flow>3860 srcPort>44167 dst>fd10:62:100::2/21660 
17:44:35.645691 ON flow>3868 srcPort>39661 dst>fd10:62:100::2/21668 
17:44:35.646038 CONNECT flow>3868 srcPort>39661 dst>fd10:62:100::2/21668 
17:44:35.703927 SHUTDOWN flow>3596 srcPort>35103 dst>fd10:62:100::2/21396 
17:44:35.704278 OFF flow>3596 srcPort>35103 dst>fd10:62:100::2/21396 
17:44:35.726491 ON flow>3876 srcPort>35841 dst>fd10:62:100::2/21676 
17:44:35.726894 CONNECT flow>3876 srcPort>35841 dst>fd10:62:100::2/21676 
17:44:35.794808 SHUTDOWN flow>3604 srcPort>36711 dst>fd10:62:100::2/21404 
17:44:35.795311 OFF flow>3604 srcPort>36711 dst>fd10:62:100::2/21404 
17:44:35.891226 SHUTDOWN flow>3612 srcPort>37557 dst>fd10:62:100::2/21412 
17:44:35.891971 OFF flow>3612 srcPort>37557 dst>fd10:62:100::2/21412 
17:44:35.905481 ON flow>3884 srcPort>39853 dst>fd10:62:100::2/21684 
17:44:35.905789 CONNECT flow>3884 srcPort>39853 dst>fd10:62:100::2/21684 
17:44:35.984472 SHUTDOWN flow>3620 srcPort>45419 dst>fd10:62:100::2/21420 
17:44:35.984934 OFF flow>3620 srcPort>45419 dst>fd10:62:100::2/21420 
17:44:36.089984 SHUTDOWN flow>3628 srcPort>38997 dst>fd10:62:100::2/21428 
17:44:36.090269 OFF flow>3628 srcPort>38997 dst>fd10:62:100::2/21428 
17:44:36.163347 ON flow>3892 srcPort>32819 dst>fd10:62:100::2/21692 
17:44:36.163744 CONNECT flow>3892 srcPort>32819 dst>fd10:62:100::2/21692 
17:44:36.189461 SHUTDOWN flow>3636 srcPort>40501 dst>fd10:62:100::2/21436 
17:44:36.190046 OFF flow>3636 srcPort>40501 dst>fd10:62:100::2/21436 
17:44:36.243565 SHUTDOWN flow>3644 srcPort>35449 dst>fd10:62:100::2/21444 
17:44:36.244420 OFF flow>3644 srcPort>35449 dst>fd10:62:100::2/21444 
17:44:36.340864 ON flow>3900 srcPort>32825 dst>fd10:62:100::2/21700 
17:44:36.341797 CONNECT flow>3900 srcPort>32825 dst>fd10:62:100::2/21700 
17:44:36.391250 SHUTDOWN flow>3652 srcPort>42029 dst>fd10:62:100::2/21452 
17:44:36.391800 OFF flow>3652 srcPort>42029 dst>fd10:62:100::2/21452 
17:44:36.476491 ON flow>3908 srcPort>41211 dst>fd10:62:100::2/21708 
17:44:36.476821 CONNECT flow>3908 srcPort>41211 dst>fd10:62:100::2/21708 
17:44:36.526789 ON flow>3916 srcPort>45497 dst>fd10:62:100::2/21716 
17:44:36.527162 CONNECT flow>3916 srcPort>45497 dst>fd10:62:100::2/21716 
17:44:36.597983 SHUTDOWN flow>3660 srcPort>39649 dst>fd10:62:100::2/21460 
17:44:36.598549 OFF flow>3660 srcPort>39649 dst>fd10:62:100::2/21460 
17:44:36.629092 ON flow>3924 srcPort>38117 dst>fd10:62:100::2/21724 
17:44:36.629512 CONNECT flow>3924 srcPort>38117 dst>fd10:62:100::2/21724 
17:44:36.679299 ON flow>3932 srcPort>36665 dst>fd10:62:100::2/21732 
17:44:36.679812 CONNECT flow>3932 srcPort>36665 dst>fd10:62:100::2/21732 
17:44:36.716464 ON flow>3940 srcPort>33341 dst>fd10:62:100::2/21740 
17:44:36.716963 CONNECT flow>3940 srcPort>33341 dst>fd10:62:100::2/21740 
17:44:36.778553 ON flow>3948 srcPort>44609 dst>fd10:62:100::2/21748 
17:44:36.779523 CONNECT flow>3948 srcPort>44609 dst>fd10:62:100::2/21748 
17:44:36.799822 SHUTDOWN flow>3668 srcPort>36173 dst>fd10:62:100::2/21468 
17:44:36.800517 OFF flow>3668 srcPort>36173 dst>fd10:62:100::2/21468 
17:44:36.828568 ON flow>3956 srcPort>34857 dst>fd10:62:100::2/21756 
17:44:36.829172 CONNECT flow>3956 srcPort>34857 dst>fd10:62:100::2/21756 
17:44:36.905658 SHUTDOWN flow>3676 srcPort>37201 dst>fd10:62:100::2/21476 
17:44:36.906351 OFF flow>3676 srcPort>37201 dst>fd10:62:100::2/21476 
17:44:36.952795 ON flow>3964 srcPort>34761 dst>fd10:62:100::2/21764 
17:44:36.953278 CONNECT flow>3964 srcPort>34761 dst>fd10:62:100::2/21764 
17:44:37.008969 SHUTDOWN flow>3684 srcPort>41059 dst>fd10:62:100::2/21484 
17:44:37.009349 OFF flow>3684 srcPort>41059 dst>fd10:62:100::2/21484 
17:44:37.067791 SHUTDOWN flow>3692 srcPort>43751 dst>fd10:62:100::2/21492 
17:44:37.068500 OFF flow>3692 srcPort>43751 dst>fd10:62:100::2/21492 
17:44:37.112174 SHUTDOWN flow>3700 srcPort>33285 dst>fd10:62:100::2/21500 
17:44:37.112574 OFF flow>3700 srcPort>33285 dst>fd10:62:100::2/21500 
17:44:37.136181 ON flow>3972 srcPort>37939 dst>fd10:62:100::2/21772 
17:44:37.136623 CONNECT flow>3972 srcPort>37939 dst>fd10:62:100::2/21772 
17:44:37.193673 SHUTDOWN flow>3708 srcPort>42561 dst>fd10:62:100::2/21508 
17:44:37.194022 OFF flow>3708 srcPort>42561 dst>fd10:62:100::2/21508 
17:44:37.240982 ON flow>3980 srcPort>33479 dst>fd10:62:100::2/21780 
17:44:37.241509 CONNECT flow>3980 srcPort>33479 dst>fd10:62:100::2/21780 
17:44:37.247011 SHUTDOWN flow>3716 srcPort>41405 dst>fd10:62:100::2/21516 
17:44:37.248340 OFF flow>3716 srcPort>41405 dst>fd10:62:100::2/21516 
17:44:37.366367 SHUTDOWN flow>3724 srcPort>37359 dst>fd10:62:100::2/21524 
17:44:37.366782 OFF flow>3724 srcPort>37359 dst>fd10:62:100::2/21524 
17:44:37.573445 ON flow>3988 srcPort>37807 dst>fd10:62:100::2/21788 
17:44:37.574666 CONNECT flow>3988 srcPort>37807 dst>fd10:62:100::2/21788 
17:44:37.584272 SHUTDOWN flow>3732 srcPort>36023 dst>fd10:62:100::2/21532 
17:44:37.585653 OFF flow>3732 srcPort>36023 dst>fd10:62:100::2/21532 
17:44:37.778102 ON flow>3996 srcPort>32845 dst>fd10:62:100::2/21796 
17:44:37.778371 CONNECT flow>3996 srcPort>32845 dst>fd10:62:100::2/21796 
17:44:37.787765 SHUTDOWN flow>3740 srcPort>44879 dst>fd10:62:100::2/21540 
17:44:37.788587 OFF flow>3740 srcPort>44879 dst>fd10:62:100::2/21540 
17:44:37.940093 SHUTDOWN flow>3748 srcPort>43873 dst>fd10:62:100::2/21548 
17:44:37.940713 OFF flow>3748 srcPort>43873 dst>fd10:62:100::2/21548 
17:44:38.001853 ON flow>4004 srcPort>39349 dst>fd10:62:100::2/21804 
17:44:38.002268 CONNECT flow>4004 srcPort>39349 dst>fd10:62:100::2/21804 
17:44:38.123882 SHUTDOWN flow>3756 srcPort>34129 dst>fd10:62:100::2/21556 
17:44:38.124331 OFF flow>3756 srcPort>34129 dst>fd10:62:100::2/21556 
17:44:38.164292 ON flow>4012 srcPort>37785 dst>fd10:62:100::2/21812 
17:44:38.165032 CONNECT flow>4012 srcPort>37785 dst>fd10:62:100::2/21812 
17:44:38.285323 ON flow>4020 srcPort>33135 dst>fd10:62:100::2/21820 
17:44:38.285815 CONNECT flow>4020 srcPort>33135 dst>fd10:62:100::2/21820 
17:44:38.338687 SHUTDOWN flow>3764 srcPort>37587 dst>fd10:62:100::2/21564 
17:44:38.339271 OFF flow>3764 srcPort>37587 dst>fd10:62:100::2/21564 
17:44:38.396263 ON flow>4028 srcPort>34155 dst>fd10:62:100::2/21828 
17:44:38.397003 CONNECT flow>4028 srcPort>34155 dst>fd10:62:100::2/21828 
17:44:38.556176 SHUTDOWN flow>3772 srcPort>35151 dst>fd10:62:100::2/21572 
17:44:38.556639 OFF flow>3772 srcPort>35151 dst>fd10:62:100::2/21572 
17:44:38.572987 ON flow>4036 srcPort>44607 dst>fd10:62:100::2/21836 
17:44:38.573857 CONNECT flow>4036 srcPort>44607 dst>fd10:62:100::2/21836 
17:44:38.758799 ON flow>4044 srcPort>36667 dst>fd10:62:100::2/21844 
17:44:38.759137 CONNECT flow>4044 srcPort>36667 dst>fd10:62:100::2/21844 
17:44:38.780212 SHUTDOWN flow>3780 srcPort>33411 dst>fd10:62:100::2/21580 
17:44:38.781292 OFF flow>3780 srcPort>33411 dst>fd10:62:100::2/21580 
17:44:38.924355 ON flow>4052 srcPort>40125 dst>fd10:62:100::2/21852 
17:44:38.924637 CONNECT flow>4052 srcPort>40125 dst>fd10:62:100::2/21852 
17:44:39.018149 ON flow>4060 srcPort>36073 dst>fd10:62:100::2/21860 
17:44:39.018896 CONNECT flow>4060 srcPort>36073 dst>fd10:62:100::2/21860 
17:44:39.063669 ON flow>4068 srcPort>41619 dst>fd10:62:100::2/21868 
17:44:39.066465 CONNECT flow>4068 srcPort>41619 dst>fd10:62:100::2/21868 
17:44:39.188031 ON flow>4076 srcPort>34903 dst>fd10:62:100::2/21876 
17:44:39.188918 CONNECT flow>4076 srcPort>34903 dst>fd10:62:100::2/21876 
17:44:39.246388 SHUTDOWN flow>3788 srcPort>43985 dst>fd10:62:100::2/21588 
17:44:39.247258 OFF flow>3788 srcPort>43985 dst>fd10:62:100::2/21588 
17:44:39.276018 ON flow>4084 srcPort>32853 dst>fd10:62:100::2/21884 
17:44:39.276696 CONNECT flow>4084 srcPort>32853 dst>fd10:62:100::2/21884 
17:44:39.344037 ON flow>4092 srcPort>44481 dst>fd10:62:100::2/21892 
17:44:39.345101 CONNECT flow>4092 srcPort>44481 dst>fd10:62:100::2/21892 
17:44:39.390466 SHUTDOWN flow>3796 srcPort>37919 dst>fd10:62:100::2/21596 
17:44:39.391201 OFF flow>3796 srcPort>37919 dst>fd10:62:100::2/21596 
17:44:39.414335 ON flow>4100 srcPort>34371 dst>fd10:62:100::2/21900 
17:44:39.415196 CONNECT flow>4100 srcPort>34371 dst>fd10:62:100::2/21900 
17:44:39.503119 ON flow>4108 srcPort>38659 dst>fd10:62:100::2/21908 
17:44:39.503544 CONNECT flow>4108 srcPort>38659 dst>fd10:62:100::2/21908 
17:44:39.622433 ON flow>4116 srcPort>36107 dst>fd10:62:100::2/21916 
17:44:39.624001 CONNECT flow>4116 srcPort>36107 dst>fd10:62:100::2/21916 
17:44:39.644888 SHUTDOWN flow>3804 srcPort>40769 dst>fd10:62:100::2/21604 
17:44:39.645700 OFF flow>3804 srcPort>40769 dst>fd10:62:100::2/21604 
17:44:39.743775 SHUTDOWN flow>3812 srcPort>37305 dst>fd10:62:100::2/21612 
17:44:39.745549 OFF flow>3812 srcPort>37305 dst>fd10:62:100::2/21612 
17:44:39.883981 SHUTDOWN flow>3820 srcPort>44317 dst>fd10:62:100::2/21620 
17:44:39.885498 OFF flow>3820 srcPort>44317 dst>fd10:62:100::2/21620 
17:44:40.008495 SHUTDOWN flow>3828 srcPort>33321 dst>fd10:62:100::2/21628 
17:44:40.010722 OFF flow>3828 srcPort>33321 dst>fd10:62:100::2/21628 
17:44:40.020180 ON flow>4124 srcPort>34399 dst>fd10:62:100::2/21924 
17:44:40.021064 CONNECT flow>4124 srcPort>34399 dst>fd10:62:100::2/21924 
17:44:40.092307 SHUTDOWN flow>3836 srcPort>39989 dst>fd10:62:100::2/21636 
17:44:40.092846 OFF flow>3836 srcPort>39989 dst>fd10:62:100::2/21636 
17:44:40.211986 ON flow>4132 srcPort>35407 dst>fd10:62:100::2/21932 
17:44:40.212656 CONNECT flow>4132 srcPort>35407 dst>fd10:62:100::2/21932 
17:44:40.215539 SHUTDOWN flow>3844 srcPort>32915 dst>fd10:62:100::2/21644 
17:44:40.217013 OFF flow>3844 srcPort>32915 dst>fd10:62:100::2/21644 
17:44:40.303736 SHUTDOWN flow>3852 srcPort>42927 dst>fd10:62:100::2/21652 
17:44:40.304722 OFF flow>3852 srcPort>42927 dst>fd10:62:100::2/21652 
17:44:40.355312 SHUTDOWN flow>3860 srcPort>44167 dst>fd10:62:100::2/21660 
17:44:40.355835 OFF flow>3860 srcPort>44167 dst>fd10:62:100::2/21660 
17:44:40.362381 ON flow>4140 srcPort>45747 dst>fd10:62:100::2/21940 
17:44:40.363079 CONNECT flow>4140 srcPort>45747 dst>fd10:62:100::2/21940 
17:44:40.445529 SHUTDOWN flow>3868 srcPort>39661 dst>fd10:62:100::2/21668 
17:44:40.448711 OFF flow>3868 srcPort>39661 dst>fd10:62:100::2/21668 
17:44:40.456398 ON flow>4148 srcPort>41845 dst>fd10:62:100::2/21948 
17:44:40.457980 CONNECT flow>4148 srcPort>41845 dst>fd10:62:100::2/21948 
17:44:40.516942 ON flow>4156 srcPort>37117 dst>fd10:62:100::2/21956 
17:44:40.517453 CONNECT flow>4156 srcPort>37117 dst>fd10:62:100::2/21956 
17:44:40.526435 SHUTDOWN flow>3876 srcPort>35841 dst>fd10:62:100::2/21676 
17:44:40.527392 OFF flow>3876 srcPort>35841 dst>fd10:62:100::2/21676 
17:44:40.601135 ON flow>4164 srcPort>32985 dst>fd10:62:100::2/21964 
17:44:40.601759 CONNECT flow>4164 srcPort>32985 dst>fd10:62:100::2/21964 
17:44:40.687620 ON flow>4172 srcPort>44359 dst>fd10:62:100::2/21972 
17:44:40.689256 CONNECT flow>4172 srcPort>44359 dst>fd10:62:100::2/21972 
17:44:40.705420 SHUTDOWN flow>3884 srcPort>39853 dst>fd10:62:100::2/21684 
17:44:40.706099 OFF flow>3884 srcPort>39853 dst>fd10:62:100::2/21684 
17:44:40.776139 ON flow>4180 srcPort>34711 dst>fd10:62:100::2/21980 
17:44:40.776811 CONNECT flow>4180 srcPort>34711 dst>fd10:62:100::2/21980 
17:44:40.868530 ON flow>4188 srcPort>42437 dst>fd10:62:100::2/21988 
17:44:40.869399 CONNECT flow>4188 srcPort>42437 dst>fd10:62:100::2/21988 
17:44:40.963283 SHUTDOWN flow>3892 srcPort>32819 dst>fd10:62:100::2/21692 
17:44:40.963829 OFF flow>3892 srcPort>32819 dst>fd10:62:100::2/21692 
17:44:41.075433 ON flow>4196 srcPort>40349 dst>fd10:62:100::2/21996 
17:44:41.077045 CONNECT flow>4196 srcPort>40349 dst>fd10:62:100::2/21996 
17:44:41.140803 SHUTDOWN flow>3900 srcPort>32825 dst>fd10:62:100::2/21700 
17:44:41.142007 OFF flow>3900 srcPort>32825 dst>fd10:62:100::2/21700 
17:44:41.276544 SHUTDOWN flow>3908 srcPort>41211 dst>fd10:62:100::2/21708 
17:44:41.278135 OFF flow>3908 srcPort>41211 dst>fd10:62:100::2/21708 
17:44:41.326747 SHUTDOWN flow>3916 srcPort>45497 dst>fd10:62:100::2/21716 
17:44:41.327815 OFF flow>3916 srcPort>45497 dst>fd10:62:100::2/21716 
17:44:41.428992 SHUTDOWN flow>3924 srcPort>38117 dst>fd10:62:100::2/21724 
17:44:41.429803 OFF flow>3924 srcPort>38117 dst>fd10:62:100::2/21724 
17:44:41.479243 SHUTDOWN flow>3932 srcPort>36665 dst>fd10:62:100::2/21732 
17:44:41.480812 OFF flow>3932 srcPort>36665 dst>fd10:62:100::2/21732 
17:44:41.501489 ON flow>4204 srcPort>38143 dst>fd10:62:100::2/22004 
17:44:41.501863 CONNECT flow>4204 srcPort>38143 dst>fd10:62:100::2/22004 
17:44:41.516400 SHUTDOWN flow>3940 srcPort>33341 dst>fd10:62:100::2/21740 
17:44:41.517432 OFF flow>3940 srcPort>33341 dst>fd10:62:100::2/21740 
17:44:41.574221 ON flow>4212 srcPort>45151 dst>fd10:62:100::2/22012 
17:44:41.575456 CONNECT flow>4212 srcPort>45151 dst>fd10:62:100::2/22012 
17:44:41.578547 SHUTDOWN flow>3948 srcPort>44609 dst>fd10:62:100::2/21748 
17:44:41.579377 OFF flow>3948 srcPort>44609 dst>fd10:62:100::2/21748 
17:44:41.628597 SHUTDOWN flow>3956 srcPort>34857 dst>fd10:62:100::2/21756 
17:44:41.630002 OFF flow>3956 srcPort>34857 dst>fd10:62:100::2/21756 
17:44:41.717498 ON flow>4220 srcPort>38645 dst>fd10:62:100::2/22020 
17:44:41.717826 CONNECT flow>4220 srcPort>38645 dst>fd10:62:100::2/22020 
17:44:41.752710 SHUTDOWN flow>3964 srcPort>34761 dst>fd10:62:100::2/21764 
17:44:41.753159 OFF flow>3964 srcPort>34761 dst>fd10:62:100::2/21764 
17:44:41.806631 ON flow>4228 srcPort>34533 dst>fd10:62:100::2/22028 
17:44:41.807230 CONNECT flow>4228 srcPort>34533 dst>fd10:62:100::2/22028 
17:44:41.886525 ON flow>4236 srcPort>40189 dst>fd10:62:100::2/22036 
17:44:41.887510 CONNECT flow>4236 srcPort>40189 dst>fd10:62:100::2/22036 
17:44:41.936135 SHUTDOWN flow>3972 srcPort>37939 dst>fd10:62:100::2/21772 
17:44:41.937171 OFF flow>3972 srcPort>37939 dst>fd10:62:100::2/21772 
17:44:41.984688 ON flow>4244 srcPort>34013 dst>fd10:62:100::2/22044 
17:44:41.985085 CONNECT flow>4244 srcPort>34013 dst>fd10:62:100::2/22044 
17:44:42.040905 SHUTDOWN flow>3980 srcPort>33479 dst>fd10:62:100::2/21780 
17:44:42.041640 OFF flow>3980 srcPort>33479 dst>fd10:62:100::2/21780 
17:44:42.161285 ON flow>4252 srcPort>45361 dst>fd10:62:100::2/22052 
17:44:42.161847 CONNECT flow>4252 srcPort>45361 dst>fd10:62:100::2/22052 
17:44:42.373300 SHUTDOWN flow>3988 srcPort>37807 dst>fd10:62:100::2/21788 
17:44:42.374018 OFF flow>3988 srcPort>37807 dst>fd10:62:100::2/21788 
17:44:42.510627 ON flow>4260 srcPort>43393 dst>fd10:62:100::2/22060 
17:44:42.511087 CONNECT flow>4260 srcPort>43393 dst>fd10:62:100::2/22060 
17:44:42.577996 SHUTDOWN flow>3996 srcPort>32845 dst>fd10:62:100::2/21796 
17:44:42.579797 OFF flow>3996 srcPort>32845 dst>fd10:62:100::2/21796 
17:44:42.670713 ON flow>4268 srcPort>43135 dst>fd10:62:100::2/22068 
17:44:42.671262 CONNECT flow>4268 srcPort>43135 dst>fd10:62:100::2/22068 
17:44:42.801862 SHUTDOWN flow>4004 srcPort>39349 dst>fd10:62:100::2/21804 
17:44:42.802433 OFF flow>4004 srcPort>39349 dst>fd10:62:100::2/21804 
17:44:42.964221 SHUTDOWN flow>4012 srcPort>37785 dst>fd10:62:100::2/21812 
17:44:42.965019 OFF flow>4012 srcPort>37785 dst>fd10:62:100::2/21812 
17:44:42.992034 ON flow>4276 srcPort>36741 dst>fd10:62:100::2/22076 
17:44:42.998049 CONNECT flow>4276 srcPort>36741 dst>fd10:62:100::2/22076 
17:44:43.085269 SHUTDOWN flow>4020 srcPort>33135 dst>fd10:62:100::2/21820 
17:44:43.087647 OFF flow>4020 srcPort>33135 dst>fd10:62:100::2/21820 
17:44:43.153214 ON flow>4284 srcPort>43043 dst>fd10:62:100::2/22084 
17:44:43.155054 CONNECT flow>4284 srcPort>43043 dst>fd10:62:100::2/22084 
17:44:43.196206 SHUTDOWN flow>4028 srcPort>34155 dst>fd10:62:100::2/21828 
17:44:43.197999 OFF flow>4028 srcPort>34155 dst>fd10:62:100::2/21828 
17:44:43.235213 ON flow>4292 srcPort>42883 dst>fd10:62:100::2/22092 
17:44:43.235724 CONNECT flow>4292 srcPort>42883 dst>fd10:62:100::2/22092 
17:44:43.300921 ON flow>4300 srcPort>39659 dst>fd10:62:100::2/22100 
17:44:43.301297 CONNECT flow>4300 srcPort>39659 dst>fd10:62:100::2/22100 
17:44:43.372899 SHUTDOWN flow>4036 srcPort>44607 dst>fd10:62:100::2/21836 
17:44:43.373896 OFF flow>4036 srcPort>44607 dst>fd10:62:100::2/21836 
17:44:43.406227 ON flow>4308 srcPort>42663 dst>fd10:62:100::2/22108 
17:44:43.406489 CONNECT flow>4308 srcPort>42663 dst>fd10:62:100::2/22108 
17:44:43.558709 SHUTDOWN flow>4044 srcPort>36667 dst>fd10:62:100::2/21844 
17:44:43.559834 OFF flow>4044 srcPort>36667 dst>fd10:62:100::2/21844 
17:44:43.581506 ON flow>4316 srcPort>33837 dst>fd10:62:100::2/22116 
17:44:43.582966 CONNECT flow>4316 srcPort>33837 dst>fd10:62:100::2/22116 
17:44:43.724354 SHUTDOWN flow>4052 srcPort>40125 dst>fd10:62:100::2/21852 
17:44:43.726382 OFF flow>4052 srcPort>40125 dst>fd10:62:100::2/21852 
17:44:43.818111 SHUTDOWN flow>4060 srcPort>36073 dst>fd10:62:100::2/21860 
17:44:43.818611 OFF flow>4060 srcPort>36073 dst>fd10:62:100::2/21860 
17:44:43.863605 SHUTDOWN flow>4068 srcPort>41619 dst>fd10:62:100::2/21868 
17:44:43.864439 OFF flow>4068 srcPort>41619 dst>fd10:62:100::2/21868 
17:44:43.981498 ON flow>4324 srcPort>40955 dst>fd10:62:100::2/22124 
17:44:43.983338 CONNECT flow>4324 srcPort>40955 dst>fd10:62:100::2/22124 
17:44:43.987902 SHUTDOWN flow>4076 srcPort>34903 dst>fd10:62:100::2/21876 
17:44:43.988651 OFF flow>4076 srcPort>34903 dst>fd10:62:100::2/21876 
17:44:44.075907 SHUTDOWN flow>4084 srcPort>32853 dst>fd10:62:100::2/21884 
17:44:44.076363 OFF flow>4084 srcPort>32853 dst>fd10:62:100::2/21884 
17:44:44.091674 ON flow>4332 srcPort>45625 dst>fd10:62:100::2/22132 
17:44:44.092321 CONNECT flow>4332 srcPort>45625 dst>fd10:62:100::2/22132 
17:44:44.143823 SHUTDOWN flow>4092 srcPort>44481 dst>fd10:62:100::2/21892 
17:44:44.144372 OFF flow>4092 srcPort>44481 dst>fd10:62:100::2/21892 
17:44:44.214201 SHUTDOWN flow>4100 srcPort>34371 dst>fd10:62:100::2/21900 
17:44:44.214900 OFF flow>4100 srcPort>34371 dst>fd10:62:100::2/21900 
17:44:44.301604 ON flow>4340 srcPort>41251 dst>fd10:62:100::2/22140 
17:44:44.301925 CONNECT flow>4340 srcPort>41251 dst>fd10:62:100::2/22140 
17:44:44.302906 SHUTDOWN flow>4108 srcPort>38659 dst>fd10:62:100::2/21908 
17:44:44.303878 OFF flow>4108 srcPort>38659 dst>fd10:62:100::2/21908 
17:44:44.422326 SHUTDOWN flow>4116 srcPort>36107 dst>fd10:62:100::2/21916 
17:44:44.422993 OFF flow>4116 srcPort>36107 dst>fd10:62:100::2/21916 
17:44:44.482545 ON flow>4348 srcPort>34153 dst>fd10:62:100::2/22148 
17:44:44.483687 CONNECT flow>4348 srcPort>34153 dst>fd10:62:100::2/22148 
17:44:44.708115 ON flow>4356 srcPort>33443 dst>fd10:62:100::2/22156 
17:44:44.709055 CONNECT flow>4356 srcPort>33443 dst>fd10:62:100::2/22156 
17:44:44.768765 ON flow>4364 srcPort>46553 dst>fd10:62:100::2/22164 
17:44:44.769793 CONNECT flow>4364 srcPort>46553 dst>fd10:62:100::2/22164 
17:44:44.820008 SHUTDOWN flow>4124 srcPort>34399 dst>fd10:62:100::2/21924 
17:44:44.820396 OFF flow>4124 srcPort>34399 dst>fd10:62:100::2/21924 
17:44:44.902623 ON flow>4372 srcPort>43215 dst>fd10:62:100::2/22172 
17:44:44.903700 CONNECT flow>4372 srcPort>43215 dst>fd10:62:100::2/22172 
17:44:45.011919 SHUTDOWN flow>4132 srcPort>35407 dst>fd10:62:100::2/21932 
17:44:45.013409 OFF flow>4132 srcPort>35407 dst>fd10:62:100::2/21932 
17:44:45.030654 ON flow>4380 srcPort>35873 dst>fd10:62:100::2/22180 
17:44:45.031262 CONNECT flow>4380 srcPort>35873 dst>fd10:62:100::2/22180 
17:44:45.076290 ON flow>4388 srcPort>46809 dst>fd10:62:100::2/22188 
17:44:45.076876 CONNECT flow>4388 srcPort>46809 dst>fd10:62:100::2/22188 
17:44:45.162306 SHUTDOWN flow>4140 srcPort>45747 dst>fd10:62:100::2/21940 
17:44:45.163041 OFF flow>4140 srcPort>45747 dst>fd10:62:100::2/21940 
17:44:45.220239 ON flow>4396 srcPort>38867 dst>fd10:62:100::2/22196 
17:44:45.221989 CONNECT flow>4396 srcPort>38867 dst>fd10:62:100::2/22196 
17:44:45.256327 SHUTDOWN flow>4148 srcPort>41845 dst>fd10:62:100::2/21948 
17:44:45.257815 OFF flow>4148 srcPort>41845 dst>fd10:62:100::2/21948 
17:44:45.316813 SHUTDOWN flow>4156 srcPort>37117 dst>fd10:62:100::2/21956 
17:44:45.317496 OFF flow>4156 srcPort>37117 dst>fd10:62:100::2/21956 
17:44:45.401053 SHUTDOWN flow>4164 srcPort>32985 dst>fd10:62:100::2/21964 
17:44:45.402777 OFF flow>4164 srcPort>32985 dst>fd10:62:100::2/21964 
17:44:45.487506 SHUTDOWN flow>4172 srcPort>44359 dst>fd10:62:100::2/21972 
17:44:45.489472 OFF flow>4172 srcPort>44359 dst>fd10:62:100::2/21972 
17:44:45.576013 SHUTDOWN flow>4180 srcPort>34711 dst>fd10:62:100::2/21980 
17:44:45.576773 OFF flow>4180 srcPort>34711 dst>fd10:62:100::2/21980 
17:44:45.668412 SHUTDOWN flow>4188 srcPort>42437 dst>fd10:62:100::2/21988 
17:44:45.669297 OFF flow>4188 srcPort>42437 dst>fd10:62:100::2/21988 
17:44:45.702515 ON flow>4404 srcPort>44251 dst>fd10:62:100::2/22204 
17:44:45.702785 CONNECT flow>4404 srcPort>44251 dst>fd10:62:100::2/22204 
17:44:45.858502 ON flow>4412 srcPort>42315 dst>fd10:62:100::2/22212 
17:44:45.859126 CONNECT flow>4412 srcPort>42315 dst>fd10:62:100::2/22212 
17:44:45.875377 SHUTDOWN flow>4196 srcPort>40349 dst>fd10:62:100::2/21996 
17:44:45.877048 OFF flow>4196 srcPort>40349 dst>fd10:62:100::2/21996 
17:44:46.020914 ON flow>4420 srcPort>37693 dst>fd10:62:100::2/22220 
17:44:46.021663 CONNECT flow>4420 srcPort>37693 dst>fd10:62:100::2/22220 
17:44:46.117612 ON flow>4428 srcPort>36991 dst>fd10:62:100::2/22228 
17:44:46.117995 CONNECT flow>4428 srcPort>36991 dst>fd10:62:100::2/22228 
17:44:46.277503 ON flow>4436 srcPort>45325 dst>fd10:62:100::2/22236 
17:44:46.277718 CONNECT flow>4436 srcPort>45325 dst>fd10:62:100::2/22236 
17:44:46.301470 SHUTDOWN flow>4204 srcPort>38143 dst>fd10:62:100::2/22004 
17:44:46.302795 OFF flow>4204 srcPort>38143 dst>fd10:62:100::2/22004 
17:44:46.374022 SHUTDOWN flow>4212 srcPort>45151 dst>fd10:62:100::2/22012 
17:44:46.374388 OFF flow>4212 srcPort>45151 dst>fd10:62:100::2/22012 
17:44:46.517350 SHUTDOWN flow>4220 srcPort>38645 dst>fd10:62:100::2/22020 
17:44:46.518545 OFF flow>4220 srcPort>38645 dst>fd10:62:100::2/22020 
17:44:46.524278 ON flow>4444 srcPort>37529 dst>fd10:62:100::2/22244 
17:44:46.524567 CONNECT flow>4444 srcPort>37529 dst>fd10:62:100::2/22244 
17:44:46.606555 SHUTDOWN flow>4228 srcPort>34533 dst>fd10:62:100::2/22028 
17:44:46.607211 OFF flow>4228 srcPort>34533 dst>fd10:62:100::2/22028 
17:44:46.672230 ON flow>4452 srcPort>41825 dst>fd10:62:100::2/22252 
17:44:46.672435 CONNECT flow>4452 srcPort>41825 dst>fd10:62:100::2/22252 
17:44:46.686419 SHUTDOWN flow>4236 srcPort>40189 dst>fd10:62:100::2/22036 
17:44:46.686892 OFF flow>4236 srcPort>40189 dst>fd10:62:100::2/22036 
17:44:46.784607 SHUTDOWN flow>4244 srcPort>34013 dst>fd10:62:100::2/22044 
17:44:46.785630 OFF flow>4244 srcPort>34013 dst>fd10:62:100::2/22044 
17:44:46.927599 ON flow>4460 srcPort>35225 dst>fd10:62:100::2/22260 
17:44:46.929458 CONNECT flow>4460 srcPort>35225 dst>fd10:62:100::2/22260 
17:44:46.961111 SHUTDOWN flow>4252 srcPort>45361 dst>fd10:62:100::2/22052 
17:44:46.961466 OFF flow>4252 srcPort>45361 dst>fd10:62:100::2/22052 
17:44:47.173634 ON flow>4468 srcPort>41959 dst>fd10:62:100::2/22268 
17:44:47.174769 CONNECT flow>4468 srcPort>41959 dst>fd10:62:100::2/22268 
17:44:47.310510 SHUTDOWN flow>4260 srcPort>43393 dst>fd10:62:100::2/22060 
17:44:47.311378 OFF flow>4260 srcPort>43393 dst>fd10:62:100::2/22060 
17:44:47.392432 ON flow>4476 srcPort>40597 dst>fd10:62:100::2/22276 
17:44:47.393421 CONNECT flow>4476 srcPort>40597 dst>fd10:62:100::2/22276 
17:44:47.472603 SHUTDOWN flow>4268 srcPort>43135 dst>fd10:62:100::2/22068 
17:44:47.473726 OFF flow>4268 srcPort>43135 dst>fd10:62:100::2/22068 
17:44:47.536008 ON flow>4484 srcPort>35083 dst>fd10:62:100::2/22284 
17:44:47.537579 CONNECT flow>4484 srcPort>35083 dst>fd10:62:100::2/22284 
17:44:47.792052 SHUTDOWN flow>4276 srcPort>36741 dst>fd10:62:100::2/22076 
17:44:47.792590 OFF flow>4276 srcPort>36741 dst>fd10:62:100::2/22076 
17:44:47.883480 ON flow>4492 srcPort>33695 dst>fd10:62:100::2/22292 
17:44:47.884376 CONNECT flow>4492 srcPort>33695 dst>fd10:62:100::2/22292 
17:44:47.953102 SHUTDOWN flow>4284 srcPort>43043 dst>fd10:62:100::2/22084 
17:44:47.953725 OFF flow>4284 srcPort>43043 dst>fd10:62:100::2/22084 
17:44:48.035095 SHUTDOWN flow>4292 srcPort>42883 dst>fd10:62:100::2/22092 
17:44:48.035784 OFF flow>4292 srcPort>42883 dst>fd10:62:100::2/22092 
17:44:48.100925 SHUTDOWN flow>4300 srcPort>39659 dst>fd10:62:100::2/22100 
17:44:48.101888 OFF flow>4300 srcPort>39659 dst>fd10:62:100::2/22100 
17:44:48.156581 ON flow>4500 srcPort>44303 dst>fd10:62:100::2/22300 
17:44:48.157232 CONNECT flow>4500 srcPort>44303 dst>fd10:62:100::2/22300 
17:44:48.206095 SHUTDOWN flow>4308 srcPort>42663 dst>fd10:62:100::2/22108 
17:44:48.206711 OFF flow>4308 srcPort>42663 dst>fd10:62:100::2/22108 
17:44:48.335458 ON flow>4508 srcPort>40547 dst>fd10:62:100::2/22308 
17:44:48.335850 CONNECT flow>4508 srcPort>40547 dst>fd10:62:100::2/22308 
17:44:48.381420 SHUTDOWN flow>4316 srcPort>33837 dst>fd10:62:100::2/22116 
17:44:48.383579 OFF flow>4316 srcPort>33837 dst>fd10:62:100::2/22116 
17:44:48.512391 ON flow>4516 srcPort>36375 dst>fd10:62:100::2/22316 
17:44:48.512908 CONNECT flow>4516 srcPort>36375 dst>fd10:62:100::2/22316 
17:44:48.702968 ON flow>4524 srcPort>42519 dst>fd10:62:100::2/22324 
17:44:48.703703 CONNECT flow>4524 srcPort>42519 dst>fd10:62:100::2/22324 
17:44:48.781417 SHUTDOWN flow>4324 srcPort>40955 dst>fd10:62:100::2/22124 
17:44:48.781848 OFF flow>4324 srcPort>40955 dst>fd10:62:100::2/22124 
17:44:48.823066 ON flow>4532 srcPort>46653 dst>fd10:62:100::2/22332 
17:44:48.823376 CONNECT flow>4532 srcPort>46653 dst>fd10:62:100::2/22332 
17:44:48.891623 SHUTDOWN flow>4332 srcPort>45625 dst>fd10:62:100::2/22132 
17:44:48.892295 OFF flow>4332 srcPort>45625 dst>fd10:62:100::2/22132 
17:44:49.029673 ON flow>4540 srcPort>39149 dst>fd10:62:100::2/22340 
17:44:49.030338 CONNECT flow>4540 srcPort>39149 dst>fd10:62:100::2/22340 
17:44:49.101527 SHUTDOWN flow>4340 srcPort>41251 dst>fd10:62:100::2/22140 
17:44:49.102444 OFF flow>4340 srcPort>41251 dst>fd10:62:100::2/22140 
17:44:49.193561 ON flow>4548 srcPort>38025 dst>fd10:62:100::2/22348 
17:44:49.194052 CONNECT flow>4548 srcPort>38025 dst>fd10:62:100::2/22348 
17:44:49.280917 ON flow>4556 srcPort>42849 dst>fd10:62:100::2/22356 
17:44:49.281239 CONNECT flow>4556 srcPort>42849 dst>fd10:62:100::2/22356 
17:44:49.282418 SHUTDOWN flow>4348 srcPort>34153 dst>fd10:62:100::2/22148 
17:44:49.282995 OFF flow>4348 srcPort>34153 dst>fd10:62:100::2/22148 
17:44:49.508079 SHUTDOWN flow>4356 srcPort>33443 dst>fd10:62:100::2/22156 
17:44:49.508717 OFF flow>4356 srcPort>33443 dst>fd10:62:100::2/22156 
17:44:49.568639 SHUTDOWN flow>4364 srcPort>46553 dst>fd10:62:100::2/22164 
17:44:49.570516 OFF flow>4364 srcPort>46553 dst>fd10:62:100::2/22164 
17:44:49.702527 SHUTDOWN flow>4372 srcPort>43215 dst>fd10:62:100::2/22172 
17:44:49.703015 OFF flow>4372 srcPort>43215 dst>fd10:62:100::2/22172 
17:44:49.796398 ON flow>4564 srcPort>35889 dst>fd10:62:100::2/22364 
17:44:49.796918 CONNECT flow>4564 srcPort>35889 dst>fd10:62:100::2/22364 
17:44:49.830497 SHUTDOWN flow>4380 srcPort>35873 dst>fd10:62:100::2/22180 
17:44:49.831188 OFF flow>4380 srcPort>35873 dst>fd10:62:100::2/22180 
17:44:49.843253 ON flow>4572 srcPort>45593 dst>fd10:62:100::2/22372 
17:44:49.843987 CONNECT flow>4572 srcPort>45593 dst>fd10:62:100::2/22372 
17:44:49.876227 SHUTDOWN flow>4388 srcPort>46809 dst>fd10:62:100::2/22188 
17:44:49.876584 OFF flow>4388 srcPort>46809 dst>fd10:62:100::2/22188 
17:44:49.954243 ON flow>4580 srcPort>33769 dst>fd10:62:100::2/22380 
17:44:49.954649 CONNECT flow>4580 srcPort>33769 dst>fd10:62:100::2/22380 
17:44:50.019706 SHUTDOWN flow>4396 srcPort>38867 dst>fd10:62:100::2/22196 
17:44:50.020070 OFF flow>4396 srcPort>38867 dst>fd10:62:100::2/22196 
17:44:50.047466 ON flow>4588 srcPort>37249 dst>fd10:62:100::2/22388 
17:44:50.047924 CONNECT flow>4588 srcPort>37249 dst>fd10:62:100::2/22388 
17:44:50.134485 ON flow>4596 srcPort>46035 dst>fd10:62:100::2/22396 
17:44:50.134808 CONNECT flow>4596 srcPort>46035 dst>fd10:62:100::2/22396 
17:44:50.289992 ON flow>4604 srcPort>34643 dst>fd10:62:100::2/22404 
17:44:50.290345 CONNECT flow>4604 srcPort>34643 dst>fd10:62:100::2/22404 
17:44:50.502425 SHUTDOWN flow>4404 srcPort>44251 dst>fd10:62:100::2/22204 
17:44:50.503036 OFF flow>4404 srcPort>44251 dst>fd10:62:100::2/22204 
17:44:50.658420 SHUTDOWN flow>4412 srcPort>42315 dst>fd10:62:100::2/22212 
17:44:50.659099 OFF flow>4412 srcPort>42315 dst>fd10:62:100::2/22212 
17:44:50.669933 ON flow>4612 srcPort>45423 dst>fd10:62:100::2/22412 
17:44:50.670745 CONNECT flow>4612 srcPort>45423 dst>fd10:62:100::2/22412 
17:44:50.820808 SHUTDOWN flow>4420 srcPort>37693 dst>fd10:62:100::2/22220 
17:44:50.821914 OFF flow>4420 srcPort>37693 dst>fd10:62:100::2/22220 
17:44:50.917534 SHUTDOWN flow>4428 srcPort>36991 dst>fd10:62:100::2/22228 
17:44:50.918344 OFF flow>4428 srcPort>36991 dst>fd10:62:100::2/22228 
17:44:51.077413 SHUTDOWN flow>4436 srcPort>45325 dst>fd10:62:100::2/22236 
17:44:51.077863 OFF flow>4436 srcPort>45325 dst>fd10:62:100::2/22236 
17:44:51.218994 ON flow>4620 srcPort>35633 dst>fd10:62:100::2/22420 
17:44:51.220063 CONNECT flow>4620 srcPort>35633 dst>fd10:62:100::2/22420 
17:44:51.324234 SHUTDOWN flow>4444 srcPort>37529 dst>fd10:62:100::2/22244 
17:44:51.325217 OFF flow>4444 srcPort>37529 dst>fd10:62:100::2/22244 
17:44:51.472117 SHUTDOWN flow>4452 srcPort>41825 dst>fd10:62:100::2/22252 
17:44:51.475017 OFF flow>4452 srcPort>41825 dst>fd10:62:100::2/22252 
17:44:51.481114 ON flow>4628 srcPort>36871 dst>fd10:62:100::2/22428 
17:44:51.483981 CONNECT flow>4628 srcPort>36871 dst>fd10:62:100::2/22428 
17:44:51.596545 ON flow>4636 srcPort>43097 dst>fd10:62:100::2/22436 
17:44:51.597371 CONNECT flow>4636 srcPort>43097 dst>fd10:62:100::2/22436 
17:44:51.723246 ON flow>4644 srcPort>33249 dst>fd10:62:100::2/22444 
17:44:51.723934 CONNECT flow>4644 srcPort>33249 dst>fd10:62:100::2/22444 
17:44:51.727521 SHUTDOWN flow>4460 srcPort>35225 dst>fd10:62:100::2/22260 
17:44:51.728466 OFF flow>4460 srcPort>35225 dst>fd10:62:100::2/22260 
17:44:51.922040 ON flow>4652 srcPort>44697 dst>fd10:62:100::2/22452 
17:44:51.922472 CONNECT flow>4652 srcPort>44697 dst>fd10:62:100::2/22452 
17:44:51.973524 SHUTDOWN flow>4468 srcPort>41959 dst>fd10:62:100::2/22268 
17:44:51.973916 OFF flow>4468 srcPort>41959 dst>fd10:62:100::2/22268 
17:44:52.044749 ON flow>4660 srcPort>40419 dst>fd10:62:100::2/22460 
17:44:52.045050 CONNECT flow>4660 srcPort>40419 dst>fd10:62:100::2/22460 
17:44:52.111172 ON flow>4668 srcPort>45389 dst>fd10:62:100::2/22468 
17:44:52.111580 CONNECT flow>4668 srcPort>45389 dst>fd10:62:100::2/22468 
17:44:52.192346 SHUTDOWN flow>4476 srcPort>40597 dst>fd10:62:100::2/22276 
17:44:52.192821 OFF flow>4476 srcPort>40597 dst>fd10:62:100::2/22276 
17:44:52.335927 SHUTDOWN flow>4484 srcPort>35083 dst>fd10:62:100::2/22284 
17:44:52.336657 OFF flow>4484 srcPort>35083 dst>fd10:62:100::2/22284 
17:44:52.470949 ON flow>4676 srcPort>33071 dst>fd10:62:100::2/22476 
17:44:52.472336 CONNECT flow>4676 srcPort>33071 dst>fd10:62:100::2/22476 
17:44:52.634637 ON flow>4684 srcPort>34747 dst>fd10:62:100::2/22484 
17:44:52.636359 CONNECT flow>4684 srcPort>34747 dst>fd10:62:100::2/22484 
17:44:52.683332 SHUTDOWN flow>4492 srcPort>33695 dst>fd10:62:100::2/22292 
17:44:52.683887 OFF flow>4492 srcPort>33695 dst>fd10:62:100::2/22292 
17:44:52.774329 ON flow>4692 srcPort>39219 dst>fd10:62:100::2/22492 
17:44:52.775068 CONNECT flow>4692 srcPort>39219 dst>fd10:62:100::2/22492 
17:44:52.886610 ON flow>4700 srcPort>42187 dst>fd10:62:100::2/22500 
17:44:52.886936 CONNECT flow>4700 srcPort>42187 dst>fd10:62:100::2/22500 
17:44:52.956441 SHUTDOWN flow>4500 srcPort>44303 dst>fd10:62:100::2/22300 
17:44:52.956900 OFF flow>4500 srcPort>44303 dst>fd10:62:100::2/22300 
17:44:53.057430 ON flow>4708 srcPort>43917 dst>fd10:62:100::2/22508 
17:44:53.058679 CONNECT flow>4708 srcPort>43917 dst>fd10:62:100::2/22508 
17:44:53.135312 SHUTDOWN flow>4508 srcPort>40547 dst>fd10:62:100::2/22308 
17:44:53.136334 OFF flow>4508 srcPort>40547 dst>fd10:62:100::2/22308 
17:44:53.259663 ON flow>4716 srcPort>40129 dst>fd10:62:100::2/22516 
17:44:53.260353 CONNECT flow>4716 srcPort>40129 dst>fd10:62:100::2/22516 
17:44:53.312215 SHUTDOWN flow>4516 srcPort>36375 dst>fd10:62:100::2/22316 
17:44:53.314427 OFF flow>4516 srcPort>36375 dst>fd10:62:100::2/22316 
17:44:53.348902 ON flow>4724 srcPort>43957 dst>fd10:62:100::2/22524 
17:44:53.349154 CONNECT flow>4724 srcPort>43957 dst>fd10:62:100::2/22524 
17:44:53.456011 ON flow>4732 srcPort>38833 dst>fd10:62:100::2/22532 
17:44:53.456460 CONNECT flow>4732 srcPort>38833 dst>fd10:62:100::2/22532 
17:44:53.502832 SHUTDOWN flow>4524 srcPort>42519 dst>fd10:62:100::2/22324 
17:44:53.503650 OFF flow>4524 srcPort>42519 dst>fd10:62:100::2/22324 
17:44:53.588457 ON flow>4740 srcPort>40375 dst>fd10:62:100::2/22540 
17:44:53.589019 CONNECT flow>4740 srcPort>40375 dst>fd10:62:100::2/22540 
17:44:53.622930 SHUTDOWN flow>4532 srcPort>46653 dst>fd10:62:100::2/22332 
17:44:53.623710 OFF flow>4532 srcPort>46653 dst>fd10:62:100::2/22332 
17:44:53.829556 SHUTDOWN flow>4540 srcPort>39149 dst>fd10:62:100::2/22340 
17:44:53.831141 OFF flow>4540 srcPort>39149 dst>fd10:62:100::2/22340 
17:44:53.956816 ON flow>4748 srcPort>36687 dst>fd10:62:100::2/22548 
17:44:53.957500 CONNECT flow>4748 srcPort>36687 dst>fd10:62:100::2/22548 
17:44:53.993471 SHUTDOWN flow>4548 srcPort>38025 dst>fd10:62:100::2/22348 
17:44:53.995198 OFF flow>4548 srcPort>38025 dst>fd10:62:100::2/22348 
17:44:54.064025 ON flow>4756 srcPort>46397 dst>fd10:62:100::2/22556 
17:44:54.065426 CONNECT flow>4756 srcPort>46397 dst>fd10:62:100::2/22556 
17:44:54.080780 SHUTDOWN flow>4556 srcPort>42849 dst>fd10:62:100::2/22356 
17:44:54.081296 OFF flow>4556 srcPort>42849 dst>fd10:62:100::2/22356 
17:44:54.210202 ON flow>4764 srcPort>38861 dst>fd10:62:100::2/22564 
17:44:54.210469 CONNECT flow>4764 srcPort>38861 dst>fd10:62:100::2/22564 
17:44:54.377066 ON flow>4772 srcPort>40421 dst>fd10:62:100::2/22572 
17:44:54.377597 CONNECT flow>4772 srcPort>40421 dst>fd10:62:100::2/22572 
17:44:54.488534 ON flow>4780 srcPort>38285 dst>fd10:62:100::2/22580 
17:44:54.489034 CONNECT flow>4780 srcPort>38285 dst>fd10:62:100::2/22580 
17:44:54.596276 SHUTDOWN flow>4564 srcPort>35889 dst>fd10:62:100::2/22364 
17:44:54.596744 OFF flow>4564 srcPort>35889 dst>fd10:62:100::2/22364 
17:44:54.643163 SHUTDOWN flow>4572 srcPort>45593 dst>fd10:62:100::2/22372 
17:44:54.643845 OFF flow>4572 srcPort>45593 dst>fd10:62:100::2/22372 
17:44:54.754171 SHUTDOWN flow>4580 srcPort>33769 dst>fd10:62:100::2/22380 
17:44:54.754491 OFF flow>4580 srcPort>33769 dst>fd10:62:100::2/22380 
17:44:54.806817 ON flow>4788 srcPort>41097 dst>fd10:62:100::2/22588 
17:44:54.807132 CONNECT flow>4788 srcPort>41097 dst>fd10:62:100::2/22588 
17:44:54.847434 SHUTDOWN flow>4588 srcPort>37249 dst>fd10:62:100::2/22388 
17:44:54.848460 OFF flow>4588 srcPort>37249 dst>fd10:62:100::2/22388 
17:44:54.894745 ON flow>4796 srcPort>38043 dst>fd10:62:100::2/22596 
17:44:54.896574 CONNECT flow>4796 srcPort>38043 dst>fd10:62:100::2/22596 
17:44:54.934408 SHUTDOWN flow>4596 srcPort>46035 dst>fd10:62:100::2/22396 
17:44:54.936088 OFF flow>4596 srcPort>46035 dst>fd10:62:100::2/22396 
17:44:55.070517 ON flow>4804 srcPort>34607 dst>fd10:62:100::2/22604 
17:44:55.071190 CONNECT flow>4804 srcPort>34607 dst>fd10:62:100::2/22604 
17:44:55.089928 SHUTDOWN flow>4604 srcPort>34643 dst>fd10:62:100::2/22404 
17:44:55.090738 OFF flow>4604 srcPort>34643 dst>fd10:62:100::2/22404 
17:44:55.143950 ON flow>4812 srcPort>43787 dst>fd10:62:100::2/22612 
17:44:55.144870 CONNECT flow>4812 srcPort>43787 dst>fd10:62:100::2/22612 
17:44:55.236803 ON flow>4820 srcPort>35123 dst>fd10:62:100::2/22620 
17:44:55.237402 CONNECT flow>4820 srcPort>35123 dst>fd10:62:100::2/22620 
17:44:55.324233 ON flow>4828 srcPort>38425 dst>fd10:62:100::2/22628 
17:44:55.324749 CONNECT flow>4828 srcPort>38425 dst>fd10:62:100::2/22628 
17:44:55.375900 ON flow>4836 srcPort>33169 dst>fd10:62:100::2/22636 
17:44:55.376459 CONNECT flow>4836 srcPort>33169 dst>fd10:62:100::2/22636 
17:44:55.458390 ON flow>4844 srcPort>42755 dst>fd10:62:100::2/22644 
17:44:55.459483 CONNECT flow>4844 srcPort>42755 dst>fd10:62:100::2/22644 
17:44:55.469714 SHUTDOWN flow>4612 srcPort>45423 dst>fd10:62:100::2/22412 
17:44:55.470388 OFF flow>4612 srcPort>45423 dst>fd10:62:100::2/22412 
17:44:55.731460 ON flow>4852 srcPort>41879 dst>fd10:62:100::2/22652 
17:44:55.731855 CONNECT flow>4852 srcPort>41879 dst>fd10:62:100::2/22652 
17:44:56.018918 SHUTDOWN flow>4620 srcPort>35633 dst>fd10:62:100::2/22420 
17:44:56.019534 OFF flow>4620 srcPort>35633 dst>fd10:62:100::2/22420 
17:44:56.031147 ON flow>4860 srcPort>32839 dst>fd10:62:100::2/22660 
17:44:56.031716 CONNECT flow>4860 srcPort>32839 dst>fd10:62:100::2/22660 
17:44:56.152434 ON flow>4868 srcPort>34441 dst>fd10:62:100::2/22668 
17:44:56.153776 CONNECT flow>4868 srcPort>34441 dst>fd10:62:100::2/22668 
17:44:56.280819 SHUTDOWN flow>4628 srcPort>36871 dst>fd10:62:100::2/22428 
17:44:56.288373 OFF flow>4628 srcPort>36871 dst>fd10:62:100::2/22428 
17:44:56.293336 ON flow>4876 srcPort>45355 dst>fd10:62:100::2/22676 
17:44:56.297480 CONNECT flow>4876 srcPort>45355 dst>fd10:62:100::2/22676 
17:44:56.373170 ON flow>4884 srcPort>44491 dst>fd10:62:100::2/22684 
17:44:56.374424 CONNECT flow>4884 srcPort>44491 dst>fd10:62:100::2/22684 
17:44:56.396423 SHUTDOWN flow>4636 srcPort>43097 dst>fd10:62:100::2/22436 
17:44:56.396938 OFF flow>4636 srcPort>43097 dst>fd10:62:100::2/22436 
17:44:56.422861 ON flow>4892 srcPort>45535 dst>fd10:62:100::2/22692 
17:44:56.423240 CONNECT flow>4892 srcPort>45535 dst>fd10:62:100::2/22692 
17:44:56.523133 SHUTDOWN flow>4644 srcPort>33249 dst>fd10:62:100::2/22444 
17:44:56.523518 OFF flow>4644 srcPort>33249 dst>fd10:62:100::2/22444 
17:44:56.607907 ON flow>4900 srcPort>45073 dst>fd10:62:100::2/22700 
17:44:56.608388 CONNECT flow>4900 srcPort>45073 dst>fd10:62:100::2/22700 
17:44:56.721916 SHUTDOWN flow>4652 srcPort>44697 dst>fd10:62:100::2/22452 
17:44:56.722829 OFF flow>4652 srcPort>44697 dst>fd10:62:100::2/22452 
17:44:56.758442 ON flow>4908 srcPort>35703 dst>fd10:62:100::2/22708 
17:44:56.758792 CONNECT flow>4908 srcPort>35703 dst>fd10:62:100::2/22708 
17:44:56.832012 ON flow>4916 srcPort>38927 dst>fd10:62:100::2/22716 
17:44:56.832256 CONNECT flow>4916 srcPort>38927 dst>fd10:62:100::2/22716 
17:44:56.844655 SHUTDOWN flow>4660 srcPort>40419 dst>fd10:62:100::2/22460 
17:44:56.845279 OFF flow>4660 srcPort>40419 dst>fd10:62:100::2/22460 
17:44:56.911087 SHUTDOWN flow>4668 srcPort>45389 dst>fd10:62:100::2/22468 
17:44:56.911486 OFF flow>4668 srcPort>45389 dst>fd10:62:100::2/22468 
17:44:56.973465 ON flow>4924 srcPort>43771 dst>fd10:62:100::2/22724 
17:44:56.974066 CONNECT flow>4924 srcPort>43771 dst>fd10:62:100::2/22724 
17:44:57.024230 ON flow>4932 srcPort>42993 dst>fd10:62:100::2/22732 
17:44:57.024511 CONNECT flow>4932 srcPort>42993 dst>fd10:62:100::2/22732 
17:44:57.165609 ON flow>4940 srcPort>41295 dst>fd10:62:100::2/22740 
17:44:57.166061 CONNECT flow>4940 srcPort>41295 dst>fd10:62:100::2/22740 
17:44:57.270744 SHUTDOWN flow>4676 srcPort>33071 dst>fd10:62:100::2/22476 
17:44:57.271268 OFF flow>4676 srcPort>33071 dst>fd10:62:100::2/22476 
17:44:57.350304 ON flow>4948 srcPort>33377 dst>fd10:62:100::2/22748 
17:44:57.351572 CONNECT flow>4948 srcPort>33377 dst>fd10:62:100::2/22748 
17:44:57.434564 SHUTDOWN flow>4684 srcPort>34747 dst>fd10:62:100::2/22484 
17:44:57.435233 OFF flow>4684 srcPort>34747 dst>fd10:62:100::2/22484 
17:44:57.523235 ON flow>4956 srcPort>37849 dst>fd10:62:100::2/22756 
17:44:57.523966 CONNECT flow>4956 srcPort>37849 dst>fd10:62:100::2/22756 
17:44:57.574147 SHUTDOWN flow>4692 srcPort>39219 dst>fd10:62:100::2/22492 
17:44:57.575132 OFF flow>4692 srcPort>39219 dst>fd10:62:100::2/22492 
17:44:57.621305 ON flow>4964 srcPort>43681 dst>fd10:62:100::2/22764 
17:44:57.622416 CONNECT flow>4964 srcPort>43681 dst>fd10:62:100::2/22764 
17:44:57.686573 SHUTDOWN flow>4700 srcPort>42187 dst>fd10:62:100::2/22500 
17:44:57.687371 OFF flow>4700 srcPort>42187 dst>fd10:62:100::2/22500 
17:44:57.749844 ON flow>4972 srcPort>37107 dst>fd10:62:100::2/22772 
17:44:57.750099 CONNECT flow>4972 srcPort>37107 dst>fd10:62:100::2/22772 
17:44:57.791352 ON flow>4980 srcPort>42971 dst>fd10:62:100::2/22780 
17:44:57.791723 CONNECT flow>4980 srcPort>42971 dst>fd10:62:100::2/22780 
17:44:57.857424 SHUTDOWN flow>4708 srcPort>43917 dst>fd10:62:100::2/22508 
17:44:57.857899 OFF flow>4708 srcPort>43917 dst>fd10:62:100::2/22508 
17:44:57.889302 ON flow>4988 srcPort>39505 dst>fd10:62:100::2/22788 
17:44:57.889652 CONNECT flow>4988 srcPort>39505 dst>fd10:62:100::2/22788 
17:44:57.951519 ON flow>4996 srcPort>45187 dst>fd10:62:100::2/22796 
17:44:57.951839 CONNECT flow>4996 srcPort>45187 dst>fd10:62:100::2/22796 
17:44:58.033945 ON flow>5004 srcPort>34307 dst>fd10:62:100::2/22804 
17:44:58.035091 CONNECT flow>5004 srcPort>34307 dst>fd10:62:100::2/22804 
17:44:58.059616 SHUTDOWN flow>4716 srcPort>40129 dst>fd10:62:100::2/22516 
17:44:58.060429 OFF flow>4716 srcPort>40129 dst>fd10:62:100::2/22516 
17:44:58.139485 ON flow>5012 srcPort>34989 dst>fd10:62:100::2/22812 
17:44:58.140359 CONNECT flow>5012 srcPort>34989 dst>fd10:62:100::2/22812 
17:44:58.148887 SHUTDOWN flow>4724 srcPort>43957 dst>fd10:62:100::2/22524 
17:44:58.149366 OFF flow>4724 srcPort>43957 dst>fd10:62:100::2/22524 
17:44:58.255939 SHUTDOWN flow>4732 srcPort>38833 dst>fd10:62:100::2/22532 
17:44:58.256630 OFF flow>4732 srcPort>38833 dst>fd10:62:100::2/22532 
17:44:58.287484 ON flow>5020 srcPort>39053 dst>fd10:62:100::2/22820 
17:44:58.287841 CONNECT flow>5020 srcPort>39053 dst>fd10:62:100::2/22820 
17:44:58.388356 SHUTDOWN flow>4740 srcPort>40375 dst>fd10:62:100::2/22540 
17:44:58.388940 OFF flow>4740 srcPort>40375 dst>fd10:62:100::2/22540 
17:44:58.403600 ON flow>5028 srcPort>37951 dst>fd10:62:100::2/22828 
17:44:58.404237 CONNECT flow>5028 srcPort>37951 dst>fd10:62:100::2/22828 
17:44:58.676494 ON flow>5036 srcPort>40377 dst>fd10:62:100::2/22836 
17:44:58.677230 CONNECT flow>5036 srcPort>40377 dst>fd10:62:100::2/22836 
17:44:58.756634 SHUTDOWN flow>4748 srcPort>36687 dst>fd10:62:100::2/22548 
17:44:58.757437 ON flow>5044 srcPort>43465 dst>fd10:62:100::2/22844 
17:44:58.757462 OFF flow>4748 srcPort>36687 dst>fd10:62:100::2/22548 
17:44:58.757658 CONNECT flow>5044 srcPort>43465 dst>fd10:62:100::2/22844 
17:44:58.862431 SHUTDOWN flow>4756 srcPort>46397 dst>fd10:62:100::2/22556 
17:44:58.863656 OFF flow>4756 srcPort>46397 dst>fd10:62:100::2/22556 
17:44:58.964461 ON flow>5052 srcPort>45275 dst>fd10:62:100::2/22852 
17:44:58.966911 CONNECT flow>5052 srcPort>45275 dst>fd10:62:100::2/22852 
17:44:59.010109 SHUTDOWN flow>4764 srcPort>38861 dst>fd10:62:100::2/22564 
17:44:59.011403 OFF flow>4764 srcPort>38861 dst>fd10:62:100::2/22564 
17:44:59.115099 ON flow>5060 srcPort>34849 dst>fd10:62:100::2/22860 
17:44:59.116044 CONNECT flow>5060 srcPort>34849 dst>fd10:62:100::2/22860 
17:44:59.177023 SHUTDOWN flow>4772 srcPort>40421 dst>fd10:62:100::2/22572 
17:44:59.178270 OFF flow>4772 srcPort>40421 dst>fd10:62:100::2/22572 
17:44:59.285573 ON flow>5068 srcPort>36367 dst>fd10:62:100::2/22868 
17:44:59.285866 CONNECT flow>5068 srcPort>36367 dst>fd10:62:100::2/22868 
17:44:59.288412 SHUTDOWN flow>4780 srcPort>38285 dst>fd10:62:100::2/22580 
17:44:59.289394 OFF flow>4780 srcPort>38285 dst>fd10:62:100::2/22580 
17:44:59.384759 ON flow>5076 srcPort>44253 dst>fd10:62:100::2/22876 
17:44:59.385140 CONNECT flow>5076 srcPort>44253 dst>fd10:62:100::2/22876 
17:44:59.494557 ON flow>5084 srcPort>36651 dst>fd10:62:100::2/22884 
17:44:59.495103 CONNECT flow>5084 srcPort>36651 dst>fd10:62:100::2/22884 
17:44:59.551574 ON flow>5092 srcPort>46405 dst>fd10:62:100::2/22892 
17:44:59.552613 CONNECT flow>5092 srcPort>46405 dst>fd10:62:100::2/22892 
17:44:59.606717 SHUTDOWN flow>4788 srcPort>41097 dst>fd10:62:100::2/22588 
17:44:59.608667 OFF flow>4788 srcPort>41097 dst>fd10:62:100::2/22588 
17:44:59.627235 ON flow>5100 srcPort>38113 dst>fd10:62:100::2/22900 
17:44:59.627589 CONNECT flow>5100 srcPort>38113 dst>fd10:62:100::2/22900 
17:44:59.694623 SHUTDOWN flow>4796 srcPort>38043 dst>fd10:62:100::2/22596 
17:44:59.696032 OFF flow>4796 srcPort>38043 dst>fd10:62:100::2/22596 
17:44:59.708568 ON flow>5108 srcPort>36463 dst>fd10:62:100::2/22908 
17:44:59.708862 CONNECT flow>5108 srcPort>36463 dst>fd10:62:100::2/22908 
17:44:59.766337 ON flow>5116 srcPort>33897 dst>fd10:62:100::2/22916 
17:44:59.766860 CONNECT flow>5116 srcPort>33897 dst>fd10:62:100::2/22916 
17:44:59.849054 ON flow>5124 srcPort>43941 dst>fd10:62:100::2/22924 
17:44:59.850444 CONNECT flow>5124 srcPort>43941 dst>fd10:62:100::2/22924 
17:44:59.870426 SHUTDOWN flow>4804 srcPort>34607 dst>fd10:62:100::2/22604 
17:44:59.871248 OFF flow>4804 srcPort>34607 dst>fd10:62:100::2/22604 
17:44:59.943833 SHUTDOWN flow>4812 srcPort>43787 dst>fd10:62:100::2/22612 
17:44:59.945176 OFF flow>4812 srcPort>43787 dst>fd10:62:100::2/22612 
17:44:59.997447 ON flow>5132 srcPort>42455 dst>fd10:62:100::2/22932 
17:44:59.998076 CONNECT flow>5132 srcPort>42455 dst>fd10:62:100::2/22932 
17:45:00.036730 SHUTDOWN flow>4820 srcPort>35123 dst>fd10:62:100::2/22620 
17:45:00.037109 OFF flow>4820 srcPort>35123 dst>fd10:62:100::2/22620 
17:45:00.039176 ON flow>5140 srcPort>46849 dst>fd10:62:100::2/22940 
17:45:00.040837 CONNECT flow>5140 srcPort>46849 dst>fd10:62:100::2/22940 
17:45:00.066412 ON flow>5148 srcPort>44801 dst>fd10:62:100::2/22948 
17:45:00.066873 CONNECT flow>5148 srcPort>44801 dst>fd10:62:100::2/22948 
17:45:00.117353 ON flow>5156 srcPort>45127 dst>fd10:62:100::2/22956 
17:45:00.117942 CONNECT flow>5156 srcPort>45127 dst>fd10:62:100::2/22956 
17:45:00.124131 SHUTDOWN flow>4828 srcPort>38425 dst>fd10:62:100::2/22628 
17:45:00.124582 OFF flow>4828 srcPort>38425 dst>fd10:62:100::2/22628 
17:45:00.175828 SHUTDOWN flow>4836 srcPort>33169 dst>fd10:62:100::2/22636 
17:45:00.176563 OFF flow>4836 srcPort>33169 dst>fd10:62:100::2/22636 
17:45:00.258245 SHUTDOWN flow>4844 srcPort>42755 dst>fd10:62:100::2/22644 
17:45:00.259091 OFF flow>4844 srcPort>42755 dst>fd10:62:100::2/22644 
17:45:00.276928 ON flow>5164 srcPort>44257 dst>fd10:62:100::2/22964 
17:45:00.277264 CONNECT flow>5164 srcPort>44257 dst>fd10:62:100::2/22964 
17:45:00.329689 ON flow>5172 srcPort>33383 dst>fd10:62:100::2/22972 
17:45:00.330168 CONNECT flow>5172 srcPort>33383 dst>fd10:62:100::2/22972 
17:45:00.386251 ON flow>5180 srcPort>34061 dst>fd10:62:100::2/22980 
17:45:00.387825 CONNECT flow>5180 srcPort>34061 dst>fd10:62:100::2/22980 
17:45:00.420357 ON flow>5188 srcPort>37563 dst>fd10:62:100::2/22988 
17:45:00.420974 CONNECT flow>5188 srcPort>37563 dst>fd10:62:100::2/22988 
17:45:00.531330 SHUTDOWN flow>4852 srcPort>41879 dst>fd10:62:100::2/22652 
17:45:00.531808 OFF flow>4852 srcPort>41879 dst>fd10:62:100::2/22652 
17:45:00.564261 ON flow>5196 srcPort>41435 dst>fd10:62:100::2/22996 
17:45:00.565502 CONNECT flow>5196 srcPort>41435 dst>fd10:62:100::2/22996 
17:45:00.697824 ON flow>5204 srcPort>41535 dst>fd10:62:100::2/23004 
17:45:00.698409 CONNECT flow>5204 srcPort>41535 dst>fd10:62:100::2/23004 
17:45:00.831047 SHUTDOWN flow>4860 srcPort>32839 dst>fd10:62:100::2/22660 
17:45:00.832210 OFF flow>4860 srcPort>32839 dst>fd10:62:100::2/22660 
17:45:00.952355 SHUTDOWN flow>4868 srcPort>34441 dst>fd10:62:100::2/22668 
17:45:00.952871 OFF flow>4868 srcPort>34441 dst>fd10:62:100::2/22668 
17:45:00.964146 ON flow>5212 srcPort>32865 dst>fd10:62:100::2/23012 
17:45:00.964533 CONNECT flow>5212 srcPort>32865 dst>fd10:62:100::2/23012 
17:45:01.000717 ON flow>5220 srcPort>45851 dst>fd10:62:100::2/23020 
17:45:01.001192 CONNECT flow>5220 srcPort>45851 dst>fd10:62:100::2/23020 
17:45:01.059544 ON flow>5228 srcPort>46745 dst>fd10:62:100::2/23028 
17:45:01.061553 CONNECT flow>5228 srcPort>46745 dst>fd10:62:100::2/23028 
17:45:01.093337 SHUTDOWN flow>4876 srcPort>45355 dst>fd10:62:100::2/22676 
17:45:01.094758 OFF flow>4876 srcPort>45355 dst>fd10:62:100::2/22676 
17:45:01.173048 SHUTDOWN flow>4884 srcPort>44491 dst>fd10:62:100::2/22684 
17:45:01.173723 OFF flow>4884 srcPort>44491 dst>fd10:62:100::2/22684 
17:45:01.179530 ON flow>5236 srcPort>40793 dst>fd10:62:100::2/23036 
17:45:01.180389 CONNECT flow>5236 srcPort>40793 dst>fd10:62:100::2/23036 
17:45:01.222794 SHUTDOWN flow>4892 srcPort>45535 dst>fd10:62:100::2/22692 
17:45:01.224470 OFF flow>4892 srcPort>45535 dst>fd10:62:100::2/22692 
17:45:01.240497 ON flow>5244 srcPort>44667 dst>fd10:62:100::2/23044 
17:45:01.241359 CONNECT flow>5244 srcPort>44667 dst>fd10:62:100::2/23044 
17:45:01.332372 ON flow>5252 srcPort>34439 dst>fd10:62:100::2/23052 
17:45:01.332796 CONNECT flow>5252 srcPort>34439 dst>fd10:62:100::2/23052 
17:45:01.407750 SHUTDOWN flow>4900 srcPort>45073 dst>fd10:62:100::2/22700 
17:45:01.409145 OFF flow>4900 srcPort>45073 dst>fd10:62:100::2/22700 
17:45:01.421233 ON flow>5260 srcPort>42457 dst>fd10:62:100::2/23060 
17:45:01.421701 CONNECT flow>5260 srcPort>42457 dst>fd10:62:100::2/23060 
17:45:01.513786 ON flow>5268 srcPort>44935 dst>fd10:62:100::2/23068 
17:45:01.516955 CONNECT flow>5268 srcPort>44935 dst>fd10:62:100::2/23068 
17:45:01.550864 ON flow>5276 srcPort>39847 dst>fd10:62:100::2/23076 
17:45:01.552514 CONNECT flow>5276 srcPort>39847 dst>fd10:62:100::2/23076 
17:45:01.558363 SHUTDOWN flow>4908 srcPort>35703 dst>fd10:62:100::2/22708 
17:45:01.559467 OFF flow>4908 srcPort>35703 dst>fd10:62:100::2/22708 
17:45:01.631869 SHUTDOWN flow>4916 srcPort>38927 dst>fd10:62:100::2/22716 
17:45:01.633009 OFF flow>4916 srcPort>38927 dst>fd10:62:100::2/22716 
17:45:01.701862 ON flow>5284 srcPort>33427 dst>fd10:62:100::2/23084 
17:45:01.703827 CONNECT flow>5284 srcPort>33427 dst>fd10:62:100::2/23084 
17:45:01.773262 SHUTDOWN flow>4924 srcPort>43771 dst>fd10:62:100::2/22724 
17:45:01.774437 OFF flow>4924 srcPort>43771 dst>fd10:62:100::2/22724 
17:45:01.824158 SHUTDOWN flow>4932 srcPort>42993 dst>fd10:62:100::2/22732 
17:45:01.825493 OFF flow>4932 srcPort>42993 dst>fd10:62:100::2/22732 
17:45:01.860552 ON flow>5292 srcPort>33549 dst>fd10:62:100::2/23092 
17:45:01.862515 CONNECT flow>5292 srcPort>33549 dst>fd10:62:100::2/23092 
17:45:01.965456 SHUTDOWN flow>4940 srcPort>41295 dst>fd10:62:100::2/22740 
17:45:01.968445 OFF flow>4940 srcPort>41295 dst>fd10:62:100::2/22740 
17:45:01.980186 ON flow>5300 srcPort>35133 dst>fd10:62:100::2/23100 
17:45:01.981852 CONNECT flow>5300 srcPort>35133 dst>fd10:62:100::2/23100 
17:45:02.065397 ON flow>5308 srcPort>44793 dst>fd10:62:100::2/23108 
17:45:02.068004 CONNECT flow>5308 srcPort>44793 dst>fd10:62:100::2/23108 
17:45:02.150165 SHUTDOWN flow>4948 srcPort>33377 dst>fd10:62:100::2/22748 
17:45:02.150615 OFF flow>4948 srcPort>33377 dst>fd10:62:100::2/22748 
17:45:02.183091 ON flow>5316 srcPort>41581 dst>fd10:62:100::2/23116 
17:45:02.184987 CONNECT flow>5316 srcPort>41581 dst>fd10:62:100::2/23116 
17:45:02.247570 ON flow>5324 srcPort>46819 dst>fd10:62:100::2/23124 
17:45:02.247953 CONNECT flow>5324 srcPort>46819 dst>fd10:62:100::2/23124 
17:45:02.292429 ON flow>5332 srcPort>46243 dst>fd10:62:100::2/23132 
17:45:02.294109 CONNECT flow>5332 srcPort>46243 dst>fd10:62:100::2/23132 
17:45:02.323083 SHUTDOWN flow>4956 srcPort>37849 dst>fd10:62:100::2/22756 
17:45:02.324159 OFF flow>4956 srcPort>37849 dst>fd10:62:100::2/22756 
17:45:02.402688 ON flow>5340 srcPort>42337 dst>fd10:62:100::2/23140 
17:45:02.403295 CONNECT flow>5340 srcPort>42337 dst>fd10:62:100::2/23140 
17:45:02.421170 SHUTDOWN flow>4964 srcPort>43681 dst>fd10:62:100::2/22764 
17:45:02.422322 OFF flow>4964 srcPort>43681 dst>fd10:62:100::2/22764 
17:45:02.487971 ON flow>5348 srcPort>43583 dst>fd10:62:100::2/23148 
17:45:02.490373 CONNECT flow>5348 srcPort>43583 dst>fd10:62:100::2/23148 
17:45:02.549772 SHUTDOWN flow>4972 srcPort>37107 dst>fd10:62:100::2/22772 
17:45:02.551675 OFF flow>4972 srcPort>37107 dst>fd10:62:100::2/22772 
17:45:02.591266 SHUTDOWN flow>4980 srcPort>42971 dst>fd10:62:100::2/22780 
17:45:02.592039 OFF flow>4980 srcPort>42971 dst>fd10:62:100::2/22780 
17:45:02.672776 ON flow>5356 srcPort>36887 dst>fd10:62:100::2/23156 
17:45:02.673960 CONNECT flow>5356 srcPort>36887 dst>fd10:62:100::2/23156 
17:45:02.689166 SHUTDOWN flow>4988 srcPort>39505 dst>fd10:62:100::2/22788 
17:45:02.689733 OFF flow>4988 srcPort>39505 dst>fd10:62:100::2/22788 
17:45:02.751361 SHUTDOWN flow>4996 srcPort>45187 dst>fd10:62:100::2/22796 
17:45:02.753478 OFF flow>4996 srcPort>45187 dst>fd10:62:100::2/22796 
17:45:02.833800 SHUTDOWN flow>5004 srcPort>34307 dst>fd10:62:100::2/22804 
17:45:02.834613 OFF flow>5004 srcPort>34307 dst>fd10:62:100::2/22804 
17:45:02.843238 ON flow>5364 srcPort>45703 dst>fd10:62:100::2/23164 
17:45:02.843976 CONNECT flow>5364 srcPort>45703 dst>fd10:62:100::2/23164 
17:45:02.939384 SHUTDOWN flow>5012 srcPort>34989 dst>fd10:62:100::2/22812 
17:45:02.940130 OFF flow>5012 srcPort>34989 dst>fd10:62:100::2/22812 
17:45:03.087397 SHUTDOWN flow>5020 srcPort>39053 dst>fd10:62:100::2/22820 
17:45:03.088343 OFF flow>5020 srcPort>39053 dst>fd10:62:100::2/22820 
17:45:03.101616 ON flow>5372 srcPort>42235 dst>fd10:62:100::2/23172 
17:45:03.102513 CONNECT flow>5372 srcPort>42235 dst>fd10:62:100::2/23172 
17:45:03.199706 ON flow>5380 srcPort>35587 dst>fd10:62:100::2/23180 
17:45:03.200645 CONNECT flow>5380 srcPort>35587 dst>fd10:62:100::2/23180 
17:45:03.203508 SHUTDOWN flow>5028 srcPort>37951 dst>fd10:62:100::2/22828 
17:45:03.203998 OFF flow>5028 srcPort>37951 dst>fd10:62:100::2/22828 
17:45:03.364069 ON flow>5388 srcPort>46555 dst>fd10:62:100::2/23188 
17:45:03.364693 CONNECT flow>5388 srcPort>46555 dst>fd10:62:100::2/23188 
17:45:03.476438 SHUTDOWN flow>5036 srcPort>40377 dst>fd10:62:100::2/22836 
17:45:03.477105 OFF flow>5036 srcPort>40377 dst>fd10:62:100::2/22836 
17:45:03.480065 ON flow>5396 srcPort>34759 dst>fd10:62:100::2/23196 
17:45:03.481182 CONNECT flow>5396 srcPort>34759 dst>fd10:62:100::2/23196 
17:45:03.557189 SHUTDOWN flow>5044 srcPort>43465 dst>fd10:62:100::2/22844 
17:45:03.557845 OFF flow>5044 srcPort>43465 dst>fd10:62:100::2/22844 
17:45:03.749479 ON flow>5404 srcPort>38863 dst>fd10:62:100::2/23204 
17:45:03.751284 CONNECT flow>5404 srcPort>38863 dst>fd10:62:100::2/23204 
17:45:03.764359 SHUTDOWN flow>5052 srcPort>45275 dst>fd10:62:100::2/22852 
17:45:03.767063 OFF flow>5052 srcPort>45275 dst>fd10:62:100::2/22852 
17:45:03.874227 ON flow>5412 srcPort>35533 dst>fd10:62:100::2/23212 
17:45:03.874820 CONNECT flow>5412 srcPort>35533 dst>fd10:62:100::2/23212 
17:45:03.914980 SHUTDOWN flow>5060 srcPort>34849 dst>fd10:62:100::2/22860 
17:45:03.916355 OFF flow>5060 srcPort>34849 dst>fd10:62:100::2/22860 
17:45:04.008995 ON flow>5420 srcPort>45183 dst>fd10:62:100::2/23220 
17:45:04.009644 CONNECT flow>5420 srcPort>45183 dst>fd10:62:100::2/23220 
17:45:04.085477 SHUTDOWN flow>5068 srcPort>36367 dst>fd10:62:100::2/22868 
17:45:04.086417 OFF flow>5068 srcPort>36367 dst>fd10:62:100::2/22868 
17:45:04.120227 ON flow>5428 srcPort>40775 dst>fd10:62:100::2/23228 
17:45:04.122214 CONNECT flow>5428 srcPort>40775 dst>fd10:62:100::2/23228 
17:45:04.184673 SHUTDOWN flow>5076 srcPort>44253 dst>fd10:62:100::2/22876 
17:45:04.187739 OFF flow>5076 srcPort>44253 dst>fd10:62:100::2/22876 
17:45:04.269107 ON flow>5436 srcPort>40569 dst>fd10:62:100::2/23236 
17:45:04.269439 CONNECT flow>5436 srcPort>40569 dst>fd10:62:100::2/23236 
17:45:04.294475 SHUTDOWN flow>5084 srcPort>36651 dst>fd10:62:100::2/22884 
17:45:04.295615 OFF flow>5084 srcPort>36651 dst>fd10:62:100::2/22884 
17:45:04.351523 SHUTDOWN flow>5092 srcPort>46405 dst>fd10:62:100::2/22892 
17:45:04.353010 OFF flow>5092 srcPort>46405 dst>fd10:62:100::2/22892 
17:45:04.369180 ON flow>5444 srcPort>44503 dst>fd10:62:100::2/23244 
17:45:04.370251 CONNECT flow>5444 srcPort>44503 dst>fd10:62:100::2/23244 
17:45:04.416883 ON flow>5452 srcPort>33367 dst>fd10:62:100::2/23252 
17:45:04.417222 CONNECT flow>5452 srcPort>33367 dst>fd10:62:100::2/23252 
17:45:04.427161 SHUTDOWN flow>5100 srcPort>38113 dst>fd10:62:100::2/22900 
17:45:04.429290 OFF flow>5100 srcPort>38113 dst>fd10:62:100::2/22900 
17:45:04.464242 ON flow>5460 srcPort>35883 dst>fd10:62:100::2/23260 
17:45:04.465490 CONNECT flow>5460 srcPort>35883 dst>fd10:62:100::2/23260 
17:45:04.508495 SHUTDOWN flow>5108 srcPort>36463 dst>fd10:62:100::2/22908 
17:45:04.511548 OFF flow>5108 srcPort>36463 dst>fd10:62:100::2/22908 
17:45:04.548091 ON flow>5468 srcPort>39717 dst>fd10:62:100::2/23268 
17:45:04.549241 CONNECT flow>5468 srcPort>39717 dst>fd10:62:100::2/23268 
17:45:04.566184 SHUTDOWN flow>5116 srcPort>33897 dst>fd10:62:100::2/22916 
17:45:04.567921 OFF flow>5116 srcPort>33897 dst>fd10:62:100::2/22916 
17:45:04.630335 ON flow>5476 srcPort>34567 dst>fd10:62:100::2/23276 
17:45:04.632003 CONNECT flow>5476 srcPort>34567 dst>fd10:62:100::2/23276 
17:45:04.648983 SHUTDOWN flow>5124 srcPort>43941 dst>fd10:62:100::2/22924 
17:45:04.651022 OFF flow>5124 srcPort>43941 dst>fd10:62:100::2/22924 
17:45:04.737986 ON flow>5484 srcPort>33385 dst>fd10:62:100::2/23284 
17:45:04.739918 CONNECT flow>5484 srcPort>33385 dst>fd10:62:100::2/23284 
17:45:04.797339 SHUTDOWN flow>5132 srcPort>42455 dst>fd10:62:100::2/22932 
17:45:04.798005 OFF flow>5132 srcPort>42455 dst>fd10:62:100::2/22932 
17:45:04.836811 ON flow>5492 srcPort>33987 dst>fd10:62:100::2/23292 
17:45:04.837473 CONNECT flow>5492 srcPort>33987 dst>fd10:62:100::2/23292 
17:45:04.839103 SHUTDOWN flow>5140 srcPort>46849 dst>fd10:62:100::2/22940 
17:45:04.840501 OFF flow>5140 srcPort>46849 dst>fd10:62:100::2/22940 
17:45:04.866342 SHUTDOWN flow>5148 srcPort>44801 dst>fd10:62:100::2/22948 
17:45:04.868726 OFF flow>5148 srcPort>44801 dst>fd10:62:100::2/22948 
17:45:04.917354 SHUTDOWN flow>5156 srcPort>45127 dst>fd10:62:100::2/22956 
17:45:04.920422 OFF flow>5156 srcPort>45127 dst>fd10:62:100::2/22956 
17:45:04.949548 ON flow>5500 srcPort>36761 dst>fd10:62:100::2/23300 
17:45:04.951417 CONNECT flow>5500 srcPort>36761 dst>fd10:62:100::2/23300 
17:45:05.001118 ON flow>5508 srcPort>34157 dst>fd10:62:100::2/23308 
17:45:05.001842 CONNECT flow>5508 srcPort>34157 dst>fd10:62:100::2/23308 
17:45:05.076845 SHUTDOWN flow>5164 srcPort>44257 dst>fd10:62:100::2/22964 
17:45:05.077855 OFF flow>5164 srcPort>44257 dst>fd10:62:100::2/22964 
17:45:05.109007 ON flow>5516 srcPort>42351 dst>fd10:62:100::2/23316 
17:45:05.110514 CONNECT flow>5516 srcPort>42351 dst>fd10:62:100::2/23316 
17:45:05.129577 SHUTDOWN flow>5172 srcPort>33383 dst>fd10:62:100::2/22972 
17:45:05.131711 OFF flow>5172 srcPort>33383 dst>fd10:62:100::2/22972 
17:45:05.186082 SHUTDOWN flow>5180 srcPort>34061 dst>fd10:62:100::2/22980 
17:45:05.186392 OFF flow>5180 srcPort>34061 dst>fd10:62:100::2/22980 
17:45:05.220295 SHUTDOWN flow>5188 srcPort>37563 dst>fd10:62:100::2/22988 
17:45:05.220604 OFF flow>5188 srcPort>37563 dst>fd10:62:100::2/22988 
17:45:05.265358 ON flow>5524 srcPort>44495 dst>fd10:62:100::2/23324 
17:45:05.267174 CONNECT flow>5524 srcPort>44495 dst>fd10:62:100::2/23324 
17:45:05.364080 SHUTDOWN flow>5196 srcPort>41435 dst>fd10:62:100::2/22996 
17:45:05.364424 OFF flow>5196 srcPort>41435 dst>fd10:62:100::2/22996 
17:45:05.462381 ON flow>5532 srcPort>36623 dst>fd10:62:100::2/23332 
17:45:05.462925 CONNECT flow>5532 srcPort>36623 dst>fd10:62:100::2/23332 
17:45:05.497836 SHUTDOWN flow>5204 srcPort>41535 dst>fd10:62:100::2/23004 
17:45:05.499302 OFF flow>5204 srcPort>41535 dst>fd10:62:100::2/23004 
17:45:05.608612 ON flow>5540 srcPort>41883 dst>fd10:62:100::2/23340 
17:45:05.609149 CONNECT flow>5540 srcPort>41883 dst>fd10:62:100::2/23340 
17:45:05.695781 ON flow>5548 srcPort>34897 dst>fd10:62:100::2/23348 
17:45:05.697453 CONNECT flow>5548 srcPort>34897 dst>fd10:62:100::2/23348 
17:45:05.764041 SHUTDOWN flow>5212 srcPort>32865 dst>fd10:62:100::2/23012 
17:45:05.765073 OFF flow>5212 srcPort>32865 dst>fd10:62:100::2/23012 
17:45:05.800610 SHUTDOWN flow>5220 srcPort>45851 dst>fd10:62:100::2/23020 
17:45:05.801454 OFF flow>5220 srcPort>45851 dst>fd10:62:100::2/23020 
17:45:05.837657 ON flow>5556 srcPort>36305 dst>fd10:62:100::2/23356 
17:45:05.838708 CONNECT flow>5556 srcPort>36305 dst>fd10:62:100::2/23356 
17:45:05.859527 SHUTDOWN flow>5228 srcPort>46745 dst>fd10:62:100::2/23028 
17:45:05.861569 OFF flow>5228 srcPort>46745 dst>fd10:62:100::2/23028 
17:45:05.938179 ON flow>5564 srcPort>45441 dst>fd10:62:100::2/23364 
17:45:05.938780 CONNECT flow>5564 srcPort>45441 dst>fd10:62:100::2/23364 
17:45:05.979446 SHUTDOWN flow>5236 srcPort>40793 dst>fd10:62:100::2/23036 
17:45:05.979868 OFF flow>5236 srcPort>40793 dst>fd10:62:100::2/23036 
17:45:06.040439 SHUTDOWN flow>5244 srcPort>44667 dst>fd10:62:100::2/23044 
17:45:06.041268 OFF flow>5244 srcPort>44667 dst>fd10:62:100::2/23044 
17:45:06.063996 ON flow>5572 srcPort>34277 dst>fd10:62:100::2/23372 
17:45:06.065288 CONNECT flow>5572 srcPort>34277 dst>fd10:62:100::2/23372 
17:45:06.132268 SHUTDOWN flow>5252 srcPort>34439 dst>fd10:62:100::2/23052 
17:45:06.133521 OFF flow>5252 srcPort>34439 dst>fd10:62:100::2/23052 
17:45:06.215683 ON flow>5580 srcPort>46133 dst>fd10:62:100::2/23380 
17:45:06.217025 CONNECT flow>5580 srcPort>46133 dst>fd10:62:100::2/23380 
17:45:06.221164 SHUTDOWN flow>5260 srcPort>42457 dst>fd10:62:100::2/23060 
17:45:06.221876 OFF flow>5260 srcPort>42457 dst>fd10:62:100::2/23060 
17:45:06.313662 SHUTDOWN flow>5268 srcPort>44935 dst>fd10:62:100::2/23068 
17:45:06.315282 OFF flow>5268 srcPort>44935 dst>fd10:62:100::2/23068 
17:45:06.323768 ON flow>5588 srcPort>34573 dst>fd10:62:100::2/23388 
17:45:06.324377 CONNECT flow>5588 srcPort>34573 dst>fd10:62:100::2/23388 
17:45:06.350755 SHUTDOWN flow>5276 srcPort>39847 dst>fd10:62:100::2/23076 
17:45:06.351280 OFF flow>5276 srcPort>39847 dst>fd10:62:100::2/23076 
17:45:06.448141 ON flow>5596 srcPort>41165 dst>fd10:62:100::2/23396 
17:45:06.448977 CONNECT flow>5596 srcPort>41165 dst>fd10:62:100::2/23396 
17:45:06.501755 SHUTDOWN flow>5284 srcPort>33427 dst>fd10:62:100::2/23084 
17:45:06.502599 OFF flow>5284 srcPort>33427 dst>fd10:62:100::2/23084 
17:45:06.660434 SHUTDOWN flow>5292 srcPort>33549 dst>fd10:62:100::2/23092 
17:45:06.661453 OFF flow>5292 srcPort>33549 dst>fd10:62:100::2/23092 
17:45:06.755000 ON flow>5604 srcPort>45673 dst>fd10:62:100::2/23404 
17:45:06.756305 CONNECT flow>5604 srcPort>45673 dst>fd10:62:100::2/23404 
17:45:06.780139 SHUTDOWN flow>5300 srcPort>35133 dst>fd10:62:100::2/23100 
17:45:06.780718 OFF flow>5300 srcPort>35133 dst>fd10:62:100::2/23100 
17:45:06.865299 SHUTDOWN flow>5308 srcPort>44793 dst>fd10:62:100::2/23108 
17:45:06.866227 OFF flow>5308 srcPort>44793 dst>fd10:62:100::2/23108 
17:45:06.982992 SHUTDOWN flow>5316 srcPort>41581 dst>fd10:62:100::2/23116 
17:45:06.983714 OFF flow>5316 srcPort>41581 dst>fd10:62:100::2/23116 
17:45:07.047458 SHUTDOWN flow>5324 srcPort>46819 dst>fd10:62:100::2/23124 
17:45:07.048645 OFF flow>5324 srcPort>46819 dst>fd10:62:100::2/23124 
17:45:07.092276 SHUTDOWN flow>5332 srcPort>46243 dst>fd10:62:100::2/23132 
17:45:07.092961 OFF flow>5332 srcPort>46243 dst>fd10:62:100::2/23132 
17:45:07.104240 ON flow>5612 srcPort>36587 dst>fd10:62:100::2/23412 
17:45:07.106112 CONNECT flow>5612 srcPort>36587 dst>fd10:62:100::2/23412 
17:45:07.202565 SHUTDOWN flow>5340 srcPort>42337 dst>fd10:62:100::2/23140 
17:45:07.204099 OFF flow>5340 srcPort>42337 dst>fd10:62:100::2/23140 
17:45:07.218885 ON flow>5620 srcPort>42467 dst>fd10:62:100::2/23420 
17:45:07.219252 CONNECT flow>5620 srcPort>42467 dst>fd10:62:100::2/23420 
17:45:07.287877 SHUTDOWN flow>5348 srcPort>43583 dst>fd10:62:100::2/23148 
17:45:07.288477 OFF flow>5348 srcPort>43583 dst>fd10:62:100::2/23148 
17:45:07.422919 ON flow>5628 srcPort>40379 dst>fd10:62:100::2/23428 
17:45:07.425451 CONNECT flow>5628 srcPort>40379 dst>fd10:62:100::2/23428 
17:45:07.472674 SHUTDOWN flow>5356 srcPort>36887 dst>fd10:62:100::2/23156 
17:45:07.473867 OFF flow>5356 srcPort>36887 dst>fd10:62:100::2/23156 
17:45:07.643171 SHUTDOWN flow>5364 srcPort>45703 dst>fd10:62:100::2/23164 
17:45:07.644082 OFF flow>5364 srcPort>45703 dst>fd10:62:100::2/23164 
17:45:07.745487 ON flow>5636 srcPort>45891 dst>fd10:62:100::2/23436 
17:45:07.747150 CONNECT flow>5636 srcPort>45891 dst>fd10:62:100::2/23436 
17:45:07.901459 SHUTDOWN flow>5372 srcPort>42235 dst>fd10:62:100::2/23172 
17:45:07.904770 OFF flow>5372 srcPort>42235 dst>fd10:62:100::2/23172 
17:45:07.920833 ON flow>5644 srcPort>40861 dst>fd10:62:100::2/23444 
17:45:07.921408 CONNECT flow>5644 srcPort>40861 dst>fd10:62:100::2/23444 
17:45:07.999552 SHUTDOWN flow>5380 srcPort>35587 dst>fd10:62:100::2/23180 
17:45:08.001512 OFF flow>5380 srcPort>35587 dst>fd10:62:100::2/23180 
17:45:08.054952 ON flow>5652 srcPort>46235 dst>fd10:62:100::2/23452 
17:45:08.057841 CONNECT flow>5652 srcPort>46235 dst>fd10:62:100::2/23452 
17:45:08.163955 SHUTDOWN flow>5388 srcPort>46555 dst>fd10:62:100::2/23188 
17:45:08.166443 OFF flow>5388 srcPort>46555 dst>fd10:62:100::2/23188 
17:45:08.225854 ON flow>5660 srcPort>41985 dst>fd10:62:100::2/23460 
17:45:08.226167 CONNECT flow>5660 srcPort>41985 dst>fd10:62:100::2/23460 
17:45:08.279974 SHUTDOWN flow>5396 srcPort>34759 dst>fd10:62:100::2/23196 
17:45:08.280533 OFF flow>5396 srcPort>34759 dst>fd10:62:100::2/23196 
17:45:08.318841 ON flow>5668 srcPort>37835 dst>fd10:62:100::2/23468 
17:45:08.321332 CONNECT flow>5668 srcPort>37835 dst>fd10:62:100::2/23468 
17:45:08.549407 SHUTDOWN flow>5404 srcPort>38863 dst>fd10:62:100::2/23204 
17:45:08.550623 OFF flow>5404 srcPort>38863 dst>fd10:62:100::2/23204 
17:45:08.643233 ON flow>5676 srcPort>40083 dst>fd10:62:100::2/23476 
17:45:08.643720 CONNECT flow>5676 srcPort>40083 dst>fd10:62:100::2/23476 
17:45:08.674061 SHUTDOWN flow>5412 srcPort>35533 dst>fd10:62:100::2/23212 
17:45:08.674546 OFF flow>5412 srcPort>35533 dst>fd10:62:100::2/23212 
17:45:08.808972 SHUTDOWN flow>5420 srcPort>45183 dst>fd10:62:100::2/23220 
17:45:08.809755 OFF flow>5420 srcPort>45183 dst>fd10:62:100::2/23220 
17:45:08.845357 ON flow>5684 srcPort>37069 dst>fd10:62:100::2/23484 
17:45:08.848325 CONNECT flow>5684 srcPort>37069 dst>fd10:62:100::2/23484 
17:45:08.920068 SHUTDOWN flow>5428 srcPort>40775 dst>fd10:62:100::2/23228 
17:45:08.920643 OFF flow>5428 srcPort>40775 dst>fd10:62:100::2/23228 
17:45:08.929446 ON flow>5692 srcPort>36817 dst>fd10:62:100::2/23492 
17:45:08.929764 CONNECT flow>5692 srcPort>36817 dst>fd10:62:100::2/23492 
17:45:09.068969 SHUTDOWN flow>5436 srcPort>40569 dst>fd10:62:100::2/23236 
17:45:09.072437 OFF flow>5436 srcPort>40569 dst>fd10:62:100::2/23236 
17:45:09.098865 ON flow>5700 srcPort>36139 dst>fd10:62:100::2/23500 
17:45:09.099913 CONNECT flow>5700 srcPort>36139 dst>fd10:62:100::2/23500 
17:45:09.169068 SHUTDOWN flow>5444 srcPort>44503 dst>fd10:62:100::2/23244 
17:45:09.170498 OFF flow>5444 srcPort>44503 dst>fd10:62:100::2/23244 
17:45:09.216822 SHUTDOWN flow>5452 srcPort>33367 dst>fd10:62:100::2/23252 
17:45:09.220265 OFF flow>5452 srcPort>33367 dst>fd10:62:100::2/23252 
17:45:09.264179 SHUTDOWN flow>5460 srcPort>35883 dst>fd10:62:100::2/23260 
17:45:09.265616 OFF flow>5460 srcPort>35883 dst>fd10:62:100::2/23260 
17:45:09.348016 SHUTDOWN flow>5468 srcPort>39717 dst>fd10:62:100::2/23268 
17:45:09.348577 OFF flow>5468 srcPort>39717 dst>fd10:62:100::2/23268 
17:45:09.430069 SHUTDOWN flow>5476 srcPort>34567 dst>fd10:62:100::2/23276 
17:45:09.431846 OFF flow>5476 srcPort>34567 dst>fd10:62:100::2/23276 
17:45:09.537719 SHUTDOWN flow>5484 srcPort>33385 dst>fd10:62:100::2/23284 
17:45:09.538457 OFF flow>5484 srcPort>33385 dst>fd10:62:100::2/23284 
17:45:09.626737 ON flow>5708 srcPort>38289 dst>fd10:62:100::2/23508 
17:45:09.627673 CONNECT flow>5708 srcPort>38289 dst>fd10:62:100::2/23508 
17:45:09.636681 SHUTDOWN flow>5492 srcPort>33987 dst>fd10:62:100::2/23292 
17:45:09.637440 OFF flow>5492 srcPort>33987 dst>fd10:62:100::2/23292 
17:45:09.749482 SHUTDOWN flow>5500 srcPort>36761 dst>fd10:62:100::2/23300 
17:45:09.750061 OFF flow>5500 srcPort>36761 dst>fd10:62:100::2/23300 
17:45:09.800914 SHUTDOWN flow>5508 srcPort>34157 dst>fd10:62:100::2/23308 
17:45:09.801477 OFF flow>5508 srcPort>34157 dst>fd10:62:100::2/23308 
17:45:09.908866 SHUTDOWN flow>5516 srcPort>42351 dst>fd10:62:100::2/23316 
17:45:09.909327 OFF flow>5516 srcPort>42351 dst>fd10:62:100::2/23316 
17:45:09.941060 ON flow>5716 srcPort>37721 dst>fd10:62:100::2/23516 
17:45:09.942106 CONNECT flow>5716 srcPort>37721 dst>fd10:62:100::2/23516 
17:45:10.065171 SHUTDOWN flow>5524 srcPort>44495 dst>fd10:62:100::2/23324 
17:45:10.065971 OFF flow>5524 srcPort>44495 dst>fd10:62:100::2/23324 
17:45:10.138849 ON flow>5724 srcPort>39595 dst>fd10:62:100::2/23524 
17:45:10.139724 CONNECT flow>5724 srcPort>39595 dst>fd10:62:100::2/23524 
17:45:10.239194 ON flow>5732 srcPort>42387 dst>fd10:62:100::2/23532 
17:45:10.240352 CONNECT flow>5732 srcPort>42387 dst>fd10:62:100::2/23532 
17:45:10.262286 SHUTDOWN flow>5532 srcPort>36623 dst>fd10:62:100::2/23332 
17:45:10.263584 OFF flow>5532 srcPort>36623 dst>fd10:62:100::2/23332 
17:45:10.302232 ON flow>5740 srcPort>45815 dst>fd10:62:100::2/23540 
17:45:10.302966 CONNECT flow>5740 srcPort>45815 dst>fd10:62:100::2/23540 
17:45:10.397991 ON flow>5748 srcPort>45223 dst>fd10:62:100::2/23548 
17:45:10.398907 CONNECT flow>5748 srcPort>45223 dst>fd10:62:100::2/23548 
17:45:10.408478 SHUTDOWN flow>5540 srcPort>41883 dst>fd10:62:100::2/23340 
17:45:10.409405 OFF flow>5540 srcPort>41883 dst>fd10:62:100::2/23340 
17:45:10.495673 SHUTDOWN flow>5548 srcPort>34897 dst>fd10:62:100::2/23348 
17:45:10.496564 OFF flow>5548 srcPort>34897 dst>fd10:62:100::2/23348 
17:45:10.578251 ON flow>5756 srcPort>45139 dst>fd10:62:100::2/23556 
17:45:10.578950 CONNECT flow>5756 srcPort>45139 dst>fd10:62:100::2/23556 
17:45:10.637584 SHUTDOWN flow>5556 srcPort>36305 dst>fd10:62:100::2/23356 
17:45:10.639019 OFF flow>5556 srcPort>36305 dst>fd10:62:100::2/23356 
17:45:10.694033 ON flow>5764 srcPort>45525 dst>fd10:62:100::2/23564 
17:45:10.694397 CONNECT flow>5764 srcPort>45525 dst>fd10:62:100::2/23564 
17:45:10.738082 SHUTDOWN flow>5564 srcPort>45441 dst>fd10:62:100::2/23364 
17:45:10.740250 OFF flow>5564 srcPort>45441 dst>fd10:62:100::2/23364 
17:45:10.852623 ON flow>5772 srcPort>42427 dst>fd10:62:100::2/23572 
17:45:10.854096 CONNECT flow>5772 srcPort>42427 dst>fd10:62:100::2/23572 
17:45:10.863905 SHUTDOWN flow>5572 srcPort>34277 dst>fd10:62:100::2/23372 
17:45:10.864527 OFF flow>5572 srcPort>34277 dst>fd10:62:100::2/23372 
17:45:11.015494 SHUTDOWN flow>5580 srcPort>46133 dst>fd10:62:100::2/23380 
17:45:11.016390 OFF flow>5580 srcPort>46133 dst>fd10:62:100::2/23380 
17:45:11.117071 ON flow>5780 srcPort>46883 dst>fd10:62:100::2/23580 
17:45:11.117798 CONNECT flow>5780 srcPort>46883 dst>fd10:62:100::2/23580 
17:45:11.123594 SHUTDOWN flow>5588 srcPort>34573 dst>fd10:62:100::2/23388 
17:45:11.125047 OFF flow>5588 srcPort>34573 dst>fd10:62:100::2/23388 
17:45:11.191465 ON flow>5788 srcPort>34917 dst>fd10:62:100::2/23588 
17:45:11.191866 CONNECT flow>5788 srcPort>34917 dst>fd10:62:100::2/23588 
17:45:11.248009 SHUTDOWN flow>5596 srcPort>41165 dst>fd10:62:100::2/23396 
17:45:11.248873 OFF flow>5596 srcPort>41165 dst>fd10:62:100::2/23396 
17:45:11.285582 ON flow>5796 srcPort>39525 dst>fd10:62:100::2/23596 
17:45:11.285972 CONNECT flow>5796 srcPort>39525 dst>fd10:62:100::2/23596 
17:45:11.409416 ON flow>5804 srcPort>32809 dst>fd10:62:100::2/23604 
17:45:11.411222 CONNECT flow>5804 srcPort>32809 dst>fd10:62:100::2/23604 
17:45:11.554909 SHUTDOWN flow>5604 srcPort>45673 dst>fd10:62:100::2/23404 
17:45:11.555938 OFF flow>5604 srcPort>45673 dst>fd10:62:100::2/23404 
17:45:11.597115 ON flow>5812 srcPort>37337 dst>fd10:62:100::2/23612 
17:45:11.598424 CONNECT flow>5812 srcPort>37337 dst>fd10:62:100::2/23612 
17:45:11.904059 SHUTDOWN flow>5612 srcPort>36587 dst>fd10:62:100::2/23412 
17:45:11.906451 OFF flow>5612 srcPort>36587 dst>fd10:62:100::2/23412 
17:45:11.951616 ON flow>5820 srcPort>37905 dst>fd10:62:100::2/23620 
17:45:11.953076 CONNECT flow>5820 srcPort>37905 dst>fd10:62:100::2/23620 
17:45:12.018757 SHUTDOWN flow>5620 srcPort>42467 dst>fd10:62:100::2/23420 
17:45:12.020231 OFF flow>5620 srcPort>42467 dst>fd10:62:100::2/23420 
17:45:12.102873 ON flow>5828 srcPort>41213 dst>fd10:62:100::2/23628 
17:45:12.103499 CONNECT flow>5828 srcPort>41213 dst>fd10:62:100::2/23628 
17:45:12.222771 SHUTDOWN flow>5628 srcPort>40379 dst>fd10:62:100::2/23428 
17:45:12.224148 OFF flow>5628 srcPort>40379 dst>fd10:62:100::2/23428 
17:45:12.256133 ON flow>5836 srcPort>39817 dst>fd10:62:100::2/23636 
17:45:12.258195 CONNECT flow>5836 srcPort>39817 dst>fd10:62:100::2/23636 
17:45:12.338881 ON flow>5844 srcPort>45983 dst>fd10:62:100::2/23644 
17:45:12.339145 CONNECT flow>5844 srcPort>45983 dst>fd10:62:100::2/23644 
17:45:12.540673 ON flow>5852 srcPort>36469 dst>fd10:62:100::2/23652 
17:45:12.541093 CONNECT flow>5852 srcPort>36469 dst>fd10:62:100::2/23652 
17:45:12.545368 SHUTDOWN flow>5636 srcPort>45891 dst>fd10:62:100::2/23436 
17:45:12.546601 OFF flow>5636 srcPort>45891 dst>fd10:62:100::2/23436 
17:45:12.682089 ON flow>5860 srcPort>34627 dst>fd10:62:100::2/23660 
17:45:12.683106 CONNECT flow>5860 srcPort>34627 dst>fd10:62:100::2/23660 
17:45:12.720673 SHUTDOWN flow>5644 srcPort>40861 dst>fd10:62:100::2/23444 
17:45:12.722144 OFF flow>5644 srcPort>40861 dst>fd10:62:100::2/23444 
17:45:12.854867 SHUTDOWN flow>5652 srcPort>46235 dst>fd10:62:100::2/23452 
17:45:12.858361 OFF flow>5652 srcPort>46235 dst>fd10:62:100::2/23452 
17:45:12.928464 ON flow>5868 srcPort>33515 dst>fd10:62:100::2/23668 
17:45:12.929697 CONNECT flow>5868 srcPort>33515 dst>fd10:62:100::2/23668 
17:45:13.025759 SHUTDOWN flow>5660 srcPort>41985 dst>fd10:62:100::2/23460 
17:45:13.029643 OFF flow>5660 srcPort>41985 dst>fd10:62:100::2/23460 
17:45:13.082472 ON flow>5876 srcPort>44369 dst>fd10:62:100::2/23676 
17:45:13.082875 CONNECT flow>5876 srcPort>44369 dst>fd10:62:100::2/23676 
17:45:13.118759 SHUTDOWN flow>5668 srcPort>37835 dst>fd10:62:100::2/23468 
17:45:13.120656 OFF flow>5668 srcPort>37835 dst>fd10:62:100::2/23468 
17:45:13.243483 ON flow>5884 srcPort>44467 dst>fd10:62:100::2/23684 
17:45:13.246627 CONNECT flow>5884 srcPort>44467 dst>fd10:62:100::2/23684 
17:45:13.377549 ON flow>5892 srcPort>34015 dst>fd10:62:100::2/23692 
17:45:13.380682 CONNECT flow>5892 srcPort>34015 dst>fd10:62:100::2/23692 
17:45:13.443061 SHUTDOWN flow>5676 srcPort>40083 dst>fd10:62:100::2/23476 
17:45:13.446798 OFF flow>5676 srcPort>40083 dst>fd10:62:100::2/23476 
17:45:13.540391 ON flow>5900 srcPort>41689 dst>fd10:62:100::2/23700 
17:45:13.547682 CONNECT flow>5900 srcPort>41689 dst>fd10:62:100::2/23700 
17:45:13.626880 ON flow>5908 srcPort>37089 dst>fd10:62:100::2/23708 
17:45:13.633782 CONNECT flow>5908 srcPort>37089 dst>fd10:62:100::2/23708 
17:45:13.645164 SHUTDOWN flow>5684 srcPort>37069 dst>fd10:62:100::2/23484 
17:45:13.649966 OFF flow>5684 srcPort>37069 dst>fd10:62:100::2/23484 
17:45:13.729264 SHUTDOWN flow>5692 srcPort>36817 dst>fd10:62:100::2/23492 
17:45:13.733300 OFF flow>5692 srcPort>36817 dst>fd10:62:100::2/23492 
17:45:13.816502 ON flow>5916 srcPort>37623 dst>fd10:62:100::2/23716 
17:45:13.821926 CONNECT flow>5916 srcPort>37623 dst>fd10:62:100::2/23716 
17:45:13.898694 SHUTDOWN flow>5700 srcPort>36139 dst>fd10:62:100::2/23500 
17:45:13.901435 ON flow>5924 srcPort>40487 dst>fd10:62:100::2/23724 
17:45:13.903118 OFF flow>5700 srcPort>36139 dst>fd10:62:100::2/23500 
17:45:13.905991 CONNECT flow>5924 srcPort>40487 dst>fd10:62:100::2/23724 
17:45:14.090099 ON flow>5932 srcPort>36593 dst>fd10:62:100::2/23732 
17:45:14.094011 CONNECT flow>5932 srcPort>36593 dst>fd10:62:100::2/23732 
17:45:14.152947 ON flow>5940 srcPort>38463 dst>fd10:62:100::2/23740 
17:45:14.156896 CONNECT flow>5940 srcPort>38463 dst>fd10:62:100::2/23740 
17:45:14.296415 ON flow>5948 srcPort>44429 dst>fd10:62:100::2/23748 
17:45:14.304281 CONNECT flow>5948 srcPort>44429 dst>fd10:62:100::2/23748 
17:45:14.426615 SHUTDOWN flow>5708 srcPort>38289 dst>fd10:62:100::2/23508 
17:45:14.440498 OFF flow>5708 srcPort>38289 dst>fd10:62:100::2/23508 
17:45:14.540426 ON flow>5956 srcPort>35239 dst>fd10:62:100::2/23756 
17:45:14.558871 CONNECT flow>5956 srcPort>35239 dst>fd10:62:100::2/23756 
17:45:14.663169 ON flow>5964 srcPort>44843 dst>fd10:62:100::2/23764 
17:45:14.687916 CONNECT flow>5964 srcPort>44843 dst>fd10:62:100::2/23764 
17:45:14.730971 ON flow>5972 srcPort>36251 dst>fd10:62:100::2/23772 
17:45:14.740979 SHUTDOWN flow>5716 srcPort>37721 dst>fd10:62:100::2/23516 
17:45:14.758208 CONNECT flow>5972 srcPort>36251 dst>fd10:62:100::2/23772 
17:45:14.770707 OFF flow>5716 srcPort>37721 dst>fd10:62:100::2/23516 
17:45:14.821187 ON flow>5980 srcPort>46497 dst>fd10:62:100::2/23780 
17:45:14.857835 CONNECT flow>5980 srcPort>46497 dst>fd10:62:100::2/23780 
17:45:14.938704 SHUTDOWN flow>5724 srcPort>39595 dst>fd10:62:100::2/23524 
17:45:14.956305 ON flow>5988 srcPort>41215 dst>fd10:62:100::2/23788 
17:45:14.990963 OFF flow>5724 srcPort>39595 dst>fd10:62:100::2/23524 
17:45:15.011093 CONNECT flow>5988 srcPort>41215 dst>fd10:62:100::2/23788 
17:45:15.039208 SHUTDOWN flow>5732 srcPort>42387 dst>fd10:62:100::2/23532 
17:45:15.102133 SHUTDOWN flow>5740 srcPort>45815 dst>fd10:62:100::2/23540 
17:45:15.102770 OFF flow>5732 srcPort>42387 dst>fd10:62:100::2/23532 
17:45:15.173404 OFF flow>5740 srcPort>45815 dst>fd10:62:100::2/23540 
17:45:15.185835 ON flow>5996 srcPort>37269 dst>fd10:62:100::2/23796 
17:45:15.197805 SHUTDOWN flow>5748 srcPort>45223 dst>fd10:62:100::2/23548 
17:45:15.258859 ON flow>6004 srcPort>45631 dst>fd10:62:100::2/23804 
17:45:15.261175 CONNECT flow>5996 srcPort>37269 dst>fd10:62:100::2/23796 
17:45:15.273435 OFF flow>5748 srcPort>45223 dst>fd10:62:100::2/23548 
17:45:15.321668 ON flow>6012 srcPort>45109 dst>fd10:62:100::2/23812 
17:45:15.338043 CONNECT flow>6004 srcPort>45631 dst>fd10:62:100::2/23804 
17:45:15.368642 ON flow>6020 srcPort>43005 dst>fd10:62:100::2/23820 
17:45:15.378142 SHUTDOWN flow>5756 srcPort>45139 dst>fd10:62:100::2/23556 
17:45:15.403045 CONNECT flow>6012 srcPort>45109 dst>fd10:62:100::2/23812 
17:45:15.451242 CONNECT flow>6020 srcPort>43005 dst>fd10:62:100::2/23820 
17:45:15.466165 ON flow>6028 srcPort>42597 dst>fd10:62:100::2/23828 
17:45:15.494043 SHUTDOWN flow>5764 srcPort>45525 dst>fd10:62:100::2/23564 
17:45:15.540987 ON flow>6036 srcPort>35249 dst>fd10:62:100::2/23836 
17:45:15.549553 CONNECT flow>6028 srcPort>42597 dst>fd10:62:100::2/23828 
17:45:15.575443 OFF flow>5764 srcPort>45525 dst>fd10:62:100::2/23564 
17:45:15.616998 CONNECT flow>6036 srcPort>35249 dst>fd10:62:100::2/23836 
17:45:15.623518 ON flow>6044 srcPort>41771 dst>fd10:62:100::2/23844 
17:45:15.637763 OFF flow>5756 srcPort>45139 dst>fd10:62:100::2/23556 
17:45:15.652505 SHUTDOWN flow>5772 srcPort>42427 dst>fd10:62:100::2/23572 
17:45:15.686085 CONNECT flow>6044 srcPort>41771 dst>fd10:62:100::2/23844 
17:45:15.819649 ON flow>6052 srcPort>44261 dst>fd10:62:100::2/23852 
17:45:15.845610 OFF flow>5772 srcPort>42427 dst>fd10:62:100::2/23572 
17:45:15.858208 CONNECT flow>6052 srcPort>44261 dst>fd10:62:100::2/23852 
17:45:15.917001 SHUTDOWN flow>5780 srcPort>46883 dst>fd10:62:100::2/23580 
17:45:15.943556 ON flow>6060 srcPort>44385 dst>fd10:62:100::2/23860 
17:45:15.971220 CONNECT flow>6060 srcPort>44385 dst>fd10:62:100::2/23860 
17:45:15.991398 SHUTDOWN flow>5788 srcPort>34917 dst>fd10:62:100::2/23588 
17:45:16.067663 ON flow>6068 srcPort>34135 dst>fd10:62:100::2/23868 
17:45:16.081257 OFF flow>5780 srcPort>46883 dst>fd10:62:100::2/23580 
17:45:16.084515 CONNECT flow>6068 srcPort>34135 dst>fd10:62:100::2/23868 
17:45:16.085417 SHUTDOWN flow>5796 srcPort>39525 dst>fd10:62:100::2/23596 
17:45:16.209272 SHUTDOWN flow>5804 srcPort>32809 dst>fd10:62:100::2/23604 
17:45:16.216335 ON flow>6076 srcPort>40241 dst>fd10:62:100::2/23876 
17:45:16.226014 CONNECT flow>6076 srcPort>40241 dst>fd10:62:100::2/23876 
17:45:16.252000 OFF flow>5796 srcPort>39525 dst>fd10:62:100::2/23596 
17:45:16.254485 OFF flow>5804 srcPort>32809 dst>fd10:62:100::2/23604 
17:45:16.261403 OFF flow>5788 srcPort>34917 dst>fd10:62:100::2/23588 
17:45:16.312196 ON flow>6084 srcPort>38741 dst>fd10:62:100::2/23884 
17:45:16.320711 CONNECT flow>6084 srcPort>38741 dst>fd10:62:100::2/23884 
17:45:16.397007 SHUTDOWN flow>5812 srcPort>37337 dst>fd10:62:100::2/23612 
17:45:16.439203 ON flow>6092 srcPort>45465 dst>fd10:62:100::2/23892 
17:45:16.446863 CONNECT flow>6092 srcPort>45465 dst>fd10:62:100::2/23892 
17:45:16.508682 ON flow>6100 srcPort>36347 dst>fd10:62:100::2/23900 
17:45:16.517859 CONNECT flow>6100 srcPort>36347 dst>fd10:62:100::2/23900 
17:45:16.603926 OFF flow>5812 srcPort>37337 dst>fd10:62:100::2/23612 
17:45:17.027523 ON flow>6108 srcPort>35039 dst>fd10:62:100::2/23908 
17:45:17.036471 CONNECT flow>6108 srcPort>35039 dst>fd10:62:100::2/23908 
17:45:17.039457 SHUTDOWN flow>5828 srcPort>41213 dst>fd10:62:100::2/23628 
17:45:17.056085 SHUTDOWN flow>5836 srcPort>39817 dst>fd10:62:100::2/23636 
17:45:17.082878 OFF flow>5836 srcPort>39817 dst>fd10:62:100::2/23636 
17:45:17.102595 SHUTDOWN flow>5820 srcPort>37905 dst>fd10:62:100::2/23620 
17:45:17.138796 SHUTDOWN flow>5844 srcPort>45983 dst>fd10:62:100::2/23644 
17:45:17.178638 OFF flow>5844 srcPort>45983 dst>fd10:62:100::2/23644 
17:45:17.196192 ON flow>6116 srcPort>39195 dst>fd10:62:100::2/23916 
17:45:17.205622 CONNECT flow>6116 srcPort>39195 dst>fd10:62:100::2/23916 
17:45:17.231012 OFF flow>5828 srcPort>41213 dst>fd10:62:100::2/23628 
17:45:17.304555 OFF flow>5820 srcPort>37905 dst>fd10:62:100::2/23620 
17:45:17.334626 ON flow>6124 srcPort>33791 dst>fd10:62:100::2/23924 
17:45:17.344260 CONNECT flow>6124 srcPort>33791 dst>fd10:62:100::2/23924 
17:45:17.398689 SHUTDOWN flow>5852 srcPort>36469 dst>fd10:62:100::2/23652 
17:45:17.482047 SHUTDOWN flow>5860 srcPort>34627 dst>fd10:62:100::2/23660 
17:45:17.510757 OFF flow>5852 srcPort>36469 dst>fd10:62:100::2/23652 
17:45:17.728358 SHUTDOWN flow>5868 srcPort>33515 dst>fd10:62:100::2/23668 
17:45:17.788262 ON flow>6132 srcPort>45603 dst>fd10:62:100::2/23932 
17:45:17.882453 SHUTDOWN flow>5876 srcPort>44369 dst>fd10:62:100::2/23676 
17:45:17.896650 ON flow>6140 srcPort>38103 dst>fd10:62:100::2/23940 
17:45:17.907184 CONNECT flow>6140 srcPort>38103 dst>fd10:62:100::2/23940 
17:45:17.911056 OFF flow>5868 srcPort>33515 dst>fd10:62:100::2/23668 
17:45:17.949999 OFF flow>5876 srcPort>44369 dst>fd10:62:100::2/23676 
17:45:17.991779 ON flow>6148 srcPort>44179 dst>fd10:62:100::2/23948 
17:45:18.001573 CONNECT flow>6148 srcPort>44179 dst>fd10:62:100::2/23948 
17:45:18.043435 SHUTDOWN flow>5884 srcPort>44467 dst>fd10:62:100::2/23684 
17:45:18.061981 ON flow>6156 srcPort>40943 dst>fd10:62:100::2/23956 
17:45:18.072525 CONNECT flow>6156 srcPort>40943 dst>fd10:62:100::2/23956 
17:45:18.079492 OFF flow>5860 srcPort>34627 dst>fd10:62:100::2/23660 
17:45:18.125624 OFF flow>5884 srcPort>44467 dst>fd10:62:100::2/23684 
17:45:18.156908 ON flow>6164 srcPort>39957 dst>fd10:62:100::2/23964 
17:45:18.168720 CONNECT flow>6164 srcPort>39957 dst>fd10:62:100::2/23964 
17:45:18.177075 SHUTDOWN flow>5892 srcPort>34015 dst>fd10:62:100::2/23692 
17:45:18.254448 ON flow>6172 srcPort>34701 dst>fd10:62:100::2/23972 
17:45:18.263336 CONNECT flow>6172 srcPort>34701 dst>fd10:62:100::2/23972 
17:45:18.340337 SHUTDOWN flow>5900 srcPort>41689 dst>fd10:62:100::2/23700 
17:45:18.392187 OFF flow>5892 srcPort>34015 dst>fd10:62:100::2/23692 
17:45:18.396156 ON flow>6180 srcPort>41805 dst>fd10:62:100::2/23980 
17:45:18.406346 CONNECT flow>6180 srcPort>41805 dst>fd10:62:100::2/23980 
17:45:18.426788 SHUTDOWN flow>5908 srcPort>37089 dst>fd10:62:100::2/23708 
17:45:18.476443 OFF flow>5908 srcPort>37089 dst>fd10:62:100::2/23708 
17:45:18.525162 OFF flow>5900 srcPort>41689 dst>fd10:62:100::2/23700 
17:45:18.578635 ON flow>6188 srcPort>40259 dst>fd10:62:100::2/23988 
17:45:18.616378 SHUTDOWN flow>5916 srcPort>37623 dst>fd10:62:100::2/23716 
17:45:18.701364 SHUTDOWN flow>5924 srcPort>40487 dst>fd10:62:100::2/23724 
17:45:18.777365 ON flow>6196 srcPort>39153 dst>fd10:62:100::2/23996 
17:45:18.789631 CONNECT flow>6196 srcPort>39153 dst>fd10:62:100::2/23996 
17:45:18.792639 OFF flow>5916 srcPort>37623 dst>fd10:62:100::2/23716 
17:45:18.829623 CONNECT flow>6132 srcPort>45603 dst>fd10:62:100::2/23932 
17:45:18.876059 ON flow>6204 srcPort>40139 dst>fd10:62:100::2/24004 
17:45:18.883760 CONNECT flow>6204 srcPort>40139 dst>fd10:62:100::2/24004 
17:45:18.890046 SHUTDOWN flow>5932 srcPort>36593 dst>fd10:62:100::2/23732 
17:45:18.952881 SHUTDOWN flow>5940 srcPort>38463 dst>fd10:62:100::2/23740 
17:45:19.007083 ON flow>6212 srcPort>45681 dst>fd10:62:100::2/24012 
17:45:19.018292 CONNECT flow>6212 srcPort>45681 dst>fd10:62:100::2/24012 
17:45:19.021231 OFF flow>5924 srcPort>40487 dst>fd10:62:100::2/23724 
17:45:19.081064 OFF flow>5940 srcPort>38463 dst>fd10:62:100::2/23740 
17:45:19.082232 ON flow>6220 srcPort>35359 dst>fd10:62:100::2/24020 
17:45:19.095719 CONNECT flow>6220 srcPort>35359 dst>fd10:62:100::2/24020 
17:45:19.096294 SHUTDOWN flow>5948 srcPort>44429 dst>fd10:62:100::2/23748 
17:45:19.196230 ON flow>6228 srcPort>35333 dst>fd10:62:100::2/24028 
17:45:19.200412 OFF flow>5932 srcPort>36593 dst>fd10:62:100::2/23732 
17:45:19.340396 SHUTDOWN flow>5956 srcPort>35239 dst>fd10:62:100::2/23756 
17:45:19.342978 ON flow>6236 srcPort>41025 dst>fd10:62:100::2/24036 
17:45:19.353046 CONNECT flow>6236 srcPort>41025 dst>fd10:62:100::2/24036 
17:45:19.425872 OFF flow>5948 srcPort>44429 dst>fd10:62:100::2/23748 
17:45:19.435527 ON flow>6244 srcPort>36391 dst>fd10:62:100::2/24044 
17:45:19.454453 CONNECT flow>6244 srcPort>36391 dst>fd10:62:100::2/24044 
17:45:19.462785 SHUTDOWN flow>5964 srcPort>44843 dst>fd10:62:100::2/23764 
17:45:19.530888 SHUTDOWN flow>5972 srcPort>36251 dst>fd10:62:100::2/23772 
17:45:19.585934 ON flow>6252 srcPort>44129 dst>fd10:62:100::2/24052 
17:45:19.598807 CONNECT flow>6252 srcPort>44129 dst>fd10:62:100::2/24052 
17:45:19.600627 CONNECT flow>6188 srcPort>40259 dst>fd10:62:100::2/23988 
17:45:19.615652 OFF flow>5956 srcPort>35239 dst>fd10:62:100::2/23756 
17:45:19.674725 OFF flow>5964 srcPort>44843 dst>fd10:62:100::2/23764 
17:45:19.732513 ON flow>6260 srcPort>34975 dst>fd10:62:100::2/24060 
17:45:19.745660 CONNECT flow>6260 srcPort>34975 dst>fd10:62:100::2/24060 
17:45:19.786907 OFF flow>5972 srcPort>36251 dst>fd10:62:100::2/23772 
17:45:19.823092 SHUTDOWN flow>5980 srcPort>46497 dst>fd10:62:100::2/23780 
17:45:19.826935 ON flow>6268 srcPort>33745 dst>fd10:62:100::2/24068 
17:45:19.839427 CONNECT flow>6268 srcPort>33745 dst>fd10:62:100::2/24068 
17:45:19.889317 SHUTDOWN flow>5988 srcPort>41215 dst>fd10:62:100::2/23788 
17:45:19.918266 ON flow>6276 srcPort>45255 dst>fd10:62:100::2/24076 
17:45:19.933158 CONNECT flow>6276 srcPort>45255 dst>fd10:62:100::2/24076 
17:45:19.985688 SHUTDOWN flow>5996 srcPort>37269 dst>fd10:62:100::2/23796 
17:45:20.025440 ON flow>6284 srcPort>45489 dst>fd10:62:100::2/24084 
17:45:20.028028 OFF flow>5980 srcPort>46497 dst>fd10:62:100::2/23780 
17:45:20.039818 CONNECT flow>6284 srcPort>45489 dst>fd10:62:100::2/24084 
17:45:20.063222 SHUTDOWN flow>6004 srcPort>45631 dst>fd10:62:100::2/23804 
17:45:20.071606 OFF flow>5988 srcPort>41215 dst>fd10:62:100::2/23788 
17:45:20.121446 SHUTDOWN flow>6012 srcPort>45109 dst>fd10:62:100::2/23812 
17:45:20.138046 OFF flow>5996 srcPort>37269 dst>fd10:62:100::2/23796 
17:45:20.146305 OFF flow>6004 srcPort>45631 dst>fd10:62:100::2/23804 
17:45:20.183061 ON flow>6292 srcPort>37205 dst>fd10:62:100::2/24092 
17:45:20.195844 CONNECT flow>6292 srcPort>37205 dst>fd10:62:100::2/24092 
17:45:20.241487 CONNECT flow>6228 srcPort>35333 dst>fd10:62:100::2/24028 
17:45:20.261975 ON flow>6300 srcPort>35361 dst>fd10:62:100::2/24100 
17:45:20.266038 SHUTDOWN flow>6028 srcPort>42597 dst>fd10:62:100::2/23828 
17:45:20.275467 CONNECT flow>6300 srcPort>35361 dst>fd10:62:100::2/24100 
17:45:20.276113 SHUTDOWN flow>6020 srcPort>43005 dst>fd10:62:100::2/23820 
17:45:20.340951 SHUTDOWN flow>6036 srcPort>35249 dst>fd10:62:100::2/23836 
17:45:20.362176 ON flow>6308 srcPort>38719 dst>fd10:62:100::2/24108 
17:45:20.376543 CONNECT flow>6308 srcPort>38719 dst>fd10:62:100::2/24108 
17:45:20.447622 OFF flow>6028 srcPort>42597 dst>fd10:62:100::2/23828 
17:45:20.460052 OFF flow>6036 srcPort>35249 dst>fd10:62:100::2/23836 
17:45:20.466531 ON flow>6316 srcPort>42493 dst>fd10:62:100::2/24116 
17:45:20.479369 CONNECT flow>6316 srcPort>42493 dst>fd10:62:100::2/24116 
17:45:20.483692 SHUTDOWN flow>6044 srcPort>41771 dst>fd10:62:100::2/23844 
17:45:20.532677 OFF flow>6020 srcPort>43005 dst>fd10:62:100::2/23820 
17:45:20.604509 OFF flow>6012 srcPort>45109 dst>fd10:62:100::2/23812 
17:45:20.613582 ON flow>6324 srcPort>43499 dst>fd10:62:100::2/24124 
17:45:20.619411 SHUTDOWN flow>6052 srcPort>44261 dst>fd10:62:100::2/23852 
17:45:20.626951 CONNECT flow>6324 srcPort>43499 dst>fd10:62:100::2/24124 
17:45:20.700259 OFF flow>6052 srcPort>44261 dst>fd10:62:100::2/23852 
17:45:20.718019 OFF flow>6044 srcPort>41771 dst>fd10:62:100::2/23844 
17:45:20.760417 ON flow>6332 srcPort>38045 dst>fd10:62:100::2/24132 
17:45:20.771762 CONNECT flow>6332 srcPort>38045 dst>fd10:62:100::2/24132 
17:45:20.818856 SHUTDOWN flow>6060 srcPort>44385 dst>fd10:62:100::2/23860 
17:45:20.867681 SHUTDOWN flow>6068 srcPort>34135 dst>fd10:62:100::2/23868 
17:45:20.915080 OFF flow>6060 srcPort>44385 dst>fd10:62:100::2/23860 
17:45:20.945746 ON flow>6340 srcPort>33107 dst>fd10:62:100::2/24140 
17:45:20.957477 CONNECT flow>6340 srcPort>33107 dst>fd10:62:100::2/24140 
17:45:21.006641 OFF flow>6068 srcPort>34135 dst>fd10:62:100::2/23868 
17:45:21.043604 SHUTDOWN flow>6076 srcPort>40241 dst>fd10:62:100::2/23876 
17:45:21.073570 ON flow>6348 srcPort>38361 dst>fd10:62:100::2/24148 
17:45:21.084779 CONNECT flow>6348 srcPort>38361 dst>fd10:62:100::2/24148 
17:45:21.105069 OFF flow>6076 srcPort>40241 dst>fd10:62:100::2/23876 
17:45:21.112112 SHUTDOWN flow>6084 srcPort>38741 dst>fd10:62:100::2/23884 
17:45:21.136508 ON flow>6356 srcPort>45493 dst>fd10:62:100::2/24156 
17:45:21.148639 CONNECT flow>6356 srcPort>45493 dst>fd10:62:100::2/24156 
17:45:21.239034 SHUTDOWN flow>6092 srcPort>45465 dst>fd10:62:100::2/23892 
17:45:21.245994 OFF flow>6084 srcPort>38741 dst>fd10:62:100::2/23884 
17:45:21.315130 ON flow>6364 srcPort>36867 dst>fd10:62:100::2/24164 
17:45:21.322152 OFF flow>6092 srcPort>45465 dst>fd10:62:100::2/23892 
17:45:21.328294 CONNECT flow>6364 srcPort>36867 dst>fd10:62:100::2/24164 
17:45:21.355093 SHUTDOWN flow>6100 srcPort>36347 dst>fd10:62:100::2/23900 
17:45:21.453870 OFF flow>6100 srcPort>36347 dst>fd10:62:100::2/23900 
17:45:21.492107 ON flow>6372 srcPort>43839 dst>fd10:62:100::2/24172 
17:45:21.504625 CONNECT flow>6372 srcPort>43839 dst>fd10:62:100::2/24172 
17:45:21.667586 ON flow>6380 srcPort>41789 dst>fd10:62:100::2/24180 
17:45:21.681609 CONNECT flow>6380 srcPort>41789 dst>fd10:62:100::2/24180 
17:45:21.784666 ON flow>6388 srcPort>33499 dst>fd10:62:100::2/24188 
17:45:21.800133 CONNECT flow>6388 srcPort>33499 dst>fd10:62:100::2/24188 
17:45:21.898716 SHUTDOWN flow>6108 srcPort>35039 dst>fd10:62:100::2/23908 
17:45:21.970068 ON flow>6396 srcPort>40659 dst>fd10:62:100::2/24196 
17:45:21.985519 CONNECT flow>6396 srcPort>40659 dst>fd10:62:100::2/24196 
17:45:21.995785 SHUTDOWN flow>6116 srcPort>39195 dst>fd10:62:100::2/23916 
17:45:22.002539 OFF flow>6108 srcPort>35039 dst>fd10:62:100::2/23908 
17:45:22.127426 OFF flow>6116 srcPort>39195 dst>fd10:62:100::2/23916 
17:45:22.134535 SHUTDOWN flow>6124 srcPort>33791 dst>fd10:62:100::2/23924 
17:45:22.135251 ON flow>6404 srcPort>46301 dst>fd10:62:100::2/24204 
17:45:22.150634 CONNECT flow>6404 srcPort>46301 dst>fd10:62:100::2/24204 
17:45:22.313422 OFF flow>6124 srcPort>33791 dst>fd10:62:100::2/23924 
17:45:22.400715 ON flow>6412 srcPort>43971 dst>fd10:62:100::2/24212 
17:45:22.418368 CONNECT flow>6412 srcPort>43971 dst>fd10:62:100::2/24212 
17:45:22.588107 SHUTDOWN flow>6132 srcPort>45603 dst>fd10:62:100::2/23932 
17:45:22.615856 ON flow>6420 srcPort>34119 dst>fd10:62:100::2/24220 
17:45:22.632904 CONNECT flow>6420 srcPort>34119 dst>fd10:62:100::2/24220 
17:45:22.679036 OFF flow>6132 srcPort>45603 dst>fd10:62:100::2/23932 
17:45:22.686578 ON flow>6428 srcPort>33545 dst>fd10:62:100::2/24228 
17:45:22.696528 SHUTDOWN flow>6140 srcPort>38103 dst>fd10:62:100::2/23940 
17:45:22.702984 CONNECT flow>6428 srcPort>33545 dst>fd10:62:100::2/24228 
17:45:22.772597 ON flow>6436 srcPort>35055 dst>fd10:62:100::2/24236 
17:45:22.791045 CONNECT flow>6436 srcPort>35055 dst>fd10:62:100::2/24236 
17:45:22.791653 SHUTDOWN flow>6148 srcPort>44179 dst>fd10:62:100::2/23948 
17:45:22.854469 ON flow>6444 srcPort>41517 dst>fd10:62:100::2/24244 
17:45:22.861947 SHUTDOWN flow>6156 srcPort>40943 dst>fd10:62:100::2/23956 
17:45:22.870903 CONNECT flow>6444 srcPort>41517 dst>fd10:62:100::2/24244 
17:45:22.966137 OFF flow>6140 srcPort>38103 dst>fd10:62:100::2/23940 
17:45:22.977481 OFF flow>6148 srcPort>44179 dst>fd10:62:100::2/23948 
17:45:22.986489 ON flow>6452 srcPort>40227 dst>fd10:62:100::2/24252 
17:45:23.002956 CONNECT flow>6452 srcPort>40227 dst>fd10:62:100::2/24252 
17:45:23.002992 SHUTDOWN flow>6164 srcPort>39957 dst>fd10:62:100::2/23964 
17:45:23.054303 SHUTDOWN flow>6172 srcPort>34701 dst>fd10:62:100::2/23972 
17:45:23.080961 OFF flow>6164 srcPort>39957 dst>fd10:62:100::2/23964 
17:45:23.117208 ON flow>6460 srcPort>43123 dst>fd10:62:100::2/24260 
17:45:23.131859 CONNECT flow>6460 srcPort>43123 dst>fd10:62:100::2/24260 
17:45:23.213681 SHUTDOWN flow>6180 srcPort>41805 dst>fd10:62:100::2/23980 
17:45:23.247797 OFF flow>6180 srcPort>41805 dst>fd10:62:100::2/23980 
17:45:23.257586 OFF flow>6156 srcPort>40943 dst>fd10:62:100::2/23956 
17:45:23.287470 ON flow>6468 srcPort>38995 dst>fd10:62:100::2/24268 
17:45:23.303682 CONNECT flow>6468 srcPort>38995 dst>fd10:62:100::2/24268 
17:45:23.327389 OFF flow>6172 srcPort>34701 dst>fd10:62:100::2/23972 
17:45:23.378440 SHUTDOWN flow>6188 srcPort>40259 dst>fd10:62:100::2/23988 
17:45:23.487692 ON flow>6476 srcPort>42701 dst>fd10:62:100::2/24276 
17:45:23.503204 CONNECT flow>6476 srcPort>42701 dst>fd10:62:100::2/24276 
17:45:23.626889 OFF flow>6188 srcPort>40259 dst>fd10:62:100::2/23988 
17:45:23.651073 SHUTDOWN flow>6196 srcPort>39153 dst>fd10:62:100::2/23996 
17:45:23.723827 ON flow>6484 srcPort>36541 dst>fd10:62:100::2/24284 
17:45:23.739757 CONNECT flow>6484 srcPort>36541 dst>fd10:62:100::2/24284 
17:45:23.797344 SHUTDOWN flow>6204 srcPort>40139 dst>fd10:62:100::2/24004 
17:45:23.806968 SHUTDOWN flow>6212 srcPort>45681 dst>fd10:62:100::2/24012 
17:45:23.840582 OFF flow>6196 srcPort>39153 dst>fd10:62:100::2/23996 
17:45:23.882272 SHUTDOWN flow>6220 srcPort>35359 dst>fd10:62:100::2/24020 
17:45:23.921537 OFF flow>6220 srcPort>35359 dst>fd10:62:100::2/24020 
17:45:23.978554 OFF flow>6212 srcPort>45681 dst>fd10:62:100::2/24012 
17:45:23.995846 SHUTDOWN flow>6228 srcPort>35333 dst>fd10:62:100::2/24028 
17:45:24.050057 OFF flow>6228 srcPort>35333 dst>fd10:62:100::2/24028 
17:45:24.142533 SHUTDOWN flow>6236 srcPort>41025 dst>fd10:62:100::2/24036 
17:45:24.184432 OFF flow>6204 srcPort>40139 dst>fd10:62:100::2/24004 
17:45:24.202960 OFF flow>6236 srcPort>41025 dst>fd10:62:100::2/24036 
17:45:24.235352 SHUTDOWN flow>6244 srcPort>36391 dst>fd10:62:100::2/24044 
17:45:24.323796 ON flow>6492 srcPort>34071 dst>fd10:62:100::2/24292 
17:45:24.334960 CONNECT flow>6492 srcPort>34071 dst>fd10:62:100::2/24292 
17:45:24.336730 OFF flow>6244 srcPort>36391 dst>fd10:62:100::2/24044 
17:45:24.385802 SHUTDOWN flow>6252 srcPort>44129 dst>fd10:62:100::2/24052 
17:45:24.476531 OFF flow>6252 srcPort>44129 dst>fd10:62:100::2/24052 
17:45:24.532244 SHUTDOWN flow>6260 srcPort>34975 dst>fd10:62:100::2/24060 
17:45:24.559232 ON flow>6500 srcPort>44509 dst>fd10:62:100::2/24300 
17:45:24.572374 CONNECT flow>6500 srcPort>44509 dst>fd10:62:100::2/24300 
17:45:24.626478 SHUTDOWN flow>6268 srcPort>33745 dst>fd10:62:100::2/24068 
17:45:24.718057 SHUTDOWN flow>6276 srcPort>45255 dst>fd10:62:100::2/24076 
17:45:24.768523 OFF flow>6268 srcPort>33745 dst>fd10:62:100::2/24068 
17:45:24.777151 ON flow>6508 srcPort>34831 dst>fd10:62:100::2/24308 
17:45:24.792642 CONNECT flow>6508 srcPort>34831 dst>fd10:62:100::2/24308 
17:45:24.825264 SHUTDOWN flow>6284 srcPort>45489 dst>fd10:62:100::2/24084 
17:45:24.840031 OFF flow>6284 srcPort>45489 dst>fd10:62:100::2/24084 
17:45:24.871420 ON flow>6516 srcPort>39939 dst>fd10:62:100::2/24316 
17:45:24.887628 CONNECT flow>6516 srcPort>39939 dst>fd10:62:100::2/24316 
17:45:24.915193 ON flow>6524 srcPort>46621 dst>fd10:62:100::2/24324 
17:45:24.919088 OFF flow>6260 srcPort>34975 dst>fd10:62:100::2/24060 
17:45:24.930342 CONNECT flow>6524 srcPort>46621 dst>fd10:62:100::2/24324 
17:45:24.982782 SHUTDOWN flow>6292 srcPort>37205 dst>fd10:62:100::2/24092 
17:45:24.987456 ON flow>6532 srcPort>39931 dst>fd10:62:100::2/24332 
17:45:25.003143 CONNECT flow>6532 srcPort>39931 dst>fd10:62:100::2/24332 
17:45:25.061811 OFF flow>6292 srcPort>37205 dst>fd10:62:100::2/24092 
17:45:25.061888 SHUTDOWN flow>6300 srcPort>35361 dst>fd10:62:100::2/24100 
17:45:25.092097 OFF flow>6276 srcPort>45255 dst>fd10:62:100::2/24076 
17:45:25.103342 OFF flow>6300 srcPort>35361 dst>fd10:62:100::2/24100 
17:45:25.114223 ON flow>6540 srcPort>36259 dst>fd10:62:100::2/24340 
17:45:25.130242 CONNECT flow>6540 srcPort>36259 dst>fd10:62:100::2/24340 
17:45:25.162071 SHUTDOWN flow>6308 srcPort>38719 dst>fd10:62:100::2/24108 
17:45:25.266379 SHUTDOWN flow>6316 srcPort>42493 dst>fd10:62:100::2/24116 
17:45:25.269988 ON flow>6548 srcPort>36859 dst>fd10:62:100::2/24348 
17:45:25.287382 CONNECT flow>6548 srcPort>36859 dst>fd10:62:100::2/24348 
17:45:25.298588 OFF flow>6308 srcPort>38719 dst>fd10:62:100::2/24108 
17:45:25.402987 ON flow>6556 srcPort>42391 dst>fd10:62:100::2/24356 
17:45:25.413282 SHUTDOWN flow>6324 srcPort>43499 dst>fd10:62:100::2/24124 
17:45:25.417946 CONNECT flow>6556 srcPort>42391 dst>fd10:62:100::2/24356 
17:45:25.454906 OFF flow>6316 srcPort>42493 dst>fd10:62:100::2/24116 
17:45:25.551950 ON flow>6564 srcPort>46387 dst>fd10:62:100::2/24364 
17:45:25.567538 CONNECT flow>6564 srcPort>46387 dst>fd10:62:100::2/24364 
17:45:25.588003 SHUTDOWN flow>6332 srcPort>38045 dst>fd10:62:100::2/24132 
17:45:25.604203 OFF flow>6324 srcPort>43499 dst>fd10:62:100::2/24124 
17:45:25.686433 ON flow>6572 srcPort>43607 dst>fd10:62:100::2/24372 
17:45:25.696154 OFF flow>6332 srcPort>38045 dst>fd10:62:100::2/24132 
17:45:25.703172 CONNECT flow>6572 srcPort>43607 dst>fd10:62:100::2/24372 
17:45:25.745455 SHUTDOWN flow>6340 srcPort>33107 dst>fd10:62:100::2/24140 
17:45:25.827566 ON flow>6580 srcPort>46571 dst>fd10:62:100::2/24380 
17:45:25.843981 CONNECT flow>6580 srcPort>46571 dst>fd10:62:100::2/24380 
17:45:25.873326 SHUTDOWN flow>6348 srcPort>38361 dst>fd10:62:100::2/24148 
17:45:25.936220 SHUTDOWN flow>6356 srcPort>45493 dst>fd10:62:100::2/24156 
17:45:25.964801 OFF flow>6340 srcPort>33107 dst>fd10:62:100::2/24140 
17:45:25.980427 ON flow>6588 srcPort>40101 dst>fd10:62:100::2/24388 
17:45:25.996804 CONNECT flow>6588 srcPort>40101 dst>fd10:62:100::2/24388 
17:45:26.039388 OFF flow>6348 srcPort>38361 dst>fd10:62:100::2/24148 
17:45:26.114908 SHUTDOWN flow>6364 srcPort>36867 dst>fd10:62:100::2/24164 
17:45:26.142316 OFF flow>6356 srcPort>45493 dst>fd10:62:100::2/24156 
17:45:26.178631 ON flow>6596 srcPort>39395 dst>fd10:62:100::2/24396 
17:45:26.192315 OFF flow>6364 srcPort>36867 dst>fd10:62:100::2/24164 
17:45:26.195501 CONNECT flow>6596 srcPort>39395 dst>fd10:62:100::2/24396 
17:45:26.271878 ON flow>6604 srcPort>43593 dst>fd10:62:100::2/24404 
17:45:26.289119 CONNECT flow>6604 srcPort>43593 dst>fd10:62:100::2/24404 
17:45:26.291920 SHUTDOWN flow>6372 srcPort>43839 dst>fd10:62:100::2/24172 
17:45:26.467430 SHUTDOWN flow>6380 srcPort>41789 dst>fd10:62:100::2/24180 
17:45:26.476744 ON flow>6612 srcPort>36323 dst>fd10:62:100::2/24412 
17:45:26.493396 CONNECT flow>6612 srcPort>36323 dst>fd10:62:100::2/24412 
17:45:26.566120 ON flow>6620 srcPort>46253 dst>fd10:62:100::2/24420 
17:45:26.582006 CONNECT flow>6620 srcPort>46253 dst>fd10:62:100::2/24420 
17:45:26.585280 SHUTDOWN flow>6388 srcPort>33499 dst>fd10:62:100::2/24188 
17:45:26.707375 OFF flow>6388 srcPort>33499 dst>fd10:62:100::2/24188 
17:45:26.725610 OFF flow>6380 srcPort>41789 dst>fd10:62:100::2/24180 
17:45:26.730272 ON flow>6628 srcPort>34007 dst>fd10:62:100::2/24428 
17:45:26.747105 CONNECT flow>6628 srcPort>34007 dst>fd10:62:100::2/24428 
17:45:26.864258 ON flow>6636 srcPort>43615 dst>fd10:62:100::2/24436 
17:45:26.882772 CONNECT flow>6636 srcPort>43615 dst>fd10:62:100::2/24436 
17:45:26.898669 SHUTDOWN flow>6396 srcPort>40659 dst>fd10:62:100::2/24196 
17:45:26.923130 OFF flow>6372 srcPort>43839 dst>fd10:62:100::2/24172 
17:45:26.934797 SHUTDOWN flow>6404 srcPort>46301 dst>fd10:62:100::2/24204 
17:45:26.957684 ON flow>6644 srcPort>41835 dst>fd10:62:100::2/24444 
17:45:26.977832 CONNECT flow>6644 srcPort>41835 dst>fd10:62:100::2/24444 
17:45:27.161706 ON flow>6652 srcPort>39795 dst>fd10:62:100::2/24452 
17:45:27.181564 CONNECT flow>6652 srcPort>39795 dst>fd10:62:100::2/24452 
17:45:27.200467 SHUTDOWN flow>6412 srcPort>43971 dst>fd10:62:100::2/24212 
17:45:27.338759 ON flow>6660 srcPort>42433 dst>fd10:62:100::2/24460 
17:45:27.340531 OFF flow>6412 srcPort>43971 dst>fd10:62:100::2/24212 
17:45:27.355046 CONNECT flow>6660 srcPort>42433 dst>fd10:62:100::2/24460 
17:45:27.371163 OFF flow>6396 srcPort>40659 dst>fd10:62:100::2/24196 
17:45:27.375454 OFF flow>6404 srcPort>46301 dst>fd10:62:100::2/24204 
17:45:27.415672 SHUTDOWN flow>6420 srcPort>34119 dst>fd10:62:100::2/24220 
17:45:27.483355 ON flow>6668 srcPort>41317 dst>fd10:62:100::2/24468 
17:45:27.486379 SHUTDOWN flow>6428 srcPort>33545 dst>fd10:62:100::2/24228 
17:45:27.500632 CONNECT flow>6668 srcPort>41317 dst>fd10:62:100::2/24468 
17:45:27.572398 SHUTDOWN flow>6436 srcPort>35055 dst>fd10:62:100::2/24236 
17:45:27.573978 ON flow>6676 srcPort>37285 dst>fd10:62:100::2/24476 
17:45:27.593439 CONNECT flow>6676 srcPort>37285 dst>fd10:62:100::2/24476 
17:45:27.641320 ON flow>6684 srcPort>40719 dst>fd10:62:100::2/24484 
17:45:27.658037 CONNECT flow>6684 srcPort>40719 dst>fd10:62:100::2/24484 
17:45:27.708507 ON flow>6692 srcPort>36913 dst>fd10:62:100::2/24492 
17:45:27.722798 SHUTDOWN flow>6444 srcPort>41517 dst>fd10:62:100::2/24244 
17:45:27.725225 CONNECT flow>6692 srcPort>36913 dst>fd10:62:100::2/24492 
17:45:27.779640 ON flow>6700 srcPort>40965 dst>fd10:62:100::2/24500 
17:45:27.796458 CONNECT flow>6700 srcPort>40965 dst>fd10:62:100::2/24500 
17:45:27.840252 SHUTDOWN flow>6452 srcPort>40227 dst>fd10:62:100::2/24252 
17:45:27.847913 ON flow>6708 srcPort>43323 dst>fd10:62:100::2/24508 
17:45:27.864036 CONNECT flow>6708 srcPort>43323 dst>fd10:62:100::2/24508 
17:45:27.882952 OFF flow>6420 srcPort>34119 dst>fd10:62:100::2/24220 
17:45:27.891556 OFF flow>6444 srcPort>41517 dst>fd10:62:100::2/24244 
17:45:27.902031 OFF flow>6436 srcPort>35055 dst>fd10:62:100::2/24236 
17:45:27.946208 ON flow>6716 srcPort>40653 dst>fd10:62:100::2/24516 
17:45:27.958324 SHUTDOWN flow>6460 srcPort>43123 dst>fd10:62:100::2/24260 
17:45:27.964755 CONNECT flow>6716 srcPort>40653 dst>fd10:62:100::2/24516 
17:45:27.984337 OFF flow>6452 srcPort>40227 dst>fd10:62:100::2/24252 
17:45:28.005116 ON flow>6724 srcPort>41071 dst>fd10:62:100::2/24524 
17:45:28.021762 CONNECT flow>6724 srcPort>41071 dst>fd10:62:100::2/24524 
17:45:28.047926 ON flow>6732 srcPort>42471 dst>fd10:62:100::2/24532 
17:45:28.065047 CONNECT flow>6732 srcPort>42471 dst>fd10:62:100::2/24532 
17:45:28.087281 SHUTDOWN flow>6468 srcPort>38995 dst>fd10:62:100::2/24268 
17:45:28.119174 ON flow>6740 srcPort>39281 dst>fd10:62:100::2/24540 
17:45:28.136290 CONNECT flow>6740 srcPort>39281 dst>fd10:62:100::2/24540 
17:45:28.150554 OFF flow>6428 srcPort>33545 dst>fd10:62:100::2/24228 
17:45:28.171182 ON flow>6748 srcPort>46669 dst>fd10:62:100::2/24548 
17:45:28.188250 CONNECT flow>6748 srcPort>46669 dst>fd10:62:100::2/24548 
17:45:28.220120 OFF flow>6460 srcPort>43123 dst>fd10:62:100::2/24260 
17:45:28.287484 SHUTDOWN flow>6476 srcPort>42701 dst>fd10:62:100::2/24276 
17:45:28.326745 ON flow>6756 srcPort>36629 dst>fd10:62:100::2/24556 
17:45:28.342223 CONNECT flow>6756 srcPort>36629 dst>fd10:62:100::2/24556 
17:45:28.345574 OFF flow>6476 srcPort>42701 dst>fd10:62:100::2/24276 
17:45:28.377856 OFF flow>6468 srcPort>38995 dst>fd10:62:100::2/24268 
17:45:28.381364 ON flow>6764 srcPort>41105 dst>fd10:62:100::2/24564 
17:45:28.398597 CONNECT flow>6764 srcPort>41105 dst>fd10:62:100::2/24564 
17:45:28.523727 SHUTDOWN flow>6484 srcPort>36541 dst>fd10:62:100::2/24284 
17:45:28.576061 ON flow>6772 srcPort>43373 dst>fd10:62:100::2/24572 
17:45:28.592192 CONNECT flow>6772 srcPort>43373 dst>fd10:62:100::2/24572 
17:45:28.633395 ON flow>6780 srcPort>36719 dst>fd10:62:100::2/24580 
17:45:28.648862 CONNECT flow>6780 srcPort>36719 dst>fd10:62:100::2/24580 
17:45:28.734977 OFF flow>6484 srcPort>36541 dst>fd10:62:100::2/24284 
17:45:28.816588 ON flow>6788 srcPort>34519 dst>fd10:62:100::2/24588 
17:45:28.834243 CONNECT flow>6788 srcPort>34519 dst>fd10:62:100::2/24588 
17:45:28.903176 ON flow>6796 srcPort>37637 dst>fd10:62:100::2/24596 
17:45:28.920745 CONNECT flow>6796 srcPort>37637 dst>fd10:62:100::2/24596 
17:45:28.999669 ON flow>6804 srcPort>33845 dst>fd10:62:100::2/24604 
17:45:29.018818 CONNECT flow>6804 srcPort>33845 dst>fd10:62:100::2/24604 
17:45:29.047558 ON flow>6812 srcPort>39437 dst>fd10:62:100::2/24612 
17:45:29.066416 CONNECT flow>6812 srcPort>39437 dst>fd10:62:100::2/24612 
17:45:29.105803 ON flow>6820 srcPort>43317 dst>fd10:62:100::2/24620 
17:45:29.123866 CONNECT flow>6820 srcPort>43317 dst>fd10:62:100::2/24620 
17:45:29.144891 SHUTDOWN flow>6492 srcPort>34071 dst>fd10:62:100::2/24292 
17:45:29.253185 ON flow>6828 srcPort>37875 dst>fd10:62:100::2/24628 
17:45:29.274969 CONNECT flow>6828 srcPort>37875 dst>fd10:62:100::2/24628 
17:45:29.286857 OFF flow>6492 srcPort>34071 dst>fd10:62:100::2/24292 
17:45:29.311082 ON flow>6836 srcPort>42211 dst>fd10:62:100::2/24636 
17:45:29.343652 CONNECT flow>6836 srcPort>42211 dst>fd10:62:100::2/24636 
17:45:29.359281 SHUTDOWN flow>6500 srcPort>44509 dst>fd10:62:100::2/24300 
17:45:29.388130 ON flow>6844 srcPort>41007 dst>fd10:62:100::2/24644 
17:45:29.402626 CONNECT flow>6844 srcPort>41007 dst>fd10:62:100::2/24644 
17:45:29.533811 ON flow>6852 srcPort>41099 dst>fd10:62:100::2/24652 
17:45:29.559567 CONNECT flow>6852 srcPort>41099 dst>fd10:62:100::2/24652 
17:45:29.600834 OFF flow>6500 srcPort>44509 dst>fd10:62:100::2/24300 
17:45:29.671378 SHUTDOWN flow>6516 srcPort>39939 dst>fd10:62:100::2/24316 
17:45:29.715101 SHUTDOWN flow>6524 srcPort>46621 dst>fd10:62:100::2/24324 
17:45:29.770563 ON flow>6860 srcPort>38381 dst>fd10:62:100::2/24660 
17:45:29.776943 SHUTDOWN flow>6508 srcPort>34831 dst>fd10:62:100::2/24308 
17:45:29.785179 CONNECT flow>6860 srcPort>38381 dst>fd10:62:100::2/24660 
17:45:29.882154 ON flow>6868 srcPort>39903 dst>fd10:62:100::2/24668 
17:45:29.911295 CONNECT flow>6868 srcPort>39903 dst>fd10:62:100::2/24668 
17:45:29.955782 SHUTDOWN flow>6532 srcPort>39931 dst>fd10:62:100::2/24332 
17:45:30.014391 OFF flow>6524 srcPort>46621 dst>fd10:62:100::2/24324 
17:45:30.137121 ON flow>6876 srcPort>36179 dst>fd10:62:100::2/24676 
17:45:30.151917 CONNECT flow>6876 srcPort>36179 dst>fd10:62:100::2/24676 
17:45:30.162445 OFF flow>6508 srcPort>34831 dst>fd10:62:100::2/24308 
17:45:30.167410 SHUTDOWN flow>6540 srcPort>36259 dst>fd10:62:100::2/24340 
17:45:30.168809 OFF flow>6532 srcPort>39931 dst>fd10:62:100::2/24332 
17:45:30.175430 SHUTDOWN flow>6548 srcPort>36859 dst>fd10:62:100::2/24348 
17:45:30.181722 ON flow>6884 srcPort>41029 dst>fd10:62:100::2/24684 
17:45:30.209126 CONNECT flow>6884 srcPort>41029 dst>fd10:62:100::2/24684 
17:45:30.245341 ON flow>6892 srcPort>35007 dst>fd10:62:100::2/24692 
17:45:30.271509 CONNECT flow>6892 srcPort>35007 dst>fd10:62:100::2/24692 
17:45:30.336138 ON flow>6900 srcPort>33449 dst>fd10:62:100::2/24700 
17:45:30.349281 CONNECT flow>6900 srcPort>33449 dst>fd10:62:100::2/24700 
17:45:30.359891 OFF flow>6516 srcPort>39939 dst>fd10:62:100::2/24316 
17:45:30.398214 OFF flow>6548 srcPort>36859 dst>fd10:62:100::2/24348 
17:45:30.414782 ON flow>6908 srcPort>43455 dst>fd10:62:100::2/24708 
17:45:30.429427 CONNECT flow>6908 srcPort>43455 dst>fd10:62:100::2/24708 
17:45:30.457653 SHUTDOWN flow>6564 srcPort>46387 dst>fd10:62:100::2/24364 
17:45:30.471431 OFF flow>6540 srcPort>36259 dst>fd10:62:100::2/24340 
17:45:30.541717 ON flow>6916 srcPort>39403 dst>fd10:62:100::2/24716 
17:45:30.566508 CONNECT flow>6916 srcPort>39403 dst>fd10:62:100::2/24716 
17:45:30.632232 SHUTDOWN flow>6556 srcPort>42391 dst>fd10:62:100::2/24356 
17:45:30.638156 ON flow>6924 srcPort>36311 dst>fd10:62:100::2/24724 
17:45:30.654048 CONNECT flow>6924 srcPort>36311 dst>fd10:62:100::2/24724 
17:45:30.702443 SHUTDOWN flow>6580 srcPort>46571 dst>fd10:62:100::2/24380 
17:45:30.744052 ON flow>6932 srcPort>37353 dst>fd10:62:100::2/24732 
17:45:30.759516 CONNECT flow>6932 srcPort>37353 dst>fd10:62:100::2/24732 
17:45:30.772455 SHUTDOWN flow>6572 srcPort>43607 dst>fd10:62:100::2/24372 
17:45:30.779749 OFF flow>6564 srcPort>46387 dst>fd10:62:100::2/24364 
17:45:30.808356 ON flow>6940 srcPort>44811 dst>fd10:62:100::2/24740 
17:45:30.824491 CONNECT flow>6940 srcPort>44811 dst>fd10:62:100::2/24740 
17:45:30.941491 ON flow>6948 srcPort>40873 dst>fd10:62:100::2/24748 
17:45:30.972402 CONNECT flow>6948 srcPort>40873 dst>fd10:62:100::2/24748 
17:45:30.978486 SHUTDOWN flow>6596 srcPort>39395 dst>fd10:62:100::2/24396 
17:45:31.031389 ON flow>6956 srcPort>46215 dst>fd10:62:100::2/24756 
17:45:31.051415 CONNECT flow>6956 srcPort>46215 dst>fd10:62:100::2/24756 
17:45:31.071700 SHUTDOWN flow>6604 srcPort>43593 dst>fd10:62:100::2/24404 
17:45:31.102953 ON flow>6964 srcPort>40229 dst>fd10:62:100::2/24764 
17:45:31.122489 CONNECT flow>6964 srcPort>40229 dst>fd10:62:100::2/24764 
17:45:31.187961 ON flow>6972 srcPort>37429 dst>fd10:62:100::2/24772 
17:45:31.199500 OFF flow>6556 srcPort>42391 dst>fd10:62:100::2/24356 
17:45:31.210701 CONNECT flow>6972 srcPort>37429 dst>fd10:62:100::2/24772 
17:45:31.232953 OFF flow>6596 srcPort>39395 dst>fd10:62:100::2/24396 
17:45:31.297042 SHUTDOWN flow>6612 srcPort>36323 dst>fd10:62:100::2/24412 
17:45:31.309173 ON flow>6980 srcPort>34213 dst>fd10:62:100::2/24780 
17:45:31.327478 SHUTDOWN flow>6588 srcPort>40101 dst>fd10:62:100::2/24388 
17:45:31.328448 CONNECT flow>6980 srcPort>34213 dst>fd10:62:100::2/24780 
17:45:31.342922 OFF flow>6580 srcPort>46571 dst>fd10:62:100::2/24380 
17:45:31.353527 OFF flow>6572 srcPort>43607 dst>fd10:62:100::2/24372 
17:45:31.365770 SHUTDOWN flow>6620 srcPort>46253 dst>fd10:62:100::2/24420 
17:45:31.417939 ON flow>6988 srcPort>33517 dst>fd10:62:100::2/24788 
17:45:31.444605 CONNECT flow>6988 srcPort>33517 dst>fd10:62:100::2/24788 
17:45:31.468466 ON flow>6996 srcPort>34819 dst>fd10:62:100::2/24796 
17:45:31.477083 OFF flow>6612 srcPort>36323 dst>fd10:62:100::2/24412 
17:45:31.493459 CONNECT flow>6996 srcPort>34819 dst>fd10:62:100::2/24796 
17:45:31.575421 ON flow>7004 srcPort>39549 dst>fd10:62:100::2/24804 
17:45:31.593167 CONNECT flow>7004 srcPort>39549 dst>fd10:62:100::2/24804 
17:45:31.617085 ON flow>7012 srcPort>46561 dst>fd10:62:100::2/24812 
17:45:31.642421 CONNECT flow>7012 srcPort>46561 dst>fd10:62:100::2/24812 
17:45:31.679504 OFF flow>6604 srcPort>43593 dst>fd10:62:100::2/24404 
17:45:31.692665 OFF flow>6620 srcPort>46253 dst>fd10:62:100::2/24420 
17:45:31.709010 ON flow>7020 srcPort>33211 dst>fd10:62:100::2/24820 
17:45:31.711578 SHUTDOWN flow>6636 srcPort>43615 dst>fd10:62:100::2/24436 
17:45:31.724016 CONNECT flow>7020 srcPort>33211 dst>fd10:62:100::2/24820 
17:45:31.750611 SHUTDOWN flow>6628 srcPort>34007 dst>fd10:62:100::2/24428 
17:45:31.777905 ON flow>7028 srcPort>43307 dst>fd10:62:100::2/24828 
17:45:31.814584 CONNECT flow>7028 srcPort>43307 dst>fd10:62:100::2/24828 
17:45:31.823053 ON flow>7036 srcPort>36339 dst>fd10:62:100::2/24836 
17:45:31.854126 CONNECT flow>7036 srcPort>36339 dst>fd10:62:100::2/24836 
17:45:31.877829 ON flow>7044 srcPort>36515 dst>fd10:62:100::2/24844 
17:45:31.894493 CONNECT flow>7044 srcPort>36515 dst>fd10:62:100::2/24844 
17:45:31.939499 ON flow>7052 srcPort>43399 dst>fd10:62:100::2/24852 
17:45:31.940962 OFF flow>6588 srcPort>40101 dst>fd10:62:100::2/24388 
17:45:31.958232 CONNECT flow>7052 srcPort>43399 dst>fd10:62:100::2/24852 
17:45:31.961437 SHUTDOWN flow>6652 srcPort>39795 dst>fd10:62:100::2/24452 
17:45:31.986016 SHUTDOWN flow>6644 srcPort>41835 dst>fd10:62:100::2/24444 
17:45:31.986893 ON flow>7060 srcPort>37561 dst>fd10:62:100::2/24860 
17:45:32.002110 OFF flow>6636 srcPort>43615 dst>fd10:62:100::2/24436 
17:45:32.005454 CONNECT flow>7060 srcPort>37561 dst>fd10:62:100::2/24860 
17:45:32.056072 ON flow>7068 srcPort>39289 dst>fd10:62:100::2/24868 
17:45:32.079837 CONNECT flow>7068 srcPort>39289 dst>fd10:62:100::2/24868 
17:45:32.086255 OFF flow>6644 srcPort>41835 dst>fd10:62:100::2/24444 
17:45:32.101464 ON flow>7076 srcPort>38611 dst>fd10:62:100::2/24876 
17:45:32.125276 CONNECT flow>7076 srcPort>38611 dst>fd10:62:100::2/24876 
17:45:32.195521 ON flow>7084 srcPort>44955 dst>fd10:62:100::2/24884 
17:45:32.221644 CONNECT flow>7084 srcPort>44955 dst>fd10:62:100::2/24884 
17:45:32.240908 ON flow>7092 srcPort>34149 dst>fd10:62:100::2/24892 
17:45:32.260159 CONNECT flow>7092 srcPort>34149 dst>fd10:62:100::2/24892 
17:45:32.275602 OFF flow>6628 srcPort>34007 dst>fd10:62:100::2/24428 
17:45:32.307514 SHUTDOWN flow>6660 srcPort>42433 dst>fd10:62:100::2/24460 
17:45:32.441961 SHUTDOWN flow>6668 srcPort>41317 dst>fd10:62:100::2/24468 
17:45:32.456710 ON flow>7100 srcPort>40811 dst>fd10:62:100::2/24900 
17:45:32.466904 SHUTDOWN flow>6676 srcPort>37285 dst>fd10:62:100::2/24476 
17:45:32.480031 CONNECT flow>7100 srcPort>40811 dst>fd10:62:100::2/24900 
17:45:32.490067 OFF flow>6652 srcPort>39795 dst>fd10:62:100::2/24452 
17:45:32.579528 SHUTDOWN flow>6700 srcPort>40965 dst>fd10:62:100::2/24500 
17:45:32.661792 SHUTDOWN flow>6684 srcPort>40719 dst>fd10:62:100::2/24484 
17:45:32.672621 OFF flow>6668 srcPort>41317 dst>fd10:62:100::2/24468 
17:45:32.704419 OFF flow>6700 srcPort>40965 dst>fd10:62:100::2/24500 
17:45:32.724389 SHUTDOWN flow>6692 srcPort>36913 dst>fd10:62:100::2/24492 
17:45:32.732651 SHUTDOWN flow>6708 srcPort>43323 dst>fd10:62:100::2/24508 
17:45:32.775714 OFF flow>6660 srcPort>42433 dst>fd10:62:100::2/24460 
17:45:32.805041 SHUTDOWN flow>6724 srcPort>41071 dst>fd10:62:100::2/24524 
17:45:32.857481 OFF flow>6676 srcPort>37285 dst>fd10:62:100::2/24476 
17:45:32.882024 SHUTDOWN flow>6732 srcPort>42471 dst>fd10:62:100::2/24532 
17:45:32.919500 SHUTDOWN flow>6716 srcPort>40653 dst>fd10:62:100::2/24516 
17:45:32.956936 OFF flow>6684 srcPort>40719 dst>fd10:62:100::2/24484 
17:45:32.963583 SHUTDOWN flow>6740 srcPort>39281 dst>fd10:62:100::2/24540 
17:45:32.971075 SHUTDOWN flow>6748 srcPort>46669 dst>fd10:62:100::2/24548 
17:45:33.000742 OFF flow>6708 srcPort>43323 dst>fd10:62:100::2/24508 
17:45:33.010257 OFF flow>6724 srcPort>41071 dst>fd10:62:100::2/24524 
17:45:33.034719 ON flow>7108 srcPort>37805 dst>fd10:62:100::2/24908 
17:45:33.048526 CONNECT flow>7108 srcPort>37805 dst>fd10:62:100::2/24908 
17:45:33.073338 OFF flow>6740 srcPort>39281 dst>fd10:62:100::2/24540 
17:45:33.093919 OFF flow>6692 srcPort>36913 dst>fd10:62:100::2/24492 
17:45:33.166119 OFF flow>6716 srcPort>40653 dst>fd10:62:100::2/24516 
17:45:33.179547 ON flow>7116 srcPort>44379 dst>fd10:62:100::2/24916 
17:45:33.187150 OFF flow>6732 srcPort>42471 dst>fd10:62:100::2/24532 
17:45:33.199552 CONNECT flow>7116 srcPort>44379 dst>fd10:62:100::2/24916 
17:45:33.218126 SHUTDOWN flow>6756 srcPort>36629 dst>fd10:62:100::2/24556 
17:45:33.232041 ON flow>7124 srcPort>45451 dst>fd10:62:100::2/24924 
17:45:33.246634 CONNECT flow>7124 srcPort>45451 dst>fd10:62:100::2/24924 
17:45:33.307879 ON flow>7132 srcPort>46439 dst>fd10:62:100::2/24932 
17:45:33.327477 CONNECT flow>7132 srcPort>46439 dst>fd10:62:100::2/24932 
17:45:33.389567 ON flow>7140 srcPort>43473 dst>fd10:62:100::2/24940 
17:45:33.402092 SHUTDOWN flow>6772 srcPort>43373 dst>fd10:62:100::2/24572 
17:45:33.403066 CONNECT flow>7140 srcPort>43473 dst>fd10:62:100::2/24940 
17:45:33.447578 OFF flow>6748 srcPort>46669 dst>fd10:62:100::2/24548 
17:45:33.467939 OFF flow>6756 srcPort>36629 dst>fd10:62:100::2/24556 
17:45:33.470888 SHUTDOWN flow>6764 srcPort>41105 dst>fd10:62:100::2/24564 
17:45:33.503204 ON flow>7148 srcPort>44645 dst>fd10:62:100::2/24948 
17:45:33.525647 CONNECT flow>7148 srcPort>44645 dst>fd10:62:100::2/24948 
17:45:33.568198 SHUTDOWN flow>6780 srcPort>36719 dst>fd10:62:100::2/24580 
17:45:33.616373 SHUTDOWN flow>6788 srcPort>34519 dst>fd10:62:100::2/24588 
17:45:33.667132 ON flow>7156 srcPort>34609 dst>fd10:62:100::2/24956 
17:45:33.680713 CONNECT flow>7156 srcPort>34609 dst>fd10:62:100::2/24956 
17:45:33.702879 SHUTDOWN flow>6796 srcPort>37637 dst>fd10:62:100::2/24596 
17:45:33.763735 OFF flow>6796 srcPort>37637 dst>fd10:62:100::2/24596 
17:45:33.767972 OFF flow>6772 srcPort>43373 dst>fd10:62:100::2/24572 
17:45:33.768313 ON flow>7164 srcPort>32811 dst>fd10:62:100::2/24964 
17:45:33.772156 OFF flow>6780 srcPort>36719 dst>fd10:62:100::2/24580 
17:45:33.793897 CONNECT flow>7164 srcPort>32811 dst>fd10:62:100::2/24964 
17:45:33.823034 SHUTDOWN flow>6804 srcPort>33845 dst>fd10:62:100::2/24604 
17:45:33.876448 OFF flow>6764 srcPort>41105 dst>fd10:62:100::2/24564 
17:45:33.903914 SHUTDOWN flow>6812 srcPort>39437 dst>fd10:62:100::2/24612 
17:45:33.908344 SHUTDOWN flow>6820 srcPort>43317 dst>fd10:62:100::2/24620 
17:45:33.937141 OFF flow>6788 srcPort>34519 dst>fd10:62:100::2/24588 
17:45:33.964976 OFF flow>6804 srcPort>33845 dst>fd10:62:100::2/24604 
17:45:34.016987 ON flow>7172 srcPort>42031 dst>fd10:62:100::2/24972 
17:45:34.032992 CONNECT flow>7172 srcPort>42031 dst>fd10:62:100::2/24972 
17:45:34.065939 OFF flow>6820 srcPort>43317 dst>fd10:62:100::2/24620 
17:45:34.090552 OFF flow>6812 srcPort>39437 dst>fd10:62:100::2/24612 
17:45:34.109137 SHUTDOWN flow>6828 srcPort>37875 dst>fd10:62:100::2/24628 
17:45:34.187631 SHUTDOWN flow>6836 srcPort>42211 dst>fd10:62:100::2/24636 
17:45:34.255255 OFF flow>6828 srcPort>37875 dst>fd10:62:100::2/24628 
17:45:34.267105 SHUTDOWN flow>6844 srcPort>41007 dst>fd10:62:100::2/24644 
17:45:34.333636 SHUTDOWN flow>6852 srcPort>41099 dst>fd10:62:100::2/24652 
17:45:34.383178 ON flow>7180 srcPort>43157 dst>fd10:62:100::2/24980 
17:45:34.402238 OFF flow>6844 srcPort>41007 dst>fd10:62:100::2/24644 
17:45:34.403479 CONNECT flow>7180 srcPort>43157 dst>fd10:62:100::2/24980 
17:45:34.525124 ON flow>7188 srcPort>43613 dst>fd10:62:100::2/24988 
17:45:34.525364 OFF flow>6836 srcPort>42211 dst>fd10:62:100::2/24636 
17:45:34.544936 CONNECT flow>7188 srcPort>43613 dst>fd10:62:100::2/24988 
17:45:34.565955 OFF flow>6852 srcPort>41099 dst>fd10:62:100::2/24652 
17:45:34.577142 SHUTDOWN flow>6860 srcPort>38381 dst>fd10:62:100::2/24660 
17:45:34.682055 SHUTDOWN flow>6868 srcPort>39903 dst>fd10:62:100::2/24668 
17:45:34.709992 ON flow>7196 srcPort>44533 dst>fd10:62:100::2/24996 
17:45:34.725793 CONNECT flow>7196 srcPort>44533 dst>fd10:62:100::2/24996 
17:45:34.788153 OFF flow>6860 srcPort>38381 dst>fd10:62:100::2/24660 
17:45:34.872894 OFF flow>6868 srcPort>39903 dst>fd10:62:100::2/24668 
17:45:34.936974 SHUTDOWN flow>6876 srcPort>36179 dst>fd10:62:100::2/24676 
17:45:34.993551 OFF flow>6876 srcPort>36179 dst>fd10:62:100::2/24676 
17:45:35.054731 SHUTDOWN flow>6884 srcPort>41029 dst>fd10:62:100::2/24684 
17:45:35.112682 ON flow>7204 srcPort>43977 dst>fd10:62:100::2/25004 
17:45:35.125279 CONNECT flow>7204 srcPort>43977 dst>fd10:62:100::2/25004 
17:45:35.136113 SHUTDOWN flow>6900 srcPort>33449 dst>fd10:62:100::2/24700 
17:45:35.166923 SHUTDOWN flow>6892 srcPort>35007 dst>fd10:62:100::2/24692 
17:45:35.175431 OFF flow>6900 srcPort>33449 dst>fd10:62:100::2/24700 
17:45:35.194044 OFF flow>6884 srcPort>41029 dst>fd10:62:100::2/24684 
17:45:35.214380 SHUTDOWN flow>6908 srcPort>43455 dst>fd10:62:100::2/24708 
17:45:35.251241 ON flow>7212 srcPort>34109 dst>fd10:62:100::2/25012 
17:45:35.273606 CONNECT flow>7212 srcPort>34109 dst>fd10:62:100::2/25012 
17:45:35.341041 OFF flow>6908 srcPort>43455 dst>fd10:62:100::2/24708 
17:45:35.341427 SHUTDOWN flow>6916 srcPort>39403 dst>fd10:62:100::2/24716 
17:45:35.415639 ON flow>7220 srcPort>40483 dst>fd10:62:100::2/25020 
17:45:35.429021 CONNECT flow>7220 srcPort>40483 dst>fd10:62:100::2/25020 
17:45:35.437989 SHUTDOWN flow>6924 srcPort>36311 dst>fd10:62:100::2/24724 
17:45:35.469351 OFF flow>6916 srcPort>39403 dst>fd10:62:100::2/24716 
17:45:35.492744 OFF flow>6892 srcPort>35007 dst>fd10:62:100::2/24692 
17:45:35.500251 ON flow>7228 srcPort>45189 dst>fd10:62:100::2/25028 
17:45:35.519014 CONNECT flow>7228 srcPort>45189 dst>fd10:62:100::2/25028 
17:45:35.543924 SHUTDOWN flow>6932 srcPort>37353 dst>fd10:62:100::2/24732 
17:45:35.605752 ON flow>7236 srcPort>38903 dst>fd10:62:100::2/25036 
17:45:35.608021 SHUTDOWN flow>6940 srcPort>44811 dst>fd10:62:100::2/24740 
17:45:35.621348 CONNECT flow>7236 srcPort>38903 dst>fd10:62:100::2/25036 
17:45:35.693605 ON flow>7244 srcPort>43417 dst>fd10:62:100::2/25044 
17:45:35.704420 OFF flow>6940 srcPort>44811 dst>fd10:62:100::2/24740 
17:45:35.709131 CONNECT flow>7244 srcPort>43417 dst>fd10:62:100::2/25044 
17:45:35.741324 SHUTDOWN flow>6948 srcPort>40873 dst>fd10:62:100::2/24748 
17:45:35.768548 ON flow>7252 srcPort>37037 dst>fd10:62:100::2/25052 
17:45:35.781002 CONNECT flow>7252 srcPort>37037 dst>fd10:62:100::2/25052 
17:45:35.795835 OFF flow>6948 srcPort>40873 dst>fd10:62:100::2/24748 
17:45:35.828955 ON flow>7260 srcPort>42319 dst>fd10:62:100::2/25060 
17:45:35.831267 SHUTDOWN flow>6956 srcPort>46215 dst>fd10:62:100::2/24756 
17:45:35.849725 CONNECT flow>7260 srcPort>42319 dst>fd10:62:100::2/25060 
17:45:35.902912 SHUTDOWN flow>6964 srcPort>40229 dst>fd10:62:100::2/24764 
17:45:35.932304 OFF flow>6956 srcPort>46215 dst>fd10:62:100::2/24756 
17:45:35.974491 OFF flow>6964 srcPort>40229 dst>fd10:62:100::2/24764 
17:45:35.990653 SHUTDOWN flow>6972 srcPort>37429 dst>fd10:62:100::2/24772 
17:45:36.020308 OFF flow>6932 srcPort>37353 dst>fd10:62:100::2/24732 
17:45:36.028983 OFF flow>6924 srcPort>36311 dst>fd10:62:100::2/24724 
17:45:36.058815 ON flow>7268 srcPort>41021 dst>fd10:62:100::2/25068 
17:45:36.064835 OFF flow>6972 srcPort>37429 dst>fd10:62:100::2/24772 
17:45:36.073035 CONNECT flow>7268 srcPort>41021 dst>fd10:62:100::2/25068 
17:45:36.108682 SHUTDOWN flow>6980 srcPort>34213 dst>fd10:62:100::2/24780 
17:45:36.215377 OFF flow>6980 srcPort>34213 dst>fd10:62:100::2/24780 
17:45:36.236571 ON flow>7276 srcPort>33985 dst>fd10:62:100::2/25076 
17:45:36.249538 CONNECT flow>7276 srcPort>33985 dst>fd10:62:100::2/25076 
17:45:36.263221 SHUTDOWN flow>6988 srcPort>33517 dst>fd10:62:100::2/24788 
17:45:36.375194 SHUTDOWN flow>7004 srcPort>39549 dst>fd10:62:100::2/24804 
17:45:36.386781 OFF flow>7004 srcPort>39549 dst>fd10:62:100::2/24804 
17:45:36.394879 OFF flow>6988 srcPort>33517 dst>fd10:62:100::2/24788 
17:45:36.446270 ON flow>7284 srcPort>35091 dst>fd10:62:100::2/25084 
17:45:36.461812 CONNECT flow>7284 srcPort>35091 dst>fd10:62:100::2/25084 
17:45:36.467518 SHUTDOWN flow>6996 srcPort>34819 dst>fd10:62:100::2/24796 
17:45:36.508791 SHUTDOWN flow>7020 srcPort>33211 dst>fd10:62:100::2/24820 
17:45:36.508968 SHUTDOWN flow>7012 srcPort>46561 dst>fd10:62:100::2/24812 
17:45:36.541202 OFF flow>7020 srcPort>33211 dst>fd10:62:100::2/24820 
17:45:36.625214 SHUTDOWN flow>7028 srcPort>43307 dst>fd10:62:100::2/24828 
17:45:36.636055 SHUTDOWN flow>7036 srcPort>36339 dst>fd10:62:100::2/24836 
17:45:36.695040 SHUTDOWN flow>7044 srcPort>36515 dst>fd10:62:100::2/24844 
17:45:36.700000 OFF flow>7036 srcPort>36339 dst>fd10:62:100::2/24836 
17:45:36.734021 OFF flow>7044 srcPort>36515 dst>fd10:62:100::2/24844 
17:45:36.752492 ON flow>7292 srcPort>37351 dst>fd10:62:100::2/25092 
17:45:36.760216 OFF flow>7012 srcPort>46561 dst>fd10:62:100::2/24812 
17:45:36.763758 SHUTDOWN flow>7052 srcPort>43399 dst>fd10:62:100::2/24852 
17:45:36.767632 CONNECT flow>7292 srcPort>37351 dst>fd10:62:100::2/25092 
17:45:36.783271 OFF flow>6996 srcPort>34819 dst>fd10:62:100::2/24796 
17:45:36.799213 OFF flow>7028 srcPort>43307 dst>fd10:62:100::2/24828 
17:45:36.831327 OFF flow>7052 srcPort>43399 dst>fd10:62:100::2/24852 
17:45:36.855960 SHUTDOWN flow>7068 srcPort>39289 dst>fd10:62:100::2/24868 
17:45:36.898566 SHUTDOWN flow>7060 srcPort>37561 dst>fd10:62:100::2/24860 
17:45:36.901250 SHUTDOWN flow>7076 srcPort>38611 dst>fd10:62:100::2/24876 
17:45:36.923262 OFF flow>7076 srcPort>38611 dst>fd10:62:100::2/24876 
17:45:36.928096 OFF flow>7068 srcPort>39289 dst>fd10:62:100::2/24868 
17:45:37.040626 SHUTDOWN flow>7092 srcPort>34149 dst>fd10:62:100::2/24892 
17:45:37.075039 SHUTDOWN flow>7084 srcPort>44955 dst>fd10:62:100::2/24884 
17:45:37.096352 ON flow>7300 srcPort>34785 dst>fd10:62:100::2/25100 
17:45:37.110173 CONNECT flow>7300 srcPort>34785 dst>fd10:62:100::2/25100 
17:45:37.134490 OFF flow>7060 srcPort>37561 dst>fd10:62:100::2/24860 
17:45:37.157713 OFF flow>7092 srcPort>34149 dst>fd10:62:100::2/24892 
17:45:37.242979 OFF flow>7084 srcPort>44955 dst>fd10:62:100::2/24884 
17:45:37.245935 ON flow>7308 srcPort>40143 dst>fd10:62:100::2/25108 
17:45:37.256236 SHUTDOWN flow>7100 srcPort>40811 dst>fd10:62:100::2/24900 
17:45:37.259145 CONNECT flow>7308 srcPort>40143 dst>fd10:62:100::2/25108 
17:45:37.331327 OFF flow>7100 srcPort>40811 dst>fd10:62:100::2/24900 
17:45:37.396946 ON flow>7316 srcPort>38293 dst>fd10:62:100::2/25116 
17:45:37.410657 CONNECT flow>7316 srcPort>38293 dst>fd10:62:100::2/25116 
17:45:37.446103 ON flow>7324 srcPort>41119 dst>fd10:62:100::2/25124 
17:45:37.461191 CONNECT flow>7324 srcPort>41119 dst>fd10:62:100::2/25124 
17:45:37.496323 ON flow>7332 srcPort>43973 dst>fd10:62:100::2/25132 
17:45:37.511677 CONNECT flow>7332 srcPort>43973 dst>fd10:62:100::2/25132 
17:45:37.554757 ON flow>7340 srcPort>37221 dst>fd10:62:100::2/25140 
17:45:37.569728 CONNECT flow>7340 srcPort>37221 dst>fd10:62:100::2/25140 
17:45:37.613136 ON flow>7348 srcPort>39199 dst>fd10:62:100::2/25148 
17:45:37.628834 CONNECT flow>7348 srcPort>39199 dst>fd10:62:100::2/25148 
17:45:37.709075 ON flow>7356 srcPort>40707 dst>fd10:62:100::2/25156 
17:45:37.723893 CONNECT flow>7356 srcPort>40707 dst>fd10:62:100::2/25156 
17:45:37.799120 ON flow>7364 srcPort>39753 dst>fd10:62:100::2/25164 
17:45:37.815059 CONNECT flow>7364 srcPort>39753 dst>fd10:62:100::2/25164 
17:45:37.834523 SHUTDOWN flow>7108 srcPort>37805 dst>fd10:62:100::2/24908 
17:45:37.878857 OFF flow>7108 srcPort>37805 dst>fd10:62:100::2/24908 
17:45:37.880569 ON flow>7372 srcPort>45707 dst>fd10:62:100::2/25172 
17:45:37.898711 CONNECT flow>7372 srcPort>45707 dst>fd10:62:100::2/25172 
17:45:37.979322 SHUTDOWN flow>7116 srcPort>44379 dst>fd10:62:100::2/24916 
17:45:38.029357 OFF flow>7116 srcPort>44379 dst>fd10:62:100::2/24916 
17:45:38.070304 SHUTDOWN flow>7124 srcPort>45451 dst>fd10:62:100::2/24924 
17:45:38.094338 ON flow>7380 srcPort>38571 dst>fd10:62:100::2/25180 
17:45:38.107634 SHUTDOWN flow>7132 srcPort>46439 dst>fd10:62:100::2/24932 
17:45:38.112004 CONNECT flow>7380 srcPort>38571 dst>fd10:62:100::2/25180 
17:45:38.143302 OFF flow>7124 srcPort>45451 dst>fd10:62:100::2/24924 
17:45:38.186075 OFF flow>7132 srcPort>46439 dst>fd10:62:100::2/24932 
17:45:38.189456 SHUTDOWN flow>7140 srcPort>43473 dst>fd10:62:100::2/24940 
17:45:38.303113 SHUTDOWN flow>7148 srcPort>44645 dst>fd10:62:100::2/24948 
17:45:38.349997 OFF flow>7140 srcPort>43473 dst>fd10:62:100::2/24940 
17:45:38.358191 OFF flow>7148 srcPort>44645 dst>fd10:62:100::2/24948 
17:45:38.466946 SHUTDOWN flow>7156 srcPort>34609 dst>fd10:62:100::2/24956 
17:45:38.502685 ON flow>7388 srcPort>33737 dst>fd10:62:100::2/25188 
17:45:38.516131 CONNECT flow>7388 srcPort>33737 dst>fd10:62:100::2/25188 
17:45:38.567957 SHUTDOWN flow>7164 srcPort>32811 dst>fd10:62:100::2/24964 
17:45:38.582005 OFF flow>7156 srcPort>34609 dst>fd10:62:100::2/24956 
17:45:38.619895 OFF flow>7164 srcPort>32811 dst>fd10:62:100::2/24964 
17:45:38.692369 ON flow>7396 srcPort>38705 dst>fd10:62:100::2/25196 
17:45:38.706558 CONNECT flow>7396 srcPort>38705 dst>fd10:62:100::2/25196 
17:45:38.816766 SHUTDOWN flow>7172 srcPort>42031 dst>fd10:62:100::2/24972 
17:45:39.025681 OFF flow>7172 srcPort>42031 dst>fd10:62:100::2/24972 
17:45:39.133001 ON flow>7404 srcPort>40163 dst>fd10:62:100::2/25204 
17:45:39.150957 CONNECT flow>7404 srcPort>40163 dst>fd10:62:100::2/25204 
17:45:39.182975 SHUTDOWN flow>7180 srcPort>43157 dst>fd10:62:100::2/24980 
17:45:39.242339 OFF flow>7180 srcPort>43157 dst>fd10:62:100::2/24980 
17:45:39.376326 ON flow>7412 srcPort>40633 dst>fd10:62:100::2/25212 
17:45:39.394309 CONNECT flow>7412 srcPort>40633 dst>fd10:62:100::2/25212 
17:45:39.423600 SHUTDOWN flow>7188 srcPort>43613 dst>fd10:62:100::2/24988 
17:45:39.509774 SHUTDOWN flow>7196 srcPort>44533 dst>fd10:62:100::2/24996 
17:45:39.517631 ON flow>7420 srcPort>32941 dst>fd10:62:100::2/25220 
17:45:39.537175 CONNECT flow>7420 srcPort>32941 dst>fd10:62:100::2/25220 
17:45:39.620118 OFF flow>7188 srcPort>43613 dst>fd10:62:100::2/24988 
17:45:39.674623 ON flow>7428 srcPort>34577 dst>fd10:62:100::2/25228 
17:45:39.691454 CONNECT flow>7428 srcPort>34577 dst>fd10:62:100::2/25228 
17:45:39.731278 ON flow>7436 srcPort>33999 dst>fd10:62:100::2/25236 
17:45:39.736762 OFF flow>7196 srcPort>44533 dst>fd10:62:100::2/24996 
17:45:39.748262 CONNECT flow>7436 srcPort>33999 dst>fd10:62:100::2/25236 
17:45:39.801737 ON flow>7444 srcPort>36295 dst>fd10:62:100::2/25244 
17:45:39.818466 CONNECT flow>7444 srcPort>36295 dst>fd10:62:100::2/25244 
17:45:39.912577 SHUTDOWN flow>7204 srcPort>43977 dst>fd10:62:100::2/25004 
17:45:39.940795 ON flow>7452 srcPort>37811 dst>fd10:62:100::2/25252 
17:45:39.961344 CONNECT flow>7452 srcPort>37811 dst>fd10:62:100::2/25252 
17:45:39.974258 ON flow>7460 srcPort>46815 dst>fd10:62:100::2/25260 
17:45:39.994437 CONNECT flow>7460 srcPort>46815 dst>fd10:62:100::2/25260 
17:45:40.041027 ON flow>7468 srcPort>43185 dst>fd10:62:100::2/25268 
17:45:40.051120 SHUTDOWN flow>7212 srcPort>34109 dst>fd10:62:100::2/25012 
17:45:40.063384 CONNECT flow>7468 srcPort>43185 dst>fd10:62:100::2/25268 
17:45:40.106129 OFF flow>7212 srcPort>34109 dst>fd10:62:100::2/25012 
17:45:40.215457 SHUTDOWN flow>7220 srcPort>40483 dst>fd10:62:100::2/25020 
17:45:40.216106 ON flow>7476 srcPort>46339 dst>fd10:62:100::2/25276 
17:45:40.235827 CONNECT flow>7476 srcPort>46339 dst>fd10:62:100::2/25276 
17:45:40.294247 ON flow>7484 srcPort>35459 dst>fd10:62:100::2/25284 
17:45:40.300040 SHUTDOWN flow>7228 srcPort>45189 dst>fd10:62:100::2/25028 
17:45:40.318618 CONNECT flow>7484 srcPort>35459 dst>fd10:62:100::2/25284 
17:45:40.352222 OFF flow>7204 srcPort>43977 dst>fd10:62:100::2/25004 
17:45:40.373203 ON flow>7492 srcPort>35229 dst>fd10:62:100::2/25292 
17:45:40.399029 CONNECT flow>7492 srcPort>35229 dst>fd10:62:100::2/25292 
17:45:40.423337 ON flow>7500 srcPort>34531 dst>fd10:62:100::2/25300 
17:45:40.436332 SHUTDOWN flow>7236 srcPort>38903 dst>fd10:62:100::2/25036 
17:45:40.438982 CONNECT flow>7500 srcPort>34531 dst>fd10:62:100::2/25300 
17:45:40.473468 OFF flow>7220 srcPort>40483 dst>fd10:62:100::2/25020 
17:45:40.485678 OFF flow>7228 srcPort>45189 dst>fd10:62:100::2/25028 
17:45:40.493353 SHUTDOWN flow>7244 srcPort>43417 dst>fd10:62:100::2/25044 
17:45:40.526962 ON flow>7508 srcPort>45875 dst>fd10:62:100::2/25308 
17:45:40.538166 CONNECT flow>7508 srcPort>45875 dst>fd10:62:100::2/25308 
17:45:40.556919 ON flow>7516 srcPort>38459 dst>fd10:62:100::2/25316 
17:45:40.564171 CONNECT flow>7516 srcPort>38459 dst>fd10:62:100::2/25316 
17:45:40.579105 OFF flow>7244 srcPort>43417 dst>fd10:62:100::2/25044 
17:45:40.587256 OFF flow>7236 srcPort>38903 dst>fd10:62:100::2/25036 
17:45:40.596982 SHUTDOWN flow>7252 srcPort>37037 dst>fd10:62:100::2/25052 
17:45:40.635231 ON flow>7524 srcPort>41869 dst>fd10:62:100::2/25324 
17:45:40.656696 CONNECT flow>7524 srcPort>41869 dst>fd10:62:100::2/25324 
17:45:40.681128 SHUTDOWN flow>7260 srcPort>42319 dst>fd10:62:100::2/25060 
17:45:40.704834 ON flow>7532 srcPort>39889 dst>fd10:62:100::2/25332 
17:45:40.736039 CONNECT flow>7532 srcPort>39889 dst>fd10:62:100::2/25332 
17:45:40.764030 OFF flow>7252 srcPort>37037 dst>fd10:62:100::2/25052 
17:45:40.804726 ON flow>7540 srcPort>36363 dst>fd10:62:100::2/25340 
17:45:40.819501 CONNECT flow>7540 srcPort>36363 dst>fd10:62:100::2/25340 
17:45:40.858487 SHUTDOWN flow>7268 srcPort>41021 dst>fd10:62:100::2/25068 
17:45:40.870372 OFF flow>7260 srcPort>42319 dst>fd10:62:100::2/25060 
17:45:40.912292 ON flow>7548 srcPort>41595 dst>fd10:62:100::2/25348 
17:45:40.927197 CONNECT flow>7548 srcPort>41595 dst>fd10:62:100::2/25348 
17:45:41.007153 OFF flow>7268 srcPort>41021 dst>fd10:62:100::2/25068 
17:45:41.014456 ON flow>7556 srcPort>35825 dst>fd10:62:100::2/25356 
17:45:41.033727 CONNECT flow>7556 srcPort>35825 dst>fd10:62:100::2/25356 
17:45:41.036394 SHUTDOWN flow>7276 srcPort>33985 dst>fd10:62:100::2/25076 
17:45:41.200799 ON flow>7564 srcPort>36643 dst>fd10:62:100::2/25364 
17:45:41.220451 OFF flow>7276 srcPort>33985 dst>fd10:62:100::2/25076 
17:45:41.221821 CONNECT flow>7564 srcPort>36643 dst>fd10:62:100::2/25364 
17:45:41.245943 SHUTDOWN flow>7284 srcPort>35091 dst>fd10:62:100::2/25084 
17:45:41.354246 ON flow>7572 srcPort>43903 dst>fd10:62:100::2/25372 
17:45:41.372195 CONNECT flow>7572 srcPort>43903 dst>fd10:62:100::2/25372 
17:45:41.392726 ON flow>7580 srcPort>39277 dst>fd10:62:100::2/25380 
17:45:41.413933 CONNECT flow>7580 srcPort>39277 dst>fd10:62:100::2/25380 
17:45:41.474349 ON flow>7588 srcPort>37357 dst>fd10:62:100::2/25388 
17:45:41.494174 CONNECT flow>7588 srcPort>37357 dst>fd10:62:100::2/25388 
17:45:41.544897 ON flow>7596 srcPort>38371 dst>fd10:62:100::2/25396 
17:45:41.563259 CONNECT flow>7596 srcPort>38371 dst>fd10:62:100::2/25396 
17:45:41.579492 SHUTDOWN flow>7292 srcPort>37351 dst>fd10:62:100::2/25092 
17:45:41.625294 ON flow>7604 srcPort>39539 dst>fd10:62:100::2/25404 
17:45:41.645207 CONNECT flow>7604 srcPort>39539 dst>fd10:62:100::2/25404 
17:45:41.848940 OFF flow>7284 srcPort>35091 dst>fd10:62:100::2/25084 
17:45:41.851845 ON flow>7612 srcPort>41559 dst>fd10:62:100::2/25412 
17:45:41.871011 CONNECT flow>7612 srcPort>41559 dst>fd10:62:100::2/25412 
17:45:41.895955 SHUTDOWN flow>7300 srcPort>34785 dst>fd10:62:100::2/25100 
17:45:41.957658 OFF flow>7292 srcPort>37351 dst>fd10:62:100::2/25092 
17:45:42.045658 SHUTDOWN flow>7308 srcPort>40143 dst>fd10:62:100::2/25108 
17:45:42.129643 ON flow>7620 srcPort>35969 dst>fd10:62:100::2/25420 
17:45:42.155314 CONNECT flow>7620 srcPort>35969 dst>fd10:62:100::2/25420 
17:45:42.196762 SHUTDOWN flow>7316 srcPort>38293 dst>fd10:62:100::2/25116 
17:45:42.245937 SHUTDOWN flow>7324 srcPort>41119 dst>fd10:62:100::2/25124 
17:45:42.289302 ON flow>7628 srcPort>36379 dst>fd10:62:100::2/25428 
17:45:42.305286 CONNECT flow>7628 srcPort>36379 dst>fd10:62:100::2/25428 
17:45:42.347864 SHUTDOWN flow>7332 srcPort>43973 dst>fd10:62:100::2/25132 
17:45:42.411252 OFF flow>7324 srcPort>41119 dst>fd10:62:100::2/25124 
17:45:42.412834 SHUTDOWN flow>7348 srcPort>39199 dst>fd10:62:100::2/25148 
17:45:42.426156 ON flow>7636 srcPort>46455 dst>fd10:62:100::2/25436 
17:45:42.442171 CONNECT flow>7636 srcPort>46455 dst>fd10:62:100::2/25436 
17:45:42.467951 OFF flow>7308 srcPort>40143 dst>fd10:62:100::2/25108 
17:45:42.508836 SHUTDOWN flow>7356 srcPort>40707 dst>fd10:62:100::2/25156 
17:45:42.526759 SHUTDOWN flow>7340 srcPort>37221 dst>fd10:62:100::2/25140 
17:45:42.546284 ON flow>7644 srcPort>41261 dst>fd10:62:100::2/25444 
17:45:42.550521 OFF flow>7356 srcPort>40707 dst>fd10:62:100::2/25156 
17:45:42.579388 CONNECT flow>7644 srcPort>41261 dst>fd10:62:100::2/25444 
17:45:42.619481 ON flow>7652 srcPort>41143 dst>fd10:62:100::2/25452 
17:45:42.638604 OFF flow>7332 srcPort>43973 dst>fd10:62:100::2/25132 
17:45:42.646735 CONNECT flow>7652 srcPort>41143 dst>fd10:62:100::2/25452 
17:45:42.671656 SHUTDOWN flow>7364 srcPort>39753 dst>fd10:62:100::2/25164 
17:45:42.674345 ON flow>7660 srcPort>43659 dst>fd10:62:100::2/25460 
17:45:42.680347 SHUTDOWN flow>7372 srcPort>45707 dst>fd10:62:100::2/25172 
17:45:42.701183 CONNECT flow>7660 srcPort>43659 dst>fd10:62:100::2/25460 
17:45:42.728464 ON flow>7668 srcPort>43665 dst>fd10:62:100::2/25468 
17:45:42.752506 CONNECT flow>7668 srcPort>43665 dst>fd10:62:100::2/25468 
17:45:42.756304 OFF flow>7364 srcPort>39753 dst>fd10:62:100::2/25164 
17:45:42.785106 OFF flow>7316 srcPort>38293 dst>fd10:62:100::2/25116 
17:45:42.806829 ON flow>7676 srcPort>39295 dst>fd10:62:100::2/25476 
17:45:42.822925 CONNECT flow>7676 srcPort>39295 dst>fd10:62:100::2/25476 
17:45:42.868098 OFF flow>7340 srcPort>37221 dst>fd10:62:100::2/25140 
17:45:42.936557 OFF flow>7300 srcPort>34785 dst>fd10:62:100::2/25100 
17:45:42.999587 OFF flow>7372 srcPort>45707 dst>fd10:62:100::2/25172 
17:45:43.021815 ON flow>7684 srcPort>39055 dst>fd10:62:100::2/25484 
17:45:43.024222 SHUTDOWN flow>7380 srcPort>38571 dst>fd10:62:100::2/25180 
17:45:43.036561 OFF flow>7348 srcPort>39199 dst>fd10:62:100::2/25148 
17:45:43.047219 CONNECT flow>7684 srcPort>39055 dst>fd10:62:100::2/25484 
17:45:43.190550 ON flow>7692 srcPort>35163 dst>fd10:62:100::2/25492 
17:45:43.218256 CONNECT flow>7692 srcPort>35163 dst>fd10:62:100::2/25492 
17:45:43.402711 OFF flow>7380 srcPort>38571 dst>fd10:62:100::2/25180 
17:45:43.460164 SHUTDOWN flow>7388 srcPort>33737 dst>fd10:62:100::2/25188 
17:45:43.495229 ON flow>7700 srcPort>40443 dst>fd10:62:100::2/25500 
17:45:43.505515 SHUTDOWN flow>7396 srcPort>38705 dst>fd10:62:100::2/25196 
17:45:43.525781 CONNECT flow>7700 srcPort>40443 dst>fd10:62:100::2/25500 
17:45:43.600236 ON flow>7708 srcPort>37973 dst>fd10:62:100::2/25508 
17:45:43.623162 CONNECT flow>7708 srcPort>37973 dst>fd10:62:100::2/25508 
17:45:43.687393 OFF flow>7388 srcPort>33737 dst>fd10:62:100::2/25188 
17:45:43.718910 OFF flow>7396 srcPort>38705 dst>fd10:62:100::2/25196 
17:45:43.735827 ON flow>7716 srcPort>38073 dst>fd10:62:100::2/25516 
17:45:43.750426 CONNECT flow>7716 srcPort>38073 dst>fd10:62:100::2/25516 
17:45:43.960391 ON flow>7724 srcPort>43231 dst>fd10:62:100::2/25524 
17:45:43.973340 CONNECT flow>7724 srcPort>43231 dst>fd10:62:100::2/25524 
17:45:44.176143 SHUTDOWN flow>7412 srcPort>40633 dst>fd10:62:100::2/25212 
17:45:44.196761 ON flow>7732 srcPort>34407 dst>fd10:62:100::2/25532 
17:45:44.206479 SHUTDOWN flow>7404 srcPort>40163 dst>fd10:62:100::2/25204 
17:45:44.210057 CONNECT flow>7732 srcPort>34407 dst>fd10:62:100::2/25532 
17:45:44.317466 SHUTDOWN flow>7420 srcPort>32941 dst>fd10:62:100::2/25220 
17:45:44.436034 ON flow>7740 srcPort>40709 dst>fd10:62:100::2/25540 
17:45:44.461953 CONNECT flow>7740 srcPort>40709 dst>fd10:62:100::2/25540 
17:45:44.521170 SHUTDOWN flow>7428 srcPort>34577 dst>fd10:62:100::2/25228 
17:45:44.531187 SHUTDOWN flow>7436 srcPort>33999 dst>fd10:62:100::2/25236 
17:45:44.565411 ON flow>7748 srcPort>35353 dst>fd10:62:100::2/25548 
17:45:44.595957 CONNECT flow>7748 srcPort>35353 dst>fd10:62:100::2/25548 
17:45:44.601542 SHUTDOWN flow>7444 srcPort>36295 dst>fd10:62:100::2/25244 
17:45:44.646738 ON flow>7756 srcPort>46673 dst>fd10:62:100::2/25556 
17:45:44.667603 OFF flow>7444 srcPort>36295 dst>fd10:62:100::2/25244 
17:45:44.678816 CONNECT flow>7756 srcPort>46673 dst>fd10:62:100::2/25556 
17:45:44.691826 OFF flow>7436 srcPort>33999 dst>fd10:62:100::2/25236 
17:45:44.711333 ON flow>7764 srcPort>36843 dst>fd10:62:100::2/25564 
17:45:44.725971 CONNECT flow>7764 srcPort>36843 dst>fd10:62:100::2/25564 
17:45:44.759485 SHUTDOWN flow>7452 srcPort>37811 dst>fd10:62:100::2/25252 
17:45:44.771286 ON flow>7772 srcPort>44777 dst>fd10:62:100::2/25572 
17:45:44.777045 OFF flow>7420 srcPort>32941 dst>fd10:62:100::2/25220 
17:45:44.801291 CONNECT flow>7772 srcPort>44777 dst>fd10:62:100::2/25572 
17:45:44.836499 ON flow>7780 srcPort>45721 dst>fd10:62:100::2/25580 
17:45:44.854542 CONNECT flow>7780 srcPort>45721 dst>fd10:62:100::2/25580 
17:45:44.889775 SHUTDOWN flow>7460 srcPort>46815 dst>fd10:62:100::2/25260 
17:45:44.901838 OFF flow>7452 srcPort>37811 dst>fd10:62:100::2/25252 
17:45:44.935138 ON flow>7788 srcPort>38893 dst>fd10:62:100::2/25588 
17:45:44.938686 SHUTDOWN flow>7468 srcPort>43185 dst>fd10:62:100::2/25268 
17:45:44.954693 CONNECT flow>7788 srcPort>38893 dst>fd10:62:100::2/25588 
17:45:45.024694 ON flow>7796 srcPort>44075 dst>fd10:62:100::2/25596 
17:45:45.039911 CONNECT flow>7796 srcPort>44075 dst>fd10:62:100::2/25596 
17:45:45.056868 OFF flow>7404 srcPort>40163 dst>fd10:62:100::2/25204 
17:45:45.070334 OFF flow>7460 srcPort>46815 dst>fd10:62:100::2/25260 
17:45:45.082806 OFF flow>7428 srcPort>34577 dst>fd10:62:100::2/25228 
17:45:45.107045 SHUTDOWN flow>7484 srcPort>35459 dst>fd10:62:100::2/25284 
17:45:45.133433 ON flow>7804 srcPort>37799 dst>fd10:62:100::2/25604 
17:45:45.144215 SHUTDOWN flow>7476 srcPort>46339 dst>fd10:62:100::2/25276 
17:45:45.151051 CONNECT flow>7804 srcPort>37799 dst>fd10:62:100::2/25604 
17:45:45.200600 OFF flow>7412 srcPort>40633 dst>fd10:62:100::2/25212 
17:45:45.223164 SHUTDOWN flow>7500 srcPort>34531 dst>fd10:62:100::2/25300 
17:45:45.250941 OFF flow>7476 srcPort>46339 dst>fd10:62:100::2/25276 
17:45:45.257567 SHUTDOWN flow>7492 srcPort>35229 dst>fd10:62:100::2/25292 
17:45:45.267870 OFF flow>7468 srcPort>43185 dst>fd10:62:100::2/25268 
17:45:45.296597 OFF flow>7484 srcPort>35459 dst>fd10:62:100::2/25284 
17:45:45.326865 SHUTDOWN flow>7508 srcPort>45875 dst>fd10:62:100::2/25308 
17:45:45.354913 OFF flow>7500 srcPort>34531 dst>fd10:62:100::2/25300 
17:45:45.356757 SHUTDOWN flow>7516 srcPort>38459 dst>fd10:62:100::2/25316 
17:45:45.363665 ON flow>7812 srcPort>39979 dst>fd10:62:100::2/25612 
17:45:45.380279 CONNECT flow>7812 srcPort>39979 dst>fd10:62:100::2/25612 
17:45:45.412793 OFF flow>7516 srcPort>38459 dst>fd10:62:100::2/25316 
17:45:45.435097 SHUTDOWN flow>7524 srcPort>41869 dst>fd10:62:100::2/25324 
17:45:45.452950 OFF flow>7524 srcPort>41869 dst>fd10:62:100::2/25324 
17:45:45.462043 OFF flow>7508 srcPort>45875 dst>fd10:62:100::2/25308 
17:45:45.504659 SHUTDOWN flow>7532 srcPort>39889 dst>fd10:62:100::2/25332 
17:45:45.562951 OFF flow>7532 srcPort>39889 dst>fd10:62:100::2/25332 
17:45:45.604413 SHUTDOWN flow>7540 srcPort>36363 dst>fd10:62:100::2/25340 
17:45:45.673879 ON flow>7820 srcPort>34685 dst>fd10:62:100::2/25620 
17:45:45.690344 CONNECT flow>7820 srcPort>34685 dst>fd10:62:100::2/25620 
17:45:45.702526 OFF flow>7492 srcPort>35229 dst>fd10:62:100::2/25292 
17:45:45.720746 OFF flow>7540 srcPort>36363 dst>fd10:62:100::2/25340 
17:45:45.806596 ON flow>7828 srcPort>36877 dst>fd10:62:100::2/25628 
17:45:45.818237 SHUTDOWN flow>7548 srcPort>41595 dst>fd10:62:100::2/25348 
17:45:45.820898 CONNECT flow>7828 srcPort>36877 dst>fd10:62:100::2/25628 
17:45:45.856791 SHUTDOWN flow>7556 srcPort>35825 dst>fd10:62:100::2/25356 
17:45:45.934782 ON flow>7836 srcPort>34869 dst>fd10:62:100::2/25636 
17:45:45.953279 CONNECT flow>7836 srcPort>34869 dst>fd10:62:100::2/25636 
17:45:46.000666 SHUTDOWN flow>7564 srcPort>36643 dst>fd10:62:100::2/25364 
17:45:46.069572 OFF flow>7548 srcPort>41595 dst>fd10:62:100::2/25348 
17:45:46.107768 ON flow>7844 srcPort>34473 dst>fd10:62:100::2/25644 
17:45:46.124683 CONNECT flow>7844 srcPort>34473 dst>fd10:62:100::2/25644 
17:45:46.154041 SHUTDOWN flow>7572 srcPort>43903 dst>fd10:62:100::2/25372 
17:45:46.163491 OFF flow>7556 srcPort>35825 dst>fd10:62:100::2/25356 
17:45:46.274302 SHUTDOWN flow>7588 srcPort>37357 dst>fd10:62:100::2/25388 
17:45:46.290496 OFF flow>7564 srcPort>36643 dst>fd10:62:100::2/25364 
17:45:46.296625 OFF flow>7572 srcPort>43903 dst>fd10:62:100::2/25372 
17:45:46.340344 OFF flow>7588 srcPort>37357 dst>fd10:62:100::2/25388 
17:45:46.344741 SHUTDOWN flow>7596 srcPort>38371 dst>fd10:62:100::2/25396 
17:45:46.357773 OFF flow>7596 srcPort>38371 dst>fd10:62:100::2/25396 
17:45:46.400881 ON flow>7852 srcPort>39455 dst>fd10:62:100::2/25652 
17:45:46.413793 CONNECT flow>7852 srcPort>39455 dst>fd10:62:100::2/25652 
17:45:46.445129 SHUTDOWN flow>7604 srcPort>39539 dst>fd10:62:100::2/25404 
17:45:46.458979 SHUTDOWN flow>7580 srcPort>39277 dst>fd10:62:100::2/25380 
17:45:46.558806 OFF flow>7604 srcPort>39539 dst>fd10:62:100::2/25404 
17:45:46.585763 ON flow>7860 srcPort>46437 dst>fd10:62:100::2/25660 
17:45:46.599934 CONNECT flow>7860 srcPort>46437 dst>fd10:62:100::2/25660 
17:45:46.651637 SHUTDOWN flow>7612 srcPort>41559 dst>fd10:62:100::2/25412 
17:45:46.794161 ON flow>7868 srcPort>34365 dst>fd10:62:100::2/25668 
17:45:46.815012 CONNECT flow>7868 srcPort>34365 dst>fd10:62:100::2/25668 
17:45:46.815777 OFF flow>7612 srcPort>41559 dst>fd10:62:100::2/25412 
17:45:46.940867 ON flow>7876 srcPort>34635 dst>fd10:62:100::2/25676 
17:45:46.953831 CONNECT flow>7876 srcPort>34635 dst>fd10:62:100::2/25676 
17:45:46.989176 OFF flow>7580 srcPort>39277 dst>fd10:62:100::2/25380 
17:45:47.017300 SHUTDOWN flow>7620 srcPort>35969 dst>fd10:62:100::2/25420 
17:45:47.030907 ON flow>7884 srcPort>36955 dst>fd10:62:100::2/25684 
17:45:47.046515 CONNECT flow>7884 srcPort>36955 dst>fd10:62:100::2/25684 
17:45:47.098965 SHUTDOWN flow>7628 srcPort>36379 dst>fd10:62:100::2/25428 
17:45:47.150425 OFF flow>7620 srcPort>35969 dst>fd10:62:100::2/25420 
17:45:47.215983 ON flow>7892 srcPort>37641 dst>fd10:62:100::2/25692 
17:45:47.226001 SHUTDOWN flow>7636 srcPort>46455 dst>fd10:62:100::2/25436 
17:45:47.226774 OFF flow>7628 srcPort>36379 dst>fd10:62:100::2/25428 
17:45:47.241738 CONNECT flow>7892 srcPort>37641 dst>fd10:62:100::2/25692 
17:45:47.304635 OFF flow>7636 srcPort>46455 dst>fd10:62:100::2/25436 
17:45:47.343015 ON flow>7900 srcPort>37689 dst>fd10:62:100::2/25700 
17:45:47.346136 SHUTDOWN flow>7644 srcPort>41261 dst>fd10:62:100::2/25444 
17:45:47.358991 CONNECT flow>7900 srcPort>37689 dst>fd10:62:100::2/25700 
17:45:47.427237 SHUTDOWN flow>7652 srcPort>41143 dst>fd10:62:100::2/25452 
17:45:47.474245 SHUTDOWN flow>7660 srcPort>43659 dst>fd10:62:100::2/25460 
17:45:47.479194 ON flow>7908 srcPort>37085 dst>fd10:62:100::2/25708 
17:45:47.497565 CONNECT flow>7908 srcPort>37085 dst>fd10:62:100::2/25708 
17:45:47.548635 SHUTDOWN flow>7668 srcPort>43665 dst>fd10:62:100::2/25468 
17:45:47.556797 ON flow>7916 srcPort>41797 dst>fd10:62:100::2/25716 
17:45:47.573473 CONNECT flow>7916 srcPort>41797 dst>fd10:62:100::2/25716 
17:45:47.595618 OFF flow>7652 srcPort>41143 dst>fd10:62:100::2/25452 
17:45:47.606730 SHUTDOWN flow>7676 srcPort>39295 dst>fd10:62:100::2/25476 
17:45:47.616885 OFF flow>7644 srcPort>41261 dst>fd10:62:100::2/25444 
17:45:47.641360 ON flow>7924 srcPort>34521 dst>fd10:62:100::2/25724 
17:45:47.663017 CONNECT flow>7924 srcPort>34521 dst>fd10:62:100::2/25724 
17:45:47.693680 OFF flow>7660 srcPort>43659 dst>fd10:62:100::2/25460 
17:45:47.738878 OFF flow>7668 srcPort>43665 dst>fd10:62:100::2/25468 
17:45:47.740469 ON flow>7932 srcPort>34367 dst>fd10:62:100::2/25732 
17:45:47.743706 OFF flow>7676 srcPort>39295 dst>fd10:62:100::2/25476 
17:45:47.758595 CONNECT flow>7932 srcPort>34367 dst>fd10:62:100::2/25732 
17:45:47.834756 ON flow>7940 srcPort>42297 dst>fd10:62:100::2/25740 
17:45:47.849903 CONNECT flow>7940 srcPort>42297 dst>fd10:62:100::2/25740 
17:45:47.963264 ON flow>7948 srcPort>40303 dst>fd10:62:100::2/25748 
17:45:47.977343 CONNECT flow>7948 srcPort>40303 dst>fd10:62:100::2/25748 
17:45:47.982405 SHUTDOWN flow>7684 srcPort>39055 dst>fd10:62:100::2/25484 
17:45:48.021831 ON flow>7956 srcPort>38457 dst>fd10:62:100::2/25756 
17:45:48.040862 CONNECT flow>7956 srcPort>38457 dst>fd10:62:100::2/25756 
17:45:48.058957 SHUTDOWN flow>7692 srcPort>35163 dst>fd10:62:100::2/25492 
17:45:48.142686 ON flow>7964 srcPort>46167 dst>fd10:62:100::2/25764 
17:45:48.159336 CONNECT flow>7964 srcPort>46167 dst>fd10:62:100::2/25764 
17:45:48.242963 OFF flow>7692 srcPort>35163 dst>fd10:62:100::2/25492 
17:45:48.247289 ON flow>7972 srcPort>41111 dst>fd10:62:100::2/25772 
17:45:48.262115 CONNECT flow>7972 srcPort>41111 dst>fd10:62:100::2/25772 
17:45:48.369198 ON flow>7980 srcPort>45043 dst>fd10:62:100::2/25780 
17:45:48.386554 CONNECT flow>7980 srcPort>45043 dst>fd10:62:100::2/25780 
17:45:48.400065 SHUTDOWN flow>7708 srcPort>37973 dst>fd10:62:100::2/25508 
17:45:48.413631 SHUTDOWN flow>7700 srcPort>40443 dst>fd10:62:100::2/25500 
17:45:48.445978 OFF flow>7684 srcPort>39055 dst>fd10:62:100::2/25484 
17:45:48.457256 OFF flow>7708 srcPort>37973 dst>fd10:62:100::2/25508 
17:45:48.482275 ON flow>7988 srcPort>39323 dst>fd10:62:100::2/25788 
17:45:48.498716 CONNECT flow>7988 srcPort>39323 dst>fd10:62:100::2/25788 
17:45:48.535726 SHUTDOWN flow>7716 srcPort>38073 dst>fd10:62:100::2/25516 
17:45:48.599336 OFF flow>7700 srcPort>40443 dst>fd10:62:100::2/25500 
17:45:48.628790 ON flow>7996 srcPort>41529 dst>fd10:62:100::2/25796 
17:45:48.639653 CONNECT flow>7996 srcPort>41529 dst>fd10:62:100::2/25796 
17:45:48.725916 OFF flow>7716 srcPort>38073 dst>fd10:62:100::2/25516 
17:45:48.760150 SHUTDOWN flow>7724 srcPort>43231 dst>fd10:62:100::2/25524 
17:45:48.811843 ON flow>8004 srcPort>45861 dst>fd10:62:100::2/25804 
17:45:48.828882 CONNECT flow>8004 srcPort>45861 dst>fd10:62:100::2/25804 
17:45:48.953043 ON flow>8012 srcPort>43343 dst>fd10:62:100::2/25812 
17:45:48.971380 CONNECT flow>8012 srcPort>43343 dst>fd10:62:100::2/25812 
17:45:48.993473 OFF flow>7724 srcPort>43231 dst>fd10:62:100::2/25524 
17:45:49.094595 SHUTDOWN flow>7732 srcPort>34407 dst>fd10:62:100::2/25532 
17:45:49.098271 ON flow>8020 srcPort>35771 dst>fd10:62:100::2/25820 
17:45:49.115336 CONNECT flow>8020 srcPort>35771 dst>fd10:62:100::2/25820 
17:45:49.178409 ON flow>8028 srcPort>45757 dst>fd10:62:100::2/25828 
17:45:49.200145 CONNECT flow>8028 srcPort>45757 dst>fd10:62:100::2/25828 
17:45:49.235823 SHUTDOWN flow>7740 srcPort>40709 dst>fd10:62:100::2/25540 
17:45:49.316517 OFF flow>7732 srcPort>34407 dst>fd10:62:100::2/25532 
17:45:49.365227 SHUTDOWN flow>7748 srcPort>35353 dst>fd10:62:100::2/25548 
17:45:49.410186 OFF flow>7740 srcPort>40709 dst>fd10:62:100::2/25540 
17:45:49.415646 ON flow>8036 srcPort>36927 dst>fd10:62:100::2/25836 
17:45:49.511153 SHUTDOWN flow>7764 srcPort>36843 dst>fd10:62:100::2/25564 
17:45:49.512853 SHUTDOWN flow>7756 srcPort>46673 dst>fd10:62:100::2/25556 
17:45:49.559117 ON flow>8044 srcPort>39813 dst>fd10:62:100::2/25844 
17:45:49.559148 OFF flow>7764 srcPort>36843 dst>fd10:62:100::2/25564 
17:45:49.571146 SHUTDOWN flow>7772 srcPort>44777 dst>fd10:62:100::2/25572 
17:45:49.575640 CONNECT flow>8044 srcPort>39813 dst>fd10:62:100::2/25844 
17:45:49.614115 OFF flow>7756 srcPort>46673 dst>fd10:62:100::2/25556 
17:45:49.623332 OFF flow>7748 srcPort>35353 dst>fd10:62:100::2/25548 
17:45:49.646091 ON flow>8052 srcPort>42563 dst>fd10:62:100::2/25852 
17:45:49.661614 CONNECT flow>8052 srcPort>42563 dst>fd10:62:100::2/25852 
17:45:49.682641 SHUTDOWN flow>7780 srcPort>45721 dst>fd10:62:100::2/25580 
17:45:49.717078 OFF flow>7772 srcPort>44777 dst>fd10:62:100::2/25572 
17:45:49.735038 SHUTDOWN flow>7788 srcPort>38893 dst>fd10:62:100::2/25588 
17:45:49.774155 OFF flow>7788 srcPort>38893 dst>fd10:62:100::2/25588 
17:45:49.794824 OFF flow>7780 srcPort>45721 dst>fd10:62:100::2/25580 
17:45:49.814498 ON flow>8060 srcPort>39733 dst>fd10:62:100::2/25860 
17:45:49.824621 SHUTDOWN flow>7796 srcPort>44075 dst>fd10:62:100::2/25596 
17:45:49.830070 CONNECT flow>8060 srcPort>39733 dst>fd10:62:100::2/25860 
17:45:49.926795 ON flow>8068 srcPort>43361 dst>fd10:62:100::2/25868 
17:45:49.933129 SHUTDOWN flow>7804 srcPort>37799 dst>fd10:62:100::2/25604 
17:45:49.941285 CONNECT flow>8068 srcPort>43361 dst>fd10:62:100::2/25868 
17:45:49.968489 OFF flow>7804 srcPort>37799 dst>fd10:62:100::2/25604 
17:45:50.015688 OFF flow>7796 srcPort>44075 dst>fd10:62:100::2/25596 
17:45:50.050446 ON flow>8076 srcPort>41059 dst>fd10:62:100::2/25876 
17:45:50.067450 CONNECT flow>8076 srcPort>41059 dst>fd10:62:100::2/25876 
17:45:50.163333 SHUTDOWN flow>7812 srcPort>39979 dst>fd10:62:100::2/25612 
17:45:50.210587 ON flow>8084 srcPort>37495 dst>fd10:62:100::2/25884 
17:45:50.224207 CONNECT flow>8084 srcPort>37495 dst>fd10:62:100::2/25884 
17:45:50.310249 ON flow>8092 srcPort>43815 dst>fd10:62:100::2/25892 
17:45:50.324362 CONNECT flow>8092 srcPort>43815 dst>fd10:62:100::2/25892 
17:45:50.423674 ON flow>8100 srcPort>37309 dst>fd10:62:100::2/25900 
17:45:50.440039 CONNECT flow>8100 srcPort>37309 dst>fd10:62:100::2/25900 
17:45:50.452982 CONNECT flow>8036 srcPort>36927 dst>fd10:62:100::2/25836 
17:45:50.473736 SHUTDOWN flow>7820 srcPort>34685 dst>fd10:62:100::2/25620 
17:45:50.518276 ON flow>8108 srcPort>38829 dst>fd10:62:100::2/25908 
17:45:50.533430 CONNECT flow>8108 srcPort>38829 dst>fd10:62:100::2/25908 
17:45:50.558528 OFF flow>7812 srcPort>39979 dst>fd10:62:100::2/25612 
17:45:50.561771 OFF flow>7820 srcPort>34685 dst>fd10:62:100::2/25620 
17:45:50.606474 SHUTDOWN flow>7828 srcPort>36877 dst>fd10:62:100::2/25628 
17:45:50.653198 ON flow>8116 srcPort>42927 dst>fd10:62:100::2/25916 
17:45:50.668854 CONNECT flow>8116 srcPort>42927 dst>fd10:62:100::2/25916 
17:45:50.734646 SHUTDOWN flow>7836 srcPort>34869 dst>fd10:62:100::2/25636 
17:45:50.784325 OFF flow>7828 srcPort>36877 dst>fd10:62:100::2/25628 
17:45:50.822537 ON flow>8124 srcPort>44345 dst>fd10:62:100::2/25924 
17:45:50.840867 CONNECT flow>8124 srcPort>44345 dst>fd10:62:100::2/25924 
17:45:50.892386 OFF flow>7836 srcPort>34869 dst>fd10:62:100::2/25636 
17:45:50.907560 SHUTDOWN flow>7844 srcPort>34473 dst>fd10:62:100::2/25644 
17:45:50.931591 ON flow>8132 srcPort>34761 dst>fd10:62:100::2/25932 
17:45:50.947073 CONNECT flow>8132 srcPort>34761 dst>fd10:62:100::2/25932 
17:45:50.978829 OFF flow>7844 srcPort>34473 dst>fd10:62:100::2/25644 
17:45:51.059634 ON flow>8140 srcPort>40765 dst>fd10:62:100::2/25940 
17:45:51.075447 CONNECT flow>8140 srcPort>40765 dst>fd10:62:100::2/25940 
17:45:51.135291 ON flow>8148 srcPort>36411 dst>fd10:62:100::2/25948 
17:45:51.150976 CONNECT flow>8148 srcPort>36411 dst>fd10:62:100::2/25948 
17:45:51.200786 SHUTDOWN flow>7852 srcPort>39455 dst>fd10:62:100::2/25652 
17:45:51.217191 OFF flow>7852 srcPort>39455 dst>fd10:62:100::2/25652 
17:45:51.288573 ON flow>8156 srcPort>44423 dst>fd10:62:100::2/25956 
17:45:51.306656 CONNECT flow>8156 srcPort>44423 dst>fd10:62:100::2/25956 
17:45:51.385559 SHUTDOWN flow>7860 srcPort>46437 dst>fd10:62:100::2/25660 
17:45:51.386560 ON flow>8164 srcPort>40549 dst>fd10:62:100::2/25964 
17:45:51.404721 CONNECT flow>8164 srcPort>40549 dst>fd10:62:100::2/25964 
17:45:51.495928 OFF flow>7860 srcPort>46437 dst>fd10:62:100::2/25660 
17:45:51.593466 SHUTDOWN flow>7868 srcPort>34365 dst>fd10:62:100::2/25668 
17:45:51.614867 ON flow>8172 srcPort>38145 dst>fd10:62:100::2/25972 
17:45:51.616217 OFF flow>7868 srcPort>34365 dst>fd10:62:100::2/25668 
17:45:51.636428 CONNECT flow>8172 srcPort>38145 dst>fd10:62:100::2/25972 
17:45:51.737526 ON flow>8180 srcPort>34779 dst>fd10:62:100::2/25980 
17:45:51.757010 CONNECT flow>8180 srcPort>34779 dst>fd10:62:100::2/25980 
17:45:51.830683 SHUTDOWN flow>7884 srcPort>36955 dst>fd10:62:100::2/25684 
17:45:51.854933 SHUTDOWN flow>7876 srcPort>34635 dst>fd10:62:100::2/25676 
17:45:51.890434 ON flow>8188 srcPort>34001 dst>fd10:62:100::2/25988 
17:45:51.909794 CONNECT flow>8188 srcPort>34001 dst>fd10:62:100::2/25988 
17:45:52.056874 ON flow>8196 srcPort>41421 dst>fd10:62:100::2/25996 
17:45:52.068143 SHUTDOWN flow>7892 srcPort>37641 dst>fd10:62:100::2/25692 
17:45:52.077615 CONNECT flow>8196 srcPort>41421 dst>fd10:62:100::2/25996 
17:45:52.109073 OFF flow>7876 srcPort>34635 dst>fd10:62:100::2/25676 
17:45:52.142785 SHUTDOWN flow>7900 srcPort>37689 dst>fd10:62:100::2/25700 
17:45:52.217719 ON flow>8204 srcPort>33905 dst>fd10:62:100::2/26004 
17:45:52.223637 OFF flow>7892 srcPort>37641 dst>fd10:62:100::2/25692 
17:45:52.230109 OFF flow>7884 srcPort>36955 dst>fd10:62:100::2/25684 
17:45:52.237936 CONNECT flow>8204 srcPort>33905 dst>fd10:62:100::2/26004 
17:45:52.265449 OFF flow>7900 srcPort>37689 dst>fd10:62:100::2/25700 
17:45:52.279123 SHUTDOWN flow>7908 srcPort>37085 dst>fd10:62:100::2/25708 
17:45:52.299521 ON flow>8212 srcPort>36957 dst>fd10:62:100::2/26012 
17:45:52.319141 CONNECT flow>8212 srcPort>36957 dst>fd10:62:100::2/26012 
17:45:52.356692 SHUTDOWN flow>7916 srcPort>41797 dst>fd10:62:100::2/25716 
17:45:52.434734 ON flow>8220 srcPort>44571 dst>fd10:62:100::2/26020 
17:45:52.455211 CONNECT flow>8220 srcPort>44571 dst>fd10:62:100::2/26020 
17:45:52.499348 OFF flow>7916 srcPort>41797 dst>fd10:62:100::2/25716 
17:45:52.528254 SHUTDOWN flow>7924 srcPort>34521 dst>fd10:62:100::2/25724 
17:45:52.540276 SHUTDOWN flow>7932 srcPort>34367 dst>fd10:62:100::2/25732 
17:45:52.564840 OFF flow>7908 srcPort>37085 dst>fd10:62:100::2/25708 
17:45:52.567954 ON flow>8228 srcPort>45935 dst>fd10:62:100::2/26028 
17:45:52.585493 CONNECT flow>8228 srcPort>45935 dst>fd10:62:100::2/26028 
17:45:52.615130 OFF flow>7932 srcPort>34367 dst>fd10:62:100::2/25732 
17:45:52.634468 SHUTDOWN flow>7940 srcPort>42297 dst>fd10:62:100::2/25740 
17:45:52.642149 OFF flow>7924 srcPort>34521 dst>fd10:62:100::2/25724 
17:45:52.762758 SHUTDOWN flow>7948 srcPort>40303 dst>fd10:62:100::2/25748 
17:45:52.768122 ON flow>8236 srcPort>37139 dst>fd10:62:100::2/26036 
17:45:52.786336 CONNECT flow>8236 srcPort>37139 dst>fd10:62:100::2/26036 
17:45:52.821424 SHUTDOWN flow>7956 srcPort>38457 dst>fd10:62:100::2/25756 
17:45:52.882588 OFF flow>7940 srcPort>42297 dst>fd10:62:100::2/25740 
17:45:52.942465 SHUTDOWN flow>7964 srcPort>46167 dst>fd10:62:100::2/25764 
17:45:53.054844 OFF flow>7956 srcPort>38457 dst>fd10:62:100::2/25756 
17:45:53.086040 OFF flow>7948 srcPort>40303 dst>fd10:62:100::2/25748 
17:45:53.107606 SHUTDOWN flow>7972 srcPort>41111 dst>fd10:62:100::2/25772 
17:45:53.168971 SHUTDOWN flow>7980 srcPort>45043 dst>fd10:62:100::2/25780 
17:45:53.281697 SHUTDOWN flow>7988 srcPort>39323 dst>fd10:62:100::2/25788 
17:45:53.342171 OFF flow>7988 srcPort>39323 dst>fd10:62:100::2/25788 
17:45:53.395418 ON flow>8244 srcPort>38295 dst>fd10:62:100::2/26044 
17:45:53.409582 CONNECT flow>8244 srcPort>38295 dst>fd10:62:100::2/26044 
17:45:53.428554 SHUTDOWN flow>7996 srcPort>41529 dst>fd10:62:100::2/25796 
17:45:53.455881 OFF flow>7964 srcPort>46167 dst>fd10:62:100::2/25764 
17:45:53.503875 OFF flow>7980 srcPort>45043 dst>fd10:62:100::2/25780 
17:45:53.584678 ON flow>8252 srcPort>40991 dst>fd10:62:100::2/26052 
17:45:53.600415 CONNECT flow>8252 srcPort>40991 dst>fd10:62:100::2/26052 
17:45:53.611575 SHUTDOWN flow>8004 srcPort>45861 dst>fd10:62:100::2/25804 
17:45:53.782789 OFF flow>7972 srcPort>41111 dst>fd10:62:100::2/25772 
17:45:53.789334 ON flow>8260 srcPort>36161 dst>fd10:62:100::2/26060 
17:45:53.799877 SHUTDOWN flow>8012 srcPort>43343 dst>fd10:62:100::2/25812 
17:45:53.802802 CONNECT flow>8260 srcPort>36161 dst>fd10:62:100::2/26060 
17:45:53.822392 OFF flow>8004 srcPort>45861 dst>fd10:62:100::2/25804 
17:45:53.864516 OFF flow>7996 srcPort>41529 dst>fd10:62:100::2/25796 
17:45:53.876370 ON flow>8268 srcPort>46831 dst>fd10:62:100::2/26068 
17:45:53.892807 CONNECT flow>8268 srcPort>46831 dst>fd10:62:100::2/26068 
17:45:53.918427 SHUTDOWN flow>8020 srcPort>35771 dst>fd10:62:100::2/25820 
17:45:53.958207 ON flow>8276 srcPort>35257 dst>fd10:62:100::2/26076 
17:45:53.974280 CONNECT flow>8276 srcPort>35257 dst>fd10:62:100::2/26076 
17:45:53.978288 SHUTDOWN flow>8028 srcPort>45757 dst>fd10:62:100::2/25828 
17:45:54.013583 OFF flow>8012 srcPort>43343 dst>fd10:62:100::2/25812 
17:45:54.097800 OFF flow>8020 srcPort>35771 dst>fd10:62:100::2/25820 
17:45:54.181857 OFF flow>8028 srcPort>45757 dst>fd10:62:100::2/25828 
17:45:54.235010 ON flow>8284 srcPort>39951 dst>fd10:62:100::2/26084 
17:45:54.250268 CONNECT flow>8284 srcPort>39951 dst>fd10:62:100::2/26084 
17:45:54.414465 ON flow>8292 srcPort>39167 dst>fd10:62:100::2/26092 
17:45:54.431097 CONNECT flow>8292 srcPort>39167 dst>fd10:62:100::2/26092 
17:45:54.446039 SHUTDOWN flow>8052 srcPort>42563 dst>fd10:62:100::2/25852 
17:45:54.457813 SHUTDOWN flow>8044 srcPort>39813 dst>fd10:62:100::2/25844 
17:45:54.536135 ON flow>8300 srcPort>41427 dst>fd10:62:100::2/26100 
17:45:54.551052 CONNECT flow>8300 srcPort>41427 dst>fd10:62:100::2/26100 
17:45:54.614361 SHUTDOWN flow>8060 srcPort>39733 dst>fd10:62:100::2/25860 
17:45:54.687926 OFF flow>8052 srcPort>42563 dst>fd10:62:100::2/25852 
17:45:54.689876 OFF flow>8044 srcPort>39813 dst>fd10:62:100::2/25844 
17:45:54.726577 SHUTDOWN flow>8068 srcPort>43361 dst>fd10:62:100::2/25868 
17:45:54.767498 ON flow>8308 srcPort>39429 dst>fd10:62:100::2/26108 
17:45:54.785046 CONNECT flow>8308 srcPort>39429 dst>fd10:62:100::2/26108 
17:45:54.800731 OFF flow>8060 srcPort>39733 dst>fd10:62:100::2/25860 
17:45:54.850289 SHUTDOWN flow>8076 srcPort>41059 dst>fd10:62:100::2/25876 
17:45:55.010454 SHUTDOWN flow>8084 srcPort>37495 dst>fd10:62:100::2/25884 
17:45:55.034935 ON flow>8316 srcPort>41705 dst>fd10:62:100::2/26116 
17:45:55.051065 CONNECT flow>8316 srcPort>41705 dst>fd10:62:100::2/26116 
17:45:55.067246 OFF flow>8076 srcPort>41059 dst>fd10:62:100::2/25876 
17:45:55.070513 OFF flow>8068 srcPort>43361 dst>fd10:62:100::2/25868 
17:45:55.111037 OFF flow>8084 srcPort>37495 dst>fd10:62:100::2/25884 
17:45:55.199209 SHUTDOWN flow>8092 srcPort>43815 dst>fd10:62:100::2/25892 
17:45:55.223512 SHUTDOWN flow>8100 srcPort>37309 dst>fd10:62:100::2/25900 
17:45:55.273798 ON flow>8324 srcPort>46755 dst>fd10:62:100::2/26124 
17:45:55.290083 CONNECT flow>8324 srcPort>46755 dst>fd10:62:100::2/26124 
17:45:55.318040 SHUTDOWN flow>8108 srcPort>38829 dst>fd10:62:100::2/25908 
17:45:55.382012 OFF flow>8108 srcPort>38829 dst>fd10:62:100::2/25908 
17:45:55.412231 OFF flow>8092 srcPort>43815 dst>fd10:62:100::2/25892 
17:45:55.447166 OFF flow>8100 srcPort>37309 dst>fd10:62:100::2/25900 
17:45:55.452996 SHUTDOWN flow>8116 srcPort>42927 dst>fd10:62:100::2/25916 
17:45:55.469569 OFF flow>8116 srcPort>42927 dst>fd10:62:100::2/25916 
17:45:55.502682 ON flow>8332 srcPort>40287 dst>fd10:62:100::2/26132 
17:45:55.515784 CONNECT flow>8332 srcPort>40287 dst>fd10:62:100::2/26132 
17:45:55.696296 SHUTDOWN flow>8124 srcPort>44345 dst>fd10:62:100::2/25924 
17:45:55.722257 ON flow>8340 srcPort>44335 dst>fd10:62:100::2/26140 
17:45:55.731292 SHUTDOWN flow>8132 srcPort>34761 dst>fd10:62:100::2/25932 
17:45:55.740286 CONNECT flow>8340 srcPort>44335 dst>fd10:62:100::2/26140 
17:45:55.870195 ON flow>8348 srcPort>44767 dst>fd10:62:100::2/26148 
17:45:55.885370 CONNECT flow>8348 srcPort>44767 dst>fd10:62:100::2/26148 
17:45:55.916542 OFF flow>8124 srcPort>44345 dst>fd10:62:100::2/25924 
17:45:55.923959 SHUTDOWN flow>8140 srcPort>40765 dst>fd10:62:100::2/25940 
17:45:55.935019 SHUTDOWN flow>8148 srcPort>36411 dst>fd10:62:100::2/25948 
17:45:55.957636 ON flow>8356 srcPort>42013 dst>fd10:62:100::2/26156 
17:45:55.965724 OFF flow>8132 srcPort>34761 dst>fd10:62:100::2/25932 
17:45:55.974309 CONNECT flow>8356 srcPort>42013 dst>fd10:62:100::2/26156 
17:45:56.080388 OFF flow>8140 srcPort>40765 dst>fd10:62:100::2/25940 
17:45:56.088263 SHUTDOWN flow>8156 srcPort>44423 dst>fd10:62:100::2/25956 
17:45:56.171177 OFF flow>8148 srcPort>36411 dst>fd10:62:100::2/25948 
17:45:56.195212 SHUTDOWN flow>8164 srcPort>40549 dst>fd10:62:100::2/25964 
17:45:56.315715 OFF flow>8164 srcPort>40549 dst>fd10:62:100::2/25964 
17:45:56.323630 ON flow>8364 srcPort>41067 dst>fd10:62:100::2/26164 
17:45:56.337689 CONNECT flow>8364 srcPort>41067 dst>fd10:62:100::2/26164 
17:45:56.417610 OFF flow>8156 srcPort>44423 dst>fd10:62:100::2/25956 
17:45:56.446005 SHUTDOWN flow>8172 srcPort>38145 dst>fd10:62:100::2/25972 
17:45:56.490127 ON flow>8372 srcPort>33799 dst>fd10:62:100::2/26172 
17:45:56.505758 CONNECT flow>8372 srcPort>33799 dst>fd10:62:100::2/26172 
17:45:56.567167 SHUTDOWN flow>8180 srcPort>34779 dst>fd10:62:100::2/25980 
17:45:56.574525 ON flow>8380 srcPort>33551 dst>fd10:62:100::2/26180 
17:45:56.587629 CONNECT flow>8380 srcPort>33551 dst>fd10:62:100::2/26180 
17:45:56.608125 OFF flow>8172 srcPort>38145 dst>fd10:62:100::2/25972 
17:45:56.690074 SHUTDOWN flow>8188 srcPort>34001 dst>fd10:62:100::2/25988 
17:45:56.724212 OFF flow>8180 srcPort>34779 dst>fd10:62:100::2/25980 
17:45:56.856611 SHUTDOWN flow>8196 srcPort>41421 dst>fd10:62:100::2/25996 
17:45:56.860830 ON flow>8388 srcPort>34687 dst>fd10:62:100::2/26188 
17:45:56.872055 OFF flow>8188 srcPort>34001 dst>fd10:62:100::2/25988 
17:45:56.877594 CONNECT flow>8388 srcPort>34687 dst>fd10:62:100::2/26188 
17:45:56.915347 OFF flow>8196 srcPort>41421 dst>fd10:62:100::2/25996 
17:45:57.017767 SHUTDOWN flow>8204 srcPort>33905 dst>fd10:62:100::2/26004 
17:45:57.076471 ON flow>8396 srcPort>39531 dst>fd10:62:100::2/26196 
17:45:57.093575 CONNECT flow>8396 srcPort>39531 dst>fd10:62:100::2/26196 
17:45:57.099286 SHUTDOWN flow>8212 srcPort>36957 dst>fd10:62:100::2/26012 
17:45:57.167804 OFF flow>8204 srcPort>33905 dst>fd10:62:100::2/26004 
17:45:57.170323 OFF flow>8212 srcPort>36957 dst>fd10:62:100::2/26012 
17:45:57.234478 SHUTDOWN flow>8220 srcPort>44571 dst>fd10:62:100::2/26020 
17:45:57.311532 ON flow>8404 srcPort>34009 dst>fd10:62:100::2/26204 
17:45:57.325085 CONNECT flow>8404 srcPort>34009 dst>fd10:62:100::2/26204 
17:45:57.367711 SHUTDOWN flow>8228 srcPort>45935 dst>fd10:62:100::2/26028 
17:45:57.395868 OFF flow>8228 srcPort>45935 dst>fd10:62:100::2/26028 
17:45:57.509623 OFF flow>8220 srcPort>44571 dst>fd10:62:100::2/26020 
17:45:57.549738 ON flow>8412 srcPort>39853 dst>fd10:62:100::2/26212 
17:45:57.560993 CONNECT flow>8412 srcPort>39853 dst>fd10:62:100::2/26212 
17:45:57.567887 SHUTDOWN flow>8236 srcPort>37139 dst>fd10:62:100::2/26036 
17:45:57.594160 OFF flow>8236 srcPort>37139 dst>fd10:62:100::2/26036 
17:45:57.643157 ON flow>8420 srcPort>42717 dst>fd10:62:100::2/26220 
17:45:57.655968 CONNECT flow>8420 srcPort>42717 dst>fd10:62:100::2/26220 
17:45:57.715179 ON flow>8428 srcPort>43207 dst>fd10:62:100::2/26228 
17:45:57.728478 CONNECT flow>8428 srcPort>43207 dst>fd10:62:100::2/26228 
17:45:57.778277 ON flow>8436 srcPort>44259 dst>fd10:62:100::2/26236 
17:45:57.794357 CONNECT flow>8436 srcPort>44259 dst>fd10:62:100::2/26236 
17:45:57.871227 ON flow>8444 srcPort>37579 dst>fd10:62:100::2/26244 
17:45:57.886225 CONNECT flow>8444 srcPort>37579 dst>fd10:62:100::2/26244 
17:45:58.020990 ON flow>8452 srcPort>35797 dst>fd10:62:100::2/26252 
17:45:58.037818 CONNECT flow>8452 srcPort>35797 dst>fd10:62:100::2/26252 
17:45:58.194968 SHUTDOWN flow>8244 srcPort>38295 dst>fd10:62:100::2/26044 
17:45:58.220991 OFF flow>8244 srcPort>38295 dst>fd10:62:100::2/26044 
17:45:58.323461 ON flow>8460 srcPort>35813 dst>fd10:62:100::2/26260 
17:45:58.340967 CONNECT flow>8460 srcPort>35813 dst>fd10:62:100::2/26260 
17:45:58.384390 SHUTDOWN flow>8252 srcPort>40991 dst>fd10:62:100::2/26052 
17:45:58.408557 OFF flow>8252 srcPort>40991 dst>fd10:62:100::2/26052 
17:45:58.463519 ON flow>8468 srcPort>40897 dst>fd10:62:100::2/26268 
17:45:58.479183 CONNECT flow>8468 srcPort>40897 dst>fd10:62:100::2/26268 
17:45:58.560038 ON flow>8476 srcPort>37329 dst>fd10:62:100::2/26276 
17:45:58.575189 CONNECT flow>8476 srcPort>37329 dst>fd10:62:100::2/26276 
17:45:58.589192 SHUTDOWN flow>8260 srcPort>36161 dst>fd10:62:100::2/26060 
17:45:58.635301 ON flow>8484 srcPort>32843 dst>fd10:62:100::2/26284 
17:45:58.650777 CONNECT flow>8484 srcPort>32843 dst>fd10:62:100::2/26284 
17:45:58.676179 SHUTDOWN flow>8268 srcPort>46831 dst>fd10:62:100::2/26068 
17:45:58.693614 OFF flow>8268 srcPort>46831 dst>fd10:62:100::2/26068 
17:45:58.717007 ON flow>8492 srcPort>38935 dst>fd10:62:100::2/26292 
17:45:58.734467 CONNECT flow>8492 srcPort>38935 dst>fd10:62:100::2/26292 
17:45:58.757873 SHUTDOWN flow>8276 srcPort>35257 dst>fd10:62:100::2/26076 
17:45:58.811580 OFF flow>8276 srcPort>35257 dst>fd10:62:100::2/26076 
17:45:58.861688 ON flow>8500 srcPort>45645 dst>fd10:62:100::2/26300 
17:45:58.879979 CONNECT flow>8500 srcPort>45645 dst>fd10:62:100::2/26300 
17:45:58.886609 OFF flow>8260 srcPort>36161 dst>fd10:62:100::2/26060 
17:45:59.028855 ON flow>8508 srcPort>41565 dst>fd10:62:100::2/26308 
17:45:59.034836 SHUTDOWN flow>8284 srcPort>39951 dst>fd10:62:100::2/26084 
17:45:59.045744 CONNECT flow>8508 srcPort>41565 dst>fd10:62:100::2/26308 
17:45:59.161021 OFF flow>8284 srcPort>39951 dst>fd10:62:100::2/26084 
17:45:59.214423 SHUTDOWN flow>8292 srcPort>39167 dst>fd10:62:100::2/26092 
17:45:59.335968 SHUTDOWN flow>8300 srcPort>41427 dst>fd10:62:100::2/26100 
17:45:59.447458 ON flow>8516 srcPort>34161 dst>fd10:62:100::2/26316 
17:45:59.464904 CONNECT flow>8516 srcPort>34161 dst>fd10:62:100::2/26316 
17:45:59.477283 OFF flow>8300 srcPort>41427 dst>fd10:62:100::2/26100 
17:45:59.533931 ON flow>8524 srcPort>32769 dst>fd10:62:100::2/26324 
17:45:59.550886 CONNECT flow>8524 srcPort>32769 dst>fd10:62:100::2/26324 
17:45:59.551002 OFF flow>8292 srcPort>39167 dst>fd10:62:100::2/26092 
17:45:59.589614 SHUTDOWN flow>8308 srcPort>39429 dst>fd10:62:100::2/26108 
17:45:59.658407 OFF flow>8308 srcPort>39429 dst>fd10:62:100::2/26108 
17:45:59.692758 ON flow>8532 srcPort>34955 dst>fd10:62:100::2/26332 
17:45:59.708343 CONNECT flow>8532 srcPort>34955 dst>fd10:62:100::2/26332 
17:45:59.834701 SHUTDOWN flow>8316 srcPort>41705 dst>fd10:62:100::2/26116 
17:45:59.975217 ON flow>8540 srcPort>35441 dst>fd10:62:100::2/26340 
17:45:59.997607 CONNECT flow>8540 srcPort>35441 dst>fd10:62:100::2/26340 
17:46:00.037440 OFF flow>8316 srcPort>41705 dst>fd10:62:100::2/26116 
17:46:00.073016 SHUTDOWN flow>8324 srcPort>46755 dst>fd10:62:100::2/26124 
17:46:00.118467 ON flow>8548 srcPort>43849 dst>fd10:62:100::2/26348 
17:46:00.129149 OFF flow>8324 srcPort>46755 dst>fd10:62:100::2/26124 
17:46:00.138821 CONNECT flow>8548 srcPort>43849 dst>fd10:62:100::2/26348 
17:46:00.187294 ON flow>8556 srcPort>45607 dst>fd10:62:100::2/26356 
17:46:00.208046 CONNECT flow>8556 srcPort>45607 dst>fd10:62:100::2/26356 
17:46:00.286939 ON flow>8564 srcPort>36387 dst>fd10:62:100::2/26364 
17:46:00.302673 SHUTDOWN flow>8332 srcPort>40287 dst>fd10:62:100::2/26132 
17:46:00.304270 CONNECT flow>8564 srcPort>36387 dst>fd10:62:100::2/26364 
17:46:00.363024 OFF flow>8332 srcPort>40287 dst>fd10:62:100::2/26132 
17:46:00.407598 ON flow>8572 srcPort>36765 dst>fd10:62:100::2/26372 
17:46:00.428551 CONNECT flow>8572 srcPort>36765 dst>fd10:62:100::2/26372 
17:46:00.521701 SHUTDOWN flow>8340 srcPort>44335 dst>fd10:62:100::2/26140 
17:46:00.544249 OFF flow>8340 srcPort>44335 dst>fd10:62:100::2/26140 
17:46:00.561897 ON flow>8580 srcPort>42915 dst>fd10:62:100::2/26380 
17:46:00.582602 CONNECT flow>8580 srcPort>42915 dst>fd10:62:100::2/26380 
17:46:00.659529 ON flow>8588 srcPort>45023 dst>fd10:62:100::2/26388 
17:46:00.670138 SHUTDOWN flow>8348 srcPort>44767 dst>fd10:62:100::2/26148 
17:46:00.678021 CONNECT flow>8588 srcPort>45023 dst>fd10:62:100::2/26388 
17:46:00.764852 OFF flow>8348 srcPort>44767 dst>fd10:62:100::2/26148 
17:46:00.927047 ON flow>8596 srcPort>37675 dst>fd10:62:100::2/26396 
17:46:00.946095 CONNECT flow>8596 srcPort>37675 dst>fd10:62:100::2/26396 
17:46:01.019272 SHUTDOWN flow>8356 srcPort>42013 dst>fd10:62:100::2/26156 
17:46:01.123398 SHUTDOWN flow>8364 srcPort>41067 dst>fd10:62:100::2/26164 
17:46:01.168425 ON flow>8604 srcPort>38471 dst>fd10:62:100::2/26404 
17:46:01.186188 CONNECT flow>8604 srcPort>38471 dst>fd10:62:100::2/26404 
17:46:01.291346 OFF flow>8364 srcPort>41067 dst>fd10:62:100::2/26164 
17:46:01.318721 OFF flow>8356 srcPort>42013 dst>fd10:62:100::2/26156 
17:46:01.372165 ON flow>8612 srcPort>40383 dst>fd10:62:100::2/26412 
17:46:01.375562 SHUTDOWN flow>8372 srcPort>33799 dst>fd10:62:100::2/26172 
17:46:01.388502 CONNECT flow>8612 srcPort>40383 dst>fd10:62:100::2/26412 
17:46:01.393248 SHUTDOWN flow>8380 srcPort>33551 dst>fd10:62:100::2/26180 
17:46:01.457041 ON flow>8620 srcPort>39509 dst>fd10:62:100::2/26420 
17:46:01.473528 CONNECT flow>8620 srcPort>39509 dst>fd10:62:100::2/26420 
17:46:01.570696 OFF flow>8372 srcPort>33799 dst>fd10:62:100::2/26172 
17:46:01.581137 OFF flow>8380 srcPort>33551 dst>fd10:62:100::2/26180 
17:46:01.587890 ON flow>8628 srcPort>39191 dst>fd10:62:100::2/26428 
17:46:01.607246 CONNECT flow>8628 srcPort>39191 dst>fd10:62:100::2/26428 
17:46:01.636318 ON flow>8636 srcPort>41513 dst>fd10:62:100::2/26436 
17:46:01.649046 CONNECT flow>8636 srcPort>41513 dst>fd10:62:100::2/26436 
17:46:01.660895 SHUTDOWN flow>8388 srcPort>34687 dst>fd10:62:100::2/26188 
17:46:01.697267 ON flow>8644 srcPort>41027 dst>fd10:62:100::2/26444 
17:46:01.723754 CONNECT flow>8644 srcPort>41027 dst>fd10:62:100::2/26444 
17:46:01.732738 ON flow>8652 srcPort>45281 dst>fd10:62:100::2/26452 
17:46:01.752391 CONNECT flow>8652 srcPort>45281 dst>fd10:62:100::2/26452 
17:46:01.768589 ON flow>8660 srcPort>39299 dst>fd10:62:100::2/26460 
17:46:01.781898 CONNECT flow>8660 srcPort>39299 dst>fd10:62:100::2/26460 
17:46:01.785573 OFF flow>8388 srcPort>34687 dst>fd10:62:100::2/26188 
17:46:01.827739 ON flow>8668 srcPort>44005 dst>fd10:62:100::2/26468 
17:46:01.852233 CONNECT flow>8668 srcPort>44005 dst>fd10:62:100::2/26468 
17:46:01.876105 SHUTDOWN flow>8396 srcPort>39531 dst>fd10:62:100::2/26196 
17:46:01.908037 ON flow>8676 srcPort>38481 dst>fd10:62:100::2/26476 
17:46:01.927473 CONNECT flow>8676 srcPort>38481 dst>fd10:62:100::2/26476 
17:46:01.949048 ON flow>8684 srcPort>43555 dst>fd10:62:100::2/26484 
17:46:01.966693 CONNECT flow>8684 srcPort>43555 dst>fd10:62:100::2/26484 
17:46:01.984896 OFF flow>8396 srcPort>39531 dst>fd10:62:100::2/26196 
17:46:02.018837 ON flow>8692 srcPort>36591 dst>fd10:62:100::2/26492 
17:46:02.040750 CONNECT flow>8692 srcPort>36591 dst>fd10:62:100::2/26492 
17:46:02.115116 ON flow>8700 srcPort>45003 dst>fd10:62:100::2/26500 
17:46:02.116773 SHUTDOWN flow>8404 srcPort>34009 dst>fd10:62:100::2/26204 
17:46:02.134832 CONNECT flow>8700 srcPort>45003 dst>fd10:62:100::2/26500 
17:46:02.263729 OFF flow>8404 srcPort>34009 dst>fd10:62:100::2/26204 
17:46:02.292060 ON flow>8708 srcPort>34199 dst>fd10:62:100::2/26508 
17:46:02.310213 CONNECT flow>8708 srcPort>34199 dst>fd10:62:100::2/26508 
17:46:02.384366 SHUTDOWN flow>8412 srcPort>39853 dst>fd10:62:100::2/26212 
17:46:02.476107 SHUTDOWN flow>8420 srcPort>42717 dst>fd10:62:100::2/26220 
17:46:02.485459 ON flow>8716 srcPort>34775 dst>fd10:62:100::2/26516 
17:46:02.504514 CONNECT flow>8716 srcPort>34775 dst>fd10:62:100::2/26516 
17:46:02.578353 SHUTDOWN flow>8436 srcPort>44259 dst>fd10:62:100::2/26236 
17:46:02.608621 SHUTDOWN flow>8428 srcPort>43207 dst>fd10:62:100::2/26228 
17:46:02.656508 OFF flow>8412 srcPort>39853 dst>fd10:62:100::2/26212 
17:46:02.665872 OFF flow>8420 srcPort>42717 dst>fd10:62:100::2/26220 
17:46:02.808726 SHUTDOWN flow>8444 srcPort>37579 dst>fd10:62:100::2/26244 
17:46:02.853779 OFF flow>8428 srcPort>43207 dst>fd10:62:100::2/26228 
17:46:02.881419 SHUTDOWN flow>8452 srcPort>35797 dst>fd10:62:100::2/26252 
17:46:02.888719 ON flow>8724 srcPort>44267 dst>fd10:62:100::2/26524 
17:46:02.905111 CONNECT flow>8724 srcPort>44267 dst>fd10:62:100::2/26524 
17:46:02.967649 ON flow>8732 srcPort>38265 dst>fd10:62:100::2/26532 
17:46:02.985023 CONNECT flow>8732 srcPort>38265 dst>fd10:62:100::2/26532 
17:46:02.995989 OFF flow>8436 srcPort>44259 dst>fd10:62:100::2/26236 
17:46:03.071500 ON flow>8740 srcPort>38475 dst>fd10:62:100::2/26540 
17:46:03.088369 CONNECT flow>8740 srcPort>38475 dst>fd10:62:100::2/26540 
17:46:03.089429 OFF flow>8452 srcPort>35797 dst>fd10:62:100::2/26252 
17:46:03.131666 OFF flow>8444 srcPort>37579 dst>fd10:62:100::2/26244 
17:46:03.225577 ON flow>8748 srcPort>35737 dst>fd10:62:100::2/26548 
17:46:03.242632 CONNECT flow>8748 srcPort>35737 dst>fd10:62:100::2/26548 
17:46:03.292431 ON flow>8756 srcPort>34555 dst>fd10:62:100::2/26556 
17:46:03.312470 CONNECT flow>8756 srcPort>34555 dst>fd10:62:100::2/26556 
17:46:03.333125 SHUTDOWN flow>8460 srcPort>35813 dst>fd10:62:100::2/26260 
17:46:03.357681 ON flow>8764 srcPort>41533 dst>fd10:62:100::2/26564 
17:46:03.359771 SHUTDOWN flow>8476 srcPort>37329 dst>fd10:62:100::2/26276 
17:46:03.377872 CONNECT flow>8764 srcPort>41533 dst>fd10:62:100::2/26564 
17:46:03.378109 SHUTDOWN flow>8468 srcPort>40897 dst>fd10:62:100::2/26268 
17:46:03.459565 ON flow>8772 srcPort>43197 dst>fd10:62:100::2/26572 
17:46:03.476201 CONNECT flow>8772 srcPort>43197 dst>fd10:62:100::2/26572 
17:46:03.517943 SHUTDOWN flow>8492 srcPort>38935 dst>fd10:62:100::2/26292 
17:46:03.524430 OFF flow>8476 srcPort>37329 dst>fd10:62:100::2/26276 
17:46:03.551469 ON flow>8780 srcPort>37377 dst>fd10:62:100::2/26580 
17:46:03.570521 CONNECT flow>8780 srcPort>37377 dst>fd10:62:100::2/26580 
17:46:03.584766 SHUTDOWN flow>8484 srcPort>32843 dst>fd10:62:100::2/26284 
17:46:03.621664 OFF flow>8468 srcPort>40897 dst>fd10:62:100::2/26268 
17:46:03.633364 ON flow>8788 srcPort>43851 dst>fd10:62:100::2/26588 
17:46:03.651185 CONNECT flow>8788 srcPort>43851 dst>fd10:62:100::2/26588 
17:46:03.727861 OFF flow>8460 srcPort>35813 dst>fd10:62:100::2/26260 
17:46:03.759143 SHUTDOWN flow>8500 srcPort>45645 dst>fd10:62:100::2/26300 
17:46:03.821269 ON flow>8796 srcPort>37215 dst>fd10:62:100::2/26596 
17:46:03.828682 SHUTDOWN flow>8508 srcPort>41565 dst>fd10:62:100::2/26308 
17:46:03.837303 CONNECT flow>8796 srcPort>37215 dst>fd10:62:100::2/26596 
17:46:03.926970 ON flow>8804 srcPort>40675 dst>fd10:62:100::2/26604 
17:46:03.944224 CONNECT flow>8804 srcPort>40675 dst>fd10:62:100::2/26604 
17:46:03.964990 OFF flow>8500 srcPort>45645 dst>fd10:62:100::2/26300 
17:46:03.975594 ON flow>8812 srcPort>43385 dst>fd10:62:100::2/26612 
17:46:03.993754 CONNECT flow>8812 srcPort>43385 dst>fd10:62:100::2/26612 
17:46:04.007544 OFF flow>8492 srcPort>38935 dst>fd10:62:100::2/26292 
17:46:04.020329 ON flow>8820 srcPort>33157 dst>fd10:62:100::2/26620 
17:46:04.037682 OFF flow>8508 srcPort>41565 dst>fd10:62:100::2/26308 
17:46:04.043755 CONNECT flow>8820 srcPort>33157 dst>fd10:62:100::2/26620 
17:46:04.102507 ON flow>8828 srcPort>39203 dst>fd10:62:100::2/26628 
17:46:04.122593 CONNECT flow>8828 srcPort>39203 dst>fd10:62:100::2/26628 
17:46:04.161883 ON flow>8836 srcPort>35557 dst>fd10:62:100::2/26636 
17:46:04.178673 CONNECT flow>8836 srcPort>35557 dst>fd10:62:100::2/26636 
17:46:04.263247 ON flow>8844 srcPort>45119 dst>fd10:62:100::2/26644 
17:46:04.269601 SHUTDOWN flow>8516 srcPort>34161 dst>fd10:62:100::2/26316 
17:46:04.279271 CONNECT flow>8844 srcPort>45119 dst>fd10:62:100::2/26644 
17:46:04.282508 OFF flow>8484 srcPort>32843 dst>fd10:62:100::2/26284 
17:46:04.323751 ON flow>8852 srcPort>42081 dst>fd10:62:100::2/26652 
17:46:04.333718 SHUTDOWN flow>8524 srcPort>32769 dst>fd10:62:100::2/26324 
17:46:04.340891 CONNECT flow>8852 srcPort>42081 dst>fd10:62:100::2/26652 
17:46:04.473460 ON flow>8860 srcPort>44809 dst>fd10:62:100::2/26660 
17:46:04.489252 CONNECT flow>8860 srcPort>44809 dst>fd10:62:100::2/26660 
17:46:04.492597 SHUTDOWN flow>8532 srcPort>34955 dst>fd10:62:100::2/26332 
17:46:04.626870 ON flow>8868 srcPort>43037 dst>fd10:62:100::2/26668 
17:46:04.633156 OFF flow>8516 srcPort>34161 dst>fd10:62:100::2/26316 
17:46:04.647717 CONNECT flow>8868 srcPort>43037 dst>fd10:62:100::2/26668 
17:46:04.659740 OFF flow>8524 srcPort>32769 dst>fd10:62:100::2/26324 
17:46:04.806784 ON flow>8876 srcPort>37611 dst>fd10:62:100::2/26676 
17:46:04.808981 OFF flow>8532 srcPort>34955 dst>fd10:62:100::2/26332 
17:46:04.824828 CONNECT flow>8876 srcPort>37611 dst>fd10:62:100::2/26676 
17:46:04.903666 ON flow>8884 srcPort>43787 dst>fd10:62:100::2/26684 
17:46:04.918212 SHUTDOWN flow>8548 srcPort>43849 dst>fd10:62:100::2/26348 
17:46:04.919402 CONNECT flow>8884 srcPort>43787 dst>fd10:62:100::2/26684 
17:46:04.983966 SHUTDOWN flow>8540 srcPort>35441 dst>fd10:62:100::2/26340 
17:46:05.028231 OFF flow>8548 srcPort>43849 dst>fd10:62:100::2/26348 
17:46:05.092062 ON flow>8892 srcPort>37815 dst>fd10:62:100::2/26692 
17:46:05.110898 CONNECT flow>8892 srcPort>37815 dst>fd10:62:100::2/26692 
17:46:05.191714 SHUTDOWN flow>8564 srcPort>36387 dst>fd10:62:100::2/26364 
17:46:05.203342 OFF flow>8540 srcPort>35441 dst>fd10:62:100::2/26340 
17:46:05.230137 SHUTDOWN flow>8556 srcPort>45607 dst>fd10:62:100::2/26356 
17:46:05.249801 SHUTDOWN flow>8572 srcPort>36765 dst>fd10:62:100::2/26372 
17:46:05.272167 ON flow>8900 srcPort>43867 dst>fd10:62:100::2/26700 
17:46:05.286091 CONNECT flow>8900 srcPort>43867 dst>fd10:62:100::2/26700 
17:46:05.372893 SHUTDOWN flow>8580 srcPort>42915 dst>fd10:62:100::2/26380 
17:46:05.373681 ON flow>8908 srcPort>38129 dst>fd10:62:100::2/26708 
17:46:05.396698 CONNECT flow>8908 srcPort>38129 dst>fd10:62:100::2/26708 
17:46:05.439537 OFF flow>8564 srcPort>36387 dst>fd10:62:100::2/26364 
17:46:05.459307 SHUTDOWN flow>8588 srcPort>45023 dst>fd10:62:100::2/26388 
17:46:05.499195 OFF flow>8572 srcPort>36765 dst>fd10:62:100::2/26372 
17:46:05.506655 OFF flow>8556 srcPort>45607 dst>fd10:62:100::2/26356 
17:46:05.547533 OFF flow>8580 srcPort>42915 dst>fd10:62:100::2/26380 
17:46:05.566353 OFF flow>8588 srcPort>45023 dst>fd10:62:100::2/26388 
17:46:05.589805 ON flow>8916 srcPort>33287 dst>fd10:62:100::2/26716 
17:46:05.602098 CONNECT flow>8916 srcPort>33287 dst>fd10:62:100::2/26716 
17:46:05.728065 ON flow>8924 srcPort>38561 dst>fd10:62:100::2/26724 
17:46:05.744831 CONNECT flow>8924 srcPort>38561 dst>fd10:62:100::2/26724 
17:46:05.843012 SHUTDOWN flow>8596 srcPort>37675 dst>fd10:62:100::2/26396 
17:46:05.968296 SHUTDOWN flow>8604 srcPort>38471 dst>fd10:62:100::2/26404 
17:46:05.982712 ON flow>8932 srcPort>34959 dst>fd10:62:100::2/26732 
17:46:05.995518 CONNECT flow>8932 srcPort>34959 dst>fd10:62:100::2/26732 
17:46:06.011289 OFF flow>8596 srcPort>37675 dst>fd10:62:100::2/26396 
17:46:06.171900 SHUTDOWN flow>8612 srcPort>40383 dst>fd10:62:100::2/26412 
17:46:06.201273 OFF flow>8604 srcPort>38471 dst>fd10:62:100::2/26404 
17:46:06.224171 ON flow>8940 srcPort>35099 dst>fd10:62:100::2/26740 
17:46:06.247165 CONNECT flow>8940 srcPort>35099 dst>fd10:62:100::2/26740 
17:46:06.256752 SHUTDOWN flow>8620 srcPort>39509 dst>fd10:62:100::2/26420 
17:46:06.376455 OFF flow>8612 srcPort>40383 dst>fd10:62:100::2/26412 
17:46:06.387792 ON flow>8948 srcPort>33755 dst>fd10:62:100::2/26748 
17:46:06.387814 SHUTDOWN flow>8628 srcPort>39191 dst>fd10:62:100::2/26428 
17:46:06.412042 CONNECT flow>8948 srcPort>33755 dst>fd10:62:100::2/26748 
17:46:06.436096 SHUTDOWN flow>8636 srcPort>41513 dst>fd10:62:100::2/26436 
17:46:06.497136 SHUTDOWN flow>8644 srcPort>41027 dst>fd10:62:100::2/26444 
17:46:06.532596 SHUTDOWN flow>8652 srcPort>45281 dst>fd10:62:100::2/26452 
17:46:06.565051 ON flow>8956 srcPort>34971 dst>fd10:62:100::2/26756 
17:46:06.568126 OFF flow>8644 srcPort>41027 dst>fd10:62:100::2/26444 
17:46:06.568491 SHUTDOWN flow>8660 srcPort>39299 dst>fd10:62:100::2/26460 
17:46:06.580833 CONNECT flow>8956 srcPort>34971 dst>fd10:62:100::2/26756 
17:46:06.614239 OFF flow>8620 srcPort>39509 dst>fd10:62:100::2/26420 
17:46:06.627511 SHUTDOWN flow>8668 srcPort>44005 dst>fd10:62:100::2/26468 
17:46:06.629509 OFF flow>8660 srcPort>39299 dst>fd10:62:100::2/26460 
17:46:06.687723 OFF flow>8636 srcPort>41513 dst>fd10:62:100::2/26436 
17:46:06.707891 SHUTDOWN flow>8676 srcPort>38481 dst>fd10:62:100::2/26476 
17:46:06.726013 OFF flow>8676 srcPort>38481 dst>fd10:62:100::2/26476 
17:46:06.730297 ON flow>8964 srcPort>34647 dst>fd10:62:100::2/26764 
17:46:06.737574 OFF flow>8668 srcPort>44005 dst>fd10:62:100::2/26468 
17:46:06.745051 CONNECT flow>8964 srcPort>34647 dst>fd10:62:100::2/26764 
17:46:06.748903 SHUTDOWN flow>8684 srcPort>43555 dst>fd10:62:100::2/26484 
17:46:06.757175 OFF flow>8652 srcPort>45281 dst>fd10:62:100::2/26452 
17:46:06.818711 SHUTDOWN flow>8692 srcPort>36591 dst>fd10:62:100::2/26492 
17:46:06.834152 OFF flow>8692 srcPort>36591 dst>fd10:62:100::2/26492 
17:46:06.836460 ON flow>8972 srcPort>40857 dst>fd10:62:100::2/26772 
17:46:06.841167 OFF flow>8684 srcPort>43555 dst>fd10:62:100::2/26484 
17:46:06.856158 CONNECT flow>8972 srcPort>40857 dst>fd10:62:100::2/26772 
17:46:06.914808 SHUTDOWN flow>8700 srcPort>45003 dst>fd10:62:100::2/26500 
17:46:07.001436 OFF flow>8628 srcPort>39191 dst>fd10:62:100::2/26428 
17:46:07.006369 OFF flow>8700 srcPort>45003 dst>fd10:62:100::2/26500 
17:46:07.050195 ON flow>8980 srcPort>33557 dst>fd10:62:100::2/26780 
17:46:07.066055 CONNECT flow>8980 srcPort>33557 dst>fd10:62:100::2/26780 
17:46:07.091808 SHUTDOWN flow>8708 srcPort>34199 dst>fd10:62:100::2/26508 
17:46:07.260756 OFF flow>8708 srcPort>34199 dst>fd10:62:100::2/26508 
17:46:07.261481 ON flow>8988 srcPort>37405 dst>fd10:62:100::2/26788 
17:46:07.278223 CONNECT flow>8988 srcPort>37405 dst>fd10:62:100::2/26788 
17:46:07.285317 SHUTDOWN flow>8716 srcPort>34775 dst>fd10:62:100::2/26516 
17:46:07.326768 OFF flow>8716 srcPort>34775 dst>fd10:62:100::2/26516 
17:46:07.494503 ON flow>8996 srcPort>41341 dst>fd10:62:100::2/26796 
17:46:07.507154 CONNECT flow>8996 srcPort>41341 dst>fd10:62:100::2/26796 
17:46:07.566200 ON flow>9004 srcPort>38649 dst>fd10:62:100::2/26804 
17:46:07.578538 CONNECT flow>9004 srcPort>38649 dst>fd10:62:100::2/26804 
17:46:07.688464 SHUTDOWN flow>8724 srcPort>44267 dst>fd10:62:100::2/26524 
17:46:07.750999 ON flow>9012 srcPort>43919 dst>fd10:62:100::2/26812 
17:46:07.767383 SHUTDOWN flow>8732 srcPort>38265 dst>fd10:62:100::2/26532 
17:46:07.774418 CONNECT flow>9012 srcPort>43919 dst>fd10:62:100::2/26812 
17:46:07.831388 OFF flow>8724 srcPort>44267 dst>fd10:62:100::2/26524 
17:46:07.871187 SHUTDOWN flow>8740 srcPort>38475 dst>fd10:62:100::2/26540 
17:46:07.877424 ON flow>9020 srcPort>40071 dst>fd10:62:100::2/26820 
17:46:07.884711 OFF flow>8732 srcPort>38265 dst>fd10:62:100::2/26532 
17:46:07.890981 CONNECT flow>9020 srcPort>40071 dst>fd10:62:100::2/26820 
17:46:07.929852 OFF flow>8740 srcPort>38475 dst>fd10:62:100::2/26540 
17:46:07.974257 ON flow>9028 srcPort>34987 dst>fd10:62:100::2/26828 
17:46:07.990074 CONNECT flow>9028 srcPort>34987 dst>fd10:62:100::2/26828 
17:46:08.025429 SHUTDOWN flow>8748 srcPort>35737 dst>fd10:62:100::2/26548 
17:46:08.092299 SHUTDOWN flow>8756 srcPort>34555 dst>fd10:62:100::2/26556 
17:46:08.151748 OFF flow>8748 srcPort>35737 dst>fd10:62:100::2/26548 
17:46:08.157189 SHUTDOWN flow>8764 srcPort>41533 dst>fd10:62:100::2/26564 
17:46:08.180556 OFF flow>8764 srcPort>41533 dst>fd10:62:100::2/26564 
17:46:08.189750 OFF flow>8756 srcPort>34555 dst>fd10:62:100::2/26556 
17:46:08.190197 ON flow>9036 srcPort>45873 dst>fd10:62:100::2/26836 
17:46:08.205911 CONNECT flow>9036 srcPort>45873 dst>fd10:62:100::2/26836 
17:46:08.259319 SHUTDOWN flow>8772 srcPort>43197 dst>fd10:62:100::2/26572 
17:46:08.310727 ON flow>9044 srcPort>42113 dst>fd10:62:100::2/26844 
17:46:08.328495 CONNECT flow>9044 srcPort>42113 dst>fd10:62:100::2/26844 
17:46:08.351117 SHUTDOWN flow>8780 srcPort>37377 dst>fd10:62:100::2/26580 
17:46:08.388643 OFF flow>8780 srcPort>37377 dst>fd10:62:100::2/26580 
17:46:08.425899 ON flow>9052 srcPort>41579 dst>fd10:62:100::2/26852 
17:46:08.433100 SHUTDOWN flow>8788 srcPort>43851 dst>fd10:62:100::2/26588 
17:46:08.434486 OFF flow>8772 srcPort>43197 dst>fd10:62:100::2/26572 
17:46:08.445327 CONNECT flow>9052 srcPort>41579 dst>fd10:62:100::2/26852 
17:46:08.537350 OFF flow>8788 srcPort>43851 dst>fd10:62:100::2/26588 
17:46:08.563603 ON flow>9060 srcPort>44619 dst>fd10:62:100::2/26860 
17:46:08.579303 CONNECT flow>9060 srcPort>44619 dst>fd10:62:100::2/26860 
17:46:08.621100 SHUTDOWN flow>8796 srcPort>37215 dst>fd10:62:100::2/26596 
17:46:08.689637 OFF flow>8796 srcPort>37215 dst>fd10:62:100::2/26596 
17:46:08.693194 ON flow>9068 srcPort>35027 dst>fd10:62:100::2/26868 
17:46:08.709885 CONNECT flow>9068 srcPort>35027 dst>fd10:62:100::2/26868 
17:46:08.726600 SHUTDOWN flow>8804 srcPort>40675 dst>fd10:62:100::2/26604 
17:46:08.773217 ON flow>9076 srcPort>32933 dst>fd10:62:100::2/26876 
17:46:08.775308 SHUTDOWN flow>8812 srcPort>43385 dst>fd10:62:100::2/26612 
17:46:08.787769 CONNECT flow>9076 srcPort>32933 dst>fd10:62:100::2/26876 
17:46:08.820388 SHUTDOWN flow>8820 srcPort>33157 dst>fd10:62:100::2/26620 
17:46:08.826170 ON flow>9084 srcPort>46789 dst>fd10:62:100::2/26884 
17:46:08.843098 CONNECT flow>9084 srcPort>46789 dst>fd10:62:100::2/26884 
17:46:08.860042 OFF flow>8820 srcPort>33157 dst>fd10:62:100::2/26620 
17:46:08.870169 OFF flow>8804 srcPort>40675 dst>fd10:62:100::2/26604 
17:46:08.878040 ON flow>9092 srcPort>44677 dst>fd10:62:100::2/26892 
17:46:08.892636 CONNECT flow>9092 srcPort>44677 dst>fd10:62:100::2/26892 
17:46:08.921186 ON flow>9100 srcPort>40787 dst>fd10:62:100::2/26900 
17:46:08.925180 OFF flow>8812 srcPort>43385 dst>fd10:62:100::2/26612 
17:46:08.936401 CONNECT flow>9100 srcPort>40787 dst>fd10:62:100::2/26900 
17:46:08.950820 SHUTDOWN flow>8828 srcPort>39203 dst>fd10:62:100::2/26628 
17:46:08.978793 SHUTDOWN flow>8836 srcPort>35557 dst>fd10:62:100::2/26636 
17:46:08.985671 ON flow>9108 srcPort>44783 dst>fd10:62:100::2/26908 
17:46:09.002769 CONNECT flow>9108 srcPort>44783 dst>fd10:62:100::2/26908 
17:46:09.046861 OFF flow>8836 srcPort>35557 dst>fd10:62:100::2/26636 
17:46:09.053280 OFF flow>8828 srcPort>39203 dst>fd10:62:100::2/26628 
17:46:09.060247 ON flow>9116 srcPort>34551 dst>fd10:62:100::2/26916 
17:46:09.062867 SHUTDOWN flow>8844 srcPort>45119 dst>fd10:62:100::2/26644 
17:46:09.077431 CONNECT flow>9116 srcPort>34551 dst>fd10:62:100::2/26916 
17:46:09.111571 OFF flow>8844 srcPort>45119 dst>fd10:62:100::2/26644 
17:46:09.125818 SHUTDOWN flow>8852 srcPort>42081 dst>fd10:62:100::2/26652 
17:46:09.179345 OFF flow>8852 srcPort>42081 dst>fd10:62:100::2/26652 
17:46:09.207950 ON flow>9124 srcPort>42779 dst>fd10:62:100::2/26924 
17:46:09.227189 CONNECT flow>9124 srcPort>42779 dst>fd10:62:100::2/26924 
17:46:09.273253 SHUTDOWN flow>8860 srcPort>44809 dst>fd10:62:100::2/26660 
17:46:09.296924 ON flow>9132 srcPort>37021 dst>fd10:62:100::2/26932 
17:46:09.314262 CONNECT flow>9132 srcPort>37021 dst>fd10:62:100::2/26932 
17:46:09.396296 OFF flow>8860 srcPort>44809 dst>fd10:62:100::2/26660 
17:46:09.426597 SHUTDOWN flow>8868 srcPort>43037 dst>fd10:62:100::2/26668 
17:46:09.454660 OFF flow>8868 srcPort>43037 dst>fd10:62:100::2/26668 
17:46:09.459827 ON flow>9140 srcPort>38407 dst>fd10:62:100::2/26940 
17:46:09.477816 CONNECT flow>9140 srcPort>38407 dst>fd10:62:100::2/26940 
17:46:09.606502 SHUTDOWN flow>8876 srcPort>37611 dst>fd10:62:100::2/26676 
17:46:09.611719 ON flow>9148 srcPort>43917 dst>fd10:62:100::2/26948 
17:46:09.630397 CONNECT flow>9148 srcPort>43917 dst>fd10:62:100::2/26948 
17:46:09.661565 ON flow>9156 srcPort>40663 dst>fd10:62:100::2/26956 
17:46:09.678635 CONNECT flow>9156 srcPort>40663 dst>fd10:62:100::2/26956 
17:46:09.742995 OFF flow>8876 srcPort>37611 dst>fd10:62:100::2/26676 
17:46:09.746211 ON flow>9164 srcPort>43859 dst>fd10:62:100::2/26964 
17:46:09.764178 CONNECT flow>9164 srcPort>43859 dst>fd10:62:100::2/26964 
17:46:09.793133 SHUTDOWN flow>8884 srcPort>43787 dst>fd10:62:100::2/26684 
17:46:09.799446 ON flow>9172 srcPort>45021 dst>fd10:62:100::2/26972 
17:46:09.817545 CONNECT flow>9172 srcPort>45021 dst>fd10:62:100::2/26972 
17:46:09.880503 ON flow>9180 srcPort>34553 dst>fd10:62:100::2/26980 
17:46:09.891595 SHUTDOWN flow>8892 srcPort>37815 dst>fd10:62:100::2/26692 
17:46:09.901575 CONNECT flow>9180 srcPort>34553 dst>fd10:62:100::2/26980 
17:46:09.933336 OFF flow>8892 srcPort>37815 dst>fd10:62:100::2/26692 
17:46:09.973486 OFF flow>8884 srcPort>43787 dst>fd10:62:100::2/26684 
17:46:09.977512 ON flow>9188 srcPort>36649 dst>fd10:62:100::2/26988 
17:46:09.997041 CONNECT flow>9188 srcPort>36649 dst>fd10:62:100::2/26988 
17:46:10.071923 SHUTDOWN flow>8900 srcPort>43867 dst>fd10:62:100::2/26700 
17:46:10.093607 OFF flow>8900 srcPort>43867 dst>fd10:62:100::2/26700 
17:46:10.110729 ON flow>9196 srcPort>40789 dst>fd10:62:100::2/26996 
17:46:10.130756 CONNECT flow>9196 srcPort>40789 dst>fd10:62:100::2/26996 
17:46:10.173404 SHUTDOWN flow>8908 srcPort>38129 dst>fd10:62:100::2/26708 
17:46:10.305732 OFF flow>8908 srcPort>38129 dst>fd10:62:100::2/26708 
17:46:10.321016 ON flow>9204 srcPort>43391 dst>fd10:62:100::2/27004 
17:46:10.339735 CONNECT flow>9204 srcPort>43391 dst>fd10:62:100::2/27004 
17:46:10.389601 SHUTDOWN flow>8916 srcPort>33287 dst>fd10:62:100::2/26716 
17:46:10.599409 SHUTDOWN flow>8924 srcPort>38561 dst>fd10:62:100::2/26724 
17:46:10.705497 ON flow>9212 srcPort>39975 dst>fd10:62:100::2/27012 
17:46:10.722021 CONNECT flow>9212 srcPort>39975 dst>fd10:62:100::2/27012 
17:46:10.782305 SHUTDOWN flow>8932 srcPort>34959 dst>fd10:62:100::2/26732 
17:46:10.795567 OFF flow>8916 srcPort>33287 dst>fd10:62:100::2/26716 
17:46:10.891366 OFF flow>8924 srcPort>38561 dst>fd10:62:100::2/26724 
17:46:10.894804 ON flow>9220 srcPort>36937 dst>fd10:62:100::2/27020 
17:46:10.907858 OFF flow>8932 srcPort>34959 dst>fd10:62:100::2/26732 
17:46:10.915386 CONNECT flow>9220 srcPort>36937 dst>fd10:62:100::2/27020 
17:46:10.998194 ON flow>9228 srcPort>39151 dst>fd10:62:100::2/27028 
17:46:11.012761 CONNECT flow>9228 srcPort>39151 dst>fd10:62:100::2/27028 
17:46:11.023699 SHUTDOWN flow>8940 srcPort>35099 dst>fd10:62:100::2/26740 
17:46:11.097732 ON flow>9236 srcPort>39331 dst>fd10:62:100::2/27036 
17:46:11.122606 CONNECT flow>9236 srcPort>39331 dst>fd10:62:100::2/27036 
17:46:11.220370 SHUTDOWN flow>8948 srcPort>33755 dst>fd10:62:100::2/26748 
17:46:11.259138 ON flow>9244 srcPort>40225 dst>fd10:62:100::2/27044 
17:46:11.279174 CONNECT flow>9244 srcPort>40225 dst>fd10:62:100::2/27044 
17:46:11.329748 OFF flow>8948 srcPort>33755 dst>fd10:62:100::2/26748 
17:46:11.364921 SHUTDOWN flow>8956 srcPort>34971 dst>fd10:62:100::2/26756 
17:46:11.366136 OFF flow>8940 srcPort>35099 dst>fd10:62:100::2/26740 
17:46:11.530200 SHUTDOWN flow>8964 srcPort>34647 dst>fd10:62:100::2/26764 
17:46:11.620499 SHUTDOWN flow>8036 srcPort>36927 dst>fd10:62:100::2/25836 
17:46:11.632467 OFF flow>8964 srcPort>34647 dst>fd10:62:100::2/26764 
17:46:11.634044 OFF flow>8956 srcPort>34971 dst>fd10:62:100::2/26756 
17:46:11.704598 OFF flow>8036 srcPort>36927 dst>fd10:62:100::2/25836 
17:46:11.753360 SHUTDOWN flow>8972 srcPort>40857 dst>fd10:62:100::2/26772 
17:46:11.826890 ON flow>9252 srcPort>35187 dst>fd10:62:100::2/27052 
17:46:11.847638 CONNECT flow>9252 srcPort>35187 dst>fd10:62:100::2/27052 
17:46:11.849836 SHUTDOWN flow>8980 srcPort>33557 dst>fd10:62:100::2/26780 
17:46:11.898735 OFF flow>8972 srcPort>40857 dst>fd10:62:100::2/26772 
17:46:11.913554 OFF flow>8980 srcPort>33557 dst>fd10:62:100::2/26780 
17:46:12.061222 SHUTDOWN flow>8988 srcPort>37405 dst>fd10:62:100::2/26788 
17:46:12.066121 ON flow>9260 srcPort>45039 dst>fd10:62:100::2/27060 
17:46:12.079205 CONNECT flow>9260 srcPort>45039 dst>fd10:62:100::2/27060 
17:46:12.190097 ON flow>9268 srcPort>37153 dst>fd10:62:100::2/27068 
17:46:12.207370 CONNECT flow>9268 srcPort>37153 dst>fd10:62:100::2/27068 
17:46:12.239114 ON flow>9276 srcPort>41181 dst>fd10:62:100::2/27076 
17:46:12.243749 OFF flow>8988 srcPort>37405 dst>fd10:62:100::2/26788 
17:46:12.258741 CONNECT flow>9276 srcPort>41181 dst>fd10:62:100::2/27076 
17:46:12.294315 SHUTDOWN flow>8996 srcPort>41341 dst>fd10:62:100::2/26796 
17:46:12.366238 SHUTDOWN flow>9004 srcPort>38649 dst>fd10:62:100::2/26804 
17:46:12.371536 ON flow>9284 srcPort>41379 dst>fd10:62:100::2/27084 
17:46:12.401066 CONNECT flow>9284 srcPort>41379 dst>fd10:62:100::2/27084 
17:46:12.503185 ON flow>9292 srcPort>44101 dst>fd10:62:100::2/27092 
17:46:12.520091 CONNECT flow>9292 srcPort>44101 dst>fd10:62:100::2/27092 
17:46:12.534800 OFF flow>9004 srcPort>38649 dst>fd10:62:100::2/26804 
17:46:12.550759 SHUTDOWN flow>9012 srcPort>43919 dst>fd10:62:100::2/26812 
17:46:12.607117 OFF flow>8996 srcPort>41341 dst>fd10:62:100::2/26796 
17:46:12.677240 SHUTDOWN flow>9020 srcPort>40071 dst>fd10:62:100::2/26820 
17:46:12.773800 SHUTDOWN flow>9028 srcPort>34987 dst>fd10:62:100::2/26828 
17:46:12.780196 OFF flow>9012 srcPort>43919 dst>fd10:62:100::2/26812 
17:46:12.806215 ON flow>9300 srcPort>46785 dst>fd10:62:100::2/27100 
17:46:12.820802 CONNECT flow>9300 srcPort>46785 dst>fd10:62:100::2/27100 
17:46:12.908675 OFF flow>9028 srcPort>34987 dst>fd10:62:100::2/26828 
17:46:12.989615 SHUTDOWN flow>9036 srcPort>45873 dst>fd10:62:100::2/26836 
17:46:13.015770 OFF flow>9036 srcPort>45873 dst>fd10:62:100::2/26836 
17:46:13.017231 OFF flow>9020 srcPort>40071 dst>fd10:62:100::2/26820 
17:46:13.110403 SHUTDOWN flow>9044 srcPort>42113 dst>fd10:62:100::2/26844 
17:46:13.147694 OFF flow>9044 srcPort>42113 dst>fd10:62:100::2/26844 
17:46:13.225674 SHUTDOWN flow>9052 srcPort>41579 dst>fd10:62:100::2/26852 
17:46:13.322636 OFF flow>9052 srcPort>41579 dst>fd10:62:100::2/26852 
17:46:13.363441 SHUTDOWN flow>9060 srcPort>44619 dst>fd10:62:100::2/26860 
17:46:13.492890 SHUTDOWN flow>9068 srcPort>35027 dst>fd10:62:100::2/26868 
17:46:13.520404 OFF flow>9068 srcPort>35027 dst>fd10:62:100::2/26868 
17:46:13.573016 SHUTDOWN flow>9076 srcPort>32933 dst>fd10:62:100::2/26876 
17:46:13.625863 SHUTDOWN flow>9084 srcPort>46789 dst>fd10:62:100::2/26884 
17:46:13.677716 SHUTDOWN flow>9092 srcPort>44677 dst>fd10:62:100::2/26892 
17:46:13.693570 OFF flow>9076 srcPort>32933 dst>fd10:62:100::2/26876 
17:46:13.716796 OFF flow>9060 srcPort>44619 dst>fd10:62:100::2/26860 
17:46:13.720917 SHUTDOWN flow>9100 srcPort>40787 dst>fd10:62:100::2/26900 
17:46:13.785520 SHUTDOWN flow>9108 srcPort>44783 dst>fd10:62:100::2/26908 
17:46:13.801313 OFF flow>9100 srcPort>40787 dst>fd10:62:100::2/26900 
17:46:13.808650 OFF flow>9084 srcPort>46789 dst>fd10:62:100::2/26884 
17:46:13.820782 OFF flow>9108 srcPort>44783 dst>fd10:62:100::2/26908 
17:46:13.835236 OFF flow>9092 srcPort>44677 dst>fd10:62:100::2/26892 
17:46:13.859966 SHUTDOWN flow>9116 srcPort>34551 dst>fd10:62:100::2/26916 
17:46:13.980267 OFF flow>9116 srcPort>34551 dst>fd10:62:100::2/26916 
17:46:14.096692 SHUTDOWN flow>9132 srcPort>37021 dst>fd10:62:100::2/26932 
17:46:14.119973 OFF flow>9132 srcPort>37021 dst>fd10:62:100::2/26932 
17:46:14.238669 SHUTDOWN flow>9124 srcPort>42779 dst>fd10:62:100::2/26924 
17:46:14.259716 SHUTDOWN flow>9140 srcPort>38407 dst>fd10:62:100::2/26940 
17:46:14.298302 OFF flow>9140 srcPort>38407 dst>fd10:62:100::2/26940 
17:46:14.411396 SHUTDOWN flow>9148 srcPort>43917 dst>fd10:62:100::2/26948 
17:46:14.423828 OFF flow>9124 srcPort>42779 dst>fd10:62:100::2/26924 
17:46:14.428710 OFF flow>9148 srcPort>43917 dst>fd10:62:100::2/26948 
17:46:14.461366 SHUTDOWN flow>9156 srcPort>40663 dst>fd10:62:100::2/26956 
17:46:14.480651 OFF flow>9156 srcPort>40663 dst>fd10:62:100::2/26956 
17:46:14.546057 SHUTDOWN flow>9164 srcPort>43859 dst>fd10:62:100::2/26964 
17:46:14.599263 SHUTDOWN flow>9172 srcPort>45021 dst>fd10:62:100::2/26972 
17:46:14.627080 OFF flow>9172 srcPort>45021 dst>fd10:62:100::2/26972 
17:46:14.676304 OFF flow>9164 srcPort>43859 dst>fd10:62:100::2/26964 
17:46:14.680161 SHUTDOWN flow>9180 srcPort>34553 dst>fd10:62:100::2/26980 
17:46:14.700941 OFF flow>9180 srcPort>34553 dst>fd10:62:100::2/26980 
17:46:14.777093 SHUTDOWN flow>9188 srcPort>36649 dst>fd10:62:100::2/26988 
17:46:14.788481 OFF flow>9188 srcPort>36649 dst>fd10:62:100::2/26988 
17:46:14.910523 SHUTDOWN flow>9196 srcPort>40789 dst>fd10:62:100::2/26996 
17:46:14.910797 OFF flow>9196 srcPort>40789 dst>fd10:62:100::2/26996 
17:46:15.120726 SHUTDOWN flow>9204 srcPort>43391 dst>fd10:62:100::2/27004 
17:46:15.121241 OFF flow>9204 srcPort>43391 dst>fd10:62:100::2/27004 
17:46:15.505242 SHUTDOWN flow>9212 srcPort>39975 dst>fd10:62:100::2/27012 
17:46:15.505915 OFF flow>9212 srcPort>39975 dst>fd10:62:100::2/27012 
17:46:15.694428 SHUTDOWN flow>9220 srcPort>36937 dst>fd10:62:100::2/27020 
17:46:15.695396 OFF flow>9220 srcPort>36937 dst>fd10:62:100::2/27020 
17:46:15.797910 SHUTDOWN flow>9228 srcPort>39151 dst>fd10:62:100::2/27028 
17:46:15.798203 OFF flow>9228 srcPort>39151 dst>fd10:62:100::2/27028 
17:46:15.897215 SHUTDOWN flow>9236 srcPort>39331 dst>fd10:62:100::2/27036 
17:46:15.897642 OFF flow>9236 srcPort>39331 dst>fd10:62:100::2/27036 
17:46:16.058915 SHUTDOWN flow>9244 srcPort>40225 dst>fd10:62:100::2/27044 
17:46:16.059268 OFF flow>9244 srcPort>40225 dst>fd10:62:100::2/27044 
17:46:16.626614 SHUTDOWN flow>9252 srcPort>35187 dst>fd10:62:100::2/27052 
17:46:16.627032 OFF flow>9252 srcPort>35187 dst>fd10:62:100::2/27052 
17:46:16.865685 SHUTDOWN flow>9260 srcPort>45039 dst>fd10:62:100::2/27060 
17:46:16.866122 OFF flow>9260 srcPort>45039 dst>fd10:62:100::2/27060 
17:46:16.989887 SHUTDOWN flow>9268 srcPort>37153 dst>fd10:62:100::2/27068 
17:46:16.990191 OFF flow>9268 srcPort>37153 dst>fd10:62:100::2/27068 
17:46:17.038688 SHUTDOWN flow>9276 srcPort>41181 dst>fd10:62:100::2/27076 
17:46:17.039003 OFF flow>9276 srcPort>41181 dst>fd10:62:100::2/27076 
17:46:17.170689 SHUTDOWN flow>9284 srcPort>41379 dst>fd10:62:100::2/27084 
17:46:17.171194 OFF flow>9284 srcPort>41379 dst>fd10:62:100::2/27084 
17:46:17.302608 SHUTDOWN flow>9292 srcPort>44101 dst>fd10:62:100::2/27092 
17:46:17.303470 OFF flow>9292 srcPort>44101 dst>fd10:62:100::2/27092 
17:46:17.606046 SHUTDOWN flow>9300 srcPort>46785 dst>fd10:62:100::2/27100 
17:46:17.606393 OFF flow>9300 srcPort>46785 dst>fd10:62:100::2/27100 
17:46:17.606487 STOP
