19:47:35.117011 START Mgen Version 5.1.1
19:47:40.382471 ON flow>4205 srcPort>41749 dst>fd10:23:100::2/21005 
19:47:40.382949 CONNECT flow>4205 srcPort>41749 dst>fd10:23:100::2/21005 
19:47:40.526685 ON flow>4213 srcPort>46801 dst>fd10:23:100::2/21013 
19:47:40.527053 CONNECT flow>4213 srcPort>46801 dst>fd10:23:100::2/21013 
19:47:40.799853 ON flow>4221 srcPort>37345 dst>fd10:23:100::2/21021 
19:47:40.800205 CONNECT flow>4221 srcPort>37345 dst>fd10:23:100::2/21021 
19:47:40.947442 ON flow>4229 srcPort>44489 dst>fd10:23:100::2/21029 
19:47:40.947801 CONNECT flow>4229 srcPort>44489 dst>fd10:23:100::2/21029 
19:47:41.030951 ON flow>4237 srcPort>40055 dst>fd10:23:100::2/21037 
19:47:41.031329 CONNECT flow>4237 srcPort>40055 dst>fd10:23:100::2/21037 
19:47:41.206836 ON flow>4245 srcPort>34331 dst>fd10:23:100::2/21045 
19:47:41.207233 CONNECT flow>4245 srcPort>34331 dst>fd10:23:100::2/21045 
19:47:41.343959 ON flow>4253 srcPort>38089 dst>fd10:23:100::2/21053 
19:47:41.344277 CONNECT flow>4253 srcPort>38089 dst>fd10:23:100::2/21053 
19:47:41.733932 ON flow>4261 srcPort>39093 dst>fd10:23:100::2/21061 
19:47:41.734266 CONNECT flow>4261 srcPort>39093 dst>fd10:23:100::2/21061 
19:47:41.903261 ON flow>4269 srcPort>41411 dst>fd10:23:100::2/21069 
19:47:41.903639 CONNECT flow>4269 srcPort>41411 dst>fd10:23:100::2/21069 
19:47:42.113343 ON flow>4277 srcPort>45889 dst>fd10:23:100::2/21077 
19:47:42.113673 CONNECT flow>4277 srcPort>45889 dst>fd10:23:100::2/21077 
19:47:42.270635 ON flow>4285 srcPort>38731 dst>fd10:23:100::2/21085 
19:47:42.270922 CONNECT flow>4285 srcPort>38731 dst>fd10:23:100::2/21085 
19:47:42.528165 ON flow>4293 srcPort>37567 dst>fd10:23:100::2/21093 
19:47:42.528716 CONNECT flow>4293 srcPort>37567 dst>fd10:23:100::2/21093 
19:47:42.594648 ON flow>4301 srcPort>40363 dst>fd10:23:100::2/21101 
19:47:42.594966 CONNECT flow>4301 srcPort>40363 dst>fd10:23:100::2/21101 
19:47:42.667145 ON flow>4309 srcPort>33297 dst>fd10:23:100::2/21109 
19:47:42.667427 CONNECT flow>4309 srcPort>33297 dst>fd10:23:100::2/21109 
19:47:42.795654 ON flow>4317 srcPort>37857 dst>fd10:23:100::2/21117 
19:47:42.795990 CONNECT flow>4317 srcPort>37857 dst>fd10:23:100::2/21117 
19:47:42.881737 ON flow>4325 srcPort>37005 dst>fd10:23:100::2/21125 
19:47:42.882233 CONNECT flow>4325 srcPort>37005 dst>fd10:23:100::2/21125 
19:47:43.062943 ON flow>4333 srcPort>42529 dst>fd10:23:100::2/21133 
19:47:43.063435 CONNECT flow>4333 srcPort>42529 dst>fd10:23:100::2/21133 
19:47:43.235252 ON flow>4341 srcPort>35137 dst>fd10:23:100::2/21141 
19:47:43.235839 CONNECT flow>4341 srcPort>35137 dst>fd10:23:100::2/21141 
19:47:43.336844 ON flow>4349 srcPort>39523 dst>fd10:23:100::2/21149 
19:47:43.337278 CONNECT flow>4349 srcPort>39523 dst>fd10:23:100::2/21149 
19:47:43.400145 ON flow>4357 srcPort>39397 dst>fd10:23:100::2/21157 
19:47:43.400538 CONNECT flow>4357 srcPort>39397 dst>fd10:23:100::2/21157 
19:47:43.513751 ON flow>4365 srcPort>42771 dst>fd10:23:100::2/21165 
19:47:43.514402 CONNECT flow>4365 srcPort>42771 dst>fd10:23:100::2/21165 
19:47:43.578359 ON flow>4373 srcPort>32999 dst>fd10:23:100::2/21173 
19:47:43.578799 CONNECT flow>4373 srcPort>32999 dst>fd10:23:100::2/21173 
19:47:43.680988 ON flow>4381 srcPort>45469 dst>fd10:23:100::2/21181 
19:47:43.681332 CONNECT flow>4381 srcPort>45469 dst>fd10:23:100::2/21181 
19:47:43.802561 ON flow>4389 srcPort>39101 dst>fd10:23:100::2/21189 
19:47:43.803195 CONNECT flow>4389 srcPort>39101 dst>fd10:23:100::2/21189 
19:47:44.072666 ON flow>4397 srcPort>34179 dst>fd10:23:100::2/21197 
19:47:44.073659 CONNECT flow>4397 srcPort>34179 dst>fd10:23:100::2/21197 
19:47:44.196470 ON flow>4405 srcPort>46749 dst>fd10:23:100::2/21205 
19:47:44.196932 CONNECT flow>4405 srcPort>46749 dst>fd10:23:100::2/21205 
19:47:44.259677 ON flow>4413 srcPort>34219 dst>fd10:23:100::2/21213 
19:47:44.260386 CONNECT flow>4413 srcPort>34219 dst>fd10:23:100::2/21213 
19:47:44.359393 ON flow>4421 srcPort>36113 dst>fd10:23:100::2/21221 
19:47:44.359731 CONNECT flow>4421 srcPort>36113 dst>fd10:23:100::2/21221 
19:47:44.549994 ON flow>4429 srcPort>43391 dst>fd10:23:100::2/21229 
19:47:44.550464 CONNECT flow>4429 srcPort>43391 dst>fd10:23:100::2/21229 
19:47:44.827482 ON flow>4437 srcPort>39495 dst>fd10:23:100::2/21237 
19:47:44.827846 CONNECT flow>4437 srcPort>39495 dst>fd10:23:100::2/21237 
19:47:44.967895 ON flow>4445 srcPort>43395 dst>fd10:23:100::2/21245 
19:47:44.968981 CONNECT flow>4445 srcPort>43395 dst>fd10:23:100::2/21245 
19:47:45.047626 ON flow>4453 srcPort>42959 dst>fd10:23:100::2/21253 
19:47:45.048199 CONNECT flow>4453 srcPort>42959 dst>fd10:23:100::2/21253 
19:47:45.181834 ON flow>4461 srcPort>36909 dst>fd10:23:100::2/21261 
19:47:45.182395 SHUTDOWN flow>4205 srcPort>41749 dst>fd10:23:100::2/21005 
19:47:45.182723 CONNECT flow>4461 srcPort>36909 dst>fd10:23:100::2/21261 
19:47:45.183203 OFF flow>4205 srcPort>41749 dst>fd10:23:100::2/21005 
19:47:45.276818 ON flow>4469 srcPort>34423 dst>fd10:23:100::2/21269 
19:47:45.277465 CONNECT flow>4469 srcPort>34423 dst>fd10:23:100::2/21269 
19:47:45.326588 SHUTDOWN flow>4213 srcPort>46801 dst>fd10:23:100::2/21013 
19:47:45.327974 OFF flow>4213 srcPort>46801 dst>fd10:23:100::2/21013 
19:47:45.361009 ON flow>4477 srcPort>34387 dst>fd10:23:100::2/21277 
19:47:45.361448 CONNECT flow>4477 srcPort>34387 dst>fd10:23:100::2/21277 
19:47:45.487618 ON flow>4485 srcPort>41111 dst>fd10:23:100::2/21285 
19:47:45.490308 CONNECT flow>4485 srcPort>41111 dst>fd10:23:100::2/21285 
19:47:45.568408 ON flow>4493 srcPort>39739 dst>fd10:23:100::2/21293 
19:47:45.568831 CONNECT flow>4493 srcPort>39739 dst>fd10:23:100::2/21293 
19:47:45.599840 SHUTDOWN flow>4221 srcPort>37345 dst>fd10:23:100::2/21021 
19:47:45.601271 OFF flow>4221 srcPort>37345 dst>fd10:23:100::2/21021 
19:47:45.700669 ON flow>4501 srcPort>35835 dst>fd10:23:100::2/21301 
19:47:45.701146 CONNECT flow>4501 srcPort>35835 dst>fd10:23:100::2/21301 
19:47:45.747396 SHUTDOWN flow>4229 srcPort>44489 dst>fd10:23:100::2/21029 
19:47:45.748515 OFF flow>4229 srcPort>44489 dst>fd10:23:100::2/21029 
19:47:45.815395 ON flow>4509 srcPort>43333 dst>fd10:23:100::2/21309 
19:47:45.816174 CONNECT flow>4509 srcPort>43333 dst>fd10:23:100::2/21309 
19:47:45.830920 SHUTDOWN flow>4237 srcPort>40055 dst>fd10:23:100::2/21037 
19:47:45.832978 OFF flow>4237 srcPort>40055 dst>fd10:23:100::2/21037 
19:47:45.987892 ON flow>4517 srcPort>37743 dst>fd10:23:100::2/21317 
19:47:45.989326 CONNECT flow>4517 srcPort>37743 dst>fd10:23:100::2/21317 
19:47:46.006793 SHUTDOWN flow>4245 srcPort>34331 dst>fd10:23:100::2/21045 
19:47:46.007783 OFF flow>4245 srcPort>34331 dst>fd10:23:100::2/21045 
19:47:46.142406 ON flow>4525 srcPort>39893 dst>fd10:23:100::2/21325 
19:47:46.143318 CONNECT flow>4525 srcPort>39893 dst>fd10:23:100::2/21325 
19:47:46.143930 SHUTDOWN flow>4253 srcPort>38089 dst>fd10:23:100::2/21053 
19:47:46.144695 OFF flow>4253 srcPort>38089 dst>fd10:23:100::2/21053 
19:47:46.339919 ON flow>4533 srcPort>40489 dst>fd10:23:100::2/21333 
19:47:46.341509 CONNECT flow>4533 srcPort>40489 dst>fd10:23:100::2/21333 
19:47:46.431713 ON flow>4541 srcPort>34327 dst>fd10:23:100::2/21341 
19:47:46.432497 CONNECT flow>4541 srcPort>34327 dst>fd10:23:100::2/21341 
19:47:46.523234 ON flow>4549 srcPort>41461 dst>fd10:23:100::2/21349 
19:47:46.525552 CONNECT flow>4549 srcPort>41461 dst>fd10:23:100::2/21349 
19:47:46.533914 SHUTDOWN flow>4261 srcPort>39093 dst>fd10:23:100::2/21061 
19:47:46.535342 OFF flow>4261 srcPort>39093 dst>fd10:23:100::2/21061 
19:47:46.703199 SHUTDOWN flow>4269 srcPort>41411 dst>fd10:23:100::2/21069 
19:47:46.704945 OFF flow>4269 srcPort>41411 dst>fd10:23:100::2/21069 
19:47:46.709473 ON flow>4557 srcPort>39713 dst>fd10:23:100::2/21357 
19:47:46.711656 CONNECT flow>4557 srcPort>39713 dst>fd10:23:100::2/21357 
19:47:46.775152 ON flow>4565 srcPort>34175 dst>fd10:23:100::2/21365 
19:47:46.776960 CONNECT flow>4565 srcPort>34175 dst>fd10:23:100::2/21365 
19:47:46.854340 ON flow>4573 srcPort>37421 dst>fd10:23:100::2/21373 
19:47:46.856188 CONNECT flow>4573 srcPort>37421 dst>fd10:23:100::2/21373 
19:47:46.913310 SHUTDOWN flow>4277 srcPort>45889 dst>fd10:23:100::2/21077 
19:47:46.915725 OFF flow>4277 srcPort>45889 dst>fd10:23:100::2/21077 
19:47:46.934220 ON flow>4581 srcPort>43517 dst>fd10:23:100::2/21381 
19:47:46.935912 CONNECT flow>4581 srcPort>43517 dst>fd10:23:100::2/21381 
19:47:46.984866 ON flow>4589 srcPort>35809 dst>fd10:23:100::2/21389 
19:47:46.987647 CONNECT flow>4589 srcPort>35809 dst>fd10:23:100::2/21389 
19:47:47.070600 SHUTDOWN flow>4285 srcPort>38731 dst>fd10:23:100::2/21085 
19:47:47.075245 OFF flow>4285 srcPort>38731 dst>fd10:23:100::2/21085 
19:47:47.103025 ON flow>4597 srcPort>46585 dst>fd10:23:100::2/21397 
19:47:47.113316 CONNECT flow>4597 srcPort>46585 dst>fd10:23:100::2/21397 
19:47:47.206813 ON flow>4605 srcPort>42133 dst>fd10:23:100::2/21405 
19:47:47.226818 CONNECT flow>4605 srcPort>42133 dst>fd10:23:100::2/21405 
19:47:47.328134 SHUTDOWN flow>4293 srcPort>37567 dst>fd10:23:100::2/21093 
19:47:47.363517 OFF flow>4293 srcPort>37567 dst>fd10:23:100::2/21093 
19:47:47.394620 SHUTDOWN flow>4301 srcPort>40363 dst>fd10:23:100::2/21101 
19:47:47.395052 ON flow>4613 srcPort>37385 dst>fd10:23:100::2/21413 
19:47:47.447125 CONNECT flow>4613 srcPort>37385 dst>fd10:23:100::2/21413 
19:47:47.447574 OFF flow>4301 srcPort>40363 dst>fd10:23:100::2/21101 
19:47:47.467104 SHUTDOWN flow>4309 srcPort>33297 dst>fd10:23:100::2/21109 
19:47:47.528513 ON flow>4621 srcPort>38211 dst>fd10:23:100::2/21421 
19:47:47.537802 OFF flow>4309 srcPort>33297 dst>fd10:23:100::2/21109 
19:47:47.595628 SHUTDOWN flow>4317 srcPort>37857 dst>fd10:23:100::2/21117 
19:47:47.617459 CONNECT flow>4621 srcPort>38211 dst>fd10:23:100::2/21421 
19:47:47.681699 SHUTDOWN flow>4325 srcPort>37005 dst>fd10:23:100::2/21125 
19:47:47.830754 OFF flow>4325 srcPort>37005 dst>fd10:23:100::2/21125 
19:47:47.834266 ON flow>4629 srcPort>38919 dst>fd10:23:100::2/21429 
19:47:47.862895 SHUTDOWN flow>4333 srcPort>42529 dst>fd10:23:100::2/21133 
19:47:47.910010 OFF flow>4317 srcPort>37857 dst>fd10:23:100::2/21117 
19:47:47.932414 CONNECT flow>4629 srcPort>38919 dst>fd10:23:100::2/21429 
19:47:48.035204 SHUTDOWN flow>4341 srcPort>35137 dst>fd10:23:100::2/21141 
19:47:48.052252 ON flow>4637 srcPort>38601 dst>fd10:23:100::2/21437 
19:47:48.152923 CONNECT flow>4637 srcPort>38601 dst>fd10:23:100::2/21437 
19:47:48.177184 OFF flow>4333 srcPort>42529 dst>fd10:23:100::2/21133 
19:47:48.200158 SHUTDOWN flow>4357 srcPort>39397 dst>fd10:23:100::2/21157 
19:47:48.253306 OFF flow>4341 srcPort>35137 dst>fd10:23:100::2/21141 
19:47:48.286758 ON flow>4645 srcPort>38853 dst>fd10:23:100::2/21445 
19:47:48.337363 SHUTDOWN flow>4365 srcPort>42771 dst>fd10:23:100::2/21165 
19:47:48.363634 SHUTDOWN flow>4349 srcPort>39523 dst>fd10:23:100::2/21149 
19:47:48.378328 SHUTDOWN flow>4373 srcPort>32999 dst>fd10:23:100::2/21173 
19:47:48.383673 CONNECT flow>4645 srcPort>38853 dst>fd10:23:100::2/21445 
19:47:48.456407 ON flow>4653 srcPort>38077 dst>fd10:23:100::2/21453 
19:47:48.480929 SHUTDOWN flow>4381 srcPort>45469 dst>fd10:23:100::2/21181 
19:47:48.531432 OFF flow>4357 srcPort>39397 dst>fd10:23:100::2/21157 
19:47:48.549661 ON flow>4661 srcPort>46123 dst>fd10:23:100::2/21461 
19:47:48.558095 CONNECT flow>4653 srcPort>38077 dst>fd10:23:100::2/21453 
19:47:48.594470 OFF flow>4373 srcPort>32999 dst>fd10:23:100::2/21173 
19:47:48.633481 ON flow>4669 srcPort>37543 dst>fd10:23:100::2/21469 
19:47:48.648715 CONNECT flow>4661 srcPort>46123 dst>fd10:23:100::2/21461 
19:47:48.691595 OFF flow>4365 srcPort>42771 dst>fd10:23:100::2/21165 
19:47:48.698428 SHUTDOWN flow>4389 srcPort>39101 dst>fd10:23:100::2/21189 
19:47:48.739172 CONNECT flow>4669 srcPort>37543 dst>fd10:23:100::2/21469 
19:47:48.743449 ON flow>4677 srcPort>33165 dst>fd10:23:100::2/21477 
19:47:48.767370 OFF flow>4349 srcPort>39523 dst>fd10:23:100::2/21149 
19:47:48.789205 OFF flow>4381 srcPort>45469 dst>fd10:23:100::2/21181 
19:47:48.848495 CONNECT flow>4677 srcPort>33165 dst>fd10:23:100::2/21477 
19:47:48.857100 ON flow>4685 srcPort>34805 dst>fd10:23:100::2/21485 
19:47:48.872623 SHUTDOWN flow>4397 srcPort>34179 dst>fd10:23:100::2/21197 
19:47:48.924311 ON flow>4693 srcPort>43903 dst>fd10:23:100::2/21493 
19:47:48.964702 CONNECT flow>4685 srcPort>34805 dst>fd10:23:100::2/21485 
19:47:48.994310 ON flow>4701 srcPort>44503 dst>fd10:23:100::2/21501 
19:47:48.996666 SHUTDOWN flow>4405 srcPort>46749 dst>fd10:23:100::2/21205 
19:47:49.031883 CONNECT flow>4693 srcPort>43903 dst>fd10:23:100::2/21493 
19:47:49.097934 CONNECT flow>4701 srcPort>44503 dst>fd10:23:100::2/21501 
19:47:49.135432 SHUTDOWN flow>4413 srcPort>34219 dst>fd10:23:100::2/21213 
19:47:49.138704 ON flow>4709 srcPort>34283 dst>fd10:23:100::2/21509 
19:47:49.159360 SHUTDOWN flow>4421 srcPort>36113 dst>fd10:23:100::2/21221 
19:47:49.208384 OFF flow>4389 srcPort>39101 dst>fd10:23:100::2/21189 
19:47:49.235392 CONNECT flow>4709 srcPort>34283 dst>fd10:23:100::2/21509 
19:47:49.259803 ON flow>4717 srcPort>44827 dst>fd10:23:100::2/21517 
19:47:49.350334 SHUTDOWN flow>4429 srcPort>43391 dst>fd10:23:100::2/21229 
19:47:49.356767 OFF flow>4397 srcPort>34179 dst>fd10:23:100::2/21197 
19:47:49.360383 CONNECT flow>4717 srcPort>44827 dst>fd10:23:100::2/21517 
19:47:49.435424 ON flow>4725 srcPort>42153 dst>fd10:23:100::2/21525 
19:47:49.492745 OFF flow>4413 srcPort>34219 dst>fd10:23:100::2/21213 
19:47:49.536601 CONNECT flow>4725 srcPort>42153 dst>fd10:23:100::2/21525 
19:47:49.567356 ON flow>4733 srcPort>45421 dst>fd10:23:100::2/21533 
19:47:49.624212 OFF flow>4421 srcPort>36113 dst>fd10:23:100::2/21221 
19:47:49.646736 ON flow>4741 srcPort>40871 dst>fd10:23:100::2/21541 
19:47:49.667809 CONNECT flow>4733 srcPort>45421 dst>fd10:23:100::2/21533 
19:47:49.744407 CONNECT flow>4741 srcPort>40871 dst>fd10:23:100::2/21541 
19:47:49.777203 SHUTDOWN flow>4445 srcPort>43395 dst>fd10:23:100::2/21245 
19:47:49.781647 OFF flow>4405 srcPort>46749 dst>fd10:23:100::2/21205 
19:47:49.796580 SHUTDOWN flow>4437 srcPort>39495 dst>fd10:23:100::2/21237 
19:47:49.844334 ON flow>4749 srcPort>39439 dst>fd10:23:100::2/21549 
19:47:49.847689 SHUTDOWN flow>4453 srcPort>42959 dst>fd10:23:100::2/21253 
19:47:49.944416 CONNECT flow>4749 srcPort>39439 dst>fd10:23:100::2/21549 
19:47:49.994749 ON flow>4757 srcPort>45567 dst>fd10:23:100::2/21557 
19:47:50.078673 ON flow>4765 srcPort>44989 dst>fd10:23:100::2/21565 
19:47:50.093113 CONNECT flow>4757 srcPort>45567 dst>fd10:23:100::2/21557 
19:47:50.148673 OFF flow>4437 srcPort>39495 dst>fd10:23:100::2/21237 
19:47:50.160999 SHUTDOWN flow>4477 srcPort>34387 dst>fd10:23:100::2/21277 
19:47:50.176574 ON flow>4773 srcPort>46593 dst>fd10:23:100::2/21573 
19:47:50.179682 CONNECT flow>4765 srcPort>44989 dst>fd10:23:100::2/21565 
19:47:50.275761 CONNECT flow>4773 srcPort>46593 dst>fd10:23:100::2/21573 
19:47:50.281315 OFF flow>4429 srcPort>43391 dst>fd10:23:100::2/21229 
19:47:50.285402 SHUTDOWN flow>4461 srcPort>36909 dst>fd10:23:100::2/21261 
19:47:50.287546 SHUTDOWN flow>4485 srcPort>41111 dst>fd10:23:100::2/21285 
19:47:50.295814 ON flow>4781 srcPort>46847 dst>fd10:23:100::2/21581 
19:47:50.342734 OFF flow>4445 srcPort>43395 dst>fd10:23:100::2/21245 
19:47:50.355148 OFF flow>4477 srcPort>34387 dst>fd10:23:100::2/21277 
19:47:50.356208 SHUTDOWN flow>4469 srcPort>34423 dst>fd10:23:100::2/21269 
19:47:50.368393 SHUTDOWN flow>4493 srcPort>39739 dst>fd10:23:100::2/21293 
19:47:50.392711 CONNECT flow>4781 srcPort>46847 dst>fd10:23:100::2/21581 
19:47:50.422412 ON flow>4789 srcPort>33361 dst>fd10:23:100::2/21589 
19:47:50.500673 SHUTDOWN flow>4501 srcPort>35835 dst>fd10:23:100::2/21301 
19:47:50.521529 CONNECT flow>4789 srcPort>33361 dst>fd10:23:100::2/21589 
19:47:50.548974 OFF flow>4453 srcPort>42959 dst>fd10:23:100::2/21253 
19:47:50.621445 ON flow>4797 srcPort>42723 dst>fd10:23:100::2/21597 
19:47:50.713583 CONNECT flow>4797 srcPort>42723 dst>fd10:23:100::2/21597 
19:47:50.817013 ON flow>4805 srcPort>34529 dst>fd10:23:100::2/21605 
19:47:50.869755 SHUTDOWN flow>4517 srcPort>37743 dst>fd10:23:100::2/21317 
19:47:50.871659 OFF flow>4493 srcPort>39739 dst>fd10:23:100::2/21293 
19:47:50.912407 CONNECT flow>4805 srcPort>34529 dst>fd10:23:100::2/21605 
19:47:50.942408 SHUTDOWN flow>4525 srcPort>39893 dst>fd10:23:100::2/21325 
19:47:50.998373 OFF flow>4461 srcPort>36909 dst>fd10:23:100::2/21261 
19:47:51.037144 OFF flow>4525 srcPort>39893 dst>fd10:23:100::2/21325 
19:47:51.059220 ON flow>4813 srcPort>39661 dst>fd10:23:100::2/21613 
19:47:51.088756 SHUTDOWN flow>4509 srcPort>43333 dst>fd10:23:100::2/21309 
19:47:51.145051 OFF flow>4501 srcPort>35835 dst>fd10:23:100::2/21301 
19:47:51.158826 ON flow>4821 srcPort>46845 dst>fd10:23:100::2/21621 
19:47:51.159795 CONNECT flow>4813 srcPort>39661 dst>fd10:23:100::2/21613 
19:47:51.255430 CONNECT flow>4821 srcPort>46845 dst>fd10:23:100::2/21621 
19:47:51.263620 ON flow>4829 srcPort>45879 dst>fd10:23:100::2/21629 
19:47:51.323159 SHUTDOWN flow>4549 srcPort>41461 dst>fd10:23:100::2/21349 
19:47:51.343251 SHUTDOWN flow>4533 srcPort>40489 dst>fd10:23:100::2/21333 
19:47:51.358931 CONNECT flow>4829 srcPort>45879 dst>fd10:23:100::2/21629 
19:47:51.417911 ON flow>4837 srcPort>37795 dst>fd10:23:100::2/21637 
19:47:51.423113 OFF flow>4549 srcPort>41461 dst>fd10:23:100::2/21349 
19:47:51.493360 OFF flow>4469 srcPort>34423 dst>fd10:23:100::2/21269 
19:47:51.503225 ON flow>4845 srcPort>38439 dst>fd10:23:100::2/21645 
19:47:51.515193 CONNECT flow>4837 srcPort>37795 dst>fd10:23:100::2/21637 
19:47:51.517661 OFF flow>4485 srcPort>41111 dst>fd10:23:100::2/21285 
19:47:51.572068 ON flow>4853 srcPort>35855 dst>fd10:23:100::2/21653 
19:47:51.575147 SHUTDOWN flow>4565 srcPort>34175 dst>fd10:23:100::2/21365 
19:47:51.594464 CONNECT flow>4845 srcPort>38439 dst>fd10:23:100::2/21645 
19:47:51.598118 SHUTDOWN flow>4541 srcPort>34327 dst>fd10:23:100::2/21341 
19:47:51.636454 OFF flow>4517 srcPort>37743 dst>fd10:23:100::2/21317 
19:47:51.641913 ON flow>4861 srcPort>34353 dst>fd10:23:100::2/21661 
19:47:51.662630 CONNECT flow>4853 srcPort>35855 dst>fd10:23:100::2/21653 
19:47:51.734240 SHUTDOWN flow>4581 srcPort>43517 dst>fd10:23:100::2/21381 
19:47:51.735117 CONNECT flow>4861 srcPort>34353 dst>fd10:23:100::2/21661 
19:47:51.781901 ON flow>4869 srcPort>33663 dst>fd10:23:100::2/21669 
19:47:51.784784 SHUTDOWN flow>4589 srcPort>35809 dst>fd10:23:100::2/21389 
19:47:51.811001 SHUTDOWN flow>4557 srcPort>39713 dst>fd10:23:100::2/21357 
19:47:51.876052 ON flow>4877 srcPort>37219 dst>fd10:23:100::2/21677 
19:47:51.881543 CONNECT flow>4869 srcPort>33663 dst>fd10:23:100::2/21669 
19:47:51.942878 SHUTDOWN flow>4573 srcPort>37421 dst>fd10:23:100::2/21373 
19:47:51.972925 CONNECT flow>4877 srcPort>37219 dst>fd10:23:100::2/21677 
19:47:51.987756 ON flow>4885 srcPort>41465 dst>fd10:23:100::2/21685 
19:47:52.006761 SHUTDOWN flow>4605 srcPort>42133 dst>fd10:23:100::2/21405 
19:47:52.037335 SHUTDOWN flow>4597 srcPort>46585 dst>fd10:23:100::2/21397 
19:47:52.087231 CONNECT flow>4885 srcPort>41465 dst>fd10:23:100::2/21685 
19:47:52.264230 OFF flow>4533 srcPort>40489 dst>fd10:23:100::2/21333 
19:47:52.328371 SHUTDOWN flow>4621 srcPort>38211 dst>fd10:23:100::2/21421 
19:47:52.361508 OFF flow>4509 srcPort>43333 dst>fd10:23:100::2/21309 
19:47:52.384867 ON flow>4893 srcPort>35337 dst>fd10:23:100::2/21693 
19:47:52.392598 OFF flow>4541 srcPort>34327 dst>fd10:23:100::2/21341 
19:47:52.420156 OFF flow>4605 srcPort>42133 dst>fd10:23:100::2/21405 
19:47:52.420552 OFF flow>4621 srcPort>38211 dst>fd10:23:100::2/21421 
19:47:52.484004 ON flow>4901 srcPort>41037 dst>fd10:23:100::2/21701 
19:47:52.485973 CONNECT flow>4893 srcPort>35337 dst>fd10:23:100::2/21693 
19:47:52.487415 SHUTDOWN flow>4613 srcPort>37385 dst>fd10:23:100::2/21413 
19:47:52.584068 CONNECT flow>4901 srcPort>41037 dst>fd10:23:100::2/21701 
19:47:52.633666 SHUTDOWN flow>4629 srcPort>38919 dst>fd10:23:100::2/21429 
19:47:52.671151 ON flow>4909 srcPort>34561 dst>fd10:23:100::2/21709 
19:47:52.764969 CONNECT flow>4909 srcPort>34561 dst>fd10:23:100::2/21709 
19:47:52.795012 ON flow>4917 srcPort>39655 dst>fd10:23:100::2/21717 
19:47:52.809616 OFF flow>4629 srcPort>38919 dst>fd10:23:100::2/21429 
19:47:52.852166 SHUTDOWN flow>4637 srcPort>38601 dst>fd10:23:100::2/21437 
19:47:52.895009 CONNECT flow>4917 srcPort>39655 dst>fd10:23:100::2/21717 
19:47:52.948407 OFF flow>4637 srcPort>38601 dst>fd10:23:100::2/21437 
19:47:52.999717 ON flow>4925 srcPort>37101 dst>fd10:23:100::2/21725 
19:47:53.025136 OFF flow>4613 srcPort>37385 dst>fd10:23:100::2/21413 
19:47:53.086563 SHUTDOWN flow>4645 srcPort>38853 dst>fd10:23:100::2/21445 
19:47:53.099831 CONNECT flow>4925 srcPort>37101 dst>fd10:23:100::2/21725 
19:47:53.191711 OFF flow>4645 srcPort>38853 dst>fd10:23:100::2/21445 
19:47:53.242869 ON flow>4933 srcPort>46759 dst>fd10:23:100::2/21733 
19:47:53.294141 SHUTDOWN flow>4653 srcPort>38077 dst>fd10:23:100::2/21453 
19:47:53.331143 OFF flow>4597 srcPort>46585 dst>fd10:23:100::2/21397 
19:47:53.348121 CONNECT flow>4933 srcPort>46759 dst>fd10:23:100::2/21733 
19:47:53.425508 OFF flow>4565 srcPort>34175 dst>fd10:23:100::2/21365 
19:47:53.433381 SHUTDOWN flow>4669 srcPort>37543 dst>fd10:23:100::2/21469 
19:47:53.480499 ON flow>4941 srcPort>40441 dst>fd10:23:100::2/21741 
19:47:53.584991 CONNECT flow>4941 srcPort>40441 dst>fd10:23:100::2/21741 
19:47:53.656901 SHUTDOWN flow>4685 srcPort>34805 dst>fd10:23:100::2/21485 
19:47:53.719521 OFF flow>4557 srcPort>39713 dst>fd10:23:100::2/21357 
19:47:53.755999 OFF flow>4685 srcPort>34805 dst>fd10:23:100::2/21485 
19:47:53.773543 ON flow>4949 srcPort>35713 dst>fd10:23:100::2/21749 
19:47:53.791655 SHUTDOWN flow>4677 srcPort>33165 dst>fd10:23:100::2/21477 
19:47:53.794148 SHUTDOWN flow>4701 srcPort>44503 dst>fd10:23:100::2/21501 
19:47:53.813252 SHUTDOWN flow>4693 srcPort>43903 dst>fd10:23:100::2/21493 
19:47:53.834432 OFF flow>4573 srcPort>37421 dst>fd10:23:100::2/21373 
19:47:53.871708 CONNECT flow>4949 srcPort>35713 dst>fd10:23:100::2/21749 
19:47:53.938626 SHUTDOWN flow>4709 srcPort>34283 dst>fd10:23:100::2/21509 
19:47:53.968348 OFF flow>4669 srcPort>37543 dst>fd10:23:100::2/21469 
19:47:54.016511 ON flow>4957 srcPort>38111 dst>fd10:23:100::2/21757 
19:47:54.040079 OFF flow>4709 srcPort>34283 dst>fd10:23:100::2/21509 
19:47:54.059780 SHUTDOWN flow>4717 srcPort>44827 dst>fd10:23:100::2/21517 
19:47:54.112270 CONNECT flow>4957 srcPort>38111 dst>fd10:23:100::2/21757 
19:47:54.156332 OFF flow>4693 srcPort>43903 dst>fd10:23:100::2/21493 
19:47:54.182221 ON flow>4965 srcPort>39791 dst>fd10:23:100::2/21765 
19:47:54.185264 SHUTDOWN flow>4661 srcPort>46123 dst>fd10:23:100::2/21461 
19:47:54.200027 OFF flow>4581 srcPort>43517 dst>fd10:23:100::2/21381 
19:47:54.235043 SHUTDOWN flow>4725 srcPort>42153 dst>fd10:23:100::2/21525 
19:47:54.242019 ON flow>4973 srcPort>40739 dst>fd10:23:100::2/21773 
19:47:54.265900 OFF flow>4589 srcPort>35809 dst>fd10:23:100::2/21389 
19:47:54.274098 CONNECT flow>4965 srcPort>39791 dst>fd10:23:100::2/21765 
19:47:54.323643 OFF flow>4725 srcPort>42153 dst>fd10:23:100::2/21525 
19:47:54.331903 CONNECT flow>4973 srcPort>40739 dst>fd10:23:100::2/21773 
19:47:54.364285 OFF flow>4677 srcPort>33165 dst>fd10:23:100::2/21477 
19:47:54.367163 SHUTDOWN flow>4733 srcPort>45421 dst>fd10:23:100::2/21533 
19:47:54.415983 ON flow>4981 srcPort>44173 dst>fd10:23:100::2/21781 
19:47:54.424537 OFF flow>4717 srcPort>44827 dst>fd10:23:100::2/21517 
19:47:54.446656 SHUTDOWN flow>4741 srcPort>40871 dst>fd10:23:100::2/21541 
19:47:54.456447 OFF flow>4733 srcPort>45421 dst>fd10:23:100::2/21533 
19:47:54.492046 ON flow>4989 srcPort>42519 dst>fd10:23:100::2/21789 
19:47:54.503551 CONNECT flow>4981 srcPort>44173 dst>fd10:23:100::2/21781 
19:47:54.536370 ON flow>4997 srcPort>40717 dst>fd10:23:100::2/21797 
19:47:54.554987 OFF flow>4653 srcPort>38077 dst>fd10:23:100::2/21453 
19:47:54.576886 CONNECT flow>4989 srcPort>42519 dst>fd10:23:100::2/21789 
19:47:54.623015 CONNECT flow>4997 srcPort>40717 dst>fd10:23:100::2/21797 
19:47:54.644203 SHUTDOWN flow>4749 srcPort>39439 dst>fd10:23:100::2/21549 
19:47:54.672674 ON flow>5005 srcPort>37711 dst>fd10:23:100::2/21805 
19:47:54.730607 ON flow>5013 srcPort>40543 dst>fd10:23:100::2/21813 
19:47:54.755160 CONNECT flow>5005 srcPort>37711 dst>fd10:23:100::2/21805 
19:47:54.794662 SHUTDOWN flow>4757 srcPort>45567 dst>fd10:23:100::2/21557 
19:47:54.812227 ON flow>5021 srcPort>43013 dst>fd10:23:100::2/21821 
19:47:54.813472 CONNECT flow>5013 srcPort>40543 dst>fd10:23:100::2/21813 
19:47:54.878570 SHUTDOWN flow>4765 srcPort>44989 dst>fd10:23:100::2/21565 
19:47:54.880593 OFF flow>4757 srcPort>45567 dst>fd10:23:100::2/21557 
19:47:54.886527 ON flow>5029 srcPort>40957 dst>fd10:23:100::2/21829 
19:47:54.896897 CONNECT flow>5021 srcPort>43013 dst>fd10:23:100::2/21821 
19:47:54.940688 OFF flow>4701 srcPort>44503 dst>fd10:23:100::2/21501 
19:47:54.963797 OFF flow>4765 srcPort>44989 dst>fd10:23:100::2/21565 
19:47:54.971870 CONNECT flow>5029 srcPort>40957 dst>fd10:23:100::2/21829 
19:47:54.976472 SHUTDOWN flow>4773 srcPort>46593 dst>fd10:23:100::2/21573 
19:47:54.982521 ON flow>5037 srcPort>37347 dst>fd10:23:100::2/21837 
19:47:55.065407 OFF flow>4773 srcPort>46593 dst>fd10:23:100::2/21573 
19:47:55.071125 CONNECT flow>5037 srcPort>37347 dst>fd10:23:100::2/21837 
19:47:55.079943 ON flow>5045 srcPort>34767 dst>fd10:23:100::2/21845 
19:47:55.095471 SHUTDOWN flow>4781 srcPort>46847 dst>fd10:23:100::2/21581 
19:47:55.171943 CONNECT flow>5045 srcPort>34767 dst>fd10:23:100::2/21845 
19:47:55.172364 OFF flow>4749 srcPort>39439 dst>fd10:23:100::2/21549 
19:47:55.186616 OFF flow>4781 srcPort>46847 dst>fd10:23:100::2/21581 
19:47:55.196070 ON flow>5053 srcPort>32921 dst>fd10:23:100::2/21853 
19:47:55.222304 SHUTDOWN flow>4789 srcPort>33361 dst>fd10:23:100::2/21589 
19:47:55.264299 ON flow>5061 srcPort>42497 dst>fd10:23:100::2/21861 
19:47:55.283311 ON flow>5069 srcPort>41855 dst>fd10:23:100::2/21869 
19:47:55.292849 CONNECT flow>5053 srcPort>32921 dst>fd10:23:100::2/21853 
19:47:55.320803 OFF flow>4789 srcPort>33361 dst>fd10:23:100::2/21589 
19:47:55.360607 CONNECT flow>5061 srcPort>42497 dst>fd10:23:100::2/21861 
19:47:55.377093 ON flow>5077 srcPort>33365 dst>fd10:23:100::2/21877 
19:47:55.379436 CONNECT flow>5069 srcPort>41855 dst>fd10:23:100::2/21869 
19:47:55.421284 SHUTDOWN flow>4797 srcPort>42723 dst>fd10:23:100::2/21597 
19:47:55.424747 ON flow>5085 srcPort>44373 dst>fd10:23:100::2/21885 
19:47:55.468891 CONNECT flow>5077 srcPort>33365 dst>fd10:23:100::2/21877 
19:47:55.513582 OFF flow>4797 srcPort>42723 dst>fd10:23:100::2/21597 
19:47:55.516366 CONNECT flow>5085 srcPort>44373 dst>fd10:23:100::2/21885 
19:47:55.541103 ON flow>5093 srcPort>42231 dst>fd10:23:100::2/21893 
19:47:55.599359 OFF flow>4741 srcPort>40871 dst>fd10:23:100::2/21541 
19:47:55.616885 SHUTDOWN flow>4805 srcPort>34529 dst>fd10:23:100::2/21605 
19:47:55.628997 ON flow>5101 srcPort>35533 dst>fd10:23:100::2/21901 
19:47:55.639852 CONNECT flow>5093 srcPort>42231 dst>fd10:23:100::2/21893 
19:47:55.724013 CONNECT flow>5101 srcPort>35533 dst>fd10:23:100::2/21901 
19:47:55.859099 SHUTDOWN flow>4813 srcPort>39661 dst>fd10:23:100::2/21613 
19:47:55.983375 ON flow>5109 srcPort>46591 dst>fd10:23:100::2/21909 
19:47:56.040921 SHUTDOWN flow>4821 srcPort>46845 dst>fd10:23:100::2/21621 
19:47:56.045445 OFF flow>4661 srcPort>46123 dst>fd10:23:100::2/21461 
19:47:56.060924 ON flow>5117 srcPort>35451 dst>fd10:23:100::2/21917 
19:47:56.068114 CONNECT flow>5109 srcPort>46591 dst>fd10:23:100::2/21909 
19:47:56.124431 ON flow>5125 srcPort>33453 dst>fd10:23:100::2/21925 
19:47:56.155025 CONNECT flow>5117 srcPort>35451 dst>fd10:23:100::2/21917 
19:47:56.225235 CONNECT flow>5125 srcPort>33453 dst>fd10:23:100::2/21925 
19:47:56.253498 ON flow>5133 srcPort>33515 dst>fd10:23:100::2/21933 
19:47:56.296365 ON flow>5141 srcPort>42483 dst>fd10:23:100::2/21941 
19:47:56.349745 CONNECT flow>5133 srcPort>33515 dst>fd10:23:100::2/21933 
19:47:56.369552 SHUTDOWN flow>4829 srcPort>45879 dst>fd10:23:100::2/21629 
19:47:56.370243 OFF flow>4813 srcPort>39661 dst>fd10:23:100::2/21613 
19:47:56.371964 SHUTDOWN flow>4853 srcPort>35855 dst>fd10:23:100::2/21653 
19:47:56.381385 ON flow>5149 srcPort>42189 dst>fd10:23:100::2/21949 
19:47:56.389330 CONNECT flow>5141 srcPort>42483 dst>fd10:23:100::2/21941 
19:47:56.446896 SHUTDOWN flow>4837 srcPort>37795 dst>fd10:23:100::2/21637 
19:47:56.477113 CONNECT flow>5149 srcPort>42189 dst>fd10:23:100::2/21949 
19:47:56.479219 OFF flow>4805 srcPort>34529 dst>fd10:23:100::2/21605 
19:47:56.536338 SHUTDOWN flow>4845 srcPort>38439 dst>fd10:23:100::2/21645 
19:47:56.581676 SHUTDOWN flow>4869 srcPort>33663 dst>fd10:23:100::2/21669 
19:47:56.675898 SHUTDOWN flow>4877 srcPort>37219 dst>fd10:23:100::2/21677 
19:47:56.777789 ON flow>5157 srcPort>38463 dst>fd10:23:100::2/21957 
19:47:56.788426 SHUTDOWN flow>4885 srcPort>41465 dst>fd10:23:100::2/21685 
19:47:56.867400 OFF flow>4869 srcPort>33663 dst>fd10:23:100::2/21669 
19:47:56.883431 CONNECT flow>5157 srcPort>38463 dst>fd10:23:100::2/21957 
19:47:56.987845 SHUTDOWN flow>4861 srcPort>34353 dst>fd10:23:100::2/21661 
19:47:57.041832 ON flow>5165 srcPort>34503 dst>fd10:23:100::2/21965 
19:47:57.133235 OFF flow>4885 srcPort>41465 dst>fd10:23:100::2/21685 
19:47:57.136346 CONNECT flow>5165 srcPort>34503 dst>fd10:23:100::2/21965 
19:47:57.184734 SHUTDOWN flow>4893 srcPort>35337 dst>fd10:23:100::2/21693 
19:47:57.228713 OFF flow>4877 srcPort>37219 dst>fd10:23:100::2/21677 
19:47:57.236578 ON flow>5173 srcPort>44493 dst>fd10:23:100::2/21973 
19:47:57.247708 OFF flow>4853 srcPort>35855 dst>fd10:23:100::2/21653 
19:47:57.279308 OFF flow>4845 srcPort>38439 dst>fd10:23:100::2/21645 
19:47:57.280066 OFF flow>4893 srcPort>35337 dst>fd10:23:100::2/21693 
19:47:57.317976 SHUTDOWN flow>4901 srcPort>41037 dst>fd10:23:100::2/21701 
19:47:57.331594 CONNECT flow>5173 srcPort>44493 dst>fd10:23:100::2/21973 
19:47:57.396062 ON flow>5181 srcPort>38289 dst>fd10:23:100::2/21981 
19:47:57.416216 OFF flow>4829 srcPort>45879 dst>fd10:23:100::2/21629 
19:47:57.418981 OFF flow>4821 srcPort>46845 dst>fd10:23:100::2/21621 
19:47:57.470933 SHUTDOWN flow>4909 srcPort>34561 dst>fd10:23:100::2/21709 
19:47:57.489641 CONNECT flow>5181 srcPort>38289 dst>fd10:23:100::2/21981 
19:47:57.526931 ON flow>5189 srcPort>39255 dst>fd10:23:100::2/21989 
19:47:57.609067 ON flow>5197 srcPort>36979 dst>fd10:23:100::2/21997 
19:47:57.626137 CONNECT flow>5189 srcPort>39255 dst>fd10:23:100::2/21989 
19:47:57.709072 ON flow>5205 srcPort>46671 dst>fd10:23:100::2/22005 
19:47:57.709348 CONNECT flow>5197 srcPort>36979 dst>fd10:23:100::2/21997 
19:47:57.799659 SHUTDOWN flow>4925 srcPort>37101 dst>fd10:23:100::2/21725 
19:47:57.821895 CONNECT flow>5205 srcPort>46671 dst>fd10:23:100::2/22005 
19:47:57.850466 ON flow>5213 srcPort>33339 dst>fd10:23:100::2/22013 
19:47:57.908891 OFF flow>4925 srcPort>37101 dst>fd10:23:100::2/21725 
19:47:57.959421 CONNECT flow>5213 srcPort>33339 dst>fd10:23:100::2/22013 
19:47:57.970662 SHUTDOWN flow>4917 srcPort>39655 dst>fd10:23:100::2/21717 
19:47:57.983299 ON flow>5221 srcPort>37531 dst>fd10:23:100::2/22021 
19:47:58.042663 SHUTDOWN flow>4933 srcPort>46759 dst>fd10:23:100::2/21733 
19:47:58.088298 CONNECT flow>5221 srcPort>37531 dst>fd10:23:100::2/22021 
19:47:58.163494 OFF flow>4837 srcPort>37795 dst>fd10:23:100::2/21637 
19:47:58.180313 ON flow>5229 srcPort>34711 dst>fd10:23:100::2/22029 
19:47:58.196382 OFF flow>4933 srcPort>46759 dst>fd10:23:100::2/21733 
19:47:58.282736 CONNECT flow>5229 srcPort>34711 dst>fd10:23:100::2/22029 
19:47:58.323545 OFF flow>4909 srcPort>34561 dst>fd10:23:100::2/21709 
19:47:58.332584 OFF flow>4861 srcPort>34353 dst>fd10:23:100::2/21661 
19:47:58.545574 OFF flow>4901 srcPort>41037 dst>fd10:23:100::2/21701 
19:47:58.567042 ON flow>5237 srcPort>34475 dst>fd10:23:100::2/22037 
19:47:58.573560 SHUTDOWN flow>4949 srcPort>35713 dst>fd10:23:100::2/21749 
19:47:58.674104 CONNECT flow>5237 srcPort>34475 dst>fd10:23:100::2/22037 
19:47:58.677372 OFF flow>4949 srcPort>35713 dst>fd10:23:100::2/21749 
19:47:58.705464 ON flow>5245 srcPort>39189 dst>fd10:23:100::2/22045 
19:47:58.812438 SHUTDOWN flow>4941 srcPort>40441 dst>fd10:23:100::2/21741 
19:47:58.815711 CONNECT flow>5245 srcPort>39189 dst>fd10:23:100::2/22045 
19:47:58.816414 SHUTDOWN flow>4957 srcPort>38111 dst>fd10:23:100::2/21757 
19:47:58.935876 ON flow>5253 srcPort>41425 dst>fd10:23:100::2/22053 
19:47:58.982030 SHUTDOWN flow>4965 srcPort>39791 dst>fd10:23:100::2/21765 
19:47:59.015697 OFF flow>4957 srcPort>38111 dst>fd10:23:100::2/21757 
19:47:59.044416 CONNECT flow>5253 srcPort>41425 dst>fd10:23:100::2/22053 
19:47:59.104810 OFF flow>4965 srcPort>39791 dst>fd10:23:100::2/21765 
19:47:59.166022 OFF flow>4917 srcPort>39655 dst>fd10:23:100::2/21717 
19:47:59.215897 SHUTDOWN flow>4981 srcPort>44173 dst>fd10:23:100::2/21781 
19:47:59.291919 SHUTDOWN flow>4989 srcPort>42519 dst>fd10:23:100::2/21789 
19:47:59.298709 ON flow>5261 srcPort>41337 dst>fd10:23:100::2/22061 
19:47:59.321888 OFF flow>4981 srcPort>44173 dst>fd10:23:100::2/21781 
19:47:59.404603 CONNECT flow>5261 srcPort>41337 dst>fd10:23:100::2/22061 
19:47:59.467860 ON flow>5269 srcPort>36893 dst>fd10:23:100::2/22069 
19:47:59.472536 SHUTDOWN flow>5005 srcPort>37711 dst>fd10:23:100::2/21805 
19:47:59.509559 SHUTDOWN flow>4973 srcPort>40739 dst>fd10:23:100::2/21773 
19:47:59.530443 SHUTDOWN flow>5013 srcPort>40543 dst>fd10:23:100::2/21813 
19:47:59.570429 CONNECT flow>5269 srcPort>36893 dst>fd10:23:100::2/22069 
19:47:59.612046 SHUTDOWN flow>5021 srcPort>43013 dst>fd10:23:100::2/21821 
19:47:59.627766 SHUTDOWN flow>4997 srcPort>40717 dst>fd10:23:100::2/21797 
19:47:59.632852 ON flow>5277 srcPort>39839 dst>fd10:23:100::2/22077 
19:47:59.734983 CONNECT flow>5277 srcPort>39839 dst>fd10:23:100::2/22077 
19:47:59.782611 SHUTDOWN flow>5037 srcPort>37347 dst>fd10:23:100::2/21837 
19:47:59.791413 ON flow>5285 srcPort>36309 dst>fd10:23:100::2/22085 
19:47:59.836079 SHUTDOWN flow>5029 srcPort>40957 dst>fd10:23:100::2/21829 
19:47:59.877883 OFF flow>5037 srcPort>37347 dst>fd10:23:100::2/21837 
19:47:59.885639 ON flow>5293 srcPort>40209 dst>fd10:23:100::2/22093 
19:47:59.887597 CONNECT flow>5285 srcPort>36309 dst>fd10:23:100::2/22085 
19:47:59.895191 OFF flow>5021 srcPort>43013 dst>fd10:23:100::2/21821 
19:47:59.960392 ON flow>5301 srcPort>43645 dst>fd10:23:100::2/22101 
19:47:59.979735 CONNECT flow>5293 srcPort>40209 dst>fd10:23:100::2/22093 
19:47:59.996018 SHUTDOWN flow>5053 srcPort>32921 dst>fd10:23:100::2/21853 
19:48:00.050942 CONNECT flow>5301 srcPort>43645 dst>fd10:23:100::2/22101 
19:48:00.064121 SHUTDOWN flow>5061 srcPort>42497 dst>fd10:23:100::2/21861 
19:48:00.071878 ON flow>5309 srcPort>34839 dst>fd10:23:100::2/22109 
19:48:00.083248 SHUTDOWN flow>5069 srcPort>41855 dst>fd10:23:100::2/21869 
19:48:00.159410 ON flow>5317 srcPort>32859 dst>fd10:23:100::2/22117 
19:48:00.162519 CONNECT flow>5309 srcPort>34839 dst>fd10:23:100::2/22109 
19:48:00.184122 OFF flow>4997 srcPort>40717 dst>fd10:23:100::2/21797 
19:48:00.186011 OFF flow>5005 srcPort>37711 dst>fd10:23:100::2/21805 
19:48:00.205837 OFF flow>5013 srcPort>40543 dst>fd10:23:100::2/21813 
19:48:00.230166 ON flow>5325 srcPort>46119 dst>fd10:23:100::2/22125 
19:48:00.251832 CONNECT flow>5317 srcPort>32859 dst>fd10:23:100::2/22117 
19:48:00.278038 ON flow>5333 srcPort>43703 dst>fd10:23:100::2/22133 
19:48:00.286662 SHUTDOWN flow>5045 srcPort>34767 dst>fd10:23:100::2/21845 
19:48:00.304209 SHUTDOWN flow>5077 srcPort>33365 dst>fd10:23:100::2/21877 
19:48:00.323842 CONNECT flow>5325 srcPort>46119 dst>fd10:23:100::2/22125 
19:48:00.368536 SHUTDOWN flow>5085 srcPort>44373 dst>fd10:23:100::2/21885 
19:48:00.374048 CONNECT flow>5333 srcPort>43703 dst>fd10:23:100::2/22133 
19:48:00.384362 ON flow>5341 srcPort>43009 dst>fd10:23:100::2/22141 
19:48:00.414124 OFF flow>4941 srcPort>40441 dst>fd10:23:100::2/21741 
19:48:00.435805 OFF flow>5069 srcPort>41855 dst>fd10:23:100::2/21869 
19:48:00.465293 OFF flow>5077 srcPort>33365 dst>fd10:23:100::2/21877 
19:48:00.480210 CONNECT flow>5341 srcPort>43009 dst>fd10:23:100::2/22141 
19:48:00.498833 SHUTDOWN flow>5093 srcPort>42231 dst>fd10:23:100::2/21893 
19:48:00.526162 ON flow>5349 srcPort>35113 dst>fd10:23:100::2/22149 
19:48:00.535385 OFF flow>5053 srcPort>32921 dst>fd10:23:100::2/21853 
19:48:00.620762 CONNECT flow>5349 srcPort>35113 dst>fd10:23:100::2/22149 
19:48:00.622919 SHUTDOWN flow>5101 srcPort>35533 dst>fd10:23:100::2/21901 
19:48:00.768624 ON flow>5357 srcPort>38451 dst>fd10:23:100::2/22157 
19:48:00.770014 OFF flow>5061 srcPort>42497 dst>fd10:23:100::2/21861 
19:48:00.783022 SHUTDOWN flow>5109 srcPort>46591 dst>fd10:23:100::2/21909 
19:48:00.808112 OFF flow>5093 srcPort>42231 dst>fd10:23:100::2/21893 
19:48:00.823540 OFF flow>5101 srcPort>35533 dst>fd10:23:100::2/21901 
19:48:00.833110 ON flow>5365 srcPort>34207 dst>fd10:23:100::2/22165 
19:48:00.862640 CONNECT flow>5357 srcPort>38451 dst>fd10:23:100::2/22157 
19:48:00.876386 OFF flow>5109 srcPort>46591 dst>fd10:23:100::2/21909 
19:48:00.923850 CONNECT flow>5365 srcPort>34207 dst>fd10:23:100::2/22165 
19:48:00.924273 SHUTDOWN flow>5125 srcPort>33453 dst>fd10:23:100::2/21925 
19:48:00.939967 OFF flow>5085 srcPort>44373 dst>fd10:23:100::2/21885 
19:48:00.951827 ON flow>5373 srcPort>38783 dst>fd10:23:100::2/22173 
19:48:01.018547 OFF flow>5125 srcPort>33453 dst>fd10:23:100::2/21925 
19:48:01.045156 SHUTDOWN flow>5117 srcPort>35451 dst>fd10:23:100::2/21917 
19:48:01.050112 CONNECT flow>5373 srcPort>38783 dst>fd10:23:100::2/22173 
19:48:01.051172 ON flow>5381 srcPort>36579 dst>fd10:23:100::2/22181 
19:48:01.053368 SHUTDOWN flow>5133 srcPort>33515 dst>fd10:23:100::2/21933 
19:48:01.096269 SHUTDOWN flow>5141 srcPort>42483 dst>fd10:23:100::2/21941 
19:48:01.097660 ON flow>5389 srcPort>35435 dst>fd10:23:100::2/22189 
19:48:01.140092 OFF flow>4973 srcPort>40739 dst>fd10:23:100::2/21773 
19:48:01.152915 CONNECT flow>5381 srcPort>36579 dst>fd10:23:100::2/22181 
19:48:01.181310 SHUTDOWN flow>5149 srcPort>42189 dst>fd10:23:100::2/21949 
19:48:01.190679 ON flow>5397 srcPort>34199 dst>fd10:23:100::2/22197 
19:48:01.198156 OFF flow>5141 srcPort>42483 dst>fd10:23:100::2/21941 
19:48:01.198981 CONNECT flow>5389 srcPort>35435 dst>fd10:23:100::2/22189 
19:48:01.245760 OFF flow>5133 srcPort>33515 dst>fd10:23:100::2/21933 
19:48:01.275950 OFF flow>5149 srcPort>42189 dst>fd10:23:100::2/21949 
19:48:01.277946 ON flow>5405 srcPort>44725 dst>fd10:23:100::2/22205 
19:48:01.285226 CONNECT flow>5397 srcPort>34199 dst>fd10:23:100::2/22197 
19:48:01.290175 OFF flow>5029 srcPort>40957 dst>fd10:23:100::2/21829 
19:48:01.377763 CONNECT flow>5405 srcPort>44725 dst>fd10:23:100::2/22205 
19:48:01.379381 ON flow>5413 srcPort>38193 dst>fd10:23:100::2/22213 
19:48:01.475675 ON flow>5421 srcPort>43523 dst>fd10:23:100::2/22221 
19:48:01.479016 CONNECT flow>5413 srcPort>38193 dst>fd10:23:100::2/22213 
19:48:01.530027 OFF flow>5117 srcPort>35451 dst>fd10:23:100::2/21917 
19:48:01.547177 OFF flow>4989 srcPort>42519 dst>fd10:23:100::2/21789 
19:48:01.571677 CONNECT flow>5421 srcPort>43523 dst>fd10:23:100::2/22221 
19:48:01.577665 SHUTDOWN flow>5157 srcPort>38463 dst>fd10:23:100::2/21957 
19:48:01.643310 ON flow>5429 srcPort>36515 dst>fd10:23:100::2/22229 
19:48:01.679797 OFF flow>5157 srcPort>38463 dst>fd10:23:100::2/21957 
19:48:01.744143 CONNECT flow>5429 srcPort>36515 dst>fd10:23:100::2/22229 
19:48:01.766919 ON flow>5437 srcPort>32785 dst>fd10:23:100::2/22237 
19:48:01.841371 SHUTDOWN flow>5165 srcPort>34503 dst>fd10:23:100::2/21965 
19:48:01.857029 ON flow>5445 srcPort>39273 dst>fd10:23:100::2/22245 
19:48:01.857623 OFF flow>5045 srcPort>34767 dst>fd10:23:100::2/21845 
19:48:01.861558 CONNECT flow>5437 srcPort>32785 dst>fd10:23:100::2/22237 
19:48:01.955383 CONNECT flow>5445 srcPort>39273 dst>fd10:23:100::2/22245 
19:48:01.969755 OFF flow>5165 srcPort>34503 dst>fd10:23:100::2/21965 
19:48:01.983003 ON flow>5453 srcPort>42663 dst>fd10:23:100::2/22253 
19:48:02.036474 SHUTDOWN flow>5173 srcPort>44493 dst>fd10:23:100::2/21973 
19:48:02.085066 CONNECT flow>5453 srcPort>42663 dst>fd10:23:100::2/22253 
19:48:02.195759 SHUTDOWN flow>5181 srcPort>38289 dst>fd10:23:100::2/21981 
19:48:02.326765 SHUTDOWN flow>5189 srcPort>39255 dst>fd10:23:100::2/21989 
19:48:02.411742 ON flow>5461 srcPort>36241 dst>fd10:23:100::2/22261 
19:48:02.440969 SHUTDOWN flow>5197 srcPort>36979 dst>fd10:23:100::2/21997 
19:48:02.508732 SHUTDOWN flow>5205 srcPort>46671 dst>fd10:23:100::2/22005 
19:48:02.517530 CONNECT flow>5461 srcPort>36241 dst>fd10:23:100::2/22261 
19:48:02.650416 SHUTDOWN flow>5213 srcPort>33339 dst>fd10:23:100::2/22013 
19:48:02.705570 OFF flow>5205 srcPort>46671 dst>fd10:23:100::2/22005 
19:48:02.711290 ON flow>5469 srcPort>38535 dst>fd10:23:100::2/22269 
19:48:02.748957 OFF flow>5213 srcPort>33339 dst>fd10:23:100::2/22013 
19:48:02.797216 OFF flow>5189 srcPort>39255 dst>fd10:23:100::2/21989 
19:48:02.809662 CONNECT flow>5469 srcPort>38535 dst>fd10:23:100::2/22269 
19:48:02.859994 SHUTDOWN flow>5221 srcPort>37531 dst>fd10:23:100::2/22021 
19:48:02.888507 OFF flow>5181 srcPort>38289 dst>fd10:23:100::2/21981 
19:48:02.953647 ON flow>5477 srcPort>36993 dst>fd10:23:100::2/22277 
19:48:02.980247 SHUTDOWN flow>5229 srcPort>34711 dst>fd10:23:100::2/22029 
19:48:02.997335 OFF flow>5197 srcPort>36979 dst>fd10:23:100::2/21997 
19:48:03.053206 CONNECT flow>5477 srcPort>36993 dst>fd10:23:100::2/22277 
19:48:03.079966 OFF flow>5229 srcPort>34711 dst>fd10:23:100::2/22029 
19:48:03.151991 ON flow>5485 srcPort>40705 dst>fd10:23:100::2/22285 
19:48:03.197285 OFF flow>5221 srcPort>37531 dst>fd10:23:100::2/22021 
19:48:03.245975 CONNECT flow>5485 srcPort>40705 dst>fd10:23:100::2/22285 
19:48:03.289082 ON flow>5493 srcPort>44253 dst>fd10:23:100::2/22293 
19:48:03.366814 SHUTDOWN flow>5237 srcPort>34475 dst>fd10:23:100::2/22037 
19:48:03.378598 CONNECT flow>5493 srcPort>44253 dst>fd10:23:100::2/22293 
19:48:03.435372 OFF flow>5173 srcPort>44493 dst>fd10:23:100::2/21973 
19:48:03.454761 ON flow>5501 srcPort>37077 dst>fd10:23:100::2/22301 
19:48:03.459427 OFF flow>5237 srcPort>34475 dst>fd10:23:100::2/22037 
19:48:03.505395 SHUTDOWN flow>5245 srcPort>39189 dst>fd10:23:100::2/22045 
19:48:03.542319 ON flow>5509 srcPort>39973 dst>fd10:23:100::2/22309 
19:48:03.542894 CONNECT flow>5501 srcPort>37077 dst>fd10:23:100::2/22301 
19:48:03.622654 ON flow>5517 srcPort>33625 dst>fd10:23:100::2/22317 
19:48:03.627948 CONNECT flow>5509 srcPort>39973 dst>fd10:23:100::2/22309 
19:48:03.709738 CONNECT flow>5517 srcPort>33625 dst>fd10:23:100::2/22317 
19:48:03.726615 ON flow>5525 srcPort>42457 dst>fd10:23:100::2/22325 
19:48:03.735597 SHUTDOWN flow>5253 srcPort>41425 dst>fd10:23:100::2/22053 
19:48:03.815414 CONNECT flow>5525 srcPort>42457 dst>fd10:23:100::2/22325 
19:48:03.878790 OFF flow>5253 srcPort>41425 dst>fd10:23:100::2/22053 
19:48:03.973309 ON flow>5533 srcPort>39247 dst>fd10:23:100::2/22333 
19:48:04.071638 CONNECT flow>5533 srcPort>39247 dst>fd10:23:100::2/22333 
19:48:04.098144 SHUTDOWN flow>5261 srcPort>41337 dst>fd10:23:100::2/22061 
19:48:04.112682 OFF flow>5245 srcPort>39189 dst>fd10:23:100::2/22045 
19:48:04.158413 ON flow>5541 srcPort>38655 dst>fd10:23:100::2/22341 
19:48:04.199512 OFF flow>5261 srcPort>41337 dst>fd10:23:100::2/22061 
19:48:04.263034 CONNECT flow>5541 srcPort>38655 dst>fd10:23:100::2/22341 
19:48:04.267621 SHUTDOWN flow>5269 srcPort>36893 dst>fd10:23:100::2/22069 
19:48:04.367310 ON flow>5549 srcPort>35415 dst>fd10:23:100::2/22349 
19:48:04.432730 SHUTDOWN flow>5277 srcPort>39839 dst>fd10:23:100::2/22077 
19:48:04.475533 CONNECT flow>5549 srcPort>35415 dst>fd10:23:100::2/22349 
19:48:04.584522 OFF flow>5269 srcPort>36893 dst>fd10:23:100::2/22069 
19:48:04.591328 SHUTDOWN flow>5285 srcPort>36309 dst>fd10:23:100::2/22085 
19:48:04.684407 ON flow>5557 srcPort>37807 dst>fd10:23:100::2/22357 
19:48:04.783844 ON flow>5565 srcPort>34593 dst>fd10:23:100::2/22365 
19:48:04.790152 CONNECT flow>5557 srcPort>37807 dst>fd10:23:100::2/22357 
19:48:04.802260 SHUTDOWN flow>5293 srcPort>40209 dst>fd10:23:100::2/22093 
19:48:04.860186 ON flow>5573 srcPort>41567 dst>fd10:23:100::2/22373 
19:48:04.871742 SHUTDOWN flow>5309 srcPort>34839 dst>fd10:23:100::2/22109 
19:48:04.890965 CONNECT flow>5565 srcPort>34593 dst>fd10:23:100::2/22365 
19:48:04.939847 ON flow>5581 srcPort>43857 dst>fd10:23:100::2/22381 
19:48:04.959325 SHUTDOWN flow>5317 srcPort>32859 dst>fd10:23:100::2/22117 
19:48:04.967267 CONNECT flow>5573 srcPort>41567 dst>fd10:23:100::2/22373 
19:48:04.980985 OFF flow>5309 srcPort>34839 dst>fd10:23:100::2/22109 
19:48:05.004379 ON flow>5589 srcPort>46309 dst>fd10:23:100::2/22389 
19:48:05.030044 SHUTDOWN flow>5325 srcPort>46119 dst>fd10:23:100::2/22125 
19:48:05.045951 CONNECT flow>5581 srcPort>43857 dst>fd10:23:100::2/22381 
19:48:05.073542 ON flow>5597 srcPort>36189 dst>fd10:23:100::2/22397 
19:48:05.077942 SHUTDOWN flow>5333 srcPort>43703 dst>fd10:23:100::2/22133 
19:48:05.110220 CONNECT flow>5589 srcPort>46309 dst>fd10:23:100::2/22389 
19:48:05.148324 SHUTDOWN flow>5301 srcPort>43645 dst>fd10:23:100::2/22101 
19:48:05.157964 ON flow>5605 srcPort>33475 dst>fd10:23:100::2/22405 
19:48:05.179928 CONNECT flow>5597 srcPort>36189 dst>fd10:23:100::2/22397 
19:48:05.181472 OFF flow>5333 srcPort>43703 dst>fd10:23:100::2/22133 
19:48:05.248419 SHUTDOWN flow>5341 srcPort>43009 dst>fd10:23:100::2/22141 
19:48:05.269338 CONNECT flow>5605 srcPort>33475 dst>fd10:23:100::2/22405 
19:48:05.282587 ON flow>5613 srcPort>38473 dst>fd10:23:100::2/22413 
19:48:05.300019 OFF flow>5277 srcPort>39839 dst>fd10:23:100::2/22077 
19:48:05.326046 SHUTDOWN flow>5349 srcPort>35113 dst>fd10:23:100::2/22149 
19:48:05.390836 CONNECT flow>5613 srcPort>38473 dst>fd10:23:100::2/22413 
19:48:05.444527 ON flow>5621 srcPort>39125 dst>fd10:23:100::2/22421 
19:48:05.474895 OFF flow>5341 srcPort>43009 dst>fd10:23:100::2/22141 
19:48:05.544001 CONNECT flow>5621 srcPort>39125 dst>fd10:23:100::2/22421 
19:48:05.568523 SHUTDOWN flow>5357 srcPort>38451 dst>fd10:23:100::2/22157 
19:48:05.612867 ON flow>5629 srcPort>35899 dst>fd10:23:100::2/22429 
19:48:05.622929 OFF flow>5325 srcPort>46119 dst>fd10:23:100::2/22125 
19:48:05.633032 SHUTDOWN flow>5365 srcPort>34207 dst>fd10:23:100::2/22165 
19:48:05.634328 OFF flow>5349 srcPort>35113 dst>fd10:23:100::2/22149 
19:48:05.714090 CONNECT flow>5629 srcPort>35899 dst>fd10:23:100::2/22429 
19:48:05.751588 SHUTDOWN flow>5373 srcPort>38783 dst>fd10:23:100::2/22173 
19:48:05.781447 OFF flow>5365 srcPort>34207 dst>fd10:23:100::2/22165 
19:48:05.787931 OFF flow>5285 srcPort>36309 dst>fd10:23:100::2/22085 
19:48:05.851097 SHUTDOWN flow>5381 srcPort>36579 dst>fd10:23:100::2/22181 
19:48:05.897388 SHUTDOWN flow>5389 srcPort>35435 dst>fd10:23:100::2/22189 
19:48:05.946134 OFF flow>5373 srcPort>38783 dst>fd10:23:100::2/22173 
19:48:05.965928 OFF flow>5301 srcPort>43645 dst>fd10:23:100::2/22101 
19:48:05.979473 ON flow>5637 srcPort>35579 dst>fd10:23:100::2/22437 
19:48:06.017107 SHUTDOWN flow>5397 srcPort>34199 dst>fd10:23:100::2/22197 
19:48:06.077802 SHUTDOWN flow>5405 srcPort>44725 dst>fd10:23:100::2/22205 
19:48:06.078561 CONNECT flow>5637 srcPort>35579 dst>fd10:23:100::2/22437 
19:48:06.107828 ON flow>5645 srcPort>45707 dst>fd10:23:100::2/22445 
19:48:06.135563 OFF flow>5357 srcPort>38451 dst>fd10:23:100::2/22157 
19:48:06.156986 OFF flow>5389 srcPort>35435 dst>fd10:23:100::2/22189 
19:48:06.172405 OFF flow>5405 srcPort>44725 dst>fd10:23:100::2/22205 
19:48:06.179326 SHUTDOWN flow>5413 srcPort>38193 dst>fd10:23:100::2/22213 
19:48:06.202040 CONNECT flow>5645 srcPort>45707 dst>fd10:23:100::2/22445 
19:48:06.291100 ON flow>5653 srcPort>40479 dst>fd10:23:100::2/22453 
19:48:06.318740 OFF flow>5317 srcPort>32859 dst>fd10:23:100::2/22117 
19:48:06.379674 CONNECT flow>5653 srcPort>40479 dst>fd10:23:100::2/22453 
19:48:06.394864 SHUTDOWN flow>5421 srcPort>43523 dst>fd10:23:100::2/22221 
19:48:06.413920 ON flow>5661 srcPort>44611 dst>fd10:23:100::2/22461 
19:48:06.499723 CONNECT flow>5661 srcPort>44611 dst>fd10:23:100::2/22461 
19:48:06.504509 ON flow>5669 srcPort>42797 dst>fd10:23:100::2/22469 
19:48:06.566822 SHUTDOWN flow>5437 srcPort>32785 dst>fd10:23:100::2/22237 
19:48:06.571713 SHUTDOWN flow>5429 srcPort>36515 dst>fd10:23:100::2/22229 
19:48:06.590432 CONNECT flow>5669 srcPort>42797 dst>fd10:23:100::2/22469 
19:48:06.627422 ON flow>5677 srcPort>38339 dst>fd10:23:100::2/22477 
19:48:06.633174 OFF flow>5397 srcPort>34199 dst>fd10:23:100::2/22197 
19:48:06.653711 OFF flow>5413 srcPort>38193 dst>fd10:23:100::2/22213 
19:48:06.653921 OFF flow>5437 srcPort>32785 dst>fd10:23:100::2/22237 
19:48:06.656908 SHUTDOWN flow>5445 srcPort>39273 dst>fd10:23:100::2/22245 
19:48:06.711731 CONNECT flow>5677 srcPort>38339 dst>fd10:23:100::2/22477 
19:48:06.749353 OFF flow>5445 srcPort>39273 dst>fd10:23:100::2/22245 
19:48:06.782848 SHUTDOWN flow>5453 srcPort>42663 dst>fd10:23:100::2/22253 
19:48:06.804903 ON flow>5685 srcPort>37363 dst>fd10:23:100::2/22485 
19:48:06.870368 OFF flow>5453 srcPort>42663 dst>fd10:23:100::2/22253 
19:48:06.892850 CONNECT flow>5685 srcPort>37363 dst>fd10:23:100::2/22485 
19:48:06.926177 ON flow>5693 srcPort>35321 dst>fd10:23:100::2/22493 
19:48:07.010556 OFF flow>5421 srcPort>43523 dst>fd10:23:100::2/22221 
19:48:07.017512 CONNECT flow>5693 srcPort>35321 dst>fd10:23:100::2/22493 
19:48:07.033968 ON flow>5701 srcPort>41679 dst>fd10:23:100::2/22501 
19:48:07.125832 ON flow>5709 srcPort>33745 dst>fd10:23:100::2/22509 
19:48:07.126308 CONNECT flow>5701 srcPort>41679 dst>fd10:23:100::2/22501 
19:48:07.189429 OFF flow>5429 srcPort>36515 dst>fd10:23:100::2/22229 
19:48:07.200020 OFF flow>5293 srcPort>40209 dst>fd10:23:100::2/22093 
19:48:07.207720 OFF flow>5381 srcPort>36579 dst>fd10:23:100::2/22181 
19:48:07.212561 ON flow>5717 srcPort>37841 dst>fd10:23:100::2/22517 
19:48:07.218620 CONNECT flow>5709 srcPort>33745 dst>fd10:23:100::2/22509 
19:48:07.246586 ON flow>5725 srcPort>44673 dst>fd10:23:100::2/22525 
19:48:07.303723 CONNECT flow>5717 srcPort>37841 dst>fd10:23:100::2/22517 
19:48:07.304790 SHUTDOWN flow>5461 srcPort>36241 dst>fd10:23:100::2/22261 
19:48:07.333358 CONNECT flow>5725 srcPort>44673 dst>fd10:23:100::2/22525 
19:48:07.365795 ON flow>5733 srcPort>38305 dst>fd10:23:100::2/22533 
19:48:07.458625 CONNECT flow>5733 srcPort>38305 dst>fd10:23:100::2/22533 
19:48:07.511153 SHUTDOWN flow>5469 srcPort>38535 dst>fd10:23:100::2/22269 
19:48:07.520509 ON flow>5741 srcPort>36931 dst>fd10:23:100::2/22541 
19:48:07.600460 ON flow>5749 srcPort>40053 dst>fd10:23:100::2/22549 
19:48:07.603641 OFF flow>5469 srcPort>38535 dst>fd10:23:100::2/22269 
19:48:07.608522 CONNECT flow>5741 srcPort>36931 dst>fd10:23:100::2/22541 
19:48:07.691519 CONNECT flow>5749 srcPort>40053 dst>fd10:23:100::2/22549 
19:48:07.696804 ON flow>5757 srcPort>35803 dst>fd10:23:100::2/22557 
19:48:07.753580 SHUTDOWN flow>5477 srcPort>36993 dst>fd10:23:100::2/22277 
19:48:07.790852 CONNECT flow>5757 srcPort>35803 dst>fd10:23:100::2/22557 
19:48:07.816189 ON flow>5765 srcPort>46635 dst>fd10:23:100::2/22565 
19:48:07.847806 OFF flow>5477 srcPort>36993 dst>fd10:23:100::2/22277 
19:48:07.908158 OFF flow>5461 srcPort>36241 dst>fd10:23:100::2/22261 
19:48:07.909971 CONNECT flow>5765 srcPort>46635 dst>fd10:23:100::2/22565 
19:48:07.916051 ON flow>5773 srcPort>41717 dst>fd10:23:100::2/22573 
19:48:07.951906 SHUTDOWN flow>5485 srcPort>40705 dst>fd10:23:100::2/22285 
19:48:07.975486 ON flow>5781 srcPort>41547 dst>fd10:23:100::2/22581 
19:48:08.005723 CONNECT flow>5773 srcPort>41717 dst>fd10:23:100::2/22573 
19:48:08.034425 ON flow>5789 srcPort>43951 dst>fd10:23:100::2/22589 
19:48:08.066452 ON flow>5797 srcPort>41415 dst>fd10:23:100::2/22597 
19:48:08.067707 OFF flow>5485 srcPort>40705 dst>fd10:23:100::2/22285 
19:48:08.072900 CONNECT flow>5781 srcPort>41547 dst>fd10:23:100::2/22581 
19:48:08.088981 SHUTDOWN flow>5493 srcPort>44253 dst>fd10:23:100::2/22293 
19:48:08.131586 CONNECT flow>5789 srcPort>43951 dst>fd10:23:100::2/22589 
19:48:08.164098 CONNECT flow>5797 srcPort>41415 dst>fd10:23:100::2/22597 
19:48:08.215586 ON flow>5805 srcPort>41319 dst>fd10:23:100::2/22605 
19:48:08.281092 SHUTDOWN flow>5501 srcPort>37077 dst>fd10:23:100::2/22301 
19:48:08.307527 CONNECT flow>5805 srcPort>41319 dst>fd10:23:100::2/22605 
19:48:08.314145 ON flow>5813 srcPort>40517 dst>fd10:23:100::2/22613 
19:48:08.329947 OFF flow>5493 srcPort>44253 dst>fd10:23:100::2/22293 
19:48:08.342176 SHUTDOWN flow>5509 srcPort>39973 dst>fd10:23:100::2/22309 
19:48:08.395057 ON flow>5821 srcPort>42301 dst>fd10:23:100::2/22621 
19:48:08.414524 CONNECT flow>5813 srcPort>40517 dst>fd10:23:100::2/22613 
19:48:08.422509 SHUTDOWN flow>5517 srcPort>33625 dst>fd10:23:100::2/22317 
19:48:08.495916 CONNECT flow>5821 srcPort>42301 dst>fd10:23:100::2/22621 
19:48:08.608019 OFF flow>5509 srcPort>39973 dst>fd10:23:100::2/22309 
19:48:08.768945 ON flow>5829 srcPort>34209 dst>fd10:23:100::2/22629 
19:48:08.869618 CONNECT flow>5829 srcPort>34209 dst>fd10:23:100::2/22629 
19:48:08.873847 OFF flow>5517 srcPort>33625 dst>fd10:23:100::2/22317 
19:48:08.928585 SHUTDOWN flow>5533 srcPort>39247 dst>fd10:23:100::2/22333 
19:48:09.018139 ON flow>5837 srcPort>34597 dst>fd10:23:100::2/22637 
19:48:09.118521 CONNECT flow>5837 srcPort>34597 dst>fd10:23:100::2/22637 
19:48:09.138237 SHUTDOWN flow>5525 srcPort>42457 dst>fd10:23:100::2/22325 
19:48:09.150523 ON flow>5845 srcPort>35851 dst>fd10:23:100::2/22645 
19:48:09.166936 SHUTDOWN flow>5549 srcPort>35415 dst>fd10:23:100::2/22349 
19:48:09.245293 CONNECT flow>5845 srcPort>35851 dst>fd10:23:100::2/22645 
19:48:09.255680 SHUTDOWN flow>5541 srcPort>38655 dst>fd10:23:100::2/22341 
19:48:09.264821 OFF flow>5549 srcPort>35415 dst>fd10:23:100::2/22349 
19:48:09.414773 ON flow>5853 srcPort>42469 dst>fd10:23:100::2/22653 
19:48:09.484575 SHUTDOWN flow>5557 srcPort>37807 dst>fd10:23:100::2/22357 
19:48:09.514385 CONNECT flow>5853 srcPort>42469 dst>fd10:23:100::2/22653 
19:48:09.583837 SHUTDOWN flow>5565 srcPort>34593 dst>fd10:23:100::2/22365 
19:48:09.679440 OFF flow>5501 srcPort>37077 dst>fd10:23:100::2/22301 
19:48:09.721599 SHUTDOWN flow>5573 srcPort>41567 dst>fd10:23:100::2/22373 
19:48:09.739711 SHUTDOWN flow>5581 srcPort>43857 dst>fd10:23:100::2/22381 
19:48:09.768339 ON flow>5861 srcPort>39561 dst>fd10:23:100::2/22661 
19:48:09.804217 SHUTDOWN flow>5589 srcPort>46309 dst>fd10:23:100::2/22389 
19:48:09.873414 SHUTDOWN flow>5597 srcPort>36189 dst>fd10:23:100::2/22397 
19:48:09.876556 CONNECT flow>5861 srcPort>39561 dst>fd10:23:100::2/22661 
19:48:09.896056 OFF flow>5581 srcPort>43857 dst>fd10:23:100::2/22381 
19:48:09.900570 OFF flow>5541 srcPort>38655 dst>fd10:23:100::2/22341 
19:48:09.983404 OFF flow>5533 srcPort>39247 dst>fd10:23:100::2/22333 
19:48:09.987505 ON flow>5869 srcPort>32775 dst>fd10:23:100::2/22669 
19:48:10.037226 SHUTDOWN flow>5605 srcPort>33475 dst>fd10:23:100::2/22405 
19:48:10.082433 SHUTDOWN flow>5613 srcPort>38473 dst>fd10:23:100::2/22413 
19:48:10.088531 CONNECT flow>5869 srcPort>32775 dst>fd10:23:100::2/22669 
19:48:10.120522 ON flow>5877 srcPort>33943 dst>fd10:23:100::2/22677 
19:48:10.176503 OFF flow>5613 srcPort>38473 dst>fd10:23:100::2/22413 
19:48:10.211714 CONNECT flow>5877 srcPort>33943 dst>fd10:23:100::2/22677 
19:48:10.237398 ON flow>5885 srcPort>40159 dst>fd10:23:100::2/22685 
19:48:10.244352 SHUTDOWN flow>5621 srcPort>39125 dst>fd10:23:100::2/22421 
19:48:10.260959 OFF flow>5589 srcPort>46309 dst>fd10:23:100::2/22389 
19:48:10.321431 OFF flow>5525 srcPort>42457 dst>fd10:23:100::2/22325 
19:48:10.330677 CONNECT flow>5885 srcPort>40159 dst>fd10:23:100::2/22685 
19:48:10.372393 ON flow>5893 srcPort>45427 dst>fd10:23:100::2/22693 
19:48:10.384227 OFF flow>5597 srcPort>36189 dst>fd10:23:100::2/22397 
19:48:10.391226 OFF flow>5621 srcPort>39125 dst>fd10:23:100::2/22421 
19:48:10.412441 SHUTDOWN flow>5629 srcPort>35899 dst>fd10:23:100::2/22429 
19:48:10.412660 OFF flow>5557 srcPort>37807 dst>fd10:23:100::2/22357 
19:48:10.466163 CONNECT flow>5893 srcPort>45427 dst>fd10:23:100::2/22693 
19:48:10.560717 OFF flow>5605 srcPort>33475 dst>fd10:23:100::2/22405 
19:48:10.575943 ON flow>5901 srcPort>39347 dst>fd10:23:100::2/22701 
19:48:10.582056 OFF flow>5573 srcPort>41567 dst>fd10:23:100::2/22373 
19:48:10.610314 OFF flow>5629 srcPort>35899 dst>fd10:23:100::2/22429 
19:48:10.645194 OFF flow>5565 srcPort>34593 dst>fd10:23:100::2/22365 
19:48:10.671046 CONNECT flow>5901 srcPort>39347 dst>fd10:23:100::2/22701 
19:48:10.712737 ON flow>5909 srcPort>33279 dst>fd10:23:100::2/22709 
19:48:10.779340 SHUTDOWN flow>5637 srcPort>35579 dst>fd10:23:100::2/22437 
19:48:10.812071 CONNECT flow>5909 srcPort>33279 dst>fd10:23:100::2/22709 
19:48:10.877835 OFF flow>5637 srcPort>35579 dst>fd10:23:100::2/22437 
19:48:10.880982 ON flow>5917 srcPort>40929 dst>fd10:23:100::2/22717 
19:48:10.907638 SHUTDOWN flow>5645 srcPort>45707 dst>fd10:23:100::2/22445 
19:48:10.977937 CONNECT flow>5917 srcPort>40929 dst>fd10:23:100::2/22717 
19:48:10.986970 ON flow>5925 srcPort>40045 dst>fd10:23:100::2/22725 
19:48:11.080810 CONNECT flow>5925 srcPort>40045 dst>fd10:23:100::2/22725 
19:48:11.107229 SHUTDOWN flow>5653 srcPort>40479 dst>fd10:23:100::2/22453 
19:48:11.111207 ON flow>5933 srcPort>44151 dst>fd10:23:100::2/22733 
19:48:11.202018 CONNECT flow>5933 srcPort>44151 dst>fd10:23:100::2/22733 
19:48:11.213877 ON flow>5941 srcPort>45323 dst>fd10:23:100::2/22741 
19:48:11.214033 SHUTDOWN flow>5661 srcPort>44611 dst>fd10:23:100::2/22461 
19:48:11.285990 ON flow>5949 srcPort>37665 dst>fd10:23:100::2/22749 
19:48:11.304394 SHUTDOWN flow>5669 srcPort>42797 dst>fd10:23:100::2/22469 
19:48:11.308019 OFF flow>5661 srcPort>44611 dst>fd10:23:100::2/22461 
19:48:11.308667 CONNECT flow>5941 srcPort>45323 dst>fd10:23:100::2/22741 
19:48:11.326834 ON flow>5957 srcPort>37507 dst>fd10:23:100::2/22757 
19:48:11.346590 ON flow>5965 srcPort>33367 dst>fd10:23:100::2/22765 
19:48:11.384015 CONNECT flow>5949 srcPort>37665 dst>fd10:23:100::2/22749 
19:48:11.405115 ON flow>5973 srcPort>36491 dst>fd10:23:100::2/22773 
19:48:11.421003 CONNECT flow>5957 srcPort>37507 dst>fd10:23:100::2/22757 
19:48:11.427293 SHUTDOWN flow>5677 srcPort>38339 dst>fd10:23:100::2/22477 
19:48:11.442607 CONNECT flow>5965 srcPort>33367 dst>fd10:23:100::2/22765 
19:48:11.450752 ON flow>5981 srcPort>40077 dst>fd10:23:100::2/22781 
19:48:11.498338 CONNECT flow>5973 srcPort>36491 dst>fd10:23:100::2/22773 
19:48:11.523816 OFF flow>5677 srcPort>38339 dst>fd10:23:100::2/22477 
19:48:11.526487 ON flow>5989 srcPort>41975 dst>fd10:23:100::2/22789 
19:48:11.545322 CONNECT flow>5981 srcPort>40077 dst>fd10:23:100::2/22781 
19:48:11.582252 OFF flow>5669 srcPort>42797 dst>fd10:23:100::2/22469 
19:48:11.604705 SHUTDOWN flow>5685 srcPort>37363 dst>fd10:23:100::2/22485 
19:48:11.616465 OFF flow>5653 srcPort>40479 dst>fd10:23:100::2/22453 
19:48:11.619642 ON flow>5997 srcPort>39163 dst>fd10:23:100::2/22797 
19:48:11.621292 CONNECT flow>5989 srcPort>41975 dst>fd10:23:100::2/22789 
19:48:11.681691 ON flow>6005 srcPort>44613 dst>fd10:23:100::2/22805 
19:48:11.717193 CONNECT flow>5997 srcPort>39163 dst>fd10:23:100::2/22797 
19:48:11.740270 OFF flow>5685 srcPort>37363 dst>fd10:23:100::2/22485 
19:48:11.780696 CONNECT flow>6005 srcPort>44613 dst>fd10:23:100::2/22805 
19:48:11.813667 ON flow>6013 srcPort>33559 dst>fd10:23:100::2/22813 
19:48:11.911385 CONNECT flow>6013 srcPort>33559 dst>fd10:23:100::2/22813 
19:48:11.925657 SHUTDOWN flow>5709 srcPort>33745 dst>fd10:23:100::2/22509 
19:48:11.971549 ON flow>6021 srcPort>40201 dst>fd10:23:100::2/22821 
19:48:12.012434 SHUTDOWN flow>5717 srcPort>37841 dst>fd10:23:100::2/22517 
19:48:12.068593 CONNECT flow>6021 srcPort>40201 dst>fd10:23:100::2/22821 
19:48:12.079675 ON flow>6029 srcPort>44477 dst>fd10:23:100::2/22829 
19:48:12.085926 SHUTDOWN flow>5701 srcPort>41679 dst>fd10:23:100::2/22501 
19:48:12.160230 SHUTDOWN flow>5693 srcPort>35321 dst>fd10:23:100::2/22493 
19:48:12.164977 ON flow>6037 srcPort>38819 dst>fd10:23:100::2/22837 
19:48:12.178341 CONNECT flow>6029 srcPort>44477 dst>fd10:23:100::2/22829 
19:48:12.237047 ON flow>6045 srcPort>39725 dst>fd10:23:100::2/22845 
19:48:12.249667 OFF flow>5645 srcPort>45707 dst>fd10:23:100::2/22445 
19:48:12.264693 CONNECT flow>6037 srcPort>38819 dst>fd10:23:100::2/22837 
19:48:12.320251 SHUTDOWN flow>5741 srcPort>36931 dst>fd10:23:100::2/22541 
19:48:12.335965 CONNECT flow>6045 srcPort>39725 dst>fd10:23:100::2/22845 
19:48:12.339027 ON flow>6053 srcPort>40119 dst>fd10:23:100::2/22853 
19:48:12.388071 OFF flow>5717 srcPort>37841 dst>fd10:23:100::2/22517 
19:48:12.393286 SHUTDOWN flow>5733 srcPort>38305 dst>fd10:23:100::2/22533 
19:48:12.422532 SHUTDOWN flow>5749 srcPort>40053 dst>fd10:23:100::2/22549 
19:48:12.430480 CONNECT flow>6053 srcPort>40119 dst>fd10:23:100::2/22853 
19:48:12.447763 ON flow>6061 srcPort>44683 dst>fd10:23:100::2/22861 
19:48:12.521333 OFF flow>5709 srcPort>33745 dst>fd10:23:100::2/22509 
19:48:12.552003 CONNECT flow>6061 srcPort>44683 dst>fd10:23:100::2/22861 
19:48:12.563864 ON flow>6069 srcPort>41725 dst>fd10:23:100::2/22869 
19:48:12.657295 CONNECT flow>6069 srcPort>41725 dst>fd10:23:100::2/22869 
19:48:12.662033 SHUTDOWN flow>5725 srcPort>44673 dst>fd10:23:100::2/22525 
19:48:12.671514 ON flow>6077 srcPort>45047 dst>fd10:23:100::2/22877 
19:48:12.756952 ON flow>6085 srcPort>46479 dst>fd10:23:100::2/22885 
19:48:12.768762 CONNECT flow>6077 srcPort>45047 dst>fd10:23:100::2/22877 
19:48:12.784535 ON flow>6093 srcPort>42419 dst>fd10:23:100::2/22893 
19:48:12.861332 CONNECT flow>6085 srcPort>46479 dst>fd10:23:100::2/22885 
19:48:12.866595 SHUTDOWN flow>5797 srcPort>41415 dst>fd10:23:100::2/22597 
19:48:12.890939 CONNECT flow>6093 srcPort>42419 dst>fd10:23:100::2/22893 
19:48:12.905716 ON flow>6101 srcPort>39559 dst>fd10:23:100::2/22901 
19:48:12.948810 SHUTDOWN flow>5773 srcPort>41717 dst>fd10:23:100::2/22573 
19:48:12.950775 ON flow>6109 srcPort>42445 dst>fd10:23:100::2/22909 
19:48:12.984740 ON flow>6117 srcPort>41039 dst>fd10:23:100::2/22917 
19:48:13.011837 CONNECT flow>6101 srcPort>39559 dst>fd10:23:100::2/22901 
19:48:13.015448 SHUTDOWN flow>5805 srcPort>41319 dst>fd10:23:100::2/22605 
19:48:13.032518 SHUTDOWN flow>5781 srcPort>41547 dst>fd10:23:100::2/22581 
19:48:13.057971 CONNECT flow>6109 srcPort>42445 dst>fd10:23:100::2/22909 
19:48:13.063968 SHUTDOWN flow>5757 srcPort>35803 dst>fd10:23:100::2/22557 
19:48:13.091109 CONNECT flow>6117 srcPort>41039 dst>fd10:23:100::2/22917 
19:48:13.093448 ON flow>6125 srcPort>36329 dst>fd10:23:100::2/22925 
19:48:13.114241 SHUTDOWN flow>5813 srcPort>40517 dst>fd10:23:100::2/22613 
19:48:13.122822 OFF flow>5805 srcPort>41319 dst>fd10:23:100::2/22605 
19:48:13.199921 ON flow>6133 srcPort>35531 dst>fd10:23:100::2/22933 
19:48:13.206922 CONNECT flow>6125 srcPort>36329 dst>fd10:23:100::2/22925 
19:48:13.289799 OFF flow>5749 srcPort>40053 dst>fd10:23:100::2/22549 
19:48:13.292677 SHUTDOWN flow>5789 srcPort>43951 dst>fd10:23:100::2/22589 
19:48:13.303490 CONNECT flow>6133 srcPort>35531 dst>fd10:23:100::2/22933 
19:48:13.316655 ON flow>6141 srcPort>38781 dst>fd10:23:100::2/22941 
19:48:13.320628 SHUTDOWN flow>5765 srcPort>46635 dst>fd10:23:100::2/22565 
19:48:13.339350 OFF flow>5781 srcPort>41547 dst>fd10:23:100::2/22581 
19:48:13.421565 CONNECT flow>6141 srcPort>38781 dst>fd10:23:100::2/22941 
19:48:13.449733 ON flow>6149 srcPort>40971 dst>fd10:23:100::2/22949 
19:48:13.555254 CONNECT flow>6149 srcPort>40971 dst>fd10:23:100::2/22949 
19:48:13.710009 SHUTDOWN flow>5821 srcPort>42301 dst>fd10:23:100::2/22621 
19:48:13.789039 ON flow>6157 srcPort>42495 dst>fd10:23:100::2/22957 
19:48:13.816754 OFF flow>5813 srcPort>40517 dst>fd10:23:100::2/22613 
19:48:13.881218 SHUTDOWN flow>5829 srcPort>34209 dst>fd10:23:100::2/22629 
19:48:13.890220 SHUTDOWN flow>5837 srcPort>34597 dst>fd10:23:100::2/22637 
19:48:13.895686 CONNECT flow>6157 srcPort>42495 dst>fd10:23:100::2/22957 
19:48:13.899317 OFF flow>5789 srcPort>43951 dst>fd10:23:100::2/22589 
19:48:13.995242 ON flow>6165 srcPort>39027 dst>fd10:23:100::2/22965 
19:48:14.096545 CONNECT flow>6165 srcPort>39027 dst>fd10:23:100::2/22965 
19:48:14.116833 OFF flow>5773 srcPort>41717 dst>fd10:23:100::2/22573 
19:48:14.120423 SHUTDOWN flow>5845 srcPort>35851 dst>fd10:23:100::2/22645 
19:48:14.172180 ON flow>6173 srcPort>41675 dst>fd10:23:100::2/22973 
19:48:14.227854 OFF flow>5733 srcPort>38305 dst>fd10:23:100::2/22533 
19:48:14.271933 CONNECT flow>6173 srcPort>41675 dst>fd10:23:100::2/22973 
19:48:14.279763 ON flow>6181 srcPort>45269 dst>fd10:23:100::2/22981 
19:48:14.378286 CONNECT flow>6181 srcPort>45269 dst>fd10:23:100::2/22981 
19:48:14.383478 ON flow>6189 srcPort>35115 dst>fd10:23:100::2/22989 
19:48:14.397292 OFF flow>5701 srcPort>41679 dst>fd10:23:100::2/22501 
19:48:14.486133 CONNECT flow>6189 srcPort>35115 dst>fd10:23:100::2/22989 
19:48:14.502470 ON flow>6197 srcPort>39459 dst>fd10:23:100::2/22997 
19:48:14.552949 OFF flow>5757 srcPort>35803 dst>fd10:23:100::2/22557 
19:48:14.567760 SHUTDOWN flow>5861 srcPort>39561 dst>fd10:23:100::2/22661 
19:48:14.591536 SHUTDOWN flow>5853 srcPort>42469 dst>fd10:23:100::2/22653 
19:48:14.603882 CONNECT flow>6197 srcPort>39459 dst>fd10:23:100::2/22997 
19:48:14.693637 OFF flow>5829 srcPort>34209 dst>fd10:23:100::2/22629 
19:48:14.749338 ON flow>6205 srcPort>38257 dst>fd10:23:100::2/23005 
19:48:14.787348 SHUTDOWN flow>5869 srcPort>32775 dst>fd10:23:100::2/22669 
19:48:14.852543 CONNECT flow>6205 srcPort>38257 dst>fd10:23:100::2/23005 
19:48:14.927387 OFF flow>5837 srcPort>34597 dst>fd10:23:100::2/22637 
19:48:14.945891 OFF flow>5845 srcPort>35851 dst>fd10:23:100::2/22645 
19:48:14.955627 OFF flow>5821 srcPort>42301 dst>fd10:23:100::2/22621 
19:48:15.006105 OFF flow>5797 srcPort>41415 dst>fd10:23:100::2/22597 
19:48:15.007101 OFF flow>5765 srcPort>46635 dst>fd10:23:100::2/22565 
19:48:15.043702 OFF flow>5741 srcPort>36931 dst>fd10:23:100::2/22541 
19:48:15.084624 OFF flow>5693 srcPort>35321 dst>fd10:23:100::2/22493 
19:48:15.172280 SHUTDOWN flow>5893 srcPort>45427 dst>fd10:23:100::2/22693 
19:48:15.181090 OFF flow>5861 srcPort>39561 dst>fd10:23:100::2/22661 
19:48:15.185296 OFF flow>5725 srcPort>44673 dst>fd10:23:100::2/22525 
19:48:15.225079 ON flow>6213 srcPort>32855 dst>fd10:23:100::2/23013 
19:48:15.255749 SHUTDOWN flow>5877 srcPort>33943 dst>fd10:23:100::2/22677 
19:48:15.304504 SHUTDOWN flow>5885 srcPort>40159 dst>fd10:23:100::2/22685 
19:48:15.320636 CONNECT flow>6213 srcPort>32855 dst>fd10:23:100::2/23013 
19:48:15.359708 OFF flow>5893 srcPort>45427 dst>fd10:23:100::2/22693 
19:48:15.560896 OFF flow>5869 srcPort>32775 dst>fd10:23:100::2/22669 
19:48:15.583566 ON flow>6221 srcPort>39665 dst>fd10:23:100::2/23021 
19:48:15.602274 SHUTDOWN flow>5901 srcPort>39347 dst>fd10:23:100::2/22701 
19:48:15.680856 SHUTDOWN flow>5917 srcPort>40929 dst>fd10:23:100::2/22717 
19:48:15.683743 CONNECT flow>6221 srcPort>39665 dst>fd10:23:100::2/23021 
19:48:15.750535 OFF flow>5853 srcPort>42469 dst>fd10:23:100::2/22653 
19:48:15.786877 SHUTDOWN flow>5925 srcPort>40045 dst>fd10:23:100::2/22725 
19:48:15.801414 ON flow>6229 srcPort>43651 dst>fd10:23:100::2/23029 
19:48:15.905605 CONNECT flow>6229 srcPort>43651 dst>fd10:23:100::2/23029 
19:48:15.940372 SHUTDOWN flow>5933 srcPort>44151 dst>fd10:23:100::2/22733 
19:48:15.972099 ON flow>6237 srcPort>33619 dst>fd10:23:100::2/23037 
19:48:16.052669 SHUTDOWN flow>5941 srcPort>45323 dst>fd10:23:100::2/22741 
19:48:16.078930 CONNECT flow>6237 srcPort>33619 dst>fd10:23:100::2/23037 
19:48:16.079372 OFF flow>5877 srcPort>33943 dst>fd10:23:100::2/22677 
19:48:16.104400 ON flow>6245 srcPort>36021 dst>fd10:23:100::2/23045 
19:48:16.126118 SHUTDOWN flow>5957 srcPort>37507 dst>fd10:23:100::2/22757 
19:48:16.175334 ON flow>6253 srcPort>38349 dst>fd10:23:100::2/23053 
19:48:16.214970 CONNECT flow>6245 srcPort>36021 dst>fd10:23:100::2/23045 
19:48:16.280679 ON flow>6261 srcPort>42741 dst>fd10:23:100::2/23061 
19:48:16.286323 CONNECT flow>6253 srcPort>38349 dst>fd10:23:100::2/23053 
19:48:16.383759 OFF flow>5957 srcPort>37507 dst>fd10:23:100::2/22757 
19:48:16.385583 SHUTDOWN flow>5909 srcPort>33279 dst>fd10:23:100::2/22709 
19:48:16.388293 CONNECT flow>6261 srcPort>42741 dst>fd10:23:100::2/23061 
19:48:16.388515 ON flow>6269 srcPort>43923 dst>fd10:23:100::2/23069 
19:48:16.408716 SHUTDOWN flow>5965 srcPort>33367 dst>fd10:23:100::2/22765 
19:48:16.429690 SHUTDOWN flow>5949 srcPort>37665 dst>fd10:23:100::2/22749 
19:48:16.454145 SHUTDOWN flow>5997 srcPort>39163 dst>fd10:23:100::2/22797 
19:48:16.498232 CONNECT flow>6269 srcPort>43923 dst>fd10:23:100::2/23069 
19:48:16.554362 ON flow>6277 srcPort>34235 dst>fd10:23:100::2/23077 
19:48:16.640320 OFF flow>5917 srcPort>40929 dst>fd10:23:100::2/22717 
19:48:16.662392 CONNECT flow>6277 srcPort>34235 dst>fd10:23:100::2/23077 
19:48:16.675045 SHUTDOWN flow>5973 srcPort>36491 dst>fd10:23:100::2/22773 
19:48:16.704045 ON flow>6285 srcPort>44789 dst>fd10:23:100::2/23085 
19:48:16.722440 OFF flow>5941 srcPort>45323 dst>fd10:23:100::2/22741 
19:48:16.749904 OFF flow>5901 srcPort>39347 dst>fd10:23:100::2/22701 
19:48:16.771465 SHUTDOWN flow>6021 srcPort>40201 dst>fd10:23:100::2/22821 
19:48:16.774682 ON flow>6293 srcPort>37099 dst>fd10:23:100::2/23093 
19:48:16.786306 SHUTDOWN flow>5981 srcPort>40077 dst>fd10:23:100::2/22781 
19:48:16.808408 CONNECT flow>6285 srcPort>44789 dst>fd10:23:100::2/23085 
19:48:16.859866 ON flow>6301 srcPort>46855 dst>fd10:23:100::2/23101 
19:48:16.878456 CONNECT flow>6293 srcPort>37099 dst>fd10:23:100::2/23093 
19:48:16.919135 OFF flow>6021 srcPort>40201 dst>fd10:23:100::2/22821 
19:48:16.924987 SHUTDOWN flow>6005 srcPort>44613 dst>fd10:23:100::2/22805 
19:48:16.930867 ON flow>6309 srcPort>44779 dst>fd10:23:100::2/23109 
19:48:16.961004 OFF flow>5965 srcPort>33367 dst>fd10:23:100::2/22765 
19:48:16.961300 CONNECT flow>6301 srcPort>46855 dst>fd10:23:100::2/23101 
19:48:17.006819 OFF flow>5925 srcPort>40045 dst>fd10:23:100::2/22725 
19:48:17.025898 ON flow>6317 srcPort>45917 dst>fd10:23:100::2/23117 
19:48:17.042109 CONNECT flow>6309 srcPort>44779 dst>fd10:23:100::2/23109 
19:48:17.065752 SHUTDOWN flow>6045 srcPort>39725 dst>fd10:23:100::2/22845 
19:48:17.134250 CONNECT flow>6317 srcPort>45917 dst>fd10:23:100::2/23117 
19:48:17.138839 SHUTDOWN flow>6053 srcPort>40119 dst>fd10:23:100::2/22853 
19:48:17.148212 ON flow>6325 srcPort>34801 dst>fd10:23:100::2/23125 
19:48:17.199514 OFF flow>5949 srcPort>37665 dst>fd10:23:100::2/22749 
19:48:17.232121 ON flow>6333 srcPort>37909 dst>fd10:23:100::2/23133 
19:48:17.247674 SHUTDOWN flow>6061 srcPort>44683 dst>fd10:23:100::2/22861 
19:48:17.252258 CONNECT flow>6325 srcPort>34801 dst>fd10:23:100::2/23125 
19:48:17.271818 OFF flow>6045 srcPort>39725 dst>fd10:23:100::2/22845 
19:48:17.329243 OFF flow>5885 srcPort>40159 dst>fd10:23:100::2/22685 
19:48:17.337116 CONNECT flow>6333 srcPort>37909 dst>fd10:23:100::2/23133 
19:48:17.356300 ON flow>6341 srcPort>46673 dst>fd10:23:100::2/23141 
19:48:17.361270 SHUTDOWN flow>6037 srcPort>38819 dst>fd10:23:100::2/22837 
19:48:17.363894 SHUTDOWN flow>6069 srcPort>41725 dst>fd10:23:100::2/22869 
19:48:17.383720 OFF flow>5933 srcPort>44151 dst>fd10:23:100::2/22733 
19:48:17.391584 SHUTDOWN flow>5989 srcPort>41975 dst>fd10:23:100::2/22789 
19:48:17.428989 OFF flow>5997 srcPort>39163 dst>fd10:23:100::2/22797 
19:48:17.455979 ON flow>6349 srcPort>46085 dst>fd10:23:100::2/23149 
19:48:17.466166 CONNECT flow>6341 srcPort>46673 dst>fd10:23:100::2/23141 
19:48:17.471406 SHUTDOWN flow>6077 srcPort>45047 dst>fd10:23:100::2/22877 
19:48:17.533632 SHUTDOWN flow>6029 srcPort>44477 dst>fd10:23:100::2/22829 
19:48:17.542900 OFF flow>6061 srcPort>44683 dst>fd10:23:100::2/22861 
19:48:17.544531 ON flow>6357 srcPort>38411 dst>fd10:23:100::2/23157 
19:48:17.551715 OFF flow>6069 srcPort>41725 dst>fd10:23:100::2/22869 
19:48:17.556839 SHUTDOWN flow>6085 srcPort>46479 dst>fd10:23:100::2/22885 
19:48:17.564145 CONNECT flow>6349 srcPort>46085 dst>fd10:23:100::2/23149 
19:48:17.572050 OFF flow>6053 srcPort>40119 dst>fd10:23:100::2/22853 
19:48:17.584457 SHUTDOWN flow>6093 srcPort>42419 dst>fd10:23:100::2/22893 
19:48:17.617816 ON flow>6365 srcPort>35433 dst>fd10:23:100::2/23165 
19:48:17.654715 CONNECT flow>6357 srcPort>38411 dst>fd10:23:100::2/23157 
19:48:17.705551 SHUTDOWN flow>6101 srcPort>39559 dst>fd10:23:100::2/22901 
19:48:17.714641 OFF flow>6085 srcPort>46479 dst>fd10:23:100::2/22885 
19:48:17.721943 CONNECT flow>6365 srcPort>35433 dst>fd10:23:100::2/23165 
19:48:17.730639 OFF flow>5981 srcPort>40077 dst>fd10:23:100::2/22781 
19:48:17.748485 ON flow>6373 srcPort>35161 dst>fd10:23:100::2/23173 
19:48:17.750626 SHUTDOWN flow>6109 srcPort>42445 dst>fd10:23:100::2/22909 
19:48:17.779851 OFF flow>6077 srcPort>45047 dst>fd10:23:100::2/22877 
19:48:17.851303 CONNECT flow>6373 srcPort>35161 dst>fd10:23:100::2/23173 
19:48:17.867551 ON flow>6381 srcPort>37613 dst>fd10:23:100::2/23181 
19:48:17.873653 OFF flow>6005 srcPort>44613 dst>fd10:23:100::2/22805 
19:48:17.936521 OFF flow>6101 srcPort>39559 dst>fd10:23:100::2/22901 
19:48:17.960167 CONNECT flow>6381 srcPort>37613 dst>fd10:23:100::2/23181 
19:48:17.999756 SHUTDOWN flow>6133 srcPort>35531 dst>fd10:23:100::2/22933 
19:48:18.019495 ON flow>6389 srcPort>41219 dst>fd10:23:100::2/23189 
19:48:18.026840 OFF flow>6109 srcPort>42445 dst>fd10:23:100::2/22909 
19:48:18.063896 OFF flow>6037 srcPort>38819 dst>fd10:23:100::2/22837 
19:48:18.115655 CONNECT flow>6389 srcPort>41219 dst>fd10:23:100::2/23189 
19:48:18.116550 SHUTDOWN flow>6141 srcPort>38781 dst>fd10:23:100::2/22941 
19:48:18.197691 OFF flow>5973 srcPort>36491 dst>fd10:23:100::2/22773 
19:48:18.214124 ON flow>6397 srcPort>42373 dst>fd10:23:100::2/23197 
19:48:18.215372 OFF flow>6141 srcPort>38781 dst>fd10:23:100::2/22941 
19:48:18.221371 SHUTDOWN flow>6117 srcPort>41039 dst>fd10:23:100::2/22917 
19:48:18.249364 SHUTDOWN flow>6149 srcPort>40971 dst>fd10:23:100::2/22949 
19:48:18.294646 OFF flow>5909 srcPort>33279 dst>fd10:23:100::2/22709 
19:48:18.314340 CONNECT flow>6397 srcPort>42373 dst>fd10:23:100::2/23197 
19:48:18.424573 ON flow>6405 srcPort>36711 dst>fd10:23:100::2/23205 
19:48:18.521851 CONNECT flow>6405 srcPort>36711 dst>fd10:23:100::2/23205 
19:48:18.568167 ON flow>6413 srcPort>43377 dst>fd10:23:100::2/23213 
19:48:18.650745 SHUTDOWN flow>6157 srcPort>42495 dst>fd10:23:100::2/22957 
19:48:18.663121 OFF flow>6149 srcPort>40971 dst>fd10:23:100::2/22949 
19:48:18.669419 CONNECT flow>6413 srcPort>43377 dst>fd10:23:100::2/23213 
19:48:18.672484 ON flow>6421 srcPort>34671 dst>fd10:23:100::2/23221 
19:48:18.711580 ON flow>6429 srcPort>33199 dst>fd10:23:100::2/23229 
19:48:18.772094 CONNECT flow>6421 srcPort>34671 dst>fd10:23:100::2/23221 
19:48:18.785509 ON flow>6437 srcPort>34979 dst>fd10:23:100::2/23237 
19:48:18.794985 SHUTDOWN flow>6165 srcPort>39027 dst>fd10:23:100::2/22965 
19:48:18.810285 CONNECT flow>6429 srcPort>33199 dst>fd10:23:100::2/23229 
19:48:18.887124 CONNECT flow>6437 srcPort>34979 dst>fd10:23:100::2/23237 
19:48:18.897536 OFF flow>6165 srcPort>39027 dst>fd10:23:100::2/22965 
19:48:18.906727 ON flow>6445 srcPort>37065 dst>fd10:23:100::2/23245 
19:48:18.921481 OFF flow>6133 srcPort>35531 dst>fd10:23:100::2/22933 
19:48:18.971960 SHUTDOWN flow>6173 srcPort>41675 dst>fd10:23:100::2/22973 
19:48:19.003356 CONNECT flow>6445 srcPort>37065 dst>fd10:23:100::2/23245 
19:48:19.037846 ON flow>6453 srcPort>33593 dst>fd10:23:100::2/23253 
19:48:19.057023 OFF flow>6029 srcPort>44477 dst>fd10:23:100::2/22829 
19:48:19.079506 SHUTDOWN flow>6181 srcPort>45269 dst>fd10:23:100::2/22981 
19:48:19.094107 OFF flow>6117 srcPort>41039 dst>fd10:23:100::2/22917 
19:48:19.129363 ON flow>6461 srcPort>39563 dst>fd10:23:100::2/23261 
19:48:19.143876 CONNECT flow>6453 srcPort>33593 dst>fd10:23:100::2/23253 
19:48:19.183704 SHUTDOWN flow>6189 srcPort>35115 dst>fd10:23:100::2/22989 
19:48:19.184431 OFF flow>6181 srcPort>45269 dst>fd10:23:100::2/22981 
19:48:19.200838 OFF flow>6093 srcPort>42419 dst>fd10:23:100::2/22893 
19:48:19.228980 ON flow>6469 srcPort>38403 dst>fd10:23:100::2/23269 
19:48:19.233454 CONNECT flow>6461 srcPort>39563 dst>fd10:23:100::2/23261 
19:48:19.289519 OFF flow>6189 srcPort>35115 dst>fd10:23:100::2/22989 
19:48:19.331188 CONNECT flow>6469 srcPort>38403 dst>fd10:23:100::2/23269 
19:48:19.340114 OFF flow>6157 srcPort>42495 dst>fd10:23:100::2/22957 
19:48:19.405014 ON flow>6477 srcPort>44515 dst>fd10:23:100::2/23277 
19:48:19.507013 CONNECT flow>6477 srcPort>44515 dst>fd10:23:100::2/23277 
19:48:19.521587 SHUTDOWN flow>6197 srcPort>39459 dst>fd10:23:100::2/22997 
19:48:19.549171 SHUTDOWN flow>6205 srcPort>38257 dst>fd10:23:100::2/23005 
19:48:19.558772 ON flow>6485 srcPort>32779 dst>fd10:23:100::2/23285 
19:48:19.666056 CONNECT flow>6485 srcPort>32779 dst>fd10:23:100::2/23285 
19:48:19.705857 ON flow>6493 srcPort>38605 dst>fd10:23:100::2/23293 
19:48:19.714779 OFF flow>6173 srcPort>41675 dst>fd10:23:100::2/22973 
19:48:19.807436 CONNECT flow>6493 srcPort>38605 dst>fd10:23:100::2/23293 
19:48:19.977681 ON flow>6501 srcPort>42901 dst>fd10:23:100::2/23301 
19:48:20.024784 SHUTDOWN flow>6213 srcPort>32855 dst>fd10:23:100::2/23013 
19:48:20.086340 ON flow>6509 srcPort>41237 dst>fd10:23:100::2/23309 
19:48:20.089312 CONNECT flow>6501 srcPort>42901 dst>fd10:23:100::2/23301 
19:48:20.134456 OFF flow>6205 srcPort>38257 dst>fd10:23:100::2/23005 
19:48:20.192570 CONNECT flow>6509 srcPort>41237 dst>fd10:23:100::2/23309 
19:48:20.252552 ON flow>6517 srcPort>38059 dst>fd10:23:100::2/23317 
19:48:20.267746 SHUTDOWN flow>6125 srcPort>36329 dst>fd10:23:100::2/22925 
19:48:20.356869 ON flow>6525 srcPort>36601 dst>fd10:23:100::2/23325 
19:48:20.362784 CONNECT flow>6517 srcPort>38059 dst>fd10:23:100::2/23317 
19:48:20.465823 CONNECT flow>6525 srcPort>36601 dst>fd10:23:100::2/23325 
19:48:20.477778 SHUTDOWN flow>6221 srcPort>39665 dst>fd10:23:100::2/23021 
19:48:20.499298 ON flow>6533 srcPort>37705 dst>fd10:23:100::2/23333 
19:48:20.598839 CONNECT flow>6533 srcPort>37705 dst>fd10:23:100::2/23333 
19:48:20.601057 SHUTDOWN flow>6229 srcPort>43651 dst>fd10:23:100::2/23029 
19:48:20.657393 OFF flow>6197 srcPort>39459 dst>fd10:23:100::2/22997 
19:48:20.701638 ON flow>6541 srcPort>36359 dst>fd10:23:100::2/23341 
19:48:20.781335 ON flow>6549 srcPort>42987 dst>fd10:23:100::2/23349 
19:48:20.812529 CONNECT flow>6541 srcPort>36359 dst>fd10:23:100::2/23341 
19:48:20.817837 OFF flow>6229 srcPort>43651 dst>fd10:23:100::2/23029 
19:48:20.832973 OFF flow>5989 srcPort>41975 dst>fd10:23:100::2/22789 
19:48:20.889771 CONNECT flow>6549 srcPort>42987 dst>fd10:23:100::2/23349 
19:48:20.904324 SHUTDOWN flow>6245 srcPort>36021 dst>fd10:23:100::2/23045 
19:48:20.957702 ON flow>6557 srcPort>45211 dst>fd10:23:100::2/23357 
19:48:20.972630 SHUTDOWN flow>6013 srcPort>33559 dst>fd10:23:100::2/22813 
19:48:20.975200 SHUTDOWN flow>6253 srcPort>38349 dst>fd10:23:100::2/23053 
19:48:20.999595 ON flow>6565 srcPort>42319 dst>fd10:23:100::2/23365 
19:48:21.062084 CONNECT flow>6557 srcPort>45211 dst>fd10:23:100::2/23357 
19:48:21.100345 ON flow>6573 srcPort>43475 dst>fd10:23:100::2/23373 
19:48:21.100479 CONNECT flow>6565 srcPort>42319 dst>fd10:23:100::2/23365 
19:48:21.213412 CONNECT flow>6573 srcPort>43475 dst>fd10:23:100::2/23373 
19:48:21.217945 ON flow>6581 srcPort>45793 dst>fd10:23:100::2/23381 
19:48:21.272266 SHUTDOWN flow>6261 srcPort>42741 dst>fd10:23:100::2/23061 
19:48:21.272275 SHUTDOWN flow>6237 srcPort>33619 dst>fd10:23:100::2/23037 
19:48:21.279185 OFF flow>6125 srcPort>36329 dst>fd10:23:100::2/22925 
19:48:21.309548 ON flow>6589 srcPort>45679 dst>fd10:23:100::2/23389 
19:48:21.323442 CONNECT flow>6581 srcPort>45793 dst>fd10:23:100::2/23381 
19:48:21.390404 OFF flow>6245 srcPort>36021 dst>fd10:23:100::2/23045 
19:48:21.409908 ON flow>6597 srcPort>44035 dst>fd10:23:100::2/23397 
19:48:21.421990 CONNECT flow>6589 srcPort>45679 dst>fd10:23:100::2/23389 
19:48:21.503702 SHUTDOWN flow>6285 srcPort>44789 dst>fd10:23:100::2/23085 
19:48:21.517092 ON flow>6605 srcPort>43457 dst>fd10:23:100::2/23405 
19:48:21.529387 CONNECT flow>6597 srcPort>44035 dst>fd10:23:100::2/23397 
19:48:21.580271 SHUTDOWN flow>6293 srcPort>37099 dst>fd10:23:100::2/23093 
19:48:21.580744 OFF flow>6213 srcPort>32855 dst>fd10:23:100::2/23013 
19:48:21.610781 ON flow>6613 srcPort>42225 dst>fd10:23:100::2/23413 
19:48:21.625343 CONNECT flow>6605 srcPort>43457 dst>fd10:23:100::2/23405 
19:48:21.626185 SHUTDOWN flow>6277 srcPort>34235 dst>fd10:23:100::2/23077 
19:48:21.698185 ON flow>6621 srcPort>43975 dst>fd10:23:100::2/23421 
19:48:21.717264 CONNECT flow>6613 srcPort>42225 dst>fd10:23:100::2/23413 
19:48:21.730496 SHUTDOWN flow>6309 srcPort>44779 dst>fd10:23:100::2/23109 
19:48:21.784087 OFF flow>6253 srcPort>38349 dst>fd10:23:100::2/23053 
19:48:21.807209 CONNECT flow>6621 srcPort>43975 dst>fd10:23:100::2/23421 
19:48:21.825635 SHUTDOWN flow>6317 srcPort>45917 dst>fd10:23:100::2/23117 
19:48:21.844699 ON flow>6629 srcPort>40761 dst>fd10:23:100::2/23429 
19:48:21.937439 SHUTDOWN flow>6301 srcPort>46855 dst>fd10:23:100::2/23101 
19:48:21.948024 SHUTDOWN flow>6325 srcPort>34801 dst>fd10:23:100::2/23125 
19:48:21.952784 CONNECT flow>6629 srcPort>40761 dst>fd10:23:100::2/23429 
19:48:21.962046 OFF flow>6309 srcPort>44779 dst>fd10:23:100::2/23109 
19:48:22.012682 ON flow>6637 srcPort>45507 dst>fd10:23:100::2/23437 
19:48:22.030248 SHUTDOWN flow>6269 srcPort>43923 dst>fd10:23:100::2/23069 
19:48:22.031739 SHUTDOWN flow>6333 srcPort>37909 dst>fd10:23:100::2/23133 
19:48:22.039883 OFF flow>6013 srcPort>33559 dst>fd10:23:100::2/22813 
19:48:22.126155 CONNECT flow>6637 srcPort>45507 dst>fd10:23:100::2/23437 
19:48:22.255701 SHUTDOWN flow>6349 srcPort>46085 dst>fd10:23:100::2/23149 
19:48:22.308674 OFF flow>6333 srcPort>37909 dst>fd10:23:100::2/23133 
19:48:22.332949 ON flow>6645 srcPort>46181 dst>fd10:23:100::2/23445 
19:48:22.344430 SHUTDOWN flow>6357 srcPort>38411 dst>fd10:23:100::2/23157 
19:48:22.355161 OFF flow>6285 srcPort>44789 dst>fd10:23:100::2/23085 
19:48:22.426661 OFF flow>6277 srcPort>34235 dst>fd10:23:100::2/23077 
19:48:22.441618 CONNECT flow>6645 srcPort>46181 dst>fd10:23:100::2/23445 
19:48:22.462225 ON flow>6653 srcPort>37641 dst>fd10:23:100::2/23453 
19:48:22.529029 ON flow>6661 srcPort>40105 dst>fd10:23:100::2/23461 
19:48:22.548327 SHUTDOWN flow>6373 srcPort>35161 dst>fd10:23:100::2/23173 
19:48:22.567900 ON flow>6669 srcPort>42099 dst>fd10:23:100::2/23469 
19:48:22.570181 CONNECT flow>6653 srcPort>37641 dst>fd10:23:100::2/23453 
19:48:22.603124 OFF flow>6357 srcPort>38411 dst>fd10:23:100::2/23157 
19:48:22.629847 CONNECT flow>6661 srcPort>40105 dst>fd10:23:100::2/23461 
19:48:22.667723 CONNECT flow>6669 srcPort>42099 dst>fd10:23:100::2/23469 
19:48:22.680046 SHUTDOWN flow>6365 srcPort>35433 dst>fd10:23:100::2/23165 
19:48:22.680976 ON flow>6677 srcPort>40215 dst>fd10:23:100::2/23477 
19:48:22.736333 OFF flow>6261 srcPort>42741 dst>fd10:23:100::2/23061 
19:48:22.776117 OFF flow>6293 srcPort>37099 dst>fd10:23:100::2/23093 
19:48:22.785941 ON flow>6685 srcPort>46693 dst>fd10:23:100::2/23485 
19:48:22.794503 CONNECT flow>6677 srcPort>40215 dst>fd10:23:100::2/23477 
19:48:22.819520 SHUTDOWN flow>6389 srcPort>41219 dst>fd10:23:100::2/23189 
19:48:22.858807 OFF flow>6221 srcPort>39665 dst>fd10:23:100::2/23021 
19:48:22.865619 OFF flow>6349 srcPort>46085 dst>fd10:23:100::2/23149 
19:48:22.870394 ON flow>6693 srcPort>40911 dst>fd10:23:100::2/23493 
19:48:22.878229 OFF flow>6301 srcPort>46855 dst>fd10:23:100::2/23101 
19:48:22.890651 CONNECT flow>6685 srcPort>46693 dst>fd10:23:100::2/23485 
19:48:22.969677 ON flow>6701 srcPort>35917 dst>fd10:23:100::2/23501 
19:48:22.978113 CONNECT flow>6693 srcPort>40911 dst>fd10:23:100::2/23493 
19:48:22.985969 SHUTDOWN flow>6381 srcPort>37613 dst>fd10:23:100::2/23181 
19:48:23.013682 SHUTDOWN flow>6397 srcPort>42373 dst>fd10:23:100::2/23197 
19:48:23.049293 ON flow>6709 srcPort>38515 dst>fd10:23:100::2/23509 
19:48:23.078690 CONNECT flow>6701 srcPort>35917 dst>fd10:23:100::2/23501 
19:48:23.100287 ON flow>6717 srcPort>34657 dst>fd10:23:100::2/23517 
19:48:23.157915 CONNECT flow>6709 srcPort>38515 dst>fd10:23:100::2/23509 
19:48:23.176410 OFF flow>6389 srcPort>41219 dst>fd10:23:100::2/23189 
19:48:23.208840 CONNECT flow>6717 srcPort>34657 dst>fd10:23:100::2/23517 
19:48:23.242395 ON flow>6725 srcPort>46431 dst>fd10:23:100::2/23525 
19:48:23.347803 CONNECT flow>6725 srcPort>46431 dst>fd10:23:100::2/23525 
19:48:23.363665 OFF flow>6365 srcPort>35433 dst>fd10:23:100::2/23165 
19:48:23.378358 ON flow>6733 srcPort>39847 dst>fd10:23:100::2/23533 
19:48:23.451493 ON flow>6741 srcPort>41449 dst>fd10:23:100::2/23541 
19:48:23.452870 OFF flow>6373 srcPort>35161 dst>fd10:23:100::2/23173 
19:48:23.489112 CONNECT flow>6733 srcPort>39847 dst>fd10:23:100::2/23533 
19:48:23.510932 SHUTDOWN flow>6429 srcPort>33199 dst>fd10:23:100::2/23229 
19:48:23.557957 CONNECT flow>6741 srcPort>41449 dst>fd10:23:100::2/23541 
19:48:23.568643 ON flow>6749 srcPort>40805 dst>fd10:23:100::2/23549 
19:48:23.651139 ON flow>6757 srcPort>43017 dst>fd10:23:100::2/23557 
19:48:23.663384 SHUTDOWN flow>6405 srcPort>36711 dst>fd10:23:100::2/23205 
19:48:23.670528 CONNECT flow>6749 srcPort>40805 dst>fd10:23:100::2/23549 
19:48:23.682162 SHUTDOWN flow>6437 srcPort>34979 dst>fd10:23:100::2/23237 
19:48:23.692126 SHUTDOWN flow>6413 srcPort>43377 dst>fd10:23:100::2/23213 
19:48:23.756710 ON flow>6765 srcPort>34483 dst>fd10:23:100::2/23565 
19:48:23.757819 CONNECT flow>6757 srcPort>43017 dst>fd10:23:100::2/23557 
19:48:23.814755 ON flow>6773 srcPort>40243 dst>fd10:23:100::2/23573 
19:48:23.867756 CONNECT flow>6765 srcPort>34483 dst>fd10:23:100::2/23565 
19:48:23.869200 SHUTDOWN flow>6445 srcPort>37065 dst>fd10:23:100::2/23245 
19:48:23.888874 ON flow>6781 srcPort>41503 dst>fd10:23:100::2/23581 
19:48:23.916279 CONNECT flow>6773 srcPort>40243 dst>fd10:23:100::2/23573 
19:48:23.950321 ON flow>6789 srcPort>46453 dst>fd10:23:100::2/23589 
19:48:23.991696 CONNECT flow>6781 srcPort>41503 dst>fd10:23:100::2/23581 
19:48:24.048102 OFF flow>6325 srcPort>34801 dst>fd10:23:100::2/23125 
19:48:24.057944 ON flow>6797 srcPort>39801 dst>fd10:23:100::2/23597 
19:48:24.060330 CONNECT flow>6789 srcPort>46453 dst>fd10:23:100::2/23589 
19:48:24.096569 SHUTDOWN flow>6469 srcPort>38403 dst>fd10:23:100::2/23269 
19:48:24.144671 ON flow>6805 srcPort>44377 dst>fd10:23:100::2/23605 
19:48:24.165672 CONNECT flow>6797 srcPort>39801 dst>fd10:23:100::2/23597 
19:48:24.210650 ON flow>6813 srcPort>34127 dst>fd10:23:100::2/23613 
19:48:24.218666 OFF flow>6317 srcPort>45917 dst>fd10:23:100::2/23117 
19:48:24.255566 CONNECT flow>6805 srcPort>44377 dst>fd10:23:100::2/23605 
19:48:24.262995 ON flow>6821 srcPort>35589 dst>fd10:23:100::2/23621 
19:48:24.317446 CONNECT flow>6813 srcPort>34127 dst>fd10:23:100::2/23613 
19:48:24.371089 CONNECT flow>6821 srcPort>35589 dst>fd10:23:100::2/23621 
19:48:24.389522 SHUTDOWN flow>6453 srcPort>33593 dst>fd10:23:100::2/23253 
19:48:24.419439 OFF flow>6237 srcPort>33619 dst>fd10:23:100::2/23037 
19:48:24.432454 ON flow>6829 srcPort>35437 dst>fd10:23:100::2/23629 
19:48:24.478628 SHUTDOWN flow>6461 srcPort>39563 dst>fd10:23:100::2/23261 
19:48:24.546317 CONNECT flow>6829 srcPort>35437 dst>fd10:23:100::2/23629 
19:48:24.578422 OFF flow>6413 srcPort>43377 dst>fd10:23:100::2/23213 
19:48:24.583755 ON flow>6837 srcPort>43397 dst>fd10:23:100::2/23637 
19:48:24.635347 OFF flow>6437 srcPort>34979 dst>fd10:23:100::2/23237 
19:48:24.661761 SHUTDOWN flow>6485 srcPort>32779 dst>fd10:23:100::2/23285 
19:48:24.690090 CONNECT flow>6837 srcPort>43397 dst>fd10:23:100::2/23637 
19:48:24.778029 SHUTDOWN flow>6501 srcPort>42901 dst>fd10:23:100::2/23301 
19:48:24.807570 ON flow>6845 srcPort>45627 dst>fd10:23:100::2/23645 
19:48:24.886155 SHUTDOWN flow>6509 srcPort>41237 dst>fd10:23:100::2/23309 
19:48:24.886766 OFF flow>6501 srcPort>42901 dst>fd10:23:100::2/23301 
19:48:24.919991 SHUTDOWN flow>6477 srcPort>44515 dst>fd10:23:100::2/23277 
19:48:24.921858 CONNECT flow>6845 srcPort>45627 dst>fd10:23:100::2/23645 
19:48:24.941142 ON flow>6853 srcPort>40637 dst>fd10:23:100::2/23653 
19:48:24.949816 OFF flow>6445 srcPort>37065 dst>fd10:23:100::2/23245 
19:48:25.052154 SHUTDOWN flow>6517 srcPort>38059 dst>fd10:23:100::2/23317 
19:48:25.093706 ON flow>6861 srcPort>33667 dst>fd10:23:100::2/23661 
19:48:25.184603 SHUTDOWN flow>6525 srcPort>36601 dst>fd10:23:100::2/23325 
19:48:25.201656 CONNECT flow>6861 srcPort>33667 dst>fd10:23:100::2/23661 
19:48:25.220825 ON flow>6869 srcPort>44319 dst>fd10:23:100::2/23669 
19:48:25.299083 SHUTDOWN flow>6533 srcPort>37705 dst>fd10:23:100::2/23333 
19:48:25.299593 SHUTDOWN flow>6341 srcPort>46673 dst>fd10:23:100::2/23141 
19:48:25.329075 CONNECT flow>6869 srcPort>44319 dst>fd10:23:100::2/23669 
19:48:25.341779 ON flow>6877 srcPort>37867 dst>fd10:23:100::2/23677 
19:48:25.444901 CONNECT flow>6877 srcPort>37867 dst>fd10:23:100::2/23677 
19:48:25.476982 ON flow>6885 srcPort>43207 dst>fd10:23:100::2/23685 
19:48:25.483490 OFF flow>6381 srcPort>37613 dst>fd10:23:100::2/23181 
19:48:25.495211 SHUTDOWN flow>6493 srcPort>38605 dst>fd10:23:100::2/23293 
19:48:25.501368 SHUTDOWN flow>6541 srcPort>36359 dst>fd10:23:100::2/23341 
19:48:25.527580 SHUTDOWN flow>6421 srcPort>34671 dst>fd10:23:100::2/23221 
19:48:25.567420 CONNECT flow>6885 srcPort>43207 dst>fd10:23:100::2/23685 
19:48:25.581205 SHUTDOWN flow>6549 srcPort>42987 dst>fd10:23:100::2/23349 
19:48:25.617854 ON flow>6893 srcPort>35709 dst>fd10:23:100::2/23693 
19:48:25.648554 OFF flow>6533 srcPort>37705 dst>fd10:23:100::2/23333 
19:48:25.690153 OFF flow>6269 srcPort>43923 dst>fd10:23:100::2/23069 
19:48:25.723240 CONNECT flow>6893 srcPort>35709 dst>fd10:23:100::2/23693 
19:48:25.733706 OFF flow>6549 srcPort>42987 dst>fd10:23:100::2/23349 
19:48:25.747774 OFF flow>6429 srcPort>33199 dst>fd10:23:100::2/23229 
19:48:25.757400 SHUTDOWN flow>6557 srcPort>45211 dst>fd10:23:100::2/23357 
19:48:25.772311 ON flow>6901 srcPort>45247 dst>fd10:23:100::2/23701 
19:48:25.864683 OFF flow>6485 srcPort>32779 dst>fd10:23:100::2/23285 
19:48:25.872556 CONNECT flow>6901 srcPort>45247 dst>fd10:23:100::2/23701 
19:48:25.902708 SHUTDOWN flow>6565 srcPort>42319 dst>fd10:23:100::2/23365 
19:48:25.911263 ON flow>6909 srcPort>35031 dst>fd10:23:100::2/23709 
19:48:25.991680 ON flow>6917 srcPort>43477 dst>fd10:23:100::2/23717 
19:48:26.011941 CONNECT flow>6909 srcPort>35031 dst>fd10:23:100::2/23709 
19:48:26.055075 ON flow>6925 srcPort>44589 dst>fd10:23:100::2/23725 
19:48:26.079940 CONNECT flow>6853 srcPort>40637 dst>fd10:23:100::2/23653 
19:48:26.099504 CONNECT flow>6917 srcPort>43477 dst>fd10:23:100::2/23717 
19:48:26.109386 SHUTDOWN flow>6589 srcPort>45679 dst>fd10:23:100::2/23389 
19:48:26.154935 CONNECT flow>6925 srcPort>44589 dst>fd10:23:100::2/23725 
19:48:26.159057 ON flow>6933 srcPort>43129 dst>fd10:23:100::2/23733 
19:48:26.209422 OFF flow>6461 srcPort>39563 dst>fd10:23:100::2/23261 
19:48:26.240500 ON flow>6941 srcPort>43221 dst>fd10:23:100::2/23741 
19:48:26.261284 CONNECT flow>6933 srcPort>43129 dst>fd10:23:100::2/23733 
19:48:26.262881 OFF flow>6541 srcPort>36359 dst>fd10:23:100::2/23341 
19:48:26.316799 SHUTDOWN flow>6605 srcPort>43457 dst>fd10:23:100::2/23405 
19:48:26.360309 CONNECT flow>6941 srcPort>43221 dst>fd10:23:100::2/23741 
19:48:26.382450 ON flow>6949 srcPort>43275 dst>fd10:23:100::2/23749 
19:48:26.409872 SHUTDOWN flow>6613 srcPort>42225 dst>fd10:23:100::2/23413 
19:48:26.488788 OFF flow>6341 srcPort>46673 dst>fd10:23:100::2/23141 
19:48:26.489613 CONNECT flow>6949 srcPort>43275 dst>fd10:23:100::2/23749 
19:48:26.519297 ON flow>6957 srcPort>32787 dst>fd10:23:100::2/23757 
19:48:26.599353 ON flow>6965 srcPort>39929 dst>fd10:23:100::2/23765 
19:48:26.632635 CONNECT flow>6957 srcPort>32787 dst>fd10:23:100::2/23757 
19:48:26.640829 SHUTDOWN flow>6629 srcPort>40761 dst>fd10:23:100::2/23429 
19:48:26.645922 ON flow>6973 srcPort>38527 dst>fd10:23:100::2/23773 
19:48:26.707887 CONNECT flow>6965 srcPort>39929 dst>fd10:23:100::2/23765 
19:48:26.757307 CONNECT flow>6973 srcPort>38527 dst>fd10:23:100::2/23773 
19:48:26.757534 SHUTDOWN flow>6581 srcPort>45793 dst>fd10:23:100::2/23381 
19:48:26.757706 OFF flow>6525 srcPort>36601 dst>fd10:23:100::2/23325 
19:48:26.769072 ON flow>6981 srcPort>43439 dst>fd10:23:100::2/23781 
19:48:26.792703 OFF flow>6405 srcPort>36711 dst>fd10:23:100::2/23205 
19:48:26.882650 CONNECT flow>6981 srcPort>43439 dst>fd10:23:100::2/23781 
19:48:26.899646 ON flow>6989 srcPort>36925 dst>fd10:23:100::2/23789 
19:48:26.941180 OFF flow>6557 srcPort>45211 dst>fd10:23:100::2/23357 
19:48:27.012285 CONNECT flow>6989 srcPort>36925 dst>fd10:23:100::2/23789 
19:48:27.138020 OFF flow>6565 srcPort>42319 dst>fd10:23:100::2/23365 
19:48:27.229077 SHUTDOWN flow>6637 srcPort>45507 dst>fd10:23:100::2/23437 
19:48:27.255255 OFF flow>6629 srcPort>40761 dst>fd10:23:100::2/23429 
19:48:27.285739 OFF flow>6453 srcPort>33593 dst>fd10:23:100::2/23253 
19:48:27.298426 SHUTDOWN flow>6597 srcPort>44035 dst>fd10:23:100::2/23397 
19:48:27.417178 OFF flow>6477 srcPort>44515 dst>fd10:23:100::2/23277 
19:48:27.500812 SHUTDOWN flow>6645 srcPort>46181 dst>fd10:23:100::2/23445 
19:48:27.508847 ON flow>6997 srcPort>37305 dst>fd10:23:100::2/23797 
19:48:27.594921 OFF flow>6605 srcPort>43457 dst>fd10:23:100::2/23405 
19:48:27.603597 SHUTDOWN flow>6573 srcPort>43475 dst>fd10:23:100::2/23373 
19:48:27.604378 OFF flow>6469 srcPort>38403 dst>fd10:23:100::2/23269 
19:48:27.615088 CONNECT flow>6997 srcPort>37305 dst>fd10:23:100::2/23797 
19:48:27.675805 SHUTDOWN flow>6669 srcPort>42099 dst>fd10:23:100::2/23469 
19:48:27.686868 OFF flow>6397 srcPort>42373 dst>fd10:23:100::2/23197 
19:48:27.700013 ON flow>7005 srcPort>33733 dst>fd10:23:100::2/23805 
19:48:27.802969 OFF flow>6589 srcPort>45679 dst>fd10:23:100::2/23389 
19:48:27.804004 CONNECT flow>7005 srcPort>33733 dst>fd10:23:100::2/23805 
19:48:27.820577 ON flow>7013 srcPort>33441 dst>fd10:23:100::2/23813 
19:48:27.848109 SHUTDOWN flow>6677 srcPort>40215 dst>fd10:23:100::2/23477 
19:48:27.848944 SHUTDOWN flow>6709 srcPort>38515 dst>fd10:23:100::2/23509 
19:48:27.859536 SHUTDOWN flow>6661 srcPort>40105 dst>fd10:23:100::2/23461 
19:48:27.908716 SHUTDOWN flow>6653 srcPort>37641 dst>fd10:23:100::2/23453 
19:48:27.927227 CONNECT flow>7013 srcPort>33441 dst>fd10:23:100::2/23813 
19:48:27.947274 SHUTDOWN flow>6621 srcPort>43975 dst>fd10:23:100::2/23421 
19:48:27.949291 OFF flow>6509 srcPort>41237 dst>fd10:23:100::2/23309 
19:48:27.957833 ON flow>7021 srcPort>38259 dst>fd10:23:100::2/23821 
19:48:28.036955 SHUTDOWN flow>6717 srcPort>34657 dst>fd10:23:100::2/23517 
19:48:28.061947 CONNECT flow>7021 srcPort>38259 dst>fd10:23:100::2/23821 
19:48:28.073266 SHUTDOWN flow>6693 srcPort>40911 dst>fd10:23:100::2/23493 
19:48:28.136648 OFF flow>6581 srcPort>45793 dst>fd10:23:100::2/23381 
19:48:28.156303 ON flow>7029 srcPort>43939 dst>fd10:23:100::2/23829 
19:48:28.247774 OFF flow>6493 srcPort>38605 dst>fd10:23:100::2/23293 
19:48:28.264549 CONNECT flow>7029 srcPort>43939 dst>fd10:23:100::2/23829 
19:48:28.284846 ON flow>7037 srcPort>40107 dst>fd10:23:100::2/23837 
19:48:28.343702 ON flow>7045 srcPort>36853 dst>fd10:23:100::2/23845 
19:48:28.368405 SHUTDOWN flow>6749 srcPort>40805 dst>fd10:23:100::2/23549 
19:48:28.383766 ON flow>7053 srcPort>43497 dst>fd10:23:100::2/23853 
19:48:28.405355 CONNECT flow>7037 srcPort>40107 dst>fd10:23:100::2/23837 
19:48:28.451008 SHUTDOWN flow>6757 srcPort>43017 dst>fd10:23:100::2/23557 
19:48:28.454232 CONNECT flow>7045 srcPort>36853 dst>fd10:23:100::2/23845 
19:48:28.489176 CONNECT flow>7053 srcPort>43497 dst>fd10:23:100::2/23853 
19:48:28.512909 SHUTDOWN flow>6685 srcPort>46693 dst>fd10:23:100::2/23485 
19:48:28.523198 ON flow>7061 srcPort>37775 dst>fd10:23:100::2/23861 
19:48:28.525916 OFF flow>6749 srcPort>40805 dst>fd10:23:100::2/23549 
19:48:28.556511 SHUTDOWN flow>6765 srcPort>34483 dst>fd10:23:100::2/23565 
19:48:28.560259 OFF flow>6757 srcPort>43017 dst>fd10:23:100::2/23557 
19:48:28.561766 SHUTDOWN flow>6701 srcPort>35917 dst>fd10:23:100::2/23501 
19:48:28.572526 SHUTDOWN flow>6741 srcPort>41449 dst>fd10:23:100::2/23541 
19:48:28.614390 SHUTDOWN flow>6773 srcPort>40243 dst>fd10:23:100::2/23573 
19:48:28.622383 SHUTDOWN flow>6725 srcPort>46431 dst>fd10:23:100::2/23525 
19:48:28.626560 ON flow>7069 srcPort>33411 dst>fd10:23:100::2/23869 
19:48:28.629608 CONNECT flow>7061 srcPort>37775 dst>fd10:23:100::2/23861 
19:48:28.672922 OFF flow>6621 srcPort>43975 dst>fd10:23:100::2/23421 
19:48:28.694641 OFF flow>6637 srcPort>45507 dst>fd10:23:100::2/23437 
19:48:28.735613 CONNECT flow>7069 srcPort>33411 dst>fd10:23:100::2/23869 
19:48:28.747872 ON flow>7077 srcPort>39811 dst>fd10:23:100::2/23877 
19:48:28.857805 SHUTDOWN flow>6797 srcPort>39801 dst>fd10:23:100::2/23597 
19:48:28.859033 CONNECT flow>7077 srcPort>39811 dst>fd10:23:100::2/23877 
19:48:28.909765 SHUTDOWN flow>6781 srcPort>41503 dst>fd10:23:100::2/23581 
19:48:28.982122 ON flow>7085 srcPort>44535 dst>fd10:23:100::2/23885 
19:48:29.047962 ON flow>7093 srcPort>33801 dst>fd10:23:100::2/23893 
19:48:29.060184 SHUTDOWN flow>6789 srcPort>46453 dst>fd10:23:100::2/23589 
19:48:29.062932 SHUTDOWN flow>6821 srcPort>35589 dst>fd10:23:100::2/23621 
19:48:29.090866 CONNECT flow>7085 srcPort>44535 dst>fd10:23:100::2/23885 
19:48:29.130125 ON flow>7101 srcPort>37777 dst>fd10:23:100::2/23901 
19:48:29.149829 SHUTDOWN flow>6733 srcPort>39847 dst>fd10:23:100::2/23533 
19:48:29.157035 CONNECT flow>7093 srcPort>33801 dst>fd10:23:100::2/23893 
19:48:29.214321 OFF flow>6693 srcPort>40911 dst>fd10:23:100::2/23493 
19:48:29.248202 CONNECT flow>7101 srcPort>37777 dst>fd10:23:100::2/23901 
19:48:29.254006 OFF flow>6741 srcPort>41449 dst>fd10:23:100::2/23541 
19:48:29.279038 OFF flow>6669 srcPort>42099 dst>fd10:23:100::2/23469 
19:48:29.285042 OFF flow>6613 srcPort>42225 dst>fd10:23:100::2/23413 
19:48:29.324704 SHUTDOWN flow>6813 srcPort>34127 dst>fd10:23:100::2/23613 
19:48:29.332493 OFF flow>6677 srcPort>40215 dst>fd10:23:100::2/23477 
19:48:29.394645 OFF flow>6797 srcPort>39801 dst>fd10:23:100::2/23597 
19:48:29.397310 ON flow>7109 srcPort>36239 dst>fd10:23:100::2/23909 
19:48:29.426495 OFF flow>6773 srcPort>40243 dst>fd10:23:100::2/23573 
19:48:29.496689 OFF flow>6709 srcPort>38515 dst>fd10:23:100::2/23509 
19:48:29.502427 CONNECT flow>7109 srcPort>36239 dst>fd10:23:100::2/23909 
19:48:29.538622 OFF flow>6517 srcPort>38059 dst>fd10:23:100::2/23317 
19:48:29.546680 OFF flow>6717 srcPort>34657 dst>fd10:23:100::2/23517 
19:48:29.607356 SHUTDOWN flow>6845 srcPort>45627 dst>fd10:23:100::2/23645 
19:48:29.617951 ON flow>7117 srcPort>46645 dst>fd10:23:100::2/23917 
19:48:29.684241 OFF flow>6781 srcPort>41503 dst>fd10:23:100::2/23581 
19:48:29.714532 OFF flow>6845 srcPort>45627 dst>fd10:23:100::2/23645 
19:48:29.715068 ON flow>7125 srcPort>40287 dst>fd10:23:100::2/23925 
19:48:29.728027 CONNECT flow>7117 srcPort>46645 dst>fd10:23:100::2/23917 
19:48:29.733995 OFF flow>6765 srcPort>34483 dst>fd10:23:100::2/23565 
19:48:29.740920 SHUTDOWN flow>6853 srcPort>40637 dst>fd10:23:100::2/23653 
19:48:29.807865 OFF flow>6645 srcPort>46181 dst>fd10:23:100::2/23445 
19:48:29.817170 OFF flow>6421 srcPort>34671 dst>fd10:23:100::2/23221 
19:48:29.821938 CONNECT flow>7125 srcPort>40287 dst>fd10:23:100::2/23925 
19:48:29.922203 OFF flow>6661 srcPort>40105 dst>fd10:23:100::2/23461 
19:48:29.928688 ON flow>7133 srcPort>42329 dst>fd10:23:100::2/23933 
19:48:29.941804 OFF flow>6853 srcPort>40637 dst>fd10:23:100::2/23653 
19:48:29.991265 SHUTDOWN flow>6861 srcPort>33667 dst>fd10:23:100::2/23661 
19:48:30.020575 SHUTDOWN flow>6869 srcPort>44319 dst>fd10:23:100::2/23669 
19:48:30.021265 ON flow>7141 srcPort>40597 dst>fd10:23:100::2/23941 
19:48:30.035389 CONNECT flow>7133 srcPort>42329 dst>fd10:23:100::2/23933 
19:48:30.087987 SHUTDOWN flow>6805 srcPort>44377 dst>fd10:23:100::2/23605 
19:48:30.122354 CONNECT flow>7141 srcPort>40597 dst>fd10:23:100::2/23941 
19:48:30.160776 OFF flow>6725 srcPort>46431 dst>fd10:23:100::2/23525 
19:48:30.172218 ON flow>7149 srcPort>44907 dst>fd10:23:100::2/23949 
19:48:30.188346 SHUTDOWN flow>6829 srcPort>35437 dst>fd10:23:100::2/23629 
19:48:30.264452 ON flow>7157 srcPort>42899 dst>fd10:23:100::2/23957 
19:48:30.273255 CONNECT flow>7149 srcPort>44907 dst>fd10:23:100::2/23949 
19:48:30.276899 SHUTDOWN flow>6885 srcPort>43207 dst>fd10:23:100::2/23685 
19:48:30.376326 CONNECT flow>7157 srcPort>42899 dst>fd10:23:100::2/23957 
19:48:30.385641 OFF flow>6885 srcPort>43207 dst>fd10:23:100::2/23685 
19:48:30.390288 ON flow>7165 srcPort>41865 dst>fd10:23:100::2/23965 
19:48:30.417469 SHUTDOWN flow>6893 srcPort>35709 dst>fd10:23:100::2/23693 
19:48:30.502396 ON flow>7173 srcPort>43635 dst>fd10:23:100::2/23973 
19:48:30.503439 CONNECT flow>7165 srcPort>41865 dst>fd10:23:100::2/23965 
19:48:30.566959 OFF flow>6821 srcPort>35589 dst>fd10:23:100::2/23621 
19:48:30.572205 SHUTDOWN flow>6901 srcPort>45247 dst>fd10:23:100::2/23701 
19:48:30.576213 OFF flow>6893 srcPort>35709 dst>fd10:23:100::2/23693 
19:48:30.605344 CONNECT flow>7173 srcPort>43635 dst>fd10:23:100::2/23973 
19:48:30.629148 ON flow>7181 srcPort>40953 dst>fd10:23:100::2/23981 
19:48:30.711130 SHUTDOWN flow>6909 srcPort>35031 dst>fd10:23:100::2/23709 
19:48:30.735198 CONNECT flow>7181 srcPort>40953 dst>fd10:23:100::2/23981 
19:48:30.764946 SHUTDOWN flow>6877 srcPort>37867 dst>fd10:23:100::2/23677 
19:48:30.766808 OFF flow>6597 srcPort>44035 dst>fd10:23:100::2/23397 
19:48:30.804193 OFF flow>6789 srcPort>46453 dst>fd10:23:100::2/23589 
19:48:30.830218 ON flow>7189 srcPort>38729 dst>fd10:23:100::2/23989 
19:48:30.887134 SHUTDOWN flow>6925 srcPort>44589 dst>fd10:23:100::2/23725 
19:48:30.926252 CONNECT flow>7189 srcPort>38729 dst>fd10:23:100::2/23989 
19:48:30.966292 OFF flow>6909 srcPort>35031 dst>fd10:23:100::2/23709 
19:48:30.968462 ON flow>7197 srcPort>45293 dst>fd10:23:100::2/23997 
19:48:31.040343 SHUTDOWN flow>6941 srcPort>43221 dst>fd10:23:100::2/23741 
19:48:31.069227 CONNECT flow>7197 srcPort>45293 dst>fd10:23:100::2/23997 
19:48:31.071259 OFF flow>6573 srcPort>43475 dst>fd10:23:100::2/23373 
19:48:31.092425 ON flow>7205 srcPort>33195 dst>fd10:23:100::2/24005 
19:48:31.128593 SHUTDOWN flow>6917 srcPort>43477 dst>fd10:23:100::2/23717 
19:48:31.169807 OFF flow>6813 srcPort>34127 dst>fd10:23:100::2/23613 
19:48:31.192273 CONNECT flow>7205 srcPort>33195 dst>fd10:23:100::2/24005 
19:48:31.225166 ON flow>7213 srcPort>46779 dst>fd10:23:100::2/24013 
19:48:31.234153 OFF flow>6829 srcPort>35437 dst>fd10:23:100::2/23629 
19:48:31.245887 OFF flow>6861 srcPort>33667 dst>fd10:23:100::2/23661 
19:48:31.273766 OFF flow>6941 srcPort>43221 dst>fd10:23:100::2/23741 
19:48:31.292972 SHUTDOWN flow>6933 srcPort>43129 dst>fd10:23:100::2/23733 
19:48:31.332451 CONNECT flow>7213 srcPort>46779 dst>fd10:23:100::2/24013 
19:48:31.338068 OFF flow>6685 srcPort>46693 dst>fd10:23:100::2/23485 
19:48:31.339334 ON flow>7221 srcPort>43259 dst>fd10:23:100::2/24021 
19:48:31.345295 SHUTDOWN flow>6957 srcPort>32787 dst>fd10:23:100::2/23757 
19:48:31.399157 SHUTDOWN flow>6965 srcPort>39929 dst>fd10:23:100::2/23765 
19:48:31.445581 SHUTDOWN flow>6973 srcPort>38527 dst>fd10:23:100::2/23773 
19:48:31.449670 CONNECT flow>7221 srcPort>43259 dst>fd10:23:100::2/24021 
19:48:31.492456 ON flow>7229 srcPort>43819 dst>fd10:23:100::2/24029 
19:48:31.569141 SHUTDOWN flow>6981 srcPort>43439 dst>fd10:23:100::2/23781 
19:48:31.601184 CONNECT flow>7229 srcPort>43819 dst>fd10:23:100::2/24029 
19:48:31.681414 OFF flow>6981 srcPort>43439 dst>fd10:23:100::2/23781 
19:48:31.699394 SHUTDOWN flow>6989 srcPort>36925 dst>fd10:23:100::2/23789 
19:48:31.746543 OFF flow>6877 srcPort>37867 dst>fd10:23:100::2/23677 
19:48:31.747703 OFF flow>6653 srcPort>37641 dst>fd10:23:100::2/23453 
19:48:31.781002 OFF flow>6917 srcPort>43477 dst>fd10:23:100::2/23717 
19:48:31.781603 OFF flow>6957 srcPort>32787 dst>fd10:23:100::2/23757 
19:48:31.842463 OFF flow>6733 srcPort>39847 dst>fd10:23:100::2/23533 
19:48:31.900180 SHUTDOWN flow>6949 srcPort>43275 dst>fd10:23:100::2/23749 
19:48:31.919277 OFF flow>6989 srcPort>36925 dst>fd10:23:100::2/23789 
19:48:32.016323 ON flow>7237 srcPort>34173 dst>fd10:23:100::2/24037 
19:48:32.127110 CONNECT flow>7237 srcPort>34173 dst>fd10:23:100::2/24037 
19:48:32.171862 OFF flow>6933 srcPort>43129 dst>fd10:23:100::2/23733 
19:48:32.200848 OFF flow>6901 srcPort>45247 dst>fd10:23:100::2/23701 
19:48:32.246411 ON flow>7245 srcPort>34359 dst>fd10:23:100::2/24045 
19:48:32.263483 OFF flow>6973 srcPort>38527 dst>fd10:23:100::2/23773 
19:48:32.346246 CONNECT flow>7245 srcPort>34359 dst>fd10:23:100::2/24045 
19:48:32.433861 ON flow>7253 srcPort>36857 dst>fd10:23:100::2/24053 
19:48:32.499698 SHUTDOWN flow>7005 srcPort>33733 dst>fd10:23:100::2/23805 
19:48:32.507774 OFF flow>6925 srcPort>44589 dst>fd10:23:100::2/23725 
19:48:32.531755 OFF flow>6805 srcPort>44377 dst>fd10:23:100::2/23605 
19:48:32.536414 CONNECT flow>7253 srcPort>36857 dst>fd10:23:100::2/24053 
19:48:32.615891 OFF flow>6869 srcPort>44319 dst>fd10:23:100::2/23669 
19:48:32.652114 ON flow>7261 srcPort>42125 dst>fd10:23:100::2/24061 
19:48:32.720612 OFF flow>7005 srcPort>33733 dst>fd10:23:100::2/23805 
19:48:32.750272 CONNECT flow>7261 srcPort>42125 dst>fd10:23:100::2/24061 
19:48:32.757482 ON flow>7269 srcPort>45519 dst>fd10:23:100::2/24069 
19:48:32.757512 SHUTDOWN flow>7021 srcPort>38259 dst>fd10:23:100::2/23821 
19:48:32.846136 SHUTDOWN flow>7013 srcPort>33441 dst>fd10:23:100::2/23813 
19:48:32.855851 CONNECT flow>7269 srcPort>45519 dst>fd10:23:100::2/24069 
19:48:32.891314 ON flow>7277 srcPort>41021 dst>fd10:23:100::2/24077 
19:48:32.930991 OFF flow>6965 srcPort>39929 dst>fd10:23:100::2/23765 
19:48:32.956145 SHUTDOWN flow>7029 srcPort>43939 dst>fd10:23:100::2/23829 
19:48:32.957375 OFF flow>7021 srcPort>38259 dst>fd10:23:100::2/23821 
19:48:32.998999 CONNECT flow>7277 srcPort>41021 dst>fd10:23:100::2/24077 
19:48:33.062025 ON flow>7285 srcPort>34215 dst>fd10:23:100::2/24085 
19:48:33.084630 SHUTDOWN flow>7037 srcPort>40107 dst>fd10:23:100::2/23837 
19:48:33.143424 SHUTDOWN flow>7045 srcPort>36853 dst>fd10:23:100::2/23845 
19:48:33.168084 CONNECT flow>7285 srcPort>34215 dst>fd10:23:100::2/24085 
19:48:33.183083 SHUTDOWN flow>7053 srcPort>43497 dst>fd10:23:100::2/23853 
19:48:33.249803 OFF flow>7045 srcPort>36853 dst>fd10:23:100::2/23845 
19:48:33.288226 OFF flow>7053 srcPort>43497 dst>fd10:23:100::2/23853 
19:48:33.322958 SHUTDOWN flow>7061 srcPort>37775 dst>fd10:23:100::2/23861 
19:48:33.374114 SHUTDOWN flow>6997 srcPort>37305 dst>fd10:23:100::2/23797 
19:48:33.425537 ON flow>7293 srcPort>32833 dst>fd10:23:100::2/24093 
19:48:33.426360 SHUTDOWN flow>7069 srcPort>33411 dst>fd10:23:100::2/23869 
19:48:33.470439 OFF flow>6701 srcPort>35917 dst>fd10:23:100::2/23501 
19:48:33.526086 CONNECT flow>7293 srcPort>32833 dst>fd10:23:100::2/24093 
19:48:33.528117 OFF flow>7069 srcPort>33411 dst>fd10:23:100::2/23869 
19:48:33.539170 OFF flow>7037 srcPort>40107 dst>fd10:23:100::2/23837 
19:48:33.547843 SHUTDOWN flow>7077 srcPort>39811 dst>fd10:23:100::2/23877 
19:48:33.631995 ON flow>7301 srcPort>38071 dst>fd10:23:100::2/24101 
19:48:33.646218 OFF flow>7077 srcPort>39811 dst>fd10:23:100::2/23877 
19:48:33.674382 OFF flow>6949 srcPort>43275 dst>fd10:23:100::2/23749 
19:48:33.731333 CONNECT flow>7301 srcPort>38071 dst>fd10:23:100::2/24101 
19:48:33.735991 ON flow>7309 srcPort>40151 dst>fd10:23:100::2/24109 
19:48:33.781934 SHUTDOWN flow>7085 srcPort>44535 dst>fd10:23:100::2/23885 
19:48:33.829677 CONNECT flow>7309 srcPort>40151 dst>fd10:23:100::2/24109 
19:48:33.847853 SHUTDOWN flow>7093 srcPort>33801 dst>fd10:23:100::2/23893 
19:48:33.877846 OFF flow>7085 srcPort>44535 dst>fd10:23:100::2/23885 
19:48:33.890091 ON flow>7317 srcPort>38779 dst>fd10:23:100::2/24117 
19:48:33.936259 OFF flow>7093 srcPort>33801 dst>fd10:23:100::2/23893 
19:48:33.946905 OFF flow>7013 srcPort>33441 dst>fd10:23:100::2/23813 
19:48:33.974708 CONNECT flow>7317 srcPort>38779 dst>fd10:23:100::2/24117 
19:48:34.015764 ON flow>7325 srcPort>46649 dst>fd10:23:100::2/24125 
19:48:34.036504 SHUTDOWN flow>7101 srcPort>37777 dst>fd10:23:100::2/23901 
19:48:34.036692 OFF flow>7029 srcPort>43939 dst>fd10:23:100::2/23829 
19:48:34.086960 CONNECT flow>7325 srcPort>46649 dst>fd10:23:100::2/24125 
19:48:34.179831 OFF flow>7061 srcPort>37775 dst>fd10:23:100::2/23861 
19:48:34.197206 SHUTDOWN flow>7109 srcPort>36239 dst>fd10:23:100::2/23909 
19:48:34.231756 ON flow>7333 srcPort>42839 dst>fd10:23:100::2/24133 
19:48:34.263462 OFF flow>7109 srcPort>36239 dst>fd10:23:100::2/23909 
19:48:34.294774 CONNECT flow>7333 srcPort>42839 dst>fd10:23:100::2/24133 
19:48:34.347950 ON flow>7341 srcPort>43659 dst>fd10:23:100::2/24141 
19:48:34.389150 ON flow>7349 srcPort>45721 dst>fd10:23:100::2/24149 
19:48:34.405047 CONNECT flow>7341 srcPort>43659 dst>fd10:23:100::2/24141 
19:48:34.443907 CONNECT flow>7349 srcPort>45721 dst>fd10:23:100::2/24149 
19:48:34.512314 OFF flow>6997 srcPort>37305 dst>fd10:23:100::2/23797 
19:48:34.514918 SHUTDOWN flow>7125 srcPort>40287 dst>fd10:23:100::2/23925 
19:48:34.515353 SHUTDOWN flow>7117 srcPort>46645 dst>fd10:23:100::2/23917 
19:48:34.523140 ON flow>7357 srcPort>33203 dst>fd10:23:100::2/24157 
19:48:34.561879 OFF flow>7125 srcPort>40287 dst>fd10:23:100::2/23925 
19:48:34.569289 CONNECT flow>7357 srcPort>33203 dst>fd10:23:100::2/24157 
19:48:34.671306 SHUTDOWN flow>6837 srcPort>43397 dst>fd10:23:100::2/23637 
19:48:34.714720 OFF flow>7117 srcPort>46645 dst>fd10:23:100::2/23917 
19:48:34.723146 OFF flow>7101 srcPort>37777 dst>fd10:23:100::2/23901 
19:48:34.728348 SHUTDOWN flow>7133 srcPort>42329 dst>fd10:23:100::2/23933 
19:48:34.775644 OFF flow>7133 srcPort>42329 dst>fd10:23:100::2/23933 
19:48:34.820749 SHUTDOWN flow>7141 srcPort>40597 dst>fd10:23:100::2/23941 
19:48:34.831697 OFF flow>6837 srcPort>43397 dst>fd10:23:100::2/23637 
19:48:34.847640 ON flow>7365 srcPort>35849 dst>fd10:23:100::2/24165 
19:48:34.865496 OFF flow>7141 srcPort>40597 dst>fd10:23:100::2/23941 
19:48:34.888507 CONNECT flow>7365 srcPort>35849 dst>fd10:23:100::2/24165 
19:48:34.972001 SHUTDOWN flow>7149 srcPort>44907 dst>fd10:23:100::2/23949 
19:48:35.003705 OFF flow>7149 srcPort>44907 dst>fd10:23:100::2/23949 
19:48:35.064194 SHUTDOWN flow>7157 srcPort>42899 dst>fd10:23:100::2/23957 
19:48:35.070132 ON flow>7373 srcPort>33241 dst>fd10:23:100::2/24173 
19:48:35.088384 OFF flow>7157 srcPort>42899 dst>fd10:23:100::2/23957 
19:48:35.094131 CONNECT flow>7373 srcPort>33241 dst>fd10:23:100::2/24173 
19:48:35.190028 SHUTDOWN flow>7165 srcPort>41865 dst>fd10:23:100::2/23965 
19:48:35.196770 OFF flow>7165 srcPort>41865 dst>fd10:23:100::2/23965 
19:48:35.255337 ON flow>7381 srcPort>46651 dst>fd10:23:100::2/24181 
19:48:35.256931 CONNECT flow>7381 srcPort>46651 dst>fd10:23:100::2/24181 
19:48:35.302201 SHUTDOWN flow>7173 srcPort>43635 dst>fd10:23:100::2/23973 
19:48:35.302722 OFF flow>7173 srcPort>43635 dst>fd10:23:100::2/23973 
19:48:35.377319 ON flow>7389 srcPort>44865 dst>fd10:23:100::2/24189 
19:48:35.377759 CONNECT flow>7389 srcPort>44865 dst>fd10:23:100::2/24189 
19:48:35.428908 SHUTDOWN flow>7181 srcPort>40953 dst>fd10:23:100::2/23981 
19:48:35.429370 OFF flow>7181 srcPort>40953 dst>fd10:23:100::2/23981 
19:48:35.622934 ON flow>7397 srcPort>45041 dst>fd10:23:100::2/24197 
19:48:35.623512 CONNECT flow>7397 srcPort>45041 dst>fd10:23:100::2/24197 
19:48:35.629952 SHUTDOWN flow>7189 srcPort>38729 dst>fd10:23:100::2/23989 
19:48:35.630708 OFF flow>7189 srcPort>38729 dst>fd10:23:100::2/23989 
19:48:35.768004 SHUTDOWN flow>7197 srcPort>45293 dst>fd10:23:100::2/23997 
19:48:35.769393 OFF flow>7197 srcPort>45293 dst>fd10:23:100::2/23997 
19:48:35.864444 ON flow>7405 srcPort>34137 dst>fd10:23:100::2/24205 
19:48:35.864731 CONNECT flow>7405 srcPort>34137 dst>fd10:23:100::2/24205 
19:48:35.892009 SHUTDOWN flow>7205 srcPort>33195 dst>fd10:23:100::2/24005 
19:48:35.893003 OFF flow>7205 srcPort>33195 dst>fd10:23:100::2/24005 
19:48:36.025005 SHUTDOWN flow>7213 srcPort>46779 dst>fd10:23:100::2/24013 
19:48:36.025550 OFF flow>7213 srcPort>46779 dst>fd10:23:100::2/24013 
19:48:36.116256 ON flow>7413 srcPort>43561 dst>fd10:23:100::2/24213 
19:48:36.116892 CONNECT flow>7413 srcPort>43561 dst>fd10:23:100::2/24213 
19:48:36.139110 SHUTDOWN flow>7221 srcPort>43259 dst>fd10:23:100::2/24021 
19:48:36.139734 OFF flow>7221 srcPort>43259 dst>fd10:23:100::2/24021 
19:48:36.202121 ON flow>7421 srcPort>35475 dst>fd10:23:100::2/24221 
19:48:36.202894 CONNECT flow>7421 srcPort>35475 dst>fd10:23:100::2/24221 
19:48:36.292207 SHUTDOWN flow>7229 srcPort>43819 dst>fd10:23:100::2/24029 
19:48:36.292708 OFF flow>7229 srcPort>43819 dst>fd10:23:100::2/24029 
19:48:36.312851 ON flow>7429 srcPort>46163 dst>fd10:23:100::2/24229 
19:48:36.313409 CONNECT flow>7429 srcPort>46163 dst>fd10:23:100::2/24229 
19:48:36.408257 ON flow>7437 srcPort>40059 dst>fd10:23:100::2/24237 
19:48:36.408617 CONNECT flow>7437 srcPort>40059 dst>fd10:23:100::2/24237 
19:48:36.476115 ON flow>7445 srcPort>45447 dst>fd10:23:100::2/24245 
19:48:36.477013 CONNECT flow>7445 srcPort>45447 dst>fd10:23:100::2/24245 
19:48:36.721368 ON flow>7453 srcPort>42759 dst>fd10:23:100::2/24253 
19:48:36.721954 CONNECT flow>7453 srcPort>42759 dst>fd10:23:100::2/24253 
19:48:36.802264 ON flow>7461 srcPort>38737 dst>fd10:23:100::2/24261 
19:48:36.802596 CONNECT flow>7461 srcPort>38737 dst>fd10:23:100::2/24261 
19:48:36.815705 SHUTDOWN flow>7237 srcPort>34173 dst>fd10:23:100::2/24037 
19:48:36.816257 OFF flow>7237 srcPort>34173 dst>fd10:23:100::2/24037 
19:48:37.045402 SHUTDOWN flow>7245 srcPort>34359 dst>fd10:23:100::2/24045 
19:48:37.046241 OFF flow>7245 srcPort>34359 dst>fd10:23:100::2/24045 
19:48:37.102493 ON flow>7469 srcPort>40831 dst>fd10:23:100::2/24269 
19:48:37.103248 CONNECT flow>7469 srcPort>40831 dst>fd10:23:100::2/24269 
19:48:37.233608 SHUTDOWN flow>7253 srcPort>36857 dst>fd10:23:100::2/24053 
19:48:37.234812 OFF flow>7253 srcPort>36857 dst>fd10:23:100::2/24053 
19:48:37.277902 ON flow>7477 srcPort>36545 dst>fd10:23:100::2/24277 
19:48:37.278410 CONNECT flow>7477 srcPort>36545 dst>fd10:23:100::2/24277 
19:48:37.434915 ON flow>7485 srcPort>42263 dst>fd10:23:100::2/24285 
19:48:37.435722 CONNECT flow>7485 srcPort>42263 dst>fd10:23:100::2/24285 
19:48:37.451624 SHUTDOWN flow>7261 srcPort>42125 dst>fd10:23:100::2/24061 
19:48:37.452340 OFF flow>7261 srcPort>42125 dst>fd10:23:100::2/24061 
19:48:37.557430 SHUTDOWN flow>7269 srcPort>45519 dst>fd10:23:100::2/24069 
19:48:37.558576 OFF flow>7269 srcPort>45519 dst>fd10:23:100::2/24069 
19:48:37.575188 ON flow>7493 srcPort>38043 dst>fd10:23:100::2/24293 
19:48:37.575536 CONNECT flow>7493 srcPort>38043 dst>fd10:23:100::2/24293 
19:48:37.690995 SHUTDOWN flow>7277 srcPort>41021 dst>fd10:23:100::2/24077 
19:48:37.691967 OFF flow>7277 srcPort>41021 dst>fd10:23:100::2/24077 
19:48:37.743735 ON flow>7501 srcPort>38741 dst>fd10:23:100::2/24301 
19:48:37.744543 CONNECT flow>7501 srcPort>38741 dst>fd10:23:100::2/24301 
19:48:37.861699 SHUTDOWN flow>7285 srcPort>34215 dst>fd10:23:100::2/24085 
19:48:37.862221 OFF flow>7285 srcPort>34215 dst>fd10:23:100::2/24085 
19:48:37.875482 ON flow>7509 srcPort>35519 dst>fd10:23:100::2/24309 
19:48:37.876351 CONNECT flow>7509 srcPort>35519 dst>fd10:23:100::2/24309 
19:48:37.975726 ON flow>7517 srcPort>33245 dst>fd10:23:100::2/24317 
19:48:37.977306 CONNECT flow>7517 srcPort>33245 dst>fd10:23:100::2/24317 
19:48:38.101344 ON flow>7525 srcPort>33713 dst>fd10:23:100::2/24325 
19:48:38.101700 CONNECT flow>7525 srcPort>33713 dst>fd10:23:100::2/24325 
19:48:38.225308 SHUTDOWN flow>7293 srcPort>32833 dst>fd10:23:100::2/24093 
19:48:38.226177 OFF flow>7293 srcPort>32833 dst>fd10:23:100::2/24093 
19:48:38.310327 ON flow>7533 srcPort>39521 dst>fd10:23:100::2/24333 
19:48:38.310884 CONNECT flow>7533 srcPort>39521 dst>fd10:23:100::2/24333 
19:48:38.431775 SHUTDOWN flow>7301 srcPort>38071 dst>fd10:23:100::2/24101 
19:48:38.432240 OFF flow>7301 srcPort>38071 dst>fd10:23:100::2/24101 
19:48:38.535676 SHUTDOWN flow>7309 srcPort>40151 dst>fd10:23:100::2/24109 
19:48:38.536644 OFF flow>7309 srcPort>40151 dst>fd10:23:100::2/24109 
19:48:38.689679 SHUTDOWN flow>7317 srcPort>38779 dst>fd10:23:100::2/24117 
19:48:38.690315 OFF flow>7317 srcPort>38779 dst>fd10:23:100::2/24117 
19:48:38.782688 ON flow>7541 srcPort>39165 dst>fd10:23:100::2/24341 
19:48:38.783086 CONNECT flow>7541 srcPort>39165 dst>fd10:23:100::2/24341 
19:48:38.815483 SHUTDOWN flow>7325 srcPort>46649 dst>fd10:23:100::2/24125 
19:48:38.816105 OFF flow>7325 srcPort>46649 dst>fd10:23:100::2/24125 
19:48:38.918056 ON flow>7549 srcPort>40091 dst>fd10:23:100::2/24349 
19:48:38.918412 CONNECT flow>7549 srcPort>40091 dst>fd10:23:100::2/24349 
19:48:38.972466 ON flow>7557 srcPort>39483 dst>fd10:23:100::2/24357 
19:48:38.973057 CONNECT flow>7557 srcPort>39483 dst>fd10:23:100::2/24357 
19:48:39.031570 SHUTDOWN flow>7333 srcPort>42839 dst>fd10:23:100::2/24133 
19:48:39.033148 OFF flow>7333 srcPort>42839 dst>fd10:23:100::2/24133 
19:48:39.108767 ON flow>7565 srcPort>44245 dst>fd10:23:100::2/24365 
19:48:39.109198 CONNECT flow>7565 srcPort>44245 dst>fd10:23:100::2/24365 
19:48:39.147628 SHUTDOWN flow>7341 srcPort>43659 dst>fd10:23:100::2/24141 
19:48:39.148782 OFF flow>7341 srcPort>43659 dst>fd10:23:100::2/24141 
19:48:39.188907 SHUTDOWN flow>7349 srcPort>45721 dst>fd10:23:100::2/24149 
19:48:39.189698 OFF flow>7349 srcPort>45721 dst>fd10:23:100::2/24149 
19:48:39.198228 ON flow>7573 srcPort>36833 dst>fd10:23:100::2/24373 
19:48:39.198646 CONNECT flow>7573 srcPort>36833 dst>fd10:23:100::2/24373 
19:48:39.255953 ON flow>7581 srcPort>41201 dst>fd10:23:100::2/24381 
19:48:39.256196 CONNECT flow>7581 srcPort>41201 dst>fd10:23:100::2/24381 
19:48:39.290881 ON flow>7589 srcPort>35299 dst>fd10:23:100::2/24389 
19:48:39.291349 CONNECT flow>7589 srcPort>35299 dst>fd10:23:100::2/24389 
19:48:39.322903 SHUTDOWN flow>7357 srcPort>33203 dst>fd10:23:100::2/24157 
19:48:39.324086 OFF flow>7357 srcPort>33203 dst>fd10:23:100::2/24157 
19:48:39.347673 ON flow>7597 srcPort>34493 dst>fd10:23:100::2/24397 
19:48:39.349249 CONNECT flow>7597 srcPort>34493 dst>fd10:23:100::2/24397 
19:48:39.456549 ON flow>7605 srcPort>38651 dst>fd10:23:100::2/24405 
19:48:39.458788 CONNECT flow>7605 srcPort>38651 dst>fd10:23:100::2/24405 
19:48:39.614785 ON flow>7613 srcPort>38751 dst>fd10:23:100::2/24413 
19:48:39.615498 CONNECT flow>7613 srcPort>38751 dst>fd10:23:100::2/24413 
19:48:39.647409 SHUTDOWN flow>7365 srcPort>35849 dst>fd10:23:100::2/24165 
19:48:39.647954 OFF flow>7365 srcPort>35849 dst>fd10:23:100::2/24165 
19:48:39.801436 ON flow>7621 srcPort>44817 dst>fd10:23:100::2/24421 
19:48:39.802625 CONNECT flow>7621 srcPort>44817 dst>fd10:23:100::2/24421 
19:48:39.871337 SHUTDOWN flow>7373 srcPort>33241 dst>fd10:23:100::2/24173 
19:48:39.877730 OFF flow>7373 srcPort>33241 dst>fd10:23:100::2/24173 
19:48:39.964347 ON flow>7629 srcPort>46261 dst>fd10:23:100::2/24429 
19:48:39.965005 CONNECT flow>7629 srcPort>46261 dst>fd10:23:100::2/24429 
19:48:40.055130 SHUTDOWN flow>7381 srcPort>46651 dst>fd10:23:100::2/24181 
19:48:40.057187 OFF flow>7381 srcPort>46651 dst>fd10:23:100::2/24181 
19:48:40.177231 SHUTDOWN flow>7389 srcPort>44865 dst>fd10:23:100::2/24189 
19:48:40.177664 OFF flow>7389 srcPort>44865 dst>fd10:23:100::2/24189 
19:48:40.231540 ON flow>7637 srcPort>44221 dst>fd10:23:100::2/24437 
19:48:40.232238 CONNECT flow>7637 srcPort>44221 dst>fd10:23:100::2/24437 
19:48:40.334024 ON flow>7645 srcPort>38917 dst>fd10:23:100::2/24445 
19:48:40.334332 CONNECT flow>7645 srcPort>38917 dst>fd10:23:100::2/24445 
19:48:40.419583 ON flow>7653 srcPort>35739 dst>fd10:23:100::2/24453 
19:48:40.420445 CONNECT flow>7653 srcPort>35739 dst>fd10:23:100::2/24453 
19:48:40.422631 SHUTDOWN flow>7397 srcPort>45041 dst>fd10:23:100::2/24197 
19:48:40.424993 OFF flow>7397 srcPort>45041 dst>fd10:23:100::2/24197 
19:48:40.502228 ON flow>7661 srcPort>37927 dst>fd10:23:100::2/24461 
19:48:40.503809 CONNECT flow>7661 srcPort>37927 dst>fd10:23:100::2/24461 
19:48:40.541009 ON flow>7669 srcPort>42873 dst>fd10:23:100::2/24469 
19:48:40.541446 CONNECT flow>7669 srcPort>42873 dst>fd10:23:100::2/24469 
19:48:40.607854 ON flow>7677 srcPort>43247 dst>fd10:23:100::2/24477 
19:48:40.610025 CONNECT flow>7677 srcPort>43247 dst>fd10:23:100::2/24477 
19:48:40.664229 SHUTDOWN flow>7405 srcPort>34137 dst>fd10:23:100::2/24205 
19:48:40.666923 OFF flow>7405 srcPort>34137 dst>fd10:23:100::2/24205 
19:48:40.711301 ON flow>7685 srcPort>37423 dst>fd10:23:100::2/24485 
19:48:40.714154 CONNECT flow>7685 srcPort>37423 dst>fd10:23:100::2/24485 
19:48:40.753025 ON flow>7693 srcPort>43091 dst>fd10:23:100::2/24493 
19:48:40.754164 CONNECT flow>7693 srcPort>43091 dst>fd10:23:100::2/24493 
19:48:40.839002 ON flow>7701 srcPort>44653 dst>fd10:23:100::2/24501 
19:48:40.841063 CONNECT flow>7701 srcPort>44653 dst>fd10:23:100::2/24501 
19:48:40.916060 SHUTDOWN flow>7413 srcPort>43561 dst>fd10:23:100::2/24213 
19:48:40.916676 OFF flow>7413 srcPort>43561 dst>fd10:23:100::2/24213 
19:48:40.946724 ON flow>7709 srcPort>38287 dst>fd10:23:100::2/24509 
19:48:40.949173 CONNECT flow>7709 srcPort>38287 dst>fd10:23:100::2/24509 
19:48:41.002052 SHUTDOWN flow>7421 srcPort>35475 dst>fd10:23:100::2/24221 
19:48:41.004707 OFF flow>7421 srcPort>35475 dst>fd10:23:100::2/24221 
19:48:41.077503 ON flow>7717 srcPort>35883 dst>fd10:23:100::2/24517 
19:48:41.078205 CONNECT flow>7717 srcPort>35883 dst>fd10:23:100::2/24517 
19:48:41.112729 SHUTDOWN flow>7429 srcPort>46163 dst>fd10:23:100::2/24229 
19:48:41.115868 OFF flow>7429 srcPort>46163 dst>fd10:23:100::2/24229 
19:48:41.184176 ON flow>7725 srcPort>33169 dst>fd10:23:100::2/24525 
19:48:41.186075 CONNECT flow>7725 srcPort>33169 dst>fd10:23:100::2/24525 
19:48:41.208117 SHUTDOWN flow>7437 srcPort>40059 dst>fd10:23:100::2/24237 
19:48:41.210607 OFF flow>7437 srcPort>40059 dst>fd10:23:100::2/24237 
19:48:41.276008 SHUTDOWN flow>7445 srcPort>45447 dst>fd10:23:100::2/24245 
19:48:41.281164 OFF flow>7445 srcPort>45447 dst>fd10:23:100::2/24245 
19:48:41.294056 ON flow>7733 srcPort>42915 dst>fd10:23:100::2/24533 
19:48:41.300217 CONNECT flow>7733 srcPort>42915 dst>fd10:23:100::2/24533 
19:48:41.408132 ON flow>7741 srcPort>37835 dst>fd10:23:100::2/24541 
19:48:41.408488 CONNECT flow>7741 srcPort>37835 dst>fd10:23:100::2/24541 
19:48:41.521222 SHUTDOWN flow>7453 srcPort>42759 dst>fd10:23:100::2/24253 
19:48:41.521713 OFF flow>7453 srcPort>42759 dst>fd10:23:100::2/24253 
19:48:41.527663 ON flow>7749 srcPort>40781 dst>fd10:23:100::2/24549 
19:48:41.531371 CONNECT flow>7749 srcPort>40781 dst>fd10:23:100::2/24549 
19:48:41.601215 ON flow>7757 srcPort>43587 dst>fd10:23:100::2/24557 
19:48:41.601641 CONNECT flow>7757 srcPort>43587 dst>fd10:23:100::2/24557 
19:48:41.602119 SHUTDOWN flow>7461 srcPort>38737 dst>fd10:23:100::2/24261 
19:48:41.602862 OFF flow>7461 srcPort>38737 dst>fd10:23:100::2/24261 
19:48:41.800055 ON flow>7765 srcPort>35831 dst>fd10:23:100::2/24565 
19:48:41.805157 CONNECT flow>7765 srcPort>35831 dst>fd10:23:100::2/24565 
19:48:41.902127 SHUTDOWN flow>7469 srcPort>40831 dst>fd10:23:100::2/24269 
19:48:41.909750 OFF flow>7469 srcPort>40831 dst>fd10:23:100::2/24269 
19:48:41.922957 ON flow>7773 srcPort>42309 dst>fd10:23:100::2/24573 
19:48:41.934453 CONNECT flow>7773 srcPort>42309 dst>fd10:23:100::2/24573 
19:48:42.012587 ON flow>7781 srcPort>45147 dst>fd10:23:100::2/24581 
19:48:42.025250 CONNECT flow>7781 srcPort>45147 dst>fd10:23:100::2/24581 
19:48:42.077683 SHUTDOWN flow>7477 srcPort>36545 dst>fd10:23:100::2/24277 
19:48:42.096555 OFF flow>7477 srcPort>36545 dst>fd10:23:100::2/24277 
19:48:42.106876 ON flow>7789 srcPort>36807 dst>fd10:23:100::2/24589 
19:48:42.130945 CONNECT flow>7789 srcPort>36807 dst>fd10:23:100::2/24589 
19:48:42.196501 ON flow>7797 srcPort>41277 dst>fd10:23:100::2/24597 
19:48:42.234489 CONNECT flow>7797 srcPort>41277 dst>fd10:23:100::2/24597 
19:48:42.234870 SHUTDOWN flow>7485 srcPort>42263 dst>fd10:23:100::2/24285 
19:48:42.278177 OFF flow>7485 srcPort>42263 dst>fd10:23:100::2/24285 
19:48:42.294963 ON flow>7805 srcPort>37919 dst>fd10:23:100::2/24605 
19:48:42.361868 CONNECT flow>7805 srcPort>37919 dst>fd10:23:100::2/24605 
19:48:42.368543 ON flow>7813 srcPort>34693 dst>fd10:23:100::2/24613 
19:48:42.375076 SHUTDOWN flow>7493 srcPort>38043 dst>fd10:23:100::2/24293 
19:48:42.457968 ON flow>7821 srcPort>42365 dst>fd10:23:100::2/24621 
19:48:42.463204 CONNECT flow>7813 srcPort>34693 dst>fd10:23:100::2/24613 
19:48:42.473909 OFF flow>7493 srcPort>38043 dst>fd10:23:100::2/24293 
19:48:42.527774 ON flow>7829 srcPort>34239 dst>fd10:23:100::2/24629 
19:48:42.543551 SHUTDOWN flow>7501 srcPort>38741 dst>fd10:23:100::2/24301 
19:48:42.569374 CONNECT flow>7821 srcPort>42365 dst>fd10:23:100::2/24621 
19:48:42.592254 ON flow>7837 srcPort>40281 dst>fd10:23:100::2/24637 
19:48:42.642671 CONNECT flow>7829 srcPort>34239 dst>fd10:23:100::2/24629 
19:48:42.675240 SHUTDOWN flow>7509 srcPort>35519 dst>fd10:23:100::2/24309 
19:48:42.699038 CONNECT flow>7837 srcPort>40281 dst>fd10:23:100::2/24637 
19:48:42.721485 ON flow>7845 srcPort>43607 dst>fd10:23:100::2/24645 
19:48:42.747640 OFF flow>7501 srcPort>38741 dst>fd10:23:100::2/24301 
19:48:42.775564 SHUTDOWN flow>7517 srcPort>33245 dst>fd10:23:100::2/24317 
19:48:42.808351 CONNECT flow>7845 srcPort>43607 dst>fd10:23:100::2/24645 
19:48:42.892519 ON flow>7853 srcPort>40981 dst>fd10:23:100::2/24653 
19:48:42.901295 SHUTDOWN flow>7525 srcPort>33713 dst>fd10:23:100::2/24325 
19:48:42.909106 OFF flow>7517 srcPort>33245 dst>fd10:23:100::2/24317 
19:48:42.996012 CONNECT flow>7853 srcPort>40981 dst>fd10:23:100::2/24653 
19:48:43.018428 ON flow>7861 srcPort>43991 dst>fd10:23:100::2/24661 
19:48:43.076574 OFF flow>7525 srcPort>33713 dst>fd10:23:100::2/24325 
19:48:43.098520 OFF flow>7509 srcPort>35519 dst>fd10:23:100::2/24309 
19:48:43.110199 SHUTDOWN flow>7533 srcPort>39521 dst>fd10:23:100::2/24333 
19:48:43.130661 CONNECT flow>7861 srcPort>43991 dst>fd10:23:100::2/24661 
19:48:43.156843 ON flow>7869 srcPort>43549 dst>fd10:23:100::2/24669 
19:48:43.234317 ON flow>7877 srcPort>44987 dst>fd10:23:100::2/24677 
19:48:43.268508 CONNECT flow>7869 srcPort>43549 dst>fd10:23:100::2/24669 
19:48:43.297544 ON flow>7885 srcPort>33461 dst>fd10:23:100::2/24685 
19:48:43.319112 CONNECT flow>7877 srcPort>44987 dst>fd10:23:100::2/24677 
19:48:43.371241 OFF flow>7533 srcPort>39521 dst>fd10:23:100::2/24333 
19:48:43.389229 CONNECT flow>7885 srcPort>33461 dst>fd10:23:100::2/24685 
19:48:43.399425 ON flow>7893 srcPort>46573 dst>fd10:23:100::2/24693 
19:48:43.466779 ON flow>7901 srcPort>33443 dst>fd10:23:100::2/24701 
19:48:43.489364 CONNECT flow>7893 srcPort>46573 dst>fd10:23:100::2/24693 
19:48:43.558582 ON flow>7909 srcPort>44731 dst>fd10:23:100::2/24709 
19:48:43.560576 CONNECT flow>7901 srcPort>33443 dst>fd10:23:100::2/24701 
19:48:43.582529 SHUTDOWN flow>7541 srcPort>39165 dst>fd10:23:100::2/24341 
19:48:43.651316 CONNECT flow>7909 srcPort>44731 dst>fd10:23:100::2/24709 
19:48:43.681983 OFF flow>7541 srcPort>39165 dst>fd10:23:100::2/24341 
19:48:43.717982 SHUTDOWN flow>7549 srcPort>40091 dst>fd10:23:100::2/24349 
19:48:43.758867 ON flow>7917 srcPort>42233 dst>fd10:23:100::2/24717 
19:48:43.772574 SHUTDOWN flow>7557 srcPort>39483 dst>fd10:23:100::2/24357 
19:48:43.864938 CONNECT flow>7917 srcPort>42233 dst>fd10:23:100::2/24717 
19:48:43.910443 ON flow>7925 srcPort>37575 dst>fd10:23:100::2/24725 
19:48:43.998085 SHUTDOWN flow>7573 srcPort>36833 dst>fd10:23:100::2/24373 
19:48:44.014312 CONNECT flow>7925 srcPort>37575 dst>fd10:23:100::2/24725 
19:48:44.034117 ON flow>7933 srcPort>40501 dst>fd10:23:100::2/24733 
19:48:44.141676 CONNECT flow>7933 srcPort>40501 dst>fd10:23:100::2/24733 
19:48:44.146312 ON flow>7941 srcPort>39625 dst>fd10:23:100::2/24741 
19:48:44.200274 OFF flow>7557 srcPort>39483 dst>fd10:23:100::2/24357 
19:48:44.224155 ON flow>7949 srcPort>45143 dst>fd10:23:100::2/24749 
19:48:44.230490 SHUTDOWN flow>7597 srcPort>34493 dst>fd10:23:100::2/24397 
19:48:44.243957 SHUTDOWN flow>7581 srcPort>41201 dst>fd10:23:100::2/24381 
19:48:44.244446 SHUTDOWN flow>7565 srcPort>44245 dst>fd10:23:100::2/24365 
19:48:44.248917 CONNECT flow>7941 srcPort>39625 dst>fd10:23:100::2/24741 
19:48:44.256522 SHUTDOWN flow>7605 srcPort>38651 dst>fd10:23:100::2/24405 
19:48:44.322392 CONNECT flow>7949 srcPort>45143 dst>fd10:23:100::2/24749 
19:48:44.357780 ON flow>7957 srcPort>40181 dst>fd10:23:100::2/24757 
19:48:44.414553 SHUTDOWN flow>7613 srcPort>38751 dst>fd10:23:100::2/24413 
19:48:44.414968 ON flow>7965 srcPort>40835 dst>fd10:23:100::2/24765 
19:48:44.417653 SHUTDOWN flow>7589 srcPort>35299 dst>fd10:23:100::2/24389 
19:48:44.432455 OFF flow>7573 srcPort>36833 dst>fd10:23:100::2/24373 
19:48:44.460152 CONNECT flow>7957 srcPort>40181 dst>fd10:23:100::2/24757 
19:48:44.478893 ON flow>7973 srcPort>33447 dst>fd10:23:100::2/24773 
19:48:44.514291 ON flow>7981 srcPort>43319 dst>fd10:23:100::2/24781 
19:48:44.515737 CONNECT flow>7965 srcPort>40835 dst>fd10:23:100::2/24765 
19:48:44.547908 OFF flow>7549 srcPort>40091 dst>fd10:23:100::2/24349 
19:48:44.579083 ON flow>7989 srcPort>32889 dst>fd10:23:100::2/24789 
19:48:44.582245 CONNECT flow>7973 srcPort>33447 dst>fd10:23:100::2/24773 
19:48:44.601441 SHUTDOWN flow>7621 srcPort>44817 dst>fd10:23:100::2/24421 
19:48:44.619340 CONNECT flow>7981 srcPort>43319 dst>fd10:23:100::2/24781 
19:48:44.656510 ON flow>7997 srcPort>34663 dst>fd10:23:100::2/24797 
19:48:44.683024 CONNECT flow>7989 srcPort>32889 dst>fd10:23:100::2/24789 
19:48:44.706559 ON flow>8005 srcPort>46439 dst>fd10:23:100::2/24805 
19:48:44.740937 OFF flow>7597 srcPort>34493 dst>fd10:23:100::2/24397 
19:48:44.746751 OFF flow>7581 srcPort>41201 dst>fd10:23:100::2/24381 
19:48:44.760055 CONNECT flow>7997 srcPort>34663 dst>fd10:23:100::2/24797 
19:48:44.809324 CONNECT flow>8005 srcPort>46439 dst>fd10:23:100::2/24805 
19:48:44.825183 ON flow>8013 srcPort>33291 dst>fd10:23:100::2/24813 
19:48:44.834086 OFF flow>7621 srcPort>44817 dst>fd10:23:100::2/24421 
19:48:44.918508 ON flow>8021 srcPort>38303 dst>fd10:23:100::2/24821 
19:48:44.926606 CONNECT flow>8013 srcPort>33291 dst>fd10:23:100::2/24813 
19:48:44.958653 OFF flow>7565 srcPort>44245 dst>fd10:23:100::2/24365 
19:48:44.997243 ON flow>8029 srcPort>40877 dst>fd10:23:100::2/24829 
19:48:45.021959 CONNECT flow>8021 srcPort>38303 dst>fd10:23:100::2/24821 
19:48:45.026609 SHUTDOWN flow>7629 srcPort>46261 dst>fd10:23:100::2/24429 
19:48:45.057430 ON flow>8037 srcPort>40713 dst>fd10:23:100::2/24837 
19:48:45.067238 OFF flow>7589 srcPort>35299 dst>fd10:23:100::2/24389 
19:48:45.103139 CONNECT flow>8029 srcPort>40877 dst>fd10:23:100::2/24829 
19:48:45.125782 ON flow>8045 srcPort>44335 dst>fd10:23:100::2/24845 
19:48:45.154483 CONNECT flow>8037 srcPort>40713 dst>fd10:23:100::2/24837 
19:48:45.205713 SHUTDOWN flow>7645 srcPort>38917 dst>fd10:23:100::2/24445 
19:48:45.216781 ON flow>8053 srcPort>34313 dst>fd10:23:100::2/24853 
19:48:45.221314 CONNECT flow>8045 srcPort>44335 dst>fd10:23:100::2/24845 
19:48:45.316447 ON flow>8061 srcPort>36805 dst>fd10:23:100::2/24861 
19:48:45.319894 CONNECT flow>8053 srcPort>34313 dst>fd10:23:100::2/24853 
19:48:45.340839 SHUTDOWN flow>7669 srcPort>42873 dst>fd10:23:100::2/24469 
19:48:45.391530 ON flow>8069 srcPort>38029 dst>fd10:23:100::2/24869 
19:48:45.407718 SHUTDOWN flow>7677 srcPort>43247 dst>fd10:23:100::2/24477 
19:48:45.418054 CONNECT flow>8061 srcPort>36805 dst>fd10:23:100::2/24861 
19:48:45.438960 SHUTDOWN flow>7637 srcPort>44221 dst>fd10:23:100::2/24437 
19:48:45.487541 CONNECT flow>8069 srcPort>38029 dst>fd10:23:100::2/24869 
19:48:45.512905 ON flow>8077 srcPort>38523 dst>fd10:23:100::2/24877 
19:48:45.585286 SHUTDOWN flow>7653 srcPort>35739 dst>fd10:23:100::2/24453 
19:48:45.613391 CONNECT flow>8077 srcPort>38523 dst>fd10:23:100::2/24877 
19:48:45.618416 OFF flow>7613 srcPort>38751 dst>fd10:23:100::2/24413 
19:48:45.649849 OFF flow>7605 srcPort>38651 dst>fd10:23:100::2/24405 
19:48:45.672275 ON flow>8085 srcPort>43211 dst>fd10:23:100::2/24885 
19:48:45.735756 OFF flow>7629 srcPort>46261 dst>fd10:23:100::2/24429 
19:48:45.746621 SHUTDOWN flow>7709 srcPort>38287 dst>fd10:23:100::2/24509 
19:48:45.773052 CONNECT flow>8085 srcPort>43211 dst>fd10:23:100::2/24885 
19:48:45.984074 SHUTDOWN flow>7725 srcPort>33169 dst>fd10:23:100::2/24525 
19:48:46.010075 SHUTDOWN flow>7701 srcPort>44653 dst>fd10:23:100::2/24501 
19:48:46.028913 ON flow>8093 srcPort>33281 dst>fd10:23:100::2/24893 
19:48:46.125422 CONNECT flow>8093 srcPort>33281 dst>fd10:23:100::2/24893 
19:48:46.150872 OFF flow>7645 srcPort>38917 dst>fd10:23:100::2/24445 
19:48:46.163039 SHUTDOWN flow>7685 srcPort>37423 dst>fd10:23:100::2/24485 
19:48:46.317605 SHUTDOWN flow>7693 srcPort>43091 dst>fd10:23:100::2/24493 
19:48:46.356905 ON flow>8101 srcPort>41175 dst>fd10:23:100::2/24901 
19:48:46.401139 SHUTDOWN flow>7757 srcPort>43587 dst>fd10:23:100::2/24557 
19:48:46.434393 ON flow>8109 srcPort>38379 dst>fd10:23:100::2/24909 
19:48:46.455620 CONNECT flow>8101 srcPort>41175 dst>fd10:23:100::2/24901 
19:48:46.500128 SHUTDOWN flow>7661 srcPort>37927 dst>fd10:23:100::2/24461 
19:48:46.512906 ON flow>8117 srcPort>36345 dst>fd10:23:100::2/24917 
19:48:46.532241 CONNECT flow>8109 srcPort>38379 dst>fd10:23:100::2/24909 
19:48:46.555772 SHUTDOWN flow>7741 srcPort>37835 dst>fd10:23:100::2/24541 
19:48:46.599896 SHUTDOWN flow>7765 srcPort>35831 dst>fd10:23:100::2/24565 
19:48:46.601527 SHUTDOWN flow>7733 srcPort>42915 dst>fd10:23:100::2/24533 
19:48:46.609748 CONNECT flow>8117 srcPort>36345 dst>fd10:23:100::2/24917 
19:48:46.613593 SHUTDOWN flow>7717 srcPort>35883 dst>fd10:23:100::2/24517 
19:48:46.620422 ON flow>8125 srcPort>41203 dst>fd10:23:100::2/24925 
19:48:46.680100 ON flow>8133 srcPort>42357 dst>fd10:23:100::2/24933 
19:48:46.681019 OFF flow>7669 srcPort>42873 dst>fd10:23:100::2/24469 
19:48:46.719381 CONNECT flow>8125 srcPort>41203 dst>fd10:23:100::2/24925 
19:48:46.722650 SHUTDOWN flow>7773 srcPort>42309 dst>fd10:23:100::2/24573 
19:48:46.752158 ON flow>8141 srcPort>43851 dst>fd10:23:100::2/24941 
19:48:46.783024 CONNECT flow>8133 srcPort>42357 dst>fd10:23:100::2/24933 
19:48:46.822037 ON flow>8149 srcPort>40333 dst>fd10:23:100::2/24949 
19:48:46.855083 CONNECT flow>8141 srcPort>43851 dst>fd10:23:100::2/24941 
19:48:46.863478 SHUTDOWN flow>7749 srcPort>40781 dst>fd10:23:100::2/24549 
19:48:46.923582 CONNECT flow>8149 srcPort>40333 dst>fd10:23:100::2/24949 
19:48:47.055717 ON flow>8157 srcPort>40685 dst>fd10:23:100::2/24957 
19:48:47.081643 SHUTDOWN flow>7797 srcPort>41277 dst>fd10:23:100::2/24597 
19:48:47.094528 SHUTDOWN flow>7805 srcPort>37919 dst>fd10:23:100::2/24605 
19:48:47.155127 CONNECT flow>8157 srcPort>40685 dst>fd10:23:100::2/24957 
19:48:47.188576 SHUTDOWN flow>7789 srcPort>36807 dst>fd10:23:100::2/24589 
19:48:47.209266 OFF flow>7637 srcPort>44221 dst>fd10:23:100::2/24437 
19:48:47.265152 SHUTDOWN flow>7781 srcPort>45147 dst>fd10:23:100::2/24581 
19:48:47.375565 ON flow>8165 srcPort>41701 dst>fd10:23:100::2/24965 
19:48:47.423679 OFF flow>7741 srcPort>37835 dst>fd10:23:100::2/24541 
19:48:47.466354 ON flow>8173 srcPort>34421 dst>fd10:23:100::2/24973 
19:48:47.477754 CONNECT flow>8165 srcPort>41701 dst>fd10:23:100::2/24965 
19:48:47.562415 CONNECT flow>8173 srcPort>34421 dst>fd10:23:100::2/24973 
19:48:47.564573 SHUTDOWN flow>7813 srcPort>34693 dst>fd10:23:100::2/24613 
19:48:47.581002 OFF flow>7653 srcPort>35739 dst>fd10:23:100::2/24453 
19:48:47.591005 OFF flow>7789 srcPort>36807 dst>fd10:23:100::2/24589 
19:48:47.607966 ON flow>8181 srcPort>46713 dst>fd10:23:100::2/24981 
19:48:47.617258 OFF flow>7677 srcPort>43247 dst>fd10:23:100::2/24477 
19:48:47.702919 CONNECT flow>8181 srcPort>46713 dst>fd10:23:100::2/24981 
19:48:47.715789 OFF flow>7725 srcPort>33169 dst>fd10:23:100::2/24525 
19:48:47.728091 SHUTDOWN flow>7837 srcPort>40281 dst>fd10:23:100::2/24637 
19:48:47.748219 OFF flow>7701 srcPort>44653 dst>fd10:23:100::2/24501 
19:48:47.754978 ON flow>8189 srcPort>44735 dst>fd10:23:100::2/24989 
19:48:47.773725 OFF flow>7797 srcPort>41277 dst>fd10:23:100::2/24597 
19:48:47.780749 SHUTDOWN flow>7821 srcPort>42365 dst>fd10:23:100::2/24621 
19:48:47.846597 SHUTDOWN flow>7845 srcPort>43607 dst>fd10:23:100::2/24645 
19:48:47.854925 CONNECT flow>8189 srcPort>44735 dst>fd10:23:100::2/24989 
19:48:47.915355 OFF flow>7805 srcPort>37919 dst>fd10:23:100::2/24605 
19:48:47.922933 ON flow>8197 srcPort>36313 dst>fd10:23:100::2/24997 
19:48:47.980666 SHUTDOWN flow>7853 srcPort>40981 dst>fd10:23:100::2/24653 
19:48:48.024874 CONNECT flow>8197 srcPort>36313 dst>fd10:23:100::2/24997 
19:48:48.025451 ON flow>8205 srcPort>38373 dst>fd10:23:100::2/25005 
19:48:48.057611 OFF flow>7813 srcPort>34693 dst>fd10:23:100::2/24613 
19:48:48.059257 SHUTDOWN flow>7877 srcPort>44987 dst>fd10:23:100::2/24677 
19:48:48.096931 SHUTDOWN flow>7885 srcPort>33461 dst>fd10:23:100::2/24685 
19:48:48.128076 CONNECT flow>8205 srcPort>38373 dst>fd10:23:100::2/25005 
19:48:48.141168 ON flow>8213 srcPort>38743 dst>fd10:23:100::2/25013 
19:48:48.189381 OFF flow>7685 srcPort>37423 dst>fd10:23:100::2/24485 
19:48:48.244102 CONNECT flow>8213 srcPort>38743 dst>fd10:23:100::2/25013 
19:48:48.266412 SHUTDOWN flow>7901 srcPort>33443 dst>fd10:23:100::2/24701 
19:48:48.294300 SHUTDOWN flow>7861 srcPort>43991 dst>fd10:23:100::2/24661 
19:48:48.308769 ON flow>8221 srcPort>37127 dst>fd10:23:100::2/25021 
19:48:48.365374 OFF flow>7661 srcPort>37927 dst>fd10:23:100::2/24461 
19:48:48.367908 OFF flow>7749 srcPort>40781 dst>fd10:23:100::2/24549 
19:48:48.412440 CONNECT flow>8221 srcPort>37127 dst>fd10:23:100::2/25021 
19:48:48.482417 OFF flow>7693 srcPort>43091 dst>fd10:23:100::2/24493 
19:48:48.523684 SHUTDOWN flow>7909 srcPort>44731 dst>fd10:23:100::2/24709 
19:48:48.553826 OFF flow>7845 srcPort>43607 dst>fd10:23:100::2/24645 
19:48:48.558254 SHUTDOWN flow>7917 srcPort>42233 dst>fd10:23:100::2/24717 
19:48:48.586485 OFF flow>7773 srcPort>42309 dst>fd10:23:100::2/24573 
19:48:48.593526 OFF flow>7885 srcPort>33461 dst>fd10:23:100::2/24685 
19:48:48.622919 ON flow>8229 srcPort>41085 dst>fd10:23:100::2/25029 
19:48:48.625344 OFF flow>7837 srcPort>40281 dst>fd10:23:100::2/24637 
19:48:48.635998 OFF flow>7781 srcPort>45147 dst>fd10:23:100::2/24581 
19:48:48.638635 SHUTDOWN flow>7893 srcPort>46573 dst>fd10:23:100::2/24693 
19:48:48.656667 OFF flow>7917 srcPort>42233 dst>fd10:23:100::2/24717 
19:48:48.675417 SHUTDOWN flow>7829 srcPort>34239 dst>fd10:23:100::2/24629 
19:48:48.691990 ON flow>8237 srcPort>33905 dst>fd10:23:100::2/25037 
19:48:48.710177 SHUTDOWN flow>7925 srcPort>37575 dst>fd10:23:100::2/24725 
19:48:48.726538 CONNECT flow>8229 srcPort>41085 dst>fd10:23:100::2/25029 
19:48:48.764950 OFF flow>7853 srcPort>40981 dst>fd10:23:100::2/24653 
19:48:48.797019 CONNECT flow>8237 srcPort>33905 dst>fd10:23:100::2/25037 
19:48:48.833643 SHUTDOWN flow>7933 srcPort>40501 dst>fd10:23:100::2/24733 
19:48:48.896524 ON flow>8245 srcPort>33855 dst>fd10:23:100::2/25045 
19:48:48.910656 OFF flow>7733 srcPort>42915 dst>fd10:23:100::2/24533 
19:48:48.945968 SHUTDOWN flow>7941 srcPort>39625 dst>fd10:23:100::2/24741 
19:48:48.966924 SHUTDOWN flow>7869 srcPort>43549 dst>fd10:23:100::2/24669 
19:48:48.967553 ON flow>8253 srcPort>45601 dst>fd10:23:100::2/25053 
19:48:48.996769 CONNECT flow>8245 srcPort>33855 dst>fd10:23:100::2/25045 
19:48:49.069749 CONNECT flow>8253 srcPort>45601 dst>fd10:23:100::2/25053 
19:48:49.075709 OFF flow>7909 srcPort>44731 dst>fd10:23:100::2/24709 
19:48:49.088186 ON flow>8261 srcPort>36587 dst>fd10:23:100::2/25061 
19:48:49.157273 SHUTDOWN flow>7957 srcPort>40181 dst>fd10:23:100::2/24757 
19:48:49.191743 SHUTDOWN flow>7949 srcPort>45143 dst>fd10:23:100::2/24749 
19:48:49.192047 CONNECT flow>8261 srcPort>36587 dst>fd10:23:100::2/25061 
19:48:49.236351 OFF flow>7925 srcPort>37575 dst>fd10:23:100::2/24725 
19:48:49.236778 ON flow>8269 srcPort>39747 dst>fd10:23:100::2/25069 
19:48:49.276338 OFF flow>7877 srcPort>44987 dst>fd10:23:100::2/24677 
19:48:49.308521 ON flow>8277 srcPort>38991 dst>fd10:23:100::2/25077 
19:48:49.336918 CONNECT flow>8269 srcPort>39747 dst>fd10:23:100::2/25069 
19:48:49.342100 SHUTDOWN flow>7981 srcPort>43319 dst>fd10:23:100::2/24781 
19:48:49.348610 SHUTDOWN flow>7965 srcPort>40835 dst>fd10:23:100::2/24765 
19:48:49.357797 OFF flow>7717 srcPort>35883 dst>fd10:23:100::2/24517 
19:48:49.395173 ON flow>8285 srcPort>34307 dst>fd10:23:100::2/25085 
19:48:49.409183 CONNECT flow>8277 srcPort>38991 dst>fd10:23:100::2/25077 
19:48:49.413254 SHUTDOWN flow>7989 srcPort>32889 dst>fd10:23:100::2/24789 
19:48:49.433340 OFF flow>7709 srcPort>38287 dst>fd10:23:100::2/24509 
19:48:49.456277 SHUTDOWN flow>7997 srcPort>34663 dst>fd10:23:100::2/24797 
19:48:49.498878 CONNECT flow>8285 srcPort>34307 dst>fd10:23:100::2/25085 
19:48:49.553209 SHUTDOWN flow>7973 srcPort>33447 dst>fd10:23:100::2/24773 
19:48:49.578038 OFF flow>7861 srcPort>43991 dst>fd10:23:100::2/24661 
19:48:49.583372 ON flow>8293 srcPort>39589 dst>fd10:23:100::2/25093 
19:48:49.607953 OFF flow>7957 srcPort>40181 dst>fd10:23:100::2/24757 
19:48:49.682992 CONNECT flow>8293 srcPort>39589 dst>fd10:23:100::2/25093 
19:48:49.718298 SHUTDOWN flow>8021 srcPort>38303 dst>fd10:23:100::2/24821 
19:48:49.756745 OFF flow>7893 srcPort>46573 dst>fd10:23:100::2/24693 
19:48:49.757297 OFF flow>7989 srcPort>32889 dst>fd10:23:100::2/24789 
19:48:49.797100 SHUTDOWN flow>8029 srcPort>40877 dst>fd10:23:100::2/24829 
19:48:49.804120 OFF flow>7821 srcPort>42365 dst>fd10:23:100::2/24621 
19:48:49.843870 OFF flow>7949 srcPort>45143 dst>fd10:23:100::2/24749 
19:48:49.931537 SHUTDOWN flow>8013 srcPort>33291 dst>fd10:23:100::2/24813 
19:48:49.959113 OFF flow>7973 srcPort>33447 dst>fd10:23:100::2/24773 
19:48:50.011475 ON flow>8301 srcPort>36049 dst>fd10:23:100::2/25101 
19:48:50.095689 OFF flow>7765 srcPort>35831 dst>fd10:23:100::2/24565 
19:48:50.111654 CONNECT flow>8301 srcPort>36049 dst>fd10:23:100::2/25101 
19:48:50.131080 OFF flow>8013 srcPort>33291 dst>fd10:23:100::2/24813 
19:48:50.136154 SHUTDOWN flow>8037 srcPort>40713 dst>fd10:23:100::2/24837 
19:48:50.191348 SHUTDOWN flow>8069 srcPort>38029 dst>fd10:23:100::2/24869 
19:48:50.226340 OFF flow>7941 srcPort>39625 dst>fd10:23:100::2/24741 
19:48:50.254460 OFF flow>7901 srcPort>33443 dst>fd10:23:100::2/24701 
19:48:50.261665 SHUTDOWN flow>8061 srcPort>36805 dst>fd10:23:100::2/24861 
19:48:50.293927 ON flow>8309 srcPort>40309 dst>fd10:23:100::2/25109 
19:48:50.320369 SHUTDOWN flow>8053 srcPort>34313 dst>fd10:23:100::2/24853 
19:48:50.353721 OFF flow>7981 srcPort>43319 dst>fd10:23:100::2/24781 
19:48:50.387927 CONNECT flow>8309 srcPort>40309 dst>fd10:23:100::2/25109 
19:48:50.434006 OFF flow>7933 srcPort>40501 dst>fd10:23:100::2/24733 
19:48:50.479874 ON flow>8317 srcPort>34927 dst>fd10:23:100::2/25117 
19:48:50.490518 OFF flow>8021 srcPort>38303 dst>fd10:23:100::2/24821 
19:48:50.508025 OFF flow>7869 srcPort>43549 dst>fd10:23:100::2/24669 
19:48:50.516146 SHUTDOWN flow>8085 srcPort>43211 dst>fd10:23:100::2/24885 
19:48:50.565637 CONNECT flow>8317 srcPort>34927 dst>fd10:23:100::2/25117 
19:48:50.621883 ON flow>8325 srcPort>40523 dst>fd10:23:100::2/25125 
19:48:50.634753 OFF flow>8037 srcPort>40713 dst>fd10:23:100::2/24837 
19:48:50.670950 SHUTDOWN flow>8045 srcPort>44335 dst>fd10:23:100::2/24845 
19:48:50.696153 OFF flow>8069 srcPort>38029 dst>fd10:23:100::2/24869 
19:48:50.699313 CONNECT flow>8325 srcPort>40523 dst>fd10:23:100::2/25125 
19:48:50.744456 ON flow>8333 srcPort>38625 dst>fd10:23:100::2/25133 
19:48:50.823025 CONNECT flow>8333 srcPort>38625 dst>fd10:23:100::2/25133 
19:48:50.823355 OFF flow>7757 srcPort>43587 dst>fd10:23:100::2/24557 
19:48:50.828559 SHUTDOWN flow>8093 srcPort>33281 dst>fd10:23:100::2/24893 
19:48:50.829686 OFF flow>7829 srcPort>34239 dst>fd10:23:100::2/24629 
19:48:50.842347 OFF flow>7997 srcPort>34663 dst>fd10:23:100::2/24797 
19:48:50.987900 OFF flow>8061 srcPort>36805 dst>fd10:23:100::2/24861 
19:48:50.999662 OFF flow>8053 srcPort>34313 dst>fd10:23:100::2/24853 
19:48:51.056481 SHUTDOWN flow>8077 srcPort>38523 dst>fd10:23:100::2/24877 
19:48:51.156769 SHUTDOWN flow>8101 srcPort>41175 dst>fd10:23:100::2/24901 
19:48:51.227262 OFF flow>8101 srcPort>41175 dst>fd10:23:100::2/24901 
19:48:51.230424 OFF flow>8045 srcPort>44335 dst>fd10:23:100::2/24845 
19:48:51.234174 SHUTDOWN flow>8109 srcPort>38379 dst>fd10:23:100::2/24909 
19:48:51.253679 OFF flow>8093 srcPort>33281 dst>fd10:23:100::2/24893 
19:48:51.256904 SHUTDOWN flow>8005 srcPort>46439 dst>fd10:23:100::2/24805 
19:48:51.284098 ON flow>8341 srcPort>45223 dst>fd10:23:100::2/25141 
19:48:51.297021 OFF flow>8029 srcPort>40877 dst>fd10:23:100::2/24829 
19:48:51.297273 OFF flow>8109 srcPort>38379 dst>fd10:23:100::2/24909 
19:48:51.312771 SHUTDOWN flow>8117 srcPort>36345 dst>fd10:23:100::2/24917 
19:48:51.324488 OFF flow>8077 srcPort>38523 dst>fd10:23:100::2/24877 
19:48:51.344148 CONNECT flow>8341 srcPort>45223 dst>fd10:23:100::2/25141 
19:48:51.406429 OFF flow>8085 srcPort>43211 dst>fd10:23:100::2/24885 
19:48:51.411800 ON flow>8349 srcPort>33985 dst>fd10:23:100::2/25149 
19:48:51.433751 SHUTDOWN flow>8125 srcPort>41203 dst>fd10:23:100::2/24925 
19:48:51.463398 CONNECT flow>8349 srcPort>33985 dst>fd10:23:100::2/25149 
19:48:51.479452 SHUTDOWN flow>8133 srcPort>42357 dst>fd10:23:100::2/24933 
19:48:51.488355 ON flow>8357 srcPort>35401 dst>fd10:23:100::2/25157 
19:48:51.527407 OFF flow>8133 srcPort>42357 dst>fd10:23:100::2/24933 
19:48:51.528934 OFF flow>8005 srcPort>46439 dst>fd10:23:100::2/24805 
19:48:51.535456 CONNECT flow>8357 srcPort>35401 dst>fd10:23:100::2/25157 
19:48:51.552100 SHUTDOWN flow>8141 srcPort>43851 dst>fd10:23:100::2/24941 
19:48:51.552456 OFF flow>7965 srcPort>40835 dst>fd10:23:100::2/24765 
19:48:51.595929 OFF flow>8117 srcPort>36345 dst>fd10:23:100::2/24917 
19:48:51.624274 SHUTDOWN flow>8149 srcPort>40333 dst>fd10:23:100::2/24949 
19:48:51.630232 ON flow>8365 srcPort>33505 dst>fd10:23:100::2/25165 
19:48:51.673540 CONNECT flow>8365 srcPort>33505 dst>fd10:23:100::2/25165 
19:48:51.709391 OFF flow>8125 srcPort>41203 dst>fd10:23:100::2/24925 
19:48:51.732083 OFF flow>8149 srcPort>40333 dst>fd10:23:100::2/24949 
19:48:51.746555 OFF flow>8141 srcPort>43851 dst>fd10:23:100::2/24941 
19:48:51.802565 ON flow>8373 srcPort>45441 dst>fd10:23:100::2/25173 
19:48:51.835073 CONNECT flow>8373 srcPort>45441 dst>fd10:23:100::2/25173 
19:48:51.855254 SHUTDOWN flow>8157 srcPort>40685 dst>fd10:23:100::2/24957 
19:48:51.858861 ON flow>8381 srcPort>42737 dst>fd10:23:100::2/25181 
19:48:51.885815 OFF flow>8157 srcPort>40685 dst>fd10:23:100::2/24957 
19:48:51.888416 CONNECT flow>8381 srcPort>42737 dst>fd10:23:100::2/25181 
19:48:51.945845 ON flow>8389 srcPort>32817 dst>fd10:23:100::2/25189 
19:48:51.965254 CONNECT flow>8389 srcPort>32817 dst>fd10:23:100::2/25189 
19:48:52.005477 ON flow>8397 srcPort>37899 dst>fd10:23:100::2/25197 
19:48:52.022305 CONNECT flow>8397 srcPort>37899 dst>fd10:23:100::2/25197 
19:48:52.054041 ON flow>8405 srcPort>36597 dst>fd10:23:100::2/25205 
19:48:52.065582 CONNECT flow>8405 srcPort>36597 dst>fd10:23:100::2/25205 
19:48:52.121785 ON flow>8413 srcPort>38995 dst>fd10:23:100::2/25213 
19:48:52.128750 CONNECT flow>8413 srcPort>38995 dst>fd10:23:100::2/25213 
19:48:52.175142 SHUTDOWN flow>8165 srcPort>41701 dst>fd10:23:100::2/24965 
19:48:52.182146 OFF flow>8165 srcPort>41701 dst>fd10:23:100::2/24965 
19:48:52.224768 ON flow>8421 srcPort>45971 dst>fd10:23:100::2/25221 
19:48:52.225830 CONNECT flow>8421 srcPort>45971 dst>fd10:23:100::2/25221 
19:48:52.266038 SHUTDOWN flow>8173 srcPort>34421 dst>fd10:23:100::2/24973 
19:48:52.266340 OFF flow>8173 srcPort>34421 dst>fd10:23:100::2/24973 
19:48:52.322845 ON flow>8429 srcPort>37165 dst>fd10:23:100::2/25229 
19:48:52.326136 CONNECT flow>8429 srcPort>37165 dst>fd10:23:100::2/25229 
19:48:52.407246 SHUTDOWN flow>8181 srcPort>46713 dst>fd10:23:100::2/24981 
19:48:52.407931 OFF flow>8181 srcPort>46713 dst>fd10:23:100::2/24981 
19:48:52.531310 ON flow>8437 srcPort>43505 dst>fd10:23:100::2/25237 
19:48:52.532329 CONNECT flow>8437 srcPort>43505 dst>fd10:23:100::2/25237 
19:48:52.554641 SHUTDOWN flow>8189 srcPort>44735 dst>fd10:23:100::2/24989 
19:48:52.555950 OFF flow>8189 srcPort>44735 dst>fd10:23:100::2/24989 
19:48:52.701853 ON flow>8445 srcPort>35131 dst>fd10:23:100::2/25245 
19:48:52.702517 CONNECT flow>8445 srcPort>35131 dst>fd10:23:100::2/25245 
19:48:52.722646 SHUTDOWN flow>8197 srcPort>36313 dst>fd10:23:100::2/24997 
19:48:52.723166 OFF flow>8197 srcPort>36313 dst>fd10:23:100::2/24997 
19:48:52.797332 ON flow>8453 srcPort>38629 dst>fd10:23:100::2/25253 
19:48:52.798099 CONNECT flow>8453 srcPort>38629 dst>fd10:23:100::2/25253 
19:48:52.824953 SHUTDOWN flow>8205 srcPort>38373 dst>fd10:23:100::2/25005 
19:48:52.825690 OFF flow>8205 srcPort>38373 dst>fd10:23:100::2/25005 
19:48:52.940910 SHUTDOWN flow>8213 srcPort>38743 dst>fd10:23:100::2/25013 
19:48:52.943253 OFF flow>8213 srcPort>38743 dst>fd10:23:100::2/25013 
19:48:53.029245 ON flow>8461 srcPort>42077 dst>fd10:23:100::2/25261 
19:48:53.029699 CONNECT flow>8461 srcPort>42077 dst>fd10:23:100::2/25261 
19:48:53.108477 SHUTDOWN flow>8221 srcPort>37127 dst>fd10:23:100::2/25021 
19:48:53.109196 OFF flow>8221 srcPort>37127 dst>fd10:23:100::2/25021 
19:48:53.145498 ON flow>8469 srcPort>34087 dst>fd10:23:100::2/25269 
19:48:53.146386 CONNECT flow>8469 srcPort>34087 dst>fd10:23:100::2/25269 
19:48:53.291934 ON flow>8477 srcPort>38365 dst>fd10:23:100::2/25277 
19:48:53.292334 CONNECT flow>8477 srcPort>38365 dst>fd10:23:100::2/25277 
19:48:53.363275 ON flow>8485 srcPort>40103 dst>fd10:23:100::2/25285 
19:48:53.363634 CONNECT flow>8485 srcPort>40103 dst>fd10:23:100::2/25285 
19:48:53.422484 SHUTDOWN flow>8229 srcPort>41085 dst>fd10:23:100::2/25029 
19:48:53.423152 OFF flow>8229 srcPort>41085 dst>fd10:23:100::2/25029 
19:48:53.491584 SHUTDOWN flow>8237 srcPort>33905 dst>fd10:23:100::2/25037 
19:48:53.492089 OFF flow>8237 srcPort>33905 dst>fd10:23:100::2/25037 
19:48:53.505519 ON flow>8493 srcPort>42269 dst>fd10:23:100::2/25293 
19:48:53.506434 CONNECT flow>8493 srcPort>42269 dst>fd10:23:100::2/25293 
19:48:53.580215 ON flow>8501 srcPort>34931 dst>fd10:23:100::2/25301 
19:48:53.581640 CONNECT flow>8501 srcPort>34931 dst>fd10:23:100::2/25301 
19:48:53.665249 ON flow>8509 srcPort>37725 dst>fd10:23:100::2/25309 
19:48:53.666409 CONNECT flow>8509 srcPort>37725 dst>fd10:23:100::2/25309 
19:48:53.696196 SHUTDOWN flow>8245 srcPort>33855 dst>fd10:23:100::2/25045 
19:48:53.696911 OFF flow>8245 srcPort>33855 dst>fd10:23:100::2/25045 
19:48:53.762034 ON flow>8517 srcPort>35755 dst>fd10:23:100::2/25317 
19:48:53.762491 CONNECT flow>8517 srcPort>35755 dst>fd10:23:100::2/25317 
19:48:53.767280 SHUTDOWN flow>8253 srcPort>45601 dst>fd10:23:100::2/25053 
19:48:53.787039 OFF flow>8253 srcPort>45601 dst>fd10:23:100::2/25053 
19:48:53.856503 ON flow>8525 srcPort>36801 dst>fd10:23:100::2/25325 
19:48:53.856849 CONNECT flow>8525 srcPort>36801 dst>fd10:23:100::2/25325 
19:48:53.887982 SHUTDOWN flow>8261 srcPort>36587 dst>fd10:23:100::2/25061 
19:48:53.889011 OFF flow>8261 srcPort>36587 dst>fd10:23:100::2/25061 
19:48:53.970591 ON flow>8533 srcPort>39303 dst>fd10:23:100::2/25333 
19:48:53.971568 CONNECT flow>8533 srcPort>39303 dst>fd10:23:100::2/25333 
19:48:54.036558 SHUTDOWN flow>8269 srcPort>39747 dst>fd10:23:100::2/25069 
19:48:54.037055 OFF flow>8269 srcPort>39747 dst>fd10:23:100::2/25069 
19:48:54.108349 SHUTDOWN flow>8277 srcPort>38991 dst>fd10:23:100::2/25077 
19:48:54.109592 OFF flow>8277 srcPort>38991 dst>fd10:23:100::2/25077 
19:48:54.194954 SHUTDOWN flow>8285 srcPort>34307 dst>fd10:23:100::2/25085 
19:48:54.195484 OFF flow>8285 srcPort>34307 dst>fd10:23:100::2/25085 
19:48:54.202625 ON flow>8541 srcPort>33683 dst>fd10:23:100::2/25341 
19:48:54.203059 CONNECT flow>8541 srcPort>33683 dst>fd10:23:100::2/25341 
19:48:54.383189 SHUTDOWN flow>8293 srcPort>39589 dst>fd10:23:100::2/25093 
19:48:54.384039 OFF flow>8293 srcPort>39589 dst>fd10:23:100::2/25093 
19:48:54.434962 ON flow>8549 srcPort>40999 dst>fd10:23:100::2/25349 
19:48:54.435475 CONNECT flow>8549 srcPort>40999 dst>fd10:23:100::2/25349 
19:48:54.647425 ON flow>8557 srcPort>32797 dst>fd10:23:100::2/25357 
19:48:54.647849 CONNECT flow>8557 srcPort>32797 dst>fd10:23:100::2/25357 
19:48:54.767427 ON flow>8565 srcPort>36733 dst>fd10:23:100::2/25365 
19:48:54.769762 CONNECT flow>8565 srcPort>36733 dst>fd10:23:100::2/25365 
19:48:54.811048 SHUTDOWN flow>8301 srcPort>36049 dst>fd10:23:100::2/25101 
19:48:54.811935 OFF flow>8301 srcPort>36049 dst>fd10:23:100::2/25101 
19:48:54.848458 ON flow>8573 srcPort>42847 dst>fd10:23:100::2/25373 
19:48:54.850747 CONNECT flow>8573 srcPort>42847 dst>fd10:23:100::2/25373 
19:48:54.956609 ON flow>8581 srcPort>38125 dst>fd10:23:100::2/25381 
19:48:54.957271 CONNECT flow>8581 srcPort>38125 dst>fd10:23:100::2/25381 
19:48:55.051166 ON flow>8589 srcPort>39235 dst>fd10:23:100::2/25389 
19:48:55.052592 CONNECT flow>8589 srcPort>39235 dst>fd10:23:100::2/25389 
19:48:55.093543 SHUTDOWN flow>8309 srcPort>40309 dst>fd10:23:100::2/25109 
19:48:55.094082 OFF flow>8309 srcPort>40309 dst>fd10:23:100::2/25109 
19:48:55.238827 ON flow>8597 srcPort>35681 dst>fd10:23:100::2/25397 
19:48:55.239573 CONNECT flow>8597 srcPort>35681 dst>fd10:23:100::2/25397 
19:48:55.279644 SHUTDOWN flow>8317 srcPort>34927 dst>fd10:23:100::2/25117 
19:48:55.281568 OFF flow>8317 srcPort>34927 dst>fd10:23:100::2/25117 
19:48:55.297266 ON flow>8605 srcPort>37495 dst>fd10:23:100::2/25405 
19:48:55.298820 CONNECT flow>8605 srcPort>37495 dst>fd10:23:100::2/25405 
19:48:55.421378 SHUTDOWN flow>8325 srcPort>40523 dst>fd10:23:100::2/25125 
19:48:55.424178 OFF flow>8325 srcPort>40523 dst>fd10:23:100::2/25125 
19:48:55.437122 ON flow>8613 srcPort>45207 dst>fd10:23:100::2/25413 
19:48:55.440180 CONNECT flow>8613 srcPort>45207 dst>fd10:23:100::2/25413 
19:48:55.505290 ON flow>8621 srcPort>40483 dst>fd10:23:100::2/25421 
19:48:55.507298 CONNECT flow>8621 srcPort>40483 dst>fd10:23:100::2/25421 
19:48:55.543974 SHUTDOWN flow>8333 srcPort>38625 dst>fd10:23:100::2/25133 
19:48:55.548455 OFF flow>8333 srcPort>38625 dst>fd10:23:100::2/25133 
19:48:55.613513 ON flow>8629 srcPort>36383 dst>fd10:23:100::2/25429 
19:48:55.618064 CONNECT flow>8629 srcPort>36383 dst>fd10:23:100::2/25429 
19:48:55.742209 ON flow>8637 srcPort>46585 dst>fd10:23:100::2/25437 
19:48:55.745350 CONNECT flow>8637 srcPort>46585 dst>fd10:23:100::2/25437 
19:48:55.830262 ON flow>8645 srcPort>45379 dst>fd10:23:100::2/25445 
19:48:55.834840 CONNECT flow>8645 srcPort>45379 dst>fd10:23:100::2/25445 
19:48:55.988218 ON flow>8653 srcPort>36553 dst>fd10:23:100::2/25453 
19:48:56.003737 CONNECT flow>8653 srcPort>36553 dst>fd10:23:100::2/25453 
19:48:56.083583 SHUTDOWN flow>8341 srcPort>45223 dst>fd10:23:100::2/25141 
19:48:56.108186 OFF flow>8341 srcPort>45223 dst>fd10:23:100::2/25141 
19:48:56.211734 SHUTDOWN flow>8349 srcPort>33985 dst>fd10:23:100::2/25149 
19:48:56.215881 ON flow>8661 srcPort>44183 dst>fd10:23:100::2/25461 
19:48:56.257361 OFF flow>8349 srcPort>33985 dst>fd10:23:100::2/25149 
19:48:56.262854 CONNECT flow>8661 srcPort>44183 dst>fd10:23:100::2/25461 
19:48:56.288083 SHUTDOWN flow>8357 srcPort>35401 dst>fd10:23:100::2/25157 
19:48:56.353664 OFF flow>8357 srcPort>35401 dst>fd10:23:100::2/25157 
19:48:56.430400 SHUTDOWN flow>8365 srcPort>33505 dst>fd10:23:100::2/25165 
19:48:56.457001 ON flow>8669 srcPort>38413 dst>fd10:23:100::2/25469 
19:48:56.543934 ON flow>8677 srcPort>43415 dst>fd10:23:100::2/25477 
19:48:56.560333 CONNECT flow>8669 srcPort>38413 dst>fd10:23:100::2/25469 
19:48:56.602144 SHUTDOWN flow>8373 srcPort>45441 dst>fd10:23:100::2/25173 
19:48:56.635471 ON flow>8685 srcPort>37553 dst>fd10:23:100::2/25485 
19:48:56.648603 CONNECT flow>8677 srcPort>43415 dst>fd10:23:100::2/25477 
19:48:56.658655 SHUTDOWN flow>8381 srcPort>42737 dst>fd10:23:100::2/25181 
19:48:56.705106 ON flow>8693 srcPort>40615 dst>fd10:23:100::2/25493 
19:48:56.705203 OFF flow>8373 srcPort>45441 dst>fd10:23:100::2/25173 
19:48:56.727961 CONNECT flow>8685 srcPort>37553 dst>fd10:23:100::2/25485 
19:48:56.750978 OFF flow>8365 srcPort>33505 dst>fd10:23:100::2/25165 
19:48:56.756120 OFF flow>8381 srcPort>42737 dst>fd10:23:100::2/25181 
19:48:56.787531 ON flow>8701 srcPort>44333 dst>fd10:23:100::2/25501 
19:48:56.795355 CONNECT flow>8693 srcPort>40615 dst>fd10:23:100::2/25493 
19:48:56.805160 SHUTDOWN flow>8397 srcPort>37899 dst>fd10:23:100::2/25197 
19:48:56.819949 SHUTDOWN flow>8389 srcPort>32817 dst>fd10:23:100::2/25189 
19:48:56.853858 SHUTDOWN flow>8405 srcPort>36597 dst>fd10:23:100::2/25205 
19:48:56.871214 ON flow>8709 srcPort>34863 dst>fd10:23:100::2/25509 
19:48:56.893886 CONNECT flow>8701 srcPort>44333 dst>fd10:23:100::2/25501 
19:48:56.906256 OFF flow>8397 srcPort>37899 dst>fd10:23:100::2/25197 
19:48:56.921674 SHUTDOWN flow>8413 srcPort>38995 dst>fd10:23:100::2/25213 
19:48:56.952101 ON flow>8717 srcPort>40623 dst>fd10:23:100::2/25517 
19:48:56.974087 CONNECT flow>8709 srcPort>34863 dst>fd10:23:100::2/25509 
19:48:57.024475 SHUTDOWN flow>8421 srcPort>45971 dst>fd10:23:100::2/25221 
19:48:57.028982 ON flow>8725 srcPort>38331 dst>fd10:23:100::2/25525 
19:48:57.035653 OFF flow>8405 srcPort>36597 dst>fd10:23:100::2/25205 
19:48:57.053539 CONNECT flow>8717 srcPort>40623 dst>fd10:23:100::2/25517 
19:48:57.074412 OFF flow>8389 srcPort>32817 dst>fd10:23:100::2/25189 
19:48:57.122604 SHUTDOWN flow>8429 srcPort>37165 dst>fd10:23:100::2/25229 
19:48:57.126785 ON flow>8733 srcPort>40663 dst>fd10:23:100::2/25533 
19:48:57.130941 OFF flow>8421 srcPort>45971 dst>fd10:23:100::2/25221 
19:48:57.138657 CONNECT flow>8725 srcPort>38331 dst>fd10:23:100::2/25525 
19:48:57.140028 OFF flow>8413 srcPort>38995 dst>fd10:23:100::2/25213 
19:48:57.166639 ON flow>8741 srcPort>45755 dst>fd10:23:100::2/25541 
19:48:57.229982 CONNECT flow>8733 srcPort>40663 dst>fd10:23:100::2/25533 
19:48:57.270199 CONNECT flow>8741 srcPort>45755 dst>fd10:23:100::2/25541 
19:48:57.296639 ON flow>8749 srcPort>41551 dst>fd10:23:100::2/25549 
19:48:57.331043 SHUTDOWN flow>8437 srcPort>43505 dst>fd10:23:100::2/25237 
19:48:57.358862 ON flow>8757 srcPort>36543 dst>fd10:23:100::2/25557 
19:48:57.396847 ON flow>8765 srcPort>44429 dst>fd10:23:100::2/25565 
19:48:57.411347 CONNECT flow>8749 srcPort>41551 dst>fd10:23:100::2/25549 
19:48:57.450894 OFF flow>8437 srcPort>43505 dst>fd10:23:100::2/25237 
19:48:57.453586 CONNECT flow>8757 srcPort>36543 dst>fd10:23:100::2/25557 
19:48:57.487841 ON flow>8773 srcPort>44519 dst>fd10:23:100::2/25573 
19:48:57.501705 SHUTDOWN flow>8445 srcPort>35131 dst>fd10:23:100::2/25245 
19:48:57.506283 CONNECT flow>8765 srcPort>44429 dst>fd10:23:100::2/25565 
19:48:57.553785 ON flow>8781 srcPort>36481 dst>fd10:23:100::2/25581 
19:48:57.592630 CONNECT flow>8773 srcPort>44519 dst>fd10:23:100::2/25573 
19:48:57.596891 SHUTDOWN flow>8453 srcPort>38629 dst>fd10:23:100::2/25253 
19:48:57.607861 ON flow>8789 srcPort>33789 dst>fd10:23:100::2/25589 
19:48:57.658648 CONNECT flow>8781 srcPort>36481 dst>fd10:23:100::2/25581 
19:48:57.711525 CONNECT flow>8789 srcPort>33789 dst>fd10:23:100::2/25589 
19:48:57.737660 ON flow>8797 srcPort>41167 dst>fd10:23:100::2/25597 
19:48:57.757063 OFF flow>8445 srcPort>35131 dst>fd10:23:100::2/25245 
19:48:57.780588 ON flow>8805 srcPort>39123 dst>fd10:23:100::2/25605 
19:48:57.809598 OFF flow>8429 srcPort>37165 dst>fd10:23:100::2/25229 
19:48:57.828992 SHUTDOWN flow>8461 srcPort>42077 dst>fd10:23:100::2/25261 
19:48:57.836472 CONNECT flow>8797 srcPort>41167 dst>fd10:23:100::2/25597 
19:48:57.883852 CONNECT flow>8805 srcPort>39123 dst>fd10:23:100::2/25605 
19:48:57.884415 ON flow>8813 srcPort>33603 dst>fd10:23:100::2/25613 
19:48:57.962351 ON flow>8821 srcPort>43347 dst>fd10:23:100::2/25621 
19:48:57.992944 CONNECT flow>8813 srcPort>33603 dst>fd10:23:100::2/25613 
19:48:58.072785 CONNECT flow>8821 srcPort>43347 dst>fd10:23:100::2/25621 
19:48:58.080236 OFF flow>8461 srcPort>42077 dst>fd10:23:100::2/25261 
19:48:58.089966 ON flow>8829 srcPort>43557 dst>fd10:23:100::2/25629 
19:48:58.091804 SHUTDOWN flow>8477 srcPort>38365 dst>fd10:23:100::2/25277 
19:48:58.179817 SHUTDOWN flow>8469 srcPort>34087 dst>fd10:23:100::2/25269 
19:48:58.206964 CONNECT flow>8829 srcPort>43557 dst>fd10:23:100::2/25629 
19:48:58.265903 OFF flow>8453 srcPort>38629 dst>fd10:23:100::2/25253 
19:48:58.276994 ON flow>8837 srcPort>36669 dst>fd10:23:100::2/25637 
19:48:58.305346 SHUTDOWN flow>8493 srcPort>42269 dst>fd10:23:100::2/25293 
19:48:58.380080 SHUTDOWN flow>8501 srcPort>34931 dst>fd10:23:100::2/25301 
19:48:58.385742 CONNECT flow>8837 srcPort>36669 dst>fd10:23:100::2/25637 
19:48:58.401099 ON flow>8845 srcPort>38387 dst>fd10:23:100::2/25645 
19:48:58.440532 OFF flow>8477 srcPort>38365 dst>fd10:23:100::2/25277 
19:48:58.504232 CONNECT flow>8845 srcPort>38387 dst>fd10:23:100::2/25645 
19:48:58.507576 ON flow>8853 srcPort>33117 dst>fd10:23:100::2/25653 
19:48:58.601382 ON flow>8861 srcPort>33521 dst>fd10:23:100::2/25661 
19:48:58.609787 SHUTDOWN flow>8517 srcPort>35755 dst>fd10:23:100::2/25317 
19:48:58.612021 CONNECT flow>8853 srcPort>33117 dst>fd10:23:100::2/25653 
19:48:58.656310 SHUTDOWN flow>8525 srcPort>36801 dst>fd10:23:100::2/25325 
19:48:58.696919 ON flow>8869 srcPort>37119 dst>fd10:23:100::2/25669 
19:48:58.714332 CONNECT flow>8861 srcPort>33521 dst>fd10:23:100::2/25661 
19:48:58.803548 CONNECT flow>8869 srcPort>37119 dst>fd10:23:100::2/25669 
19:48:58.832666 OFF flow>8493 srcPort>42269 dst>fd10:23:100::2/25293 
19:48:58.835163 ON flow>8877 srcPort>38589 dst>fd10:23:100::2/25677 
19:48:58.881293 ON flow>8885 srcPort>37309 dst>fd10:23:100::2/25685 
19:48:58.943765 CONNECT flow>8877 srcPort>38589 dst>fd10:23:100::2/25677 
19:48:58.964458 ON flow>8893 srcPort>38705 dst>fd10:23:100::2/25693 
19:48:58.992229 CONNECT flow>8885 srcPort>37309 dst>fd10:23:100::2/25685 
19:48:59.002372 SHUTDOWN flow>8541 srcPort>33683 dst>fd10:23:100::2/25341 
19:48:59.055336 SHUTDOWN flow>8509 srcPort>37725 dst>fd10:23:100::2/25309 
19:48:59.068893 ON flow>8901 srcPort>41931 dst>fd10:23:100::2/25701 
19:48:59.075653 CONNECT flow>8893 srcPort>38705 dst>fd10:23:100::2/25693 
19:48:59.182740 CONNECT flow>8901 srcPort>41931 dst>fd10:23:100::2/25701 
19:48:59.190470 SHUTDOWN flow>8485 srcPort>40103 dst>fd10:23:100::2/25285 
19:48:59.237473 SHUTDOWN flow>8533 srcPort>39303 dst>fd10:23:100::2/25333 
19:48:59.258464 OFF flow>8501 srcPort>34931 dst>fd10:23:100::2/25301 
19:48:59.298883 OFF flow>8469 srcPort>34087 dst>fd10:23:100::2/25269 
19:48:59.338130 ON flow>8909 srcPort>40721 dst>fd10:23:100::2/25709 
19:48:59.380846 OFF flow>8525 srcPort>36801 dst>fd10:23:100::2/25325 
19:48:59.443222 ON flow>8917 srcPort>41557 dst>fd10:23:100::2/25717 
19:48:59.445002 CONNECT flow>8909 srcPort>40721 dst>fd10:23:100::2/25709 
19:48:59.447177 SHUTDOWN flow>8557 srcPort>32797 dst>fd10:23:100::2/25357 
19:48:59.523394 OFF flow>8517 srcPort>35755 dst>fd10:23:100::2/25317 
19:48:59.551952 CONNECT flow>8917 srcPort>41557 dst>fd10:23:100::2/25717 
19:48:59.567271 SHUTDOWN flow>8565 srcPort>36733 dst>fd10:23:100::2/25365 
19:48:59.580128 ON flow>8925 srcPort>36619 dst>fd10:23:100::2/25725 
19:48:59.636388 OFF flow>8541 srcPort>33683 dst>fd10:23:100::2/25341 
19:48:59.686176 CONNECT flow>8925 srcPort>36619 dst>fd10:23:100::2/25725 
19:48:59.736466 ON flow>8933 srcPort>39549 dst>fd10:23:100::2/25733 
19:48:59.832362 CONNECT flow>8933 srcPort>39549 dst>fd10:23:100::2/25733 
19:48:59.888423 ON flow>8941 srcPort>44031 dst>fd10:23:100::2/25741 
19:48:59.893536 SHUTDOWN flow>8549 srcPort>40999 dst>fd10:23:100::2/25349 
19:48:59.987208 CONNECT flow>8941 srcPort>44031 dst>fd10:23:100::2/25741 
19:49:00.082450 ON flow>8949 srcPort>35843 dst>fd10:23:100::2/25749 
19:49:00.145503 ON flow>8957 srcPort>35545 dst>fd10:23:100::2/25757 
19:49:00.181433 SHUTDOWN flow>8573 srcPort>42847 dst>fd10:23:100::2/25373 
19:49:00.195897 CONNECT flow>8949 srcPort>35843 dst>fd10:23:100::2/25749 
19:49:00.238574 ON flow>8965 srcPort>33639 dst>fd10:23:100::2/25765 
19:49:00.244635 SHUTDOWN flow>8589 srcPort>39235 dst>fd10:23:100::2/25389 
19:49:00.254863 CONNECT flow>8957 srcPort>35545 dst>fd10:23:100::2/25757 
19:49:00.286185 ON flow>8973 srcPort>38191 dst>fd10:23:100::2/25773 
19:49:00.328182 SHUTDOWN flow>8613 srcPort>45207 dst>fd10:23:100::2/25413 
19:49:00.344582 CONNECT flow>8965 srcPort>33639 dst>fd10:23:100::2/25765 
19:49:00.390087 CONNECT flow>8973 srcPort>38191 dst>fd10:23:100::2/25773 
19:49:00.446268 ON flow>8981 srcPort>38333 dst>fd10:23:100::2/25781 
19:49:00.513835 ON flow>8989 srcPort>43869 dst>fd10:23:100::2/25789 
19:49:00.541077 CONNECT flow>8981 srcPort>38333 dst>fd10:23:100::2/25781 
19:49:00.575523 ON flow>8997 srcPort>34237 dst>fd10:23:100::2/25797 
19:49:00.613322 CONNECT flow>8989 srcPort>43869 dst>fd10:23:100::2/25789 
19:49:00.647008 ON flow>9005 srcPort>36483 dst>fd10:23:100::2/25805 
19:49:00.675540 CONNECT flow>8997 srcPort>34237 dst>fd10:23:100::2/25797 
19:49:00.711863 OFF flow>8485 srcPort>40103 dst>fd10:23:100::2/25285 
19:49:00.742387 SHUTDOWN flow>8581 srcPort>38125 dst>fd10:23:100::2/25381 
19:49:00.745697 CONNECT flow>9005 srcPort>36483 dst>fd10:23:100::2/25805 
19:49:00.780371 SHUTDOWN flow>8637 srcPort>46585 dst>fd10:23:100::2/25437 
19:49:00.787371 ON flow>9013 srcPort>36325 dst>fd10:23:100::2/25813 
19:49:00.799114 OFF flow>8565 srcPort>36733 dst>fd10:23:100::2/25365 
19:49:00.869671 SHUTDOWN flow>8605 srcPort>37495 dst>fd10:23:100::2/25405 
19:49:00.888962 CONNECT flow>9013 srcPort>36325 dst>fd10:23:100::2/25813 
19:49:00.893069 OFF flow>8533 srcPort>39303 dst>fd10:23:100::2/25333 
19:49:00.903280 ON flow>9021 srcPort>34115 dst>fd10:23:100::2/25821 
19:49:00.945582 SHUTDOWN flow>8597 srcPort>35681 dst>fd10:23:100::2/25397 
19:49:00.950242 SHUTDOWN flow>8645 srcPort>45379 dst>fd10:23:100::2/25445 
19:49:01.003888 CONNECT flow>9021 srcPort>34115 dst>fd10:23:100::2/25821 
19:49:01.038936 ON flow>9029 srcPort>43999 dst>fd10:23:100::2/25829 
19:49:01.067589 OFF flow>8557 srcPort>32797 dst>fd10:23:100::2/25357 
19:49:01.088561 OFF flow>8613 srcPort>45207 dst>fd10:23:100::2/25413 
19:49:01.088999 OFF flow>8509 srcPort>37725 dst>fd10:23:100::2/25309 
19:49:01.135478 SHUTDOWN flow>8661 srcPort>44183 dst>fd10:23:100::2/25461 
19:49:01.138898 CONNECT flow>9029 srcPort>43999 dst>fd10:23:100::2/25829 
19:49:01.139559 ON flow>9037 srcPort>37481 dst>fd10:23:100::2/25837 
19:49:01.208100 SHUTDOWN flow>8621 srcPort>40483 dst>fd10:23:100::2/25421 
19:49:01.220175 ON flow>9045 srcPort>46679 dst>fd10:23:100::2/25845 
19:49:01.246267 CONNECT flow>9037 srcPort>37481 dst>fd10:23:100::2/25837 
19:49:01.312228 ON flow>9053 srcPort>37273 dst>fd10:23:100::2/25853 
19:49:01.317000 CONNECT flow>9045 srcPort>46679 dst>fd10:23:100::2/25845 
19:49:01.335865 SHUTDOWN flow>8629 srcPort>36383 dst>fd10:23:100::2/25429 
19:49:01.343905 SHUTDOWN flow>8677 srcPort>43415 dst>fd10:23:100::2/25477 
19:49:01.408738 CONNECT flow>9053 srcPort>37273 dst>fd10:23:100::2/25853 
19:49:01.460464 SHUTDOWN flow>8653 srcPort>36553 dst>fd10:23:100::2/25453 
19:49:01.463984 ON flow>9061 srcPort>40743 dst>fd10:23:100::2/25861 
19:49:01.565818 CONNECT flow>9061 srcPort>40743 dst>fd10:23:100::2/25861 
19:49:01.587255 SHUTDOWN flow>8701 srcPort>44333 dst>fd10:23:100::2/25501 
19:49:01.626355 OFF flow>8589 srcPort>39235 dst>fd10:23:100::2/25389 
19:49:01.652442 OFF flow>8549 srcPort>40999 dst>fd10:23:100::2/25349 
19:49:01.670938 SHUTDOWN flow>8709 srcPort>34863 dst>fd10:23:100::2/25509 
19:49:01.680847 OFF flow>8573 srcPort>42847 dst>fd10:23:100::2/25373 
19:49:01.726916 SHUTDOWN flow>8685 srcPort>37553 dst>fd10:23:100::2/25485 
19:49:01.735566 ON flow>9069 srcPort>35377 dst>fd10:23:100::2/25869 
19:49:01.736848 SHUTDOWN flow>8693 srcPort>40615 dst>fd10:23:100::2/25493 
19:49:01.751153 SHUTDOWN flow>8717 srcPort>40623 dst>fd10:23:100::2/25517 
19:49:01.836565 OFF flow>8661 srcPort>44183 dst>fd10:23:100::2/25461 
19:49:01.841019 CONNECT flow>9069 srcPort>35377 dst>fd10:23:100::2/25869 
19:49:01.846620 ON flow>9077 srcPort>34665 dst>fd10:23:100::2/25877 
19:49:01.942853 CONNECT flow>9077 srcPort>34665 dst>fd10:23:100::2/25877 
19:49:01.966251 SHUTDOWN flow>8741 srcPort>45755 dst>fd10:23:100::2/25541 
19:49:02.035229 ON flow>9085 srcPort>35723 dst>fd10:23:100::2/25885 
19:49:02.062667 OFF flow>8741 srcPort>45755 dst>fd10:23:100::2/25541 
19:49:02.095710 SHUTDOWN flow>8733 srcPort>40663 dst>fd10:23:100::2/25533 
19:49:02.098914 SHUTDOWN flow>8669 srcPort>38413 dst>fd10:23:100::2/25469 
19:49:02.138311 OFF flow>8637 srcPort>46585 dst>fd10:23:100::2/25437 
19:49:02.142319 CONNECT flow>9085 srcPort>35723 dst>fd10:23:100::2/25885 
19:49:02.158452 SHUTDOWN flow>8757 srcPort>36543 dst>fd10:23:100::2/25557 
19:49:02.290645 ON flow>9093 srcPort>43507 dst>fd10:23:100::2/25893 
19:49:02.306460 SHUTDOWN flow>8725 srcPort>38331 dst>fd10:23:100::2/25525 
19:49:02.388826 OFF flow>8757 srcPort>36543 dst>fd10:23:100::2/25557 
19:49:02.392385 CONNECT flow>9093 srcPort>43507 dst>fd10:23:100::2/25893 
19:49:02.488833 ON flow>9101 srcPort>33383 dst>fd10:23:100::2/25901 
19:49:02.537454 SHUTDOWN flow>8797 srcPort>41167 dst>fd10:23:100::2/25597 
19:49:02.569010 SHUTDOWN flow>8789 srcPort>33789 dst>fd10:23:100::2/25589 
19:49:02.588448 CONNECT flow>9101 srcPort>33383 dst>fd10:23:100::2/25901 
19:49:02.643833 SHUTDOWN flow>8749 srcPort>41551 dst>fd10:23:100::2/25549 
19:49:02.684250 SHUTDOWN flow>8813 srcPort>33603 dst>fd10:23:100::2/25613 
19:49:02.730871 SHUTDOWN flow>8773 srcPort>44519 dst>fd10:23:100::2/25573 
19:49:02.748212 SHUTDOWN flow>8765 srcPort>44429 dst>fd10:23:100::2/25565 
19:49:02.803514 OFF flow>8605 srcPort>37495 dst>fd10:23:100::2/25405 
19:49:02.816248 OFF flow>8813 srcPort>33603 dst>fd10:23:100::2/25613 
19:49:02.872903 SHUTDOWN flow>8805 srcPort>39123 dst>fd10:23:100::2/25605 
19:49:02.973343 ON flow>9109 srcPort>39627 dst>fd10:23:100::2/25909 
19:49:03.036437 SHUTDOWN flow>8781 srcPort>36481 dst>fd10:23:100::2/25581 
19:49:03.038926 ON flow>9117 srcPort>43079 dst>fd10:23:100::2/25917 
19:49:03.090546 CONNECT flow>9109 srcPort>39627 dst>fd10:23:100::2/25909 
19:49:03.132984 OFF flow>8789 srcPort>33789 dst>fd10:23:100::2/25589 
19:49:03.148647 CONNECT flow>9117 srcPort>43079 dst>fd10:23:100::2/25917 
19:49:03.181881 OFF flow>8717 srcPort>40623 dst>fd10:23:100::2/25517 
19:49:03.200872 SHUTDOWN flow>8845 srcPort>38387 dst>fd10:23:100::2/25645 
19:49:03.267201 ON flow>9125 srcPort>35439 dst>fd10:23:100::2/25925 
19:49:03.294202 OFF flow>8845 srcPort>38387 dst>fd10:23:100::2/25645 
19:49:03.307375 SHUTDOWN flow>8853 srcPort>33117 dst>fd10:23:100::2/25653 
19:49:03.308882 SHUTDOWN flow>8821 srcPort>43347 dst>fd10:23:100::2/25621 
19:49:03.340422 OFF flow>8629 srcPort>36383 dst>fd10:23:100::2/25429 
19:49:03.360443 CONNECT flow>9125 srcPort>35439 dst>fd10:23:100::2/25925 
19:49:03.369858 ON flow>9133 srcPort>45757 dst>fd10:23:100::2/25933 
19:49:03.397016 OFF flow>8853 srcPort>33117 dst>fd10:23:100::2/25653 
19:49:03.401140 SHUTDOWN flow>8861 srcPort>33521 dst>fd10:23:100::2/25661 
19:49:03.458216 OFF flow>8685 srcPort>37553 dst>fd10:23:100::2/25485 
19:49:03.463129 OFF flow>8653 srcPort>36553 dst>fd10:23:100::2/25453 
19:49:03.465400 CONNECT flow>9133 srcPort>45757 dst>fd10:23:100::2/25933 
19:49:03.494414 OFF flow>8797 srcPort>41167 dst>fd10:23:100::2/25597 
19:49:03.512875 ON flow>9141 srcPort>46685 dst>fd10:23:100::2/25941 
19:49:03.537400 OFF flow>8765 srcPort>44429 dst>fd10:23:100::2/25565 
19:49:03.565131 OFF flow>8669 srcPort>38413 dst>fd10:23:100::2/25469 
19:49:03.588602 ON flow>9149 srcPort>44065 dst>fd10:23:100::2/25949 
19:49:03.615073 CONNECT flow>9141 srcPort>46685 dst>fd10:23:100::2/25941 
19:49:03.634901 SHUTDOWN flow>8877 srcPort>38589 dst>fd10:23:100::2/25677 
19:49:03.635233 OFF flow>8693 srcPort>40615 dst>fd10:23:100::2/25493 
19:49:03.682853 CONNECT flow>9149 srcPort>44065 dst>fd10:23:100::2/25949 
19:49:03.692567 ON flow>9157 srcPort>43597 dst>fd10:23:100::2/25957 
19:49:03.731171 OFF flow>8877 srcPort>38589 dst>fd10:23:100::2/25677 
19:49:03.766067 ON flow>9165 srcPort>45633 dst>fd10:23:100::2/25965 
19:49:03.791711 CONNECT flow>9157 srcPort>43597 dst>fd10:23:100::2/25957 
19:49:03.812466 OFF flow>8581 srcPort>38125 dst>fd10:23:100::2/25381 
19:49:03.831572 ON flow>9173 srcPort>46371 dst>fd10:23:100::2/25973 
19:49:03.849249 OFF flow>8621 srcPort>40483 dst>fd10:23:100::2/25421 
19:49:03.861711 CONNECT flow>9165 srcPort>45633 dst>fd10:23:100::2/25965 
19:49:03.879931 OFF flow>8861 srcPort>33521 dst>fd10:23:100::2/25661 
19:49:03.883568 ON flow>9181 srcPort>34731 dst>fd10:23:100::2/25981 
19:49:03.931767 CONNECT flow>9173 srcPort>46371 dst>fd10:23:100::2/25973 
19:49:03.971959 OFF flow>8781 srcPort>36481 dst>fd10:23:100::2/25581 
19:49:03.976171 SHUTDOWN flow>8829 srcPort>43557 dst>fd10:23:100::2/25629 
19:49:03.984935 CONNECT flow>9181 srcPort>34731 dst>fd10:23:100::2/25981 
19:49:04.024413 ON flow>9189 srcPort>46195 dst>fd10:23:100::2/25989 
19:49:04.031578 SHUTDOWN flow>8901 srcPort>41931 dst>fd10:23:100::2/25701 
19:49:04.038777 OFF flow>8597 srcPort>35681 dst>fd10:23:100::2/25397 
19:49:04.057169 OFF flow>8725 srcPort>38331 dst>fd10:23:100::2/25525 
19:49:04.081633 OFF flow>8821 srcPort>43347 dst>fd10:23:100::2/25621 
19:49:04.125126 CONNECT flow>9189 srcPort>46195 dst>fd10:23:100::2/25989 
19:49:04.166479 OFF flow>8733 srcPort>40663 dst>fd10:23:100::2/25533 
19:49:04.177067 OFF flow>8645 srcPort>45379 dst>fd10:23:100::2/25445 
19:49:04.196401 OFF flow>8677 srcPort>43415 dst>fd10:23:100::2/25477 
19:49:04.240491 SHUTDOWN flow>8917 srcPort>41557 dst>fd10:23:100::2/25717 
19:49:04.250852 SHUTDOWN flow>8885 srcPort>37309 dst>fd10:23:100::2/25685 
19:49:04.269061 ON flow>9197 srcPort>46455 dst>fd10:23:100::2/25997 
19:49:04.301607 SHUTDOWN flow>8893 srcPort>38705 dst>fd10:23:100::2/25693 
19:49:04.342686 ON flow>9205 srcPort>36271 dst>fd10:23:100::2/26005 
19:49:04.371643 CONNECT flow>9197 srcPort>46455 dst>fd10:23:100::2/25997 
19:49:04.374511 SHUTDOWN flow>8909 srcPort>40721 dst>fd10:23:100::2/25709 
19:49:04.427354 ON flow>9213 srcPort>38745 dst>fd10:23:100::2/26013 
19:49:04.443114 CONNECT flow>9205 srcPort>36271 dst>fd10:23:100::2/26005 
19:49:04.521934 SHUTDOWN flow>8837 srcPort>36669 dst>fd10:23:100::2/25637 
19:49:04.523577 CONNECT flow>9213 srcPort>38745 dst>fd10:23:100::2/26013 
19:49:04.536172 SHUTDOWN flow>8933 srcPort>39549 dst>fd10:23:100::2/25733 
19:49:04.637851 OFF flow>8709 srcPort>34863 dst>fd10:23:100::2/25509 
19:49:04.640374 OFF flow>8933 srcPort>39549 dst>fd10:23:100::2/25733 
19:49:04.688226 SHUTDOWN flow>8941 srcPort>44031 dst>fd10:23:100::2/25741 
19:49:04.690492 ON flow>9221 srcPort>44833 dst>fd10:23:100::2/26021 
19:49:04.777251 OFF flow>8749 srcPort>41551 dst>fd10:23:100::2/25549 
19:49:04.783212 CONNECT flow>9221 srcPort>44833 dst>fd10:23:100::2/26021 
19:49:04.823158 OFF flow>8909 srcPort>40721 dst>fd10:23:100::2/25709 
19:49:04.831228 OFF flow>8901 srcPort>41931 dst>fd10:23:100::2/25701 
19:49:04.876532 ON flow>9229 srcPort>32953 dst>fd10:23:100::2/26029 
19:49:04.902696 SHUTDOWN flow>8949 srcPort>35843 dst>fd10:23:100::2/25749 
19:49:04.977406 CONNECT flow>9229 srcPort>32953 dst>fd10:23:100::2/26029 
19:49:05.029135 ON flow>9237 srcPort>44223 dst>fd10:23:100::2/26037 
19:49:05.038397 SHUTDOWN flow>8965 srcPort>33639 dst>fd10:23:100::2/25765 
19:49:05.122399 CONNECT flow>9237 srcPort>44223 dst>fd10:23:100::2/26037 
19:49:05.219955 ON flow>9245 srcPort>44091 dst>fd10:23:100::2/26045 
19:49:05.231006 OFF flow>8965 srcPort>33639 dst>fd10:23:100::2/25765 
19:49:05.246055 SHUTDOWN flow>8981 srcPort>38333 dst>fd10:23:100::2/25781 
19:49:05.248623 OFF flow>8773 srcPort>44519 dst>fd10:23:100::2/25573 
19:49:05.309987 ON flow>9253 srcPort>41407 dst>fd10:23:100::2/26053 
19:49:05.313698 SHUTDOWN flow>8989 srcPort>43869 dst>fd10:23:100::2/25789 
19:49:05.319450 CONNECT flow>9245 srcPort>44091 dst>fd10:23:100::2/26045 
19:49:05.334054 SHUTDOWN flow>8973 srcPort>38191 dst>fd10:23:100::2/25773 
19:49:05.346000 OFF flow>8981 srcPort>38333 dst>fd10:23:100::2/25781 
19:49:05.368031 OFF flow>8893 srcPort>38705 dst>fd10:23:100::2/25693 
19:49:05.405770 CONNECT flow>9253 srcPort>41407 dst>fd10:23:100::2/26053 
19:49:05.422807 SHUTDOWN flow>8957 srcPort>35545 dst>fd10:23:100::2/25757 
19:49:05.468522 ON flow>9261 srcPort>39239 dst>fd10:23:100::2/26061 
19:49:05.511389 OFF flow>8989 srcPort>43869 dst>fd10:23:100::2/25789 
19:49:05.538600 SHUTDOWN flow>8869 srcPort>37119 dst>fd10:23:100::2/25669 
19:49:05.558862 ON flow>9269 srcPort>40291 dst>fd10:23:100::2/26069 
19:49:05.563510 OFF flow>8805 srcPort>39123 dst>fd10:23:100::2/25605 
19:49:05.567882 CONNECT flow>9261 srcPort>39239 dst>fd10:23:100::2/26061 
19:49:05.585797 SHUTDOWN flow>8925 srcPort>36619 dst>fd10:23:100::2/25725 
19:49:05.587069 SHUTDOWN flow>9013 srcPort>36325 dst>fd10:23:100::2/25813 
19:49:05.632223 ON flow>9277 srcPort>39269 dst>fd10:23:100::2/26077 
19:49:05.658517 CONNECT flow>9269 srcPort>40291 dst>fd10:23:100::2/26069 
19:49:05.703022 SHUTDOWN flow>9021 srcPort>34115 dst>fd10:23:100::2/25821 
19:49:05.734853 CONNECT flow>9277 srcPort>39269 dst>fd10:23:100::2/26077 
19:49:05.744601 SHUTDOWN flow>9005 srcPort>36483 dst>fd10:23:100::2/25805 
19:49:05.851997 ON flow>9285 srcPort>41885 dst>fd10:23:100::2/26085 
19:49:05.880637 OFF flow>8973 srcPort>38191 dst>fd10:23:100::2/25773 
19:49:05.921624 OFF flow>8917 srcPort>41557 dst>fd10:23:100::2/25717 
19:49:05.938542 OFF flow>8701 srcPort>44333 dst>fd10:23:100::2/25501 
19:49:05.939324 SHUTDOWN flow>9037 srcPort>37481 dst>fd10:23:100::2/25837 
19:49:05.948496 OFF flow>8869 srcPort>37119 dst>fd10:23:100::2/25669 
19:49:05.958142 CONNECT flow>9285 srcPort>41885 dst>fd10:23:100::2/26085 
19:49:05.960119 SHUTDOWN flow>8997 srcPort>34237 dst>fd10:23:100::2/25797 
19:49:06.047596 ON flow>9293 srcPort>38811 dst>fd10:23:100::2/26093 
19:49:06.073858 OFF flow>9005 srcPort>36483 dst>fd10:23:100::2/25805 
19:49:06.111678 SHUTDOWN flow>9053 srcPort>37273 dst>fd10:23:100::2/25853 
19:49:06.143621 CONNECT flow>9293 srcPort>38811 dst>fd10:23:100::2/26093 
19:49:06.178543 SHUTDOWN flow>9045 srcPort>46679 dst>fd10:23:100::2/25845 
19:49:06.189942 ON flow>9301 srcPort>40047 dst>fd10:23:100::2/26101 
19:49:06.196903 OFF flow>8949 srcPort>35843 dst>fd10:23:100::2/25749 
19:49:06.208032 OFF flow>9053 srcPort>37273 dst>fd10:23:100::2/25853 
19:49:06.255893 ON flow>9309 srcPort>37231 dst>fd10:23:100::2/26109 
19:49:06.276784 SHUTDOWN flow>9029 srcPort>43999 dst>fd10:23:100::2/25829 
19:49:06.285431 CONNECT flow>9301 srcPort>40047 dst>fd10:23:100::2/26101 
19:49:06.323863 OFF flow>9037 srcPort>37481 dst>fd10:23:100::2/25837 
19:49:06.350479 CONNECT flow>9309 srcPort>37231 dst>fd10:23:100::2/26109 
19:49:06.351544 ON flow>9317 srcPort>41585 dst>fd10:23:100::2/26117 
19:49:06.387682 OFF flow>8885 srcPort>37309 dst>fd10:23:100::2/25685 
19:49:06.393860 ON flow>9325 srcPort>44965 dst>fd10:23:100::2/26125 
19:49:06.447444 CONNECT flow>9317 srcPort>41585 dst>fd10:23:100::2/26117 
19:49:06.487895 CONNECT flow>9325 srcPort>44965 dst>fd10:23:100::2/26125 
19:49:06.508270 SHUTDOWN flow>9061 srcPort>40743 dst>fd10:23:100::2/25861 
19:49:06.535130 SHUTDOWN flow>9069 srcPort>35377 dst>fd10:23:100::2/25869 
19:49:06.555951 ON flow>9333 srcPort>44983 dst>fd10:23:100::2/26133 
19:49:06.579284 OFF flow>8829 srcPort>43557 dst>fd10:23:100::2/25629 
19:49:06.611481 OFF flow>9013 srcPort>36325 dst>fd10:23:100::2/25813 
19:49:06.627629 OFF flow>9069 srcPort>35377 dst>fd10:23:100::2/25869 
19:49:06.646445 SHUTDOWN flow>9077 srcPort>34665 dst>fd10:23:100::2/25877 
19:49:06.650332 CONNECT flow>9333 srcPort>44983 dst>fd10:23:100::2/26133 
19:49:06.651923 ON flow>9341 srcPort>46765 dst>fd10:23:100::2/26141 
19:49:06.662711 OFF flow>9045 srcPort>46679 dst>fd10:23:100::2/25845 
19:49:06.722669 OFF flow>8957 srcPort>35545 dst>fd10:23:100::2/25757 
19:49:06.741853 OFF flow>9077 srcPort>34665 dst>fd10:23:100::2/25877 
19:49:06.747169 CONNECT flow>9341 srcPort>46765 dst>fd10:23:100::2/26141 
19:49:06.780255 ON flow>9349 srcPort>33119 dst>fd10:23:100::2/26149 
19:49:06.800063 OFF flow>9061 srcPort>40743 dst>fd10:23:100::2/25861 
19:49:06.825973 OFF flow>9021 srcPort>34115 dst>fd10:23:100::2/25821 
19:49:06.866127 OFF flow>8997 srcPort>34237 dst>fd10:23:100::2/25797 
19:49:06.875750 CONNECT flow>9349 srcPort>33119 dst>fd10:23:100::2/26149 
19:49:07.090286 SHUTDOWN flow>9093 srcPort>43507 dst>fd10:23:100::2/25893 
19:49:07.115706 ON flow>9357 srcPort>41397 dst>fd10:23:100::2/26157 
19:49:07.115950 OFF flow>9029 srcPort>43999 dst>fd10:23:100::2/25829 
19:49:07.124554 SHUTDOWN flow>9085 srcPort>35723 dst>fd10:23:100::2/25885 
19:49:07.185693 OFF flow>9093 srcPort>43507 dst>fd10:23:100::2/25893 
19:49:07.208502 CONNECT flow>9357 srcPort>41397 dst>fd10:23:100::2/26157 
19:49:07.234563 OFF flow>8941 srcPort>44031 dst>fd10:23:100::2/25741 
19:49:07.288415 SHUTDOWN flow>9101 srcPort>33383 dst>fd10:23:100::2/25901 
19:49:07.378118 OFF flow>9101 srcPort>33383 dst>fd10:23:100::2/25901 
19:49:07.429240 ON flow>9365 srcPort>33007 dst>fd10:23:100::2/26165 
19:49:07.512456 ON flow>9373 srcPort>41529 dst>fd10:23:100::2/26173 
19:49:07.521495 CONNECT flow>9365 srcPort>33007 dst>fd10:23:100::2/26165 
19:49:07.581147 OFF flow>8837 srcPort>36669 dst>fd10:23:100::2/25637 
19:49:07.602204 CONNECT flow>9373 srcPort>41529 dst>fd10:23:100::2/26173 
19:49:07.615247 ON flow>9381 srcPort>41037 dst>fd10:23:100::2/26181 
19:49:07.690596 ON flow>9389 srcPort>38139 dst>fd10:23:100::2/26189 
19:49:07.704108 CONNECT flow>9381 srcPort>41037 dst>fd10:23:100::2/26181 
19:49:07.772528 CONNECT flow>9389 srcPort>38139 dst>fd10:23:100::2/26189 
19:49:07.773111 SHUTDOWN flow>9109 srcPort>39627 dst>fd10:23:100::2/25909 
19:49:07.776230 ON flow>9397 srcPort>35873 dst>fd10:23:100::2/26197 
19:49:07.838701 SHUTDOWN flow>9117 srcPort>43079 dst>fd10:23:100::2/25917 
19:49:07.861478 OFF flow>9109 srcPort>39627 dst>fd10:23:100::2/25909 
19:49:07.863379 CONNECT flow>9397 srcPort>35873 dst>fd10:23:100::2/26197 
19:49:07.883758 ON flow>9405 srcPort>41823 dst>fd10:23:100::2/26205 
19:49:07.929941 OFF flow>9117 srcPort>43079 dst>fd10:23:100::2/25917 
19:49:07.939452 OFF flow>9085 srcPort>35723 dst>fd10:23:100::2/25885 
19:49:07.981950 CONNECT flow>9405 srcPort>41823 dst>fd10:23:100::2/26205 
19:49:08.063263 OFF flow>8925 srcPort>36619 dst>fd10:23:100::2/25725 
19:49:08.066911 SHUTDOWN flow>9125 srcPort>35439 dst>fd10:23:100::2/25925 
19:49:08.153865 ON flow>9413 srcPort>40801 dst>fd10:23:100::2/26213 
19:49:08.164061 OFF flow>9125 srcPort>35439 dst>fd10:23:100::2/25925 
19:49:08.169490 SHUTDOWN flow>9133 srcPort>45757 dst>fd10:23:100::2/25933 
19:49:08.252138 CONNECT flow>9413 srcPort>40801 dst>fd10:23:100::2/26213 
19:49:08.266911 OFF flow>9133 srcPort>45757 dst>fd10:23:100::2/25933 
19:49:08.312295 SHUTDOWN flow>9141 srcPort>46685 dst>fd10:23:100::2/25941 
19:49:08.342294 ON flow>9421 srcPort>44991 dst>fd10:23:100::2/26221 
19:49:08.388446 SHUTDOWN flow>9149 srcPort>44065 dst>fd10:23:100::2/25949 
19:49:08.445794 CONNECT flow>9421 srcPort>44991 dst>fd10:23:100::2/26221 
19:49:08.492206 SHUTDOWN flow>9157 srcPort>43597 dst>fd10:23:100::2/25957 
19:49:08.520755 ON flow>9429 srcPort>34305 dst>fd10:23:100::2/26229 
19:49:08.565922 SHUTDOWN flow>9165 srcPort>45633 dst>fd10:23:100::2/25965 
19:49:08.589974 OFF flow>9157 srcPort>43597 dst>fd10:23:100::2/25957 
19:49:08.601128 ON flow>9437 srcPort>44723 dst>fd10:23:100::2/26237 
19:49:08.610632 CONNECT flow>9429 srcPort>34305 dst>fd10:23:100::2/26229 
19:49:08.612655 OFF flow>9149 srcPort>44065 dst>fd10:23:100::2/25949 
19:49:08.694645 SHUTDOWN flow>9181 srcPort>34731 dst>fd10:23:100::2/25981 
19:49:08.704513 CONNECT flow>9437 srcPort>44723 dst>fd10:23:100::2/26237 
19:49:08.741319 ON flow>9445 srcPort>42985 dst>fd10:23:100::2/26245 
19:49:08.824329 SHUTDOWN flow>9189 srcPort>46195 dst>fd10:23:100::2/25989 
19:49:08.848451 CONNECT flow>9445 srcPort>42985 dst>fd10:23:100::2/26245 
19:49:08.896735 ON flow>9453 srcPort>46809 dst>fd10:23:100::2/26253 
19:49:08.901706 OFF flow>9181 srcPort>34731 dst>fd10:23:100::2/25981 
19:49:08.919392 SHUTDOWN flow>9173 srcPort>46371 dst>fd10:23:100::2/25973 
19:49:08.939868 ON flow>9461 srcPort>34839 dst>fd10:23:100::2/26261 
19:49:08.968738 OFF flow>9165 srcPort>45633 dst>fd10:23:100::2/25965 
19:49:08.978301 OFF flow>9189 srcPort>46195 dst>fd10:23:100::2/25989 
19:49:08.996895 CONNECT flow>9453 srcPort>46809 dst>fd10:23:100::2/26253 
19:49:09.038588 CONNECT flow>9461 srcPort>34839 dst>fd10:23:100::2/26261 
19:49:09.045228 ON flow>9469 srcPort>39587 dst>fd10:23:100::2/26269 
19:49:09.068648 SHUTDOWN flow>9197 srcPort>46455 dst>fd10:23:100::2/25997 
19:49:09.141926 SHUTDOWN flow>9205 srcPort>36271 dst>fd10:23:100::2/26005 
19:49:09.145877 CONNECT flow>9469 srcPort>39587 dst>fd10:23:100::2/26269 
19:49:09.162917 ON flow>9477 srcPort>41157 dst>fd10:23:100::2/26277 
19:49:09.167515 OFF flow>9197 srcPort>46455 dst>fd10:23:100::2/25997 
19:49:09.243066 ON flow>9485 srcPort>44141 dst>fd10:23:100::2/26285 
19:49:09.260284 CONNECT flow>9477 srcPort>41157 dst>fd10:23:100::2/26277 
19:49:09.306758 ON flow>9493 srcPort>42751 dst>fd10:23:100::2/26293 
19:49:09.347438 CONNECT flow>9485 srcPort>44141 dst>fd10:23:100::2/26285 
19:49:09.364957 ON flow>9501 srcPort>45479 dst>fd10:23:100::2/26301 
19:49:09.367956 SHUTDOWN flow>9213 srcPort>38745 dst>fd10:23:100::2/26013 
19:49:09.407597 CONNECT flow>9493 srcPort>42751 dst>fd10:23:100::2/26293 
19:49:09.434322 ON flow>9509 srcPort>38775 dst>fd10:23:100::2/26309 
19:49:09.464308 CONNECT flow>9501 srcPort>45479 dst>fd10:23:100::2/26301 
19:49:09.489846 OFF flow>9141 srcPort>46685 dst>fd10:23:100::2/25941 
19:49:09.490229 SHUTDOWN flow>9221 srcPort>44833 dst>fd10:23:100::2/26021 
19:49:09.492340 OFF flow>9205 srcPort>36271 dst>fd10:23:100::2/26005 
19:49:09.533180 CONNECT flow>9509 srcPort>38775 dst>fd10:23:100::2/26309 
19:49:09.535845 ON flow>9517 srcPort>38569 dst>fd10:23:100::2/26317 
19:49:09.583634 ON flow>9525 srcPort>36651 dst>fd10:23:100::2/26325 
19:49:09.635714 CONNECT flow>9517 srcPort>38569 dst>fd10:23:100::2/26317 
19:49:09.652134 ON flow>9533 srcPort>33861 dst>fd10:23:100::2/26333 
19:49:09.676163 SHUTDOWN flow>9229 srcPort>32953 dst>fd10:23:100::2/26029 
19:49:09.683551 CONNECT flow>9525 srcPort>36651 dst>fd10:23:100::2/26325 
19:49:09.751800 CONNECT flow>9533 srcPort>33861 dst>fd10:23:100::2/26333 
19:49:09.755843 ON flow>9541 srcPort>42809 dst>fd10:23:100::2/26341 
19:49:09.828731 SHUTDOWN flow>9237 srcPort>44223 dst>fd10:23:100::2/26037 
19:49:09.860332 CONNECT flow>9541 srcPort>42809 dst>fd10:23:100::2/26341 
19:49:09.861326 OFF flow>9229 srcPort>32953 dst>fd10:23:100::2/26029 
19:49:09.878264 ON flow>9549 srcPort>36443 dst>fd10:23:100::2/26349 
19:49:09.926995 OFF flow>9237 srcPort>44223 dst>fd10:23:100::2/26037 
19:49:09.955829 ON flow>9557 srcPort>44185 dst>fd10:23:100::2/26357 
19:49:09.986408 CONNECT flow>9549 srcPort>36443 dst>fd10:23:100::2/26349 
19:49:10.019328 SHUTDOWN flow>9245 srcPort>44091 dst>fd10:23:100::2/26045 
19:49:10.040902 ON flow>9565 srcPort>41045 dst>fd10:23:100::2/26365 
19:49:10.065082 CONNECT flow>9557 srcPort>44185 dst>fd10:23:100::2/26357 
19:49:10.091013 OFF flow>9173 srcPort>46371 dst>fd10:23:100::2/25973 
19:49:10.109700 SHUTDOWN flow>9253 srcPort>41407 dst>fd10:23:100::2/26053 
19:49:10.147470 CONNECT flow>9565 srcPort>41045 dst>fd10:23:100::2/26365 
19:49:10.252485 ON flow>9573 srcPort>38089 dst>fd10:23:100::2/26373 
19:49:10.268180 SHUTDOWN flow>9261 srcPort>39239 dst>fd10:23:100::2/26061 
19:49:10.287083 OFF flow>9221 srcPort>44833 dst>fd10:23:100::2/26021 
19:49:10.334021 ON flow>9581 srcPort>40583 dst>fd10:23:100::2/26381 
19:49:10.358725 SHUTDOWN flow>9269 srcPort>40291 dst>fd10:23:100::2/26069 
19:49:10.365529 CONNECT flow>9573 srcPort>38089 dst>fd10:23:100::2/26373 
19:49:10.367411 OFF flow>9213 srcPort>38745 dst>fd10:23:100::2/26013 
19:49:10.430481 OFF flow>9261 srcPort>39239 dst>fd10:23:100::2/26061 
19:49:10.440803 ON flow>9589 srcPort>37695 dst>fd10:23:100::2/26389 
19:49:10.447234 CONNECT flow>9581 srcPort>40583 dst>fd10:23:100::2/26381 
19:49:10.539453 ON flow>9597 srcPort>39815 dst>fd10:23:100::2/26397 
19:49:10.548026 CONNECT flow>9589 srcPort>37695 dst>fd10:23:100::2/26389 
19:49:10.617931 SHUTDOWN flow>9277 srcPort>39269 dst>fd10:23:100::2/26077 
19:49:10.631640 OFF flow>9245 srcPort>44091 dst>fd10:23:100::2/26045 
19:49:10.646755 CONNECT flow>9597 srcPort>39815 dst>fd10:23:100::2/26397 
19:49:10.651004 SHUTDOWN flow>9285 srcPort>41885 dst>fd10:23:100::2/26085 
19:49:10.680532 ON flow>9605 srcPort>32811 dst>fd10:23:100::2/26405 
19:49:10.748701 OFF flow>9253 srcPort>41407 dst>fd10:23:100::2/26053 
19:49:10.753997 OFF flow>9285 srcPort>41885 dst>fd10:23:100::2/26085 
19:49:10.785983 CONNECT flow>9605 srcPort>32811 dst>fd10:23:100::2/26405 
19:49:10.800426 ON flow>9613 srcPort>43821 dst>fd10:23:100::2/26413 
19:49:10.824874 OFF flow>9277 srcPort>39269 dst>fd10:23:100::2/26077 
19:49:10.847211 SHUTDOWN flow>9293 srcPort>38811 dst>fd10:23:100::2/26093 
19:49:10.904698 CONNECT flow>9613 srcPort>43821 dst>fd10:23:100::2/26413 
19:49:10.910917 ON flow>9621 srcPort>37845 dst>fd10:23:100::2/26421 
19:49:11.014732 ON flow>9629 srcPort>38535 dst>fd10:23:100::2/26429 
19:49:11.018972 CONNECT flow>9621 srcPort>37845 dst>fd10:23:100::2/26421 
19:49:11.125487 CONNECT flow>9629 srcPort>38535 dst>fd10:23:100::2/26429 
19:49:11.146609 ON flow>9637 srcPort>34649 dst>fd10:23:100::2/26437 
19:49:11.157757 OFF flow>9293 srcPort>38811 dst>fd10:23:100::2/26093 
19:49:11.159290 SHUTDOWN flow>9301 srcPort>40047 dst>fd10:23:100::2/26101 
19:49:11.193478 SHUTDOWN flow>9325 srcPort>44965 dst>fd10:23:100::2/26125 
19:49:11.285469 ON flow>9645 srcPort>43727 dst>fd10:23:100::2/26445 
19:49:11.285553 SHUTDOWN flow>9317 srcPort>41585 dst>fd10:23:100::2/26117 
19:49:11.356903 SHUTDOWN flow>9333 srcPort>44983 dst>fd10:23:100::2/26133 
19:49:11.377857 CONNECT flow>9645 srcPort>43727 dst>fd10:23:100::2/26445 
19:49:11.431349 SHUTDOWN flow>9309 srcPort>37231 dst>fd10:23:100::2/26109 
19:49:11.444157 OFF flow>9325 srcPort>44965 dst>fd10:23:100::2/26125 
19:49:11.451473 SHUTDOWN flow>9341 srcPort>46765 dst>fd10:23:100::2/26141 
19:49:11.469363 OFF flow>9317 srcPort>41585 dst>fd10:23:100::2/26117 
19:49:11.511912 ON flow>9653 srcPort>37291 dst>fd10:23:100::2/26453 
19:49:11.580150 SHUTDOWN flow>9349 srcPort>33119 dst>fd10:23:100::2/26149 
19:49:11.597706 ON flow>9661 srcPort>41323 dst>fd10:23:100::2/26461 
19:49:11.599445 CONNECT flow>9653 srcPort>37291 dst>fd10:23:100::2/26453 
19:49:11.672045 OFF flow>9349 srcPort>33119 dst>fd10:23:100::2/26149 
19:49:11.690844 CONNECT flow>9661 srcPort>41323 dst>fd10:23:100::2/26461 
19:49:11.697295 ON flow>9669 srcPort>39933 dst>fd10:23:100::2/26469 
19:49:11.795996 CONNECT flow>9669 srcPort>39933 dst>fd10:23:100::2/26469 
19:49:11.828642 OFF flow>9341 srcPort>46765 dst>fd10:23:100::2/26141 
19:49:11.883766 OFF flow>9269 srcPort>40291 dst>fd10:23:100::2/26069 
19:49:11.915174 SHUTDOWN flow>9357 srcPort>41397 dst>fd10:23:100::2/26157 
19:49:11.962485 OFF flow>9333 srcPort>44983 dst>fd10:23:100::2/26133 
19:49:12.145247 OFF flow>9357 srcPort>41397 dst>fd10:23:100::2/26157 
19:49:12.232970 ON flow>9677 srcPort>37035 dst>fd10:23:100::2/26477 
19:49:12.249654 CONNECT flow>9637 srcPort>34649 dst>fd10:23:100::2/26437 
19:49:12.333743 CONNECT flow>9677 srcPort>37035 dst>fd10:23:100::2/26477 
19:49:12.403448 ON flow>9685 srcPort>37089 dst>fd10:23:100::2/26485 
19:49:12.501965 OFF flow>9301 srcPort>40047 dst>fd10:23:100::2/26101 
19:49:12.505296 CONNECT flow>9685 srcPort>37089 dst>fd10:23:100::2/26485 
19:49:12.557066 ON flow>9693 srcPort>42515 dst>fd10:23:100::2/26493 
19:49:12.575933 SHUTDOWN flow>9397 srcPort>35873 dst>fd10:23:100::2/26197 
19:49:12.650325 CONNECT flow>9693 srcPort>42515 dst>fd10:23:100::2/26493 
19:49:12.672489 OFF flow>9397 srcPort>35873 dst>fd10:23:100::2/26197 
19:49:12.676883 SHUTDOWN flow>9381 srcPort>41037 dst>fd10:23:100::2/26181 
19:49:12.677464 ON flow>9701 srcPort>35087 dst>fd10:23:100::2/26501 
19:49:12.683432 SHUTDOWN flow>9405 srcPort>41823 dst>fd10:23:100::2/26205 
19:49:12.696711 SHUTDOWN flow>9389 srcPort>38139 dst>fd10:23:100::2/26189 
19:49:12.772870 CONNECT flow>9701 srcPort>35087 dst>fd10:23:100::2/26501 
19:49:12.910092 ON flow>9709 srcPort>43401 dst>fd10:23:100::2/26509 
19:49:12.930207 SHUTDOWN flow>9365 srcPort>33007 dst>fd10:23:100::2/26165 
19:49:12.934165 SHUTDOWN flow>9373 srcPort>41529 dst>fd10:23:100::2/26173 
19:49:13.006238 ON flow>9717 srcPort>33183 dst>fd10:23:100::2/26517 
19:49:13.010749 CONNECT flow>9709 srcPort>43401 dst>fd10:23:100::2/26509 
19:49:13.060788 SHUTDOWN flow>9413 srcPort>40801 dst>fd10:23:100::2/26213 
19:49:13.072148 OFF flow>9381 srcPort>41037 dst>fd10:23:100::2/26181 
19:49:13.106096 CONNECT flow>9717 srcPort>33183 dst>fd10:23:100::2/26517 
19:49:13.116573 ON flow>9725 srcPort>41837 dst>fd10:23:100::2/26525 
19:49:13.137781 OFF flow>9405 srcPort>41823 dst>fd10:23:100::2/26205 
19:49:13.142512 ON flow>9733 srcPort>38827 dst>fd10:23:100::2/26533 
19:49:13.180747 OFF flow>9389 srcPort>38139 dst>fd10:23:100::2/26189 
19:49:13.203372 OFF flow>9309 srcPort>37231 dst>fd10:23:100::2/26109 
19:49:13.208974 CONNECT flow>9725 srcPort>41837 dst>fd10:23:100::2/26525 
19:49:13.232923 ON flow>9741 srcPort>40255 dst>fd10:23:100::2/26541 
19:49:13.238682 CONNECT flow>9733 srcPort>38827 dst>fd10:23:100::2/26533 
19:49:13.332414 CONNECT flow>9741 srcPort>40255 dst>fd10:23:100::2/26541 
19:49:13.333962 ON flow>9749 srcPort>35875 dst>fd10:23:100::2/26549 
19:49:13.400835 SHUTDOWN flow>9437 srcPort>44723 dst>fd10:23:100::2/26237 
19:49:13.424168 SHUTDOWN flow>9421 srcPort>44991 dst>fd10:23:100::2/26221 
19:49:13.432069 CONNECT flow>9749 srcPort>35875 dst>fd10:23:100::2/26549 
19:49:13.517092 OFF flow>9437 srcPort>44723 dst>fd10:23:100::2/26237 
19:49:13.527764 ON flow>9757 srcPort>43227 dst>fd10:23:100::2/26557 
19:49:13.633187 CONNECT flow>9757 srcPort>43227 dst>fd10:23:100::2/26557 
19:49:13.736754 SHUTDOWN flow>9429 srcPort>34305 dst>fd10:23:100::2/26229 
19:49:13.739731 SHUTDOWN flow>9461 srcPort>34839 dst>fd10:23:100::2/26261 
19:49:13.773002 ON flow>9765 srcPort>37521 dst>fd10:23:100::2/26565 
19:49:13.880117 CONNECT flow>9765 srcPort>37521 dst>fd10:23:100::2/26565 
19:49:13.952191 OFF flow>9461 srcPort>34839 dst>fd10:23:100::2/26261 
19:49:13.962506 SHUTDOWN flow>9477 srcPort>41157 dst>fd10:23:100::2/26277 
19:49:14.042711 SHUTDOWN flow>9485 srcPort>44141 dst>fd10:23:100::2/26285 
19:49:14.051545 SHUTDOWN flow>9469 srcPort>39587 dst>fd10:23:100::2/26269 
19:49:14.064318 OFF flow>9477 srcPort>41157 dst>fd10:23:100::2/26277 
19:49:14.100424 OFF flow>9421 srcPort>44991 dst>fd10:23:100::2/26221 
19:49:14.106297 SHUTDOWN flow>9493 srcPort>42751 dst>fd10:23:100::2/26293 
19:49:14.157091 ON flow>9773 srcPort>35309 dst>fd10:23:100::2/26573 
19:49:14.233641 SHUTDOWN flow>9509 srcPort>38775 dst>fd10:23:100::2/26309 
19:49:14.264343 CONNECT flow>9773 srcPort>35309 dst>fd10:23:100::2/26573 
19:49:14.337571 ON flow>9781 srcPort>38805 dst>fd10:23:100::2/26581 
19:49:14.419052 ON flow>9789 srcPort>39033 dst>fd10:23:100::2/26589 
19:49:14.448426 CONNECT flow>9781 srcPort>38805 dst>fd10:23:100::2/26581 
19:49:14.514256 CONNECT flow>9789 srcPort>39033 dst>fd10:23:100::2/26589 
19:49:14.547570 OFF flow>9509 srcPort>38775 dst>fd10:23:100::2/26309 
19:49:14.548195 ON flow>9797 srcPort>42299 dst>fd10:23:100::2/26597 
19:49:14.562908 SHUTDOWN flow>9501 srcPort>45479 dst>fd10:23:100::2/26301 
19:49:14.574284 SHUTDOWN flow>9525 srcPort>36651 dst>fd10:23:100::2/26325 
19:49:14.640179 CONNECT flow>9797 srcPort>42299 dst>fd10:23:100::2/26597 
19:49:14.677782 SHUTDOWN flow>9549 srcPort>36443 dst>fd10:23:100::2/26349 
19:49:14.693896 SHUTDOWN flow>9517 srcPort>38569 dst>fd10:23:100::2/26317 
19:49:14.755531 SHUTDOWN flow>9557 srcPort>44185 dst>fd10:23:100::2/26357 
19:49:14.769787 OFF flow>9549 srcPort>36443 dst>fd10:23:100::2/26349 
19:49:14.778076 OFF flow>9413 srcPort>40801 dst>fd10:23:100::2/26213 
19:49:14.792246 ON flow>9805 srcPort>42055 dst>fd10:23:100::2/26605 
19:49:14.795421 SHUTDOWN flow>9541 srcPort>42809 dst>fd10:23:100::2/26341 
19:49:14.806342 OFF flow>9485 srcPort>44141 dst>fd10:23:100::2/26285 
19:49:14.849590 OFF flow>9557 srcPort>44185 dst>fd10:23:100::2/26357 
19:49:14.868173 SHUTDOWN flow>9453 srcPort>46809 dst>fd10:23:100::2/26253 
19:49:14.886756 CONNECT flow>9805 srcPort>42055 dst>fd10:23:100::2/26605 
19:49:14.903146 OFF flow>9373 srcPort>41529 dst>fd10:23:100::2/26173 
19:49:14.979274 OFF flow>9525 srcPort>36651 dst>fd10:23:100::2/26325 
19:49:15.133532 ON flow>9813 srcPort>37629 dst>fd10:23:100::2/26613 
19:49:15.133873 SHUTDOWN flow>9581 srcPort>40583 dst>fd10:23:100::2/26381 
19:49:15.162951 OFF flow>9429 srcPort>34305 dst>fd10:23:100::2/26229 
19:49:15.225495 OFF flow>9581 srcPort>40583 dst>fd10:23:100::2/26381 
19:49:15.226373 CONNECT flow>9813 srcPort>37629 dst>fd10:23:100::2/26613 
19:49:15.230212 OFF flow>9517 srcPort>38569 dst>fd10:23:100::2/26317 
19:49:15.240503 SHUTDOWN flow>9589 srcPort>37695 dst>fd10:23:100::2/26389 
19:49:15.259750 ON flow>9821 srcPort>32839 dst>fd10:23:100::2/26621 
19:49:15.271774 SHUTDOWN flow>9573 srcPort>38089 dst>fd10:23:100::2/26373 
19:49:15.339103 SHUTDOWN flow>9597 srcPort>39815 dst>fd10:23:100::2/26397 
19:49:15.347747 CONNECT flow>9821 srcPort>32839 dst>fd10:23:100::2/26621 
19:49:15.352138 OFF flow>9541 srcPort>42809 dst>fd10:23:100::2/26341 
19:49:15.367166 ON flow>9829 srcPort>44373 dst>fd10:23:100::2/26629 
19:49:15.372770 OFF flow>9501 srcPort>45479 dst>fd10:23:100::2/26301 
19:49:15.455366 CONNECT flow>9829 srcPort>44373 dst>fd10:23:100::2/26629 
19:49:15.469764 ON flow>9837 srcPort>41871 dst>fd10:23:100::2/26637 
19:49:15.554604 CONNECT flow>9837 srcPort>41871 dst>fd10:23:100::2/26637 
19:49:15.577316 ON flow>9845 srcPort>40321 dst>fd10:23:100::2/26645 
19:49:15.600247 SHUTDOWN flow>9613 srcPort>43821 dst>fd10:23:100::2/26413 
19:49:15.618655 SHUTDOWN flow>9445 srcPort>42985 dst>fd10:23:100::2/26245 
19:49:15.643641 ON flow>9853 srcPort>34957 dst>fd10:23:100::2/26653 
19:49:15.662514 CONNECT flow>9845 srcPort>40321 dst>fd10:23:100::2/26645 
19:49:15.687143 OFF flow>9613 srcPort>43821 dst>fd10:23:100::2/26413 
19:49:15.710231 SHUTDOWN flow>9621 srcPort>37845 dst>fd10:23:100::2/26421 
19:49:15.730468 CONNECT flow>9853 srcPort>34957 dst>fd10:23:100::2/26653 
19:49:15.747119 ON flow>9861 srcPort>37091 dst>fd10:23:100::2/26661 
19:49:15.809139 OFF flow>9469 srcPort>39587 dst>fd10:23:100::2/26269 
19:49:15.814116 SHUTDOWN flow>9629 srcPort>38535 dst>fd10:23:100::2/26429 
19:49:15.836966 CONNECT flow>9861 srcPort>37091 dst>fd10:23:100::2/26661 
19:49:15.839852 OFF flow>9589 srcPort>37695 dst>fd10:23:100::2/26389 
19:49:15.866052 OFF flow>9621 srcPort>37845 dst>fd10:23:100::2/26421 
19:49:15.904113 ON flow>9869 srcPort>46219 dst>fd10:23:100::2/26669 
19:49:15.905566 OFF flow>9629 srcPort>38535 dst>fd10:23:100::2/26429 
19:49:15.933385 SHUTDOWN flow>9605 srcPort>32811 dst>fd10:23:100::2/26405 
19:49:15.946422 SHUTDOWN flow>9637 srcPort>34649 dst>fd10:23:100::2/26437 
19:49:15.991990 CONNECT flow>9869 srcPort>46219 dst>fd10:23:100::2/26669 
19:49:16.008917 ON flow>9877 srcPort>43693 dst>fd10:23:100::2/26677 
19:49:16.039451 OFF flow>9597 srcPort>39815 dst>fd10:23:100::2/26397 
19:49:16.056515 OFF flow>9573 srcPort>38089 dst>fd10:23:100::2/26373 
19:49:16.085211 SHUTDOWN flow>9645 srcPort>43727 dst>fd10:23:100::2/26445 
19:49:16.099481 CONNECT flow>9877 srcPort>43693 dst>fd10:23:100::2/26677 
19:49:16.129190 OFF flow>9365 srcPort>33007 dst>fd10:23:100::2/26165 
19:49:16.160184 ON flow>9885 srcPort>44149 dst>fd10:23:100::2/26685 
19:49:16.200325 OFF flow>9493 srcPort>42751 dst>fd10:23:100::2/26293 
19:49:16.246271 ON flow>9893 srcPort>42919 dst>fd10:23:100::2/26693 
19:49:16.250832 CONNECT flow>9885 srcPort>44149 dst>fd10:23:100::2/26685 
19:49:16.301401 OFF flow>9605 srcPort>32811 dst>fd10:23:100::2/26405 
19:49:16.311511 SHUTDOWN flow>9653 srcPort>37291 dst>fd10:23:100::2/26453 
19:49:16.339344 CONNECT flow>9893 srcPort>42919 dst>fd10:23:100::2/26693 
19:49:16.347916 ON flow>9901 srcPort>35613 dst>fd10:23:100::2/26701 
19:49:16.397201 SHUTDOWN flow>9661 srcPort>41323 dst>fd10:23:100::2/26461 
19:49:16.402412 OFF flow>9653 srcPort>37291 dst>fd10:23:100::2/26453 
19:49:16.437281 CONNECT flow>9901 srcPort>35613 dst>fd10:23:100::2/26701 
19:49:16.464302 ON flow>9909 srcPort>34781 dst>fd10:23:100::2/26709 
19:49:16.496606 SHUTDOWN flow>9669 srcPort>39933 dst>fd10:23:100::2/26469 
19:49:16.524330 ON flow>9917 srcPort>40715 dst>fd10:23:100::2/26717 
19:49:16.551570 CONNECT flow>9909 srcPort>34781 dst>fd10:23:100::2/26709 
19:49:16.589198 OFF flow>9669 srcPort>39933 dst>fd10:23:100::2/26469 
19:49:16.592247 ON flow>9925 srcPort>35049 dst>fd10:23:100::2/26725 
19:49:16.604712 OFF flow>9645 srcPort>43727 dst>fd10:23:100::2/26445 
19:49:16.614850 CONNECT flow>9917 srcPort>40715 dst>fd10:23:100::2/26717 
19:49:16.644839 OFF flow>9453 srcPort>46809 dst>fd10:23:100::2/26253 
19:49:16.681926 CONNECT flow>9925 srcPort>35049 dst>fd10:23:100::2/26725 
19:49:16.683777 OFF flow>9661 srcPort>41323 dst>fd10:23:100::2/26461 
19:49:16.700341 ON flow>9933 srcPort>33613 dst>fd10:23:100::2/26733 
19:49:16.772283 ON flow>9941 srcPort>37019 dst>fd10:23:100::2/26741 
19:49:16.776993 OFF flow>9637 srcPort>34649 dst>fd10:23:100::2/26437 
19:49:16.788849 CONNECT flow>9933 srcPort>33613 dst>fd10:23:100::2/26733 
19:49:16.843227 ON flow>9949 srcPort>46121 dst>fd10:23:100::2/26749 
19:49:16.861260 CONNECT flow>9941 srcPort>37019 dst>fd10:23:100::2/26741 
19:49:16.935778 CONNECT flow>9949 srcPort>46121 dst>fd10:23:100::2/26749 
19:49:16.939047 SHUTDOWN flow>9565 srcPort>41045 dst>fd10:23:100::2/26365 
19:49:16.958270 ON flow>9957 srcPort>38183 dst>fd10:23:100::2/26757 
19:49:17.032495 SHUTDOWN flow>9677 srcPort>37035 dst>fd10:23:100::2/26477 
19:49:17.043267 CONNECT flow>9957 srcPort>38183 dst>fd10:23:100::2/26757 
19:49:17.088964 ON flow>9965 srcPort>43559 dst>fd10:23:100::2/26765 
19:49:17.176462 CONNECT flow>9965 srcPort>43559 dst>fd10:23:100::2/26765 
19:49:17.290353 OFF flow>9677 srcPort>37035 dst>fd10:23:100::2/26477 
19:49:17.299952 SHUTDOWN flow>9685 srcPort>37089 dst>fd10:23:100::2/26485 
19:49:17.308499 ON flow>9973 srcPort>35363 dst>fd10:23:100::2/26773 
19:49:17.356535 SHUTDOWN flow>9693 srcPort>42515 dst>fd10:23:100::2/26493 
19:49:17.375539 OFF flow>9565 srcPort>41045 dst>fd10:23:100::2/26365 
19:49:17.398971 CONNECT flow>9973 srcPort>35363 dst>fd10:23:100::2/26773 
19:49:17.453626 ON flow>9981 srcPort>43539 dst>fd10:23:100::2/26781 
19:49:17.477129 SHUTDOWN flow>9701 srcPort>35087 dst>fd10:23:100::2/26501 
19:49:17.544905 CONNECT flow>9981 srcPort>43539 dst>fd10:23:100::2/26781 
19:49:17.646738 OFF flow>9701 srcPort>35087 dst>fd10:23:100::2/26501 
19:49:17.709688 SHUTDOWN flow>9709 srcPort>43401 dst>fd10:23:100::2/26509 
19:49:17.808519 OFF flow>9709 srcPort>43401 dst>fd10:23:100::2/26509 
19:49:17.916258 SHUTDOWN flow>9725 srcPort>41837 dst>fd10:23:100::2/26525 
19:49:17.942357 SHUTDOWN flow>9733 srcPort>38827 dst>fd10:23:100::2/26533 
19:49:18.053298 OFF flow>9693 srcPort>42515 dst>fd10:23:100::2/26493 
19:49:18.062008 OFF flow>9733 srcPort>38827 dst>fd10:23:100::2/26533 
19:49:18.075949 SHUTDOWN flow>9717 srcPort>33183 dst>fd10:23:100::2/26517 
19:49:18.133448 SHUTDOWN flow>9749 srcPort>35875 dst>fd10:23:100::2/26549 
19:49:18.155732 ON flow>9989 srcPort>41089 dst>fd10:23:100::2/26789 
19:49:18.228102 SHUTDOWN flow>9741 srcPort>40255 dst>fd10:23:100::2/26541 
19:49:18.247198 CONNECT flow>9989 srcPort>41089 dst>fd10:23:100::2/26789 
19:49:18.326854 SHUTDOWN flow>9757 srcPort>43227 dst>fd10:23:100::2/26557 
19:49:18.339719 OFF flow>9685 srcPort>37089 dst>fd10:23:100::2/26485 
19:49:18.422231 OFF flow>9749 srcPort>35875 dst>fd10:23:100::2/26549 
19:49:18.438195 ON flow>9997 srcPort>40897 dst>fd10:23:100::2/26797 
19:49:18.462536 OFF flow>9757 srcPort>43227 dst>fd10:23:100::2/26557 
19:49:18.526482 CONNECT flow>9997 srcPort>40897 dst>fd10:23:100::2/26797 
19:49:18.547096 ON flow>10005 srcPort>36953 dst>fd10:23:100::2/26805 
19:49:18.572642 SHUTDOWN flow>9765 srcPort>37521 dst>fd10:23:100::2/26565 
19:49:18.633667 CONNECT flow>10005 srcPort>36953 dst>fd10:23:100::2/26805 
19:49:18.656385 OFF flow>9765 srcPort>37521 dst>fd10:23:100::2/26565 
19:49:18.678592 ON flow>10013 srcPort>35295 dst>fd10:23:100::2/26813 
19:49:18.764127 CONNECT flow>10013 srcPort>35295 dst>fd10:23:100::2/26813 
19:49:18.802557 ON flow>10021 srcPort>38713 dst>fd10:23:100::2/26821 
19:49:18.808151 OFF flow>9717 srcPort>33183 dst>fd10:23:100::2/26517 
19:49:18.822020 OFF flow>9741 srcPort>40255 dst>fd10:23:100::2/26541 
19:49:18.836783 OFF flow>9445 srcPort>42985 dst>fd10:23:100::2/26245 
19:49:18.871569 ON flow>10029 srcPort>33041 dst>fd10:23:100::2/26829 
19:49:18.893109 CONNECT flow>10021 srcPort>38713 dst>fd10:23:100::2/26821 
19:49:18.961343 CONNECT flow>10029 srcPort>33041 dst>fd10:23:100::2/26829 
19:49:19.003976 ON flow>10037 srcPort>42433 dst>fd10:23:100::2/26837 
19:49:19.075570 ON flow>10045 srcPort>45351 dst>fd10:23:100::2/26845 
19:49:19.098611 CONNECT flow>10037 srcPort>42433 dst>fd10:23:100::2/26837 
19:49:19.137205 SHUTDOWN flow>9781 srcPort>38805 dst>fd10:23:100::2/26581 
19:49:19.168445 ON flow>10053 srcPort>40055 dst>fd10:23:100::2/26853 
19:49:19.177798 SHUTDOWN flow>9773 srcPort>35309 dst>fd10:23:100::2/26573 
19:49:19.178886 CONNECT flow>10045 srcPort>45351 dst>fd10:23:100::2/26845 
19:49:19.218715 SHUTDOWN flow>9789 srcPort>39033 dst>fd10:23:100::2/26589 
19:49:19.247873 ON flow>10061 srcPort>33661 dst>fd10:23:100::2/26861 
19:49:19.275910 CONNECT flow>10053 srcPort>40055 dst>fd10:23:100::2/26853 
19:49:19.308840 ON flow>10069 srcPort>40461 dst>fd10:23:100::2/26869 
19:49:19.347698 SHUTDOWN flow>9797 srcPort>42299 dst>fd10:23:100::2/26597 
19:49:19.353267 CONNECT flow>10061 srcPort>33661 dst>fd10:23:100::2/26861 
19:49:19.417789 CONNECT flow>10069 srcPort>40461 dst>fd10:23:100::2/26869 
19:49:19.464960 OFF flow>9789 srcPort>39033 dst>fd10:23:100::2/26589 
19:49:19.472541 ON flow>10077 srcPort>45667 dst>fd10:23:100::2/26877 
19:49:19.534735 ON flow>10085 srcPort>39085 dst>fd10:23:100::2/26885 
19:49:19.546164 OFF flow>9725 srcPort>41837 dst>fd10:23:100::2/26525 
19:49:19.582080 CONNECT flow>10077 srcPort>45667 dst>fd10:23:100::2/26877 
19:49:19.589551 SHUTDOWN flow>9805 srcPort>42055 dst>fd10:23:100::2/26605 
19:49:19.646483 CONNECT flow>10085 srcPort>39085 dst>fd10:23:100::2/26885 
19:49:19.709807 OFF flow>9805 srcPort>42055 dst>fd10:23:100::2/26605 
19:49:19.723628 ON flow>10093 srcPort>38281 dst>fd10:23:100::2/26893 
19:49:19.833926 CONNECT flow>10093 srcPort>38281 dst>fd10:23:100::2/26893 
19:49:19.836762 ON flow>10101 srcPort>43115 dst>fd10:23:100::2/26901 
19:49:19.933311 SHUTDOWN flow>9813 srcPort>37629 dst>fd10:23:100::2/26613 
19:49:19.936236 ON flow>10109 srcPort>41285 dst>fd10:23:100::2/26909 
19:49:19.951625 CONNECT flow>10101 srcPort>43115 dst>fd10:23:100::2/26901 
19:49:20.041589 CONNECT flow>10109 srcPort>41285 dst>fd10:23:100::2/26909 
19:49:20.060009 ON flow>10117 srcPort>44725 dst>fd10:23:100::2/26917 
19:49:20.060030 SHUTDOWN flow>9821 srcPort>32839 dst>fd10:23:100::2/26621 
19:49:20.077185 OFF flow>9773 srcPort>35309 dst>fd10:23:100::2/26573 
19:49:20.158626 CONNECT flow>10117 srcPort>44725 dst>fd10:23:100::2/26917 
19:49:20.166708 SHUTDOWN flow>9829 srcPort>44373 dst>fd10:23:100::2/26629 
19:49:20.190597 OFF flow>9781 srcPort>38805 dst>fd10:23:100::2/26581 
19:49:20.211478 ON flow>10125 srcPort>44147 dst>fd10:23:100::2/26925 
19:49:20.231518 OFF flow>9821 srcPort>32839 dst>fd10:23:100::2/26621 
19:49:20.269325 SHUTDOWN flow>9837 srcPort>41871 dst>fd10:23:100::2/26637 
19:49:20.306580 CONNECT flow>10125 srcPort>44147 dst>fd10:23:100::2/26925 
19:49:20.338775 OFF flow>9829 srcPort>44373 dst>fd10:23:100::2/26629 
19:49:20.371841 ON flow>10133 srcPort>37449 dst>fd10:23:100::2/26933 
19:49:20.376906 SHUTDOWN flow>9845 srcPort>40321 dst>fd10:23:100::2/26645 
19:49:20.443421 SHUTDOWN flow>9853 srcPort>34957 dst>fd10:23:100::2/26653 
19:49:20.472638 CONNECT flow>10133 srcPort>37449 dst>fd10:23:100::2/26933 
19:49:20.513367 SHUTDOWN flow>9533 srcPort>33861 dst>fd10:23:100::2/26333 
19:49:20.523961 ON flow>10141 srcPort>39707 dst>fd10:23:100::2/26941 
19:49:20.543023 OFF flow>9853 srcPort>34957 dst>fd10:23:100::2/26653 
19:49:20.546829 SHUTDOWN flow>9861 srcPort>37091 dst>fd10:23:100::2/26661 
19:49:20.618912 ON flow>10149 srcPort>41875 dst>fd10:23:100::2/26949 
19:49:20.627041 CONNECT flow>10141 srcPort>39707 dst>fd10:23:100::2/26941 
19:49:20.650087 OFF flow>9861 srcPort>37091 dst>fd10:23:100::2/26661 
19:49:20.669366 OFF flow>9797 srcPort>42299 dst>fd10:23:100::2/26597 
19:49:20.699061 OFF flow>9845 srcPort>40321 dst>fd10:23:100::2/26645 
19:49:20.703852 SHUTDOWN flow>9869 srcPort>46219 dst>fd10:23:100::2/26669 
19:49:20.708363 OFF flow>9813 srcPort>37629 dst>fd10:23:100::2/26613 
19:49:20.720290 CONNECT flow>10149 srcPort>41875 dst>fd10:23:100::2/26949 
19:49:20.803369 OFF flow>9869 srcPort>46219 dst>fd10:23:100::2/26669 
19:49:20.808324 SHUTDOWN flow>9877 srcPort>43693 dst>fd10:23:100::2/26677 
19:49:20.824873 ON flow>10157 srcPort>39819 dst>fd10:23:100::2/26957 
19:49:20.925124 CONNECT flow>10157 srcPort>39819 dst>fd10:23:100::2/26957 
19:49:20.960162 SHUTDOWN flow>9885 srcPort>44149 dst>fd10:23:100::2/26685 
19:49:21.004648 ON flow>10165 srcPort>43441 dst>fd10:23:100::2/26965 
19:49:21.046139 SHUTDOWN flow>9893 srcPort>42919 dst>fd10:23:100::2/26693 
19:49:21.100925 CONNECT flow>10165 srcPort>43441 dst>fd10:23:100::2/26965 
19:49:21.125872 ON flow>10173 srcPort>44427 dst>fd10:23:100::2/26973 
19:49:21.147535 SHUTDOWN flow>9901 srcPort>35613 dst>fd10:23:100::2/26701 
19:49:21.185778 OFF flow>9837 srcPort>41871 dst>fd10:23:100::2/26637 
19:49:21.221695 CONNECT flow>10173 srcPort>44427 dst>fd10:23:100::2/26973 
19:49:21.248094 ON flow>10181 srcPort>34745 dst>fd10:23:100::2/26981 
19:49:21.264039 SHUTDOWN flow>9909 srcPort>34781 dst>fd10:23:100::2/26709 
19:49:21.294265 ON flow>10189 srcPort>43899 dst>fd10:23:100::2/26989 
19:49:21.320054 OFF flow>9885 srcPort>44149 dst>fd10:23:100::2/26685 
19:49:21.346232 CONNECT flow>10181 srcPort>34745 dst>fd10:23:100::2/26981 
19:49:21.369451 ON flow>10197 srcPort>32957 dst>fd10:23:100::2/26997 
19:49:21.388326 CONNECT flow>10189 srcPort>43899 dst>fd10:23:100::2/26989 
19:49:21.392034 SHUTDOWN flow>9925 srcPort>35049 dst>fd10:23:100::2/26725 
19:49:21.400100 OFF flow>9533 srcPort>33861 dst>fd10:23:100::2/26333 
19:49:21.450090 OFF flow>9877 srcPort>43693 dst>fd10:23:100::2/26677 
19:49:21.458853 SHUTDOWN flow>9917 srcPort>40715 dst>fd10:23:100::2/26717 
19:49:21.465160 CONNECT flow>10197 srcPort>32957 dst>fd10:23:100::2/26997 
19:49:21.477542 ON flow>10205 srcPort>46593 dst>fd10:23:100::2/27005 
19:49:21.574832 CONNECT flow>10205 srcPort>46593 dst>fd10:23:100::2/27005 
19:49:21.612451 ON flow>10213 srcPort>32963 dst>fd10:23:100::2/27013 
19:49:21.701928 OFF flow>9909 srcPort>34781 dst>fd10:23:100::2/26709 
19:49:21.707042 SHUTDOWN flow>9949 srcPort>46121 dst>fd10:23:100::2/26749 
19:49:21.708810 CONNECT flow>10213 srcPort>32963 dst>fd10:23:100::2/27013 
19:49:21.758024 SHUTDOWN flow>9957 srcPort>38183 dst>fd10:23:100::2/26757 
19:49:21.762338 OFF flow>9901 srcPort>35613 dst>fd10:23:100::2/26701 
19:49:21.808898 OFF flow>9893 srcPort>42919 dst>fd10:23:100::2/26693 
19:49:21.846117 ON flow>10221 srcPort>38393 dst>fd10:23:100::2/27021 
19:49:21.888445 SHUTDOWN flow>9965 srcPort>43559 dst>fd10:23:100::2/26765 
19:49:21.946187 CONNECT flow>10221 srcPort>38393 dst>fd10:23:100::2/27021 
19:49:21.946615 SHUTDOWN flow>9941 srcPort>37019 dst>fd10:23:100::2/26741 
19:49:21.999970 OFF flow>9949 srcPort>46121 dst>fd10:23:100::2/26749 
19:49:22.029510 ON flow>10229 srcPort>33267 dst>fd10:23:100::2/27029 
19:49:22.080194 OFF flow>9917 srcPort>40715 dst>fd10:23:100::2/26717 
19:49:22.120429 CONNECT flow>10229 srcPort>33267 dst>fd10:23:100::2/27029 
19:49:22.253176 SHUTDOWN flow>9981 srcPort>43539 dst>fd10:23:100::2/26781 
19:49:22.272526 ON flow>10237 srcPort>42401 dst>fd10:23:100::2/27037 
19:49:22.322895 ON flow>10245 srcPort>46565 dst>fd10:23:100::2/27045 
19:49:22.357899 SHUTDOWN flow>9933 srcPort>33613 dst>fd10:23:100::2/26733 
19:49:22.361451 CONNECT flow>10237 srcPort>42401 dst>fd10:23:100::2/27037 
19:49:22.395762 OFF flow>9957 srcPort>38183 dst>fd10:23:100::2/26757 
19:49:22.408900 CONNECT flow>10245 srcPort>46565 dst>fd10:23:100::2/27045 
19:49:22.456564 ON flow>10253 srcPort>33517 dst>fd10:23:100::2/27053 
19:49:22.483947 OFF flow>9925 srcPort>35049 dst>fd10:23:100::2/26725 
19:49:22.551513 CONNECT flow>10253 srcPort>33517 dst>fd10:23:100::2/27053 
19:49:22.603924 OFF flow>9981 srcPort>43539 dst>fd10:23:100::2/26781 
19:49:22.615304 SHUTDOWN flow>9973 srcPort>35363 dst>fd10:23:100::2/26773 
19:49:22.653514 ON flow>10261 srcPort>36613 dst>fd10:23:100::2/27061 
19:49:22.680827 OFF flow>9965 srcPort>43559 dst>fd10:23:100::2/26765 
19:49:22.746223 CONNECT flow>10261 srcPort>36613 dst>fd10:23:100::2/27061 
19:49:22.755442 ON flow>10269 srcPort>37071 dst>fd10:23:100::2/27069 
19:49:22.851199 OFF flow>9941 srcPort>37019 dst>fd10:23:100::2/26741 
19:49:22.856807 CONNECT flow>10269 srcPort>37071 dst>fd10:23:100::2/27069 
19:49:22.933654 ON flow>10277 srcPort>36289 dst>fd10:23:100::2/27077 
19:49:22.955431 SHUTDOWN flow>9989 srcPort>41089 dst>fd10:23:100::2/26789 
19:49:22.982560 ON flow>10285 srcPort>41667 dst>fd10:23:100::2/27085 
19:49:23.040324 CONNECT flow>10277 srcPort>36289 dst>fd10:23:100::2/27077 
19:49:23.063574 OFF flow>9989 srcPort>41089 dst>fd10:23:100::2/26789 
19:49:23.090445 CONNECT flow>10285 srcPort>41667 dst>fd10:23:100::2/27085 
19:49:23.107077 ON flow>10293 srcPort>33283 dst>fd10:23:100::2/27093 
19:49:23.197580 ON flow>10301 srcPort>38939 dst>fd10:23:100::2/27101 
19:49:23.208772 CONNECT flow>10293 srcPort>33283 dst>fd10:23:100::2/27093 
19:49:23.237752 SHUTDOWN flow>9997 srcPort>40897 dst>fd10:23:100::2/26797 
19:49:23.300401 CONNECT flow>10301 srcPort>38939 dst>fd10:23:100::2/27101 
19:49:23.301538 ON flow>10309 srcPort>41377 dst>fd10:23:100::2/27109 
19:49:23.341298 OFF flow>9997 srcPort>40897 dst>fd10:23:100::2/26797 
19:49:23.346345 SHUTDOWN flow>10005 srcPort>36953 dst>fd10:23:100::2/26805 
19:49:23.376285 ON flow>10317 srcPort>45123 dst>fd10:23:100::2/27117 
19:49:23.417266 CONNECT flow>10309 srcPort>41377 dst>fd10:23:100::2/27109 
19:49:23.477791 CONNECT flow>10317 srcPort>45123 dst>fd10:23:100::2/27117 
19:49:23.511418 ON flow>10325 srcPort>46543 dst>fd10:23:100::2/27125 
19:49:23.547983 OFF flow>9973 srcPort>35363 dst>fd10:23:100::2/26773 
19:49:23.614999 CONNECT flow>10325 srcPort>46543 dst>fd10:23:100::2/27125 
19:49:23.671143 SHUTDOWN flow>10029 srcPort>33041 dst>fd10:23:100::2/26829 
19:49:23.682144 ON flow>10333 srcPort>34799 dst>fd10:23:100::2/27133 
19:49:23.692438 SHUTDOWN flow>10013 srcPort>35295 dst>fd10:23:100::2/26813 
19:49:23.755395 SHUTDOWN flow>10021 srcPort>38713 dst>fd10:23:100::2/26821 
19:49:23.776937 CONNECT flow>10333 srcPort>34799 dst>fd10:23:100::2/27133 
19:49:23.800256 ON flow>10341 srcPort>34243 dst>fd10:23:100::2/27141 
19:49:23.803352 SHUTDOWN flow>10037 srcPort>42433 dst>fd10:23:100::2/26837 
19:49:23.820347 OFF flow>10005 srcPort>36953 dst>fd10:23:100::2/26805 
19:49:23.875363 SHUTDOWN flow>10045 srcPort>45351 dst>fd10:23:100::2/26845 
19:49:23.896879 CONNECT flow>10341 srcPort>34243 dst>fd10:23:100::2/27141 
19:49:23.925173 OFF flow>10037 srcPort>42433 dst>fd10:23:100::2/26837 
19:49:23.940713 ON flow>10349 srcPort>39147 dst>fd10:23:100::2/27149 
19:49:23.967964 SHUTDOWN flow>10053 srcPort>40055 dst>fd10:23:100::2/26853 
19:49:24.046553 CONNECT flow>10349 srcPort>39147 dst>fd10:23:100::2/27149 
19:49:24.112507 OFF flow>10029 srcPort>33041 dst>fd10:23:100::2/26829 
19:49:24.139251 SHUTDOWN flow>10061 srcPort>33661 dst>fd10:23:100::2/26861 
19:49:24.154680 ON flow>10357 srcPort>38295 dst>fd10:23:100::2/27157 
19:49:24.190698 OFF flow>10045 srcPort>45351 dst>fd10:23:100::2/26845 
19:49:24.265759 CONNECT flow>10357 srcPort>38295 dst>fd10:23:100::2/27157 
19:49:24.323965 ON flow>10365 srcPort>46787 dst>fd10:23:100::2/27165 
19:49:24.415661 ON flow>10373 srcPort>33353 dst>fd10:23:100::2/27173 
19:49:24.418516 OFF flow>10013 srcPort>35295 dst>fd10:23:100::2/26813 
19:49:24.434357 CONNECT flow>10365 srcPort>46787 dst>fd10:23:100::2/27165 
19:49:24.463093 SHUTDOWN flow>10077 srcPort>45667 dst>fd10:23:100::2/26877 
19:49:24.475166 ON flow>10381 srcPort>33367 dst>fd10:23:100::2/27181 
19:49:24.480811 SHUTDOWN flow>10069 srcPort>40461 dst>fd10:23:100::2/26869 
19:49:24.504145 OFF flow>10021 srcPort>38713 dst>fd10:23:100::2/26821 
19:49:24.523292 SHUTDOWN flow>10093 srcPort>38281 dst>fd10:23:100::2/26893 
19:49:24.524458 CONNECT flow>10373 srcPort>33353 dst>fd10:23:100::2/27173 
19:49:24.580661 ON flow>10389 srcPort>39749 dst>fd10:23:100::2/27189 
19:49:24.582917 CONNECT flow>10381 srcPort>33367 dst>fd10:23:100::2/27181 
19:49:24.598903 SHUTDOWN flow>10085 srcPort>39085 dst>fd10:23:100::2/26885 
19:49:24.636606 SHUTDOWN flow>10101 srcPort>43115 dst>fd10:23:100::2/26901 
19:49:24.654940 ON flow>10397 srcPort>45577 dst>fd10:23:100::2/27197 
19:49:24.684785 CONNECT flow>10389 srcPort>39749 dst>fd10:23:100::2/27189 
19:49:24.695812 ON flow>10405 srcPort>37247 dst>fd10:23:100::2/27205 
19:49:24.734686 OFF flow>10077 srcPort>45667 dst>fd10:23:100::2/26877 
19:49:24.735995 SHUTDOWN flow>10109 srcPort>41285 dst>fd10:23:100::2/26909 
19:49:24.747752 OFF flow>10101 srcPort>43115 dst>fd10:23:100::2/26901 
19:49:24.763711 CONNECT flow>10397 srcPort>45577 dst>fd10:23:100::2/27197 
19:49:24.780593 ON flow>10413 srcPort>35115 dst>fd10:23:100::2/27213 
19:49:24.803834 CONNECT flow>10405 srcPort>37247 dst>fd10:23:100::2/27205 
19:49:24.844489 OFF flow>10109 srcPort>41285 dst>fd10:23:100::2/26909 
19:49:24.884620 ON flow>10421 srcPort>35527 dst>fd10:23:100::2/27221 
19:49:24.888528 CONNECT flow>10413 srcPort>35115 dst>fd10:23:100::2/27213 
19:49:24.889052 SHUTDOWN flow>10117 srcPort>44725 dst>fd10:23:100::2/26917 
19:49:24.985938 OFF flow>10093 srcPort>38281 dst>fd10:23:100::2/26893 
19:49:24.991545 CONNECT flow>10421 srcPort>35527 dst>fd10:23:100::2/27221 
19:49:25.011092 SHUTDOWN flow>10125 srcPort>44147 dst>fd10:23:100::2/26925 
19:49:25.037221 ON flow>10429 srcPort>44699 dst>fd10:23:100::2/27229 
19:49:25.133467 CONNECT flow>10429 srcPort>44699 dst>fd10:23:100::2/27229 
19:49:25.152642 OFF flow>10125 srcPort>44147 dst>fd10:23:100::2/26925 
19:49:25.170926 SHUTDOWN flow>10133 srcPort>37449 dst>fd10:23:100::2/26933 
19:49:25.199691 OFF flow>10085 srcPort>39085 dst>fd10:23:100::2/26885 
19:49:25.225376 OFF flow>10061 srcPort>33661 dst>fd10:23:100::2/26861 
19:49:25.252292 OFF flow>9933 srcPort>33613 dst>fd10:23:100::2/26733 
19:49:25.254389 OFF flow>10069 srcPort>40461 dst>fd10:23:100::2/26869 
19:49:25.258811 ON flow>10437 srcPort>45037 dst>fd10:23:100::2/27237 
19:49:25.358537 CONNECT flow>10437 srcPort>45037 dst>fd10:23:100::2/27237 
19:49:25.386363 SHUTDOWN flow>10141 srcPort>39707 dst>fd10:23:100::2/26941 
19:49:25.418739 SHUTDOWN flow>10149 srcPort>41875 dst>fd10:23:100::2/26949 
19:49:25.456792 ON flow>10445 srcPort>38193 dst>fd10:23:100::2/27245 
19:49:25.549383 CONNECT flow>10445 srcPort>38193 dst>fd10:23:100::2/27245 
19:49:25.596645 ON flow>10453 srcPort>41969 dst>fd10:23:100::2/27253 
19:49:25.624545 SHUTDOWN flow>10157 srcPort>39819 dst>fd10:23:100::2/26957 
19:49:25.694478 CONNECT flow>10453 srcPort>41969 dst>fd10:23:100::2/27253 
19:49:25.721636 OFF flow>10157 srcPort>39819 dst>fd10:23:100::2/26957 
19:49:25.804329 SHUTDOWN flow>10165 srcPort>43441 dst>fd10:23:100::2/26965 
19:49:25.925580 SHUTDOWN flow>10173 srcPort>44427 dst>fd10:23:100::2/26973 
19:49:25.940215 ON flow>10461 srcPort>39559 dst>fd10:23:100::2/27261 
19:49:26.039965 CONNECT flow>10461 srcPort>39559 dst>fd10:23:100::2/27261 
19:49:26.047832 SHUTDOWN flow>10181 srcPort>34745 dst>fd10:23:100::2/26981 
19:49:26.075857 OFF flow>10053 srcPort>40055 dst>fd10:23:100::2/26853 
19:49:26.142906 OFF flow>10181 srcPort>34745 dst>fd10:23:100::2/26981 
19:49:26.148584 ON flow>10469 srcPort>32965 dst>fd10:23:100::2/27269 
19:49:26.169189 SHUTDOWN flow>10197 srcPort>32957 dst>fd10:23:100::2/26997 
19:49:26.246983 CONNECT flow>10469 srcPort>32965 dst>fd10:23:100::2/27269 
19:49:26.277463 SHUTDOWN flow>10205 srcPort>46593 dst>fd10:23:100::2/27005 
19:49:26.329060 ON flow>10477 srcPort>34163 dst>fd10:23:100::2/27277 
19:49:26.375903 OFF flow>10173 srcPort>44427 dst>fd10:23:100::2/26973 
19:49:26.388470 ON flow>10485 srcPort>40201 dst>fd10:23:100::2/27285 
19:49:26.393793 OFF flow>10117 srcPort>44725 dst>fd10:23:100::2/26917 
19:49:26.427077 CONNECT flow>10477 srcPort>34163 dst>fd10:23:100::2/27277 
19:49:26.463528 ON flow>10493 srcPort>33147 dst>fd10:23:100::2/27293 
19:49:26.474222 OFF flow>10165 srcPort>43441 dst>fd10:23:100::2/26965 
19:49:26.490020 CONNECT flow>10485 srcPort>40201 dst>fd10:23:100::2/27285 
19:49:26.496239 SHUTDOWN flow>10189 srcPort>43899 dst>fd10:23:100::2/26989 
19:49:26.553450 ON flow>10501 srcPort>43369 dst>fd10:23:100::2/27301 
19:49:26.563728 CONNECT flow>10493 srcPort>33147 dst>fd10:23:100::2/27293 
19:49:26.566292 OFF flow>10149 srcPort>41875 dst>fd10:23:100::2/26949 
19:49:26.611048 SHUTDOWN flow>10213 srcPort>32963 dst>fd10:23:100::2/27013 
19:49:26.615141 ON flow>10509 srcPort>43253 dst>fd10:23:100::2/27309 
19:49:26.657864 CONNECT flow>10501 srcPort>43369 dst>fd10:23:100::2/27301 
19:49:26.669739 OFF flow>10205 srcPort>46593 dst>fd10:23:100::2/27005 
19:49:26.720598 CONNECT flow>10509 srcPort>43253 dst>fd10:23:100::2/27309 
19:49:26.806957 ON flow>10517 srcPort>37655 dst>fd10:23:100::2/27317 
19:49:26.829212 SHUTDOWN flow>10229 srcPort>33267 dst>fd10:23:100::2/27029 
19:49:26.912024 CONNECT flow>10517 srcPort>37655 dst>fd10:23:100::2/27317 
19:49:26.934686 OFF flow>10229 srcPort>33267 dst>fd10:23:100::2/27029 
19:49:26.979947 ON flow>10525 srcPort>39117 dst>fd10:23:100::2/27325 
19:49:27.072132 SHUTDOWN flow>10237 srcPort>42401 dst>fd10:23:100::2/27037 
19:49:27.085775 CONNECT flow>10525 srcPort>39117 dst>fd10:23:100::2/27325 
19:49:27.090946 ON flow>10533 srcPort>37193 dst>fd10:23:100::2/27333 
19:49:27.100093 SHUTDOWN flow>10221 srcPort>38393 dst>fd10:23:100::2/27021 
19:49:27.122528 SHUTDOWN flow>10245 srcPort>46565 dst>fd10:23:100::2/27045 
19:49:27.191962 CONNECT flow>10533 srcPort>37193 dst>fd10:23:100::2/27333 
19:49:27.268782 OFF flow>10237 srcPort>42401 dst>fd10:23:100::2/27037 
19:49:27.271757 OFF flow>10197 srcPort>32957 dst>fd10:23:100::2/26997 
19:49:27.287881 OFF flow>10141 srcPort>39707 dst>fd10:23:100::2/26941 
19:49:27.456405 SHUTDOWN flow>10253 srcPort>33517 dst>fd10:23:100::2/27053 
19:49:27.461002 ON flow>10541 srcPort>37265 dst>fd10:23:100::2/27341 
19:49:27.556909 CONNECT flow>10541 srcPort>37265 dst>fd10:23:100::2/27341 
19:49:27.593229 OFF flow>10133 srcPort>37449 dst>fd10:23:100::2/26933 
19:49:27.619167 SHUTDOWN flow>10261 srcPort>36613 dst>fd10:23:100::2/27061 
19:49:27.697609 ON flow>10549 srcPort>43391 dst>fd10:23:100::2/27349 
19:49:27.733172 SHUTDOWN flow>10277 srcPort>36289 dst>fd10:23:100::2/27077 
19:49:27.791917 OFF flow>10189 srcPort>43899 dst>fd10:23:100::2/26989 
19:49:27.793966 CONNECT flow>10549 srcPort>43391 dst>fd10:23:100::2/27349 
19:49:27.802026 SHUTDOWN flow>10285 srcPort>41667 dst>fd10:23:100::2/27085 
19:49:27.837897 OFF flow>10213 srcPort>32963 dst>fd10:23:100::2/27013 
19:49:27.863648 OFF flow>10277 srcPort>36289 dst>fd10:23:100::2/27077 
19:49:27.872508 ON flow>10557 srcPort>35319 dst>fd10:23:100::2/27357 
19:49:27.960875 CONNECT flow>10557 srcPort>35319 dst>fd10:23:100::2/27357 
19:49:27.997235 SHUTDOWN flow>10301 srcPort>38939 dst>fd10:23:100::2/27101 
19:49:28.061248 SHUTDOWN flow>10293 srcPort>33283 dst>fd10:23:100::2/27093 
19:49:28.075717 OFF flow>10285 srcPort>41667 dst>fd10:23:100::2/27085 
19:49:28.149575 ON flow>10565 srcPort>45003 dst>fd10:23:100::2/27365 
19:49:28.175767 SHUTDOWN flow>10317 srcPort>45123 dst>fd10:23:100::2/27117 
19:49:28.178078 OFF flow>10261 srcPort>36613 dst>fd10:23:100::2/27061 
19:49:28.182212 OFF flow>10301 srcPort>38939 dst>fd10:23:100::2/27101 
19:49:28.217211 OFF flow>10253 srcPort>33517 dst>fd10:23:100::2/27053 
19:49:28.245048 CONNECT flow>10565 srcPort>45003 dst>fd10:23:100::2/27365 
19:49:28.302236 SHUTDOWN flow>10309 srcPort>41377 dst>fd10:23:100::2/27109 
19:49:28.311038 SHUTDOWN flow>10325 srcPort>46543 dst>fd10:23:100::2/27125 
19:49:28.394268 ON flow>10573 srcPort>44523 dst>fd10:23:100::2/27373 
19:49:28.409627 OFF flow>10325 srcPort>46543 dst>fd10:23:100::2/27125 
19:49:28.415403 SHUTDOWN flow>10269 srcPort>37071 dst>fd10:23:100::2/27069 
19:49:28.492070 CONNECT flow>10573 srcPort>44523 dst>fd10:23:100::2/27373 
19:49:28.509286 ON flow>10581 srcPort>37471 dst>fd10:23:100::2/27381 
19:49:28.595263 SHUTDOWN flow>10333 srcPort>34799 dst>fd10:23:100::2/27133 
19:49:28.606870 CONNECT flow>10581 srcPort>37471 dst>fd10:23:100::2/27381 
19:49:28.611585 OFF flow>10317 srcPort>45123 dst>fd10:23:100::2/27117 
19:49:28.613013 SHUTDOWN flow>10341 srcPort>34243 dst>fd10:23:100::2/27141 
19:49:28.616200 OFF flow>10221 srcPort>38393 dst>fd10:23:100::2/27021 
19:49:28.632154 ON flow>10589 srcPort>39675 dst>fd10:23:100::2/27389 
19:49:28.724941 CONNECT flow>10589 srcPort>39675 dst>fd10:23:100::2/27389 
19:49:28.740439 SHUTDOWN flow>10349 srcPort>39147 dst>fd10:23:100::2/27149 
19:49:28.761186 ON flow>10597 srcPort>33633 dst>fd10:23:100::2/27397 
19:49:28.847978 CONNECT flow>10597 srcPort>33633 dst>fd10:23:100::2/27397 
19:49:28.890630 OFF flow>10349 srcPort>39147 dst>fd10:23:100::2/27149 
19:49:28.920467 ON flow>10605 srcPort>34197 dst>fd10:23:100::2/27405 
19:49:28.923975 OFF flow>10341 srcPort>34243 dst>fd10:23:100::2/27141 
19:49:28.987161 OFF flow>10293 srcPort>33283 dst>fd10:23:100::2/27093 
19:49:29.004130 CONNECT flow>10605 srcPort>34197 dst>fd10:23:100::2/27405 
19:49:29.054121 ON flow>10613 srcPort>39857 dst>fd10:23:100::2/27413 
19:49:29.088938 OFF flow>10309 srcPort>41377 dst>fd10:23:100::2/27109 
19:49:29.123312 SHUTDOWN flow>10365 srcPort>46787 dst>fd10:23:100::2/27165 
19:49:29.130262 SHUTDOWN flow>10357 srcPort>38295 dst>fd10:23:100::2/27157 
19:49:29.139289 CONNECT flow>10613 srcPort>39857 dst>fd10:23:100::2/27413 
19:49:29.177376 ON flow>10621 srcPort>37039 dst>fd10:23:100::2/27421 
19:49:29.206178 OFF flow>10333 srcPort>34799 dst>fd10:23:100::2/27133 
19:49:29.215091 SHUTDOWN flow>10373 srcPort>33353 dst>fd10:23:100::2/27173 
19:49:29.260888 ON flow>10629 srcPort>36897 dst>fd10:23:100::2/27429 
19:49:29.262778 CONNECT flow>10621 srcPort>37039 dst>fd10:23:100::2/27421 
19:49:29.302796 OFF flow>10245 srcPort>46565 dst>fd10:23:100::2/27045 
19:49:29.348327 ON flow>10637 srcPort>38339 dst>fd10:23:100::2/27437 
19:49:29.348369 CONNECT flow>10629 srcPort>36897 dst>fd10:23:100::2/27429 
19:49:29.380386 SHUTDOWN flow>10389 srcPort>39749 dst>fd10:23:100::2/27189 
19:49:29.423152 SHUTDOWN flow>10381 srcPort>33367 dst>fd10:23:100::2/27181 
19:49:29.435527 CONNECT flow>10637 srcPort>38339 dst>fd10:23:100::2/27437 
19:49:29.454588 SHUTDOWN flow>10397 srcPort>45577 dst>fd10:23:100::2/27197 
19:49:29.469751 OFF flow>10389 srcPort>39749 dst>fd10:23:100::2/27189 
19:49:29.495720 SHUTDOWN flow>10405 srcPort>37247 dst>fd10:23:100::2/27205 
19:49:29.501730 OFF flow>10365 srcPort>46787 dst>fd10:23:100::2/27165 
19:49:29.539227 OFF flow>10397 srcPort>45577 dst>fd10:23:100::2/27197 
19:49:29.580189 SHUTDOWN flow>10413 srcPort>35115 dst>fd10:23:100::2/27213 
19:49:29.599815 ON flow>10645 srcPort>33869 dst>fd10:23:100::2/27445 
19:49:29.655475 ON flow>10653 srcPort>37075 dst>fd10:23:100::2/27453 
19:49:29.676156 OFF flow>10381 srcPort>33367 dst>fd10:23:100::2/27181 
19:49:29.683521 CONNECT flow>10645 srcPort>33869 dst>fd10:23:100::2/27445 
19:49:29.684189 SHUTDOWN flow>10421 srcPort>35527 dst>fd10:23:100::2/27221 
19:49:29.686896 OFF flow>10413 srcPort>35115 dst>fd10:23:100::2/27213 
19:49:29.690742 ON flow>10661 srcPort>37201 dst>fd10:23:100::2/27461 
19:49:29.692871 OFF flow>10269 srcPort>37071 dst>fd10:23:100::2/27069 
19:49:29.736278 CONNECT flow>10653 srcPort>37075 dst>fd10:23:100::2/27453 
19:49:29.741770 OFF flow>10357 srcPort>38295 dst>fd10:23:100::2/27157 
19:49:29.768762 OFF flow>10421 srcPort>35527 dst>fd10:23:100::2/27221 
19:49:29.775457 CONNECT flow>10661 srcPort>37201 dst>fd10:23:100::2/27461 
19:49:29.824024 ON flow>10669 srcPort>33881 dst>fd10:23:100::2/27469 
19:49:29.827381 OFF flow>10373 srcPort>33353 dst>fd10:23:100::2/27173 
19:49:29.836792 SHUTDOWN flow>10429 srcPort>44699 dst>fd10:23:100::2/27229 
19:49:29.887733 ON flow>10677 srcPort>36225 dst>fd10:23:100::2/27477 
19:49:29.901317 CONNECT flow>10669 srcPort>33881 dst>fd10:23:100::2/27469 
19:49:29.915834 OFF flow>10429 srcPort>44699 dst>fd10:23:100::2/27229 
19:49:29.953224 OFF flow>10405 srcPort>37247 dst>fd10:23:100::2/27205 
19:49:29.963807 CONNECT flow>10677 srcPort>36225 dst>fd10:23:100::2/27477 
19:49:30.058354 SHUTDOWN flow>10437 srcPort>45037 dst>fd10:23:100::2/27237 
19:49:30.125016 OFF flow>10437 srcPort>45037 dst>fd10:23:100::2/27237 
19:49:30.256443 SHUTDOWN flow>10445 srcPort>38193 dst>fd10:23:100::2/27245 
19:49:30.330053 OFF flow>10445 srcPort>38193 dst>fd10:23:100::2/27245 
19:49:30.396380 SHUTDOWN flow>10453 srcPort>41969 dst>fd10:23:100::2/27253 
19:49:30.458547 OFF flow>10453 srcPort>41969 dst>fd10:23:100::2/27253 
19:49:30.739151 SHUTDOWN flow>10461 srcPort>39559 dst>fd10:23:100::2/27261 
19:49:30.759340 OFF flow>10461 srcPort>39559 dst>fd10:23:100::2/27261 
19:49:30.947732 SHUTDOWN flow>10469 srcPort>32965 dst>fd10:23:100::2/27269 
19:49:30.948421 OFF flow>10469 srcPort>32965 dst>fd10:23:100::2/27269 
19:49:31.128541 SHUTDOWN flow>10477 srcPort>34163 dst>fd10:23:100::2/27277 
19:49:31.129327 OFF flow>10477 srcPort>34163 dst>fd10:23:100::2/27277 
19:49:31.188037 SHUTDOWN flow>10485 srcPort>40201 dst>fd10:23:100::2/27285 
19:49:31.188380 OFF flow>10485 srcPort>40201 dst>fd10:23:100::2/27285 
19:49:31.263241 SHUTDOWN flow>10493 srcPort>33147 dst>fd10:23:100::2/27293 
19:49:31.263680 OFF flow>10493 srcPort>33147 dst>fd10:23:100::2/27293 
19:49:31.353137 SHUTDOWN flow>10501 srcPort>43369 dst>fd10:23:100::2/27301 
19:49:31.353572 OFF flow>10501 srcPort>43369 dst>fd10:23:100::2/27301 
19:49:31.414847 SHUTDOWN flow>10509 srcPort>43253 dst>fd10:23:100::2/27309 
19:49:31.415747 OFF flow>10509 srcPort>43253 dst>fd10:23:100::2/27309 
19:49:31.606741 SHUTDOWN flow>10517 srcPort>37655 dst>fd10:23:100::2/27317 
19:49:31.607288 OFF flow>10517 srcPort>37655 dst>fd10:23:100::2/27317 
19:49:31.779654 SHUTDOWN flow>10525 srcPort>39117 dst>fd10:23:100::2/27325 
19:49:31.780123 OFF flow>10525 srcPort>39117 dst>fd10:23:100::2/27325 
19:49:31.890551 SHUTDOWN flow>10533 srcPort>37193 dst>fd10:23:100::2/27333 
19:49:31.891090 OFF flow>10533 srcPort>37193 dst>fd10:23:100::2/27333 
19:49:32.260568 SHUTDOWN flow>10541 srcPort>37265 dst>fd10:23:100::2/27341 
19:49:32.261107 OFF flow>10541 srcPort>37265 dst>fd10:23:100::2/27341 
19:49:32.497268 SHUTDOWN flow>10549 srcPort>43391 dst>fd10:23:100::2/27349 
19:49:32.497634 OFF flow>10549 srcPort>43391 dst>fd10:23:100::2/27349 
19:49:32.672174 SHUTDOWN flow>10557 srcPort>35319 dst>fd10:23:100::2/27357 
19:49:32.673029 OFF flow>10557 srcPort>35319 dst>fd10:23:100::2/27357 
19:49:32.948965 SHUTDOWN flow>10565 srcPort>45003 dst>fd10:23:100::2/27365 
19:49:32.949417 OFF flow>10565 srcPort>45003 dst>fd10:23:100::2/27365 
19:49:33.193750 SHUTDOWN flow>10573 srcPort>44523 dst>fd10:23:100::2/27373 
19:49:33.194473 OFF flow>10573 srcPort>44523 dst>fd10:23:100::2/27373 
19:49:33.308947 SHUTDOWN flow>10581 srcPort>37471 dst>fd10:23:100::2/27381 
19:49:33.309301 OFF flow>10581 srcPort>37471 dst>fd10:23:100::2/27381 
19:49:33.431847 SHUTDOWN flow>10589 srcPort>39675 dst>fd10:23:100::2/27389 
19:49:33.432154 OFF flow>10589 srcPort>39675 dst>fd10:23:100::2/27389 
19:49:33.560749 SHUTDOWN flow>10597 srcPort>33633 dst>fd10:23:100::2/27397 
19:49:33.561158 OFF flow>10597 srcPort>33633 dst>fd10:23:100::2/27397 
19:49:33.720061 SHUTDOWN flow>10605 srcPort>34197 dst>fd10:23:100::2/27405 
19:49:33.720653 OFF flow>10605 srcPort>34197 dst>fd10:23:100::2/27405 
19:49:33.853558 SHUTDOWN flow>10613 srcPort>39857 dst>fd10:23:100::2/27413 
19:49:33.853942 OFF flow>10613 srcPort>39857 dst>fd10:23:100::2/27413 
19:49:33.976935 SHUTDOWN flow>10621 srcPort>37039 dst>fd10:23:100::2/27421 
19:49:33.977333 OFF flow>10621 srcPort>37039 dst>fd10:23:100::2/27421 
19:49:34.060544 SHUTDOWN flow>10629 srcPort>36897 dst>fd10:23:100::2/27429 
19:49:34.060943 OFF flow>10629 srcPort>36897 dst>fd10:23:100::2/27429 
19:49:34.147437 SHUTDOWN flow>10637 srcPort>38339 dst>fd10:23:100::2/27437 
19:49:34.147863 OFF flow>10637 srcPort>38339 dst>fd10:23:100::2/27437 
19:49:34.399355 SHUTDOWN flow>10645 srcPort>33869 dst>fd10:23:100::2/27445 
19:49:34.399829 OFF flow>10645 srcPort>33869 dst>fd10:23:100::2/27445 
19:49:34.455359 SHUTDOWN flow>10653 srcPort>37075 dst>fd10:23:100::2/27453 
19:49:34.455782 OFF flow>10653 srcPort>37075 dst>fd10:23:100::2/27453 
19:49:34.490557 SHUTDOWN flow>10661 srcPort>37201 dst>fd10:23:100::2/27461 
19:49:34.490985 OFF flow>10661 srcPort>37201 dst>fd10:23:100::2/27461 
19:49:34.623667 SHUTDOWN flow>10669 srcPort>33881 dst>fd10:23:100::2/27469 
19:49:34.624077 OFF flow>10669 srcPort>33881 dst>fd10:23:100::2/27469 
19:49:34.687264 SHUTDOWN flow>10677 srcPort>36225 dst>fd10:23:100::2/27477 
19:49:34.687862 OFF flow>10677 srcPort>36225 dst>fd10:23:100::2/27477 
19:49:34.687910 STOP
