05:58:31.084664 START Mgen Version 5.1.1
05:58:36.179177 ON flow>3204 srcPort>42699 dst>fd10:62:100::2/21004 
05:58:36.179502 CONNECT flow>3204 srcPort>42699 dst>fd10:62:100::2/21004 
05:58:36.420875 ON flow>3212 srcPort>43959 dst>fd10:62:100::2/21012 
05:58:36.421294 CONNECT flow>3212 srcPort>43959 dst>fd10:62:100::2/21012 
05:58:36.473698 ON flow>3220 srcPort>38225 dst>fd10:62:100::2/21020 
05:58:36.474161 CONNECT flow>3220 srcPort>38225 dst>fd10:62:100::2/21020 
05:58:36.626678 ON flow>3228 srcPort>45145 dst>fd10:62:100::2/21028 
05:58:36.627216 CONNECT flow>3228 srcPort>45145 dst>fd10:62:100::2/21028 
05:58:36.874080 ON flow>3236 srcPort>40855 dst>fd10:62:100::2/21036 
05:58:36.876303 CONNECT flow>3236 srcPort>40855 dst>fd10:62:100::2/21036 
05:58:36.984541 ON flow>3244 srcPort>35119 dst>fd10:62:100::2/21044 
05:58:36.986862 CONNECT flow>3244 srcPort>35119 dst>fd10:62:100::2/21044 
05:58:37.127309 ON flow>3252 srcPort>36319 dst>fd10:62:100::2/21052 
05:58:37.142569 CONNECT flow>3252 srcPort>36319 dst>fd10:62:100::2/21052 
05:58:37.206001 ON flow>3260 srcPort>42127 dst>fd10:62:100::2/21060 
05:58:37.227265 CONNECT flow>3260 srcPort>42127 dst>fd10:62:100::2/21060 
05:58:37.370510 ON flow>3268 srcPort>40347 dst>fd10:62:100::2/21068 
05:58:37.391873 CONNECT flow>3268 srcPort>40347 dst>fd10:62:100::2/21068 
05:58:37.576311 ON flow>3276 srcPort>34645 dst>fd10:62:100::2/21076 
05:58:37.583336 CONNECT flow>3276 srcPort>34645 dst>fd10:62:100::2/21076 
05:58:37.816745 ON flow>3284 srcPort>34251 dst>fd10:62:100::2/21084 
05:58:37.859547 CONNECT flow>3284 srcPort>34251 dst>fd10:62:100::2/21084 
05:58:38.223800 ON flow>3292 srcPort>46595 dst>fd10:62:100::2/21092 
05:58:38.322624 CONNECT flow>3292 srcPort>46595 dst>fd10:62:100::2/21092 
05:58:38.368925 ON flow>3300 srcPort>43869 dst>fd10:62:100::2/21100 
05:58:38.464056 CONNECT flow>3300 srcPort>43869 dst>fd10:62:100::2/21100 
05:58:38.531655 ON flow>3308 srcPort>44639 dst>fd10:62:100::2/21108 
05:58:38.608848 CONNECT flow>3308 srcPort>44639 dst>fd10:62:100::2/21108 
05:58:38.667063 ON flow>3316 srcPort>39483 dst>fd10:62:100::2/21116 
05:58:38.730879 CONNECT flow>3316 srcPort>39483 dst>fd10:62:100::2/21116 
05:58:38.771548 ON flow>3324 srcPort>32917 dst>fd10:62:100::2/21124 
05:58:38.818868 CONNECT flow>3324 srcPort>32917 dst>fd10:62:100::2/21124 
05:58:39.058680 ON flow>3332 srcPort>44767 dst>fd10:62:100::2/21132 
05:58:39.069682 CONNECT flow>3332 srcPort>44767 dst>fd10:62:100::2/21132 
05:58:39.138376 ON flow>3340 srcPort>42207 dst>fd10:62:100::2/21140 
05:58:39.155600 CONNECT flow>3340 srcPort>42207 dst>fd10:62:100::2/21140 
05:58:39.243724 ON flow>3348 srcPort>45437 dst>fd10:62:100::2/21148 
05:58:39.259819 CONNECT flow>3348 srcPort>45437 dst>fd10:62:100::2/21148 
05:58:39.362172 ON flow>3356 srcPort>36163 dst>fd10:62:100::2/21156 
05:58:39.384101 CONNECT flow>3356 srcPort>36163 dst>fd10:62:100::2/21156 
05:58:39.464444 ON flow>3364 srcPort>37595 dst>fd10:62:100::2/21164 
05:58:39.476970 CONNECT flow>3364 srcPort>37595 dst>fd10:62:100::2/21164 
05:58:39.590796 ON flow>3372 srcPort>43847 dst>fd10:62:100::2/21172 
05:58:39.604707 CONNECT flow>3372 srcPort>43847 dst>fd10:62:100::2/21172 
05:58:39.697480 ON flow>3380 srcPort>40889 dst>fd10:62:100::2/21180 
05:58:39.711442 CONNECT flow>3380 srcPort>40889 dst>fd10:62:100::2/21180 
05:58:39.903248 ON flow>3388 srcPort>34721 dst>fd10:62:100::2/21188 
05:58:39.921708 CONNECT flow>3388 srcPort>34721 dst>fd10:62:100::2/21188 
05:58:40.043436 ON flow>3396 srcPort>43253 dst>fd10:62:100::2/21196 
05:58:40.064506 CONNECT flow>3396 srcPort>43253 dst>fd10:62:100::2/21196 
05:58:40.163321 ON flow>3404 srcPort>40277 dst>fd10:62:100::2/21204 
05:58:40.182464 CONNECT flow>3404 srcPort>40277 dst>fd10:62:100::2/21204 
05:58:40.374635 ON flow>3412 srcPort>41479 dst>fd10:62:100::2/21212 
05:58:40.396382 CONNECT flow>3412 srcPort>41479 dst>fd10:62:100::2/21212 
05:58:40.503438 ON flow>3420 srcPort>46407 dst>fd10:62:100::2/21220 
05:58:40.527395 CONNECT flow>3420 srcPort>46407 dst>fd10:62:100::2/21220 
05:58:40.562292 ON flow>3428 srcPort>36645 dst>fd10:62:100::2/21228 
05:58:40.582293 CONNECT flow>3428 srcPort>36645 dst>fd10:62:100::2/21228 
05:58:40.638514 ON flow>3436 srcPort>45715 dst>fd10:62:100::2/21236 
05:58:40.653124 CONNECT flow>3436 srcPort>45715 dst>fd10:62:100::2/21236 
05:58:40.742599 ON flow>3444 srcPort>43851 dst>fd10:62:100::2/21244 
05:58:40.757311 CONNECT flow>3444 srcPort>43851 dst>fd10:62:100::2/21244 
05:58:40.774295 ON flow>3452 srcPort>44079 dst>fd10:62:100::2/21252 
05:58:40.783512 CONNECT flow>3452 srcPort>44079 dst>fd10:62:100::2/21252 
05:58:40.870090 ON flow>3460 srcPort>35405 dst>fd10:62:100::2/21260 
05:58:40.881290 CONNECT flow>3460 srcPort>35405 dst>fd10:62:100::2/21260 
05:58:40.909761 ON flow>3468 srcPort>38297 dst>fd10:62:100::2/21268 
05:58:40.920695 CONNECT flow>3468 srcPort>38297 dst>fd10:62:100::2/21268 
05:58:41.017643 ON flow>3476 srcPort>35387 dst>fd10:62:100::2/21276 
05:58:41.038998 CONNECT flow>3476 srcPort>35387 dst>fd10:62:100::2/21276 
05:58:41.107934 ON flow>3484 srcPort>37407 dst>fd10:62:100::2/21284 
05:58:41.129043 CONNECT flow>3484 srcPort>37407 dst>fd10:62:100::2/21284 
05:58:41.200428 ON flow>3492 srcPort>35985 dst>fd10:62:100::2/21292 
05:58:41.220933 SHUTDOWN flow>3212 srcPort>43959 dst>fd10:62:100::2/21012 
05:58:41.221980 CONNECT flow>3492 srcPort>35985 dst>fd10:62:100::2/21292 
05:58:41.273699 SHUTDOWN flow>3220 srcPort>38225 dst>fd10:62:100::2/21020 
05:58:41.338835 SHUTDOWN flow>3204 srcPort>42699 dst>fd10:62:100::2/21004 
05:58:41.362145 ON flow>3500 srcPort>44005 dst>fd10:62:100::2/21300 
05:58:41.384378 CONNECT flow>3500 srcPort>44005 dst>fd10:62:100::2/21300 
05:58:41.426649 SHUTDOWN flow>3228 srcPort>45145 dst>fd10:62:100::2/21028 
05:58:41.623892 ON flow>3508 srcPort>39311 dst>fd10:62:100::2/21308 
05:58:41.625532 OFF flow>3228 srcPort>45145 dst>fd10:62:100::2/21028 
05:58:41.639742 CONNECT flow>3508 srcPort>39311 dst>fd10:62:100::2/21308 
05:58:41.738793 OFF flow>3212 srcPort>43959 dst>fd10:62:100::2/21012 
05:58:41.784468 SHUTDOWN flow>3244 srcPort>35119 dst>fd10:62:100::2/21044 
05:58:41.801001 OFF flow>3204 srcPort>42699 dst>fd10:62:100::2/21004 
05:58:41.830195 ON flow>3516 srcPort>35389 dst>fd10:62:100::2/21316 
05:58:41.838606 SHUTDOWN flow>3236 srcPort>40855 dst>fd10:62:100::2/21036 
05:58:41.849423 CONNECT flow>3516 srcPort>35389 dst>fd10:62:100::2/21316 
05:58:41.903615 OFF flow>3220 srcPort>38225 dst>fd10:62:100::2/21020 
05:58:41.927237 SHUTDOWN flow>3252 srcPort>36319 dst>fd10:62:100::2/21052 
05:58:41.977514 ON flow>3524 srcPort>37333 dst>fd10:62:100::2/21324 
05:58:41.990650 CONNECT flow>3524 srcPort>37333 dst>fd10:62:100::2/21324 
05:58:42.005955 SHUTDOWN flow>3260 srcPort>42127 dst>fd10:62:100::2/21060 
05:58:42.063673 OFF flow>3244 srcPort>35119 dst>fd10:62:100::2/21044 
05:58:42.116237 ON flow>3532 srcPort>46675 dst>fd10:62:100::2/21332 
05:58:42.140308 CONNECT flow>3532 srcPort>46675 dst>fd10:62:100::2/21332 
05:58:42.170462 SHUTDOWN flow>3268 srcPort>40347 dst>fd10:62:100::2/21068 
05:58:42.214339 OFF flow>3236 srcPort>40855 dst>fd10:62:100::2/21036 
05:58:42.245876 ON flow>3540 srcPort>33433 dst>fd10:62:100::2/21340 
05:58:42.264079 CONNECT flow>3540 srcPort>33433 dst>fd10:62:100::2/21340 
05:58:42.360559 OFF flow>3260 srcPort>42127 dst>fd10:62:100::2/21060 
05:58:42.376274 SHUTDOWN flow>3276 srcPort>34645 dst>fd10:62:100::2/21076 
05:58:42.422491 ON flow>3548 srcPort>34421 dst>fd10:62:100::2/21348 
05:58:42.444459 CONNECT flow>3548 srcPort>34421 dst>fd10:62:100::2/21348 
05:58:42.504618 OFF flow>3252 srcPort>36319 dst>fd10:62:100::2/21052 
05:58:42.518667 ON flow>3556 srcPort>33313 dst>fd10:62:100::2/21356 
05:58:42.539120 CONNECT flow>3556 srcPort>33313 dst>fd10:62:100::2/21356 
05:58:42.616632 SHUTDOWN flow>3284 srcPort>34251 dst>fd10:62:100::2/21084 
05:58:42.694205 ON flow>3564 srcPort>32947 dst>fd10:62:100::2/21364 
05:58:42.708891 CONNECT flow>3564 srcPort>32947 dst>fd10:62:100::2/21364 
05:58:42.760801 OFF flow>3284 srcPort>34251 dst>fd10:62:100::2/21084 
05:58:42.918196 ON flow>3572 srcPort>39163 dst>fd10:62:100::2/21372 
05:58:42.924634 OFF flow>3268 srcPort>40347 dst>fd10:62:100::2/21068 
05:58:42.943444 CONNECT flow>3572 srcPort>39163 dst>fd10:62:100::2/21372 
05:58:42.999249 OFF flow>3276 srcPort>34645 dst>fd10:62:100::2/21076 
05:58:43.106823 ON flow>3580 srcPort>35121 dst>fd10:62:100::2/21380 
05:58:43.136034 CONNECT flow>3580 srcPort>35121 dst>fd10:62:100::2/21380 
05:58:43.159350 SHUTDOWN flow>3292 srcPort>46595 dst>fd10:62:100::2/21092 
05:58:43.168859 SHUTDOWN flow>3300 srcPort>43869 dst>fd10:62:100::2/21100 
05:58:43.222207 OFF flow>3300 srcPort>43869 dst>fd10:62:100::2/21100 
05:58:43.331627 OFF flow>3292 srcPort>46595 dst>fd10:62:100::2/21092 
05:58:43.331793 SHUTDOWN flow>3308 srcPort>44639 dst>fd10:62:100::2/21108 
05:58:43.407459 ON flow>3588 srcPort>37205 dst>fd10:62:100::2/21388 
05:58:43.423677 CONNECT flow>3588 srcPort>37205 dst>fd10:62:100::2/21388 
05:58:43.466858 SHUTDOWN flow>3316 srcPort>39483 dst>fd10:62:100::2/21116 
05:58:43.478456 OFF flow>3308 srcPort>44639 dst>fd10:62:100::2/21108 
05:58:43.488098 OFF flow>3316 srcPort>39483 dst>fd10:62:100::2/21116 
05:58:43.612881 SHUTDOWN flow>3324 srcPort>32917 dst>fd10:62:100::2/21124 
05:58:43.666914 ON flow>3596 srcPort>32919 dst>fd10:62:100::2/21396 
05:58:43.683761 CONNECT flow>3596 srcPort>32919 dst>fd10:62:100::2/21396 
05:58:43.713972 OFF flow>3324 srcPort>32917 dst>fd10:62:100::2/21124 
05:58:43.897301 SHUTDOWN flow>3332 srcPort>44767 dst>fd10:62:100::2/21132 
05:58:44.029600 OFF flow>3332 srcPort>44767 dst>fd10:62:100::2/21132 
05:58:44.043579 ON flow>3604 srcPort>40985 dst>fd10:62:100::2/21404 
05:58:44.063066 CONNECT flow>3604 srcPort>40985 dst>fd10:62:100::2/21404 
05:58:44.139538 SHUTDOWN flow>3340 srcPort>42207 dst>fd10:62:100::2/21140 
05:58:44.161961 SHUTDOWN flow>3356 srcPort>36163 dst>fd10:62:100::2/21156 
05:58:44.190824 ON flow>3612 srcPort>39177 dst>fd10:62:100::2/21412 
05:58:44.214958 CONNECT flow>3612 srcPort>39177 dst>fd10:62:100::2/21412 
05:58:44.218885 SHUTDOWN flow>3348 srcPort>45437 dst>fd10:62:100::2/21148 
05:58:44.307138 ON flow>3620 srcPort>45473 dst>fd10:62:100::2/21420 
05:58:44.331798 CONNECT flow>3620 srcPort>45473 dst>fd10:62:100::2/21420 
05:58:44.334679 OFF flow>3356 srcPort>36163 dst>fd10:62:100::2/21156 
05:58:44.373012 SHUTDOWN flow>3364 srcPort>37595 dst>fd10:62:100::2/21164 
05:58:44.382275 OFF flow>3348 srcPort>45437 dst>fd10:62:100::2/21148 
05:58:44.390610 SHUTDOWN flow>3372 srcPort>43847 dst>fd10:62:100::2/21172 
05:58:44.452619 OFF flow>3340 srcPort>42207 dst>fd10:62:100::2/21140 
05:58:44.465465 OFF flow>3372 srcPort>43847 dst>fd10:62:100::2/21172 
05:58:44.519831 ON flow>3628 srcPort>45227 dst>fd10:62:100::2/21428 
05:58:44.536830 CONNECT flow>3628 srcPort>45227 dst>fd10:62:100::2/21428 
05:58:44.623434 ON flow>3636 srcPort>39013 dst>fd10:62:100::2/21436 
05:58:44.639786 CONNECT flow>3636 srcPort>39013 dst>fd10:62:100::2/21436 
05:58:44.662896 SHUTDOWN flow>3380 srcPort>40889 dst>fd10:62:100::2/21180 
05:58:44.672957 OFF flow>3364 srcPort>37595 dst>fd10:62:100::2/21164 
05:58:44.703112 SHUTDOWN flow>3388 srcPort>34721 dst>fd10:62:100::2/21188 
05:58:44.717007 ON flow>3644 srcPort>34633 dst>fd10:62:100::2/21444 
05:58:44.743609 CONNECT flow>3644 srcPort>34633 dst>fd10:62:100::2/21444 
05:58:44.843364 SHUTDOWN flow>3396 srcPort>43253 dst>fd10:62:100::2/21196 
05:58:44.951962 ON flow>3652 srcPort>34585 dst>fd10:62:100::2/21452 
05:58:44.980369 CONNECT flow>3652 srcPort>34585 dst>fd10:62:100::2/21452 
05:58:45.047653 SHUTDOWN flow>3404 srcPort>40277 dst>fd10:62:100::2/21204 
05:58:45.048273 ON flow>3660 srcPort>42373 dst>fd10:62:100::2/21460 
05:58:45.082522 CONNECT flow>3660 srcPort>42373 dst>fd10:62:100::2/21460 
05:58:45.149483 ON flow>3668 srcPort>43725 dst>fd10:62:100::2/21468 
05:58:45.176782 SHUTDOWN flow>3412 srcPort>41479 dst>fd10:62:100::2/21212 
05:58:45.181977 CONNECT flow>3668 srcPort>43725 dst>fd10:62:100::2/21468 
05:58:45.264094 OFF flow>3388 srcPort>34721 dst>fd10:62:100::2/21188 
05:58:45.276868 OFF flow>3404 srcPort>40277 dst>fd10:62:100::2/21204 
05:58:45.292717 ON flow>3676 srcPort>38201 dst>fd10:62:100::2/21476 
05:58:45.319948 CONNECT flow>3676 srcPort>38201 dst>fd10:62:100::2/21476 
05:58:45.347193 OFF flow>3412 srcPort>41479 dst>fd10:62:100::2/21212 
05:58:45.347524 SHUTDOWN flow>3420 srcPort>46407 dst>fd10:62:100::2/21220 
05:58:45.384500 OFF flow>3396 srcPort>43253 dst>fd10:62:100::2/21196 
05:58:45.390084 OFF flow>3380 srcPort>40889 dst>fd10:62:100::2/21180 
05:58:45.406400 ON flow>3684 srcPort>39343 dst>fd10:62:100::2/21484 
05:58:45.424057 CONNECT flow>3684 srcPort>39343 dst>fd10:62:100::2/21484 
05:58:45.476175 SHUTDOWN flow>3436 srcPort>45715 dst>fd10:62:100::2/21236 
05:58:45.483984 SHUTDOWN flow>3428 srcPort>36645 dst>fd10:62:100::2/21228 
05:58:45.542514 SHUTDOWN flow>3444 srcPort>43851 dst>fd10:62:100::2/21244 
05:58:45.573193 ON flow>3692 srcPort>44217 dst>fd10:62:100::2/21492 
05:58:45.586781 CONNECT flow>3692 srcPort>44217 dst>fd10:62:100::2/21492 
05:58:45.598259 SHUTDOWN flow>3452 srcPort>44079 dst>fd10:62:100::2/21252 
05:58:45.626210 OFF flow>3420 srcPort>46407 dst>fd10:62:100::2/21220 
05:58:45.670044 SHUTDOWN flow>3460 srcPort>35405 dst>fd10:62:100::2/21260 
05:58:45.705052 ON flow>3700 srcPort>34297 dst>fd10:62:100::2/21500 
05:58:45.724437 CONNECT flow>3700 srcPort>34297 dst>fd10:62:100::2/21500 
05:58:45.741515 OFF flow>3428 srcPort>36645 dst>fd10:62:100::2/21228 
05:58:45.749668 OFF flow>3436 srcPort>45715 dst>fd10:62:100::2/21236 
05:58:45.770071 OFF flow>3460 srcPort>35405 dst>fd10:62:100::2/21260 
05:58:45.790784 SHUTDOWN flow>3468 srcPort>38297 dst>fd10:62:100::2/21268 
05:58:45.855431 ON flow>3708 srcPort>33693 dst>fd10:62:100::2/21508 
05:58:45.878566 CONNECT flow>3708 srcPort>33693 dst>fd10:62:100::2/21508 
05:58:45.908131 ON flow>3716 srcPort>41703 dst>fd10:62:100::2/21516 
05:58:45.934615 CONNECT flow>3716 srcPort>41703 dst>fd10:62:100::2/21516 
05:58:45.937076 OFF flow>3452 srcPort>44079 dst>fd10:62:100::2/21252 
05:58:45.946037 ON flow>3724 srcPort>39427 dst>fd10:62:100::2/21524 
05:58:45.963963 SHUTDOWN flow>3484 srcPort>37407 dst>fd10:62:100::2/21284 
05:58:45.975348 CONNECT flow>3724 srcPort>39427 dst>fd10:62:100::2/21524 
05:58:46.000197 SHUTDOWN flow>3492 srcPort>35985 dst>fd10:62:100::2/21292 
05:58:46.002101 ON flow>3732 srcPort>33979 dst>fd10:62:100::2/21532 
05:58:46.023028 CONNECT flow>3732 srcPort>33979 dst>fd10:62:100::2/21532 
05:58:46.091296 ON flow>3740 srcPort>36813 dst>fd10:62:100::2/21540 
05:58:46.094380 OFF flow>3444 srcPort>43851 dst>fd10:62:100::2/21244 
05:58:46.114105 CONNECT flow>3740 srcPort>36813 dst>fd10:62:100::2/21540 
05:58:46.161848 SHUTDOWN flow>3500 srcPort>44005 dst>fd10:62:100::2/21300 
05:58:46.191484 OFF flow>3484 srcPort>37407 dst>fd10:62:100::2/21284 
05:58:46.192746 ON flow>3748 srcPort>45933 dst>fd10:62:100::2/21548 
05:58:46.212702 CONNECT flow>3748 srcPort>45933 dst>fd10:62:100::2/21548 
05:58:46.266595 ON flow>3756 srcPort>44133 dst>fd10:62:100::2/21556 
05:58:46.288236 CONNECT flow>3756 srcPort>44133 dst>fd10:62:100::2/21556 
05:58:46.331538 ON flow>3764 srcPort>42709 dst>fd10:62:100::2/21564 
05:58:46.350682 CONNECT flow>3764 srcPort>42709 dst>fd10:62:100::2/21564 
05:58:46.362492 OFF flow>3492 srcPort>35985 dst>fd10:62:100::2/21292 
05:58:46.418273 ON flow>3772 srcPort>36943 dst>fd10:62:100::2/21572 
05:58:46.434469 CONNECT flow>3772 srcPort>36943 dst>fd10:62:100::2/21572 
05:58:46.468101 SHUTDOWN flow>3508 srcPort>39311 dst>fd10:62:100::2/21308 
05:58:46.471143 OFF flow>3500 srcPort>44005 dst>fd10:62:100::2/21300 
05:58:46.540338 ON flow>3780 srcPort>45941 dst>fd10:62:100::2/21580 
05:58:46.560168 CONNECT flow>3780 srcPort>45941 dst>fd10:62:100::2/21580 
05:58:46.648297 ON flow>3788 srcPort>44569 dst>fd10:62:100::2/21588 
05:58:46.659159 OFF flow>3508 srcPort>39311 dst>fd10:62:100::2/21308 
05:58:46.659307 CONNECT flow>3788 srcPort>44569 dst>fd10:62:100::2/21588 
05:58:46.744215 SHUTDOWN flow>3516 srcPort>35389 dst>fd10:62:100::2/21316 
05:58:46.784401 OFF flow>3468 srcPort>38297 dst>fd10:62:100::2/21268 
05:58:46.811355 ON flow>3796 srcPort>44901 dst>fd10:62:100::2/21596 
05:58:46.825656 CONNECT flow>3796 srcPort>44901 dst>fd10:62:100::2/21596 
05:58:46.863460 SHUTDOWN flow>3524 srcPort>37333 dst>fd10:62:100::2/21324 
05:58:46.887825 ON flow>3804 srcPort>33505 dst>fd10:62:100::2/21604 
05:58:46.913020 CONNECT flow>3804 srcPort>33505 dst>fd10:62:100::2/21604 
05:58:46.981887 SHUTDOWN flow>3532 srcPort>46675 dst>fd10:62:100::2/21332 
05:58:47.038578 ON flow>3812 srcPort>36685 dst>fd10:62:100::2/21612 
05:58:47.066568 CONNECT flow>3812 srcPort>36685 dst>fd10:62:100::2/21612 
05:58:47.161817 ON flow>3820 srcPort>43319 dst>fd10:62:100::2/21620 
05:58:47.186364 CONNECT flow>3820 srcPort>43319 dst>fd10:62:100::2/21620 
05:58:47.196505 OFF flow>3532 srcPort>46675 dst>fd10:62:100::2/21332 
05:58:47.200542 SHUTDOWN flow>3540 srcPort>33433 dst>fd10:62:100::2/21340 
05:58:47.214209 ON flow>3828 srcPort>42449 dst>fd10:62:100::2/21628 
05:58:47.225401 OFF flow>3516 srcPort>35389 dst>fd10:62:100::2/21316 
05:58:47.240629 CONNECT flow>3828 srcPort>42449 dst>fd10:62:100::2/21628 
05:58:47.292375 SHUTDOWN flow>3548 srcPort>34421 dst>fd10:62:100::2/21348 
05:58:47.298007 OFF flow>3524 srcPort>37333 dst>fd10:62:100::2/21324 
05:58:47.318587 SHUTDOWN flow>3556 srcPort>33313 dst>fd10:62:100::2/21356 
05:58:47.395750 OFF flow>3540 srcPort>33433 dst>fd10:62:100::2/21340 
05:58:47.436804 ON flow>3836 srcPort>37763 dst>fd10:62:100::2/21636 
05:58:47.449006 CONNECT flow>3836 srcPort>37763 dst>fd10:62:100::2/21636 
05:58:47.460261 OFF flow>3548 srcPort>34421 dst>fd10:62:100::2/21348 
05:58:47.512882 ON flow>3844 srcPort>41523 dst>fd10:62:100::2/21644 
05:58:47.527371 CONNECT flow>3844 srcPort>41523 dst>fd10:62:100::2/21644 
05:58:47.534567 SHUTDOWN flow>3564 srcPort>32947 dst>fd10:62:100::2/21364 
05:58:47.582350 ON flow>3852 srcPort>41471 dst>fd10:62:100::2/21652 
05:58:47.592310 OFF flow>3556 srcPort>33313 dst>fd10:62:100::2/21356 
05:58:47.595494 CONNECT flow>3852 srcPort>41471 dst>fd10:62:100::2/21652 
05:58:47.634113 ON flow>3860 srcPort>45135 dst>fd10:62:100::2/21660 
05:58:47.648865 CONNECT flow>3860 srcPort>45135 dst>fd10:62:100::2/21660 
05:58:47.697598 ON flow>3868 srcPort>36855 dst>fd10:62:100::2/21668 
05:58:47.709443 CONNECT flow>3868 srcPort>36855 dst>fd10:62:100::2/21668 
05:58:47.717989 SHUTDOWN flow>3572 srcPort>39163 dst>fd10:62:100::2/21372 
05:58:47.742144 ON flow>3876 srcPort>38801 dst>fd10:62:100::2/21676 
05:58:47.758619 CONNECT flow>3876 srcPort>38801 dst>fd10:62:100::2/21676 
05:58:47.790170 OFF flow>3564 srcPort>32947 dst>fd10:62:100::2/21364 
05:58:47.808762 ON flow>3884 srcPort>44509 dst>fd10:62:100::2/21684 
05:58:47.825559 CONNECT flow>3884 srcPort>44509 dst>fd10:62:100::2/21684 
05:58:47.902699 ON flow>3892 srcPort>46533 dst>fd10:62:100::2/21692 
05:58:47.926670 CONNECT flow>3892 srcPort>46533 dst>fd10:62:100::2/21692 
05:58:47.964348 SHUTDOWN flow>3580 srcPort>35121 dst>fd10:62:100::2/21380 
05:58:47.998198 ON flow>3900 srcPort>45553 dst>fd10:62:100::2/21700 
05:58:48.013781 OFF flow>3572 srcPort>39163 dst>fd10:62:100::2/21372 
05:58:48.026849 CONNECT flow>3900 srcPort>45553 dst>fd10:62:100::2/21700 
05:58:48.097302 ON flow>3908 srcPort>34919 dst>fd10:62:100::2/21708 
05:58:48.138285 CONNECT flow>3908 srcPort>34919 dst>fd10:62:100::2/21708 
05:58:48.194683 ON flow>3916 srcPort>37137 dst>fd10:62:100::2/21716 
05:58:48.235473 OFF flow>3580 srcPort>35121 dst>fd10:62:100::2/21380 
05:58:48.237544 CONNECT flow>3916 srcPort>37137 dst>fd10:62:100::2/21716 
05:58:48.290236 SHUTDOWN flow>3588 srcPort>37205 dst>fd10:62:100::2/21388 
05:58:48.322030 ON flow>3924 srcPort>36715 dst>fd10:62:100::2/21724 
05:58:48.350567 CONNECT flow>3924 srcPort>36715 dst>fd10:62:100::2/21724 
05:58:48.424423 ON flow>3932 srcPort>40199 dst>fd10:62:100::2/21732 
05:58:48.459130 CONNECT flow>3932 srcPort>40199 dst>fd10:62:100::2/21732 
05:58:48.486889 OFF flow>3588 srcPort>37205 dst>fd10:62:100::2/21388 
05:58:48.500220 SHUTDOWN flow>3596 srcPort>32919 dst>fd10:62:100::2/21396 
05:58:48.583474 ON flow>3940 srcPort>37313 dst>fd10:62:100::2/21740 
05:58:48.610565 CONNECT flow>3940 srcPort>37313 dst>fd10:62:100::2/21740 
05:58:48.660435 OFF flow>3596 srcPort>32919 dst>fd10:62:100::2/21396 
05:58:48.731933 ON flow>3948 srcPort>43091 dst>fd10:62:100::2/21748 
05:58:48.757411 CONNECT flow>3948 srcPort>43091 dst>fd10:62:100::2/21748 
05:58:48.924007 SHUTDOWN flow>3604 srcPort>40985 dst>fd10:62:100::2/21404 
05:58:49.017297 ON flow>3956 srcPort>33839 dst>fd10:62:100::2/21756 
05:58:49.061255 CONNECT flow>3956 srcPort>33839 dst>fd10:62:100::2/21756 
05:58:49.243413 SHUTDOWN flow>3620 srcPort>45473 dst>fd10:62:100::2/21420 
05:58:49.256250 ON flow>3964 srcPort>40923 dst>fd10:62:100::2/21764 
05:58:49.258489 OFF flow>3604 srcPort>40985 dst>fd10:62:100::2/21404 
05:58:49.282475 SHUTDOWN flow>3612 srcPort>39177 dst>fd10:62:100::2/21412 
05:58:49.283023 CONNECT flow>3964 srcPort>40923 dst>fd10:62:100::2/21764 
05:58:49.319918 SHUTDOWN flow>3628 srcPort>45227 dst>fd10:62:100::2/21428 
05:58:49.413937 ON flow>3972 srcPort>35187 dst>fd10:62:100::2/21772 
05:58:49.436459 CONNECT flow>3972 srcPort>35187 dst>fd10:62:100::2/21772 
05:58:49.482739 OFF flow>3620 srcPort>45473 dst>fd10:62:100::2/21420 
05:58:49.537337 ON flow>3980 srcPort>41871 dst>fd10:62:100::2/21780 
05:58:49.558063 CONNECT flow>3980 srcPort>41871 dst>fd10:62:100::2/21780 
05:58:49.612824 ON flow>3988 srcPort>39819 dst>fd10:62:100::2/21788 
05:58:49.635860 CONNECT flow>3988 srcPort>39819 dst>fd10:62:100::2/21788 
05:58:49.640228 SHUTDOWN flow>3636 srcPort>39013 dst>fd10:62:100::2/21436 
05:58:49.667601 OFF flow>3612 srcPort>39177 dst>fd10:62:100::2/21412 
05:58:49.683637 OFF flow>3628 srcPort>45227 dst>fd10:62:100::2/21428 
05:58:49.712306 SHUTDOWN flow>3644 srcPort>34633 dst>fd10:62:100::2/21444 
05:58:49.751898 SHUTDOWN flow>3652 srcPort>34585 dst>fd10:62:100::2/21452 
05:58:49.780980 ON flow>3996 srcPort>45233 dst>fd10:62:100::2/21796 
05:58:49.800938 CONNECT flow>3996 srcPort>45233 dst>fd10:62:100::2/21796 
05:58:49.872354 ON flow>4004 srcPort>43203 dst>fd10:62:100::2/21804 
05:58:49.894000 CONNECT flow>4004 srcPort>43203 dst>fd10:62:100::2/21804 
05:58:49.928209 ON flow>4012 srcPort>36577 dst>fd10:62:100::2/21812 
05:58:49.950243 SHUTDOWN flow>3660 srcPort>42373 dst>fd10:62:100::2/21460 
05:58:49.951818 CONNECT flow>4012 srcPort>36577 dst>fd10:62:100::2/21812 
05:58:49.970535 OFF flow>3652 srcPort>34585 dst>fd10:62:100::2/21452 
05:58:49.981737 ON flow>4020 srcPort>35541 dst>fd10:62:100::2/21820 
05:58:50.001883 CONNECT flow>4020 srcPort>35541 dst>fd10:62:100::2/21820 
05:58:50.003735 OFF flow>3636 srcPort>39013 dst>fd10:62:100::2/21436 
05:58:50.029957 ON flow>4028 srcPort>40307 dst>fd10:62:100::2/21828 
05:58:50.031636 SHUTDOWN flow>3668 srcPort>43725 dst>fd10:62:100::2/21468 
05:58:50.054795 CONNECT flow>4028 srcPort>40307 dst>fd10:62:100::2/21828 
05:58:50.093272 ON flow>4036 srcPort>40627 dst>fd10:62:100::2/21836 
05:58:50.113780 CONNECT flow>4036 srcPort>40627 dst>fd10:62:100::2/21836 
05:58:50.114141 OFF flow>3660 srcPort>42373 dst>fd10:62:100::2/21460 
05:58:50.119646 OFF flow>3668 srcPort>43725 dst>fd10:62:100::2/21468 
05:58:50.142721 OFF flow>3644 srcPort>34633 dst>fd10:62:100::2/21444 
05:58:50.154125 ON flow>4044 srcPort>40837 dst>fd10:62:100::2/21844 
05:58:50.179217 CONNECT flow>4044 srcPort>40837 dst>fd10:62:100::2/21844 
05:58:50.211518 SHUTDOWN flow>3676 srcPort>38201 dst>fd10:62:100::2/21476 
05:58:50.250172 ON flow>4052 srcPort>37819 dst>fd10:62:100::2/21852 
05:58:50.268351 SHUTDOWN flow>3684 srcPort>39343 dst>fd10:62:100::2/21484 
05:58:50.269498 CONNECT flow>4052 srcPort>37819 dst>fd10:62:100::2/21852 
05:58:50.327649 ON flow>4060 srcPort>38007 dst>fd10:62:100::2/21860 
05:58:50.352922 CONNECT flow>4060 srcPort>38007 dst>fd10:62:100::2/21860 
05:58:50.373050 SHUTDOWN flow>3692 srcPort>44217 dst>fd10:62:100::2/21492 
05:58:50.419096 OFF flow>3676 srcPort>38201 dst>fd10:62:100::2/21476 
05:58:50.522661 OFF flow>3692 srcPort>44217 dst>fd10:62:100::2/21492 
05:58:50.564702 OFF flow>3684 srcPort>39343 dst>fd10:62:100::2/21484 
05:58:50.566214 SHUTDOWN flow>3700 srcPort>34297 dst>fd10:62:100::2/21500 
05:58:50.655378 SHUTDOWN flow>3708 srcPort>33693 dst>fd10:62:100::2/21508 
05:58:50.740369 SHUTDOWN flow>3716 srcPort>41703 dst>fd10:62:100::2/21516 
05:58:50.746074 SHUTDOWN flow>3724 srcPort>39427 dst>fd10:62:100::2/21524 
05:58:50.773925 OFF flow>3700 srcPort>34297 dst>fd10:62:100::2/21500 
05:58:50.845450 OFF flow>3716 srcPort>41703 dst>fd10:62:100::2/21516 
05:58:50.851419 SHUTDOWN flow>3732 srcPort>33979 dst>fd10:62:100::2/21532 
05:58:50.869221 ON flow>4068 srcPort>38941 dst>fd10:62:100::2/21868 
05:58:50.893111 CONNECT flow>4068 srcPort>38941 dst>fd10:62:100::2/21868 
05:58:50.910631 OFF flow>3708 srcPort>33693 dst>fd10:62:100::2/21508 
05:58:50.960506 SHUTDOWN flow>3740 srcPort>36813 dst>fd10:62:100::2/21540 
05:58:50.978796 ON flow>4076 srcPort>46873 dst>fd10:62:100::2/21876 
05:58:50.986849 OFF flow>3732 srcPort>33979 dst>fd10:62:100::2/21532 
05:58:51.004241 CONNECT flow>4076 srcPort>46873 dst>fd10:62:100::2/21876 
05:58:51.066407 SHUTDOWN flow>3756 srcPort>44133 dst>fd10:62:100::2/21556 
05:58:51.090668 OFF flow>3756 srcPort>44133 dst>fd10:62:100::2/21556 
05:58:51.118102 OFF flow>3740 srcPort>36813 dst>fd10:62:100::2/21540 
05:58:51.131401 SHUTDOWN flow>3764 srcPort>42709 dst>fd10:62:100::2/21564 
05:58:51.185290 ON flow>4084 srcPort>45191 dst>fd10:62:100::2/21884 
05:58:51.185352 OFF flow>3764 srcPort>42709 dst>fd10:62:100::2/21564 
05:58:51.202542 CONNECT flow>4084 srcPort>45191 dst>fd10:62:100::2/21884 
05:58:51.204439 SHUTDOWN flow>3748 srcPort>45933 dst>fd10:62:100::2/21548 
05:58:51.263213 SHUTDOWN flow>3772 srcPort>36943 dst>fd10:62:100::2/21572 
05:58:51.283156 OFF flow>3724 srcPort>39427 dst>fd10:62:100::2/21524 
05:58:51.321804 ON flow>4092 srcPort>38893 dst>fd10:62:100::2/21892 
05:58:51.337554 CONNECT flow>4092 srcPort>38893 dst>fd10:62:100::2/21892 
05:58:51.340227 SHUTDOWN flow>3780 srcPort>45941 dst>fd10:62:100::2/21580 
05:58:51.407966 OFF flow>3748 srcPort>45933 dst>fd10:62:100::2/21548 
05:58:51.472455 OFF flow>3772 srcPort>36943 dst>fd10:62:100::2/21572 
05:58:51.509603 ON flow>4100 srcPort>38645 dst>fd10:62:100::2/21900 
05:58:51.524193 CONNECT flow>4100 srcPort>38645 dst>fd10:62:100::2/21900 
05:58:51.569564 SHUTDOWN flow>3788 srcPort>44569 dst>fd10:62:100::2/21588 
05:58:51.588523 ON flow>4108 srcPort>38813 dst>fd10:62:100::2/21908 
05:58:51.604888 CONNECT flow>4108 srcPort>38813 dst>fd10:62:100::2/21908 
05:58:51.621110 SHUTDOWN flow>3476 srcPort>35387 dst>fd10:62:100::2/21276 
05:58:51.683754 OFF flow>3780 srcPort>45941 dst>fd10:62:100::2/21580 
05:58:51.687702 SHUTDOWN flow>3804 srcPort>33505 dst>fd10:62:100::2/21604 
05:58:51.721177 OFF flow>3476 srcPort>35387 dst>fd10:62:100::2/21276 
05:58:51.758334 SHUTDOWN flow>3796 srcPort>44901 dst>fd10:62:100::2/21596 
05:58:51.832249 OFF flow>3804 srcPort>33505 dst>fd10:62:100::2/21604 
05:58:51.838565 SHUTDOWN flow>3812 srcPort>36685 dst>fd10:62:100::2/21612 
05:58:51.879803 ON flow>4116 srcPort>33513 dst>fd10:62:100::2/21916 
05:58:51.896791 CONNECT flow>4116 srcPort>33513 dst>fd10:62:100::2/21916 
05:58:51.928359 OFF flow>3788 srcPort>44569 dst>fd10:62:100::2/21588 
05:58:51.982034 ON flow>4124 srcPort>35081 dst>fd10:62:100::2/21924 
05:58:52.014070 SHUTDOWN flow>3828 srcPort>42449 dst>fd10:62:100::2/21628 
05:58:52.051626 OFF flow>3796 srcPort>44901 dst>fd10:62:100::2/21596 
05:58:52.054659 SHUTDOWN flow>3820 srcPort>43319 dst>fd10:62:100::2/21620 
05:58:52.097028 OFF flow>3812 srcPort>36685 dst>fd10:62:100::2/21612 
05:58:52.130573 ON flow>4132 srcPort>33281 dst>fd10:62:100::2/21932 
05:58:52.148142 CONNECT flow>4132 srcPort>33281 dst>fd10:62:100::2/21932 
05:58:52.173633 OFF flow>3828 srcPort>42449 dst>fd10:62:100::2/21628 
05:58:52.223438 ON flow>4140 srcPort>42441 dst>fd10:62:100::2/21940 
05:58:52.236673 SHUTDOWN flow>3836 srcPort>37763 dst>fd10:62:100::2/21636 
05:58:52.238000 CONNECT flow>4140 srcPort>42441 dst>fd10:62:100::2/21940 
05:58:52.312775 SHUTDOWN flow>3844 srcPort>41523 dst>fd10:62:100::2/21644 
05:58:52.340969 OFF flow>3820 srcPort>43319 dst>fd10:62:100::2/21620 
05:58:52.390924 SHUTDOWN flow>3852 srcPort>41471 dst>fd10:62:100::2/21652 
05:58:52.465685 OFF flow>3844 srcPort>41523 dst>fd10:62:100::2/21644 
05:58:52.478496 OFF flow>3836 srcPort>37763 dst>fd10:62:100::2/21636 
05:58:52.501605 SHUTDOWN flow>3868 srcPort>36855 dst>fd10:62:100::2/21668 
05:58:52.559084 OFF flow>3868 srcPort>36855 dst>fd10:62:100::2/21668 
05:58:52.567047 OFF flow>3852 srcPort>41471 dst>fd10:62:100::2/21652 
05:58:52.567490 SHUTDOWN flow>3860 srcPort>45135 dst>fd10:62:100::2/21660 
05:58:52.608696 SHUTDOWN flow>3884 srcPort>44509 dst>fd10:62:100::2/21684 
05:58:52.627949 SHUTDOWN flow>3876 srcPort>38801 dst>fd10:62:100::2/21676 
05:58:52.639072 ON flow>4148 srcPort>39977 dst>fd10:62:100::2/21948 
05:58:52.678725 CONNECT flow>4148 srcPort>39977 dst>fd10:62:100::2/21948 
05:58:52.678772 OFF flow>3884 srcPort>44509 dst>fd10:62:100::2/21684 
05:58:52.798105 SHUTDOWN flow>3900 srcPort>45553 dst>fd10:62:100::2/21700 
05:58:52.811577 OFF flow>3876 srcPort>38801 dst>fd10:62:100::2/21676 
05:58:52.854227 ON flow>4156 srcPort>38805 dst>fd10:62:100::2/21956 
05:58:52.867397 OFF flow>3860 srcPort>45135 dst>fd10:62:100::2/21660 
05:58:52.875843 CONNECT flow>4156 srcPort>38805 dst>fd10:62:100::2/21956 
05:58:52.898695 SHUTDOWN flow>3892 srcPort>46533 dst>fd10:62:100::2/21692 
05:58:52.970859 ON flow>4164 srcPort>34763 dst>fd10:62:100::2/21964 
05:58:52.997751 CONNECT flow>4164 srcPort>34763 dst>fd10:62:100::2/21964 
05:58:52.999114 SHUTDOWN flow>3916 srcPort>37137 dst>fd10:62:100::2/21716 
05:58:53.001796 SHUTDOWN flow>3908 srcPort>34919 dst>fd10:62:100::2/21708 
05:58:53.014661 CONNECT flow>4124 srcPort>35081 dst>fd10:62:100::2/21924 
05:58:53.084071 ON flow>4172 srcPort>43415 dst>fd10:62:100::2/21972 
05:58:53.104725 CONNECT flow>4172 srcPort>43415 dst>fd10:62:100::2/21972 
05:58:53.161663 OFF flow>3892 srcPort>46533 dst>fd10:62:100::2/21692 
05:58:53.165439 ON flow>4180 srcPort>38259 dst>fd10:62:100::2/21980 
05:58:53.175858 OFF flow>3916 srcPort>37137 dst>fd10:62:100::2/21716 
05:58:53.185616 CONNECT flow>4180 srcPort>38259 dst>fd10:62:100::2/21980 
05:58:53.214189 SHUTDOWN flow>3924 srcPort>36715 dst>fd10:62:100::2/21724 
05:58:53.214990 OFF flow>3900 srcPort>45553 dst>fd10:62:100::2/21700 
05:58:53.270445 ON flow>4188 srcPort>41885 dst>fd10:62:100::2/21988 
05:58:53.277325 OFF flow>3908 srcPort>34919 dst>fd10:62:100::2/21708 
05:58:53.286138 CONNECT flow>4188 srcPort>41885 dst>fd10:62:100::2/21988 
05:58:53.327819 SHUTDOWN flow>3932 srcPort>40199 dst>fd10:62:100::2/21732 
05:58:53.343754 OFF flow>3924 srcPort>36715 dst>fd10:62:100::2/21724 
05:58:53.383231 SHUTDOWN flow>3940 srcPort>37313 dst>fd10:62:100::2/21740 
05:58:53.399970 ON flow>4196 srcPort>32857 dst>fd10:62:100::2/21996 
05:58:53.407368 OFF flow>3940 srcPort>37313 dst>fd10:62:100::2/21740 
05:58:53.419574 CONNECT flow>4196 srcPort>32857 dst>fd10:62:100::2/21996 
05:58:53.452825 OFF flow>3932 srcPort>40199 dst>fd10:62:100::2/21732 
05:58:53.531830 SHUTDOWN flow>3948 srcPort>43091 dst>fd10:62:100::2/21748 
05:58:53.616653 ON flow>4204 srcPort>38929 dst>fd10:62:100::2/22004 
05:58:53.639132 CONNECT flow>4204 srcPort>38929 dst>fd10:62:100::2/22004 
05:58:53.646754 OFF flow>3948 srcPort>43091 dst>fd10:62:100::2/21748 
05:58:53.732087 ON flow>4212 srcPort>44209 dst>fd10:62:100::2/22012 
05:58:53.752281 CONNECT flow>4212 srcPort>44209 dst>fd10:62:100::2/22012 
05:58:53.861794 SHUTDOWN flow>3956 srcPort>33839 dst>fd10:62:100::2/21756 
05:58:53.887113 ON flow>4220 srcPort>39625 dst>fd10:62:100::2/22020 
05:58:53.906201 CONNECT flow>4220 srcPort>39625 dst>fd10:62:100::2/22020 
05:58:54.066006 ON flow>4228 srcPort>36329 dst>fd10:62:100::2/22028 
05:58:54.080198 CONNECT flow>4228 srcPort>36329 dst>fd10:62:100::2/22028 
05:58:54.153490 OFF flow>3956 srcPort>33839 dst>fd10:62:100::2/21756 
05:58:54.154933 SHUTDOWN flow>3964 srcPort>40923 dst>fd10:62:100::2/21764 
05:58:54.243501 SHUTDOWN flow>3972 srcPort>35187 dst>fd10:62:100::2/21772 
05:58:54.258917 ON flow>4236 srcPort>42827 dst>fd10:62:100::2/22036 
05:58:54.280511 CONNECT flow>4236 srcPort>42827 dst>fd10:62:100::2/22036 
05:58:54.293099 OFF flow>3972 srcPort>35187 dst>fd10:62:100::2/21772 
05:58:54.313869 OFF flow>3964 srcPort>40923 dst>fd10:62:100::2/21764 
05:58:54.337232 SHUTDOWN flow>3980 srcPort>41871 dst>fd10:62:100::2/21780 
05:58:54.392252 OFF flow>3980 srcPort>41871 dst>fd10:62:100::2/21780 
05:58:54.412636 SHUTDOWN flow>3988 srcPort>39819 dst>fd10:62:100::2/21788 
05:58:54.477845 ON flow>4244 srcPort>43343 dst>fd10:62:100::2/22044 
05:58:54.490856 CONNECT flow>4244 srcPort>43343 dst>fd10:62:100::2/22044 
05:58:54.558863 OFF flow>3988 srcPort>39819 dst>fd10:62:100::2/21788 
05:58:54.575686 ON flow>4252 srcPort>38081 dst>fd10:62:100::2/22052 
05:58:54.580825 SHUTDOWN flow>3996 srcPort>45233 dst>fd10:62:100::2/21796 
05:58:54.589539 CONNECT flow>4252 srcPort>38081 dst>fd10:62:100::2/22052 
05:58:54.602576 OFF flow>3996 srcPort>45233 dst>fd10:62:100::2/21796 
05:58:54.644360 ON flow>4260 srcPort>36947 dst>fd10:62:100::2/22060 
05:58:54.663005 CONNECT flow>4260 srcPort>36947 dst>fd10:62:100::2/22060 
05:58:54.691168 SHUTDOWN flow>4004 srcPort>43203 dst>fd10:62:100::2/21804 
05:58:54.728153 SHUTDOWN flow>4012 srcPort>36577 dst>fd10:62:100::2/21812 
05:58:54.741997 OFF flow>4004 srcPort>43203 dst>fd10:62:100::2/21804 
05:58:54.768021 ON flow>4268 srcPort>46855 dst>fd10:62:100::2/22068 
05:58:54.780435 CONNECT flow>4268 srcPort>46855 dst>fd10:62:100::2/22068 
05:58:54.829820 SHUTDOWN flow>4028 srcPort>40307 dst>fd10:62:100::2/21828 
05:58:54.859426 OFF flow>4028 srcPort>40307 dst>fd10:62:100::2/21828 
05:58:54.882464 SHUTDOWN flow>4020 srcPort>35541 dst>fd10:62:100::2/21820 
05:58:54.893170 SHUTDOWN flow>4036 srcPort>40627 dst>fd10:62:100::2/21836 
05:58:54.953937 SHUTDOWN flow>4044 srcPort>40837 dst>fd10:62:100::2/21844 
05:58:54.981511 ON flow>4276 srcPort>40657 dst>fd10:62:100::2/22076 
05:58:54.981597 OFF flow>4012 srcPort>36577 dst>fd10:62:100::2/21812 
05:58:55.012163 CONNECT flow>4276 srcPort>40657 dst>fd10:62:100::2/22076 
05:58:55.049844 SHUTDOWN flow>4052 srcPort>37819 dst>fd10:62:100::2/21852 
05:58:55.093832 ON flow>4284 srcPort>37993 dst>fd10:62:100::2/22084 
05:58:55.103317 OFF flow>4036 srcPort>40627 dst>fd10:62:100::2/21836 
05:58:55.110840 CONNECT flow>4284 srcPort>37993 dst>fd10:62:100::2/22084 
05:58:55.139695 SHUTDOWN flow>4060 srcPort>38007 dst>fd10:62:100::2/21860 
05:58:55.204871 OFF flow>4020 srcPort>35541 dst>fd10:62:100::2/21820 
05:58:55.217213 ON flow>4292 srcPort>41921 dst>fd10:62:100::2/22092 
05:58:55.223406 OFF flow>4052 srcPort>37819 dst>fd10:62:100::2/21852 
05:58:55.235624 CONNECT flow>4292 srcPort>41921 dst>fd10:62:100::2/22092 
05:58:55.337986 OFF flow>4060 srcPort>38007 dst>fd10:62:100::2/21860 
05:58:55.378311 ON flow>4300 srcPort>36027 dst>fd10:62:100::2/22100 
05:58:55.396866 CONNECT flow>4300 srcPort>36027 dst>fd10:62:100::2/22100 
05:58:55.444685 ON flow>4308 srcPort>35803 dst>fd10:62:100::2/22108 
05:58:55.465194 CONNECT flow>4308 srcPort>35803 dst>fd10:62:100::2/22108 
05:58:55.506313 ON flow>4316 srcPort>38465 dst>fd10:62:100::2/22116 
05:58:55.524158 CONNECT flow>4316 srcPort>38465 dst>fd10:62:100::2/22116 
05:58:55.600815 ON flow>4324 srcPort>46453 dst>fd10:62:100::2/22124 
05:58:55.620283 CONNECT flow>4324 srcPort>46453 dst>fd10:62:100::2/22124 
05:58:55.647602 ON flow>4332 srcPort>37009 dst>fd10:62:100::2/22132 
05:58:55.667941 CONNECT flow>4332 srcPort>37009 dst>fd10:62:100::2/22132 
05:58:55.680564 SHUTDOWN flow>4068 srcPort>38941 dst>fd10:62:100::2/21868 
05:58:55.714714 OFF flow>4068 srcPort>38941 dst>fd10:62:100::2/21868 
05:58:55.742011 OFF flow>4044 srcPort>40837 dst>fd10:62:100::2/21844 
05:58:55.778524 SHUTDOWN flow>4076 srcPort>46873 dst>fd10:62:100::2/21876 
05:58:55.778916 ON flow>4340 srcPort>45489 dst>fd10:62:100::2/22140 
05:58:55.802206 CONNECT flow>4340 srcPort>45489 dst>fd10:62:100::2/22140 
05:58:55.868869 ON flow>4348 srcPort>41229 dst>fd10:62:100::2/22148 
05:58:55.893309 CONNECT flow>4348 srcPort>41229 dst>fd10:62:100::2/22148 
05:58:55.928098 ON flow>4356 srcPort>37693 dst>fd10:62:100::2/22156 
05:58:55.956164 CONNECT flow>4356 srcPort>37693 dst>fd10:62:100::2/22156 
05:58:56.092319 ON flow>4364 srcPort>41397 dst>fd10:62:100::2/22164 
05:58:56.109060 OFF flow>4076 srcPort>46873 dst>fd10:62:100::2/21876 
05:58:56.130352 CONNECT flow>4364 srcPort>41397 dst>fd10:62:100::2/22164 
05:58:56.202745 SHUTDOWN flow>4092 srcPort>38893 dst>fd10:62:100::2/21892 
05:58:56.234658 ON flow>4372 srcPort>37575 dst>fd10:62:100::2/22172 
05:58:56.267698 CONNECT flow>4372 srcPort>37575 dst>fd10:62:100::2/22172 
05:58:56.309432 SHUTDOWN flow>4100 srcPort>38645 dst>fd10:62:100::2/21900 
05:58:56.355047 ON flow>4380 srcPort>45465 dst>fd10:62:100::2/22180 
05:58:56.381021 CONNECT flow>4380 srcPort>45465 dst>fd10:62:100::2/22180 
05:58:56.388432 SHUTDOWN flow>4108 srcPort>38813 dst>fd10:62:100::2/21908 
05:58:56.423790 ON flow>4388 srcPort>41559 dst>fd10:62:100::2/22188 
05:58:56.449758 CONNECT flow>4388 srcPort>41559 dst>fd10:62:100::2/22188 
05:58:56.451109 OFF flow>4092 srcPort>38893 dst>fd10:62:100::2/21892 
05:58:56.470232 SHUTDOWN flow>4084 srcPort>45191 dst>fd10:62:100::2/21884 
05:58:56.485159 ON flow>4396 srcPort>44115 dst>fd10:62:100::2/22196 
05:58:56.523288 CONNECT flow>4396 srcPort>44115 dst>fd10:62:100::2/22196 
05:58:56.532048 ON flow>4404 srcPort>36071 dst>fd10:62:100::2/22204 
05:58:56.559019 CONNECT flow>4404 srcPort>36071 dst>fd10:62:100::2/22204 
05:58:56.642969 ON flow>4412 srcPort>40999 dst>fd10:62:100::2/22212 
05:58:56.675501 CONNECT flow>4412 srcPort>40999 dst>fd10:62:100::2/22212 
05:58:56.679543 SHUTDOWN flow>4116 srcPort>33513 dst>fd10:62:100::2/21916 
05:58:56.798418 OFF flow>4100 srcPort>38645 dst>fd10:62:100::2/21900 
05:58:56.819429 ON flow>4420 srcPort>37551 dst>fd10:62:100::2/22220 
05:58:56.838036 OFF flow>4116 srcPort>33513 dst>fd10:62:100::2/21916 
05:58:56.843966 CONNECT flow>4420 srcPort>37551 dst>fd10:62:100::2/22220 
05:58:56.930480 SHUTDOWN flow>4132 srcPort>33281 dst>fd10:62:100::2/21932 
05:58:57.001422 ON flow>4428 srcPort>36821 dst>fd10:62:100::2/22228 
05:58:57.017220 CONNECT flow>4428 srcPort>36821 dst>fd10:62:100::2/22228 
05:58:57.024392 OFF flow>4108 srcPort>38813 dst>fd10:62:100::2/21908 
05:58:57.027521 SHUTDOWN flow>4124 srcPort>35081 dst>fd10:62:100::2/21924 
05:58:57.036509 OFF flow>4084 srcPort>45191 dst>fd10:62:100::2/21884 
05:58:57.044319 SHUTDOWN flow>4140 srcPort>42441 dst>fd10:62:100::2/21940 
05:58:57.143880 OFF flow>4140 srcPort>42441 dst>fd10:62:100::2/21940 
05:58:57.207100 ON flow>4436 srcPort>35341 dst>fd10:62:100::2/22236 
05:58:57.218618 OFF flow>4132 srcPort>33281 dst>fd10:62:100::2/21932 
05:58:57.220993 CONNECT flow>4436 srcPort>35341 dst>fd10:62:100::2/22236 
05:58:57.306332 ON flow>4444 srcPort>36671 dst>fd10:62:100::2/22244 
05:58:57.327967 CONNECT flow>4444 srcPort>36671 dst>fd10:62:100::2/22244 
05:58:57.380507 ON flow>4452 srcPort>43347 dst>fd10:62:100::2/22252 
05:58:57.397318 CONNECT flow>4452 srcPort>43347 dst>fd10:62:100::2/22252 
05:58:57.439031 SHUTDOWN flow>4148 srcPort>39977 dst>fd10:62:100::2/21948 
05:58:57.442114 OFF flow>4124 srcPort>35081 dst>fd10:62:100::2/21924 
05:58:57.481609 ON flow>4460 srcPort>43645 dst>fd10:62:100::2/22260 
05:58:57.503873 CONNECT flow>4460 srcPort>43645 dst>fd10:62:100::2/22260 
05:58:57.570549 ON flow>4468 srcPort>40143 dst>fd10:62:100::2/22268 
05:58:57.588531 CONNECT flow>4468 srcPort>40143 dst>fd10:62:100::2/22268 
05:58:57.592303 OFF flow>4148 srcPort>39977 dst>fd10:62:100::2/21948 
05:58:57.684122 SHUTDOWN flow>4156 srcPort>38805 dst>fd10:62:100::2/21956 
05:58:57.703062 ON flow>4476 srcPort>46207 dst>fd10:62:100::2/22276 
05:58:57.721862 CONNECT flow>4476 srcPort>46207 dst>fd10:62:100::2/22276 
05:58:57.835445 ON flow>4484 srcPort>35261 dst>fd10:62:100::2/22284 
05:58:57.852941 CONNECT flow>4484 srcPort>35261 dst>fd10:62:100::2/22284 
05:58:57.936206 ON flow>4492 srcPort>38033 dst>fd10:62:100::2/22292 
05:58:57.952864 SHUTDOWN flow>4172 srcPort>43415 dst>fd10:62:100::2/21972 
05:58:57.967334 CONNECT flow>4492 srcPort>38033 dst>fd10:62:100::2/22292 
05:58:57.973353 OFF flow>4156 srcPort>38805 dst>fd10:62:100::2/21956 
05:58:58.019594 ON flow>4500 srcPort>34581 dst>fd10:62:100::2/22300 
05:58:58.040688 CONNECT flow>4500 srcPort>34581 dst>fd10:62:100::2/22300 
05:58:58.091661 OFF flow>4172 srcPort>43415 dst>fd10:62:100::2/21972 
05:58:58.112507 SHUTDOWN flow>4188 srcPort>41885 dst>fd10:62:100::2/21988 
05:58:58.124996 ON flow>4508 srcPort>46433 dst>fd10:62:100::2/22308 
05:58:58.147214 CONNECT flow>4508 srcPort>46433 dst>fd10:62:100::2/22308 
05:58:58.199843 SHUTDOWN flow>4196 srcPort>32857 dst>fd10:62:100::2/21996 
05:58:58.245315 SHUTDOWN flow>4164 srcPort>34763 dst>fd10:62:100::2/21964 
05:58:58.283450 OFF flow>4188 srcPort>41885 dst>fd10:62:100::2/21988 
05:58:58.289191 ON flow>4516 srcPort>43809 dst>fd10:62:100::2/22316 
05:58:58.309649 CONNECT flow>4516 srcPort>43809 dst>fd10:62:100::2/22316 
05:58:58.346539 ON flow>4524 srcPort>43621 dst>fd10:62:100::2/22324 
05:58:58.361639 CONNECT flow>4524 srcPort>43621 dst>fd10:62:100::2/22324 
05:58:58.368929 SHUTDOWN flow>4180 srcPort>38259 dst>fd10:62:100::2/21980 
05:58:58.442003 ON flow>4532 srcPort>43465 dst>fd10:62:100::2/22332 
05:58:58.462467 CONNECT flow>4532 srcPort>43465 dst>fd10:62:100::2/22332 
05:58:58.512208 ON flow>4540 srcPort>33427 dst>fd10:62:100::2/22340 
05:58:58.534970 CONNECT flow>4540 srcPort>33427 dst>fd10:62:100::2/22340 
05:58:58.571173 SHUTDOWN flow>4204 srcPort>38929 dst>fd10:62:100::2/22004 
05:58:58.586707 ON flow>4548 srcPort>45287 dst>fd10:62:100::2/22348 
05:58:58.589185 SHUTDOWN flow>4212 srcPort>44209 dst>fd10:62:100::2/22012 
05:58:58.606513 CONNECT flow>4548 srcPort>45287 dst>fd10:62:100::2/22348 
05:58:58.653328 ON flow>4556 srcPort>42335 dst>fd10:62:100::2/22356 
05:58:58.670414 CONNECT flow>4556 srcPort>42335 dst>fd10:62:100::2/22356 
05:58:58.687031 SHUTDOWN flow>4220 srcPort>39625 dst>fd10:62:100::2/22020 
05:58:58.700609 ON flow>4564 srcPort>46447 dst>fd10:62:100::2/22364 
05:58:58.710772 OFF flow>4164 srcPort>34763 dst>fd10:62:100::2/21964 
05:58:58.724519 CONNECT flow>4564 srcPort>46447 dst>fd10:62:100::2/22364 
05:58:58.751584 OFF flow>4212 srcPort>44209 dst>fd10:62:100::2/22012 
05:58:58.820901 OFF flow>4220 srcPort>39625 dst>fd10:62:100::2/22020 
05:58:58.838844 ON flow>4572 srcPort>42427 dst>fd10:62:100::2/22372 
05:58:58.861648 CONNECT flow>4572 srcPort>42427 dst>fd10:62:100::2/22372 
05:58:58.865954 SHUTDOWN flow>4228 srcPort>36329 dst>fd10:62:100::2/22028 
05:58:58.970435 OFF flow>4180 srcPort>38259 dst>fd10:62:100::2/21980 
05:58:59.008055 OFF flow>4204 srcPort>38929 dst>fd10:62:100::2/22004 
05:58:59.130251 ON flow>4580 srcPort>38667 dst>fd10:62:100::2/22380 
05:58:59.144738 CONNECT flow>4580 srcPort>38667 dst>fd10:62:100::2/22380 
05:58:59.182735 SHUTDOWN flow>4236 srcPort>42827 dst>fd10:62:100::2/22036 
05:58:59.314554 SHUTDOWN flow>4244 srcPort>43343 dst>fd10:62:100::2/22044 
05:58:59.315775 ON flow>4588 srcPort>45565 dst>fd10:62:100::2/22388 
05:58:59.338327 CONNECT flow>4588 srcPort>45565 dst>fd10:62:100::2/22388 
05:58:59.375684 SHUTDOWN flow>4252 srcPort>38081 dst>fd10:62:100::2/22052 
05:58:59.413802 OFF flow>4196 srcPort>32857 dst>fd10:62:100::2/21996 
05:58:59.445801 OFF flow>4228 srcPort>36329 dst>fd10:62:100::2/22028 
05:58:59.447397 OFF flow>4236 srcPort>42827 dst>fd10:62:100::2/22036 
05:58:59.472326 SHUTDOWN flow>4260 srcPort>36947 dst>fd10:62:100::2/22060 
05:58:59.567850 SHUTDOWN flow>4268 srcPort>46855 dst>fd10:62:100::2/22068 
05:58:59.596606 ON flow>4596 srcPort>33735 dst>fd10:62:100::2/22396 
05:58:59.605855 OFF flow>4252 srcPort>38081 dst>fd10:62:100::2/22052 
05:58:59.618954 CONNECT flow>4596 srcPort>33735 dst>fd10:62:100::2/22396 
05:58:59.693351 OFF flow>4244 srcPort>43343 dst>fd10:62:100::2/22044 
05:58:59.710503 OFF flow>4268 srcPort>46855 dst>fd10:62:100::2/22068 
05:58:59.742222 OFF flow>4260 srcPort>36947 dst>fd10:62:100::2/22060 
05:58:59.765572 ON flow>4604 srcPort>44163 dst>fd10:62:100::2/22404 
05:58:59.788334 CONNECT flow>4604 srcPort>44163 dst>fd10:62:100::2/22404 
05:58:59.795385 SHUTDOWN flow>4276 srcPort>40657 dst>fd10:62:100::2/22076 
05:58:59.867305 OFF flow>4276 srcPort>40657 dst>fd10:62:100::2/22076 
05:58:59.931253 ON flow>4612 srcPort>41283 dst>fd10:62:100::2/22412 
05:58:59.951027 CONNECT flow>4612 srcPort>41283 dst>fd10:62:100::2/22412 
05:58:59.966323 SHUTDOWN flow>4284 srcPort>37993 dst>fd10:62:100::2/22084 
05:59:00.017067 SHUTDOWN flow>4292 srcPort>41921 dst>fd10:62:100::2/22092 
05:59:00.050424 ON flow>4620 srcPort>45497 dst>fd10:62:100::2/22420 
05:59:00.077374 CONNECT flow>4620 srcPort>45497 dst>fd10:62:100::2/22420 
05:59:00.159282 OFF flow>4284 srcPort>37993 dst>fd10:62:100::2/22084 
05:59:00.168188 ON flow>4628 srcPort>33159 dst>fd10:62:100::2/22428 
05:59:00.178285 SHUTDOWN flow>4300 srcPort>36027 dst>fd10:62:100::2/22100 
05:59:00.195126 CONNECT flow>4628 srcPort>33159 dst>fd10:62:100::2/22428 
05:59:00.294311 ON flow>4636 srcPort>38897 dst>fd10:62:100::2/22436 
05:59:00.306309 SHUTDOWN flow>4316 srcPort>38465 dst>fd10:62:100::2/22116 
05:59:00.312317 CONNECT flow>4636 srcPort>38897 dst>fd10:62:100::2/22436 
05:59:00.341883 ON flow>4644 srcPort>40019 dst>fd10:62:100::2/22444 
05:59:00.363253 CONNECT flow>4644 srcPort>40019 dst>fd10:62:100::2/22444 
05:59:00.381806 SHUTDOWN flow>4308 srcPort>35803 dst>fd10:62:100::2/22108 
05:59:00.447543 SHUTDOWN flow>4332 srcPort>37009 dst>fd10:62:100::2/22132 
05:59:00.476547 OFF flow>4300 srcPort>36027 dst>fd10:62:100::2/22100 
05:59:00.490872 OFF flow>4316 srcPort>38465 dst>fd10:62:100::2/22116 
05:59:00.496459 ON flow>4652 srcPort>33365 dst>fd10:62:100::2/22452 
05:59:00.497208 SHUTDOWN flow>4324 srcPort>46453 dst>fd10:62:100::2/22124 
05:59:00.515002 CONNECT flow>4652 srcPort>33365 dst>fd10:62:100::2/22452 
05:59:00.559761 OFF flow>4292 srcPort>41921 dst>fd10:62:100::2/22092 
05:59:00.569253 ON flow>4660 srcPort>40591 dst>fd10:62:100::2/22460 
05:59:00.590873 CONNECT flow>4660 srcPort>40591 dst>fd10:62:100::2/22460 
05:59:00.640546 SHUTDOWN flow>4340 srcPort>45489 dst>fd10:62:100::2/22140 
05:59:00.649814 ON flow>4668 srcPort>33057 dst>fd10:62:100::2/22468 
05:59:00.656942 OFF flow>4308 srcPort>35803 dst>fd10:62:100::2/22108 
05:59:00.662766 CONNECT flow>4668 srcPort>33057 dst>fd10:62:100::2/22468 
05:59:00.668773 SHUTDOWN flow>4348 srcPort>41229 dst>fd10:62:100::2/22148 
05:59:00.719127 OFF flow>4324 srcPort>46453 dst>fd10:62:100::2/22124 
05:59:00.770191 SHUTDOWN flow>4356 srcPort>37693 dst>fd10:62:100::2/22156 
05:59:00.808226 ON flow>4676 srcPort>43373 dst>fd10:62:100::2/22476 
05:59:00.814057 OFF flow>4332 srcPort>37009 dst>fd10:62:100::2/22132 
05:59:00.824959 CONNECT flow>4676 srcPort>43373 dst>fd10:62:100::2/22476 
05:59:00.892460 SHUTDOWN flow>4364 srcPort>41397 dst>fd10:62:100::2/22164 
05:59:00.950134 OFF flow>4340 srcPort>45489 dst>fd10:62:100::2/22140 
05:59:00.952488 ON flow>4684 srcPort>37091 dst>fd10:62:100::2/22484 
05:59:00.974446 CONNECT flow>4684 srcPort>37091 dst>fd10:62:100::2/22484 
05:59:01.034359 OFF flow>4364 srcPort>41397 dst>fd10:62:100::2/22164 
05:59:01.034559 SHUTDOWN flow>4372 srcPort>37575 dst>fd10:62:100::2/22172 
05:59:01.154044 ON flow>4692 srcPort>41843 dst>fd10:62:100::2/22492 
05:59:01.167511 CONNECT flow>4692 srcPort>41843 dst>fd10:62:100::2/22492 
05:59:01.196349 ON flow>4700 srcPort>44315 dst>fd10:62:100::2/22500 
05:59:01.204471 OFF flow>4348 srcPort>41229 dst>fd10:62:100::2/22148 
05:59:01.213263 CONNECT flow>4700 srcPort>44315 dst>fd10:62:100::2/22500 
05:59:01.215473 SHUTDOWN flow>4380 srcPort>45465 dst>fd10:62:100::2/22180 
05:59:01.232363 OFF flow>4356 srcPort>37693 dst>fd10:62:100::2/22156 
05:59:01.305711 ON flow>4708 srcPort>43649 dst>fd10:62:100::2/22508 
05:59:01.319932 CONNECT flow>4708 srcPort>43649 dst>fd10:62:100::2/22508 
05:59:01.327504 SHUTDOWN flow>4388 srcPort>41559 dst>fd10:62:100::2/22188 
05:59:01.332017 SHUTDOWN flow>4404 srcPort>36071 dst>fd10:62:100::2/22204 
05:59:01.351437 SHUTDOWN flow>4396 srcPort>44115 dst>fd10:62:100::2/22196 
05:59:01.442780 SHUTDOWN flow>4412 srcPort>40999 dst>fd10:62:100::2/22212 
05:59:01.465283 OFF flow>4380 srcPort>45465 dst>fd10:62:100::2/22180 
05:59:01.492142 OFF flow>4372 srcPort>37575 dst>fd10:62:100::2/22172 
05:59:01.492208 OFF flow>4396 srcPort>44115 dst>fd10:62:100::2/22196 
05:59:01.517424 OFF flow>4388 srcPort>41559 dst>fd10:62:100::2/22188 
05:59:01.542007 ON flow>4716 srcPort>38399 dst>fd10:62:100::2/22516 
05:59:01.563789 CONNECT flow>4716 srcPort>38399 dst>fd10:62:100::2/22516 
05:59:01.588770 OFF flow>4404 srcPort>36071 dst>fd10:62:100::2/22204 
05:59:01.619379 SHUTDOWN flow>4420 srcPort>37551 dst>fd10:62:100::2/22220 
05:59:01.801315 SHUTDOWN flow>4428 srcPort>36821 dst>fd10:62:100::2/22228 
05:59:01.842527 ON flow>4724 srcPort>46115 dst>fd10:62:100::2/22524 
05:59:01.868987 CONNECT flow>4724 srcPort>46115 dst>fd10:62:100::2/22524 
05:59:01.967533 OFF flow>4420 srcPort>37551 dst>fd10:62:100::2/22220 
05:59:02.099208 ON flow>4732 srcPort>36679 dst>fd10:62:100::2/22532 
05:59:02.106209 SHUTDOWN flow>4444 srcPort>36671 dst>fd10:62:100::2/22244 
05:59:02.120415 CONNECT flow>4732 srcPort>36679 dst>fd10:62:100::2/22532 
05:59:02.132714 SHUTDOWN flow>4436 srcPort>35341 dst>fd10:62:100::2/22236 
05:59:02.194610 OFF flow>4428 srcPort>36821 dst>fd10:62:100::2/22228 
05:59:02.207604 ON flow>4740 srcPort>42615 dst>fd10:62:100::2/22540 
05:59:02.223948 CONNECT flow>4740 srcPort>42615 dst>fd10:62:100::2/22540 
05:59:02.224990 SHUTDOWN flow>4452 srcPort>43347 dst>fd10:62:100::2/22252 
05:59:02.277483 OFF flow>4436 srcPort>35341 dst>fd10:62:100::2/22236 
05:59:02.292300 SHUTDOWN flow>4460 srcPort>43645 dst>fd10:62:100::2/22260 
05:59:02.349779 OFF flow>4412 srcPort>40999 dst>fd10:62:100::2/22212 
05:59:02.370410 SHUTDOWN flow>4468 srcPort>40143 dst>fd10:62:100::2/22268 
05:59:02.420396 OFF flow>4452 srcPort>43347 dst>fd10:62:100::2/22252 
05:59:02.424349 OFF flow>4444 srcPort>36671 dst>fd10:62:100::2/22244 
05:59:02.491368 OFF flow>4460 srcPort>43645 dst>fd10:62:100::2/22260 
05:59:02.502706 SHUTDOWN flow>4476 srcPort>46207 dst>fd10:62:100::2/22276 
05:59:02.632213 ON flow>4748 srcPort>45315 dst>fd10:62:100::2/22548 
05:59:02.638474 SHUTDOWN flow>4484 srcPort>35261 dst>fd10:62:100::2/22284 
05:59:02.647172 OFF flow>4476 srcPort>46207 dst>fd10:62:100::2/22276 
05:59:02.651850 CONNECT flow>4748 srcPort>45315 dst>fd10:62:100::2/22548 
05:59:02.686853 OFF flow>4468 srcPort>40143 dst>fd10:62:100::2/22268 
05:59:02.733483 ON flow>4756 srcPort>33831 dst>fd10:62:100::2/22556 
05:59:02.736101 SHUTDOWN flow>4492 srcPort>38033 dst>fd10:62:100::2/22292 
05:59:02.751286 CONNECT flow>4756 srcPort>33831 dst>fd10:62:100::2/22556 
05:59:02.758129 OFF flow>4484 srcPort>35261 dst>fd10:62:100::2/22284 
05:59:02.819518 SHUTDOWN flow>4500 srcPort>34581 dst>fd10:62:100::2/22300 
05:59:02.885818 OFF flow>4492 srcPort>38033 dst>fd10:62:100::2/22292 
05:59:02.941760 ON flow>4764 srcPort>36403 dst>fd10:62:100::2/22564 
05:59:02.966303 CONNECT flow>4764 srcPort>36403 dst>fd10:62:100::2/22564 
05:59:03.046945 OFF flow>4500 srcPort>34581 dst>fd10:62:100::2/22300 
05:59:03.056492 SHUTDOWN flow>4508 srcPort>46433 dst>fd10:62:100::2/22308 
05:59:03.062292 ON flow>4772 srcPort>44291 dst>fd10:62:100::2/22572 
05:59:03.097563 CONNECT flow>4772 srcPort>44291 dst>fd10:62:100::2/22572 
05:59:03.146393 SHUTDOWN flow>4524 srcPort>43621 dst>fd10:62:100::2/22324 
05:59:03.177961 SHUTDOWN flow>4516 srcPort>43809 dst>fd10:62:100::2/22316 
05:59:03.196202 ON flow>4780 srcPort>38551 dst>fd10:62:100::2/22580 
05:59:03.224297 CONNECT flow>4780 srcPort>38551 dst>fd10:62:100::2/22580 
05:59:03.310606 SHUTDOWN flow>4532 srcPort>43465 dst>fd10:62:100::2/22332 
05:59:03.314430 SHUTDOWN flow>4540 srcPort>33427 dst>fd10:62:100::2/22340 
05:59:03.332748 OFF flow>4516 srcPort>43809 dst>fd10:62:100::2/22316 
05:59:03.362322 ON flow>4788 srcPort>43701 dst>fd10:62:100::2/22588 
05:59:03.366038 OFF flow>4532 srcPort>43465 dst>fd10:62:100::2/22332 
05:59:03.367203 OFF flow>4508 srcPort>46433 dst>fd10:62:100::2/22308 
05:59:03.386354 SHUTDOWN flow>4548 srcPort>45287 dst>fd10:62:100::2/22348 
05:59:03.387162 CONNECT flow>4788 srcPort>43701 dst>fd10:62:100::2/22588 
05:59:03.388148 OFF flow>4524 srcPort>43621 dst>fd10:62:100::2/22324 
05:59:03.442155 ON flow>4796 srcPort>42601 dst>fd10:62:100::2/22596 
05:59:03.482679 CONNECT flow>4796 srcPort>42601 dst>fd10:62:100::2/22596 
05:59:03.518661 SHUTDOWN flow>4564 srcPort>46447 dst>fd10:62:100::2/22364 
05:59:03.534503 ON flow>4804 srcPort>43067 dst>fd10:62:100::2/22604 
05:59:03.568249 SHUTDOWN flow>4556 srcPort>42335 dst>fd10:62:100::2/22356 
05:59:03.572738 CONNECT flow>4804 srcPort>43067 dst>fd10:62:100::2/22604 
05:59:03.638774 SHUTDOWN flow>4572 srcPort>42427 dst>fd10:62:100::2/22372 
05:59:03.648638 OFF flow>4540 srcPort>33427 dst>fd10:62:100::2/22340 
05:59:03.677038 ON flow>4812 srcPort>39449 dst>fd10:62:100::2/22612 
05:59:03.687206 OFF flow>4564 srcPort>46447 dst>fd10:62:100::2/22364 
05:59:03.698698 CONNECT flow>4812 srcPort>39449 dst>fd10:62:100::2/22612 
05:59:03.722938 OFF flow>4556 srcPort>42335 dst>fd10:62:100::2/22356 
05:59:03.803431 ON flow>4820 srcPort>45299 dst>fd10:62:100::2/22620 
05:59:03.821353 OFF flow>4572 srcPort>42427 dst>fd10:62:100::2/22372 
05:59:03.835329 CONNECT flow>4820 srcPort>45299 dst>fd10:62:100::2/22620 
05:59:04.024117 SHUTDOWN flow>4580 srcPort>38667 dst>fd10:62:100::2/22380 
05:59:04.111957 ON flow>4828 srcPort>36157 dst>fd10:62:100::2/22628 
05:59:04.115446 SHUTDOWN flow>4588 srcPort>45565 dst>fd10:62:100::2/22388 
05:59:04.136527 CONNECT flow>4828 srcPort>36157 dst>fd10:62:100::2/22628 
05:59:04.152122 OFF flow>4580 srcPort>38667 dst>fd10:62:100::2/22380 
05:59:04.286136 OFF flow>4548 srcPort>45287 dst>fd10:62:100::2/22348 
05:59:04.396561 SHUTDOWN flow>4596 srcPort>33735 dst>fd10:62:100::2/22396 
05:59:04.572439 ON flow>4836 srcPort>44057 dst>fd10:62:100::2/22636 
05:59:04.609005 CONNECT flow>4836 srcPort>44057 dst>fd10:62:100::2/22636 
05:59:04.629556 SHUTDOWN flow>4604 srcPort>44163 dst>fd10:62:100::2/22404 
05:59:04.751938 OFF flow>4588 srcPort>45565 dst>fd10:62:100::2/22388 
05:59:04.801516 SHUTDOWN flow>4612 srcPort>41283 dst>fd10:62:100::2/22412 
05:59:04.881024 ON flow>4844 srcPort>36509 dst>fd10:62:100::2/22644 
05:59:04.886208 SHUTDOWN flow>4620 srcPort>45497 dst>fd10:62:100::2/22420 
05:59:04.894781 CONNECT flow>4844 srcPort>36509 dst>fd10:62:100::2/22644 
05:59:04.958728 OFF flow>4604 srcPort>44163 dst>fd10:62:100::2/22404 
05:59:04.983468 OFF flow>4596 srcPort>33735 dst>fd10:62:100::2/22396 
05:59:05.035052 OFF flow>4620 srcPort>45497 dst>fd10:62:100::2/22420 
05:59:05.047387 SHUTDOWN flow>4628 srcPort>33159 dst>fd10:62:100::2/22428 
05:59:05.087994 ON flow>4852 srcPort>38963 dst>fd10:62:100::2/22652 
05:59:05.112664 CONNECT flow>4852 srcPort>38963 dst>fd10:62:100::2/22652 
05:59:05.126520 OFF flow>4612 srcPort>41283 dst>fd10:62:100::2/22412 
05:59:05.146526 SHUTDOWN flow>4636 srcPort>38897 dst>fd10:62:100::2/22436 
05:59:05.198757 SHUTDOWN flow>4644 srcPort>40019 dst>fd10:62:100::2/22444 
05:59:05.229117 OFF flow>4636 srcPort>38897 dst>fd10:62:100::2/22436 
05:59:05.261647 ON flow>4860 srcPort>43427 dst>fd10:62:100::2/22660 
05:59:05.290024 CONNECT flow>4860 srcPort>43427 dst>fd10:62:100::2/22660 
05:59:05.296392 SHUTDOWN flow>4652 srcPort>33365 dst>fd10:62:100::2/22452 
05:59:05.314162 OFF flow>4644 srcPort>40019 dst>fd10:62:100::2/22444 
05:59:05.435511 ON flow>4868 srcPort>41935 dst>fd10:62:100::2/22668 
05:59:05.450066 CONNECT flow>4868 srcPort>41935 dst>fd10:62:100::2/22668 
05:59:05.468207 SHUTDOWN flow>4660 srcPort>40591 dst>fd10:62:100::2/22460 
05:59:05.500084 SHUTDOWN flow>4668 srcPort>33057 dst>fd10:62:100::2/22468 
05:59:05.502132 OFF flow>4652 srcPort>33365 dst>fd10:62:100::2/22452 
05:59:05.524047 OFF flow>4628 srcPort>33159 dst>fd10:62:100::2/22428 
05:59:05.593421 ON flow>4876 srcPort>39795 dst>fd10:62:100::2/22676 
05:59:05.604863 CONNECT flow>4876 srcPort>39795 dst>fd10:62:100::2/22676 
05:59:05.608109 SHUTDOWN flow>4676 srcPort>43373 dst>fd10:62:100::2/22476 
05:59:05.713837 OFF flow>4660 srcPort>40591 dst>fd10:62:100::2/22460 
05:59:05.720589 ON flow>4884 srcPort>36735 dst>fd10:62:100::2/22684 
05:59:05.730847 CONNECT flow>4884 srcPort>36735 dst>fd10:62:100::2/22684 
05:59:05.733762 OFF flow>4676 srcPort>43373 dst>fd10:62:100::2/22476 
05:59:05.795117 SHUTDOWN flow>4684 srcPort>37091 dst>fd10:62:100::2/22484 
05:59:05.799233 ON flow>4892 srcPort>33959 dst>fd10:62:100::2/22692 
05:59:05.819791 CONNECT flow>4892 srcPort>33959 dst>fd10:62:100::2/22692 
05:59:05.863337 OFF flow>4668 srcPort>33057 dst>fd10:62:100::2/22468 
05:59:05.869200 ON flow>4900 srcPort>44257 dst>fd10:62:100::2/22700 
05:59:05.893823 CONNECT flow>4900 srcPort>44257 dst>fd10:62:100::2/22700 
05:59:05.904613 ON flow>4908 srcPort>35021 dst>fd10:62:100::2/22708 
05:59:05.927988 CONNECT flow>4908 srcPort>35021 dst>fd10:62:100::2/22708 
05:59:05.953778 SHUTDOWN flow>4692 srcPort>41843 dst>fd10:62:100::2/22492 
05:59:05.961959 OFF flow>4684 srcPort>37091 dst>fd10:62:100::2/22484 
05:59:05.975924 ON flow>4916 srcPort>40817 dst>fd10:62:100::2/22716 
05:59:05.999985 CONNECT flow>4916 srcPort>40817 dst>fd10:62:100::2/22716 
05:59:06.056789 SHUTDOWN flow>4700 srcPort>44315 dst>fd10:62:100::2/22500 
05:59:06.068223 ON flow>4924 srcPort>42949 dst>fd10:62:100::2/22724 
05:59:06.088593 CONNECT flow>4924 srcPort>42949 dst>fd10:62:100::2/22724 
05:59:06.105587 SHUTDOWN flow>4708 srcPort>43649 dst>fd10:62:100::2/22508 
05:59:06.184727 OFF flow>4692 srcPort>41843 dst>fd10:62:100::2/22492 
05:59:06.216229 ON flow>4932 srcPort>41683 dst>fd10:62:100::2/22732 
05:59:06.230599 OFF flow>4700 srcPort>44315 dst>fd10:62:100::2/22500 
05:59:06.248091 CONNECT flow>4932 srcPort>41683 dst>fd10:62:100::2/22732 
05:59:06.308700 ON flow>4940 srcPort>46359 dst>fd10:62:100::2/22740 
05:59:06.341880 SHUTDOWN flow>4716 srcPort>38399 dst>fd10:62:100::2/22516 
05:59:06.343858 CONNECT flow>4940 srcPort>46359 dst>fd10:62:100::2/22740 
05:59:06.375599 OFF flow>4708 srcPort>43649 dst>fd10:62:100::2/22508 
05:59:06.415053 ON flow>4948 srcPort>35357 dst>fd10:62:100::2/22748 
05:59:06.455719 CONNECT flow>4948 srcPort>35357 dst>fd10:62:100::2/22748 
05:59:06.473036 ON flow>4956 srcPort>44745 dst>fd10:62:100::2/22756 
05:59:06.512020 CONNECT flow>4956 srcPort>44745 dst>fd10:62:100::2/22756 
05:59:06.525402 ON flow>4964 srcPort>44617 dst>fd10:62:100::2/22764 
05:59:06.549421 CONNECT flow>4964 srcPort>44617 dst>fd10:62:100::2/22764 
05:59:06.568670 OFF flow>4716 srcPort>38399 dst>fd10:62:100::2/22516 
05:59:06.578295 ON flow>4972 srcPort>46391 dst>fd10:62:100::2/22772 
05:59:06.604842 CONNECT flow>4972 srcPort>46391 dst>fd10:62:100::2/22772 
05:59:06.628304 ON flow>4980 srcPort>35835 dst>fd10:62:100::2/22780 
05:59:06.662024 CONNECT flow>4980 srcPort>35835 dst>fd10:62:100::2/22780 
05:59:06.702815 ON flow>4988 srcPort>41749 dst>fd10:62:100::2/22788 
05:59:06.724487 CONNECT flow>4988 srcPort>41749 dst>fd10:62:100::2/22788 
05:59:06.796769 ON flow>4996 srcPort>36123 dst>fd10:62:100::2/22796 
05:59:06.821235 CONNECT flow>4996 srcPort>36123 dst>fd10:62:100::2/22796 
05:59:06.869804 SHUTDOWN flow>4724 srcPort>46115 dst>fd10:62:100::2/22524 
05:59:06.898954 SHUTDOWN flow>4732 srcPort>36679 dst>fd10:62:100::2/22532 
05:59:06.950567 ON flow>5004 srcPort>39171 dst>fd10:62:100::2/22804 
05:59:06.975822 CONNECT flow>5004 srcPort>39171 dst>fd10:62:100::2/22804 
05:59:07.007352 SHUTDOWN flow>4740 srcPort>42615 dst>fd10:62:100::2/22540 
05:59:07.149644 OFF flow>4724 srcPort>46115 dst>fd10:62:100::2/22524 
05:59:07.197600 ON flow>5012 srcPort>39651 dst>fd10:62:100::2/22812 
05:59:07.228461 CONNECT flow>5012 srcPort>39651 dst>fd10:62:100::2/22812 
05:59:07.284829 ON flow>5020 srcPort>36231 dst>fd10:62:100::2/22820 
05:59:07.307873 CONNECT flow>5020 srcPort>36231 dst>fd10:62:100::2/22820 
05:59:07.310813 ON flow>5028 srcPort>44869 dst>fd10:62:100::2/22828 
05:59:07.338331 CONNECT flow>5028 srcPort>44869 dst>fd10:62:100::2/22828 
05:59:07.388130 ON flow>5036 srcPort>34389 dst>fd10:62:100::2/22836 
05:59:07.412743 CONNECT flow>5036 srcPort>34389 dst>fd10:62:100::2/22836 
05:59:07.432084 SHUTDOWN flow>4748 srcPort>45315 dst>fd10:62:100::2/22548 
05:59:07.466649 ON flow>5044 srcPort>45627 dst>fd10:62:100::2/22844 
05:59:07.504272 CONNECT flow>5044 srcPort>45627 dst>fd10:62:100::2/22844 
05:59:07.556949 ON flow>5052 srcPort>45485 dst>fd10:62:100::2/22852 
05:59:07.578703 CONNECT flow>5052 srcPort>45485 dst>fd10:62:100::2/22852 
05:59:07.584266 OFF flow>4740 srcPort>42615 dst>fd10:62:100::2/22540 
05:59:07.596558 ON flow>5060 srcPort>37641 dst>fd10:62:100::2/22860 
05:59:07.622138 CONNECT flow>5060 srcPort>37641 dst>fd10:62:100::2/22860 
05:59:07.672256 ON flow>5068 srcPort>41597 dst>fd10:62:100::2/22868 
05:59:07.692154 SHUTDOWN flow>4756 srcPort>33831 dst>fd10:62:100::2/22556 
05:59:07.699015 CONNECT flow>5068 srcPort>41597 dst>fd10:62:100::2/22868 
05:59:07.743859 ON flow>5076 srcPort>39699 dst>fd10:62:100::2/22876 
05:59:07.748368 SHUTDOWN flow>4764 srcPort>36403 dst>fd10:62:100::2/22564 
05:59:07.781472 CONNECT flow>5076 srcPort>39699 dst>fd10:62:100::2/22876 
05:59:07.905125 OFF flow>4732 srcPort>36679 dst>fd10:62:100::2/22532 
05:59:07.918245 ON flow>5084 srcPort>43589 dst>fd10:62:100::2/22884 
05:59:07.947182 OFF flow>4764 srcPort>36403 dst>fd10:62:100::2/22564 
05:59:07.949032 SHUTDOWN flow>4772 srcPort>44291 dst>fd10:62:100::2/22572 
05:59:07.950665 CONNECT flow>5084 srcPort>43589 dst>fd10:62:100::2/22884 
05:59:08.019341 ON flow>5092 srcPort>42491 dst>fd10:62:100::2/22892 
05:59:08.047883 CONNECT flow>5092 srcPort>42491 dst>fd10:62:100::2/22892 
05:59:08.131532 ON flow>5100 srcPort>35469 dst>fd10:62:100::2/22900 
05:59:08.154720 SHUTDOWN flow>4780 srcPort>38551 dst>fd10:62:100::2/22580 
05:59:08.163688 CONNECT flow>5100 srcPort>35469 dst>fd10:62:100::2/22900 
05:59:08.196651 ON flow>5108 srcPort>38707 dst>fd10:62:100::2/22908 
05:59:08.222473 SHUTDOWN flow>4788 srcPort>43701 dst>fd10:62:100::2/22588 
05:59:08.222512 CONNECT flow>5108 srcPort>38707 dst>fd10:62:100::2/22908 
05:59:08.302380 OFF flow>4756 srcPort>33831 dst>fd10:62:100::2/22556 
05:59:08.341876 ON flow>5116 srcPort>41091 dst>fd10:62:100::2/22916 
05:59:08.365561 CONNECT flow>5116 srcPort>41091 dst>fd10:62:100::2/22916 
05:59:08.372226 OFF flow>4748 srcPort>45315 dst>fd10:62:100::2/22548 
05:59:08.437104 OFF flow>4788 srcPort>43701 dst>fd10:62:100::2/22588 
05:59:08.448706 ON flow>5124 srcPort>37561 dst>fd10:62:100::2/22924 
05:59:08.471084 CONNECT flow>5124 srcPort>37561 dst>fd10:62:100::2/22924 
05:59:08.472623 OFF flow>4780 srcPort>38551 dst>fd10:62:100::2/22580 
05:59:08.475456 SHUTDOWN flow>4804 srcPort>43067 dst>fd10:62:100::2/22604 
05:59:08.476686 SHUTDOWN flow>4812 srcPort>39449 dst>fd10:62:100::2/22612 
05:59:08.567878 SHUTDOWN flow>4796 srcPort>42601 dst>fd10:62:100::2/22596 
05:59:08.652438 OFF flow>4804 srcPort>43067 dst>fd10:62:100::2/22604 
05:59:08.670743 ON flow>5132 srcPort>45935 dst>fd10:62:100::2/22932 
05:59:08.678352 SHUTDOWN flow>4820 srcPort>45299 dst>fd10:62:100::2/22620 
05:59:08.692284 CONNECT flow>5132 srcPort>45935 dst>fd10:62:100::2/22932 
05:59:08.715525 OFF flow>4812 srcPort>39449 dst>fd10:62:100::2/22612 
05:59:08.792328 ON flow>5140 srcPort>33845 dst>fd10:62:100::2/22940 
05:59:08.810561 CONNECT flow>5140 srcPort>33845 dst>fd10:62:100::2/22940 
05:59:08.823564 OFF flow>4772 srcPort>44291 dst>fd10:62:100::2/22572 
05:59:08.884671 ON flow>5148 srcPort>44177 dst>fd10:62:100::2/22948 
05:59:08.891377 OFF flow>4820 srcPort>45299 dst>fd10:62:100::2/22620 
05:59:08.897787 CONNECT flow>5148 srcPort>44177 dst>fd10:62:100::2/22948 
05:59:08.969319 SHUTDOWN flow>4828 srcPort>36157 dst>fd10:62:100::2/22628 
05:59:09.123622 OFF flow>4796 srcPort>42601 dst>fd10:62:100::2/22596 
05:59:09.168876 OFF flow>4828 srcPort>36157 dst>fd10:62:100::2/22628 
05:59:09.239728 ON flow>5156 srcPort>37875 dst>fd10:62:100::2/22956 
05:59:09.264497 CONNECT flow>5156 srcPort>37875 dst>fd10:62:100::2/22956 
05:59:09.406566 SHUTDOWN flow>4836 srcPort>44057 dst>fd10:62:100::2/22636 
05:59:09.411850 ON flow>5164 srcPort>41409 dst>fd10:62:100::2/22964 
05:59:09.428937 CONNECT flow>5164 srcPort>41409 dst>fd10:62:100::2/22964 
05:59:09.568427 OFF flow>4836 srcPort>44057 dst>fd10:62:100::2/22636 
05:59:09.680891 SHUTDOWN flow>4844 srcPort>36509 dst>fd10:62:100::2/22644 
05:59:09.891742 ON flow>5172 srcPort>36147 dst>fd10:62:100::2/22972 
05:59:09.921843 CONNECT flow>5172 srcPort>36147 dst>fd10:62:100::2/22972 
05:59:10.052373 ON flow>5180 srcPort>33935 dst>fd10:62:100::2/22980 
05:59:10.082685 CONNECT flow>5180 srcPort>33935 dst>fd10:62:100::2/22980 
05:59:10.117955 SHUTDOWN flow>4860 srcPort>43427 dst>fd10:62:100::2/22660 
05:59:10.158120 ON flow>5188 srcPort>35115 dst>fd10:62:100::2/22988 
05:59:10.186618 SHUTDOWN flow>4852 srcPort>38963 dst>fd10:62:100::2/22652 
05:59:10.192243 CONNECT flow>5188 srcPort>35115 dst>fd10:62:100::2/22988 
05:59:10.210120 ON flow>5196 srcPort>40459 dst>fd10:62:100::2/22996 
05:59:10.240934 CONNECT flow>5196 srcPort>40459 dst>fd10:62:100::2/22996 
05:59:10.248223 ON flow>5204 srcPort>40015 dst>fd10:62:100::2/23004 
05:59:10.250447 SHUTDOWN flow>4868 srcPort>41935 dst>fd10:62:100::2/22668 
05:59:10.278568 CONNECT flow>5204 srcPort>40015 dst>fd10:62:100::2/23004 
05:59:10.344235 OFF flow>4860 srcPort>43427 dst>fd10:62:100::2/22660 
05:59:10.449617 OFF flow>4844 srcPort>36509 dst>fd10:62:100::2/22644 
05:59:10.485954 OFF flow>4852 srcPort>38963 dst>fd10:62:100::2/22652 
05:59:10.491380 OFF flow>4868 srcPort>41935 dst>fd10:62:100::2/22668 
05:59:10.538243 SHUTDOWN flow>4876 srcPort>39795 dst>fd10:62:100::2/22676 
05:59:10.554173 ON flow>5212 srcPort>42527 dst>fd10:62:100::2/23012 
05:59:10.556680 SHUTDOWN flow>4884 srcPort>36735 dst>fd10:62:100::2/22684 
05:59:10.570002 CONNECT flow>5212 srcPort>42527 dst>fd10:62:100::2/23012 
05:59:10.678356 SHUTDOWN flow>4892 srcPort>33959 dst>fd10:62:100::2/22692 
05:59:10.684323 OFF flow>4884 srcPort>36735 dst>fd10:62:100::2/22684 
05:59:10.822039 SHUTDOWN flow>4900 srcPort>44257 dst>fd10:62:100::2/22700 
05:59:10.829430 ON flow>5220 srcPort>38469 dst>fd10:62:100::2/23020 
05:59:10.848050 CONNECT flow>5220 srcPort>38469 dst>fd10:62:100::2/23020 
05:59:10.881903 OFF flow>4876 srcPort>39795 dst>fd10:62:100::2/22676 
05:59:10.949669 SHUTDOWN flow>4908 srcPort>35021 dst>fd10:62:100::2/22708 
05:59:10.953809 SHUTDOWN flow>4924 srcPort>42949 dst>fd10:62:100::2/22724 
05:59:11.016192 SHUTDOWN flow>4932 srcPort>41683 dst>fd10:62:100::2/22732 
05:59:11.040308 ON flow>5228 srcPort>40231 dst>fd10:62:100::2/23028 
05:59:11.068787 CONNECT flow>5228 srcPort>40231 dst>fd10:62:100::2/23028 
05:59:11.142803 SHUTDOWN flow>4916 srcPort>40817 dst>fd10:62:100::2/22716 
05:59:11.176030 OFF flow>4892 srcPort>33959 dst>fd10:62:100::2/22692 
05:59:11.180894 SHUTDOWN flow>4940 srcPort>46359 dst>fd10:62:100::2/22740 
05:59:11.181853 ON flow>5236 srcPort>38641 dst>fd10:62:100::2/23036 
05:59:11.195518 CONNECT flow>5236 srcPort>38641 dst>fd10:62:100::2/23036 
05:59:11.276982 OFF flow>4924 srcPort>42949 dst>fd10:62:100::2/22724 
05:59:11.283764 OFF flow>4900 srcPort>44257 dst>fd10:62:100::2/22700 
05:59:11.320061 ON flow>5244 srcPort>43143 dst>fd10:62:100::2/23044 
05:59:11.325297 SHUTDOWN flow>4964 srcPort>44617 dst>fd10:62:100::2/22764 
05:59:11.334949 SHUTDOWN flow>4956 srcPort>44745 dst>fd10:62:100::2/22756 
05:59:11.338857 CONNECT flow>5244 srcPort>43143 dst>fd10:62:100::2/23044 
05:59:11.354645 OFF flow>4908 srcPort>35021 dst>fd10:62:100::2/22708 
05:59:11.363246 OFF flow>4940 srcPort>46359 dst>fd10:62:100::2/22740 
05:59:11.394151 SHUTDOWN flow>4948 srcPort>35357 dst>fd10:62:100::2/22748 
05:59:11.438484 ON flow>5252 srcPort>33649 dst>fd10:62:100::2/23052 
05:59:11.455066 CONNECT flow>5252 srcPort>33649 dst>fd10:62:100::2/23052 
05:59:11.482858 OFF flow>4932 srcPort>41683 dst>fd10:62:100::2/22732 
05:59:11.504606 OFF flow>4956 srcPort>44745 dst>fd10:62:100::2/22756 
05:59:11.565935 SHUTDOWN flow>4972 srcPort>46391 dst>fd10:62:100::2/22772 
05:59:11.568399 ON flow>5260 srcPort>42215 dst>fd10:62:100::2/23060 
05:59:11.582455 SHUTDOWN flow>4980 srcPort>35835 dst>fd10:62:100::2/22780 
05:59:11.585408 CONNECT flow>5260 srcPort>42215 dst>fd10:62:100::2/23060 
05:59:11.588818 OFF flow>4916 srcPort>40817 dst>fd10:62:100::2/22716 
05:59:11.664815 SHUTDOWN flow>4996 srcPort>36123 dst>fd10:62:100::2/22796 
05:59:11.715565 OFF flow>4948 srcPort>35357 dst>fd10:62:100::2/22748 
05:59:11.734779 SHUTDOWN flow>4988 srcPort>41749 dst>fd10:62:100::2/22788 
05:59:11.736455 ON flow>5268 srcPort>33385 dst>fd10:62:100::2/23068 
05:59:11.750287 SHUTDOWN flow>5004 srcPort>39171 dst>fd10:62:100::2/22804 
05:59:11.756394 CONNECT flow>5268 srcPort>33385 dst>fd10:62:100::2/23068 
05:59:11.827998 ON flow>5276 srcPort>37269 dst>fd10:62:100::2/23076 
05:59:11.852371 OFF flow>4964 srcPort>44617 dst>fd10:62:100::2/22764 
05:59:11.861360 CONNECT flow>5276 srcPort>37269 dst>fd10:62:100::2/23076 
05:59:12.011200 ON flow>5284 srcPort>35587 dst>fd10:62:100::2/23084 
05:59:12.032674 CONNECT flow>5284 srcPort>35587 dst>fd10:62:100::2/23084 
05:59:12.045926 OFF flow>5004 srcPort>39171 dst>fd10:62:100::2/22804 
05:59:12.086480 OFF flow>4980 srcPort>35835 dst>fd10:62:100::2/22780 
05:59:12.124809 ON flow>5292 srcPort>36007 dst>fd10:62:100::2/23092 
05:59:12.145687 CONNECT flow>5292 srcPort>36007 dst>fd10:62:100::2/23092 
05:59:12.171923 SHUTDOWN flow>5020 srcPort>36231 dst>fd10:62:100::2/22820 
05:59:12.193802 OFF flow>4996 srcPort>36123 dst>fd10:62:100::2/22796 
05:59:12.197320 SHUTDOWN flow>5036 srcPort>34389 dst>fd10:62:100::2/22836 
05:59:12.229697 SHUTDOWN flow>5028 srcPort>44869 dst>fd10:62:100::2/22828 
05:59:12.232829 ON flow>5300 srcPort>34025 dst>fd10:62:100::2/23100 
05:59:12.250877 CONNECT flow>5300 srcPort>34025 dst>fd10:62:100::2/23100 
05:59:12.348335 SHUTDOWN flow>5012 srcPort>39651 dst>fd10:62:100::2/22812 
05:59:12.356805 SHUTDOWN flow>5052 srcPort>45485 dst>fd10:62:100::2/22852 
05:59:12.364077 OFF flow>5020 srcPort>36231 dst>fd10:62:100::2/22820 
05:59:12.392731 OFF flow>4988 srcPort>41749 dst>fd10:62:100::2/22788 
05:59:12.396393 SHUTDOWN flow>5060 srcPort>37641 dst>fd10:62:100::2/22860 
05:59:12.408729 ON flow>5308 srcPort>46663 dst>fd10:62:100::2/23108 
05:59:12.427572 SHUTDOWN flow>5044 srcPort>45627 dst>fd10:62:100::2/22844 
05:59:12.436492 CONNECT flow>5308 srcPort>46663 dst>fd10:62:100::2/23108 
05:59:12.447685 OFF flow>4972 srcPort>46391 dst>fd10:62:100::2/22772 
05:59:12.580836 SHUTDOWN flow>5068 srcPort>41597 dst>fd10:62:100::2/22868 
05:59:12.590101 OFF flow>5060 srcPort>37641 dst>fd10:62:100::2/22860 
05:59:12.611772 ON flow>5316 srcPort>35509 dst>fd10:62:100::2/23116 
05:59:12.613655 SHUTDOWN flow>5076 srcPort>39699 dst>fd10:62:100::2/22876 
05:59:12.621620 OFF flow>5052 srcPort>45485 dst>fd10:62:100::2/22852 
05:59:12.627557 CONNECT flow>5316 srcPort>35509 dst>fd10:62:100::2/23116 
05:59:12.718108 SHUTDOWN flow>5084 srcPort>43589 dst>fd10:62:100::2/22884 
05:59:12.721693 ON flow>5324 srcPort>39765 dst>fd10:62:100::2/23124 
05:59:12.732891 OFF flow>5036 srcPort>34389 dst>fd10:62:100::2/22836 
05:59:12.736091 CONNECT flow>5324 srcPort>39765 dst>fd10:62:100::2/23124 
05:59:12.791819 OFF flow>5012 srcPort>39651 dst>fd10:62:100::2/22812 
05:59:12.837824 OFF flow>5068 srcPort>41597 dst>fd10:62:100::2/22868 
05:59:12.879137 SHUTDOWN flow>5092 srcPort>42491 dst>fd10:62:100::2/22892 
05:59:12.903215 OFF flow>5028 srcPort>44869 dst>fd10:62:100::2/22828 
05:59:12.931374 SHUTDOWN flow>5100 srcPort>35469 dst>fd10:62:100::2/22900 
05:59:12.942109 OFF flow>5076 srcPort>39699 dst>fd10:62:100::2/22876 
05:59:12.947563 OFF flow>5044 srcPort>45627 dst>fd10:62:100::2/22844 
05:59:12.958834 ON flow>5332 srcPort>35751 dst>fd10:62:100::2/23132 
05:59:12.975985 CONNECT flow>5332 srcPort>35751 dst>fd10:62:100::2/23132 
05:59:12.999329 OFF flow>5084 srcPort>43589 dst>fd10:62:100::2/22884 
05:59:13.041451 OFF flow>5092 srcPort>42491 dst>fd10:62:100::2/22892 
05:59:13.129628 ON flow>5340 srcPort>43741 dst>fd10:62:100::2/23140 
05:59:13.141781 SHUTDOWN flow>5116 srcPort>41091 dst>fd10:62:100::2/22916 
05:59:13.148765 CONNECT flow>5340 srcPort>43741 dst>fd10:62:100::2/23140 
05:59:13.201762 SHUTDOWN flow>5108 srcPort>38707 dst>fd10:62:100::2/22908 
05:59:13.248568 SHUTDOWN flow>5124 srcPort>37561 dst>fd10:62:100::2/22924 
05:59:13.278818 OFF flow>5116 srcPort>41091 dst>fd10:62:100::2/22916 
05:59:13.355841 OFF flow>5108 srcPort>38707 dst>fd10:62:100::2/22908 
05:59:13.383732 OFF flow>5100 srcPort>35469 dst>fd10:62:100::2/22900 
05:59:13.445581 OFF flow>5124 srcPort>37561 dst>fd10:62:100::2/22924 
05:59:13.537178 ON flow>5348 srcPort>41279 dst>fd10:62:100::2/23148 
05:59:13.562257 CONNECT flow>5348 srcPort>41279 dst>fd10:62:100::2/23148 
05:59:13.592067 SHUTDOWN flow>5140 srcPort>33845 dst>fd10:62:100::2/22940 
05:59:13.631141 SHUTDOWN flow>5132 srcPort>45935 dst>fd10:62:100::2/22932 
05:59:13.648593 ON flow>5356 srcPort>37353 dst>fd10:62:100::2/23156 
05:59:13.658906 CONNECT flow>5356 srcPort>37353 dst>fd10:62:100::2/23156 
05:59:13.684555 SHUTDOWN flow>5148 srcPort>44177 dst>fd10:62:100::2/22948 
05:59:13.757257 ON flow>5364 srcPort>38233 dst>fd10:62:100::2/23164 
05:59:13.784043 CONNECT flow>5364 srcPort>38233 dst>fd10:62:100::2/23164 
05:59:13.833362 OFF flow>5140 srcPort>33845 dst>fd10:62:100::2/22940 
05:59:13.834893 OFF flow>5148 srcPort>44177 dst>fd10:62:100::2/22948 
05:59:13.890347 ON flow>5372 srcPort>40435 dst>fd10:62:100::2/23172 
05:59:13.913034 CONNECT flow>5372 srcPort>40435 dst>fd10:62:100::2/23172 
05:59:13.983313 ON flow>5380 srcPort>34395 dst>fd10:62:100::2/23180 
05:59:14.005403 CONNECT flow>5380 srcPort>34395 dst>fd10:62:100::2/23180 
05:59:14.048002 OFF flow>5132 srcPort>45935 dst>fd10:62:100::2/22932 
05:59:14.072513 SHUTDOWN flow>5156 srcPort>37875 dst>fd10:62:100::2/22956 
05:59:14.147832 ON flow>5388 srcPort>35527 dst>fd10:62:100::2/23188 
05:59:14.171244 CONNECT flow>5388 srcPort>35527 dst>fd10:62:100::2/23188 
05:59:14.293115 SHUTDOWN flow>5164 srcPort>41409 dst>fd10:62:100::2/22964 
05:59:14.339635 ON flow>5396 srcPort>36777 dst>fd10:62:100::2/23196 
05:59:14.359656 CONNECT flow>5396 srcPort>36777 dst>fd10:62:100::2/23196 
05:59:14.385632 OFF flow>5156 srcPort>37875 dst>fd10:62:100::2/22956 
05:59:14.419888 ON flow>5404 srcPort>43511 dst>fd10:62:100::2/23204 
05:59:14.432777 OFF flow>5164 srcPort>41409 dst>fd10:62:100::2/22964 
05:59:14.444458 CONNECT flow>5404 srcPort>43511 dst>fd10:62:100::2/23204 
05:59:14.532618 ON flow>5412 srcPort>34859 dst>fd10:62:100::2/23212 
05:59:14.547715 CONNECT flow>5412 srcPort>34859 dst>fd10:62:100::2/23212 
05:59:14.606215 ON flow>5420 srcPort>42931 dst>fd10:62:100::2/23220 
05:59:14.624680 CONNECT flow>5420 srcPort>42931 dst>fd10:62:100::2/23220 
05:59:14.704530 ON flow>5428 srcPort>44003 dst>fd10:62:100::2/23228 
05:59:14.715064 CONNECT flow>5428 srcPort>44003 dst>fd10:62:100::2/23228 
05:59:14.829106 SHUTDOWN flow>5172 srcPort>36147 dst>fd10:62:100::2/22972 
05:59:14.883047 ON flow>5436 srcPort>40901 dst>fd10:62:100::2/23236 
05:59:14.908398 CONNECT flow>5436 srcPort>40901 dst>fd10:62:100::2/23236 
05:59:14.938505 SHUTDOWN flow>5180 srcPort>33935 dst>fd10:62:100::2/22980 
05:59:14.958013 SHUTDOWN flow>5188 srcPort>35115 dst>fd10:62:100::2/22988 
05:59:14.987683 ON flow>5444 srcPort>44475 dst>fd10:62:100::2/23244 
05:59:15.008589 CONNECT flow>5444 srcPort>44475 dst>fd10:62:100::2/23244 
05:59:15.010017 SHUTDOWN flow>5196 srcPort>40459 dst>fd10:62:100::2/22996 
05:59:15.065301 ON flow>5452 srcPort>35647 dst>fd10:62:100::2/23252 
05:59:15.086458 CONNECT flow>5452 srcPort>35647 dst>fd10:62:100::2/23252 
05:59:15.113645 SHUTDOWN flow>5204 srcPort>40015 dst>fd10:62:100::2/23004 
05:59:15.123503 ON flow>5460 srcPort>39155 dst>fd10:62:100::2/23260 
05:59:15.149801 CONNECT flow>5460 srcPort>39155 dst>fd10:62:100::2/23260 
05:59:15.157894 OFF flow>5180 srcPort>33935 dst>fd10:62:100::2/22980 
05:59:15.211523 OFF flow>5196 srcPort>40459 dst>fd10:62:100::2/22996 
05:59:15.233481 OFF flow>5188 srcPort>35115 dst>fd10:62:100::2/22988 
05:59:15.236954 ON flow>5468 srcPort>33563 dst>fd10:62:100::2/23268 
05:59:15.259419 CONNECT flow>5468 srcPort>33563 dst>fd10:62:100::2/23268 
05:59:15.309967 ON flow>5476 srcPort>33399 dst>fd10:62:100::2/23276 
05:59:15.332293 CONNECT flow>5476 srcPort>33399 dst>fd10:62:100::2/23276 
05:59:15.344600 OFF flow>5172 srcPort>36147 dst>fd10:62:100::2/22972 
05:59:15.354012 SHUTDOWN flow>5212 srcPort>42527 dst>fd10:62:100::2/23012 
05:59:15.429956 OFF flow>5204 srcPort>40015 dst>fd10:62:100::2/23004 
05:59:15.496082 ON flow>5484 srcPort>40387 dst>fd10:62:100::2/23284 
05:59:15.518661 CONNECT flow>5484 srcPort>40387 dst>fd10:62:100::2/23284 
05:59:15.624987 OFF flow>5212 srcPort>42527 dst>fd10:62:100::2/23012 
05:59:15.638969 SHUTDOWN flow>5220 srcPort>38469 dst>fd10:62:100::2/23020 
05:59:15.768750 ON flow>5492 srcPort>34417 dst>fd10:62:100::2/23292 
05:59:15.795020 CONNECT flow>5492 srcPort>34417 dst>fd10:62:100::2/23292 
05:59:15.857438 OFF flow>5220 srcPort>38469 dst>fd10:62:100::2/23020 
05:59:15.942527 ON flow>5500 srcPort>43527 dst>fd10:62:100::2/23300 
05:59:15.964423 CONNECT flow>5500 srcPort>43527 dst>fd10:62:100::2/23300 
05:59:15.980521 SHUTDOWN flow>5228 srcPort>40231 dst>fd10:62:100::2/23028 
05:59:15.981699 SHUTDOWN flow>5236 srcPort>38641 dst>fd10:62:100::2/23036 
05:59:16.029588 ON flow>5508 srcPort>41635 dst>fd10:62:100::2/23308 
05:59:16.049176 CONNECT flow>5508 srcPort>41635 dst>fd10:62:100::2/23308 
05:59:16.119875 SHUTDOWN flow>5244 srcPort>43143 dst>fd10:62:100::2/23044 
05:59:16.181991 OFF flow>5236 srcPort>38641 dst>fd10:62:100::2/23036 
05:59:16.190129 ON flow>5516 srcPort>34397 dst>fd10:62:100::2/23316 
05:59:16.212844 CONNECT flow>5516 srcPort>34397 dst>fd10:62:100::2/23316 
05:59:16.268286 ON flow>5524 srcPort>34755 dst>fd10:62:100::2/23324 
05:59:16.277255 OFF flow>5228 srcPort>40231 dst>fd10:62:100::2/23028 
05:59:16.290021 CONNECT flow>5524 srcPort>34755 dst>fd10:62:100::2/23324 
05:59:16.358565 ON flow>5532 srcPort>35027 dst>fd10:62:100::2/23332 
05:59:16.382393 CONNECT flow>5532 srcPort>35027 dst>fd10:62:100::2/23332 
05:59:16.385819 SHUTDOWN flow>5252 srcPort>33649 dst>fd10:62:100::2/23052 
05:59:16.443446 ON flow>5540 srcPort>40413 dst>fd10:62:100::2/23340 
05:59:16.468986 CONNECT flow>5540 srcPort>40413 dst>fd10:62:100::2/23340 
05:59:16.571614 SHUTDOWN flow>5268 srcPort>33385 dst>fd10:62:100::2/23068 
05:59:16.574408 OFF flow>5244 srcPort>43143 dst>fd10:62:100::2/23044 
05:59:16.627880 SHUTDOWN flow>5276 srcPort>37269 dst>fd10:62:100::2/23076 
05:59:16.638253 ON flow>5548 srcPort>38173 dst>fd10:62:100::2/23348 
05:59:16.638746 SHUTDOWN flow>5260 srcPort>42215 dst>fd10:62:100::2/23060 
05:59:16.658230 CONNECT flow>5548 srcPort>38173 dst>fd10:62:100::2/23348 
05:59:16.689462 OFF flow>5252 srcPort>33649 dst>fd10:62:100::2/23052 
05:59:16.728940 ON flow>5556 srcPort>37917 dst>fd10:62:100::2/23356 
05:59:16.749212 CONNECT flow>5556 srcPort>37917 dst>fd10:62:100::2/23356 
05:59:16.821227 SHUTDOWN flow>5284 srcPort>35587 dst>fd10:62:100::2/23084 
05:59:16.855870 ON flow>5564 srcPort>39587 dst>fd10:62:100::2/23364 
05:59:16.875894 CONNECT flow>5564 srcPort>39587 dst>fd10:62:100::2/23364 
05:59:16.907110 OFF flow>5260 srcPort>42215 dst>fd10:62:100::2/23060 
05:59:16.924665 SHUTDOWN flow>5292 srcPort>36007 dst>fd10:62:100::2/23092 
05:59:16.935864 OFF flow>5276 srcPort>37269 dst>fd10:62:100::2/23076 
05:59:16.970348 ON flow>5572 srcPort>43993 dst>fd10:62:100::2/23372 
05:59:16.987515 CONNECT flow>5572 srcPort>43993 dst>fd10:62:100::2/23372 
05:59:17.001783 OFF flow>5284 srcPort>35587 dst>fd10:62:100::2/23084 
05:59:17.040802 ON flow>5580 srcPort>45979 dst>fd10:62:100::2/23380 
05:59:17.059411 CONNECT flow>5580 srcPort>45979 dst>fd10:62:100::2/23380 
05:59:17.077979 SHUTDOWN flow>5300 srcPort>34025 dst>fd10:62:100::2/23100 
05:59:17.082963 OFF flow>5268 srcPort>33385 dst>fd10:62:100::2/23068 
05:59:17.113555 ON flow>5588 srcPort>39137 dst>fd10:62:100::2/23388 
05:59:17.133835 CONNECT flow>5588 srcPort>39137 dst>fd10:62:100::2/23388 
05:59:17.203623 ON flow>5596 srcPort>35843 dst>fd10:62:100::2/23396 
05:59:17.208606 SHUTDOWN flow>5308 srcPort>46663 dst>fd10:62:100::2/23108 
05:59:17.222770 CONNECT flow>5596 srcPort>35843 dst>fd10:62:100::2/23396 
05:59:17.246683 OFF flow>5292 srcPort>36007 dst>fd10:62:100::2/23092 
05:59:17.275574 OFF flow>5300 srcPort>34025 dst>fd10:62:100::2/23100 
05:59:17.277885 ON flow>5604 srcPort>38355 dst>fd10:62:100::2/23404 
05:59:17.293724 CONNECT flow>5604 srcPort>38355 dst>fd10:62:100::2/23404 
05:59:17.374944 ON flow>5612 srcPort>42201 dst>fd10:62:100::2/23412 
05:59:17.391337 CONNECT flow>5612 srcPort>42201 dst>fd10:62:100::2/23412 
05:59:17.505053 SHUTDOWN flow>5316 srcPort>35509 dst>fd10:62:100::2/23116 
05:59:17.521473 SHUTDOWN flow>5324 srcPort>39765 dst>fd10:62:100::2/23124 
05:59:17.562065 OFF flow>5308 srcPort>46663 dst>fd10:62:100::2/23108 
05:59:17.661692 ON flow>5620 srcPort>43445 dst>fd10:62:100::2/23420 
05:59:17.670661 CONNECT flow>5620 srcPort>43445 dst>fd10:62:100::2/23420 
05:59:17.682906 OFF flow>5324 srcPort>39765 dst>fd10:62:100::2/23124 
05:59:17.698277 OFF flow>5316 srcPort>35509 dst>fd10:62:100::2/23116 
05:59:17.758618 SHUTDOWN flow>5332 srcPort>35751 dst>fd10:62:100::2/23132 
05:59:17.815900 ON flow>5628 srcPort>41697 dst>fd10:62:100::2/23428 
05:59:17.846720 CONNECT flow>5628 srcPort>41697 dst>fd10:62:100::2/23428 
05:59:17.958745 ON flow>5636 srcPort>41733 dst>fd10:62:100::2/23436 
05:59:18.002738 CONNECT flow>5636 srcPort>41733 dst>fd10:62:100::2/23436 
05:59:18.014945 ON flow>5644 srcPort>46289 dst>fd10:62:100::2/23444 
05:59:18.024754 SHUTDOWN flow>5340 srcPort>43741 dst>fd10:62:100::2/23140 
05:59:18.067478 CONNECT flow>5644 srcPort>46289 dst>fd10:62:100::2/23444 
05:59:18.095226 ON flow>5652 srcPort>38435 dst>fd10:62:100::2/23452 
05:59:18.102009 OFF flow>5332 srcPort>35751 dst>fd10:62:100::2/23132 
05:59:18.147853 CONNECT flow>5652 srcPort>38435 dst>fd10:62:100::2/23452 
05:59:18.231190 OFF flow>5340 srcPort>43741 dst>fd10:62:100::2/23140 
05:59:18.246499 ON flow>5660 srcPort>41945 dst>fd10:62:100::2/23460 
05:59:18.286607 CONNECT flow>5660 srcPort>41945 dst>fd10:62:100::2/23460 
05:59:18.413156 SHUTDOWN flow>5348 srcPort>41279 dst>fd10:62:100::2/23148 
05:59:18.430705 ON flow>5668 srcPort>45291 dst>fd10:62:100::2/23468 
05:59:18.446030 CONNECT flow>5668 srcPort>45291 dst>fd10:62:100::2/23468 
05:59:18.448388 SHUTDOWN flow>5356 srcPort>37353 dst>fd10:62:100::2/23156 
05:59:18.499657 ON flow>5676 srcPort>45863 dst>fd10:62:100::2/23476 
05:59:18.513300 CONNECT flow>5676 srcPort>45863 dst>fd10:62:100::2/23476 
05:59:18.599528 ON flow>5684 srcPort>33089 dst>fd10:62:100::2/23484 
05:59:18.613123 CONNECT flow>5684 srcPort>33089 dst>fd10:62:100::2/23484 
05:59:18.620162 OFF flow>5348 srcPort>41279 dst>fd10:62:100::2/23148 
05:59:18.681679 ON flow>5692 srcPort>36031 dst>fd10:62:100::2/23492 
05:59:18.697782 CONNECT flow>5692 srcPort>36031 dst>fd10:62:100::2/23492 
05:59:18.699426 SHUTDOWN flow>5364 srcPort>38233 dst>fd10:62:100::2/23164 
05:59:18.778128 ON flow>5700 srcPort>45851 dst>fd10:62:100::2/23500 
05:59:18.781057 SHUTDOWN flow>5372 srcPort>40435 dst>fd10:62:100::2/23172 
05:59:18.797654 CONNECT flow>5700 srcPort>45851 dst>fd10:62:100::2/23500 
05:59:18.822301 OFF flow>5356 srcPort>37353 dst>fd10:62:100::2/23156 
05:59:18.842616 ON flow>5708 srcPort>44913 dst>fd10:62:100::2/23508 
05:59:18.860017 SHUTDOWN flow>5380 srcPort>34395 dst>fd10:62:100::2/23180 
05:59:18.868971 CONNECT flow>5708 srcPort>44913 dst>fd10:62:100::2/23508 
05:59:18.921808 ON flow>5716 srcPort>37501 dst>fd10:62:100::2/23516 
05:59:18.947704 SHUTDOWN flow>5388 srcPort>35527 dst>fd10:62:100::2/23188 
05:59:18.948809 CONNECT flow>5716 srcPort>37501 dst>fd10:62:100::2/23516 
05:59:18.961889 OFF flow>5364 srcPort>38233 dst>fd10:62:100::2/23164 
05:59:19.031140 ON flow>5724 srcPort>43533 dst>fd10:62:100::2/23524 
05:59:19.055430 CONNECT flow>5724 srcPort>43533 dst>fd10:62:100::2/23524 
05:59:19.082115 OFF flow>5372 srcPort>40435 dst>fd10:62:100::2/23172 
05:59:19.152779 ON flow>5732 srcPort>35775 dst>fd10:62:100::2/23532 
05:59:19.160828 OFF flow>5380 srcPort>34395 dst>fd10:62:100::2/23180 
05:59:19.164399 OFF flow>5388 srcPort>35527 dst>fd10:62:100::2/23188 
05:59:19.181945 CONNECT flow>5732 srcPort>35775 dst>fd10:62:100::2/23532 
05:59:19.332488 SHUTDOWN flow>5412 srcPort>34859 dst>fd10:62:100::2/23212 
05:59:19.356458 ON flow>5740 srcPort>43497 dst>fd10:62:100::2/23540 
05:59:19.363112 SHUTDOWN flow>5396 srcPort>36777 dst>fd10:62:100::2/23196 
05:59:19.374134 CONNECT flow>5740 srcPort>43497 dst>fd10:62:100::2/23540 
05:59:19.376901 SHUTDOWN flow>5404 srcPort>43511 dst>fd10:62:100::2/23204 
05:59:19.444487 ON flow>5748 srcPort>42947 dst>fd10:62:100::2/23548 
05:59:19.462495 CONNECT flow>5748 srcPort>42947 dst>fd10:62:100::2/23548 
05:59:19.504411 SHUTDOWN flow>5428 srcPort>44003 dst>fd10:62:100::2/23228 
05:59:19.546430 SHUTDOWN flow>5420 srcPort>42931 dst>fd10:62:100::2/23220 
05:59:19.550199 ON flow>5756 srcPort>44007 dst>fd10:62:100::2/23556 
05:59:19.565413 CONNECT flow>5756 srcPort>44007 dst>fd10:62:100::2/23556 
05:59:19.625694 OFF flow>5396 srcPort>36777 dst>fd10:62:100::2/23196 
05:59:19.668615 OFF flow>5404 srcPort>43511 dst>fd10:62:100::2/23204 
05:59:19.682970 SHUTDOWN flow>5436 srcPort>40901 dst>fd10:62:100::2/23236 
05:59:19.744827 ON flow>5764 srcPort>37355 dst>fd10:62:100::2/23564 
05:59:19.744857 OFF flow>5428 srcPort>44003 dst>fd10:62:100::2/23228 
05:59:19.779161 CONNECT flow>5764 srcPort>37355 dst>fd10:62:100::2/23564 
05:59:19.786216 OFF flow>5420 srcPort>42931 dst>fd10:62:100::2/23220 
05:59:19.787609 SHUTDOWN flow>5444 srcPort>44475 dst>fd10:62:100::2/23244 
05:59:19.834841 ON flow>5772 srcPort>42223 dst>fd10:62:100::2/23572 
05:59:19.865238 SHUTDOWN flow>5452 srcPort>35647 dst>fd10:62:100::2/23252 
05:59:19.868267 CONNECT flow>5772 srcPort>42223 dst>fd10:62:100::2/23572 
05:59:19.903902 ON flow>5780 srcPort>33317 dst>fd10:62:100::2/23580 
05:59:19.937152 ON flow>5788 srcPort>42089 dst>fd10:62:100::2/23588 
05:59:19.938572 CONNECT flow>5780 srcPort>33317 dst>fd10:62:100::2/23580 
05:59:19.976756 CONNECT flow>5788 srcPort>42089 dst>fd10:62:100::2/23588 
05:59:19.990765 ON flow>5796 srcPort>41699 dst>fd10:62:100::2/23596 
05:59:20.024051 CONNECT flow>5796 srcPort>41699 dst>fd10:62:100::2/23596 
05:59:20.054002 ON flow>5804 srcPort>39147 dst>fd10:62:100::2/23604 
05:59:20.077115 CONNECT flow>5804 srcPort>39147 dst>fd10:62:100::2/23604 
05:59:20.108419 SHUTDOWN flow>5460 srcPort>39155 dst>fd10:62:100::2/23260 
05:59:20.120075 ON flow>5812 srcPort>39907 dst>fd10:62:100::2/23612 
05:59:20.128322 OFF flow>5436 srcPort>40901 dst>fd10:62:100::2/23236 
05:59:20.142846 CONNECT flow>5812 srcPort>39907 dst>fd10:62:100::2/23612 
05:59:20.207377 ON flow>5820 srcPort>40205 dst>fd10:62:100::2/23620 
05:59:20.211297 OFF flow>5412 srcPort>34859 dst>fd10:62:100::2/23212 
05:59:20.223509 SHUTDOWN flow>5468 srcPort>33563 dst>fd10:62:100::2/23268 
05:59:20.228755 CONNECT flow>5820 srcPort>40205 dst>fd10:62:100::2/23620 
05:59:20.295859 SHUTDOWN flow>5484 srcPort>40387 dst>fd10:62:100::2/23284 
05:59:20.303980 SHUTDOWN flow>5476 srcPort>33399 dst>fd10:62:100::2/23276 
05:59:20.336023 OFF flow>5452 srcPort>35647 dst>fd10:62:100::2/23252 
05:59:20.350226 ON flow>5828 srcPort>43839 dst>fd10:62:100::2/23628 
05:59:20.369880 CONNECT flow>5828 srcPort>43839 dst>fd10:62:100::2/23628 
05:59:20.405552 OFF flow>5460 srcPort>39155 dst>fd10:62:100::2/23260 
05:59:20.479046 OFF flow>5484 srcPort>40387 dst>fd10:62:100::2/23284 
05:59:20.517637 OFF flow>5444 srcPort>44475 dst>fd10:62:100::2/23244 
05:59:20.541346 ON flow>5836 srcPort>36613 dst>fd10:62:100::2/23636 
05:59:20.556859 CONNECT flow>5836 srcPort>36613 dst>fd10:62:100::2/23636 
05:59:20.600083 OFF flow>5476 srcPort>33399 dst>fd10:62:100::2/23276 
05:59:20.683572 ON flow>5844 srcPort>38119 dst>fd10:62:100::2/23644 
05:59:20.702955 CONNECT flow>5844 srcPort>38119 dst>fd10:62:100::2/23644 
05:59:20.742422 SHUTDOWN flow>5500 srcPort>43527 dst>fd10:62:100::2/23300 
05:59:20.747368 OFF flow>5468 srcPort>33563 dst>fd10:62:100::2/23268 
05:59:20.762425 SHUTDOWN flow>5492 srcPort>34417 dst>fd10:62:100::2/23292 
05:59:20.780379 ON flow>5852 srcPort>37983 dst>fd10:62:100::2/23652 
05:59:20.802450 CONNECT flow>5852 srcPort>37983 dst>fd10:62:100::2/23652 
05:59:20.912511 SHUTDOWN flow>5508 srcPort>41635 dst>fd10:62:100::2/23308 
05:59:20.921848 OFF flow>5500 srcPort>43527 dst>fd10:62:100::2/23300 
05:59:20.990049 SHUTDOWN flow>5516 srcPort>34397 dst>fd10:62:100::2/23316 
05:59:21.032542 OFF flow>5492 srcPort>34417 dst>fd10:62:100::2/23292 
05:59:21.073995 ON flow>5860 srcPort>44385 dst>fd10:62:100::2/23660 
05:59:21.086065 CONNECT flow>5860 srcPort>44385 dst>fd10:62:100::2/23660 
05:59:21.088305 SHUTDOWN flow>5524 srcPort>34755 dst>fd10:62:100::2/23324 
05:59:21.168047 OFF flow>5516 srcPort>34397 dst>fd10:62:100::2/23316 
05:59:21.177570 OFF flow>5508 srcPort>41635 dst>fd10:62:100::2/23308 
05:59:21.243082 SHUTDOWN flow>5540 srcPort>40413 dst>fd10:62:100::2/23340 
05:59:21.250969 SHUTDOWN flow>5532 srcPort>35027 dst>fd10:62:100::2/23332 
05:59:21.262633 ON flow>5868 srcPort>37343 dst>fd10:62:100::2/23668 
05:59:21.281094 CONNECT flow>5868 srcPort>37343 dst>fd10:62:100::2/23668 
05:59:21.322144 OFF flow>5524 srcPort>34755 dst>fd10:62:100::2/23324 
05:59:21.392193 ON flow>5876 srcPort>39623 dst>fd10:62:100::2/23676 
05:59:21.413001 CONNECT flow>5876 srcPort>39623 dst>fd10:62:100::2/23676 
05:59:21.432172 OFF flow>5532 srcPort>35027 dst>fd10:62:100::2/23332 
05:59:21.465818 OFF flow>5540 srcPort>40413 dst>fd10:62:100::2/23340 
05:59:21.538898 SHUTDOWN flow>5548 srcPort>38173 dst>fd10:62:100::2/23348 
05:59:21.566734 SHUTDOWN flow>5556 srcPort>37917 dst>fd10:62:100::2/23356 
05:59:21.655722 SHUTDOWN flow>5564 srcPort>39587 dst>fd10:62:100::2/23364 
05:59:21.776046 SHUTDOWN flow>5572 srcPort>43993 dst>fd10:62:100::2/23372 
05:59:21.833869 ON flow>5884 srcPort>39683 dst>fd10:62:100::2/23684 
05:59:21.836080 OFF flow>5564 srcPort>39587 dst>fd10:62:100::2/23364 
05:59:21.840572 SHUTDOWN flow>5580 srcPort>45979 dst>fd10:62:100::2/23380 
05:59:21.843402 OFF flow>5548 srcPort>38173 dst>fd10:62:100::2/23348 
05:59:21.859585 CONNECT flow>5884 srcPort>39683 dst>fd10:62:100::2/23684 
05:59:21.913296 SHUTDOWN flow>5588 srcPort>39137 dst>fd10:62:100::2/23388 
05:59:21.952157 OFF flow>5556 srcPort>37917 dst>fd10:62:100::2/23356 
05:59:21.993860 OFF flow>5572 srcPort>43993 dst>fd10:62:100::2/23372 
05:59:22.003493 SHUTDOWN flow>5596 srcPort>35843 dst>fd10:62:100::2/23396 
05:59:22.082976 SHUTDOWN flow>5604 srcPort>38355 dst>fd10:62:100::2/23404 
05:59:22.104130 OFF flow>5588 srcPort>39137 dst>fd10:62:100::2/23388 
05:59:22.117989 ON flow>5892 srcPort>32863 dst>fd10:62:100::2/23692 
05:59:22.132086 CONNECT flow>5892 srcPort>32863 dst>fd10:62:100::2/23692 
05:59:22.227176 ON flow>5900 srcPort>42629 dst>fd10:62:100::2/23700 
05:59:22.244416 CONNECT flow>5900 srcPort>42629 dst>fd10:62:100::2/23700 
05:59:22.248493 OFF flow>5596 srcPort>35843 dst>fd10:62:100::2/23396 
05:59:22.263159 OFF flow>5604 srcPort>38355 dst>fd10:62:100::2/23404 
05:59:22.286468 SHUTDOWN flow>5612 srcPort>42201 dst>fd10:62:100::2/23412 
05:59:22.358950 ON flow>5908 srcPort>39289 dst>fd10:62:100::2/23708 
05:59:22.376633 CONNECT flow>5908 srcPort>39289 dst>fd10:62:100::2/23708 
05:59:22.392475 OFF flow>5580 srcPort>45979 dst>fd10:62:100::2/23380 
05:59:22.432354 ON flow>5916 srcPort>45481 dst>fd10:62:100::2/23716 
05:59:22.449450 CONNECT flow>5916 srcPort>45481 dst>fd10:62:100::2/23716 
05:59:22.461487 SHUTDOWN flow>5620 srcPort>43445 dst>fd10:62:100::2/23420 
05:59:22.523290 ON flow>5924 srcPort>37505 dst>fd10:62:100::2/23724 
05:59:22.535282 OFF flow>5612 srcPort>42201 dst>fd10:62:100::2/23412 
05:59:22.546451 CONNECT flow>5924 srcPort>37505 dst>fd10:62:100::2/23724 
05:59:22.615700 SHUTDOWN flow>5628 srcPort>41697 dst>fd10:62:100::2/23428 
05:59:22.668245 ON flow>5932 srcPort>38797 dst>fd10:62:100::2/23732 
05:59:22.693817 CONNECT flow>5932 srcPort>38797 dst>fd10:62:100::2/23732 
05:59:22.806504 ON flow>5940 srcPort>43073 dst>fd10:62:100::2/23740 
05:59:22.814874 SHUTDOWN flow>5644 srcPort>46289 dst>fd10:62:100::2/23444 
05:59:22.830007 CONNECT flow>5940 srcPort>43073 dst>fd10:62:100::2/23740 
05:59:22.883477 SHUTDOWN flow>5636 srcPort>41733 dst>fd10:62:100::2/23436 
05:59:22.954700 ON flow>5948 srcPort>38537 dst>fd10:62:100::2/23748 
05:59:22.956866 OFF flow>5620 srcPort>43445 dst>fd10:62:100::2/23420 
05:59:22.961141 OFF flow>5628 srcPort>41697 dst>fd10:62:100::2/23428 
05:59:22.972364 CONNECT flow>5948 srcPort>38537 dst>fd10:62:100::2/23748 
05:59:22.992160 SHUTDOWN flow>5652 srcPort>38435 dst>fd10:62:100::2/23452 
05:59:23.007785 OFF flow>5644 srcPort>46289 dst>fd10:62:100::2/23444 
05:59:23.046244 SHUTDOWN flow>5660 srcPort>41945 dst>fd10:62:100::2/23460 
05:59:23.141012 OFF flow>5660 srcPort>41945 dst>fd10:62:100::2/23460 
05:59:23.203784 ON flow>5956 srcPort>36641 dst>fd10:62:100::2/23756 
05:59:23.212229 OFF flow>5636 srcPort>41733 dst>fd10:62:100::2/23436 
05:59:23.216937 CONNECT flow>5956 srcPort>36641 dst>fd10:62:100::2/23756 
05:59:23.230574 SHUTDOWN flow>5668 srcPort>45291 dst>fd10:62:100::2/23468 
05:59:23.278965 ON flow>5964 srcPort>39611 dst>fd10:62:100::2/23764 
05:59:23.295197 CONNECT flow>5964 srcPort>39611 dst>fd10:62:100::2/23764 
05:59:23.299543 SHUTDOWN flow>5676 srcPort>45863 dst>fd10:62:100::2/23476 
05:59:23.334604 OFF flow>5676 srcPort>45863 dst>fd10:62:100::2/23476 
05:59:23.347569 OFF flow>5652 srcPort>38435 dst>fd10:62:100::2/23452 
05:59:23.373826 OFF flow>5668 srcPort>45291 dst>fd10:62:100::2/23468 
05:59:23.399341 SHUTDOWN flow>5684 srcPort>33089 dst>fd10:62:100::2/23484 
05:59:23.417836 OFF flow>5684 srcPort>33089 dst>fd10:62:100::2/23484 
05:59:23.460142 ON flow>5972 srcPort>44563 dst>fd10:62:100::2/23772 
05:59:23.477461 CONNECT flow>5972 srcPort>44563 dst>fd10:62:100::2/23772 
05:59:23.481447 SHUTDOWN flow>5692 srcPort>36031 dst>fd10:62:100::2/23492 
05:59:23.503751 OFF flow>5692 srcPort>36031 dst>fd10:62:100::2/23492 
05:59:23.530974 ON flow>5980 srcPort>33343 dst>fd10:62:100::2/23780 
05:59:23.544549 CONNECT flow>5980 srcPort>33343 dst>fd10:62:100::2/23780 
05:59:23.578049 SHUTDOWN flow>5700 srcPort>45851 dst>fd10:62:100::2/23500 
05:59:23.595399 ON flow>5988 srcPort>33535 dst>fd10:62:100::2/23788 
05:59:23.614970 CONNECT flow>5988 srcPort>33535 dst>fd10:62:100::2/23788 
05:59:23.648881 SHUTDOWN flow>5708 srcPort>44913 dst>fd10:62:100::2/23508 
05:59:23.682401 OFF flow>5700 srcPort>45851 dst>fd10:62:100::2/23500 
05:59:23.683145 ON flow>5996 srcPort>34823 dst>fd10:62:100::2/23796 
05:59:23.700136 CONNECT flow>5996 srcPort>34823 dst>fd10:62:100::2/23796 
05:59:23.809210 SHUTDOWN flow>5716 srcPort>37501 dst>fd10:62:100::2/23516 
05:59:23.830948 SHUTDOWN flow>5724 srcPort>43533 dst>fd10:62:100::2/23524 
05:59:23.835585 OFF flow>5708 srcPort>44913 dst>fd10:62:100::2/23508 
05:59:23.871461 OFF flow>5724 srcPort>43533 dst>fd10:62:100::2/23524 
05:59:23.952605 SHUTDOWN flow>5732 srcPort>35775 dst>fd10:62:100::2/23532 
05:59:24.104786 ON flow>6004 srcPort>40733 dst>fd10:62:100::2/23804 
05:59:24.119102 OFF flow>5732 srcPort>35775 dst>fd10:62:100::2/23532 
05:59:24.131208 CONNECT flow>6004 srcPort>40733 dst>fd10:62:100::2/23804 
05:59:24.158904 OFF flow>5716 srcPort>37501 dst>fd10:62:100::2/23516 
05:59:24.198512 SHUTDOWN flow>5740 srcPort>43497 dst>fd10:62:100::2/23540 
05:59:24.244300 SHUTDOWN flow>5748 srcPort>42947 dst>fd10:62:100::2/23548 
05:59:24.350032 SHUTDOWN flow>5756 srcPort>44007 dst>fd10:62:100::2/23556 
05:59:24.365489 OFF flow>5740 srcPort>43497 dst>fd10:62:100::2/23540 
05:59:24.517894 ON flow>6012 srcPort>39411 dst>fd10:62:100::2/23812 
05:59:24.540140 CONNECT flow>6012 srcPort>39411 dst>fd10:62:100::2/23812 
05:59:24.544747 SHUTDOWN flow>5764 srcPort>37355 dst>fd10:62:100::2/23564 
05:59:24.596301 OFF flow>5748 srcPort>42947 dst>fd10:62:100::2/23548 
05:59:24.607275 OFF flow>5756 srcPort>44007 dst>fd10:62:100::2/23556 
05:59:24.634593 SHUTDOWN flow>5772 srcPort>42223 dst>fd10:62:100::2/23572 
05:59:24.764190 SHUTDOWN flow>5788 srcPort>42089 dst>fd10:62:100::2/23588 
05:59:24.790475 OFF flow>5764 srcPort>37355 dst>fd10:62:100::2/23564 
05:59:24.809479 SHUTDOWN flow>5780 srcPort>33317 dst>fd10:62:100::2/23580 
05:59:24.844347 ON flow>6020 srcPort>33285 dst>fd10:62:100::2/23820 
05:59:24.853605 SHUTDOWN flow>5804 srcPort>39147 dst>fd10:62:100::2/23604 
05:59:24.860384 CONNECT flow>6020 srcPort>33285 dst>fd10:62:100::2/23820 
05:59:24.911861 SHUTDOWN flow>5796 srcPort>41699 dst>fd10:62:100::2/23596 
05:59:24.919894 SHUTDOWN flow>5812 srcPort>39907 dst>fd10:62:100::2/23612 
05:59:24.926371 OFF flow>5788 srcPort>42089 dst>fd10:62:100::2/23588 
05:59:24.968843 OFF flow>5772 srcPort>42223 dst>fd10:62:100::2/23572 
05:59:24.997405 OFF flow>5780 srcPort>33317 dst>fd10:62:100::2/23580 
05:59:25.028952 SHUTDOWN flow>5820 srcPort>40205 dst>fd10:62:100::2/23620 
05:59:25.046316 OFF flow>5812 srcPort>39907 dst>fd10:62:100::2/23612 
05:59:25.057591 OFF flow>5804 srcPort>39147 dst>fd10:62:100::2/23604 
05:59:25.099162 OFF flow>5796 srcPort>41699 dst>fd10:62:100::2/23596 
05:59:25.116969 ON flow>6028 srcPort>36779 dst>fd10:62:100::2/23828 
05:59:25.139468 CONNECT flow>6028 srcPort>36779 dst>fd10:62:100::2/23828 
05:59:25.150015 SHUTDOWN flow>5828 srcPort>43839 dst>fd10:62:100::2/23628 
05:59:25.166573 OFF flow>5820 srcPort>40205 dst>fd10:62:100::2/23620 
05:59:25.332064 OFF flow>5828 srcPort>43839 dst>fd10:62:100::2/23628 
05:59:25.400178 SHUTDOWN flow>5836 srcPort>36613 dst>fd10:62:100::2/23636 
05:59:25.487058 SHUTDOWN flow>5844 srcPort>38119 dst>fd10:62:100::2/23644 
05:59:25.558942 ON flow>6036 srcPort>34307 dst>fd10:62:100::2/23836 
05:59:25.577278 CONNECT flow>6036 srcPort>34307 dst>fd10:62:100::2/23836 
05:59:25.665841 SHUTDOWN flow>5852 srcPort>37983 dst>fd10:62:100::2/23652 
05:59:25.681125 OFF flow>5836 srcPort>36613 dst>fd10:62:100::2/23636 
05:59:25.710926 ON flow>6044 srcPort>41681 dst>fd10:62:100::2/23844 
05:59:25.727759 CONNECT flow>6044 srcPort>41681 dst>fd10:62:100::2/23844 
05:59:25.751477 OFF flow>5844 srcPort>38119 dst>fd10:62:100::2/23644 
05:59:25.811602 OFF flow>5852 srcPort>37983 dst>fd10:62:100::2/23652 
05:59:25.873558 SHUTDOWN flow>5860 srcPort>44385 dst>fd10:62:100::2/23660 
05:59:25.939845 ON flow>6052 srcPort>41949 dst>fd10:62:100::2/23852 
05:59:25.951580 CONNECT flow>6052 srcPort>41949 dst>fd10:62:100::2/23852 
05:59:26.062354 SHUTDOWN flow>5868 srcPort>37343 dst>fd10:62:100::2/23668 
05:59:26.066188 OFF flow>5860 srcPort>44385 dst>fd10:62:100::2/23660 
05:59:26.086396 OFF flow>5868 srcPort>37343 dst>fd10:62:100::2/23668 
05:59:26.234677 ON flow>6060 srcPort>36683 dst>fd10:62:100::2/23860 
05:59:26.243849 SHUTDOWN flow>5876 srcPort>39623 dst>fd10:62:100::2/23676 
05:59:26.256475 CONNECT flow>6060 srcPort>36683 dst>fd10:62:100::2/23860 
05:59:26.395253 ON flow>6068 srcPort>33577 dst>fd10:62:100::2/23868 
05:59:26.411979 CONNECT flow>6068 srcPort>33577 dst>fd10:62:100::2/23868 
05:59:26.424491 OFF flow>5876 srcPort>39623 dst>fd10:62:100::2/23676 
05:59:26.545176 ON flow>6076 srcPort>38849 dst>fd10:62:100::2/23876 
05:59:26.562369 CONNECT flow>6076 srcPort>38849 dst>fd10:62:100::2/23876 
05:59:26.633775 SHUTDOWN flow>5884 srcPort>39683 dst>fd10:62:100::2/23684 
05:59:26.711473 ON flow>6084 srcPort>35741 dst>fd10:62:100::2/23884 
05:59:26.732137 CONNECT flow>6084 srcPort>35741 dst>fd10:62:100::2/23884 
05:59:26.791734 OFF flow>5884 srcPort>39683 dst>fd10:62:100::2/23684 
05:59:26.806305 ON flow>6092 srcPort>46053 dst>fd10:62:100::2/23892 
05:59:26.834629 CONNECT flow>6092 srcPort>46053 dst>fd10:62:100::2/23892 
05:59:26.852024 ON flow>6100 srcPort>43357 dst>fd10:62:100::2/23900 
05:59:26.880294 CONNECT flow>6100 srcPort>43357 dst>fd10:62:100::2/23900 
05:59:26.883829 ON flow>6108 srcPort>38593 dst>fd10:62:100::2/23908 
05:59:26.904246 CONNECT flow>6108 srcPort>38593 dst>fd10:62:100::2/23908 
05:59:26.927469 ON flow>6116 srcPort>36635 dst>fd10:62:100::2/23916 
05:59:26.945172 CONNECT flow>6116 srcPort>36635 dst>fd10:62:100::2/23916 
05:59:27.027007 SHUTDOWN flow>5900 srcPort>42629 dst>fd10:62:100::2/23700 
05:59:27.036928 SHUTDOWN flow>5892 srcPort>32863 dst>fd10:62:100::2/23692 
05:59:27.111109 ON flow>6124 srcPort>39465 dst>fd10:62:100::2/23924 
05:59:27.130326 CONNECT flow>6124 srcPort>39465 dst>fd10:62:100::2/23924 
05:59:27.161413 ON flow>6132 srcPort>35321 dst>fd10:62:100::2/23932 
05:59:27.185259 CONNECT flow>6132 srcPort>35321 dst>fd10:62:100::2/23932 
05:59:27.232153 SHUTDOWN flow>5916 srcPort>45481 dst>fd10:62:100::2/23716 
05:59:27.248178 SHUTDOWN flow>5908 srcPort>39289 dst>fd10:62:100::2/23708 
05:59:27.297329 OFF flow>5892 srcPort>32863 dst>fd10:62:100::2/23692 
05:59:27.302475 ON flow>6140 srcPort>42065 dst>fd10:62:100::2/23940 
05:59:27.323111 SHUTDOWN flow>5924 srcPort>37505 dst>fd10:62:100::2/23724 
05:59:27.326514 CONNECT flow>6140 srcPort>42065 dst>fd10:62:100::2/23940 
05:59:27.389254 OFF flow>5900 srcPort>42629 dst>fd10:62:100::2/23700 
05:59:27.419715 ON flow>6148 srcPort>40349 dst>fd10:62:100::2/23948 
05:59:27.430107 CONNECT flow>6148 srcPort>40349 dst>fd10:62:100::2/23948 
05:59:27.468149 SHUTDOWN flow>5932 srcPort>38797 dst>fd10:62:100::2/23732 
05:59:27.523414 OFF flow>5932 srcPort>38797 dst>fd10:62:100::2/23732 
05:59:27.540996 ON flow>6156 srcPort>35747 dst>fd10:62:100::2/23956 
05:59:27.549717 CONNECT flow>6156 srcPort>35747 dst>fd10:62:100::2/23956 
05:59:27.718026 ON flow>6164 srcPort>36853 dst>fd10:62:100::2/23964 
05:59:27.754512 SHUTDOWN flow>5948 srcPort>38537 dst>fd10:62:100::2/23748 
05:59:27.759389 CONNECT flow>6164 srcPort>36853 dst>fd10:62:100::2/23964 
05:59:27.776619 SHUTDOWN flow>5940 srcPort>43073 dst>fd10:62:100::2/23740 
05:59:27.780665 OFF flow>5924 srcPort>37505 dst>fd10:62:100::2/23724 
05:59:27.794859 OFF flow>5908 srcPort>39289 dst>fd10:62:100::2/23708 
05:59:27.878299 ON flow>6172 srcPort>37895 dst>fd10:62:100::2/23972 
05:59:27.885902 CONNECT flow>6172 srcPort>37895 dst>fd10:62:100::2/23972 
05:59:27.952006 ON flow>6180 srcPort>39933 dst>fd10:62:100::2/23980 
05:59:27.981791 CONNECT flow>6180 srcPort>39933 dst>fd10:62:100::2/23980 
05:59:28.003616 SHUTDOWN flow>5956 srcPort>36641 dst>fd10:62:100::2/23756 
05:59:28.037883 ON flow>6188 srcPort>38139 dst>fd10:62:100::2/23988 
05:59:28.057152 CONNECT flow>6188 srcPort>38139 dst>fd10:62:100::2/23988 
05:59:28.077797 OFF flow>5916 srcPort>45481 dst>fd10:62:100::2/23716 
05:59:28.080482 OFF flow>5948 srcPort>38537 dst>fd10:62:100::2/23748 
05:59:28.104673 OFF flow>5956 srcPort>36641 dst>fd10:62:100::2/23756 
05:59:28.127354 SHUTDOWN flow>5964 srcPort>39611 dst>fd10:62:100::2/23764 
05:59:28.247023 ON flow>6196 srcPort>41165 dst>fd10:62:100::2/23996 
05:59:28.260047 SHUTDOWN flow>5972 srcPort>44563 dst>fd10:62:100::2/23772 
05:59:28.293106 CONNECT flow>6196 srcPort>41165 dst>fd10:62:100::2/23996 
05:59:28.360556 ON flow>6204 srcPort>44293 dst>fd10:62:100::2/24004 
05:59:28.380344 CONNECT flow>6204 srcPort>44293 dst>fd10:62:100::2/24004 
05:59:28.421668 ON flow>6212 srcPort>34875 dst>fd10:62:100::2/24012 
05:59:28.464998 SHUTDOWN flow>5980 srcPort>33343 dst>fd10:62:100::2/23780 
05:59:28.465724 CONNECT flow>6212 srcPort>34875 dst>fd10:62:100::2/24012 
05:59:28.482969 SHUTDOWN flow>5996 srcPort>34823 dst>fd10:62:100::2/23796 
05:59:28.499666 OFF flow>5996 srcPort>34823 dst>fd10:62:100::2/23796 
05:59:28.568776 ON flow>6220 srcPort>32981 dst>fd10:62:100::2/24020 
05:59:28.577834 CONNECT flow>6220 srcPort>32981 dst>fd10:62:100::2/24020 
05:59:28.643855 ON flow>6228 srcPort>40887 dst>fd10:62:100::2/24028 
05:59:28.647953 CONNECT flow>6228 srcPort>40887 dst>fd10:62:100::2/24028 
05:59:28.673951 OFF flow>5964 srcPort>39611 dst>fd10:62:100::2/23764 
05:59:28.674762 SHUTDOWN flow>5988 srcPort>33535 dst>fd10:62:100::2/23788 
05:59:28.704068 OFF flow>5940 srcPort>43073 dst>fd10:62:100::2/23740 
05:59:28.748187 ON flow>6236 srcPort>34669 dst>fd10:62:100::2/24036 
05:59:28.765731 CONNECT flow>6236 srcPort>34669 dst>fd10:62:100::2/24036 
05:59:28.804848 OFF flow>5972 srcPort>44563 dst>fd10:62:100::2/23772 
05:59:28.861454 OFF flow>5980 srcPort>33343 dst>fd10:62:100::2/23780 
05:59:28.880130 ON flow>6244 srcPort>35129 dst>fd10:62:100::2/24044 
05:59:28.904551 SHUTDOWN flow>6004 srcPort>40733 dst>fd10:62:100::2/23804 
05:59:28.908567 CONNECT flow>6244 srcPort>35129 dst>fd10:62:100::2/24044 
05:59:28.912412 OFF flow>5988 srcPort>33535 dst>fd10:62:100::2/23788 
05:59:28.998010 OFF flow>6004 srcPort>40733 dst>fd10:62:100::2/23804 
05:59:29.006775 ON flow>6252 srcPort>41483 dst>fd10:62:100::2/24052 
05:59:29.028053 CONNECT flow>6252 srcPort>41483 dst>fd10:62:100::2/24052 
05:59:29.168408 ON flow>6260 srcPort>45983 dst>fd10:62:100::2/24060 
05:59:29.210103 CONNECT flow>6260 srcPort>45983 dst>fd10:62:100::2/24060 
05:59:29.263138 ON flow>6268 srcPort>37243 dst>fd10:62:100::2/24068 
05:59:29.283241 CONNECT flow>6268 srcPort>37243 dst>fd10:62:100::2/24068 
05:59:29.431113 ON flow>6276 srcPort>39839 dst>fd10:62:100::2/24076 
05:59:29.434141 CONNECT flow>6276 srcPort>39839 dst>fd10:62:100::2/24076 
05:59:29.511333 SHUTDOWN flow>6012 srcPort>39411 dst>fd10:62:100::2/23812 
05:59:29.584106 ON flow>6284 srcPort>38179 dst>fd10:62:100::2/24084 
05:59:29.593315 CONNECT flow>6284 srcPort>38179 dst>fd10:62:100::2/24084 
05:59:29.644245 SHUTDOWN flow>6020 srcPort>33285 dst>fd10:62:100::2/23820 
05:59:29.655630 OFF flow>6020 srcPort>33285 dst>fd10:62:100::2/23820 
05:59:29.746451 OFF flow>6012 srcPort>39411 dst>fd10:62:100::2/23812 
05:59:29.756551 ON flow>6292 srcPort>33507 dst>fd10:62:100::2/24092 
05:59:29.787867 CONNECT flow>6292 srcPort>33507 dst>fd10:62:100::2/24092 
05:59:29.875633 ON flow>6300 srcPort>37617 dst>fd10:62:100::2/24100 
05:59:29.906287 CONNECT flow>6300 srcPort>37617 dst>fd10:62:100::2/24100 
05:59:29.930037 SHUTDOWN flow>6028 srcPort>36779 dst>fd10:62:100::2/23828 
05:59:29.931835 ON flow>6308 srcPort>42481 dst>fd10:62:100::2/24108 
05:59:29.939454 CONNECT flow>6308 srcPort>42481 dst>fd10:62:100::2/24108 
05:59:30.012968 ON flow>6316 srcPort>37661 dst>fd10:62:100::2/24116 
05:59:30.040029 CONNECT flow>6316 srcPort>37661 dst>fd10:62:100::2/24116 
05:59:30.096568 OFF flow>6028 srcPort>36779 dst>fd10:62:100::2/23828 
05:59:30.159457 ON flow>6324 srcPort>43283 dst>fd10:62:100::2/24124 
05:59:30.172148 CONNECT flow>6324 srcPort>43283 dst>fd10:62:100::2/24124 
05:59:30.274998 ON flow>6332 srcPort>33725 dst>fd10:62:100::2/24132 
05:59:30.304562 CONNECT flow>6332 srcPort>33725 dst>fd10:62:100::2/24132 
05:59:30.336235 ON flow>6340 srcPort>35851 dst>fd10:62:100::2/24140 
05:59:30.354304 CONNECT flow>6340 srcPort>35851 dst>fd10:62:100::2/24140 
05:59:30.358741 SHUTDOWN flow>6036 srcPort>34307 dst>fd10:62:100::2/23836 
05:59:30.385316 OFF flow>6036 srcPort>34307 dst>fd10:62:100::2/23836 
05:59:30.523239 ON flow>6348 srcPort>42259 dst>fd10:62:100::2/24148 
05:59:30.542879 CONNECT flow>6348 srcPort>42259 dst>fd10:62:100::2/24148 
05:59:30.564320 SHUTDOWN flow>6044 srcPort>41681 dst>fd10:62:100::2/23844 
05:59:30.696143 ON flow>6356 srcPort>33123 dst>fd10:62:100::2/24156 
05:59:30.725562 CONNECT flow>6356 srcPort>33123 dst>fd10:62:100::2/24156 
05:59:30.739515 SHUTDOWN flow>6052 srcPort>41949 dst>fd10:62:100::2/23852 
05:59:30.855234 OFF flow>6044 srcPort>41681 dst>fd10:62:100::2/23844 
05:59:30.890780 OFF flow>6052 srcPort>41949 dst>fd10:62:100::2/23852 
05:59:31.003820 ON flow>6364 srcPort>37359 dst>fd10:62:100::2/24164 
05:59:31.056252 CONNECT flow>6364 srcPort>37359 dst>fd10:62:100::2/24164 
05:59:31.115627 SHUTDOWN flow>6060 srcPort>36683 dst>fd10:62:100::2/23860 
05:59:31.364850 OFF flow>6060 srcPort>36683 dst>fd10:62:100::2/23860 
05:59:31.393135 SHUTDOWN flow>6068 srcPort>33577 dst>fd10:62:100::2/23868 
05:59:31.421467 ON flow>6372 srcPort>42963 dst>fd10:62:100::2/24172 
05:59:31.440621 SHUTDOWN flow>6076 srcPort>38849 dst>fd10:62:100::2/23876 
05:59:31.448424 CONNECT flow>6372 srcPort>42963 dst>fd10:62:100::2/24172 
05:59:31.576705 OFF flow>6068 srcPort>33577 dst>fd10:62:100::2/23868 
05:59:31.606150 SHUTDOWN flow>6092 srcPort>46053 dst>fd10:62:100::2/23892 
05:59:31.651849 SHUTDOWN flow>6100 srcPort>43357 dst>fd10:62:100::2/23900 
05:59:31.686370 SHUTDOWN flow>6084 srcPort>35741 dst>fd10:62:100::2/23884 
05:59:31.737355 SHUTDOWN flow>6108 srcPort>38593 dst>fd10:62:100::2/23908 
05:59:31.746309 OFF flow>6076 srcPort>38849 dst>fd10:62:100::2/23876 
05:59:31.758870 SHUTDOWN flow>6116 srcPort>36635 dst>fd10:62:100::2/23916 
05:59:31.903324 OFF flow>6092 srcPort>46053 dst>fd10:62:100::2/23892 
05:59:31.910070 OFF flow>6084 srcPort>35741 dst>fd10:62:100::2/23884 
05:59:31.910819 SHUTDOWN flow>6124 srcPort>39465 dst>fd10:62:100::2/23924 
05:59:31.925740 OFF flow>6116 srcPort>36635 dst>fd10:62:100::2/23916 
05:59:31.961235 SHUTDOWN flow>6132 srcPort>35321 dst>fd10:62:100::2/23932 
05:59:31.985862 OFF flow>6108 srcPort>38593 dst>fd10:62:100::2/23908 
05:59:31.988072 ON flow>6380 srcPort>43821 dst>fd10:62:100::2/24180 
05:59:31.996007 OFF flow>6124 srcPort>39465 dst>fd10:62:100::2/23924 
05:59:32.000805 CONNECT flow>6380 srcPort>43821 dst>fd10:62:100::2/24180 
05:59:32.102219 SHUTDOWN flow>6140 srcPort>42065 dst>fd10:62:100::2/23940 
05:59:32.135198 OFF flow>6100 srcPort>43357 dst>fd10:62:100::2/23900 
05:59:32.143547 OFF flow>6132 srcPort>35321 dst>fd10:62:100::2/23932 
05:59:32.219581 SHUTDOWN flow>6148 srcPort>40349 dst>fd10:62:100::2/23948 
05:59:32.278081 ON flow>6388 srcPort>32997 dst>fd10:62:100::2/24188 
05:59:32.293168 CONNECT flow>6388 srcPort>32997 dst>fd10:62:100::2/24188 
05:59:32.340713 SHUTDOWN flow>6156 srcPort>35747 dst>fd10:62:100::2/23956 
05:59:32.388743 OFF flow>6148 srcPort>40349 dst>fd10:62:100::2/23948 
05:59:32.413238 ON flow>6396 srcPort>38183 dst>fd10:62:100::2/24196 
05:59:32.423524 CONNECT flow>6396 srcPort>38183 dst>fd10:62:100::2/24196 
05:59:32.438025 OFF flow>6156 srcPort>35747 dst>fd10:62:100::2/23956 
05:59:32.470271 OFF flow>6140 srcPort>42065 dst>fd10:62:100::2/23940 
05:59:32.555961 SHUTDOWN flow>6164 srcPort>36853 dst>fd10:62:100::2/23964 
05:59:32.581672 ON flow>6404 srcPort>34787 dst>fd10:62:100::2/24204 
05:59:32.592915 CONNECT flow>6404 srcPort>34787 dst>fd10:62:100::2/24204 
05:59:32.678145 SHUTDOWN flow>6172 srcPort>37895 dst>fd10:62:100::2/23972 
05:59:32.741568 OFF flow>6172 srcPort>37895 dst>fd10:62:100::2/23972 
05:59:32.750082 OFF flow>6164 srcPort>36853 dst>fd10:62:100::2/23964 
05:59:32.751847 SHUTDOWN flow>6180 srcPort>39933 dst>fd10:62:100::2/23980 
05:59:32.769141 ON flow>6412 srcPort>44695 dst>fd10:62:100::2/24212 
05:59:32.790192 CONNECT flow>6412 srcPort>44695 dst>fd10:62:100::2/24212 
05:59:32.886390 SHUTDOWN flow>6188 srcPort>38139 dst>fd10:62:100::2/23988 
05:59:33.020793 ON flow>6420 srcPort>44621 dst>fd10:62:100::2/24220 
05:59:33.037211 CONNECT flow>6420 srcPort>44621 dst>fd10:62:100::2/24220 
05:59:33.111348 OFF flow>6188 srcPort>38139 dst>fd10:62:100::2/23988 
05:59:33.160491 SHUTDOWN flow>6204 srcPort>44293 dst>fd10:62:100::2/24004 
05:59:33.172567 SHUTDOWN flow>6196 srcPort>41165 dst>fd10:62:100::2/23996 
05:59:33.198066 OFF flow>6180 srcPort>39933 dst>fd10:62:100::2/23980 
05:59:33.218850 ON flow>6428 srcPort>33827 dst>fd10:62:100::2/24228 
05:59:33.230147 OFF flow>6204 srcPort>44293 dst>fd10:62:100::2/24004 
05:59:33.238028 CONNECT flow>6428 srcPort>33827 dst>fd10:62:100::2/24228 
05:59:33.268899 SHUTDOWN flow>6212 srcPort>34875 dst>fd10:62:100::2/24012 
05:59:33.368640 SHUTDOWN flow>6220 srcPort>32981 dst>fd10:62:100::2/24020 
05:59:33.403570 OFF flow>6196 srcPort>41165 dst>fd10:62:100::2/23996 
05:59:33.420315 ON flow>6436 srcPort>45215 dst>fd10:62:100::2/24236 
05:59:33.435027 CONNECT flow>6436 srcPort>45215 dst>fd10:62:100::2/24236 
05:59:33.438636 OFF flow>6212 srcPort>34875 dst>fd10:62:100::2/24012 
05:59:33.443265 SHUTDOWN flow>6228 srcPort>40887 dst>fd10:62:100::2/24028 
05:59:33.470239 OFF flow>6228 srcPort>40887 dst>fd10:62:100::2/24028 
05:59:33.548115 SHUTDOWN flow>6236 srcPort>34669 dst>fd10:62:100::2/24036 
05:59:33.616200 ON flow>6444 srcPort>37675 dst>fd10:62:100::2/24244 
05:59:33.629538 CONNECT flow>6444 srcPort>37675 dst>fd10:62:100::2/24244 
05:59:33.644576 OFF flow>6220 srcPort>32981 dst>fd10:62:100::2/24020 
05:59:33.679844 SHUTDOWN flow>6244 srcPort>35129 dst>fd10:62:100::2/24044 
05:59:33.782490 OFF flow>6236 srcPort>34669 dst>fd10:62:100::2/24036 
05:59:33.806595 SHUTDOWN flow>6252 srcPort>41483 dst>fd10:62:100::2/24052 
05:59:33.853418 OFF flow>6252 srcPort>41483 dst>fd10:62:100::2/24052 
05:59:33.881456 OFF flow>6244 srcPort>35129 dst>fd10:62:100::2/24044 
05:59:33.920292 ON flow>6452 srcPort>37367 dst>fd10:62:100::2/24252 
05:59:33.938472 CONNECT flow>6452 srcPort>37367 dst>fd10:62:100::2/24252 
05:59:33.968166 SHUTDOWN flow>6260 srcPort>45983 dst>fd10:62:100::2/24060 
05:59:34.062968 SHUTDOWN flow>6268 srcPort>37243 dst>fd10:62:100::2/24068 
05:59:34.098230 OFF flow>6260 srcPort>45983 dst>fd10:62:100::2/24060 
05:59:34.181131 ON flow>6460 srcPort>42635 dst>fd10:62:100::2/24260 
05:59:34.199331 CONNECT flow>6460 srcPort>42635 dst>fd10:62:100::2/24260 
05:59:34.230991 SHUTDOWN flow>6276 srcPort>39839 dst>fd10:62:100::2/24076 
05:59:34.320359 OFF flow>6268 srcPort>37243 dst>fd10:62:100::2/24068 
05:59:34.365480 ON flow>6468 srcPort>37495 dst>fd10:62:100::2/24268 
05:59:34.383985 SHUTDOWN flow>6284 srcPort>38179 dst>fd10:62:100::2/24084 
05:59:34.384857 CONNECT flow>6468 srcPort>37495 dst>fd10:62:100::2/24268 
05:59:34.518190 OFF flow>6284 srcPort>38179 dst>fd10:62:100::2/24084 
05:59:34.556314 SHUTDOWN flow>6292 srcPort>33507 dst>fd10:62:100::2/24092 
05:59:34.603279 OFF flow>6276 srcPort>39839 dst>fd10:62:100::2/24076 
05:59:34.675371 SHUTDOWN flow>6300 srcPort>37617 dst>fd10:62:100::2/24100 
05:59:34.759887 OFF flow>6292 srcPort>33507 dst>fd10:62:100::2/24092 
05:59:34.812842 SHUTDOWN flow>6316 srcPort>37661 dst>fd10:62:100::2/24116 
05:59:34.869032 ON flow>6476 srcPort>44949 dst>fd10:62:100::2/24276 
05:59:34.874468 OFF flow>6300 srcPort>37617 dst>fd10:62:100::2/24100 
05:59:34.885486 SHUTDOWN flow>6308 srcPort>42481 dst>fd10:62:100::2/24108 
05:59:34.893477 CONNECT flow>6476 srcPort>44949 dst>fd10:62:100::2/24276 
05:59:34.949472 ON flow>6484 srcPort>38073 dst>fd10:62:100::2/24284 
05:59:34.959153 SHUTDOWN flow>6324 srcPort>43283 dst>fd10:62:100::2/24124 
05:59:34.966855 CONNECT flow>6484 srcPort>38073 dst>fd10:62:100::2/24284 
05:59:35.014807 OFF flow>6324 srcPort>43283 dst>fd10:62:100::2/24124 
05:59:35.023516 ON flow>6492 srcPort>33657 dst>fd10:62:100::2/24292 
05:59:35.042285 OFF flow>6316 srcPort>37661 dst>fd10:62:100::2/24116 
05:59:35.058046 CONNECT flow>6492 srcPort>33657 dst>fd10:62:100::2/24292 
05:59:35.074834 SHUTDOWN flow>6332 srcPort>33725 dst>fd10:62:100::2/24132 
05:59:35.090300 ON flow>6500 srcPort>44329 dst>fd10:62:100::2/24300 
05:59:35.109044 CONNECT flow>6500 srcPort>44329 dst>fd10:62:100::2/24300 
05:59:35.136137 SHUTDOWN flow>6340 srcPort>35851 dst>fd10:62:100::2/24140 
05:59:35.175359 ON flow>6508 srcPort>37941 dst>fd10:62:100::2/24308 
05:59:35.201628 CONNECT flow>6508 srcPort>37941 dst>fd10:62:100::2/24308 
05:59:35.276108 ON flow>6516 srcPort>36975 dst>fd10:62:100::2/24316 
05:59:35.293488 CONNECT flow>6516 srcPort>36975 dst>fd10:62:100::2/24316 
05:59:35.316212 OFF flow>6308 srcPort>42481 dst>fd10:62:100::2/24108 
05:59:35.320545 ON flow>6524 srcPort>34815 dst>fd10:62:100::2/24324 
05:59:35.323095 SHUTDOWN flow>6348 srcPort>42259 dst>fd10:62:100::2/24148 
05:59:35.331637 OFF flow>6340 srcPort>35851 dst>fd10:62:100::2/24140 
05:59:35.344084 CONNECT flow>6524 srcPort>34815 dst>fd10:62:100::2/24324 
05:59:35.371856 ON flow>6532 srcPort>42787 dst>fd10:62:100::2/24332 
05:59:35.403187 CONNECT flow>6532 srcPort>42787 dst>fd10:62:100::2/24332 
05:59:35.435983 OFF flow>6332 srcPort>33725 dst>fd10:62:100::2/24132 
05:59:35.495961 SHUTDOWN flow>6356 srcPort>33123 dst>fd10:62:100::2/24156 
05:59:35.537913 ON flow>6540 srcPort>44229 dst>fd10:62:100::2/24340 
05:59:35.563773 CONNECT flow>6540 srcPort>44229 dst>fd10:62:100::2/24340 
05:59:35.594671 ON flow>6548 srcPort>37087 dst>fd10:62:100::2/24348 
05:59:35.633023 CONNECT flow>6548 srcPort>37087 dst>fd10:62:100::2/24348 
05:59:35.705784 OFF flow>6348 srcPort>42259 dst>fd10:62:100::2/24148 
05:59:35.729827 ON flow>6556 srcPort>45429 dst>fd10:62:100::2/24356 
05:59:35.759783 CONNECT flow>6556 srcPort>45429 dst>fd10:62:100::2/24356 
05:59:35.803554 SHUTDOWN flow>6364 srcPort>37359 dst>fd10:62:100::2/24164 
05:59:35.827231 ON flow>6564 srcPort>44657 dst>fd10:62:100::2/24364 
05:59:35.873561 CONNECT flow>6564 srcPort>44657 dst>fd10:62:100::2/24364 
05:59:35.977896 ON flow>6572 srcPort>44553 dst>fd10:62:100::2/24372 
05:59:36.002972 CONNECT flow>6572 srcPort>44553 dst>fd10:62:100::2/24372 
05:59:36.038696 OFF flow>6364 srcPort>37359 dst>fd10:62:100::2/24164 
05:59:36.122970 OFF flow>6356 srcPort>33123 dst>fd10:62:100::2/24156 
05:59:36.191521 ON flow>6580 srcPort>36903 dst>fd10:62:100::2/24380 
05:59:36.217798 CONNECT flow>6580 srcPort>36903 dst>fd10:62:100::2/24380 
05:59:36.221249 SHUTDOWN flow>6372 srcPort>42963 dst>fd10:62:100::2/24172 
05:59:36.335800 ON flow>6588 srcPort>38001 dst>fd10:62:100::2/24388 
05:59:36.350385 CONNECT flow>6588 srcPort>38001 dst>fd10:62:100::2/24388 
05:59:36.410197 OFF flow>6372 srcPort>42963 dst>fd10:62:100::2/24172 
05:59:36.520601 ON flow>6596 srcPort>35421 dst>fd10:62:100::2/24396 
05:59:36.535290 CONNECT flow>6596 srcPort>35421 dst>fd10:62:100::2/24396 
05:59:36.551880 ON flow>6604 srcPort>45971 dst>fd10:62:100::2/24404 
05:59:36.569102 CONNECT flow>6604 srcPort>45971 dst>fd10:62:100::2/24404 
05:59:36.641636 ON flow>6612 srcPort>42229 dst>fd10:62:100::2/24412 
05:59:36.664014 CONNECT flow>6612 srcPort>42229 dst>fd10:62:100::2/24412 
05:59:36.670567 ON flow>6620 srcPort>36879 dst>fd10:62:100::2/24420 
05:59:36.698870 CONNECT flow>6620 srcPort>36879 dst>fd10:62:100::2/24420 
05:59:36.778777 ON flow>6628 srcPort>44411 dst>fd10:62:100::2/24428 
05:59:36.787975 SHUTDOWN flow>6380 srcPort>43821 dst>fd10:62:100::2/24180 
05:59:36.794193 CONNECT flow>6628 srcPort>44411 dst>fd10:62:100::2/24428 
05:59:36.891647 OFF flow>6380 srcPort>43821 dst>fd10:62:100::2/24180 
05:59:36.912763 ON flow>6636 srcPort>42751 dst>fd10:62:100::2/24436 
05:59:36.934864 CONNECT flow>6636 srcPort>42751 dst>fd10:62:100::2/24436 
05:59:36.988185 ON flow>6644 srcPort>38167 dst>fd10:62:100::2/24444 
05:59:37.003691 CONNECT flow>6644 srcPort>38167 dst>fd10:62:100::2/24444 
05:59:37.141127 ON flow>6652 srcPort>46457 dst>fd10:62:100::2/24452 
05:59:37.160429 CONNECT flow>6652 srcPort>46457 dst>fd10:62:100::2/24452 
05:59:37.269898 ON flow>6660 srcPort>43711 dst>fd10:62:100::2/24460 
05:59:37.270312 SHUTDOWN flow>6396 srcPort>38183 dst>fd10:62:100::2/24196 
05:59:37.288912 CONNECT flow>6660 srcPort>43711 dst>fd10:62:100::2/24460 
05:59:37.354124 SHUTDOWN flow>6388 srcPort>32997 dst>fd10:62:100::2/24188 
05:59:37.375458 ON flow>6668 srcPort>35055 dst>fd10:62:100::2/24468 
05:59:37.381325 SHUTDOWN flow>6404 srcPort>34787 dst>fd10:62:100::2/24204 
05:59:37.403857 CONNECT flow>6668 srcPort>35055 dst>fd10:62:100::2/24468 
05:59:37.427640 ON flow>6676 srcPort>35867 dst>fd10:62:100::2/24476 
05:59:37.449108 CONNECT flow>6676 srcPort>35867 dst>fd10:62:100::2/24476 
05:59:37.544488 OFF flow>6396 srcPort>38183 dst>fd10:62:100::2/24196 
05:59:37.602154 ON flow>6684 srcPort>39993 dst>fd10:62:100::2/24484 
05:59:37.624812 CONNECT flow>6684 srcPort>39993 dst>fd10:62:100::2/24484 
05:59:37.667066 OFF flow>6404 srcPort>34787 dst>fd10:62:100::2/24204 
05:59:37.713074 SHUTDOWN flow>6412 srcPort>44695 dst>fd10:62:100::2/24212 
05:59:37.821841 OFF flow>6388 srcPort>32997 dst>fd10:62:100::2/24188 
05:59:37.856873 ON flow>6692 srcPort>44447 dst>fd10:62:100::2/24492 
05:59:37.879108 OFF flow>6412 srcPort>44695 dst>fd10:62:100::2/24212 
05:59:37.879303 CONNECT flow>6692 srcPort>44447 dst>fd10:62:100::2/24492 
05:59:37.945806 SHUTDOWN flow>6420 srcPort>44621 dst>fd10:62:100::2/24220 
05:59:37.984586 ON flow>6700 srcPort>46711 dst>fd10:62:100::2/24500 
05:59:38.005606 CONNECT flow>6700 srcPort>46711 dst>fd10:62:100::2/24500 
05:59:38.168728 OFF flow>6420 srcPort>44621 dst>fd10:62:100::2/24220 
05:59:38.180604 SHUTDOWN flow>6428 srcPort>33827 dst>fd10:62:100::2/24228 
05:59:38.255361 SHUTDOWN flow>6436 srcPort>45215 dst>fd10:62:100::2/24236 
05:59:38.381638 ON flow>6708 srcPort>35791 dst>fd10:62:100::2/24508 
05:59:38.409982 CONNECT flow>6708 srcPort>35791 dst>fd10:62:100::2/24508 
05:59:38.438238 SHUTDOWN flow>6444 srcPort>37675 dst>fd10:62:100::2/24244 
05:59:38.438909 OFF flow>6436 srcPort>45215 dst>fd10:62:100::2/24236 
05:59:38.566124 ON flow>6716 srcPort>38267 dst>fd10:62:100::2/24516 
05:59:38.581673 OFF flow>6444 srcPort>37675 dst>fd10:62:100::2/24244 
05:59:38.588791 CONNECT flow>6716 srcPort>38267 dst>fd10:62:100::2/24516 
05:59:38.642892 OFF flow>6428 srcPort>33827 dst>fd10:62:100::2/24228 
05:59:38.720091 SHUTDOWN flow>6452 srcPort>37367 dst>fd10:62:100::2/24252 
05:59:38.746816 ON flow>6724 srcPort>42923 dst>fd10:62:100::2/24524 
05:59:38.765275 CONNECT flow>6724 srcPort>42923 dst>fd10:62:100::2/24524 
05:59:38.850758 ON flow>6732 srcPort>37361 dst>fd10:62:100::2/24532 
05:59:38.877899 CONNECT flow>6732 srcPort>37361 dst>fd10:62:100::2/24532 
05:59:38.980957 SHUTDOWN flow>6460 srcPort>42635 dst>fd10:62:100::2/24260 
05:59:39.008502 OFF flow>6452 srcPort>37367 dst>fd10:62:100::2/24252 
05:59:39.215216 SHUTDOWN flow>6468 srcPort>37495 dst>fd10:62:100::2/24268 
05:59:39.247121 ON flow>6740 srcPort>39931 dst>fd10:62:100::2/24540 
05:59:39.261577 CONNECT flow>6740 srcPort>39931 dst>fd10:62:100::2/24540 
05:59:39.267891 OFF flow>6460 srcPort>42635 dst>fd10:62:100::2/24260 
05:59:39.384382 ON flow>6748 srcPort>41497 dst>fd10:62:100::2/24548 
05:59:39.401114 CONNECT flow>6748 srcPort>41497 dst>fd10:62:100::2/24548 
05:59:39.449272 OFF flow>6468 srcPort>37495 dst>fd10:62:100::2/24268 
05:59:39.488621 ON flow>6756 srcPort>45907 dst>fd10:62:100::2/24556 
05:59:39.507710 CONNECT flow>6756 srcPort>45907 dst>fd10:62:100::2/24556 
05:59:39.617051 ON flow>6764 srcPort>34087 dst>fd10:62:100::2/24564 
05:59:39.633160 CONNECT flow>6764 srcPort>34087 dst>fd10:62:100::2/24564 
05:59:39.690618 SHUTDOWN flow>6476 srcPort>44949 dst>fd10:62:100::2/24276 
05:59:39.772065 ON flow>6772 srcPort>41465 dst>fd10:62:100::2/24572 
05:59:39.772483 SHUTDOWN flow>6484 srcPort>38073 dst>fd10:62:100::2/24284 
05:59:39.812027 CONNECT flow>6772 srcPort>41465 dst>fd10:62:100::2/24572 
05:59:39.823352 SHUTDOWN flow>6492 srcPort>33657 dst>fd10:62:100::2/24292 
05:59:39.927746 ON flow>6780 srcPort>40769 dst>fd10:62:100::2/24580 
05:59:39.947076 CONNECT flow>6780 srcPort>40769 dst>fd10:62:100::2/24580 
05:59:39.975265 SHUTDOWN flow>6508 srcPort>37941 dst>fd10:62:100::2/24308 
05:59:39.988388 OFF flow>6484 srcPort>38073 dst>fd10:62:100::2/24284 
05:59:40.070474 ON flow>6788 srcPort>33713 dst>fd10:62:100::2/24588 
05:59:40.076003 SHUTDOWN flow>6516 srcPort>36975 dst>fd10:62:100::2/24316 
05:59:40.096188 CONNECT flow>6788 srcPort>33713 dst>fd10:62:100::2/24588 
05:59:40.137010 OFF flow>6476 srcPort>44949 dst>fd10:62:100::2/24276 
05:59:40.157355 OFF flow>6492 srcPort>33657 dst>fd10:62:100::2/24292 
05:59:40.169166 SHUTDOWN flow>6500 srcPort>44329 dst>fd10:62:100::2/24300 
05:59:40.171703 SHUTDOWN flow>6532 srcPort>42787 dst>fd10:62:100::2/24332 
05:59:40.199616 OFF flow>6508 srcPort>37941 dst>fd10:62:100::2/24308 
05:59:40.248958 ON flow>6796 srcPort>33453 dst>fd10:62:100::2/24596 
05:59:40.274260 CONNECT flow>6796 srcPort>33453 dst>fd10:62:100::2/24596 
05:59:40.274990 OFF flow>6516 srcPort>36975 dst>fd10:62:100::2/24316 
05:59:40.279297 SHUTDOWN flow>6524 srcPort>34815 dst>fd10:62:100::2/24324 
05:59:40.321794 OFF flow>6532 srcPort>42787 dst>fd10:62:100::2/24332 
05:59:40.337751 SHUTDOWN flow>6540 srcPort>44229 dst>fd10:62:100::2/24340 
05:59:40.394545 SHUTDOWN flow>6548 srcPort>37087 dst>fd10:62:100::2/24348 
05:59:40.432533 OFF flow>6500 srcPort>44329 dst>fd10:62:100::2/24300 
05:59:40.496093 OFF flow>6540 srcPort>44229 dst>fd10:62:100::2/24340 
05:59:40.529649 SHUTDOWN flow>6556 srcPort>45429 dst>fd10:62:100::2/24356 
05:59:40.556422 OFF flow>6524 srcPort>34815 dst>fd10:62:100::2/24324 
05:59:40.596365 ON flow>6804 srcPort>42301 dst>fd10:62:100::2/24604 
05:59:40.611861 CONNECT flow>6804 srcPort>42301 dst>fd10:62:100::2/24604 
05:59:40.627061 SHUTDOWN flow>6564 srcPort>44657 dst>fd10:62:100::2/24364 
05:59:40.777766 SHUTDOWN flow>6572 srcPort>44553 dst>fd10:62:100::2/24372 
05:59:40.877205 ON flow>6812 srcPort>34813 dst>fd10:62:100::2/24612 
05:59:40.904676 CONNECT flow>6812 srcPort>34813 dst>fd10:62:100::2/24612 
05:59:40.943806 OFF flow>6548 srcPort>37087 dst>fd10:62:100::2/24348 
05:59:40.963373 OFF flow>6564 srcPort>44657 dst>fd10:62:100::2/24364 
05:59:40.978899 ON flow>6820 srcPort>41781 dst>fd10:62:100::2/24620 
05:59:40.995128 CONNECT flow>6820 srcPort>41781 dst>fd10:62:100::2/24620 
05:59:40.995197 OFF flow>6556 srcPort>45429 dst>fd10:62:100::2/24356 
05:59:41.038321 SHUTDOWN flow>6580 srcPort>36903 dst>fd10:62:100::2/24380 
05:59:41.052323 OFF flow>6572 srcPort>44553 dst>fd10:62:100::2/24372 
05:59:41.135614 SHUTDOWN flow>6588 srcPort>38001 dst>fd10:62:100::2/24388 
05:59:41.200119 OFF flow>6580 srcPort>36903 dst>fd10:62:100::2/24380 
05:59:41.217846 ON flow>6828 srcPort>37287 dst>fd10:62:100::2/24628 
05:59:41.233539 CONNECT flow>6828 srcPort>37287 dst>fd10:62:100::2/24628 
05:59:41.235999 OFF flow>6588 srcPort>38001 dst>fd10:62:100::2/24388 
05:59:41.320442 SHUTDOWN flow>6596 srcPort>35421 dst>fd10:62:100::2/24396 
05:59:41.332637 ON flow>6836 srcPort>34425 dst>fd10:62:100::2/24636 
05:59:41.351708 SHUTDOWN flow>6604 srcPort>45971 dst>fd10:62:100::2/24404 
05:59:41.353362 CONNECT flow>6836 srcPort>34425 dst>fd10:62:100::2/24636 
05:59:41.360915 ON flow>6844 srcPort>42835 dst>fd10:62:100::2/24644 
05:59:41.377761 CONNECT flow>6844 srcPort>42835 dst>fd10:62:100::2/24644 
05:59:41.441510 SHUTDOWN flow>6612 srcPort>42229 dst>fd10:62:100::2/24412 
05:59:41.470297 SHUTDOWN flow>6620 srcPort>36879 dst>fd10:62:100::2/24420 
05:59:41.481541 ON flow>6852 srcPort>42019 dst>fd10:62:100::2/24652 
05:59:41.496725 CONNECT flow>6852 srcPort>42019 dst>fd10:62:100::2/24652 
05:59:41.553071 ON flow>6860 srcPort>44131 dst>fd10:62:100::2/24660 
05:59:41.568065 CONNECT flow>6860 srcPort>44131 dst>fd10:62:100::2/24660 
05:59:41.578492 SHUTDOWN flow>6628 srcPort>44411 dst>fd10:62:100::2/24428 
05:59:41.587170 OFF flow>6604 srcPort>45971 dst>fd10:62:100::2/24404 
05:59:41.661255 ON flow>6868 srcPort>39831 dst>fd10:62:100::2/24668 
05:59:41.676357 CONNECT flow>6868 srcPort>39831 dst>fd10:62:100::2/24668 
05:59:41.712638 SHUTDOWN flow>6636 srcPort>42751 dst>fd10:62:100::2/24436 
05:59:41.722616 OFF flow>6596 srcPort>35421 dst>fd10:62:100::2/24396 
05:59:41.725839 OFF flow>6620 srcPort>36879 dst>fd10:62:100::2/24420 
05:59:41.730987 ON flow>6876 srcPort>33915 dst>fd10:62:100::2/24676 
05:59:41.747089 CONNECT flow>6876 srcPort>33915 dst>fd10:62:100::2/24676 
05:59:41.768839 OFF flow>6628 srcPort>44411 dst>fd10:62:100::2/24428 
05:59:41.798999 SHUTDOWN flow>6644 srcPort>38167 dst>fd10:62:100::2/24444 
05:59:41.825411 OFF flow>6612 srcPort>42229 dst>fd10:62:100::2/24412 
05:59:41.829760 ON flow>6884 srcPort>46317 dst>fd10:62:100::2/24684 
05:59:41.845808 CONNECT flow>6884 srcPort>46317 dst>fd10:62:100::2/24684 
05:59:41.989536 ON flow>6892 srcPort>33309 dst>fd10:62:100::2/24692 
05:59:41.994770 OFF flow>6636 srcPort>42751 dst>fd10:62:100::2/24436 
05:59:42.013005 CONNECT flow>6892 srcPort>33309 dst>fd10:62:100::2/24692 
05:59:42.027273 ON flow>6900 srcPort>32773 dst>fd10:62:100::2/24700 
05:59:42.031034 SHUTDOWN flow>6652 srcPort>46457 dst>fd10:62:100::2/24452 
05:59:42.040658 OFF flow>6644 srcPort>38167 dst>fd10:62:100::2/24444 
05:59:42.052576 CONNECT flow>6900 srcPort>32773 dst>fd10:62:100::2/24700 
05:59:42.080417 ON flow>6908 srcPort>42501 dst>fd10:62:100::2/24708 
05:59:42.105770 CONNECT flow>6908 srcPort>42501 dst>fd10:62:100::2/24708 
05:59:42.146091 ON flow>6916 srcPort>35715 dst>fd10:62:100::2/24716 
05:59:42.169322 CONNECT flow>6916 srcPort>35715 dst>fd10:62:100::2/24716 
05:59:42.170148 SHUTDOWN flow>6660 srcPort>43711 dst>fd10:62:100::2/24460 
05:59:42.175266 SHUTDOWN flow>6668 srcPort>35055 dst>fd10:62:100::2/24468 
05:59:42.206460 ON flow>6924 srcPort>37121 dst>fd10:62:100::2/24724 
05:59:42.225434 CONNECT flow>6924 srcPort>37121 dst>fd10:62:100::2/24724 
05:59:42.234384 OFF flow>6652 srcPort>46457 dst>fd10:62:100::2/24452 
05:59:42.235021 SHUTDOWN flow>6676 srcPort>35867 dst>fd10:62:100::2/24476 
05:59:42.274491 ON flow>6932 srcPort>34029 dst>fd10:62:100::2/24732 
05:59:42.296360 CONNECT flow>6932 srcPort>34029 dst>fd10:62:100::2/24732 
05:59:42.354539 OFF flow>6660 srcPort>43711 dst>fd10:62:100::2/24460 
05:59:42.357664 ON flow>6940 srcPort>42935 dst>fd10:62:100::2/24740 
05:59:42.375551 CONNECT flow>6940 srcPort>42935 dst>fd10:62:100::2/24740 
05:59:42.426581 OFF flow>6676 srcPort>35867 dst>fd10:62:100::2/24476 
05:59:42.449792 ON flow>6948 srcPort>34223 dst>fd10:62:100::2/24748 
05:59:42.474542 CONNECT flow>6948 srcPort>34223 dst>fd10:62:100::2/24748 
05:59:42.516765 SHUTDOWN flow>6684 srcPort>39993 dst>fd10:62:100::2/24484 
05:59:42.576597 ON flow>6956 srcPort>43359 dst>fd10:62:100::2/24756 
05:59:42.593681 CONNECT flow>6956 srcPort>43359 dst>fd10:62:100::2/24756 
05:59:42.632274 OFF flow>6668 srcPort>35055 dst>fd10:62:100::2/24468 
05:59:42.656677 SHUTDOWN flow>6692 srcPort>44447 dst>fd10:62:100::2/24492 
05:59:42.680910 OFF flow>6692 srcPort>44447 dst>fd10:62:100::2/24492 
05:59:42.684590 ON flow>6964 srcPort>45483 dst>fd10:62:100::2/24764 
05:59:42.696723 OFF flow>6684 srcPort>39993 dst>fd10:62:100::2/24484 
05:59:42.711435 CONNECT flow>6964 srcPort>45483 dst>fd10:62:100::2/24764 
05:59:42.785579 ON flow>6972 srcPort>34941 dst>fd10:62:100::2/24772 
05:59:42.802160 CONNECT flow>6972 srcPort>34941 dst>fd10:62:100::2/24772 
05:59:42.820908 SHUTDOWN flow>6700 srcPort>46711 dst>fd10:62:100::2/24500 
05:59:42.871329 ON flow>6980 srcPort>34673 dst>fd10:62:100::2/24780 
05:59:42.897366 CONNECT flow>6980 srcPort>34673 dst>fd10:62:100::2/24780 
05:59:43.047134 ON flow>6988 srcPort>37219 dst>fd10:62:100::2/24788 
05:59:43.087711 CONNECT flow>6988 srcPort>37219 dst>fd10:62:100::2/24788 
05:59:43.128083 OFF flow>6700 srcPort>46711 dst>fd10:62:100::2/24500 
05:59:43.292809 SHUTDOWN flow>6708 srcPort>35791 dst>fd10:62:100::2/24508 
05:59:43.366097 SHUTDOWN flow>6716 srcPort>38267 dst>fd10:62:100::2/24516 
05:59:43.428700 OFF flow>6708 srcPort>35791 dst>fd10:62:100::2/24508 
05:59:43.433832 ON flow>6996 srcPort>33101 dst>fd10:62:100::2/24796 
05:59:43.444806 CONNECT flow>6996 srcPort>33101 dst>fd10:62:100::2/24796 
05:59:43.592086 OFF flow>6716 srcPort>38267 dst>fd10:62:100::2/24516 
05:59:43.606791 SHUTDOWN flow>6724 srcPort>42923 dst>fd10:62:100::2/24524 
05:59:43.650461 SHUTDOWN flow>6732 srcPort>37361 dst>fd10:62:100::2/24532 
05:59:43.768407 OFF flow>6724 srcPort>42923 dst>fd10:62:100::2/24524 
05:59:43.826463 OFF flow>6732 srcPort>37361 dst>fd10:62:100::2/24532 
05:59:43.961895 ON flow>7004 srcPort>42799 dst>fd10:62:100::2/24804 
05:59:43.988208 CONNECT flow>7004 srcPort>42799 dst>fd10:62:100::2/24804 
05:59:44.068445 SHUTDOWN flow>6740 srcPort>39931 dst>fd10:62:100::2/24540 
05:59:44.211327 ON flow>7012 srcPort>36009 dst>fd10:62:100::2/24812 
05:59:44.241700 CONNECT flow>7012 srcPort>36009 dst>fd10:62:100::2/24812 
05:59:44.268440 OFF flow>6740 srcPort>39931 dst>fd10:62:100::2/24540 
05:59:44.273200 SHUTDOWN flow>6748 srcPort>41497 dst>fd10:62:100::2/24548 
05:59:44.288398 SHUTDOWN flow>6756 srcPort>45907 dst>fd10:62:100::2/24556 
05:59:44.342702 ON flow>7020 srcPort>33175 dst>fd10:62:100::2/24820 
05:59:44.359806 CONNECT flow>7020 srcPort>33175 dst>fd10:62:100::2/24820 
05:59:44.452786 ON flow>7028 srcPort>34065 dst>fd10:62:100::2/24828 
05:59:44.473174 CONNECT flow>7028 srcPort>34065 dst>fd10:62:100::2/24828 
05:59:44.483393 OFF flow>6748 srcPort>41497 dst>fd10:62:100::2/24548 
05:59:44.488818 OFF flow>6756 srcPort>45907 dst>fd10:62:100::2/24556 
05:59:44.571889 SHUTDOWN flow>6772 srcPort>41465 dst>fd10:62:100::2/24572 
05:59:44.611437 SHUTDOWN flow>6764 srcPort>34087 dst>fd10:62:100::2/24564 
05:59:44.612231 ON flow>7036 srcPort>34579 dst>fd10:62:100::2/24836 
05:59:44.633090 CONNECT flow>7036 srcPort>34579 dst>fd10:62:100::2/24836 
05:59:44.733556 ON flow>7044 srcPort>42791 dst>fd10:62:100::2/24844 
05:59:44.749188 CONNECT flow>7044 srcPort>42791 dst>fd10:62:100::2/24844 
05:59:44.769757 SHUTDOWN flow>6780 srcPort>40769 dst>fd10:62:100::2/24580 
05:59:44.895913 OFF flow>6772 srcPort>41465 dst>fd10:62:100::2/24572 
05:59:44.929360 SHUTDOWN flow>6788 srcPort>33713 dst>fd10:62:100::2/24588 
05:59:44.945982 OFF flow>6764 srcPort>34087 dst>fd10:62:100::2/24564 
05:59:44.965156 OFF flow>6780 srcPort>40769 dst>fd10:62:100::2/24580 
05:59:45.034350 ON flow>7052 srcPort>36831 dst>fd10:62:100::2/24852 
05:59:45.048812 SHUTDOWN flow>6796 srcPort>33453 dst>fd10:62:100::2/24596 
05:59:45.058008 CONNECT flow>7052 srcPort>36831 dst>fd10:62:100::2/24852 
05:59:45.145993 OFF flow>6788 srcPort>33713 dst>fd10:62:100::2/24588 
05:59:45.266516 OFF flow>6796 srcPort>33453 dst>fd10:62:100::2/24596 
05:59:45.440188 ON flow>7060 srcPort>35733 dst>fd10:62:100::2/24860 
05:59:45.459033 CONNECT flow>7060 srcPort>35733 dst>fd10:62:100::2/24860 
05:59:45.466614 SHUTDOWN flow>6804 srcPort>42301 dst>fd10:62:100::2/24604 
05:59:45.673344 ON flow>7068 srcPort>40631 dst>fd10:62:100::2/24868 
05:59:45.676996 SHUTDOWN flow>6812 srcPort>34813 dst>fd10:62:100::2/24612 
05:59:45.687628 CONNECT flow>7068 srcPort>40631 dst>fd10:62:100::2/24868 
05:59:45.734705 OFF flow>6804 srcPort>42301 dst>fd10:62:100::2/24604 
05:59:45.735537 ON flow>7076 srcPort>39467 dst>fd10:62:100::2/24876 
05:59:45.754097 CONNECT flow>7076 srcPort>39467 dst>fd10:62:100::2/24876 
05:59:45.838662 SHUTDOWN flow>6820 srcPort>41781 dst>fd10:62:100::2/24620 
05:59:45.957307 ON flow>7084 srcPort>38485 dst>fd10:62:100::2/24884 
05:59:45.965952 OFF flow>6812 srcPort>34813 dst>fd10:62:100::2/24612 
05:59:45.971893 CONNECT flow>7084 srcPort>38485 dst>fd10:62:100::2/24884 
05:59:46.017462 SHUTDOWN flow>6828 srcPort>37287 dst>fd10:62:100::2/24628 
05:59:46.076971 ON flow>7092 srcPort>46047 dst>fd10:62:100::2/24892 
05:59:46.102391 CONNECT flow>7092 srcPort>46047 dst>fd10:62:100::2/24892 
05:59:46.132389 SHUTDOWN flow>6836 srcPort>34425 dst>fd10:62:100::2/24636 
05:59:46.135207 OFF flow>6820 srcPort>41781 dst>fd10:62:100::2/24620 
05:59:46.193647 ON flow>7100 srcPort>33297 dst>fd10:62:100::2/24900 
05:59:46.206392 CONNECT flow>7100 srcPort>33297 dst>fd10:62:100::2/24900 
05:59:46.257852 SHUTDOWN flow>6844 srcPort>42835 dst>fd10:62:100::2/24644 
05:59:46.281407 SHUTDOWN flow>6852 srcPort>42019 dst>fd10:62:100::2/24652 
05:59:46.289224 OFF flow>6828 srcPort>37287 dst>fd10:62:100::2/24628 
05:59:46.335870 OFF flow>6836 srcPort>34425 dst>fd10:62:100::2/24636 
05:59:46.352872 SHUTDOWN flow>6860 srcPort>44131 dst>fd10:62:100::2/24660 
05:59:46.430399 ON flow>7108 srcPort>38021 dst>fd10:62:100::2/24908 
05:59:46.454876 CONNECT flow>7108 srcPort>38021 dst>fd10:62:100::2/24908 
05:59:46.469803 SHUTDOWN flow>6868 srcPort>39831 dst>fd10:62:100::2/24668 
05:59:46.496848 ON flow>7116 srcPort>39413 dst>fd10:62:100::2/24916 
05:59:46.524517 CONNECT flow>7116 srcPort>39413 dst>fd10:62:100::2/24916 
05:59:46.530785 SHUTDOWN flow>6876 srcPort>33915 dst>fd10:62:100::2/24676 
05:59:46.590304 ON flow>7124 srcPort>39873 dst>fd10:62:100::2/24924 
05:59:46.608799 CONNECT flow>7124 srcPort>39873 dst>fd10:62:100::2/24924 
05:59:46.615575 OFF flow>6860 srcPort>44131 dst>fd10:62:100::2/24660 
05:59:46.625495 OFF flow>6852 srcPort>42019 dst>fd10:62:100::2/24652 
05:59:46.637816 OFF flow>6868 srcPort>39831 dst>fd10:62:100::2/24668 
05:59:46.709036 OFF flow>6844 srcPort>42835 dst>fd10:62:100::2/24644 
05:59:46.729063 OFF flow>6876 srcPort>33915 dst>fd10:62:100::2/24676 
05:59:46.743836 SHUTDOWN flow>6884 srcPort>46317 dst>fd10:62:100::2/24684 
05:59:46.771483 ON flow>7132 srcPort>46665 dst>fd10:62:100::2/24932 
05:59:46.789278 SHUTDOWN flow>6892 srcPort>33309 dst>fd10:62:100::2/24692 
05:59:46.789938 CONNECT flow>7132 srcPort>46665 dst>fd10:62:100::2/24932 
05:59:46.827212 SHUTDOWN flow>6900 srcPort>32773 dst>fd10:62:100::2/24700 
05:59:46.842587 OFF flow>6892 srcPort>33309 dst>fd10:62:100::2/24692 
05:59:46.943834 ON flow>7140 srcPort>41641 dst>fd10:62:100::2/24940 
05:59:46.945900 SHUTDOWN flow>6916 srcPort>35715 dst>fd10:62:100::2/24716 
05:59:46.956113 CONNECT flow>7140 srcPort>41641 dst>fd10:62:100::2/24940 
05:59:46.995858 OFF flow>6884 srcPort>46317 dst>fd10:62:100::2/24684 
05:59:47.029195 SHUTDOWN flow>6908 srcPort>42501 dst>fd10:62:100::2/24708 
05:59:47.035199 OFF flow>6900 srcPort>32773 dst>fd10:62:100::2/24700 
05:59:47.037976 SHUTDOWN flow>6924 srcPort>37121 dst>fd10:62:100::2/24724 
05:59:47.068968 ON flow>7148 srcPort>34009 dst>fd10:62:100::2/24948 
05:59:47.074302 SHUTDOWN flow>6932 srcPort>34029 dst>fd10:62:100::2/24732 
05:59:47.099283 CONNECT flow>7148 srcPort>34009 dst>fd10:62:100::2/24948 
05:59:47.226644 OFF flow>6924 srcPort>37121 dst>fd10:62:100::2/24724 
05:59:47.246810 ON flow>7156 srcPort>39851 dst>fd10:62:100::2/24956 
05:59:47.265363 OFF flow>6916 srcPort>35715 dst>fd10:62:100::2/24716 
05:59:47.276412 SHUTDOWN flow>6948 srcPort>34223 dst>fd10:62:100::2/24748 
05:59:47.288191 CONNECT flow>7156 srcPort>39851 dst>fd10:62:100::2/24956 
05:59:47.317919 SHUTDOWN flow>6940 srcPort>42935 dst>fd10:62:100::2/24740 
05:59:47.347997 ON flow>7164 srcPort>43599 dst>fd10:62:100::2/24964 
05:59:47.364864 OFF flow>6908 srcPort>42501 dst>fd10:62:100::2/24708 
05:59:47.370492 OFF flow>6932 srcPort>34029 dst>fd10:62:100::2/24732 
05:59:47.390970 SHUTDOWN flow>6956 srcPort>43359 dst>fd10:62:100::2/24756 
05:59:47.396884 CONNECT flow>7164 srcPort>43599 dst>fd10:62:100::2/24964 
05:59:47.446624 ON flow>7172 srcPort>43011 dst>fd10:62:100::2/24972 
05:59:47.463047 CONNECT flow>7172 srcPort>43011 dst>fd10:62:100::2/24972 
05:59:47.467586 OFF flow>6948 srcPort>34223 dst>fd10:62:100::2/24748 
05:59:47.479235 ON flow>7180 srcPort>38983 dst>fd10:62:100::2/24980 
05:59:47.484423 SHUTDOWN flow>6964 srcPort>45483 dst>fd10:62:100::2/24764 
05:59:47.506510 CONNECT flow>7180 srcPort>38983 dst>fd10:62:100::2/24980 
05:59:47.545555 ON flow>7188 srcPort>34845 dst>fd10:62:100::2/24988 
05:59:47.564823 OFF flow>6956 srcPort>43359 dst>fd10:62:100::2/24756 
05:59:47.585484 SHUTDOWN flow>6972 srcPort>34941 dst>fd10:62:100::2/24772 
05:59:47.586284 CONNECT flow>7188 srcPort>34845 dst>fd10:62:100::2/24988 
05:59:47.598667 ON flow>7196 srcPort>35203 dst>fd10:62:100::2/24996 
05:59:47.614468 OFF flow>6940 srcPort>42935 dst>fd10:62:100::2/24740 
05:59:47.652234 CONNECT flow>7196 srcPort>35203 dst>fd10:62:100::2/24996 
05:59:47.670994 SHUTDOWN flow>6980 srcPort>34673 dst>fd10:62:100::2/24780 
05:59:47.679525 ON flow>7204 srcPort>32869 dst>fd10:62:100::2/25004 
05:59:47.714446 CONNECT flow>7204 srcPort>32869 dst>fd10:62:100::2/25004 
05:59:47.739408 ON flow>7212 srcPort>34373 dst>fd10:62:100::2/25012 
05:59:47.786192 CONNECT flow>7212 srcPort>34373 dst>fd10:62:100::2/25012 
05:59:47.814185 ON flow>7220 srcPort>32907 dst>fd10:62:100::2/25020 
05:59:47.847056 SHUTDOWN flow>6988 srcPort>37219 dst>fd10:62:100::2/24788 
05:59:47.869004 CONNECT flow>7220 srcPort>32907 dst>fd10:62:100::2/25020 
05:59:47.928766 ON flow>7228 srcPort>43697 dst>fd10:62:100::2/25028 
05:59:47.936793 OFF flow>6964 srcPort>45483 dst>fd10:62:100::2/24764 
05:59:47.970211 CONNECT flow>7228 srcPort>43697 dst>fd10:62:100::2/25028 
05:59:48.040382 ON flow>7236 srcPort>39957 dst>fd10:62:100::2/25036 
05:59:48.081835 CONNECT flow>7236 srcPort>39957 dst>fd10:62:100::2/25036 
05:59:48.123864 OFF flow>6980 srcPort>34673 dst>fd10:62:100::2/24780 
05:59:48.140301 ON flow>7244 srcPort>38473 dst>fd10:62:100::2/25044 
05:59:48.175304 CONNECT flow>7244 srcPort>38473 dst>fd10:62:100::2/25044 
05:59:48.182624 ON flow>7252 srcPort>45581 dst>fd10:62:100::2/25052 
05:59:48.194747 OFF flow>6988 srcPort>37219 dst>fd10:62:100::2/24788 
05:59:48.216258 CONNECT flow>7252 srcPort>45581 dst>fd10:62:100::2/25052 
05:59:48.233676 SHUTDOWN flow>6996 srcPort>33101 dst>fd10:62:100::2/24796 
05:59:48.275953 OFF flow>6972 srcPort>34941 dst>fd10:62:100::2/24772 
05:59:48.280609 ON flow>7260 srcPort>38261 dst>fd10:62:100::2/25060 
05:59:48.295332 CONNECT flow>7260 srcPort>38261 dst>fd10:62:100::2/25060 
05:59:48.472410 ON flow>7268 srcPort>37581 dst>fd10:62:100::2/25068 
05:59:48.491392 CONNECT flow>7268 srcPort>37581 dst>fd10:62:100::2/25068 
05:59:48.568333 OFF flow>6996 srcPort>33101 dst>fd10:62:100::2/24796 
05:59:48.615084 ON flow>7276 srcPort>45769 dst>fd10:62:100::2/25076 
05:59:48.630476 CONNECT flow>7276 srcPort>45769 dst>fd10:62:100::2/25076 
05:59:48.761597 SHUTDOWN flow>7004 srcPort>42799 dst>fd10:62:100::2/24804 
05:59:48.818467 ON flow>7284 srcPort>36785 dst>fd10:62:100::2/25084 
05:59:48.837690 CONNECT flow>7284 srcPort>36785 dst>fd10:62:100::2/25084 
05:59:48.888123 OFF flow>7004 srcPort>42799 dst>fd10:62:100::2/24804 
05:59:49.009262 ON flow>7292 srcPort>34289 dst>fd10:62:100::2/25092 
05:59:49.028073 CONNECT flow>7292 srcPort>34289 dst>fd10:62:100::2/25092 
05:59:49.042482 SHUTDOWN flow>7012 srcPort>36009 dst>fd10:62:100::2/24812 
05:59:49.142615 ON flow>7300 srcPort>46831 dst>fd10:62:100::2/25100 
05:59:49.162325 CONNECT flow>7300 srcPort>46831 dst>fd10:62:100::2/25100 
05:59:49.252633 SHUTDOWN flow>7028 srcPort>34065 dst>fd10:62:100::2/24828 
05:59:49.278470 ON flow>7308 srcPort>46025 dst>fd10:62:100::2/25108 
05:59:49.290585 OFF flow>7028 srcPort>34065 dst>fd10:62:100::2/24828 
05:59:49.295789 CONNECT flow>7308 srcPort>46025 dst>fd10:62:100::2/25108 
05:59:49.315380 OFF flow>7012 srcPort>36009 dst>fd10:62:100::2/24812 
05:59:49.338100 SHUTDOWN flow>7020 srcPort>33175 dst>fd10:62:100::2/24820 
05:59:49.393584 ON flow>7316 srcPort>43111 dst>fd10:62:100::2/25116 
05:59:49.408342 CONNECT flow>7316 srcPort>43111 dst>fd10:62:100::2/25116 
05:59:49.411884 SHUTDOWN flow>7036 srcPort>34579 dst>fd10:62:100::2/24836 
05:59:49.486131 OFF flow>7036 srcPort>34579 dst>fd10:62:100::2/24836 
05:59:49.596193 SHUTDOWN flow>7044 srcPort>42791 dst>fd10:62:100::2/24844 
05:59:49.648839 ON flow>7324 srcPort>33565 dst>fd10:62:100::2/25124 
05:59:49.665872 CONNECT flow>7324 srcPort>33565 dst>fd10:62:100::2/25124 
05:59:49.724981 OFF flow>7044 srcPort>42791 dst>fd10:62:100::2/24844 
05:59:49.834126 SHUTDOWN flow>7052 srcPort>36831 dst>fd10:62:100::2/24852 
05:59:49.836223 ON flow>7332 srcPort>42203 dst>fd10:62:100::2/25132 
05:59:49.871762 CONNECT flow>7332 srcPort>42203 dst>fd10:62:100::2/25132 
05:59:49.981333 ON flow>7340 srcPort>38475 dst>fd10:62:100::2/25140 
05:59:49.994249 OFF flow>7020 srcPort>33175 dst>fd10:62:100::2/24820 
05:59:50.000299 CONNECT flow>7340 srcPort>38475 dst>fd10:62:100::2/25140 
05:59:50.068261 ON flow>7348 srcPort>45111 dst>fd10:62:100::2/25148 
05:59:50.100380 CONNECT flow>7348 srcPort>45111 dst>fd10:62:100::2/25148 
05:59:50.191478 ON flow>7356 srcPort>46591 dst>fd10:62:100::2/25156 
05:59:50.206921 CONNECT flow>7356 srcPort>46591 dst>fd10:62:100::2/25156 
05:59:50.242270 OFF flow>7052 srcPort>36831 dst>fd10:62:100::2/24852 
05:59:50.285894 ON flow>7364 srcPort>36151 dst>fd10:62:100::2/25164 
05:59:50.309694 CONNECT flow>7364 srcPort>36151 dst>fd10:62:100::2/25164 
05:59:50.340323 SHUTDOWN flow>7060 srcPort>35733 dst>fd10:62:100::2/24860 
05:59:50.473175 SHUTDOWN flow>7068 srcPort>40631 dst>fd10:62:100::2/24868 
05:59:50.550604 SHUTDOWN flow>7076 srcPort>39467 dst>fd10:62:100::2/24876 
05:59:50.559105 ON flow>7372 srcPort>34799 dst>fd10:62:100::2/25172 
05:59:50.568695 CONNECT flow>7372 srcPort>34799 dst>fd10:62:100::2/25172 
05:59:50.716487 OFF flow>7060 srcPort>35733 dst>fd10:62:100::2/24860 
05:59:50.719234 OFF flow>7068 srcPort>40631 dst>fd10:62:100::2/24868 
05:59:50.757112 SHUTDOWN flow>7084 srcPort>38485 dst>fd10:62:100::2/24884 
05:59:50.762294 ON flow>7380 srcPort>34591 dst>fd10:62:100::2/25180 
05:59:50.773872 CONNECT flow>7380 srcPort>34591 dst>fd10:62:100::2/25180 
05:59:50.849100 OFF flow>7076 srcPort>39467 dst>fd10:62:100::2/24876 
05:59:50.914376 ON flow>7388 srcPort>38887 dst>fd10:62:100::2/25188 
05:59:50.933084 CONNECT flow>7388 srcPort>38887 dst>fd10:62:100::2/25188 
05:59:50.984900 SHUTDOWN flow>7092 srcPort>46047 dst>fd10:62:100::2/24892 
05:59:50.992169 ON flow>7396 srcPort>41539 dst>fd10:62:100::2/25196 
05:59:50.993513 SHUTDOWN flow>7100 srcPort>33297 dst>fd10:62:100::2/24900 
05:59:51.004484 CONNECT flow>7396 srcPort>41539 dst>fd10:62:100::2/25196 
05:59:51.075531 ON flow>7404 srcPort>44231 dst>fd10:62:100::2/25204 
05:59:51.087779 CONNECT flow>7404 srcPort>44231 dst>fd10:62:100::2/25204 
05:59:51.172632 ON flow>7412 srcPort>40485 dst>fd10:62:100::2/25212 
05:59:51.182125 CONNECT flow>7412 srcPort>40485 dst>fd10:62:100::2/25212 
05:59:51.230496 OFF flow>7084 srcPort>38485 dst>fd10:62:100::2/24884 
05:59:51.306268 OFF flow>7100 srcPort>33297 dst>fd10:62:100::2/24900 
05:59:51.343222 SHUTDOWN flow>7108 srcPort>38021 dst>fd10:62:100::2/24908 
05:59:51.357483 ON flow>7420 srcPort>39613 dst>fd10:62:100::2/25220 
05:59:51.371906 CONNECT flow>7420 srcPort>39613 dst>fd10:62:100::2/25220 
05:59:51.404416 SHUTDOWN flow>7116 srcPort>39413 dst>fd10:62:100::2/24916 
05:59:51.491072 SHUTDOWN flow>7124 srcPort>39873 dst>fd10:62:100::2/24924 
05:59:51.500911 ON flow>7428 srcPort>39553 dst>fd10:62:100::2/25228 
05:59:51.511912 CONNECT flow>7428 srcPort>39553 dst>fd10:62:100::2/25228 
05:59:51.584637 SHUTDOWN flow>7132 srcPort>46665 dst>fd10:62:100::2/24932 
05:59:51.613559 ON flow>7436 srcPort>43231 dst>fd10:62:100::2/25236 
05:59:51.622709 OFF flow>7092 srcPort>46047 dst>fd10:62:100::2/24892 
05:59:51.637471 OFF flow>7116 srcPort>39413 dst>fd10:62:100::2/24916 
05:59:51.649396 CONNECT flow>7436 srcPort>43231 dst>fd10:62:100::2/25236 
05:59:51.687875 OFF flow>7108 srcPort>38021 dst>fd10:62:100::2/24908 
05:59:51.738924 ON flow>7444 srcPort>36619 dst>fd10:62:100::2/25244 
05:59:51.767382 CONNECT flow>7444 srcPort>36619 dst>fd10:62:100::2/25244 
05:59:51.855394 ON flow>7452 srcPort>35501 dst>fd10:62:100::2/25252 
05:59:51.892868 CONNECT flow>7452 srcPort>35501 dst>fd10:62:100::2/25252 
05:59:51.964234 ON flow>7460 srcPort>36199 dst>fd10:62:100::2/25260 
05:59:51.971308 SHUTDOWN flow>7140 srcPort>41641 dst>fd10:62:100::2/24940 
05:59:51.977689 OFF flow>7124 srcPort>39873 dst>fd10:62:100::2/24924 
05:59:51.986963 OFF flow>7132 srcPort>46665 dst>fd10:62:100::2/24932 
05:59:52.008379 CONNECT flow>7460 srcPort>36199 dst>fd10:62:100::2/25260 
05:59:52.037467 SHUTDOWN flow>7148 srcPort>34009 dst>fd10:62:100::2/24948 
05:59:52.125341 ON flow>7468 srcPort>40287 dst>fd10:62:100::2/25268 
05:59:52.163794 CONNECT flow>7468 srcPort>40287 dst>fd10:62:100::2/25268 
05:59:52.220465 SHUTDOWN flow>7156 srcPort>39851 dst>fd10:62:100::2/24956 
05:59:52.255498 SHUTDOWN flow>7172 srcPort>43011 dst>fd10:62:100::2/24972 
05:59:52.267399 ON flow>7476 srcPort>40807 dst>fd10:62:100::2/25276 
05:59:52.278954 SHUTDOWN flow>7180 srcPort>38983 dst>fd10:62:100::2/24980 
05:59:52.308906 CONNECT flow>7476 srcPort>40807 dst>fd10:62:100::2/25276 
05:59:52.312835 OFF flow>7148 srcPort>34009 dst>fd10:62:100::2/24948 
05:59:52.315450 SHUTDOWN flow>7164 srcPort>43599 dst>fd10:62:100::2/24964 
05:59:52.403612 SHUTDOWN flow>7196 srcPort>35203 dst>fd10:62:100::2/24996 
05:59:52.427446 ON flow>7484 srcPort>34989 dst>fd10:62:100::2/25284 
05:59:52.434022 SHUTDOWN flow>7188 srcPort>34845 dst>fd10:62:100::2/24988 
05:59:52.451016 CONNECT flow>7484 srcPort>34989 dst>fd10:62:100::2/25284 
05:59:52.463177 OFF flow>7140 srcPort>41641 dst>fd10:62:100::2/24940 
05:59:52.479342 SHUTDOWN flow>7204 srcPort>32869 dst>fd10:62:100::2/25004 
05:59:52.512141 ON flow>7492 srcPort>35317 dst>fd10:62:100::2/25292 
05:59:52.518053 OFF flow>7172 srcPort>43011 dst>fd10:62:100::2/24972 
05:59:52.529793 CONNECT flow>7492 srcPort>35317 dst>fd10:62:100::2/25292 
05:59:52.563297 SHUTDOWN flow>7212 srcPort>34373 dst>fd10:62:100::2/25012 
05:59:52.578480 OFF flow>7156 srcPort>39851 dst>fd10:62:100::2/24956 
05:59:52.596894 OFF flow>7164 srcPort>43599 dst>fd10:62:100::2/24964 
05:59:52.602388 OFF flow>7196 srcPort>35203 dst>fd10:62:100::2/24996 
05:59:52.630107 ON flow>7500 srcPort>39499 dst>fd10:62:100::2/25300 
05:59:52.644480 CONNECT flow>7500 srcPort>39499 dst>fd10:62:100::2/25300 
05:59:52.657632 SHUTDOWN flow>7220 srcPort>32907 dst>fd10:62:100::2/25020 
05:59:52.728553 SHUTDOWN flow>7228 srcPort>43697 dst>fd10:62:100::2/25028 
05:59:52.796462 OFF flow>7188 srcPort>34845 dst>fd10:62:100::2/24988 
05:59:52.819549 OFF flow>7180 srcPort>38983 dst>fd10:62:100::2/24980 
05:59:52.847986 OFF flow>7204 srcPort>32869 dst>fd10:62:100::2/25004 
05:59:52.853026 OFF flow>7212 srcPort>34373 dst>fd10:62:100::2/25012 
05:59:52.892832 SHUTDOWN flow>7236 srcPort>39957 dst>fd10:62:100::2/25036 
05:59:52.984826 ON flow>7508 srcPort>38975 dst>fd10:62:100::2/25308 
05:59:52.992468 SHUTDOWN flow>7244 srcPort>38473 dst>fd10:62:100::2/25044 
05:59:53.000177 CONNECT flow>7508 srcPort>38975 dst>fd10:62:100::2/25308 
05:59:53.082113 SHUTDOWN flow>7260 srcPort>38261 dst>fd10:62:100::2/25060 
05:59:53.103145 OFF flow>7228 srcPort>43697 dst>fd10:62:100::2/25028 
05:59:53.134115 OFF flow>7220 srcPort>32907 dst>fd10:62:100::2/25020 
05:59:53.157269 SHUTDOWN flow>7252 srcPort>45581 dst>fd10:62:100::2/25052 
05:59:53.243684 OFF flow>7244 srcPort>38473 dst>fd10:62:100::2/25044 
05:59:53.291594 SHUTDOWN flow>7268 srcPort>37581 dst>fd10:62:100::2/25068 
05:59:53.364688 ON flow>7516 srcPort>33909 dst>fd10:62:100::2/25316 
05:59:53.376131 OFF flow>7236 srcPort>39957 dst>fd10:62:100::2/25036 
05:59:53.398578 CONNECT flow>7516 srcPort>33909 dst>fd10:62:100::2/25316 
05:59:53.447065 SHUTDOWN flow>7276 srcPort>45769 dst>fd10:62:100::2/25076 
05:59:53.457325 OFF flow>7252 srcPort>45581 dst>fd10:62:100::2/25052 
05:59:53.497055 OFF flow>7268 srcPort>37581 dst>fd10:62:100::2/25068 
05:59:53.522035 ON flow>7524 srcPort>34869 dst>fd10:62:100::2/25324 
05:59:53.564217 CONNECT flow>7524 srcPort>34869 dst>fd10:62:100::2/25324 
05:59:53.582133 ON flow>7532 srcPort>35159 dst>fd10:62:100::2/25332 
05:59:53.634820 CONNECT flow>7532 srcPort>35159 dst>fd10:62:100::2/25332 
05:59:53.639220 SHUTDOWN flow>7284 srcPort>36785 dst>fd10:62:100::2/25084 
05:59:53.677022 OFF flow>7276 srcPort>45769 dst>fd10:62:100::2/25076 
05:59:53.694473 ON flow>7540 srcPort>35275 dst>fd10:62:100::2/25340 
05:59:53.763491 CONNECT flow>7540 srcPort>35275 dst>fd10:62:100::2/25340 
05:59:53.824374 ON flow>7548 srcPort>35595 dst>fd10:62:100::2/25348 
05:59:53.879113 OFF flow>7284 srcPort>36785 dst>fd10:62:100::2/25084 
05:59:53.892881 CONNECT flow>7548 srcPort>35595 dst>fd10:62:100::2/25348 
05:59:53.934791 OFF flow>7260 srcPort>38261 dst>fd10:62:100::2/25060 
05:59:53.968262 ON flow>7556 srcPort>35279 dst>fd10:62:100::2/25356 
05:59:53.982727 SHUTDOWN flow>7292 srcPort>34289 dst>fd10:62:100::2/25092 
05:59:54.078270 SHUTDOWN flow>7308 srcPort>46025 dst>fd10:62:100::2/25108 
05:59:54.159549 SHUTDOWN flow>7300 srcPort>46831 dst>fd10:62:100::2/25100 
05:59:54.224010 ON flow>7564 srcPort>34523 dst>fd10:62:100::2/25364 
05:59:54.266213 CONNECT flow>7564 srcPort>34523 dst>fd10:62:100::2/25364 
05:59:54.295604 OFF flow>7292 srcPort>34289 dst>fd10:62:100::2/25092 
05:59:54.300560 SHUTDOWN flow>7316 srcPort>43111 dst>fd10:62:100::2/25116 
05:59:54.344896 OFF flow>7300 srcPort>46831 dst>fd10:62:100::2/25100 
05:59:54.356261 ON flow>7572 srcPort>37871 dst>fd10:62:100::2/25372 
05:59:54.382582 OFF flow>7308 srcPort>46025 dst>fd10:62:100::2/25108 
05:59:54.398821 CONNECT flow>7572 srcPort>37871 dst>fd10:62:100::2/25372 
05:59:54.448735 SHUTDOWN flow>7324 srcPort>33565 dst>fd10:62:100::2/25124 
05:59:54.517054 ON flow>7580 srcPort>35239 dst>fd10:62:100::2/25380 
05:59:54.549500 CONNECT flow>7580 srcPort>35239 dst>fd10:62:100::2/25380 
05:59:54.557697 OFF flow>7316 srcPort>43111 dst>fd10:62:100::2/25116 
05:59:54.618449 ON flow>7588 srcPort>40899 dst>fd10:62:100::2/25388 
05:59:54.631851 CONNECT flow>7588 srcPort>40899 dst>fd10:62:100::2/25388 
05:59:54.636043 SHUTDOWN flow>7332 srcPort>42203 dst>fd10:62:100::2/25132 
05:59:54.686383 OFF flow>7324 srcPort>33565 dst>fd10:62:100::2/25124 
05:59:54.744475 ON flow>7596 srcPort>39983 dst>fd10:62:100::2/25396 
05:59:54.763681 CONNECT flow>7596 srcPort>39983 dst>fd10:62:100::2/25396 
05:59:54.781189 SHUTDOWN flow>7340 srcPort>38475 dst>fd10:62:100::2/25140 
05:59:54.790635 ON flow>7604 srcPort>39299 dst>fd10:62:100::2/25404 
05:59:54.802849 CONNECT flow>7604 srcPort>39299 dst>fd10:62:100::2/25404 
05:59:54.868165 SHUTDOWN flow>7348 srcPort>45111 dst>fd10:62:100::2/25148 
05:59:54.884687 ON flow>7612 srcPort>42357 dst>fd10:62:100::2/25412 
05:59:54.895250 CONNECT flow>7612 srcPort>42357 dst>fd10:62:100::2/25412 
05:59:54.940853 OFF flow>7332 srcPort>42203 dst>fd10:62:100::2/25132 
05:59:54.991322 SHUTDOWN flow>7356 srcPort>46591 dst>fd10:62:100::2/25156 
05:59:54.992557 CONNECT flow>7556 srcPort>35279 dst>fd10:62:100::2/25356 
05:59:54.996370 OFF flow>7340 srcPort>38475 dst>fd10:62:100::2/25140 
05:59:55.003206 ON flow>7620 srcPort>34385 dst>fd10:62:100::2/25420 
05:59:55.016967 CONNECT flow>7620 srcPort>34385 dst>fd10:62:100::2/25420 
05:59:55.090821 SHUTDOWN flow>7364 srcPort>36151 dst>fd10:62:100::2/25164 
05:59:55.141533 ON flow>7628 srcPort>44561 dst>fd10:62:100::2/25428 
05:59:55.146517 OFF flow>7348 srcPort>45111 dst>fd10:62:100::2/25148 
05:59:55.156868 CONNECT flow>7628 srcPort>44561 dst>fd10:62:100::2/25428 
05:59:55.250647 OFF flow>7356 srcPort>46591 dst>fd10:62:100::2/25156 
05:59:55.254795 ON flow>7636 srcPort>34185 dst>fd10:62:100::2/25436 
05:59:55.270110 CONNECT flow>7636 srcPort>34185 dst>fd10:62:100::2/25436 
05:59:55.401536 ON flow>7644 srcPort>37643 dst>fd10:62:100::2/25444 
05:59:55.402824 SHUTDOWN flow>7372 srcPort>34799 dst>fd10:62:100::2/25172 
05:59:55.423630 CONNECT flow>7644 srcPort>37643 dst>fd10:62:100::2/25444 
05:59:55.471544 OFF flow>7364 srcPort>36151 dst>fd10:62:100::2/25164 
05:59:55.561711 SHUTDOWN flow>7380 srcPort>34591 dst>fd10:62:100::2/25180 
05:59:55.599672 ON flow>7652 srcPort>36713 dst>fd10:62:100::2/25452 
05:59:55.626058 CONNECT flow>7652 srcPort>36713 dst>fd10:62:100::2/25452 
05:59:55.713597 ON flow>7660 srcPort>42565 dst>fd10:62:100::2/25460 
05:59:55.714264 SHUTDOWN flow>7388 srcPort>38887 dst>fd10:62:100::2/25188 
05:59:55.723764 CONNECT flow>7660 srcPort>42565 dst>fd10:62:100::2/25460 
05:59:55.763504 ON flow>7668 srcPort>35161 dst>fd10:62:100::2/25468 
05:59:55.791966 CONNECT flow>7668 srcPort>35161 dst>fd10:62:100::2/25468 
05:59:55.792214 SHUTDOWN flow>7396 srcPort>41539 dst>fd10:62:100::2/25196 
05:59:55.860083 ON flow>7676 srcPort>38005 dst>fd10:62:100::2/25476 
05:59:55.873113 CONNECT flow>7676 srcPort>38005 dst>fd10:62:100::2/25476 
05:59:55.897645 OFF flow>7380 srcPort>34591 dst>fd10:62:100::2/25180 
05:59:55.899078 OFF flow>7372 srcPort>34799 dst>fd10:62:100::2/25172 
05:59:55.939398 SHUTDOWN flow>7404 srcPort>44231 dst>fd10:62:100::2/25204 
05:59:55.940427 OFF flow>7388 srcPort>38887 dst>fd10:62:100::2/25188 
05:59:55.954191 ON flow>7684 srcPort>38063 dst>fd10:62:100::2/25484 
05:59:55.962709 CONNECT flow>7684 srcPort>38063 dst>fd10:62:100::2/25484 
05:59:55.972502 SHUTDOWN flow>7412 srcPort>40485 dst>fd10:62:100::2/25212 
05:59:56.043214 ON flow>7692 srcPort>36555 dst>fd10:62:100::2/25492 
05:59:56.057470 CONNECT flow>7692 srcPort>36555 dst>fd10:62:100::2/25492 
05:59:56.076152 OFF flow>7404 srcPort>44231 dst>fd10:62:100::2/25204 
05:59:56.093067 OFF flow>7396 srcPort>41539 dst>fd10:62:100::2/25196 
05:59:56.157296 SHUTDOWN flow>7420 srcPort>39613 dst>fd10:62:100::2/25220 
05:59:56.167807 ON flow>7700 srcPort>41523 dst>fd10:62:100::2/25500 
05:59:56.195186 CONNECT flow>7700 srcPort>41523 dst>fd10:62:100::2/25500 
05:59:56.226669 OFF flow>7412 srcPort>40485 dst>fd10:62:100::2/25212 
05:59:56.245849 ON flow>7708 srcPort>37555 dst>fd10:62:100::2/25508 
05:59:56.266567 CONNECT flow>7708 srcPort>37555 dst>fd10:62:100::2/25508 
05:59:56.300718 SHUTDOWN flow>7428 srcPort>39553 dst>fd10:62:100::2/25228 
05:59:56.332749 ON flow>7716 srcPort>36249 dst>fd10:62:100::2/25516 
05:59:56.363186 CONNECT flow>7716 srcPort>36249 dst>fd10:62:100::2/25516 
05:59:56.387059 OFF flow>7428 srcPort>39553 dst>fd10:62:100::2/25228 
05:59:56.417511 SHUTDOWN flow>7436 srcPort>43231 dst>fd10:62:100::2/25236 
05:59:56.456492 ON flow>7724 srcPort>43805 dst>fd10:62:100::2/25524 
05:59:56.498615 ON flow>7732 srcPort>46389 dst>fd10:62:100::2/25532 
05:59:56.517668 CONNECT flow>7732 srcPort>46389 dst>fd10:62:100::2/25532 
05:59:56.521229 OFF flow>7420 srcPort>39613 dst>fd10:62:100::2/25220 
05:59:56.556900 SHUTDOWN flow>7444 srcPort>36619 dst>fd10:62:100::2/25244 
05:59:56.621456 ON flow>7740 srcPort>33583 dst>fd10:62:100::2/25540 
05:59:56.637116 CONNECT flow>7740 srcPort>33583 dst>fd10:62:100::2/25540 
05:59:56.694372 ON flow>7748 srcPort>33181 dst>fd10:62:100::2/25548 
05:59:56.706732 CONNECT flow>7748 srcPort>33181 dst>fd10:62:100::2/25548 
05:59:56.749901 OFF flow>7436 srcPort>43231 dst>fd10:62:100::2/25236 
05:59:56.765425 SHUTDOWN flow>7452 srcPort>35501 dst>fd10:62:100::2/25252 
05:59:56.774455 OFF flow>7444 srcPort>36619 dst>fd10:62:100::2/25244 
05:59:56.794919 SHUTDOWN flow>7460 srcPort>36199 dst>fd10:62:100::2/25260 
05:59:56.925093 SHUTDOWN flow>7468 srcPort>40287 dst>fd10:62:100::2/25268 
05:59:56.992366 ON flow>7756 srcPort>41965 dst>fd10:62:100::2/25556 
05:59:57.004585 CONNECT flow>7756 srcPort>41965 dst>fd10:62:100::2/25556 
05:59:57.049685 OFF flow>7468 srcPort>40287 dst>fd10:62:100::2/25268 
05:59:57.067277 SHUTDOWN flow>7476 srcPort>40807 dst>fd10:62:100::2/25276 
05:59:57.090905 ON flow>7764 srcPort>45515 dst>fd10:62:100::2/25564 
05:59:57.111412 CONNECT flow>7764 srcPort>45515 dst>fd10:62:100::2/25564 
05:59:57.156601 OFF flow>7452 srcPort>35501 dst>fd10:62:100::2/25252 
05:59:57.219489 ON flow>7772 srcPort>37377 dst>fd10:62:100::2/25572 
05:59:57.227323 SHUTDOWN flow>7484 srcPort>34989 dst>fd10:62:100::2/25284 
05:59:57.238562 OFF flow>7460 srcPort>36199 dst>fd10:62:100::2/25260 
05:59:57.242472 CONNECT flow>7772 srcPort>37377 dst>fd10:62:100::2/25572 
05:59:57.308021 ON flow>7780 srcPort>37503 dst>fd10:62:100::2/25580 
05:59:57.311994 SHUTDOWN flow>7492 srcPort>35317 dst>fd10:62:100::2/25292 
05:59:57.332638 CONNECT flow>7780 srcPort>37503 dst>fd10:62:100::2/25580 
05:59:57.412847 OFF flow>7476 srcPort>40807 dst>fd10:62:100::2/25276 
05:59:57.494808 CONNECT flow>7724 srcPort>43805 dst>fd10:62:100::2/25524 
05:59:57.508993 OFF flow>7484 srcPort>34989 dst>fd10:62:100::2/25284 
05:59:57.550118 ON flow>7788 srcPort>36343 dst>fd10:62:100::2/25588 
05:59:57.556005 SHUTDOWN flow>7500 srcPort>39499 dst>fd10:62:100::2/25300 
05:59:57.566725 CONNECT flow>7788 srcPort>36343 dst>fd10:62:100::2/25588 
05:59:57.745402 OFF flow>7492 srcPort>35317 dst>fd10:62:100::2/25292 
05:59:57.784589 SHUTDOWN flow>7508 srcPort>38975 dst>fd10:62:100::2/25308 
05:59:57.791697 OFF flow>7500 srcPort>39499 dst>fd10:62:100::2/25300 
05:59:57.838183 ON flow>7796 srcPort>46013 dst>fd10:62:100::2/25596 
05:59:57.851634 CONNECT flow>7796 srcPort>46013 dst>fd10:62:100::2/25596 
05:59:57.951498 ON flow>7804 srcPort>36609 dst>fd10:62:100::2/25604 
05:59:57.973915 CONNECT flow>7804 srcPort>36609 dst>fd10:62:100::2/25604 
05:59:57.983059 OFF flow>7508 srcPort>38975 dst>fd10:62:100::2/25308 
05:59:58.061738 ON flow>7812 srcPort>42197 dst>fd10:62:100::2/25612 
05:59:58.079382 CONNECT flow>7812 srcPort>42197 dst>fd10:62:100::2/25612 
05:59:58.101975 ON flow>7820 srcPort>41717 dst>fd10:62:100::2/25620 
05:59:58.123731 CONNECT flow>7820 srcPort>41717 dst>fd10:62:100::2/25620 
05:59:58.165127 ON flow>7828 srcPort>35409 dst>fd10:62:100::2/25628 
05:59:58.189801 CONNECT flow>7828 srcPort>35409 dst>fd10:62:100::2/25628 
05:59:58.192020 SHUTDOWN flow>7516 srcPort>33909 dst>fd10:62:100::2/25316 
05:59:58.246519 ON flow>7836 srcPort>44779 dst>fd10:62:100::2/25636 
05:59:58.271918 CONNECT flow>7836 srcPort>44779 dst>fd10:62:100::2/25636 
05:59:58.381825 SHUTDOWN flow>7532 srcPort>35159 dst>fd10:62:100::2/25332 
05:59:58.405203 ON flow>7844 srcPort>44079 dst>fd10:62:100::2/25644 
05:59:58.427244 CONNECT flow>7844 srcPort>44079 dst>fd10:62:100::2/25644 
05:59:58.444091 OFF flow>7516 srcPort>33909 dst>fd10:62:100::2/25316 
05:59:58.472225 ON flow>7852 srcPort>33027 dst>fd10:62:100::2/25652 
05:59:58.477099 SHUTDOWN flow>7524 srcPort>34869 dst>fd10:62:100::2/25324 
05:59:58.492912 CONNECT flow>7852 srcPort>33027 dst>fd10:62:100::2/25652 
05:59:58.565345 SHUTDOWN flow>7540 srcPort>35275 dst>fd10:62:100::2/25340 
05:59:58.577038 ON flow>7860 srcPort>36585 dst>fd10:62:100::2/25660 
05:59:58.582648 OFF flow>7532 srcPort>35159 dst>fd10:62:100::2/25332 
05:59:58.598624 CONNECT flow>7860 srcPort>36585 dst>fd10:62:100::2/25660 
05:59:58.624297 SHUTDOWN flow>7548 srcPort>35595 dst>fd10:62:100::2/25348 
05:59:58.655652 ON flow>7868 srcPort>38609 dst>fd10:62:100::2/25668 
05:59:58.679922 CONNECT flow>7868 srcPort>38609 dst>fd10:62:100::2/25668 
05:59:58.715015 ON flow>7876 srcPort>39319 dst>fd10:62:100::2/25676 
05:59:58.735785 CONNECT flow>7876 srcPort>39319 dst>fd10:62:100::2/25676 
05:59:58.768198 SHUTDOWN flow>7556 srcPort>35279 dst>fd10:62:100::2/25356 
05:59:58.776870 OFF flow>7524 srcPort>34869 dst>fd10:62:100::2/25324 
05:59:58.810475 ON flow>7884 srcPort>45609 dst>fd10:62:100::2/25684 
05:59:58.837806 CONNECT flow>7884 srcPort>45609 dst>fd10:62:100::2/25684 
05:59:58.854237 OFF flow>7548 srcPort>35595 dst>fd10:62:100::2/25348 
05:59:58.909683 OFF flow>7540 srcPort>35275 dst>fd10:62:100::2/25340 
05:59:58.997773 OFF flow>7556 srcPort>35279 dst>fd10:62:100::2/25356 
05:59:59.023812 SHUTDOWN flow>7564 srcPort>34523 dst>fd10:62:100::2/25364 
05:59:59.109415 OFF flow>7564 srcPort>34523 dst>fd10:62:100::2/25364 
05:59:59.156015 SHUTDOWN flow>7572 srcPort>37871 dst>fd10:62:100::2/25372 
05:59:59.351991 SHUTDOWN flow>7580 srcPort>35239 dst>fd10:62:100::2/25380 
05:59:59.442823 SHUTDOWN flow>7588 srcPort>40899 dst>fd10:62:100::2/25388 
05:59:59.528334 OFF flow>7572 srcPort>37871 dst>fd10:62:100::2/25372 
05:59:59.534018 OFF flow>7588 srcPort>40899 dst>fd10:62:100::2/25388 
05:59:59.544323 SHUTDOWN flow>7596 srcPort>39983 dst>fd10:62:100::2/25396 
05:59:59.586876 OFF flow>7580 srcPort>35239 dst>fd10:62:100::2/25380 
05:59:59.657756 SHUTDOWN flow>7604 srcPort>39299 dst>fd10:62:100::2/25404 
05:59:59.684539 SHUTDOWN flow>7612 srcPort>42357 dst>fd10:62:100::2/25412 
05:59:59.765817 ON flow>7892 srcPort>34643 dst>fd10:62:100::2/25692 
05:59:59.782204 CONNECT flow>7892 srcPort>34643 dst>fd10:62:100::2/25692 
05:59:59.803023 SHUTDOWN flow>7620 srcPort>34385 dst>fd10:62:100::2/25420 
05:59:59.828865 OFF flow>7612 srcPort>42357 dst>fd10:62:100::2/25412 
05:59:59.887996 OFF flow>7620 srcPort>34385 dst>fd10:62:100::2/25420 
05:59:59.922099 OFF flow>7604 srcPort>39299 dst>fd10:62:100::2/25404 
05:59:59.941222 SHUTDOWN flow>7628 srcPort>44561 dst>fd10:62:100::2/25428 
05:59:59.969034 OFF flow>7596 srcPort>39983 dst>fd10:62:100::2/25396 
05:59:59.969426 ON flow>7900 srcPort>43679 dst>fd10:62:100::2/25700 
05:59:59.993261 CONNECT flow>7900 srcPort>43679 dst>fd10:62:100::2/25700 
06:00:00.054614 SHUTDOWN flow>7636 srcPort>34185 dst>fd10:62:100::2/25436 
06:00:00.087431 OFF flow>7628 srcPort>44561 dst>fd10:62:100::2/25428 
06:00:00.088239 ON flow>7908 srcPort>35799 dst>fd10:62:100::2/25708 
06:00:00.105857 CONNECT flow>7908 srcPort>35799 dst>fd10:62:100::2/25708 
06:00:00.133955 OFF flow>7636 srcPort>34185 dst>fd10:62:100::2/25436 
06:00:00.170666 ON flow>7916 srcPort>42593 dst>fd10:62:100::2/25716 
06:00:00.186591 CONNECT flow>7916 srcPort>42593 dst>fd10:62:100::2/25716 
06:00:00.201309 SHUTDOWN flow>7644 srcPort>37643 dst>fd10:62:100::2/25444 
06:00:00.298435 ON flow>7924 srcPort>33085 dst>fd10:62:100::2/25724 
06:00:00.319758 CONNECT flow>7924 srcPort>33085 dst>fd10:62:100::2/25724 
06:00:00.399441 SHUTDOWN flow>7652 srcPort>36713 dst>fd10:62:100::2/25452 
06:00:00.440519 ON flow>7932 srcPort>42041 dst>fd10:62:100::2/25732 
06:00:00.463876 CONNECT flow>7932 srcPort>42041 dst>fd10:62:100::2/25732 
06:00:00.513361 SHUTDOWN flow>7660 srcPort>42565 dst>fd10:62:100::2/25460 
06:00:00.534734 OFF flow>7644 srcPort>37643 dst>fd10:62:100::2/25444 
06:00:00.611385 ON flow>7940 srcPort>34649 dst>fd10:62:100::2/25740 
06:00:00.616707 OFF flow>7660 srcPort>42565 dst>fd10:62:100::2/25460 
06:00:00.629275 CONNECT flow>7940 srcPort>34649 dst>fd10:62:100::2/25740 
06:00:00.659822 SHUTDOWN flow>7676 srcPort>38005 dst>fd10:62:100::2/25476 
06:00:00.685327 SHUTDOWN flow>7668 srcPort>35161 dst>fd10:62:100::2/25468 
06:00:00.697971 OFF flow>7652 srcPort>36713 dst>fd10:62:100::2/25452 
06:00:00.709222 OFF flow>7676 srcPort>38005 dst>fd10:62:100::2/25476 
06:00:00.713785 ON flow>7948 srcPort>42083 dst>fd10:62:100::2/25748 
06:00:00.734601 CONNECT flow>7948 srcPort>42083 dst>fd10:62:100::2/25748 
06:00:00.753928 SHUTDOWN flow>7684 srcPort>38063 dst>fd10:62:100::2/25484 
06:00:00.783707 OFF flow>7684 srcPort>38063 dst>fd10:62:100::2/25484 
06:00:00.804497 ON flow>7956 srcPort>44557 dst>fd10:62:100::2/25756 
06:00:00.821235 CONNECT flow>7956 srcPort>44557 dst>fd10:62:100::2/25756 
06:00:00.919106 OFF flow>7668 srcPort>35161 dst>fd10:62:100::2/25468 
06:00:00.936495 ON flow>7964 srcPort>36933 dst>fd10:62:100::2/25764 
06:00:00.954014 CONNECT flow>7964 srcPort>36933 dst>fd10:62:100::2/25764 
06:00:00.967428 SHUTDOWN flow>7692 srcPort>36555 dst>fd10:62:100::2/25492 
06:00:00.967546 SHUTDOWN flow>7700 srcPort>41523 dst>fd10:62:100::2/25500 
06:00:01.024163 ON flow>7972 srcPort>36935 dst>fd10:62:100::2/25772 
06:00:01.045647 SHUTDOWN flow>7708 srcPort>37555 dst>fd10:62:100::2/25508 
06:00:01.049004 CONNECT flow>7972 srcPort>36935 dst>fd10:62:100::2/25772 
06:00:01.087196 OFF flow>7708 srcPort>37555 dst>fd10:62:100::2/25508 
06:00:01.101045 OFF flow>7692 srcPort>36555 dst>fd10:62:100::2/25492 
06:00:01.123921 ON flow>7980 srcPort>37405 dst>fd10:62:100::2/25780 
06:00:01.143975 CONNECT flow>7980 srcPort>37405 dst>fd10:62:100::2/25780 
06:00:01.178132 OFF flow>7700 srcPort>41523 dst>fd10:62:100::2/25500 
06:00:01.232953 ON flow>7988 srcPort>46087 dst>fd10:62:100::2/25788 
06:00:01.251093 CONNECT flow>7988 srcPort>46087 dst>fd10:62:100::2/25788 
06:00:01.253370 SHUTDOWN flow>7716 srcPort>36249 dst>fd10:62:100::2/25516 
06:00:01.256165 SHUTDOWN flow>7724 srcPort>43805 dst>fd10:62:100::2/25524 
06:00:01.304389 ON flow>7996 srcPort>46625 dst>fd10:62:100::2/25796 
06:00:01.321298 CONNECT flow>7996 srcPort>46625 dst>fd10:62:100::2/25796 
06:00:01.352441 SHUTDOWN flow>7732 srcPort>46389 dst>fd10:62:100::2/25532 
06:00:01.419731 OFF flow>7716 srcPort>36249 dst>fd10:62:100::2/25516 
06:00:01.421288 SHUTDOWN flow>7740 srcPort>33583 dst>fd10:62:100::2/25540 
06:00:01.489751 ON flow>8004 srcPort>35037 dst>fd10:62:100::2/25804 
06:00:01.494064 SHUTDOWN flow>7748 srcPort>33181 dst>fd10:62:100::2/25548 
06:00:01.508088 CONNECT flow>8004 srcPort>35037 dst>fd10:62:100::2/25804 
06:00:01.540444 OFF flow>7740 srcPort>33583 dst>fd10:62:100::2/25540 
06:00:01.591435 OFF flow>7724 srcPort>43805 dst>fd10:62:100::2/25524 
06:00:01.611494 OFF flow>7732 srcPort>46389 dst>fd10:62:100::2/25532 
06:00:01.622495 ON flow>8012 srcPort>33275 dst>fd10:62:100::2/25812 
06:00:01.640912 CONNECT flow>8012 srcPort>33275 dst>fd10:62:100::2/25812 
06:00:01.702339 OFF flow>7748 srcPort>33181 dst>fd10:62:100::2/25548 
06:00:01.792052 SHUTDOWN flow>7756 srcPort>41965 dst>fd10:62:100::2/25556 
06:00:01.836155 ON flow>8020 srcPort>35473 dst>fd10:62:100::2/25820 
06:00:01.851772 CONNECT flow>8020 srcPort>35473 dst>fd10:62:100::2/25820 
06:00:01.890649 SHUTDOWN flow>7764 srcPort>45515 dst>fd10:62:100::2/25564 
06:00:01.932582 OFF flow>7756 srcPort>41965 dst>fd10:62:100::2/25556 
06:00:01.971288 OFF flow>7764 srcPort>45515 dst>fd10:62:100::2/25564 
06:00:02.019277 SHUTDOWN flow>7772 srcPort>37377 dst>fd10:62:100::2/25572 
06:00:02.046070 ON flow>8028 srcPort>42803 dst>fd10:62:100::2/25828 
06:00:02.062986 CONNECT flow>8028 srcPort>42803 dst>fd10:62:100::2/25828 
06:00:02.138608 ON flow>8036 srcPort>41121 dst>fd10:62:100::2/25836 
06:00:02.160629 CONNECT flow>8036 srcPort>41121 dst>fd10:62:100::2/25836 
06:00:02.192522 SHUTDOWN flow>7780 srcPort>37503 dst>fd10:62:100::2/25580 
06:00:02.288624 ON flow>8044 srcPort>37865 dst>fd10:62:100::2/25844 
06:00:02.302882 CONNECT flow>8044 srcPort>37865 dst>fd10:62:100::2/25844 
06:00:02.330981 OFF flow>7780 srcPort>37503 dst>fd10:62:100::2/25580 
06:00:02.335718 OFF flow>7772 srcPort>37377 dst>fd10:62:100::2/25572 
06:00:02.488208 SHUTDOWN flow>7788 srcPort>36343 dst>fd10:62:100::2/25588 
06:00:02.531429 ON flow>8052 srcPort>33611 dst>fd10:62:100::2/25852 
06:00:02.546725 CONNECT flow>8052 srcPort>33611 dst>fd10:62:100::2/25852 
06:00:02.647122 SHUTDOWN flow>7796 srcPort>46013 dst>fd10:62:100::2/25596 
06:00:02.647688 ON flow>8060 srcPort>44699 dst>fd10:62:100::2/25860 
06:00:02.661525 CONNECT flow>8060 srcPort>44699 dst>fd10:62:100::2/25860 
06:00:02.679977 OFF flow>7788 srcPort>36343 dst>fd10:62:100::2/25588 
06:00:02.849887 OFF flow>7796 srcPort>46013 dst>fd10:62:100::2/25596 
06:00:02.861573 SHUTDOWN flow>7812 srcPort>42197 dst>fd10:62:100::2/25612 
06:00:02.887260 OFF flow>7812 srcPort>42197 dst>fd10:62:100::2/25612 
06:00:02.896106 ON flow>8068 srcPort>41071 dst>fd10:62:100::2/25868 
06:00:02.910345 CONNECT flow>8068 srcPort>41071 dst>fd10:62:100::2/25868 
06:00:02.944561 SHUTDOWN flow>7804 srcPort>36609 dst>fd10:62:100::2/25604 
06:00:02.951495 ON flow>8076 srcPort>34429 dst>fd10:62:100::2/25876 
06:00:02.964919 SHUTDOWN flow>7828 srcPort>35409 dst>fd10:62:100::2/25628 
06:00:02.967750 CONNECT flow>8076 srcPort>34429 dst>fd10:62:100::2/25876 
06:00:03.032093 OFF flow>7828 srcPort>35409 dst>fd10:62:100::2/25628 
06:00:03.043610 SHUTDOWN flow>7820 srcPort>41717 dst>fd10:62:100::2/25620 
06:00:03.046350 SHUTDOWN flow>7836 srcPort>44779 dst>fd10:62:100::2/25636 
06:00:03.138271 ON flow>8084 srcPort>43991 dst>fd10:62:100::2/25884 
06:00:03.146041 OFF flow>7804 srcPort>36609 dst>fd10:62:100::2/25604 
06:00:03.155545 CONNECT flow>8084 srcPort>43991 dst>fd10:62:100::2/25884 
06:00:03.204916 SHUTDOWN flow>7844 srcPort>44079 dst>fd10:62:100::2/25644 
06:00:03.237902 OFF flow>7836 srcPort>44779 dst>fd10:62:100::2/25636 
06:00:03.261977 OFF flow>7820 srcPort>41717 dst>fd10:62:100::2/25620 
06:00:03.271945 SHUTDOWN flow>7852 srcPort>33027 dst>fd10:62:100::2/25652 
06:00:03.314134 ON flow>8092 srcPort>34225 dst>fd10:62:100::2/25892 
06:00:03.332915 CONNECT flow>8092 srcPort>34225 dst>fd10:62:100::2/25892 
06:00:03.376853 SHUTDOWN flow>7860 srcPort>36585 dst>fd10:62:100::2/25660 
06:00:03.399830 OFF flow>7852 srcPort>33027 dst>fd10:62:100::2/25652 
06:00:03.554895 SHUTDOWN flow>7868 srcPort>38609 dst>fd10:62:100::2/25668 
06:00:03.558779 OFF flow>7860 srcPort>36585 dst>fd10:62:100::2/25660 
06:00:03.564928 SHUTDOWN flow>7876 srcPort>39319 dst>fd10:62:100::2/25676 
06:00:03.567168 OFF flow>7844 srcPort>44079 dst>fd10:62:100::2/25644 
06:00:03.610227 SHUTDOWN flow>7884 srcPort>45609 dst>fd10:62:100::2/25684 
06:00:03.644110 ON flow>8100 srcPort>39995 dst>fd10:62:100::2/25900 
06:00:03.658059 CONNECT flow>8100 srcPort>39995 dst>fd10:62:100::2/25900 
06:00:03.671506 OFF flow>7876 srcPort>39319 dst>fd10:62:100::2/25676 
06:00:03.685835 OFF flow>7868 srcPort>38609 dst>fd10:62:100::2/25668 
06:00:03.735628 ON flow>8108 srcPort>46679 dst>fd10:62:100::2/25908 
06:00:03.747546 CONNECT flow>8108 srcPort>46679 dst>fd10:62:100::2/25908 
06:00:03.764839 OFF flow>7884 srcPort>45609 dst>fd10:62:100::2/25684 
06:00:03.869817 ON flow>8116 srcPort>41079 dst>fd10:62:100::2/25916 
06:00:03.885961 CONNECT flow>8116 srcPort>41079 dst>fd10:62:100::2/25916 
06:00:04.023673 ON flow>8124 srcPort>44863 dst>fd10:62:100::2/25924 
06:00:04.040087 CONNECT flow>8124 srcPort>44863 dst>fd10:62:100::2/25924 
06:00:04.124381 ON flow>8132 srcPort>39403 dst>fd10:62:100::2/25932 
06:00:04.147259 CONNECT flow>8132 srcPort>39403 dst>fd10:62:100::2/25932 
06:00:04.202091 ON flow>8140 srcPort>40177 dst>fd10:62:100::2/25940 
06:00:04.224364 CONNECT flow>8140 srcPort>40177 dst>fd10:62:100::2/25940 
06:00:04.286251 ON flow>8148 srcPort>35057 dst>fd10:62:100::2/25948 
06:00:04.301367 CONNECT flow>8148 srcPort>35057 dst>fd10:62:100::2/25948 
06:00:04.365866 ON flow>8156 srcPort>43191 dst>fd10:62:100::2/25956 
06:00:04.391245 CONNECT flow>8156 srcPort>43191 dst>fd10:62:100::2/25956 
06:00:04.426918 ON flow>8164 srcPort>34411 dst>fd10:62:100::2/25964 
06:00:04.453331 CONNECT flow>8164 srcPort>34411 dst>fd10:62:100::2/25964 
06:00:04.507147 ON flow>8172 srcPort>41439 dst>fd10:62:100::2/25972 
06:00:04.527080 CONNECT flow>8172 srcPort>41439 dst>fd10:62:100::2/25972 
06:00:04.614448 ON flow>8180 srcPort>34453 dst>fd10:62:100::2/25980 
06:00:04.638980 CONNECT flow>8180 srcPort>34453 dst>fd10:62:100::2/25980 
06:00:04.661307 SHUTDOWN flow>7892 srcPort>34643 dst>fd10:62:100::2/25692 
06:00:04.749821 ON flow>8188 srcPort>35041 dst>fd10:62:100::2/25988 
06:00:04.777911 CONNECT flow>8188 srcPort>35041 dst>fd10:62:100::2/25988 
06:00:04.833546 OFF flow>7892 srcPort>34643 dst>fd10:62:100::2/25692 
06:00:04.839843 SHUTDOWN flow>7900 srcPort>43679 dst>fd10:62:100::2/25700 
06:00:04.970322 SHUTDOWN flow>7916 srcPort>42593 dst>fd10:62:100::2/25716 
06:00:04.986705 SHUTDOWN flow>7908 srcPort>35799 dst>fd10:62:100::2/25708 
06:00:05.228524 OFF flow>7900 srcPort>43679 dst>fd10:62:100::2/25700 
06:00:05.229187 SHUTDOWN flow>7924 srcPort>33085 dst>fd10:62:100::2/25724 
06:00:05.287168 OFF flow>7916 srcPort>42593 dst>fd10:62:100::2/25716 
06:00:05.305708 OFF flow>7908 srcPort>35799 dst>fd10:62:100::2/25708 
06:00:05.340077 ON flow>8196 srcPort>33185 dst>fd10:62:100::2/25996 
06:00:05.342228 SHUTDOWN flow>7932 srcPort>42041 dst>fd10:62:100::2/25732 
06:00:05.358127 CONNECT flow>8196 srcPort>33185 dst>fd10:62:100::2/25996 
06:00:05.429146 SHUTDOWN flow>7940 srcPort>34649 dst>fd10:62:100::2/25740 
06:00:05.486818 ON flow>8204 srcPort>43581 dst>fd10:62:100::2/26004 
06:00:05.497753 OFF flow>7924 srcPort>33085 dst>fd10:62:100::2/25724 
06:00:05.500892 CONNECT flow>8204 srcPort>43581 dst>fd10:62:100::2/26004 
06:00:05.513632 SHUTDOWN flow>7948 srcPort>42083 dst>fd10:62:100::2/25748 
06:00:05.564342 OFF flow>7932 srcPort>42041 dst>fd10:62:100::2/25732 
06:00:05.577285 OFF flow>7940 srcPort>34649 dst>fd10:62:100::2/25740 
06:00:05.697584 SHUTDOWN flow>7956 srcPort>44557 dst>fd10:62:100::2/25756 
06:00:05.736349 SHUTDOWN flow>7964 srcPort>36933 dst>fd10:62:100::2/25764 
06:00:05.748561 ON flow>8212 srcPort>35665 dst>fd10:62:100::2/26012 
06:00:05.767724 CONNECT flow>8212 srcPort>35665 dst>fd10:62:100::2/26012 
06:00:05.778525 OFF flow>7948 srcPort>42083 dst>fd10:62:100::2/25748 
06:00:05.823617 ON flow>8220 srcPort>38705 dst>fd10:62:100::2/26020 
06:00:05.838062 OFF flow>7956 srcPort>44557 dst>fd10:62:100::2/25756 
06:00:05.845632 CONNECT flow>8220 srcPort>38705 dst>fd10:62:100::2/26020 
06:00:05.856196 OFF flow>7964 srcPort>36933 dst>fd10:62:100::2/25764 
06:00:05.861013 SHUTDOWN flow>7972 srcPort>36935 dst>fd10:62:100::2/25772 
06:00:05.930597 ON flow>8228 srcPort>45817 dst>fd10:62:100::2/26028 
06:00:05.951512 CONNECT flow>8228 srcPort>45817 dst>fd10:62:100::2/26028 
06:00:05.993997 ON flow>8236 srcPort>40561 dst>fd10:62:100::2/26036 
06:00:05.998909 OFF flow>7972 srcPort>36935 dst>fd10:62:100::2/25772 
06:00:06.012242 CONNECT flow>8236 srcPort>40561 dst>fd10:62:100::2/26036 
06:00:06.032798 SHUTDOWN flow>7988 srcPort>46087 dst>fd10:62:100::2/25788 
06:00:06.053627 SHUTDOWN flow>7980 srcPort>37405 dst>fd10:62:100::2/25780 
06:00:06.122016 ON flow>8244 srcPort>44931 dst>fd10:62:100::2/26044 
06:00:06.137713 CONNECT flow>8244 srcPort>44931 dst>fd10:62:100::2/26044 
06:00:06.166086 SHUTDOWN flow>7996 srcPort>46625 dst>fd10:62:100::2/25796 
06:00:06.184042 OFF flow>7988 srcPort>46087 dst>fd10:62:100::2/25788 
06:00:06.238707 ON flow>8252 srcPort>41139 dst>fd10:62:100::2/26052 
06:00:06.279186 CONNECT flow>8252 srcPort>41139 dst>fd10:62:100::2/26052 
06:00:06.289660 SHUTDOWN flow>8004 srcPort>35037 dst>fd10:62:100::2/25804 
06:00:06.371590 OFF flow>7996 srcPort>46625 dst>fd10:62:100::2/25796 
06:00:06.380859 OFF flow>8004 srcPort>35037 dst>fd10:62:100::2/25804 
06:00:06.403184 ON flow>8260 srcPort>46417 dst>fd10:62:100::2/26060 
06:00:06.422280 SHUTDOWN flow>8012 srcPort>33275 dst>fd10:62:100::2/25812 
06:00:06.423905 OFF flow>7980 srcPort>37405 dst>fd10:62:100::2/25780 
06:00:06.434116 CONNECT flow>8260 srcPort>46417 dst>fd10:62:100::2/26060 
06:00:06.635873 SHUTDOWN flow>8020 srcPort>35473 dst>fd10:62:100::2/25820 
06:00:06.662708 OFF flow>8012 srcPort>33275 dst>fd10:62:100::2/25812 
06:00:06.757587 OFF flow>8020 srcPort>35473 dst>fd10:62:100::2/25820 
06:00:06.845854 SHUTDOWN flow>8028 srcPort>42803 dst>fd10:62:100::2/25828 
06:00:06.852830 ON flow>8268 srcPort>35815 dst>fd10:62:100::2/26068 
06:00:06.872531 CONNECT flow>8268 srcPort>35815 dst>fd10:62:100::2/26068 
06:00:06.910624 OFF flow>8028 srcPort>42803 dst>fd10:62:100::2/25828 
06:00:06.950114 ON flow>8276 srcPort>32783 dst>fd10:62:100::2/26076 
06:00:06.965302 CONNECT flow>8276 srcPort>32783 dst>fd10:62:100::2/26076 
06:00:06.986365 SHUTDOWN flow>8036 srcPort>41121 dst>fd10:62:100::2/25836 
06:00:07.088536 SHUTDOWN flow>8044 srcPort>37865 dst>fd10:62:100::2/25844 
06:00:07.129719 OFF flow>8036 srcPort>41121 dst>fd10:62:100::2/25836 
06:00:07.153566 ON flow>8284 srcPort>36849 dst>fd10:62:100::2/26084 
06:00:07.173398 CONNECT flow>8284 srcPort>36849 dst>fd10:62:100::2/26084 
06:00:07.229531 OFF flow>8044 srcPort>37865 dst>fd10:62:100::2/25844 
06:00:07.303414 ON flow>8292 srcPort>42807 dst>fd10:62:100::2/26092 
06:00:07.314331 CONNECT flow>8292 srcPort>42807 dst>fd10:62:100::2/26092 
06:00:07.355073 SHUTDOWN flow>8052 srcPort>33611 dst>fd10:62:100::2/25852 
06:00:07.489515 SHUTDOWN flow>8060 srcPort>44699 dst>fd10:62:100::2/25860 
06:00:07.542666 OFF flow>8052 srcPort>33611 dst>fd10:62:100::2/25852 
06:00:07.580225 ON flow>8300 srcPort>41043 dst>fd10:62:100::2/26100 
06:00:07.612912 CONNECT flow>8300 srcPort>41043 dst>fd10:62:100::2/26100 
06:00:07.665719 OFF flow>8060 srcPort>44699 dst>fd10:62:100::2/25860 
06:00:07.695877 SHUTDOWN flow>8068 srcPort>41071 dst>fd10:62:100::2/25868 
06:00:07.772741 ON flow>8308 srcPort>42241 dst>fd10:62:100::2/26108 
06:00:07.772866 SHUTDOWN flow>8076 srcPort>34429 dst>fd10:62:100::2/25876 
06:00:07.789626 CONNECT flow>8308 srcPort>42241 dst>fd10:62:100::2/26108 
06:00:07.890020 OFF flow>8068 srcPort>41071 dst>fd10:62:100::2/25868 
06:00:07.934906 OFF flow>8076 srcPort>34429 dst>fd10:62:100::2/25876 
06:00:07.945364 ON flow>8316 srcPort>42671 dst>fd10:62:100::2/26116 
06:00:07.973050 CONNECT flow>8316 srcPort>42671 dst>fd10:62:100::2/26116 
06:00:07.996838 SHUTDOWN flow>8084 srcPort>43991 dst>fd10:62:100::2/25884 
06:00:08.113864 SHUTDOWN flow>8092 srcPort>34225 dst>fd10:62:100::2/25892 
06:00:08.128260 ON flow>8324 srcPort>42817 dst>fd10:62:100::2/26124 
06:00:08.167096 CONNECT flow>8324 srcPort>42817 dst>fd10:62:100::2/26124 
06:00:08.167591 OFF flow>8084 srcPort>43991 dst>fd10:62:100::2/25884 
06:00:08.271978 ON flow>8332 srcPort>36275 dst>fd10:62:100::2/26132 
06:00:08.283097 OFF flow>8092 srcPort>34225 dst>fd10:62:100::2/25892 
06:00:08.295250 CONNECT flow>8332 srcPort>36275 dst>fd10:62:100::2/26132 
06:00:08.379904 ON flow>8340 srcPort>36515 dst>fd10:62:100::2/26140 
06:00:08.404719 CONNECT flow>8340 srcPort>36515 dst>fd10:62:100::2/26140 
06:00:08.443746 SHUTDOWN flow>8100 srcPort>39995 dst>fd10:62:100::2/25900 
06:00:08.519130 OFF flow>8100 srcPort>39995 dst>fd10:62:100::2/25900 
06:00:08.535441 SHUTDOWN flow>8108 srcPort>46679 dst>fd10:62:100::2/25908 
06:00:08.538035 ON flow>8348 srcPort>41663 dst>fd10:62:100::2/26148 
06:00:08.561834 CONNECT flow>8348 srcPort>41663 dst>fd10:62:100::2/26148 
06:00:08.673923 SHUTDOWN flow>8116 srcPort>41079 dst>fd10:62:100::2/25916 
06:00:08.788462 ON flow>8356 srcPort>40975 dst>fd10:62:100::2/26156 
06:00:08.799163 CONNECT flow>8356 srcPort>40975 dst>fd10:62:100::2/26156 
06:00:08.823334 SHUTDOWN flow>8124 srcPort>44863 dst>fd10:62:100::2/25924 
06:00:08.875604 OFF flow>8116 srcPort>41079 dst>fd10:62:100::2/25916 
06:00:08.924076 SHUTDOWN flow>8132 srcPort>39403 dst>fd10:62:100::2/25932 
06:00:08.952153 OFF flow>8108 srcPort>46679 dst>fd10:62:100::2/25908 
06:00:08.964023 ON flow>8364 srcPort>43715 dst>fd10:62:100::2/26164 
06:00:08.984391 CONNECT flow>8364 srcPort>43715 dst>fd10:62:100::2/26164 
06:00:09.001857 SHUTDOWN flow>8140 srcPort>40177 dst>fd10:62:100::2/25940 
06:00:09.034066 ON flow>8372 srcPort>34157 dst>fd10:62:100::2/26172 
06:00:09.054371 OFF flow>8140 srcPort>40177 dst>fd10:62:100::2/25940 
06:00:09.061660 CONNECT flow>8372 srcPort>34157 dst>fd10:62:100::2/26172 
06:00:09.093591 ON flow>8380 srcPort>34191 dst>fd10:62:100::2/26180 
06:00:09.120273 CONNECT flow>8380 srcPort>34191 dst>fd10:62:100::2/26180 
06:00:09.121154 SHUTDOWN flow>8148 srcPort>35057 dst>fd10:62:100::2/25948 
06:00:09.136635 OFF flow>8132 srcPort>39403 dst>fd10:62:100::2/25932 
06:00:09.165703 SHUTDOWN flow>8156 srcPort>43191 dst>fd10:62:100::2/25956 
06:00:09.191061 ON flow>8388 srcPort>46715 dst>fd10:62:100::2/26188 
06:00:09.226680 SHUTDOWN flow>8164 srcPort>34411 dst>fd10:62:100::2/25964 
06:00:09.235676 CONNECT flow>8388 srcPort>46715 dst>fd10:62:100::2/26188 
06:00:09.272075 ON flow>8396 srcPort>44191 dst>fd10:62:100::2/26196 
06:00:09.302647 CONNECT flow>8396 srcPort>44191 dst>fd10:62:100::2/26196 
06:00:09.309773 OFF flow>8148 srcPort>35057 dst>fd10:62:100::2/25948 
06:00:09.318358 SHUTDOWN flow>8172 srcPort>41439 dst>fd10:62:100::2/25972 
06:00:09.324475 ON flow>8404 srcPort>36277 dst>fd10:62:100::2/26204 
06:00:09.340730 OFF flow>8124 srcPort>44863 dst>fd10:62:100::2/25924 
06:00:09.352446 CONNECT flow>8404 srcPort>36277 dst>fd10:62:100::2/26204 
06:00:09.376734 ON flow>8412 srcPort>39877 dst>fd10:62:100::2/26212 
06:00:09.400050 OFF flow>8156 srcPort>43191 dst>fd10:62:100::2/25956 
06:00:09.406380 CONNECT flow>8412 srcPort>39877 dst>fd10:62:100::2/26212 
06:00:09.409295 ON flow>8420 srcPort>34667 dst>fd10:62:100::2/26220 
06:00:09.414333 SHUTDOWN flow>8180 srcPort>34453 dst>fd10:62:100::2/25980 
06:00:09.420222 OFF flow>8164 srcPort>34411 dst>fd10:62:100::2/25964 
06:00:09.440126 CONNECT flow>8420 srcPort>34667 dst>fd10:62:100::2/26220 
06:00:09.473043 ON flow>8428 srcPort>37303 dst>fd10:62:100::2/26228 
06:00:09.474147 OFF flow>8172 srcPort>41439 dst>fd10:62:100::2/25972 
06:00:09.500119 CONNECT flow>8428 srcPort>37303 dst>fd10:62:100::2/26228 
06:00:09.549592 SHUTDOWN flow>8188 srcPort>35041 dst>fd10:62:100::2/25988 
06:00:09.571536 ON flow>8436 srcPort>38693 dst>fd10:62:100::2/26236 
06:00:09.610300 CONNECT flow>8436 srcPort>38693 dst>fd10:62:100::2/26236 
06:00:09.675398 ON flow>8444 srcPort>45453 dst>fd10:62:100::2/26244 
06:00:09.708736 CONNECT flow>8444 srcPort>45453 dst>fd10:62:100::2/26244 
06:00:09.727836 OFF flow>8180 srcPort>34453 dst>fd10:62:100::2/25980 
06:00:09.799187 ON flow>8452 srcPort>43001 dst>fd10:62:100::2/26252 
06:00:09.805518 OFF flow>8188 srcPort>35041 dst>fd10:62:100::2/25988 
06:00:09.834027 CONNECT flow>8452 srcPort>43001 dst>fd10:62:100::2/26252 
06:00:10.027241 ON flow>8460 srcPort>39431 dst>fd10:62:100::2/26260 
06:00:10.065501 CONNECT flow>8460 srcPort>39431 dst>fd10:62:100::2/26260 
06:00:10.190751 SHUTDOWN flow>8196 srcPort>33185 dst>fd10:62:100::2/25996 
06:00:10.256338 ON flow>8468 srcPort>43177 dst>fd10:62:100::2/26268 
06:00:10.278310 CONNECT flow>8468 srcPort>43177 dst>fd10:62:100::2/26268 
06:00:10.286067 SHUTDOWN flow>8204 srcPort>43581 dst>fd10:62:100::2/26004 
06:00:10.533082 OFF flow>8196 srcPort>33185 dst>fd10:62:100::2/25996 
06:00:10.568778 OFF flow>8204 srcPort>43581 dst>fd10:62:100::2/26004 
06:00:10.609050 SHUTDOWN flow>8212 srcPort>35665 dst>fd10:62:100::2/26012 
06:00:10.645864 SHUTDOWN flow>8220 srcPort>38705 dst>fd10:62:100::2/26020 
06:00:10.668050 ON flow>8476 srcPort>38561 dst>fd10:62:100::2/26276 
06:00:10.697185 CONNECT flow>8476 srcPort>38561 dst>fd10:62:100::2/26276 
06:00:10.730354 SHUTDOWN flow>8228 srcPort>45817 dst>fd10:62:100::2/26028 
06:00:10.781711 OFF flow>8212 srcPort>35665 dst>fd10:62:100::2/26012 
06:00:10.804608 OFF flow>8220 srcPort>38705 dst>fd10:62:100::2/26020 
06:00:10.855056 SHUTDOWN flow>8236 srcPort>40561 dst>fd10:62:100::2/26036 
06:00:10.925615 OFF flow>8228 srcPort>45817 dst>fd10:62:100::2/26028 
06:00:10.970533 SHUTDOWN flow>8244 srcPort>44931 dst>fd10:62:100::2/26044 
06:00:11.038608 SHUTDOWN flow>8252 srcPort>41139 dst>fd10:62:100::2/26052 
06:00:11.063300 OFF flow>8236 srcPort>40561 dst>fd10:62:100::2/26036 
06:00:11.113185 ON flow>8484 srcPort>46205 dst>fd10:62:100::2/26284 
06:00:11.122863 CONNECT flow>8484 srcPort>46205 dst>fd10:62:100::2/26284 
06:00:11.152190 OFF flow>8244 srcPort>44931 dst>fd10:62:100::2/26044 
06:00:11.175248 OFF flow>8252 srcPort>41139 dst>fd10:62:100::2/26052 
06:00:11.203086 SHUTDOWN flow>8260 srcPort>46417 dst>fd10:62:100::2/26060 
06:00:11.320026 ON flow>8492 srcPort>43859 dst>fd10:62:100::2/26292 
06:00:11.334287 CONNECT flow>8492 srcPort>43859 dst>fd10:62:100::2/26292 
06:00:11.363713 OFF flow>8260 srcPort>46417 dst>fd10:62:100::2/26060 
06:00:11.405587 ON flow>8500 srcPort>43059 dst>fd10:62:100::2/26300 
06:00:11.418264 CONNECT flow>8500 srcPort>43059 dst>fd10:62:100::2/26300 
06:00:11.563427 ON flow>8508 srcPort>34801 dst>fd10:62:100::2/26308 
06:00:11.570607 CONNECT flow>8508 srcPort>34801 dst>fd10:62:100::2/26308 
06:00:11.666904 SHUTDOWN flow>8268 srcPort>35815 dst>fd10:62:100::2/26068 
06:00:11.692034 ON flow>8516 srcPort>42983 dst>fd10:62:100::2/26316 
06:00:11.703729 CONNECT flow>8516 srcPort>42983 dst>fd10:62:100::2/26316 
06:00:11.749653 SHUTDOWN flow>8276 srcPort>32783 dst>fd10:62:100::2/26076 
06:00:11.762110 ON flow>8524 srcPort>38919 dst>fd10:62:100::2/26324 
06:00:11.778922 CONNECT flow>8524 srcPort>38919 dst>fd10:62:100::2/26324 
06:00:11.861111 OFF flow>8268 srcPort>35815 dst>fd10:62:100::2/26068 
06:00:11.928726 ON flow>8532 srcPort>36091 dst>fd10:62:100::2/26332 
06:00:11.949642 CONNECT flow>8532 srcPort>36091 dst>fd10:62:100::2/26332 
06:00:11.953349 SHUTDOWN flow>8284 srcPort>36849 dst>fd10:62:100::2/26084 
06:00:12.064396 ON flow>8540 srcPort>34303 dst>fd10:62:100::2/26340 
06:00:12.070278 OFF flow>8284 srcPort>36849 dst>fd10:62:100::2/26084 
06:00:12.091047 CONNECT flow>8540 srcPort>34303 dst>fd10:62:100::2/26340 
06:00:12.091253 OFF flow>8276 srcPort>32783 dst>fd10:62:100::2/26076 
06:00:12.103037 SHUTDOWN flow>8292 srcPort>42807 dst>fd10:62:100::2/26092 
06:00:12.135191 ON flow>8548 srcPort>38309 dst>fd10:62:100::2/26348 
06:00:12.161892 CONNECT flow>8548 srcPort>38309 dst>fd10:62:100::2/26348 
06:00:12.260497 OFF flow>8292 srcPort>42807 dst>fd10:62:100::2/26092 
06:00:12.379962 SHUTDOWN flow>8300 srcPort>41043 dst>fd10:62:100::2/26100 
06:00:12.383694 ON flow>8556 srcPort>42725 dst>fd10:62:100::2/26356 
06:00:12.406442 CONNECT flow>8556 srcPort>42725 dst>fd10:62:100::2/26356 
06:00:12.471206 ON flow>8564 srcPort>45799 dst>fd10:62:100::2/26364 
06:00:12.490094 CONNECT flow>8564 srcPort>45799 dst>fd10:62:100::2/26364 
06:00:12.545490 ON flow>8572 srcPort>45455 dst>fd10:62:100::2/26372 
06:00:12.556413 CONNECT flow>8572 srcPort>45455 dst>fd10:62:100::2/26372 
06:00:12.646836 SHUTDOWN flow>8308 srcPort>42241 dst>fd10:62:100::2/26108 
06:00:12.717151 ON flow>8580 srcPort>43107 dst>fd10:62:100::2/26380 
06:00:12.724167 OFF flow>8300 srcPort>41043 dst>fd10:62:100::2/26100 
06:00:12.760249 CONNECT flow>8580 srcPort>43107 dst>fd10:62:100::2/26380 
06:00:12.787794 SHUTDOWN flow>8316 srcPort>42671 dst>fd10:62:100::2/26116 
06:00:12.816109 OFF flow>8308 srcPort>42241 dst>fd10:62:100::2/26108 
06:00:13.028459 OFF flow>8316 srcPort>42671 dst>fd10:62:100::2/26116 
06:00:13.071662 SHUTDOWN flow>8332 srcPort>36275 dst>fd10:62:100::2/26132 
06:00:13.160699 ON flow>8588 srcPort>38743 dst>fd10:62:100::2/26388 
06:00:13.179648 SHUTDOWN flow>8340 srcPort>36515 dst>fd10:62:100::2/26140 
06:00:13.231017 CONNECT flow>8588 srcPort>38743 dst>fd10:62:100::2/26388 
06:00:13.250599 ON flow>8596 srcPort>39149 dst>fd10:62:100::2/26396 
06:00:13.306538 CONNECT flow>8596 srcPort>39149 dst>fd10:62:100::2/26396 
06:00:13.337701 SHUTDOWN flow>8348 srcPort>41663 dst>fd10:62:100::2/26148 
06:00:13.415053 SHUTDOWN flow>8324 srcPort>42817 dst>fd10:62:100::2/26124 
06:00:13.465215 OFF flow>8340 srcPort>36515 dst>fd10:62:100::2/26140 
06:00:13.492045 ON flow>8604 srcPort>46293 dst>fd10:62:100::2/26404 
06:00:13.524477 CONNECT flow>8604 srcPort>46293 dst>fd10:62:100::2/26404 
06:00:13.570532 ON flow>8612 srcPort>41287 dst>fd10:62:100::2/26412 
06:00:13.588261 SHUTDOWN flow>8356 srcPort>40975 dst>fd10:62:100::2/26156 
06:00:13.595455 CONNECT flow>8612 srcPort>41287 dst>fd10:62:100::2/26412 
06:00:13.596604 OFF flow>8332 srcPort>36275 dst>fd10:62:100::2/26132 
06:00:13.672867 OFF flow>8348 srcPort>41663 dst>fd10:62:100::2/26148 
06:00:13.748561 OFF flow>8356 srcPort>40975 dst>fd10:62:100::2/26156 
06:00:13.763773 SHUTDOWN flow>8364 srcPort>43715 dst>fd10:62:100::2/26164 
06:00:13.788727 ON flow>8620 srcPort>42107 dst>fd10:62:100::2/26420 
06:00:13.832325 CONNECT flow>8620 srcPort>42107 dst>fd10:62:100::2/26420 
06:00:13.833875 SHUTDOWN flow>8372 srcPort>34157 dst>fd10:62:100::2/26172 
06:00:13.863439 ON flow>8628 srcPort>43571 dst>fd10:62:100::2/26428 
06:00:13.883896 OFF flow>8364 srcPort>43715 dst>fd10:62:100::2/26164 
06:00:13.897903 CONNECT flow>8628 srcPort>43571 dst>fd10:62:100::2/26428 
06:00:13.911750 ON flow>8636 srcPort>39997 dst>fd10:62:100::2/26436 
06:00:13.919191 OFF flow>8324 srcPort>42817 dst>fd10:62:100::2/26124 
06:00:13.951736 CONNECT flow>8636 srcPort>39997 dst>fd10:62:100::2/26436 
06:00:13.985790 SHUTDOWN flow>8380 srcPort>34191 dst>fd10:62:100::2/26180 
06:00:14.045497 ON flow>8644 srcPort>45243 dst>fd10:62:100::2/26444 
06:00:14.071759 SHUTDOWN flow>8396 srcPort>44191 dst>fd10:62:100::2/26196 
06:00:14.072066 CONNECT flow>8644 srcPort>45243 dst>fd10:62:100::2/26444 
06:00:14.092258 OFF flow>8372 srcPort>34157 dst>fd10:62:100::2/26172 
06:00:14.112719 SHUTDOWN flow>8388 srcPort>46715 dst>fd10:62:100::2/26188 
06:00:14.168258 ON flow>8652 srcPort>43685 dst>fd10:62:100::2/26452 
06:00:14.176706 SHUTDOWN flow>8412 srcPort>39877 dst>fd10:62:100::2/26212 
06:00:14.189247 SHUTDOWN flow>8404 srcPort>36277 dst>fd10:62:100::2/26204 
06:00:14.194353 CONNECT flow>8652 srcPort>43685 dst>fd10:62:100::2/26452 
06:00:14.229923 SHUTDOWN flow>8420 srcPort>34667 dst>fd10:62:100::2/26220 
06:00:14.343391 OFF flow>8380 srcPort>34191 dst>fd10:62:100::2/26180 
06:00:14.371366 SHUTDOWN flow>8436 srcPort>38693 dst>fd10:62:100::2/26236 
06:00:14.394746 ON flow>8660 srcPort>42881 dst>fd10:62:100::2/26460 
06:00:14.414104 CONNECT flow>8660 srcPort>42881 dst>fd10:62:100::2/26460 
06:00:14.417183 SHUTDOWN flow>8428 srcPort>37303 dst>fd10:62:100::2/26228 
06:00:14.464112 OFF flow>8412 srcPort>39877 dst>fd10:62:100::2/26212 
06:00:14.469362 ON flow>8668 srcPort>38635 dst>fd10:62:100::2/26468 
06:00:14.475166 SHUTDOWN flow>8444 srcPort>45453 dst>fd10:62:100::2/26244 
06:00:14.487184 OFF flow>8388 srcPort>46715 dst>fd10:62:100::2/26188 
06:00:14.489613 OFF flow>8404 srcPort>36277 dst>fd10:62:100::2/26204 
06:00:14.491301 CONNECT flow>8668 srcPort>38635 dst>fd10:62:100::2/26468 
06:00:14.577157 OFF flow>8420 srcPort>34667 dst>fd10:62:100::2/26220 
06:00:14.588039 OFF flow>8428 srcPort>37303 dst>fd10:62:100::2/26228 
06:00:14.598704 SHUTDOWN flow>8452 srcPort>43001 dst>fd10:62:100::2/26252 
06:00:14.611087 OFF flow>8452 srcPort>43001 dst>fd10:62:100::2/26252 
06:00:14.664962 OFF flow>8444 srcPort>45453 dst>fd10:62:100::2/26244 
06:00:14.688985 ON flow>8676 srcPort>43285 dst>fd10:62:100::2/26476 
06:00:14.703339 OFF flow>8436 srcPort>38693 dst>fd10:62:100::2/26236 
06:00:14.720574 CONNECT flow>8676 srcPort>43285 dst>fd10:62:100::2/26476 
06:00:14.827052 SHUTDOWN flow>8460 srcPort>39431 dst>fd10:62:100::2/26260 
06:00:14.851089 ON flow>8684 srcPort>39925 dst>fd10:62:100::2/26484 
06:00:14.874359 CONNECT flow>8684 srcPort>39925 dst>fd10:62:100::2/26484 
06:00:14.974631 OFF flow>8460 srcPort>39431 dst>fd10:62:100::2/26260 
06:00:15.055969 SHUTDOWN flow>8468 srcPort>43177 dst>fd10:62:100::2/26268 
06:00:15.109649 ON flow>8692 srcPort>36209 dst>fd10:62:100::2/26492 
06:00:15.121518 CONNECT flow>8692 srcPort>36209 dst>fd10:62:100::2/26492 
06:00:15.209883 ON flow>8700 srcPort>36411 dst>fd10:62:100::2/26500 
06:00:15.225423 CONNECT flow>8700 srcPort>36411 dst>fd10:62:100::2/26500 
06:00:15.239746 OFF flow>8396 srcPort>44191 dst>fd10:62:100::2/26196 
06:00:15.293244 OFF flow>8468 srcPort>43177 dst>fd10:62:100::2/26268 
06:00:15.451217 ON flow>8708 srcPort>46011 dst>fd10:62:100::2/26508 
06:00:15.462876 CONNECT flow>8708 srcPort>46011 dst>fd10:62:100::2/26508 
06:00:15.487106 SHUTDOWN flow>8476 srcPort>38561 dst>fd10:62:100::2/26276 
06:00:15.569053 ON flow>8716 srcPort>40099 dst>fd10:62:100::2/26516 
06:00:15.584936 CONNECT flow>8716 srcPort>40099 dst>fd10:62:100::2/26516 
06:00:15.637883 ON flow>8724 srcPort>37595 dst>fd10:62:100::2/26524 
06:00:15.653823 CONNECT flow>8724 srcPort>37595 dst>fd10:62:100::2/26524 
06:00:15.664399 OFF flow>8476 srcPort>38561 dst>fd10:62:100::2/26276 
06:00:15.763913 ON flow>8732 srcPort>39881 dst>fd10:62:100::2/26532 
06:00:15.782622 CONNECT flow>8732 srcPort>39881 dst>fd10:62:100::2/26532 
06:00:15.865042 ON flow>8740 srcPort>35813 dst>fd10:62:100::2/26540 
06:00:15.892400 CONNECT flow>8740 srcPort>35813 dst>fd10:62:100::2/26540 
06:00:15.942195 ON flow>8748 srcPort>41617 dst>fd10:62:100::2/26548 
06:00:15.963707 CONNECT flow>8748 srcPort>41617 dst>fd10:62:100::2/26548 
06:00:16.007012 SHUTDOWN flow>8484 srcPort>46205 dst>fd10:62:100::2/26284 
06:00:16.119769 SHUTDOWN flow>8492 srcPort>43859 dst>fd10:62:100::2/26292 
06:00:16.214535 ON flow>8756 srcPort>36079 dst>fd10:62:100::2/26556 
06:00:16.235604 OFF flow>8484 srcPort>46205 dst>fd10:62:100::2/26284 
06:00:16.239093 CONNECT flow>8756 srcPort>36079 dst>fd10:62:100::2/26556 
06:00:16.261801 SHUTDOWN flow>8500 srcPort>43059 dst>fd10:62:100::2/26300 
06:00:16.342035 OFF flow>8492 srcPort>43859 dst>fd10:62:100::2/26292 
06:00:16.363159 SHUTDOWN flow>8508 srcPort>34801 dst>fd10:62:100::2/26308 
06:00:16.374191 ON flow>8764 srcPort>33933 dst>fd10:62:100::2/26564 
06:00:16.401916 CONNECT flow>8764 srcPort>33933 dst>fd10:62:100::2/26564 
06:00:16.481013 ON flow>8772 srcPort>36735 dst>fd10:62:100::2/26572 
06:00:16.491760 SHUTDOWN flow>8516 srcPort>42983 dst>fd10:62:100::2/26316 
06:00:16.501051 OFF flow>8500 srcPort>43059 dst>fd10:62:100::2/26300 
06:00:16.514375 CONNECT flow>8772 srcPort>36735 dst>fd10:62:100::2/26572 
06:00:16.558056 OFF flow>8516 srcPort>42983 dst>fd10:62:100::2/26316 
06:00:16.624749 ON flow>8780 srcPort>38987 dst>fd10:62:100::2/26580 
06:00:16.642173 OFF flow>8508 srcPort>34801 dst>fd10:62:100::2/26308 
06:00:16.659172 CONNECT flow>8780 srcPort>38987 dst>fd10:62:100::2/26580 
06:00:16.698901 SHUTDOWN flow>8524 srcPort>38919 dst>fd10:62:100::2/26324 
06:00:16.728412 SHUTDOWN flow>8532 srcPort>36091 dst>fd10:62:100::2/26332 
06:00:16.796997 ON flow>8788 srcPort>35817 dst>fd10:62:100::2/26588 
06:00:16.815035 CONNECT flow>8788 srcPort>35817 dst>fd10:62:100::2/26588 
06:00:16.864137 SHUTDOWN flow>8540 srcPort>34303 dst>fd10:62:100::2/26340 
06:00:16.907525 OFF flow>8540 srcPort>34303 dst>fd10:62:100::2/26340 
06:00:16.920264 ON flow>8796 srcPort>37961 dst>fd10:62:100::2/26596 
06:00:16.932053 CONNECT flow>8796 srcPort>37961 dst>fd10:62:100::2/26596 
06:00:16.935019 SHUTDOWN flow>8548 srcPort>38309 dst>fd10:62:100::2/26348 
06:00:16.957041 OFF flow>8548 srcPort>38309 dst>fd10:62:100::2/26348 
06:00:16.977798 OFF flow>8524 srcPort>38919 dst>fd10:62:100::2/26324 
06:00:17.007595 OFF flow>8532 srcPort>36091 dst>fd10:62:100::2/26332 
06:00:17.023005 ON flow>8804 srcPort>43673 dst>fd10:62:100::2/26604 
06:00:17.029991 CONNECT flow>8804 srcPort>43673 dst>fd10:62:100::2/26604 
06:00:17.183487 SHUTDOWN flow>8556 srcPort>42725 dst>fd10:62:100::2/26356 
06:00:17.183873 OFF flow>8556 srcPort>42725 dst>fd10:62:100::2/26356 
06:00:17.234741 ON flow>8812 srcPort>37547 dst>fd10:62:100::2/26612 
06:00:17.235092 CONNECT flow>8812 srcPort>37547 dst>fd10:62:100::2/26612 
06:00:17.270989 SHUTDOWN flow>8564 srcPort>45799 dst>fd10:62:100::2/26364 
06:00:17.271356 OFF flow>8564 srcPort>45799 dst>fd10:62:100::2/26364 
06:00:17.345290 SHUTDOWN flow>8572 srcPort>45455 dst>fd10:62:100::2/26372 
06:00:17.345850 OFF flow>8572 srcPort>45455 dst>fd10:62:100::2/26372 
06:00:17.367169 ON flow>8820 srcPort>43375 dst>fd10:62:100::2/26620 
06:00:17.367483 CONNECT flow>8820 srcPort>43375 dst>fd10:62:100::2/26620 
06:00:17.516901 SHUTDOWN flow>8580 srcPort>43107 dst>fd10:62:100::2/26380 
06:00:17.517544 OFF flow>8580 srcPort>43107 dst>fd10:62:100::2/26380 
06:00:17.611254 ON flow>8828 srcPort>32853 dst>fd10:62:100::2/26628 
06:00:17.611719 CONNECT flow>8828 srcPort>32853 dst>fd10:62:100::2/26628 
06:00:17.825931 ON flow>8836 srcPort>36507 dst>fd10:62:100::2/26636 
06:00:17.826252 CONNECT flow>8836 srcPort>36507 dst>fd10:62:100::2/26636 
06:00:17.960260 SHUTDOWN flow>8588 srcPort>38743 dst>fd10:62:100::2/26388 
06:00:17.960632 OFF flow>8588 srcPort>38743 dst>fd10:62:100::2/26388 
06:00:17.962470 ON flow>8844 srcPort>39615 dst>fd10:62:100::2/26644 
06:00:17.962683 CONNECT flow>8844 srcPort>39615 dst>fd10:62:100::2/26644 
06:00:18.050364 SHUTDOWN flow>8596 srcPort>39149 dst>fd10:62:100::2/26396 
06:00:18.050732 OFF flow>8596 srcPort>39149 dst>fd10:62:100::2/26396 
06:00:18.051638 ON flow>8852 srcPort>40677 dst>fd10:62:100::2/26652 
06:00:18.052073 CONNECT flow>8852 srcPort>40677 dst>fd10:62:100::2/26652 
06:00:18.154390 ON flow>8860 srcPort>42779 dst>fd10:62:100::2/26660 
06:00:18.154706 CONNECT flow>8860 srcPort>42779 dst>fd10:62:100::2/26660 
06:00:18.275085 ON flow>8868 srcPort>44687 dst>fd10:62:100::2/26668 
06:00:18.275393 CONNECT flow>8868 srcPort>44687 dst>fd10:62:100::2/26668 
06:00:18.291867 SHUTDOWN flow>8604 srcPort>46293 dst>fd10:62:100::2/26404 
06:00:18.292254 OFF flow>8604 srcPort>46293 dst>fd10:62:100::2/26404 
06:00:18.370261 SHUTDOWN flow>8612 srcPort>41287 dst>fd10:62:100::2/26412 
06:00:18.370693 OFF flow>8612 srcPort>41287 dst>fd10:62:100::2/26412 
06:00:18.583250 ON flow>8876 srcPort>36443 dst>fd10:62:100::2/26676 
06:00:18.583707 CONNECT flow>8876 srcPort>36443 dst>fd10:62:100::2/26676 
06:00:18.588461 SHUTDOWN flow>8620 srcPort>42107 dst>fd10:62:100::2/26420 
06:00:18.588805 OFF flow>8620 srcPort>42107 dst>fd10:62:100::2/26420 
06:00:18.663167 SHUTDOWN flow>8628 srcPort>43571 dst>fd10:62:100::2/26428 
06:00:18.663520 OFF flow>8628 srcPort>43571 dst>fd10:62:100::2/26428 
06:00:18.711560 SHUTDOWN flow>8636 srcPort>39997 dst>fd10:62:100::2/26436 
06:00:18.711886 OFF flow>8636 srcPort>39997 dst>fd10:62:100::2/26436 
06:00:18.750859 ON flow>8884 srcPort>33097 dst>fd10:62:100::2/26684 
06:00:18.751575 CONNECT flow>8884 srcPort>33097 dst>fd10:62:100::2/26684 
06:00:18.845275 SHUTDOWN flow>8644 srcPort>45243 dst>fd10:62:100::2/26444 
06:00:18.845666 OFF flow>8644 srcPort>45243 dst>fd10:62:100::2/26444 
06:00:18.937449 ON flow>8892 srcPort>39041 dst>fd10:62:100::2/26692 
06:00:18.937716 CONNECT flow>8892 srcPort>39041 dst>fd10:62:100::2/26692 
06:00:18.967858 SHUTDOWN flow>8652 srcPort>43685 dst>fd10:62:100::2/26452 
06:00:18.968254 OFF flow>8652 srcPort>43685 dst>fd10:62:100::2/26452 
06:00:19.194463 SHUTDOWN flow>8660 srcPort>42881 dst>fd10:62:100::2/26460 
06:00:19.194822 OFF flow>8660 srcPort>42881 dst>fd10:62:100::2/26460 
06:00:19.252063 ON flow>8900 srcPort>42757 dst>fd10:62:100::2/26700 
06:00:19.252390 CONNECT flow>8900 srcPort>42757 dst>fd10:62:100::2/26700 
06:00:19.269162 SHUTDOWN flow>8668 srcPort>38635 dst>fd10:62:100::2/26468 
06:00:19.269554 OFF flow>8668 srcPort>38635 dst>fd10:62:100::2/26468 
06:00:19.447365 ON flow>8908 srcPort>36887 dst>fd10:62:100::2/26708 
06:00:19.447684 CONNECT flow>8908 srcPort>36887 dst>fd10:62:100::2/26708 
06:00:19.488778 SHUTDOWN flow>8676 srcPort>43285 dst>fd10:62:100::2/26476 
06:00:19.489367 OFF flow>8676 srcPort>43285 dst>fd10:62:100::2/26476 
06:00:19.633800 ON flow>8916 srcPort>38611 dst>fd10:62:100::2/26716 
06:00:19.634245 CONNECT flow>8916 srcPort>38611 dst>fd10:62:100::2/26716 
06:00:19.650870 SHUTDOWN flow>8684 srcPort>39925 dst>fd10:62:100::2/26484 
06:00:19.651225 OFF flow>8684 srcPort>39925 dst>fd10:62:100::2/26484 
06:00:19.759575 ON flow>8924 srcPort>37269 dst>fd10:62:100::2/26724 
06:00:19.759872 CONNECT flow>8924 srcPort>37269 dst>fd10:62:100::2/26724 
06:00:19.909367 SHUTDOWN flow>8692 srcPort>36209 dst>fd10:62:100::2/26492 
06:00:19.910304 OFF flow>8692 srcPort>36209 dst>fd10:62:100::2/26492 
06:00:19.941276 ON flow>8932 srcPort>38719 dst>fd10:62:100::2/26732 
06:00:19.941510 CONNECT flow>8932 srcPort>38719 dst>fd10:62:100::2/26732 
06:00:20.009697 SHUTDOWN flow>8700 srcPort>36411 dst>fd10:62:100::2/26500 
06:00:20.010071 OFF flow>8700 srcPort>36411 dst>fd10:62:100::2/26500 
06:00:20.051999 ON flow>8940 srcPort>34485 dst>fd10:62:100::2/26740 
06:00:20.052241 CONNECT flow>8940 srcPort>34485 dst>fd10:62:100::2/26740 
06:00:20.213063 ON flow>8948 srcPort>36401 dst>fd10:62:100::2/26748 
06:00:20.213310 CONNECT flow>8948 srcPort>36401 dst>fd10:62:100::2/26748 
06:00:20.250866 SHUTDOWN flow>8708 srcPort>46011 dst>fd10:62:100::2/26508 
06:00:20.251306 OFF flow>8708 srcPort>46011 dst>fd10:62:100::2/26508 
06:00:20.368777 SHUTDOWN flow>8716 srcPort>40099 dst>fd10:62:100::2/26516 
06:00:20.369377 OFF flow>8716 srcPort>40099 dst>fd10:62:100::2/26516 
06:00:20.371413 ON flow>8956 srcPort>45061 dst>fd10:62:100::2/26756 
06:00:20.371627 CONNECT flow>8956 srcPort>45061 dst>fd10:62:100::2/26756 
06:00:20.437577 SHUTDOWN flow>8724 srcPort>37595 dst>fd10:62:100::2/26524 
06:00:20.437882 OFF flow>8724 srcPort>37595 dst>fd10:62:100::2/26524 
06:00:20.503369 ON flow>8964 srcPort>34733 dst>fd10:62:100::2/26764 
06:00:20.503705 CONNECT flow>8964 srcPort>34733 dst>fd10:62:100::2/26764 
06:00:20.563569 SHUTDOWN flow>8732 srcPort>39881 dst>fd10:62:100::2/26532 
06:00:20.563863 OFF flow>8732 srcPort>39881 dst>fd10:62:100::2/26532 
06:00:20.662285 ON flow>8972 srcPort>37199 dst>fd10:62:100::2/26772 
06:00:20.662595 CONNECT flow>8972 srcPort>37199 dst>fd10:62:100::2/26772 
06:00:20.664570 SHUTDOWN flow>8740 srcPort>35813 dst>fd10:62:100::2/26540 
06:00:20.664907 OFF flow>8740 srcPort>35813 dst>fd10:62:100::2/26540 
06:00:20.741972 SHUTDOWN flow>8748 srcPort>41617 dst>fd10:62:100::2/26548 
06:00:20.742349 OFF flow>8748 srcPort>41617 dst>fd10:62:100::2/26548 
06:00:20.774677 ON flow>8980 srcPort>46471 dst>fd10:62:100::2/26780 
06:00:20.775003 CONNECT flow>8980 srcPort>46471 dst>fd10:62:100::2/26780 
06:00:20.839649 ON flow>8988 srcPort>44453 dst>fd10:62:100::2/26788 
06:00:20.839961 CONNECT flow>8988 srcPort>44453 dst>fd10:62:100::2/26788 
06:00:20.942185 ON flow>8996 srcPort>38163 dst>fd10:62:100::2/26796 
06:00:20.942511 CONNECT flow>8996 srcPort>38163 dst>fd10:62:100::2/26796 
06:00:21.014214 SHUTDOWN flow>8756 srcPort>36079 dst>fd10:62:100::2/26556 
06:00:21.014799 OFF flow>8756 srcPort>36079 dst>fd10:62:100::2/26556 
06:00:21.038852 ON flow>9004 srcPort>46495 dst>fd10:62:100::2/26804 
06:00:21.039141 CONNECT flow>9004 srcPort>46495 dst>fd10:62:100::2/26804 
06:00:21.067284 STOP
