06:13:31.949779 START Mgen Version 5.1.1
06:13:31.950135 ON flow>2001 srcPort>43883 dst>fd10:43:100::2/20000 
06:13:31.951327 CONNECT flow>2001 srcPort>43883 dst>fd10:43:100::2/20000 
06:13:36.951707 ON flow>2200 srcPort>40597 dst>fd10:43:100::2/21000 
06:13:36.951973 CONNECT flow>2200 srcPort>40597 dst>fd10:43:100::2/21000 
06:13:37.227971 ON flow>2208 srcPort>33911 dst>fd10:43:100::2/21008 
06:13:37.228193 CONNECT flow>2208 srcPort>33911 dst>fd10:43:100::2/21008 
06:13:37.321876 ON flow>2216 srcPort>44639 dst>fd10:43:100::2/21016 
06:13:37.322101 CONNECT flow>2216 srcPort>44639 dst>fd10:43:100::2/21016 
06:13:37.500368 ON flow>2224 srcPort>37855 dst>fd10:43:100::2/21024 
06:13:37.500627 CONNECT flow>2224 srcPort>37855 dst>fd10:43:100::2/21024 
06:13:37.585065 ON flow>2232 srcPort>42397 dst>fd10:43:100::2/21032 
06:13:37.585276 CONNECT flow>2232 srcPort>42397 dst>fd10:43:100::2/21032 
06:13:37.843473 ON flow>2240 srcPort>38397 dst>fd10:43:100::2/21040 
06:13:37.843690 CONNECT flow>2240 srcPort>38397 dst>fd10:43:100::2/21040 
06:13:38.187573 ON flow>2248 srcPort>41467 dst>fd10:43:100::2/21048 
06:13:38.187819 CONNECT flow>2248 srcPort>41467 dst>fd10:43:100::2/21048 
06:13:38.245669 ON flow>2256 srcPort>37053 dst>fd10:43:100::2/21056 
06:13:38.245903 CONNECT flow>2256 srcPort>37053 dst>fd10:43:100::2/21056 
06:13:38.457873 ON flow>2264 srcPort>35101 dst>fd10:43:100::2/21064 
06:13:38.458159 CONNECT flow>2264 srcPort>35101 dst>fd10:43:100::2/21064 
06:13:38.531273 ON flow>2272 srcPort>36651 dst>fd10:43:100::2/21072 
06:13:38.533084 CONNECT flow>2272 srcPort>36651 dst>fd10:43:100::2/21072 
06:13:38.589870 ON flow>2280 srcPort>42953 dst>fd10:43:100::2/21080 
06:13:38.590144 CONNECT flow>2280 srcPort>42953 dst>fd10:43:100::2/21080 
06:13:38.652867 ON flow>2288 srcPort>36449 dst>fd10:43:100::2/21088 
06:13:38.653216 CONNECT flow>2288 srcPort>36449 dst>fd10:43:100::2/21088 
06:13:38.759426 ON flow>2296 srcPort>38847 dst>fd10:43:100::2/21096 
06:13:38.759685 CONNECT flow>2296 srcPort>38847 dst>fd10:43:100::2/21096 
06:13:38.855588 ON flow>2304 srcPort>34659 dst>fd10:43:100::2/21104 
06:13:38.855842 CONNECT flow>2304 srcPort>34659 dst>fd10:43:100::2/21104 
06:13:38.956888 ON flow>2312 srcPort>34939 dst>fd10:43:100::2/21112 
06:13:38.957205 CONNECT flow>2312 srcPort>34939 dst>fd10:43:100::2/21112 
06:13:39.024578 ON flow>2320 srcPort>36569 dst>fd10:43:100::2/21120 
06:13:39.024846 CONNECT flow>2320 srcPort>36569 dst>fd10:43:100::2/21120 
06:13:39.062575 ON flow>2328 srcPort>36359 dst>fd10:43:100::2/21128 
06:13:39.062845 CONNECT flow>2328 srcPort>36359 dst>fd10:43:100::2/21128 
06:13:39.305080 ON flow>2336 srcPort>40359 dst>fd10:43:100::2/21136 
06:13:39.305293 CONNECT flow>2336 srcPort>40359 dst>fd10:43:100::2/21136 
06:13:39.402230 ON flow>2344 srcPort>39271 dst>fd10:43:100::2/21144 
06:13:39.402783 CONNECT flow>2344 srcPort>39271 dst>fd10:43:100::2/21144 
06:13:39.478493 ON flow>2352 srcPort>34907 dst>fd10:43:100::2/21152 
06:13:39.478799 CONNECT flow>2352 srcPort>34907 dst>fd10:43:100::2/21152 
06:13:39.537884 ON flow>2360 srcPort>37865 dst>fd10:43:100::2/21160 
06:13:39.538276 CONNECT flow>2360 srcPort>37865 dst>fd10:43:100::2/21160 
06:13:39.623476 ON flow>2368 srcPort>37385 dst>fd10:43:100::2/21168 
06:13:39.623853 CONNECT flow>2368 srcPort>37385 dst>fd10:43:100::2/21168 
06:13:39.711725 ON flow>2376 srcPort>34093 dst>fd10:43:100::2/21176 
06:13:39.712384 CONNECT flow>2376 srcPort>34093 dst>fd10:43:100::2/21176 
06:13:39.783074 ON flow>2384 srcPort>44791 dst>fd10:43:100::2/21184 
06:13:39.783350 CONNECT flow>2384 srcPort>44791 dst>fd10:43:100::2/21184 
06:13:39.849374 ON flow>2392 srcPort>34803 dst>fd10:43:100::2/21192 
06:13:39.849775 CONNECT flow>2392 srcPort>34803 dst>fd10:43:100::2/21192 
06:13:40.006516 ON flow>2400 srcPort>35517 dst>fd10:43:100::2/21200 
06:13:40.006910 CONNECT flow>2400 srcPort>35517 dst>fd10:43:100::2/21200 
06:13:40.160366 ON flow>2408 srcPort>46697 dst>fd10:43:100::2/21208 
06:13:40.160721 CONNECT flow>2408 srcPort>46697 dst>fd10:43:100::2/21208 
06:13:40.327317 ON flow>2416 srcPort>35867 dst>fd10:43:100::2/21216 
06:13:40.327781 CONNECT flow>2416 srcPort>35867 dst>fd10:43:100::2/21216 
06:13:40.516325 ON flow>2424 srcPort>35345 dst>fd10:43:100::2/21224 
06:13:40.516554 CONNECT flow>2424 srcPort>35345 dst>fd10:43:100::2/21224 
06:13:40.705416 ON flow>2432 srcPort>40117 dst>fd10:43:100::2/21232 
06:13:40.705849 CONNECT flow>2432 srcPort>40117 dst>fd10:43:100::2/21232 
06:13:40.825613 ON flow>2440 srcPort>40457 dst>fd10:43:100::2/21240 
06:13:40.825827 CONNECT flow>2440 srcPort>40457 dst>fd10:43:100::2/21240 
06:13:40.980232 ON flow>2448 srcPort>43079 dst>fd10:43:100::2/21248 
06:13:40.980523 CONNECT flow>2448 srcPort>43079 dst>fd10:43:100::2/21248 
06:13:41.104922 ON flow>2456 srcPort>33635 dst>fd10:43:100::2/21256 
06:13:41.105161 CONNECT flow>2456 srcPort>33635 dst>fd10:43:100::2/21256 
06:13:41.472433 ON flow>2464 srcPort>45133 dst>fd10:43:100::2/21264 
06:13:41.472741 CONNECT flow>2464 srcPort>45133 dst>fd10:43:100::2/21264 
06:13:41.751637 SHUTDOWN flow>2200 srcPort>40597 dst>fd10:43:100::2/21000 
06:13:41.752148 OFF flow>2200 srcPort>40597 dst>fd10:43:100::2/21000 
06:13:41.753943 ON flow>2472 srcPort>38141 dst>fd10:43:100::2/21272 
06:13:41.754226 CONNECT flow>2472 srcPort>38141 dst>fd10:43:100::2/21272 
06:13:41.969516 ON flow>2480 srcPort>35563 dst>fd10:43:100::2/21280 
06:13:41.969770 CONNECT flow>2480 srcPort>35563 dst>fd10:43:100::2/21280 
06:13:42.027931 SHUTDOWN flow>2208 srcPort>33911 dst>fd10:43:100::2/21008 
06:13:42.029626 OFF flow>2208 srcPort>33911 dst>fd10:43:100::2/21008 
06:13:42.121842 SHUTDOWN flow>2216 srcPort>44639 dst>fd10:43:100::2/21016 
06:13:42.122496 OFF flow>2216 srcPort>44639 dst>fd10:43:100::2/21016 
06:13:42.128714 ON flow>2488 srcPort>46343 dst>fd10:43:100::2/21288 
06:13:42.128898 CONNECT flow>2488 srcPort>46343 dst>fd10:43:100::2/21288 
06:13:42.244514 ON flow>2496 srcPort>38557 dst>fd10:43:100::2/21296 
06:13:42.244998 CONNECT flow>2496 srcPort>38557 dst>fd10:43:100::2/21296 
06:13:42.300330 SHUTDOWN flow>2224 srcPort>37855 dst>fd10:43:100::2/21024 
06:13:42.300723 OFF flow>2224 srcPort>37855 dst>fd10:43:100::2/21024 
06:13:42.380609 ON flow>2504 srcPort>35167 dst>fd10:43:100::2/21304 
06:13:42.381123 CONNECT flow>2504 srcPort>35167 dst>fd10:43:100::2/21304 
06:13:42.385039 SHUTDOWN flow>2232 srcPort>42397 dst>fd10:43:100::2/21032 
06:13:42.385631 OFF flow>2232 srcPort>42397 dst>fd10:43:100::2/21032 
06:13:42.438210 ON flow>2512 srcPort>35653 dst>fd10:43:100::2/21312 
06:13:42.438435 CONNECT flow>2512 srcPort>35653 dst>fd10:43:100::2/21312 
06:13:42.487015 ON flow>2520 srcPort>44667 dst>fd10:43:100::2/21320 
06:13:42.487346 CONNECT flow>2520 srcPort>44667 dst>fd10:43:100::2/21320 
06:13:42.603814 ON flow>2528 srcPort>37331 dst>fd10:43:100::2/21328 
06:13:42.604434 CONNECT flow>2528 srcPort>37331 dst>fd10:43:100::2/21328 
06:13:42.643435 SHUTDOWN flow>2240 srcPort>38397 dst>fd10:43:100::2/21040 
06:13:42.644165 OFF flow>2240 srcPort>38397 dst>fd10:43:100::2/21040 
06:13:42.732843 ON flow>2536 srcPort>46221 dst>fd10:43:100::2/21336 
06:13:42.733659 CONNECT flow>2536 srcPort>46221 dst>fd10:43:100::2/21336 
06:13:42.855340 ON flow>2544 srcPort>32869 dst>fd10:43:100::2/21344 
06:13:42.855545 CONNECT flow>2544 srcPort>32869 dst>fd10:43:100::2/21344 
06:13:42.917017 ON flow>2552 srcPort>43527 dst>fd10:43:100::2/21352 
06:13:42.917378 CONNECT flow>2552 srcPort>43527 dst>fd10:43:100::2/21352 
06:13:42.987543 SHUTDOWN flow>2248 srcPort>41467 dst>fd10:43:100::2/21048 
06:13:42.988173 OFF flow>2248 srcPort>41467 dst>fd10:43:100::2/21048 
06:13:43.020374 ON flow>2560 srcPort>36747 dst>fd10:43:100::2/21360 
06:13:43.020818 CONNECT flow>2560 srcPort>36747 dst>fd10:43:100::2/21360 
06:13:43.045654 SHUTDOWN flow>2256 srcPort>37053 dst>fd10:43:100::2/21056 
06:13:43.046106 OFF flow>2256 srcPort>37053 dst>fd10:43:100::2/21056 
06:13:43.251752 ON flow>2568 srcPort>41351 dst>fd10:43:100::2/21368 
06:13:43.252435 CONNECT flow>2568 srcPort>41351 dst>fd10:43:100::2/21368 
06:13:43.257836 SHUTDOWN flow>2264 srcPort>35101 dst>fd10:43:100::2/21064 
06:13:43.258225 OFF flow>2264 srcPort>35101 dst>fd10:43:100::2/21064 
06:13:43.331237 SHUTDOWN flow>2272 srcPort>36651 dst>fd10:43:100::2/21072 
06:13:43.331721 OFF flow>2272 srcPort>36651 dst>fd10:43:100::2/21072 
06:13:43.389842 SHUTDOWN flow>2280 srcPort>42953 dst>fd10:43:100::2/21080 
06:13:43.391308 OFF flow>2280 srcPort>42953 dst>fd10:43:100::2/21080 
06:13:43.447739 ON flow>2576 srcPort>41987 dst>fd10:43:100::2/21376 
06:13:43.448435 CONNECT flow>2576 srcPort>41987 dst>fd10:43:100::2/21376 
06:13:43.452852 SHUTDOWN flow>2288 srcPort>36449 dst>fd10:43:100::2/21088 
06:13:43.453541 OFF flow>2288 srcPort>36449 dst>fd10:43:100::2/21088 
06:13:43.559343 SHUTDOWN flow>2296 srcPort>38847 dst>fd10:43:100::2/21096 
06:13:43.559659 OFF flow>2296 srcPort>38847 dst>fd10:43:100::2/21096 
06:13:43.655574 SHUTDOWN flow>2304 srcPort>34659 dst>fd10:43:100::2/21104 
06:13:43.656398 OFF flow>2304 srcPort>34659 dst>fd10:43:100::2/21104 
06:13:43.666927 ON flow>2584 srcPort>39735 dst>fd10:43:100::2/21384 
06:13:43.667312 CONNECT flow>2584 srcPort>39735 dst>fd10:43:100::2/21384 
06:13:43.756840 SHUTDOWN flow>2312 srcPort>34939 dst>fd10:43:100::2/21112 
06:13:43.757352 OFF flow>2312 srcPort>34939 dst>fd10:43:100::2/21112 
06:13:43.824541 SHUTDOWN flow>2320 srcPort>36569 dst>fd10:43:100::2/21120 
06:13:43.824843 OFF flow>2320 srcPort>36569 dst>fd10:43:100::2/21120 
06:13:43.862547 SHUTDOWN flow>2328 srcPort>36359 dst>fd10:43:100::2/21128 
06:13:43.863037 OFF flow>2328 srcPort>36359 dst>fd10:43:100::2/21128 
06:13:43.884127 ON flow>2592 srcPort>43429 dst>fd10:43:100::2/21392 
06:13:43.884439 CONNECT flow>2592 srcPort>43429 dst>fd10:43:100::2/21392 
06:13:44.095158 ON flow>2600 srcPort>41407 dst>fd10:43:100::2/21400 
06:13:44.096672 CONNECT flow>2600 srcPort>41407 dst>fd10:43:100::2/21400 
06:13:44.105033 SHUTDOWN flow>2336 srcPort>40359 dst>fd10:43:100::2/21136 
06:13:44.105726 OFF flow>2336 srcPort>40359 dst>fd10:43:100::2/21136 
06:13:44.202154 SHUTDOWN flow>2344 srcPort>39271 dst>fd10:43:100::2/21144 
06:13:44.202595 OFF flow>2344 srcPort>39271 dst>fd10:43:100::2/21144 
06:13:44.278456 SHUTDOWN flow>2352 srcPort>34907 dst>fd10:43:100::2/21152 
06:13:44.278973 OFF flow>2352 srcPort>34907 dst>fd10:43:100::2/21152 
06:13:44.337890 SHUTDOWN flow>2360 srcPort>37865 dst>fd10:43:100::2/21160 
06:13:44.338891 OFF flow>2360 srcPort>37865 dst>fd10:43:100::2/21160 
06:13:44.349816 ON flow>2608 srcPort>45683 dst>fd10:43:100::2/21408 
06:13:44.350094 CONNECT flow>2608 srcPort>45683 dst>fd10:43:100::2/21408 
06:13:44.423489 SHUTDOWN flow>2368 srcPort>37385 dst>fd10:43:100::2/21168 
06:13:44.424466 OFF flow>2368 srcPort>37385 dst>fd10:43:100::2/21168 
06:13:44.511640 SHUTDOWN flow>2376 srcPort>34093 dst>fd10:43:100::2/21176 
06:13:44.512643 OFF flow>2376 srcPort>34093 dst>fd10:43:100::2/21176 
06:13:44.570034 ON flow>2616 srcPort>34401 dst>fd10:43:100::2/21416 
06:13:44.570302 CONNECT flow>2616 srcPort>34401 dst>fd10:43:100::2/21416 
06:13:44.583044 SHUTDOWN flow>2384 srcPort>44791 dst>fd10:43:100::2/21184 
06:13:44.583725 OFF flow>2384 srcPort>44791 dst>fd10:43:100::2/21184 
06:13:44.649352 SHUTDOWN flow>2392 srcPort>34803 dst>fd10:43:100::2/21192 
06:13:44.649931 OFF flow>2392 srcPort>34803 dst>fd10:43:100::2/21192 
06:13:44.659221 ON flow>2624 srcPort>41849 dst>fd10:43:100::2/21424 
06:13:44.659588 CONNECT flow>2624 srcPort>41849 dst>fd10:43:100::2/21424 
06:13:44.806481 SHUTDOWN flow>2400 srcPort>35517 dst>fd10:43:100::2/21200 
06:13:44.806767 OFF flow>2400 srcPort>35517 dst>fd10:43:100::2/21200 
06:13:44.853350 ON flow>2632 srcPort>35869 dst>fd10:43:100::2/21432 
06:13:44.853880 CONNECT flow>2632 srcPort>35869 dst>fd10:43:100::2/21432 
06:13:44.932928 ON flow>2640 srcPort>45499 dst>fd10:43:100::2/21440 
06:13:44.933178 CONNECT flow>2640 srcPort>45499 dst>fd10:43:100::2/21440 
06:13:44.960308 SHUTDOWN flow>2408 srcPort>46697 dst>fd10:43:100::2/21208 
06:13:44.960687 OFF flow>2408 srcPort>46697 dst>fd10:43:100::2/21208 
06:13:45.100934 ON flow>2648 srcPort>34375 dst>fd10:43:100::2/21448 
06:13:45.101334 CONNECT flow>2648 srcPort>34375 dst>fd10:43:100::2/21448 
06:13:45.127285 SHUTDOWN flow>2416 srcPort>35867 dst>fd10:43:100::2/21216 
06:13:45.127554 OFF flow>2416 srcPort>35867 dst>fd10:43:100::2/21216 
06:13:45.299125 ON flow>2656 srcPort>41037 dst>fd10:43:100::2/21456 
06:13:45.299529 CONNECT flow>2656 srcPort>41037 dst>fd10:43:100::2/21456 
06:13:45.316345 SHUTDOWN flow>2424 srcPort>35345 dst>fd10:43:100::2/21224 
06:13:45.316963 OFF flow>2424 srcPort>35345 dst>fd10:43:100::2/21224 
06:13:45.402925 ON flow>2664 srcPort>39699 dst>fd10:43:100::2/21464 
06:13:45.403282 CONNECT flow>2664 srcPort>39699 dst>fd10:43:100::2/21464 
06:13:45.505378 SHUTDOWN flow>2432 srcPort>40117 dst>fd10:43:100::2/21232 
06:13:45.508721 OFF flow>2432 srcPort>40117 dst>fd10:43:100::2/21232 
06:13:45.578755 ON flow>2672 srcPort>38525 dst>fd10:43:100::2/21472 
06:13:45.579088 CONNECT flow>2672 srcPort>38525 dst>fd10:43:100::2/21472 
06:13:45.625579 SHUTDOWN flow>2440 srcPort>40457 dst>fd10:43:100::2/21240 
06:13:45.626174 OFF flow>2440 srcPort>40457 dst>fd10:43:100::2/21240 
06:13:45.676125 ON flow>2680 srcPort>33979 dst>fd10:43:100::2/21480 
06:13:45.676362 CONNECT flow>2680 srcPort>33979 dst>fd10:43:100::2/21480 
06:13:45.780168 SHUTDOWN flow>2448 srcPort>43079 dst>fd10:43:100::2/21248 
06:13:45.780700 OFF flow>2448 srcPort>43079 dst>fd10:43:100::2/21248 
06:13:45.846329 ON flow>2688 srcPort>40589 dst>fd10:43:100::2/21488 
06:13:45.846779 CONNECT flow>2688 srcPort>40589 dst>fd10:43:100::2/21488 
06:13:45.904892 SHUTDOWN flow>2456 srcPort>33635 dst>fd10:43:100::2/21256 
06:13:45.905755 OFF flow>2456 srcPort>33635 dst>fd10:43:100::2/21256 
06:13:46.175167 ON flow>2696 srcPort>33121 dst>fd10:43:100::2/21496 
06:13:46.176933 CONNECT flow>2696 srcPort>33121 dst>fd10:43:100::2/21496 
06:13:46.272375 SHUTDOWN flow>2464 srcPort>45133 dst>fd10:43:100::2/21264 
06:13:46.273704 OFF flow>2464 srcPort>45133 dst>fd10:43:100::2/21264 
06:13:46.427637 ON flow>2704 srcPort>36567 dst>fd10:43:100::2/21504 
06:13:46.431884 CONNECT flow>2704 srcPort>36567 dst>fd10:43:100::2/21504 
06:13:46.553879 SHUTDOWN flow>2472 srcPort>38141 dst>fd10:43:100::2/21272 
06:13:46.554512 OFF flow>2472 srcPort>38141 dst>fd10:43:100::2/21272 
06:13:46.606514 ON flow>2712 srcPort>33315 dst>fd10:43:100::2/21512 
06:13:46.606839 CONNECT flow>2712 srcPort>33315 dst>fd10:43:100::2/21512 
06:13:46.765430 ON flow>2720 srcPort>44395 dst>fd10:43:100::2/21520 
06:13:46.765847 CONNECT flow>2720 srcPort>44395 dst>fd10:43:100::2/21520 
06:13:46.769478 SHUTDOWN flow>2480 srcPort>35563 dst>fd10:43:100::2/21280 
06:13:46.769877 OFF flow>2480 srcPort>35563 dst>fd10:43:100::2/21280 
06:13:46.928679 SHUTDOWN flow>2488 srcPort>46343 dst>fd10:43:100::2/21288 
06:13:46.929014 OFF flow>2488 srcPort>46343 dst>fd10:43:100::2/21288 
06:13:46.997639 ON flow>2728 srcPort>36139 dst>fd10:43:100::2/21528 
06:13:46.997921 CONNECT flow>2728 srcPort>36139 dst>fd10:43:100::2/21528 
06:13:47.044476 SHUTDOWN flow>2496 srcPort>38557 dst>fd10:43:100::2/21296 
06:13:47.044839 OFF flow>2496 srcPort>38557 dst>fd10:43:100::2/21296 
06:13:47.157347 ON flow>2736 srcPort>35293 dst>fd10:43:100::2/21536 
06:13:47.157654 CONNECT flow>2736 srcPort>35293 dst>fd10:43:100::2/21536 
06:13:47.180589 SHUTDOWN flow>2504 srcPort>35167 dst>fd10:43:100::2/21304 
06:13:47.181522 OFF flow>2504 srcPort>35167 dst>fd10:43:100::2/21304 
06:13:47.238180 SHUTDOWN flow>2512 srcPort>35653 dst>fd10:43:100::2/21312 
06:13:47.238756 OFF flow>2512 srcPort>35653 dst>fd10:43:100::2/21312 
06:13:47.286979 SHUTDOWN flow>2520 srcPort>44667 dst>fd10:43:100::2/21320 
06:13:47.287352 OFF flow>2520 srcPort>44667 dst>fd10:43:100::2/21320 
06:13:47.403787 SHUTDOWN flow>2528 srcPort>37331 dst>fd10:43:100::2/21328 
06:13:47.404093 OFF flow>2528 srcPort>37331 dst>fd10:43:100::2/21328 
06:13:47.424235 ON flow>2744 srcPort>33619 dst>fd10:43:100::2/21544 
06:13:47.424445 CONNECT flow>2744 srcPort>33619 dst>fd10:43:100::2/21544 
06:13:47.532786 SHUTDOWN flow>2536 srcPort>46221 dst>fd10:43:100::2/21336 
06:13:47.533105 OFF flow>2536 srcPort>46221 dst>fd10:43:100::2/21336 
06:13:47.655312 SHUTDOWN flow>2544 srcPort>32869 dst>fd10:43:100::2/21344 
06:13:47.658787 OFF flow>2544 srcPort>32869 dst>fd10:43:100::2/21344 
06:13:47.716989 SHUTDOWN flow>2552 srcPort>43527 dst>fd10:43:100::2/21352 
06:13:47.717334 OFF flow>2552 srcPort>43527 dst>fd10:43:100::2/21352 
06:13:47.724552 ON flow>2752 srcPort>41187 dst>fd10:43:100::2/21552 
06:13:47.725098 CONNECT flow>2752 srcPort>41187 dst>fd10:43:100::2/21552 
06:13:47.820314 SHUTDOWN flow>2560 srcPort>36747 dst>fd10:43:100::2/21360 
06:13:47.821021 OFF flow>2560 srcPort>36747 dst>fd10:43:100::2/21360 
06:13:48.006039 ON flow>2760 srcPort>36335 dst>fd10:43:100::2/21560 
06:13:48.006298 CONNECT flow>2760 srcPort>36335 dst>fd10:43:100::2/21560 
06:13:48.051689 SHUTDOWN flow>2568 srcPort>41351 dst>fd10:43:100::2/21368 
06:13:48.052071 OFF flow>2568 srcPort>41351 dst>fd10:43:100::2/21368 
06:13:48.138928 ON flow>2768 srcPort>38341 dst>fd10:43:100::2/21568 
06:13:48.139305 CONNECT flow>2768 srcPort>38341 dst>fd10:43:100::2/21568 
06:13:48.247687 SHUTDOWN flow>2576 srcPort>41987 dst>fd10:43:100::2/21376 
06:13:48.248321 OFF flow>2576 srcPort>41987 dst>fd10:43:100::2/21376 
06:13:48.340620 ON flow>2776 srcPort>45331 dst>fd10:43:100::2/21576 
06:13:48.340903 CONNECT flow>2776 srcPort>45331 dst>fd10:43:100::2/21576 
06:13:48.439619 ON flow>2784 srcPort>45545 dst>fd10:43:100::2/21584 
06:13:48.440118 CONNECT flow>2784 srcPort>45545 dst>fd10:43:100::2/21584 
06:13:48.466884 SHUTDOWN flow>2584 srcPort>39735 dst>fd10:43:100::2/21384 
06:13:48.468855 OFF flow>2584 srcPort>39735 dst>fd10:43:100::2/21384 
06:13:48.578644 ON flow>2792 srcPort>37883 dst>fd10:43:100::2/21592 
06:13:48.578845 CONNECT flow>2792 srcPort>37883 dst>fd10:43:100::2/21592 
06:13:48.684095 SHUTDOWN flow>2592 srcPort>43429 dst>fd10:43:100::2/21392 
06:13:48.684594 OFF flow>2592 srcPort>43429 dst>fd10:43:100::2/21392 
06:13:48.796130 ON flow>2800 srcPort>44729 dst>fd10:43:100::2/21600 
06:13:48.796337 CONNECT flow>2800 srcPort>44729 dst>fd10:43:100::2/21600 
06:13:48.895075 SHUTDOWN flow>2600 srcPort>41407 dst>fd10:43:100::2/21400 
06:13:48.895493 OFF flow>2600 srcPort>41407 dst>fd10:43:100::2/21400 
06:13:48.935424 ON flow>2808 srcPort>40083 dst>fd10:43:100::2/21608 
06:13:48.935742 CONNECT flow>2808 srcPort>40083 dst>fd10:43:100::2/21608 
06:13:49.063468 ON flow>2816 srcPort>35567 dst>fd10:43:100::2/21616 
06:13:49.064771 CONNECT flow>2816 srcPort>35567 dst>fd10:43:100::2/21616 
06:13:49.129903 ON flow>2824 srcPort>36111 dst>fd10:43:100::2/21624 
06:13:49.130164 CONNECT flow>2824 srcPort>36111 dst>fd10:43:100::2/21624 
06:13:49.149794 SHUTDOWN flow>2608 srcPort>45683 dst>fd10:43:100::2/21408 
06:13:49.150205 OFF flow>2608 srcPort>45683 dst>fd10:43:100::2/21408 
06:13:49.180224 ON flow>2832 srcPort>41017 dst>fd10:43:100::2/21632 
06:13:49.180515 CONNECT flow>2832 srcPort>41017 dst>fd10:43:100::2/21632 
06:13:49.270644 ON flow>2840 srcPort>34197 dst>fd10:43:100::2/21640 
06:13:49.271849 CONNECT flow>2840 srcPort>34197 dst>fd10:43:100::2/21640 
06:13:49.329641 ON flow>2848 srcPort>34933 dst>fd10:43:100::2/21648 
06:13:49.330280 CONNECT flow>2848 srcPort>34933 dst>fd10:43:100::2/21648 
06:13:49.369982 SHUTDOWN flow>2616 srcPort>34401 dst>fd10:43:100::2/21416 
06:13:49.370860 OFF flow>2616 srcPort>34401 dst>fd10:43:100::2/21416 
06:13:49.410338 ON flow>2856 srcPort>42471 dst>fd10:43:100::2/21656 
06:13:49.410666 CONNECT flow>2856 srcPort>42471 dst>fd10:43:100::2/21656 
06:13:49.459198 SHUTDOWN flow>2624 srcPort>41849 dst>fd10:43:100::2/21424 
06:13:49.460118 OFF flow>2624 srcPort>41849 dst>fd10:43:100::2/21424 
06:13:49.543839 ON flow>2864 srcPort>43109 dst>fd10:43:100::2/21664 
06:13:49.544545 CONNECT flow>2864 srcPort>43109 dst>fd10:43:100::2/21664 
06:13:49.613860 ON flow>2872 srcPort>32845 dst>fd10:43:100::2/21672 
06:13:49.614775 CONNECT flow>2872 srcPort>32845 dst>fd10:43:100::2/21672 
06:13:49.653325 SHUTDOWN flow>2632 srcPort>35869 dst>fd10:43:100::2/21432 
06:13:49.654353 OFF flow>2632 srcPort>35869 dst>fd10:43:100::2/21432 
06:13:49.718652 ON flow>2880 srcPort>41105 dst>fd10:43:100::2/21680 
06:13:49.719294 CONNECT flow>2880 srcPort>41105 dst>fd10:43:100::2/21680 
06:13:49.732883 SHUTDOWN flow>2640 srcPort>45499 dst>fd10:43:100::2/21440 
06:13:49.733982 OFF flow>2640 srcPort>45499 dst>fd10:43:100::2/21440 
06:13:49.763435 ON flow>2888 srcPort>42253 dst>fd10:43:100::2/21688 
06:13:49.763847 CONNECT flow>2888 srcPort>42253 dst>fd10:43:100::2/21688 
06:13:49.844850 ON flow>2896 srcPort>34825 dst>fd10:43:100::2/21696 
06:13:49.845119 CONNECT flow>2896 srcPort>34825 dst>fd10:43:100::2/21696 
06:13:49.900869 SHUTDOWN flow>2648 srcPort>34375 dst>fd10:43:100::2/21448 
06:13:49.905785 OFF flow>2648 srcPort>34375 dst>fd10:43:100::2/21448 
06:13:49.905945 ON flow>2904 srcPort>35955 dst>fd10:43:100::2/21704 
06:13:49.911563 CONNECT flow>2904 srcPort>35955 dst>fd10:43:100::2/21704 
06:13:49.987891 ON flow>2912 srcPort>46417 dst>fd10:43:100::2/21712 
06:13:49.991045 CONNECT flow>2912 srcPort>46417 dst>fd10:43:100::2/21712 
06:13:50.099097 SHUTDOWN flow>2656 srcPort>41037 dst>fd10:43:100::2/21456 
06:13:50.118882 OFF flow>2656 srcPort>41037 dst>fd10:43:100::2/21456 
06:13:50.170289 ON flow>2920 srcPort>37111 dst>fd10:43:100::2/21720 
06:13:50.181147 CONNECT flow>2920 srcPort>37111 dst>fd10:43:100::2/21720 
06:13:50.202895 SHUTDOWN flow>2664 srcPort>39699 dst>fd10:43:100::2/21464 
06:13:50.204973 OFF flow>2664 srcPort>39699 dst>fd10:43:100::2/21464 
06:13:50.320247 ON flow>2928 srcPort>37581 dst>fd10:43:100::2/21728 
06:13:50.320658 CONNECT flow>2928 srcPort>37581 dst>fd10:43:100::2/21728 
06:13:50.378685 SHUTDOWN flow>2672 srcPort>38525 dst>fd10:43:100::2/21472 
06:13:50.379184 OFF flow>2672 srcPort>38525 dst>fd10:43:100::2/21472 
06:13:50.476082 SHUTDOWN flow>2680 srcPort>33979 dst>fd10:43:100::2/21480 
06:13:50.478038 OFF flow>2680 srcPort>33979 dst>fd10:43:100::2/21480 
06:13:50.515175 ON flow>2936 srcPort>44041 dst>fd10:43:100::2/21736 
06:13:50.516532 CONNECT flow>2936 srcPort>44041 dst>fd10:43:100::2/21736 
06:13:50.646293 SHUTDOWN flow>2688 srcPort>40589 dst>fd10:43:100::2/21488 
06:13:50.658589 OFF flow>2688 srcPort>40589 dst>fd10:43:100::2/21488 
06:13:50.975079 SHUTDOWN flow>2696 srcPort>33121 dst>fd10:43:100::2/21496 
06:13:50.975606 OFF flow>2696 srcPort>33121 dst>fd10:43:100::2/21496 
06:13:51.067361 ON flow>2944 srcPort>32785 dst>fd10:43:100::2/21744 
06:13:51.067726 CONNECT flow>2944 srcPort>32785 dst>fd10:43:100::2/21744 
06:13:51.227584 SHUTDOWN flow>2704 srcPort>36567 dst>fd10:43:100::2/21504 
06:13:51.231521 OFF flow>2704 srcPort>36567 dst>fd10:43:100::2/21504 
06:13:51.299562 ON flow>2952 srcPort>34403 dst>fd10:43:100::2/21752 
06:13:51.300099 CONNECT flow>2952 srcPort>34403 dst>fd10:43:100::2/21752 
06:13:51.406486 SHUTDOWN flow>2712 srcPort>33315 dst>fd10:43:100::2/21512 
06:13:51.407450 OFF flow>2712 srcPort>33315 dst>fd10:43:100::2/21512 
06:13:51.504094 ON flow>2960 srcPort>45883 dst>fd10:43:100::2/21760 
06:13:51.504570 CONNECT flow>2960 srcPort>45883 dst>fd10:43:100::2/21760 
06:13:51.565384 SHUTDOWN flow>2720 srcPort>44395 dst>fd10:43:100::2/21520 
06:13:51.565681 OFF flow>2720 srcPort>44395 dst>fd10:43:100::2/21520 
06:13:51.623253 ON flow>2968 srcPort>39907 dst>fd10:43:100::2/21768 
06:13:51.623705 CONNECT flow>2968 srcPort>39907 dst>fd10:43:100::2/21768 
06:13:51.736890 ON flow>2976 srcPort>41569 dst>fd10:43:100::2/21776 
06:13:51.739996 CONNECT flow>2976 srcPort>41569 dst>fd10:43:100::2/21776 
06:13:51.797592 SHUTDOWN flow>2728 srcPort>36139 dst>fd10:43:100::2/21528 
06:13:51.798884 OFF flow>2728 srcPort>36139 dst>fd10:43:100::2/21528 
06:13:51.922887 ON flow>2984 srcPort>44025 dst>fd10:43:100::2/21784 
06:13:51.927477 CONNECT flow>2984 srcPort>44025 dst>fd10:43:100::2/21784 
06:13:51.957340 SHUTDOWN flow>2736 srcPort>35293 dst>fd10:43:100::2/21536 
06:13:51.965785 OFF flow>2736 srcPort>35293 dst>fd10:43:100::2/21536 
06:13:52.032492 ON flow>2992 srcPort>41495 dst>fd10:43:100::2/21792 
06:13:52.099278 ON flow>3000 srcPort>36085 dst>fd10:43:100::2/21800 
06:13:52.111329 CONNECT flow>3000 srcPort>36085 dst>fd10:43:100::2/21800 
06:13:52.224198 SHUTDOWN flow>2744 srcPort>33619 dst>fd10:43:100::2/21544 
06:13:52.229670 OFF flow>2744 srcPort>33619 dst>fd10:43:100::2/21544 
06:13:52.329858 ON flow>3008 srcPort>35989 dst>fd10:43:100::2/21808 
06:13:52.346646 CONNECT flow>3008 srcPort>35989 dst>fd10:43:100::2/21808 
06:13:52.524495 SHUTDOWN flow>2752 srcPort>41187 dst>fd10:43:100::2/21552 
06:13:52.557371 ON flow>3016 srcPort>44503 dst>fd10:43:100::2/21816 
06:13:52.568380 CONNECT flow>3016 srcPort>44503 dst>fd10:43:100::2/21816 
06:13:52.673055 OFF flow>2752 srcPort>41187 dst>fd10:43:100::2/21552 
06:13:52.798688 ON flow>3024 srcPort>35747 dst>fd10:43:100::2/21824 
06:13:52.807579 SHUTDOWN flow>2760 srcPort>36335 dst>fd10:43:100::2/21560 
06:13:52.822053 CONNECT flow>3024 srcPort>35747 dst>fd10:43:100::2/21824 
06:13:52.921338 ON flow>3032 srcPort>40273 dst>fd10:43:100::2/21832 
06:13:52.938940 SHUTDOWN flow>2768 srcPort>38341 dst>fd10:43:100::2/21568 
06:13:52.944306 CONNECT flow>3032 srcPort>40273 dst>fd10:43:100::2/21832 
06:13:53.024858 OFF flow>2768 srcPort>38341 dst>fd10:43:100::2/21568 
06:13:53.032675 ON flow>3040 srcPort>34009 dst>fd10:43:100::2/21840 
06:13:53.049029 OFF flow>2760 srcPort>36335 dst>fd10:43:100::2/21560 
06:13:53.083821 CONNECT flow>3040 srcPort>34009 dst>fd10:43:100::2/21840 
06:13:53.086685 CONNECT flow>2992 srcPort>41495 dst>fd10:43:100::2/21792 
06:13:53.140590 SHUTDOWN flow>2776 srcPort>45331 dst>fd10:43:100::2/21576 
06:13:53.170931 ON flow>3048 srcPort>42909 dst>fd10:43:100::2/21848 
06:13:53.213128 CONNECT flow>3048 srcPort>42909 dst>fd10:43:100::2/21848 
06:13:53.239622 SHUTDOWN flow>2784 srcPort>45545 dst>fd10:43:100::2/21584 
06:13:53.368198 ON flow>3056 srcPort>41753 dst>fd10:43:100::2/21856 
06:13:53.378624 SHUTDOWN flow>2792 srcPort>37883 dst>fd10:43:100::2/21592 
06:13:53.423955 CONNECT flow>3056 srcPort>41753 dst>fd10:43:100::2/21856 
06:13:53.515176 OFF flow>2784 srcPort>45545 dst>fd10:43:100::2/21584 
06:13:53.722539 SHUTDOWN flow>2800 srcPort>44729 dst>fd10:43:100::2/21600 
06:13:53.738035 ON flow>3064 srcPort>42477 dst>fd10:43:100::2/21864 
06:13:53.788876 CONNECT flow>3064 srcPort>42477 dst>fd10:43:100::2/21864 
06:13:53.863396 SHUTDOWN flow>2816 srcPort>35567 dst>fd10:43:100::2/21616 
06:13:53.883166 SHUTDOWN flow>2808 srcPort>40083 dst>fd10:43:100::2/21608 
06:13:53.929784 SHUTDOWN flow>2824 srcPort>36111 dst>fd10:43:100::2/21624 
06:13:53.980329 SHUTDOWN flow>2832 srcPort>41017 dst>fd10:43:100::2/21632 
06:13:53.991461 OFF flow>2776 srcPort>45331 dst>fd10:43:100::2/21576 
06:13:54.045540 OFF flow>2832 srcPort>41017 dst>fd10:43:100::2/21632 
06:13:54.070595 SHUTDOWN flow>2840 srcPort>34197 dst>fd10:43:100::2/21640 
06:13:54.116285 OFF flow>2800 srcPort>44729 dst>fd10:43:100::2/21600 
06:13:54.117170 ON flow>3072 srcPort>43913 dst>fd10:43:100::2/21872 
06:13:54.164842 OFF flow>2808 srcPort>40083 dst>fd10:43:100::2/21608 
06:13:54.176100 CONNECT flow>3072 srcPort>43913 dst>fd10:43:100::2/21872 
06:13:54.210340 SHUTDOWN flow>2856 srcPort>42471 dst>fd10:43:100::2/21656 
06:13:54.248349 SHUTDOWN flow>2848 srcPort>34933 dst>fd10:43:100::2/21648 
06:13:54.303813 OFF flow>2816 srcPort>35567 dst>fd10:43:100::2/21616 
06:13:54.343340 SHUTDOWN flow>2864 srcPort>43109 dst>fd10:43:100::2/21664 
06:13:54.361032 OFF flow>2792 srcPort>37883 dst>fd10:43:100::2/21592 
06:13:54.422335 OFF flow>2840 srcPort>34197 dst>fd10:43:100::2/21640 
06:13:54.469750 OFF flow>2824 srcPort>36111 dst>fd10:43:100::2/21624 
06:13:54.518669 SHUTDOWN flow>2880 srcPort>41105 dst>fd10:43:100::2/21680 
06:13:54.558472 SHUTDOWN flow>2872 srcPort>32845 dst>fd10:43:100::2/21672 
06:13:54.563394 SHUTDOWN flow>2888 srcPort>42253 dst>fd10:43:100::2/21688 
06:13:54.645026 SHUTDOWN flow>2896 srcPort>34825 dst>fd10:43:100::2/21696 
06:13:54.669388 OFF flow>2856 srcPort>42471 dst>fd10:43:100::2/21656 
06:13:54.697017 OFF flow>2896 srcPort>34825 dst>fd10:43:100::2/21696 
06:13:54.705927 SHUTDOWN flow>2904 srcPort>35955 dst>fd10:43:100::2/21704 
06:13:54.757920 ON flow>3080 srcPort>44433 dst>fd10:43:100::2/21880 
06:13:54.787818 SHUTDOWN flow>2912 srcPort>46417 dst>fd10:43:100::2/21712 
06:13:54.791902 CONNECT flow>3080 srcPort>44433 dst>fd10:43:100::2/21880 
06:13:54.817793 OFF flow>2912 srcPort>46417 dst>fd10:43:100::2/21712 
06:13:54.890513 OFF flow>2904 srcPort>35955 dst>fd10:43:100::2/21704 
06:13:54.907355 OFF flow>2848 srcPort>34933 dst>fd10:43:100::2/21648 
06:13:54.917497 ON flow>3088 srcPort>38443 dst>fd10:43:100::2/21888 
06:13:54.942053 CONNECT flow>3088 srcPort>38443 dst>fd10:43:100::2/21888 
06:13:54.960508 OFF flow>2872 srcPort>32845 dst>fd10:43:100::2/21672 
06:13:54.970198 SHUTDOWN flow>2920 srcPort>37111 dst>fd10:43:100::2/21720 
06:13:54.995791 OFF flow>2920 srcPort>37111 dst>fd10:43:100::2/21720 
06:13:55.037641 ON flow>3096 srcPort>40893 dst>fd10:43:100::2/21896 
06:13:55.040721 OFF flow>2888 srcPort>42253 dst>fd10:43:100::2/21688 
06:13:55.071124 CONNECT flow>3096 srcPort>40893 dst>fd10:43:100::2/21896 
06:13:55.118614 ON flow>3104 srcPort>39435 dst>fd10:43:100::2/21904 
06:13:55.120230 SHUTDOWN flow>2928 srcPort>37581 dst>fd10:43:100::2/21728 
06:13:55.121151 OFF flow>2864 srcPort>43109 dst>fd10:43:100::2/21664 
06:13:55.136741 CONNECT flow>3104 srcPort>39435 dst>fd10:43:100::2/21904 
06:13:55.225739 ON flow>3112 srcPort>38915 dst>fd10:43:100::2/21912 
06:13:55.229650 CONNECT flow>3112 srcPort>38915 dst>fd10:43:100::2/21912 
06:13:55.315103 SHUTDOWN flow>2936 srcPort>44041 dst>fd10:43:100::2/21736 
06:13:55.369154 ON flow>3120 srcPort>37567 dst>fd10:43:100::2/21920 
06:13:55.380909 CONNECT flow>3120 srcPort>37567 dst>fd10:43:100::2/21920 
06:13:55.402339 OFF flow>2880 srcPort>41105 dst>fd10:43:100::2/21680 
06:13:55.446657 OFF flow>2928 srcPort>37581 dst>fd10:43:100::2/21728 
06:13:55.446814 OFF flow>2936 srcPort>44041 dst>fd10:43:100::2/21736 
06:13:55.493458 ON flow>3128 srcPort>42189 dst>fd10:43:100::2/21928 
06:13:55.495044 CONNECT flow>3128 srcPort>42189 dst>fd10:43:100::2/21928 
06:13:55.584909 ON flow>3136 srcPort>34241 dst>fd10:43:100::2/21936 
06:13:55.591823 CONNECT flow>3136 srcPort>34241 dst>fd10:43:100::2/21936 
06:13:55.689028 ON flow>3144 srcPort>46559 dst>fd10:43:100::2/21944 
06:13:55.711594 CONNECT flow>3144 srcPort>46559 dst>fd10:43:100::2/21944 
06:13:55.821057 ON flow>3152 srcPort>43675 dst>fd10:43:100::2/21952 
06:13:55.830613 CONNECT flow>3152 srcPort>43675 dst>fd10:43:100::2/21952 
06:13:55.867309 SHUTDOWN flow>2944 srcPort>32785 dst>fd10:43:100::2/21744 
06:13:55.896150 ON flow>3160 srcPort>38097 dst>fd10:43:100::2/21960 
06:13:55.913015 CONNECT flow>3160 srcPort>38097 dst>fd10:43:100::2/21960 
06:13:55.964732 ON flow>3168 srcPort>43571 dst>fd10:43:100::2/21968 
06:13:55.976951 CONNECT flow>3168 srcPort>43571 dst>fd10:43:100::2/21968 
06:13:56.099530 SHUTDOWN flow>2952 srcPort>34403 dst>fd10:43:100::2/21752 
06:13:56.141133 ON flow>3176 srcPort>44637 dst>fd10:43:100::2/21976 
06:13:56.151043 CONNECT flow>3176 srcPort>44637 dst>fd10:43:100::2/21976 
06:13:56.304043 SHUTDOWN flow>2960 srcPort>45883 dst>fd10:43:100::2/21760 
06:13:56.335436 OFF flow>2952 srcPort>34403 dst>fd10:43:100::2/21752 
06:13:56.338163 OFF flow>2944 srcPort>32785 dst>fd10:43:100::2/21744 
06:13:56.423206 SHUTDOWN flow>2968 srcPort>39907 dst>fd10:43:100::2/21768 
06:13:56.448417 OFF flow>2960 srcPort>45883 dst>fd10:43:100::2/21760 
06:13:56.485692 ON flow>3184 srcPort>37787 dst>fd10:43:100::2/21984 
06:13:56.505901 CONNECT flow>3184 srcPort>37787 dst>fd10:43:100::2/21984 
06:13:56.536843 SHUTDOWN flow>2976 srcPort>41569 dst>fd10:43:100::2/21776 
06:13:56.543480 OFF flow>2976 srcPort>41569 dst>fd10:43:100::2/21776 
06:13:56.642339 OFF flow>2968 srcPort>39907 dst>fd10:43:100::2/21768 
06:13:56.722829 SHUTDOWN flow>2984 srcPort>44025 dst>fd10:43:100::2/21784 
06:13:56.737923 ON flow>3192 srcPort>37553 dst>fd10:43:100::2/21992 
06:13:56.740700 CONNECT flow>3192 srcPort>37553 dst>fd10:43:100::2/21992 
06:13:56.832419 SHUTDOWN flow>2992 srcPort>41495 dst>fd10:43:100::2/21792 
06:13:56.832535 ON flow>3200 srcPort>44421 dst>fd10:43:100::2/22000 
06:13:56.840052 CONNECT flow>3200 srcPort>44421 dst>fd10:43:100::2/22000 
06:13:56.847125 OFF flow>2992 srcPort>41495 dst>fd10:43:100::2/21792 
06:13:56.866840 ON flow>3208 srcPort>37347 dst>fd10:43:100::2/22008 
06:13:56.883209 CONNECT flow>3208 srcPort>37347 dst>fd10:43:100::2/22008 
06:13:56.886782 OFF flow>2984 srcPort>44025 dst>fd10:43:100::2/21784 
06:13:56.899118 SHUTDOWN flow>3000 srcPort>36085 dst>fd10:43:100::2/21800 
06:13:56.931066 ON flow>3216 srcPort>36789 dst>fd10:43:100::2/22016 
06:13:56.950411 CONNECT flow>3216 srcPort>36789 dst>fd10:43:100::2/22016 
06:13:57.004520 ON flow>3224 srcPort>37829 dst>fd10:43:100::2/22024 
06:13:57.006192 CONNECT flow>3224 srcPort>37829 dst>fd10:43:100::2/22024 
06:13:57.053863 ON flow>3232 srcPort>35197 dst>fd10:43:100::2/22032 
06:13:57.054996 CONNECT flow>3232 srcPort>35197 dst>fd10:43:100::2/22032 
06:13:57.124292 ON flow>3240 srcPort>33393 dst>fd10:43:100::2/22040 
06:13:57.129726 SHUTDOWN flow>3008 srcPort>35989 dst>fd10:43:100::2/21808 
06:13:57.133315 OFF flow>3008 srcPort>35989 dst>fd10:43:100::2/21808 
06:13:57.139422 CONNECT flow>3240 srcPort>33393 dst>fd10:43:100::2/22040 
06:13:57.192246 ON flow>3248 srcPort>39621 dst>fd10:43:100::2/22048 
06:13:57.205363 CONNECT flow>3248 srcPort>39621 dst>fd10:43:100::2/22048 
06:13:57.221543 ON flow>3256 srcPort>42713 dst>fd10:43:100::2/22056 
06:13:57.236678 CONNECT flow>3256 srcPort>42713 dst>fd10:43:100::2/22056 
06:13:57.236924 OFF flow>3000 srcPort>36085 dst>fd10:43:100::2/21800 
06:13:57.346668 ON flow>3264 srcPort>45821 dst>fd10:43:100::2/22064 
06:13:57.357336 SHUTDOWN flow>3016 srcPort>44503 dst>fd10:43:100::2/21816 
06:13:57.364436 CONNECT flow>3264 srcPort>45821 dst>fd10:43:100::2/22064 
06:13:57.434843 ON flow>3272 srcPort>33029 dst>fd10:43:100::2/22072 
06:13:57.465038 CONNECT flow>3272 srcPort>33029 dst>fd10:43:100::2/22072 
06:13:57.547802 OFF flow>3016 srcPort>44503 dst>fd10:43:100::2/21816 
06:13:57.598621 SHUTDOWN flow>3024 srcPort>35747 dst>fd10:43:100::2/21824 
06:13:57.602770 ON flow>3280 srcPort>46701 dst>fd10:43:100::2/22080 
06:13:57.622249 OFF flow>3024 srcPort>35747 dst>fd10:43:100::2/21824 
06:13:57.637288 CONNECT flow>3280 srcPort>46701 dst>fd10:43:100::2/22080 
06:13:57.721414 SHUTDOWN flow>3032 srcPort>40273 dst>fd10:43:100::2/21832 
06:13:57.739779 OFF flow>3032 srcPort>40273 dst>fd10:43:100::2/21832 
06:13:57.832530 SHUTDOWN flow>3040 srcPort>34009 dst>fd10:43:100::2/21840 
06:13:57.894157 ON flow>3288 srcPort>46645 dst>fd10:43:100::2/22088 
06:13:57.931654 CONNECT flow>3288 srcPort>46645 dst>fd10:43:100::2/22088 
06:13:57.970866 SHUTDOWN flow>3048 srcPort>42909 dst>fd10:43:100::2/21848 
06:13:58.043346 ON flow>3296 srcPort>34417 dst>fd10:43:100::2/22096 
06:13:58.064784 CONNECT flow>3296 srcPort>34417 dst>fd10:43:100::2/22096 
06:13:58.081002 OFF flow>3048 srcPort>42909 dst>fd10:43:100::2/21848 
06:13:58.156414 OFF flow>3040 srcPort>34009 dst>fd10:43:100::2/21840 
06:13:58.164306 ON flow>3304 srcPort>44169 dst>fd10:43:100::2/22104 
06:13:58.165875 CONNECT flow>3304 srcPort>44169 dst>fd10:43:100::2/22104 
06:13:58.168032 SHUTDOWN flow>3056 srcPort>41753 dst>fd10:43:100::2/21856 
06:13:58.287986 ON flow>3312 srcPort>43119 dst>fd10:43:100::2/22112 
06:13:58.293976 CONNECT flow>3312 srcPort>43119 dst>fd10:43:100::2/22112 
06:13:58.347282 ON flow>3320 srcPort>37573 dst>fd10:43:100::2/22120 
06:13:58.351148 CONNECT flow>3320 srcPort>37573 dst>fd10:43:100::2/22120 
06:13:58.444098 ON flow>3328 srcPort>46421 dst>fd10:43:100::2/22128 
06:13:58.462890 CONNECT flow>3328 srcPort>46421 dst>fd10:43:100::2/22128 
06:13:58.537987 SHUTDOWN flow>3064 srcPort>42477 dst>fd10:43:100::2/21864 
06:13:58.585509 ON flow>3336 srcPort>41911 dst>fd10:43:100::2/22136 
06:13:58.589865 CONNECT flow>3336 srcPort>41911 dst>fd10:43:100::2/22136 
06:13:58.634446 ON flow>3344 srcPort>44151 dst>fd10:43:100::2/22144 
06:13:58.650717 CONNECT flow>3344 srcPort>44151 dst>fd10:43:100::2/22144 
06:13:58.681863 ON flow>3352 srcPort>43237 dst>fd10:43:100::2/22152 
06:13:58.689525 CONNECT flow>3352 srcPort>43237 dst>fd10:43:100::2/22152 
06:13:58.693235 OFF flow>3064 srcPort>42477 dst>fd10:43:100::2/21864 
06:13:58.871708 ON flow>3360 srcPort>44239 dst>fd10:43:100::2/22160 
06:13:58.895050 CONNECT flow>3360 srcPort>44239 dst>fd10:43:100::2/22160 
06:13:58.917028 SHUTDOWN flow>3072 srcPort>43913 dst>fd10:43:100::2/21872 
06:13:58.981789 ON flow>3368 srcPort>34451 dst>fd10:43:100::2/22168 
06:13:59.006930 CONNECT flow>3368 srcPort>34451 dst>fd10:43:100::2/22168 
06:13:59.112500 ON flow>3376 srcPort>34237 dst>fd10:43:100::2/22176 
06:13:59.115214 CONNECT flow>3376 srcPort>34237 dst>fd10:43:100::2/22176 
06:13:59.130383 OFF flow>3056 srcPort>41753 dst>fd10:43:100::2/21856 
06:13:59.348800 ON flow>3384 srcPort>43701 dst>fd10:43:100::2/22184 
06:13:59.365316 CONNECT flow>3384 srcPort>43701 dst>fd10:43:100::2/22184 
06:13:59.471128 ON flow>3392 srcPort>36917 dst>fd10:43:100::2/22192 
06:13:59.506072 CONNECT flow>3392 srcPort>36917 dst>fd10:43:100::2/22192 
06:13:59.557759 SHUTDOWN flow>3080 srcPort>44433 dst>fd10:43:100::2/21880 
06:13:59.588468 OFF flow>3072 srcPort>43913 dst>fd10:43:100::2/21872 
06:13:59.595610 ON flow>3400 srcPort>43887 dst>fd10:43:100::2/22200 
06:13:59.624373 CONNECT flow>3400 srcPort>43887 dst>fd10:43:100::2/22200 
06:13:59.717429 SHUTDOWN flow>3088 srcPort>38443 dst>fd10:43:100::2/21888 
06:13:59.761594 ON flow>3408 srcPort>41821 dst>fd10:43:100::2/22208 
06:13:59.783271 CONNECT flow>3408 srcPort>41821 dst>fd10:43:100::2/22208 
06:13:59.794281 ON flow>3416 srcPort>42379 dst>fd10:43:100::2/22216 
06:13:59.835078 CONNECT flow>3416 srcPort>42379 dst>fd10:43:100::2/22216 
06:13:59.837606 SHUTDOWN flow>3096 srcPort>40893 dst>fd10:43:100::2/21896 
06:13:59.901207 OFF flow>3080 srcPort>44433 dst>fd10:43:100::2/21880 
06:13:59.957128 ON flow>3424 srcPort>46789 dst>fd10:43:100::2/22224 
06:13:59.991825 CONNECT flow>3424 srcPort>46789 dst>fd10:43:100::2/22224 
06:14:00.025677 SHUTDOWN flow>3112 srcPort>38915 dst>fd10:43:100::2/21912 
06:14:00.056429 OFF flow>3112 srcPort>38915 dst>fd10:43:100::2/21912 
06:14:00.094708 OFF flow>3096 srcPort>40893 dst>fd10:43:100::2/21896 
06:14:00.099367 ON flow>3432 srcPort>35757 dst>fd10:43:100::2/22232 
06:14:00.147773 CONNECT flow>3432 srcPort>35757 dst>fd10:43:100::2/22232 
06:14:00.157590 SHUTDOWN flow>3104 srcPort>39435 dst>fd10:43:100::2/21904 
06:14:00.243609 ON flow>3440 srcPort>39407 dst>fd10:43:100::2/22240 
06:14:00.273571 CONNECT flow>3440 srcPort>39407 dst>fd10:43:100::2/22240 
06:14:00.293357 SHUTDOWN flow>3128 srcPort>42189 dst>fd10:43:100::2/21928 
06:14:00.320442 OFF flow>3128 srcPort>42189 dst>fd10:43:100::2/21928 
06:14:00.323597 SHUTDOWN flow>3120 srcPort>37567 dst>fd10:43:100::2/21920 
06:14:00.383552 ON flow>3448 srcPort>45985 dst>fd10:43:100::2/22248 
06:14:00.416118 CONNECT flow>3448 srcPort>45985 dst>fd10:43:100::2/22248 
06:14:00.468998 OFF flow>3088 srcPort>38443 dst>fd10:43:100::2/21888 
06:14:00.538113 SHUTDOWN flow>3136 srcPort>34241 dst>fd10:43:100::2/21936 
06:14:00.665492 OFF flow>3120 srcPort>37567 dst>fd10:43:100::2/21920 
06:14:00.764758 SHUTDOWN flow>3168 srcPort>43571 dst>fd10:43:100::2/21968 
06:14:00.772768 SHUTDOWN flow>3152 srcPort>43675 dst>fd10:43:100::2/21952 
06:14:00.790920 OFF flow>3168 srcPort>43571 dst>fd10:43:100::2/21968 
06:14:00.814795 SHUTDOWN flow>3160 srcPort>38097 dst>fd10:43:100::2/21960 
06:14:00.883311 SHUTDOWN flow>3144 srcPort>46559 dst>fd10:43:100::2/21944 
06:14:00.899701 OFF flow>3136 srcPort>34241 dst>fd10:43:100::2/21936 
06:14:00.906199 OFF flow>3104 srcPort>39435 dst>fd10:43:100::2/21904 
06:14:01.018229 ON flow>3456 srcPort>38679 dst>fd10:43:100::2/22256 
06:14:01.041118 CONNECT flow>3456 srcPort>38679 dst>fd10:43:100::2/22256 
06:14:01.045903 SHUTDOWN flow>3176 srcPort>44637 dst>fd10:43:100::2/21976 
06:14:01.181979 ON flow>3464 srcPort>39027 dst>fd10:43:100::2/22264 
06:14:01.190367 OFF flow>3152 srcPort>43675 dst>fd10:43:100::2/21952 
06:14:01.231826 CONNECT flow>3464 srcPort>39027 dst>fd10:43:100::2/22264 
06:14:01.258983 OFF flow>3160 srcPort>38097 dst>fd10:43:100::2/21960 
06:14:01.292252 OFF flow>3176 srcPort>44637 dst>fd10:43:100::2/21976 
06:14:01.403650 SHUTDOWN flow>3184 srcPort>37787 dst>fd10:43:100::2/21984 
06:14:01.416721 ON flow>3472 srcPort>38199 dst>fd10:43:100::2/22272 
06:14:01.472804 CONNECT flow>3472 srcPort>38199 dst>fd10:43:100::2/22272 
06:14:01.509497 ON flow>3480 srcPort>43019 dst>fd10:43:100::2/22280 
06:14:01.537846 SHUTDOWN flow>3192 srcPort>37553 dst>fd10:43:100::2/21992 
06:14:01.552638 CONNECT flow>3480 srcPort>43019 dst>fd10:43:100::2/22280 
06:14:01.606627 ON flow>3488 srcPort>43333 dst>fd10:43:100::2/22288 
06:14:01.606919 OFF flow>3192 srcPort>37553 dst>fd10:43:100::2/21992 
06:14:01.632507 SHUTDOWN flow>3200 srcPort>44421 dst>fd10:43:100::2/22000 
06:14:01.652647 CONNECT flow>3488 srcPort>43333 dst>fd10:43:100::2/22288 
06:14:01.666802 SHUTDOWN flow>3208 srcPort>37347 dst>fd10:43:100::2/22008 
06:14:01.711718 ON flow>3496 srcPort>45205 dst>fd10:43:100::2/22296 
06:14:01.755140 CONNECT flow>3496 srcPort>45205 dst>fd10:43:100::2/22296 
06:14:01.808332 SHUTDOWN flow>3224 srcPort>37829 dst>fd10:43:100::2/22024 
06:14:01.853717 SHUTDOWN flow>3232 srcPort>35197 dst>fd10:43:100::2/22032 
06:14:01.854057 OFF flow>3224 srcPort>37829 dst>fd10:43:100::2/22024 
06:14:01.906806 OFF flow>3232 srcPort>35197 dst>fd10:43:100::2/22032 
06:14:01.916820 ON flow>3504 srcPort>38353 dst>fd10:43:100::2/22304 
06:14:01.918702 SHUTDOWN flow>3216 srcPort>36789 dst>fd10:43:100::2/22016 
06:14:01.985716 CONNECT flow>3504 srcPort>38353 dst>fd10:43:100::2/22304 
06:14:01.991984 SHUTDOWN flow>3248 srcPort>39621 dst>fd10:43:100::2/22048 
06:14:02.021494 SHUTDOWN flow>3256 srcPort>42713 dst>fd10:43:100::2/22056 
06:14:02.046204 OFF flow>3248 srcPort>39621 dst>fd10:43:100::2/22048 
06:14:02.076996 OFF flow>3256 srcPort>42713 dst>fd10:43:100::2/22056 
06:14:02.082778 SHUTDOWN flow>3240 srcPort>33393 dst>fd10:43:100::2/22040 
06:14:02.094162 ON flow>3512 srcPort>46665 dst>fd10:43:100::2/22312 
06:14:02.142138 OFF flow>3200 srcPort>44421 dst>fd10:43:100::2/22000 
06:14:02.146591 SHUTDOWN flow>3264 srcPort>45821 dst>fd10:43:100::2/22064 
06:14:02.149070 CONNECT flow>3512 srcPort>46665 dst>fd10:43:100::2/22312 
06:14:02.176408 ON flow>3520 srcPort>43477 dst>fd10:43:100::2/22320 
06:14:02.186266 OFF flow>3208 srcPort>37347 dst>fd10:43:100::2/22008 
06:14:02.242107 CONNECT flow>3520 srcPort>43477 dst>fd10:43:100::2/22320 
06:14:02.262409 SHUTDOWN flow>3272 srcPort>33029 dst>fd10:43:100::2/22072 
06:14:02.278800 ON flow>3528 srcPort>33279 dst>fd10:43:100::2/22328 
06:14:02.339533 CONNECT flow>3528 srcPort>33279 dst>fd10:43:100::2/22328 
06:14:02.350924 OFF flow>3216 srcPort>36789 dst>fd10:43:100::2/22016 
06:14:02.377392 OFF flow>3184 srcPort>37787 dst>fd10:43:100::2/21984 
06:14:02.380318 ON flow>3536 srcPort>36431 dst>fd10:43:100::2/22336 
06:14:02.438831 ON flow>3544 srcPort>42587 dst>fd10:43:100::2/22344 
06:14:02.456732 CONNECT flow>3536 srcPort>36431 dst>fd10:43:100::2/22336 
06:14:02.481629 OFF flow>3144 srcPort>46559 dst>fd10:43:100::2/21944 
06:14:02.509958 CONNECT flow>3544 srcPort>42587 dst>fd10:43:100::2/22344 
06:14:02.542717 ON flow>3552 srcPort>44835 dst>fd10:43:100::2/22352 
06:14:02.590938 OFF flow>3240 srcPort>33393 dst>fd10:43:100::2/22040 
06:14:02.597864 CONNECT flow>3552 srcPort>44835 dst>fd10:43:100::2/22352 
06:14:02.626824 ON flow>3560 srcPort>40503 dst>fd10:43:100::2/22360 
06:14:02.692305 CONNECT flow>3560 srcPort>40503 dst>fd10:43:100::2/22360 
06:14:02.694099 SHUTDOWN flow>3288 srcPort>46645 dst>fd10:43:100::2/22088 
06:14:02.781692 OFF flow>3272 srcPort>33029 dst>fd10:43:100::2/22072 
06:14:02.783610 ON flow>3568 srcPort>35187 dst>fd10:43:100::2/22368 
06:14:02.827842 SHUTDOWN flow>3280 srcPort>46701 dst>fd10:43:100::2/22080 
06:14:02.843402 SHUTDOWN flow>3296 srcPort>34417 dst>fd10:43:100::2/22096 
06:14:02.854399 CONNECT flow>3568 srcPort>35187 dst>fd10:43:100::2/22368 
06:14:02.904595 OFF flow>3264 srcPort>45821 dst>fd10:43:100::2/22064 
06:14:02.915012 ON flow>3576 srcPort>33039 dst>fd10:43:100::2/22376 
06:14:02.964248 SHUTDOWN flow>3304 srcPort>44169 dst>fd10:43:100::2/22104 
06:14:02.993289 CONNECT flow>3576 srcPort>33039 dst>fd10:43:100::2/22376 
06:14:03.038336 OFF flow>3304 srcPort>44169 dst>fd10:43:100::2/22104 
06:14:03.044600 ON flow>3584 srcPort>34535 dst>fd10:43:100::2/22384 
06:14:03.087907 SHUTDOWN flow>3312 srcPort>43119 dst>fd10:43:100::2/22112 
06:14:03.111621 CONNECT flow>3584 srcPort>34535 dst>fd10:43:100::2/22384 
06:14:03.147110 SHUTDOWN flow>3320 srcPort>37573 dst>fd10:43:100::2/22120 
06:14:03.189583 ON flow>3592 srcPort>34727 dst>fd10:43:100::2/22392 
06:14:03.222641 OFF flow>3320 srcPort>37573 dst>fd10:43:100::2/22120 
06:14:03.244026 SHUTDOWN flow>3328 srcPort>46421 dst>fd10:43:100::2/22128 
06:14:03.260917 OFF flow>3288 srcPort>46645 dst>fd10:43:100::2/22088 
06:14:03.261540 CONNECT flow>3592 srcPort>34727 dst>fd10:43:100::2/22392 
06:14:03.261881 OFF flow>3296 srcPort>34417 dst>fd10:43:100::2/22096 
06:14:03.297038 ON flow>3600 srcPort>36405 dst>fd10:43:100::2/22400 
06:14:03.370800 CONNECT flow>3600 srcPort>36405 dst>fd10:43:100::2/22400 
06:14:03.408200 ON flow>3608 srcPort>42819 dst>fd10:43:100::2/22408 
06:14:03.432624 SHUTDOWN flow>3336 srcPort>41911 dst>fd10:43:100::2/22136 
06:14:03.481746 SHUTDOWN flow>3352 srcPort>43237 dst>fd10:43:100::2/22152 
06:14:03.483069 ON flow>3616 srcPort>35817 dst>fd10:43:100::2/22416 
06:14:03.489619 CONNECT flow>3608 srcPort>42819 dst>fd10:43:100::2/22408 
06:14:03.503403 OFF flow>3312 srcPort>43119 dst>fd10:43:100::2/22112 
06:14:03.554864 OFF flow>3352 srcPort>43237 dst>fd10:43:100::2/22152 
06:14:03.556028 CONNECT flow>3616 srcPort>35817 dst>fd10:43:100::2/22416 
06:14:03.621984 SHUTDOWN flow>3344 srcPort>44151 dst>fd10:43:100::2/22144 
06:14:03.736501 ON flow>3624 srcPort>37093 dst>fd10:43:100::2/22424 
06:14:03.748494 SHUTDOWN flow>3360 srcPort>44239 dst>fd10:43:100::2/22160 
06:14:03.789967 OFF flow>3328 srcPort>46421 dst>fd10:43:100::2/22128 
06:14:03.822489 CONNECT flow>3624 srcPort>37093 dst>fd10:43:100::2/22424 
06:14:03.824361 OFF flow>3280 srcPort>46701 dst>fd10:43:100::2/22080 
06:14:03.837953 SHUTDOWN flow>3368 srcPort>34451 dst>fd10:43:100::2/22168 
06:14:03.912412 SHUTDOWN flow>3376 srcPort>34237 dst>fd10:43:100::2/22176 
06:14:03.996245 OFF flow>3376 srcPort>34237 dst>fd10:43:100::2/22176 
06:14:04.091194 OFF flow>3344 srcPort>44151 dst>fd10:43:100::2/22144 
06:14:04.104413 ON flow>3632 srcPort>45955 dst>fd10:43:100::2/22432 
06:14:04.148768 SHUTDOWN flow>3384 srcPort>43701 dst>fd10:43:100::2/22184 
06:14:04.184712 CONNECT flow>3632 srcPort>45955 dst>fd10:43:100::2/22432 
06:14:04.188137 OFF flow>3368 srcPort>34451 dst>fd10:43:100::2/22168 
06:14:04.283875 OFF flow>3336 srcPort>41911 dst>fd10:43:100::2/22136 
06:14:04.316225 ON flow>3640 srcPort>40313 dst>fd10:43:100::2/22440 
06:14:04.351686 CONNECT flow>3640 srcPort>40313 dst>fd10:43:100::2/22440 
06:14:04.365141 OFF flow>3384 srcPort>43701 dst>fd10:43:100::2/22184 
06:14:04.371991 ON flow>3648 srcPort>46189 dst>fd10:43:100::2/22448 
06:14:04.395520 SHUTDOWN flow>3400 srcPort>43887 dst>fd10:43:100::2/22200 
06:14:04.461170 SHUTDOWN flow>3392 srcPort>36917 dst>fd10:43:100::2/22192 
06:14:04.464151 ON flow>3656 srcPort>41499 dst>fd10:43:100::2/22456 
06:14:04.476470 CONNECT flow>3656 srcPort>41499 dst>fd10:43:100::2/22456 
06:14:04.545626 CONNECT flow>3648 srcPort>46189 dst>fd10:43:100::2/22448 
06:14:04.561515 SHUTDOWN flow>3408 srcPort>41821 dst>fd10:43:100::2/22208 
06:14:04.566756 ON flow>3664 srcPort>36455 dst>fd10:43:100::2/22464 
06:14:04.578875 CONNECT flow>3664 srcPort>36455 dst>fd10:43:100::2/22464 
06:14:04.594304 SHUTDOWN flow>3416 srcPort>42379 dst>fd10:43:100::2/22216 
06:14:04.609536 OFF flow>3360 srcPort>44239 dst>fd10:43:100::2/22160 
06:14:04.646174 ON flow>3672 srcPort>41255 dst>fd10:43:100::2/22472 
06:14:04.655145 CONNECT flow>3672 srcPort>41255 dst>fd10:43:100::2/22472 
06:14:04.736201 ON flow>3680 srcPort>44307 dst>fd10:43:100::2/22480 
06:14:04.748041 CONNECT flow>3680 srcPort>44307 dst>fd10:43:100::2/22480 
06:14:04.757015 SHUTDOWN flow>3424 srcPort>46789 dst>fd10:43:100::2/22224 
06:14:04.855895 OFF flow>3400 srcPort>43887 dst>fd10:43:100::2/22200 
06:14:04.899212 SHUTDOWN flow>3432 srcPort>35757 dst>fd10:43:100::2/22232 
06:14:04.901821 ON flow>3688 srcPort>45661 dst>fd10:43:100::2/22488 
06:14:04.902781 OFF flow>3392 srcPort>36917 dst>fd10:43:100::2/22192 
06:14:04.912770 CONNECT flow>3688 srcPort>45661 dst>fd10:43:100::2/22488 
06:14:05.015593 OFF flow>3416 srcPort>42379 dst>fd10:43:100::2/22216 
06:14:05.054697 OFF flow>3408 srcPort>41821 dst>fd10:43:100::2/22208 
06:14:05.167814 ON flow>3696 srcPort>32861 dst>fd10:43:100::2/22496 
06:14:05.178692 CONNECT flow>3696 srcPort>32861 dst>fd10:43:100::2/22496 
06:14:05.183423 SHUTDOWN flow>3448 srcPort>45985 dst>fd10:43:100::2/22248 
06:14:05.231055 OFF flow>3432 srcPort>35757 dst>fd10:43:100::2/22232 
06:14:05.254709 OFF flow>3424 srcPort>46789 dst>fd10:43:100::2/22224 
06:14:05.264515 ON flow>3704 srcPort>42973 dst>fd10:43:100::2/22504 
06:14:05.277902 CONNECT flow>3704 srcPort>42973 dst>fd10:43:100::2/22504 
06:14:05.554831 SHUTDOWN flow>3440 srcPort>39407 dst>fd10:43:100::2/22240 
06:14:05.583348 ON flow>3712 srcPort>35963 dst>fd10:43:100::2/22512 
06:14:05.603985 CONNECT flow>3712 srcPort>35963 dst>fd10:43:100::2/22512 
06:14:05.683837 ON flow>3720 srcPort>43005 dst>fd10:43:100::2/22520 
06:14:05.692288 CONNECT flow>3720 srcPort>43005 dst>fd10:43:100::2/22520 
06:14:05.818141 SHUTDOWN flow>3456 srcPort>38679 dst>fd10:43:100::2/22256 
06:14:05.868961 ON flow>3728 srcPort>37403 dst>fd10:43:100::2/22528 
06:14:05.885930 CONNECT flow>3728 srcPort>37403 dst>fd10:43:100::2/22528 
06:14:05.948453 OFF flow>3448 srcPort>45985 dst>fd10:43:100::2/22248 
06:14:05.953320 ON flow>3736 srcPort>43661 dst>fd10:43:100::2/22536 
06:14:05.968707 CONNECT flow>3736 srcPort>43661 dst>fd10:43:100::2/22536 
06:14:05.981971 SHUTDOWN flow>3464 srcPort>39027 dst>fd10:43:100::2/22264 
06:14:06.246578 ON flow>3744 srcPort>36613 dst>fd10:43:100::2/22544 
06:14:06.258161 CONNECT flow>3744 srcPort>36613 dst>fd10:43:100::2/22544 
06:14:06.309428 SHUTDOWN flow>3480 srcPort>43019 dst>fd10:43:100::2/22280 
06:14:06.355733 SHUTDOWN flow>3472 srcPort>38199 dst>fd10:43:100::2/22272 
06:14:06.406561 SHUTDOWN flow>3488 srcPort>43333 dst>fd10:43:100::2/22288 
06:14:06.449304 ON flow>3752 srcPort>38415 dst>fd10:43:100::2/22552 
06:14:06.452245 OFF flow>3464 srcPort>39027 dst>fd10:43:100::2/22264 
06:14:06.458347 OFF flow>3456 srcPort>38679 dst>fd10:43:100::2/22256 
06:14:06.463829 CONNECT flow>3752 srcPort>38415 dst>fd10:43:100::2/22552 
06:14:06.511650 SHUTDOWN flow>3496 srcPort>45205 dst>fd10:43:100::2/22296 
06:14:06.648532 ON flow>3760 srcPort>33831 dst>fd10:43:100::2/22560 
06:14:06.670463 CONNECT flow>3760 srcPort>33831 dst>fd10:43:100::2/22560 
06:14:06.716649 SHUTDOWN flow>3504 srcPort>38353 dst>fd10:43:100::2/22304 
06:14:06.825003 ON flow>3768 srcPort>40009 dst>fd10:43:100::2/22568 
06:14:06.842833 CONNECT flow>3768 srcPort>40009 dst>fd10:43:100::2/22568 
06:14:06.850798 OFF flow>3472 srcPort>38199 dst>fd10:43:100::2/22272 
06:14:06.894007 SHUTDOWN flow>3512 srcPort>46665 dst>fd10:43:100::2/22312 
06:14:06.995160 OFF flow>3440 srcPort>39407 dst>fd10:43:100::2/22240 
06:14:07.015704 OFF flow>3496 srcPort>45205 dst>fd10:43:100::2/22296 
06:14:07.078643 SHUTDOWN flow>3528 srcPort>33279 dst>fd10:43:100::2/22328 
06:14:07.157616 ON flow>3776 srcPort>37199 dst>fd10:43:100::2/22576 
06:14:07.172815 CONNECT flow>3776 srcPort>37199 dst>fd10:43:100::2/22576 
06:14:07.177169 OFF flow>3504 srcPort>38353 dst>fd10:43:100::2/22304 
06:14:07.180143 SHUTDOWN flow>3536 srcPort>36431 dst>fd10:43:100::2/22336 
06:14:07.238655 SHUTDOWN flow>3544 srcPort>42587 dst>fd10:43:100::2/22344 
06:14:07.292849 ON flow>3784 srcPort>33727 dst>fd10:43:100::2/22584 
06:14:07.302059 CONNECT flow>3784 srcPort>33727 dst>fd10:43:100::2/22584 
06:14:07.342704 SHUTDOWN flow>3552 srcPort>44835 dst>fd10:43:100::2/22352 
06:14:07.392282 ON flow>3792 srcPort>35849 dst>fd10:43:100::2/22592 
06:14:07.395548 CONNECT flow>3792 srcPort>35849 dst>fd10:43:100::2/22592 
06:14:07.483899 SHUTDOWN flow>3560 srcPort>40503 dst>fd10:43:100::2/22360 
06:14:07.521507 ON flow>3800 srcPort>46355 dst>fd10:43:100::2/22600 
06:14:07.534410 CONNECT flow>3800 srcPort>46355 dst>fd10:43:100::2/22600 
06:14:07.583442 SHUTDOWN flow>3568 srcPort>35187 dst>fd10:43:100::2/22368 
06:14:07.606689 OFF flow>3536 srcPort>36431 dst>fd10:43:100::2/22336 
06:14:07.645596 ON flow>3808 srcPort>43493 dst>fd10:43:100::2/22608 
06:14:07.656073 OFF flow>3512 srcPort>46665 dst>fd10:43:100::2/22312 
06:14:07.657507 CONNECT flow>3808 srcPort>43493 dst>fd10:43:100::2/22608 
06:14:07.661287 OFF flow>3488 srcPort>43333 dst>fd10:43:100::2/22288 
06:14:07.685520 SHUTDOWN flow>3520 srcPort>43477 dst>fd10:43:100::2/22320 
06:14:07.717639 OFF flow>3480 srcPort>43019 dst>fd10:43:100::2/22280 
06:14:07.785211 OFF flow>3528 srcPort>33279 dst>fd10:43:100::2/22328 
06:14:07.811188 ON flow>3816 srcPort>34045 dst>fd10:43:100::2/22616 
06:14:07.833442 CONNECT flow>3816 srcPort>34045 dst>fd10:43:100::2/22616 
06:14:07.844441 SHUTDOWN flow>3584 srcPort>34535 dst>fd10:43:100::2/22384 
06:14:07.974036 OFF flow>3560 srcPort>40503 dst>fd10:43:100::2/22360 
06:14:07.989456 SHUTDOWN flow>3592 srcPort>34727 dst>fd10:43:100::2/22392 
06:14:08.002278 ON flow>3824 srcPort>45193 dst>fd10:43:100::2/22624 
06:14:08.025248 CONNECT flow>3824 srcPort>45193 dst>fd10:43:100::2/22624 
06:14:08.062858 OFF flow>3544 srcPort>42587 dst>fd10:43:100::2/22344 
06:14:08.086967 SHUTDOWN flow>3576 srcPort>33039 dst>fd10:43:100::2/22376 
06:14:08.096571 SHUTDOWN flow>3600 srcPort>36405 dst>fd10:43:100::2/22400 
06:14:08.134981 ON flow>3832 srcPort>46783 dst>fd10:43:100::2/22632 
06:14:08.138361 OFF flow>3520 srcPort>43477 dst>fd10:43:100::2/22320 
06:14:08.147691 CONNECT flow>3832 srcPort>46783 dst>fd10:43:100::2/22632 
06:14:08.158366 OFF flow>3552 srcPort>44835 dst>fd10:43:100::2/22352 
06:14:08.218097 OFF flow>3584 srcPort>34535 dst>fd10:43:100::2/22384 
06:14:08.238217 ON flow>3840 srcPort>34347 dst>fd10:43:100::2/22640 
06:14:08.255679 CONNECT flow>3840 srcPort>34347 dst>fd10:43:100::2/22640 
06:14:08.346264 ON flow>3848 srcPort>36119 dst>fd10:43:100::2/22648 
06:14:08.358995 CONNECT flow>3848 srcPort>36119 dst>fd10:43:100::2/22648 
06:14:08.365322 SHUTDOWN flow>3616 srcPort>35817 dst>fd10:43:100::2/22416 
06:14:08.433413 ON flow>3856 srcPort>35135 dst>fd10:43:100::2/22656 
06:14:08.451860 CONNECT flow>3856 srcPort>35135 dst>fd10:43:100::2/22656 
06:14:08.536268 SHUTDOWN flow>3624 srcPort>37093 dst>fd10:43:100::2/22424 
06:14:08.588672 ON flow>3864 srcPort>40469 dst>fd10:43:100::2/22664 
06:14:08.596765 CONNECT flow>3864 srcPort>40469 dst>fd10:43:100::2/22664 
06:14:08.655358 ON flow>3872 srcPort>44447 dst>fd10:43:100::2/22672 
06:14:08.672508 CONNECT flow>3872 srcPort>44447 dst>fd10:43:100::2/22672 
06:14:08.685407 OFF flow>3616 srcPort>35817 dst>fd10:43:100::2/22416 
06:14:08.834518 SHUTDOWN flow>3608 srcPort>42819 dst>fd10:43:100::2/22408 
06:14:08.871389 ON flow>3880 srcPort>35543 dst>fd10:43:100::2/22680 
06:14:08.882112 CONNECT flow>3880 srcPort>35543 dst>fd10:43:100::2/22680 
06:14:08.904355 SHUTDOWN flow>3632 srcPort>45955 dst>fd10:43:100::2/22432 
06:14:09.030935 OFF flow>3576 srcPort>33039 dst>fd10:43:100::2/22376 
06:14:09.116128 SHUTDOWN flow>3640 srcPort>40313 dst>fd10:43:100::2/22440 
06:14:09.157467 ON flow>3888 srcPort>45691 dst>fd10:43:100::2/22688 
06:14:09.168681 CONNECT flow>3888 srcPort>45691 dst>fd10:43:100::2/22688 
06:14:09.184286 OFF flow>3568 srcPort>35187 dst>fd10:43:100::2/22368 
06:14:09.260832 ON flow>3896 srcPort>41765 dst>fd10:43:100::2/22696 
06:14:09.264039 SHUTDOWN flow>3656 srcPort>41499 dst>fd10:43:100::2/22456 
06:14:09.268224 OFF flow>3640 srcPort>40313 dst>fd10:43:100::2/22440 
06:14:09.272401 CONNECT flow>3896 srcPort>41765 dst>fd10:43:100::2/22696 
06:14:09.308014 SHUTDOWN flow>3648 srcPort>46189 dst>fd10:43:100::2/22448 
06:14:09.366624 SHUTDOWN flow>3664 srcPort>36455 dst>fd10:43:100::2/22464 
06:14:09.369213 OFF flow>3632 srcPort>45955 dst>fd10:43:100::2/22432 
06:14:09.397501 OFF flow>3624 srcPort>37093 dst>fd10:43:100::2/22424 
06:14:09.401613 ON flow>3904 srcPort>46653 dst>fd10:43:100::2/22704 
06:14:09.415085 CONNECT flow>3904 srcPort>46653 dst>fd10:43:100::2/22704 
06:14:09.438107 OFF flow>3600 srcPort>36405 dst>fd10:43:100::2/22400 
06:14:09.446049 SHUTDOWN flow>3672 srcPort>41255 dst>fd10:43:100::2/22472 
06:14:09.468394 OFF flow>3592 srcPort>34727 dst>fd10:43:100::2/22392 
06:14:09.470246 ON flow>3912 srcPort>35227 dst>fd10:43:100::2/22712 
06:14:09.479120 CONNECT flow>3912 srcPort>35227 dst>fd10:43:100::2/22712 
06:14:09.536116 SHUTDOWN flow>3680 srcPort>44307 dst>fd10:43:100::2/22480 
06:14:09.571604 OFF flow>3656 srcPort>41499 dst>fd10:43:100::2/22456 
06:14:09.583232 OFF flow>3664 srcPort>36455 dst>fd10:43:100::2/22464 
06:14:09.596643 ON flow>3920 srcPort>40909 dst>fd10:43:100::2/22720 
06:14:09.604520 CONNECT flow>3920 srcPort>40909 dst>fd10:43:100::2/22720 
06:14:09.701736 SHUTDOWN flow>3688 srcPort>45661 dst>fd10:43:100::2/22488 
06:14:09.719887 OFF flow>3672 srcPort>41255 dst>fd10:43:100::2/22472 
06:14:09.773243 ON flow>3928 srcPort>46721 dst>fd10:43:100::2/22728 
06:14:09.779185 OFF flow>3680 srcPort>44307 dst>fd10:43:100::2/22480 
06:14:09.782858 CONNECT flow>3928 srcPort>46721 dst>fd10:43:100::2/22728 
06:14:09.886807 OFF flow>3648 srcPort>46189 dst>fd10:43:100::2/22448 
06:14:09.945342 OFF flow>3688 srcPort>45661 dst>fd10:43:100::2/22488 
06:14:09.967642 SHUTDOWN flow>3696 srcPort>32861 dst>fd10:43:100::2/22496 
06:14:09.989354 ON flow>3936 srcPort>39411 dst>fd10:43:100::2/22736 
06:14:10.009311 CONNECT flow>3936 srcPort>39411 dst>fd10:43:100::2/22736 
06:14:10.064437 SHUTDOWN flow>3704 srcPort>42973 dst>fd10:43:100::2/22504 
06:14:10.180196 OFF flow>3696 srcPort>32861 dst>fd10:43:100::2/22496 
06:14:10.201626 OFF flow>3608 srcPort>42819 dst>fd10:43:100::2/22408 
06:14:10.296734 ON flow>3944 srcPort>37575 dst>fd10:43:100::2/22744 
06:14:10.315074 CONNECT flow>3944 srcPort>37575 dst>fd10:43:100::2/22744 
06:14:10.412496 SHUTDOWN flow>3712 srcPort>35963 dst>fd10:43:100::2/22512 
06:14:10.418992 OFF flow>3704 srcPort>42973 dst>fd10:43:100::2/22504 
06:14:10.527670 SHUTDOWN flow>3720 srcPort>43005 dst>fd10:43:100::2/22520 
06:14:10.637899 OFF flow>3712 srcPort>35963 dst>fd10:43:100::2/22512 
06:14:10.724286 ON flow>3952 srcPort>36483 dst>fd10:43:100::2/22752 
06:14:10.733142 CONNECT flow>3952 srcPort>36483 dst>fd10:43:100::2/22752 
06:14:10.753195 SHUTDOWN flow>3736 srcPort>43661 dst>fd10:43:100::2/22536 
06:14:10.755008 SHUTDOWN flow>3728 srcPort>37403 dst>fd10:43:100::2/22528 
06:14:10.892627 OFF flow>3720 srcPort>43005 dst>fd10:43:100::2/22520 
06:14:10.957334 OFF flow>3736 srcPort>43661 dst>fd10:43:100::2/22536 
06:14:10.989299 ON flow>3960 srcPort>36583 dst>fd10:43:100::2/22760 
06:14:10.989817 OFF flow>3728 srcPort>37403 dst>fd10:43:100::2/22528 
06:14:11.004755 CONNECT flow>3960 srcPort>36583 dst>fd10:43:100::2/22760 
06:14:11.046493 SHUTDOWN flow>3744 srcPort>36613 dst>fd10:43:100::2/22544 
06:14:11.249352 SHUTDOWN flow>3752 srcPort>38415 dst>fd10:43:100::2/22552 
06:14:11.338940 OFF flow>3744 srcPort>36613 dst>fd10:43:100::2/22544 
06:14:11.403091 OFF flow>3752 srcPort>38415 dst>fd10:43:100::2/22552 
06:14:11.414670 ON flow>3968 srcPort>33873 dst>fd10:43:100::2/22768 
06:14:11.448391 SHUTDOWN flow>3760 srcPort>33831 dst>fd10:43:100::2/22560 
06:14:11.449348 CONNECT flow>3968 srcPort>33873 dst>fd10:43:100::2/22768 
06:14:11.657906 ON flow>3976 srcPort>41547 dst>fd10:43:100::2/22776 
06:14:11.669805 CONNECT flow>3976 srcPort>41547 dst>fd10:43:100::2/22776 
06:14:11.691432 OFF flow>3760 srcPort>33831 dst>fd10:43:100::2/22560 
06:14:11.702171 ON flow>3984 srcPort>43401 dst>fd10:43:100::2/22784 
06:14:11.718918 CONNECT flow>3984 srcPort>43401 dst>fd10:43:100::2/22784 
06:14:11.726639 SHUTDOWN flow>3768 srcPort>40009 dst>fd10:43:100::2/22568 
06:14:11.957470 SHUTDOWN flow>3776 srcPort>37199 dst>fd10:43:100::2/22576 
06:14:11.970835 ON flow>3992 srcPort>38481 dst>fd10:43:100::2/22792 
06:14:11.981133 CONNECT flow>3992 srcPort>38481 dst>fd10:43:100::2/22792 
06:14:12.055325 OFF flow>3768 srcPort>40009 dst>fd10:43:100::2/22568 
06:14:12.092779 SHUTDOWN flow>3784 srcPort>33727 dst>fd10:43:100::2/22584 
06:14:12.114974 ON flow>4000 srcPort>39999 dst>fd10:43:100::2/22800 
06:14:12.125747 CONNECT flow>4000 srcPort>39999 dst>fd10:43:100::2/22800 
06:14:12.192174 SHUTDOWN flow>3792 srcPort>35849 dst>fd10:43:100::2/22592 
06:14:12.242503 ON flow>4008 srcPort>37083 dst>fd10:43:100::2/22808 
06:14:12.249669 CONNECT flow>4008 srcPort>37083 dst>fd10:43:100::2/22808 
06:14:12.259813 OFF flow>3776 srcPort>37199 dst>fd10:43:100::2/22576 
06:14:12.302352 OFF flow>3784 srcPort>33727 dst>fd10:43:100::2/22584 
06:14:12.321419 SHUTDOWN flow>3800 srcPort>46355 dst>fd10:43:100::2/22600 
06:14:12.387772 ON flow>4016 srcPort>37107 dst>fd10:43:100::2/22816 
06:14:12.416649 CONNECT flow>4016 srcPort>37107 dst>fd10:43:100::2/22816 
06:14:12.418999 OFF flow>3800 srcPort>46355 dst>fd10:43:100::2/22600 
06:14:12.428048 OFF flow>3792 srcPort>35849 dst>fd10:43:100::2/22592 
06:14:12.487279 ON flow>4024 srcPort>32963 dst>fd10:43:100::2/22824 
06:14:12.509368 CONNECT flow>4024 srcPort>32963 dst>fd10:43:100::2/22824 
06:14:12.541903 SHUTDOWN flow>3808 srcPort>43493 dst>fd10:43:100::2/22608 
06:14:12.691994 SHUTDOWN flow>3816 srcPort>34045 dst>fd10:43:100::2/22616 
06:14:12.703080 ON flow>4032 srcPort>46563 dst>fd10:43:100::2/22832 
06:14:12.731402 CONNECT flow>4032 srcPort>46563 dst>fd10:43:100::2/22832 
06:14:12.802132 SHUTDOWN flow>3824 srcPort>45193 dst>fd10:43:100::2/22624 
06:14:12.806168 ON flow>4040 srcPort>43425 dst>fd10:43:100::2/22840 
06:14:12.831493 OFF flow>3808 srcPort>43493 dst>fd10:43:100::2/22608 
06:14:12.844552 CONNECT flow>4040 srcPort>43425 dst>fd10:43:100::2/22840 
06:14:12.919929 ON flow>4048 srcPort>44157 dst>fd10:43:100::2/22848 
06:14:12.934842 SHUTDOWN flow>3832 srcPort>46783 dst>fd10:43:100::2/22632 
06:14:12.951086 CONNECT flow>4048 srcPort>44157 dst>fd10:43:100::2/22848 
06:14:12.993045 OFF flow>3832 srcPort>46783 dst>fd10:43:100::2/22632 
06:14:13.050440 OFF flow>3816 srcPort>34045 dst>fd10:43:100::2/22616 
06:14:13.062567 SHUTDOWN flow>3840 srcPort>34347 dst>fd10:43:100::2/22640 
06:14:13.119523 OFF flow>3824 srcPort>45193 dst>fd10:43:100::2/22624 
06:14:13.132291 ON flow>4056 srcPort>46499 dst>fd10:43:100::2/22856 
06:14:13.146167 SHUTDOWN flow>3848 srcPort>36119 dst>fd10:43:100::2/22648 
06:14:13.166787 CONNECT flow>4056 srcPort>46499 dst>fd10:43:100::2/22856 
06:14:13.198466 OFF flow>3848 srcPort>36119 dst>fd10:43:100::2/22648 
06:14:13.233355 SHUTDOWN flow>3856 srcPort>35135 dst>fd10:43:100::2/22656 
06:14:13.258876 ON flow>4064 srcPort>34969 dst>fd10:43:100::2/22864 
06:14:13.262619 OFF flow>3840 srcPort>34347 dst>fd10:43:100::2/22640 
06:14:13.292774 CONNECT flow>4064 srcPort>34969 dst>fd10:43:100::2/22864 
06:14:13.388596 SHUTDOWN flow>3864 srcPort>40469 dst>fd10:43:100::2/22664 
06:14:13.448933 OFF flow>3864 srcPort>40469 dst>fd10:43:100::2/22664 
06:14:13.450556 OFF flow>3856 srcPort>35135 dst>fd10:43:100::2/22656 
06:14:13.455235 SHUTDOWN flow>3872 srcPort>44447 dst>fd10:43:100::2/22672 
06:14:13.656163 ON flow>4072 srcPort>33915 dst>fd10:43:100::2/22872 
06:14:13.671316 SHUTDOWN flow>3880 srcPort>35543 dst>fd10:43:100::2/22680 
06:14:13.691466 CONNECT flow>4072 srcPort>33915 dst>fd10:43:100::2/22872 
06:14:13.751598 OFF flow>3872 srcPort>44447 dst>fd10:43:100::2/22672 
06:14:13.853907 ON flow>4080 srcPort>37203 dst>fd10:43:100::2/22880 
06:14:13.890139 CONNECT flow>4080 srcPort>37203 dst>fd10:43:100::2/22880 
06:14:13.923708 OFF flow>3880 srcPort>35543 dst>fd10:43:100::2/22680 
06:14:13.957379 SHUTDOWN flow>3888 srcPort>45691 dst>fd10:43:100::2/22688 
06:14:13.989043 ON flow>4088 srcPort>44365 dst>fd10:43:100::2/22888 
06:14:14.020926 CONNECT flow>4088 srcPort>44365 dst>fd10:43:100::2/22888 
06:14:14.060755 SHUTDOWN flow>3896 srcPort>41765 dst>fd10:43:100::2/22696 
06:14:14.128950 ON flow>4096 srcPort>34797 dst>fd10:43:100::2/22896 
06:14:14.137826 CONNECT flow>4096 srcPort>34797 dst>fd10:43:100::2/22896 
06:14:14.152756 OFF flow>3888 srcPort>45691 dst>fd10:43:100::2/22688 
06:14:14.201472 SHUTDOWN flow>3904 srcPort>46653 dst>fd10:43:100::2/22704 
06:14:14.202241 ON flow>4104 srcPort>43707 dst>fd10:43:100::2/22904 
06:14:14.226768 CONNECT flow>4104 srcPort>43707 dst>fd10:43:100::2/22904 
06:14:14.237529 OFF flow>3904 srcPort>46653 dst>fd10:43:100::2/22704 
06:14:14.251976 OFF flow>3896 srcPort>41765 dst>fd10:43:100::2/22696 
06:14:14.270238 SHUTDOWN flow>3912 srcPort>35227 dst>fd10:43:100::2/22712 
06:14:14.287994 ON flow>4112 srcPort>36999 dst>fd10:43:100::2/22912 
06:14:14.320400 CONNECT flow>4112 srcPort>36999 dst>fd10:43:100::2/22912 
06:14:14.390848 OFF flow>3912 srcPort>35227 dst>fd10:43:100::2/22712 
06:14:14.396452 SHUTDOWN flow>3920 srcPort>40909 dst>fd10:43:100::2/22720 
06:14:14.438577 OFF flow>3920 srcPort>40909 dst>fd10:43:100::2/22720 
06:14:14.516140 ON flow>4120 srcPort>42193 dst>fd10:43:100::2/22920 
06:14:14.542813 CONNECT flow>4120 srcPort>42193 dst>fd10:43:100::2/22920 
06:14:14.573164 SHUTDOWN flow>3928 srcPort>46721 dst>fd10:43:100::2/22728 
06:14:14.581159 ON flow>4128 srcPort>35265 dst>fd10:43:100::2/22928 
06:14:14.615656 CONNECT flow>4128 srcPort>35265 dst>fd10:43:100::2/22928 
06:14:14.682279 OFF flow>3928 srcPort>46721 dst>fd10:43:100::2/22728 
06:14:14.789301 SHUTDOWN flow>3936 srcPort>39411 dst>fd10:43:100::2/22736 
06:14:14.816074 ON flow>4136 srcPort>44905 dst>fd10:43:100::2/22936 
06:14:14.831648 CONNECT flow>4136 srcPort>44905 dst>fd10:43:100::2/22936 
06:14:14.877954 ON flow>4144 srcPort>45719 dst>fd10:43:100::2/22944 
06:14:14.893584 CONNECT flow>4144 srcPort>45719 dst>fd10:43:100::2/22944 
06:14:14.980617 ON flow>4152 srcPort>42231 dst>fd10:43:100::2/22952 
06:14:15.001975 CONNECT flow>4152 srcPort>42231 dst>fd10:43:100::2/22952 
06:14:15.063003 ON flow>4160 srcPort>36319 dst>fd10:43:100::2/22960 
06:14:15.086176 OFF flow>3936 srcPort>39411 dst>fd10:43:100::2/22736 
06:14:15.091716 CONNECT flow>4160 srcPort>36319 dst>fd10:43:100::2/22960 
06:14:15.096646 SHUTDOWN flow>3944 srcPort>37575 dst>fd10:43:100::2/22744 
06:14:15.168543 ON flow>4168 srcPort>39349 dst>fd10:43:100::2/22968 
06:14:15.202866 CONNECT flow>4168 srcPort>39349 dst>fd10:43:100::2/22968 
06:14:15.209164 ON flow>4176 srcPort>40067 dst>fd10:43:100::2/22976 
06:14:15.240795 CONNECT flow>4176 srcPort>40067 dst>fd10:43:100::2/22976 
06:14:15.299741 ON flow>4184 srcPort>41107 dst>fd10:43:100::2/22984 
06:14:15.343841 CONNECT flow>4184 srcPort>41107 dst>fd10:43:100::2/22984 
06:14:15.380812 OFF flow>3944 srcPort>37575 dst>fd10:43:100::2/22744 
06:14:15.511727 ON flow>4192 srcPort>42009 dst>fd10:43:100::2/22992 
06:14:15.524207 SHUTDOWN flow>3952 srcPort>36483 dst>fd10:43:100::2/22752 
06:14:15.550744 CONNECT flow>4192 srcPort>42009 dst>fd10:43:100::2/22992 
06:14:15.630062 OFF flow>3952 srcPort>36483 dst>fd10:43:100::2/22752 
06:14:15.789195 SHUTDOWN flow>3960 srcPort>36583 dst>fd10:43:100::2/22760 
06:14:16.048156 ON flow>4200 srcPort>38499 dst>fd10:43:100::2/23000 
06:14:16.089190 CONNECT flow>4200 srcPort>38499 dst>fd10:43:100::2/23000 
06:14:16.214518 SHUTDOWN flow>3968 srcPort>33873 dst>fd10:43:100::2/22768 
06:14:16.240450 OFF flow>3960 srcPort>36583 dst>fd10:43:100::2/22760 
06:14:16.349307 OFF flow>3968 srcPort>33873 dst>fd10:43:100::2/22768 
06:14:16.457721 SHUTDOWN flow>3976 srcPort>41547 dst>fd10:43:100::2/22776 
06:14:16.617376 SHUTDOWN flow>3984 srcPort>43401 dst>fd10:43:100::2/22784 
06:14:16.671221 ON flow>4208 srcPort>45987 dst>fd10:43:100::2/23008 
06:14:16.726398 CONNECT flow>4208 srcPort>45987 dst>fd10:43:100::2/23008 
06:14:16.770641 SHUTDOWN flow>3992 srcPort>38481 dst>fd10:43:100::2/22792 
06:14:16.914841 SHUTDOWN flow>4000 srcPort>39999 dst>fd10:43:100::2/22800 
06:14:16.915695 OFF flow>3976 srcPort>41547 dst>fd10:43:100::2/22776 
06:14:16.970841 ON flow>4216 srcPort>46177 dst>fd10:43:100::2/23016 
06:14:17.022363 CONNECT flow>4216 srcPort>46177 dst>fd10:43:100::2/23016 
06:14:17.053084 OFF flow>3984 srcPort>43401 dst>fd10:43:100::2/22784 
06:14:17.054697 OFF flow>3992 srcPort>38481 dst>fd10:43:100::2/22792 
06:14:17.105414 SHUTDOWN flow>4008 srcPort>37083 dst>fd10:43:100::2/22808 
06:14:17.136688 ON flow>4224 srcPort>41319 dst>fd10:43:100::2/23024 
06:14:17.186644 CONNECT flow>4224 srcPort>41319 dst>fd10:43:100::2/23024 
06:14:17.187450 SHUTDOWN flow>4016 srcPort>37107 dst>fd10:43:100::2/22816 
06:14:17.203120 OFF flow>4000 srcPort>39999 dst>fd10:43:100::2/22800 
06:14:17.275275 ON flow>4232 srcPort>43759 dst>fd10:43:100::2/23032 
06:14:17.287205 SHUTDOWN flow>4024 srcPort>32963 dst>fd10:43:100::2/22824 
06:14:17.325922 CONNECT flow>4232 srcPort>43759 dst>fd10:43:100::2/23032 
06:14:17.385685 OFF flow>4024 srcPort>32963 dst>fd10:43:100::2/22824 
06:14:17.393092 OFF flow>4008 srcPort>37083 dst>fd10:43:100::2/22808 
06:14:17.517353 ON flow>4240 srcPort>46223 dst>fd10:43:100::2/23040 
06:14:17.555622 SHUTDOWN flow>4032 srcPort>46563 dst>fd10:43:100::2/22832 
06:14:17.569415 CONNECT flow>4240 srcPort>46223 dst>fd10:43:100::2/23040 
06:14:17.605207 OFF flow>4016 srcPort>37107 dst>fd10:43:100::2/22816 
06:14:17.606045 SHUTDOWN flow>4040 srcPort>43425 dst>fd10:43:100::2/22840 
06:14:17.719850 SHUTDOWN flow>4048 srcPort>44157 dst>fd10:43:100::2/22848 
06:14:17.770991 OFF flow>4048 srcPort>44157 dst>fd10:43:100::2/22848 
06:14:17.813619 ON flow>4248 srcPort>42027 dst>fd10:43:100::2/23048 
06:14:17.816137 OFF flow>4032 srcPort>46563 dst>fd10:43:100::2/22832 
06:14:17.860821 CONNECT flow>4248 srcPort>42027 dst>fd10:43:100::2/23048 
06:14:17.932164 SHUTDOWN flow>4056 srcPort>46499 dst>fd10:43:100::2/22856 
06:14:17.937097 OFF flow>4040 srcPort>43425 dst>fd10:43:100::2/22840 
06:14:17.943522 ON flow>4256 srcPort>35071 dst>fd10:43:100::2/23056 
06:14:17.990433 CONNECT flow>4256 srcPort>35071 dst>fd10:43:100::2/23056 
06:14:18.033973 OFF flow>4056 srcPort>46499 dst>fd10:43:100::2/22856 
06:14:18.058775 SHUTDOWN flow>4064 srcPort>34969 dst>fd10:43:100::2/22864 
06:14:18.109500 OFF flow>4064 srcPort>34969 dst>fd10:43:100::2/22864 
06:14:18.207819 ON flow>4264 srcPort>40495 dst>fd10:43:100::2/23064 
06:14:18.257922 CONNECT flow>4264 srcPort>40495 dst>fd10:43:100::2/23064 
06:14:18.456005 SHUTDOWN flow>4072 srcPort>33915 dst>fd10:43:100::2/22872 
06:14:18.493923 OFF flow>4072 srcPort>33915 dst>fd10:43:100::2/22872 
06:14:18.653776 SHUTDOWN flow>4080 srcPort>37203 dst>fd10:43:100::2/22880 
06:14:18.688590 OFF flow>4080 srcPort>37203 dst>fd10:43:100::2/22880 
06:14:18.788837 SHUTDOWN flow>4088 srcPort>44365 dst>fd10:43:100::2/22888 
06:14:18.794092 OFF flow>4088 srcPort>44365 dst>fd10:43:100::2/22888 
06:14:18.845263 ON flow>4272 srcPort>37343 dst>fd10:43:100::2/23072 
06:14:18.845746 CONNECT flow>4272 srcPort>37343 dst>fd10:43:100::2/23072 
06:14:18.928840 SHUTDOWN flow>4096 srcPort>34797 dst>fd10:43:100::2/22896 
06:14:18.929473 OFF flow>4096 srcPort>34797 dst>fd10:43:100::2/22896 
06:14:18.979517 ON flow>4280 srcPort>43697 dst>fd10:43:100::2/23080 
06:14:18.979900 CONNECT flow>4280 srcPort>43697 dst>fd10:43:100::2/23080 
06:14:19.002168 SHUTDOWN flow>4104 srcPort>43707 dst>fd10:43:100::2/22904 
06:14:19.002541 OFF flow>4104 srcPort>43707 dst>fd10:43:100::2/22904 
06:14:19.087844 SHUTDOWN flow>4112 srcPort>36999 dst>fd10:43:100::2/22912 
06:14:19.088515 OFF flow>4112 srcPort>36999 dst>fd10:43:100::2/22912 
06:14:19.130464 ON flow>4288 srcPort>45169 dst>fd10:43:100::2/23088 
06:14:19.130690 CONNECT flow>4288 srcPort>45169 dst>fd10:43:100::2/23088 
06:14:19.223458 ON flow>4296 srcPort>39837 dst>fd10:43:100::2/23096 
06:14:19.224194 CONNECT flow>4296 srcPort>39837 dst>fd10:43:100::2/23096 
06:14:19.316053 SHUTDOWN flow>4120 srcPort>42193 dst>fd10:43:100::2/22920 
06:14:19.316386 OFF flow>4120 srcPort>42193 dst>fd10:43:100::2/22920 
06:14:19.381044 SHUTDOWN flow>4128 srcPort>35265 dst>fd10:43:100::2/22928 
06:14:19.381804 OFF flow>4128 srcPort>35265 dst>fd10:43:100::2/22928 
06:14:19.418045 ON flow>4304 srcPort>46599 dst>fd10:43:100::2/23104 
06:14:19.418620 CONNECT flow>4304 srcPort>46599 dst>fd10:43:100::2/23104 
06:14:19.565578 ON flow>4312 srcPort>39195 dst>fd10:43:100::2/23112 
06:14:19.566601 CONNECT flow>4312 srcPort>39195 dst>fd10:43:100::2/23112 
06:14:19.615950 SHUTDOWN flow>4136 srcPort>44905 dst>fd10:43:100::2/22936 
06:14:19.616387 OFF flow>4136 srcPort>44905 dst>fd10:43:100::2/22936 
06:14:19.643749 ON flow>4320 srcPort>36821 dst>fd10:43:100::2/23120 
06:14:19.644487 CONNECT flow>4320 srcPort>36821 dst>fd10:43:100::2/23120 
06:14:19.677850 SHUTDOWN flow>4144 srcPort>45719 dst>fd10:43:100::2/22944 
06:14:19.681262 OFF flow>4144 srcPort>45719 dst>fd10:43:100::2/22944 
06:14:19.745027 ON flow>4328 srcPort>33491 dst>fd10:43:100::2/23128 
06:14:19.745716 CONNECT flow>4328 srcPort>33491 dst>fd10:43:100::2/23128 
06:14:19.780513 SHUTDOWN flow>4152 srcPort>42231 dst>fd10:43:100::2/22952 
06:14:19.781000 OFF flow>4152 srcPort>42231 dst>fd10:43:100::2/22952 
06:14:19.862917 SHUTDOWN flow>4160 srcPort>36319 dst>fd10:43:100::2/22960 
06:14:19.863241 OFF flow>4160 srcPort>36319 dst>fd10:43:100::2/22960 
06:14:19.968018 SHUTDOWN flow>4168 srcPort>39349 dst>fd10:43:100::2/22968 
06:14:19.968457 OFF flow>4168 srcPort>39349 dst>fd10:43:100::2/22968 
06:14:20.009112 SHUTDOWN flow>4176 srcPort>40067 dst>fd10:43:100::2/22976 
06:14:20.009447 OFF flow>4176 srcPort>40067 dst>fd10:43:100::2/22976 
06:14:20.026023 ON flow>4336 srcPort>44567 dst>fd10:43:100::2/23136 
06:14:20.026302 CONNECT flow>4336 srcPort>44567 dst>fd10:43:100::2/23136 
06:14:20.099621 SHUTDOWN flow>4184 srcPort>41107 dst>fd10:43:100::2/22984 
06:14:20.099981 OFF flow>4184 srcPort>41107 dst>fd10:43:100::2/22984 
06:14:20.226337 ON flow>4344 srcPort>46759 dst>fd10:43:100::2/23144 
06:14:20.226578 CONNECT flow>4344 srcPort>46759 dst>fd10:43:100::2/23144 
06:14:20.311619 SHUTDOWN flow>4192 srcPort>42009 dst>fd10:43:100::2/22992 
06:14:20.312061 OFF flow>4192 srcPort>42009 dst>fd10:43:100::2/22992 
06:14:20.618080 ON flow>4352 srcPort>35871 dst>fd10:43:100::2/23152 
06:14:20.618843 CONNECT flow>4352 srcPort>35871 dst>fd10:43:100::2/23152 
06:14:20.843378 ON flow>4360 srcPort>41815 dst>fd10:43:100::2/23160 
06:14:20.843796 CONNECT flow>4360 srcPort>41815 dst>fd10:43:100::2/23160 
06:14:20.847947 SHUTDOWN flow>4200 srcPort>38499 dst>fd10:43:100::2/23000 
06:14:20.848495 OFF flow>4200 srcPort>38499 dst>fd10:43:100::2/23000 
06:14:21.181035 ON flow>4368 srcPort>37717 dst>fd10:43:100::2/23168 
06:14:21.181312 CONNECT flow>4368 srcPort>37717 dst>fd10:43:100::2/23168 
06:14:21.348563 ON flow>4376 srcPort>43051 dst>fd10:43:100::2/23176 
06:14:21.350058 CONNECT flow>4376 srcPort>43051 dst>fd10:43:100::2/23176 
06:14:21.446293 ON flow>4384 srcPort>37447 dst>fd10:43:100::2/23184 
06:14:21.446666 CONNECT flow>4384 srcPort>37447 dst>fd10:43:100::2/23184 
06:14:21.471059 SHUTDOWN flow>4208 srcPort>45987 dst>fd10:43:100::2/23008 
06:14:21.471572 OFF flow>4208 srcPort>45987 dst>fd10:43:100::2/23008 
06:14:21.532941 ON flow>4392 srcPort>38413 dst>fd10:43:100::2/23192 
06:14:21.533372 CONNECT flow>4392 srcPort>38413 dst>fd10:43:100::2/23192 
06:14:21.644876 ON flow>4400 srcPort>44645 dst>fd10:43:100::2/23200 
06:14:21.645753 CONNECT flow>4400 srcPort>44645 dst>fd10:43:100::2/23200 
06:14:21.691616 ON flow>4408 srcPort>33023 dst>fd10:43:100::2/23208 
06:14:21.691946 CONNECT flow>4408 srcPort>33023 dst>fd10:43:100::2/23208 
06:14:21.766524 ON flow>4416 srcPort>35655 dst>fd10:43:100::2/23216 
06:14:21.766929 CONNECT flow>4416 srcPort>35655 dst>fd10:43:100::2/23216 
06:14:21.770650 SHUTDOWN flow>4216 srcPort>46177 dst>fd10:43:100::2/23016 
06:14:21.771186 OFF flow>4216 srcPort>46177 dst>fd10:43:100::2/23016 
06:14:21.845651 ON flow>4424 srcPort>41763 dst>fd10:43:100::2/23224 
06:14:21.846080 CONNECT flow>4424 srcPort>41763 dst>fd10:43:100::2/23224 
06:14:21.919451 ON flow>4432 srcPort>34439 dst>fd10:43:100::2/23232 
06:14:21.920156 CONNECT flow>4432 srcPort>34439 dst>fd10:43:100::2/23232 
06:14:21.936444 SHUTDOWN flow>4224 srcPort>41319 dst>fd10:43:100::2/23024 
06:14:21.937479 OFF flow>4224 srcPort>41319 dst>fd10:43:100::2/23024 
06:14:22.053217 ON flow>4440 srcPort>34473 dst>fd10:43:100::2/23240 
06:14:22.074302 CONNECT flow>4440 srcPort>34473 dst>fd10:43:100::2/23240 
06:14:22.075146 SHUTDOWN flow>4232 srcPort>43759 dst>fd10:43:100::2/23032 
06:14:22.079567 OFF flow>4232 srcPort>43759 dst>fd10:43:100::2/23032 
06:14:22.241151 ON flow>4448 srcPort>36433 dst>fd10:43:100::2/23248 
06:14:22.241684 CONNECT flow>4448 srcPort>36433 dst>fd10:43:100::2/23248 
06:14:22.317260 SHUTDOWN flow>4240 srcPort>46223 dst>fd10:43:100::2/23040 
06:14:22.317702 OFF flow>4240 srcPort>46223 dst>fd10:43:100::2/23040 
06:14:22.376605 ON flow>4456 srcPort>39607 dst>fd10:43:100::2/23256 
06:14:22.377000 CONNECT flow>4456 srcPort>39607 dst>fd10:43:100::2/23256 
06:14:22.550946 ON flow>4464 srcPort>44755 dst>fd10:43:100::2/23264 
06:14:22.551369 CONNECT flow>4464 srcPort>44755 dst>fd10:43:100::2/23264 
06:14:22.613453 SHUTDOWN flow>4248 srcPort>42027 dst>fd10:43:100::2/23048 
06:14:22.613785 OFF flow>4248 srcPort>42027 dst>fd10:43:100::2/23048 
06:14:22.703561 ON flow>4472 srcPort>38061 dst>fd10:43:100::2/23272 
06:14:22.706159 CONNECT flow>4472 srcPort>38061 dst>fd10:43:100::2/23272 
06:14:22.743356 SHUTDOWN flow>4256 srcPort>35071 dst>fd10:43:100::2/23056 
06:14:22.746915 OFF flow>4256 srcPort>35071 dst>fd10:43:100::2/23056 
06:14:22.899395 ON flow>4480 srcPort>39571 dst>fd10:43:100::2/23280 
06:14:22.905217 CONNECT flow>4480 srcPort>39571 dst>fd10:43:100::2/23280 
06:14:23.007665 SHUTDOWN flow>4264 srcPort>40495 dst>fd10:43:100::2/23064 
06:14:23.008666 OFF flow>4264 srcPort>40495 dst>fd10:43:100::2/23064 
06:14:23.142945 ON flow>4488 srcPort>41505 dst>fd10:43:100::2/23288 
06:14:23.154305 CONNECT flow>4488 srcPort>41505 dst>fd10:43:100::2/23288 
06:14:23.243275 ON flow>4496 srcPort>44871 dst>fd10:43:100::2/23296 
06:14:23.255485 CONNECT flow>4496 srcPort>44871 dst>fd10:43:100::2/23296 
06:14:23.411563 ON flow>4504 srcPort>42445 dst>fd10:43:100::2/23304 
06:14:23.645178 SHUTDOWN flow>4272 srcPort>37343 dst>fd10:43:100::2/23072 
06:14:23.693607 ON flow>4512 srcPort>46561 dst>fd10:43:100::2/23312 
06:14:23.724353 OFF flow>4272 srcPort>37343 dst>fd10:43:100::2/23072 
06:14:23.732130 CONNECT flow>4512 srcPort>46561 dst>fd10:43:100::2/23312 
06:14:23.779408 SHUTDOWN flow>4280 srcPort>43697 dst>fd10:43:100::2/23080 
06:14:23.868753 OFF flow>4280 srcPort>43697 dst>fd10:43:100::2/23080 
06:14:23.930401 SHUTDOWN flow>4288 srcPort>45169 dst>fd10:43:100::2/23088 
06:14:23.964266 ON flow>4520 srcPort>37211 dst>fd10:43:100::2/23320 
06:14:23.987630 CONNECT flow>4520 srcPort>37211 dst>fd10:43:100::2/23320 
06:14:24.023424 SHUTDOWN flow>4296 srcPort>39837 dst>fd10:43:100::2/23096 
06:14:24.033705 OFF flow>4288 srcPort>45169 dst>fd10:43:100::2/23088 
06:14:24.053357 ON flow>4528 srcPort>40415 dst>fd10:43:100::2/23328 
06:14:24.090920 CONNECT flow>4528 srcPort>40415 dst>fd10:43:100::2/23328 
06:14:24.100987 OFF flow>4296 srcPort>39837 dst>fd10:43:100::2/23096 
06:14:24.119791 ON flow>4536 srcPort>46569 dst>fd10:43:100::2/23336 
06:14:24.152616 CONNECT flow>4536 srcPort>46569 dst>fd10:43:100::2/23336 
06:14:24.210451 ON flow>4544 srcPort>36107 dst>fd10:43:100::2/23344 
06:14:24.217998 SHUTDOWN flow>4304 srcPort>46599 dst>fd10:43:100::2/23104 
06:14:24.239283 CONNECT flow>4544 srcPort>36107 dst>fd10:43:100::2/23344 
06:14:24.289038 ON flow>4552 srcPort>36057 dst>fd10:43:100::2/23352 
06:14:24.316785 CONNECT flow>4552 srcPort>36057 dst>fd10:43:100::2/23352 
06:14:24.356466 OFF flow>4304 srcPort>46599 dst>fd10:43:100::2/23104 
06:14:24.365535 SHUTDOWN flow>4312 srcPort>39195 dst>fd10:43:100::2/23112 
06:14:24.443707 SHUTDOWN flow>4320 srcPort>36821 dst>fd10:43:100::2/23120 
06:14:24.449149 ON flow>4560 srcPort>36897 dst>fd10:43:100::2/23360 
06:14:24.450500 CONNECT flow>4504 srcPort>42445 dst>fd10:43:100::2/23304 
06:14:24.473378 CONNECT flow>4560 srcPort>36897 dst>fd10:43:100::2/23360 
06:14:24.497304 OFF flow>4320 srcPort>36821 dst>fd10:43:100::2/23120 
06:14:24.525468 ON flow>4568 srcPort>34887 dst>fd10:43:100::2/23368 
06:14:24.544923 SHUTDOWN flow>4328 srcPort>33491 dst>fd10:43:100::2/23128 
06:14:24.557545 CONNECT flow>4568 srcPort>34887 dst>fd10:43:100::2/23368 
06:14:24.582679 ON flow>4576 srcPort>34361 dst>fd10:43:100::2/23376 
06:14:24.608758 OFF flow>4328 srcPort>33491 dst>fd10:43:100::2/23128 
06:14:24.618362 CONNECT flow>4576 srcPort>34361 dst>fd10:43:100::2/23376 
06:14:24.825955 SHUTDOWN flow>4336 srcPort>44567 dst>fd10:43:100::2/23136 
06:14:24.863440 ON flow>4584 srcPort>38483 dst>fd10:43:100::2/23384 
06:14:24.901541 CONNECT flow>4584 srcPort>38483 dst>fd10:43:100::2/23384 
06:14:24.919768 OFF flow>4336 srcPort>44567 dst>fd10:43:100::2/23136 
06:14:24.956531 OFF flow>4312 srcPort>39195 dst>fd10:43:100::2/23112 
06:14:25.026269 SHUTDOWN flow>4344 srcPort>46759 dst>fd10:43:100::2/23144 
06:14:25.311603 ON flow>4592 srcPort>33703 dst>fd10:43:100::2/23392 
06:14:25.342132 OFF flow>4344 srcPort>46759 dst>fd10:43:100::2/23144 
06:14:25.356199 CONNECT flow>4592 srcPort>33703 dst>fd10:43:100::2/23392 
06:14:25.417961 SHUTDOWN flow>4352 srcPort>35871 dst>fd10:43:100::2/23152 
06:14:25.536294 ON flow>4600 srcPort>37847 dst>fd10:43:100::2/23400 
06:14:25.569594 ON flow>4608 srcPort>40167 dst>fd10:43:100::2/23408 
06:14:25.590871 CONNECT flow>4600 srcPort>37847 dst>fd10:43:100::2/23400 
06:14:25.625645 CONNECT flow>4608 srcPort>40167 dst>fd10:43:100::2/23408 
06:14:25.643294 SHUTDOWN flow>4360 srcPort>41815 dst>fd10:43:100::2/23160 
06:14:25.698904 ON flow>4616 srcPort>43677 dst>fd10:43:100::2/23416 
06:14:25.728187 OFF flow>4360 srcPort>41815 dst>fd10:43:100::2/23160 
06:14:25.738346 CONNECT flow>4616 srcPort>43677 dst>fd10:43:100::2/23416 
06:14:25.980981 SHUTDOWN flow>4368 srcPort>37717 dst>fd10:43:100::2/23168 
06:14:26.097460 ON flow>4624 srcPort>44589 dst>fd10:43:100::2/23424 
06:14:26.140462 CONNECT flow>4624 srcPort>44589 dst>fd10:43:100::2/23424 
06:14:26.148465 SHUTDOWN flow>4376 srcPort>43051 dst>fd10:43:100::2/23176 
06:14:26.209710 OFF flow>4368 srcPort>37717 dst>fd10:43:100::2/23168 
06:14:26.246172 SHUTDOWN flow>4384 srcPort>37447 dst>fd10:43:100::2/23184 
06:14:26.248320 OFF flow>4352 srcPort>35871 dst>fd10:43:100::2/23152 
06:14:26.278857 ON flow>4632 srcPort>39425 dst>fd10:43:100::2/23432 
06:14:26.284218 CONNECT flow>4632 srcPort>39425 dst>fd10:43:100::2/23432 
06:14:26.332882 SHUTDOWN flow>4392 srcPort>38413 dst>fd10:43:100::2/23192 
06:14:26.358587 OFF flow>4376 srcPort>43051 dst>fd10:43:100::2/23176 
06:14:26.437217 OFF flow>4384 srcPort>37447 dst>fd10:43:100::2/23184 
06:14:26.445131 ON flow>4640 srcPort>34679 dst>fd10:43:100::2/23440 
06:14:26.453701 CONNECT flow>4640 srcPort>34679 dst>fd10:43:100::2/23440 
06:14:26.491601 SHUTDOWN flow>4408 srcPort>33023 dst>fd10:43:100::2/23208 
06:14:26.544480 OFF flow>4392 srcPort>38413 dst>fd10:43:100::2/23192 
06:14:26.566514 SHUTDOWN flow>4416 srcPort>35655 dst>fd10:43:100::2/23216 
06:14:26.577798 SHUTDOWN flow>4400 srcPort>44645 dst>fd10:43:100::2/23200 
06:14:26.628830 ON flow>4648 srcPort>41123 dst>fd10:43:100::2/23448 
06:14:26.645607 SHUTDOWN flow>4424 srcPort>41763 dst>fd10:43:100::2/23224 
06:14:26.653556 CONNECT flow>4648 srcPort>41123 dst>fd10:43:100::2/23448 
06:14:26.719411 SHUTDOWN flow>4432 srcPort>34439 dst>fd10:43:100::2/23232 
06:14:26.724872 ON flow>4656 srcPort>35331 dst>fd10:43:100::2/23456 
06:14:26.746599 CONNECT flow>4656 srcPort>35331 dst>fd10:43:100::2/23456 
06:14:26.790027 OFF flow>4408 srcPort>33023 dst>fd10:43:100::2/23208 
06:14:26.795453 OFF flow>4424 srcPort>41763 dst>fd10:43:100::2/23224 
06:14:26.811112 ON flow>4664 srcPort>40991 dst>fd10:43:100::2/23464 
06:14:26.850853 CONNECT flow>4664 srcPort>40991 dst>fd10:43:100::2/23464 
06:14:26.853129 SHUTDOWN flow>4440 srcPort>34473 dst>fd10:43:100::2/23240 
06:14:27.008357 OFF flow>4416 srcPort>35655 dst>fd10:43:100::2/23216 
06:14:27.041208 SHUTDOWN flow>4448 srcPort>36433 dst>fd10:43:100::2/23248 
06:14:27.067099 OFF flow>4400 srcPort>44645 dst>fd10:43:100::2/23200 
06:14:27.119691 ON flow>4672 srcPort>34481 dst>fd10:43:100::2/23472 
06:14:27.148477 CONNECT flow>4672 srcPort>34481 dst>fd10:43:100::2/23472 
06:14:27.176537 SHUTDOWN flow>4456 srcPort>39607 dst>fd10:43:100::2/23256 
06:14:27.178036 OFF flow>4432 srcPort>34439 dst>fd10:43:100::2/23232 
06:14:27.231811 ON flow>4680 srcPort>37585 dst>fd10:43:100::2/23480 
06:14:27.263969 CONNECT flow>4680 srcPort>37585 dst>fd10:43:100::2/23480 
06:14:27.284504 OFF flow>4448 srcPort>36433 dst>fd10:43:100::2/23248 
06:14:27.350836 SHUTDOWN flow>4464 srcPort>44755 dst>fd10:43:100::2/23264 
06:14:27.379920 ON flow>4688 srcPort>36203 dst>fd10:43:100::2/23488 
06:14:27.387817 CONNECT flow>4688 srcPort>36203 dst>fd10:43:100::2/23488 
06:14:27.429560 OFF flow>4440 srcPort>34473 dst>fd10:43:100::2/23240 
06:14:27.443283 OFF flow>4456 srcPort>39607 dst>fd10:43:100::2/23256 
06:14:27.503455 SHUTDOWN flow>4472 srcPort>38061 dst>fd10:43:100::2/23272 
06:14:27.699341 SHUTDOWN flow>4480 srcPort>39571 dst>fd10:43:100::2/23280 
06:14:27.787178 OFF flow>4472 srcPort>38061 dst>fd10:43:100::2/23272 
06:14:27.831999 ON flow>4696 srcPort>39441 dst>fd10:43:100::2/23496 
06:14:27.859276 OFF flow>4464 srcPort>44755 dst>fd10:43:100::2/23264 
06:14:27.874778 CONNECT flow>4696 srcPort>39441 dst>fd10:43:100::2/23496 
06:14:27.947954 SHUTDOWN flow>4488 srcPort>41505 dst>fd10:43:100::2/23288 
06:14:28.003265 OFF flow>4480 srcPort>39571 dst>fd10:43:100::2/23280 
06:14:28.043076 SHUTDOWN flow>4496 srcPort>44871 dst>fd10:43:100::2/23296 
06:14:28.107116 OFF flow>4496 srcPort>44871 dst>fd10:43:100::2/23296 
06:14:28.133099 ON flow>4704 srcPort>36037 dst>fd10:43:100::2/23504 
06:14:28.173570 CONNECT flow>4704 srcPort>36037 dst>fd10:43:100::2/23504 
06:14:28.211468 SHUTDOWN flow>4504 srcPort>42445 dst>fd10:43:100::2/23304 
06:14:28.225954 OFF flow>4488 srcPort>41505 dst>fd10:43:100::2/23288 
06:14:28.403797 ON flow>4712 srcPort>44011 dst>fd10:43:100::2/23512 
06:14:28.437079 CONNECT flow>4712 srcPort>44011 dst>fd10:43:100::2/23512 
06:14:28.493282 SHUTDOWN flow>4512 srcPort>46561 dst>fd10:43:100::2/23312 
06:14:28.622090 OFF flow>4504 srcPort>42445 dst>fd10:43:100::2/23304 
06:14:28.640369 OFF flow>4512 srcPort>46561 dst>fd10:43:100::2/23312 
06:14:28.682809 ON flow>4720 srcPort>35599 dst>fd10:43:100::2/23520 
06:14:28.727816 CONNECT flow>4720 srcPort>35599 dst>fd10:43:100::2/23520 
06:14:28.764113 SHUTDOWN flow>4520 srcPort>37211 dst>fd10:43:100::2/23320 
06:14:28.853258 SHUTDOWN flow>4528 srcPort>40415 dst>fd10:43:100::2/23328 
06:14:28.862291 ON flow>4728 srcPort>34505 dst>fd10:43:100::2/23528 
06:14:28.911464 CONNECT flow>4728 srcPort>34505 dst>fd10:43:100::2/23528 
06:14:28.919636 SHUTDOWN flow>4536 srcPort>46569 dst>fd10:43:100::2/23336 
06:14:28.926791 OFF flow>4528 srcPort>40415 dst>fd10:43:100::2/23328 
06:14:29.010304 SHUTDOWN flow>4544 srcPort>36107 dst>fd10:43:100::2/23344 
06:14:29.047523 OFF flow>4520 srcPort>37211 dst>fd10:43:100::2/23320 
06:14:29.088964 SHUTDOWN flow>4552 srcPort>36057 dst>fd10:43:100::2/23352 
06:14:29.123464 ON flow>4736 srcPort>45851 dst>fd10:43:100::2/23536 
06:14:29.179623 CONNECT flow>4736 srcPort>45851 dst>fd10:43:100::2/23536 
06:14:29.230210 OFF flow>4536 srcPort>46569 dst>fd10:43:100::2/23336 
06:14:29.249033 SHUTDOWN flow>4560 srcPort>36897 dst>fd10:43:100::2/23360 
06:14:29.325351 SHUTDOWN flow>4568 srcPort>34887 dst>fd10:43:100::2/23368 
06:14:29.374091 OFF flow>4560 srcPort>36897 dst>fd10:43:100::2/23360 
06:14:29.382529 SHUTDOWN flow>4576 srcPort>34361 dst>fd10:43:100::2/23376 
06:14:29.416842 OFF flow>4544 srcPort>36107 dst>fd10:43:100::2/23344 
06:14:29.418798 OFF flow>4552 srcPort>36057 dst>fd10:43:100::2/23352 
06:14:29.434331 ON flow>4744 srcPort>34153 dst>fd10:43:100::2/23544 
06:14:29.475728 CONNECT flow>4744 srcPort>34153 dst>fd10:43:100::2/23544 
06:14:29.598613 OFF flow>4576 srcPort>34361 dst>fd10:43:100::2/23376 
06:14:29.603882 ON flow>4752 srcPort>36713 dst>fd10:43:100::2/23552 
06:14:29.608776 OFF flow>4568 srcPort>34887 dst>fd10:43:100::2/23368 
06:14:29.639090 CONNECT flow>4752 srcPort>36713 dst>fd10:43:100::2/23552 
06:14:29.663223 SHUTDOWN flow>4584 srcPort>38483 dst>fd10:43:100::2/23384 
06:14:29.751790 OFF flow>4584 srcPort>38483 dst>fd10:43:100::2/23384 
06:14:29.765002 ON flow>4760 srcPort>44841 dst>fd10:43:100::2/23560 
06:14:29.788824 CONNECT flow>4760 srcPort>44841 dst>fd10:43:100::2/23560 
06:14:29.876698 ON flow>4768 srcPort>44591 dst>fd10:43:100::2/23568 
06:14:29.889767 CONNECT flow>4768 srcPort>44591 dst>fd10:43:100::2/23568 
06:14:30.069737 ON flow>4776 srcPort>40143 dst>fd10:43:100::2/23576 
06:14:30.070056 CONNECT flow>4776 srcPort>40143 dst>fd10:43:100::2/23576 
06:14:30.111375 SHUTDOWN flow>4592 srcPort>33703 dst>fd10:43:100::2/23392 
06:14:30.113407 OFF flow>4592 srcPort>33703 dst>fd10:43:100::2/23392 
06:14:30.336210 SHUTDOWN flow>4600 srcPort>37847 dst>fd10:43:100::2/23400 
06:14:30.336717 OFF flow>4600 srcPort>37847 dst>fd10:43:100::2/23400 
06:14:30.369376 SHUTDOWN flow>4608 srcPort>40167 dst>fd10:43:100::2/23408 
06:14:30.369817 OFF flow>4608 srcPort>40167 dst>fd10:43:100::2/23408 
06:14:30.377022 ON flow>4784 srcPort>32857 dst>fd10:43:100::2/23584 
06:14:30.377381 CONNECT flow>4784 srcPort>32857 dst>fd10:43:100::2/23584 
06:14:30.498771 SHUTDOWN flow>4616 srcPort>43677 dst>fd10:43:100::2/23416 
06:14:30.503792 OFF flow>4616 srcPort>43677 dst>fd10:43:100::2/23416 
06:14:30.579231 ON flow>4792 srcPort>39427 dst>fd10:43:100::2/23592 
06:14:30.579636 CONNECT flow>4792 srcPort>39427 dst>fd10:43:100::2/23592 
06:14:30.669591 ON flow>4800 srcPort>43423 dst>fd10:43:100::2/23600 
06:14:30.670003 CONNECT flow>4800 srcPort>43423 dst>fd10:43:100::2/23600 
06:14:30.749029 ON flow>4808 srcPort>44811 dst>fd10:43:100::2/23608 
06:14:30.749326 CONNECT flow>4808 srcPort>44811 dst>fd10:43:100::2/23608 
06:14:30.897276 SHUTDOWN flow>4624 srcPort>44589 dst>fd10:43:100::2/23424 
06:14:30.897684 OFF flow>4624 srcPort>44589 dst>fd10:43:100::2/23424 
06:14:30.900339 ON flow>4816 srcPort>38389 dst>fd10:43:100::2/23616 
06:14:30.900600 CONNECT flow>4816 srcPort>38389 dst>fd10:43:100::2/23616 
06:14:30.997627 ON flow>4824 srcPort>39879 dst>fd10:43:100::2/23624 
06:14:30.997903 CONNECT flow>4824 srcPort>39879 dst>fd10:43:100::2/23624 
06:14:31.078775 SHUTDOWN flow>4632 srcPort>39425 dst>fd10:43:100::2/23432 
06:14:31.083724 OFF flow>4632 srcPort>39425 dst>fd10:43:100::2/23432 
06:14:31.118047 ON flow>4832 srcPort>45417 dst>fd10:43:100::2/23632 
06:14:31.123646 CONNECT flow>4832 srcPort>45417 dst>fd10:43:100::2/23632 
06:14:31.244981 SHUTDOWN flow>4640 srcPort>34679 dst>fd10:43:100::2/23440 
06:14:31.245354 OFF flow>4640 srcPort>34679 dst>fd10:43:100::2/23440 
06:14:31.392071 ON flow>4840 srcPort>33755 dst>fd10:43:100::2/23640 
06:14:31.392363 CONNECT flow>4840 srcPort>33755 dst>fd10:43:100::2/23640 
06:14:31.428692 SHUTDOWN flow>4648 srcPort>41123 dst>fd10:43:100::2/23448 
06:14:31.429381 OFF flow>4648 srcPort>41123 dst>fd10:43:100::2/23448 
06:14:31.524773 SHUTDOWN flow>4656 srcPort>35331 dst>fd10:43:100::2/23456 
06:14:31.525103 OFF flow>4656 srcPort>35331 dst>fd10:43:100::2/23456 
06:14:31.610163 ON flow>4848 srcPort>44177 dst>fd10:43:100::2/23648 
06:14:31.610435 CONNECT flow>4848 srcPort>44177 dst>fd10:43:100::2/23648 
06:14:31.610976 SHUTDOWN flow>4664 srcPort>40991 dst>fd10:43:100::2/23464 
06:14:31.611521 OFF flow>4664 srcPort>40991 dst>fd10:43:100::2/23464 
06:14:31.886142 ON flow>4856 srcPort>36497 dst>fd10:43:100::2/23656 
06:14:31.890842 CONNECT flow>4856 srcPort>36497 dst>fd10:43:100::2/23656 
06:14:31.919583 SHUTDOWN flow>4672 srcPort>34481 dst>fd10:43:100::2/23472 
06:14:31.922533 OFF flow>4672 srcPort>34481 dst>fd10:43:100::2/23472 
06:14:32.031677 SHUTDOWN flow>4680 srcPort>37585 dst>fd10:43:100::2/23480 
06:14:32.032189 OFF flow>4680 srcPort>37585 dst>fd10:43:100::2/23480 
06:14:32.179813 SHUTDOWN flow>4688 srcPort>36203 dst>fd10:43:100::2/23488 
06:14:32.181024 OFF flow>4688 srcPort>36203 dst>fd10:43:100::2/23488 
06:14:32.271233 ON flow>4864 srcPort>41639 dst>fd10:43:100::2/23664 
06:14:32.271467 CONNECT flow>4864 srcPort>41639 dst>fd10:43:100::2/23664 
06:14:32.445224 ON flow>4872 srcPort>42205 dst>fd10:43:100::2/23672 
06:14:32.445714 CONNECT flow>4872 srcPort>42205 dst>fd10:43:100::2/23672 
06:14:32.546352 ON flow>4880 srcPort>40521 dst>fd10:43:100::2/23680 
06:14:32.546635 CONNECT flow>4880 srcPort>40521 dst>fd10:43:100::2/23680 
06:14:32.631784 SHUTDOWN flow>4696 srcPort>39441 dst>fd10:43:100::2/23496 
06:14:32.632145 OFF flow>4696 srcPort>39441 dst>fd10:43:100::2/23496 
06:14:32.643567 ON flow>4888 srcPort>43917 dst>fd10:43:100::2/23688 
06:14:32.643841 CONNECT flow>4888 srcPort>43917 dst>fd10:43:100::2/23688 
06:14:32.743144 ON flow>4896 srcPort>33857 dst>fd10:43:100::2/23696 
06:14:32.743455 CONNECT flow>4896 srcPort>33857 dst>fd10:43:100::2/23696 
06:14:32.932778 SHUTDOWN flow>4704 srcPort>36037 dst>fd10:43:100::2/23504 
06:14:32.933412 OFF flow>4704 srcPort>36037 dst>fd10:43:100::2/23504 
06:14:33.006175 ON flow>4904 srcPort>37171 dst>fd10:43:100::2/23704 
06:14:33.006547 CONNECT flow>4904 srcPort>37171 dst>fd10:43:100::2/23704 
06:14:33.055134 ON flow>4912 srcPort>35535 dst>fd10:43:100::2/23712 
06:14:33.055612 CONNECT flow>4912 srcPort>35535 dst>fd10:43:100::2/23712 
06:14:33.193793 ON flow>4920 srcPort>42053 dst>fd10:43:100::2/23720 
06:14:33.196290 CONNECT flow>4920 srcPort>42053 dst>fd10:43:100::2/23720 
06:14:33.203577 SHUTDOWN flow>4712 srcPort>44011 dst>fd10:43:100::2/23512 
06:14:33.203978 OFF flow>4712 srcPort>44011 dst>fd10:43:100::2/23512 
06:14:33.359230 ON flow>4928 srcPort>45981 dst>fd10:43:100::2/23728 
06:14:33.359810 CONNECT flow>4928 srcPort>45981 dst>fd10:43:100::2/23728 
06:14:33.479563 ON flow>4936 srcPort>34495 dst>fd10:43:100::2/23736 
06:14:33.480147 CONNECT flow>4936 srcPort>34495 dst>fd10:43:100::2/23736 
06:14:33.482679 SHUTDOWN flow>4720 srcPort>35599 dst>fd10:43:100::2/23520 
06:14:33.483066 OFF flow>4720 srcPort>35599 dst>fd10:43:100::2/23520 
06:14:33.662186 SHUTDOWN flow>4728 srcPort>34505 dst>fd10:43:100::2/23528 
06:14:33.663242 OFF flow>4728 srcPort>34505 dst>fd10:43:100::2/23528 
06:14:33.722893 ON flow>4944 srcPort>34087 dst>fd10:43:100::2/23744 
06:14:33.723176 CONNECT flow>4944 srcPort>34087 dst>fd10:43:100::2/23744 
06:14:33.923278 SHUTDOWN flow>4736 srcPort>45851 dst>fd10:43:100::2/23536 
06:14:33.926519 OFF flow>4736 srcPort>45851 dst>fd10:43:100::2/23536 
06:14:34.027585 ON flow>4952 srcPort>33885 dst>fd10:43:100::2/23752 
06:14:34.027897 CONNECT flow>4952 srcPort>33885 dst>fd10:43:100::2/23752 
06:14:34.155809 ON flow>4960 srcPort>40281 dst>fd10:43:100::2/23760 
06:14:34.159224 CONNECT flow>4960 srcPort>40281 dst>fd10:43:100::2/23760 
06:14:34.234181 SHUTDOWN flow>4744 srcPort>34153 dst>fd10:43:100::2/23544 
06:14:34.234697 OFF flow>4744 srcPort>34153 dst>fd10:43:100::2/23544 
06:14:34.401191 ON flow>4968 srcPort>43089 dst>fd10:43:100::2/23768 
06:14:34.401492 CONNECT flow>4968 srcPort>43089 dst>fd10:43:100::2/23768 
06:14:34.403780 SHUTDOWN flow>4752 srcPort>36713 dst>fd10:43:100::2/23552 
06:14:34.404971 OFF flow>4752 srcPort>36713 dst>fd10:43:100::2/23552 
06:14:34.564890 SHUTDOWN flow>4760 srcPort>44841 dst>fd10:43:100::2/23560 
06:14:34.565562 OFF flow>4760 srcPort>44841 dst>fd10:43:100::2/23560 
06:14:34.676382 SHUTDOWN flow>4768 srcPort>44591 dst>fd10:43:100::2/23568 
06:14:34.676871 OFF flow>4768 srcPort>44591 dst>fd10:43:100::2/23568 
06:14:34.869675 SHUTDOWN flow>4776 srcPort>40143 dst>fd10:43:100::2/23576 
06:14:34.872024 OFF flow>4776 srcPort>40143 dst>fd10:43:100::2/23576 
06:14:35.176985 SHUTDOWN flow>4784 srcPort>32857 dst>fd10:43:100::2/23584 
06:14:35.177871 OFF flow>4784 srcPort>32857 dst>fd10:43:100::2/23584 
06:14:35.275266 ON flow>4976 srcPort>39021 dst>fd10:43:100::2/23776 
06:14:35.278302 CONNECT flow>4976 srcPort>39021 dst>fd10:43:100::2/23776 
06:14:35.379173 SHUTDOWN flow>4792 srcPort>39427 dst>fd10:43:100::2/23592 
06:14:35.379552 OFF flow>4792 srcPort>39427 dst>fd10:43:100::2/23592 
06:14:35.439780 ON flow>4984 srcPort>36353 dst>fd10:43:100::2/23784 
06:14:35.440208 CONNECT flow>4984 srcPort>36353 dst>fd10:43:100::2/23784 
06:14:35.469475 SHUTDOWN flow>4800 srcPort>43423 dst>fd10:43:100::2/23600 
06:14:35.469872 OFF flow>4800 srcPort>43423 dst>fd10:43:100::2/23600 
06:14:35.549002 SHUTDOWN flow>4808 srcPort>44811 dst>fd10:43:100::2/23608 
06:14:35.549500 OFF flow>4808 srcPort>44811 dst>fd10:43:100::2/23608 
06:14:35.607172 ON flow>4992 srcPort>38005 dst>fd10:43:100::2/23792 
06:14:35.607700 CONNECT flow>4992 srcPort>38005 dst>fd10:43:100::2/23792 
06:14:35.700281 SHUTDOWN flow>4816 srcPort>38389 dst>fd10:43:100::2/23616 
06:14:35.700766 OFF flow>4816 srcPort>38389 dst>fd10:43:100::2/23616 
06:14:35.797580 SHUTDOWN flow>4824 srcPort>39879 dst>fd10:43:100::2/23624 
06:14:35.797924 OFF flow>4824 srcPort>39879 dst>fd10:43:100::2/23624 
06:14:35.917890 SHUTDOWN flow>4832 srcPort>45417 dst>fd10:43:100::2/23632 
06:14:35.918176 OFF flow>4832 srcPort>45417 dst>fd10:43:100::2/23632 
06:14:35.954694 ON flow>5000 srcPort>46139 dst>fd10:43:100::2/23800 
06:14:35.954968 CONNECT flow>5000 srcPort>46139 dst>fd10:43:100::2/23800 
06:14:36.094664 ON flow>5008 srcPort>37845 dst>fd10:43:100::2/23808 
06:14:36.095083 CONNECT flow>5008 srcPort>37845 dst>fd10:43:100::2/23808 
06:14:36.191983 SHUTDOWN flow>4840 srcPort>33755 dst>fd10:43:100::2/23640 
06:14:36.192379 OFF flow>4840 srcPort>33755 dst>fd10:43:100::2/23640 
06:14:36.213694 ON flow>5016 srcPort>36333 dst>fd10:43:100::2/23816 
06:14:36.216229 CONNECT flow>5016 srcPort>36333 dst>fd10:43:100::2/23816 
06:14:36.388728 ON flow>5024 srcPort>42779 dst>fd10:43:100::2/23824 
06:14:36.389313 CONNECT flow>5024 srcPort>42779 dst>fd10:43:100::2/23824 
06:14:36.410081 SHUTDOWN flow>4848 srcPort>44177 dst>fd10:43:100::2/23648 
06:14:36.411424 OFF flow>4848 srcPort>44177 dst>fd10:43:100::2/23648 
06:14:36.462671 ON flow>5032 srcPort>39531 dst>fd10:43:100::2/23832 
06:14:36.467323 CONNECT flow>5032 srcPort>39531 dst>fd10:43:100::2/23832 
06:14:36.586784 ON flow>5040 srcPort>46075 dst>fd10:43:100::2/23840 
06:14:36.589214 CONNECT flow>5040 srcPort>46075 dst>fd10:43:100::2/23840 
06:14:36.686011 SHUTDOWN flow>4856 srcPort>36497 dst>fd10:43:100::2/23656 
06:14:36.686356 OFF flow>4856 srcPort>36497 dst>fd10:43:100::2/23656 
06:14:36.710095 ON flow>5048 srcPort>37703 dst>fd10:43:100::2/23848 
06:14:36.719780 CONNECT flow>5048 srcPort>37703 dst>fd10:43:100::2/23848 
06:14:36.920022 ON flow>5056 srcPort>44187 dst>fd10:43:100::2/23856 
06:14:36.920457 CONNECT flow>5056 srcPort>44187 dst>fd10:43:100::2/23856 
06:14:36.978034 ON flow>5064 srcPort>45879 dst>fd10:43:100::2/23864 
06:14:36.978505 CONNECT flow>5064 srcPort>45879 dst>fd10:43:100::2/23864 
06:14:37.071098 SHUTDOWN flow>4864 srcPort>41639 dst>fd10:43:100::2/23664 
06:14:37.077741 OFF flow>4864 srcPort>41639 dst>fd10:43:100::2/23664 
06:14:37.244530 ON flow>5072 srcPort>45785 dst>fd10:43:100::2/23872 
06:14:37.244806 CONNECT flow>5072 srcPort>45785 dst>fd10:43:100::2/23872 
06:14:37.245083 SHUTDOWN flow>4872 srcPort>42205 dst>fd10:43:100::2/23672 
06:14:37.245845 OFF flow>4872 srcPort>42205 dst>fd10:43:100::2/23672 
06:14:37.322163 ON flow>5080 srcPort>34691 dst>fd10:43:100::2/23880 
06:14:37.322397 CONNECT flow>5080 srcPort>34691 dst>fd10:43:100::2/23880 
06:14:37.346290 SHUTDOWN flow>4880 srcPort>40521 dst>fd10:43:100::2/23680 
06:14:37.346782 OFF flow>4880 srcPort>40521 dst>fd10:43:100::2/23680 
06:14:37.443486 SHUTDOWN flow>4888 srcPort>43917 dst>fd10:43:100::2/23688 
06:14:37.462225 ON flow>5088 srcPort>34767 dst>fd10:43:100::2/23888 
06:14:37.463390 OFF flow>4888 srcPort>43917 dst>fd10:43:100::2/23688 
06:14:37.471328 CONNECT flow>5088 srcPort>34767 dst>fd10:43:100::2/23888 
06:14:37.543098 SHUTDOWN flow>4896 srcPort>33857 dst>fd10:43:100::2/23696 
06:14:37.544466 OFF flow>4896 srcPort>33857 dst>fd10:43:100::2/23696 
06:14:37.635685 ON flow>5096 srcPort>39163 dst>fd10:43:100::2/23896 
06:14:37.638776 CONNECT flow>5096 srcPort>39163 dst>fd10:43:100::2/23896 
06:14:37.701298 ON flow>5104 srcPort>43091 dst>fd10:43:100::2/23904 
06:14:37.701652 CONNECT flow>5104 srcPort>43091 dst>fd10:43:100::2/23904 
06:14:37.806267 SHUTDOWN flow>4904 srcPort>37171 dst>fd10:43:100::2/23704 
06:14:37.807972 OFF flow>4904 srcPort>37171 dst>fd10:43:100::2/23704 
06:14:37.855097 SHUTDOWN flow>4912 srcPort>35535 dst>fd10:43:100::2/23712 
06:14:37.858666 OFF flow>4912 srcPort>35535 dst>fd10:43:100::2/23712 
06:14:37.899300 ON flow>5112 srcPort>36563 dst>fd10:43:100::2/23912 
06:14:37.903686 CONNECT flow>5112 srcPort>36563 dst>fd10:43:100::2/23912 
06:14:37.993712 SHUTDOWN flow>4920 srcPort>42053 dst>fd10:43:100::2/23720 
06:14:38.004453 OFF flow>4920 srcPort>42053 dst>fd10:43:100::2/23720 
06:14:38.057451 ON flow>5120 srcPort>35303 dst>fd10:43:100::2/23920 
06:14:38.065185 CONNECT flow>5120 srcPort>35303 dst>fd10:43:100::2/23920 
06:14:38.158995 SHUTDOWN flow>4928 srcPort>45981 dst>fd10:43:100::2/23728 
06:14:38.174541 OFF flow>4928 srcPort>45981 dst>fd10:43:100::2/23728 
06:14:38.237469 ON flow>5128 srcPort>39385 dst>fd10:43:100::2/23928 
06:14:38.241930 CONNECT flow>5128 srcPort>39385 dst>fd10:43:100::2/23928 
06:14:38.279535 SHUTDOWN flow>4936 srcPort>34495 dst>fd10:43:100::2/23736 
06:14:38.296838 OFF flow>4936 srcPort>34495 dst>fd10:43:100::2/23736 
06:14:38.439190 ON flow>5136 srcPort>40387 dst>fd10:43:100::2/23936 
06:14:38.442887 CONNECT flow>5136 srcPort>40387 dst>fd10:43:100::2/23936 
06:14:38.522805 SHUTDOWN flow>4944 srcPort>34087 dst>fd10:43:100::2/23744 
06:14:38.560938 OFF flow>4944 srcPort>34087 dst>fd10:43:100::2/23744 
06:14:38.717834 ON flow>5144 srcPort>41935 dst>fd10:43:100::2/23944 
06:14:38.730643 CONNECT flow>5144 srcPort>41935 dst>fd10:43:100::2/23944 
06:14:38.827479 SHUTDOWN flow>4952 srcPort>33885 dst>fd10:43:100::2/23752 
06:14:38.827936 OFF flow>4952 srcPort>33885 dst>fd10:43:100::2/23752 
06:14:38.955580 SHUTDOWN flow>4960 srcPort>40281 dst>fd10:43:100::2/23760 
06:14:38.964326 OFF flow>4960 srcPort>40281 dst>fd10:43:100::2/23760 
06:14:39.043977 ON flow>5152 srcPort>43795 dst>fd10:43:100::2/23952 
06:14:39.048480 CONNECT flow>5152 srcPort>43795 dst>fd10:43:100::2/23952 
06:14:39.201078 SHUTDOWN flow>4968 srcPort>43089 dst>fd10:43:100::2/23768 
06:14:39.211523 OFF flow>4968 srcPort>43089 dst>fd10:43:100::2/23768 
06:14:39.235923 ON flow>5160 srcPort>44771 dst>fd10:43:100::2/23960 
06:14:39.236278 CONNECT flow>5160 srcPort>44771 dst>fd10:43:100::2/23960 
06:14:39.294728 ON flow>5168 srcPort>38077 dst>fd10:43:100::2/23968 
06:14:39.295012 CONNECT flow>5168 srcPort>38077 dst>fd10:43:100::2/23968 
06:14:39.435071 ON flow>5176 srcPort>34107 dst>fd10:43:100::2/23976 
06:14:39.449627 CONNECT flow>5176 srcPort>34107 dst>fd10:43:100::2/23976 
06:14:39.517775 ON flow>5184 srcPort>44565 dst>fd10:43:100::2/23984 
06:14:39.518141 CONNECT flow>5184 srcPort>44565 dst>fd10:43:100::2/23984 
06:14:39.603965 ON flow>5192 srcPort>36719 dst>fd10:43:100::2/23992 
06:14:39.604406 CONNECT flow>5192 srcPort>36719 dst>fd10:43:100::2/23992 
06:14:39.691174 ON flow>5200 srcPort>43559 dst>fd10:43:100::2/24000 
06:14:39.691705 CONNECT flow>5200 srcPort>43559 dst>fd10:43:100::2/24000 
06:14:39.831622 ON flow>5208 srcPort>42431 dst>fd10:43:100::2/24008 
06:14:39.843804 CONNECT flow>5208 srcPort>42431 dst>fd10:43:100::2/24008 
06:14:39.901910 ON flow>5216 srcPort>46279 dst>fd10:43:100::2/24016 
06:14:39.907693 CONNECT flow>5216 srcPort>46279 dst>fd10:43:100::2/24016 
06:14:40.037513 ON flow>5224 srcPort>43517 dst>fd10:43:100::2/24024 
06:14:40.054774 CONNECT flow>5224 srcPort>43517 dst>fd10:43:100::2/24024 
06:14:40.075101 SHUTDOWN flow>4976 srcPort>39021 dst>fd10:43:100::2/23776 
06:14:40.084904 OFF flow>4976 srcPort>39021 dst>fd10:43:100::2/23776 
06:14:40.114441 ON flow>5232 srcPort>40695 dst>fd10:43:100::2/24032 
06:14:40.126697 CONNECT flow>5232 srcPort>40695 dst>fd10:43:100::2/24032 
06:14:40.235072 ON flow>5240 srcPort>43617 dst>fd10:43:100::2/24040 
06:14:40.238728 CONNECT flow>5240 srcPort>43617 dst>fd10:43:100::2/24040 
06:14:40.239725 SHUTDOWN flow>4984 srcPort>36353 dst>fd10:43:100::2/23784 
06:14:40.310750 OFF flow>4984 srcPort>36353 dst>fd10:43:100::2/23784 
06:14:40.373791 ON flow>5248 srcPort>43841 dst>fd10:43:100::2/24048 
06:14:40.396159 CONNECT flow>5248 srcPort>43841 dst>fd10:43:100::2/24048 
06:14:40.407104 SHUTDOWN flow>4992 srcPort>38005 dst>fd10:43:100::2/23792 
06:14:40.489498 OFF flow>4992 srcPort>38005 dst>fd10:43:100::2/23792 
06:14:40.521186 ON flow>5256 srcPort>40641 dst>fd10:43:100::2/24056 
06:14:40.535703 CONNECT flow>5256 srcPort>40641 dst>fd10:43:100::2/24056 
06:14:40.754596 SHUTDOWN flow>5000 srcPort>46139 dst>fd10:43:100::2/23800 
06:14:40.860010 OFF flow>5000 srcPort>46139 dst>fd10:43:100::2/23800 
06:14:40.894629 SHUTDOWN flow>5008 srcPort>37845 dst>fd10:43:100::2/23808 
06:14:40.994728 ON flow>5264 srcPort>35527 dst>fd10:43:100::2/24064 
06:14:41.009460 CONNECT flow>5264 srcPort>35527 dst>fd10:43:100::2/24064 
06:14:41.013617 SHUTDOWN flow>5016 srcPort>36333 dst>fd10:43:100::2/23816 
06:14:41.116165 OFF flow>5016 srcPort>36333 dst>fd10:43:100::2/23816 
06:14:41.142287 OFF flow>5008 srcPort>37845 dst>fd10:43:100::2/23808 
06:14:41.188642 SHUTDOWN flow>5024 srcPort>42779 dst>fd10:43:100::2/23824 
06:14:41.262615 SHUTDOWN flow>5032 srcPort>39531 dst>fd10:43:100::2/23832 
06:14:41.386702 SHUTDOWN flow>5040 srcPort>46075 dst>fd10:43:100::2/23840 
06:14:41.434569 ON flow>5272 srcPort>41697 dst>fd10:43:100::2/24072 
06:14:41.452578 CONNECT flow>5272 srcPort>41697 dst>fd10:43:100::2/24072 
06:14:41.455580 OFF flow>5032 srcPort>39531 dst>fd10:43:100::2/23832 
06:14:41.477868 OFF flow>5024 srcPort>42779 dst>fd10:43:100::2/23824 
06:14:41.583169 ON flow>5280 srcPort>46685 dst>fd10:43:100::2/24080 
06:14:41.588652 CONNECT flow>5280 srcPort>46685 dst>fd10:43:100::2/24080 
06:14:41.720337 OFF flow>5040 srcPort>46075 dst>fd10:43:100::2/23840 
06:14:41.757292 ON flow>5288 srcPort>41391 dst>fd10:43:100::2/24088 
06:14:41.765358 CONNECT flow>5288 srcPort>41391 dst>fd10:43:100::2/24088 
06:14:41.777994 SHUTDOWN flow>5064 srcPort>45879 dst>fd10:43:100::2/23864 
06:14:41.808784 SHUTDOWN flow>5056 srcPort>44187 dst>fd10:43:100::2/23856 
06:14:41.862693 ON flow>5296 srcPort>33001 dst>fd10:43:100::2/24096 
06:14:41.879705 CONNECT flow>5296 srcPort>33001 dst>fd10:43:100::2/24096 
06:14:41.948689 ON flow>5304 srcPort>46147 dst>fd10:43:100::2/24104 
06:14:41.961098 CONNECT flow>5304 srcPort>46147 dst>fd10:43:100::2/24104 
06:14:42.044388 SHUTDOWN flow>5072 srcPort>45785 dst>fd10:43:100::2/23872 
06:14:42.073188 ON flow>5312 srcPort>40307 dst>fd10:43:100::2/24112 
06:14:42.085404 CONNECT flow>5312 srcPort>40307 dst>fd10:43:100::2/24112 
06:14:42.107631 OFF flow>5056 srcPort>44187 dst>fd10:43:100::2/23856 
06:14:42.122114 SHUTDOWN flow>5080 srcPort>34691 dst>fd10:43:100::2/23880 
06:14:42.138474 ON flow>5320 srcPort>41689 dst>fd10:43:100::2/24120 
06:14:42.147794 CONNECT flow>5320 srcPort>41689 dst>fd10:43:100::2/24120 
06:14:42.262183 SHUTDOWN flow>5088 srcPort>34767 dst>fd10:43:100::2/23888 
06:14:42.272625 ON flow>5328 srcPort>43797 dst>fd10:43:100::2/24128 
06:14:42.290869 CONNECT flow>5328 srcPort>43797 dst>fd10:43:100::2/24128 
06:14:42.405994 OFF flow>5064 srcPort>45879 dst>fd10:43:100::2/23864 
06:14:42.435609 SHUTDOWN flow>5096 srcPort>39163 dst>fd10:43:100::2/23896 
06:14:42.446668 SHUTDOWN flow>5048 srcPort>37703 dst>fd10:43:100::2/23848 
06:14:42.501192 SHUTDOWN flow>5104 srcPort>43091 dst>fd10:43:100::2/23904 
06:14:42.509713 OFF flow>5080 srcPort>34691 dst>fd10:43:100::2/23880 
06:14:42.530609 ON flow>5336 srcPort>46215 dst>fd10:43:100::2/24136 
06:14:42.533298 CONNECT flow>5336 srcPort>46215 dst>fd10:43:100::2/24136 
06:14:42.635240 OFF flow>5072 srcPort>45785 dst>fd10:43:100::2/23872 
06:14:42.699198 SHUTDOWN flow>5112 srcPort>36563 dst>fd10:43:100::2/23912 
06:14:42.704024 OFF flow>5088 srcPort>34767 dst>fd10:43:100::2/23888 
06:14:42.720126 ON flow>5344 srcPort>45029 dst>fd10:43:100::2/24144 
06:14:42.738193 CONNECT flow>5344 srcPort>45029 dst>fd10:43:100::2/24144 
06:14:42.804384 ON flow>5352 srcPort>45279 dst>fd10:43:100::2/24152 
06:14:42.823710 CONNECT flow>5352 srcPort>45279 dst>fd10:43:100::2/24152 
06:14:42.878482 SHUTDOWN flow>5120 srcPort>35303 dst>fd10:43:100::2/23920 
06:14:42.891934 ON flow>5360 srcPort>40115 dst>fd10:43:100::2/24160 
06:14:42.898084 CONNECT flow>5360 srcPort>40115 dst>fd10:43:100::2/24160 
06:14:43.012105 ON flow>5368 srcPort>41655 dst>fd10:43:100::2/24168 
06:14:43.021528 CONNECT flow>5368 srcPort>41655 dst>fd10:43:100::2/24168 
06:14:43.086345 ON flow>5376 srcPort>34651 dst>fd10:43:100::2/24176 
06:14:43.091495 CONNECT flow>5376 srcPort>34651 dst>fd10:43:100::2/24176 
06:14:43.105864 OFF flow>5104 srcPort>43091 dst>fd10:43:100::2/23904 
06:14:43.188414 ON flow>5384 srcPort>38505 dst>fd10:43:100::2/24184 
06:14:43.198520 CONNECT flow>5384 srcPort>38505 dst>fd10:43:100::2/24184 
06:14:43.223207 OFF flow>5096 srcPort>39163 dst>fd10:43:100::2/23896 
06:14:43.239117 SHUTDOWN flow>5136 srcPort>40387 dst>fd10:43:100::2/23936 
06:14:43.255408 ON flow>5392 srcPort>38079 dst>fd10:43:100::2/24192 
06:14:43.261229 CONNECT flow>5392 srcPort>38079 dst>fd10:43:100::2/24192 
06:14:43.294885 SHUTDOWN flow>5128 srcPort>39385 dst>fd10:43:100::2/23928 
06:14:43.303724 OFF flow>5120 srcPort>35303 dst>fd10:43:100::2/23920 
06:14:43.338543 ON flow>5400 srcPort>42145 dst>fd10:43:100::2/24200 
06:14:43.348328 CONNECT flow>5400 srcPort>42145 dst>fd10:43:100::2/24200 
06:14:43.371031 OFF flow>5048 srcPort>37703 dst>fd10:43:100::2/23848 
06:14:43.476346 OFF flow>5112 srcPort>36563 dst>fd10:43:100::2/23912 
06:14:43.573541 ON flow>5408 srcPort>40551 dst>fd10:43:100::2/24208 
06:14:43.583034 CONNECT flow>5408 srcPort>40551 dst>fd10:43:100::2/24208 
06:14:43.653387 ON flow>5416 srcPort>43329 dst>fd10:43:100::2/24216 
06:14:43.678257 CONNECT flow>5416 srcPort>43329 dst>fd10:43:100::2/24216 
06:14:43.843593 SHUTDOWN flow>5152 srcPort>43795 dst>fd10:43:100::2/23952 
06:14:43.861524 ON flow>5424 srcPort>36027 dst>fd10:43:100::2/24224 
06:14:43.874836 CONNECT flow>5424 srcPort>36027 dst>fd10:43:100::2/24224 
06:14:43.964540 ON flow>5432 srcPort>45503 dst>fd10:43:100::2/24232 
06:14:43.980185 CONNECT flow>5432 srcPort>45503 dst>fd10:43:100::2/24232 
06:14:44.039950 SHUTDOWN flow>5144 srcPort>41935 dst>fd10:43:100::2/23944 
06:14:44.050275 OFF flow>5136 srcPort>40387 dst>fd10:43:100::2/23936 
06:14:44.080320 ON flow>5440 srcPort>36485 dst>fd10:43:100::2/24240 
06:14:44.092242 CONNECT flow>5440 srcPort>36485 dst>fd10:43:100::2/24240 
06:14:44.235046 SHUTDOWN flow>5176 srcPort>34107 dst>fd10:43:100::2/23976 
06:14:44.245429 ON flow>5448 srcPort>34911 dst>fd10:43:100::2/24248 
06:14:44.265331 CONNECT flow>5448 srcPort>34911 dst>fd10:43:100::2/24248 
06:14:44.317620 SHUTDOWN flow>5184 srcPort>44565 dst>fd10:43:100::2/23984 
06:14:44.399958 SHUTDOWN flow>5160 srcPort>44771 dst>fd10:43:100::2/23960 
06:14:44.403908 SHUTDOWN flow>5192 srcPort>36719 dst>fd10:43:100::2/23992 
06:14:44.470699 ON flow>5456 srcPort>35743 dst>fd10:43:100::2/24256 
06:14:44.480162 CONNECT flow>5456 srcPort>35743 dst>fd10:43:100::2/24256 
06:14:44.490267 SHUTDOWN flow>5168 srcPort>38077 dst>fd10:43:100::2/23968 
06:14:44.583463 OFF flow>5128 srcPort>39385 dst>fd10:43:100::2/23928 
06:14:44.623314 OFF flow>5152 srcPort>43795 dst>fd10:43:100::2/23952 
06:14:44.646943 ON flow>5464 srcPort>37393 dst>fd10:43:100::2/24264 
06:14:44.660330 CONNECT flow>5464 srcPort>37393 dst>fd10:43:100::2/24264 
06:14:44.701823 SHUTDOWN flow>5216 srcPort>46279 dst>fd10:43:100::2/24016 
06:14:44.706209 SHUTDOWN flow>5208 srcPort>42431 dst>fd10:43:100::2/24008 
06:14:44.722398 SHUTDOWN flow>5200 srcPort>43559 dst>fd10:43:100::2/24000 
06:14:44.798962 ON flow>5472 srcPort>36049 dst>fd10:43:100::2/24272 
06:14:44.810138 CONNECT flow>5472 srcPort>36049 dst>fd10:43:100::2/24272 
06:14:44.944265 SHUTDOWN flow>5232 srcPort>40695 dst>fd10:43:100::2/24032 
06:14:44.959032 SHUTDOWN flow>5224 srcPort>43517 dst>fd10:43:100::2/24024 
06:14:45.001135 OFF flow>5176 srcPort>34107 dst>fd10:43:100::2/23976 
06:14:45.024196 ON flow>5480 srcPort>42991 dst>fd10:43:100::2/24280 
06:14:45.034893 SHUTDOWN flow>5240 srcPort>43617 dst>fd10:43:100::2/24040 
06:14:45.097660 OFF flow>5208 srcPort>42431 dst>fd10:43:100::2/24008 
06:14:45.143850 OFF flow>5160 srcPort>44771 dst>fd10:43:100::2/23960 
06:14:45.156029 OFF flow>5192 srcPort>36719 dst>fd10:43:100::2/23992 
06:14:45.172477 OFF flow>5216 srcPort>46279 dst>fd10:43:100::2/24016 
06:14:45.188342 OFF flow>5184 srcPort>44565 dst>fd10:43:100::2/23984 
06:14:45.227562 SHUTDOWN flow>5248 srcPort>43841 dst>fd10:43:100::2/24048 
06:14:45.241668 ON flow>5488 srcPort>42633 dst>fd10:43:100::2/24288 
06:14:45.249200 CONNECT flow>5488 srcPort>42633 dst>fd10:43:100::2/24288 
06:14:45.256578 OFF flow>5232 srcPort>40695 dst>fd10:43:100::2/24032 
06:14:45.271332 OFF flow>5224 srcPort>43517 dst>fd10:43:100::2/24024 
06:14:45.342179 OFF flow>5200 srcPort>43559 dst>fd10:43:100::2/24000 
06:14:45.380609 ON flow>5496 srcPort>39965 dst>fd10:43:100::2/24296 
06:14:45.383886 SHUTDOWN flow>5256 srcPort>40641 dst>fd10:43:100::2/24056 
06:14:45.394217 CONNECT flow>5496 srcPort>39965 dst>fd10:43:100::2/24296 
06:14:45.479529 OFF flow>5248 srcPort>43841 dst>fd10:43:100::2/24048 
06:14:45.512443 OFF flow>5168 srcPort>38077 dst>fd10:43:100::2/23968 
06:14:45.513553 OFF flow>5240 srcPort>43617 dst>fd10:43:100::2/24040 
06:14:45.548388 ON flow>5504 srcPort>46791 dst>fd10:43:100::2/24304 
06:14:45.572190 CONNECT flow>5504 srcPort>46791 dst>fd10:43:100::2/24304 
06:14:45.741853 OFF flow>5256 srcPort>40641 dst>fd10:43:100::2/24056 
06:14:45.794508 SHUTDOWN flow>5264 srcPort>35527 dst>fd10:43:100::2/24064 
06:14:45.801835 ON flow>5512 srcPort>41485 dst>fd10:43:100::2/24312 
06:14:45.823865 CONNECT flow>5512 srcPort>41485 dst>fd10:43:100::2/24312 
06:14:45.885665 ON flow>5520 srcPort>37855 dst>fd10:43:100::2/24320 
06:14:45.891735 CONNECT flow>5520 srcPort>37855 dst>fd10:43:100::2/24320 
06:14:45.988322 ON flow>5528 srcPort>36327 dst>fd10:43:100::2/24328 
06:14:45.992587 CONNECT flow>5528 srcPort>36327 dst>fd10:43:100::2/24328 
06:14:46.060995 CONNECT flow>5480 srcPort>42991 dst>fd10:43:100::2/24280 
06:14:46.104909 OFF flow>5264 srcPort>35527 dst>fd10:43:100::2/24064 
06:14:46.121857 ON flow>5536 srcPort>42609 dst>fd10:43:100::2/24336 
06:14:46.134616 CONNECT flow>5536 srcPort>42609 dst>fd10:43:100::2/24336 
06:14:46.206462 OFF flow>5144 srcPort>41935 dst>fd10:43:100::2/23944 
06:14:46.234404 SHUTDOWN flow>5272 srcPort>41697 dst>fd10:43:100::2/24072 
06:14:46.393231 ON flow>5544 srcPort>35643 dst>fd10:43:100::2/24344 
06:14:46.410704 CONNECT flow>5544 srcPort>35643 dst>fd10:43:100::2/24344 
06:14:46.426446 OFF flow>5272 srcPort>41697 dst>fd10:43:100::2/24072 
06:14:46.509953 SHUTDOWN flow>5280 srcPort>46685 dst>fd10:43:100::2/24080 
06:14:46.551233 ON flow>5552 srcPort>42457 dst>fd10:43:100::2/24352 
06:14:46.561398 CONNECT flow>5552 srcPort>42457 dst>fd10:43:100::2/24352 
06:14:46.662503 SHUTDOWN flow>5296 srcPort>33001 dst>fd10:43:100::2/24096 
06:14:46.682050 ON flow>5560 srcPort>33511 dst>fd10:43:100::2/24360 
06:14:46.686087 SHUTDOWN flow>5288 srcPort>41391 dst>fd10:43:100::2/24088 
06:14:46.686289 CONNECT flow>5560 srcPort>33511 dst>fd10:43:100::2/24360 
06:14:46.748524 SHUTDOWN flow>5304 srcPort>46147 dst>fd10:43:100::2/24104 
06:14:46.779477 ON flow>5568 srcPort>46157 dst>fd10:43:100::2/24368 
06:14:46.791265 CONNECT flow>5568 srcPort>46157 dst>fd10:43:100::2/24368 
06:14:46.803560 OFF flow>5280 srcPort>46685 dst>fd10:43:100::2/24080 
06:14:46.873036 SHUTDOWN flow>5312 srcPort>40307 dst>fd10:43:100::2/24112 
06:14:46.873453 ON flow>5576 srcPort>40713 dst>fd10:43:100::2/24376 
06:14:46.886175 CONNECT flow>5576 srcPort>40713 dst>fd10:43:100::2/24376 
06:14:46.907501 ON flow>5584 srcPort>43907 dst>fd10:43:100::2/24384 
06:14:46.918437 OFF flow>5296 srcPort>33001 dst>fd10:43:100::2/24096 
06:14:46.919200 CONNECT flow>5584 srcPort>43907 dst>fd10:43:100::2/24384 
06:14:46.938340 SHUTDOWN flow>5320 srcPort>41689 dst>fd10:43:100::2/24120 
06:14:46.952902 ON flow>5592 srcPort>44461 dst>fd10:43:100::2/24392 
06:14:46.967062 CONNECT flow>5592 srcPort>44461 dst>fd10:43:100::2/24392 
06:14:47.002737 OFF flow>5304 srcPort>46147 dst>fd10:43:100::2/24104 
06:14:47.031276 ON flow>5600 srcPort>34751 dst>fd10:43:100::2/24400 
06:14:47.043840 CONNECT flow>5600 srcPort>34751 dst>fd10:43:100::2/24400 
06:14:47.108345 SHUTDOWN flow>5328 srcPort>43797 dst>fd10:43:100::2/24128 
06:14:47.124714 ON flow>5608 srcPort>34771 dst>fd10:43:100::2/24408 
06:14:47.137926 CONNECT flow>5608 srcPort>34771 dst>fd10:43:100::2/24408 
06:14:47.180585 ON flow>5616 srcPort>34793 dst>fd10:43:100::2/24416 
06:14:47.193434 CONNECT flow>5616 srcPort>34793 dst>fd10:43:100::2/24416 
06:14:47.221107 OFF flow>5312 srcPort>40307 dst>fd10:43:100::2/24112 
06:14:47.235051 OFF flow>5288 srcPort>41391 dst>fd10:43:100::2/24088 
06:14:47.303228 ON flow>5624 srcPort>34187 dst>fd10:43:100::2/24424 
06:14:47.303999 OFF flow>5328 srcPort>43797 dst>fd10:43:100::2/24128 
06:14:47.335919 SHUTDOWN flow>5336 srcPort>46215 dst>fd10:43:100::2/24136 
06:14:47.350598 OFF flow>5320 srcPort>41689 dst>fd10:43:100::2/24120 
06:14:47.378766 CONNECT flow>5624 srcPort>34187 dst>fd10:43:100::2/24424 
06:14:47.488664 ON flow>5632 srcPort>46107 dst>fd10:43:100::2/24432 
06:14:47.500192 CONNECT flow>5632 srcPort>46107 dst>fd10:43:100::2/24432 
06:14:47.519934 SHUTDOWN flow>5344 srcPort>45029 dst>fd10:43:100::2/24144 
06:14:47.604261 SHUTDOWN flow>5352 srcPort>45279 dst>fd10:43:100::2/24152 
06:14:47.609990 OFF flow>5336 srcPort>46215 dst>fd10:43:100::2/24136 
06:14:47.649686 ON flow>5640 srcPort>41227 dst>fd10:43:100::2/24440 
06:14:47.669961 CONNECT flow>5640 srcPort>41227 dst>fd10:43:100::2/24440 
06:14:47.691835 SHUTDOWN flow>5360 srcPort>40115 dst>fd10:43:100::2/24160 
06:14:47.805041 ON flow>5648 srcPort>44699 dst>fd10:43:100::2/24448 
06:14:47.812029 SHUTDOWN flow>5368 srcPort>41655 dst>fd10:43:100::2/24168 
06:14:47.818062 CONNECT flow>5648 srcPort>44699 dst>fd10:43:100::2/24448 
06:14:47.824292 OFF flow>5344 srcPort>45029 dst>fd10:43:100::2/24144 
06:14:47.879351 ON flow>5656 srcPort>35001 dst>fd10:43:100::2/24456 
06:14:47.886206 SHUTDOWN flow>5376 srcPort>34651 dst>fd10:43:100::2/24176 
06:14:47.888180 CONNECT flow>5656 srcPort>35001 dst>fd10:43:100::2/24456 
06:14:47.923407 OFF flow>5352 srcPort>45279 dst>fd10:43:100::2/24152 
06:14:47.938310 OFF flow>5360 srcPort>40115 dst>fd10:43:100::2/24160 
06:14:47.954447 ON flow>5664 srcPort>41573 dst>fd10:43:100::2/24464 
06:14:47.964065 CONNECT flow>5664 srcPort>41573 dst>fd10:43:100::2/24464 
06:14:47.998387 ON flow>5672 srcPort>42459 dst>fd10:43:100::2/24472 
06:14:48.009709 CONNECT flow>5672 srcPort>42459 dst>fd10:43:100::2/24472 
06:14:48.034114 SHUTDOWN flow>5384 srcPort>38505 dst>fd10:43:100::2/24184 
06:14:48.045605 ON flow>5680 srcPort>34705 dst>fd10:43:100::2/24480 
06:14:48.050695 CONNECT flow>5680 srcPort>34705 dst>fd10:43:100::2/24480 
06:14:48.101067 ON flow>5688 srcPort>33069 dst>fd10:43:100::2/24488 
06:14:48.108005 CONNECT flow>5688 srcPort>33069 dst>fd10:43:100::2/24488 
06:14:48.138041 SHUTDOWN flow>5392 srcPort>38079 dst>fd10:43:100::2/24192 
06:14:48.154327 ON flow>5696 srcPort>40121 dst>fd10:43:100::2/24496 
06:14:48.160183 CONNECT flow>5696 srcPort>40121 dst>fd10:43:100::2/24496 
06:14:48.185330 OFF flow>5376 srcPort>34651 dst>fd10:43:100::2/24176 
06:14:48.191352 OFF flow>5368 srcPort>41655 dst>fd10:43:100::2/24168 
06:14:48.221394 ON flow>5704 srcPort>37147 dst>fd10:43:100::2/24504 
06:14:48.227433 CONNECT flow>5704 srcPort>37147 dst>fd10:43:100::2/24504 
06:14:48.238939 SHUTDOWN flow>5400 srcPort>42145 dst>fd10:43:100::2/24200 
06:14:48.314304 ON flow>5712 srcPort>33995 dst>fd10:43:100::2/24512 
06:14:48.327675 CONNECT flow>5712 srcPort>33995 dst>fd10:43:100::2/24512 
06:14:48.373147 SHUTDOWN flow>5408 srcPort>40551 dst>fd10:43:100::2/24208 
06:14:48.431062 OFF flow>5392 srcPort>38079 dst>fd10:43:100::2/24192 
06:14:48.453210 SHUTDOWN flow>5416 srcPort>43329 dst>fd10:43:100::2/24216 
06:14:48.466898 ON flow>5720 srcPort>35323 dst>fd10:43:100::2/24520 
06:14:48.480891 OFF flow>5384 srcPort>38505 dst>fd10:43:100::2/24184 
06:14:48.493303 CONNECT flow>5720 srcPort>35323 dst>fd10:43:100::2/24520 
06:14:48.535104 OFF flow>5400 srcPort>42145 dst>fd10:43:100::2/24200 
06:14:48.661281 OFF flow>5416 srcPort>43329 dst>fd10:43:100::2/24216 
06:14:48.667318 ON flow>5728 srcPort>33171 dst>fd10:43:100::2/24528 
06:14:48.679405 OFF flow>5408 srcPort>40551 dst>fd10:43:100::2/24208 
06:14:48.692420 CONNECT flow>5728 srcPort>33171 dst>fd10:43:100::2/24528 
06:14:48.795738 ON flow>5736 srcPort>41161 dst>fd10:43:100::2/24536 
06:14:48.801557 CONNECT flow>5736 srcPort>41161 dst>fd10:43:100::2/24536 
06:14:48.808147 SHUTDOWN flow>5432 srcPort>45503 dst>fd10:43:100::2/24232 
06:14:48.880116 SHUTDOWN flow>5440 srcPort>36485 dst>fd10:43:100::2/24240 
06:14:48.932349 SHUTDOWN flow>5424 srcPort>36027 dst>fd10:43:100::2/24224 
06:14:49.001072 ON flow>5744 srcPort>42463 dst>fd10:43:100::2/24544 
06:14:49.005767 OFF flow>5432 srcPort>45503 dst>fd10:43:100::2/24232 
06:14:49.019220 CONNECT flow>5744 srcPort>42463 dst>fd10:43:100::2/24544 
06:14:49.045343 SHUTDOWN flow>5448 srcPort>34911 dst>fd10:43:100::2/24248 
06:14:49.079631 ON flow>5752 srcPort>37075 dst>fd10:43:100::2/24552 
06:14:49.108558 CONNECT flow>5752 srcPort>37075 dst>fd10:43:100::2/24552 
06:14:49.111336 OFF flow>5440 srcPort>36485 dst>fd10:43:100::2/24240 
06:14:49.166994 ON flow>5760 srcPort>43057 dst>fd10:43:100::2/24560 
06:14:49.201145 CONNECT flow>5760 srcPort>43057 dst>fd10:43:100::2/24560 
06:14:49.312766 ON flow>5768 srcPort>45151 dst>fd10:43:100::2/24568 
06:14:49.358199 CONNECT flow>5768 srcPort>45151 dst>fd10:43:100::2/24568 
06:14:49.369233 SHUTDOWN flow>5456 srcPort>35743 dst>fd10:43:100::2/24256 
06:14:49.383714 OFF flow>5448 srcPort>34911 dst>fd10:43:100::2/24248 
06:14:49.400610 ON flow>5776 srcPort>39937 dst>fd10:43:100::2/24576 
06:14:49.430638 OFF flow>5424 srcPort>36027 dst>fd10:43:100::2/24224 
06:14:49.435601 CONNECT flow>5776 srcPort>39937 dst>fd10:43:100::2/24576 
06:14:49.446827 SHUTDOWN flow>5464 srcPort>37393 dst>fd10:43:100::2/24264 
06:14:49.536294 OFF flow>5456 srcPort>35743 dst>fd10:43:100::2/24256 
06:14:49.546945 ON flow>5784 srcPort>38731 dst>fd10:43:100::2/24584 
06:14:49.586517 CONNECT flow>5784 srcPort>38731 dst>fd10:43:100::2/24584 
06:14:49.598827 SHUTDOWN flow>5472 srcPort>36049 dst>fd10:43:100::2/24272 
06:14:49.663910 OFF flow>5464 srcPort>37393 dst>fd10:43:100::2/24264 
06:14:49.703658 ON flow>5792 srcPort>40437 dst>fd10:43:100::2/24592 
06:14:49.746803 CONNECT flow>5792 srcPort>40437 dst>fd10:43:100::2/24592 
06:14:49.789182 OFF flow>5472 srcPort>36049 dst>fd10:43:100::2/24272 
06:14:49.812480 ON flow>5800 srcPort>34929 dst>fd10:43:100::2/24600 
06:14:49.858227 CONNECT flow>5800 srcPort>34929 dst>fd10:43:100::2/24600 
06:14:49.870577 ON flow>5808 srcPort>38095 dst>fd10:43:100::2/24608 
06:14:49.920348 CONNECT flow>5808 srcPort>38095 dst>fd10:43:100::2/24608 
06:14:50.041425 SHUTDOWN flow>5488 srcPort>42633 dst>fd10:43:100::2/24288 
06:14:50.047961 ON flow>5816 srcPort>40979 dst>fd10:43:100::2/24616 
06:14:50.083932 CONNECT flow>5816 srcPort>40979 dst>fd10:43:100::2/24616 
06:14:50.213046 ON flow>5824 srcPort>38911 dst>fd10:43:100::2/24624 
06:14:50.219303 CONNECT flow>5824 srcPort>38911 dst>fd10:43:100::2/24624 
06:14:50.290631 SHUTDOWN flow>5496 srcPort>39965 dst>fd10:43:100::2/24296 
06:14:50.348223 SHUTDOWN flow>5504 srcPort>46791 dst>fd10:43:100::2/24304 
06:14:50.423287 OFF flow>5488 srcPort>42633 dst>fd10:43:100::2/24288 
06:14:50.536676 OFF flow>5496 srcPort>39965 dst>fd10:43:100::2/24296 
06:14:50.602110 ON flow>5832 srcPort>36461 dst>fd10:43:100::2/24632 
06:14:50.615551 CONNECT flow>5832 srcPort>36461 dst>fd10:43:100::2/24632 
06:14:50.661161 OFF flow>5504 srcPort>46791 dst>fd10:43:100::2/24304 
06:14:50.683885 SHUTDOWN flow>5512 srcPort>41485 dst>fd10:43:100::2/24312 
06:14:50.685576 SHUTDOWN flow>5520 srcPort>37855 dst>fd10:43:100::2/24320 
06:14:50.788164 SHUTDOWN flow>5528 srcPort>36327 dst>fd10:43:100::2/24328 
06:14:50.830729 SHUTDOWN flow>5480 srcPort>42991 dst>fd10:43:100::2/24280 
06:14:50.921735 SHUTDOWN flow>5536 srcPort>42609 dst>fd10:43:100::2/24336 
06:14:50.981994 OFF flow>5528 srcPort>36327 dst>fd10:43:100::2/24328 
06:14:50.992630 ON flow>5840 srcPort>39967 dst>fd10:43:100::2/24640 
06:14:51.009887 CONNECT flow>5840 srcPort>39967 dst>fd10:43:100::2/24640 
06:14:51.084337 OFF flow>5512 srcPort>41485 dst>fd10:43:100::2/24312 
06:14:51.188403 OFF flow>5520 srcPort>37855 dst>fd10:43:100::2/24320 
06:14:51.194356 ON flow>5848 srcPort>35101 dst>fd10:43:100::2/24648 
06:14:51.203285 CONNECT flow>5848 srcPort>35101 dst>fd10:43:100::2/24648 
06:14:51.212999 OFF flow>5480 srcPort>42991 dst>fd10:43:100::2/24280 
06:14:51.249178 SHUTDOWN flow>5544 srcPort>35643 dst>fd10:43:100::2/24344 
06:14:51.288232 OFF flow>5536 srcPort>42609 dst>fd10:43:100::2/24336 
06:14:51.330225 ON flow>5856 srcPort>43325 dst>fd10:43:100::2/24656 
06:14:51.351019 SHUTDOWN flow>5552 srcPort>42457 dst>fd10:43:100::2/24352 
06:14:51.356631 CONNECT flow>5856 srcPort>43325 dst>fd10:43:100::2/24656 
06:14:51.428507 ON flow>5864 srcPort>33655 dst>fd10:43:100::2/24664 
06:14:51.438001 CONNECT flow>5864 srcPort>33655 dst>fd10:43:100::2/24664 
06:14:51.481933 SHUTDOWN flow>5560 srcPort>33511 dst>fd10:43:100::2/24360 
06:14:51.519669 OFF flow>5544 srcPort>35643 dst>fd10:43:100::2/24344 
06:14:51.524950 ON flow>5872 srcPort>42123 dst>fd10:43:100::2/24672 
06:14:51.543165 CONNECT flow>5872 srcPort>42123 dst>fd10:43:100::2/24672 
06:14:51.579399 SHUTDOWN flow>5568 srcPort>46157 dst>fd10:43:100::2/24368 
06:14:51.599165 OFF flow>5552 srcPort>42457 dst>fd10:43:100::2/24352 
06:14:51.613810 ON flow>5880 srcPort>38491 dst>fd10:43:100::2/24680 
06:14:51.636850 CONNECT flow>5880 srcPort>38491 dst>fd10:43:100::2/24680 
06:14:51.673349 SHUTDOWN flow>5576 srcPort>40713 dst>fd10:43:100::2/24376 
06:14:51.707411 SHUTDOWN flow>5584 srcPort>43907 dst>fd10:43:100::2/24384 
06:14:51.708431 ON flow>5888 srcPort>35397 dst>fd10:43:100::2/24688 
06:14:51.736374 CONNECT flow>5888 srcPort>35397 dst>fd10:43:100::2/24688 
06:14:51.784508 OFF flow>5560 srcPort>33511 dst>fd10:43:100::2/24360 
06:14:51.790297 SHUTDOWN flow>5592 srcPort>44461 dst>fd10:43:100::2/24392 
06:14:51.831080 SHUTDOWN flow>5600 srcPort>34751 dst>fd10:43:100::2/24400 
06:14:51.847527 ON flow>5896 srcPort>34557 dst>fd10:43:100::2/24696 
06:14:51.876771 CONNECT flow>5896 srcPort>34557 dst>fd10:43:100::2/24696 
06:14:51.898667 OFF flow>5568 srcPort>46157 dst>fd10:43:100::2/24368 
06:14:51.980417 SHUTDOWN flow>5616 srcPort>34793 dst>fd10:43:100::2/24416 
06:14:51.990978 ON flow>5904 srcPort>36565 dst>fd10:43:100::2/24704 
06:14:51.998972 CONNECT flow>5904 srcPort>36565 dst>fd10:43:100::2/24704 
06:14:51.999693 OFF flow>5576 srcPort>40713 dst>fd10:43:100::2/24376 
06:14:52.001893 OFF flow>5584 srcPort>43907 dst>fd10:43:100::2/24384 
06:14:52.014761 OFF flow>5592 srcPort>44461 dst>fd10:43:100::2/24392 
06:14:52.016752 OFF flow>5600 srcPort>34751 dst>fd10:43:100::2/24400 
06:14:52.069328 SHUTDOWN flow>5608 srcPort>34771 dst>fd10:43:100::2/24408 
06:14:52.133964 SHUTDOWN flow>5624 srcPort>34187 dst>fd10:43:100::2/24424 
06:14:52.186001 OFF flow>5616 srcPort>34793 dst>fd10:43:100::2/24416 
06:14:52.215708 ON flow>5912 srcPort>43437 dst>fd10:43:100::2/24712 
06:14:52.247043 CONNECT flow>5912 srcPort>43437 dst>fd10:43:100::2/24712 
06:14:52.288533 SHUTDOWN flow>5632 srcPort>46107 dst>fd10:43:100::2/24432 
06:14:52.332561 OFF flow>5608 srcPort>34771 dst>fd10:43:100::2/24408 
06:14:52.336935 OFF flow>5624 srcPort>34187 dst>fd10:43:100::2/24424 
06:14:52.383395 OFF flow>5632 srcPort>46107 dst>fd10:43:100::2/24432 
06:14:52.449428 SHUTDOWN flow>5640 srcPort>41227 dst>fd10:43:100::2/24440 
06:14:52.645289 OFF flow>5640 srcPort>41227 dst>fd10:43:100::2/24440 
06:14:52.679151 SHUTDOWN flow>5656 srcPort>35001 dst>fd10:43:100::2/24456 
06:14:52.692924 SHUTDOWN flow>5648 srcPort>44699 dst>fd10:43:100::2/24448 
06:14:52.761056 SHUTDOWN flow>5664 srcPort>41573 dst>fd10:43:100::2/24464 
06:14:52.825483 SHUTDOWN flow>5672 srcPort>42459 dst>fd10:43:100::2/24472 
06:14:52.845461 SHUTDOWN flow>5680 srcPort>34705 dst>fd10:43:100::2/24480 
06:14:52.900415 OFF flow>5656 srcPort>35001 dst>fd10:43:100::2/24456 
06:14:52.931700 OFF flow>5648 srcPort>44699 dst>fd10:43:100::2/24448 
06:14:52.937537 ON flow>5920 srcPort>43115 dst>fd10:43:100::2/24720 
06:14:52.954163 SHUTDOWN flow>5696 srcPort>40121 dst>fd10:43:100::2/24496 
06:14:52.957964 SHUTDOWN flow>5688 srcPort>33069 dst>fd10:43:100::2/24488 
06:14:52.974484 CONNECT flow>5920 srcPort>43115 dst>fd10:43:100::2/24720 
06:14:53.021313 SHUTDOWN flow>5704 srcPort>37147 dst>fd10:43:100::2/24504 
06:14:53.030846 OFF flow>5664 srcPort>41573 dst>fd10:43:100::2/24464 
06:14:53.040210 OFF flow>5672 srcPort>42459 dst>fd10:43:100::2/24472 
06:14:53.117652 OFF flow>5680 srcPort>34705 dst>fd10:43:100::2/24480 
06:14:53.122221 ON flow>5928 srcPort>39469 dst>fd10:43:100::2/24728 
06:14:53.139276 CONNECT flow>5928 srcPort>39469 dst>fd10:43:100::2/24728 
06:14:53.147620 SHUTDOWN flow>5712 srcPort>33995 dst>fd10:43:100::2/24512 
06:14:53.157783 OFF flow>5696 srcPort>40121 dst>fd10:43:100::2/24496 
06:14:53.174507 OFF flow>5688 srcPort>33069 dst>fd10:43:100::2/24488 
06:14:53.244624 OFF flow>5704 srcPort>37147 dst>fd10:43:100::2/24504 
06:14:53.269654 SHUTDOWN flow>5720 srcPort>35323 dst>fd10:43:100::2/24520 
06:14:53.278351 ON flow>5936 srcPort>34633 dst>fd10:43:100::2/24736 
06:14:53.291782 CONNECT flow>5936 srcPort>34633 dst>fd10:43:100::2/24736 
06:14:53.336449 OFF flow>5712 srcPort>33995 dst>fd10:43:100::2/24512 
06:14:53.467071 SHUTDOWN flow>5728 srcPort>33171 dst>fd10:43:100::2/24528 
06:14:53.480178 OFF flow>5720 srcPort>35323 dst>fd10:43:100::2/24520 
06:14:53.489446 ON flow>5944 srcPort>43721 dst>fd10:43:100::2/24744 
06:14:53.496585 CONNECT flow>5944 srcPort>43721 dst>fd10:43:100::2/24744 
06:14:53.595371 SHUTDOWN flow>5736 srcPort>41161 dst>fd10:43:100::2/24536 
06:14:53.622599 OFF flow>5728 srcPort>33171 dst>fd10:43:100::2/24528 
06:14:53.787702 ON flow>5952 srcPort>38127 dst>fd10:43:100::2/24752 
06:14:53.796150 CONNECT flow>5952 srcPort>38127 dst>fd10:43:100::2/24752 
06:14:53.800931 SHUTDOWN flow>5744 srcPort>42463 dst>fd10:43:100::2/24544 
06:14:53.869887 ON flow>5960 srcPort>40995 dst>fd10:43:100::2/24760 
06:14:53.877272 CONNECT flow>5960 srcPort>40995 dst>fd10:43:100::2/24760 
06:14:53.883088 OFF flow>5736 srcPort>41161 dst>fd10:43:100::2/24536 
06:14:53.966851 SHUTDOWN flow>5760 srcPort>43057 dst>fd10:43:100::2/24560 
06:14:54.030806 SHUTDOWN flow>5752 srcPort>37075 dst>fd10:43:100::2/24552 
06:14:54.037491 ON flow>5968 srcPort>40509 dst>fd10:43:100::2/24768 
06:14:54.060361 CONNECT flow>5968 srcPort>40509 dst>fd10:43:100::2/24768 
06:14:54.096667 ON flow>5976 srcPort>40173 dst>fd10:43:100::2/24776 
06:14:54.104639 CONNECT flow>5976 srcPort>40173 dst>fd10:43:100::2/24776 
06:14:54.112532 SHUTDOWN flow>5768 srcPort>45151 dst>fd10:43:100::2/24568 
06:14:54.168987 ON flow>5984 srcPort>37839 dst>fd10:43:100::2/24784 
06:14:54.187359 CONNECT flow>5984 srcPort>37839 dst>fd10:43:100::2/24784 
06:14:54.200526 SHUTDOWN flow>5776 srcPort>39937 dst>fd10:43:100::2/24576 
06:14:54.309013 ON flow>5992 srcPort>45389 dst>fd10:43:100::2/24792 
06:14:54.317454 CONNECT flow>5992 srcPort>45389 dst>fd10:43:100::2/24792 
06:14:54.329590 OFF flow>5752 srcPort>37075 dst>fd10:43:100::2/24552 
06:14:54.346635 SHUTDOWN flow>5784 srcPort>38731 dst>fd10:43:100::2/24584 
06:14:54.383886 OFF flow>5744 srcPort>42463 dst>fd10:43:100::2/24544 
06:14:54.462166 OFF flow>5760 srcPort>43057 dst>fd10:43:100::2/24560 
06:14:54.469048 ON flow>6000 srcPort>35549 dst>fd10:43:100::2/24800 
06:14:54.502398 CONNECT flow>6000 srcPort>35549 dst>fd10:43:100::2/24800 
06:14:54.503376 SHUTDOWN flow>5792 srcPort>40437 dst>fd10:43:100::2/24592 
06:14:54.527212 OFF flow>5776 srcPort>39937 dst>fd10:43:100::2/24576 
06:14:54.529760 OFF flow>5768 srcPort>45151 dst>fd10:43:100::2/24568 
06:14:54.612291 SHUTDOWN flow>5800 srcPort>34929 dst>fd10:43:100::2/24600 
06:14:54.646382 OFF flow>5784 srcPort>38731 dst>fd10:43:100::2/24584 
06:14:54.670285 SHUTDOWN flow>5808 srcPort>38095 dst>fd10:43:100::2/24608 
06:14:54.733398 OFF flow>5792 srcPort>40437 dst>fd10:43:100::2/24592 
06:14:54.789085 ON flow>6008 srcPort>42161 dst>fd10:43:100::2/24808 
06:14:54.794070 CONNECT flow>6008 srcPort>42161 dst>fd10:43:100::2/24808 
06:14:54.799269 OFF flow>5800 srcPort>34929 dst>fd10:43:100::2/24600 
06:14:54.847835 SHUTDOWN flow>5816 srcPort>40979 dst>fd10:43:100::2/24616 
06:14:54.970423 ON flow>6016 srcPort>36213 dst>fd10:43:100::2/24816 
06:14:54.972916 CONNECT flow>6016 srcPort>36213 dst>fd10:43:100::2/24816 
06:14:55.012935 SHUTDOWN flow>5824 srcPort>38911 dst>fd10:43:100::2/24624 
06:14:55.080524 OFF flow>5816 srcPort>40979 dst>fd10:43:100::2/24616 
06:14:55.098082 ON flow>6024 srcPort>42165 dst>fd10:43:100::2/24824 
06:14:55.105284 CONNECT flow>6024 srcPort>42165 dst>fd10:43:100::2/24824 
06:14:55.139972 OFF flow>5808 srcPort>38095 dst>fd10:43:100::2/24608 
06:14:55.158021 ON flow>6032 srcPort>33263 dst>fd10:43:100::2/24832 
06:14:55.172150 CONNECT flow>6032 srcPort>33263 dst>fd10:43:100::2/24832 
06:14:55.237226 ON flow>6040 srcPort>43671 dst>fd10:43:100::2/24840 
06:14:55.248584 CONNECT flow>6040 srcPort>43671 dst>fd10:43:100::2/24840 
06:14:55.258748 OFF flow>5824 srcPort>38911 dst>fd10:43:100::2/24624 
06:14:55.298589 ON flow>6048 srcPort>41553 dst>fd10:43:100::2/24848 
06:14:55.329618 CONNECT flow>6048 srcPort>41553 dst>fd10:43:100::2/24848 
06:14:55.357315 ON flow>6056 srcPort>34603 dst>fd10:43:100::2/24856 
06:14:55.364577 CONNECT flow>6056 srcPort>34603 dst>fd10:43:100::2/24856 
06:14:55.401494 ON flow>6064 srcPort>38309 dst>fd10:43:100::2/24864 
06:14:55.401927 SHUTDOWN flow>5832 srcPort>36461 dst>fd10:43:100::2/24632 
06:14:55.411558 CONNECT flow>6064 srcPort>38309 dst>fd10:43:100::2/24864 
06:14:55.480665 ON flow>6072 srcPort>39881 dst>fd10:43:100::2/24872 
06:14:55.486533 CONNECT flow>6072 srcPort>39881 dst>fd10:43:100::2/24872 
06:14:55.561590 ON flow>6080 srcPort>43261 dst>fd10:43:100::2/24880 
06:14:55.569479 CONNECT flow>6080 srcPort>43261 dst>fd10:43:100::2/24880 
06:14:55.630344 OFF flow>5832 srcPort>36461 dst>fd10:43:100::2/24632 
06:14:55.685259 ON flow>6088 srcPort>40255 dst>fd10:43:100::2/24888 
06:14:55.715785 CONNECT flow>6088 srcPort>40255 dst>fd10:43:100::2/24888 
06:14:55.745567 ON flow>6096 srcPort>45825 dst>fd10:43:100::2/24896 
06:14:55.763982 CONNECT flow>6096 srcPort>45825 dst>fd10:43:100::2/24896 
06:14:55.858455 ON flow>6104 srcPort>44441 dst>fd10:43:100::2/24904 
06:14:55.865284 CONNECT flow>6104 srcPort>44441 dst>fd10:43:100::2/24904 
06:14:55.885046 SHUTDOWN flow>5840 srcPort>39967 dst>fd10:43:100::2/24640 
06:14:56.038980 ON flow>6112 srcPort>44453 dst>fd10:43:100::2/24912 
06:14:56.048106 CONNECT flow>6112 srcPort>44453 dst>fd10:43:100::2/24912 
06:14:56.120639 OFF flow>5840 srcPort>39967 dst>fd10:43:100::2/24640 
06:14:56.130085 SHUTDOWN flow>5856 srcPort>43325 dst>fd10:43:100::2/24656 
06:14:56.165902 SHUTDOWN flow>5848 srcPort>35101 dst>fd10:43:100::2/24648 
06:14:56.259754 SHUTDOWN flow>5864 srcPort>33655 dst>fd10:43:100::2/24664 
06:14:56.324663 SHUTDOWN flow>5872 srcPort>42123 dst>fd10:43:100::2/24672 
06:14:56.325219 OFF flow>5856 srcPort>43325 dst>fd10:43:100::2/24656 
06:14:56.403465 ON flow>6120 srcPort>34147 dst>fd10:43:100::2/24920 
06:14:56.413587 SHUTDOWN flow>5880 srcPort>38491 dst>fd10:43:100::2/24680 
06:14:56.422786 CONNECT flow>6120 srcPort>34147 dst>fd10:43:100::2/24920 
06:14:56.508336 SHUTDOWN flow>5888 srcPort>35397 dst>fd10:43:100::2/24688 
06:14:56.584023 OFF flow>5864 srcPort>33655 dst>fd10:43:100::2/24664 
06:14:56.612353 ON flow>6128 srcPort>41029 dst>fd10:43:100::2/24928 
06:14:56.622469 CONNECT flow>6128 srcPort>41029 dst>fd10:43:100::2/24928 
06:14:56.647372 SHUTDOWN flow>5896 srcPort>34557 dst>fd10:43:100::2/24696 
06:14:56.658765 OFF flow>5872 srcPort>42123 dst>fd10:43:100::2/24672 
06:14:56.789179 ON flow>6136 srcPort>42651 dst>fd10:43:100::2/24936 
06:14:56.790744 SHUTDOWN flow>5904 srcPort>36565 dst>fd10:43:100::2/24704 
06:14:56.812291 CONNECT flow>6136 srcPort>42651 dst>fd10:43:100::2/24936 
06:14:56.888357 OFF flow>5896 srcPort>34557 dst>fd10:43:100::2/24696 
06:14:56.901544 ON flow>6144 srcPort>44277 dst>fd10:43:100::2/24944 
06:14:56.910459 CONNECT flow>6144 srcPort>44277 dst>fd10:43:100::2/24944 
06:14:56.970690 OFF flow>5904 srcPort>36565 dst>fd10:43:100::2/24704 
06:14:56.974022 OFF flow>5848 srcPort>35101 dst>fd10:43:100::2/24648 
06:14:56.994586 OFF flow>5888 srcPort>35397 dst>fd10:43:100::2/24688 
06:14:56.999430 ON flow>6152 srcPort>36829 dst>fd10:43:100::2/24952 
06:14:57.011875 CONNECT flow>6152 srcPort>36829 dst>fd10:43:100::2/24952 
06:14:57.015562 SHUTDOWN flow>5912 srcPort>43437 dst>fd10:43:100::2/24712 
06:14:57.051817 ON flow>6160 srcPort>38895 dst>fd10:43:100::2/24960 
06:14:57.059138 CONNECT flow>6160 srcPort>38895 dst>fd10:43:100::2/24960 
06:14:57.181279 ON flow>6168 srcPort>42017 dst>fd10:43:100::2/24968 
06:14:57.199338 CONNECT flow>6168 srcPort>42017 dst>fd10:43:100::2/24968 
06:14:57.229109 OFF flow>5912 srcPort>43437 dst>fd10:43:100::2/24712 
06:14:57.309153 ON flow>6176 srcPort>34065 dst>fd10:43:100::2/24976 
06:14:57.316929 CONNECT flow>6176 srcPort>34065 dst>fd10:43:100::2/24976 
06:14:57.371645 ON flow>6184 srcPort>43839 dst>fd10:43:100::2/24984 
06:14:57.380024 CONNECT flow>6184 srcPort>43839 dst>fd10:43:100::2/24984 
06:14:57.578270 ON flow>6192 srcPort>43527 dst>fd10:43:100::2/24992 
06:14:57.587882 CONNECT flow>6192 srcPort>43527 dst>fd10:43:100::2/24992 
06:14:57.672718 ON flow>6200 srcPort>44765 dst>fd10:43:100::2/25000 
06:14:57.682085 CONNECT flow>6200 srcPort>44765 dst>fd10:43:100::2/25000 
06:14:57.737330 SHUTDOWN flow>5920 srcPort>43115 dst>fd10:43:100::2/24720 
06:14:57.839554 ON flow>6208 srcPort>36513 dst>fd10:43:100::2/25008 
06:14:57.853649 CONNECT flow>6208 srcPort>36513 dst>fd10:43:100::2/25008 
06:14:57.922003 SHUTDOWN flow>5928 srcPort>39469 dst>fd10:43:100::2/24728 
06:14:57.932699 ON flow>6216 srcPort>34171 dst>fd10:43:100::2/25016 
06:14:57.955190 CONNECT flow>6216 srcPort>34171 dst>fd10:43:100::2/25016 
06:14:58.077900 SHUTDOWN flow>5936 srcPort>34633 dst>fd10:43:100::2/24736 
06:14:58.133703 ON flow>6224 srcPort>45771 dst>fd10:43:100::2/25024 
06:14:58.146421 CONNECT flow>6224 srcPort>45771 dst>fd10:43:100::2/25024 
06:14:58.161691 OFF flow>5880 srcPort>38491 dst>fd10:43:100::2/24680 
06:14:58.164274 OFF flow>5936 srcPort>34633 dst>fd10:43:100::2/24736 
06:14:58.282121 ON flow>6232 srcPort>34331 dst>fd10:43:100::2/25032 
06:14:58.289321 SHUTDOWN flow>5944 srcPort>43721 dst>fd10:43:100::2/24744 
06:14:58.294819 CONNECT flow>6232 srcPort>34331 dst>fd10:43:100::2/25032 
06:14:58.358927 OFF flow>5920 srcPort>43115 dst>fd10:43:100::2/24720 
06:14:58.390723 ON flow>6240 srcPort>39325 dst>fd10:43:100::2/25040 
06:14:58.401125 CONNECT flow>6240 srcPort>39325 dst>fd10:43:100::2/25040 
06:14:58.419958 OFF flow>5928 srcPort>39469 dst>fd10:43:100::2/24728 
06:14:58.496132 ON flow>6248 srcPort>39105 dst>fd10:43:100::2/25048 
06:14:58.508674 CONNECT flow>6248 srcPort>39105 dst>fd10:43:100::2/25048 
06:14:58.540718 ON flow>6256 srcPort>37531 dst>fd10:43:100::2/25056 
06:14:58.557172 CONNECT flow>6256 srcPort>37531 dst>fd10:43:100::2/25056 
06:14:58.587504 SHUTDOWN flow>5952 srcPort>38127 dst>fd10:43:100::2/24752 
06:14:58.624940 ON flow>6264 srcPort>41113 dst>fd10:43:100::2/25064 
06:14:58.650747 CONNECT flow>6264 srcPort>41113 dst>fd10:43:100::2/25064 
06:14:58.654319 OFF flow>5944 srcPort>43721 dst>fd10:43:100::2/24744 
06:14:58.669705 SHUTDOWN flow>5960 srcPort>40995 dst>fd10:43:100::2/24760 
06:14:58.717261 ON flow>6272 srcPort>33095 dst>fd10:43:100::2/25072 
06:14:58.745273 CONNECT flow>6272 srcPort>33095 dst>fd10:43:100::2/25072 
06:14:58.804779 ON flow>6280 srcPort>32845 dst>fd10:43:100::2/25080 
06:14:58.820230 CONNECT flow>6280 srcPort>32845 dst>fd10:43:100::2/25080 
06:14:58.837318 SHUTDOWN flow>5968 srcPort>40509 dst>fd10:43:100::2/24768 
06:14:58.855000 ON flow>6288 srcPort>40289 dst>fd10:43:100::2/25088 
06:14:58.866213 CONNECT flow>6288 srcPort>40289 dst>fd10:43:100::2/25088 
06:14:58.896553 SHUTDOWN flow>5976 srcPort>40173 dst>fd10:43:100::2/24776 
06:14:58.963066 OFF flow>5952 srcPort>38127 dst>fd10:43:100::2/24752 
06:14:58.968785 SHUTDOWN flow>5984 srcPort>37839 dst>fd10:43:100::2/24784 
06:14:58.980297 OFF flow>5960 srcPort>40995 dst>fd10:43:100::2/24760 
06:14:58.999592 ON flow>6296 srcPort>40773 dst>fd10:43:100::2/25096 
06:14:59.032192 CONNECT flow>6296 srcPort>40773 dst>fd10:43:100::2/25096 
06:14:59.108847 SHUTDOWN flow>5992 srcPort>45389 dst>fd10:43:100::2/24792 
06:14:59.111551 ON flow>6304 srcPort>41733 dst>fd10:43:100::2/25104 
06:14:59.132256 CONNECT flow>6304 srcPort>41733 dst>fd10:43:100::2/25104 
06:14:59.133521 OFF flow>5968 srcPort>40509 dst>fd10:43:100::2/24768 
06:14:59.202112 OFF flow>5984 srcPort>37839 dst>fd10:43:100::2/24784 
06:14:59.306236 ON flow>6312 srcPort>39337 dst>fd10:43:100::2/25112 
06:14:59.330979 CONNECT flow>6312 srcPort>39337 dst>fd10:43:100::2/25112 
06:14:59.481564 OFF flow>5976 srcPort>40173 dst>fd10:43:100::2/24776 
06:14:59.544396 ON flow>6320 srcPort>38859 dst>fd10:43:100::2/25120 
06:14:59.566998 CONNECT flow>6320 srcPort>38859 dst>fd10:43:100::2/25120 
06:14:59.577414 SHUTDOWN flow>6000 srcPort>35549 dst>fd10:43:100::2/24800 
06:14:59.770238 SHUTDOWN flow>6016 srcPort>36213 dst>fd10:43:100::2/24816 
06:14:59.799548 ON flow>6328 srcPort>45627 dst>fd10:43:100::2/25128 
06:14:59.858984 CONNECT flow>6328 srcPort>45627 dst>fd10:43:100::2/25128 
06:14:59.928643 SHUTDOWN flow>6008 srcPort>42161 dst>fd10:43:100::2/24808 
06:14:59.930574 ON flow>6336 srcPort>42545 dst>fd10:43:100::2/25136 
06:14:59.944208 CONNECT flow>6336 srcPort>42545 dst>fd10:43:100::2/25136 
06:14:59.957955 SHUTDOWN flow>6032 srcPort>33263 dst>fd10:43:100::2/24832 
06:14:59.975343 OFF flow>5992 srcPort>45389 dst>fd10:43:100::2/24792 
06:14:59.999827 SHUTDOWN flow>6024 srcPort>42165 dst>fd10:43:100::2/24824 
06:15:00.037067 SHUTDOWN flow>6040 srcPort>43671 dst>fd10:43:100::2/24840 
06:15:00.048411 ON flow>6344 srcPort>38255 dst>fd10:43:100::2/25144 
06:15:00.056063 CONNECT flow>6344 srcPort>38255 dst>fd10:43:100::2/25144 
06:15:00.148438 OFF flow>6032 srcPort>33263 dst>fd10:43:100::2/24832 
06:15:00.157199 SHUTDOWN flow>6056 srcPort>34603 dst>fd10:43:100::2/24856 
06:15:00.181747 SHUTDOWN flow>6048 srcPort>41553 dst>fd10:43:100::2/24848 
06:15:00.218597 OFF flow>6056 srcPort>34603 dst>fd10:43:100::2/24856 
06:15:00.236893 ON flow>6352 srcPort>46323 dst>fd10:43:100::2/25152 
06:15:00.261312 CONNECT flow>6352 srcPort>46323 dst>fd10:43:100::2/25152 
06:15:00.361459 SHUTDOWN flow>6080 srcPort>43261 dst>fd10:43:100::2/24880 
06:15:00.374297 OFF flow>6024 srcPort>42165 dst>fd10:43:100::2/24824 
06:15:00.391323 OFF flow>6040 srcPort>43671 dst>fd10:43:100::2/24840 
06:15:00.400081 ON flow>6360 srcPort>41177 dst>fd10:43:100::2/25160 
06:15:00.407802 CONNECT flow>6360 srcPort>41177 dst>fd10:43:100::2/25160 
06:15:00.435841 SHUTDOWN flow>6064 srcPort>38309 dst>fd10:43:100::2/24864 
06:15:00.448678 OFF flow>6000 srcPort>35549 dst>fd10:43:100::2/24800 
06:15:00.467553 OFF flow>6048 srcPort>41553 dst>fd10:43:100::2/24848 
06:15:00.485078 SHUTDOWN flow>6088 srcPort>40255 dst>fd10:43:100::2/24888 
06:15:00.537311 ON flow>6368 srcPort>41947 dst>fd10:43:100::2/25168 
06:15:00.545113 CONNECT flow>6368 srcPort>41947 dst>fd10:43:100::2/25168 
06:15:00.545445 SHUTDOWN flow>6096 srcPort>45825 dst>fd10:43:100::2/24896 
06:15:00.584655 ON flow>6376 srcPort>44171 dst>fd10:43:100::2/25176 
06:15:00.600470 CONNECT flow>6376 srcPort>44171 dst>fd10:43:100::2/25176 
06:15:00.601546 SHUTDOWN flow>6072 srcPort>39881 dst>fd10:43:100::2/24872 
06:15:00.647035 ON flow>6384 srcPort>45781 dst>fd10:43:100::2/25184 
06:15:00.662701 OFF flow>6088 srcPort>40255 dst>fd10:43:100::2/24888 
06:15:00.668765 CONNECT flow>6384 srcPort>45781 dst>fd10:43:100::2/25184 
06:15:00.736223 OFF flow>6096 srcPort>45825 dst>fd10:43:100::2/24896 
06:15:00.801466 ON flow>6392 srcPort>42257 dst>fd10:43:100::2/25192 
06:15:00.816519 CONNECT flow>6392 srcPort>42257 dst>fd10:43:100::2/25192 
06:15:00.822192 SHUTDOWN flow>6104 srcPort>44441 dst>fd10:43:100::2/24904 
06:15:00.831853 OFF flow>6008 srcPort>42161 dst>fd10:43:100::2/24808 
06:15:00.838651 SHUTDOWN flow>6112 srcPort>44453 dst>fd10:43:100::2/24912 
06:15:00.855160 ON flow>6400 srcPort>44427 dst>fd10:43:100::2/25200 
06:15:00.879978 CONNECT flow>6400 srcPort>44427 dst>fd10:43:100::2/25200 
06:15:00.955253 ON flow>6408 srcPort>44939 dst>fd10:43:100::2/25208 
06:15:00.969015 CONNECT flow>6408 srcPort>44939 dst>fd10:43:100::2/25208 
06:15:01.013865 OFF flow>6104 srcPort>44441 dst>fd10:43:100::2/24904 
06:15:01.112736 ON flow>6416 srcPort>45565 dst>fd10:43:100::2/25216 
06:15:01.127813 CONNECT flow>6416 srcPort>45565 dst>fd10:43:100::2/25216 
06:15:01.162955 OFF flow>6072 srcPort>39881 dst>fd10:43:100::2/24872 
06:15:01.201436 OFF flow>6064 srcPort>38309 dst>fd10:43:100::2/24864 
06:15:01.203276 SHUTDOWN flow>6120 srcPort>34147 dst>fd10:43:100::2/24920 
06:15:01.348858 OFF flow>6016 srcPort>36213 dst>fd10:43:100::2/24816 
06:15:01.384706 OFF flow>6112 srcPort>44453 dst>fd10:43:100::2/24912 
06:15:01.412152 SHUTDOWN flow>6128 srcPort>41029 dst>fd10:43:100::2/24928 
06:15:01.515788 OFF flow>6120 srcPort>34147 dst>fd10:43:100::2/24920 
06:15:01.606727 ON flow>6424 srcPort>38935 dst>fd10:43:100::2/25224 
06:15:01.624536 CONNECT flow>6424 srcPort>38935 dst>fd10:43:100::2/25224 
06:15:01.671960 SHUTDOWN flow>6136 srcPort>42651 dst>fd10:43:100::2/24936 
06:15:01.701361 SHUTDOWN flow>6144 srcPort>44277 dst>fd10:43:100::2/24944 
06:15:01.749337 OFF flow>6128 srcPort>41029 dst>fd10:43:100::2/24928 
06:15:01.851686 SHUTDOWN flow>6160 srcPort>38895 dst>fd10:43:100::2/24960 
06:15:01.880502 ON flow>6432 srcPort>34227 dst>fd10:43:100::2/25232 
06:15:01.896640 CONNECT flow>6432 srcPort>34227 dst>fd10:43:100::2/25232 
06:15:01.908888 OFF flow>6136 srcPort>42651 dst>fd10:43:100::2/24936 
06:15:01.950916 SHUTDOWN flow>6152 srcPort>36829 dst>fd10:43:100::2/24952 
06:15:02.003564 ON flow>6440 srcPort>33027 dst>fd10:43:100::2/25240 
06:15:02.014488 CONNECT flow>6440 srcPort>33027 dst>fd10:43:100::2/25240 
06:15:02.022391 SHUTDOWN flow>6168 srcPort>42017 dst>fd10:43:100::2/24968 
06:15:02.108956 SHUTDOWN flow>6176 srcPort>34065 dst>fd10:43:100::2/24976 
06:15:02.113231 OFF flow>6080 srcPort>43261 dst>fd10:43:100::2/24880 
06:15:02.140741 OFF flow>6144 srcPort>44277 dst>fd10:43:100::2/24944 
06:15:02.211731 SHUTDOWN flow>6184 srcPort>43839 dst>fd10:43:100::2/24984 
06:15:02.286027 OFF flow>6152 srcPort>36829 dst>fd10:43:100::2/24952 
06:15:02.331277 OFF flow>6168 srcPort>42017 dst>fd10:43:100::2/24968 
06:15:02.372542 ON flow>6448 srcPort>46877 dst>fd10:43:100::2/25248 
06:15:02.377955 SHUTDOWN flow>6192 srcPort>43527 dst>fd10:43:100::2/24992 
06:15:02.484060 SHUTDOWN flow>6200 srcPort>44765 dst>fd10:43:100::2/25000 
06:15:02.492452 OFF flow>6184 srcPort>43839 dst>fd10:43:100::2/24984 
06:15:02.541620 OFF flow>6176 srcPort>34065 dst>fd10:43:100::2/24976 
06:15:02.572747 OFF flow>6192 srcPort>43527 dst>fd10:43:100::2/24992 
06:15:02.592986 ON flow>6456 srcPort>41673 dst>fd10:43:100::2/25256 
06:15:02.617877 CONNECT flow>6456 srcPort>41673 dst>fd10:43:100::2/25256 
06:15:02.639377 SHUTDOWN flow>6208 srcPort>36513 dst>fd10:43:100::2/25008 
06:15:02.667356 OFF flow>6160 srcPort>38895 dst>fd10:43:100::2/24960 
06:15:02.674350 OFF flow>6200 srcPort>44765 dst>fd10:43:100::2/25000 
06:15:02.732577 SHUTDOWN flow>6216 srcPort>34171 dst>fd10:43:100::2/25016 
06:15:02.732933 ON flow>6464 srcPort>45105 dst>fd10:43:100::2/25264 
06:15:02.771000 CONNECT flow>6464 srcPort>45105 dst>fd10:43:100::2/25264 
06:15:02.783643 ON flow>6472 srcPort>46399 dst>fd10:43:100::2/25272 
06:15:02.817557 CONNECT flow>6472 srcPort>46399 dst>fd10:43:100::2/25272 
06:15:02.900072 ON flow>6480 srcPort>41281 dst>fd10:43:100::2/25280 
06:15:02.924071 CONNECT flow>6480 srcPort>41281 dst>fd10:43:100::2/25280 
06:15:02.933349 SHUTDOWN flow>6224 srcPort>45771 dst>fd10:43:100::2/25024 
06:15:03.031200 OFF flow>6216 srcPort>34171 dst>fd10:43:100::2/25016 
06:15:03.055663 ON flow>6488 srcPort>42113 dst>fd10:43:100::2/25288 
06:15:03.088616 CONNECT flow>6488 srcPort>42113 dst>fd10:43:100::2/25288 
06:15:03.090780 OFF flow>6208 srcPort>36513 dst>fd10:43:100::2/25008 
06:15:03.190559 SHUTDOWN flow>6240 srcPort>39325 dst>fd10:43:100::2/25040 
06:15:03.203027 SHUTDOWN flow>6232 srcPort>34331 dst>fd10:43:100::2/25032 
06:15:03.232221 OFF flow>6240 srcPort>39325 dst>fd10:43:100::2/25040 
06:15:03.262858 ON flow>6496 srcPort>40291 dst>fd10:43:100::2/25296 
06:15:03.295776 SHUTDOWN flow>6248 srcPort>39105 dst>fd10:43:100::2/25048 
06:15:03.311129 CONNECT flow>6496 srcPort>40291 dst>fd10:43:100::2/25296 
06:15:03.317907 OFF flow>6224 srcPort>45771 dst>fd10:43:100::2/25024 
06:15:03.340496 SHUTDOWN flow>6256 srcPort>37531 dst>fd10:43:100::2/25056 
06:15:03.342557 ON flow>6504 srcPort>42357 dst>fd10:43:100::2/25304 
06:15:03.370582 CONNECT flow>6504 srcPort>42357 dst>fd10:43:100::2/25304 
06:15:03.411844 CONNECT flow>6448 srcPort>46877 dst>fd10:43:100::2/25248 
06:15:03.424617 SHUTDOWN flow>6264 srcPort>41113 dst>fd10:43:100::2/25064 
06:15:03.515115 OFF flow>6232 srcPort>34331 dst>fd10:43:100::2/25032 
06:15:03.517072 SHUTDOWN flow>6272 srcPort>33095 dst>fd10:43:100::2/25072 
06:15:03.533131 ON flow>6512 srcPort>39453 dst>fd10:43:100::2/25312 
06:15:03.565380 CONNECT flow>6512 srcPort>39453 dst>fd10:43:100::2/25312 
06:15:03.571023 OFF flow>6248 srcPort>39105 dst>fd10:43:100::2/25048 
06:15:03.604473 SHUTDOWN flow>6280 srcPort>32845 dst>fd10:43:100::2/25080 
06:15:03.654766 SHUTDOWN flow>6288 srcPort>40289 dst>fd10:43:100::2/25088 
06:15:03.684132 OFF flow>6264 srcPort>41113 dst>fd10:43:100::2/25064 
06:15:03.740753 ON flow>6520 srcPort>39351 dst>fd10:43:100::2/25320 
06:15:03.768968 OFF flow>6256 srcPort>37531 dst>fd10:43:100::2/25056 
06:15:03.773887 CONNECT flow>6520 srcPort>39351 dst>fd10:43:100::2/25320 
06:15:03.799569 SHUTDOWN flow>6296 srcPort>40773 dst>fd10:43:100::2/25096 
06:15:03.838482 ON flow>6528 srcPort>38337 dst>fd10:43:100::2/25328 
06:15:03.889788 CONNECT flow>6528 srcPort>38337 dst>fd10:43:100::2/25328 
06:15:03.911449 SHUTDOWN flow>6304 srcPort>41733 dst>fd10:43:100::2/25104 
06:15:03.955268 OFF flow>6272 srcPort>33095 dst>fd10:43:100::2/25072 
06:15:03.984961 ON flow>6536 srcPort>46221 dst>fd10:43:100::2/25336 
06:15:03.997327 CONNECT flow>6536 srcPort>46221 dst>fd10:43:100::2/25336 
06:15:04.071629 ON flow>6544 srcPort>35163 dst>fd10:43:100::2/25344 
06:15:04.078599 CONNECT flow>6544 srcPort>35163 dst>fd10:43:100::2/25344 
06:15:04.106073 SHUTDOWN flow>6312 srcPort>39337 dst>fd10:43:100::2/25112 
06:15:04.118132 OFF flow>6280 srcPort>32845 dst>fd10:43:100::2/25080 
06:15:04.135342 OFF flow>6304 srcPort>41733 dst>fd10:43:100::2/25104 
06:15:04.165907 ON flow>6552 srcPort>35517 dst>fd10:43:100::2/25352 
06:15:04.171167 CONNECT flow>6552 srcPort>35517 dst>fd10:43:100::2/25352 
06:15:04.171610 OFF flow>6296 srcPort>40773 dst>fd10:43:100::2/25096 
06:15:04.241284 OFF flow>6288 srcPort>40289 dst>fd10:43:100::2/25088 
06:15:04.349404 SHUTDOWN flow>6320 srcPort>38859 dst>fd10:43:100::2/25120 
06:15:04.364231 ON flow>6560 srcPort>36553 dst>fd10:43:100::2/25360 
06:15:04.392672 CONNECT flow>6560 srcPort>36553 dst>fd10:43:100::2/25360 
06:15:04.458392 OFF flow>6312 srcPort>39337 dst>fd10:43:100::2/25112 
06:15:04.504038 ON flow>6568 srcPort>41783 dst>fd10:43:100::2/25368 
06:15:04.529493 CONNECT flow>6568 srcPort>41783 dst>fd10:43:100::2/25368 
06:15:04.549913 OFF flow>6320 srcPort>38859 dst>fd10:43:100::2/25120 
06:15:04.599232 SHUTDOWN flow>6328 srcPort>45627 dst>fd10:43:100::2/25128 
06:15:04.627943 ON flow>6576 srcPort>46661 dst>fd10:43:100::2/25376 
06:15:04.655728 CONNECT flow>6576 srcPort>46661 dst>fd10:43:100::2/25376 
06:15:04.730316 SHUTDOWN flow>6336 srcPort>42545 dst>fd10:43:100::2/25136 
06:15:04.795043 ON flow>6584 srcPort>42005 dst>fd10:43:100::2/25384 
06:15:04.806654 OFF flow>6328 srcPort>45627 dst>fd10:43:100::2/25128 
06:15:04.820161 CONNECT flow>6584 srcPort>42005 dst>fd10:43:100::2/25384 
06:15:04.848174 SHUTDOWN flow>6344 srcPort>38255 dst>fd10:43:100::2/25144 
06:15:04.959132 ON flow>6592 srcPort>38221 dst>fd10:43:100::2/25392 
06:15:04.989782 CONNECT flow>6592 srcPort>38221 dst>fd10:43:100::2/25392 
06:15:05.015475 OFF flow>6336 srcPort>42545 dst>fd10:43:100::2/25136 
06:15:05.036709 SHUTDOWN flow>6352 srcPort>46323 dst>fd10:43:100::2/25152 
06:15:05.084894 OFF flow>6344 srcPort>38255 dst>fd10:43:100::2/25144 
06:15:05.155218 ON flow>6600 srcPort>35007 dst>fd10:43:100::2/25400 
06:15:05.206507 CONNECT flow>6600 srcPort>35007 dst>fd10:43:100::2/25400 
06:15:05.271237 SHUTDOWN flow>6360 srcPort>41177 dst>fd10:43:100::2/25160 
06:15:05.309800 ON flow>6608 srcPort>38029 dst>fd10:43:100::2/25408 
06:15:05.316848 OFF flow>6352 srcPort>46323 dst>fd10:43:100::2/25152 
06:15:05.362642 CONNECT flow>6608 srcPort>38029 dst>fd10:43:100::2/25408 
06:15:05.384547 SHUTDOWN flow>6376 srcPort>44171 dst>fd10:43:100::2/25176 
06:15:05.407942 SHUTDOWN flow>6368 srcPort>41947 dst>fd10:43:100::2/25168 
06:15:05.446908 SHUTDOWN flow>6384 srcPort>45781 dst>fd10:43:100::2/25184 
06:15:05.448027 ON flow>6616 srcPort>40657 dst>fd10:43:100::2/25416 
06:15:05.482799 CONNECT flow>6616 srcPort>40657 dst>fd10:43:100::2/25416 
06:15:05.503876 OFF flow>6384 srcPort>45781 dst>fd10:43:100::2/25184 
06:15:05.547534 OFF flow>6360 srcPort>41177 dst>fd10:43:100::2/25160 
06:15:05.565805 ON flow>6624 srcPort>36155 dst>fd10:43:100::2/25424 
06:15:05.614176 CONNECT flow>6624 srcPort>36155 dst>fd10:43:100::2/25424 
06:15:05.655011 SHUTDOWN flow>6400 srcPort>44427 dst>fd10:43:100::2/25200 
06:15:05.681132 SHUTDOWN flow>6392 srcPort>42257 dst>fd10:43:100::2/25192 
06:15:05.731575 OFF flow>6376 srcPort>44171 dst>fd10:43:100::2/25176 
06:15:05.738996 OFF flow>6368 srcPort>41947 dst>fd10:43:100::2/25168 
06:15:05.811371 ON flow>6632 srcPort>37239 dst>fd10:43:100::2/25432 
06:15:05.837476 OFF flow>6392 srcPort>42257 dst>fd10:43:100::2/25192 
06:15:05.837657 SHUTDOWN flow>6408 srcPort>44939 dst>fd10:43:100::2/25208 
06:15:05.850349 CONNECT flow>6632 srcPort>37239 dst>fd10:43:100::2/25432 
06:15:05.912607 SHUTDOWN flow>6416 srcPort>45565 dst>fd10:43:100::2/25216 
06:15:05.997433 OFF flow>6400 srcPort>44427 dst>fd10:43:100::2/25200 
06:15:06.054444 ON flow>6640 srcPort>36943 dst>fd10:43:100::2/25440 
06:15:06.071817 CONNECT flow>6640 srcPort>36943 dst>fd10:43:100::2/25440 
06:15:06.142258 OFF flow>6408 srcPort>44939 dst>fd10:43:100::2/25208 
06:15:06.179077 OFF flow>6416 srcPort>45565 dst>fd10:43:100::2/25216 
06:15:06.206301 ON flow>6648 srcPort>39465 dst>fd10:43:100::2/25448 
06:15:06.242415 CONNECT flow>6648 srcPort>39465 dst>fd10:43:100::2/25448 
06:15:06.363940 ON flow>6656 srcPort>35603 dst>fd10:43:100::2/25456 
06:15:06.381824 CONNECT flow>6656 srcPort>35603 dst>fd10:43:100::2/25456 
06:15:06.406592 SHUTDOWN flow>6424 srcPort>38935 dst>fd10:43:100::2/25224 
06:15:06.502853 ON flow>6664 srcPort>41775 dst>fd10:43:100::2/25464 
06:15:06.529939 CONNECT flow>6664 srcPort>41775 dst>fd10:43:100::2/25464 
06:15:06.680172 SHUTDOWN flow>6432 srcPort>34227 dst>fd10:43:100::2/25232 
06:15:06.682442 OFF flow>6424 srcPort>38935 dst>fd10:43:100::2/25224 
06:15:06.718463 ON flow>6672 srcPort>32865 dst>fd10:43:100::2/25472 
06:15:06.756792 CONNECT flow>6672 srcPort>32865 dst>fd10:43:100::2/25472 
06:15:06.803346 SHUTDOWN flow>6440 srcPort>33027 dst>fd10:43:100::2/25240 
06:15:06.886953 ON flow>6680 srcPort>36291 dst>fd10:43:100::2/25480 
06:15:06.912520 OFF flow>6440 srcPort>33027 dst>fd10:43:100::2/25240 
06:15:06.932809 CONNECT flow>6680 srcPort>36291 dst>fd10:43:100::2/25480 
06:15:06.956453 OFF flow>6432 srcPort>34227 dst>fd10:43:100::2/25232 
06:15:07.172235 SHUTDOWN flow>6448 srcPort>46877 dst>fd10:43:100::2/25248 
06:15:07.192071 ON flow>6688 srcPort>45541 dst>fd10:43:100::2/25488 
06:15:07.244303 CONNECT flow>6688 srcPort>45541 dst>fd10:43:100::2/25488 
06:15:07.289997 ON flow>6696 srcPort>40605 dst>fd10:43:100::2/25496 
06:15:07.340938 CONNECT flow>6696 srcPort>40605 dst>fd10:43:100::2/25496 
06:15:07.383211 OFF flow>6448 srcPort>46877 dst>fd10:43:100::2/25248 
06:15:07.392729 SHUTDOWN flow>6456 srcPort>41673 dst>fd10:43:100::2/25256 
06:15:07.396312 ON flow>6704 srcPort>41767 dst>fd10:43:100::2/25504 
06:15:07.457345 CONNECT flow>6704 srcPort>41767 dst>fd10:43:100::2/25504 
06:15:07.516309 ON flow>6712 srcPort>41587 dst>fd10:43:100::2/25512 
06:15:07.532776 SHUTDOWN flow>6464 srcPort>45105 dst>fd10:43:100::2/25264 
06:15:07.564303 CONNECT flow>6712 srcPort>41587 dst>fd10:43:100::2/25512 
06:15:07.583440 SHUTDOWN flow>6472 srcPort>46399 dst>fd10:43:100::2/25272 
06:15:07.605143 OFF flow>6456 srcPort>41673 dst>fd10:43:100::2/25256 
06:15:07.612654 ON flow>6720 srcPort>42335 dst>fd10:43:100::2/25520 
06:15:07.676127 CONNECT flow>6720 srcPort>42335 dst>fd10:43:100::2/25520 
06:15:07.699843 SHUTDOWN flow>6480 srcPort>41281 dst>fd10:43:100::2/25280 
06:15:07.744539 ON flow>6728 srcPort>40915 dst>fd10:43:100::2/25528 
06:15:07.772807 OFF flow>6480 srcPort>41281 dst>fd10:43:100::2/25280 
06:15:07.799311 CONNECT flow>6728 srcPort>40915 dst>fd10:43:100::2/25528 
06:15:07.839903 OFF flow>6464 srcPort>45105 dst>fd10:43:100::2/25264 
06:15:07.855381 SHUTDOWN flow>6488 srcPort>42113 dst>fd10:43:100::2/25288 
06:15:07.896403 OFF flow>6472 srcPort>46399 dst>fd10:43:100::2/25272 
06:15:07.986946 ON flow>6736 srcPort>41649 dst>fd10:43:100::2/25536 
06:15:08.050159 CONNECT flow>6736 srcPort>41649 dst>fd10:43:100::2/25536 
06:15:08.132687 ON flow>6744 srcPort>35623 dst>fd10:43:100::2/25544 
06:15:08.142392 SHUTDOWN flow>6504 srcPort>42357 dst>fd10:43:100::2/25304 
06:15:08.189282 CONNECT flow>6744 srcPort>35623 dst>fd10:43:100::2/25544 
06:15:08.195643 OFF flow>6504 srcPort>42357 dst>fd10:43:100::2/25304 
06:15:08.331166 SHUTDOWN flow>6496 srcPort>40291 dst>fd10:43:100::2/25296 
06:15:08.333074 SHUTDOWN flow>6512 srcPort>39453 dst>fd10:43:100::2/25312 
06:15:08.387937 ON flow>6752 srcPort>35901 dst>fd10:43:100::2/25552 
06:15:08.452715 CONNECT flow>6752 srcPort>35901 dst>fd10:43:100::2/25552 
06:15:08.540588 SHUTDOWN flow>6520 srcPort>39351 dst>fd10:43:100::2/25320 
06:15:08.563611 ON flow>6760 srcPort>40079 dst>fd10:43:100::2/25560 
06:15:08.626952 CONNECT flow>6760 srcPort>40079 dst>fd10:43:100::2/25560 
06:15:08.635438 OFF flow>6488 srcPort>42113 dst>fd10:43:100::2/25288 
06:15:08.638307 SHUTDOWN flow>6528 srcPort>38337 dst>fd10:43:100::2/25328 
06:15:08.649807 ON flow>6768 srcPort>41455 dst>fd10:43:100::2/25568 
06:15:08.655091 OFF flow>6520 srcPort>39351 dst>fd10:43:100::2/25320 
06:15:08.711154 CONNECT flow>6768 srcPort>41455 dst>fd10:43:100::2/25568 
06:15:08.755003 ON flow>6776 srcPort>36893 dst>fd10:43:100::2/25576 
06:15:08.784813 SHUTDOWN flow>6536 srcPort>46221 dst>fd10:43:100::2/25336 
06:15:08.823932 CONNECT flow>6776 srcPort>36893 dst>fd10:43:100::2/25576 
06:15:08.824967 ON flow>6784 srcPort>41975 dst>fd10:43:100::2/25584 
06:15:08.857403 OFF flow>6536 srcPort>46221 dst>fd10:43:100::2/25336 
06:15:08.871392 SHUTDOWN flow>6544 srcPort>35163 dst>fd10:43:100::2/25344 
06:15:08.876901 OFF flow>6528 srcPort>38337 dst>fd10:43:100::2/25328 
06:15:08.892856 OFF flow>6512 srcPort>39453 dst>fd10:43:100::2/25312 
06:15:08.894343 CONNECT flow>6784 srcPort>41975 dst>fd10:43:100::2/25584 
06:15:08.915089 ON flow>6792 srcPort>34193 dst>fd10:43:100::2/25592 
06:15:08.918538 OFF flow>6496 srcPort>40291 dst>fd10:43:100::2/25296 
06:15:08.965686 SHUTDOWN flow>6552 srcPort>35517 dst>fd10:43:100::2/25352 
06:15:08.969580 ON flow>6800 srcPort>34589 dst>fd10:43:100::2/25600 
06:15:08.977582 OFF flow>6544 srcPort>35163 dst>fd10:43:100::2/25344 
06:15:08.982405 CONNECT flow>6792 srcPort>34193 dst>fd10:43:100::2/25592 
06:15:09.014023 ON flow>6808 srcPort>45487 dst>fd10:43:100::2/25608 
06:15:09.030386 OFF flow>6552 srcPort>35517 dst>fd10:43:100::2/25352 
06:15:09.045851 CONNECT flow>6800 srcPort>34589 dst>fd10:43:100::2/25600 
06:15:09.060827 ON flow>6816 srcPort>40263 dst>fd10:43:100::2/25616 
06:15:09.083045 CONNECT flow>6808 srcPort>45487 dst>fd10:43:100::2/25608 
06:15:09.134404 CONNECT flow>6816 srcPort>40263 dst>fd10:43:100::2/25616 
06:15:09.158788 ON flow>6824 srcPort>37307 dst>fd10:43:100::2/25624 
06:15:09.163991 SHUTDOWN flow>6560 srcPort>36553 dst>fd10:43:100::2/25360 
06:15:09.249230 CONNECT flow>6824 srcPort>37307 dst>fd10:43:100::2/25624 
06:15:09.270439 OFF flow>6560 srcPort>36553 dst>fd10:43:100::2/25360 
06:15:09.303697 SHUTDOWN flow>6568 srcPort>41783 dst>fd10:43:100::2/25368 
06:15:09.364234 ON flow>6832 srcPort>35757 dst>fd10:43:100::2/25632 
06:15:09.385833 OFF flow>6568 srcPort>41783 dst>fd10:43:100::2/25368 
06:15:09.427696 SHUTDOWN flow>6576 srcPort>46661 dst>fd10:43:100::2/25376 
06:15:09.458487 CONNECT flow>6832 srcPort>35757 dst>fd10:43:100::2/25632 
06:15:09.594830 SHUTDOWN flow>6584 srcPort>42005 dst>fd10:43:100::2/25384 
06:15:09.601591 OFF flow>6576 srcPort>46661 dst>fd10:43:100::2/25376 
06:15:09.779031 OFF flow>6584 srcPort>42005 dst>fd10:43:100::2/25384 
06:15:09.955082 SHUTDOWN flow>6600 srcPort>35007 dst>fd10:43:100::2/25400 
06:15:09.955169 SHUTDOWN flow>6592 srcPort>38221 dst>fd10:43:100::2/25392 
06:15:10.247678 SHUTDOWN flow>6616 srcPort>40657 dst>fd10:43:100::2/25416 
06:15:10.251232 ON flow>6840 srcPort>38971 dst>fd10:43:100::2/25640 
06:15:10.346083 CONNECT flow>6840 srcPort>38971 dst>fd10:43:100::2/25640 
06:15:10.393370 ON flow>6848 srcPort>40589 dst>fd10:43:100::2/25648 
06:15:10.435208 OFF flow>6600 srcPort>35007 dst>fd10:43:100::2/25400 
06:15:10.478057 CONNECT flow>6848 srcPort>40589 dst>fd10:43:100::2/25648 
06:15:10.595585 ON flow>6856 srcPort>38257 dst>fd10:43:100::2/25656 
06:15:10.681115 SHUTDOWN flow>6632 srcPort>37239 dst>fd10:43:100::2/25432 
06:15:10.690298 CONNECT flow>6856 srcPort>38257 dst>fd10:43:100::2/25656 
06:15:10.728936 OFF flow>6616 srcPort>40657 dst>fd10:43:100::2/25416 
06:15:10.733847 SHUTDOWN flow>6608 srcPort>38029 dst>fd10:43:100::2/25408 
06:15:10.734637 SHUTDOWN flow>6624 srcPort>36155 dst>fd10:43:100::2/25424 
06:15:10.749705 ON flow>6864 srcPort>44907 dst>fd10:43:100::2/25664 
06:15:10.847305 CONNECT flow>6864 srcPort>44907 dst>fd10:43:100::2/25664 
06:15:10.854085 SHUTDOWN flow>6640 srcPort>36943 dst>fd10:43:100::2/25440 
06:15:10.958402 OFF flow>6640 srcPort>36943 dst>fd10:43:100::2/25440 
06:15:10.991117 ON flow>6872 srcPort>34639 dst>fd10:43:100::2/25672 
06:15:11.006096 SHUTDOWN flow>6648 srcPort>39465 dst>fd10:43:100::2/25448 
06:15:11.106768 CONNECT flow>6872 srcPort>34639 dst>fd10:43:100::2/25672 
06:15:11.163693 SHUTDOWN flow>6656 srcPort>35603 dst>fd10:43:100::2/25456 
06:15:11.214994 OFF flow>6632 srcPort>37239 dst>fd10:43:100::2/25432 
06:15:11.460808 SHUTDOWN flow>6664 srcPort>41775 dst>fd10:43:100::2/25464 
06:15:11.518204 SHUTDOWN flow>6672 srcPort>32865 dst>fd10:43:100::2/25472 
06:15:11.686730 SHUTDOWN flow>6680 srcPort>36291 dst>fd10:43:100::2/25480 
06:15:11.708450 OFF flow>6656 srcPort>35603 dst>fd10:43:100::2/25456 
06:15:11.748997 OFF flow>6592 srcPort>38221 dst>fd10:43:100::2/25392 
06:15:11.827933 OFF flow>6648 srcPort>39465 dst>fd10:43:100::2/25448 
06:15:11.924106 OFF flow>6624 srcPort>36155 dst>fd10:43:100::2/25424 
06:15:11.991820 SHUTDOWN flow>6688 srcPort>45541 dst>fd10:43:100::2/25488 
06:15:12.010294 OFF flow>6608 srcPort>38029 dst>fd10:43:100::2/25408 
06:15:12.068297 OFF flow>6688 srcPort>45541 dst>fd10:43:100::2/25488 
06:15:12.174100 ON flow>6880 srcPort>45773 dst>fd10:43:100::2/25680 
06:15:12.196026 SHUTDOWN flow>6704 srcPort>41767 dst>fd10:43:100::2/25504 
06:15:12.218646 OFF flow>6664 srcPort>41775 dst>fd10:43:100::2/25464 
06:15:12.249633 CONNECT flow>6880 srcPort>45773 dst>fd10:43:100::2/25680 
06:15:12.278102 OFF flow>6672 srcPort>32865 dst>fd10:43:100::2/25472 
06:15:12.308109 ON flow>6888 srcPort>33387 dst>fd10:43:100::2/25688 
06:15:12.316167 SHUTDOWN flow>6712 srcPort>41587 dst>fd10:43:100::2/25512 
06:15:12.344911 OFF flow>6680 srcPort>36291 dst>fd10:43:100::2/25480 
06:15:12.367748 OFF flow>6704 srcPort>41767 dst>fd10:43:100::2/25504 
06:15:12.370629 ON flow>6896 srcPort>35471 dst>fd10:43:100::2/25696 
06:15:12.376904 CONNECT flow>6888 srcPort>33387 dst>fd10:43:100::2/25688 
06:15:12.382987 OFF flow>6712 srcPort>41587 dst>fd10:43:100::2/25512 
06:15:12.412465 ON flow>6904 srcPort>42657 dst>fd10:43:100::2/25704 
06:15:12.412478 SHUTDOWN flow>6720 srcPort>42335 dst>fd10:43:100::2/25520 
06:15:12.412916 SHUTDOWN flow>6696 srcPort>40605 dst>fd10:43:100::2/25496 
06:15:12.432577 CONNECT flow>6896 srcPort>35471 dst>fd10:43:100::2/25696 
06:15:12.468358 ON flow>6912 srcPort>44827 dst>fd10:43:100::2/25712 
06:15:12.474567 OFF flow>6720 srcPort>42335 dst>fd10:43:100::2/25520 
06:15:12.475326 CONNECT flow>6904 srcPort>42657 dst>fd10:43:100::2/25704 
06:15:12.525404 CONNECT flow>6912 srcPort>44827 dst>fd10:43:100::2/25712 
06:15:12.544273 SHUTDOWN flow>6728 srcPort>40915 dst>fd10:43:100::2/25528 
06:15:12.558142 ON flow>6920 srcPort>42251 dst>fd10:43:100::2/25720 
06:15:12.599079 OFF flow>6728 srcPort>40915 dst>fd10:43:100::2/25528 
06:15:12.613095 CONNECT flow>6920 srcPort>42251 dst>fd10:43:100::2/25720 
06:15:12.631777 ON flow>6928 srcPort>38161 dst>fd10:43:100::2/25728 
06:15:12.686607 CONNECT flow>6928 srcPort>38161 dst>fd10:43:100::2/25728 
06:15:12.781550 ON flow>6936 srcPort>43807 dst>fd10:43:100::2/25736 
06:15:12.782141 OFF flow>6696 srcPort>40605 dst>fd10:43:100::2/25496 
06:15:12.786724 SHUTDOWN flow>6736 srcPort>41649 dst>fd10:43:100::2/25536 
06:15:12.834394 CONNECT flow>6936 srcPort>43807 dst>fd10:43:100::2/25736 
06:15:12.840905 OFF flow>6736 srcPort>41649 dst>fd10:43:100::2/25536 
06:15:12.932460 SHUTDOWN flow>6744 srcPort>35623 dst>fd10:43:100::2/25544 
06:15:12.983687 OFF flow>6744 srcPort>35623 dst>fd10:43:100::2/25544 
06:15:13.018622 ON flow>6944 srcPort>38639 dst>fd10:43:100::2/25744 
06:15:13.063747 CONNECT flow>6944 srcPort>38639 dst>fd10:43:100::2/25744 
06:15:13.180853 ON flow>6952 srcPort>46841 dst>fd10:43:100::2/25752 
06:15:13.187732 SHUTDOWN flow>6752 srcPort>35901 dst>fd10:43:100::2/25552 
06:15:13.213842 CONNECT flow>6952 srcPort>46841 dst>fd10:43:100::2/25752 
06:15:13.219045 OFF flow>6752 srcPort>35901 dst>fd10:43:100::2/25552 
06:15:13.281739 ON flow>6960 srcPort>38531 dst>fd10:43:100::2/25760 
06:15:13.307402 CONNECT flow>6960 srcPort>38531 dst>fd10:43:100::2/25760 
06:15:13.363331 SHUTDOWN flow>6760 srcPort>40079 dst>fd10:43:100::2/25560 
06:15:13.382299 OFF flow>6760 srcPort>40079 dst>fd10:43:100::2/25560 
06:15:13.386383 ON flow>6968 srcPort>34189 dst>fd10:43:100::2/25768 
06:15:13.405702 CONNECT flow>6968 srcPort>34189 dst>fd10:43:100::2/25768 
06:15:13.441367 ON flow>6976 srcPort>35937 dst>fd10:43:100::2/25776 
06:15:13.449529 SHUTDOWN flow>6768 srcPort>41455 dst>fd10:43:100::2/25568 
06:15:13.451261 CONNECT flow>6976 srcPort>35937 dst>fd10:43:100::2/25776 
06:15:13.457399 OFF flow>6768 srcPort>41455 dst>fd10:43:100::2/25568 
06:15:13.535053 ON flow>6984 srcPort>38609 dst>fd10:43:100::2/25784 
06:15:13.536036 CONNECT flow>6984 srcPort>38609 dst>fd10:43:100::2/25784 
06:15:13.554537 SHUTDOWN flow>6776 srcPort>36893 dst>fd10:43:100::2/25576 
06:15:13.555121 OFF flow>6776 srcPort>36893 dst>fd10:43:100::2/25576 
06:15:13.624731 SHUTDOWN flow>6784 srcPort>41975 dst>fd10:43:100::2/25584 
06:15:13.625551 OFF flow>6784 srcPort>41975 dst>fd10:43:100::2/25584 
06:15:13.632849 ON flow>6992 srcPort>36717 dst>fd10:43:100::2/25792 
06:15:13.633323 CONNECT flow>6992 srcPort>36717 dst>fd10:43:100::2/25792 
06:15:13.714983 SHUTDOWN flow>6792 srcPort>34193 dst>fd10:43:100::2/25592 
06:15:13.715373 OFF flow>6792 srcPort>34193 dst>fd10:43:100::2/25592 
06:15:13.769476 SHUTDOWN flow>6800 srcPort>34589 dst>fd10:43:100::2/25600 
06:15:13.769967 OFF flow>6800 srcPort>34589 dst>fd10:43:100::2/25600 
06:15:13.789940 ON flow>7000 srcPort>42425 dst>fd10:43:100::2/25800 
06:15:13.790367 CONNECT flow>7000 srcPort>42425 dst>fd10:43:100::2/25800 
06:15:13.813880 SHUTDOWN flow>6808 srcPort>45487 dst>fd10:43:100::2/25608 
06:15:13.814562 OFF flow>6808 srcPort>45487 dst>fd10:43:100::2/25608 
06:15:13.860593 SHUTDOWN flow>6816 srcPort>40263 dst>fd10:43:100::2/25616 
06:15:13.861172 OFF flow>6816 srcPort>40263 dst>fd10:43:100::2/25616 
06:15:13.889391 ON flow>7008 srcPort>32849 dst>fd10:43:100::2/25808 
06:15:13.889641 CONNECT flow>7008 srcPort>32849 dst>fd10:43:100::2/25808 
06:15:13.958504 SHUTDOWN flow>6824 srcPort>37307 dst>fd10:43:100::2/25624 
06:15:13.960471 ON flow>7016 srcPort>39289 dst>fd10:43:100::2/25816 
06:15:13.960701 CONNECT flow>7016 srcPort>39289 dst>fd10:43:100::2/25816 
06:15:13.965821 OFF flow>6824 srcPort>37307 dst>fd10:43:100::2/25624 
06:15:13.982460 ON flow>7024 srcPort>40177 dst>fd10:43:100::2/25824 
06:15:13.982722 CONNECT flow>7024 srcPort>40177 dst>fd10:43:100::2/25824 
06:15:14.032211 ON flow>7032 srcPort>36633 dst>fd10:43:100::2/25832 
06:15:14.032510 CONNECT flow>7032 srcPort>36633 dst>fd10:43:100::2/25832 
06:15:14.163682 SHUTDOWN flow>6832 srcPort>35757 dst>fd10:43:100::2/25632 
06:15:14.164061 OFF flow>6832 srcPort>35757 dst>fd10:43:100::2/25632 
06:15:14.177209 ON flow>7040 srcPort>39275 dst>fd10:43:100::2/25840 
06:15:14.177561 CONNECT flow>7040 srcPort>39275 dst>fd10:43:100::2/25840 
06:15:14.341587 ON flow>7048 srcPort>45321 dst>fd10:43:100::2/25848 
06:15:14.341809 CONNECT flow>7048 srcPort>45321 dst>fd10:43:100::2/25848 
06:15:14.605931 ON flow>7056 srcPort>32975 dst>fd10:43:100::2/25856 
06:15:14.606493 CONNECT flow>7056 srcPort>32975 dst>fd10:43:100::2/25856 
06:15:14.851564 ON flow>7064 srcPort>41081 dst>fd10:43:100::2/25864 
06:15:14.852070 CONNECT flow>7064 srcPort>41081 dst>fd10:43:100::2/25864 
06:15:15.019053 ON flow>7072 srcPort>39315 dst>fd10:43:100::2/25872 
06:15:15.019701 CONNECT flow>7072 srcPort>39315 dst>fd10:43:100::2/25872 
06:15:15.050964 SHUTDOWN flow>6840 srcPort>38971 dst>fd10:43:100::2/25640 
06:15:15.051456 OFF flow>6840 srcPort>38971 dst>fd10:43:100::2/25640 
06:15:15.193069 SHUTDOWN flow>6848 srcPort>40589 dst>fd10:43:100::2/25648 
06:15:15.193442 OFF flow>6848 srcPort>40589 dst>fd10:43:100::2/25648 
06:15:15.285599 ON flow>7080 srcPort>34487 dst>fd10:43:100::2/25880 
06:15:15.286211 CONNECT flow>7080 srcPort>34487 dst>fd10:43:100::2/25880 
06:15:15.395379 SHUTDOWN flow>6856 srcPort>38257 dst>fd10:43:100::2/25656 
06:15:15.396216 OFF flow>6856 srcPort>38257 dst>fd10:43:100::2/25656 
06:15:15.493254 ON flow>7088 srcPort>37541 dst>fd10:43:100::2/25888 
06:15:15.493982 CONNECT flow>7088 srcPort>37541 dst>fd10:43:100::2/25888 
06:15:15.549568 SHUTDOWN flow>6864 srcPort>44907 dst>fd10:43:100::2/25664 
06:15:15.550272 OFF flow>6864 srcPort>44907 dst>fd10:43:100::2/25664 
06:15:15.636910 ON flow>7096 srcPort>45137 dst>fd10:43:100::2/25896 
06:15:15.637267 CONNECT flow>7096 srcPort>45137 dst>fd10:43:100::2/25896 
06:15:15.707474 ON flow>7104 srcPort>40241 dst>fd10:43:100::2/25904 
06:15:15.707936 CONNECT flow>7104 srcPort>40241 dst>fd10:43:100::2/25904 
06:15:15.790878 SHUTDOWN flow>6872 srcPort>34639 dst>fd10:43:100::2/25672 
06:15:15.791422 OFF flow>6872 srcPort>34639 dst>fd10:43:100::2/25672 
06:15:15.897389 ON flow>7112 srcPort>41939 dst>fd10:43:100::2/25912 
06:15:15.897745 CONNECT flow>7112 srcPort>41939 dst>fd10:43:100::2/25912 
06:15:16.076547 ON flow>7120 srcPort>33701 dst>fd10:43:100::2/25920 
06:15:16.076885 CONNECT flow>7120 srcPort>33701 dst>fd10:43:100::2/25920 
06:15:16.333344 ON flow>7128 srcPort>41213 dst>fd10:43:100::2/25928 
06:15:16.343929 CONNECT flow>7128 srcPort>41213 dst>fd10:43:100::2/25928 
06:15:16.362464 ON flow>7136 srcPort>45535 dst>fd10:43:100::2/25936 
06:15:16.364312 CONNECT flow>7136 srcPort>45535 dst>fd10:43:100::2/25936 
06:15:16.453832 ON flow>7144 srcPort>33121 dst>fd10:43:100::2/25944 
06:15:16.454778 CONNECT flow>7144 srcPort>33121 dst>fd10:43:100::2/25944 
06:15:16.614738 ON flow>7152 srcPort>45723 dst>fd10:43:100::2/25952 
06:15:16.615177 CONNECT flow>7152 srcPort>45723 dst>fd10:43:100::2/25952 
06:15:16.714363 ON flow>7160 srcPort>42915 dst>fd10:43:100::2/25960 
06:15:16.714600 CONNECT flow>7160 srcPort>42915 dst>fd10:43:100::2/25960 
06:15:16.900792 ON flow>7168 srcPort>39917 dst>fd10:43:100::2/25968 
06:15:16.910095 CONNECT flow>7168 srcPort>39917 dst>fd10:43:100::2/25968 
06:15:16.973869 SHUTDOWN flow>6880 srcPort>45773 dst>fd10:43:100::2/25680 
06:15:16.984683 OFF flow>6880 srcPort>45773 dst>fd10:43:100::2/25680 
06:15:17.073949 ON flow>7176 srcPort>36387 dst>fd10:43:100::2/25976 
06:15:17.086064 CONNECT flow>7176 srcPort>36387 dst>fd10:43:100::2/25976 
06:15:17.107795 SHUTDOWN flow>6888 srcPort>33387 dst>fd10:43:100::2/25688 
06:15:17.120540 OFF flow>6888 srcPort>33387 dst>fd10:43:100::2/25688 
06:15:17.170521 SHUTDOWN flow>6896 srcPort>35471 dst>fd10:43:100::2/25696 
06:15:17.187024 OFF flow>6896 srcPort>35471 dst>fd10:43:100::2/25696 
06:15:17.212388 SHUTDOWN flow>6904 srcPort>42657 dst>fd10:43:100::2/25704 
06:15:17.243367 ON flow>7184 srcPort>38797 dst>fd10:43:100::2/25984 
06:15:17.265862 CONNECT flow>7184 srcPort>38797 dst>fd10:43:100::2/25984 
06:15:17.268318 SHUTDOWN flow>6912 srcPort>44827 dst>fd10:43:100::2/25712 
06:15:17.280399 OFF flow>6904 srcPort>42657 dst>fd10:43:100::2/25704 
06:15:17.345026 OFF flow>6912 srcPort>44827 dst>fd10:43:100::2/25712 
06:15:17.358278 SHUTDOWN flow>6920 srcPort>42251 dst>fd10:43:100::2/25720 
06:15:17.367115 ON flow>7192 srcPort>35207 dst>fd10:43:100::2/25992 
06:15:17.391619 OFF flow>6920 srcPort>42251 dst>fd10:43:100::2/25720 
06:15:17.401868 CONNECT flow>7192 srcPort>35207 dst>fd10:43:100::2/25992 
06:15:17.431597 SHUTDOWN flow>6928 srcPort>38161 dst>fd10:43:100::2/25728 
06:15:17.475481 OFF flow>6928 srcPort>38161 dst>fd10:43:100::2/25728 
06:15:17.498887 ON flow>7200 srcPort>45643 dst>fd10:43:100::2/26000 
06:15:17.561421 CONNECT flow>7200 srcPort>45643 dst>fd10:43:100::2/26000 
06:15:17.581397 SHUTDOWN flow>6936 srcPort>43807 dst>fd10:43:100::2/25736 
06:15:17.607380 ON flow>7208 srcPort>40861 dst>fd10:43:100::2/26008 
06:15:17.649000 OFF flow>6936 srcPort>43807 dst>fd10:43:100::2/25736 
06:15:17.678163 CONNECT flow>7208 srcPort>40861 dst>fd10:43:100::2/26008 
06:15:17.685482 ON flow>7216 srcPort>33959 dst>fd10:43:100::2/26016 
06:15:17.764847 CONNECT flow>7216 srcPort>33959 dst>fd10:43:100::2/26016 
06:15:17.818330 SHUTDOWN flow>6944 srcPort>38639 dst>fd10:43:100::2/25744 
06:15:17.866388 ON flow>7224 srcPort>45343 dst>fd10:43:100::2/26024 
06:15:17.926129 OFF flow>6944 srcPort>38639 dst>fd10:43:100::2/25744 
06:15:17.953928 CONNECT flow>7224 srcPort>45343 dst>fd10:43:100::2/26024 
06:15:17.980700 SHUTDOWN flow>6952 srcPort>46841 dst>fd10:43:100::2/25752 
06:15:18.068557 ON flow>7232 srcPort>45087 dst>fd10:43:100::2/26032 
06:15:18.081586 SHUTDOWN flow>6960 srcPort>38531 dst>fd10:43:100::2/25760 
06:15:18.089796 OFF flow>6952 srcPort>46841 dst>fd10:43:100::2/25752 
06:15:18.168208 CONNECT flow>7232 srcPort>45087 dst>fd10:43:100::2/26032 
06:15:18.186301 SHUTDOWN flow>6968 srcPort>34189 dst>fd10:43:100::2/25768 
06:15:18.235784 OFF flow>6960 srcPort>38531 dst>fd10:43:100::2/25760 
06:15:18.241339 SHUTDOWN flow>6976 srcPort>35937 dst>fd10:43:100::2/25776 
06:15:18.291386 ON flow>7240 srcPort>46071 dst>fd10:43:100::2/26040 
06:15:18.334981 SHUTDOWN flow>6984 srcPort>38609 dst>fd10:43:100::2/25784 
06:15:18.406347 CONNECT flow>7240 srcPort>46071 dst>fd10:43:100::2/26040 
06:15:18.432598 SHUTDOWN flow>6992 srcPort>36717 dst>fd10:43:100::2/25792 
06:15:18.536063 OFF flow>6976 srcPort>35937 dst>fd10:43:100::2/25776 
06:15:18.581056 ON flow>7248 srcPort>41495 dst>fd10:43:100::2/26048 
06:15:18.627166 OFF flow>6984 srcPort>38609 dst>fd10:43:100::2/25784 
06:15:18.667939 ON flow>7256 srcPort>33197 dst>fd10:43:100::2/26056 
06:15:18.682395 OFF flow>6968 srcPort>34189 dst>fd10:43:100::2/25768 
06:15:18.689287 SHUTDOWN flow>7008 srcPort>32849 dst>fd10:43:100::2/25808 
06:15:18.693937 CONNECT flow>7248 srcPort>41495 dst>fd10:43:100::2/26048 
06:15:18.705170 SHUTDOWN flow>7000 srcPort>42425 dst>fd10:43:100::2/25800 
06:15:18.751382 OFF flow>6992 srcPort>36717 dst>fd10:43:100::2/25792 
06:15:18.760393 SHUTDOWN flow>7016 srcPort>39289 dst>fd10:43:100::2/25816 
06:15:18.769736 CONNECT flow>7256 srcPort>33197 dst>fd10:43:100::2/26056 
06:15:18.782661 SHUTDOWN flow>7024 srcPort>40177 dst>fd10:43:100::2/25824 
06:15:18.821084 ON flow>7264 srcPort>42247 dst>fd10:43:100::2/26064 
06:15:18.832098 SHUTDOWN flow>7032 srcPort>36633 dst>fd10:43:100::2/25832 
06:15:18.855360 ON flow>7272 srcPort>37513 dst>fd10:43:100::2/26072 
06:15:18.913676 ON flow>7280 srcPort>41487 dst>fd10:43:100::2/26080 
06:15:18.915936 CONNECT flow>7264 srcPort>42247 dst>fd10:43:100::2/26064 
06:15:18.924472 OFF flow>7032 srcPort>36633 dst>fd10:43:100::2/25832 
06:15:18.953298 CONNECT flow>7272 srcPort>37513 dst>fd10:43:100::2/26072 
06:15:18.976105 ON flow>7288 srcPort>35247 dst>fd10:43:100::2/26088 
06:15:18.977114 SHUTDOWN flow>7040 srcPort>39275 dst>fd10:43:100::2/25840 
06:15:18.988248 OFF flow>7024 srcPort>40177 dst>fd10:43:100::2/25824 
06:15:18.995020 OFF flow>7016 srcPort>39289 dst>fd10:43:100::2/25816 
06:15:19.010860 CONNECT flow>7280 srcPort>41487 dst>fd10:43:100::2/26080 
06:15:19.039817 ON flow>7296 srcPort>39543 dst>fd10:43:100::2/26096 
06:15:19.072225 CONNECT flow>7288 srcPort>35247 dst>fd10:43:100::2/26088 
06:15:19.120083 ON flow>7304 srcPort>41219 dst>fd10:43:100::2/26104 
06:15:19.138901 CONNECT flow>7296 srcPort>39543 dst>fd10:43:100::2/26096 
06:15:19.141498 SHUTDOWN flow>7048 srcPort>45321 dst>fd10:43:100::2/25848 
06:15:19.218741 CONNECT flow>7304 srcPort>41219 dst>fd10:43:100::2/26104 
06:15:19.261834 OFF flow>7008 srcPort>32849 dst>fd10:43:100::2/25808 
06:15:19.291727 ON flow>7312 srcPort>34401 dst>fd10:43:100::2/26112 
06:15:19.328155 OFF flow>7048 srcPort>45321 dst>fd10:43:100::2/25848 
06:15:19.344730 ON flow>7320 srcPort>45349 dst>fd10:43:100::2/26120 
06:15:19.345941 OFF flow>7000 srcPort>42425 dst>fd10:43:100::2/25800 
06:15:19.400485 CONNECT flow>7312 srcPort>34401 dst>fd10:43:100::2/26112 
06:15:19.405813 SHUTDOWN flow>7056 srcPort>32975 dst>fd10:43:100::2/25856 
06:15:19.428824 ON flow>7328 srcPort>38379 dst>fd10:43:100::2/26128 
06:15:19.453885 CONNECT flow>7320 srcPort>45349 dst>fd10:43:100::2/26120 
06:15:19.538444 CONNECT flow>7328 srcPort>38379 dst>fd10:43:100::2/26128 
06:15:19.637879 OFF flow>7040 srcPort>39275 dst>fd10:43:100::2/25840 
06:15:19.651401 SHUTDOWN flow>7064 srcPort>41081 dst>fd10:43:100::2/25864 
06:15:19.703852 ON flow>7336 srcPort>43489 dst>fd10:43:100::2/26136 
06:15:19.813067 CONNECT flow>7336 srcPort>43489 dst>fd10:43:100::2/26136 
06:15:19.819012 SHUTDOWN flow>7072 srcPort>39315 dst>fd10:43:100::2/25872 
06:15:19.934595 OFF flow>7064 srcPort>41081 dst>fd10:43:100::2/25864 
06:15:20.112516 ON flow>7344 srcPort>34541 dst>fd10:43:100::2/26144 
06:15:20.216021 CONNECT flow>7344 srcPort>34541 dst>fd10:43:100::2/26144 
06:15:20.293091 SHUTDOWN flow>7088 srcPort>37541 dst>fd10:43:100::2/25888 
06:15:20.315893 ON flow>7352 srcPort>46453 dst>fd10:43:100::2/26152 
06:15:20.413682 CONNECT flow>7352 srcPort>46453 dst>fd10:43:100::2/26152 
06:15:20.432085 SHUTDOWN flow>7080 srcPort>34487 dst>fd10:43:100::2/25880 
06:15:20.436695 SHUTDOWN flow>7096 srcPort>45137 dst>fd10:43:100::2/25896 
06:15:20.454824 ON flow>7360 srcPort>33583 dst>fd10:43:100::2/26160 
06:15:20.507429 SHUTDOWN flow>7104 srcPort>40241 dst>fd10:43:100::2/25904 
06:15:20.555113 CONNECT flow>7360 srcPort>33583 dst>fd10:43:100::2/26160 
06:15:20.556003 OFF flow>7056 srcPort>32975 dst>fd10:43:100::2/25856 
06:15:20.564390 OFF flow>7072 srcPort>39315 dst>fd10:43:100::2/25872 
06:15:20.587749 ON flow>7368 srcPort>38191 dst>fd10:43:100::2/26168 
06:15:20.691544 CONNECT flow>7368 srcPort>38191 dst>fd10:43:100::2/26168 
06:15:20.741837 ON flow>7376 srcPort>34801 dst>fd10:43:100::2/26176 
06:15:20.850068 CONNECT flow>7376 srcPort>34801 dst>fd10:43:100::2/26176 
06:15:20.876386 SHUTDOWN flow>7120 srcPort>33701 dst>fd10:43:100::2/25920 
06:15:21.032794 SHUTDOWN flow>7112 srcPort>41939 dst>fd10:43:100::2/25912 
06:15:21.105061 ON flow>7384 srcPort>42811 dst>fd10:43:100::2/26184 
06:15:21.162429 SHUTDOWN flow>7136 srcPort>45535 dst>fd10:43:100::2/25936 
06:15:21.170208 OFF flow>7096 srcPort>45137 dst>fd10:43:100::2/25896 
06:15:21.171119 OFF flow>7080 srcPort>34487 dst>fd10:43:100::2/25880 
06:15:21.191319 OFF flow>7088 srcPort>37541 dst>fd10:43:100::2/25888 
06:15:21.204933 CONNECT flow>7384 srcPort>42811 dst>fd10:43:100::2/26184 
06:15:21.222071 ON flow>7392 srcPort>40311 dst>fd10:43:100::2/26192 
06:15:21.253700 SHUTDOWN flow>7144 srcPort>33121 dst>fd10:43:100::2/25944 
06:15:21.319774 CONNECT flow>7392 srcPort>40311 dst>fd10:43:100::2/26192 
06:15:21.333876 OFF flow>7104 srcPort>40241 dst>fd10:43:100::2/25904 
06:15:21.470025 ON flow>7400 srcPort>44733 dst>fd10:43:100::2/26200 
06:15:21.573857 CONNECT flow>7400 srcPort>44733 dst>fd10:43:100::2/26200 
06:15:21.615299 SHUTDOWN flow>7152 srcPort>45723 dst>fd10:43:100::2/25952 
06:15:21.663741 OFF flow>7120 srcPort>33701 dst>fd10:43:100::2/25920 
06:15:21.700594 SHUTDOWN flow>7168 srcPort>39917 dst>fd10:43:100::2/25968 
06:15:21.725259 OFF flow>7136 srcPort>45535 dst>fd10:43:100::2/25936 
06:15:21.734867 OFF flow>7112 srcPort>41939 dst>fd10:43:100::2/25912 
06:15:21.805453 ON flow>7408 srcPort>37151 dst>fd10:43:100::2/26208 
06:15:21.905787 CONNECT flow>7408 srcPort>37151 dst>fd10:43:100::2/26208 
06:15:21.930945 SHUTDOWN flow>7128 srcPort>41213 dst>fd10:43:100::2/25928 
06:15:21.937101 OFF flow>7168 srcPort>39917 dst>fd10:43:100::2/25968 
06:15:22.030023 SHUTDOWN flow>7160 srcPort>42915 dst>fd10:43:100::2/25960 
06:15:22.042899 SHUTDOWN flow>7184 srcPort>38797 dst>fd10:43:100::2/25984 
06:15:22.084147 ON flow>7416 srcPort>39883 dst>fd10:43:100::2/26216 
06:15:22.131458 SHUTDOWN flow>7176 srcPort>36387 dst>fd10:43:100::2/25976 
06:15:22.155630 ON flow>7424 srcPort>44147 dst>fd10:43:100::2/26224 
06:15:22.166696 SHUTDOWN flow>7192 srcPort>35207 dst>fd10:43:100::2/25992 
06:15:22.178938 CONNECT flow>7416 srcPort>39883 dst>fd10:43:100::2/26216 
06:15:22.244974 CONNECT flow>7424 srcPort>44147 dst>fd10:43:100::2/26224 
06:15:22.269808 ON flow>7432 srcPort>35815 dst>fd10:43:100::2/26232 
06:15:22.298610 SHUTDOWN flow>7200 srcPort>45643 dst>fd10:43:100::2/26000 
06:15:22.301644 OFF flow>7144 srcPort>33121 dst>fd10:43:100::2/25944 
06:15:22.354831 CONNECT flow>7432 srcPort>35815 dst>fd10:43:100::2/26232 
06:15:22.377283 ON flow>7440 srcPort>43777 dst>fd10:43:100::2/26240 
06:15:22.407122 SHUTDOWN flow>7208 srcPort>40861 dst>fd10:43:100::2/26008 
06:15:22.436304 ON flow>7448 srcPort>45323 dst>fd10:43:100::2/26248 
06:15:22.457070 CONNECT flow>7440 srcPort>43777 dst>fd10:43:100::2/26240 
06:15:22.485125 SHUTDOWN flow>7216 srcPort>33959 dst>fd10:43:100::2/26016 
06:15:22.513501 CONNECT flow>7448 srcPort>45323 dst>fd10:43:100::2/26248 
06:15:22.516190 OFF flow>7176 srcPort>36387 dst>fd10:43:100::2/25976 
06:15:22.571978 ON flow>7456 srcPort>42495 dst>fd10:43:100::2/26256 
06:15:22.617774 OFF flow>7152 srcPort>45723 dst>fd10:43:100::2/25952 
06:15:22.649530 CONNECT flow>7456 srcPort>42495 dst>fd10:43:100::2/26256 
06:15:22.666097 SHUTDOWN flow>7224 srcPort>45343 dst>fd10:43:100::2/26024 
06:15:22.718719 OFF flow>7200 srcPort>45643 dst>fd10:43:100::2/26000 
06:15:22.744462 OFF flow>7224 srcPort>45343 dst>fd10:43:100::2/26024 
06:15:22.749665 ON flow>7464 srcPort>43781 dst>fd10:43:100::2/26264 
06:15:22.825614 OFF flow>7208 srcPort>40861 dst>fd10:43:100::2/26008 
06:15:22.827997 CONNECT flow>7464 srcPort>43781 dst>fd10:43:100::2/26264 
06:15:22.830359 OFF flow>7192 srcPort>35207 dst>fd10:43:100::2/25992 
06:15:22.891135 OFF flow>7160 srcPort>42915 dst>fd10:43:100::2/25960 
06:15:22.895293 ON flow>7472 srcPort>46767 dst>fd10:43:100::2/26272 
06:15:22.935985 OFF flow>7128 srcPort>41213 dst>fd10:43:100::2/25928 
06:15:22.968880 CONNECT flow>7472 srcPort>46767 dst>fd10:43:100::2/26272 
06:15:23.000613 OFF flow>7184 srcPort>38797 dst>fd10:43:100::2/25984 
06:15:23.025127 ON flow>7480 srcPort>43271 dst>fd10:43:100::2/26280 
06:15:23.077494 SHUTDOWN flow>7232 srcPort>45087 dst>fd10:43:100::2/26032 
06:15:23.091212 SHUTDOWN flow>7240 srcPort>46071 dst>fd10:43:100::2/26040 
06:15:23.092560 CONNECT flow>7480 srcPort>43271 dst>fd10:43:100::2/26280 
06:15:23.113329 ON flow>7488 srcPort>35295 dst>fd10:43:100::2/26288 
06:15:23.137462 OFF flow>7216 srcPort>33959 dst>fd10:43:100::2/26016 
06:15:23.151094 OFF flow>7240 srcPort>46071 dst>fd10:43:100::2/26040 
06:15:23.173773 CONNECT flow>7488 srcPort>35295 dst>fd10:43:100::2/26288 
06:15:23.205278 ON flow>7496 srcPort>45789 dst>fd10:43:100::2/26296 
06:15:23.254026 CONNECT flow>7496 srcPort>45789 dst>fd10:43:100::2/26296 
06:15:23.332036 ON flow>7504 srcPort>41189 dst>fd10:43:100::2/26304 
06:15:23.365417 OFF flow>7232 srcPort>45087 dst>fd10:43:100::2/26032 
06:15:23.373563 CONNECT flow>7504 srcPort>41189 dst>fd10:43:100::2/26304 
06:15:23.380901 SHUTDOWN flow>7248 srcPort>41495 dst>fd10:43:100::2/26048 
06:15:23.422806 OFF flow>7248 srcPort>41495 dst>fd10:43:100::2/26048 
06:15:23.443009 ON flow>7512 srcPort>46165 dst>fd10:43:100::2/26312 
06:15:23.467797 SHUTDOWN flow>7256 srcPort>33197 dst>fd10:43:100::2/26056 
06:15:23.485528 CONNECT flow>7512 srcPort>46165 dst>fd10:43:100::2/26312 
06:15:23.507807 OFF flow>7256 srcPort>33197 dst>fd10:43:100::2/26056 
06:15:23.521008 ON flow>7520 srcPort>38153 dst>fd10:43:100::2/26320 
06:15:23.560707 CONNECT flow>7520 srcPort>38153 dst>fd10:43:100::2/26320 
06:15:23.620907 SHUTDOWN flow>7264 srcPort>42247 dst>fd10:43:100::2/26064 
06:15:23.638985 ON flow>7528 srcPort>40379 dst>fd10:43:100::2/26328 
06:15:23.654693 SHUTDOWN flow>7272 srcPort>37513 dst>fd10:43:100::2/26072 
06:15:23.677049 CONNECT flow>7528 srcPort>40379 dst>fd10:43:100::2/26328 
06:15:23.713099 SHUTDOWN flow>7280 srcPort>41487 dst>fd10:43:100::2/26080 
06:15:23.751088 OFF flow>7280 srcPort>41487 dst>fd10:43:100::2/26080 
06:15:23.775931 SHUTDOWN flow>7288 srcPort>35247 dst>fd10:43:100::2/26088 
06:15:23.813441 OFF flow>7288 srcPort>35247 dst>fd10:43:100::2/26088 
06:15:23.839637 SHUTDOWN flow>7296 srcPort>39543 dst>fd10:43:100::2/26096 
06:15:23.886190 OFF flow>7296 srcPort>39543 dst>fd10:43:100::2/26096 
06:15:23.919949 SHUTDOWN flow>7304 srcPort>41219 dst>fd10:43:100::2/26104 
06:15:23.939788 OFF flow>7272 srcPort>37513 dst>fd10:43:100::2/26072 
06:15:23.953505 OFF flow>7304 srcPort>41219 dst>fd10:43:100::2/26104 
06:15:23.975844 ON flow>7536 srcPort>38709 dst>fd10:43:100::2/26336 
06:15:24.005300 CONNECT flow>7536 srcPort>38709 dst>fd10:43:100::2/26336 
06:15:24.091562 SHUTDOWN flow>7312 srcPort>34401 dst>fd10:43:100::2/26112 
06:15:24.104526 OFF flow>7264 srcPort>42247 dst>fd10:43:100::2/26064 
06:15:24.107491 OFF flow>7312 srcPort>34401 dst>fd10:43:100::2/26112 
06:15:24.144461 SHUTDOWN flow>7320 srcPort>45349 dst>fd10:43:100::2/26120 
06:15:24.157336 OFF flow>7320 srcPort>45349 dst>fd10:43:100::2/26120 
06:15:24.161355 ON flow>7544 srcPort>33009 dst>fd10:43:100::2/26344 
06:15:24.167263 CONNECT flow>7544 srcPort>33009 dst>fd10:43:100::2/26344 
06:15:24.228450 SHUTDOWN flow>7328 srcPort>38379 dst>fd10:43:100::2/26128 
06:15:24.228780 OFF flow>7328 srcPort>38379 dst>fd10:43:100::2/26128 
06:15:24.360503 ON flow>7552 srcPort>35771 dst>fd10:43:100::2/26352 
06:15:24.361271 CONNECT flow>7552 srcPort>35771 dst>fd10:43:100::2/26352 
06:15:24.503649 SHUTDOWN flow>7336 srcPort>43489 dst>fd10:43:100::2/26136 
06:15:24.503969 OFF flow>7336 srcPort>43489 dst>fd10:43:100::2/26136 
06:15:24.530212 ON flow>7560 srcPort>36187 dst>fd10:43:100::2/26360 
06:15:24.530513 CONNECT flow>7560 srcPort>36187 dst>fd10:43:100::2/26360 
06:15:24.583626 ON flow>7568 srcPort>33709 dst>fd10:43:100::2/26368 
06:15:24.585538 CONNECT flow>7568 srcPort>33709 dst>fd10:43:100::2/26368 
06:15:24.674980 ON flow>7576 srcPort>39541 dst>fd10:43:100::2/26376 
06:15:24.675448 CONNECT flow>7576 srcPort>39541 dst>fd10:43:100::2/26376 
06:15:24.854217 ON flow>7584 srcPort>43503 dst>fd10:43:100::2/26384 
06:15:24.854514 CONNECT flow>7584 srcPort>43503 dst>fd10:43:100::2/26384 
06:15:24.912300 SHUTDOWN flow>7344 srcPort>34541 dst>fd10:43:100::2/26144 
06:15:24.914273 OFF flow>7344 srcPort>34541 dst>fd10:43:100::2/26144 
06:15:24.991670 ON flow>7592 srcPort>39597 dst>fd10:43:100::2/26392 
06:15:24.992004 CONNECT flow>7592 srcPort>39597 dst>fd10:43:100::2/26392 
06:15:25.115623 SHUTDOWN flow>7352 srcPort>46453 dst>fd10:43:100::2/26152 
06:15:25.117207 OFF flow>7352 srcPort>46453 dst>fd10:43:100::2/26152 
06:15:25.207731 ON flow>7600 srcPort>46665 dst>fd10:43:100::2/26400 
06:15:25.208058 CONNECT flow>7600 srcPort>46665 dst>fd10:43:100::2/26400 
06:15:25.254490 SHUTDOWN flow>7360 srcPort>33583 dst>fd10:43:100::2/26160 
06:15:25.254907 OFF flow>7360 srcPort>33583 dst>fd10:43:100::2/26160 
06:15:25.328963 ON flow>7608 srcPort>46253 dst>fd10:43:100::2/26408 
06:15:25.329257 CONNECT flow>7608 srcPort>46253 dst>fd10:43:100::2/26408 
06:15:25.387600 SHUTDOWN flow>7368 srcPort>38191 dst>fd10:43:100::2/26168 
06:15:25.387998 OFF flow>7368 srcPort>38191 dst>fd10:43:100::2/26168 
06:15:25.476428 ON flow>7616 srcPort>41295 dst>fd10:43:100::2/26416 
06:15:25.476772 CONNECT flow>7616 srcPort>41295 dst>fd10:43:100::2/26416 
06:15:25.541677 SHUTDOWN flow>7376 srcPort>34801 dst>fd10:43:100::2/26176 
06:15:25.542627 OFF flow>7376 srcPort>34801 dst>fd10:43:100::2/26176 
06:15:25.713838 ON flow>7624 srcPort>43185 dst>fd10:43:100::2/26424 
06:15:25.714365 CONNECT flow>7624 srcPort>43185 dst>fd10:43:100::2/26424 
06:15:25.871909 ON flow>7632 srcPort>36587 dst>fd10:43:100::2/26432 
06:15:25.874115 CONNECT flow>7632 srcPort>36587 dst>fd10:43:100::2/26432 
06:15:25.904700 SHUTDOWN flow>7384 srcPort>42811 dst>fd10:43:100::2/26184 
06:15:25.905217 OFF flow>7384 srcPort>42811 dst>fd10:43:100::2/26184 
06:15:26.021904 SHUTDOWN flow>7392 srcPort>40311 dst>fd10:43:100::2/26192 
06:15:26.026972 OFF flow>7392 srcPort>40311 dst>fd10:43:100::2/26192 
06:15:26.048604 ON flow>7640 srcPort>41215 dst>fd10:43:100::2/26440 
06:15:26.050202 CONNECT flow>7640 srcPort>41215 dst>fd10:43:100::2/26440 
06:15:26.235885 ON flow>7648 srcPort>44821 dst>fd10:43:100::2/26448 
06:15:26.239631 CONNECT flow>7648 srcPort>44821 dst>fd10:43:100::2/26448 
06:15:26.269714 SHUTDOWN flow>7400 srcPort>44733 dst>fd10:43:100::2/26200 
06:15:26.279007 OFF flow>7400 srcPort>44733 dst>fd10:43:100::2/26200 
06:15:26.364000 ON flow>7656 srcPort>44399 dst>fd10:43:100::2/26456 
06:15:26.368562 CONNECT flow>7656 srcPort>44399 dst>fd10:43:100::2/26456 
06:15:26.478279 ON flow>7664 srcPort>33351 dst>fd10:43:100::2/26464 
06:15:26.479142 CONNECT flow>7664 srcPort>33351 dst>fd10:43:100::2/26464 
06:15:26.592439 ON flow>7672 srcPort>33167 dst>fd10:43:100::2/26472 
06:15:26.595056 CONNECT flow>7672 srcPort>33167 dst>fd10:43:100::2/26472 
06:15:26.605207 SHUTDOWN flow>7408 srcPort>37151 dst>fd10:43:100::2/26208 
06:15:26.607953 OFF flow>7408 srcPort>37151 dst>fd10:43:100::2/26208 
06:15:26.723577 ON flow>7680 srcPort>46667 dst>fd10:43:100::2/26480 
06:15:26.724129 CONNECT flow>7680 srcPort>46667 dst>fd10:43:100::2/26480 
06:15:26.810063 ON flow>7688 srcPort>41127 dst>fd10:43:100::2/26488 
06:15:26.828227 CONNECT flow>7688 srcPort>41127 dst>fd10:43:100::2/26488 
06:15:26.883828 SHUTDOWN flow>7416 srcPort>39883 dst>fd10:43:100::2/26216 
06:15:26.889291 OFF flow>7416 srcPort>39883 dst>fd10:43:100::2/26216 
06:15:26.950185 SHUTDOWN flow>2001 srcPort>43883 dst>fd10:43:100::2/20000 
06:15:26.951816 OFF flow>2001 srcPort>43883 dst>fd10:43:100::2/20000 
06:15:26.955209 SHUTDOWN flow>7424 srcPort>44147 dst>fd10:43:100::2/26224 
06:15:26.956539 OFF flow>7424 srcPort>44147 dst>fd10:43:100::2/26224 
06:15:27.069412 SHUTDOWN flow>7432 srcPort>35815 dst>fd10:43:100::2/26232 
06:15:27.070737 OFF flow>7432 srcPort>35815 dst>fd10:43:100::2/26232 
06:15:27.177108 SHUTDOWN flow>7440 srcPort>43777 dst>fd10:43:100::2/26240 
06:15:27.177437 OFF flow>7440 srcPort>43777 dst>fd10:43:100::2/26240 
06:15:27.236008 SHUTDOWN flow>7448 srcPort>45323 dst>fd10:43:100::2/26248 
06:15:27.236376 OFF flow>7448 srcPort>45323 dst>fd10:43:100::2/26248 
06:15:27.371756 SHUTDOWN flow>7456 srcPort>42495 dst>fd10:43:100::2/26256 
06:15:27.372753 OFF flow>7456 srcPort>42495 dst>fd10:43:100::2/26256 
06:15:27.549212 SHUTDOWN flow>7464 srcPort>43781 dst>fd10:43:100::2/26264 
06:15:27.549844 OFF flow>7464 srcPort>43781 dst>fd10:43:100::2/26264 
06:15:27.695140 SHUTDOWN flow>7472 srcPort>46767 dst>fd10:43:100::2/26272 
06:15:27.695575 OFF flow>7472 srcPort>46767 dst>fd10:43:100::2/26272 
06:15:27.824909 SHUTDOWN flow>7480 srcPort>43271 dst>fd10:43:100::2/26280 
06:15:27.825373 OFF flow>7480 srcPort>43271 dst>fd10:43:100::2/26280 
06:15:27.913108 SHUTDOWN flow>7488 srcPort>35295 dst>fd10:43:100::2/26288 
06:15:27.913459 OFF flow>7488 srcPort>35295 dst>fd10:43:100::2/26288 
06:15:28.005107 SHUTDOWN flow>7496 srcPort>45789 dst>fd10:43:100::2/26296 
06:15:28.005488 OFF flow>7496 srcPort>45789 dst>fd10:43:100::2/26296 
06:15:28.131824 SHUTDOWN flow>7504 srcPort>41189 dst>fd10:43:100::2/26304 
06:15:28.132320 OFF flow>7504 srcPort>41189 dst>fd10:43:100::2/26304 
06:15:28.242812 SHUTDOWN flow>7512 srcPort>46165 dst>fd10:43:100::2/26312 
06:15:28.243144 OFF flow>7512 srcPort>46165 dst>fd10:43:100::2/26312 
06:15:28.320918 SHUTDOWN flow>7520 srcPort>38153 dst>fd10:43:100::2/26320 
06:15:28.321221 OFF flow>7520 srcPort>38153 dst>fd10:43:100::2/26320 
06:15:28.438824 SHUTDOWN flow>7528 srcPort>40379 dst>fd10:43:100::2/26328 
06:15:28.439324 OFF flow>7528 srcPort>40379 dst>fd10:43:100::2/26328 
06:15:28.775400 SHUTDOWN flow>7536 srcPort>38709 dst>fd10:43:100::2/26336 
06:15:28.775709 OFF flow>7536 srcPort>38709 dst>fd10:43:100::2/26336 
06:15:28.960911 SHUTDOWN flow>7544 srcPort>33009 dst>fd10:43:100::2/26344 
06:15:28.961514 OFF flow>7544 srcPort>33009 dst>fd10:43:100::2/26344 
06:15:29.160206 SHUTDOWN flow>7552 srcPort>35771 dst>fd10:43:100::2/26352 
06:15:29.160559 OFF flow>7552 srcPort>35771 dst>fd10:43:100::2/26352 
06:15:29.329999 SHUTDOWN flow>7560 srcPort>36187 dst>fd10:43:100::2/26360 
06:15:29.330527 OFF flow>7560 srcPort>36187 dst>fd10:43:100::2/26360 
06:15:29.383410 SHUTDOWN flow>7568 srcPort>33709 dst>fd10:43:100::2/26368 
06:15:29.383689 OFF flow>7568 srcPort>33709 dst>fd10:43:100::2/26368 
06:15:29.474605 SHUTDOWN flow>7576 srcPort>39541 dst>fd10:43:100::2/26376 
06:15:29.475105 OFF flow>7576 srcPort>39541 dst>fd10:43:100::2/26376 
06:15:29.654015 SHUTDOWN flow>7584 srcPort>43503 dst>fd10:43:100::2/26384 
06:15:29.654353 OFF flow>7584 srcPort>43503 dst>fd10:43:100::2/26384 
06:15:29.791427 SHUTDOWN flow>7592 srcPort>39597 dst>fd10:43:100::2/26392 
06:15:29.791716 OFF flow>7592 srcPort>39597 dst>fd10:43:100::2/26392 
06:15:30.007502 SHUTDOWN flow>7600 srcPort>46665 dst>fd10:43:100::2/26400 
06:15:30.008008 OFF flow>7600 srcPort>46665 dst>fd10:43:100::2/26400 
06:15:30.128908 SHUTDOWN flow>7608 srcPort>46253 dst>fd10:43:100::2/26408 
06:15:30.129200 OFF flow>7608 srcPort>46253 dst>fd10:43:100::2/26408 
06:15:30.276201 SHUTDOWN flow>7616 srcPort>41295 dst>fd10:43:100::2/26416 
06:15:30.276570 OFF flow>7616 srcPort>41295 dst>fd10:43:100::2/26416 
06:15:30.513698 SHUTDOWN flow>7624 srcPort>43185 dst>fd10:43:100::2/26424 
06:15:30.513978 OFF flow>7624 srcPort>43185 dst>fd10:43:100::2/26424 
06:15:30.671796 SHUTDOWN flow>7632 srcPort>36587 dst>fd10:43:100::2/26432 
06:15:30.672279 OFF flow>7632 srcPort>36587 dst>fd10:43:100::2/26432 
06:15:30.848440 SHUTDOWN flow>7640 srcPort>41215 dst>fd10:43:100::2/26440 
06:15:30.848990 OFF flow>7640 srcPort>41215 dst>fd10:43:100::2/26440 
06:15:31.035599 SHUTDOWN flow>7648 srcPort>44821 dst>fd10:43:100::2/26448 
06:15:31.036080 OFF flow>7648 srcPort>44821 dst>fd10:43:100::2/26448 
06:15:31.163898 SHUTDOWN flow>7656 srcPort>44399 dst>fd10:43:100::2/26456 
06:15:31.164215 OFF flow>7656 srcPort>44399 dst>fd10:43:100::2/26456 
06:15:31.278201 SHUTDOWN flow>7664 srcPort>33351 dst>fd10:43:100::2/26464 
06:15:31.278507 OFF flow>7664 srcPort>33351 dst>fd10:43:100::2/26464 
06:15:31.392097 SHUTDOWN flow>7672 srcPort>33167 dst>fd10:43:100::2/26472 
06:15:31.392393 OFF flow>7672 srcPort>33167 dst>fd10:43:100::2/26472 
06:15:31.523396 SHUTDOWN flow>7680 srcPort>46667 dst>fd10:43:100::2/26480 
06:15:31.523805 OFF flow>7680 srcPort>46667 dst>fd10:43:100::2/26480 
06:15:31.610201 SHUTDOWN flow>7688 srcPort>41127 dst>fd10:43:100::2/26488 
06:15:31.610616 OFF flow>7688 srcPort>41127 dst>fd10:43:100::2/26488 
06:15:31.610813 STOP
