06:13:31.950750 START Mgen Version 5.1.1
06:13:37.211151 ON flow>2206 srcPort>34565 dst>fd10:43:100::2/21006 
06:13:37.211430 CONNECT flow>2206 srcPort>34565 dst>fd10:43:100::2/21006 
06:13:37.307942 ON flow>2214 srcPort>39549 dst>fd10:43:100::2/21014 
06:13:37.308184 CONNECT flow>2214 srcPort>39549 dst>fd10:43:100::2/21014 
06:13:37.470597 ON flow>2222 srcPort>41527 dst>fd10:43:100::2/21022 
06:13:37.470875 CONNECT flow>2222 srcPort>41527 dst>fd10:43:100::2/21022 
06:13:37.584648 ON flow>2230 srcPort>33567 dst>fd10:43:100::2/21030 
06:13:37.584869 CONNECT flow>2230 srcPort>33567 dst>fd10:43:100::2/21030 
06:13:37.829452 ON flow>2238 srcPort>39647 dst>fd10:43:100::2/21038 
06:13:37.829743 CONNECT flow>2238 srcPort>39647 dst>fd10:43:100::2/21038 
06:13:38.150043 ON flow>2246 srcPort>35383 dst>fd10:43:100::2/21046 
06:13:38.150298 CONNECT flow>2246 srcPort>35383 dst>fd10:43:100::2/21046 
06:13:38.229645 ON flow>2254 srcPort>45713 dst>fd10:43:100::2/21054 
06:13:38.229927 CONNECT flow>2254 srcPort>45713 dst>fd10:43:100::2/21054 
06:13:38.412447 ON flow>2262 srcPort>37659 dst>fd10:43:100::2/21062 
06:13:38.412854 CONNECT flow>2262 srcPort>37659 dst>fd10:43:100::2/21062 
06:13:38.514747 ON flow>2270 srcPort>45455 dst>fd10:43:100::2/21070 
06:13:38.515026 CONNECT flow>2270 srcPort>45455 dst>fd10:43:100::2/21070 
06:13:38.583454 ON flow>2278 srcPort>35767 dst>fd10:43:100::2/21078 
06:13:38.583845 CONNECT flow>2278 srcPort>35767 dst>fd10:43:100::2/21078 
06:13:38.634652 ON flow>2286 srcPort>44331 dst>fd10:43:100::2/21086 
06:13:38.634878 CONNECT flow>2286 srcPort>44331 dst>fd10:43:100::2/21086 
06:13:38.756135 ON flow>2294 srcPort>39849 dst>fd10:43:100::2/21094 
06:13:38.756385 CONNECT flow>2294 srcPort>39849 dst>fd10:43:100::2/21094 
06:13:38.831442 ON flow>2302 srcPort>34425 dst>fd10:43:100::2/21102 
06:13:38.831654 CONNECT flow>2302 srcPort>34425 dst>fd10:43:100::2/21102 
06:13:38.929741 ON flow>2310 srcPort>37003 dst>fd10:43:100::2/21110 
06:13:38.929968 CONNECT flow>2310 srcPort>37003 dst>fd10:43:100::2/21110 
06:13:38.997839 ON flow>2318 srcPort>34931 dst>fd10:43:100::2/21118 
06:13:38.998169 CONNECT flow>2318 srcPort>34931 dst>fd10:43:100::2/21118 
06:13:39.048947 ON flow>2326 srcPort>33095 dst>fd10:43:100::2/21126 
06:13:39.049195 CONNECT flow>2326 srcPort>33095 dst>fd10:43:100::2/21126 
06:13:39.290567 ON flow>2334 srcPort>43847 dst>fd10:43:100::2/21134 
06:13:39.291129 CONNECT flow>2334 srcPort>43847 dst>fd10:43:100::2/21134 
06:13:39.386942 ON flow>2342 srcPort>34333 dst>fd10:43:100::2/21142 
06:13:39.387296 CONNECT flow>2342 srcPort>34333 dst>fd10:43:100::2/21142 
06:13:39.461338 ON flow>2350 srcPort>39985 dst>fd10:43:100::2/21150 
06:13:39.461982 CONNECT flow>2350 srcPort>39985 dst>fd10:43:100::2/21150 
06:13:39.522285 ON flow>2358 srcPort>38603 dst>fd10:43:100::2/21158 
06:13:39.522677 CONNECT flow>2358 srcPort>38603 dst>fd10:43:100::2/21158 
06:13:39.606091 ON flow>2366 srcPort>43807 dst>fd10:43:100::2/21166 
06:13:39.606849 CONNECT flow>2366 srcPort>43807 dst>fd10:43:100::2/21166 
06:13:39.679842 ON flow>2374 srcPort>35037 dst>fd10:43:100::2/21174 
06:13:39.680144 CONNECT flow>2374 srcPort>35037 dst>fd10:43:100::2/21174 
06:13:39.758349 ON flow>2382 srcPort>33097 dst>fd10:43:100::2/21182 
06:13:39.758647 CONNECT flow>2382 srcPort>33097 dst>fd10:43:100::2/21182 
06:13:39.838841 ON flow>2390 srcPort>42699 dst>fd10:43:100::2/21190 
06:13:39.839081 CONNECT flow>2390 srcPort>42699 dst>fd10:43:100::2/21190 
06:13:39.970492 ON flow>2398 srcPort>39791 dst>fd10:43:100::2/21198 
06:13:39.970790 CONNECT flow>2398 srcPort>39791 dst>fd10:43:100::2/21198 
06:13:40.082728 ON flow>2406 srcPort>39679 dst>fd10:43:100::2/21206 
06:13:40.083050 CONNECT flow>2406 srcPort>39679 dst>fd10:43:100::2/21206 
06:13:40.234997 ON flow>2414 srcPort>35119 dst>fd10:43:100::2/21214 
06:13:40.235282 CONNECT flow>2414 srcPort>35119 dst>fd10:43:100::2/21214 
06:13:40.427987 ON flow>2422 srcPort>37371 dst>fd10:43:100::2/21222 
06:13:40.428621 CONNECT flow>2422 srcPort>37371 dst>fd10:43:100::2/21222 
06:13:40.679501 ON flow>2430 srcPort>44069 dst>fd10:43:100::2/21230 
06:13:40.679728 CONNECT flow>2430 srcPort>44069 dst>fd10:43:100::2/21230 
06:13:40.790613 ON flow>2438 srcPort>38611 dst>fd10:43:100::2/21238 
06:13:40.790914 CONNECT flow>2438 srcPort>38611 dst>fd10:43:100::2/21238 
06:13:40.908351 ON flow>2446 srcPort>34467 dst>fd10:43:100::2/21246 
06:13:40.908675 CONNECT flow>2446 srcPort>34467 dst>fd10:43:100::2/21246 
06:13:41.057980 ON flow>2454 srcPort>37933 dst>fd10:43:100::2/21254 
06:13:41.058384 CONNECT flow>2454 srcPort>37933 dst>fd10:43:100::2/21254 
06:13:41.426533 ON flow>2462 srcPort>37791 dst>fd10:43:100::2/21262 
06:13:41.427154 CONNECT flow>2462 srcPort>37791 dst>fd10:43:100::2/21262 
06:13:41.744285 ON flow>2470 srcPort>46077 dst>fd10:43:100::2/21270 
06:13:41.744687 CONNECT flow>2470 srcPort>46077 dst>fd10:43:100::2/21270 
06:13:41.947884 ON flow>2478 srcPort>46531 dst>fd10:43:100::2/21278 
06:13:41.948237 CONNECT flow>2478 srcPort>46531 dst>fd10:43:100::2/21278 
06:13:42.011109 SHUTDOWN flow>2206 srcPort>34565 dst>fd10:43:100::2/21006 
06:13:42.012175 OFF flow>2206 srcPort>34565 dst>fd10:43:100::2/21006 
06:13:42.107575 ON flow>2486 srcPort>34671 dst>fd10:43:100::2/21286 
06:13:42.107903 SHUTDOWN flow>2214 srcPort>39549 dst>fd10:43:100::2/21014 
06:13:42.108290 CONNECT flow>2486 srcPort>34671 dst>fd10:43:100::2/21286 
06:13:42.108827 OFF flow>2214 srcPort>39549 dst>fd10:43:100::2/21014 
06:13:42.230112 ON flow>2494 srcPort>36495 dst>fd10:43:100::2/21294 
06:13:42.230513 CONNECT flow>2494 srcPort>36495 dst>fd10:43:100::2/21294 
06:13:42.270532 SHUTDOWN flow>2222 srcPort>41527 dst>fd10:43:100::2/21022 
06:13:42.271578 OFF flow>2222 srcPort>41527 dst>fd10:43:100::2/21022 
06:13:42.363683 ON flow>2502 srcPort>43725 dst>fd10:43:100::2/21302 
06:13:42.363967 CONNECT flow>2502 srcPort>43725 dst>fd10:43:100::2/21302 
06:13:42.384609 SHUTDOWN flow>2230 srcPort>33567 dst>fd10:43:100::2/21030 
06:13:42.385200 OFF flow>2230 srcPort>33567 dst>fd10:43:100::2/21030 
06:13:42.432082 ON flow>2510 srcPort>42105 dst>fd10:43:100::2/21310 
06:13:42.432281 CONNECT flow>2510 srcPort>42105 dst>fd10:43:100::2/21310 
06:13:42.456410 ON flow>2518 srcPort>41193 dst>fd10:43:100::2/21318 
06:13:42.456801 CONNECT flow>2518 srcPort>41193 dst>fd10:43:100::2/21318 
06:13:42.582588 ON flow>2526 srcPort>41965 dst>fd10:43:100::2/21326 
06:13:42.583408 CONNECT flow>2526 srcPort>41965 dst>fd10:43:100::2/21326 
06:13:42.629404 SHUTDOWN flow>2238 srcPort>39647 dst>fd10:43:100::2/21038 
06:13:42.629913 OFF flow>2238 srcPort>39647 dst>fd10:43:100::2/21038 
06:13:42.690596 ON flow>2534 srcPort>33507 dst>fd10:43:100::2/21334 
06:13:42.691699 CONNECT flow>2534 srcPort>33507 dst>fd10:43:100::2/21334 
06:13:42.846790 ON flow>2542 srcPort>33823 dst>fd10:43:100::2/21342 
06:13:42.848218 CONNECT flow>2542 srcPort>33823 dst>fd10:43:100::2/21342 
06:13:42.892407 ON flow>2550 srcPort>42887 dst>fd10:43:100::2/21350 
06:13:42.892825 CONNECT flow>2550 srcPort>42887 dst>fd10:43:100::2/21350 
06:13:42.950019 SHUTDOWN flow>2246 srcPort>35383 dst>fd10:43:100::2/21046 
06:13:42.951270 OFF flow>2246 srcPort>35383 dst>fd10:43:100::2/21046 
06:13:42.970221 ON flow>2558 srcPort>43347 dst>fd10:43:100::2/21358 
06:13:42.970584 CONNECT flow>2558 srcPort>43347 dst>fd10:43:100::2/21358 
06:13:43.029607 SHUTDOWN flow>2254 srcPort>45713 dst>fd10:43:100::2/21054 
06:13:43.029938 OFF flow>2254 srcPort>45713 dst>fd10:43:100::2/21054 
06:13:43.175003 ON flow>2566 srcPort>40063 dst>fd10:43:100::2/21366 
06:13:43.175243 CONNECT flow>2566 srcPort>40063 dst>fd10:43:100::2/21366 
06:13:43.212408 SHUTDOWN flow>2262 srcPort>37659 dst>fd10:43:100::2/21062 
06:13:43.213255 OFF flow>2262 srcPort>37659 dst>fd10:43:100::2/21062 
06:13:43.314699 SHUTDOWN flow>2270 srcPort>45455 dst>fd10:43:100::2/21070 
06:13:43.315390 OFF flow>2270 srcPort>45455 dst>fd10:43:100::2/21070 
06:13:43.383409 SHUTDOWN flow>2278 srcPort>35767 dst>fd10:43:100::2/21078 
06:13:43.384612 OFF flow>2278 srcPort>35767 dst>fd10:43:100::2/21078 
06:13:43.430198 ON flow>2574 srcPort>46047 dst>fd10:43:100::2/21374 
06:13:43.430420 CONNECT flow>2574 srcPort>46047 dst>fd10:43:100::2/21374 
06:13:43.434625 SHUTDOWN flow>2286 srcPort>44331 dst>fd10:43:100::2/21086 
06:13:43.435189 OFF flow>2286 srcPort>44331 dst>fd10:43:100::2/21086 
06:13:43.556111 SHUTDOWN flow>2294 srcPort>39849 dst>fd10:43:100::2/21094 
06:13:43.556802 OFF flow>2294 srcPort>39849 dst>fd10:43:100::2/21094 
06:13:43.631404 SHUTDOWN flow>2302 srcPort>34425 dst>fd10:43:100::2/21102 
06:13:43.631984 OFF flow>2302 srcPort>34425 dst>fd10:43:100::2/21102 
06:13:43.654996 ON flow>2582 srcPort>40207 dst>fd10:43:100::2/21382 
06:13:43.655267 CONNECT flow>2582 srcPort>40207 dst>fd10:43:100::2/21382 
06:13:43.729709 SHUTDOWN flow>2310 srcPort>37003 dst>fd10:43:100::2/21110 
06:13:43.730069 OFF flow>2310 srcPort>37003 dst>fd10:43:100::2/21110 
06:13:43.797805 SHUTDOWN flow>2318 srcPort>34931 dst>fd10:43:100::2/21118 
06:13:43.798104 OFF flow>2318 srcPort>34931 dst>fd10:43:100::2/21118 
06:13:43.828398 ON flow>2590 srcPort>40565 dst>fd10:43:100::2/21390 
06:13:43.828655 CONNECT flow>2590 srcPort>40565 dst>fd10:43:100::2/21390 
06:13:43.848905 SHUTDOWN flow>2326 srcPort>33095 dst>fd10:43:100::2/21126 
06:13:43.849390 OFF flow>2326 srcPort>33095 dst>fd10:43:100::2/21126 
06:13:44.083001 ON flow>2598 srcPort>41733 dst>fd10:43:100::2/21398 
06:13:44.083278 CONNECT flow>2598 srcPort>41733 dst>fd10:43:100::2/21398 
06:13:44.090514 SHUTDOWN flow>2334 srcPort>43847 dst>fd10:43:100::2/21134 
06:13:44.091046 OFF flow>2334 srcPort>43847 dst>fd10:43:100::2/21134 
06:13:44.186911 SHUTDOWN flow>2342 srcPort>34333 dst>fd10:43:100::2/21142 
06:13:44.188679 OFF flow>2342 srcPort>34333 dst>fd10:43:100::2/21142 
06:13:44.261321 SHUTDOWN flow>2350 srcPort>39985 dst>fd10:43:100::2/21150 
06:13:44.261767 OFF flow>2350 srcPort>39985 dst>fd10:43:100::2/21150 
06:13:44.322215 SHUTDOWN flow>2358 srcPort>38603 dst>fd10:43:100::2/21158 
06:13:44.322569 OFF flow>2358 srcPort>38603 dst>fd10:43:100::2/21158 
06:13:44.344497 ON flow>2606 srcPort>38523 dst>fd10:43:100::2/21406 
06:13:44.344731 CONNECT flow>2606 srcPort>38523 dst>fd10:43:100::2/21406 
06:13:44.406045 SHUTDOWN flow>2366 srcPort>43807 dst>fd10:43:100::2/21166 
06:13:44.407174 OFF flow>2366 srcPort>43807 dst>fd10:43:100::2/21166 
06:13:44.479841 SHUTDOWN flow>2374 srcPort>35037 dst>fd10:43:100::2/21174 
06:13:44.480255 OFF flow>2374 srcPort>35037 dst>fd10:43:100::2/21174 
06:13:44.533102 ON flow>2614 srcPort>38943 dst>fd10:43:100::2/21414 
06:13:44.533406 CONNECT flow>2614 srcPort>38943 dst>fd10:43:100::2/21414 
06:13:44.558310 SHUTDOWN flow>2382 srcPort>33097 dst>fd10:43:100::2/21182 
06:13:44.558749 OFF flow>2382 srcPort>33097 dst>fd10:43:100::2/21182 
06:13:44.635603 ON flow>2622 srcPort>44619 dst>fd10:43:100::2/21422 
06:13:44.635820 CONNECT flow>2622 srcPort>44619 dst>fd10:43:100::2/21422 
06:13:44.638819 SHUTDOWN flow>2390 srcPort>42699 dst>fd10:43:100::2/21190 
06:13:44.639404 OFF flow>2390 srcPort>42699 dst>fd10:43:100::2/21190 
06:13:44.729308 ON flow>2630 srcPort>43885 dst>fd10:43:100::2/21430 
06:13:44.729592 CONNECT flow>2630 srcPort>43885 dst>fd10:43:100::2/21430 
06:13:44.770467 SHUTDOWN flow>2398 srcPort>39791 dst>fd10:43:100::2/21198 
06:13:44.770786 OFF flow>2398 srcPort>39791 dst>fd10:43:100::2/21198 
06:13:44.880349 ON flow>2638 srcPort>40891 dst>fd10:43:100::2/21438 
06:13:44.880676 CONNECT flow>2638 srcPort>40891 dst>fd10:43:100::2/21438 
06:13:44.882655 SHUTDOWN flow>2406 srcPort>39679 dst>fd10:43:100::2/21206 
06:13:44.882984 OFF flow>2406 srcPort>39679 dst>fd10:43:100::2/21206 
06:13:45.008909 ON flow>2646 srcPort>43897 dst>fd10:43:100::2/21446 
06:13:45.009185 CONNECT flow>2646 srcPort>43897 dst>fd10:43:100::2/21446 
06:13:45.034957 SHUTDOWN flow>2414 srcPort>35119 dst>fd10:43:100::2/21214 
06:13:45.035248 OFF flow>2414 srcPort>35119 dst>fd10:43:100::2/21214 
06:13:45.227956 SHUTDOWN flow>2422 srcPort>37371 dst>fd10:43:100::2/21222 
06:13:45.228804 OFF flow>2422 srcPort>37371 dst>fd10:43:100::2/21222 
06:13:45.235614 ON flow>2654 srcPort>42029 dst>fd10:43:100::2/21454 
06:13:45.236710 CONNECT flow>2654 srcPort>42029 dst>fd10:43:100::2/21454 
06:13:45.398400 ON flow>2662 srcPort>43195 dst>fd10:43:100::2/21462 
06:13:45.398669 CONNECT flow>2662 srcPort>43195 dst>fd10:43:100::2/21462 
06:13:45.479446 SHUTDOWN flow>2430 srcPort>44069 dst>fd10:43:100::2/21230 
06:13:45.481754 OFF flow>2430 srcPort>44069 dst>fd10:43:100::2/21230 
06:13:45.503517 ON flow>2670 srcPort>34379 dst>fd10:43:100::2/21470 
06:13:45.505767 CONNECT flow>2670 srcPort>34379 dst>fd10:43:100::2/21470 
06:13:45.590557 SHUTDOWN flow>2438 srcPort>38611 dst>fd10:43:100::2/21238 
06:13:45.591234 OFF flow>2438 srcPort>38611 dst>fd10:43:100::2/21238 
06:13:45.649918 ON flow>2678 srcPort>40393 dst>fd10:43:100::2/21478 
06:13:45.650294 CONNECT flow>2678 srcPort>40393 dst>fd10:43:100::2/21478 
06:13:45.708287 SHUTDOWN flow>2446 srcPort>34467 dst>fd10:43:100::2/21246 
06:13:45.708986 OFF flow>2446 srcPort>34467 dst>fd10:43:100::2/21246 
06:13:45.738721 ON flow>2686 srcPort>45775 dst>fd10:43:100::2/21486 
06:13:45.739035 CONNECT flow>2686 srcPort>45775 dst>fd10:43:100::2/21486 
06:13:45.857954 SHUTDOWN flow>2454 srcPort>37933 dst>fd10:43:100::2/21254 
06:13:45.859391 OFF flow>2454 srcPort>37933 dst>fd10:43:100::2/21254 
06:13:46.126899 ON flow>2694 srcPort>36133 dst>fd10:43:100::2/21494 
06:13:46.127159 CONNECT flow>2694 srcPort>36133 dst>fd10:43:100::2/21494 
06:13:46.226466 SHUTDOWN flow>2462 srcPort>37791 dst>fd10:43:100::2/21262 
06:13:46.229275 OFF flow>2462 srcPort>37791 dst>fd10:43:100::2/21262 
06:13:46.424522 ON flow>2702 srcPort>34195 dst>fd10:43:100::2/21502 
06:13:46.428162 CONNECT flow>2702 srcPort>34195 dst>fd10:43:100::2/21502 
06:13:46.544045 SHUTDOWN flow>2470 srcPort>46077 dst>fd10:43:100::2/21270 
06:13:46.545133 OFF flow>2470 srcPort>46077 dst>fd10:43:100::2/21270 
06:13:46.551987 ON flow>2710 srcPort>40315 dst>fd10:43:100::2/21510 
06:13:46.552731 CONNECT flow>2710 srcPort>40315 dst>fd10:43:100::2/21510 
06:13:46.730495 ON flow>2718 srcPort>46533 dst>fd10:43:100::2/21518 
06:13:46.730791 CONNECT flow>2718 srcPort>46533 dst>fd10:43:100::2/21518 
06:13:46.747860 SHUTDOWN flow>2478 srcPort>46531 dst>fd10:43:100::2/21278 
06:13:46.748186 OFF flow>2478 srcPort>46531 dst>fd10:43:100::2/21278 
06:13:46.907553 SHUTDOWN flow>2486 srcPort>34671 dst>fd10:43:100::2/21286 
06:13:46.907881 OFF flow>2486 srcPort>34671 dst>fd10:43:100::2/21286 
06:13:46.943714 ON flow>2726 srcPort>34431 dst>fd10:43:100::2/21526 
06:13:46.943960 CONNECT flow>2726 srcPort>34431 dst>fd10:43:100::2/21526 
06:13:47.030076 SHUTDOWN flow>2494 srcPort>36495 dst>fd10:43:100::2/21294 
06:13:47.030753 OFF flow>2494 srcPort>36495 dst>fd10:43:100::2/21294 
06:13:47.135245 ON flow>2734 srcPort>38663 dst>fd10:43:100::2/21534 
06:13:47.135709 CONNECT flow>2734 srcPort>38663 dst>fd10:43:100::2/21534 
06:13:47.163647 SHUTDOWN flow>2502 srcPort>43725 dst>fd10:43:100::2/21302 
06:13:47.164097 OFF flow>2502 srcPort>43725 dst>fd10:43:100::2/21302 
06:13:47.232079 SHUTDOWN flow>2510 srcPort>42105 dst>fd10:43:100::2/21310 
06:13:47.232463 OFF flow>2510 srcPort>42105 dst>fd10:43:100::2/21310 
06:13:47.256352 SHUTDOWN flow>2518 srcPort>41193 dst>fd10:43:100::2/21318 
06:13:47.257016 OFF flow>2518 srcPort>41193 dst>fd10:43:100::2/21318 
06:13:47.338304 ON flow>2742 srcPort>37191 dst>fd10:43:100::2/21542 
06:13:47.338597 CONNECT flow>2742 srcPort>37191 dst>fd10:43:100::2/21542 
06:13:47.382558 SHUTDOWN flow>2526 srcPort>41965 dst>fd10:43:100::2/21326 
06:13:47.382859 OFF flow>2526 srcPort>41965 dst>fd10:43:100::2/21326 
06:13:47.490554 SHUTDOWN flow>2534 srcPort>33507 dst>fd10:43:100::2/21334 
06:13:47.491087 OFF flow>2534 srcPort>33507 dst>fd10:43:100::2/21334 
06:13:47.630712 ON flow>2750 srcPort>42709 dst>fd10:43:100::2/21550 
06:13:47.630930 CONNECT flow>2750 srcPort>42709 dst>fd10:43:100::2/21550 
06:13:47.646769 SHUTDOWN flow>2542 srcPort>33823 dst>fd10:43:100::2/21342 
06:13:47.647734 OFF flow>2542 srcPort>33823 dst>fd10:43:100::2/21342 
06:13:47.692360 SHUTDOWN flow>2550 srcPort>42887 dst>fd10:43:100::2/21350 
06:13:47.693989 OFF flow>2550 srcPort>42887 dst>fd10:43:100::2/21350 
06:13:47.770167 SHUTDOWN flow>2558 srcPort>43347 dst>fd10:43:100::2/21358 
06:13:47.770514 OFF flow>2558 srcPort>43347 dst>fd10:43:100::2/21358 
06:13:47.913610 ON flow>2758 srcPort>41883 dst>fd10:43:100::2/21558 
06:13:47.913896 CONNECT flow>2758 srcPort>41883 dst>fd10:43:100::2/21558 
06:13:47.974961 SHUTDOWN flow>2566 srcPort>40063 dst>fd10:43:100::2/21366 
06:13:47.975406 OFF flow>2566 srcPort>40063 dst>fd10:43:100::2/21366 
06:13:48.132496 ON flow>2766 srcPort>34609 dst>fd10:43:100::2/21566 
06:13:48.132768 CONNECT flow>2766 srcPort>34609 dst>fd10:43:100::2/21566 
06:13:48.230158 SHUTDOWN flow>2574 srcPort>46047 dst>fd10:43:100::2/21374 
06:13:48.230580 OFF flow>2574 srcPort>46047 dst>fd10:43:100::2/21374 
06:13:48.311388 ON flow>2774 srcPort>43447 dst>fd10:43:100::2/21574 
06:13:48.311724 CONNECT flow>2774 srcPort>43447 dst>fd10:43:100::2/21574 
06:13:48.432789 ON flow>2782 srcPort>33749 dst>fd10:43:100::2/21582 
06:13:48.433250 CONNECT flow>2782 srcPort>33749 dst>fd10:43:100::2/21582 
06:13:48.454963 SHUTDOWN flow>2582 srcPort>40207 dst>fd10:43:100::2/21382 
06:13:48.455833 OFF flow>2582 srcPort>40207 dst>fd10:43:100::2/21382 
06:13:48.574803 ON flow>2790 srcPort>40275 dst>fd10:43:100::2/21590 
06:13:48.575161 CONNECT flow>2790 srcPort>40275 dst>fd10:43:100::2/21590 
06:13:48.628377 SHUTDOWN flow>2590 srcPort>40565 dst>fd10:43:100::2/21390 
06:13:48.629004 OFF flow>2590 srcPort>40565 dst>fd10:43:100::2/21390 
06:13:48.722700 ON flow>2798 srcPort>46869 dst>fd10:43:100::2/21598 
06:13:48.722945 CONNECT flow>2798 srcPort>46869 dst>fd10:43:100::2/21598 
06:13:48.882961 SHUTDOWN flow>2598 srcPort>41733 dst>fd10:43:100::2/21398 
06:13:48.883280 OFF flow>2598 srcPort>41733 dst>fd10:43:100::2/21398 
06:13:48.906614 ON flow>2806 srcPort>41321 dst>fd10:43:100::2/21606 
06:13:48.907041 CONNECT flow>2806 srcPort>41321 dst>fd10:43:100::2/21606 
06:13:49.051410 ON flow>2814 srcPort>34645 dst>fd10:43:100::2/21614 
06:13:49.053190 CONNECT flow>2814 srcPort>34645 dst>fd10:43:100::2/21614 
06:13:49.120032 ON flow>2822 srcPort>43293 dst>fd10:43:100::2/21622 
06:13:49.121104 CONNECT flow>2822 srcPort>43293 dst>fd10:43:100::2/21622 
06:13:49.144458 SHUTDOWN flow>2606 srcPort>38523 dst>fd10:43:100::2/21406 
06:13:49.144923 OFF flow>2606 srcPort>38523 dst>fd10:43:100::2/21406 
06:13:49.161904 ON flow>2830 srcPort>40479 dst>fd10:43:100::2/21630 
06:13:49.162329 CONNECT flow>2830 srcPort>40479 dst>fd10:43:100::2/21630 
06:13:49.245296 ON flow>2838 srcPort>33061 dst>fd10:43:100::2/21638 
06:13:49.246291 CONNECT flow>2838 srcPort>33061 dst>fd10:43:100::2/21638 
06:13:49.321004 ON flow>2846 srcPort>39505 dst>fd10:43:100::2/21646 
06:13:49.321543 CONNECT flow>2846 srcPort>39505 dst>fd10:43:100::2/21646 
06:13:49.333070 SHUTDOWN flow>2614 srcPort>38943 dst>fd10:43:100::2/21414 
06:13:49.333425 OFF flow>2614 srcPort>38943 dst>fd10:43:100::2/21414 
06:13:49.409597 ON flow>2854 srcPort>37669 dst>fd10:43:100::2/21654 
06:13:49.410070 CONNECT flow>2854 srcPort>37669 dst>fd10:43:100::2/21654 
06:13:49.435562 SHUTDOWN flow>2622 srcPort>44619 dst>fd10:43:100::2/21422 
06:13:49.435863 OFF flow>2622 srcPort>44619 dst>fd10:43:100::2/21422 
06:13:49.484912 ON flow>2862 srcPort>37103 dst>fd10:43:100::2/21662 
06:13:49.487343 CONNECT flow>2862 srcPort>37103 dst>fd10:43:100::2/21662 
06:13:49.529281 SHUTDOWN flow>2630 srcPort>43885 dst>fd10:43:100::2/21430 
06:13:49.530554 OFF flow>2630 srcPort>43885 dst>fd10:43:100::2/21430 
06:13:49.577924 ON flow>2870 srcPort>33587 dst>fd10:43:100::2/21670 
06:13:49.578683 CONNECT flow>2870 srcPort>33587 dst>fd10:43:100::2/21670 
06:13:49.680274 SHUTDOWN flow>2638 srcPort>40891 dst>fd10:43:100::2/21438 
06:13:49.681090 OFF flow>2638 srcPort>40891 dst>fd10:43:100::2/21438 
06:13:49.705702 ON flow>2878 srcPort>40531 dst>fd10:43:100::2/21678 
06:13:49.705990 CONNECT flow>2878 srcPort>40531 dst>fd10:43:100::2/21678 
06:13:49.758500 ON flow>2886 srcPort>36169 dst>fd10:43:100::2/21686 
06:13:49.758765 CONNECT flow>2886 srcPort>36169 dst>fd10:43:100::2/21686 
06:13:49.808860 SHUTDOWN flow>2646 srcPort>43897 dst>fd10:43:100::2/21446 
06:13:49.809200 OFF flow>2646 srcPort>43897 dst>fd10:43:100::2/21446 
06:13:49.818698 ON flow>2894 srcPort>39315 dst>fd10:43:100::2/21694 
06:13:49.819249 CONNECT flow>2894 srcPort>39315 dst>fd10:43:100::2/21694 
06:13:49.895902 ON flow>2902 srcPort>37441 dst>fd10:43:100::2/21702 
06:13:49.899648 CONNECT flow>2902 srcPort>37441 dst>fd10:43:100::2/21702 
06:13:49.937210 ON flow>2910 srcPort>35905 dst>fd10:43:100::2/21710 
06:13:49.942981 CONNECT flow>2910 srcPort>35905 dst>fd10:43:100::2/21710 
06:13:50.035559 SHUTDOWN flow>2654 srcPort>42029 dst>fd10:43:100::2/21454 
06:13:50.057420 OFF flow>2654 srcPort>42029 dst>fd10:43:100::2/21454 
06:13:50.145140 ON flow>2918 srcPort>39491 dst>fd10:43:100::2/21718 
06:13:50.154512 CONNECT flow>2918 srcPort>39491 dst>fd10:43:100::2/21718 
06:13:50.198367 SHUTDOWN flow>2662 srcPort>43195 dst>fd10:43:100::2/21462 
06:13:50.201530 OFF flow>2662 srcPort>43195 dst>fd10:43:100::2/21462 
06:13:50.275430 ON flow>2926 srcPort>33417 dst>fd10:43:100::2/21726 
06:13:50.276353 CONNECT flow>2926 srcPort>33417 dst>fd10:43:100::2/21726 
06:13:50.303464 SHUTDOWN flow>2670 srcPort>34379 dst>fd10:43:100::2/21470 
06:13:50.304435 OFF flow>2670 srcPort>34379 dst>fd10:43:100::2/21470 
06:13:50.449865 SHUTDOWN flow>2678 srcPort>40393 dst>fd10:43:100::2/21478 
06:13:50.451406 ON flow>2934 srcPort>42373 dst>fd10:43:100::2/21734 
06:13:50.453985 OFF flow>2678 srcPort>40393 dst>fd10:43:100::2/21478 
06:13:50.454518 CONNECT flow>2934 srcPort>42373 dst>fd10:43:100::2/21734 
06:13:50.538692 SHUTDOWN flow>2686 srcPort>45775 dst>fd10:43:100::2/21486 
06:13:50.539280 OFF flow>2686 srcPort>45775 dst>fd10:43:100::2/21486 
06:13:50.926852 SHUTDOWN flow>2694 srcPort>36133 dst>fd10:43:100::2/21494 
06:13:50.927394 OFF flow>2694 srcPort>36133 dst>fd10:43:100::2/21494 
06:13:51.061055 ON flow>2942 srcPort>44319 dst>fd10:43:100::2/21742 
06:13:51.062792 CONNECT flow>2942 srcPort>44319 dst>fd10:43:100::2/21742 
06:13:51.224517 SHUTDOWN flow>2702 srcPort>34195 dst>fd10:43:100::2/21502 
06:13:51.229549 OFF flow>2702 srcPort>34195 dst>fd10:43:100::2/21502 
06:13:51.266648 ON flow>2950 srcPort>39237 dst>fd10:43:100::2/21750 
06:13:51.268455 CONNECT flow>2950 srcPort>39237 dst>fd10:43:100::2/21750 
06:13:51.351974 SHUTDOWN flow>2710 srcPort>40315 dst>fd10:43:100::2/21510 
06:13:51.352801 OFF flow>2710 srcPort>40315 dst>fd10:43:100::2/21510 
06:13:51.463015 ON flow>2958 srcPort>46167 dst>fd10:43:100::2/21758 
06:13:51.464104 CONNECT flow>2958 srcPort>46167 dst>fd10:43:100::2/21758 
06:13:51.530461 SHUTDOWN flow>2718 srcPort>46533 dst>fd10:43:100::2/21518 
06:13:51.536173 OFF flow>2718 srcPort>46533 dst>fd10:43:100::2/21518 
06:13:51.563326 ON flow>2966 srcPort>36731 dst>fd10:43:100::2/21766 
06:13:51.563573 CONNECT flow>2966 srcPort>36731 dst>fd10:43:100::2/21766 
06:13:51.715134 ON flow>2974 srcPort>46493 dst>fd10:43:100::2/21774 
06:13:51.718894 CONNECT flow>2974 srcPort>46493 dst>fd10:43:100::2/21774 
06:13:51.743657 SHUTDOWN flow>2726 srcPort>34431 dst>fd10:43:100::2/21526 
06:13:51.744698 OFF flow>2726 srcPort>34431 dst>fd10:43:100::2/21526 
06:13:51.908025 ON flow>2982 srcPort>35203 dst>fd10:43:100::2/21782 
06:13:51.914549 CONNECT flow>2982 srcPort>35203 dst>fd10:43:100::2/21782 
06:13:51.935148 SHUTDOWN flow>2734 srcPort>38663 dst>fd10:43:100::2/21534 
06:13:51.938068 OFF flow>2734 srcPort>38663 dst>fd10:43:100::2/21534 
06:13:51.992042 ON flow>2990 srcPort>46583 dst>fd10:43:100::2/21790 
06:13:52.009642 CONNECT flow>2990 srcPort>46583 dst>fd10:43:100::2/21790 
06:13:52.068514 ON flow>2998 srcPort>37059 dst>fd10:43:100::2/21798 
06:13:52.082741 CONNECT flow>2998 srcPort>37059 dst>fd10:43:100::2/21798 
06:13:52.138285 SHUTDOWN flow>2742 srcPort>37191 dst>fd10:43:100::2/21542 
06:13:52.174080 OFF flow>2742 srcPort>37191 dst>fd10:43:100::2/21542 
06:13:52.307664 ON flow>3006 srcPort>38211 dst>fd10:43:100::2/21806 
06:13:52.333365 CONNECT flow>3006 srcPort>38211 dst>fd10:43:100::2/21806 
06:13:52.430692 SHUTDOWN flow>2750 srcPort>42709 dst>fd10:43:100::2/21550 
06:13:52.446388 ON flow>3014 srcPort>32935 dst>fd10:43:100::2/21814 
06:13:52.470197 CONNECT flow>3014 srcPort>32935 dst>fd10:43:100::2/21814 
06:13:52.500724 OFF flow>2750 srcPort>42709 dst>fd10:43:100::2/21550 
06:13:52.713587 SHUTDOWN flow>2758 srcPort>41883 dst>fd10:43:100::2/21558 
06:13:52.734849 OFF flow>2758 srcPort>41883 dst>fd10:43:100::2/21558 
06:13:52.760902 ON flow>3022 srcPort>36843 dst>fd10:43:100::2/21822 
06:13:52.787522 CONNECT flow>3022 srcPort>36843 dst>fd10:43:100::2/21822 
06:13:52.906969 ON flow>3030 srcPort>40785 dst>fd10:43:100::2/21830 
06:13:52.932461 SHUTDOWN flow>2766 srcPort>34609 dst>fd10:43:100::2/21566 
06:13:52.948343 CONNECT flow>3030 srcPort>40785 dst>fd10:43:100::2/21830 
06:13:53.015968 ON flow>3038 srcPort>34089 dst>fd10:43:100::2/21838 
06:13:53.051637 CONNECT flow>3038 srcPort>34089 dst>fd10:43:100::2/21838 
06:13:53.111364 SHUTDOWN flow>2774 srcPort>43447 dst>fd10:43:100::2/21574 
06:13:53.151203 OFF flow>2774 srcPort>43447 dst>fd10:43:100::2/21574 
06:13:53.163574 ON flow>3046 srcPort>37201 dst>fd10:43:100::2/21846 
06:13:53.202458 CONNECT flow>3046 srcPort>37201 dst>fd10:43:100::2/21846 
06:13:53.232777 SHUTDOWN flow>2782 srcPort>33749 dst>fd10:43:100::2/21582 
06:13:53.290648 OFF flow>2766 srcPort>34609 dst>fd10:43:100::2/21566 
06:13:53.334224 ON flow>3054 srcPort>44775 dst>fd10:43:100::2/21854 
06:13:53.365220 CONNECT flow>3054 srcPort>44775 dst>fd10:43:100::2/21854 
06:13:53.374764 SHUTDOWN flow>2790 srcPort>40275 dst>fd10:43:100::2/21590 
06:13:53.522701 SHUTDOWN flow>2798 srcPort>46869 dst>fd10:43:100::2/21598 
06:13:53.577510 OFF flow>2798 srcPort>46869 dst>fd10:43:100::2/21598 
06:13:53.700640 ON flow>3062 srcPort>44289 dst>fd10:43:100::2/21862 
06:13:53.706583 SHUTDOWN flow>2806 srcPort>41321 dst>fd10:43:100::2/21606 
06:13:53.750396 CONNECT flow>3062 srcPort>44289 dst>fd10:43:100::2/21862 
06:13:53.851296 SHUTDOWN flow>2814 srcPort>34645 dst>fd10:43:100::2/21614 
06:13:53.905180 OFF flow>2814 srcPort>34645 dst>fd10:43:100::2/21614 
06:13:53.919972 SHUTDOWN flow>2822 srcPort>43293 dst>fd10:43:100::2/21622 
06:13:53.961877 SHUTDOWN flow>2830 srcPort>40479 dst>fd10:43:100::2/21630 
06:13:53.967498 OFF flow>2790 srcPort>40275 dst>fd10:43:100::2/21590 
06:13:53.986608 OFF flow>2822 srcPort>43293 dst>fd10:43:100::2/21622 
06:13:54.045275 SHUTDOWN flow>2838 srcPort>33061 dst>fd10:43:100::2/21638 
06:13:54.057399 ON flow>3070 srcPort>36141 dst>fd10:43:100::2/21870 
06:13:54.118376 CONNECT flow>3070 srcPort>36141 dst>fd10:43:100::2/21870 
06:13:54.121013 SHUTDOWN flow>2846 srcPort>39505 dst>fd10:43:100::2/21646 
06:13:54.169231 OFF flow>2830 srcPort>40479 dst>fd10:43:100::2/21630 
06:13:54.183572 OFF flow>2782 srcPort>33749 dst>fd10:43:100::2/21582 
06:13:54.209764 SHUTDOWN flow>2854 srcPort>37669 dst>fd10:43:100::2/21654 
06:13:54.254990 OFF flow>2838 srcPort>33061 dst>fd10:43:100::2/21638 
06:13:54.284928 SHUTDOWN flow>2862 srcPort>37103 dst>fd10:43:100::2/21662 
06:13:54.377774 SHUTDOWN flow>2870 srcPort>33587 dst>fd10:43:100::2/21670 
06:13:54.495124 OFF flow>2806 srcPort>41321 dst>fd10:43:100::2/21606 
06:13:54.505693 SHUTDOWN flow>2878 srcPort>40531 dst>fd10:43:100::2/21678 
06:13:54.516408 ON flow>3078 srcPort>43971 dst>fd10:43:100::2/21878 
06:13:54.549394 OFF flow>2862 srcPort>37103 dst>fd10:43:100::2/21662 
06:13:54.558479 SHUTDOWN flow>2886 srcPort>36169 dst>fd10:43:100::2/21686 
06:13:54.567871 OFF flow>2878 srcPort>40531 dst>fd10:43:100::2/21678 
06:13:54.573966 OFF flow>2870 srcPort>33587 dst>fd10:43:100::2/21670 
06:13:54.574406 CONNECT flow>3078 srcPort>43971 dst>fd10:43:100::2/21878 
06:13:54.622319 OFF flow>2854 srcPort>37669 dst>fd10:43:100::2/21654 
06:13:54.695909 SHUTDOWN flow>2902 srcPort>37441 dst>fd10:43:100::2/21702 
06:13:54.699847 SHUTDOWN flow>2894 srcPort>39315 dst>fd10:43:100::2/21694 
06:13:54.737208 SHUTDOWN flow>2910 srcPort>35905 dst>fd10:43:100::2/21710 
06:13:54.738461 OFF flow>2902 srcPort>37441 dst>fd10:43:100::2/21702 
06:13:54.913548 ON flow>3086 srcPort>38207 dst>fd10:43:100::2/21886 
06:13:54.922930 OFF flow>2846 srcPort>39505 dst>fd10:43:100::2/21646 
06:13:54.934494 CONNECT flow>3086 srcPort>38207 dst>fd10:43:100::2/21886 
06:13:54.945102 SHUTDOWN flow>2918 srcPort>39491 dst>fd10:43:100::2/21718 
06:13:54.945761 OFF flow>2886 srcPort>36169 dst>fd10:43:100::2/21686 
06:13:54.955700 OFF flow>2894 srcPort>39315 dst>fd10:43:100::2/21694 
06:13:54.972998 OFF flow>2910 srcPort>35905 dst>fd10:43:100::2/21710 
06:13:55.004751 ON flow>3094 srcPort>38659 dst>fd10:43:100::2/21894 
06:13:55.032419 CONNECT flow>3094 srcPort>38659 dst>fd10:43:100::2/21894 
06:13:55.075368 SHUTDOWN flow>2926 srcPort>33417 dst>fd10:43:100::2/21726 
06:13:55.113736 ON flow>3102 srcPort>39889 dst>fd10:43:100::2/21902 
06:13:55.127588 CONNECT flow>3102 srcPort>39889 dst>fd10:43:100::2/21902 
06:13:55.204253 ON flow>3110 srcPort>39579 dst>fd10:43:100::2/21910 
06:13:55.225177 CONNECT flow>3110 srcPort>39579 dst>fd10:43:100::2/21910 
06:13:55.251381 SHUTDOWN flow>2934 srcPort>42373 dst>fd10:43:100::2/21734 
06:13:55.311960 ON flow>3118 srcPort>45111 dst>fd10:43:100::2/21918 
06:13:55.335180 OFF flow>2926 srcPort>33417 dst>fd10:43:100::2/21726 
06:13:55.338844 CONNECT flow>3118 srcPort>45111 dst>fd10:43:100::2/21918 
06:13:55.388509 OFF flow>2918 srcPort>39491 dst>fd10:43:100::2/21718 
06:13:55.474668 ON flow>3126 srcPort>43399 dst>fd10:43:100::2/21926 
06:13:55.482806 CONNECT flow>3126 srcPort>43399 dst>fd10:43:100::2/21926 
06:13:55.560470 ON flow>3134 srcPort>36839 dst>fd10:43:100::2/21934 
06:13:55.574995 CONNECT flow>3134 srcPort>36839 dst>fd10:43:100::2/21934 
06:13:55.645743 OFF flow>2934 srcPort>42373 dst>fd10:43:100::2/21734 
06:13:55.669444 ON flow>3142 srcPort>35981 dst>fd10:43:100::2/21942 
06:13:55.682579 CONNECT flow>3142 srcPort>35981 dst>fd10:43:100::2/21942 
06:13:55.758937 ON flow>3150 srcPort>37621 dst>fd10:43:100::2/21950 
06:13:55.765195 CONNECT flow>3150 srcPort>37621 dst>fd10:43:100::2/21950 
06:13:55.863959 SHUTDOWN flow>2942 srcPort>44319 dst>fd10:43:100::2/21742 
06:13:55.890818 ON flow>3158 srcPort>40731 dst>fd10:43:100::2/21958 
06:13:55.905312 CONNECT flow>3158 srcPort>40731 dst>fd10:43:100::2/21958 
06:13:55.954325 ON flow>3166 srcPort>44139 dst>fd10:43:100::2/21966 
06:13:55.981556 CONNECT flow>3166 srcPort>44139 dst>fd10:43:100::2/21966 
06:13:56.066566 SHUTDOWN flow>2950 srcPort>39237 dst>fd10:43:100::2/21750 
06:13:56.088070 ON flow>3174 srcPort>39537 dst>fd10:43:100::2/21974 
06:13:56.101582 CONNECT flow>3174 srcPort>39537 dst>fd10:43:100::2/21974 
06:13:56.181580 OFF flow>2942 srcPort>44319 dst>fd10:43:100::2/21742 
06:13:56.363296 SHUTDOWN flow>2966 srcPort>36731 dst>fd10:43:100::2/21766 
06:13:56.383962 ON flow>3182 srcPort>42897 dst>fd10:43:100::2/21982 
06:13:56.402077 CONNECT flow>3182 srcPort>42897 dst>fd10:43:100::2/21982 
06:13:56.429907 OFF flow>2950 srcPort>39237 dst>fd10:43:100::2/21750 
06:13:56.515065 SHUTDOWN flow>2974 srcPort>46493 dst>fd10:43:100::2/21774 
06:13:56.522156 OFF flow>2974 srcPort>46493 dst>fd10:43:100::2/21774 
06:13:56.608560 OFF flow>2966 srcPort>36731 dst>fd10:43:100::2/21766 
06:13:56.616409 SHUTDOWN flow>2958 srcPort>46167 dst>fd10:43:100::2/21758 
06:13:56.707974 SHUTDOWN flow>2982 srcPort>35203 dst>fd10:43:100::2/21782 
06:13:56.731013 ON flow>3190 srcPort>44337 dst>fd10:43:100::2/21990 
06:13:56.735914 CONNECT flow>3190 srcPort>44337 dst>fd10:43:100::2/21990 
06:13:56.790240 SHUTDOWN flow>2990 srcPort>46583 dst>fd10:43:100::2/21790 
06:13:56.823057 ON flow>3198 srcPort>37195 dst>fd10:43:100::2/21998 
06:13:56.829670 CONNECT flow>3198 srcPort>37195 dst>fd10:43:100::2/21998 
06:13:56.861165 ON flow>3206 srcPort>45577 dst>fd10:43:100::2/22006 
06:13:56.868459 SHUTDOWN flow>2998 srcPort>37059 dst>fd10:43:100::2/21798 
06:13:56.875574 CONNECT flow>3206 srcPort>45577 dst>fd10:43:100::2/22006 
06:13:56.926644 ON flow>3214 srcPort>34465 dst>fd10:43:100::2/22014 
06:13:56.943654 CONNECT flow>3214 srcPort>34465 dst>fd10:43:100::2/22014 
06:13:56.991705 ON flow>3222 srcPort>44045 dst>fd10:43:100::2/22022 
06:13:56.992541 OFF flow>2982 srcPort>35203 dst>fd10:43:100::2/21782 
06:13:56.999503 CONNECT flow>3222 srcPort>44045 dst>fd10:43:100::2/22022 
06:13:57.030267 OFF flow>2990 srcPort>46583 dst>fd10:43:100::2/21790 
06:13:57.038502 ON flow>3230 srcPort>39711 dst>fd10:43:100::2/22030 
06:13:57.039247 CONNECT flow>3230 srcPort>39711 dst>fd10:43:100::2/22030 
06:13:57.103846 ON flow>3238 srcPort>45299 dst>fd10:43:100::2/22038 
06:13:57.107546 SHUTDOWN flow>3006 srcPort>38211 dst>fd10:43:100::2/21806 
06:13:57.111676 CONNECT flow>3238 srcPort>45299 dst>fd10:43:100::2/22038 
06:13:57.126172 OFF flow>2998 srcPort>37059 dst>fd10:43:100::2/21798 
06:13:57.186408 ON flow>3246 srcPort>45729 dst>fd10:43:100::2/22046 
06:13:57.204693 ON flow>3254 srcPort>39161 dst>fd10:43:100::2/22054 
06:13:57.204819 CONNECT flow>3246 srcPort>45729 dst>fd10:43:100::2/22046 
06:13:57.224595 CONNECT flow>3254 srcPort>39161 dst>fd10:43:100::2/22054 
06:13:57.228146 OFF flow>3006 srcPort>38211 dst>fd10:43:100::2/21806 
06:13:57.246296 SHUTDOWN flow>3014 srcPort>32935 dst>fd10:43:100::2/21814 
06:13:57.332775 ON flow>3262 srcPort>38235 dst>fd10:43:100::2/22062 
06:13:57.350813 CONNECT flow>3262 srcPort>38235 dst>fd10:43:100::2/22062 
06:13:57.397525 ON flow>3270 srcPort>36799 dst>fd10:43:100::2/22070 
06:13:57.415523 CONNECT flow>3270 srcPort>36799 dst>fd10:43:100::2/22070 
06:13:57.525368 OFF flow>2958 srcPort>46167 dst>fd10:43:100::2/21758 
06:13:57.541516 ON flow>3278 srcPort>42613 dst>fd10:43:100::2/22078 
06:13:57.560818 SHUTDOWN flow>3022 srcPort>36843 dst>fd10:43:100::2/21822 
06:13:57.573581 CONNECT flow>3278 srcPort>42613 dst>fd10:43:100::2/22078 
06:13:57.592814 OFF flow>3022 srcPort>36843 dst>fd10:43:100::2/21822 
06:13:57.706869 SHUTDOWN flow>3030 srcPort>40785 dst>fd10:43:100::2/21830 
06:13:57.815848 SHUTDOWN flow>3038 srcPort>34089 dst>fd10:43:100::2/21838 
06:13:57.843430 OFF flow>3038 srcPort>34089 dst>fd10:43:100::2/21838 
06:13:57.871133 ON flow>3286 srcPort>45037 dst>fd10:43:100::2/22086 
06:13:57.876031 OFF flow>3014 srcPort>32935 dst>fd10:43:100::2/21814 
06:13:57.906801 CONNECT flow>3286 srcPort>45037 dst>fd10:43:100::2/22086 
06:13:57.963485 SHUTDOWN flow>3046 srcPort>37201 dst>fd10:43:100::2/21846 
06:13:57.987134 ON flow>3294 srcPort>44359 dst>fd10:43:100::2/22094 
06:13:57.991948 OFF flow>3046 srcPort>37201 dst>fd10:43:100::2/21846 
06:13:58.016739 OFF flow>3030 srcPort>40785 dst>fd10:43:100::2/21830 
06:13:58.025517 CONNECT flow>3294 srcPort>44359 dst>fd10:43:100::2/22094 
06:13:58.129398 ON flow>3302 srcPort>37027 dst>fd10:43:100::2/22102 
06:13:58.134095 SHUTDOWN flow>3054 srcPort>44775 dst>fd10:43:100::2/21854 
06:13:58.140774 CONNECT flow>3302 srcPort>37027 dst>fd10:43:100::2/22102 
06:13:58.144437 OFF flow>3054 srcPort>44775 dst>fd10:43:100::2/21854 
06:13:58.237556 ON flow>3310 srcPort>46549 dst>fd10:43:100::2/22110 
06:13:58.249268 CONNECT flow>3310 srcPort>46549 dst>fd10:43:100::2/22110 
06:13:58.335479 ON flow>3318 srcPort>43023 dst>fd10:43:100::2/22118 
06:13:58.339374 CONNECT flow>3318 srcPort>43023 dst>fd10:43:100::2/22118 
06:13:58.442511 ON flow>3326 srcPort>33605 dst>fd10:43:100::2/22126 
06:13:58.457130 CONNECT flow>3326 srcPort>33605 dst>fd10:43:100::2/22126 
06:13:58.500391 SHUTDOWN flow>3062 srcPort>44289 dst>fd10:43:100::2/21862 
06:13:58.581118 ON flow>3334 srcPort>36823 dst>fd10:43:100::2/22134 
06:13:58.584619 CONNECT flow>3334 srcPort>36823 dst>fd10:43:100::2/22134 
06:13:58.618426 ON flow>3342 srcPort>38173 dst>fd10:43:100::2/22142 
06:13:58.625619 CONNECT flow>3342 srcPort>38173 dst>fd10:43:100::2/22142 
06:13:58.675163 ON flow>3350 srcPort>43899 dst>fd10:43:100::2/22150 
06:13:58.694291 CONNECT flow>3350 srcPort>43899 dst>fd10:43:100::2/22150 
06:13:58.790539 OFF flow>3062 srcPort>44289 dst>fd10:43:100::2/21862 
06:13:58.828649 ON flow>3358 srcPort>39367 dst>fd10:43:100::2/22158 
06:13:58.832299 CONNECT flow>3358 srcPort>39367 dst>fd10:43:100::2/22158 
06:13:58.857302 SHUTDOWN flow>3070 srcPort>36141 dst>fd10:43:100::2/21870 
06:13:58.872701 OFF flow>3070 srcPort>36141 dst>fd10:43:100::2/21870 
06:13:58.933169 ON flow>3366 srcPort>46151 dst>fd10:43:100::2/22166 
06:13:58.949728 CONNECT flow>3366 srcPort>46151 dst>fd10:43:100::2/22166 
06:13:59.086583 ON flow>3374 srcPort>37605 dst>fd10:43:100::2/22174 
06:13:59.093965 CONNECT flow>3374 srcPort>37605 dst>fd10:43:100::2/22174 
06:13:59.316282 SHUTDOWN flow>3078 srcPort>43971 dst>fd10:43:100::2/21878 
06:13:59.321365 ON flow>3382 srcPort>33343 dst>fd10:43:100::2/22182 
06:13:59.332218 OFF flow>3078 srcPort>43971 dst>fd10:43:100::2/21878 
06:13:59.340770 CONNECT flow>3382 srcPort>33343 dst>fd10:43:100::2/22182 
06:13:59.448984 ON flow>3390 srcPort>34805 dst>fd10:43:100::2/22190 
06:13:59.472794 CONNECT flow>3390 srcPort>34805 dst>fd10:43:100::2/22190 
06:13:59.584914 ON flow>3398 srcPort>42853 dst>fd10:43:100::2/22198 
06:13:59.588699 CONNECT flow>3398 srcPort>42853 dst>fd10:43:100::2/22198 
06:13:59.754171 ON flow>3406 srcPort>34789 dst>fd10:43:100::2/22206 
06:13:59.775010 CONNECT flow>3406 srcPort>34789 dst>fd10:43:100::2/22206 
06:13:59.777186 ON flow>3414 srcPort>37723 dst>fd10:43:100::2/22214 
06:13:59.799991 CONNECT flow>3414 srcPort>37723 dst>fd10:43:100::2/22214 
06:13:59.800301 SHUTDOWN flow>3086 srcPort>38207 dst>fd10:43:100::2/21886 
06:13:59.804692 SHUTDOWN flow>3094 srcPort>38659 dst>fd10:43:100::2/21894 
06:13:59.911195 ON flow>3422 srcPort>38073 dst>fd10:43:100::2/22222 
06:13:59.929249 CONNECT flow>3422 srcPort>38073 dst>fd10:43:100::2/22222 
06:14:00.004080 SHUTDOWN flow>3110 srcPort>39579 dst>fd10:43:100::2/21910 
06:14:00.059277 SHUTDOWN flow>3102 srcPort>39889 dst>fd10:43:100::2/21902 
06:14:00.066243 ON flow>3430 srcPort>46393 dst>fd10:43:100::2/22230 
06:14:00.095440 CONNECT flow>3430 srcPort>46393 dst>fd10:43:100::2/22230 
06:14:00.111896 SHUTDOWN flow>3118 srcPort>45111 dst>fd10:43:100::2/21918 
06:14:00.232448 ON flow>3438 srcPort>42671 dst>fd10:43:100::2/22238 
06:14:00.252858 CONNECT flow>3438 srcPort>42671 dst>fd10:43:100::2/22238 
06:14:00.274587 SHUTDOWN flow>3126 srcPort>43399 dst>fd10:43:100::2/21926 
06:14:00.328185 ON flow>3446 srcPort>42389 dst>fd10:43:100::2/22246 
06:14:00.352279 OFF flow>3126 srcPort>43399 dst>fd10:43:100::2/21926 
06:14:00.366348 CONNECT flow>3446 srcPort>42389 dst>fd10:43:100::2/22246 
06:14:00.396916 OFF flow>3110 srcPort>39579 dst>fd10:43:100::2/21910 
06:14:00.426718 OFF flow>3102 srcPort>39889 dst>fd10:43:100::2/21902 
06:14:00.429720 OFF flow>3086 srcPort>38207 dst>fd10:43:100::2/21886 
06:14:00.457116 OFF flow>3118 srcPort>45111 dst>fd10:43:100::2/21918 
06:14:00.553499 OFF flow>3094 srcPort>38659 dst>fd10:43:100::2/21894 
06:14:00.558892 SHUTDOWN flow>3150 srcPort>37621 dst>fd10:43:100::2/21950 
06:14:00.585214 SHUTDOWN flow>3142 srcPort>35981 dst>fd10:43:100::2/21942 
06:14:00.691752 SHUTDOWN flow>3134 srcPort>36839 dst>fd10:43:100::2/21934 
06:14:00.737054 SHUTDOWN flow>3158 srcPort>40731 dst>fd10:43:100::2/21958 
06:14:00.754185 SHUTDOWN flow>3166 srcPort>44139 dst>fd10:43:100::2/21966 
06:14:00.769084 ON flow>3454 srcPort>36571 dst>fd10:43:100::2/22254 
06:14:00.794947 CONNECT flow>3454 srcPort>36571 dst>fd10:43:100::2/22254 
06:14:00.887987 SHUTDOWN flow>3174 srcPort>39537 dst>fd10:43:100::2/21974 
06:14:01.062055 OFF flow>3166 srcPort>44139 dst>fd10:43:100::2/21966 
06:14:01.065983 OFF flow>3158 srcPort>40731 dst>fd10:43:100::2/21958 
06:14:01.179380 ON flow>3462 srcPort>43823 dst>fd10:43:100::2/22262 
06:14:01.183890 SHUTDOWN flow>3182 srcPort>42897 dst>fd10:43:100::2/21982 
06:14:01.207880 CONNECT flow>3462 srcPort>43823 dst>fd10:43:100::2/22262 
06:14:01.252901 OFF flow>3174 srcPort>39537 dst>fd10:43:100::2/21974 
06:14:01.307880 OFF flow>3142 srcPort>35981 dst>fd10:43:100::2/21942 
06:14:01.401093 OFF flow>3150 srcPort>37621 dst>fd10:43:100::2/21950 
06:14:01.403674 ON flow>3470 srcPort>35051 dst>fd10:43:100::2/22270 
06:14:01.456348 CONNECT flow>3470 srcPort>35051 dst>fd10:43:100::2/22270 
06:14:01.502303 ON flow>3478 srcPort>40241 dst>fd10:43:100::2/22278 
06:14:01.545656 CONNECT flow>3478 srcPort>40241 dst>fd10:43:100::2/22278 
06:14:01.589643 ON flow>3486 srcPort>38373 dst>fd10:43:100::2/22286 
06:14:01.628100 CONNECT flow>3486 srcPort>38373 dst>fd10:43:100::2/22286 
06:14:01.654731 SHUTDOWN flow>3190 srcPort>44337 dst>fd10:43:100::2/21990 
06:14:01.661072 SHUTDOWN flow>3206 srcPort>45577 dst>fd10:43:100::2/22006 
06:14:01.690495 ON flow>3494 srcPort>41969 dst>fd10:43:100::2/22294 
06:14:01.726620 SHUTDOWN flow>3214 srcPort>34465 dst>fd10:43:100::2/22014 
06:14:01.728381 CONNECT flow>3494 srcPort>41969 dst>fd10:43:100::2/22294 
06:14:01.774029 SHUTDOWN flow>3198 srcPort>37195 dst>fd10:43:100::2/21998 
06:14:01.775498 OFF flow>3214 srcPort>34465 dst>fd10:43:100::2/22014 
06:14:01.808006 ON flow>3502 srcPort>38137 dst>fd10:43:100::2/22302 
06:14:01.838474 SHUTDOWN flow>3230 srcPort>39711 dst>fd10:43:100::2/22030 
06:14:01.857953 CONNECT flow>3502 srcPort>38137 dst>fd10:43:100::2/22302 
06:14:01.894755 OFF flow>3230 srcPort>39711 dst>fd10:43:100::2/22030 
06:14:01.914021 SHUTDOWN flow>3222 srcPort>44045 dst>fd10:43:100::2/22022 
06:14:01.926241 OFF flow>3134 srcPort>36839 dst>fd10:43:100::2/21934 
06:14:01.986343 SHUTDOWN flow>3246 srcPort>45729 dst>fd10:43:100::2/22046 
06:14:01.988366 OFF flow>3190 srcPort>44337 dst>fd10:43:100::2/21990 
06:14:01.994464 OFF flow>3182 srcPort>42897 dst>fd10:43:100::2/21982 
06:14:02.009797 SHUTDOWN flow>3238 srcPort>45299 dst>fd10:43:100::2/22038 
06:14:02.029061 SHUTDOWN flow>3254 srcPort>39161 dst>fd10:43:100::2/22054 
06:14:02.040865 OFF flow>3246 srcPort>45729 dst>fd10:43:100::2/22046 
06:14:02.057792 ON flow>3510 srcPort>37243 dst>fd10:43:100::2/22310 
06:14:02.113274 CONNECT flow>3510 srcPort>37243 dst>fd10:43:100::2/22310 
06:14:02.132643 SHUTDOWN flow>3262 srcPort>38235 dst>fd10:43:100::2/22062 
06:14:02.173416 ON flow>3518 srcPort>33073 dst>fd10:43:100::2/22318 
06:14:02.197560 SHUTDOWN flow>3270 srcPort>36799 dst>fd10:43:100::2/22070 
06:14:02.236242 ON flow>3526 srcPort>32799 dst>fd10:43:100::2/22326 
06:14:02.240702 CONNECT flow>3518 srcPort>33073 dst>fd10:43:100::2/22318 
06:14:02.302224 CONNECT flow>3526 srcPort>32799 dst>fd10:43:100::2/22326 
06:14:02.331483 ON flow>3534 srcPort>35731 dst>fd10:43:100::2/22334 
06:14:02.380018 OFF flow>3198 srcPort>37195 dst>fd10:43:100::2/21998 
06:14:02.393438 CONNECT flow>3534 srcPort>35731 dst>fd10:43:100::2/22334 
06:14:02.418639 SHUTDOWN flow>3278 srcPort>42613 dst>fd10:43:100::2/22078 
06:14:02.433762 ON flow>3542 srcPort>35305 dst>fd10:43:100::2/22342 
06:14:02.486552 OFF flow>3238 srcPort>45299 dst>fd10:43:100::2/22038 
06:14:02.491083 CONNECT flow>3542 srcPort>35305 dst>fd10:43:100::2/22342 
06:14:02.523515 ON flow>3550 srcPort>36045 dst>fd10:43:100::2/22350 
06:14:02.569406 OFF flow>3270 srcPort>36799 dst>fd10:43:100::2/22070 
06:14:02.577920 CONNECT flow>3550 srcPort>36045 dst>fd10:43:100::2/22350 
06:14:02.586853 OFF flow>3222 srcPort>44045 dst>fd10:43:100::2/22022 
06:14:02.596102 ON flow>3558 srcPort>33045 dst>fd10:43:100::2/22358 
06:14:02.659294 CONNECT flow>3558 srcPort>33045 dst>fd10:43:100::2/22358 
06:14:02.741205 ON flow>3566 srcPort>42733 dst>fd10:43:100::2/22366 
06:14:02.800405 SHUTDOWN flow>3286 srcPort>45037 dst>fd10:43:100::2/22086 
06:14:02.807786 CONNECT flow>3566 srcPort>42733 dst>fd10:43:100::2/22366 
06:14:02.845827 OFF flow>3262 srcPort>38235 dst>fd10:43:100::2/22062 
06:14:02.882781 ON flow>3574 srcPort>41323 dst>fd10:43:100::2/22374 
06:14:02.882791 SHUTDOWN flow>3294 srcPort>44359 dst>fd10:43:100::2/22094 
06:14:02.929306 SHUTDOWN flow>3302 srcPort>37027 dst>fd10:43:100::2/22102 
06:14:02.945398 CONNECT flow>3574 srcPort>41323 dst>fd10:43:100::2/22374 
06:14:03.024354 ON flow>3582 srcPort>42439 dst>fd10:43:100::2/22382 
06:14:03.037754 SHUTDOWN flow>3310 srcPort>46549 dst>fd10:43:100::2/22110 
06:14:03.085472 CONNECT flow>3582 srcPort>42439 dst>fd10:43:100::2/22382 
06:14:03.135416 SHUTDOWN flow>3318 srcPort>43023 dst>fd10:43:100::2/22118 
06:14:03.151092 ON flow>3590 srcPort>35555 dst>fd10:43:100::2/22390 
06:14:03.157139 OFF flow>3206 srcPort>45577 dst>fd10:43:100::2/22006 
06:14:03.161763 OFF flow>3278 srcPort>42613 dst>fd10:43:100::2/22078 
06:14:03.216079 CONNECT flow>3590 srcPort>35555 dst>fd10:43:100::2/22390 
06:14:03.225942 OFF flow>3318 srcPort>43023 dst>fd10:43:100::2/22118 
06:14:03.242410 SHUTDOWN flow>3326 srcPort>33605 dst>fd10:43:100::2/22126 
06:14:03.279075 OFF flow>3286 srcPort>45037 dst>fd10:43:100::2/22086 
06:14:03.288766 ON flow>3598 srcPort>40719 dst>fd10:43:100::2/22398 
06:14:03.308044 OFF flow>3326 srcPort>33605 dst>fd10:43:100::2/22126 
06:14:03.357453 CONNECT flow>3598 srcPort>40719 dst>fd10:43:100::2/22398 
06:14:03.376377 ON flow>3606 srcPort>35919 dst>fd10:43:100::2/22406 
06:14:03.380996 SHUTDOWN flow>3334 srcPort>36823 dst>fd10:43:100::2/22134 
06:14:03.418421 SHUTDOWN flow>3342 srcPort>38173 dst>fd10:43:100::2/22142 
06:14:03.453586 CONNECT flow>3606 srcPort>35919 dst>fd10:43:100::2/22406 
06:14:03.467440 ON flow>3614 srcPort>34889 dst>fd10:43:100::2/22414 
06:14:03.470319 OFF flow>3334 srcPort>36823 dst>fd10:43:100::2/22134 
06:14:03.474538 OFF flow>3310 srcPort>46549 dst>fd10:43:100::2/22110 
06:14:03.475429 OFF flow>3302 srcPort>37027 dst>fd10:43:100::2/22102 
06:14:03.546344 CONNECT flow>3614 srcPort>34889 dst>fd10:43:100::2/22414 
06:14:03.628505 SHUTDOWN flow>3358 srcPort>39367 dst>fd10:43:100::2/22158 
06:14:03.633959 SHUTDOWN flow>3350 srcPort>43899 dst>fd10:43:100::2/22150 
06:14:03.691434 OFF flow>3254 srcPort>39161 dst>fd10:43:100::2/22054 
06:14:03.704430 OFF flow>3358 srcPort>39367 dst>fd10:43:100::2/22158 
06:14:03.705808 ON flow>3622 srcPort>36065 dst>fd10:43:100::2/22422 
06:14:03.733175 SHUTDOWN flow>3366 srcPort>46151 dst>fd10:43:100::2/22166 
06:14:03.787738 CONNECT flow>3622 srcPort>36065 dst>fd10:43:100::2/22422 
06:14:03.788187 OFF flow>3294 srcPort>44359 dst>fd10:43:100::2/22094 
06:14:03.886502 SHUTDOWN flow>3374 srcPort>37605 dst>fd10:43:100::2/22174 
06:14:03.914506 OFF flow>3342 srcPort>38173 dst>fd10:43:100::2/22142 
06:14:03.970359 ON flow>3630 srcPort>37317 dst>fd10:43:100::2/22430 
06:14:04.069659 CONNECT flow>3630 srcPort>37317 dst>fd10:43:100::2/22430 
06:14:04.150336 OFF flow>3350 srcPort>43899 dst>fd10:43:100::2/22150 
06:14:04.217901 OFF flow>3366 srcPort>46151 dst>fd10:43:100::2/22166 
06:14:04.248808 SHUTDOWN flow>3390 srcPort>34805 dst>fd10:43:100::2/22190 
06:14:04.293464 ON flow>3638 srcPort>46671 dst>fd10:43:100::2/22438 
06:14:04.332151 CONNECT flow>3638 srcPort>46671 dst>fd10:43:100::2/22438 
06:14:04.368568 ON flow>3646 srcPort>35569 dst>fd10:43:100::2/22446 
06:14:04.384800 SHUTDOWN flow>3398 srcPort>42853 dst>fd10:43:100::2/22198 
06:14:04.402168 CONNECT flow>3646 srcPort>35569 dst>fd10:43:100::2/22446 
06:14:04.442163 ON flow>3654 srcPort>36387 dst>fd10:43:100::2/22454 
06:14:04.455792 CONNECT flow>3654 srcPort>36387 dst>fd10:43:100::2/22454 
06:14:04.466948 OFF flow>3374 srcPort>37605 dst>fd10:43:100::2/22174 
06:14:04.515178 SHUTDOWN flow>3382 srcPort>33343 dst>fd10:43:100::2/22182 
06:14:04.554107 SHUTDOWN flow>3406 srcPort>34789 dst>fd10:43:100::2/22206 
06:14:04.557305 ON flow>3662 srcPort>46779 dst>fd10:43:100::2/22462 
06:14:04.566875 CONNECT flow>3662 srcPort>46779 dst>fd10:43:100::2/22462 
06:14:04.577114 SHUTDOWN flow>3414 srcPort>37723 dst>fd10:43:100::2/22214 
06:14:04.626563 ON flow>3670 srcPort>44341 dst>fd10:43:100::2/22470 
06:14:04.640358 CONNECT flow>3670 srcPort>44341 dst>fd10:43:100::2/22470 
06:14:04.660210 OFF flow>3398 srcPort>42853 dst>fd10:43:100::2/22198 
06:14:04.711109 SHUTDOWN flow>3422 srcPort>38073 dst>fd10:43:100::2/22222 
06:14:04.717766 ON flow>3678 srcPort>38163 dst>fd10:43:100::2/22478 
06:14:04.729547 CONNECT flow>3678 srcPort>38163 dst>fd10:43:100::2/22478 
06:14:04.866169 SHUTDOWN flow>3430 srcPort>46393 dst>fd10:43:100::2/22230 
06:14:04.866910 ON flow>3686 srcPort>40945 dst>fd10:43:100::2/22486 
06:14:04.876405 CONNECT flow>3686 srcPort>40945 dst>fd10:43:100::2/22486 
06:14:05.032326 SHUTDOWN flow>3438 srcPort>42671 dst>fd10:43:100::2/22238 
06:14:05.126908 ON flow>3694 srcPort>35263 dst>fd10:43:100::2/22494 
06:14:05.128117 SHUTDOWN flow>3446 srcPort>42389 dst>fd10:43:100::2/22246 
06:14:05.138132 CONNECT flow>3694 srcPort>35263 dst>fd10:43:100::2/22494 
06:14:05.209367 OFF flow>3382 srcPort>33343 dst>fd10:43:100::2/22182 
06:14:05.230920 OFF flow>3414 srcPort>37723 dst>fd10:43:100::2/22214 
06:14:05.256115 ON flow>3702 srcPort>40423 dst>fd10:43:100::2/22502 
06:14:05.271145 CONNECT flow>3702 srcPort>40423 dst>fd10:43:100::2/22502 
06:14:05.316020 OFF flow>3422 srcPort>38073 dst>fd10:43:100::2/22222 
06:14:05.424299 OFF flow>3446 srcPort>42389 dst>fd10:43:100::2/22246 
06:14:05.526436 ON flow>3710 srcPort>42607 dst>fd10:43:100::2/22510 
06:14:05.536612 CONNECT flow>3710 srcPort>42607 dst>fd10:43:100::2/22510 
06:14:05.569029 SHUTDOWN flow>3454 srcPort>36571 dst>fd10:43:100::2/22254 
06:14:05.644966 ON flow>3718 srcPort>46173 dst>fd10:43:100::2/22518 
06:14:05.670658 CONNECT flow>3718 srcPort>46173 dst>fd10:43:100::2/22518 
06:14:05.766832 OFF flow>3438 srcPort>42671 dst>fd10:43:100::2/22238 
06:14:05.801406 ON flow>3726 srcPort>35083 dst>fd10:43:100::2/22526 
06:14:05.813165 CONNECT flow>3726 srcPort>35083 dst>fd10:43:100::2/22526 
06:14:05.943801 ON flow>3734 srcPort>33497 dst>fd10:43:100::2/22534 
06:14:05.958774 CONNECT flow>3734 srcPort>33497 dst>fd10:43:100::2/22534 
06:14:05.979231 SHUTDOWN flow>3462 srcPort>43823 dst>fd10:43:100::2/22262 
06:14:06.097391 OFF flow>3454 srcPort>36571 dst>fd10:43:100::2/22254 
06:14:06.203432 SHUTDOWN flow>3470 srcPort>35051 dst>fd10:43:100::2/22270 
06:14:06.224533 ON flow>3742 srcPort>39629 dst>fd10:43:100::2/22542 
06:14:06.236603 CONNECT flow>3742 srcPort>39629 dst>fd10:43:100::2/22542 
06:14:06.302207 SHUTDOWN flow>3478 srcPort>40241 dst>fd10:43:100::2/22278 
06:14:06.363680 OFF flow>3390 srcPort>34805 dst>fd10:43:100::2/22190 
06:14:06.383245 ON flow>3750 srcPort>42139 dst>fd10:43:100::2/22550 
06:14:06.389501 SHUTDOWN flow>3486 srcPort>38373 dst>fd10:43:100::2/22286 
06:14:06.404293 CONNECT flow>3750 srcPort>42139 dst>fd10:43:100::2/22550 
06:14:06.546749 OFF flow>3470 srcPort>35051 dst>fd10:43:100::2/22270 
06:14:06.561471 OFF flow>3406 srcPort>34789 dst>fd10:43:100::2/22206 
06:14:06.576238 OFF flow>3430 srcPort>46393 dst>fd10:43:100::2/22230 
06:14:06.581043 SHUTDOWN flow>3494 srcPort>41969 dst>fd10:43:100::2/22294 
06:14:06.606922 SHUTDOWN flow>3502 srcPort>38137 dst>fd10:43:100::2/22302 
06:14:06.623025 ON flow>3758 srcPort>41645 dst>fd10:43:100::2/22558 
06:14:06.636286 CONNECT flow>3758 srcPort>41645 dst>fd10:43:100::2/22558 
06:14:06.653048 OFF flow>3462 srcPort>43823 dst>fd10:43:100::2/22262 
06:14:06.815432 ON flow>3766 srcPort>39903 dst>fd10:43:100::2/22566 
06:14:06.838903 CONNECT flow>3766 srcPort>39903 dst>fd10:43:100::2/22566 
06:14:06.857751 SHUTDOWN flow>3510 srcPort>37243 dst>fd10:43:100::2/22310 
06:14:06.933070 OFF flow>3494 srcPort>41969 dst>fd10:43:100::2/22294 
06:14:06.973221 SHUTDOWN flow>3518 srcPort>33073 dst>fd10:43:100::2/22318 
06:14:07.036167 SHUTDOWN flow>3526 srcPort>32799 dst>fd10:43:100::2/22326 
06:14:07.084464 ON flow>3774 srcPort>40827 dst>fd10:43:100::2/22574 
06:14:07.099233 CONNECT flow>3774 srcPort>40827 dst>fd10:43:100::2/22574 
06:14:07.131431 SHUTDOWN flow>3534 srcPort>35731 dst>fd10:43:100::2/22334 
06:14:07.218375 OFF flow>3502 srcPort>38137 dst>fd10:43:100::2/22302 
06:14:07.233633 SHUTDOWN flow>3542 srcPort>35305 dst>fd10:43:100::2/22342 
06:14:07.281753 ON flow>3782 srcPort>36235 dst>fd10:43:100::2/22582 
06:14:07.285433 CONNECT flow>3782 srcPort>36235 dst>fd10:43:100::2/22582 
06:14:07.359988 SHUTDOWN flow>3550 srcPort>36045 dst>fd10:43:100::2/22350 
06:14:07.361718 ON flow>3790 srcPort>40877 dst>fd10:43:100::2/22590 
06:14:07.372205 CONNECT flow>3790 srcPort>40877 dst>fd10:43:100::2/22590 
06:14:07.399527 SHUTDOWN flow>3558 srcPort>33045 dst>fd10:43:100::2/22358 
06:14:07.419568 OFF flow>3478 srcPort>40241 dst>fd10:43:100::2/22278 
06:14:07.496197 ON flow>3798 srcPort>44431 dst>fd10:43:100::2/22598 
06:14:07.518381 CONNECT flow>3798 srcPort>44431 dst>fd10:43:100::2/22598 
06:14:07.533067 OFF flow>3486 srcPort>38373 dst>fd10:43:100::2/22286 
06:14:07.588582 SHUTDOWN flow>3566 srcPort>42733 dst>fd10:43:100::2/22366 
06:14:07.592107 OFF flow>3510 srcPort>37243 dst>fd10:43:100::2/22310 
06:14:07.628733 OFF flow>3518 srcPort>33073 dst>fd10:43:100::2/22318 
06:14:07.639011 ON flow>3806 srcPort>45827 dst>fd10:43:100::2/22606 
06:14:07.649820 CONNECT flow>3806 srcPort>45827 dst>fd10:43:100::2/22606 
06:14:07.682538 SHUTDOWN flow>3574 srcPort>41323 dst>fd10:43:100::2/22374 
06:14:07.781299 ON flow>3814 srcPort>45289 dst>fd10:43:100::2/22614 
06:14:07.785139 CONNECT flow>3814 srcPort>45289 dst>fd10:43:100::2/22614 
06:14:07.806404 OFF flow>3534 srcPort>35731 dst>fd10:43:100::2/22334 
06:14:07.875076 SHUTDOWN flow>3582 srcPort>42439 dst>fd10:43:100::2/22382 
06:14:07.926970 ON flow>3822 srcPort>45873 dst>fd10:43:100::2/22622 
06:14:07.948122 CONNECT flow>3822 srcPort>45873 dst>fd10:43:100::2/22622 
06:14:08.016351 OFF flow>3542 srcPort>35305 dst>fd10:43:100::2/22342 
06:14:08.110240 OFF flow>3550 srcPort>36045 dst>fd10:43:100::2/22350 
06:14:08.113587 OFF flow>3558 srcPort>33045 dst>fd10:43:100::2/22358 
06:14:08.117678 ON flow>3830 srcPort>37299 dst>fd10:43:100::2/22630 
06:14:08.130665 SHUTDOWN flow>3590 srcPort>35555 dst>fd10:43:100::2/22390 
06:14:08.138086 CONNECT flow>3830 srcPort>37299 dst>fd10:43:100::2/22630 
06:14:08.175921 SHUTDOWN flow>3606 srcPort>35919 dst>fd10:43:100::2/22406 
06:14:08.202666 SHUTDOWN flow>3598 srcPort>40719 dst>fd10:43:100::2/22398 
06:14:08.206067 ON flow>3838 srcPort>38789 dst>fd10:43:100::2/22638 
06:14:08.217837 CONNECT flow>3838 srcPort>38789 dst>fd10:43:100::2/22638 
06:14:08.304832 ON flow>3846 srcPort>32981 dst>fd10:43:100::2/22646 
06:14:08.306444 OFF flow>3526 srcPort>32799 dst>fd10:43:100::2/22326 
06:14:08.314421 CONNECT flow>3846 srcPort>32981 dst>fd10:43:100::2/22646 
06:14:08.352998 OFF flow>3574 srcPort>41323 dst>fd10:43:100::2/22374 
06:14:08.408737 ON flow>3854 srcPort>44153 dst>fd10:43:100::2/22654 
06:14:08.427278 CONNECT flow>3854 srcPort>44153 dst>fd10:43:100::2/22654 
06:14:08.474308 OFF flow>3590 srcPort>35555 dst>fd10:43:100::2/22390 
06:14:08.486523 OFF flow>3582 srcPort>42439 dst>fd10:43:100::2/22382 
06:14:08.505640 SHUTDOWN flow>3622 srcPort>36065 dst>fd10:43:100::2/22422 
06:14:08.570578 ON flow>3862 srcPort>39191 dst>fd10:43:100::2/22662 
06:14:08.579935 CONNECT flow>3862 srcPort>39191 dst>fd10:43:100::2/22662 
06:14:08.641182 OFF flow>3566 srcPort>42733 dst>fd10:43:100::2/22366 
06:14:08.649035 ON flow>3870 srcPort>33709 dst>fd10:43:100::2/22670 
06:14:08.664374 CONNECT flow>3870 srcPort>33709 dst>fd10:43:100::2/22670 
06:14:08.769018 SHUTDOWN flow>3614 srcPort>34889 dst>fd10:43:100::2/22414 
06:14:08.770477 SHUTDOWN flow>3630 srcPort>37317 dst>fd10:43:100::2/22430 
06:14:08.805524 OFF flow>3598 srcPort>40719 dst>fd10:43:100::2/22398 
06:14:08.841153 ON flow>3878 srcPort>45015 dst>fd10:43:100::2/22678 
06:14:08.863830 CONNECT flow>3878 srcPort>45015 dst>fd10:43:100::2/22678 
06:14:08.990103 OFF flow>3606 srcPort>35919 dst>fd10:43:100::2/22406 
06:14:09.029783 ON flow>3886 srcPort>46153 dst>fd10:43:100::2/22686 
06:14:09.044637 CONNECT flow>3886 srcPort>46153 dst>fd10:43:100::2/22686 
06:14:09.111383 OFF flow>3622 srcPort>36065 dst>fd10:43:100::2/22422 
06:14:09.167342 SHUTDOWN flow>3638 srcPort>46671 dst>fd10:43:100::2/22438 
06:14:09.168477 SHUTDOWN flow>3646 srcPort>35569 dst>fd10:43:100::2/22446 
06:14:09.246667 ON flow>3894 srcPort>44595 dst>fd10:43:100::2/22694 
06:14:09.261451 CONNECT flow>3894 srcPort>44595 dst>fd10:43:100::2/22694 
06:14:09.357649 ON flow>3902 srcPort>44991 dst>fd10:43:100::2/22702 
06:14:09.376222 CONNECT flow>3902 srcPort>44991 dst>fd10:43:100::2/22702 
06:14:09.426448 SHUTDOWN flow>3670 srcPort>44341 dst>fd10:43:100::2/22470 
06:14:09.448271 ON flow>3910 srcPort>41263 dst>fd10:43:100::2/22710 
06:14:09.457771 SHUTDOWN flow>3662 srcPort>46779 dst>fd10:43:100::2/22462 
06:14:09.465849 CONNECT flow>3910 srcPort>41263 dst>fd10:43:100::2/22710 
06:14:09.468295 OFF flow>3638 srcPort>46671 dst>fd10:43:100::2/22438 
06:14:09.482206 OFF flow>3646 srcPort>35569 dst>fd10:43:100::2/22446 
06:14:09.517686 SHUTDOWN flow>3678 srcPort>38163 dst>fd10:43:100::2/22478 
06:14:09.579577 ON flow>3918 srcPort>34477 dst>fd10:43:100::2/22718 
06:14:09.596334 CONNECT flow>3918 srcPort>34477 dst>fd10:43:100::2/22718 
06:14:09.597098 OFF flow>3630 srcPort>37317 dst>fd10:43:100::2/22430 
06:14:09.624844 OFF flow>3670 srcPort>44341 dst>fd10:43:100::2/22470 
06:14:09.666910 OFF flow>3662 srcPort>46779 dst>fd10:43:100::2/22462 
06:14:09.670314 SHUTDOWN flow>3654 srcPort>36387 dst>fd10:43:100::2/22454 
06:14:09.703996 ON flow>3926 srcPort>46573 dst>fd10:43:100::2/22726 
06:14:09.710587 OFF flow>3678 srcPort>38163 dst>fd10:43:100::2/22478 
06:14:09.713102 CONNECT flow>3926 srcPort>46573 dst>fd10:43:100::2/22726 
06:14:09.725055 SHUTDOWN flow>3686 srcPort>40945 dst>fd10:43:100::2/22486 
06:14:09.833362 OFF flow>3614 srcPort>34889 dst>fd10:43:100::2/22414 
06:14:09.926815 SHUTDOWN flow>3694 srcPort>35263 dst>fd10:43:100::2/22494 
06:14:09.929354 OFF flow>3686 srcPort>40945 dst>fd10:43:100::2/22486 
06:14:09.931042 ON flow>3934 srcPort>34999 dst>fd10:43:100::2/22734 
06:14:09.955418 CONNECT flow>3934 srcPort>34999 dst>fd10:43:100::2/22734 
06:14:10.086142 OFF flow>3654 srcPort>36387 dst>fd10:43:100::2/22454 
06:14:10.098759 SHUTDOWN flow>3702 srcPort>40423 dst>fd10:43:100::2/22502 
06:14:10.174305 OFF flow>3694 srcPort>35263 dst>fd10:43:100::2/22494 
06:14:10.255708 ON flow>3942 srcPort>37057 dst>fd10:43:100::2/22742 
06:14:10.276432 CONNECT flow>3942 srcPort>37057 dst>fd10:43:100::2/22742 
06:14:10.326386 SHUTDOWN flow>3710 srcPort>42607 dst>fd10:43:100::2/22510 
06:14:10.386696 OFF flow>3702 srcPort>40423 dst>fd10:43:100::2/22502 
06:14:10.391038 ON flow>3950 srcPort>44669 dst>fd10:43:100::2/22750 
06:14:10.400704 CONNECT flow>3950 srcPort>44669 dst>fd10:43:100::2/22750 
06:14:10.444839 SHUTDOWN flow>3718 srcPort>46173 dst>fd10:43:100::2/22518 
06:14:10.601346 SHUTDOWN flow>3726 srcPort>35083 dst>fd10:43:100::2/22526 
06:14:10.686958 OFF flow>3710 srcPort>42607 dst>fd10:43:100::2/22510 
06:14:10.752627 OFF flow>3718 srcPort>46173 dst>fd10:43:100::2/22518 
06:14:10.835279 ON flow>3958 srcPort>38993 dst>fd10:43:100::2/22758 
06:14:10.848943 CONNECT flow>3958 srcPort>38993 dst>fd10:43:100::2/22758 
06:14:10.855019 SHUTDOWN flow>3734 srcPort>33497 dst>fd10:43:100::2/22534 
06:14:10.957140 OFF flow>3726 srcPort>35083 dst>fd10:43:100::2/22526 
06:14:11.024346 SHUTDOWN flow>3742 srcPort>39629 dst>fd10:43:100::2/22542 
06:14:11.131090 OFF flow>3734 srcPort>33497 dst>fd10:43:100::2/22534 
06:14:11.183155 SHUTDOWN flow>3750 srcPort>42139 dst>fd10:43:100::2/22550 
06:14:11.252799 OFF flow>3742 srcPort>39629 dst>fd10:43:100::2/22542 
06:14:11.259154 ON flow>3966 srcPort>33791 dst>fd10:43:100::2/22766 
06:14:11.286268 CONNECT flow>3966 srcPort>33791 dst>fd10:43:100::2/22766 
06:14:11.501139 SHUTDOWN flow>3758 srcPort>41645 dst>fd10:43:100::2/22558 
06:14:11.615362 SHUTDOWN flow>3766 srcPort>39903 dst>fd10:43:100::2/22566 
06:14:11.626476 ON flow>3974 srcPort>32917 dst>fd10:43:100::2/22774 
06:14:11.635727 OFF flow>3750 srcPort>42139 dst>fd10:43:100::2/22550 
06:14:11.640203 CONNECT flow>3974 srcPort>32917 dst>fd10:43:100::2/22774 
06:14:11.694613 ON flow>3982 srcPort>39763 dst>fd10:43:100::2/22782 
06:14:11.702391 CONNECT flow>3982 srcPort>39763 dst>fd10:43:100::2/22782 
06:14:11.884320 SHUTDOWN flow>3774 srcPort>40827 dst>fd10:43:100::2/22574 
06:14:11.912347 OFF flow>3758 srcPort>41645 dst>fd10:43:100::2/22558 
06:14:11.942346 ON flow>3990 srcPort>35753 dst>fd10:43:100::2/22790 
06:14:11.967996 CONNECT flow>3990 srcPort>35753 dst>fd10:43:100::2/22790 
06:14:11.973615 OFF flow>3766 srcPort>39903 dst>fd10:43:100::2/22566 
06:14:12.081528 SHUTDOWN flow>3782 srcPort>36235 dst>fd10:43:100::2/22582 
06:14:12.113894 ON flow>3998 srcPort>42621 dst>fd10:43:100::2/22798 
06:14:12.135518 OFF flow>3774 srcPort>40827 dst>fd10:43:100::2/22574 
06:14:12.137332 CONNECT flow>3998 srcPort>42621 dst>fd10:43:100::2/22798 
06:14:12.161621 SHUTDOWN flow>3790 srcPort>40877 dst>fd10:43:100::2/22590 
06:14:12.208203 ON flow>4006 srcPort>34747 dst>fd10:43:100::2/22806 
06:14:12.220388 CONNECT flow>4006 srcPort>34747 dst>fd10:43:100::2/22806 
06:14:12.246529 OFF flow>3782 srcPort>36235 dst>fd10:43:100::2/22582 
06:14:12.296042 SHUTDOWN flow>3798 srcPort>44431 dst>fd10:43:100::2/22598 
06:14:12.359500 ON flow>4014 srcPort>40683 dst>fd10:43:100::2/22814 
06:14:12.374689 CONNECT flow>4014 srcPort>40683 dst>fd10:43:100::2/22814 
06:14:12.448292 OFF flow>3790 srcPort>40877 dst>fd10:43:100::2/22590 
06:14:12.468061 ON flow>4022 srcPort>38409 dst>fd10:43:100::2/22822 
06:14:12.495183 SHUTDOWN flow>3806 srcPort>45827 dst>fd10:43:100::2/22606 
06:14:12.503822 CONNECT flow>4022 srcPort>38409 dst>fd10:43:100::2/22822 
06:14:12.553357 OFF flow>3798 srcPort>44431 dst>fd10:43:100::2/22598 
06:14:12.581171 SHUTDOWN flow>3814 srcPort>45289 dst>fd10:43:100::2/22614 
06:14:12.654887 OFF flow>3806 srcPort>45827 dst>fd10:43:100::2/22606 
06:14:12.666633 ON flow>4030 srcPort>44371 dst>fd10:43:100::2/22830 
06:14:12.684699 CONNECT flow>4030 srcPort>44371 dst>fd10:43:100::2/22830 
06:14:12.726843 SHUTDOWN flow>3822 srcPort>45873 dst>fd10:43:100::2/22622 
06:14:12.748335 OFF flow>3814 srcPort>45289 dst>fd10:43:100::2/22614 
06:14:12.795677 ON flow>4038 srcPort>35589 dst>fd10:43:100::2/22838 
06:14:12.824760 CONNECT flow>4038 srcPort>35589 dst>fd10:43:100::2/22838 
06:14:12.867438 ON flow>4046 srcPort>34175 dst>fd10:43:100::2/22846 
06:14:12.905749 CONNECT flow>4046 srcPort>34175 dst>fd10:43:100::2/22846 
06:14:12.917528 SHUTDOWN flow>3830 srcPort>37299 dst>fd10:43:100::2/22630 
06:14:12.971340 OFF flow>3822 srcPort>45873 dst>fd10:43:100::2/22622 
06:14:13.104998 SHUTDOWN flow>3846 srcPort>32981 dst>fd10:43:100::2/22646 
06:14:13.110236 ON flow>4054 srcPort>43515 dst>fd10:43:100::2/22854 
06:14:13.138581 SHUTDOWN flow>3838 srcPort>38789 dst>fd10:43:100::2/22638 
06:14:13.141952 CONNECT flow>4054 srcPort>43515 dst>fd10:43:100::2/22854 
06:14:13.172659 OFF flow>3830 srcPort>37299 dst>fd10:43:100::2/22630 
06:14:13.205636 ON flow>4062 srcPort>37805 dst>fd10:43:100::2/22862 
06:14:13.208639 SHUTDOWN flow>3854 srcPort>44153 dst>fd10:43:100::2/22654 
06:14:13.227737 CONNECT flow>4062 srcPort>37805 dst>fd10:43:100::2/22862 
06:14:13.247990 OFF flow>3846 srcPort>32981 dst>fd10:43:100::2/22646 
06:14:13.364218 OFF flow>3854 srcPort>44153 dst>fd10:43:100::2/22654 
06:14:13.370211 OFF flow>3838 srcPort>38789 dst>fd10:43:100::2/22638 
06:14:13.370465 SHUTDOWN flow>3862 srcPort>39191 dst>fd10:43:100::2/22662 
06:14:13.448940 SHUTDOWN flow>3870 srcPort>33709 dst>fd10:43:100::2/22670 
06:14:13.509067 OFF flow>3870 srcPort>33709 dst>fd10:43:100::2/22670 
06:14:13.521359 ON flow>4070 srcPort>43465 dst>fd10:43:100::2/22870 
06:14:13.552535 CONNECT flow>4070 srcPort>43465 dst>fd10:43:100::2/22870 
06:14:13.638315 OFF flow>3862 srcPort>39191 dst>fd10:43:100::2/22662 
06:14:13.666226 SHUTDOWN flow>3878 srcPort>45015 dst>fd10:43:100::2/22678 
06:14:13.832449 ON flow>4078 srcPort>36403 dst>fd10:43:100::2/22878 
06:14:13.843504 SHUTDOWN flow>3886 srcPort>46153 dst>fd10:43:100::2/22686 
06:14:13.854981 CONNECT flow>4078 srcPort>36403 dst>fd10:43:100::2/22878 
06:14:13.926758 OFF flow>3878 srcPort>45015 dst>fd10:43:100::2/22678 
06:14:13.932832 ON flow>4086 srcPort>44103 dst>fd10:43:100::2/22886 
06:14:13.956455 CONNECT flow>4086 srcPort>44103 dst>fd10:43:100::2/22886 
06:14:13.994965 OFF flow>3886 srcPort>46153 dst>fd10:43:100::2/22686 
06:14:14.046512 SHUTDOWN flow>3894 srcPort>44595 dst>fd10:43:100::2/22694 
06:14:14.118753 ON flow>4094 srcPort>39761 dst>fd10:43:100::2/22894 
06:14:14.131754 CONNECT flow>4094 srcPort>39761 dst>fd10:43:100::2/22894 
06:14:14.157520 SHUTDOWN flow>3902 srcPort>44991 dst>fd10:43:100::2/22702 
06:14:14.179429 OFF flow>3894 srcPort>44595 dst>fd10:43:100::2/22694 
06:14:14.185964 ON flow>4102 srcPort>45297 dst>fd10:43:100::2/22902 
06:14:14.203610 CONNECT flow>4102 srcPort>45297 dst>fd10:43:100::2/22902 
06:14:14.248139 SHUTDOWN flow>3910 srcPort>41263 dst>fd10:43:100::2/22710 
06:14:14.255175 OFF flow>3902 srcPort>44991 dst>fd10:43:100::2/22702 
06:14:14.274717 ON flow>4110 srcPort>34899 dst>fd10:43:100::2/22910 
06:14:14.300687 CONNECT flow>4110 srcPort>34899 dst>fd10:43:100::2/22910 
06:14:14.322831 OFF flow>3910 srcPort>41263 dst>fd10:43:100::2/22710 
06:14:14.379415 SHUTDOWN flow>3918 srcPort>34477 dst>fd10:43:100::2/22718 
06:14:14.470289 ON flow>4118 srcPort>43643 dst>fd10:43:100::2/22918 
06:14:14.470334 OFF flow>3918 srcPort>34477 dst>fd10:43:100::2/22718 
06:14:14.497500 CONNECT flow>4118 srcPort>43643 dst>fd10:43:100::2/22918 
06:14:14.503950 SHUTDOWN flow>3926 srcPort>46573 dst>fd10:43:100::2/22726 
06:14:14.563301 OFF flow>3926 srcPort>46573 dst>fd10:43:100::2/22726 
06:14:14.565309 ON flow>4126 srcPort>34457 dst>fd10:43:100::2/22926 
06:14:14.579152 CONNECT flow>4126 srcPort>34457 dst>fd10:43:100::2/22926 
06:14:14.730935 SHUTDOWN flow>3934 srcPort>34999 dst>fd10:43:100::2/22734 
06:14:14.747914 ON flow>4134 srcPort>39461 dst>fd10:43:100::2/22934 
06:14:14.757793 OFF flow>3934 srcPort>34999 dst>fd10:43:100::2/22734 
06:14:14.781033 CONNECT flow>4134 srcPort>39461 dst>fd10:43:100::2/22934 
06:14:14.871369 ON flow>4142 srcPort>39835 dst>fd10:43:100::2/22942 
06:14:14.882793 CONNECT flow>4142 srcPort>39835 dst>fd10:43:100::2/22942 
06:14:14.961934 ON flow>4150 srcPort>45621 dst>fd10:43:100::2/22950 
06:14:14.983282 CONNECT flow>4150 srcPort>45621 dst>fd10:43:100::2/22950 
06:14:15.037715 ON flow>4158 srcPort>43101 dst>fd10:43:100::2/22958 
06:14:15.055537 SHUTDOWN flow>3942 srcPort>37057 dst>fd10:43:100::2/22742 
06:14:15.074658 CONNECT flow>4158 srcPort>43101 dst>fd10:43:100::2/22958 
06:14:15.122066 ON flow>4166 srcPort>35433 dst>fd10:43:100::2/22966 
06:14:15.128013 OFF flow>3942 srcPort>37057 dst>fd10:43:100::2/22742 
06:14:15.155870 CONNECT flow>4166 srcPort>35433 dst>fd10:43:100::2/22966 
06:14:15.190959 SHUTDOWN flow>3950 srcPort>44669 dst>fd10:43:100::2/22750 
06:14:15.208058 ON flow>4174 srcPort>36087 dst>fd10:43:100::2/22974 
06:14:15.240469 CONNECT flow>4174 srcPort>36087 dst>fd10:43:100::2/22974 
06:14:15.253549 OFF flow>3950 srcPort>44669 dst>fd10:43:100::2/22750 
06:14:15.291914 ON flow>4182 srcPort>46505 dst>fd10:43:100::2/22982 
06:14:15.325805 CONNECT flow>4182 srcPort>46505 dst>fd10:43:100::2/22982 
06:14:15.399523 ON flow>4190 srcPort>37871 dst>fd10:43:100::2/22990 
06:14:15.433586 CONNECT flow>4190 srcPort>37871 dst>fd10:43:100::2/22990 
06:14:15.793075 SHUTDOWN flow>3958 srcPort>38993 dst>fd10:43:100::2/22758 
06:14:15.933439 ON flow>4198 srcPort>43683 dst>fd10:43:100::2/22998 
06:14:15.987662 CONNECT flow>4198 srcPort>43683 dst>fd10:43:100::2/22998 
06:14:16.215978 OFF flow>3958 srcPort>38993 dst>fd10:43:100::2/22758 
06:14:16.426344 SHUTDOWN flow>3974 srcPort>32917 dst>fd10:43:100::2/22774 
06:14:16.443463 SHUTDOWN flow>3966 srcPort>33791 dst>fd10:43:100::2/22766 
06:14:16.494506 SHUTDOWN flow>3982 srcPort>39763 dst>fd10:43:100::2/22782 
06:14:16.506386 ON flow>4206 srcPort>33141 dst>fd10:43:100::2/23006 
06:14:16.555888 CONNECT flow>4206 srcPort>33141 dst>fd10:43:100::2/23006 
06:14:16.562834 OFF flow>3982 srcPort>39763 dst>fd10:43:100::2/22782 
06:14:16.742233 SHUTDOWN flow>3990 srcPort>35753 dst>fd10:43:100::2/22790 
06:14:16.795232 OFF flow>3990 srcPort>35753 dst>fd10:43:100::2/22790 
06:14:16.822427 OFF flow>3974 srcPort>32917 dst>fd10:43:100::2/22774 
06:14:16.918445 SHUTDOWN flow>3998 srcPort>42621 dst>fd10:43:100::2/22798 
06:14:16.944817 ON flow>4214 srcPort>44573 dst>fd10:43:100::2/23014 
06:14:17.000317 CONNECT flow>4214 srcPort>44573 dst>fd10:43:100::2/23014 
06:14:17.008205 SHUTDOWN flow>4006 srcPort>34747 dst>fd10:43:100::2/22806 
06:14:17.060940 OFF flow>4006 srcPort>34747 dst>fd10:43:100::2/22806 
06:14:17.100138 ON flow>4222 srcPort>38969 dst>fd10:43:100::2/23022 
06:14:17.149376 CONNECT flow>4222 srcPort>38969 dst>fd10:43:100::2/23022 
06:14:17.159488 SHUTDOWN flow>4014 srcPort>40683 dst>fd10:43:100::2/22814 
06:14:17.177925 OFF flow>3966 srcPort>33791 dst>fd10:43:100::2/22766 
06:14:17.207041 OFF flow>4014 srcPort>40683 dst>fd10:43:100::2/22814 
06:14:17.221717 ON flow>4230 srcPort>38721 dst>fd10:43:100::2/23030 
06:14:17.267940 SHUTDOWN flow>4022 srcPort>38409 dst>fd10:43:100::2/22822 
06:14:17.274274 CONNECT flow>4230 srcPort>38721 dst>fd10:43:100::2/23030 
06:14:17.314847 OFF flow>3998 srcPort>42621 dst>fd10:43:100::2/22798 
06:14:17.326274 OFF flow>4022 srcPort>38409 dst>fd10:43:100::2/22822 
06:14:17.466550 SHUTDOWN flow>4030 srcPort>44371 dst>fd10:43:100::2/22830 
06:14:17.485493 ON flow>4238 srcPort>35431 dst>fd10:43:100::2/23038 
06:14:17.518085 OFF flow>4030 srcPort>44371 dst>fd10:43:100::2/22830 
06:14:17.530148 CONNECT flow>4238 srcPort>35431 dst>fd10:43:100::2/23038 
06:14:17.595529 SHUTDOWN flow>4038 srcPort>35589 dst>fd10:43:100::2/22838 
06:14:17.647559 OFF flow>4038 srcPort>35589 dst>fd10:43:100::2/22838 
06:14:17.667348 SHUTDOWN flow>4046 srcPort>34175 dst>fd10:43:100::2/22846 
06:14:17.716661 OFF flow>4046 srcPort>34175 dst>fd10:43:100::2/22846 
06:14:17.765012 ON flow>4246 srcPort>33209 dst>fd10:43:100::2/23046 
06:14:17.813097 CONNECT flow>4246 srcPort>33209 dst>fd10:43:100::2/23046 
06:14:17.910040 SHUTDOWN flow>4054 srcPort>43515 dst>fd10:43:100::2/22854 
06:14:17.918062 ON flow>4254 srcPort>37493 dst>fd10:43:100::2/23054 
06:14:17.951623 OFF flow>4054 srcPort>43515 dst>fd10:43:100::2/22854 
06:14:17.959510 CONNECT flow>4254 srcPort>37493 dst>fd10:43:100::2/23054 
06:14:18.005536 SHUTDOWN flow>4062 srcPort>37805 dst>fd10:43:100::2/22862 
06:14:18.088369 ON flow>4262 srcPort>46799 dst>fd10:43:100::2/23062 
06:14:18.138313 CONNECT flow>4262 srcPort>46799 dst>fd10:43:100::2/23062 
06:14:18.321247 SHUTDOWN flow>4070 srcPort>43465 dst>fd10:43:100::2/22870 
06:14:18.362783 OFF flow>4070 srcPort>43465 dst>fd10:43:100::2/22870 
06:14:18.402017 OFF flow>4062 srcPort>37805 dst>fd10:43:100::2/22862 
06:14:18.632341 SHUTDOWN flow>4078 srcPort>36403 dst>fd10:43:100::2/22878 
06:14:18.656628 OFF flow>4078 srcPort>36403 dst>fd10:43:100::2/22878 
06:14:18.732736 SHUTDOWN flow>4086 srcPort>44103 dst>fd10:43:100::2/22886 
06:14:18.747788 OFF flow>4086 srcPort>44103 dst>fd10:43:100::2/22886 
06:14:18.822319 ON flow>4270 srcPort>32789 dst>fd10:43:100::2/23070 
06:14:18.822617 CONNECT flow>4270 srcPort>32789 dst>fd10:43:100::2/23070 
06:14:18.918541 SHUTDOWN flow>4094 srcPort>39761 dst>fd10:43:100::2/22894 
06:14:18.919443 OFF flow>4094 srcPort>39761 dst>fd10:43:100::2/22894 
06:14:18.949555 ON flow>4278 srcPort>35025 dst>fd10:43:100::2/23078 
06:14:18.949848 CONNECT flow>4278 srcPort>35025 dst>fd10:43:100::2/23078 
06:14:18.985843 SHUTDOWN flow>4102 srcPort>45297 dst>fd10:43:100::2/22902 
06:14:18.986555 OFF flow>4102 srcPort>45297 dst>fd10:43:100::2/22902 
06:14:19.074540 SHUTDOWN flow>4110 srcPort>34899 dst>fd10:43:100::2/22910 
06:14:19.075238 OFF flow>4110 srcPort>34899 dst>fd10:43:100::2/22910 
06:14:19.107128 ON flow>4286 srcPort>44697 dst>fd10:43:100::2/23086 
06:14:19.107366 CONNECT flow>4286 srcPort>44697 dst>fd10:43:100::2/23086 
06:14:19.187722 ON flow>4294 srcPort>35129 dst>fd10:43:100::2/23094 
06:14:19.188294 CONNECT flow>4294 srcPort>35129 dst>fd10:43:100::2/23094 
06:14:19.270043 SHUTDOWN flow>4118 srcPort>43643 dst>fd10:43:100::2/22918 
06:14:19.270447 OFF flow>4118 srcPort>43643 dst>fd10:43:100::2/22918 
06:14:19.365147 SHUTDOWN flow>4126 srcPort>34457 dst>fd10:43:100::2/22926 
06:14:19.365723 OFF flow>4126 srcPort>34457 dst>fd10:43:100::2/22926 
06:14:19.368712 ON flow>4302 srcPort>36309 dst>fd10:43:100::2/23102 
06:14:19.369004 CONNECT flow>4302 srcPort>36309 dst>fd10:43:100::2/23102 
06:14:19.547744 SHUTDOWN flow>4134 srcPort>39461 dst>fd10:43:100::2/22934 
06:14:19.548401 OFF flow>4134 srcPort>39461 dst>fd10:43:100::2/22934 
06:14:19.556829 ON flow>4310 srcPort>40701 dst>fd10:43:100::2/23110 
06:14:19.557203 CONNECT flow>4310 srcPort>40701 dst>fd10:43:100::2/23110 
06:14:19.629913 ON flow>4318 srcPort>37389 dst>fd10:43:100::2/23118 
06:14:19.630198 CONNECT flow>4318 srcPort>37389 dst>fd10:43:100::2/23118 
06:14:19.671246 SHUTDOWN flow>4142 srcPort>39835 dst>fd10:43:100::2/22942 
06:14:19.671941 OFF flow>4142 srcPort>39835 dst>fd10:43:100::2/22942 
06:14:19.700629 ON flow>4326 srcPort>42705 dst>fd10:43:100::2/23126 
06:14:19.703681 CONNECT flow>4326 srcPort>42705 dst>fd10:43:100::2/23126 
06:14:19.761736 SHUTDOWN flow>4150 srcPort>45621 dst>fd10:43:100::2/22950 
06:14:19.762238 OFF flow>4150 srcPort>45621 dst>fd10:43:100::2/22950 
06:14:19.837507 SHUTDOWN flow>4158 srcPort>43101 dst>fd10:43:100::2/22958 
06:14:19.837869 OFF flow>4158 srcPort>43101 dst>fd10:43:100::2/22958 
06:14:19.921817 SHUTDOWN flow>4166 srcPort>35433 dst>fd10:43:100::2/22966 
06:14:19.926037 OFF flow>4166 srcPort>35433 dst>fd10:43:100::2/22966 
06:14:19.940794 ON flow>4334 srcPort>38791 dst>fd10:43:100::2/23134 
06:14:19.941054 CONNECT flow>4334 srcPort>38791 dst>fd10:43:100::2/23134 
06:14:20.007820 SHUTDOWN flow>4174 srcPort>36087 dst>fd10:43:100::2/22974 
06:14:20.008307 OFF flow>4174 srcPort>36087 dst>fd10:43:100::2/22974 
06:14:20.091708 SHUTDOWN flow>4182 srcPort>46505 dst>fd10:43:100::2/22982 
06:14:20.092286 OFF flow>4182 srcPort>46505 dst>fd10:43:100::2/22982 
06:14:20.199331 SHUTDOWN flow>4190 srcPort>37871 dst>fd10:43:100::2/22990 
06:14:20.200154 OFF flow>4190 srcPort>37871 dst>fd10:43:100::2/22990 
06:14:20.207909 ON flow>4342 srcPort>42945 dst>fd10:43:100::2/23142 
06:14:20.208450 CONNECT flow>4342 srcPort>42945 dst>fd10:43:100::2/23142 
06:14:20.603171 ON flow>4350 srcPort>37065 dst>fd10:43:100::2/23150 
06:14:20.603669 CONNECT flow>4350 srcPort>37065 dst>fd10:43:100::2/23150 
06:14:20.733112 SHUTDOWN flow>4198 srcPort>43683 dst>fd10:43:100::2/22998 
06:14:20.733581 OFF flow>4198 srcPort>43683 dst>fd10:43:100::2/22998 
06:14:20.756440 ON flow>4358 srcPort>45265 dst>fd10:43:100::2/23158 
06:14:20.756738 CONNECT flow>4358 srcPort>45265 dst>fd10:43:100::2/23158 
06:14:21.123811 ON flow>4366 srcPort>36501 dst>fd10:43:100::2/23166 
06:14:21.124057 CONNECT flow>4366 srcPort>36501 dst>fd10:43:100::2/23166 
06:14:21.306243 SHUTDOWN flow>4206 srcPort>33141 dst>fd10:43:100::2/23006 
06:14:21.306829 OFF flow>4206 srcPort>33141 dst>fd10:43:100::2/23006 
06:14:21.307354 ON flow>4374 srcPort>33021 dst>fd10:43:100::2/23174 
06:14:21.307657 CONNECT flow>4374 srcPort>33021 dst>fd10:43:100::2/23174 
06:14:21.414060 ON flow>4382 srcPort>36939 dst>fd10:43:100::2/23182 
06:14:21.414524 CONNECT flow>4382 srcPort>36939 dst>fd10:43:100::2/23182 
06:14:21.517221 ON flow>4390 srcPort>43083 dst>fd10:43:100::2/23190 
06:14:21.517471 CONNECT flow>4390 srcPort>43083 dst>fd10:43:100::2/23190 
06:14:21.618403 ON flow>4398 srcPort>40581 dst>fd10:43:100::2/23198 
06:14:21.618665 CONNECT flow>4398 srcPort>40581 dst>fd10:43:100::2/23198 
06:14:21.685977 ON flow>4406 srcPort>45989 dst>fd10:43:100::2/23206 
06:14:21.686445 CONNECT flow>4406 srcPort>45989 dst>fd10:43:100::2/23206 
06:14:21.744641 SHUTDOWN flow>4214 srcPort>44573 dst>fd10:43:100::2/23014 
06:14:21.745038 OFF flow>4214 srcPort>44573 dst>fd10:43:100::2/23014 
06:14:21.745527 ON flow>4414 srcPort>45737 dst>fd10:43:100::2/23214 
06:14:21.746166 CONNECT flow>4414 srcPort>45737 dst>fd10:43:100::2/23214 
06:14:21.845452 ON flow>4422 srcPort>39415 dst>fd10:43:100::2/23222 
06:14:21.845834 CONNECT flow>4422 srcPort>39415 dst>fd10:43:100::2/23222 
06:14:21.899840 SHUTDOWN flow>4222 srcPort>38969 dst>fd10:43:100::2/23022 
06:14:21.900206 OFF flow>4222 srcPort>38969 dst>fd10:43:100::2/23022 
06:14:21.912146 ON flow>4430 srcPort>42131 dst>fd10:43:100::2/23230 
06:14:21.912475 CONNECT flow>4430 srcPort>42131 dst>fd10:43:100::2/23230 
06:14:22.002234 ON flow>4438 srcPort>33127 dst>fd10:43:100::2/23238 
06:14:22.002764 CONNECT flow>4438 srcPort>33127 dst>fd10:43:100::2/23238 
06:14:22.021542 SHUTDOWN flow>4230 srcPort>38721 dst>fd10:43:100::2/23030 
06:14:22.021853 OFF flow>4230 srcPort>38721 dst>fd10:43:100::2/23030 
06:14:22.163141 ON flow>4446 srcPort>33571 dst>fd10:43:100::2/23246 
06:14:22.163476 CONNECT flow>4446 srcPort>33571 dst>fd10:43:100::2/23246 
06:14:22.285355 SHUTDOWN flow>4238 srcPort>35431 dst>fd10:43:100::2/23038 
06:14:22.285943 OFF flow>4238 srcPort>35431 dst>fd10:43:100::2/23038 
06:14:22.332148 ON flow>4454 srcPort>39393 dst>fd10:43:100::2/23254 
06:14:22.334344 CONNECT flow>4454 srcPort>39393 dst>fd10:43:100::2/23254 
06:14:22.484639 ON flow>4462 srcPort>36795 dst>fd10:43:100::2/23262 
06:14:22.485596 CONNECT flow>4462 srcPort>36795 dst>fd10:43:100::2/23262 
06:14:22.564854 SHUTDOWN flow>4246 srcPort>33209 dst>fd10:43:100::2/23046 
06:14:22.565343 OFF flow>4246 srcPort>33209 dst>fd10:43:100::2/23046 
06:14:22.664423 ON flow>4470 srcPort>44309 dst>fd10:43:100::2/23270 
06:14:22.664836 CONNECT flow>4470 srcPort>44309 dst>fd10:43:100::2/23270 
06:14:22.717917 SHUTDOWN flow>4254 srcPort>37493 dst>fd10:43:100::2/23054 
06:14:22.721319 OFF flow>4254 srcPort>37493 dst>fd10:43:100::2/23054 
06:14:22.836750 ON flow>4478 srcPort>35505 dst>fd10:43:100::2/23278 
06:14:22.839504 CONNECT flow>4478 srcPort>35505 dst>fd10:43:100::2/23278 
06:14:22.888186 SHUTDOWN flow>4262 srcPort>46799 dst>fd10:43:100::2/23062 
06:14:22.896654 OFF flow>4262 srcPort>46799 dst>fd10:43:100::2/23062 
06:14:23.085263 ON flow>4486 srcPort>40037 dst>fd10:43:100::2/23286 
06:14:23.093951 CONNECT flow>4486 srcPort>40037 dst>fd10:43:100::2/23286 
06:14:23.203060 ON flow>4494 srcPort>45587 dst>fd10:43:100::2/23294 
06:14:23.229078 CONNECT flow>4494 srcPort>45587 dst>fd10:43:100::2/23294 
06:14:23.390513 ON flow>4502 srcPort>37433 dst>fd10:43:100::2/23302 
06:14:23.419452 CONNECT flow>4502 srcPort>37433 dst>fd10:43:100::2/23302 
06:14:23.572460 ON flow>4510 srcPort>35985 dst>fd10:43:100::2/23310 
06:14:23.617864 CONNECT flow>4510 srcPort>35985 dst>fd10:43:100::2/23310 
06:14:23.622212 SHUTDOWN flow>4270 srcPort>32789 dst>fd10:43:100::2/23070 
06:14:23.713444 OFF flow>4270 srcPort>32789 dst>fd10:43:100::2/23070 
06:14:23.749494 SHUTDOWN flow>4278 srcPort>35025 dst>fd10:43:100::2/23078 
06:14:23.907076 SHUTDOWN flow>4286 srcPort>44697 dst>fd10:43:100::2/23086 
06:14:23.911985 ON flow>4518 srcPort>42041 dst>fd10:43:100::2/23318 
06:14:23.935818 CONNECT flow>4518 srcPort>42041 dst>fd10:43:100::2/23318 
06:14:23.983315 OFF flow>4278 srcPort>35025 dst>fd10:43:100::2/23078 
06:14:23.987672 SHUTDOWN flow>4294 srcPort>35129 dst>fd10:43:100::2/23094 
06:14:24.001794 ON flow>4526 srcPort>43631 dst>fd10:43:100::2/23326 
06:14:24.024021 CONNECT flow>4526 srcPort>43631 dst>fd10:43:100::2/23326 
06:14:24.030647 OFF flow>4286 srcPort>44697 dst>fd10:43:100::2/23086 
06:14:24.034924 OFF flow>4294 srcPort>35129 dst>fd10:43:100::2/23094 
06:14:24.108822 ON flow>4534 srcPort>43801 dst>fd10:43:100::2/23334 
06:14:24.141384 CONNECT flow>4534 srcPort>43801 dst>fd10:43:100::2/23334 
06:14:24.168665 SHUTDOWN flow>4302 srcPort>36309 dst>fd10:43:100::2/23102 
06:14:24.178947 ON flow>4542 srcPort>42729 dst>fd10:43:100::2/23342 
06:14:24.204221 CONNECT flow>4542 srcPort>42729 dst>fd10:43:100::2/23342 
06:14:24.265259 ON flow>4550 srcPort>42203 dst>fd10:43:100::2/23350 
06:14:24.283929 OFF flow>4302 srcPort>36309 dst>fd10:43:100::2/23102 
06:14:24.290818 CONNECT flow>4550 srcPort>42203 dst>fd10:43:100::2/23350 
06:14:24.356790 SHUTDOWN flow>4310 srcPort>40701 dst>fd10:43:100::2/23110 
06:14:24.426211 ON flow>4558 srcPort>43905 dst>fd10:43:100::2/23358 
06:14:24.429960 SHUTDOWN flow>4318 srcPort>37389 dst>fd10:43:100::2/23118 
06:14:24.430741 OFF flow>4310 srcPort>40701 dst>fd10:43:100::2/23110 
06:14:24.448858 CONNECT flow>4558 srcPort>43905 dst>fd10:43:100::2/23358 
06:14:24.500605 SHUTDOWN flow>4326 srcPort>42705 dst>fd10:43:100::2/23126 
06:14:24.501797 OFF flow>4318 srcPort>37389 dst>fd10:43:100::2/23118 
06:14:24.515351 ON flow>4566 srcPort>37773 dst>fd10:43:100::2/23366 
06:14:24.546004 CONNECT flow>4566 srcPort>37773 dst>fd10:43:100::2/23366 
06:14:24.571927 ON flow>4574 srcPort>33175 dst>fd10:43:100::2/23374 
06:14:24.605543 CONNECT flow>4574 srcPort>33175 dst>fd10:43:100::2/23374 
06:14:24.618386 OFF flow>4326 srcPort>42705 dst>fd10:43:100::2/23126 
06:14:24.740744 SHUTDOWN flow>4334 srcPort>38791 dst>fd10:43:100::2/23134 
06:14:24.743316 ON flow>4582 srcPort>34313 dst>fd10:43:100::2/23382 
06:14:24.781904 CONNECT flow>4582 srcPort>34313 dst>fd10:43:100::2/23382 
06:14:24.810961 OFF flow>4334 srcPort>38791 dst>fd10:43:100::2/23134 
06:14:25.007771 SHUTDOWN flow>4342 srcPort>42945 dst>fd10:43:100::2/23142 
06:14:25.148880 OFF flow>4342 srcPort>42945 dst>fd10:43:100::2/23142 
06:14:25.264103 ON flow>4590 srcPort>42805 dst>fd10:43:100::2/23390 
06:14:25.302443 CONNECT flow>4590 srcPort>42805 dst>fd10:43:100::2/23390 
06:14:25.403079 SHUTDOWN flow>4350 srcPort>37065 dst>fd10:43:100::2/23150 
06:14:25.502058 ON flow>4598 srcPort>35411 dst>fd10:43:100::2/23398 
06:14:25.516340 OFF flow>4350 srcPort>37065 dst>fd10:43:100::2/23150 
06:14:25.550669 ON flow>4606 srcPort>36441 dst>fd10:43:100::2/23406 
06:14:25.553889 CONNECT flow>4598 srcPort>35411 dst>fd10:43:100::2/23398 
06:14:25.556346 SHUTDOWN flow>4358 srcPort>45265 dst>fd10:43:100::2/23158 
06:14:25.607929 CONNECT flow>4606 srcPort>36441 dst>fd10:43:100::2/23406 
06:14:25.625652 OFF flow>4358 srcPort>45265 dst>fd10:43:100::2/23158 
06:14:25.682923 ON flow>4614 srcPort>45117 dst>fd10:43:100::2/23414 
06:14:25.727959 CONNECT flow>4614 srcPort>45117 dst>fd10:43:100::2/23414 
06:14:25.923637 SHUTDOWN flow>4366 srcPort>36501 dst>fd10:43:100::2/23166 
06:14:26.082129 ON flow>4622 srcPort>39991 dst>fd10:43:100::2/23422 
06:14:26.107226 SHUTDOWN flow>4374 srcPort>33021 dst>fd10:43:100::2/23174 
06:14:26.127566 CONNECT flow>4622 srcPort>39991 dst>fd10:43:100::2/23422 
06:14:26.185881 OFF flow>4366 srcPort>36501 dst>fd10:43:100::2/23166 
06:14:26.213952 SHUTDOWN flow>4382 srcPort>36939 dst>fd10:43:100::2/23182 
06:14:26.240294 OFF flow>4374 srcPort>33021 dst>fd10:43:100::2/23174 
06:14:26.253463 ON flow>4630 srcPort>38703 dst>fd10:43:100::2/23430 
06:14:26.262223 CONNECT flow>4630 srcPort>38703 dst>fd10:43:100::2/23430 
06:14:26.317135 SHUTDOWN flow>4390 srcPort>43083 dst>fd10:43:100::2/23190 
06:14:26.416354 ON flow>4638 srcPort>34319 dst>fd10:43:100::2/23438 
06:14:26.418259 SHUTDOWN flow>4398 srcPort>40581 dst>fd10:43:100::2/23198 
06:14:26.421243 CONNECT flow>4638 srcPort>34319 dst>fd10:43:100::2/23438 
06:14:26.485939 SHUTDOWN flow>4406 srcPort>45989 dst>fd10:43:100::2/23206 
06:14:26.524420 ON flow>4646 srcPort>33191 dst>fd10:43:100::2/23446 
06:14:26.542831 CONNECT flow>4646 srcPort>33191 dst>fd10:43:100::2/23446 
06:14:26.545440 SHUTDOWN flow>4414 srcPort>45737 dst>fd10:43:100::2/23214 
06:14:26.549466 OFF flow>4398 srcPort>40581 dst>fd10:43:100::2/23198 
06:14:26.628912 OFF flow>4382 srcPort>36939 dst>fd10:43:100::2/23182 
06:14:26.645361 SHUTDOWN flow>4422 srcPort>39415 dst>fd10:43:100::2/23222 
06:14:26.686235 OFF flow>4414 srcPort>45737 dst>fd10:43:100::2/23214 
06:14:26.694085 ON flow>4654 srcPort>41571 dst>fd10:43:100::2/23454 
06:14:26.712058 SHUTDOWN flow>4430 srcPort>42131 dst>fd10:43:100::2/23230 
06:14:26.719276 CONNECT flow>4654 srcPort>41571 dst>fd10:43:100::2/23454 
06:14:26.733170 OFF flow>4390 srcPort>43083 dst>fd10:43:100::2/23190 
06:14:26.800794 ON flow>4662 srcPort>43565 dst>fd10:43:100::2/23462 
06:14:26.802149 SHUTDOWN flow>4438 srcPort>33127 dst>fd10:43:100::2/23238 
06:14:26.828428 OFF flow>4406 srcPort>45989 dst>fd10:43:100::2/23206 
06:14:26.833752 CONNECT flow>4662 srcPort>43565 dst>fd10:43:100::2/23462 
06:14:26.936479 OFF flow>4422 srcPort>39415 dst>fd10:43:100::2/23222 
06:14:26.963104 SHUTDOWN flow>4446 srcPort>33571 dst>fd10:43:100::2/23246 
06:14:27.007991 OFF flow>4430 srcPort>42131 dst>fd10:43:100::2/23230 
06:14:27.088605 ON flow>4670 srcPort>43501 dst>fd10:43:100::2/23470 
06:14:27.108434 CONNECT flow>4670 srcPort>43501 dst>fd10:43:100::2/23470 
06:14:27.132043 SHUTDOWN flow>4454 srcPort>39393 dst>fd10:43:100::2/23254 
06:14:27.215840 ON flow>4678 srcPort>33159 dst>fd10:43:100::2/23478 
06:14:27.239638 OFF flow>4446 srcPort>33571 dst>fd10:43:100::2/23246 
06:14:27.284610 SHUTDOWN flow>4462 srcPort>36795 dst>fd10:43:100::2/23262 
06:14:27.307698 CONNECT flow>4678 srcPort>33159 dst>fd10:43:100::2/23478 
06:14:27.376390 ON flow>4686 srcPort>38027 dst>fd10:43:100::2/23486 
06:14:27.397497 CONNECT flow>4686 srcPort>38027 dst>fd10:43:100::2/23486 
06:14:27.443031 OFF flow>4462 srcPort>36795 dst>fd10:43:100::2/23262 
06:14:27.464274 SHUTDOWN flow>4470 srcPort>44309 dst>fd10:43:100::2/23270 
06:14:27.538152 OFF flow>4454 srcPort>39393 dst>fd10:43:100::2/23254 
06:14:27.663380 OFF flow>4470 srcPort>44309 dst>fd10:43:100::2/23270 
06:14:27.749347 OFF flow>4438 srcPort>33127 dst>fd10:43:100::2/23238 
06:14:27.765819 ON flow>4694 srcPort>38561 dst>fd10:43:100::2/23494 
06:14:27.769622 SHUTDOWN flow>4478 srcPort>35505 dst>fd10:43:100::2/23278 
06:14:27.797058 CONNECT flow>4694 srcPort>38561 dst>fd10:43:100::2/23494 
06:14:27.967669 SHUTDOWN flow>4486 srcPort>40037 dst>fd10:43:100::2/23286 
06:14:28.009018 SHUTDOWN flow>4494 srcPort>45587 dst>fd10:43:100::2/23294 
06:14:28.027053 OFF flow>4478 srcPort>35505 dst>fd10:43:100::2/23278 
06:14:28.057321 ON flow>4702 srcPort>37715 dst>fd10:43:100::2/23502 
06:14:28.089805 CONNECT flow>4702 srcPort>37715 dst>fd10:43:100::2/23502 
06:14:28.179452 OFF flow>4486 srcPort>40037 dst>fd10:43:100::2/23286 
06:14:28.298978 SHUTDOWN flow>4502 srcPort>37433 dst>fd10:43:100::2/23302 
06:14:28.351933 OFF flow>4494 srcPort>45587 dst>fd10:43:100::2/23294 
06:14:28.371227 ON flow>4710 srcPort>44787 dst>fd10:43:100::2/23510 
06:14:28.372275 SHUTDOWN flow>4510 srcPort>35985 dst>fd10:43:100::2/23310 
06:14:28.403162 CONNECT flow>4710 srcPort>44787 dst>fd10:43:100::2/23510 
06:14:28.575803 OFF flow>4502 srcPort>37433 dst>fd10:43:100::2/23302 
06:14:28.628269 ON flow>4718 srcPort>41907 dst>fd10:43:100::2/23518 
06:14:28.671928 OFF flow>4510 srcPort>35985 dst>fd10:43:100::2/23310 
06:14:28.672999 CONNECT flow>4718 srcPort>41907 dst>fd10:43:100::2/23518 
06:14:28.711785 SHUTDOWN flow>4518 srcPort>42041 dst>fd10:43:100::2/23318 
06:14:28.806756 ON flow>4726 srcPort>33445 dst>fd10:43:100::2/23526 
06:14:28.855187 CONNECT flow>4726 srcPort>33445 dst>fd10:43:100::2/23526 
06:14:28.871192 SHUTDOWN flow>4526 srcPort>43631 dst>fd10:43:100::2/23326 
06:14:28.938460 OFF flow>4518 srcPort>42041 dst>fd10:43:100::2/23318 
06:14:28.978823 SHUTDOWN flow>4542 srcPort>42729 dst>fd10:43:100::2/23342 
06:14:29.007351 ON flow>4734 srcPort>36183 dst>fd10:43:100::2/23534 
06:14:29.012032 SHUTDOWN flow>4534 srcPort>43801 dst>fd10:43:100::2/23334 
06:14:29.051060 CONNECT flow>4734 srcPort>36183 dst>fd10:43:100::2/23534 
06:14:29.065042 SHUTDOWN flow>4550 srcPort>42203 dst>fd10:43:100::2/23350 
06:14:29.162005 OFF flow>4526 srcPort>43631 dst>fd10:43:100::2/23326 
06:14:29.226038 SHUTDOWN flow>4558 srcPort>43905 dst>fd10:43:100::2/23358 
06:14:29.260615 OFF flow>4534 srcPort>43801 dst>fd10:43:100::2/23334 
06:14:29.315236 SHUTDOWN flow>4566 srcPort>37773 dst>fd10:43:100::2/23366 
06:14:29.371772 SHUTDOWN flow>4574 srcPort>33175 dst>fd10:43:100::2/23374 
06:14:29.399861 OFF flow>4550 srcPort>42203 dst>fd10:43:100::2/23350 
06:14:29.416385 ON flow>4742 srcPort>40245 dst>fd10:43:100::2/23542 
06:14:29.460969 CONNECT flow>4742 srcPort>40245 dst>fd10:43:100::2/23542 
06:14:29.543120 SHUTDOWN flow>4582 srcPort>34313 dst>fd10:43:100::2/23382 
06:14:29.554707 OFF flow>4566 srcPort>37773 dst>fd10:43:100::2/23366 
06:14:29.564061 ON flow>4750 srcPort>36635 dst>fd10:43:100::2/23550 
06:14:29.569539 OFF flow>4558 srcPort>43905 dst>fd10:43:100::2/23358 
06:14:29.582088 OFF flow>4542 srcPort>42729 dst>fd10:43:100::2/23342 
06:14:29.590914 CONNECT flow>4750 srcPort>36635 dst>fd10:43:100::2/23550 
06:14:29.663792 OFF flow>4582 srcPort>34313 dst>fd10:43:100::2/23382 
06:14:29.664096 OFF flow>4574 srcPort>33175 dst>fd10:43:100::2/23374 
06:14:29.740494 ON flow>4758 srcPort>33951 dst>fd10:43:100::2/23558 
06:14:29.772974 CONNECT flow>4758 srcPort>33951 dst>fd10:43:100::2/23558 
06:14:29.873033 ON flow>4766 srcPort>33997 dst>fd10:43:100::2/23566 
06:14:29.886145 CONNECT flow>4766 srcPort>33997 dst>fd10:43:100::2/23566 
06:14:29.988638 ON flow>4774 srcPort>34037 dst>fd10:43:100::2/23574 
06:14:29.995515 CONNECT flow>4774 srcPort>34037 dst>fd10:43:100::2/23574 
06:14:30.063974 SHUTDOWN flow>4590 srcPort>42805 dst>fd10:43:100::2/23390 
06:14:30.064796 OFF flow>4590 srcPort>42805 dst>fd10:43:100::2/23390 
06:14:30.206000 ON flow>4782 srcPort>45617 dst>fd10:43:100::2/23582 
06:14:30.209169 CONNECT flow>4782 srcPort>45617 dst>fd10:43:100::2/23582 
06:14:30.301875 SHUTDOWN flow>4598 srcPort>35411 dst>fd10:43:100::2/23398 
06:14:30.302236 OFF flow>4598 srcPort>35411 dst>fd10:43:100::2/23398 
06:14:30.350496 SHUTDOWN flow>4606 srcPort>36441 dst>fd10:43:100::2/23406 
06:14:30.351382 OFF flow>4606 srcPort>36441 dst>fd10:43:100::2/23406 
06:14:30.482781 SHUTDOWN flow>4614 srcPort>45117 dst>fd10:43:100::2/23414 
06:14:30.485852 OFF flow>4614 srcPort>45117 dst>fd10:43:100::2/23414 
06:14:30.523736 ON flow>4790 srcPort>34409 dst>fd10:43:100::2/23590 
06:14:30.532568 CONNECT flow>4790 srcPort>34409 dst>fd10:43:100::2/23590 
06:14:30.630380 ON flow>4798 srcPort>35381 dst>fd10:43:100::2/23598 
06:14:30.630721 CONNECT flow>4798 srcPort>35381 dst>fd10:43:100::2/23598 
06:14:30.739730 ON flow>4806 srcPort>38759 dst>fd10:43:100::2/23606 
06:14:30.740066 CONNECT flow>4806 srcPort>38759 dst>fd10:43:100::2/23606 
06:14:30.880043 ON flow>4814 srcPort>35983 dst>fd10:43:100::2/23614 
06:14:30.880313 CONNECT flow>4814 srcPort>35983 dst>fd10:43:100::2/23614 
06:14:30.881951 SHUTDOWN flow>4622 srcPort>39991 dst>fd10:43:100::2/23422 
06:14:30.882400 OFF flow>4622 srcPort>39991 dst>fd10:43:100::2/23422 
06:14:30.980690 ON flow>4822 srcPort>38807 dst>fd10:43:100::2/23622 
06:14:30.981122 CONNECT flow>4822 srcPort>38807 dst>fd10:43:100::2/23622 
06:14:31.053046 SHUTDOWN flow>4630 srcPort>38703 dst>fd10:43:100::2/23430 
06:14:31.053388 OFF flow>4630 srcPort>38703 dst>fd10:43:100::2/23430 
06:14:31.114919 ON flow>4830 srcPort>35103 dst>fd10:43:100::2/23630 
06:14:31.116436 CONNECT flow>4830 srcPort>35103 dst>fd10:43:100::2/23630 
06:14:31.216040 SHUTDOWN flow>4638 srcPort>34319 dst>fd10:43:100::2/23438 
06:14:31.216982 OFF flow>4638 srcPort>34319 dst>fd10:43:100::2/23438 
06:14:31.293565 ON flow>4838 srcPort>45347 dst>fd10:43:100::2/23638 
06:14:31.293856 CONNECT flow>4838 srcPort>45347 dst>fd10:43:100::2/23638 
06:14:31.324245 SHUTDOWN flow>4646 srcPort>33191 dst>fd10:43:100::2/23446 
06:14:31.324843 OFF flow>4646 srcPort>33191 dst>fd10:43:100::2/23446 
06:14:31.493751 SHUTDOWN flow>4654 srcPort>41571 dst>fd10:43:100::2/23454 
06:14:31.494225 OFF flow>4654 srcPort>41571 dst>fd10:43:100::2/23454 
06:14:31.565812 ON flow>4846 srcPort>33667 dst>fd10:43:100::2/23646 
06:14:31.566106 CONNECT flow>4846 srcPort>33667 dst>fd10:43:100::2/23646 
06:14:31.600657 SHUTDOWN flow>4662 srcPort>43565 dst>fd10:43:100::2/23462 
06:14:31.601091 OFF flow>4662 srcPort>43565 dst>fd10:43:100::2/23462 
06:14:31.824376 ON flow>4854 srcPort>44229 dst>fd10:43:100::2/23654 
06:14:31.824955 CONNECT flow>4854 srcPort>44229 dst>fd10:43:100::2/23654 
06:14:31.888484 SHUTDOWN flow>4670 srcPort>43501 dst>fd10:43:100::2/23470 
06:14:31.894177 OFF flow>4670 srcPort>43501 dst>fd10:43:100::2/23470 
06:14:32.015666 SHUTDOWN flow>4678 srcPort>33159 dst>fd10:43:100::2/23478 
06:14:32.019569 OFF flow>4678 srcPort>33159 dst>fd10:43:100::2/23478 
06:14:32.176267 SHUTDOWN flow>4686 srcPort>38027 dst>fd10:43:100::2/23486 
06:14:32.176893 OFF flow>4686 srcPort>38027 dst>fd10:43:100::2/23486 
06:14:32.187354 ON flow>4862 srcPort>45505 dst>fd10:43:100::2/23662 
06:14:32.187852 CONNECT flow>4862 srcPort>45505 dst>fd10:43:100::2/23662 
06:14:32.437206 ON flow>4870 srcPort>40427 dst>fd10:43:100::2/23670 
06:14:32.437587 CONNECT flow>4870 srcPort>40427 dst>fd10:43:100::2/23670 
06:14:32.529285 ON flow>4878 srcPort>43669 dst>fd10:43:100::2/23678 
06:14:32.529772 CONNECT flow>4878 srcPort>43669 dst>fd10:43:100::2/23678 
06:14:32.565562 SHUTDOWN flow>4694 srcPort>38561 dst>fd10:43:100::2/23494 
06:14:32.565940 OFF flow>4694 srcPort>38561 dst>fd10:43:100::2/23494 
06:14:32.631574 ON flow>4886 srcPort>41129 dst>fd10:43:100::2/23686 
06:14:32.631968 CONNECT flow>4886 srcPort>41129 dst>fd10:43:100::2/23686 
06:14:32.718733 ON flow>4894 srcPort>45531 dst>fd10:43:100::2/23694 
06:14:32.719217 CONNECT flow>4894 srcPort>45531 dst>fd10:43:100::2/23694 
06:14:32.857156 SHUTDOWN flow>4702 srcPort>37715 dst>fd10:43:100::2/23502 
06:14:32.858733 OFF flow>4702 srcPort>37715 dst>fd10:43:100::2/23502 
06:14:32.957462 ON flow>4902 srcPort>46491 dst>fd10:43:100::2/23702 
06:14:32.957794 CONNECT flow>4902 srcPort>46491 dst>fd10:43:100::2/23702 
06:14:33.051267 ON flow>4910 srcPort>32995 dst>fd10:43:100::2/23710 
06:14:33.051956 CONNECT flow>4910 srcPort>32995 dst>fd10:43:100::2/23710 
06:14:33.133178 ON flow>4918 srcPort>37689 dst>fd10:43:100::2/23718 
06:14:33.136072 CONNECT flow>4918 srcPort>37689 dst>fd10:43:100::2/23718 
06:14:33.170969 SHUTDOWN flow>4710 srcPort>44787 dst>fd10:43:100::2/23510 
06:14:33.182209 OFF flow>4710 srcPort>44787 dst>fd10:43:100::2/23510 
06:14:33.326731 ON flow>4926 srcPort>36517 dst>fd10:43:100::2/23726 
06:14:33.327693 CONNECT flow>4926 srcPort>36517 dst>fd10:43:100::2/23726 
06:14:33.427970 SHUTDOWN flow>4718 srcPort>41907 dst>fd10:43:100::2/23518 
06:14:33.428242 OFF flow>4718 srcPort>41907 dst>fd10:43:100::2/23518 
06:14:33.454771 ON flow>4934 srcPort>38883 dst>fd10:43:100::2/23734 
06:14:33.455029 CONNECT flow>4934 srcPort>38883 dst>fd10:43:100::2/23734 
06:14:33.606555 SHUTDOWN flow>4726 srcPort>33445 dst>fd10:43:100::2/23526 
06:14:33.607933 OFF flow>4726 srcPort>33445 dst>fd10:43:100::2/23526 
06:14:33.629797 ON flow>4942 srcPort>33881 dst>fd10:43:100::2/23742 
06:14:33.630126 CONNECT flow>4942 srcPort>33881 dst>fd10:43:100::2/23742 
06:14:33.806542 SHUTDOWN flow>4734 srcPort>36183 dst>fd10:43:100::2/23534 
06:14:33.807265 OFF flow>4734 srcPort>36183 dst>fd10:43:100::2/23534 
06:14:33.998509 ON flow>4950 srcPort>39971 dst>fd10:43:100::2/23750 
06:14:33.998776 CONNECT flow>4950 srcPort>39971 dst>fd10:43:100::2/23750 
06:14:34.145068 ON flow>4958 srcPort>36657 dst>fd10:43:100::2/23758 
06:14:34.150193 CONNECT flow>4958 srcPort>36657 dst>fd10:43:100::2/23758 
06:14:34.216242 SHUTDOWN flow>4742 srcPort>40245 dst>fd10:43:100::2/23542 
06:14:34.216741 OFF flow>4742 srcPort>40245 dst>fd10:43:100::2/23542 
06:14:34.329055 ON flow>4966 srcPort>33721 dst>fd10:43:100::2/23766 
06:14:34.329317 CONNECT flow>4966 srcPort>33721 dst>fd10:43:100::2/23766 
06:14:34.363947 SHUTDOWN flow>4750 srcPort>36635 dst>fd10:43:100::2/23550 
06:14:34.364517 OFF flow>4750 srcPort>36635 dst>fd10:43:100::2/23550 
06:14:34.540159 SHUTDOWN flow>4758 srcPort>33951 dst>fd10:43:100::2/23558 
06:14:34.540813 OFF flow>4758 srcPort>33951 dst>fd10:43:100::2/23558 
06:14:34.672945 SHUTDOWN flow>4766 srcPort>33997 dst>fd10:43:100::2/23566 
06:14:34.673573 OFF flow>4766 srcPort>33997 dst>fd10:43:100::2/23566 
06:14:34.788530 SHUTDOWN flow>4774 srcPort>34037 dst>fd10:43:100::2/23574 
06:14:34.792180 OFF flow>4774 srcPort>34037 dst>fd10:43:100::2/23574 
06:14:35.005842 SHUTDOWN flow>4782 srcPort>45617 dst>fd10:43:100::2/23582 
06:14:35.006604 OFF flow>4782 srcPort>45617 dst>fd10:43:100::2/23582 
06:14:35.126850 ON flow>4974 srcPort>38041 dst>fd10:43:100::2/23774 
06:14:35.127092 CONNECT flow>4974 srcPort>38041 dst>fd10:43:100::2/23774 
06:14:35.323655 SHUTDOWN flow>4790 srcPort>34409 dst>fd10:43:100::2/23590 
06:14:35.323933 OFF flow>4790 srcPort>34409 dst>fd10:43:100::2/23590 
06:14:35.412770 ON flow>4982 srcPort>44077 dst>fd10:43:100::2/23782 
06:14:35.413061 CONNECT flow>4982 srcPort>44077 dst>fd10:43:100::2/23782 
06:14:35.430145 SHUTDOWN flow>4798 srcPort>35381 dst>fd10:43:100::2/23598 
06:14:35.430550 OFF flow>4798 srcPort>35381 dst>fd10:43:100::2/23598 
06:14:35.539641 SHUTDOWN flow>4806 srcPort>38759 dst>fd10:43:100::2/23606 
06:14:35.540272 OFF flow>4806 srcPort>38759 dst>fd10:43:100::2/23606 
06:14:35.548738 ON flow>4990 srcPort>33689 dst>fd10:43:100::2/23790 
06:14:35.549006 CONNECT flow>4990 srcPort>33689 dst>fd10:43:100::2/23790 
06:14:35.679944 SHUTDOWN flow>4814 srcPort>35983 dst>fd10:43:100::2/23614 
06:14:35.680297 OFF flow>4814 srcPort>35983 dst>fd10:43:100::2/23614 
06:14:35.780550 SHUTDOWN flow>4822 srcPort>38807 dst>fd10:43:100::2/23622 
06:14:35.780877 OFF flow>4822 srcPort>38807 dst>fd10:43:100::2/23622 
06:14:35.867148 ON flow>4998 srcPort>43901 dst>fd10:43:100::2/23798 
06:14:35.867571 CONNECT flow>4998 srcPort>43901 dst>fd10:43:100::2/23798 
06:14:35.914840 SHUTDOWN flow>4830 srcPort>35103 dst>fd10:43:100::2/23630 
06:14:35.915204 OFF flow>4830 srcPort>35103 dst>fd10:43:100::2/23630 
06:14:36.075668 ON flow>5006 srcPort>41301 dst>fd10:43:100::2/23806 
06:14:36.075940 CONNECT flow>5006 srcPort>41301 dst>fd10:43:100::2/23806 
06:14:36.093458 SHUTDOWN flow>4838 srcPort>45347 dst>fd10:43:100::2/23638 
06:14:36.094051 OFF flow>4838 srcPort>45347 dst>fd10:43:100::2/23638 
06:14:36.196040 ON flow>5014 srcPort>35363 dst>fd10:43:100::2/23814 
06:14:36.196449 CONNECT flow>5014 srcPort>35363 dst>fd10:43:100::2/23814 
06:14:36.357751 ON flow>5022 srcPort>45753 dst>fd10:43:100::2/23822 
06:14:36.358585 CONNECT flow>5022 srcPort>45753 dst>fd10:43:100::2/23822 
06:14:36.365755 SHUTDOWN flow>4846 srcPort>33667 dst>fd10:43:100::2/23646 
06:14:36.366521 OFF flow>4846 srcPort>33667 dst>fd10:43:100::2/23646 
06:14:36.461593 ON flow>5030 srcPort>45483 dst>fd10:43:100::2/23830 
06:14:36.466038 CONNECT flow>5030 srcPort>45483 dst>fd10:43:100::2/23830 
06:14:36.578194 ON flow>5038 srcPort>40475 dst>fd10:43:100::2/23838 
06:14:36.579405 CONNECT flow>5038 srcPort>40475 dst>fd10:43:100::2/23838 
06:14:36.624154 SHUTDOWN flow>4854 srcPort>44229 dst>fd10:43:100::2/23654 
06:14:36.624989 OFF flow>4854 srcPort>44229 dst>fd10:43:100::2/23654 
06:14:36.677787 ON flow>5046 srcPort>35637 dst>fd10:43:100::2/23846 
06:14:36.678065 CONNECT flow>5046 srcPort>35637 dst>fd10:43:100::2/23846 
06:14:36.842796 ON flow>5054 srcPort>43825 dst>fd10:43:100::2/23854 
06:14:36.843091 CONNECT flow>5054 srcPort>43825 dst>fd10:43:100::2/23854 
06:14:36.963237 ON flow>5062 srcPort>35091 dst>fd10:43:100::2/23862 
06:14:36.963730 CONNECT flow>5062 srcPort>35091 dst>fd10:43:100::2/23862 
06:14:36.987224 SHUTDOWN flow>4862 srcPort>45505 dst>fd10:43:100::2/23662 
06:14:36.987564 OFF flow>4862 srcPort>45505 dst>fd10:43:100::2/23662 
06:14:37.170466 ON flow>5070 srcPort>35529 dst>fd10:43:100::2/23870 
06:14:37.170965 CONNECT flow>5070 srcPort>35529 dst>fd10:43:100::2/23870 
06:14:37.237020 SHUTDOWN flow>4870 srcPort>40427 dst>fd10:43:100::2/23670 
06:14:37.237614 OFF flow>4870 srcPort>40427 dst>fd10:43:100::2/23670 
06:14:37.307155 ON flow>5078 srcPort>33529 dst>fd10:43:100::2/23878 
06:14:37.307492 CONNECT flow>5078 srcPort>33529 dst>fd10:43:100::2/23878 
06:14:37.329267 SHUTDOWN flow>4878 srcPort>43669 dst>fd10:43:100::2/23678 
06:14:37.329869 OFF flow>4878 srcPort>43669 dst>fd10:43:100::2/23678 
06:14:37.402279 ON flow>5086 srcPort>44707 dst>fd10:43:100::2/23886 
06:14:37.407118 CONNECT flow>5086 srcPort>44707 dst>fd10:43:100::2/23886 
06:14:37.431521 SHUTDOWN flow>4886 srcPort>41129 dst>fd10:43:100::2/23686 
06:14:37.440699 OFF flow>4886 srcPort>41129 dst>fd10:43:100::2/23686 
06:14:37.518623 SHUTDOWN flow>4894 srcPort>45531 dst>fd10:43:100::2/23694 
06:14:37.519927 OFF flow>4894 srcPort>45531 dst>fd10:43:100::2/23694 
06:14:37.613676 ON flow>5094 srcPort>33553 dst>fd10:43:100::2/23894 
06:14:37.617954 CONNECT flow>5094 srcPort>33553 dst>fd10:43:100::2/23894 
06:14:37.685422 ON flow>5102 srcPort>34579 dst>fd10:43:100::2/23902 
06:14:37.686584 CONNECT flow>5102 srcPort>34579 dst>fd10:43:100::2/23902 
06:14:37.757391 SHUTDOWN flow>4902 srcPort>46491 dst>fd10:43:100::2/23702 
06:14:37.757828 OFF flow>4902 srcPort>46491 dst>fd10:43:100::2/23702 
06:14:37.851199 SHUTDOWN flow>4910 srcPort>32995 dst>fd10:43:100::2/23710 
06:14:37.853464 OFF flow>4910 srcPort>32995 dst>fd10:43:100::2/23710 
06:14:37.855035 ON flow>5110 srcPort>45017 dst>fd10:43:100::2/23910 
06:14:37.859554 CONNECT flow>5110 srcPort>45017 dst>fd10:43:100::2/23910 
06:14:37.933091 SHUTDOWN flow>4918 srcPort>37689 dst>fd10:43:100::2/23718 
06:14:37.943195 OFF flow>4918 srcPort>37689 dst>fd10:43:100::2/23718 
06:14:38.037406 ON flow>5118 srcPort>42815 dst>fd10:43:100::2/23918 
06:14:38.041148 CONNECT flow>5118 srcPort>42815 dst>fd10:43:100::2/23918 
06:14:38.126598 SHUTDOWN flow>4926 srcPort>36517 dst>fd10:43:100::2/23726 
06:14:38.126999 OFF flow>4926 srcPort>36517 dst>fd10:43:100::2/23726 
06:14:38.187071 ON flow>5126 srcPort>39129 dst>fd10:43:100::2/23926 
06:14:38.203113 CONNECT flow>5126 srcPort>39129 dst>fd10:43:100::2/23926 
06:14:38.254693 SHUTDOWN flow>4934 srcPort>38883 dst>fd10:43:100::2/23734 
06:14:38.286076 OFF flow>4934 srcPort>38883 dst>fd10:43:100::2/23734 
06:14:38.396466 ON flow>5134 srcPort>43363 dst>fd10:43:100::2/23934 
06:14:38.396667 CONNECT flow>5134 srcPort>43363 dst>fd10:43:100::2/23934 
06:14:38.429703 SHUTDOWN flow>4942 srcPort>33881 dst>fd10:43:100::2/23742 
06:14:38.430616 OFF flow>4942 srcPort>33881 dst>fd10:43:100::2/23742 
06:14:38.672232 ON flow>5142 srcPort>32927 dst>fd10:43:100::2/23942 
06:14:38.677318 CONNECT flow>5142 srcPort>32927 dst>fd10:43:100::2/23942 
06:14:38.798367 SHUTDOWN flow>4950 srcPort>39971 dst>fd10:43:100::2/23750 
06:14:38.798758 OFF flow>4950 srcPort>39971 dst>fd10:43:100::2/23750 
06:14:38.869377 ON flow>5150 srcPort>42585 dst>fd10:43:100::2/23950 
06:14:38.876702 CONNECT flow>5150 srcPort>42585 dst>fd10:43:100::2/23950 
06:14:38.944981 SHUTDOWN flow>4958 srcPort>36657 dst>fd10:43:100::2/23758 
06:14:38.966125 OFF flow>4958 srcPort>36657 dst>fd10:43:100::2/23758 
06:14:39.128970 SHUTDOWN flow>4966 srcPort>33721 dst>fd10:43:100::2/23766 
06:14:39.129662 OFF flow>4966 srcPort>33721 dst>fd10:43:100::2/23766 
06:14:39.183417 ON flow>5158 srcPort>46089 dst>fd10:43:100::2/23958 
06:14:39.195862 CONNECT flow>5158 srcPort>46089 dst>fd10:43:100::2/23958 
06:14:39.281908 ON flow>5166 srcPort>34323 dst>fd10:43:100::2/23966 
06:14:39.282460 CONNECT flow>5166 srcPort>34323 dst>fd10:43:100::2/23966 
06:14:39.400571 ON flow>5174 srcPort>44117 dst>fd10:43:100::2/23974 
06:14:39.401030 CONNECT flow>5174 srcPort>44117 dst>fd10:43:100::2/23974 
06:14:39.482891 ON flow>5182 srcPort>35617 dst>fd10:43:100::2/23982 
06:14:39.483414 CONNECT flow>5182 srcPort>35617 dst>fd10:43:100::2/23982 
06:14:39.577868 ON flow>5190 srcPort>35953 dst>fd10:43:100::2/23990 
06:14:39.578157 CONNECT flow>5190 srcPort>35953 dst>fd10:43:100::2/23990 
06:14:39.656261 ON flow>5198 srcPort>40687 dst>fd10:43:100::2/23998 
06:14:39.657120 CONNECT flow>5198 srcPort>40687 dst>fd10:43:100::2/23998 
06:14:39.819858 ON flow>5206 srcPort>41315 dst>fd10:43:100::2/24006 
06:14:39.834462 CONNECT flow>5206 srcPort>41315 dst>fd10:43:100::2/24006 
06:14:39.886973 ON flow>5214 srcPort>44923 dst>fd10:43:100::2/24014 
06:14:39.902754 CONNECT flow>5214 srcPort>44923 dst>fd10:43:100::2/24014 
06:14:39.926485 SHUTDOWN flow>4974 srcPort>38041 dst>fd10:43:100::2/23774 
06:14:39.989082 OFF flow>4974 srcPort>38041 dst>fd10:43:100::2/23774 
06:14:39.998218 ON flow>5222 srcPort>46445 dst>fd10:43:100::2/24022 
06:14:40.005695 CONNECT flow>5222 srcPort>46445 dst>fd10:43:100::2/24022 
06:14:40.098597 ON flow>5230 srcPort>35545 dst>fd10:43:100::2/24030 
06:14:40.109321 CONNECT flow>5230 srcPort>35545 dst>fd10:43:100::2/24030 
06:14:40.208425 ON flow>5238 srcPort>39031 dst>fd10:43:100::2/24038 
06:14:40.212668 SHUTDOWN flow>4982 srcPort>44077 dst>fd10:43:100::2/23782 
06:14:40.214803 CONNECT flow>5238 srcPort>39031 dst>fd10:43:100::2/24038 
06:14:40.294786 OFF flow>4982 srcPort>44077 dst>fd10:43:100::2/23782 
06:14:40.340324 ON flow>5246 srcPort>38841 dst>fd10:43:100::2/24046 
06:14:40.348671 SHUTDOWN flow>4990 srcPort>33689 dst>fd10:43:100::2/23790 
06:14:40.357835 CONNECT flow>5246 srcPort>38841 dst>fd10:43:100::2/24046 
06:14:40.488230 ON flow>5254 srcPort>34117 dst>fd10:43:100::2/24054 
06:14:40.499236 CONNECT flow>5254 srcPort>34117 dst>fd10:43:100::2/24054 
06:14:40.539367 OFF flow>4990 srcPort>33689 dst>fd10:43:100::2/23790 
06:14:40.667088 SHUTDOWN flow>4998 srcPort>43901 dst>fd10:43:100::2/23798 
06:14:40.791490 OFF flow>4998 srcPort>43901 dst>fd10:43:100::2/23798 
06:14:40.921080 ON flow>5262 srcPort>46585 dst>fd10:43:100::2/24062 
06:14:40.935554 CONNECT flow>5262 srcPort>46585 dst>fd10:43:100::2/24062 
06:14:41.157638 SHUTDOWN flow>5022 srcPort>45753 dst>fd10:43:100::2/23822 
06:14:41.163129 SHUTDOWN flow>5014 srcPort>35363 dst>fd10:43:100::2/23814 
06:14:41.182115 OFF flow>5022 srcPort>45753 dst>fd10:43:100::2/23822 
06:14:41.261540 SHUTDOWN flow>5030 srcPort>45483 dst>fd10:43:100::2/23830 
06:14:41.378142 SHUTDOWN flow>5038 srcPort>40475 dst>fd10:43:100::2/23838 
06:14:41.391712 ON flow>5270 srcPort>45625 dst>fd10:43:100::2/24070 
06:14:41.400357 CONNECT flow>5270 srcPort>45625 dst>fd10:43:100::2/24070 
06:14:41.419298 SHUTDOWN flow>5006 srcPort>41301 dst>fd10:43:100::2/23806 
06:14:41.477864 SHUTDOWN flow>5046 srcPort>35637 dst>fd10:43:100::2/23846 
06:14:41.528157 ON flow>5278 srcPort>44159 dst>fd10:43:100::2/24078 
06:14:41.536327 CONNECT flow>5278 srcPort>44159 dst>fd10:43:100::2/24078 
06:14:41.578115 OFF flow>5030 srcPort>45483 dst>fd10:43:100::2/23830 
06:14:41.642930 SHUTDOWN flow>5054 srcPort>43825 dst>fd10:43:100::2/23854 
06:14:41.711739 ON flow>5286 srcPort>45447 dst>fd10:43:100::2/24086 
06:14:41.719503 CONNECT flow>5286 srcPort>45447 dst>fd10:43:100::2/24086 
06:14:41.763186 SHUTDOWN flow>5062 srcPort>35091 dst>fd10:43:100::2/23862 
06:14:41.792369 OFF flow>5038 srcPort>40475 dst>fd10:43:100::2/23838 
06:14:41.808078 OFF flow>5046 srcPort>35637 dst>fd10:43:100::2/23846 
06:14:41.849395 ON flow>5294 srcPort>37345 dst>fd10:43:100::2/24094 
06:14:41.857624 CONNECT flow>5294 srcPort>37345 dst>fd10:43:100::2/24094 
06:14:41.860340 OFF flow>5014 srcPort>35363 dst>fd10:43:100::2/23814 
06:14:41.936885 ON flow>5302 srcPort>36511 dst>fd10:43:100::2/24102 
06:14:41.950612 CONNECT flow>5302 srcPort>36511 dst>fd10:43:100::2/24102 
06:14:41.964607 OFF flow>5054 srcPort>43825 dst>fd10:43:100::2/23854 
06:14:41.970293 SHUTDOWN flow>5070 srcPort>35529 dst>fd10:43:100::2/23870 
06:14:42.031785 ON flow>5310 srcPort>34299 dst>fd10:43:100::2/24110 
06:14:42.048297 CONNECT flow>5310 srcPort>34299 dst>fd10:43:100::2/24110 
06:14:42.107104 SHUTDOWN flow>5078 srcPort>33529 dst>fd10:43:100::2/23878 
06:14:42.121706 ON flow>5318 srcPort>41063 dst>fd10:43:100::2/24118 
06:14:42.130693 CONNECT flow>5318 srcPort>41063 dst>fd10:43:100::2/24118 
06:14:42.167460 OFF flow>5062 srcPort>35091 dst>fd10:43:100::2/23862 
06:14:42.202281 SHUTDOWN flow>5086 srcPort>44707 dst>fd10:43:100::2/23886 
06:14:42.231685 ON flow>5326 srcPort>33499 dst>fd10:43:100::2/24126 
06:14:42.247774 CONNECT flow>5326 srcPort>33499 dst>fd10:43:100::2/24126 
06:14:42.275529 OFF flow>5070 srcPort>35529 dst>fd10:43:100::2/23870 
06:14:42.301004 OFF flow>5006 srcPort>41301 dst>fd10:43:100::2/23806 
06:14:42.413611 SHUTDOWN flow>5094 srcPort>33553 dst>fd10:43:100::2/23894 
06:14:42.471957 ON flow>5334 srcPort>40361 dst>fd10:43:100::2/24134 
06:14:42.485312 SHUTDOWN flow>5102 srcPort>34579 dst>fd10:43:100::2/23902 
06:14:42.489865 CONNECT flow>5334 srcPort>40361 dst>fd10:43:100::2/24134 
06:14:42.491152 OFF flow>5086 srcPort>44707 dst>fd10:43:100::2/23886 
06:14:42.512642 OFF flow>5078 srcPort>33529 dst>fd10:43:100::2/23878 
06:14:42.651871 ON flow>5342 srcPort>45597 dst>fd10:43:100::2/24142 
06:14:42.654948 SHUTDOWN flow>5110 srcPort>45017 dst>fd10:43:100::2/23910 
06:14:42.673768 CONNECT flow>5342 srcPort>45597 dst>fd10:43:100::2/24142 
06:14:42.757388 OFF flow>5094 srcPort>33553 dst>fd10:43:100::2/23894 
06:14:42.803231 ON flow>5350 srcPort>39893 dst>fd10:43:100::2/24150 
06:14:42.806847 CONNECT flow>5350 srcPort>39893 dst>fd10:43:100::2/24150 
06:14:42.837294 SHUTDOWN flow>5118 srcPort>42815 dst>fd10:43:100::2/23918 
06:14:42.879306 OFF flow>5102 srcPort>34579 dst>fd10:43:100::2/23902 
06:14:42.880115 ON flow>5358 srcPort>34717 dst>fd10:43:100::2/24158 
06:14:42.888066 CONNECT flow>5358 srcPort>34717 dst>fd10:43:100::2/24158 
06:14:42.986069 ON flow>5366 srcPort>36283 dst>fd10:43:100::2/24166 
06:14:42.986994 SHUTDOWN flow>5126 srcPort>39129 dst>fd10:43:100::2/23926 
06:14:43.008053 CONNECT flow>5366 srcPort>36283 dst>fd10:43:100::2/24166 
06:14:43.084384 ON flow>5374 srcPort>43551 dst>fd10:43:100::2/24174 
06:14:43.094696 CONNECT flow>5374 srcPort>43551 dst>fd10:43:100::2/24174 
06:14:43.126385 OFF flow>5110 srcPort>45017 dst>fd10:43:100::2/23910 
06:14:43.159693 ON flow>5382 srcPort>46725 dst>fd10:43:100::2/24182 
06:14:43.168455 CONNECT flow>5382 srcPort>46725 dst>fd10:43:100::2/24182 
06:14:43.201348 SHUTDOWN flow>5134 srcPort>43363 dst>fd10:43:100::2/23934 
06:14:43.255352 ON flow>5390 srcPort>42453 dst>fd10:43:100::2/24190 
06:14:43.264883 CONNECT flow>5390 srcPort>42453 dst>fd10:43:100::2/24190 
06:14:43.321906 ON flow>5398 srcPort>40223 dst>fd10:43:100::2/24198 
06:14:43.327471 CONNECT flow>5398 srcPort>40223 dst>fd10:43:100::2/24198 
06:14:43.393125 OFF flow>5126 srcPort>39129 dst>fd10:43:100::2/23926 
06:14:43.508819 ON flow>5406 srcPort>34031 dst>fd10:43:100::2/24206 
06:14:43.532291 CONNECT flow>5406 srcPort>34031 dst>fd10:43:100::2/24206 
06:14:43.546665 SHUTDOWN flow>5142 srcPort>32927 dst>fd10:43:100::2/23942 
06:14:43.614283 ON flow>5414 srcPort>46161 dst>fd10:43:100::2/24214 
06:14:43.627567 CONNECT flow>5414 srcPort>46161 dst>fd10:43:100::2/24214 
06:14:43.647890 OFF flow>5118 srcPort>42815 dst>fd10:43:100::2/23918 
06:14:43.777669 SHUTDOWN flow>5150 srcPort>42585 dst>fd10:43:100::2/23950 
06:14:43.831392 ON flow>5422 srcPort>45811 dst>fd10:43:100::2/24222 
06:14:43.842612 CONNECT flow>5422 srcPort>45811 dst>fd10:43:100::2/24222 
06:14:43.941709 ON flow>5430 srcPort>42715 dst>fd10:43:100::2/24230 
06:14:43.963150 CONNECT flow>5430 srcPort>42715 dst>fd10:43:100::2/24230 
06:14:44.045485 ON flow>5438 srcPort>44221 dst>fd10:43:100::2/24238 
06:14:44.053181 CONNECT flow>5438 srcPort>44221 dst>fd10:43:100::2/24238 
06:14:44.054637 SHUTDOWN flow>5158 srcPort>46089 dst>fd10:43:100::2/23958 
06:14:44.152967 OFF flow>5150 srcPort>42585 dst>fd10:43:100::2/23950 
06:14:44.155909 SHUTDOWN flow>5166 srcPort>34323 dst>fd10:43:100::2/23966 
06:14:44.159534 OFF flow>5142 srcPort>32927 dst>fd10:43:100::2/23942 
06:14:44.189022 OFF flow>5134 srcPort>43363 dst>fd10:43:100::2/23934 
06:14:44.191637 ON flow>5446 srcPort>42809 dst>fd10:43:100::2/24246 
06:14:44.200481 SHUTDOWN flow>5174 srcPort>44117 dst>fd10:43:100::2/23974 
06:14:44.203079 CONNECT flow>5446 srcPort>42809 dst>fd10:43:100::2/24246 
06:14:44.282792 SHUTDOWN flow>5182 srcPort>35617 dst>fd10:43:100::2/23982 
06:14:44.393055 ON flow>5454 srcPort>46659 dst>fd10:43:100::2/24254 
06:14:44.408504 CONNECT flow>5454 srcPort>46659 dst>fd10:43:100::2/24254 
06:14:44.451227 SHUTDOWN flow>5190 srcPort>35953 dst>fd10:43:100::2/23990 
06:14:44.456220 SHUTDOWN flow>5198 srcPort>40687 dst>fd10:43:100::2/23998 
06:14:44.586791 ON flow>5462 srcPort>41999 dst>fd10:43:100::2/24262 
06:14:44.598056 CONNECT flow>5462 srcPort>41999 dst>fd10:43:100::2/24262 
06:14:44.619781 SHUTDOWN flow>5206 srcPort>41315 dst>fd10:43:100::2/24006 
06:14:44.686809 SHUTDOWN flow>5214 srcPort>44923 dst>fd10:43:100::2/24014 
06:14:44.701318 OFF flow>5166 srcPort>34323 dst>fd10:43:100::2/23966 
06:14:44.733456 OFF flow>5174 srcPort>44117 dst>fd10:43:100::2/23974 
06:14:44.763277 ON flow>5470 srcPort>34879 dst>fd10:43:100::2/24270 
06:14:44.772714 CONNECT flow>5470 srcPort>34879 dst>fd10:43:100::2/24270 
06:14:44.793557 OFF flow>5158 srcPort>46089 dst>fd10:43:100::2/23958 
06:14:44.798025 SHUTDOWN flow>5222 srcPort>46445 dst>fd10:43:100::2/24022 
06:14:44.924217 ON flow>5478 srcPort>33103 dst>fd10:43:100::2/24278 
06:14:44.932779 CONNECT flow>5478 srcPort>33103 dst>fd10:43:100::2/24278 
06:14:44.945760 OFF flow>5206 srcPort>41315 dst>fd10:43:100::2/24006 
06:14:45.008283 SHUTDOWN flow>5238 srcPort>39031 dst>fd10:43:100::2/24038 
06:14:45.068836 SHUTDOWN flow>5230 srcPort>35545 dst>fd10:43:100::2/24030 
06:14:45.139659 OFF flow>5190 srcPort>35953 dst>fd10:43:100::2/23990 
06:14:45.140099 SHUTDOWN flow>5246 srcPort>38841 dst>fd10:43:100::2/24046 
06:14:45.146032 OFF flow>5198 srcPort>40687 dst>fd10:43:100::2/23998 
06:14:45.226106 ON flow>5486 srcPort>40869 dst>fd10:43:100::2/24286 
06:14:45.236400 CONNECT flow>5486 srcPort>40869 dst>fd10:43:100::2/24286 
06:14:45.288256 OFF flow>5182 srcPort>35617 dst>fd10:43:100::2/23982 
06:14:45.322509 SHUTDOWN flow>5254 srcPort>34117 dst>fd10:43:100::2/24054 
06:14:45.329650 ON flow>5494 srcPort>43353 dst>fd10:43:100::2/24294 
06:14:45.348137 CONNECT flow>5494 srcPort>43353 dst>fd10:43:100::2/24294 
06:14:45.350878 OFF flow>5238 srcPort>39031 dst>fd10:43:100::2/24038 
06:14:45.374769 OFF flow>5214 srcPort>44923 dst>fd10:43:100::2/24014 
06:14:45.417344 OFF flow>5230 srcPort>35545 dst>fd10:43:100::2/24030 
06:14:45.438742 OFF flow>5222 srcPort>46445 dst>fd10:43:100::2/24022 
06:14:45.495887 ON flow>5502 srcPort>43737 dst>fd10:43:100::2/24302 
06:14:45.505111 CONNECT flow>5502 srcPort>43737 dst>fd10:43:100::2/24302 
06:14:45.530826 OFF flow>5246 srcPort>38841 dst>fd10:43:100::2/24046 
06:14:45.603014 OFF flow>5254 srcPort>34117 dst>fd10:43:100::2/24054 
06:14:45.720781 SHUTDOWN flow>5262 srcPort>46585 dst>fd10:43:100::2/24062 
06:14:45.744887 ON flow>5510 srcPort>41473 dst>fd10:43:100::2/24310 
06:14:45.749084 CONNECT flow>5510 srcPort>41473 dst>fd10:43:100::2/24310 
06:14:45.844812 ON flow>5518 srcPort>36847 dst>fd10:43:100::2/24318 
06:14:45.851739 CONNECT flow>5518 srcPort>36847 dst>fd10:43:100::2/24318 
06:14:45.978595 ON flow>5526 srcPort>40779 dst>fd10:43:100::2/24326 
06:14:45.986435 CONNECT flow>5526 srcPort>40779 dst>fd10:43:100::2/24326 
06:14:46.106603 ON flow>5534 srcPort>38227 dst>fd10:43:100::2/24334 
06:14:46.119735 OFF flow>5262 srcPort>46585 dst>fd10:43:100::2/24062 
06:14:46.123403 CONNECT flow>5534 srcPort>38227 dst>fd10:43:100::2/24334 
06:14:46.208491 SHUTDOWN flow>5270 srcPort>45625 dst>fd10:43:100::2/24070 
06:14:46.370457 ON flow>5542 srcPort>38577 dst>fd10:43:100::2/24342 
06:14:46.381970 CONNECT flow>5542 srcPort>38577 dst>fd10:43:100::2/24342 
06:14:46.423971 OFF flow>5270 srcPort>45625 dst>fd10:43:100::2/24070 
06:14:46.500305 ON flow>5550 srcPort>36437 dst>fd10:43:100::2/24350 
06:14:46.511593 SHUTDOWN flow>5286 srcPort>45447 dst>fd10:43:100::2/24086 
06:14:46.513920 CONNECT flow>5550 srcPort>36437 dst>fd10:43:100::2/24350 
06:14:46.542439 SHUTDOWN flow>5278 srcPort>44159 dst>fd10:43:100::2/24078 
06:14:46.632766 ON flow>5558 srcPort>36171 dst>fd10:43:100::2/24358 
06:14:46.649190 SHUTDOWN flow>5294 srcPort>37345 dst>fd10:43:100::2/24094 
06:14:46.652428 CONNECT flow>5558 srcPort>36171 dst>fd10:43:100::2/24358 
06:14:46.728068 OFF flow>5286 srcPort>45447 dst>fd10:43:100::2/24086 
06:14:46.736847 SHUTDOWN flow>5302 srcPort>36511 dst>fd10:43:100::2/24102 
06:14:46.755822 ON flow>5566 srcPort>39107 dst>fd10:43:100::2/24366 
06:14:46.760219 CONNECT flow>5566 srcPort>39107 dst>fd10:43:100::2/24366 
06:14:46.831703 SHUTDOWN flow>5310 srcPort>34299 dst>fd10:43:100::2/24110 
06:14:46.861707 ON flow>5574 srcPort>39507 dst>fd10:43:100::2/24374 
06:14:46.878370 CONNECT flow>5574 srcPort>39507 dst>fd10:43:100::2/24374 
06:14:46.896693 ON flow>5582 srcPort>44855 dst>fd10:43:100::2/24382 
06:14:46.915082 CONNECT flow>5582 srcPort>44855 dst>fd10:43:100::2/24382 
06:14:46.923516 OFF flow>5294 srcPort>37345 dst>fd10:43:100::2/24094 
06:14:46.931050 ON flow>5590 srcPort>44033 dst>fd10:43:100::2/24390 
06:14:46.932337 OFF flow>5310 srcPort>34299 dst>fd10:43:100::2/24110 
06:14:46.941274 CONNECT flow>5590 srcPort>44033 dst>fd10:43:100::2/24390 
06:14:47.031717 ON flow>5598 srcPort>33933 dst>fd10:43:100::2/24398 
06:14:47.036428 OFF flow>5278 srcPort>44159 dst>fd10:43:100::2/24078 
06:14:47.047040 CONNECT flow>5598 srcPort>33933 dst>fd10:43:100::2/24398 
06:14:47.047824 SHUTDOWN flow>5318 srcPort>41063 dst>fd10:43:100::2/24118 
06:14:47.088527 OFF flow>5302 srcPort>36511 dst>fd10:43:100::2/24102 
06:14:47.114997 ON flow>5606 srcPort>41201 dst>fd10:43:100::2/24406 
06:14:47.127784 CONNECT flow>5606 srcPort>41201 dst>fd10:43:100::2/24406 
06:14:47.166658 ON flow>5614 srcPort>43065 dst>fd10:43:100::2/24414 
06:14:47.178017 CONNECT flow>5614 srcPort>43065 dst>fd10:43:100::2/24414 
06:14:47.187570 SHUTDOWN flow>5326 srcPort>33499 dst>fd10:43:100::2/24126 
06:14:47.271813 SHUTDOWN flow>5334 srcPort>40361 dst>fd10:43:100::2/24134 
06:14:47.283899 ON flow>5622 srcPort>42895 dst>fd10:43:100::2/24422 
06:14:47.300178 CONNECT flow>5622 srcPort>42895 dst>fd10:43:100::2/24422 
06:14:47.361733 OFF flow>5318 srcPort>41063 dst>fd10:43:100::2/24118 
06:14:47.426755 ON flow>5630 srcPort>33513 dst>fd10:43:100::2/24430 
06:14:47.439862 CONNECT flow>5630 srcPort>33513 dst>fd10:43:100::2/24430 
06:14:47.451701 SHUTDOWN flow>5342 srcPort>45597 dst>fd10:43:100::2/24142 
06:14:47.584612 OFF flow>5334 srcPort>40361 dst>fd10:43:100::2/24134 
06:14:47.603150 SHUTDOWN flow>5350 srcPort>39893 dst>fd10:43:100::2/24150 
06:14:47.638549 ON flow>5638 srcPort>41653 dst>fd10:43:100::2/24438 
06:14:47.656162 CONNECT flow>5638 srcPort>41653 dst>fd10:43:100::2/24438 
06:14:47.679998 SHUTDOWN flow>5358 srcPort>34717 dst>fd10:43:100::2/24158 
06:14:47.758792 ON flow>5646 srcPort>46123 dst>fd10:43:100::2/24446 
06:14:47.763500 OFF flow>5342 srcPort>45597 dst>fd10:43:100::2/24142 
06:14:47.779291 CONNECT flow>5646 srcPort>46123 dst>fd10:43:100::2/24446 
06:14:47.865361 ON flow>5654 srcPort>42157 dst>fd10:43:100::2/24454 
06:14:47.873190 CONNECT flow>5654 srcPort>42157 dst>fd10:43:100::2/24454 
06:14:47.883358 SHUTDOWN flow>5366 srcPort>36283 dst>fd10:43:100::2/24166 
06:14:47.928734 OFF flow>5350 srcPort>39893 dst>fd10:43:100::2/24150 
06:14:47.938872 ON flow>5662 srcPort>41439 dst>fd10:43:100::2/24462 
06:14:47.949336 CONNECT flow>5662 srcPort>41439 dst>fd10:43:100::2/24462 
06:14:47.959498 SHUTDOWN flow>5382 srcPort>46725 dst>fd10:43:100::2/24182 
06:14:47.963277 OFF flow>5358 srcPort>34717 dst>fd10:43:100::2/24158 
06:14:47.968175 SHUTDOWN flow>5374 srcPort>43551 dst>fd10:43:100::2/24174 
06:14:47.981689 OFF flow>5326 srcPort>33499 dst>fd10:43:100::2/24126 
06:14:47.989418 ON flow>5670 srcPort>38843 dst>fd10:43:100::2/24470 
06:14:47.999597 CONNECT flow>5670 srcPort>38843 dst>fd10:43:100::2/24470 
06:14:48.027087 ON flow>5678 srcPort>41453 dst>fd10:43:100::2/24478 
06:14:48.037264 CONNECT flow>5678 srcPort>41453 dst>fd10:43:100::2/24478 
06:14:48.055183 SHUTDOWN flow>5390 srcPort>42453 dst>fd10:43:100::2/24190 
06:14:48.079919 ON flow>5686 srcPort>34253 dst>fd10:43:100::2/24486 
06:14:48.096127 CONNECT flow>5686 srcPort>34253 dst>fd10:43:100::2/24486 
06:14:48.121784 SHUTDOWN flow>5398 srcPort>40223 dst>fd10:43:100::2/24198 
06:14:48.143146 OFF flow>5374 srcPort>43551 dst>fd10:43:100::2/24174 
06:14:48.148983 ON flow>5694 srcPort>42907 dst>fd10:43:100::2/24494 
06:14:48.152879 OFF flow>5366 srcPort>36283 dst>fd10:43:100::2/24166 
06:14:48.165576 CONNECT flow>5694 srcPort>42907 dst>fd10:43:100::2/24494 
06:14:48.204737 ON flow>5702 srcPort>42807 dst>fd10:43:100::2/24502 
06:14:48.211008 CONNECT flow>5702 srcPort>42807 dst>fd10:43:100::2/24502 
06:14:48.287229 OFF flow>5382 srcPort>46725 dst>fd10:43:100::2/24182 
06:14:48.295002 ON flow>5710 srcPort>40425 dst>fd10:43:100::2/24510 
06:14:48.301945 CONNECT flow>5710 srcPort>40425 dst>fd10:43:100::2/24510 
06:14:48.308686 SHUTDOWN flow>5406 srcPort>34031 dst>fd10:43:100::2/24206 
06:14:48.414105 SHUTDOWN flow>5414 srcPort>46161 dst>fd10:43:100::2/24214 
06:14:48.431042 OFF flow>5390 srcPort>42453 dst>fd10:43:100::2/24190 
06:14:48.434990 OFF flow>5398 srcPort>40223 dst>fd10:43:100::2/24198 
06:14:48.456510 ON flow>5718 srcPort>36533 dst>fd10:43:100::2/24518 
06:14:48.481080 CONNECT flow>5718 srcPort>36533 dst>fd10:43:100::2/24518 
06:14:48.618036 ON flow>5726 srcPort>35205 dst>fd10:43:100::2/24526 
06:14:48.628855 CONNECT flow>5726 srcPort>35205 dst>fd10:43:100::2/24526 
06:14:48.631295 SHUTDOWN flow>5422 srcPort>45811 dst>fd10:43:100::2/24222 
06:14:48.642963 OFF flow>5406 srcPort>34031 dst>fd10:43:100::2/24206 
06:14:48.720800 OFF flow>5414 srcPort>46161 dst>fd10:43:100::2/24214 
06:14:48.741421 SHUTDOWN flow>5430 srcPort>42715 dst>fd10:43:100::2/24230 
06:14:48.753051 ON flow>5734 srcPort>40971 dst>fd10:43:100::2/24534 
06:14:48.778438 CONNECT flow>5734 srcPort>40971 dst>fd10:43:100::2/24534 
06:14:48.971088 SHUTDOWN flow>5438 srcPort>44221 dst>fd10:43:100::2/24238 
06:14:48.982353 ON flow>5742 srcPort>46125 dst>fd10:43:100::2/24542 
06:14:48.991479 SHUTDOWN flow>5446 srcPort>42809 dst>fd10:43:100::2/24246 
06:14:48.993482 OFF flow>5430 srcPort>42715 dst>fd10:43:100::2/24230 
06:14:49.001973 CONNECT flow>5742 srcPort>46125 dst>fd10:43:100::2/24542 
06:14:49.053584 ON flow>5750 srcPort>39721 dst>fd10:43:100::2/24550 
06:14:49.083311 CONNECT flow>5750 srcPort>39721 dst>fd10:43:100::2/24550 
06:14:49.103077 OFF flow>5422 srcPort>45811 dst>fd10:43:100::2/24222 
06:14:49.137072 ON flow>5758 srcPort>38057 dst>fd10:43:100::2/24558 
06:14:49.156693 OFF flow>5438 srcPort>44221 dst>fd10:43:100::2/24238 
06:14:49.169973 CONNECT flow>5758 srcPort>38057 dst>fd10:43:100::2/24558 
06:14:49.192885 SHUTDOWN flow>5454 srcPort>46659 dst>fd10:43:100::2/24254 
06:14:49.255068 OFF flow>5446 srcPort>42809 dst>fd10:43:100::2/24246 
06:14:49.304688 ON flow>5766 srcPort>34543 dst>fd10:43:100::2/24566 
06:14:49.338328 CONNECT flow>5766 srcPort>34543 dst>fd10:43:100::2/24566 
06:14:49.382444 ON flow>5774 srcPort>42331 dst>fd10:43:100::2/24574 
06:14:49.386738 SHUTDOWN flow>5462 srcPort>41999 dst>fd10:43:100::2/24262 
06:14:49.410511 CONNECT flow>5774 srcPort>42331 dst>fd10:43:100::2/24574 
06:14:49.484637 OFF flow>5454 srcPort>46659 dst>fd10:43:100::2/24254 
06:14:49.541716 ON flow>5782 srcPort>39321 dst>fd10:43:100::2/24582 
06:14:49.580036 CONNECT flow>5782 srcPort>39321 dst>fd10:43:100::2/24582 
06:14:49.652954 ON flow>5790 srcPort>37365 dst>fd10:43:100::2/24590 
06:14:49.690136 SHUTDOWN flow>5470 srcPort>34879 dst>fd10:43:100::2/24270 
06:14:49.691993 CONNECT flow>5790 srcPort>37365 dst>fd10:43:100::2/24590 
06:14:49.705998 OFF flow>5462 srcPort>41999 dst>fd10:43:100::2/24262 
06:14:49.724138 SHUTDOWN flow>5478 srcPort>33103 dst>fd10:43:100::2/24278 
06:14:49.787664 ON flow>5798 srcPort>41951 dst>fd10:43:100::2/24598 
06:14:49.832160 CONNECT flow>5798 srcPort>41951 dst>fd10:43:100::2/24598 
06:14:49.860621 ON flow>5806 srcPort>34441 dst>fd10:43:100::2/24606 
06:14:49.911602 CONNECT flow>5806 srcPort>34441 dst>fd10:43:100::2/24606 
06:14:49.995551 OFF flow>5478 srcPort>33103 dst>fd10:43:100::2/24278 
06:14:50.002269 ON flow>5814 srcPort>45261 dst>fd10:43:100::2/24614 
06:14:50.034321 CONNECT flow>5814 srcPort>45261 dst>fd10:43:100::2/24614 
06:14:50.156454 ON flow>5822 srcPort>39957 dst>fd10:43:100::2/24622 
06:14:50.163548 SHUTDOWN flow>5494 srcPort>43353 dst>fd10:43:100::2/24294 
06:14:50.167634 CONNECT flow>5822 srcPort>39957 dst>fd10:43:100::2/24622 
06:14:50.385604 SHUTDOWN flow>5486 srcPort>40869 dst>fd10:43:100::2/24286 
06:14:50.391826 SHUTDOWN flow>5502 srcPort>43737 dst>fd10:43:100::2/24302 
06:14:50.410407 OFF flow>5470 srcPort>34879 dst>fd10:43:100::2/24270 
06:14:50.471868 OFF flow>5494 srcPort>43353 dst>fd10:43:100::2/24294 
06:14:50.529726 ON flow>5830 srcPort>40219 dst>fd10:43:100::2/24630 
06:14:50.537697 CONNECT flow>5830 srcPort>40219 dst>fd10:43:100::2/24630 
06:14:50.544711 SHUTDOWN flow>5510 srcPort>41473 dst>fd10:43:100::2/24310 
06:14:50.596092 OFF flow>5502 srcPort>43737 dst>fd10:43:100::2/24302 
06:14:50.707528 SHUTDOWN flow>5518 srcPort>36847 dst>fd10:43:100::2/24318 
06:14:50.749513 ON flow>5838 srcPort>41551 dst>fd10:43:100::2/24638 
06:14:50.777316 CONNECT flow>5838 srcPort>41551 dst>fd10:43:100::2/24638 
06:14:50.910623 OFF flow>5510 srcPort>41473 dst>fd10:43:100::2/24310 
06:14:50.924456 OFF flow>5486 srcPort>40869 dst>fd10:43:100::2/24286 
06:14:50.932200 OFF flow>5518 srcPort>36847 dst>fd10:43:100::2/24318 
06:14:51.020069 SHUTDOWN flow>5534 srcPort>38227 dst>fd10:43:100::2/24334 
06:14:51.119814 ON flow>5846 srcPort>45081 dst>fd10:43:100::2/24646 
06:14:51.129700 CONNECT flow>5846 srcPort>45081 dst>fd10:43:100::2/24646 
06:14:51.239530 SHUTDOWN flow>5542 srcPort>38577 dst>fd10:43:100::2/24342 
06:14:51.241434 SHUTDOWN flow>5526 srcPort>40779 dst>fd10:43:100::2/24326 
06:14:51.297898 OFF flow>5534 srcPort>38227 dst>fd10:43:100::2/24334 
06:14:51.315115 ON flow>5854 srcPort>39487 dst>fd10:43:100::2/24654 
06:14:51.334750 CONNECT flow>5854 srcPort>39487 dst>fd10:43:100::2/24654 
06:14:51.365989 SHUTDOWN flow>5550 srcPort>36437 dst>fd10:43:100::2/24350 
06:14:51.407157 ON flow>5862 srcPort>44053 dst>fd10:43:100::2/24662 
06:14:51.416365 CONNECT flow>5862 srcPort>44053 dst>fd10:43:100::2/24662 
06:14:51.432600 SHUTDOWN flow>5558 srcPort>36171 dst>fd10:43:100::2/24358 
06:14:51.474085 ON flow>5870 srcPort>38541 dst>fd10:43:100::2/24670 
06:14:51.484034 CONNECT flow>5870 srcPort>38541 dst>fd10:43:100::2/24670 
06:14:51.555692 SHUTDOWN flow>5566 srcPort>39107 dst>fd10:43:100::2/24366 
06:14:51.590075 OFF flow>5558 srcPort>36171 dst>fd10:43:100::2/24358 
06:14:51.604611 ON flow>5878 srcPort>38557 dst>fd10:43:100::2/24678 
06:14:51.627056 CONNECT flow>5878 srcPort>38557 dst>fd10:43:100::2/24678 
06:14:51.627132 OFF flow>5550 srcPort>36437 dst>fd10:43:100::2/24350 
06:14:51.680972 ON flow>5886 srcPort>33179 dst>fd10:43:100::2/24686 
06:14:51.687304 OFF flow>5542 srcPort>38577 dst>fd10:43:100::2/24342 
06:14:51.696491 SHUTDOWN flow>5582 srcPort>44855 dst>fd10:43:100::2/24382 
06:14:51.708714 CONNECT flow>5886 srcPort>33179 dst>fd10:43:100::2/24686 
06:14:51.759480 SHUTDOWN flow>5574 srcPort>39507 dst>fd10:43:100::2/24374 
06:14:51.790281 OFF flow>5526 srcPort>40779 dst>fd10:43:100::2/24326 
06:14:51.829325 ON flow>5894 srcPort>39933 dst>fd10:43:100::2/24694 
06:14:51.845416 OFF flow>5566 srcPort>39107 dst>fd10:43:100::2/24366 
06:14:51.851801 SHUTDOWN flow>5590 srcPort>44033 dst>fd10:43:100::2/24390 
06:14:51.866992 CONNECT flow>5894 srcPort>39933 dst>fd10:43:100::2/24694 
06:14:51.938849 ON flow>5902 srcPort>35929 dst>fd10:43:100::2/24702 
06:14:51.955687 CONNECT flow>5902 srcPort>35929 dst>fd10:43:100::2/24702 
06:14:51.964910 SHUTDOWN flow>5598 srcPort>33933 dst>fd10:43:100::2/24398 
06:14:52.063429 SHUTDOWN flow>5606 srcPort>41201 dst>fd10:43:100::2/24406 
06:14:52.083746 SHUTDOWN flow>5622 srcPort>42895 dst>fd10:43:100::2/24422 
06:14:52.089405 OFF flow>5574 srcPort>39507 dst>fd10:43:100::2/24374 
06:14:52.106915 OFF flow>5590 srcPort>44033 dst>fd10:43:100::2/24390 
06:14:52.126031 OFF flow>5582 srcPort>44855 dst>fd10:43:100::2/24382 
06:14:52.130745 ON flow>5910 srcPort>35957 dst>fd10:43:100::2/24710 
06:14:52.140055 CONNECT flow>5910 srcPort>35957 dst>fd10:43:100::2/24710 
06:14:52.204818 OFF flow>5598 srcPort>33933 dst>fd10:43:100::2/24398 
06:14:52.226497 SHUTDOWN flow>5630 srcPort>33513 dst>fd10:43:100::2/24430 
06:14:52.264675 OFF flow>5622 srcPort>42895 dst>fd10:43:100::2/24422 
06:14:52.327513 SHUTDOWN flow>5614 srcPort>43065 dst>fd10:43:100::2/24414 
06:14:52.344973 OFF flow>5606 srcPort>41201 dst>fd10:43:100::2/24406 
06:14:52.461231 SHUTDOWN flow>5638 srcPort>41653 dst>fd10:43:100::2/24438 
06:14:52.504176 OFF flow>5630 srcPort>33513 dst>fd10:43:100::2/24430 
06:14:52.558121 SHUTDOWN flow>5646 srcPort>46123 dst>fd10:43:100::2/24446 
06:14:52.657097 OFF flow>5638 srcPort>41653 dst>fd10:43:100::2/24438 
06:14:52.665106 SHUTDOWN flow>5654 srcPort>42157 dst>fd10:43:100::2/24454 
06:14:52.686629 OFF flow>5614 srcPort>43065 dst>fd10:43:100::2/24414 
06:14:52.738706 SHUTDOWN flow>5662 srcPort>41439 dst>fd10:43:100::2/24462 
06:14:52.771484 ON flow>5918 srcPort>33515 dst>fd10:43:100::2/24718 
06:14:52.787552 CONNECT flow>5918 srcPort>33515 dst>fd10:43:100::2/24718 
06:14:52.796908 OFF flow>5646 srcPort>46123 dst>fd10:43:100::2/24446 
06:14:52.801943 SHUTDOWN flow>5670 srcPort>38843 dst>fd10:43:100::2/24470 
06:14:52.805486 OFF flow>5662 srcPort>41439 dst>fd10:43:100::2/24462 
06:14:52.827029 SHUTDOWN flow>5678 srcPort>41453 dst>fd10:43:100::2/24478 
06:14:52.874090 OFF flow>5678 srcPort>41453 dst>fd10:43:100::2/24478 
06:14:52.879837 SHUTDOWN flow>5686 srcPort>34253 dst>fd10:43:100::2/24486 
06:14:52.948819 SHUTDOWN flow>5694 srcPort>42907 dst>fd10:43:100::2/24494 
06:14:53.004614 SHUTDOWN flow>5702 srcPort>42807 dst>fd10:43:100::2/24502 
06:14:53.057486 ON flow>5926 srcPort>33901 dst>fd10:43:100::2/24726 
06:14:53.058342 OFF flow>5670 srcPort>38843 dst>fd10:43:100::2/24470 
06:14:53.075450 CONNECT flow>5926 srcPort>33901 dst>fd10:43:100::2/24726 
06:14:53.093475 OFF flow>5686 srcPort>34253 dst>fd10:43:100::2/24486 
06:14:53.094816 SHUTDOWN flow>5710 srcPort>40425 dst>fd10:43:100::2/24510 
06:14:53.127211 OFF flow>5654 srcPort>42157 dst>fd10:43:100::2/24454 
06:14:53.248470 OFF flow>5694 srcPort>42907 dst>fd10:43:100::2/24494 
06:14:53.255934 ON flow>5934 srcPort>38453 dst>fd10:43:100::2/24734 
06:14:53.256315 SHUTDOWN flow>5718 srcPort>36533 dst>fd10:43:100::2/24518 
06:14:53.269209 CONNECT flow>5934 srcPort>38453 dst>fd10:43:100::2/24734 
06:14:53.372133 OFF flow>5710 srcPort>40425 dst>fd10:43:100::2/24510 
06:14:53.417983 SHUTDOWN flow>5726 srcPort>35205 dst>fd10:43:100::2/24526 
06:14:53.454714 OFF flow>5702 srcPort>42807 dst>fd10:43:100::2/24502 
06:14:53.467686 ON flow>5942 srcPort>33249 dst>fd10:43:100::2/24742 
06:14:53.476506 CONNECT flow>5942 srcPort>33249 dst>fd10:43:100::2/24742 
06:14:53.527325 OFF flow>5718 srcPort>36533 dst>fd10:43:100::2/24518 
06:14:53.552837 SHUTDOWN flow>5734 srcPort>40971 dst>fd10:43:100::2/24534 
06:14:53.740026 ON flow>5950 srcPort>43931 dst>fd10:43:100::2/24750 
06:14:53.748335 CONNECT flow>5950 srcPort>43931 dst>fd10:43:100::2/24750 
06:14:53.782203 SHUTDOWN flow>5742 srcPort>46125 dst>fd10:43:100::2/24542 
06:14:53.832372 ON flow>5958 srcPort>38885 dst>fd10:43:100::2/24758 
06:14:53.842706 CONNECT flow>5958 srcPort>38885 dst>fd10:43:100::2/24758 
06:14:53.853325 SHUTDOWN flow>5750 srcPort>39721 dst>fd10:43:100::2/24550 
06:14:53.936925 SHUTDOWN flow>5758 srcPort>38057 dst>fd10:43:100::2/24558 
06:14:53.947004 ON flow>5966 srcPort>35325 dst>fd10:43:100::2/24766 
06:14:53.958545 CONNECT flow>5966 srcPort>35325 dst>fd10:43:100::2/24766 
06:14:54.081627 ON flow>5974 srcPort>33767 dst>fd10:43:100::2/24774 
06:14:54.081693 OFF flow>5726 srcPort>35205 dst>fd10:43:100::2/24526 
06:14:54.089085 CONNECT flow>5974 srcPort>33767 dst>fd10:43:100::2/24774 
06:14:54.103050 OFF flow>5742 srcPort>46125 dst>fd10:43:100::2/24542 
06:14:54.104316 SHUTDOWN flow>5766 srcPort>34543 dst>fd10:43:100::2/24566 
06:14:54.153941 ON flow>5982 srcPort>35797 dst>fd10:43:100::2/24782 
06:14:54.159694 CONNECT flow>5982 srcPort>35797 dst>fd10:43:100::2/24782 
06:14:54.198961 OFF flow>5734 srcPort>40971 dst>fd10:43:100::2/24534 
06:14:54.215524 SHUTDOWN flow>5774 srcPort>42331 dst>fd10:43:100::2/24574 
06:14:54.271596 ON flow>5990 srcPort>35931 dst>fd10:43:100::2/24790 
06:14:54.279630 CONNECT flow>5990 srcPort>35931 dst>fd10:43:100::2/24790 
06:14:54.281409 OFF flow>5750 srcPort>39721 dst>fd10:43:100::2/24550 
06:14:54.319564 OFF flow>5758 srcPort>38057 dst>fd10:43:100::2/24558 
06:14:54.341596 SHUTDOWN flow>5782 srcPort>39321 dst>fd10:43:100::2/24582 
06:14:54.441267 ON flow>5998 srcPort>44345 dst>fd10:43:100::2/24798 
06:14:54.452707 SHUTDOWN flow>5790 srcPort>37365 dst>fd10:43:100::2/24590 
06:14:54.461493 CONNECT flow>5998 srcPort>44345 dst>fd10:43:100::2/24798 
06:14:54.587595 SHUTDOWN flow>5798 srcPort>41951 dst>fd10:43:100::2/24598 
06:14:54.636300 OFF flow>5782 srcPort>39321 dst>fd10:43:100::2/24582 
06:14:54.660508 SHUTDOWN flow>5806 srcPort>34441 dst>fd10:43:100::2/24606 
06:14:54.679895 OFF flow>5798 srcPort>41951 dst>fd10:43:100::2/24598 
06:14:54.681082 ON flow>6006 srcPort>41265 dst>fd10:43:100::2/24806 
06:14:54.706157 OFF flow>5774 srcPort>42331 dst>fd10:43:100::2/24574 
06:14:54.709023 CONNECT flow>6006 srcPort>41265 dst>fd10:43:100::2/24806 
06:14:54.723551 OFF flow>5766 srcPort>34543 dst>fd10:43:100::2/24566 
06:14:54.802112 SHUTDOWN flow>5814 srcPort>45261 dst>fd10:43:100::2/24614 
06:14:54.956323 SHUTDOWN flow>5822 srcPort>39957 dst>fd10:43:100::2/24622 
06:14:54.963575 ON flow>6014 srcPort>33315 dst>fd10:43:100::2/24814 
06:14:54.981622 CONNECT flow>6014 srcPort>33315 dst>fd10:43:100::2/24814 
06:14:55.070907 OFF flow>5814 srcPort>45261 dst>fd10:43:100::2/24614 
06:14:55.088059 ON flow>6022 srcPort>35807 dst>fd10:43:100::2/24822 
06:14:55.095302 CONNECT flow>6022 srcPort>35807 dst>fd10:43:100::2/24822 
06:14:55.098668 OFF flow>5790 srcPort>37365 dst>fd10:43:100::2/24590 
06:14:55.152113 ON flow>6030 srcPort>43689 dst>fd10:43:100::2/24830 
06:14:55.165453 CONNECT flow>6030 srcPort>43689 dst>fd10:43:100::2/24830 
06:14:55.165801 OFF flow>5806 srcPort>34441 dst>fd10:43:100::2/24606 
06:14:55.233976 ON flow>6038 srcPort>39791 dst>fd10:43:100::2/24838 
06:14:55.245507 CONNECT flow>6038 srcPort>39791 dst>fd10:43:100::2/24838 
06:14:55.292218 ON flow>6046 srcPort>34573 dst>fd10:43:100::2/24846 
06:14:55.303955 CONNECT flow>6046 srcPort>34573 dst>fd10:43:100::2/24846 
06:14:55.329667 SHUTDOWN flow>5830 srcPort>40219 dst>fd10:43:100::2/24630 
06:14:55.349780 ON flow>6054 srcPort>44917 dst>fd10:43:100::2/24854 
06:14:55.360184 CONNECT flow>6054 srcPort>44917 dst>fd10:43:100::2/24854 
06:14:55.395660 ON flow>6062 srcPort>42755 dst>fd10:43:100::2/24862 
06:14:55.403561 CONNECT flow>6062 srcPort>42755 dst>fd10:43:100::2/24862 
06:14:55.461855 ON flow>6070 srcPort>33123 dst>fd10:43:100::2/24870 
06:14:55.471373 CONNECT flow>6070 srcPort>33123 dst>fd10:43:100::2/24870 
06:14:55.527986 OFF flow>5830 srcPort>40219 dst>fd10:43:100::2/24630 
06:14:55.549299 SHUTDOWN flow>5838 srcPort>41551 dst>fd10:43:100::2/24638 
06:14:55.552235 ON flow>6078 srcPort>41917 dst>fd10:43:100::2/24878 
06:14:55.560238 CONNECT flow>6078 srcPort>41917 dst>fd10:43:100::2/24878 
06:14:55.635581 OFF flow>5838 srcPort>41551 dst>fd10:43:100::2/24638 
06:14:55.659655 ON flow>6086 srcPort>39511 dst>fd10:43:100::2/24886 
06:14:55.685595 CONNECT flow>6086 srcPort>39511 dst>fd10:43:100::2/24886 
06:14:55.735853 ON flow>6094 srcPort>35435 dst>fd10:43:100::2/24894 
06:14:55.756723 CONNECT flow>6094 srcPort>35435 dst>fd10:43:100::2/24894 
06:14:55.843414 ON flow>6102 srcPort>36445 dst>fd10:43:100::2/24902 
06:14:55.855555 CONNECT flow>6102 srcPort>36445 dst>fd10:43:100::2/24902 
06:14:55.916382 SHUTDOWN flow>5846 srcPort>45081 dst>fd10:43:100::2/24646 
06:14:55.979939 ON flow>6110 srcPort>46693 dst>fd10:43:100::2/24910 
06:14:55.986115 CONNECT flow>6110 srcPort>46693 dst>fd10:43:100::2/24910 
06:14:56.066897 OFF flow>5822 srcPort>39957 dst>fd10:43:100::2/24622 
06:14:56.114912 SHUTDOWN flow>5854 srcPort>39487 dst>fd10:43:100::2/24654 
06:14:56.189052 OFF flow>5846 srcPort>45081 dst>fd10:43:100::2/24646 
06:14:56.260444 SHUTDOWN flow>5862 srcPort>44053 dst>fd10:43:100::2/24662 
06:14:56.273910 SHUTDOWN flow>5870 srcPort>38541 dst>fd10:43:100::2/24670 
06:14:56.379857 ON flow>6118 srcPort>35511 dst>fd10:43:100::2/24918 
06:14:56.386631 CONNECT flow>6118 srcPort>35511 dst>fd10:43:100::2/24918 
06:14:56.404434 SHUTDOWN flow>5878 srcPort>38557 dst>fd10:43:100::2/24678 
06:14:56.447496 OFF flow>5854 srcPort>39487 dst>fd10:43:100::2/24654 
06:14:56.480923 SHUTDOWN flow>5886 srcPort>33179 dst>fd10:43:100::2/24686 
06:14:56.574563 OFF flow>5862 srcPort>44053 dst>fd10:43:100::2/24662 
06:14:56.591441 ON flow>6126 srcPort>33345 dst>fd10:43:100::2/24926 
06:14:56.599400 CONNECT flow>6126 srcPort>33345 dst>fd10:43:100::2/24926 
06:14:56.629253 SHUTDOWN flow>5894 srcPort>39933 dst>fd10:43:100::2/24694 
06:14:56.738566 SHUTDOWN flow>5902 srcPort>35929 dst>fd10:43:100::2/24702 
06:14:56.760217 ON flow>6134 srcPort>43945 dst>fd10:43:100::2/24934 
06:14:56.787067 CONNECT flow>6134 srcPort>43945 dst>fd10:43:100::2/24934 
06:14:56.795644 OFF flow>5894 srcPort>39933 dst>fd10:43:100::2/24694 
06:14:56.860789 ON flow>6142 srcPort>36039 dst>fd10:43:100::2/24942 
06:14:56.868452 CONNECT flow>6142 srcPort>36039 dst>fd10:43:100::2/24942 
06:14:56.894526 OFF flow>5878 srcPort>38557 dst>fd10:43:100::2/24678 
06:14:56.930618 SHUTDOWN flow>5910 srcPort>35957 dst>fd10:43:100::2/24710 
06:14:56.954883 OFF flow>5870 srcPort>38541 dst>fd10:43:100::2/24670 
06:14:56.975256 ON flow>6150 srcPort>44897 dst>fd10:43:100::2/24950 
06:14:56.985133 CONNECT flow>6150 srcPort>44897 dst>fd10:43:100::2/24950 
06:14:57.001647 OFF flow>5902 srcPort>35929 dst>fd10:43:100::2/24702 
06:14:57.029530 ON flow>6158 srcPort>34715 dst>fd10:43:100::2/24958 
06:14:57.037345 CONNECT flow>6158 srcPort>34715 dst>fd10:43:100::2/24958 
06:14:57.058287 OFF flow>5886 srcPort>33179 dst>fd10:43:100::2/24686 
06:14:57.171402 ON flow>6166 srcPort>38287 dst>fd10:43:100::2/24966 
06:14:57.178133 CONNECT flow>6166 srcPort>38287 dst>fd10:43:100::2/24966 
06:14:57.258085 ON flow>6174 srcPort>46407 dst>fd10:43:100::2/24974 
06:14:57.267871 CONNECT flow>6174 srcPort>46407 dst>fd10:43:100::2/24974 
06:14:57.341637 ON flow>6182 srcPort>38295 dst>fd10:43:100::2/24982 
06:14:57.352734 CONNECT flow>6182 srcPort>38295 dst>fd10:43:100::2/24982 
06:14:57.462526 OFF flow>5910 srcPort>35957 dst>fd10:43:100::2/24710 
06:14:57.556033 ON flow>6190 srcPort>40927 dst>fd10:43:100::2/24990 
06:14:57.566927 CONNECT flow>6190 srcPort>40927 dst>fd10:43:100::2/24990 
06:14:57.571321 SHUTDOWN flow>5918 srcPort>33515 dst>fd10:43:100::2/24718 
06:14:57.618955 ON flow>6198 srcPort>34027 dst>fd10:43:100::2/24998 
06:14:57.632818 CONNECT flow>6198 srcPort>34027 dst>fd10:43:100::2/24998 
06:14:57.825504 ON flow>6206 srcPort>36137 dst>fd10:43:100::2/25006 
06:14:57.836933 CONNECT flow>6206 srcPort>36137 dst>fd10:43:100::2/25006 
06:14:57.917169 ON flow>6214 srcPort>34431 dst>fd10:43:100::2/25014 
06:14:57.941642 CONNECT flow>6214 srcPort>34431 dst>fd10:43:100::2/25014 
06:14:57.955369 SHUTDOWN flow>5926 srcPort>33901 dst>fd10:43:100::2/24726 
06:14:58.027414 OFF flow>5918 srcPort>33515 dst>fd10:43:100::2/24718 
06:14:58.055858 SHUTDOWN flow>5934 srcPort>38453 dst>fd10:43:100::2/24734 
06:14:58.088076 ON flow>6222 srcPort>34011 dst>fd10:43:100::2/25022 
06:14:58.096886 CONNECT flow>6222 srcPort>34011 dst>fd10:43:100::2/25022 
06:14:58.246846 OFF flow>5926 srcPort>33901 dst>fd10:43:100::2/24726 
06:14:58.253159 ON flow>6230 srcPort>41869 dst>fd10:43:100::2/25030 
06:14:58.262359 CONNECT flow>6230 srcPort>41869 dst>fd10:43:100::2/25030 
06:14:58.267514 SHUTDOWN flow>5942 srcPort>33249 dst>fd10:43:100::2/24742 
06:14:58.309802 OFF flow>5934 srcPort>38453 dst>fd10:43:100::2/24734 
06:14:58.382968 ON flow>6238 srcPort>42781 dst>fd10:43:100::2/25038 
06:14:58.406391 CONNECT flow>6238 srcPort>42781 dst>fd10:43:100::2/25038 
06:14:58.476102 ON flow>6246 srcPort>39439 dst>fd10:43:100::2/25046 
06:14:58.481359 CONNECT flow>6246 srcPort>39439 dst>fd10:43:100::2/25046 
06:14:58.503854 OFF flow>5942 srcPort>33249 dst>fd10:43:100::2/24742 
06:14:58.521375 ON flow>6254 srcPort>42211 dst>fd10:43:100::2/25054 
06:14:58.539813 SHUTDOWN flow>5950 srcPort>43931 dst>fd10:43:100::2/24750 
06:14:58.541230 CONNECT flow>6254 srcPort>42211 dst>fd10:43:100::2/25054 
06:14:58.612125 ON flow>6262 srcPort>44107 dst>fd10:43:100::2/25062 
06:14:58.633833 CONNECT flow>6262 srcPort>44107 dst>fd10:43:100::2/25062 
06:14:58.687115 ON flow>6270 srcPort>42601 dst>fd10:43:100::2/25070 
06:14:58.714769 CONNECT flow>6270 srcPort>42601 dst>fd10:43:100::2/25070 
06:14:58.732765 SHUTDOWN flow>5958 srcPort>38885 dst>fd10:43:100::2/24758 
06:14:58.746824 SHUTDOWN flow>5966 srcPort>35325 dst>fd10:43:100::2/24766 
06:14:58.801385 ON flow>6278 srcPort>40293 dst>fd10:43:100::2/25078 
06:14:58.816268 CONNECT flow>6278 srcPort>40293 dst>fd10:43:100::2/25078 
06:14:58.833061 ON flow>6286 srcPort>46185 dst>fd10:43:100::2/25086 
06:14:58.846368 CONNECT flow>6286 srcPort>46185 dst>fd10:43:100::2/25086 
06:14:58.907698 SHUTDOWN flow>5974 srcPort>33767 dst>fd10:43:100::2/24774 
06:14:58.995710 ON flow>6294 srcPort>40239 dst>fd10:43:100::2/25094 
06:14:59.026514 CONNECT flow>6294 srcPort>40239 dst>fd10:43:100::2/25094 
06:14:59.093770 ON flow>6302 srcPort>40337 dst>fd10:43:100::2/25102 
06:14:59.110350 CONNECT flow>6302 srcPort>40337 dst>fd10:43:100::2/25102 
06:14:59.134096 OFF flow>5958 srcPort>38885 dst>fd10:43:100::2/24758 
06:14:59.168896 OFF flow>5974 srcPort>33767 dst>fd10:43:100::2/24774 
06:14:59.175753 OFF flow>5950 srcPort>43931 dst>fd10:43:100::2/24750 
06:14:59.241152 SHUTDOWN flow>5998 srcPort>44345 dst>fd10:43:100::2/24798 
06:14:59.278815 ON flow>6310 srcPort>45999 dst>fd10:43:100::2/25110 
06:14:59.314570 CONNECT flow>6310 srcPort>45999 dst>fd10:43:100::2/25110 
06:14:59.334720 SHUTDOWN flow>5990 srcPort>35931 dst>fd10:43:100::2/24790 
06:14:59.461082 OFF flow>5966 srcPort>35325 dst>fd10:43:100::2/24766 
06:14:59.480967 SHUTDOWN flow>6006 srcPort>41265 dst>fd10:43:100::2/24806 
06:14:59.498361 ON flow>6318 srcPort>36365 dst>fd10:43:100::2/25118 
06:14:59.508371 CONNECT flow>6318 srcPort>36365 dst>fd10:43:100::2/25118 
06:14:59.529767 SHUTDOWN flow>5982 srcPort>35797 dst>fd10:43:100::2/24782 
06:14:59.604129 OFF flow>6006 srcPort>41265 dst>fd10:43:100::2/24806 
06:14:59.607052 OFF flow>5998 srcPort>44345 dst>fd10:43:100::2/24798 
06:14:59.752719 ON flow>6326 srcPort>46363 dst>fd10:43:100::2/25126 
06:14:59.797667 CONNECT flow>6326 srcPort>46363 dst>fd10:43:100::2/25126 
06:14:59.876474 SHUTDOWN flow>6014 srcPort>33315 dst>fd10:43:100::2/24814 
06:14:59.887937 SHUTDOWN flow>6022 srcPort>35807 dst>fd10:43:100::2/24822 
06:14:59.916770 ON flow>6334 srcPort>33437 dst>fd10:43:100::2/25134 
06:14:59.925534 CONNECT flow>6334 srcPort>33437 dst>fd10:43:100::2/25134 
06:14:59.952057 SHUTDOWN flow>6030 srcPort>43689 dst>fd10:43:100::2/24830 
06:15:00.011417 ON flow>6342 srcPort>34817 dst>fd10:43:100::2/25142 
06:15:00.019632 CONNECT flow>6342 srcPort>34817 dst>fd10:43:100::2/25142 
06:15:00.092068 SHUTDOWN flow>6046 srcPort>34573 dst>fd10:43:100::2/24846 
06:15:00.146051 SHUTDOWN flow>6038 srcPort>39791 dst>fd10:43:100::2/24838 
06:15:00.202976 OFF flow>6022 srcPort>35807 dst>fd10:43:100::2/24822 
06:15:00.204162 SHUTDOWN flow>6054 srcPort>44917 dst>fd10:43:100::2/24854 
06:15:00.219906 ON flow>6350 srcPort>36459 dst>fd10:43:100::2/25150 
06:15:00.225797 SHUTDOWN flow>6062 srcPort>42755 dst>fd10:43:100::2/24862 
06:15:00.251653 CONNECT flow>6350 srcPort>36459 dst>fd10:43:100::2/25150 
06:15:00.286554 OFF flow>6030 srcPort>43689 dst>fd10:43:100::2/24830 
06:15:00.341321 SHUTDOWN flow>6070 srcPort>33123 dst>fd10:43:100::2/24870 
06:15:00.343588 OFF flow>5990 srcPort>35931 dst>fd10:43:100::2/24790 
06:15:00.354338 ON flow>6358 srcPort>44435 dst>fd10:43:100::2/25158 
06:15:00.371494 CONNECT flow>6358 srcPort>44435 dst>fd10:43:100::2/25158 
06:15:00.398976 OFF flow>6038 srcPort>39791 dst>fd10:43:100::2/24838 
06:15:00.459466 SHUTDOWN flow>6086 srcPort>39511 dst>fd10:43:100::2/24886 
06:15:00.475460 OFF flow>6046 srcPort>34573 dst>fd10:43:100::2/24846 
06:15:00.475727 SHUTDOWN flow>6078 srcPort>41917 dst>fd10:43:100::2/24878 
06:15:00.485037 ON flow>6366 srcPort>34977 dst>fd10:43:100::2/25166 
06:15:00.496170 CONNECT flow>6366 srcPort>34977 dst>fd10:43:100::2/25166 
06:15:00.508158 OFF flow>6054 srcPort>44917 dst>fd10:43:100::2/24854 
06:15:00.535659 SHUTDOWN flow>6094 srcPort>35435 dst>fd10:43:100::2/24894 
06:15:00.567716 ON flow>6374 srcPort>46557 dst>fd10:43:100::2/25174 
06:15:00.580454 OFF flow>6062 srcPort>42755 dst>fd10:43:100::2/24862 
06:15:00.586270 CONNECT flow>6374 srcPort>46557 dst>fd10:43:100::2/25174 
06:15:00.627996 ON flow>6382 srcPort>39655 dst>fd10:43:100::2/25182 
06:15:00.632636 OFF flow>5982 srcPort>35797 dst>fd10:43:100::2/24782 
06:15:00.643247 SHUTDOWN flow>6102 srcPort>36445 dst>fd10:43:100::2/24902 
06:15:00.648100 CONNECT flow>6382 srcPort>39655 dst>fd10:43:100::2/25182 
06:15:00.760285 ON flow>6390 srcPort>40027 dst>fd10:43:100::2/25190 
06:15:00.779829 SHUTDOWN flow>6110 srcPort>46693 dst>fd10:43:100::2/24910 
06:15:00.782161 CONNECT flow>6390 srcPort>40027 dst>fd10:43:100::2/25190 
06:15:00.788432 OFF flow>6078 srcPort>41917 dst>fd10:43:100::2/24878 
06:15:00.797201 OFF flow>6014 srcPort>33315 dst>fd10:43:100::2/24814 
06:15:00.851981 ON flow>6398 srcPort>42867 dst>fd10:43:100::2/25198 
06:15:00.871322 CONNECT flow>6398 srcPort>42867 dst>fd10:43:100::2/25198 
06:15:00.896571 ON flow>6406 srcPort>33939 dst>fd10:43:100::2/25206 
06:15:00.915353 CONNECT flow>6406 srcPort>33939 dst>fd10:43:100::2/25206 
06:15:00.947103 OFF flow>6094 srcPort>35435 dst>fd10:43:100::2/24894 
06:15:00.947510 OFF flow>6102 srcPort>36445 dst>fd10:43:100::2/24902 
06:15:00.978943 OFF flow>6110 srcPort>46693 dst>fd10:43:100::2/24910 
06:15:00.990762 OFF flow>6086 srcPort>39511 dst>fd10:43:100::2/24886 
06:15:00.998059 OFF flow>6070 srcPort>33123 dst>fd10:43:100::2/24870 
06:15:01.098268 ON flow>6414 srcPort>46869 dst>fd10:43:100::2/25214 
06:15:01.118394 CONNECT flow>6414 srcPort>46869 dst>fd10:43:100::2/25214 
06:15:01.179724 SHUTDOWN flow>6118 srcPort>35511 dst>fd10:43:100::2/24918 
06:15:01.441419 ON flow>6422 srcPort>44089 dst>fd10:43:100::2/25222 
06:15:01.451496 SHUTDOWN flow>6126 srcPort>33345 dst>fd10:43:100::2/24926 
06:15:01.452670 CONNECT flow>6422 srcPort>44089 dst>fd10:43:100::2/25222 
06:15:01.651429 SHUTDOWN flow>6134 srcPort>43945 dst>fd10:43:100::2/24934 
06:15:01.756816 ON flow>6430 srcPort>38893 dst>fd10:43:100::2/25230 
06:15:01.764254 OFF flow>6118 srcPort>35511 dst>fd10:43:100::2/24918 
06:15:01.774397 CONNECT flow>6430 srcPort>38893 dst>fd10:43:100::2/25230 
06:15:01.775201 SHUTDOWN flow>6150 srcPort>44897 dst>fd10:43:100::2/24950 
06:15:01.790603 OFF flow>6126 srcPort>33345 dst>fd10:43:100::2/24926 
06:15:01.904911 SHUTDOWN flow>6158 srcPort>34715 dst>fd10:43:100::2/24958 
06:15:01.971270 SHUTDOWN flow>6166 srcPort>38287 dst>fd10:43:100::2/24966 
06:15:01.980709 ON flow>6438 srcPort>40169 dst>fd10:43:100::2/25238 
06:15:01.988048 CONNECT flow>6438 srcPort>40169 dst>fd10:43:100::2/25238 
06:15:02.045720 SHUTDOWN flow>6142 srcPort>36039 dst>fd10:43:100::2/24942 
06:15:02.138142 SHUTDOWN flow>6174 srcPort>46407 dst>fd10:43:100::2/24974 
06:15:02.141521 SHUTDOWN flow>6182 srcPort>38295 dst>fd10:43:100::2/24982 
06:15:02.161541 OFF flow>6150 srcPort>44897 dst>fd10:43:100::2/24950 
06:15:02.219325 OFF flow>6166 srcPort>38287 dst>fd10:43:100::2/24966 
06:15:02.220623 OFF flow>6134 srcPort>43945 dst>fd10:43:100::2/24934 
06:15:02.308047 ON flow>6446 srcPort>46657 dst>fd10:43:100::2/25246 
06:15:02.312271 CONNECT flow>6446 srcPort>46657 dst>fd10:43:100::2/25246 
06:15:02.355871 SHUTDOWN flow>6190 srcPort>40927 dst>fd10:43:100::2/24990 
06:15:02.386773 OFF flow>6158 srcPort>34715 dst>fd10:43:100::2/24958 
06:15:02.461652 ON flow>6454 srcPort>42869 dst>fd10:43:100::2/25254 
06:15:02.467213 OFF flow>6182 srcPort>38295 dst>fd10:43:100::2/24982 
06:15:02.476869 CONNECT flow>6454 srcPort>42869 dst>fd10:43:100::2/25254 
06:15:02.491206 SHUTDOWN flow>6198 srcPort>34027 dst>fd10:43:100::2/24998 
06:15:02.607436 OFF flow>6174 srcPort>46407 dst>fd10:43:100::2/24974 
06:15:02.639939 ON flow>6462 srcPort>45427 dst>fd10:43:100::2/25262 
06:15:02.645048 SHUTDOWN flow>6206 srcPort>36137 dst>fd10:43:100::2/25006 
06:15:02.659151 CONNECT flow>6462 srcPort>45427 dst>fd10:43:100::2/25262 
06:15:02.778034 ON flow>6470 srcPort>46733 dst>fd10:43:100::2/25270 
06:15:02.803315 OFF flow>6198 srcPort>34027 dst>fd10:43:100::2/24998 
06:15:02.808257 CONNECT flow>6470 srcPort>46733 dst>fd10:43:100::2/25270 
06:15:02.818362 SHUTDOWN flow>6214 srcPort>34431 dst>fd10:43:100::2/25014 
06:15:02.843191 ON flow>6478 srcPort>38777 dst>fd10:43:100::2/25278 
06:15:02.873328 CONNECT flow>6478 srcPort>38777 dst>fd10:43:100::2/25278 
06:15:02.874582 OFF flow>6190 srcPort>40927 dst>fd10:43:100::2/24990 
06:15:02.945964 SHUTDOWN flow>6222 srcPort>34011 dst>fd10:43:100::2/25022 
06:15:02.978322 OFF flow>6206 srcPort>36137 dst>fd10:43:100::2/25006 
06:15:03.009655 ON flow>6486 srcPort>34053 dst>fd10:43:100::2/25286 
06:15:03.009705 OFF flow>6214 srcPort>34431 dst>fd10:43:100::2/25014 
06:15:03.032094 CONNECT flow>6486 srcPort>34053 dst>fd10:43:100::2/25286 
06:15:03.067263 OFF flow>6142 srcPort>36039 dst>fd10:43:100::2/24942 
06:15:03.153200 OFF flow>6222 srcPort>34011 dst>fd10:43:100::2/25022 
06:15:03.193714 SHUTDOWN flow>6230 srcPort>41869 dst>fd10:43:100::2/25030 
06:15:03.196192 ON flow>6494 srcPort>35453 dst>fd10:43:100::2/25294 
06:15:03.201617 SHUTDOWN flow>6238 srcPort>42781 dst>fd10:43:100::2/25038 
06:15:03.235095 CONNECT flow>6494 srcPort>35453 dst>fd10:43:100::2/25294 
06:15:03.275930 SHUTDOWN flow>6246 srcPort>39439 dst>fd10:43:100::2/25046 
06:15:03.338439 ON flow>6502 srcPort>36971 dst>fd10:43:100::2/25302 
06:15:03.365354 CONNECT flow>6502 srcPort>36971 dst>fd10:43:100::2/25302 
06:15:03.371133 OFF flow>6238 srcPort>42781 dst>fd10:43:100::2/25038 
06:15:03.411918 SHUTDOWN flow>6262 srcPort>44107 dst>fd10:43:100::2/25062 
06:15:03.486799 SHUTDOWN flow>6270 srcPort>42601 dst>fd10:43:100::2/25070 
06:15:03.515530 ON flow>6510 srcPort>35841 dst>fd10:43:100::2/25310 
06:15:03.565849 CONNECT flow>6510 srcPort>35841 dst>fd10:43:100::2/25310 
06:15:03.619221 SHUTDOWN flow>6254 srcPort>42211 dst>fd10:43:100::2/25054 
06:15:03.632918 SHUTDOWN flow>6286 srcPort>46185 dst>fd10:43:100::2/25086 
06:15:03.649787 OFF flow>6262 srcPort>44107 dst>fd10:43:100::2/25062 
06:15:03.696141 OFF flow>6246 srcPort>39439 dst>fd10:43:100::2/25046 
06:15:03.701218 ON flow>6518 srcPort>40721 dst>fd10:43:100::2/25318 
06:15:03.732708 SHUTDOWN flow>6278 srcPort>40293 dst>fd10:43:100::2/25078 
06:15:03.746823 CONNECT flow>6518 srcPort>40721 dst>fd10:43:100::2/25318 
06:15:03.795533 SHUTDOWN flow>6294 srcPort>40239 dst>fd10:43:100::2/25094 
06:15:03.812284 OFF flow>6230 srcPort>41869 dst>fd10:43:100::2/25030 
06:15:03.830363 ON flow>6526 srcPort>45095 dst>fd10:43:100::2/25326 
06:15:03.881220 CONNECT flow>6526 srcPort>45095 dst>fd10:43:100::2/25326 
06:15:03.893618 SHUTDOWN flow>6302 srcPort>40337 dst>fd10:43:100::2/25102 
06:15:03.955105 ON flow>6534 srcPort>43161 dst>fd10:43:100::2/25334 
06:15:03.972236 CONNECT flow>6534 srcPort>43161 dst>fd10:43:100::2/25334 
06:15:04.041341 OFF flow>6270 srcPort>42601 dst>fd10:43:100::2/25070 
06:15:04.069593 ON flow>6542 srcPort>40533 dst>fd10:43:100::2/25342 
06:15:04.078528 SHUTDOWN flow>6310 srcPort>45999 dst>fd10:43:100::2/25110 
06:15:04.098967 CONNECT flow>6542 srcPort>40533 dst>fd10:43:100::2/25342 
06:15:04.134826 ON flow>6550 srcPort>39381 dst>fd10:43:100::2/25350 
06:15:04.156541 CONNECT flow>6550 srcPort>39381 dst>fd10:43:100::2/25350 
06:15:04.172056 OFF flow>6278 srcPort>40293 dst>fd10:43:100::2/25078 
06:15:04.241434 OFF flow>6286 srcPort>46185 dst>fd10:43:100::2/25086 
06:15:04.241548 OFF flow>6310 srcPort>45999 dst>fd10:43:100::2/25110 
06:15:04.261837 OFF flow>6254 srcPort>42211 dst>fd10:43:100::2/25054 
06:15:04.282732 OFF flow>6302 srcPort>40337 dst>fd10:43:100::2/25102 
06:15:04.290508 OFF flow>6294 srcPort>40239 dst>fd10:43:100::2/25094 
06:15:04.298144 SHUTDOWN flow>6318 srcPort>36365 dst>fd10:43:100::2/25118 
06:15:04.305488 ON flow>6558 srcPort>33749 dst>fd10:43:100::2/25358 
06:15:04.327156 CONNECT flow>6558 srcPort>33749 dst>fd10:43:100::2/25358 
06:15:04.491253 ON flow>6566 srcPort>39205 dst>fd10:43:100::2/25366 
06:15:04.516195 CONNECT flow>6566 srcPort>39205 dst>fd10:43:100::2/25366 
06:15:04.522737 OFF flow>6318 srcPort>36365 dst>fd10:43:100::2/25118 
06:15:04.552663 SHUTDOWN flow>6326 srcPort>46363 dst>fd10:43:100::2/25126 
06:15:04.608037 ON flow>6574 srcPort>38195 dst>fd10:43:100::2/25374 
06:15:04.637735 CONNECT flow>6574 srcPort>38195 dst>fd10:43:100::2/25374 
06:15:04.672214 OFF flow>6326 srcPort>46363 dst>fd10:43:100::2/25126 
06:15:04.716630 SHUTDOWN flow>6334 srcPort>33437 dst>fd10:43:100::2/25134 
06:15:04.753418 ON flow>6582 srcPort>43119 dst>fd10:43:100::2/25382 
06:15:04.773160 CONNECT flow>6582 srcPort>43119 dst>fd10:43:100::2/25382 
06:15:04.811302 SHUTDOWN flow>6342 srcPort>34817 dst>fd10:43:100::2/25142 
06:15:04.945616 ON flow>6590 srcPort>43799 dst>fd10:43:100::2/25390 
06:15:04.971624 CONNECT flow>6590 srcPort>43799 dst>fd10:43:100::2/25390 
06:15:05.043385 OFF flow>6334 srcPort>33437 dst>fd10:43:100::2/25134 
06:15:05.074998 ON flow>6598 srcPort>34763 dst>fd10:43:100::2/25398 
06:15:05.075419 SHUTDOWN flow>6350 srcPort>36459 dst>fd10:43:100::2/25150 
06:15:05.090469 OFF flow>6342 srcPort>34817 dst>fd10:43:100::2/25142 
06:15:05.108738 CONNECT flow>6598 srcPort>34763 dst>fd10:43:100::2/25398 
06:15:05.154153 SHUTDOWN flow>6358 srcPort>44435 dst>fd10:43:100::2/25158 
06:15:05.242856 ON flow>6606 srcPort>43303 dst>fd10:43:100::2/25406 
06:15:05.266438 OFF flow>6358 srcPort>44435 dst>fd10:43:100::2/25158 
06:15:05.279941 CONNECT flow>6606 srcPort>43303 dst>fd10:43:100::2/25406 
06:15:05.284898 SHUTDOWN flow>6366 srcPort>34977 dst>fd10:43:100::2/25166 
06:15:05.331499 OFF flow>6350 srcPort>36459 dst>fd10:43:100::2/25150 
06:15:05.418525 ON flow>6614 srcPort>41481 dst>fd10:43:100::2/25414 
06:15:05.427780 SHUTDOWN flow>6382 srcPort>39655 dst>fd10:43:100::2/25182 
06:15:05.454492 CONNECT flow>6614 srcPort>41481 dst>fd10:43:100::2/25414 
06:15:05.458339 OFF flow>6366 srcPort>34977 dst>fd10:43:100::2/25166 
06:15:05.467994 SHUTDOWN flow>6374 srcPort>46557 dst>fd10:43:100::2/25174 
06:15:05.551033 ON flow>6622 srcPort>44471 dst>fd10:43:100::2/25422 
06:15:05.560065 SHUTDOWN flow>6390 srcPort>40027 dst>fd10:43:100::2/25190 
06:15:05.605135 CONNECT flow>6622 srcPort>44471 dst>fd10:43:100::2/25422 
06:15:05.651808 SHUTDOWN flow>6398 srcPort>42867 dst>fd10:43:100::2/25198 
06:15:05.702644 SHUTDOWN flow>6406 srcPort>33939 dst>fd10:43:100::2/25206 
06:15:05.768307 ON flow>6630 srcPort>34349 dst>fd10:43:100::2/25430 
06:15:05.799726 OFF flow>6382 srcPort>39655 dst>fd10:43:100::2/25182 
06:15:05.815930 CONNECT flow>6630 srcPort>34349 dst>fd10:43:100::2/25430 
06:15:05.837349 OFF flow>6374 srcPort>46557 dst>fd10:43:100::2/25174 
06:15:05.860642 OFF flow>6398 srcPort>42867 dst>fd10:43:100::2/25198 
06:15:05.890180 OFF flow>6390 srcPort>40027 dst>fd10:43:100::2/25190 
06:15:05.898072 SHUTDOWN flow>6414 srcPort>46869 dst>fd10:43:100::2/25214 
06:15:05.989348 ON flow>6638 srcPort>33789 dst>fd10:43:100::2/25438 
06:15:06.019977 CONNECT flow>6638 srcPort>33789 dst>fd10:43:100::2/25438 
06:15:06.057343 OFF flow>6406 srcPort>33939 dst>fd10:43:100::2/25206 
06:15:06.179558 ON flow>6646 srcPort>34559 dst>fd10:43:100::2/25446 
06:15:06.224423 CONNECT flow>6646 srcPort>34559 dst>fd10:43:100::2/25446 
06:15:06.241157 SHUTDOWN flow>6422 srcPort>44089 dst>fd10:43:100::2/25222 
06:15:06.335661 ON flow>6654 srcPort>36243 dst>fd10:43:100::2/25454 
06:15:06.351317 OFF flow>6414 srcPort>46869 dst>fd10:43:100::2/25214 
06:15:06.352236 CONNECT flow>6654 srcPort>36243 dst>fd10:43:100::2/25454 
06:15:06.439887 ON flow>6662 srcPort>33877 dst>fd10:43:100::2/25462 
06:15:06.473216 CONNECT flow>6662 srcPort>33877 dst>fd10:43:100::2/25462 
06:15:06.530078 OFF flow>6422 srcPort>44089 dst>fd10:43:100::2/25222 
06:15:06.556433 SHUTDOWN flow>6430 srcPort>38893 dst>fd10:43:100::2/25230 
06:15:06.597689 OFF flow>6430 srcPort>38893 dst>fd10:43:100::2/25230 
06:15:06.665225 ON flow>6670 srcPort>34695 dst>fd10:43:100::2/25470 
06:15:06.698465 CONNECT flow>6670 srcPort>34695 dst>fd10:43:100::2/25470 
06:15:06.780494 SHUTDOWN flow>6438 srcPort>40169 dst>fd10:43:100::2/25238 
06:15:06.811777 ON flow>6678 srcPort>44541 dst>fd10:43:100::2/25478 
06:15:06.855837 CONNECT flow>6678 srcPort>44541 dst>fd10:43:100::2/25478 
06:15:06.955348 OFF flow>6438 srcPort>40169 dst>fd10:43:100::2/25238 
06:15:07.175618 ON flow>6686 srcPort>36011 dst>fd10:43:100::2/25486 
06:15:07.219304 SHUTDOWN flow>6446 srcPort>46657 dst>fd10:43:100::2/25246 
06:15:07.228297 CONNECT flow>6686 srcPort>36011 dst>fd10:43:100::2/25486 
06:15:07.261216 SHUTDOWN flow>6454 srcPort>42869 dst>fd10:43:100::2/25254 
06:15:07.283572 ON flow>6694 srcPort>45325 dst>fd10:43:100::2/25494 
06:15:07.338933 CONNECT flow>6694 srcPort>45325 dst>fd10:43:100::2/25494 
06:15:07.368772 OFF flow>6454 srcPort>42869 dst>fd10:43:100::2/25254 
06:15:07.395500 ON flow>6702 srcPort>35115 dst>fd10:43:100::2/25502 
06:15:07.439422 SHUTDOWN flow>6462 srcPort>45427 dst>fd10:43:100::2/25262 
06:15:07.442133 CONNECT flow>6702 srcPort>35115 dst>fd10:43:100::2/25502 
06:15:07.446701 OFF flow>6446 srcPort>46657 dst>fd10:43:100::2/25246 
06:15:07.503929 ON flow>6710 srcPort>44995 dst>fd10:43:100::2/25510 
06:15:07.558575 CONNECT flow>6710 srcPort>44995 dst>fd10:43:100::2/25510 
06:15:07.567375 ON flow>6718 srcPort>40029 dst>fd10:43:100::2/25518 
06:15:07.577743 SHUTDOWN flow>6470 srcPort>46733 dst>fd10:43:100::2/25270 
06:15:07.641186 CONNECT flow>6718 srcPort>40029 dst>fd10:43:100::2/25518 
06:15:07.642825 SHUTDOWN flow>6478 srcPort>38777 dst>fd10:43:100::2/25278 
06:15:07.702169 OFF flow>6470 srcPort>46733 dst>fd10:43:100::2/25270 
06:15:07.730366 ON flow>6726 srcPort>37219 dst>fd10:43:100::2/25526 
06:15:07.738794 OFF flow>6462 srcPort>45427 dst>fd10:43:100::2/25262 
06:15:07.783366 CONNECT flow>6726 srcPort>37219 dst>fd10:43:100::2/25526 
06:15:07.809643 SHUTDOWN flow>6486 srcPort>34053 dst>fd10:43:100::2/25286 
06:15:07.878043 OFF flow>6478 srcPort>38777 dst>fd10:43:100::2/25278 
06:15:07.944812 ON flow>6734 srcPort>35345 dst>fd10:43:100::2/25534 
06:15:07.995884 SHUTDOWN flow>6494 srcPort>35453 dst>fd10:43:100::2/25294 
06:15:08.008218 CONNECT flow>6734 srcPort>35345 dst>fd10:43:100::2/25534 
06:15:08.092334 OFF flow>6486 srcPort>34053 dst>fd10:43:100::2/25286 
06:15:08.124034 ON flow>6742 srcPort>39201 dst>fd10:43:100::2/25542 
06:15:08.138234 SHUTDOWN flow>6502 srcPort>36971 dst>fd10:43:100::2/25302 
06:15:08.178266 CONNECT flow>6742 srcPort>39201 dst>fd10:43:100::2/25542 
06:15:08.180972 OFF flow>6494 srcPort>35453 dst>fd10:43:100::2/25294 
06:15:08.310922 ON flow>6750 srcPort>40003 dst>fd10:43:100::2/25550 
06:15:08.315225 SHUTDOWN flow>6510 srcPort>35841 dst>fd10:43:100::2/25310 
06:15:08.360338 CONNECT flow>6750 srcPort>40003 dst>fd10:43:100::2/25550 
06:15:08.368619 OFF flow>6510 srcPort>35841 dst>fd10:43:100::2/25310 
06:15:08.501020 SHUTDOWN flow>6518 srcPort>40721 dst>fd10:43:100::2/25318 
06:15:08.504042 ON flow>6758 srcPort>45499 dst>fd10:43:100::2/25558 
06:15:08.564530 CONNECT flow>6758 srcPort>45499 dst>fd10:43:100::2/25558 
06:15:08.567660 OFF flow>6502 srcPort>36971 dst>fd10:43:100::2/25302 
06:15:08.630166 SHUTDOWN flow>6526 srcPort>45095 dst>fd10:43:100::2/25326 
06:15:08.634984 ON flow>6766 srcPort>38495 dst>fd10:43:100::2/25566 
06:15:08.689767 OFF flow>6526 srcPort>45095 dst>fd10:43:100::2/25326 
06:15:08.708272 CONNECT flow>6766 srcPort>38495 dst>fd10:43:100::2/25566 
06:15:08.746414 ON flow>6774 srcPort>44695 dst>fd10:43:100::2/25574 
06:15:08.752677 OFF flow>6518 srcPort>40721 dst>fd10:43:100::2/25318 
06:15:08.754916 SHUTDOWN flow>6534 srcPort>43161 dst>fd10:43:100::2/25334 
06:15:08.787932 ON flow>6782 srcPort>35145 dst>fd10:43:100::2/25582 
06:15:08.813422 CONNECT flow>6774 srcPort>44695 dst>fd10:43:100::2/25574 
06:15:08.858279 CONNECT flow>6782 srcPort>35145 dst>fd10:43:100::2/25582 
06:15:08.869427 SHUTDOWN flow>6542 srcPort>40533 dst>fd10:43:100::2/25342 
06:15:08.872779 ON flow>6790 srcPort>40443 dst>fd10:43:100::2/25590 
06:15:08.934674 SHUTDOWN flow>6550 srcPort>39381 dst>fd10:43:100::2/25350 
06:15:08.947276 CONNECT flow>6790 srcPort>40443 dst>fd10:43:100::2/25590 
06:15:08.958684 ON flow>6798 srcPort>44515 dst>fd10:43:100::2/25598 
06:15:08.972312 OFF flow>6542 srcPort>40533 dst>fd10:43:100::2/25342 
06:15:09.002551 OFF flow>6534 srcPort>43161 dst>fd10:43:100::2/25334 
06:15:09.010339 ON flow>6806 srcPort>41273 dst>fd10:43:100::2/25606 
06:15:09.022126 OFF flow>6550 srcPort>39381 dst>fd10:43:100::2/25350 
06:15:09.024450 CONNECT flow>6798 srcPort>44515 dst>fd10:43:100::2/25598 
06:15:09.038632 ON flow>6814 srcPort>42125 dst>fd10:43:100::2/25614 
06:15:09.080050 CONNECT flow>6806 srcPort>41273 dst>fd10:43:100::2/25606 
06:15:09.105323 SHUTDOWN flow>6558 srcPort>33749 dst>fd10:43:100::2/25358 
06:15:09.107036 CONNECT flow>6814 srcPort>42125 dst>fd10:43:100::2/25614 
06:15:09.138515 ON flow>6822 srcPort>43507 dst>fd10:43:100::2/25622 
06:15:09.223128 CONNECT flow>6822 srcPort>43507 dst>fd10:43:100::2/25622 
06:15:09.263588 ON flow>6830 srcPort>38233 dst>fd10:43:100::2/25630 
06:15:09.291026 SHUTDOWN flow>6566 srcPort>39205 dst>fd10:43:100::2/25366 
06:15:09.351825 CONNECT flow>6830 srcPort>38233 dst>fd10:43:100::2/25630 
06:15:09.407815 SHUTDOWN flow>6574 srcPort>38195 dst>fd10:43:100::2/25374 
06:15:09.416388 OFF flow>6566 srcPort>39205 dst>fd10:43:100::2/25366 
06:15:09.500045 OFF flow>6574 srcPort>38195 dst>fd10:43:100::2/25374 
06:15:09.553227 SHUTDOWN flow>6582 srcPort>43119 dst>fd10:43:100::2/25382 
06:15:09.728797 OFF flow>6558 srcPort>33749 dst>fd10:43:100::2/25358 
06:15:09.735015 OFF flow>6582 srcPort>43119 dst>fd10:43:100::2/25382 
06:15:09.874857 SHUTDOWN flow>6598 srcPort>34763 dst>fd10:43:100::2/25398 
06:15:09.954533 SHUTDOWN flow>6590 srcPort>43799 dst>fd10:43:100::2/25390 
06:15:10.124157 SHUTDOWN flow>6606 srcPort>43303 dst>fd10:43:100::2/25406 
06:15:10.203981 ON flow>6838 srcPort>37823 dst>fd10:43:100::2/25638 
06:15:10.218256 SHUTDOWN flow>6614 srcPort>41481 dst>fd10:43:100::2/25414 
06:15:10.290356 OFF flow>6598 srcPort>34763 dst>fd10:43:100::2/25398 
06:15:10.310261 CONNECT flow>6838 srcPort>37823 dst>fd10:43:100::2/25638 
06:15:10.355928 ON flow>6846 srcPort>43239 dst>fd10:43:100::2/25646 
06:15:10.447809 CONNECT flow>6846 srcPort>43239 dst>fd10:43:100::2/25646 
06:15:10.543565 SHUTDOWN flow>6622 srcPort>44471 dst>fd10:43:100::2/25422 
06:15:10.568153 SHUTDOWN flow>6630 srcPort>34349 dst>fd10:43:100::2/25430 
06:15:10.572330 ON flow>6854 srcPort>38007 dst>fd10:43:100::2/25654 
06:15:10.666416 CONNECT flow>6854 srcPort>38007 dst>fd10:43:100::2/25654 
06:15:10.668328 OFF flow>6590 srcPort>43799 dst>fd10:43:100::2/25390 
06:15:10.693910 ON flow>6862 srcPort>32841 dst>fd10:43:100::2/25662 
06:15:10.742918 OFF flow>6614 srcPort>41481 dst>fd10:43:100::2/25414 
06:15:10.788840 SHUTDOWN flow>6638 srcPort>33789 dst>fd10:43:100::2/25438 
06:15:10.789824 CONNECT flow>6862 srcPort>32841 dst>fd10:43:100::2/25662 
06:15:10.932165 ON flow>6870 srcPort>41223 dst>fd10:43:100::2/25670 
06:15:10.979310 SHUTDOWN flow>6646 srcPort>34559 dst>fd10:43:100::2/25446 
06:15:11.038799 CONNECT flow>6870 srcPort>41223 dst>fd10:43:100::2/25670 
06:15:11.135291 SHUTDOWN flow>6654 srcPort>36243 dst>fd10:43:100::2/25454 
06:15:11.239728 SHUTDOWN flow>6662 srcPort>33877 dst>fd10:43:100::2/25462 
06:15:11.347909 OFF flow>6630 srcPort>34349 dst>fd10:43:100::2/25430 
06:15:11.426186 OFF flow>6622 srcPort>44471 dst>fd10:43:100::2/25422 
06:15:11.465087 SHUTDOWN flow>6670 srcPort>34695 dst>fd10:43:100::2/25470 
06:15:11.474463 OFF flow>6646 srcPort>34559 dst>fd10:43:100::2/25446 
06:15:11.552404 OFF flow>6670 srcPort>34695 dst>fd10:43:100::2/25470 
06:15:11.609524 OFF flow>6654 srcPort>36243 dst>fd10:43:100::2/25454 
06:15:11.611574 SHUTDOWN flow>6678 srcPort>44541 dst>fd10:43:100::2/25478 
06:15:11.627517 OFF flow>6606 srcPort>43303 dst>fd10:43:100::2/25406 
06:15:11.697862 OFF flow>6678 srcPort>44541 dst>fd10:43:100::2/25478 
06:15:11.725669 OFF flow>6662 srcPort>33877 dst>fd10:43:100::2/25462 
06:15:11.947806 OFF flow>6638 srcPort>33789 dst>fd10:43:100::2/25438 
06:15:11.975143 SHUTDOWN flow>6686 srcPort>36011 dst>fd10:43:100::2/25486 
06:15:11.978706 ON flow>6878 srcPort>39635 dst>fd10:43:100::2/25678 
06:15:12.053074 OFF flow>6686 srcPort>36011 dst>fd10:43:100::2/25486 
06:15:12.058346 CONNECT flow>6878 srcPort>39635 dst>fd10:43:100::2/25678 
06:15:12.129957 SHUTDOWN flow>6694 srcPort>45325 dst>fd10:43:100::2/25494 
06:15:12.195147 SHUTDOWN flow>6702 srcPort>35115 dst>fd10:43:100::2/25502 
06:15:12.270340 OFF flow>6702 srcPort>35115 dst>fd10:43:100::2/25502 
06:15:12.288478 ON flow>6886 srcPort>38369 dst>fd10:43:100::2/25686 
06:15:12.303638 SHUTDOWN flow>6710 srcPort>44995 dst>fd10:43:100::2/25510 
06:15:12.357403 CONNECT flow>6886 srcPort>38369 dst>fd10:43:100::2/25686 
06:15:12.357740 ON flow>6894 srcPort>38373 dst>fd10:43:100::2/25694 
06:15:12.367362 SHUTDOWN flow>6718 srcPort>40029 dst>fd10:43:100::2/25518 
06:15:12.372860 OFF flow>6710 srcPort>44995 dst>fd10:43:100::2/25510 
06:15:12.397355 ON flow>6902 srcPort>34337 dst>fd10:43:100::2/25702 
06:15:12.422536 CONNECT flow>6894 srcPort>38373 dst>fd10:43:100::2/25694 
06:15:12.441472 ON flow>6910 srcPort>40435 dst>fd10:43:100::2/25710 
06:15:12.458143 CONNECT flow>6902 srcPort>34337 dst>fd10:43:100::2/25702 
06:15:12.479374 OFF flow>6694 srcPort>45325 dst>fd10:43:100::2/25494 
06:15:12.500246 CONNECT flow>6910 srcPort>40435 dst>fd10:43:100::2/25710 
06:15:12.529947 SHUTDOWN flow>6726 srcPort>37219 dst>fd10:43:100::2/25526 
06:15:12.553277 ON flow>6918 srcPort>44433 dst>fd10:43:100::2/25718 
06:15:12.583862 OFF flow>6726 srcPort>37219 dst>fd10:43:100::2/25526 
06:15:12.608223 CONNECT flow>6918 srcPort>44433 dst>fd10:43:100::2/25718 
06:15:12.623390 ON flow>6926 srcPort>45119 dst>fd10:43:100::2/25726 
06:15:12.679048 CONNECT flow>6926 srcPort>45119 dst>fd10:43:100::2/25726 
06:15:12.735987 ON flow>6934 srcPort>37283 dst>fd10:43:100::2/25734 
06:15:12.744450 SHUTDOWN flow>6734 srcPort>35345 dst>fd10:43:100::2/25534 
06:15:12.790692 CONNECT flow>6934 srcPort>37283 dst>fd10:43:100::2/25734 
06:15:12.799349 OFF flow>6734 srcPort>35345 dst>fd10:43:100::2/25534 
06:15:12.818930 OFF flow>6718 srcPort>40029 dst>fd10:43:100::2/25518 
06:15:12.846692 ON flow>6942 srcPort>41565 dst>fd10:43:100::2/25742 
06:15:12.898269 CONNECT flow>6942 srcPort>41565 dst>fd10:43:100::2/25742 
06:15:12.923804 SHUTDOWN flow>6742 srcPort>39201 dst>fd10:43:100::2/25542 
06:15:12.974809 OFF flow>6742 srcPort>39201 dst>fd10:43:100::2/25542 
06:15:13.110669 SHUTDOWN flow>6750 srcPort>40003 dst>fd10:43:100::2/25550 
06:15:13.150088 OFF flow>6750 srcPort>40003 dst>fd10:43:100::2/25550 
06:15:13.165129 ON flow>6950 srcPort>32955 dst>fd10:43:100::2/25750 
06:15:13.199188 CONNECT flow>6950 srcPort>32955 dst>fd10:43:100::2/25750 
06:15:13.261500 ON flow>6958 srcPort>44219 dst>fd10:43:100::2/25758 
06:15:13.285287 CONNECT flow>6958 srcPort>44219 dst>fd10:43:100::2/25758 
06:15:13.303864 SHUTDOWN flow>6758 srcPort>45499 dst>fd10:43:100::2/25558 
06:15:13.326748 OFF flow>6758 srcPort>45499 dst>fd10:43:100::2/25558 
06:15:13.357908 ON flow>6966 srcPort>43189 dst>fd10:43:100::2/25766 
06:15:13.374564 CONNECT flow>6966 srcPort>43189 dst>fd10:43:100::2/25766 
06:15:13.409511 ON flow>6974 srcPort>38019 dst>fd10:43:100::2/25774 
06:15:13.422749 CONNECT flow>6974 srcPort>38019 dst>fd10:43:100::2/25774 
06:15:13.434774 SHUTDOWN flow>6766 srcPort>38495 dst>fd10:43:100::2/25566 
06:15:13.445807 OFF flow>6766 srcPort>38495 dst>fd10:43:100::2/25566 
06:15:13.501391 ON flow>6982 srcPort>38925 dst>fd10:43:100::2/25782 
06:15:13.503724 CONNECT flow>6982 srcPort>38925 dst>fd10:43:100::2/25782 
06:15:13.546272 SHUTDOWN flow>6774 srcPort>44695 dst>fd10:43:100::2/25574 
06:15:13.546882 OFF flow>6774 srcPort>44695 dst>fd10:43:100::2/25574 
06:15:13.587779 SHUTDOWN flow>6782 srcPort>35145 dst>fd10:43:100::2/25582 
06:15:13.588271 OFF flow>6782 srcPort>35145 dst>fd10:43:100::2/25582 
06:15:13.615688 ON flow>6990 srcPort>33801 dst>fd10:43:100::2/25790 
06:15:13.616208 CONNECT flow>6990 srcPort>33801 dst>fd10:43:100::2/25790 
06:15:13.672668 SHUTDOWN flow>6790 srcPort>40443 dst>fd10:43:100::2/25590 
06:15:13.673147 OFF flow>6790 srcPort>40443 dst>fd10:43:100::2/25590 
06:15:13.740793 ON flow>6998 srcPort>44791 dst>fd10:43:100::2/25798 
06:15:13.741123 CONNECT flow>6998 srcPort>44791 dst>fd10:43:100::2/25798 
06:15:13.758571 SHUTDOWN flow>6798 srcPort>44515 dst>fd10:43:100::2/25598 
06:15:13.758979 OFF flow>6798 srcPort>44515 dst>fd10:43:100::2/25598 
06:15:13.810277 SHUTDOWN flow>6806 srcPort>41273 dst>fd10:43:100::2/25606 
06:15:13.810628 OFF flow>6806 srcPort>41273 dst>fd10:43:100::2/25606 
06:15:13.838579 SHUTDOWN flow>6814 srcPort>42125 dst>fd10:43:100::2/25614 
06:15:13.839080 OFF flow>6814 srcPort>42125 dst>fd10:43:100::2/25614 
06:15:13.877576 ON flow>7006 srcPort>44849 dst>fd10:43:100::2/25806 
06:15:13.878124 CONNECT flow>7006 srcPort>44849 dst>fd10:43:100::2/25806 
06:15:13.938381 SHUTDOWN flow>6822 srcPort>43507 dst>fd10:43:100::2/25622 
06:15:13.938770 OFF flow>6822 srcPort>43507 dst>fd10:43:100::2/25622 
06:15:13.957903 ON flow>7014 srcPort>34697 dst>fd10:43:100::2/25814 
06:15:13.958438 CONNECT flow>7014 srcPort>34697 dst>fd10:43:100::2/25814 
06:15:13.981603 ON flow>7022 srcPort>42571 dst>fd10:43:100::2/25822 
06:15:13.982058 CONNECT flow>7022 srcPort>42571 dst>fd10:43:100::2/25822 
06:15:14.017927 ON flow>7030 srcPort>46847 dst>fd10:43:100::2/25830 
06:15:14.018424 CONNECT flow>7030 srcPort>46847 dst>fd10:43:100::2/25830 
06:15:14.063382 SHUTDOWN flow>6830 srcPort>38233 dst>fd10:43:100::2/25630 
06:15:14.064506 OFF flow>6830 srcPort>38233 dst>fd10:43:100::2/25630 
06:15:14.091580 ON flow>7038 srcPort>41187 dst>fd10:43:100::2/25838 
06:15:14.091824 CONNECT flow>7038 srcPort>41187 dst>fd10:43:100::2/25838 
06:15:14.281325 ON flow>7046 srcPort>35355 dst>fd10:43:100::2/25846 
06:15:14.281786 CONNECT flow>7046 srcPort>35355 dst>fd10:43:100::2/25846 
06:15:14.509232 ON flow>7054 srcPort>36895 dst>fd10:43:100::2/25854 
06:15:14.509696 CONNECT flow>7054 srcPort>36895 dst>fd10:43:100::2/25854 
06:15:14.772706 ON flow>7062 srcPort>35175 dst>fd10:43:100::2/25862 
06:15:14.773211 CONNECT flow>7062 srcPort>35175 dst>fd10:43:100::2/25862 
06:15:15.002582 ON flow>7070 srcPort>32897 dst>fd10:43:100::2/25870 
06:15:15.002969 CONNECT flow>7070 srcPort>32897 dst>fd10:43:100::2/25870 
06:15:15.003771 SHUTDOWN flow>6838 srcPort>37823 dst>fd10:43:100::2/25638 
06:15:15.004200 OFF flow>6838 srcPort>37823 dst>fd10:43:100::2/25638 
06:15:15.155355 SHUTDOWN flow>6846 srcPort>43239 dst>fd10:43:100::2/25646 
06:15:15.155672 OFF flow>6846 srcPort>43239 dst>fd10:43:100::2/25646 
06:15:15.234926 ON flow>7078 srcPort>36207 dst>fd10:43:100::2/25878 
06:15:15.236269 CONNECT flow>7078 srcPort>36207 dst>fd10:43:100::2/25878 
06:15:15.372156 SHUTDOWN flow>6854 srcPort>38007 dst>fd10:43:100::2/25654 
06:15:15.372537 OFF flow>6854 srcPort>38007 dst>fd10:43:100::2/25654 
06:15:15.472719 ON flow>7086 srcPort>37709 dst>fd10:43:100::2/25886 
06:15:15.476458 CONNECT flow>7086 srcPort>37709 dst>fd10:43:100::2/25886 
06:15:15.493660 SHUTDOWN flow>6862 srcPort>32841 dst>fd10:43:100::2/25662 
06:15:15.494783 OFF flow>6862 srcPort>32841 dst>fd10:43:100::2/25662 
06:15:15.604751 ON flow>7094 srcPort>36737 dst>fd10:43:100::2/25894 
06:15:15.605033 CONNECT flow>7094 srcPort>36737 dst>fd10:43:100::2/25894 
06:15:15.689448 ON flow>7102 srcPort>39803 dst>fd10:43:100::2/25902 
06:15:15.689752 CONNECT flow>7102 srcPort>39803 dst>fd10:43:100::2/25902 
06:15:15.731953 SHUTDOWN flow>6870 srcPort>41223 dst>fd10:43:100::2/25670 
06:15:15.734286 OFF flow>6870 srcPort>41223 dst>fd10:43:100::2/25670 
06:15:15.865984 ON flow>7110 srcPort>44041 dst>fd10:43:100::2/25910 
06:15:15.870735 CONNECT flow>7110 srcPort>44041 dst>fd10:43:100::2/25910 
06:15:16.026603 ON flow>7118 srcPort>39473 dst>fd10:43:100::2/25918 
06:15:16.026843 CONNECT flow>7118 srcPort>39473 dst>fd10:43:100::2/25918 
06:15:16.274929 ON flow>7126 srcPort>40403 dst>fd10:43:100::2/25926 
06:15:16.279715 CONNECT flow>7126 srcPort>40403 dst>fd10:43:100::2/25926 
06:15:16.359598 ON flow>7134 srcPort>34071 dst>fd10:43:100::2/25934 
06:15:16.362082 CONNECT flow>7134 srcPort>34071 dst>fd10:43:100::2/25934 
06:15:16.430561 ON flow>7142 srcPort>35543 dst>fd10:43:100::2/25942 
06:15:16.431209 CONNECT flow>7142 srcPort>35543 dst>fd10:43:100::2/25942 
06:15:16.562799 ON flow>7150 srcPort>33429 dst>fd10:43:100::2/25950 
06:15:16.564306 CONNECT flow>7150 srcPort>33429 dst>fd10:43:100::2/25950 
06:15:16.706852 ON flow>7158 srcPort>37787 dst>fd10:43:100::2/25958 
06:15:16.708121 CONNECT flow>7158 srcPort>37787 dst>fd10:43:100::2/25958 
06:15:16.778581 SHUTDOWN flow>6878 srcPort>39635 dst>fd10:43:100::2/25678 
06:15:16.779209 OFF flow>6878 srcPort>39635 dst>fd10:43:100::2/25678 
06:15:16.880145 ON flow>7166 srcPort>37765 dst>fd10:43:100::2/25966 
06:15:16.889623 CONNECT flow>7166 srcPort>37765 dst>fd10:43:100::2/25966 
06:15:17.046705 ON flow>7174 srcPort>41817 dst>fd10:43:100::2/25974 
06:15:17.060464 CONNECT flow>7174 srcPort>41817 dst>fd10:43:100::2/25974 
06:15:17.088259 SHUTDOWN flow>6886 srcPort>38369 dst>fd10:43:100::2/25686 
06:15:17.103032 OFF flow>6886 srcPort>38369 dst>fd10:43:100::2/25686 
06:15:17.157587 SHUTDOWN flow>6894 srcPort>38373 dst>fd10:43:100::2/25694 
06:15:17.167832 OFF flow>6894 srcPort>38373 dst>fd10:43:100::2/25694 
06:15:17.197213 SHUTDOWN flow>6902 srcPort>34337 dst>fd10:43:100::2/25702 
06:15:17.201111 ON flow>7182 srcPort>40179 dst>fd10:43:100::2/25982 
06:15:17.224683 CONNECT flow>7182 srcPort>40179 dst>fd10:43:100::2/25982 
06:15:17.241393 SHUTDOWN flow>6910 srcPort>40435 dst>fd10:43:100::2/25710 
06:15:17.244632 OFF flow>6902 srcPort>34337 dst>fd10:43:100::2/25702 
06:15:17.331321 OFF flow>6910 srcPort>40435 dst>fd10:43:100::2/25710 
06:15:17.341350 ON flow>7190 srcPort>39359 dst>fd10:43:100::2/25990 
06:15:17.353157 SHUTDOWN flow>6918 srcPort>44433 dst>fd10:43:100::2/25718 
06:15:17.370366 CONNECT flow>7190 srcPort>39359 dst>fd10:43:100::2/25990 
06:15:17.386337 OFF flow>6918 srcPort>44433 dst>fd10:43:100::2/25718 
06:15:17.423205 SHUTDOWN flow>6926 srcPort>45119 dst>fd10:43:100::2/25726 
06:15:17.466961 OFF flow>6926 srcPort>45119 dst>fd10:43:100::2/25726 
06:15:17.473285 ON flow>7198 srcPort>34527 dst>fd10:43:100::2/25998 
06:15:17.526653 CONNECT flow>7198 srcPort>34527 dst>fd10:43:100::2/25998 
06:15:17.535890 SHUTDOWN flow>6934 srcPort>37283 dst>fd10:43:100::2/25734 
06:15:17.598223 OFF flow>6934 srcPort>37283 dst>fd10:43:100::2/25734 
06:15:17.598940 ON flow>7206 srcPort>39903 dst>fd10:43:100::2/26006 
06:15:17.646307 SHUTDOWN flow>6942 srcPort>41565 dst>fd10:43:100::2/25742 
06:15:17.650421 ON flow>7214 srcPort>32971 dst>fd10:43:100::2/26014 
06:15:17.667293 CONNECT flow>7206 srcPort>39903 dst>fd10:43:100::2/26006 
06:15:17.722871 CONNECT flow>7214 srcPort>32971 dst>fd10:43:100::2/26014 
06:15:17.751737 OFF flow>6942 srcPort>41565 dst>fd10:43:100::2/25742 
06:15:17.855957 ON flow>7222 srcPort>33237 dst>fd10:43:100::2/26022 
06:15:17.958604 CONNECT flow>7222 srcPort>33237 dst>fd10:43:100::2/26022 
06:15:17.964902 SHUTDOWN flow>6950 srcPort>32955 dst>fd10:43:100::2/25750 
06:15:18.039320 ON flow>7230 srcPort>33105 dst>fd10:43:100::2/26030 
06:15:18.061399 SHUTDOWN flow>6958 srcPort>44219 dst>fd10:43:100::2/25758 
06:15:18.070688 OFF flow>6950 srcPort>32955 dst>fd10:43:100::2/25750 
06:15:18.143071 CONNECT flow>7230 srcPort>33105 dst>fd10:43:100::2/26030 
06:15:18.157838 SHUTDOWN flow>6966 srcPort>43189 dst>fd10:43:100::2/25766 
06:15:18.165234 OFF flow>6958 srcPort>44219 dst>fd10:43:100::2/25758 
06:15:18.209567 SHUTDOWN flow>6974 srcPort>38019 dst>fd10:43:100::2/25774 
06:15:18.263922 OFF flow>6966 srcPort>43189 dst>fd10:43:100::2/25766 
06:15:18.283704 ON flow>7238 srcPort>43513 dst>fd10:43:100::2/26038 
06:15:18.301329 SHUTDOWN flow>6982 srcPort>38925 dst>fd10:43:100::2/25782 
06:15:18.314478 OFF flow>6974 srcPort>38019 dst>fd10:43:100::2/25774 
06:15:18.397413 CONNECT flow>7238 srcPort>43513 dst>fd10:43:100::2/26038 
06:15:18.415632 SHUTDOWN flow>6990 srcPort>33801 dst>fd10:43:100::2/25790 
06:15:18.480415 ON flow>7246 srcPort>42417 dst>fd10:43:100::2/26046 
06:15:18.540850 SHUTDOWN flow>6998 srcPort>44791 dst>fd10:43:100::2/25798 
06:15:18.556572 OFF flow>6982 srcPort>38925 dst>fd10:43:100::2/25782 
06:15:18.583920 CONNECT flow>7246 srcPort>42417 dst>fd10:43:100::2/26046 
06:15:18.638068 OFF flow>6990 srcPort>33801 dst>fd10:43:100::2/25790 
06:15:18.652319 ON flow>7254 srcPort>36259 dst>fd10:43:100::2/26054 
06:15:18.677529 SHUTDOWN flow>7006 srcPort>44849 dst>fd10:43:100::2/25806 
06:15:18.753494 CONNECT flow>7254 srcPort>36259 dst>fd10:43:100::2/26054 
06:15:18.757858 SHUTDOWN flow>7014 srcPort>34697 dst>fd10:43:100::2/25814 
06:15:18.781553 SHUTDOWN flow>7022 srcPort>42571 dst>fd10:43:100::2/25822 
06:15:18.781908 ON flow>7262 srcPort>38121 dst>fd10:43:100::2/26062 
06:15:18.817869 SHUTDOWN flow>7030 srcPort>46847 dst>fd10:43:100::2/25830 
06:15:18.819869 OFF flow>6998 srcPort>44791 dst>fd10:43:100::2/25798 
06:15:18.820440 OFF flow>7006 srcPort>44849 dst>fd10:43:100::2/25806 
06:15:18.841899 ON flow>7270 srcPort>39959 dst>fd10:43:100::2/26070 
06:15:18.891485 SHUTDOWN flow>7038 srcPort>41187 dst>fd10:43:100::2/25838 
06:15:18.895353 CONNECT flow>7262 srcPort>38121 dst>fd10:43:100::2/26062 
06:15:18.897977 ON flow>7278 srcPort>43127 dst>fd10:43:100::2/26078 
06:15:18.936193 CONNECT flow>7270 srcPort>39959 dst>fd10:43:100::2/26070 
06:15:18.973722 ON flow>7286 srcPort>44915 dst>fd10:43:100::2/26086 
06:15:18.994233 CONNECT flow>7278 srcPort>43127 dst>fd10:43:100::2/26078 
06:15:19.026405 ON flow>7294 srcPort>35869 dst>fd10:43:100::2/26094 
06:15:19.068724 CONNECT flow>7286 srcPort>44915 dst>fd10:43:100::2/26086 
06:15:19.103265 ON flow>7302 srcPort>42683 dst>fd10:43:100::2/26102 
06:15:19.134219 CONNECT flow>7294 srcPort>35869 dst>fd10:43:100::2/26094 
06:15:19.159652 OFF flow>7038 srcPort>41187 dst>fd10:43:100::2/25838 
06:15:19.187985 OFF flow>7014 srcPort>34697 dst>fd10:43:100::2/25814 
06:15:19.202893 CONNECT flow>7302 srcPort>42683 dst>fd10:43:100::2/26102 
06:15:19.229743 OFF flow>7022 srcPort>42571 dst>fd10:43:100::2/25822 
06:15:19.264291 SHUTDOWN flow>7046 srcPort>35355 dst>fd10:43:100::2/25846 
06:15:19.264592 ON flow>7310 srcPort>41373 dst>fd10:43:100::2/26110 
06:15:19.309070 SHUTDOWN flow>7054 srcPort>36895 dst>fd10:43:100::2/25854 
06:15:19.335788 ON flow>7318 srcPort>38325 dst>fd10:43:100::2/26118 
06:15:19.372573 CONNECT flow>7310 srcPort>41373 dst>fd10:43:100::2/26110 
06:15:19.421725 ON flow>7326 srcPort>40123 dst>fd10:43:100::2/26126 
06:15:19.444189 CONNECT flow>7318 srcPort>38325 dst>fd10:43:100::2/26118 
06:15:19.473265 OFF flow>7054 srcPort>36895 dst>fd10:43:100::2/25854 
06:15:19.531677 CONNECT flow>7326 srcPort>40123 dst>fd10:43:100::2/26126 
06:15:19.572609 SHUTDOWN flow>7062 srcPort>35175 dst>fd10:43:100::2/25862 
06:15:19.646923 ON flow>7334 srcPort>36841 dst>fd10:43:100::2/26134 
06:15:19.701173 OFF flow>7030 srcPort>46847 dst>fd10:43:100::2/25830 
06:15:19.704493 OFF flow>7062 srcPort>35175 dst>fd10:43:100::2/25862 
06:15:19.750774 CONNECT flow>7334 srcPort>36841 dst>fd10:43:100::2/26134 
06:15:19.802443 SHUTDOWN flow>7070 srcPort>32897 dst>fd10:43:100::2/25870 
06:15:20.036315 ON flow>7342 srcPort>34611 dst>fd10:43:100::2/26142 
06:15:20.154903 CONNECT flow>7342 srcPort>34611 dst>fd10:43:100::2/26142 
06:15:20.255778 SHUTDOWN flow>7078 srcPort>36207 dst>fd10:43:100::2/25878 
06:15:20.272721 SHUTDOWN flow>7086 srcPort>37709 dst>fd10:43:100::2/25886 
06:15:20.291633 ON flow>7350 srcPort>39705 dst>fd10:43:100::2/26150 
06:15:20.390921 CONNECT flow>7350 srcPort>39705 dst>fd10:43:100::2/26150 
06:15:20.404695 SHUTDOWN flow>7094 srcPort>36737 dst>fd10:43:100::2/25894 
06:15:20.430938 OFF flow>7086 srcPort>37709 dst>fd10:43:100::2/25886 
06:15:20.443959 ON flow>7358 srcPort>44943 dst>fd10:43:100::2/26158 
06:15:20.530554 OFF flow>7046 srcPort>35355 dst>fd10:43:100::2/25846 
06:15:20.543516 CONNECT flow>7358 srcPort>44943 dst>fd10:43:100::2/26158 
06:15:20.554319 ON flow>7366 srcPort>40923 dst>fd10:43:100::2/26166 
06:15:20.659309 CONNECT flow>7366 srcPort>40923 dst>fd10:43:100::2/26166 
06:15:20.691820 SHUTDOWN flow>7110 srcPort>44041 dst>fd10:43:100::2/25910 
06:15:20.699933 ON flow>7374 srcPort>40653 dst>fd10:43:100::2/26174 
06:15:20.748627 SHUTDOWN flow>7102 srcPort>39803 dst>fd10:43:100::2/25902 
06:15:20.805978 CONNECT flow>7374 srcPort>40653 dst>fd10:43:100::2/26174 
06:15:20.826472 SHUTDOWN flow>7118 srcPort>39473 dst>fd10:43:100::2/25918 
06:15:20.922494 OFF flow>7078 srcPort>36207 dst>fd10:43:100::2/25878 
06:15:20.955043 ON flow>7382 srcPort>45099 dst>fd10:43:100::2/26182 
06:15:21.059186 CONNECT flow>7382 srcPort>45099 dst>fd10:43:100::2/26182 
06:15:21.074803 SHUTDOWN flow>7126 srcPort>40403 dst>fd10:43:100::2/25926 
06:15:21.135146 OFF flow>7118 srcPort>39473 dst>fd10:43:100::2/25918 
06:15:21.197115 ON flow>7390 srcPort>39949 dst>fd10:43:100::2/26190 
06:15:21.253372 OFF flow>7070 srcPort>32897 dst>fd10:43:100::2/25870 
06:15:21.271287 OFF flow>7094 srcPort>36737 dst>fd10:43:100::2/25894 
06:15:21.284182 OFF flow>7126 srcPort>40403 dst>fd10:43:100::2/25926 
06:15:21.294939 CONNECT flow>7390 srcPort>39949 dst>fd10:43:100::2/26190 
06:15:21.362714 SHUTDOWN flow>7150 srcPort>33429 dst>fd10:43:100::2/25950 
06:15:21.413126 ON flow>7398 srcPort>41461 dst>fd10:43:100::2/26198 
06:15:21.511519 CONNECT flow>7398 srcPort>41461 dst>fd10:43:100::2/26198 
06:15:21.573011 SHUTDOWN flow>7158 srcPort>37787 dst>fd10:43:100::2/25958 
06:15:21.668610 SHUTDOWN flow>7142 srcPort>35543 dst>fd10:43:100::2/25942 
06:15:21.680027 SHUTDOWN flow>7166 srcPort>37765 dst>fd10:43:100::2/25966 
06:15:21.719736 ON flow>7406 srcPort>38145 dst>fd10:43:100::2/26206 
06:15:21.760604 SHUTDOWN flow>7134 srcPort>34071 dst>fd10:43:100::2/25934 
06:15:21.783364 OFF flow>7166 srcPort>37765 dst>fd10:43:100::2/25966 
06:15:21.823838 CONNECT flow>7406 srcPort>38145 dst>fd10:43:100::2/26206 
06:15:21.846569 SHUTDOWN flow>7174 srcPort>41817 dst>fd10:43:100::2/25974 
06:15:21.863294 OFF flow>7110 srcPort>44041 dst>fd10:43:100::2/25910 
06:15:21.931429 OFF flow>7102 srcPort>39803 dst>fd10:43:100::2/25902 
06:15:21.980283 OFF flow>7174 srcPort>41817 dst>fd10:43:100::2/25974 
06:15:22.000954 SHUTDOWN flow>7182 srcPort>40179 dst>fd10:43:100::2/25982 
06:15:22.006908 OFF flow>7150 srcPort>33429 dst>fd10:43:100::2/25950 
06:15:22.080059 ON flow>7414 srcPort>39365 dst>fd10:43:100::2/26214 
06:15:22.141175 SHUTDOWN flow>7190 srcPort>39359 dst>fd10:43:100::2/25990 
06:15:22.141572 ON flow>7422 srcPort>46737 dst>fd10:43:100::2/26222 
06:15:22.175186 CONNECT flow>7414 srcPort>39365 dst>fd10:43:100::2/26214 
06:15:22.233316 CONNECT flow>7422 srcPort>46737 dst>fd10:43:100::2/26222 
06:15:22.263315 ON flow>7430 srcPort>43971 dst>fd10:43:100::2/26230 
06:15:22.273067 SHUTDOWN flow>7198 srcPort>34527 dst>fd10:43:100::2/25998 
06:15:22.319013 OFF flow>7158 srcPort>37787 dst>fd10:43:100::2/25958 
06:15:22.347446 CONNECT flow>7430 srcPort>43971 dst>fd10:43:100::2/26230 
06:15:22.352113 ON flow>7438 srcPort>46401 dst>fd10:43:100::2/26238 
06:15:22.398759 SHUTDOWN flow>7206 srcPort>39903 dst>fd10:43:100::2/26006 
06:15:22.412728 ON flow>7446 srcPort>36133 dst>fd10:43:100::2/26246 
06:15:22.424009 OFF flow>7198 srcPort>34527 dst>fd10:43:100::2/25998 
06:15:22.432320 CONNECT flow>7438 srcPort>46401 dst>fd10:43:100::2/26238 
06:15:22.450170 SHUTDOWN flow>7214 srcPort>32971 dst>fd10:43:100::2/26014 
06:15:22.479143 OFF flow>7206 srcPort>39903 dst>fd10:43:100::2/26006 
06:15:22.490837 CONNECT flow>7446 srcPort>36133 dst>fd10:43:100::2/26246 
06:15:22.512956 OFF flow>7182 srcPort>40179 dst>fd10:43:100::2/25982 
06:15:22.539458 ON flow>7454 srcPort>33035 dst>fd10:43:100::2/26254 
06:15:22.618326 CONNECT flow>7454 srcPort>33035 dst>fd10:43:100::2/26254 
06:15:22.655791 SHUTDOWN flow>7222 srcPort>33237 dst>fd10:43:100::2/26022 
06:15:22.718982 ON flow>7462 srcPort>35051 dst>fd10:43:100::2/26262 
06:15:22.734781 OFF flow>7222 srcPort>33237 dst>fd10:43:100::2/26022 
06:15:22.796412 CONNECT flow>7462 srcPort>35051 dst>fd10:43:100::2/26262 
06:15:22.839069 SHUTDOWN flow>7230 srcPort>33105 dst>fd10:43:100::2/26030 
06:15:22.863594 OFF flow>7134 srcPort>34071 dst>fd10:43:100::2/25934 
06:15:22.870140 ON flow>7470 srcPort>36789 dst>fd10:43:100::2/26270 
06:15:22.899741 OFF flow>7190 srcPort>39359 dst>fd10:43:100::2/25990 
06:15:22.944024 CONNECT flow>7470 srcPort>36789 dst>fd10:43:100::2/26270 
06:15:22.964204 OFF flow>7142 srcPort>35543 dst>fd10:43:100::2/25942 
06:15:23.003311 ON flow>7478 srcPort>43177 dst>fd10:43:100::2/26278 
06:15:23.072460 CONNECT flow>7478 srcPort>43177 dst>fd10:43:100::2/26278 
06:15:23.083795 SHUTDOWN flow>7238 srcPort>43513 dst>fd10:43:100::2/26038 
06:15:23.098861 ON flow>7486 srcPort>34991 dst>fd10:43:100::2/26286 
06:15:23.141708 OFF flow>7214 srcPort>32971 dst>fd10:43:100::2/26014 
06:15:23.144784 OFF flow>7238 srcPort>43513 dst>fd10:43:100::2/26038 
06:15:23.147534 OFF flow>7230 srcPort>33105 dst>fd10:43:100::2/26030 
06:15:23.158218 CONNECT flow>7486 srcPort>34991 dst>fd10:43:100::2/26286 
06:15:23.200411 ON flow>7494 srcPort>46773 dst>fd10:43:100::2/26294 
06:15:23.248227 CONNECT flow>7494 srcPort>46773 dst>fd10:43:100::2/26294 
06:15:23.280271 SHUTDOWN flow>7246 srcPort>42417 dst>fd10:43:100::2/26046 
06:15:23.305829 ON flow>7502 srcPort>36135 dst>fd10:43:100::2/26302 
06:15:23.324937 OFF flow>7246 srcPort>42417 dst>fd10:43:100::2/26046 
06:15:23.347949 CONNECT flow>7502 srcPort>36135 dst>fd10:43:100::2/26302 
06:15:23.437357 ON flow>7510 srcPort>43711 dst>fd10:43:100::2/26310 
06:15:23.452172 SHUTDOWN flow>7254 srcPort>36259 dst>fd10:43:100::2/26054 
06:15:23.480393 CONNECT flow>7510 srcPort>43711 dst>fd10:43:100::2/26310 
06:15:23.487156 ON flow>7518 srcPort>33165 dst>fd10:43:100::2/26318 
06:15:23.496395 OFF flow>7254 srcPort>36259 dst>fd10:43:100::2/26054 
06:15:23.527826 CONNECT flow>7518 srcPort>33165 dst>fd10:43:100::2/26318 
06:15:23.581676 SHUTDOWN flow>7262 srcPort>38121 dst>fd10:43:100::2/26062 
06:15:23.600779 ON flow>7526 srcPort>36159 dst>fd10:43:100::2/26326 
06:15:23.621006 OFF flow>7262 srcPort>38121 dst>fd10:43:100::2/26062 
06:15:23.639830 CONNECT flow>7526 srcPort>36159 dst>fd10:43:100::2/26326 
06:15:23.641695 SHUTDOWN flow>7270 srcPort>39959 dst>fd10:43:100::2/26070 
06:15:23.697466 SHUTDOWN flow>7278 srcPort>43127 dst>fd10:43:100::2/26078 
06:15:23.736165 OFF flow>7278 srcPort>43127 dst>fd10:43:100::2/26078 
06:15:23.773330 SHUTDOWN flow>7286 srcPort>44915 dst>fd10:43:100::2/26086 
06:15:23.811594 OFF flow>7286 srcPort>44915 dst>fd10:43:100::2/26086 
06:15:23.826272 SHUTDOWN flow>7294 srcPort>35869 dst>fd10:43:100::2/26094 
06:15:23.886179 OFF flow>7294 srcPort>35869 dst>fd10:43:100::2/26094 
06:15:23.895165 ON flow>7534 srcPort>41711 dst>fd10:43:100::2/26334 
06:15:23.903095 SHUTDOWN flow>7302 srcPort>42683 dst>fd10:43:100::2/26102 
06:15:23.929117 CONNECT flow>7534 srcPort>41711 dst>fd10:43:100::2/26334 
06:15:23.939169 OFF flow>7302 srcPort>42683 dst>fd10:43:100::2/26102 
06:15:23.942446 OFF flow>7270 srcPort>39959 dst>fd10:43:100::2/26070 
06:15:24.064378 SHUTDOWN flow>7310 srcPort>41373 dst>fd10:43:100::2/26110 
06:15:24.067867 ON flow>7542 srcPort>40811 dst>fd10:43:100::2/26342 
06:15:24.084979 OFF flow>7310 srcPort>41373 dst>fd10:43:100::2/26110 
06:15:24.086317 CONNECT flow>7542 srcPort>40811 dst>fd10:43:100::2/26342 
06:15:24.135270 SHUTDOWN flow>7318 srcPort>38325 dst>fd10:43:100::2/26118 
06:15:24.150909 OFF flow>7318 srcPort>38325 dst>fd10:43:100::2/26118 
06:15:24.221477 SHUTDOWN flow>7326 srcPort>40123 dst>fd10:43:100::2/26126 
06:15:24.222170 OFF flow>7326 srcPort>40123 dst>fd10:43:100::2/26126 
06:15:24.331810 ON flow>7550 srcPort>44241 dst>fd10:43:100::2/26350 
06:15:24.333168 CONNECT flow>7550 srcPort>44241 dst>fd10:43:100::2/26350 
06:15:24.446306 SHUTDOWN flow>7334 srcPort>36841 dst>fd10:43:100::2/26134 
06:15:24.447340 OFF flow>7334 srcPort>36841 dst>fd10:43:100::2/26134 
06:15:24.503070 ON flow>7558 srcPort>41531 dst>fd10:43:100::2/26358 
06:15:24.503495 CONNECT flow>7558 srcPort>41531 dst>fd10:43:100::2/26358 
06:15:24.569770 ON flow>7566 srcPort>42355 dst>fd10:43:100::2/26366 
06:15:24.570098 CONNECT flow>7566 srcPort>42355 dst>fd10:43:100::2/26366 
06:15:24.643386 ON flow>7574 srcPort>46213 dst>fd10:43:100::2/26374 
06:15:24.643630 CONNECT flow>7574 srcPort>46213 dst>fd10:43:100::2/26374 
06:15:24.773779 ON flow>7582 srcPort>37031 dst>fd10:43:100::2/26382 
06:15:24.774306 CONNECT flow>7582 srcPort>37031 dst>fd10:43:100::2/26382 
06:15:24.836035 SHUTDOWN flow>7342 srcPort>34611 dst>fd10:43:100::2/26142 
06:15:24.837612 OFF flow>7342 srcPort>34611 dst>fd10:43:100::2/26142 
06:15:24.961587 ON flow>7590 srcPort>37489 dst>fd10:43:100::2/26390 
06:15:24.962073 CONNECT flow>7590 srcPort>37489 dst>fd10:43:100::2/26390 
06:15:25.091425 SHUTDOWN flow>7350 srcPort>39705 dst>fd10:43:100::2/26150 
06:15:25.091800 OFF flow>7350 srcPort>39705 dst>fd10:43:100::2/26150 
06:15:25.162225 ON flow>7598 srcPort>34775 dst>fd10:43:100::2/26398 
06:15:25.162503 CONNECT flow>7598 srcPort>34775 dst>fd10:43:100::2/26398 
06:15:25.243823 SHUTDOWN flow>7358 srcPort>44943 dst>fd10:43:100::2/26158 
06:15:25.244331 OFF flow>7358 srcPort>44943 dst>fd10:43:100::2/26158 
06:15:25.291445 ON flow>7606 srcPort>39125 dst>fd10:43:100::2/26406 
06:15:25.291944 CONNECT flow>7606 srcPort>39125 dst>fd10:43:100::2/26406 
06:15:25.354123 SHUTDOWN flow>7366 srcPort>40923 dst>fd10:43:100::2/26166 
06:15:25.354427 OFF flow>7366 srcPort>40923 dst>fd10:43:100::2/26166 
06:15:25.434646 ON flow>7614 srcPort>34423 dst>fd10:43:100::2/26414 
06:15:25.435186 CONNECT flow>7614 srcPort>34423 dst>fd10:43:100::2/26414 
06:15:25.499724 SHUTDOWN flow>7374 srcPort>40653 dst>fd10:43:100::2/26174 
06:15:25.500162 OFF flow>7374 srcPort>40653 dst>fd10:43:100::2/26174 
06:15:25.692734 ON flow>7622 srcPort>46167 dst>fd10:43:100::2/26422 
06:15:25.692991 CONNECT flow>7622 srcPort>46167 dst>fd10:43:100::2/26422 
06:15:25.754783 SHUTDOWN flow>7382 srcPort>45099 dst>fd10:43:100::2/26182 
06:15:25.759443 OFF flow>7382 srcPort>45099 dst>fd10:43:100::2/26182 
06:15:25.794658 ON flow>7630 srcPort>34675 dst>fd10:43:100::2/26430 
06:15:25.796107 CONNECT flow>7630 srcPort>34675 dst>fd10:43:100::2/26430 
06:15:25.962102 ON flow>7638 srcPort>39471 dst>fd10:43:100::2/26438 
06:15:25.962520 CONNECT flow>7638 srcPort>39471 dst>fd10:43:100::2/26438 
06:15:25.997004 SHUTDOWN flow>7390 srcPort>39949 dst>fd10:43:100::2/26190 
06:15:25.998365 OFF flow>7390 srcPort>39949 dst>fd10:43:100::2/26190 
06:15:26.212797 SHUTDOWN flow>7398 srcPort>41461 dst>fd10:43:100::2/26198 
06:15:26.215895 ON flow>7646 srcPort>37959 dst>fd10:43:100::2/26446 
06:15:26.221855 OFF flow>7398 srcPort>41461 dst>fd10:43:100::2/26198 
06:15:26.222813 CONNECT flow>7646 srcPort>37959 dst>fd10:43:100::2/26446 
06:15:26.321081 ON flow>7654 srcPort>42825 dst>fd10:43:100::2/26454 
06:15:26.321407 CONNECT flow>7654 srcPort>42825 dst>fd10:43:100::2/26454 
06:15:26.465685 ON flow>7662 srcPort>43283 dst>fd10:43:100::2/26462 
06:15:26.466639 CONNECT flow>7662 srcPort>43283 dst>fd10:43:100::2/26462 
06:15:26.519587 SHUTDOWN flow>7406 srcPort>38145 dst>fd10:43:100::2/26206 
06:15:26.520397 OFF flow>7406 srcPort>38145 dst>fd10:43:100::2/26206 
06:15:26.572073 ON flow>7670 srcPort>35915 dst>fd10:43:100::2/26470 
06:15:26.574090 CONNECT flow>7670 srcPort>35915 dst>fd10:43:100::2/26470 
06:15:26.687076 ON flow>7678 srcPort>39715 dst>fd10:43:100::2/26478 
06:15:26.687317 CONNECT flow>7678 srcPort>39715 dst>fd10:43:100::2/26478 
06:15:26.797979 ON flow>7686 srcPort>38899 dst>fd10:43:100::2/26486 
06:15:26.809814 CONNECT flow>7686 srcPort>38899 dst>fd10:43:100::2/26486 
06:15:26.879867 SHUTDOWN flow>7414 srcPort>39365 dst>fd10:43:100::2/26214 
06:15:26.886950 OFF flow>7414 srcPort>39365 dst>fd10:43:100::2/26214 
06:15:26.941277 SHUTDOWN flow>7422 srcPort>46737 dst>fd10:43:100::2/26222 
06:15:26.942784 OFF flow>7422 srcPort>46737 dst>fd10:43:100::2/26222 
06:15:27.063145 SHUTDOWN flow>7430 srcPort>43971 dst>fd10:43:100::2/26230 
06:15:27.063920 OFF flow>7430 srcPort>43971 dst>fd10:43:100::2/26230 
06:15:27.151828 SHUTDOWN flow>7438 srcPort>46401 dst>fd10:43:100::2/26238 
06:15:27.152887 OFF flow>7438 srcPort>46401 dst>fd10:43:100::2/26238 
06:15:27.212642 SHUTDOWN flow>7446 srcPort>36133 dst>fd10:43:100::2/26246 
06:15:27.213140 OFF flow>7446 srcPort>36133 dst>fd10:43:100::2/26246 
06:15:27.339281 SHUTDOWN flow>7454 srcPort>33035 dst>fd10:43:100::2/26254 
06:15:27.340074 OFF flow>7454 srcPort>33035 dst>fd10:43:100::2/26254 
06:15:27.518808 SHUTDOWN flow>7462 srcPort>35051 dst>fd10:43:100::2/26262 
06:15:27.520179 OFF flow>7462 srcPort>35051 dst>fd10:43:100::2/26262 
06:15:27.669877 SHUTDOWN flow>7470 srcPort>36789 dst>fd10:43:100::2/26270 
06:15:27.670453 OFF flow>7470 srcPort>36789 dst>fd10:43:100::2/26270 
06:15:27.803073 SHUTDOWN flow>7478 srcPort>43177 dst>fd10:43:100::2/26278 
06:15:27.803771 OFF flow>7478 srcPort>43177 dst>fd10:43:100::2/26278 
06:15:27.898576 SHUTDOWN flow>7486 srcPort>34991 dst>fd10:43:100::2/26286 
06:15:27.898908 OFF flow>7486 srcPort>34991 dst>fd10:43:100::2/26286 
06:15:28.000169 SHUTDOWN flow>7494 srcPort>46773 dst>fd10:43:100::2/26294 
06:15:28.000501 OFF flow>7494 srcPort>46773 dst>fd10:43:100::2/26294 
06:15:28.105685 SHUTDOWN flow>7502 srcPort>36135 dst>fd10:43:100::2/26302 
06:15:28.106167 OFF flow>7502 srcPort>36135 dst>fd10:43:100::2/26302 
06:15:28.237171 SHUTDOWN flow>7510 srcPort>43711 dst>fd10:43:100::2/26310 
06:15:28.237634 OFF flow>7510 srcPort>43711 dst>fd10:43:100::2/26310 
06:15:28.286970 SHUTDOWN flow>7518 srcPort>33165 dst>fd10:43:100::2/26318 
06:15:28.288110 OFF flow>7518 srcPort>33165 dst>fd10:43:100::2/26318 
06:15:28.400579 SHUTDOWN flow>7526 srcPort>36159 dst>fd10:43:100::2/26326 
06:15:28.400918 OFF flow>7526 srcPort>36159 dst>fd10:43:100::2/26326 
06:15:28.694875 SHUTDOWN flow>7534 srcPort>41711 dst>fd10:43:100::2/26334 
06:15:28.695380 OFF flow>7534 srcPort>41711 dst>fd10:43:100::2/26334 
06:15:28.867665 SHUTDOWN flow>7542 srcPort>40811 dst>fd10:43:100::2/26342 
06:15:28.868053 OFF flow>7542 srcPort>40811 dst>fd10:43:100::2/26342 
06:15:29.131577 SHUTDOWN flow>7550 srcPort>44241 dst>fd10:43:100::2/26350 
06:15:29.131985 OFF flow>7550 srcPort>44241 dst>fd10:43:100::2/26350 
06:15:29.302778 SHUTDOWN flow>7558 srcPort>41531 dst>fd10:43:100::2/26358 
06:15:29.303108 OFF flow>7558 srcPort>41531 dst>fd10:43:100::2/26358 
06:15:29.369573 SHUTDOWN flow>7566 srcPort>42355 dst>fd10:43:100::2/26366 
06:15:29.370056 OFF flow>7566 srcPort>42355 dst>fd10:43:100::2/26366 
06:15:29.443075 SHUTDOWN flow>7574 srcPort>46213 dst>fd10:43:100::2/26374 
06:15:29.443407 OFF flow>7574 srcPort>46213 dst>fd10:43:100::2/26374 
06:15:29.573269 SHUTDOWN flow>7582 srcPort>37031 dst>fd10:43:100::2/26382 
06:15:29.573553 OFF flow>7582 srcPort>37031 dst>fd10:43:100::2/26382 
06:15:29.761381 SHUTDOWN flow>7590 srcPort>37489 dst>fd10:43:100::2/26390 
06:15:29.761684 OFF flow>7590 srcPort>37489 dst>fd10:43:100::2/26390 
06:15:29.961883 SHUTDOWN flow>7598 srcPort>34775 dst>fd10:43:100::2/26398 
06:15:29.962403 OFF flow>7598 srcPort>34775 dst>fd10:43:100::2/26398 
06:15:30.091185 SHUTDOWN flow>7606 srcPort>39125 dst>fd10:43:100::2/26406 
06:15:30.091494 OFF flow>7606 srcPort>39125 dst>fd10:43:100::2/26406 
06:15:30.234385 SHUTDOWN flow>7614 srcPort>34423 dst>fd10:43:100::2/26414 
06:15:30.234667 OFF flow>7614 srcPort>34423 dst>fd10:43:100::2/26414 
06:15:30.492484 SHUTDOWN flow>7622 srcPort>46167 dst>fd10:43:100::2/26422 
06:15:30.492818 OFF flow>7622 srcPort>46167 dst>fd10:43:100::2/26422 
06:15:30.594586 SHUTDOWN flow>7630 srcPort>34675 dst>fd10:43:100::2/26430 
06:15:30.594850 OFF flow>7630 srcPort>34675 dst>fd10:43:100::2/26430 
06:15:30.761793 SHUTDOWN flow>7638 srcPort>39471 dst>fd10:43:100::2/26438 
06:15:30.762052 OFF flow>7638 srcPort>39471 dst>fd10:43:100::2/26438 
06:15:31.015621 SHUTDOWN flow>7646 srcPort>37959 dst>fd10:43:100::2/26446 
06:15:31.016018 OFF flow>7646 srcPort>37959 dst>fd10:43:100::2/26446 
06:15:31.120895 SHUTDOWN flow>7654 srcPort>42825 dst>fd10:43:100::2/26454 
06:15:31.121225 OFF flow>7654 srcPort>42825 dst>fd10:43:100::2/26454 
06:15:31.265594 SHUTDOWN flow>7662 srcPort>43283 dst>fd10:43:100::2/26462 
06:15:31.266021 OFF flow>7662 srcPort>43283 dst>fd10:43:100::2/26462 
06:15:31.371993 SHUTDOWN flow>7670 srcPort>35915 dst>fd10:43:100::2/26470 
06:15:31.372352 OFF flow>7670 srcPort>35915 dst>fd10:43:100::2/26470 
06:15:31.487004 SHUTDOWN flow>7678 srcPort>39715 dst>fd10:43:100::2/26478 
06:15:31.487359 OFF flow>7678 srcPort>39715 dst>fd10:43:100::2/26478 
06:15:31.597906 SHUTDOWN flow>7686 srcPort>38899 dst>fd10:43:100::2/26486 
06:15:31.598204 OFF flow>7686 srcPort>38899 dst>fd10:43:100::2/26486 
06:15:31.598267 STOP
