19:17:26.179961 START Mgen Version 5.1.1
19:17:26.180282 ON flow>4001 srcPort>41889 dst>fd10:23:100::2/20000 
19:17:26.181798 CONNECT flow>4001 srcPort>41889 dst>fd10:23:100::2/20000 
19:17:26.680140 ON flow>4002 srcPort>46781 dst>fd10:23:100::2/20001 
19:17:26.680608 CONNECT flow>4002 srcPort>46781 dst>fd10:23:100::2/20001 
19:17:27.180087 ON flow>4003 srcPort>45481 dst>fd10:23:100::2/20002 
19:17:27.180528 CONNECT flow>4003 srcPort>45481 dst>fd10:23:100::2/20002 
19:17:27.680092 ON flow>4004 srcPort>43653 dst>fd10:23:100::2/20003 
19:17:27.680656 CONNECT flow>4004 srcPort>43653 dst>fd10:23:100::2/20003 
19:17:32.489756 ON flow>4200 srcPort>42189 dst>fd10:23:100::2/21000 
19:17:32.490113 CONNECT flow>4200 srcPort>42189 dst>fd10:23:100::2/21000 
19:17:32.551798 ON flow>4201 srcPort>45455 dst>fd10:23:100::2/21001 
19:17:32.552158 CONNECT flow>4201 srcPort>45455 dst>fd10:23:100::2/21001 
19:17:32.704892 ON flow>4202 srcPort>41943 dst>fd10:23:100::2/21002 
19:17:32.705280 CONNECT flow>4202 srcPort>41943 dst>fd10:23:100::2/21002 
19:17:32.738872 ON flow>4203 srcPort>46183 dst>fd10:23:100::2/21003 
19:17:32.739266 CONNECT flow>4203 srcPort>46183 dst>fd10:23:100::2/21003 
19:17:34.192616 ON flow>4204 srcPort>39031 dst>fd10:23:100::2/21004 
19:17:34.193006 CONNECT flow>4204 srcPort>39031 dst>fd10:23:100::2/21004 
19:17:34.261521 ON flow>4205 srcPort>40049 dst>fd10:23:100::2/21005 
19:17:34.261939 CONNECT flow>4205 srcPort>40049 dst>fd10:23:100::2/21005 
19:17:34.473940 ON flow>4206 srcPort>45229 dst>fd10:23:100::2/21006 
19:17:34.474307 CONNECT flow>4206 srcPort>45229 dst>fd10:23:100::2/21006 
19:17:34.494981 ON flow>4207 srcPort>42371 dst>fd10:23:100::2/21007 
19:17:34.495326 CONNECT flow>4207 srcPort>42371 dst>fd10:23:100::2/21007 
19:17:34.805302 ON flow>4208 srcPort>42589 dst>fd10:23:100::2/21008 
19:17:34.805862 CONNECT flow>4208 srcPort>42589 dst>fd10:23:100::2/21008 
19:17:34.865396 ON flow>4209 srcPort>39709 dst>fd10:23:100::2/21009 
19:17:34.865840 CONNECT flow>4209 srcPort>39709 dst>fd10:23:100::2/21009 
19:17:34.924519 ON flow>4210 srcPort>39231 dst>fd10:23:100::2/21010 
19:17:34.924908 CONNECT flow>4210 srcPort>39231 dst>fd10:23:100::2/21010 
19:17:35.008924 ON flow>4211 srcPort>38541 dst>fd10:23:100::2/21011 
19:17:35.009261 CONNECT flow>4211 srcPort>38541 dst>fd10:23:100::2/21011 
19:17:35.038582 ON flow>4212 srcPort>35943 dst>fd10:23:100::2/21012 
19:17:35.038992 CONNECT flow>4212 srcPort>35943 dst>fd10:23:100::2/21012 
19:17:35.236067 ON flow>4213 srcPort>37047 dst>fd10:23:100::2/21013 
19:17:35.236494 CONNECT flow>4213 srcPort>37047 dst>fd10:23:100::2/21013 
19:17:35.285238 ON flow>4214 srcPort>44025 dst>fd10:23:100::2/21014 
19:17:35.285639 CONNECT flow>4214 srcPort>44025 dst>fd10:23:100::2/21014 
19:17:35.295433 ON flow>4215 srcPort>39305 dst>fd10:23:100::2/21015 
19:17:35.295803 CONNECT flow>4215 srcPort>39305 dst>fd10:23:100::2/21015 
19:17:35.447349 ON flow>4216 srcPort>44623 dst>fd10:23:100::2/21016 
19:17:35.447693 CONNECT flow>4216 srcPort>44623 dst>fd10:23:100::2/21016 
19:17:35.677555 ON flow>4217 srcPort>41929 dst>fd10:23:100::2/21017 
19:17:35.677957 CONNECT flow>4217 srcPort>41929 dst>fd10:23:100::2/21017 
19:17:35.681151 ON flow>4218 srcPort>35853 dst>fd10:23:100::2/21018 
19:17:35.681446 CONNECT flow>4218 srcPort>35853 dst>fd10:23:100::2/21018 
19:17:35.891949 ON flow>4219 srcPort>43841 dst>fd10:23:100::2/21019 
19:17:35.892262 CONNECT flow>4219 srcPort>43841 dst>fd10:23:100::2/21019 
19:17:35.904637 ON flow>4220 srcPort>39791 dst>fd10:23:100::2/21020 
19:17:35.905039 CONNECT flow>4220 srcPort>39791 dst>fd10:23:100::2/21020 
19:17:37.289332 SHUTDOWN flow>4200 srcPort>42189 dst>fd10:23:100::2/21000 
19:17:37.289905 OFF flow>4200 srcPort>42189 dst>fd10:23:100::2/21000 
19:17:37.351737 SHUTDOWN flow>4201 srcPort>45455 dst>fd10:23:100::2/21001 
19:17:37.352250 OFF flow>4201 srcPort>45455 dst>fd10:23:100::2/21001 
19:17:37.504830 SHUTDOWN flow>4202 srcPort>41943 dst>fd10:23:100::2/21002 
19:17:37.505443 OFF flow>4202 srcPort>41943 dst>fd10:23:100::2/21002 
19:17:37.538828 SHUTDOWN flow>4203 srcPort>46183 dst>fd10:23:100::2/21003 
19:17:37.539370 OFF flow>4203 srcPort>46183 dst>fd10:23:100::2/21003 
19:17:38.847197 ON flow>4221 srcPort>45783 dst>fd10:23:100::2/21021 
19:17:38.847614 CONNECT flow>4221 srcPort>45783 dst>fd10:23:100::2/21021 
19:17:38.857846 ON flow>4222 srcPort>37367 dst>fd10:23:100::2/21022 
19:17:38.858605 CONNECT flow>4222 srcPort>37367 dst>fd10:23:100::2/21022 
19:17:38.894461 ON flow>4223 srcPort>35919 dst>fd10:23:100::2/21023 
19:17:38.894960 CONNECT flow>4223 srcPort>35919 dst>fd10:23:100::2/21023 
19:17:38.905496 ON flow>4224 srcPort>42971 dst>fd10:23:100::2/21024 
19:17:38.906093 CONNECT flow>4224 srcPort>42971 dst>fd10:23:100::2/21024 
19:17:38.947360 ON flow>4225 srcPort>34163 dst>fd10:23:100::2/21025 
19:17:38.947811 CONNECT flow>4225 srcPort>34163 dst>fd10:23:100::2/21025 
19:17:38.956645 ON flow>4226 srcPort>36009 dst>fd10:23:100::2/21026 
19:17:38.957000 CONNECT flow>4226 srcPort>36009 dst>fd10:23:100::2/21026 
19:17:38.992525 SHUTDOWN flow>4204 srcPort>39031 dst>fd10:23:100::2/21004 
19:17:38.992912 OFF flow>4204 srcPort>39031 dst>fd10:23:100::2/21004 
19:17:38.997449 ON flow>4227 srcPort>38161 dst>fd10:23:100::2/21027 
19:17:38.997776 CONNECT flow>4227 srcPort>38161 dst>fd10:23:100::2/21027 
19:17:39.001535 ON flow>4228 srcPort>36193 dst>fd10:23:100::2/21028 
19:17:39.001890 CONNECT flow>4228 srcPort>36193 dst>fd10:23:100::2/21028 
19:17:39.053440 ON flow>4229 srcPort>37603 dst>fd10:23:100::2/21029 
19:17:39.053845 CONNECT flow>4229 srcPort>37603 dst>fd10:23:100::2/21029 
19:17:39.061437 SHUTDOWN flow>4205 srcPort>40049 dst>fd10:23:100::2/21005 
19:17:39.062023 OFF flow>4205 srcPort>40049 dst>fd10:23:100::2/21005 
19:17:39.259217 ON flow>4230 srcPort>35975 dst>fd10:23:100::2/21030 
19:17:39.259574 CONNECT flow>4230 srcPort>35975 dst>fd10:23:100::2/21030 
19:17:39.273858 SHUTDOWN flow>4206 srcPort>45229 dst>fd10:23:100::2/21006 
19:17:39.274313 OFF flow>4206 srcPort>45229 dst>fd10:23:100::2/21006 
19:17:39.294932 SHUTDOWN flow>4207 srcPort>42371 dst>fd10:23:100::2/21007 
19:17:39.295479 OFF flow>4207 srcPort>42371 dst>fd10:23:100::2/21007 
19:17:39.605226 SHUTDOWN flow>4208 srcPort>42589 dst>fd10:23:100::2/21008 
19:17:39.605928 OFF flow>4208 srcPort>42589 dst>fd10:23:100::2/21008 
19:17:39.665341 SHUTDOWN flow>4209 srcPort>39709 dst>fd10:23:100::2/21009 
19:17:39.665851 OFF flow>4209 srcPort>39709 dst>fd10:23:100::2/21009 
19:17:39.724444 SHUTDOWN flow>4210 srcPort>39231 dst>fd10:23:100::2/21010 
19:17:39.724886 OFF flow>4210 srcPort>39231 dst>fd10:23:100::2/21010 
19:17:39.808831 SHUTDOWN flow>4211 srcPort>38541 dst>fd10:23:100::2/21011 
19:17:39.809311 OFF flow>4211 srcPort>38541 dst>fd10:23:100::2/21011 
19:17:39.838548 SHUTDOWN flow>4212 srcPort>35943 dst>fd10:23:100::2/21012 
19:17:39.839024 OFF flow>4212 srcPort>35943 dst>fd10:23:100::2/21012 
19:17:40.035932 SHUTDOWN flow>4213 srcPort>37047 dst>fd10:23:100::2/21013 
19:17:40.036527 OFF flow>4213 srcPort>37047 dst>fd10:23:100::2/21013 
19:17:40.085211 SHUTDOWN flow>4214 srcPort>44025 dst>fd10:23:100::2/21014 
19:17:40.085676 OFF flow>4214 srcPort>44025 dst>fd10:23:100::2/21014 
19:17:40.095398 SHUTDOWN flow>4215 srcPort>39305 dst>fd10:23:100::2/21015 
19:17:40.095825 OFF flow>4215 srcPort>39305 dst>fd10:23:100::2/21015 
19:17:40.247293 SHUTDOWN flow>4216 srcPort>44623 dst>fd10:23:100::2/21016 
19:17:40.248172 OFF flow>4216 srcPort>44623 dst>fd10:23:100::2/21016 
19:17:40.477506 SHUTDOWN flow>4217 srcPort>41929 dst>fd10:23:100::2/21017 
19:17:40.478035 OFF flow>4217 srcPort>41929 dst>fd10:23:100::2/21017 
19:17:40.481103 SHUTDOWN flow>4218 srcPort>35853 dst>fd10:23:100::2/21018 
19:17:40.481598 OFF flow>4218 srcPort>35853 dst>fd10:23:100::2/21018 
19:17:40.691967 SHUTDOWN flow>4219 srcPort>43841 dst>fd10:23:100::2/21019 
19:17:40.692478 OFF flow>4219 srcPort>43841 dst>fd10:23:100::2/21019 
19:17:40.704605 SHUTDOWN flow>4220 srcPort>39791 dst>fd10:23:100::2/21020 
19:17:40.705033 OFF flow>4220 srcPort>39791 dst>fd10:23:100::2/21020 
19:17:41.156656 ON flow>4231 srcPort>39847 dst>fd10:23:100::2/21031 
19:17:41.157216 CONNECT flow>4231 srcPort>39847 dst>fd10:23:100::2/21031 
19:17:41.324526 ON flow>4232 srcPort>36315 dst>fd10:23:100::2/21032 
19:17:41.324924 CONNECT flow>4232 srcPort>36315 dst>fd10:23:100::2/21032 
19:17:41.515406 ON flow>4233 srcPort>39873 dst>fd10:23:100::2/21033 
19:17:41.515820 CONNECT flow>4233 srcPort>39873 dst>fd10:23:100::2/21033 
19:17:41.535181 ON flow>4234 srcPort>43265 dst>fd10:23:100::2/21034 
19:17:41.535624 CONNECT flow>4234 srcPort>43265 dst>fd10:23:100::2/21034 
19:17:41.551532 ON flow>4235 srcPort>40939 dst>fd10:23:100::2/21035 
19:17:41.551914 CONNECT flow>4235 srcPort>40939 dst>fd10:23:100::2/21035 
19:17:41.592477 ON flow>4236 srcPort>44145 dst>fd10:23:100::2/21036 
19:17:41.592844 CONNECT flow>4236 srcPort>44145 dst>fd10:23:100::2/21036 
19:17:41.597153 ON flow>4237 srcPort>44741 dst>fd10:23:100::2/21037 
19:17:41.597537 CONNECT flow>4237 srcPort>44741 dst>fd10:23:100::2/21037 
19:17:41.656237 ON flow>4238 srcPort>42645 dst>fd10:23:100::2/21038 
19:17:41.656697 CONNECT flow>4238 srcPort>42645 dst>fd10:23:100::2/21038 
19:17:41.777100 ON flow>4239 srcPort>45367 dst>fd10:23:100::2/21039 
19:17:41.777566 CONNECT flow>4239 srcPort>45367 dst>fd10:23:100::2/21039 
19:17:41.796446 ON flow>4240 srcPort>46013 dst>fd10:23:100::2/21040 
19:17:41.796918 CONNECT flow>4240 srcPort>46013 dst>fd10:23:100::2/21040 
19:17:41.849644 ON flow>4241 srcPort>38675 dst>fd10:23:100::2/21041 
19:17:41.850211 CONNECT flow>4241 srcPort>38675 dst>fd10:23:100::2/21041 
19:17:41.861878 ON flow>4242 srcPort>39399 dst>fd10:23:100::2/21042 
19:17:41.862226 CONNECT flow>4242 srcPort>39399 dst>fd10:23:100::2/21042 
19:17:41.915379 ON flow>4243 srcPort>41417 dst>fd10:23:100::2/21043 
19:17:41.915762 CONNECT flow>4243 srcPort>41417 dst>fd10:23:100::2/21043 
19:17:43.485494 ON flow>4244 srcPort>37069 dst>fd10:23:100::2/21044 
19:17:43.485920 CONNECT flow>4244 srcPort>37069 dst>fd10:23:100::2/21044 
19:17:43.647096 SHUTDOWN flow>4221 srcPort>45783 dst>fd10:23:100::2/21021 
19:17:43.647563 OFF flow>4221 srcPort>45783 dst>fd10:23:100::2/21021 
19:17:43.657792 SHUTDOWN flow>4222 srcPort>37367 dst>fd10:23:100::2/21022 
19:17:43.658220 OFF flow>4222 srcPort>37367 dst>fd10:23:100::2/21022 
19:17:43.689973 ON flow>4245 srcPort>43069 dst>fd10:23:100::2/21045 
19:17:43.690326 CONNECT flow>4245 srcPort>43069 dst>fd10:23:100::2/21045 
19:17:43.694469 SHUTDOWN flow>4223 srcPort>35919 dst>fd10:23:100::2/21023 
19:17:43.694915 OFF flow>4223 srcPort>35919 dst>fd10:23:100::2/21023 
19:17:43.705394 SHUTDOWN flow>4224 srcPort>42971 dst>fd10:23:100::2/21024 
19:17:43.705878 OFF flow>4224 srcPort>42971 dst>fd10:23:100::2/21024 
19:17:43.718139 ON flow>4246 srcPort>33203 dst>fd10:23:100::2/21046 
19:17:43.718477 CONNECT flow>4246 srcPort>33203 dst>fd10:23:100::2/21046 
19:17:43.727733 ON flow>4247 srcPort>34069 dst>fd10:23:100::2/21047 
19:17:43.728150 CONNECT flow>4247 srcPort>34069 dst>fd10:23:100::2/21047 
19:17:43.734325 ON flow>4248 srcPort>44219 dst>fd10:23:100::2/21048 
19:17:43.734670 CONNECT flow>4248 srcPort>44219 dst>fd10:23:100::2/21048 
19:17:43.747301 SHUTDOWN flow>4225 srcPort>34163 dst>fd10:23:100::2/21025 
19:17:43.747735 OFF flow>4225 srcPort>34163 dst>fd10:23:100::2/21025 
19:17:43.756490 SHUTDOWN flow>4226 srcPort>36009 dst>fd10:23:100::2/21026 
19:17:43.756923 OFF flow>4226 srcPort>36009 dst>fd10:23:100::2/21026 
19:17:43.797396 SHUTDOWN flow>4227 srcPort>38161 dst>fd10:23:100::2/21027 
19:17:43.798061 OFF flow>4227 srcPort>38161 dst>fd10:23:100::2/21027 
19:17:43.801500 SHUTDOWN flow>4228 srcPort>36193 dst>fd10:23:100::2/21028 
19:17:43.801858 OFF flow>4228 srcPort>36193 dst>fd10:23:100::2/21028 
19:17:43.853200 SHUTDOWN flow>4229 srcPort>37603 dst>fd10:23:100::2/21029 
19:17:43.853577 OFF flow>4229 srcPort>37603 dst>fd10:23:100::2/21029 
19:17:43.873466 ON flow>4249 srcPort>37289 dst>fd10:23:100::2/21049 
19:17:43.873837 CONNECT flow>4249 srcPort>37289 dst>fd10:23:100::2/21049 
19:17:43.937446 ON flow>4250 srcPort>40559 dst>fd10:23:100::2/21050 
19:17:43.937798 CONNECT flow>4250 srcPort>40559 dst>fd10:23:100::2/21050 
19:17:44.057674 ON flow>4251 srcPort>34229 dst>fd10:23:100::2/21051 
19:17:44.058038 CONNECT flow>4251 srcPort>34229 dst>fd10:23:100::2/21051 
19:17:44.059209 SHUTDOWN flow>4230 srcPort>35975 dst>fd10:23:100::2/21030 
19:17:44.059946 OFF flow>4230 srcPort>35975 dst>fd10:23:100::2/21030 
19:17:45.802030 ON flow>4252 srcPort>45075 dst>fd10:23:100::2/21052 
19:17:45.802417 CONNECT flow>4252 srcPort>45075 dst>fd10:23:100::2/21052 
19:17:45.826821 ON flow>4253 srcPort>36407 dst>fd10:23:100::2/21053 
19:17:45.827262 CONNECT flow>4253 srcPort>36407 dst>fd10:23:100::2/21053 
19:17:45.956526 SHUTDOWN flow>4231 srcPort>39847 dst>fd10:23:100::2/21031 
19:17:45.957379 OFF flow>4231 srcPort>39847 dst>fd10:23:100::2/21031 
19:17:45.961981 ON flow>4254 srcPort>40763 dst>fd10:23:100::2/21054 
19:17:45.962521 CONNECT flow>4254 srcPort>40763 dst>fd10:23:100::2/21054 
19:17:45.995649 ON flow>4255 srcPort>33627 dst>fd10:23:100::2/21055 
19:17:45.996050 CONNECT flow>4255 srcPort>33627 dst>fd10:23:100::2/21055 
19:17:46.005015 ON flow>4256 srcPort>35937 dst>fd10:23:100::2/21056 
19:17:46.005383 CONNECT flow>4256 srcPort>35937 dst>fd10:23:100::2/21056 
19:17:46.066369 ON flow>4257 srcPort>40299 dst>fd10:23:100::2/21057 
19:17:46.066748 CONNECT flow>4257 srcPort>40299 dst>fd10:23:100::2/21057 
19:17:46.124421 SHUTDOWN flow>4232 srcPort>36315 dst>fd10:23:100::2/21032 
19:17:46.124914 OFF flow>4232 srcPort>36315 dst>fd10:23:100::2/21032 
19:17:46.147102 ON flow>4258 srcPort>38121 dst>fd10:23:100::2/21058 
19:17:46.147795 CONNECT flow>4258 srcPort>38121 dst>fd10:23:100::2/21058 
19:17:46.188939 ON flow>4259 srcPort>42647 dst>fd10:23:100::2/21059 
19:17:46.189239 CONNECT flow>4259 srcPort>42647 dst>fd10:23:100::2/21059 
19:17:46.315323 SHUTDOWN flow>4233 srcPort>39873 dst>fd10:23:100::2/21033 
19:17:46.315802 OFF flow>4233 srcPort>39873 dst>fd10:23:100::2/21033 
19:17:46.335142 SHUTDOWN flow>4234 srcPort>43265 dst>fd10:23:100::2/21034 
19:17:46.335985 OFF flow>4234 srcPort>43265 dst>fd10:23:100::2/21034 
19:17:46.349023 SHUTDOWN flow>4235 srcPort>40939 dst>fd10:23:100::2/21035 
19:17:46.349506 OFF flow>4235 srcPort>40939 dst>fd10:23:100::2/21035 
19:17:46.392433 SHUTDOWN flow>4236 srcPort>44145 dst>fd10:23:100::2/21036 
19:17:46.392833 OFF flow>4236 srcPort>44145 dst>fd10:23:100::2/21036 
19:17:46.397039 SHUTDOWN flow>4237 srcPort>44741 dst>fd10:23:100::2/21037 
19:17:46.397438 OFF flow>4237 srcPort>44741 dst>fd10:23:100::2/21037 
19:17:46.455818 SHUTDOWN flow>4238 srcPort>42645 dst>fd10:23:100::2/21038 
19:17:46.456775 OFF flow>4238 srcPort>42645 dst>fd10:23:100::2/21038 
19:17:46.484683 ON flow>4260 srcPort>45271 dst>fd10:23:100::2/21060 
19:17:46.485152 CONNECT flow>4260 srcPort>45271 dst>fd10:23:100::2/21060 
19:17:46.500570 ON flow>4261 srcPort>37547 dst>fd10:23:100::2/21061 
19:17:46.500995 CONNECT flow>4261 srcPort>37547 dst>fd10:23:100::2/21061 
19:17:46.576929 SHUTDOWN flow>4239 srcPort>45367 dst>fd10:23:100::2/21039 
19:17:46.577426 OFF flow>4239 srcPort>45367 dst>fd10:23:100::2/21039 
19:17:46.596238 SHUTDOWN flow>4240 srcPort>46013 dst>fd10:23:100::2/21040 
19:17:46.596721 OFF flow>4240 srcPort>46013 dst>fd10:23:100::2/21040 
19:17:46.649527 SHUTDOWN flow>4241 srcPort>38675 dst>fd10:23:100::2/21041 
19:17:46.649939 OFF flow>4241 srcPort>38675 dst>fd10:23:100::2/21041 
19:17:46.661843 SHUTDOWN flow>4242 srcPort>39399 dst>fd10:23:100::2/21042 
19:17:46.662285 OFF flow>4242 srcPort>39399 dst>fd10:23:100::2/21042 
19:17:46.715396 SHUTDOWN flow>4243 srcPort>41417 dst>fd10:23:100::2/21043 
19:17:46.715928 OFF flow>4243 srcPort>41417 dst>fd10:23:100::2/21043 
19:17:48.285390 SHUTDOWN flow>4244 srcPort>37069 dst>fd10:23:100::2/21044 
19:17:48.285943 OFF flow>4244 srcPort>37069 dst>fd10:23:100::2/21044 
19:17:48.413920 ON flow>4262 srcPort>42187 dst>fd10:23:100::2/21062 
19:17:48.414261 CONNECT flow>4262 srcPort>42187 dst>fd10:23:100::2/21062 
19:17:48.489899 SHUTDOWN flow>4245 srcPort>43069 dst>fd10:23:100::2/21045 
19:17:48.490447 OFF flow>4245 srcPort>43069 dst>fd10:23:100::2/21045 
19:17:48.518103 SHUTDOWN flow>4246 srcPort>33203 dst>fd10:23:100::2/21046 
19:17:48.518533 OFF flow>4246 srcPort>33203 dst>fd10:23:100::2/21046 
19:17:48.527701 SHUTDOWN flow>4247 srcPort>34069 dst>fd10:23:100::2/21047 
19:17:48.528185 OFF flow>4247 srcPort>34069 dst>fd10:23:100::2/21047 
19:17:48.534102 SHUTDOWN flow>4248 srcPort>44219 dst>fd10:23:100::2/21048 
19:17:48.534573 OFF flow>4248 srcPort>44219 dst>fd10:23:100::2/21048 
19:17:48.673459 SHUTDOWN flow>4249 srcPort>37289 dst>fd10:23:100::2/21049 
19:17:48.673948 OFF flow>4249 srcPort>37289 dst>fd10:23:100::2/21049 
19:17:48.711909 ON flow>4263 srcPort>33045 dst>fd10:23:100::2/21063 
19:17:48.712396 CONNECT flow>4263 srcPort>33045 dst>fd10:23:100::2/21063 
19:17:48.737501 SHUTDOWN flow>4250 srcPort>40559 dst>fd10:23:100::2/21050 
19:17:48.738046 OFF flow>4250 srcPort>40559 dst>fd10:23:100::2/21050 
19:17:48.857613 SHUTDOWN flow>4251 srcPort>34229 dst>fd10:23:100::2/21051 
19:17:48.858164 OFF flow>4251 srcPort>34229 dst>fd10:23:100::2/21051 
19:17:50.601847 SHUTDOWN flow>4252 srcPort>45075 dst>fd10:23:100::2/21052 
19:17:50.602351 OFF flow>4252 srcPort>45075 dst>fd10:23:100::2/21052 
19:17:50.626739 SHUTDOWN flow>4253 srcPort>36407 dst>fd10:23:100::2/21053 
19:17:50.627328 OFF flow>4253 srcPort>36407 dst>fd10:23:100::2/21053 
19:17:50.761959 SHUTDOWN flow>4254 srcPort>40763 dst>fd10:23:100::2/21054 
19:17:50.762474 OFF flow>4254 srcPort>40763 dst>fd10:23:100::2/21054 
19:17:50.795544 SHUTDOWN flow>4255 srcPort>33627 dst>fd10:23:100::2/21055 
19:17:50.796229 OFF flow>4255 srcPort>33627 dst>fd10:23:100::2/21055 
19:17:50.804845 SHUTDOWN flow>4256 srcPort>35937 dst>fd10:23:100::2/21056 
19:17:50.805335 OFF flow>4256 srcPort>35937 dst>fd10:23:100::2/21056 
19:17:50.866266 SHUTDOWN flow>4257 srcPort>40299 dst>fd10:23:100::2/21057 
19:17:50.866971 OFF flow>4257 srcPort>40299 dst>fd10:23:100::2/21057 
19:17:50.947081 SHUTDOWN flow>4258 srcPort>38121 dst>fd10:23:100::2/21058 
19:17:50.947566 OFF flow>4258 srcPort>38121 dst>fd10:23:100::2/21058 
19:17:50.988910 SHUTDOWN flow>4259 srcPort>42647 dst>fd10:23:100::2/21059 
19:17:50.989389 OFF flow>4259 srcPort>42647 dst>fd10:23:100::2/21059 
19:17:51.175112 ON flow>4264 srcPort>43655 dst>fd10:23:100::2/21064 
19:17:51.175523 CONNECT flow>4264 srcPort>43655 dst>fd10:23:100::2/21064 
19:17:51.274276 ON flow>4265 srcPort>44913 dst>fd10:23:100::2/21065 
19:17:51.274681 CONNECT flow>4265 srcPort>44913 dst>fd10:23:100::2/21065 
19:17:51.284405 SHUTDOWN flow>4260 srcPort>45271 dst>fd10:23:100::2/21060 
19:17:51.284924 OFF flow>4260 srcPort>45271 dst>fd10:23:100::2/21060 
19:17:51.300520 SHUTDOWN flow>4261 srcPort>37547 dst>fd10:23:100::2/21061 
19:17:51.301618 OFF flow>4261 srcPort>37547 dst>fd10:23:100::2/21061 
19:17:51.365897 ON flow>4266 srcPort>33719 dst>fd10:23:100::2/21066 
19:17:51.366308 CONNECT flow>4266 srcPort>33719 dst>fd10:23:100::2/21066 
19:17:51.441290 ON flow>4267 srcPort>33135 dst>fd10:23:100::2/21067 
19:17:51.441705 CONNECT flow>4267 srcPort>33135 dst>fd10:23:100::2/21067 
19:17:51.514950 ON flow>4268 srcPort>45805 dst>fd10:23:100::2/21068 
19:17:51.517310 CONNECT flow>4268 srcPort>45805 dst>fd10:23:100::2/21068 
19:17:51.518265 ON flow>4269 srcPort>39733 dst>fd10:23:100::2/21069 
19:17:51.518636 CONNECT flow>4269 srcPort>39733 dst>fd10:23:100::2/21069 
19:17:51.522352 ON flow>4270 srcPort>37393 dst>fd10:23:100::2/21070 
19:17:51.522746 CONNECT flow>4270 srcPort>37393 dst>fd10:23:100::2/21070 
19:17:51.545495 ON flow>4271 srcPort>42219 dst>fd10:23:100::2/21071 
19:17:51.545882 CONNECT flow>4271 srcPort>42219 dst>fd10:23:100::2/21071 
19:17:51.569072 ON flow>4272 srcPort>42291 dst>fd10:23:100::2/21072 
19:17:51.569426 CONNECT flow>4272 srcPort>42291 dst>fd10:23:100::2/21072 
19:17:51.665679 ON flow>4273 srcPort>44875 dst>fd10:23:100::2/21073 
19:17:51.666041 CONNECT flow>4273 srcPort>44875 dst>fd10:23:100::2/21073 
19:17:51.815451 ON flow>4274 srcPort>45307 dst>fd10:23:100::2/21074 
19:17:51.815858 CONNECT flow>4274 srcPort>45307 dst>fd10:23:100::2/21074 
19:17:51.830171 ON flow>4275 srcPort>37439 dst>fd10:23:100::2/21075 
19:17:51.830870 CONNECT flow>4275 srcPort>37439 dst>fd10:23:100::2/21075 
19:17:51.907526 ON flow>4276 srcPort>33101 dst>fd10:23:100::2/21076 
19:17:51.907905 CONNECT flow>4276 srcPort>33101 dst>fd10:23:100::2/21076 
19:17:51.971281 ON flow>4277 srcPort>42959 dst>fd10:23:100::2/21077 
19:17:51.971767 CONNECT flow>4277 srcPort>42959 dst>fd10:23:100::2/21077 
19:17:51.988441 ON flow>4278 srcPort>44203 dst>fd10:23:100::2/21078 
19:17:51.988913 CONNECT flow>4278 srcPort>44203 dst>fd10:23:100::2/21078 
19:17:52.019694 ON flow>4279 srcPort>43627 dst>fd10:23:100::2/21079 
19:17:52.020086 CONNECT flow>4279 srcPort>43627 dst>fd10:23:100::2/21079 
19:17:52.066771 ON flow>4280 srcPort>35695 dst>fd10:23:100::2/21080 
19:17:52.067162 CONNECT flow>4280 srcPort>35695 dst>fd10:23:100::2/21080 
19:17:52.086009 ON flow>4281 srcPort>40683 dst>fd10:23:100::2/21081 
19:17:52.086409 CONNECT flow>4281 srcPort>40683 dst>fd10:23:100::2/21081 
19:17:52.153287 ON flow>4282 srcPort>39909 dst>fd10:23:100::2/21082 
19:17:52.153675 CONNECT flow>4282 srcPort>39909 dst>fd10:23:100::2/21082 
19:17:52.241960 ON flow>4283 srcPort>38099 dst>fd10:23:100::2/21083 
19:17:52.242312 CONNECT flow>4283 srcPort>38099 dst>fd10:23:100::2/21083 
19:17:52.266011 ON flow>4284 srcPort>38375 dst>fd10:23:100::2/21084 
19:17:52.266805 CONNECT flow>4284 srcPort>38375 dst>fd10:23:100::2/21084 
19:17:52.273572 ON flow>4285 srcPort>42721 dst>fd10:23:100::2/21085 
19:17:52.273931 CONNECT flow>4285 srcPort>42721 dst>fd10:23:100::2/21085 
19:17:52.383585 ON flow>4286 srcPort>33573 dst>fd10:23:100::2/21086 
19:17:52.384013 CONNECT flow>4286 srcPort>33573 dst>fd10:23:100::2/21086 
19:17:52.435870 ON flow>4287 srcPort>45137 dst>fd10:23:100::2/21087 
19:17:52.436286 CONNECT flow>4287 srcPort>45137 dst>fd10:23:100::2/21087 
19:17:52.483678 ON flow>4288 srcPort>38495 dst>fd10:23:100::2/21088 
19:17:52.484084 CONNECT flow>4288 srcPort>38495 dst>fd10:23:100::2/21088 
19:17:52.582619 ON flow>4289 srcPort>41705 dst>fd10:23:100::2/21089 
19:17:52.582980 CONNECT flow>4289 srcPort>41705 dst>fd10:23:100::2/21089 
19:17:52.961222 ON flow>4290 srcPort>45675 dst>fd10:23:100::2/21090 
19:17:52.961633 CONNECT flow>4290 srcPort>45675 dst>fd10:23:100::2/21090 
19:17:52.973783 ON flow>4291 srcPort>43267 dst>fd10:23:100::2/21091 
19:17:52.974268 CONNECT flow>4291 srcPort>43267 dst>fd10:23:100::2/21091 
19:17:53.113062 ON flow>4292 srcPort>43939 dst>fd10:23:100::2/21092 
19:17:53.113514 CONNECT flow>4292 srcPort>43939 dst>fd10:23:100::2/21092 
19:17:53.213527 SHUTDOWN flow>4262 srcPort>42187 dst>fd10:23:100::2/21062 
19:17:53.214047 OFF flow>4262 srcPort>42187 dst>fd10:23:100::2/21062 
19:17:53.314646 ON flow>4293 srcPort>38479 dst>fd10:23:100::2/21093 
19:17:53.315218 CONNECT flow>4293 srcPort>38479 dst>fd10:23:100::2/21093 
19:17:53.511940 SHUTDOWN flow>4263 srcPort>33045 dst>fd10:23:100::2/21063 
19:17:53.512466 OFF flow>4263 srcPort>33045 dst>fd10:23:100::2/21063 
19:17:54.660238 ON flow>4294 srcPort>36355 dst>fd10:23:100::2/21094 
19:17:54.660610 CONNECT flow>4294 srcPort>36355 dst>fd10:23:100::2/21094 
19:17:54.668666 ON flow>4295 srcPort>37097 dst>fd10:23:100::2/21095 
19:17:54.671235 CONNECT flow>4295 srcPort>37097 dst>fd10:23:100::2/21095 
19:17:55.040247 ON flow>4296 srcPort>45147 dst>fd10:23:100::2/21096 
19:17:55.040600 CONNECT flow>4296 srcPort>45147 dst>fd10:23:100::2/21096 
19:17:55.974960 SHUTDOWN flow>4264 srcPort>43655 dst>fd10:23:100::2/21064 
19:17:55.975437 OFF flow>4264 srcPort>43655 dst>fd10:23:100::2/21064 
19:17:56.074106 SHUTDOWN flow>4265 srcPort>44913 dst>fd10:23:100::2/21065 
19:17:56.074617 OFF flow>4265 srcPort>44913 dst>fd10:23:100::2/21065 
19:17:56.165811 SHUTDOWN flow>4266 srcPort>33719 dst>fd10:23:100::2/21066 
19:17:56.166332 OFF flow>4266 srcPort>33719 dst>fd10:23:100::2/21066 
19:17:56.241123 SHUTDOWN flow>4267 srcPort>33135 dst>fd10:23:100::2/21067 
19:17:56.241558 OFF flow>4267 srcPort>33135 dst>fd10:23:100::2/21067 
19:17:56.314813 SHUTDOWN flow>4268 srcPort>45805 dst>fd10:23:100::2/21068 
19:17:56.315377 OFF flow>4268 srcPort>45805 dst>fd10:23:100::2/21068 
19:17:56.318220 SHUTDOWN flow>4269 srcPort>39733 dst>fd10:23:100::2/21069 
19:17:56.318769 OFF flow>4269 srcPort>39733 dst>fd10:23:100::2/21069 
19:17:56.322326 SHUTDOWN flow>4270 srcPort>37393 dst>fd10:23:100::2/21070 
19:17:56.322768 OFF flow>4270 srcPort>37393 dst>fd10:23:100::2/21070 
19:17:56.345426 SHUTDOWN flow>4271 srcPort>42219 dst>fd10:23:100::2/21071 
19:17:56.345901 OFF flow>4271 srcPort>42219 dst>fd10:23:100::2/21071 
19:17:56.369031 SHUTDOWN flow>4272 srcPort>42291 dst>fd10:23:100::2/21072 
19:17:56.369610 OFF flow>4272 srcPort>42291 dst>fd10:23:100::2/21072 
19:17:56.444082 ON flow>4297 srcPort>37135 dst>fd10:23:100::2/21097 
19:17:56.444456 CONNECT flow>4297 srcPort>37135 dst>fd10:23:100::2/21097 
19:17:56.465610 SHUTDOWN flow>4273 srcPort>44875 dst>fd10:23:100::2/21073 
19:17:56.466175 OFF flow>4273 srcPort>44875 dst>fd10:23:100::2/21073 
19:17:56.540626 ON flow>4298 srcPort>38719 dst>fd10:23:100::2/21098 
19:17:56.541124 CONNECT flow>4298 srcPort>38719 dst>fd10:23:100::2/21098 
19:17:56.615314 SHUTDOWN flow>4274 srcPort>45307 dst>fd10:23:100::2/21074 
19:17:56.615970 OFF flow>4274 srcPort>45307 dst>fd10:23:100::2/21074 
19:17:56.630114 SHUTDOWN flow>4275 srcPort>37439 dst>fd10:23:100::2/21075 
19:17:56.630547 OFF flow>4275 srcPort>37439 dst>fd10:23:100::2/21075 
19:17:56.707424 SHUTDOWN flow>4276 srcPort>33101 dst>fd10:23:100::2/21076 
19:17:56.707860 OFF flow>4276 srcPort>33101 dst>fd10:23:100::2/21076 
19:17:56.771231 SHUTDOWN flow>4277 srcPort>42959 dst>fd10:23:100::2/21077 
19:17:56.771712 OFF flow>4277 srcPort>42959 dst>fd10:23:100::2/21077 
19:17:56.788322 SHUTDOWN flow>4278 srcPort>44203 dst>fd10:23:100::2/21078 
19:17:56.788731 OFF flow>4278 srcPort>44203 dst>fd10:23:100::2/21078 
19:17:56.819519 SHUTDOWN flow>4279 srcPort>43627 dst>fd10:23:100::2/21079 
19:17:56.820121 OFF flow>4279 srcPort>43627 dst>fd10:23:100::2/21079 
19:17:56.866727 SHUTDOWN flow>4280 srcPort>35695 dst>fd10:23:100::2/21080 
19:17:56.867182 OFF flow>4280 srcPort>35695 dst>fd10:23:100::2/21080 
19:17:56.885854 SHUTDOWN flow>4281 srcPort>40683 dst>fd10:23:100::2/21081 
19:17:56.886290 OFF flow>4281 srcPort>40683 dst>fd10:23:100::2/21081 
19:17:56.953223 SHUTDOWN flow>4282 srcPort>39909 dst>fd10:23:100::2/21082 
19:17:56.953778 OFF flow>4282 srcPort>39909 dst>fd10:23:100::2/21082 
19:17:57.041895 SHUTDOWN flow>4283 srcPort>38099 dst>fd10:23:100::2/21083 
19:17:57.042759 OFF flow>4283 srcPort>38099 dst>fd10:23:100::2/21083 
19:17:57.065905 SHUTDOWN flow>4284 srcPort>38375 dst>fd10:23:100::2/21084 
19:17:57.066460 OFF flow>4284 srcPort>38375 dst>fd10:23:100::2/21084 
19:17:57.073510 SHUTDOWN flow>4285 srcPort>42721 dst>fd10:23:100::2/21085 
19:17:57.074010 OFF flow>4285 srcPort>42721 dst>fd10:23:100::2/21085 
19:17:57.183519 SHUTDOWN flow>4286 srcPort>33573 dst>fd10:23:100::2/21086 
19:17:57.184038 OFF flow>4286 srcPort>33573 dst>fd10:23:100::2/21086 
19:17:57.235823 SHUTDOWN flow>4287 srcPort>45137 dst>fd10:23:100::2/21087 
19:17:57.236363 OFF flow>4287 srcPort>45137 dst>fd10:23:100::2/21087 
19:17:57.283624 SHUTDOWN flow>4288 srcPort>38495 dst>fd10:23:100::2/21088 
19:17:57.284249 OFF flow>4288 srcPort>38495 dst>fd10:23:100::2/21088 
19:17:57.382434 SHUTDOWN flow>4289 srcPort>41705 dst>fd10:23:100::2/21089 
19:17:57.383082 OFF flow>4289 srcPort>41705 dst>fd10:23:100::2/21089 
19:17:57.761126 SHUTDOWN flow>4290 srcPort>45675 dst>fd10:23:100::2/21090 
19:17:57.761696 OFF flow>4290 srcPort>45675 dst>fd10:23:100::2/21090 
19:17:57.773759 SHUTDOWN flow>4291 srcPort>43267 dst>fd10:23:100::2/21091 
19:17:57.774213 OFF flow>4291 srcPort>43267 dst>fd10:23:100::2/21091 
19:17:57.839841 ON flow>4299 srcPort>41751 dst>fd10:23:100::2/21099 
19:17:57.840232 CONNECT flow>4299 srcPort>41751 dst>fd10:23:100::2/21099 
19:17:57.912934 SHUTDOWN flow>4292 srcPort>43939 dst>fd10:23:100::2/21092 
19:17:57.913504 OFF flow>4292 srcPort>43939 dst>fd10:23:100::2/21092 
19:17:57.983348 ON flow>4300 srcPort>42635 dst>fd10:23:100::2/21100 
19:17:57.983765 CONNECT flow>4300 srcPort>42635 dst>fd10:23:100::2/21100 
19:17:58.114511 SHUTDOWN flow>4293 srcPort>38479 dst>fd10:23:100::2/21093 
19:17:58.114948 OFF flow>4293 srcPort>38479 dst>fd10:23:100::2/21093 
19:17:59.460048 SHUTDOWN flow>4294 srcPort>36355 dst>fd10:23:100::2/21094 
19:17:59.460586 OFF flow>4294 srcPort>36355 dst>fd10:23:100::2/21094 
19:17:59.468616 SHUTDOWN flow>4295 srcPort>37097 dst>fd10:23:100::2/21095 
19:17:59.469224 OFF flow>4295 srcPort>37097 dst>fd10:23:100::2/21095 
19:17:59.562230 ON flow>4301 srcPort>46419 dst>fd10:23:100::2/21101 
19:17:59.562606 CONNECT flow>4301 srcPort>46419 dst>fd10:23:100::2/21101 
19:17:59.840108 SHUTDOWN flow>4296 srcPort>45147 dst>fd10:23:100::2/21096 
19:17:59.840679 OFF flow>4296 srcPort>45147 dst>fd10:23:100::2/21096 
19:18:01.243945 SHUTDOWN flow>4297 srcPort>37135 dst>fd10:23:100::2/21097 
19:18:01.244652 OFF flow>4297 srcPort>37135 dst>fd10:23:100::2/21097 
19:18:01.340540 SHUTDOWN flow>4298 srcPort>38719 dst>fd10:23:100::2/21098 
19:18:01.340964 OFF flow>4298 srcPort>38719 dst>fd10:23:100::2/21098 
19:18:02.497891 ON flow>4302 srcPort>46435 dst>fd10:23:100::2/21102 
19:18:02.498246 CONNECT flow>4302 srcPort>46435 dst>fd10:23:100::2/21102 
19:18:02.606899 ON flow>4303 srcPort>46657 dst>fd10:23:100::2/21103 
19:18:02.607271 CONNECT flow>4303 srcPort>46657 dst>fd10:23:100::2/21103 
19:18:02.639671 SHUTDOWN flow>4299 srcPort>41751 dst>fd10:23:100::2/21099 
19:18:02.640134 OFF flow>4299 srcPort>41751 dst>fd10:23:100::2/21099 
19:18:02.783146 SHUTDOWN flow>4300 srcPort>42635 dst>fd10:23:100::2/21100 
19:18:02.784249 OFF flow>4300 srcPort>42635 dst>fd10:23:100::2/21100 
19:18:03.217448 ON flow>4304 srcPort>41521 dst>fd10:23:100::2/21104 
19:18:03.217808 CONNECT flow>4304 srcPort>41521 dst>fd10:23:100::2/21104 
19:18:04.362200 SHUTDOWN flow>4301 srcPort>46419 dst>fd10:23:100::2/21101 
19:18:04.363129 OFF flow>4301 srcPort>46419 dst>fd10:23:100::2/21101 
19:18:07.297718 SHUTDOWN flow>4302 srcPort>46435 dst>fd10:23:100::2/21102 
19:18:07.298338 OFF flow>4302 srcPort>46435 dst>fd10:23:100::2/21102 
19:18:07.406810 SHUTDOWN flow>4303 srcPort>46657 dst>fd10:23:100::2/21103 
19:18:07.407229 OFF flow>4303 srcPort>46657 dst>fd10:23:100::2/21103 
19:18:08.017336 SHUTDOWN flow>4304 srcPort>41521 dst>fd10:23:100::2/21104 
19:18:08.017931 OFF flow>4304 srcPort>41521 dst>fd10:23:100::2/21104 
19:18:08.104837 ON flow>4305 srcPort>40895 dst>fd10:23:100::2/21105 
19:18:08.105224 CONNECT flow>4305 srcPort>40895 dst>fd10:23:100::2/21105 
19:18:08.123288 ON flow>4306 srcPort>43207 dst>fd10:23:100::2/21106 
19:18:08.123751 CONNECT flow>4306 srcPort>43207 dst>fd10:23:100::2/21106 
19:18:08.244672 ON flow>4307 srcPort>42547 dst>fd10:23:100::2/21107 
19:18:08.245130 CONNECT flow>4307 srcPort>42547 dst>fd10:23:100::2/21107 
19:18:08.250765 ON flow>4308 srcPort>41145 dst>fd10:23:100::2/21108 
19:18:08.251181 CONNECT flow>4308 srcPort>41145 dst>fd10:23:100::2/21108 
19:18:08.371641 ON flow>4309 srcPort>32803 dst>fd10:23:100::2/21109 
19:18:08.372058 CONNECT flow>4309 srcPort>32803 dst>fd10:23:100::2/21109 
19:18:08.409350 ON flow>4310 srcPort>46729 dst>fd10:23:100::2/21110 
19:18:08.409770 CONNECT flow>4310 srcPort>46729 dst>fd10:23:100::2/21110 
19:18:08.665454 ON flow>4311 srcPort>34225 dst>fd10:23:100::2/21111 
19:18:08.665834 CONNECT flow>4311 srcPort>34225 dst>fd10:23:100::2/21111 
19:18:08.741387 ON flow>4312 srcPort>37085 dst>fd10:23:100::2/21112 
19:18:08.741821 CONNECT flow>4312 srcPort>37085 dst>fd10:23:100::2/21112 
19:18:08.782595 ON flow>4313 srcPort>46625 dst>fd10:23:100::2/21113 
19:18:08.783401 CONNECT flow>4313 srcPort>46625 dst>fd10:23:100::2/21113 
19:18:08.789888 ON flow>4314 srcPort>41811 dst>fd10:23:100::2/21114 
19:18:08.790276 CONNECT flow>4314 srcPort>41811 dst>fd10:23:100::2/21114 
19:18:08.796477 ON flow>4315 srcPort>37451 dst>fd10:23:100::2/21115 
19:18:08.796854 CONNECT flow>4315 srcPort>37451 dst>fd10:23:100::2/21115 
19:18:08.896227 ON flow>4316 srcPort>41245 dst>fd10:23:100::2/21116 
19:18:08.896608 CONNECT flow>4316 srcPort>41245 dst>fd10:23:100::2/21116 
19:18:08.940708 ON flow>4317 srcPort>40073 dst>fd10:23:100::2/21117 
19:18:08.941080 CONNECT flow>4317 srcPort>40073 dst>fd10:23:100::2/21117 
19:18:10.913687 ON flow>4318 srcPort>45277 dst>fd10:23:100::2/21118 
19:18:10.914077 CONNECT flow>4318 srcPort>45277 dst>fd10:23:100::2/21118 
19:18:10.928965 ON flow>4319 srcPort>42413 dst>fd10:23:100::2/21119 
19:18:10.929505 CONNECT flow>4319 srcPort>42413 dst>fd10:23:100::2/21119 
19:18:11.126867 ON flow>4320 srcPort>42247 dst>fd10:23:100::2/21120 
19:18:11.127222 CONNECT flow>4320 srcPort>42247 dst>fd10:23:100::2/21120 
19:18:11.199354 ON flow>4321 srcPort>35419 dst>fd10:23:100::2/21121 
19:18:11.199923 CONNECT flow>4321 srcPort>35419 dst>fd10:23:100::2/21121 
19:18:11.805519 ON flow>4322 srcPort>46099 dst>fd10:23:100::2/21122 
19:18:11.805871 CONNECT flow>4322 srcPort>46099 dst>fd10:23:100::2/21122 
19:18:11.990800 ON flow>4323 srcPort>44351 dst>fd10:23:100::2/21123 
19:18:11.991287 CONNECT flow>4323 srcPort>44351 dst>fd10:23:100::2/21123 
19:18:12.904399 SHUTDOWN flow>4305 srcPort>40895 dst>fd10:23:100::2/21105 
19:18:12.904948 OFF flow>4305 srcPort>40895 dst>fd10:23:100::2/21105 
19:18:12.923204 SHUTDOWN flow>4306 srcPort>43207 dst>fd10:23:100::2/21106 
19:18:12.923659 OFF flow>4306 srcPort>43207 dst>fd10:23:100::2/21106 
19:18:13.044624 SHUTDOWN flow>4307 srcPort>42547 dst>fd10:23:100::2/21107 
19:18:13.045116 OFF flow>4307 srcPort>42547 dst>fd10:23:100::2/21107 
19:18:13.050753 SHUTDOWN flow>4308 srcPort>41145 dst>fd10:23:100::2/21108 
19:18:13.051199 OFF flow>4308 srcPort>41145 dst>fd10:23:100::2/21108 
19:18:13.171521 SHUTDOWN flow>4309 srcPort>32803 dst>fd10:23:100::2/21109 
19:18:13.172017 OFF flow>4309 srcPort>32803 dst>fd10:23:100::2/21109 
19:18:13.209241 SHUTDOWN flow>4310 srcPort>46729 dst>fd10:23:100::2/21110 
19:18:13.209733 OFF flow>4310 srcPort>46729 dst>fd10:23:100::2/21110 
19:18:13.465361 SHUTDOWN flow>4311 srcPort>34225 dst>fd10:23:100::2/21111 
19:18:13.465901 OFF flow>4311 srcPort>34225 dst>fd10:23:100::2/21111 
19:18:13.541367 SHUTDOWN flow>4312 srcPort>37085 dst>fd10:23:100::2/21112 
19:18:13.542257 OFF flow>4312 srcPort>37085 dst>fd10:23:100::2/21112 
19:18:13.582532 SHUTDOWN flow>4313 srcPort>46625 dst>fd10:23:100::2/21113 
19:18:13.583123 OFF flow>4313 srcPort>46625 dst>fd10:23:100::2/21113 
19:18:13.589624 SHUTDOWN flow>4314 srcPort>41811 dst>fd10:23:100::2/21114 
19:18:13.590103 OFF flow>4314 srcPort>41811 dst>fd10:23:100::2/21114 
19:18:13.596421 SHUTDOWN flow>4315 srcPort>37451 dst>fd10:23:100::2/21115 
19:18:13.597039 OFF flow>4315 srcPort>37451 dst>fd10:23:100::2/21115 
19:18:13.632483 ON flow>4324 srcPort>42981 dst>fd10:23:100::2/21124 
19:18:13.632846 CONNECT flow>4324 srcPort>42981 dst>fd10:23:100::2/21124 
19:18:13.659162 ON flow>4325 srcPort>46467 dst>fd10:23:100::2/21125 
19:18:13.659655 CONNECT flow>4325 srcPort>46467 dst>fd10:23:100::2/21125 
19:18:13.696131 SHUTDOWN flow>4316 srcPort>41245 dst>fd10:23:100::2/21116 
19:18:13.696757 OFF flow>4316 srcPort>41245 dst>fd10:23:100::2/21116 
19:18:13.740644 SHUTDOWN flow>4317 srcPort>40073 dst>fd10:23:100::2/21117 
19:18:13.741129 OFF flow>4317 srcPort>40073 dst>fd10:23:100::2/21117 
19:18:13.846067 ON flow>4326 srcPort>46221 dst>fd10:23:100::2/21126 
19:18:13.846457 CONNECT flow>4326 srcPort>46221 dst>fd10:23:100::2/21126 
19:18:13.976239 ON flow>4327 srcPort>38881 dst>fd10:23:100::2/21127 
19:18:13.976639 CONNECT flow>4327 srcPort>38881 dst>fd10:23:100::2/21127 
19:18:14.004538 ON flow>4328 srcPort>33559 dst>fd10:23:100::2/21128 
19:18:14.005020 CONNECT flow>4328 srcPort>33559 dst>fd10:23:100::2/21128 
19:18:14.102234 ON flow>4329 srcPort>45251 dst>fd10:23:100::2/21129 
19:18:14.104014 CONNECT flow>4329 srcPort>45251 dst>fd10:23:100::2/21129 
19:18:14.129042 ON flow>4330 srcPort>46247 dst>fd10:23:100::2/21130 
19:18:14.129415 CONNECT flow>4330 srcPort>46247 dst>fd10:23:100::2/21130 
19:18:14.266970 ON flow>4331 srcPort>46557 dst>fd10:23:100::2/21131 
19:18:14.267390 CONNECT flow>4331 srcPort>46557 dst>fd10:23:100::2/21131 
19:18:14.296609 ON flow>4332 srcPort>38733 dst>fd10:23:100::2/21132 
19:18:14.296942 CONNECT flow>4332 srcPort>38733 dst>fd10:23:100::2/21132 
19:18:14.394803 ON flow>4333 srcPort>35059 dst>fd10:23:100::2/21133 
19:18:14.395110 CONNECT flow>4333 srcPort>35059 dst>fd10:23:100::2/21133 
19:18:14.609251 ON flow>4334 srcPort>35327 dst>fd10:23:100::2/21134 
19:18:14.609673 CONNECT flow>4334 srcPort>35327 dst>fd10:23:100::2/21134 
19:18:14.654812 ON flow>4335 srcPort>35685 dst>fd10:23:100::2/21135 
19:18:14.655204 CONNECT flow>4335 srcPort>35685 dst>fd10:23:100::2/21135 
19:18:14.721299 ON flow>4336 srcPort>43495 dst>fd10:23:100::2/21136 
19:18:14.721736 CONNECT flow>4336 srcPort>43495 dst>fd10:23:100::2/21136 
19:18:14.755563 ON flow>4337 srcPort>39713 dst>fd10:23:100::2/21137 
19:18:14.756027 CONNECT flow>4337 srcPort>39713 dst>fd10:23:100::2/21137 
19:18:14.942216 ON flow>4338 srcPort>43183 dst>fd10:23:100::2/21138 
19:18:14.942704 CONNECT flow>4338 srcPort>43183 dst>fd10:23:100::2/21138 
19:18:15.051326 ON flow>4339 srcPort>39969 dst>fd10:23:100::2/21139 
19:18:15.051750 CONNECT flow>4339 srcPort>39969 dst>fd10:23:100::2/21139 
19:18:15.232866 ON flow>4340 srcPort>34881 dst>fd10:23:100::2/21140 
19:18:15.233235 CONNECT flow>4340 srcPort>34881 dst>fd10:23:100::2/21140 
19:18:15.465446 ON flow>4341 srcPort>36379 dst>fd10:23:100::2/21141 
19:18:15.465822 CONNECT flow>4341 srcPort>36379 dst>fd10:23:100::2/21141 
19:18:15.597803 ON flow>4342 srcPort>44795 dst>fd10:23:100::2/21142 
19:18:15.598156 CONNECT flow>4342 srcPort>44795 dst>fd10:23:100::2/21142 
19:18:15.713515 SHUTDOWN flow>4318 srcPort>45277 dst>fd10:23:100::2/21118 
19:18:15.714124 OFF flow>4318 srcPort>45277 dst>fd10:23:100::2/21118 
19:18:15.728929 SHUTDOWN flow>4319 srcPort>42413 dst>fd10:23:100::2/21119 
19:18:15.729743 OFF flow>4319 srcPort>42413 dst>fd10:23:100::2/21119 
19:18:15.926826 SHUTDOWN flow>4320 srcPort>42247 dst>fd10:23:100::2/21120 
19:18:15.927816 OFF flow>4320 srcPort>42247 dst>fd10:23:100::2/21120 
19:18:15.999214 SHUTDOWN flow>4321 srcPort>35419 dst>fd10:23:100::2/21121 
19:18:16.003009 OFF flow>4321 srcPort>35419 dst>fd10:23:100::2/21121 
19:18:16.605335 SHUTDOWN flow>4322 srcPort>46099 dst>fd10:23:100::2/21122 
19:18:16.605826 OFF flow>4322 srcPort>46099 dst>fd10:23:100::2/21122 
19:18:16.734331 ON flow>4343 srcPort>41095 dst>fd10:23:100::2/21143 
19:18:16.734621 CONNECT flow>4343 srcPort>41095 dst>fd10:23:100::2/21143 
19:18:16.790640 SHUTDOWN flow>4323 srcPort>44351 dst>fd10:23:100::2/21123 
19:18:16.791130 OFF flow>4323 srcPort>44351 dst>fd10:23:100::2/21123 
19:18:16.873756 ON flow>4344 srcPort>45941 dst>fd10:23:100::2/21144 
19:18:16.874192 CONNECT flow>4344 srcPort>45941 dst>fd10:23:100::2/21144 
19:18:17.112244 ON flow>4345 srcPort>42455 dst>fd10:23:100::2/21145 
19:18:17.112718 CONNECT flow>4345 srcPort>42455 dst>fd10:23:100::2/21145 
19:18:17.121849 ON flow>4346 srcPort>36137 dst>fd10:23:100::2/21146 
19:18:17.122329 CONNECT flow>4346 srcPort>36137 dst>fd10:23:100::2/21146 
19:18:17.177209 ON flow>4347 srcPort>45829 dst>fd10:23:100::2/21147 
19:18:17.177566 CONNECT flow>4347 srcPort>45829 dst>fd10:23:100::2/21147 
19:18:17.434526 ON flow>4348 srcPort>33895 dst>fd10:23:100::2/21148 
19:18:17.435056 CONNECT flow>4348 srcPort>33895 dst>fd10:23:100::2/21148 
19:18:17.443426 ON flow>4349 srcPort>41735 dst>fd10:23:100::2/21149 
19:18:17.443736 CONNECT flow>4349 srcPort>41735 dst>fd10:23:100::2/21149 
19:18:17.510971 ON flow>4350 srcPort>40877 dst>fd10:23:100::2/21150 
19:18:17.511423 CONNECT flow>4350 srcPort>40877 dst>fd10:23:100::2/21150 
19:18:17.810813 ON flow>4351 srcPort>36655 dst>fd10:23:100::2/21151 
19:18:17.811149 CONNECT flow>4351 srcPort>36655 dst>fd10:23:100::2/21151 
19:18:18.149851 ON flow>4352 srcPort>45903 dst>fd10:23:100::2/21152 
19:18:18.150288 CONNECT flow>4352 srcPort>45903 dst>fd10:23:100::2/21152 
19:18:18.240227 ON flow>4353 srcPort>38163 dst>fd10:23:100::2/21153 
19:18:18.240617 CONNECT flow>4353 srcPort>38163 dst>fd10:23:100::2/21153 
19:18:18.248610 ON flow>4354 srcPort>41355 dst>fd10:23:100::2/21154 
19:18:18.249093 CONNECT flow>4354 srcPort>41355 dst>fd10:23:100::2/21154 
19:18:18.327136 ON flow>4355 srcPort>36735 dst>fd10:23:100::2/21155 
19:18:18.327487 CONNECT flow>4355 srcPort>36735 dst>fd10:23:100::2/21155 
19:18:18.410257 ON flow>4356 srcPort>38829 dst>fd10:23:100::2/21156 
19:18:18.410596 CONNECT flow>4356 srcPort>38829 dst>fd10:23:100::2/21156 
19:18:18.432265 SHUTDOWN flow>4324 srcPort>42981 dst>fd10:23:100::2/21124 
19:18:18.432731 OFF flow>4324 srcPort>42981 dst>fd10:23:100::2/21124 
19:18:18.459079 SHUTDOWN flow>4325 srcPort>46467 dst>fd10:23:100::2/21125 
19:18:18.459571 OFF flow>4325 srcPort>46467 dst>fd10:23:100::2/21125 
19:18:18.645988 SHUTDOWN flow>4326 srcPort>46221 dst>fd10:23:100::2/21126 
19:18:18.646404 OFF flow>4326 srcPort>46221 dst>fd10:23:100::2/21126 
19:18:18.776227 SHUTDOWN flow>4327 srcPort>38881 dst>fd10:23:100::2/21127 
19:18:18.776665 OFF flow>4327 srcPort>38881 dst>fd10:23:100::2/21127 
19:18:18.804487 SHUTDOWN flow>4328 srcPort>33559 dst>fd10:23:100::2/21128 
19:18:18.804964 OFF flow>4328 srcPort>33559 dst>fd10:23:100::2/21128 
19:18:18.902256 SHUTDOWN flow>4329 srcPort>45251 dst>fd10:23:100::2/21129 
19:18:18.902790 OFF flow>4329 srcPort>45251 dst>fd10:23:100::2/21129 
19:18:18.922459 ON flow>4357 srcPort>33001 dst>fd10:23:100::2/21157 
19:18:18.922736 CONNECT flow>4357 srcPort>33001 dst>fd10:23:100::2/21157 
19:18:18.929114 SHUTDOWN flow>4330 srcPort>46247 dst>fd10:23:100::2/21130 
19:18:18.929745 OFF flow>4330 srcPort>46247 dst>fd10:23:100::2/21130 
19:18:18.930133 ON flow>4358 srcPort>32953 dst>fd10:23:100::2/21158 
19:18:18.930561 CONNECT flow>4358 srcPort>32953 dst>fd10:23:100::2/21158 
19:18:19.066893 SHUTDOWN flow>4331 srcPort>46557 dst>fd10:23:100::2/21131 
19:18:19.067553 OFF flow>4331 srcPort>46557 dst>fd10:23:100::2/21131 
19:18:19.096509 SHUTDOWN flow>4332 srcPort>38733 dst>fd10:23:100::2/21132 
19:18:19.096999 OFF flow>4332 srcPort>38733 dst>fd10:23:100::2/21132 
19:18:19.114202 ON flow>4359 srcPort>40941 dst>fd10:23:100::2/21159 
19:18:19.114559 CONNECT flow>4359 srcPort>40941 dst>fd10:23:100::2/21159 
19:18:19.194745 SHUTDOWN flow>4333 srcPort>35059 dst>fd10:23:100::2/21133 
19:18:19.195183 OFF flow>4333 srcPort>35059 dst>fd10:23:100::2/21133 
19:18:19.409113 SHUTDOWN flow>4334 srcPort>35327 dst>fd10:23:100::2/21134 
19:18:19.409559 OFF flow>4334 srcPort>35327 dst>fd10:23:100::2/21134 
19:18:19.454711 SHUTDOWN flow>4335 srcPort>35685 dst>fd10:23:100::2/21135 
19:18:19.455175 OFF flow>4335 srcPort>35685 dst>fd10:23:100::2/21135 
19:18:19.521228 SHUTDOWN flow>4336 srcPort>43495 dst>fd10:23:100::2/21136 
19:18:19.521705 OFF flow>4336 srcPort>43495 dst>fd10:23:100::2/21136 
19:18:19.555420 SHUTDOWN flow>4337 srcPort>39713 dst>fd10:23:100::2/21137 
19:18:19.555988 OFF flow>4337 srcPort>39713 dst>fd10:23:100::2/21137 
19:18:19.678398 ON flow>4360 srcPort>36535 dst>fd10:23:100::2/21160 
19:18:19.678786 CONNECT flow>4360 srcPort>36535 dst>fd10:23:100::2/21160 
19:18:19.742203 SHUTDOWN flow>4338 srcPort>43183 dst>fd10:23:100::2/21138 
19:18:19.742664 OFF flow>4338 srcPort>43183 dst>fd10:23:100::2/21138 
19:18:19.778119 ON flow>4361 srcPort>38543 dst>fd10:23:100::2/21161 
19:18:19.778494 CONNECT flow>4361 srcPort>38543 dst>fd10:23:100::2/21161 
19:18:19.851286 SHUTDOWN flow>4339 srcPort>39969 dst>fd10:23:100::2/21139 
19:18:19.851911 OFF flow>4339 srcPort>39969 dst>fd10:23:100::2/21139 
19:18:20.032603 SHUTDOWN flow>4340 srcPort>34881 dst>fd10:23:100::2/21140 
19:18:20.033151 OFF flow>4340 srcPort>34881 dst>fd10:23:100::2/21140 
19:18:20.117504 ON flow>4362 srcPort>38155 dst>fd10:23:100::2/21162 
19:18:20.117861 CONNECT flow>4362 srcPort>38155 dst>fd10:23:100::2/21162 
19:18:20.159434 ON flow>4363 srcPort>36305 dst>fd10:23:100::2/21163 
19:18:20.159826 CONNECT flow>4363 srcPort>36305 dst>fd10:23:100::2/21163 
19:18:20.265455 SHUTDOWN flow>4341 srcPort>36379 dst>fd10:23:100::2/21141 
19:18:20.266265 OFF flow>4341 srcPort>36379 dst>fd10:23:100::2/21141 
19:18:20.397739 SHUTDOWN flow>4342 srcPort>44795 dst>fd10:23:100::2/21142 
19:18:20.398269 OFF flow>4342 srcPort>44795 dst>fd10:23:100::2/21142 
19:18:20.786579 ON flow>4364 srcPort>35315 dst>fd10:23:100::2/21164 
19:18:20.787074 CONNECT flow>4364 srcPort>35315 dst>fd10:23:100::2/21164 
19:18:20.867143 ON flow>4365 srcPort>43961 dst>fd10:23:100::2/21165 
19:18:20.867712 CONNECT flow>4365 srcPort>43961 dst>fd10:23:100::2/21165 
19:18:21.087694 ON flow>4366 srcPort>44627 dst>fd10:23:100::2/21166 
19:18:21.088154 CONNECT flow>4366 srcPort>44627 dst>fd10:23:100::2/21166 
19:18:21.119371 ON flow>4367 srcPort>44815 dst>fd10:23:100::2/21167 
19:18:21.119754 CONNECT flow>4367 srcPort>44815 dst>fd10:23:100::2/21167 
19:18:21.132533 ON flow>4368 srcPort>41655 dst>fd10:23:100::2/21168 
19:18:21.132908 CONNECT flow>4368 srcPort>41655 dst>fd10:23:100::2/21168 
19:18:21.179551 ON flow>4369 srcPort>38595 dst>fd10:23:100::2/21169 
19:18:21.180179 CONNECT flow>4369 srcPort>38595 dst>fd10:23:100::2/21169 
19:18:21.240352 ON flow>4370 srcPort>42367 dst>fd10:23:100::2/21170 
19:18:21.240766 CONNECT flow>4370 srcPort>42367 dst>fd10:23:100::2/21170 
19:18:21.350814 ON flow>4371 srcPort>38695 dst>fd10:23:100::2/21171 
19:18:21.351186 CONNECT flow>4371 srcPort>38695 dst>fd10:23:100::2/21171 
19:18:21.385998 ON flow>4372 srcPort>34651 dst>fd10:23:100::2/21172 
19:18:21.386630 CONNECT flow>4372 srcPort>34651 dst>fd10:23:100::2/21172 
19:18:21.534180 SHUTDOWN flow>4343 srcPort>41095 dst>fd10:23:100::2/21143 
19:18:21.534663 OFF flow>4343 srcPort>41095 dst>fd10:23:100::2/21143 
19:18:21.673379 SHUTDOWN flow>4344 srcPort>45941 dst>fd10:23:100::2/21144 
19:18:21.673867 OFF flow>4344 srcPort>45941 dst>fd10:23:100::2/21144 
19:18:21.912032 SHUTDOWN flow>4345 srcPort>42455 dst>fd10:23:100::2/21145 
19:18:21.912620 OFF flow>4345 srcPort>42455 dst>fd10:23:100::2/21145 
19:18:21.921797 SHUTDOWN flow>4346 srcPort>36137 dst>fd10:23:100::2/21146 
19:18:21.922291 OFF flow>4346 srcPort>36137 dst>fd10:23:100::2/21146 
19:18:21.950405 ON flow>4373 srcPort>46153 dst>fd10:23:100::2/21173 
19:18:21.950826 CONNECT flow>4373 srcPort>46153 dst>fd10:23:100::2/21173 
19:18:21.964028 ON flow>4374 srcPort>40893 dst>fd10:23:100::2/21174 
19:18:21.964432 CONNECT flow>4374 srcPort>40893 dst>fd10:23:100::2/21174 
19:18:21.977087 SHUTDOWN flow>4347 srcPort>45829 dst>fd10:23:100::2/21147 
19:18:21.977746 OFF flow>4347 srcPort>45829 dst>fd10:23:100::2/21147 
19:18:21.985681 ON flow>4375 srcPort>35995 dst>fd10:23:100::2/21175 
19:18:21.986246 CONNECT flow>4375 srcPort>35995 dst>fd10:23:100::2/21175 
19:18:22.014669 ON flow>4376 srcPort>44421 dst>fd10:23:100::2/21176 
19:18:22.015047 CONNECT flow>4376 srcPort>44421 dst>fd10:23:100::2/21176 
19:18:22.232496 ON flow>4377 srcPort>36597 dst>fd10:23:100::2/21177 
19:18:22.232958 CONNECT flow>4377 srcPort>36597 dst>fd10:23:100::2/21177 
19:18:22.234379 SHUTDOWN flow>4348 srcPort>33895 dst>fd10:23:100::2/21148 
19:18:22.235031 OFF flow>4348 srcPort>33895 dst>fd10:23:100::2/21148 
19:18:22.243381 SHUTDOWN flow>4349 srcPort>41735 dst>fd10:23:100::2/21149 
19:18:22.244033 OFF flow>4349 srcPort>41735 dst>fd10:23:100::2/21149 
19:18:22.254709 ON flow>4378 srcPort>41093 dst>fd10:23:100::2/21178 
19:18:22.255120 CONNECT flow>4378 srcPort>41093 dst>fd10:23:100::2/21178 
19:18:22.310756 SHUTDOWN flow>4350 srcPort>40877 dst>fd10:23:100::2/21150 
19:18:22.311252 OFF flow>4350 srcPort>40877 dst>fd10:23:100::2/21150 
19:18:22.610680 SHUTDOWN flow>4351 srcPort>36655 dst>fd10:23:100::2/21151 
19:18:22.611136 OFF flow>4351 srcPort>36655 dst>fd10:23:100::2/21151 
19:18:22.949689 SHUTDOWN flow>4352 srcPort>45903 dst>fd10:23:100::2/21152 
19:18:22.950262 OFF flow>4352 srcPort>45903 dst>fd10:23:100::2/21152 
19:18:23.040159 SHUTDOWN flow>4353 srcPort>38163 dst>fd10:23:100::2/21153 
19:18:23.040663 OFF flow>4353 srcPort>38163 dst>fd10:23:100::2/21153 
19:18:23.048477 SHUTDOWN flow>4354 srcPort>41355 dst>fd10:23:100::2/21154 
19:18:23.049004 OFF flow>4354 srcPort>41355 dst>fd10:23:100::2/21154 
19:18:23.127078 SHUTDOWN flow>4355 srcPort>36735 dst>fd10:23:100::2/21155 
19:18:23.127586 OFF flow>4355 srcPort>36735 dst>fd10:23:100::2/21155 
19:18:23.210189 SHUTDOWN flow>4356 srcPort>38829 dst>fd10:23:100::2/21156 
19:18:23.210589 OFF flow>4356 srcPort>38829 dst>fd10:23:100::2/21156 
19:18:23.722300 SHUTDOWN flow>4357 srcPort>33001 dst>fd10:23:100::2/21157 
19:18:23.722847 OFF flow>4357 srcPort>33001 dst>fd10:23:100::2/21157 
19:18:23.730082 SHUTDOWN flow>4358 srcPort>32953 dst>fd10:23:100::2/21158 
19:18:23.730674 OFF flow>4358 srcPort>32953 dst>fd10:23:100::2/21158 
19:18:23.903616 ON flow>4379 srcPort>40947 dst>fd10:23:100::2/21179 
19:18:23.905050 CONNECT flow>4379 srcPort>40947 dst>fd10:23:100::2/21179 
19:18:23.913919 SHUTDOWN flow>4359 srcPort>40941 dst>fd10:23:100::2/21159 
19:18:23.914426 OFF flow>4359 srcPort>40941 dst>fd10:23:100::2/21159 
19:18:23.914822 ON flow>4380 srcPort>38371 dst>fd10:23:100::2/21180 
19:18:23.915421 CONNECT flow>4380 srcPort>38371 dst>fd10:23:100::2/21180 
19:18:23.968496 ON flow>4381 srcPort>46253 dst>fd10:23:100::2/21181 
19:18:23.968991 CONNECT flow>4381 srcPort>46253 dst>fd10:23:100::2/21181 
19:18:23.986029 ON flow>4382 srcPort>45883 dst>fd10:23:100::2/21182 
19:18:23.986454 CONNECT flow>4382 srcPort>45883 dst>fd10:23:100::2/21182 
19:18:23.994906 ON flow>4383 srcPort>45221 dst>fd10:23:100::2/21183 
19:18:24.018128 CONNECT flow>4383 srcPort>45221 dst>fd10:23:100::2/21183 
19:18:24.019182 ON flow>4384 srcPort>36853 dst>fd10:23:100::2/21184 
19:18:24.019524 CONNECT flow>4384 srcPort>36853 dst>fd10:23:100::2/21184 
19:18:24.169830 ON flow>4385 srcPort>43187 dst>fd10:23:100::2/21185 
19:18:24.170315 CONNECT flow>4385 srcPort>43187 dst>fd10:23:100::2/21185 
19:18:24.301097 ON flow>4386 srcPort>45359 dst>fd10:23:100::2/21186 
19:18:24.301721 CONNECT flow>4386 srcPort>45359 dst>fd10:23:100::2/21186 
19:18:24.336991 ON flow>4387 srcPort>37377 dst>fd10:23:100::2/21187 
19:18:24.337415 CONNECT flow>4387 srcPort>37377 dst>fd10:23:100::2/21187 
19:18:24.338502 ON flow>4388 srcPort>43161 dst>fd10:23:100::2/21188 
19:18:24.338882 CONNECT flow>4388 srcPort>43161 dst>fd10:23:100::2/21188 
19:18:24.466037 ON flow>4389 srcPort>44571 dst>fd10:23:100::2/21189 
19:18:24.466404 CONNECT flow>4389 srcPort>44571 dst>fd10:23:100::2/21189 
19:18:24.478269 SHUTDOWN flow>4360 srcPort>36535 dst>fd10:23:100::2/21160 
19:18:24.478933 OFF flow>4360 srcPort>36535 dst>fd10:23:100::2/21160 
19:18:24.527135 ON flow>4390 srcPort>37127 dst>fd10:23:100::2/21190 
19:18:24.527669 CONNECT flow>4390 srcPort>37127 dst>fd10:23:100::2/21190 
19:18:24.577982 SHUTDOWN flow>4361 srcPort>38543 dst>fd10:23:100::2/21161 
19:18:24.578422 OFF flow>4361 srcPort>38543 dst>fd10:23:100::2/21161 
19:18:24.639895 ON flow>4391 srcPort>39253 dst>fd10:23:100::2/21191 
19:18:24.640345 CONNECT flow>4391 srcPort>39253 dst>fd10:23:100::2/21191 
19:18:24.674746 ON flow>4392 srcPort>46055 dst>fd10:23:100::2/21192 
19:18:24.675290 CONNECT flow>4392 srcPort>46055 dst>fd10:23:100::2/21192 
19:18:24.704044 ON flow>4393 srcPort>46813 dst>fd10:23:100::2/21193 
19:18:24.704382 CONNECT flow>4393 srcPort>46813 dst>fd10:23:100::2/21193 
19:18:24.917384 SHUTDOWN flow>4362 srcPort>38155 dst>fd10:23:100::2/21162 
19:18:24.917901 OFF flow>4362 srcPort>38155 dst>fd10:23:100::2/21162 
19:18:24.959358 SHUTDOWN flow>4363 srcPort>36305 dst>fd10:23:100::2/21163 
19:18:24.959805 OFF flow>4363 srcPort>36305 dst>fd10:23:100::2/21163 
19:18:25.586260 SHUTDOWN flow>4364 srcPort>35315 dst>fd10:23:100::2/21164 
19:18:25.586892 OFF flow>4364 srcPort>35315 dst>fd10:23:100::2/21164 
19:18:25.666984 SHUTDOWN flow>4365 srcPort>43961 dst>fd10:23:100::2/21165 
19:18:25.667528 OFF flow>4365 srcPort>43961 dst>fd10:23:100::2/21165 
19:18:25.887376 SHUTDOWN flow>4366 srcPort>44627 dst>fd10:23:100::2/21166 
19:18:25.887957 OFF flow>4366 srcPort>44627 dst>fd10:23:100::2/21166 
19:18:25.918979 SHUTDOWN flow>4367 srcPort>44815 dst>fd10:23:100::2/21167 
19:18:25.919478 OFF flow>4367 srcPort>44815 dst>fd10:23:100::2/21167 
19:18:25.932476 SHUTDOWN flow>4368 srcPort>41655 dst>fd10:23:100::2/21168 
19:18:25.933061 OFF flow>4368 srcPort>41655 dst>fd10:23:100::2/21168 
19:18:25.979083 SHUTDOWN flow>4369 srcPort>38595 dst>fd10:23:100::2/21169 
19:18:25.979592 OFF flow>4369 srcPort>38595 dst>fd10:23:100::2/21169 
19:18:26.040293 SHUTDOWN flow>4370 srcPort>42367 dst>fd10:23:100::2/21170 
19:18:26.040899 OFF flow>4370 srcPort>42367 dst>fd10:23:100::2/21170 
19:18:26.150580 SHUTDOWN flow>4371 srcPort>38695 dst>fd10:23:100::2/21171 
19:18:26.151215 OFF flow>4371 srcPort>38695 dst>fd10:23:100::2/21171 
19:18:26.185847 SHUTDOWN flow>4372 srcPort>34651 dst>fd10:23:100::2/21172 
19:18:26.186363 OFF flow>4372 srcPort>34651 dst>fd10:23:100::2/21172 
19:18:26.325533 ON flow>4394 srcPort>35761 dst>fd10:23:100::2/21194 
19:18:26.326159 CONNECT flow>4394 srcPort>35761 dst>fd10:23:100::2/21194 
19:18:26.390038 ON flow>4395 srcPort>41557 dst>fd10:23:100::2/21195 
19:18:26.390523 CONNECT flow>4395 srcPort>41557 dst>fd10:23:100::2/21195 
19:18:26.615922 ON flow>4396 srcPort>45243 dst>fd10:23:100::2/21196 
19:18:26.616444 CONNECT flow>4396 srcPort>45243 dst>fd10:23:100::2/21196 
19:18:26.617079 ON flow>4397 srcPort>33977 dst>fd10:23:100::2/21197 
19:18:26.617553 CONNECT flow>4397 srcPort>33977 dst>fd10:23:100::2/21197 
19:18:26.683996 ON flow>4398 srcPort>36339 dst>fd10:23:100::2/21198 
19:18:26.684355 CONNECT flow>4398 srcPort>36339 dst>fd10:23:100::2/21198 
19:18:26.750155 SHUTDOWN flow>4373 srcPort>46153 dst>fd10:23:100::2/21173 
19:18:26.750652 OFF flow>4373 srcPort>46153 dst>fd10:23:100::2/21173 
19:18:26.763951 SHUTDOWN flow>4374 srcPort>40893 dst>fd10:23:100::2/21174 
19:18:26.764438 OFF flow>4374 srcPort>40893 dst>fd10:23:100::2/21174 
19:18:26.785472 SHUTDOWN flow>4375 srcPort>35995 dst>fd10:23:100::2/21175 
19:18:26.786067 OFF flow>4375 srcPort>35995 dst>fd10:23:100::2/21175 
19:18:26.814453 SHUTDOWN flow>4376 srcPort>44421 dst>fd10:23:100::2/21176 
19:18:26.814981 OFF flow>4376 srcPort>44421 dst>fd10:23:100::2/21176 
19:18:27.032341 SHUTDOWN flow>4377 srcPort>36597 dst>fd10:23:100::2/21177 
19:18:27.032739 OFF flow>4377 srcPort>36597 dst>fd10:23:100::2/21177 
19:18:27.054561 SHUTDOWN flow>4378 srcPort>41093 dst>fd10:23:100::2/21178 
19:18:27.055065 OFF flow>4378 srcPort>41093 dst>fd10:23:100::2/21178 
19:18:27.298657 ON flow>4399 srcPort>40399 dst>fd10:23:100::2/21199 
19:18:27.299030 CONNECT flow>4399 srcPort>40399 dst>fd10:23:100::2/21199 
19:18:27.476738 ON flow>4400 srcPort>46825 dst>fd10:23:100::2/21200 
19:18:27.477091 CONNECT flow>4400 srcPort>46825 dst>fd10:23:100::2/21200 
19:18:27.738700 ON flow>4401 srcPort>36759 dst>fd10:23:100::2/21201 
19:18:27.739349 CONNECT flow>4401 srcPort>36759 dst>fd10:23:100::2/21201 
19:18:28.703473 SHUTDOWN flow>4379 srcPort>40947 dst>fd10:23:100::2/21179 
19:18:28.704019 OFF flow>4379 srcPort>40947 dst>fd10:23:100::2/21179 
19:18:28.714760 SHUTDOWN flow>4380 srcPort>38371 dst>fd10:23:100::2/21180 
19:18:28.715274 OFF flow>4380 srcPort>38371 dst>fd10:23:100::2/21180 
19:18:28.744285 ON flow>4402 srcPort>38937 dst>fd10:23:100::2/21202 
19:18:28.744643 CONNECT flow>4402 srcPort>38937 dst>fd10:23:100::2/21202 
19:18:28.768507 SHUTDOWN flow>4381 srcPort>46253 dst>fd10:23:100::2/21181 
19:18:28.769046 OFF flow>4381 srcPort>46253 dst>fd10:23:100::2/21181 
19:18:28.785978 SHUTDOWN flow>4382 srcPort>45883 dst>fd10:23:100::2/21182 
19:18:28.786470 OFF flow>4382 srcPort>45883 dst>fd10:23:100::2/21182 
19:18:28.794866 SHUTDOWN flow>4383 srcPort>45221 dst>fd10:23:100::2/21183 
19:18:28.795396 OFF flow>4383 srcPort>45221 dst>fd10:23:100::2/21183 
19:18:28.819097 SHUTDOWN flow>4384 srcPort>36853 dst>fd10:23:100::2/21184 
19:18:28.819552 OFF flow>4384 srcPort>36853 dst>fd10:23:100::2/21184 
19:18:28.827073 ON flow>4403 srcPort>34839 dst>fd10:23:100::2/21203 
19:18:28.827475 CONNECT flow>4403 srcPort>34839 dst>fd10:23:100::2/21203 
19:18:28.969819 SHUTDOWN flow>4385 srcPort>43187 dst>fd10:23:100::2/21185 
19:18:28.970353 OFF flow>4385 srcPort>43187 dst>fd10:23:100::2/21185 
19:18:28.972401 ON flow>4404 srcPort>34079 dst>fd10:23:100::2/21204 
19:18:28.973054 CONNECT flow>4404 srcPort>34079 dst>fd10:23:100::2/21204 
19:18:29.101098 SHUTDOWN flow>4386 srcPort>45359 dst>fd10:23:100::2/21186 
19:18:29.101577 OFF flow>4386 srcPort>45359 dst>fd10:23:100::2/21186 
19:18:29.136978 SHUTDOWN flow>4387 srcPort>37377 dst>fd10:23:100::2/21187 
19:18:29.137576 OFF flow>4387 srcPort>37377 dst>fd10:23:100::2/21187 
19:18:29.138463 SHUTDOWN flow>4388 srcPort>43161 dst>fd10:23:100::2/21188 
19:18:29.138961 OFF flow>4388 srcPort>43161 dst>fd10:23:100::2/21188 
19:18:29.265961 SHUTDOWN flow>4389 srcPort>44571 dst>fd10:23:100::2/21189 
19:18:29.266495 OFF flow>4389 srcPort>44571 dst>fd10:23:100::2/21189 
19:18:29.327099 SHUTDOWN flow>4390 srcPort>37127 dst>fd10:23:100::2/21190 
19:18:29.327722 OFF flow>4390 srcPort>37127 dst>fd10:23:100::2/21190 
19:18:29.439757 SHUTDOWN flow>4391 srcPort>39253 dst>fd10:23:100::2/21191 
19:18:29.440570 OFF flow>4391 srcPort>39253 dst>fd10:23:100::2/21191 
19:18:29.474551 SHUTDOWN flow>4392 srcPort>46055 dst>fd10:23:100::2/21192 
19:18:29.475240 OFF flow>4392 srcPort>46055 dst>fd10:23:100::2/21192 
19:18:29.503972 SHUTDOWN flow>4393 srcPort>46813 dst>fd10:23:100::2/21193 
19:18:29.504458 OFF flow>4393 srcPort>46813 dst>fd10:23:100::2/21193 
19:18:31.125201 SHUTDOWN flow>4394 srcPort>35761 dst>fd10:23:100::2/21194 
19:18:31.125812 OFF flow>4394 srcPort>35761 dst>fd10:23:100::2/21194 
19:18:31.189944 SHUTDOWN flow>4395 srcPort>41557 dst>fd10:23:100::2/21195 
19:18:31.190521 OFF flow>4395 srcPort>41557 dst>fd10:23:100::2/21195 
19:18:31.415849 SHUTDOWN flow>4396 srcPort>45243 dst>fd10:23:100::2/21196 
19:18:31.416386 OFF flow>4396 srcPort>45243 dst>fd10:23:100::2/21196 
19:18:31.417040 SHUTDOWN flow>4397 srcPort>33977 dst>fd10:23:100::2/21197 
19:18:31.417983 OFF flow>4397 srcPort>33977 dst>fd10:23:100::2/21197 
19:18:31.483879 SHUTDOWN flow>4398 srcPort>36339 dst>fd10:23:100::2/21198 
19:18:31.484309 OFF flow>4398 srcPort>36339 dst>fd10:23:100::2/21198 
19:18:32.098379 SHUTDOWN flow>4399 srcPort>40399 dst>fd10:23:100::2/21199 
19:18:32.099099 OFF flow>4399 srcPort>40399 dst>fd10:23:100::2/21199 
19:18:32.276564 SHUTDOWN flow>4400 srcPort>46825 dst>fd10:23:100::2/21200 
19:18:32.277103 OFF flow>4400 srcPort>46825 dst>fd10:23:100::2/21200 
19:18:32.538472 SHUTDOWN flow>4401 srcPort>36759 dst>fd10:23:100::2/21201 
19:18:32.539012 OFF flow>4401 srcPort>36759 dst>fd10:23:100::2/21201 
19:18:33.544163 SHUTDOWN flow>4402 srcPort>38937 dst>fd10:23:100::2/21202 
19:18:33.544783 OFF flow>4402 srcPort>38937 dst>fd10:23:100::2/21202 
19:18:33.626873 SHUTDOWN flow>4403 srcPort>34839 dst>fd10:23:100::2/21203 
19:18:33.627439 OFF flow>4403 srcPort>34839 dst>fd10:23:100::2/21203 
19:18:33.772401 SHUTDOWN flow>4404 srcPort>34079 dst>fd10:23:100::2/21204 
19:18:33.772848 OFF flow>4404 srcPort>34079 dst>fd10:23:100::2/21204 
19:18:34.507267 ON flow>4405 srcPort>36109 dst>fd10:23:100::2/21205 
19:18:34.507711 CONNECT flow>4405 srcPort>36109 dst>fd10:23:100::2/21205 
19:18:34.566023 ON flow>4406 srcPort>36989 dst>fd10:23:100::2/21206 
19:18:34.566480 CONNECT flow>4406 srcPort>36989 dst>fd10:23:100::2/21206 
19:18:34.646430 ON flow>4407 srcPort>36979 dst>fd10:23:100::2/21207 
19:18:34.646956 CONNECT flow>4407 srcPort>36979 dst>fd10:23:100::2/21207 
19:18:34.655099 ON flow>4408 srcPort>41195 dst>fd10:23:100::2/21208 
19:18:34.655429 CONNECT flow>4408 srcPort>41195 dst>fd10:23:100::2/21208 
19:18:34.683726 ON flow>4409 srcPort>39553 dst>fd10:23:100::2/21209 
19:18:34.684114 CONNECT flow>4409 srcPort>39553 dst>fd10:23:100::2/21209 
19:18:37.259931 ON flow>4410 srcPort>41447 dst>fd10:23:100::2/21210 
19:18:37.260382 CONNECT flow>4410 srcPort>41447 dst>fd10:23:100::2/21210 
19:18:37.304849 ON flow>4411 srcPort>36063 dst>fd10:23:100::2/21211 
19:18:37.305257 CONNECT flow>4411 srcPort>36063 dst>fd10:23:100::2/21211 
19:18:37.378657 ON flow>4412 srcPort>33731 dst>fd10:23:100::2/21212 
19:18:37.378976 ON flow>4413 srcPort>36617 dst>fd10:23:100::2/21213 
19:18:37.379045 CONNECT flow>4412 srcPort>33731 dst>fd10:23:100::2/21212 
19:18:37.379350 CONNECT flow>4413 srcPort>36617 dst>fd10:23:100::2/21213 
19:18:37.444054 ON flow>4414 srcPort>42663 dst>fd10:23:100::2/21214 
19:18:37.444571 CONNECT flow>4414 srcPort>42663 dst>fd10:23:100::2/21214 
19:18:37.829980 ON flow>4415 srcPort>35955 dst>fd10:23:100::2/21215 
19:18:37.830554 CONNECT flow>4415 srcPort>35955 dst>fd10:23:100::2/21215 
19:18:37.862845 ON flow>4416 srcPort>44433 dst>fd10:23:100::2/21216 
19:18:37.863292 CONNECT flow>4416 srcPort>44433 dst>fd10:23:100::2/21216 
19:18:38.193554 ON flow>4417 srcPort>41193 dst>fd10:23:100::2/21217 
19:18:38.194044 CONNECT flow>4417 srcPort>41193 dst>fd10:23:100::2/21217 
19:18:38.247050 ON flow>4418 srcPort>43845 dst>fd10:23:100::2/21218 
19:18:38.247536 CONNECT flow>4418 srcPort>43845 dst>fd10:23:100::2/21218 
19:18:38.314035 ON flow>4419 srcPort>41201 dst>fd10:23:100::2/21219 
19:18:38.314475 CONNECT flow>4419 srcPort>41201 dst>fd10:23:100::2/21219 
19:18:38.469422 ON flow>4420 srcPort>38167 dst>fd10:23:100::2/21220 
19:18:38.469822 CONNECT flow>4420 srcPort>38167 dst>fd10:23:100::2/21220 
19:18:38.549587 ON flow>4421 srcPort>40491 dst>fd10:23:100::2/21221 
19:18:38.550134 CONNECT flow>4421 srcPort>40491 dst>fd10:23:100::2/21221 
19:18:38.566631 ON flow>4422 srcPort>46439 dst>fd10:23:100::2/21222 
19:18:38.567103 CONNECT flow>4422 srcPort>46439 dst>fd10:23:100::2/21222 
19:18:38.574850 ON flow>4423 srcPort>33409 dst>fd10:23:100::2/21223 
19:18:38.575112 ON flow>4424 srcPort>35503 dst>fd10:23:100::2/21224 
19:18:38.575371 CONNECT flow>4423 srcPort>33409 dst>fd10:23:100::2/21223 
19:18:38.575680 CONNECT flow>4424 srcPort>35503 dst>fd10:23:100::2/21224 
19:18:39.306975 SHUTDOWN flow>4405 srcPort>36109 dst>fd10:23:100::2/21205 
19:18:39.307671 OFF flow>4405 srcPort>36109 dst>fd10:23:100::2/21205 
19:18:39.365849 SHUTDOWN flow>4406 srcPort>36989 dst>fd10:23:100::2/21206 
19:18:39.366362 OFF flow>4406 srcPort>36989 dst>fd10:23:100::2/21206 
19:18:39.446397 SHUTDOWN flow>4407 srcPort>36979 dst>fd10:23:100::2/21207 
19:18:39.446883 OFF flow>4407 srcPort>36979 dst>fd10:23:100::2/21207 
19:18:39.455060 SHUTDOWN flow>4408 srcPort>41195 dst>fd10:23:100::2/21208 
19:18:39.455703 OFF flow>4408 srcPort>41195 dst>fd10:23:100::2/21208 
19:18:39.483728 SHUTDOWN flow>4409 srcPort>39553 dst>fd10:23:100::2/21209 
19:18:39.484247 OFF flow>4409 srcPort>39553 dst>fd10:23:100::2/21209 
19:18:40.231818 ON flow>4425 srcPort>40287 dst>fd10:23:100::2/21225 
19:18:40.232208 CONNECT flow>4425 srcPort>40287 dst>fd10:23:100::2/21225 
19:18:40.234220 ON flow>4426 srcPort>33239 dst>fd10:23:100::2/21226 
19:18:40.234611 CONNECT flow>4426 srcPort>33239 dst>fd10:23:100::2/21226 
19:18:40.241731 ON flow>4427 srcPort>42153 dst>fd10:23:100::2/21227 
19:18:40.242056 CONNECT flow>4427 srcPort>42153 dst>fd10:23:100::2/21227 
19:18:40.404121 ON flow>4428 srcPort>42811 dst>fd10:23:100::2/21228 
19:18:40.404643 CONNECT flow>4428 srcPort>42811 dst>fd10:23:100::2/21228 
19:18:40.591226 ON flow>4429 srcPort>39515 dst>fd10:23:100::2/21229 
19:18:40.591650 CONNECT flow>4429 srcPort>39515 dst>fd10:23:100::2/21229 
19:18:40.630014 ON flow>4430 srcPort>42493 dst>fd10:23:100::2/21230 
19:18:40.630377 CONNECT flow>4430 srcPort>42493 dst>fd10:23:100::2/21230 
19:18:42.059759 SHUTDOWN flow>4410 srcPort>41447 dst>fd10:23:100::2/21210 
19:18:42.060309 OFF flow>4410 srcPort>41447 dst>fd10:23:100::2/21210 
19:18:42.104788 SHUTDOWN flow>4411 srcPort>36063 dst>fd10:23:100::2/21211 
19:18:42.105332 OFF flow>4411 srcPort>36063 dst>fd10:23:100::2/21211 
19:18:42.128201 ON flow>4431 srcPort>41499 dst>fd10:23:100::2/21231 
19:18:42.128544 CONNECT flow>4431 srcPort>41499 dst>fd10:23:100::2/21231 
19:18:42.140394 ON flow>4432 srcPort>33869 dst>fd10:23:100::2/21232 
19:18:42.140761 CONNECT flow>4432 srcPort>33869 dst>fd10:23:100::2/21232 
19:18:42.178737 SHUTDOWN flow>4412 srcPort>33731 dst>fd10:23:100::2/21212 
19:18:42.178876 SHUTDOWN flow>4413 srcPort>36617 dst>fd10:23:100::2/21213 
19:18:42.179477 ON flow>4433 srcPort>46787 dst>fd10:23:100::2/21233 
19:18:42.179541 OFF flow>4412 srcPort>33731 dst>fd10:23:100::2/21212 
19:18:42.179774 OFF flow>4413 srcPort>36617 dst>fd10:23:100::2/21213 
19:18:42.179822 CONNECT flow>4433 srcPort>46787 dst>fd10:23:100::2/21233 
19:18:42.243981 SHUTDOWN flow>4414 srcPort>42663 dst>fd10:23:100::2/21214 
19:18:42.244494 OFF flow>4414 srcPort>42663 dst>fd10:23:100::2/21214 
19:18:42.275683 ON flow>4434 srcPort>41509 dst>fd10:23:100::2/21234 
19:18:42.276039 CONNECT flow>4434 srcPort>41509 dst>fd10:23:100::2/21234 
19:18:42.550364 ON flow>4435 srcPort>39293 dst>fd10:23:100::2/21235 
19:18:42.550717 CONNECT flow>4435 srcPort>39293 dst>fd10:23:100::2/21235 
19:18:42.590882 ON flow>4436 srcPort>32949 dst>fd10:23:100::2/21236 
19:18:42.591209 CONNECT flow>4436 srcPort>32949 dst>fd10:23:100::2/21236 
19:18:42.624105 ON flow>4437 srcPort>39375 dst>fd10:23:100::2/21237 
19:18:42.624513 CONNECT flow>4437 srcPort>39375 dst>fd10:23:100::2/21237 
19:18:42.629787 SHUTDOWN flow>4415 srcPort>35955 dst>fd10:23:100::2/21215 
19:18:42.630301 OFF flow>4415 srcPort>35955 dst>fd10:23:100::2/21215 
19:18:42.637582 ON flow>4438 srcPort>45867 dst>fd10:23:100::2/21238 
19:18:42.638218 CONNECT flow>4438 srcPort>45867 dst>fd10:23:100::2/21238 
19:18:42.663857 SHUTDOWN flow>4416 srcPort>44433 dst>fd10:23:100::2/21216 
19:18:42.664589 OFF flow>4416 srcPort>44433 dst>fd10:23:100::2/21216 
19:18:42.673168 ON flow>4439 srcPort>41229 dst>fd10:23:100::2/21239 
19:18:42.673572 CONNECT flow>4439 srcPort>41229 dst>fd10:23:100::2/21239 
19:18:42.685765 ON flow>4440 srcPort>45145 dst>fd10:23:100::2/21240 
19:18:42.686192 CONNECT flow>4440 srcPort>45145 dst>fd10:23:100::2/21240 
19:18:42.751301 ON flow>4441 srcPort>44029 dst>fd10:23:100::2/21241 
19:18:42.751755 CONNECT flow>4441 srcPort>44029 dst>fd10:23:100::2/21241 
19:18:42.820135 ON flow>4442 srcPort>43563 dst>fd10:23:100::2/21242 
19:18:42.820511 CONNECT flow>4442 srcPort>43563 dst>fd10:23:100::2/21242 
19:18:42.831270 ON flow>4443 srcPort>42823 dst>fd10:23:100::2/21243 
19:18:42.831632 CONNECT flow>4443 srcPort>42823 dst>fd10:23:100::2/21243 
19:18:42.844879 ON flow>4444 srcPort>33947 dst>fd10:23:100::2/21244 
19:18:42.845355 CONNECT flow>4444 srcPort>33947 dst>fd10:23:100::2/21244 
19:18:42.873002 ON flow>4445 srcPort>38555 dst>fd10:23:100::2/21245 
19:18:42.873416 CONNECT flow>4445 srcPort>38555 dst>fd10:23:100::2/21245 
19:18:42.928795 ON flow>4446 srcPort>35573 dst>fd10:23:100::2/21246 
19:18:42.929209 CONNECT flow>4446 srcPort>35573 dst>fd10:23:100::2/21246 
19:18:42.933712 ON flow>4447 srcPort>40511 dst>fd10:23:100::2/21247 
19:18:42.934186 CONNECT flow>4447 srcPort>40511 dst>fd10:23:100::2/21247 
19:18:42.993363 SHUTDOWN flow>4417 srcPort>41193 dst>fd10:23:100::2/21217 
19:18:42.993847 OFF flow>4417 srcPort>41193 dst>fd10:23:100::2/21217 
19:18:43.046859 SHUTDOWN flow>4418 srcPort>43845 dst>fd10:23:100::2/21218 
19:18:43.047463 OFF flow>4418 srcPort>43845 dst>fd10:23:100::2/21218 
19:18:43.105767 ON flow>4448 srcPort>42993 dst>fd10:23:100::2/21248 
19:18:43.106159 CONNECT flow>4448 srcPort>42993 dst>fd10:23:100::2/21248 
19:18:43.111661 ON flow>4449 srcPort>45129 dst>fd10:23:100::2/21249 
19:18:43.112044 CONNECT flow>4449 srcPort>45129 dst>fd10:23:100::2/21249 
19:18:43.113876 SHUTDOWN flow>4419 srcPort>41201 dst>fd10:23:100::2/21219 
19:18:43.114476 OFF flow>4419 srcPort>41201 dst>fd10:23:100::2/21219 
19:18:43.269157 SHUTDOWN flow>4420 srcPort>38167 dst>fd10:23:100::2/21220 
19:18:43.270023 OFF flow>4420 srcPort>38167 dst>fd10:23:100::2/21220 
19:18:43.349371 SHUTDOWN flow>4421 srcPort>40491 dst>fd10:23:100::2/21221 
19:18:43.349935 OFF flow>4421 srcPort>40491 dst>fd10:23:100::2/21221 
19:18:43.366387 SHUTDOWN flow>4422 srcPort>46439 dst>fd10:23:100::2/21222 
19:18:43.366986 OFF flow>4422 srcPort>46439 dst>fd10:23:100::2/21222 
19:18:43.374679 SHUTDOWN flow>4423 srcPort>33409 dst>fd10:23:100::2/21223 
19:18:43.375094 OFF flow>4423 srcPort>33409 dst>fd10:23:100::2/21223 
19:18:43.375148 SHUTDOWN flow>4424 srcPort>35503 dst>fd10:23:100::2/21224 
19:18:43.375585 OFF flow>4424 srcPort>35503 dst>fd10:23:100::2/21224 
19:18:43.639394 ON flow>4450 srcPort>44583 dst>fd10:23:100::2/21250 
19:18:43.639825 CONNECT flow>4450 srcPort>44583 dst>fd10:23:100::2/21250 
19:18:43.675626 ON flow>4451 srcPort>41673 dst>fd10:23:100::2/21251 
19:18:43.676165 CONNECT flow>4451 srcPort>41673 dst>fd10:23:100::2/21251 
19:18:43.689051 ON flow>4452 srcPort>43093 dst>fd10:23:100::2/21252 
19:18:43.689462 CONNECT flow>4452 srcPort>43093 dst>fd10:23:100::2/21252 
19:18:43.716123 ON flow>4453 srcPort>41449 dst>fd10:23:100::2/21253 
19:18:43.716565 CONNECT flow>4453 srcPort>41449 dst>fd10:23:100::2/21253 
19:18:44.096271 ON flow>4454 srcPort>43567 dst>fd10:23:100::2/21254 
19:18:44.096657 CONNECT flow>4454 srcPort>43567 dst>fd10:23:100::2/21254 
19:18:44.219677 ON flow>4455 srcPort>45567 dst>fd10:23:100::2/21255 
19:18:44.220090 CONNECT flow>4455 srcPort>45567 dst>fd10:23:100::2/21255 
19:18:45.031581 SHUTDOWN flow>4425 srcPort>40287 dst>fd10:23:100::2/21225 
19:18:45.032320 OFF flow>4425 srcPort>40287 dst>fd10:23:100::2/21225 
19:18:45.034172 SHUTDOWN flow>4426 srcPort>33239 dst>fd10:23:100::2/21226 
19:18:45.034739 OFF flow>4426 srcPort>33239 dst>fd10:23:100::2/21226 
19:18:45.041729 SHUTDOWN flow>4427 srcPort>42153 dst>fd10:23:100::2/21227 
19:18:45.042191 OFF flow>4427 srcPort>42153 dst>fd10:23:100::2/21227 
19:18:45.204043 SHUTDOWN flow>4428 srcPort>42811 dst>fd10:23:100::2/21228 
19:18:45.204691 OFF flow>4428 srcPort>42811 dst>fd10:23:100::2/21228 
19:18:45.391060 SHUTDOWN flow>4429 srcPort>39515 dst>fd10:23:100::2/21229 
19:18:45.391695 OFF flow>4429 srcPort>39515 dst>fd10:23:100::2/21229 
19:18:45.429866 SHUTDOWN flow>4430 srcPort>42493 dst>fd10:23:100::2/21230 
19:18:45.430383 OFF flow>4430 srcPort>42493 dst>fd10:23:100::2/21230 
19:18:46.453508 ON flow>4456 srcPort>37453 dst>fd10:23:100::2/21256 
19:18:46.453976 CONNECT flow>4456 srcPort>37453 dst>fd10:23:100::2/21256 
19:18:46.498938 ON flow>4457 srcPort>39079 dst>fd10:23:100::2/21257 
19:18:46.499316 CONNECT flow>4457 srcPort>39079 dst>fd10:23:100::2/21257 
19:18:46.554836 ON flow>4458 srcPort>37297 dst>fd10:23:100::2/21258 
19:18:46.555169 CONNECT flow>4458 srcPort>37297 dst>fd10:23:100::2/21258 
19:18:46.927982 SHUTDOWN flow>4431 srcPort>41499 dst>fd10:23:100::2/21231 
19:18:46.928554 OFF flow>4431 srcPort>41499 dst>fd10:23:100::2/21231 
19:18:46.940311 SHUTDOWN flow>4432 srcPort>33869 dst>fd10:23:100::2/21232 
19:18:46.940748 OFF flow>4432 srcPort>33869 dst>fd10:23:100::2/21232 
19:18:46.979296 SHUTDOWN flow>4433 srcPort>46787 dst>fd10:23:100::2/21233 
19:18:46.980051 OFF flow>4433 srcPort>46787 dst>fd10:23:100::2/21233 
19:18:47.075586 SHUTDOWN flow>4434 srcPort>41509 dst>fd10:23:100::2/21234 
19:18:47.076324 OFF flow>4434 srcPort>41509 dst>fd10:23:100::2/21234 
19:18:47.350180 SHUTDOWN flow>4435 srcPort>39293 dst>fd10:23:100::2/21235 
19:18:47.350786 OFF flow>4435 srcPort>39293 dst>fd10:23:100::2/21235 
19:18:47.390822 SHUTDOWN flow>4436 srcPort>32949 dst>fd10:23:100::2/21236 
19:18:47.391282 OFF flow>4436 srcPort>32949 dst>fd10:23:100::2/21236 
19:18:47.423980 SHUTDOWN flow>4437 srcPort>39375 dst>fd10:23:100::2/21237 
19:18:47.424487 OFF flow>4437 srcPort>39375 dst>fd10:23:100::2/21237 
19:18:47.437480 SHUTDOWN flow>4438 srcPort>45867 dst>fd10:23:100::2/21238 
19:18:47.438397 OFF flow>4438 srcPort>45867 dst>fd10:23:100::2/21238 
19:18:47.457737 ON flow>4459 srcPort>42017 dst>fd10:23:100::2/21259 
19:18:47.458094 CONNECT flow>4459 srcPort>42017 dst>fd10:23:100::2/21259 
19:18:47.473001 SHUTDOWN flow>4439 srcPort>41229 dst>fd10:23:100::2/21239 
19:18:47.473483 OFF flow>4439 srcPort>41229 dst>fd10:23:100::2/21239 
19:18:47.485681 SHUTDOWN flow>4440 srcPort>45145 dst>fd10:23:100::2/21240 
19:18:47.486505 OFF flow>4440 srcPort>45145 dst>fd10:23:100::2/21240 
19:18:47.551190 SHUTDOWN flow>4441 srcPort>44029 dst>fd10:23:100::2/21241 
19:18:47.551674 OFF flow>4441 srcPort>44029 dst>fd10:23:100::2/21241 
19:18:47.558037 ON flow>4460 srcPort>42671 dst>fd10:23:100::2/21260 
19:18:47.558853 CONNECT flow>4460 srcPort>42671 dst>fd10:23:100::2/21260 
19:18:47.619895 SHUTDOWN flow>4442 srcPort>43563 dst>fd10:23:100::2/21242 
19:18:47.620546 OFF flow>4442 srcPort>43563 dst>fd10:23:100::2/21242 
19:18:47.631230 SHUTDOWN flow>4443 srcPort>42823 dst>fd10:23:100::2/21243 
19:18:47.631768 OFF flow>4443 srcPort>42823 dst>fd10:23:100::2/21243 
19:18:47.644791 SHUTDOWN flow>4444 srcPort>33947 dst>fd10:23:100::2/21244 
19:18:47.645254 OFF flow>4444 srcPort>33947 dst>fd10:23:100::2/21244 
19:18:47.672918 SHUTDOWN flow>4445 srcPort>38555 dst>fd10:23:100::2/21245 
19:18:47.673434 OFF flow>4445 srcPort>38555 dst>fd10:23:100::2/21245 
19:18:47.728770 SHUTDOWN flow>4446 srcPort>35573 dst>fd10:23:100::2/21246 
19:18:47.729288 OFF flow>4446 srcPort>35573 dst>fd10:23:100::2/21246 
19:18:47.733601 SHUTDOWN flow>4447 srcPort>40511 dst>fd10:23:100::2/21247 
19:18:47.734046 OFF flow>4447 srcPort>40511 dst>fd10:23:100::2/21247 
19:18:47.761787 ON flow>4461 srcPort>40901 dst>fd10:23:100::2/21261 
19:18:47.762115 CONNECT flow>4461 srcPort>40901 dst>fd10:23:100::2/21261 
19:18:47.767430 ON flow>4462 srcPort>35571 dst>fd10:23:100::2/21262 
19:18:47.768314 CONNECT flow>4462 srcPort>35571 dst>fd10:23:100::2/21262 
19:18:47.770860 ON flow>4463 srcPort>34879 dst>fd10:23:100::2/21263 
19:18:47.771208 CONNECT flow>4463 srcPort>34879 dst>fd10:23:100::2/21263 
19:18:47.776115 ON flow>4464 srcPort>33615 dst>fd10:23:100::2/21264 
19:18:47.776627 CONNECT flow>4464 srcPort>33615 dst>fd10:23:100::2/21264 
19:18:47.798210 ON flow>4465 srcPort>33425 dst>fd10:23:100::2/21265 
19:18:47.798627 CONNECT flow>4465 srcPort>33425 dst>fd10:23:100::2/21265 
19:18:47.819333 ON flow>4466 srcPort>43077 dst>fd10:23:100::2/21266 
19:18:47.819717 CONNECT flow>4466 srcPort>43077 dst>fd10:23:100::2/21266 
19:18:47.855672 ON flow>4467 srcPort>34767 dst>fd10:23:100::2/21267 
19:18:47.856002 CONNECT flow>4467 srcPort>34767 dst>fd10:23:100::2/21267 
19:18:47.905596 SHUTDOWN flow>4448 srcPort>42993 dst>fd10:23:100::2/21248 
19:18:47.906074 OFF flow>4448 srcPort>42993 dst>fd10:23:100::2/21248 
19:18:47.911497 SHUTDOWN flow>4449 srcPort>45129 dst>fd10:23:100::2/21249 
19:18:47.914772 OFF flow>4449 srcPort>45129 dst>fd10:23:100::2/21249 
19:18:47.981988 ON flow>4468 srcPort>34745 dst>fd10:23:100::2/21268 
19:18:47.982341 CONNECT flow>4468 srcPort>34745 dst>fd10:23:100::2/21268 
19:18:48.034796 ON flow>4469 srcPort>40281 dst>fd10:23:100::2/21269 
19:18:48.035112 CONNECT flow>4469 srcPort>40281 dst>fd10:23:100::2/21269 
19:18:48.039336 ON flow>4470 srcPort>39091 dst>fd10:23:100::2/21270 
19:18:48.039739 CONNECT flow>4470 srcPort>39091 dst>fd10:23:100::2/21270 
19:18:48.054771 ON flow>4471 srcPort>39105 dst>fd10:23:100::2/21271 
19:18:48.055161 CONNECT flow>4471 srcPort>39105 dst>fd10:23:100::2/21271 
19:18:48.060179 ON flow>4472 srcPort>43413 dst>fd10:23:100::2/21272 
19:18:48.060540 CONNECT flow>4472 srcPort>43413 dst>fd10:23:100::2/21272 
19:18:48.229164 ON flow>4473 srcPort>33655 dst>fd10:23:100::2/21273 
19:18:48.229615 CONNECT flow>4473 srcPort>33655 dst>fd10:23:100::2/21273 
19:18:48.276601 ON flow>4474 srcPort>33241 dst>fd10:23:100::2/21274 
19:18:48.276968 CONNECT flow>4474 srcPort>33241 dst>fd10:23:100::2/21274 
19:18:48.321063 ON flow>4475 srcPort>38879 dst>fd10:23:100::2/21275 
19:18:48.321452 CONNECT flow>4475 srcPort>38879 dst>fd10:23:100::2/21275 
19:18:48.362501 ON flow>4476 srcPort>41125 dst>fd10:23:100::2/21276 
19:18:48.362797 CONNECT flow>4476 srcPort>41125 dst>fd10:23:100::2/21276 
19:18:48.372275 ON flow>4477 srcPort>34615 dst>fd10:23:100::2/21277 
19:18:48.372699 CONNECT flow>4477 srcPort>34615 dst>fd10:23:100::2/21277 
19:18:48.406281 ON flow>4478 srcPort>33899 dst>fd10:23:100::2/21278 
19:18:48.406702 CONNECT flow>4478 srcPort>33899 dst>fd10:23:100::2/21278 
19:18:48.409152 ON flow>4479 srcPort>37443 dst>fd10:23:100::2/21279 
19:18:48.409542 CONNECT flow>4479 srcPort>37443 dst>fd10:23:100::2/21279 
19:18:48.439069 SHUTDOWN flow>4450 srcPort>44583 dst>fd10:23:100::2/21250 
19:18:48.439657 OFF flow>4450 srcPort>44583 dst>fd10:23:100::2/21250 
19:18:48.455393 ON flow>4480 srcPort>46329 dst>fd10:23:100::2/21280 
19:18:48.455841 CONNECT flow>4480 srcPort>46329 dst>fd10:23:100::2/21280 
19:18:48.475475 SHUTDOWN flow>4451 srcPort>41673 dst>fd10:23:100::2/21251 
19:18:48.475959 OFF flow>4451 srcPort>41673 dst>fd10:23:100::2/21251 
19:18:48.488973 SHUTDOWN flow>4452 srcPort>43093 dst>fd10:23:100::2/21252 
19:18:48.489881 OFF flow>4452 srcPort>43093 dst>fd10:23:100::2/21252 
19:18:48.515992 SHUTDOWN flow>4453 srcPort>41449 dst>fd10:23:100::2/21253 
19:18:48.516448 OFF flow>4453 srcPort>41449 dst>fd10:23:100::2/21253 
19:18:48.586245 ON flow>4481 srcPort>40453 dst>fd10:23:100::2/21281 
19:18:48.586609 CONNECT flow>4481 srcPort>40453 dst>fd10:23:100::2/21281 
19:18:48.601180 ON flow>4482 srcPort>35913 dst>fd10:23:100::2/21282 
19:18:48.601585 CONNECT flow>4482 srcPort>35913 dst>fd10:23:100::2/21282 
19:18:48.626734 ON flow>4483 srcPort>40885 dst>fd10:23:100::2/21283 
19:18:48.627174 CONNECT flow>4483 srcPort>40885 dst>fd10:23:100::2/21283 
19:18:48.679431 ON flow>4484 srcPort>45683 dst>fd10:23:100::2/21284 
19:18:48.679814 CONNECT flow>4484 srcPort>45683 dst>fd10:23:100::2/21284 
19:18:48.895988 SHUTDOWN flow>4454 srcPort>43567 dst>fd10:23:100::2/21254 
19:18:48.896459 OFF flow>4454 srcPort>43567 dst>fd10:23:100::2/21254 
19:18:49.019306 SHUTDOWN flow>4455 srcPort>45567 dst>fd10:23:100::2/21255 
19:18:49.019878 OFF flow>4455 srcPort>45567 dst>fd10:23:100::2/21255 
19:18:50.781326 ON flow>4485 srcPort>35399 dst>fd10:23:100::2/21285 
19:18:50.781700 CONNECT flow>4485 srcPort>35399 dst>fd10:23:100::2/21285 
19:18:50.842563 ON flow>4486 srcPort>44245 dst>fd10:23:100::2/21286 
19:18:50.842993 CONNECT flow>4486 srcPort>44245 dst>fd10:23:100::2/21286 
19:18:50.855930 ON flow>4487 srcPort>43109 dst>fd10:23:100::2/21287 
19:18:50.856260 CONNECT flow>4487 srcPort>43109 dst>fd10:23:100::2/21287 
19:18:50.898013 ON flow>4488 srcPort>40931 dst>fd10:23:100::2/21288 
19:18:50.898609 CONNECT flow>4488 srcPort>40931 dst>fd10:23:100::2/21288 
19:18:50.912772 ON flow>4489 srcPort>35133 dst>fd10:23:100::2/21289 
19:18:50.913119 CONNECT flow>4489 srcPort>35133 dst>fd10:23:100::2/21289 
19:18:51.253311 SHUTDOWN flow>4456 srcPort>37453 dst>fd10:23:100::2/21256 
19:18:51.253837 OFF flow>4456 srcPort>37453 dst>fd10:23:100::2/21256 
19:18:51.298717 SHUTDOWN flow>4457 srcPort>39079 dst>fd10:23:100::2/21257 
19:18:51.299268 OFF flow>4457 srcPort>39079 dst>fd10:23:100::2/21257 
19:18:51.354617 SHUTDOWN flow>4458 srcPort>37297 dst>fd10:23:100::2/21258 
19:18:51.355064 OFF flow>4458 srcPort>37297 dst>fd10:23:100::2/21258 
19:18:51.847504 ON flow>4490 srcPort>36785 dst>fd10:23:100::2/21290 
19:18:51.848198 CONNECT flow>4490 srcPort>36785 dst>fd10:23:100::2/21290 
19:18:51.884585 ON flow>4491 srcPort>39779 dst>fd10:23:100::2/21291 
19:18:51.884996 CONNECT flow>4491 srcPort>39779 dst>fd10:23:100::2/21291 
19:18:51.952218 ON flow>4492 srcPort>38125 dst>fd10:23:100::2/21292 
19:18:51.952722 CONNECT flow>4492 srcPort>38125 dst>fd10:23:100::2/21292 
19:18:52.073467 ON flow>4493 srcPort>37399 dst>fd10:23:100::2/21293 
19:18:52.073966 CONNECT flow>4493 srcPort>37399 dst>fd10:23:100::2/21293 
19:18:52.076499 ON flow>4494 srcPort>35781 dst>fd10:23:100::2/21294 
19:18:52.076851 CONNECT flow>4494 srcPort>35781 dst>fd10:23:100::2/21294 
19:18:52.081280 ON flow>4495 srcPort>34167 dst>fd10:23:100::2/21295 
19:18:52.081740 CONNECT flow>4495 srcPort>34167 dst>fd10:23:100::2/21295 
19:18:52.169648 ON flow>4496 srcPort>35585 dst>fd10:23:100::2/21296 
19:18:52.169979 CONNECT flow>4496 srcPort>35585 dst>fd10:23:100::2/21296 
19:18:52.257590 SHUTDOWN flow>4459 srcPort>42017 dst>fd10:23:100::2/21259 
19:18:52.258134 OFF flow>4459 srcPort>42017 dst>fd10:23:100::2/21259 
19:18:52.357788 SHUTDOWN flow>4460 srcPort>42671 dst>fd10:23:100::2/21260 
19:18:52.358279 OFF flow>4460 srcPort>42671 dst>fd10:23:100::2/21260 
19:18:52.561699 SHUTDOWN flow>4461 srcPort>40901 dst>fd10:23:100::2/21261 
19:18:52.562210 OFF flow>4461 srcPort>40901 dst>fd10:23:100::2/21261 
19:18:52.567332 SHUTDOWN flow>4462 srcPort>35571 dst>fd10:23:100::2/21262 
19:18:52.567828 OFF flow>4462 srcPort>35571 dst>fd10:23:100::2/21262 
19:18:52.570846 SHUTDOWN flow>4463 srcPort>34879 dst>fd10:23:100::2/21263 
19:18:52.571324 OFF flow>4463 srcPort>34879 dst>fd10:23:100::2/21263 
19:18:52.576044 SHUTDOWN flow>4464 srcPort>33615 dst>fd10:23:100::2/21264 
19:18:52.576506 OFF flow>4464 srcPort>33615 dst>fd10:23:100::2/21264 
19:18:52.598225 SHUTDOWN flow>4465 srcPort>33425 dst>fd10:23:100::2/21265 
19:18:52.598862 OFF flow>4465 srcPort>33425 dst>fd10:23:100::2/21265 
19:18:52.619300 SHUTDOWN flow>4466 srcPort>43077 dst>fd10:23:100::2/21266 
19:18:52.619828 OFF flow>4466 srcPort>43077 dst>fd10:23:100::2/21266 
19:18:52.655630 SHUTDOWN flow>4467 srcPort>34767 dst>fd10:23:100::2/21267 
19:18:52.656083 OFF flow>4467 srcPort>34767 dst>fd10:23:100::2/21267 
19:18:52.746472 ON flow>4497 srcPort>33995 dst>fd10:23:100::2/21297 
19:18:52.746994 CONNECT flow>4497 srcPort>33995 dst>fd10:23:100::2/21297 
19:18:52.750489 ON flow>4498 srcPort>37259 dst>fd10:23:100::2/21298 
19:18:52.751152 CONNECT flow>4498 srcPort>37259 dst>fd10:23:100::2/21298 
19:18:52.781939 SHUTDOWN flow>4468 srcPort>34745 dst>fd10:23:100::2/21268 
19:18:52.782851 OFF flow>4468 srcPort>34745 dst>fd10:23:100::2/21268 
19:18:52.834778 SHUTDOWN flow>4469 srcPort>40281 dst>fd10:23:100::2/21269 
19:18:52.835377 OFF flow>4469 srcPort>40281 dst>fd10:23:100::2/21269 
19:18:52.839228 SHUTDOWN flow>4470 srcPort>39091 dst>fd10:23:100::2/21270 
19:18:52.839837 OFF flow>4470 srcPort>39091 dst>fd10:23:100::2/21270 
19:18:52.854758 SHUTDOWN flow>4471 srcPort>39105 dst>fd10:23:100::2/21271 
19:18:52.855437 OFF flow>4471 srcPort>39105 dst>fd10:23:100::2/21271 
19:18:52.860133 SHUTDOWN flow>4472 srcPort>43413 dst>fd10:23:100::2/21272 
19:18:52.860644 OFF flow>4472 srcPort>43413 dst>fd10:23:100::2/21272 
19:18:52.904116 ON flow>4499 srcPort>42463 dst>fd10:23:100::2/21299 
19:18:52.904531 CONNECT flow>4499 srcPort>42463 dst>fd10:23:100::2/21299 
19:18:52.908000 ON flow>4500 srcPort>40957 dst>fd10:23:100::2/21300 
19:18:52.908358 CONNECT flow>4500 srcPort>40957 dst>fd10:23:100::2/21300 
19:18:52.920918 ON flow>4501 srcPort>35103 dst>fd10:23:100::2/21301 
19:18:52.921274 CONNECT flow>4501 srcPort>35103 dst>fd10:23:100::2/21301 
19:18:52.934285 ON flow>4502 srcPort>37639 dst>fd10:23:100::2/21302 
19:18:52.934721 CONNECT flow>4502 srcPort>37639 dst>fd10:23:100::2/21302 
19:18:52.950679 ON flow>4503 srcPort>36129 dst>fd10:23:100::2/21303 
19:18:52.951080 CONNECT flow>4503 srcPort>36129 dst>fd10:23:100::2/21303 
19:18:52.997160 ON flow>4504 srcPort>36231 dst>fd10:23:100::2/21304 
19:18:52.997478 CONNECT flow>4504 srcPort>36231 dst>fd10:23:100::2/21304 
19:18:53.029007 SHUTDOWN flow>4473 srcPort>33655 dst>fd10:23:100::2/21273 
19:18:53.029549 OFF flow>4473 srcPort>33655 dst>fd10:23:100::2/21273 
19:18:53.030297 ON flow>4505 srcPort>37611 dst>fd10:23:100::2/21305 
19:18:53.030667 CONNECT flow>4505 srcPort>37611 dst>fd10:23:100::2/21305 
19:18:53.071596 ON flow>4506 srcPort>35415 dst>fd10:23:100::2/21306 
19:18:53.071919 CONNECT flow>4506 srcPort>35415 dst>fd10:23:100::2/21306 
19:18:53.076525 SHUTDOWN flow>4474 srcPort>33241 dst>fd10:23:100::2/21274 
19:18:53.077181 OFF flow>4474 srcPort>33241 dst>fd10:23:100::2/21274 
19:18:53.121004 SHUTDOWN flow>4475 srcPort>38879 dst>fd10:23:100::2/21275 
19:18:53.121623 OFF flow>4475 srcPort>38879 dst>fd10:23:100::2/21275 
19:18:53.162026 SHUTDOWN flow>4476 srcPort>41125 dst>fd10:23:100::2/21276 
19:18:53.165325 OFF flow>4476 srcPort>41125 dst>fd10:23:100::2/21276 
19:18:53.172203 SHUTDOWN flow>4477 srcPort>34615 dst>fd10:23:100::2/21277 
19:18:53.172681 OFF flow>4477 srcPort>34615 dst>fd10:23:100::2/21277 
19:18:53.206113 SHUTDOWN flow>4478 srcPort>33899 dst>fd10:23:100::2/21278 
19:18:53.206618 OFF flow>4478 srcPort>33899 dst>fd10:23:100::2/21278 
19:18:53.208907 SHUTDOWN flow>4479 srcPort>37443 dst>fd10:23:100::2/21279 
19:18:53.209368 OFF flow>4479 srcPort>37443 dst>fd10:23:100::2/21279 
19:18:53.255238 SHUTDOWN flow>4480 srcPort>46329 dst>fd10:23:100::2/21280 
19:18:53.255728 OFF flow>4480 srcPort>46329 dst>fd10:23:100::2/21280 
19:18:53.326124 ON flow>4507 srcPort>41485 dst>fd10:23:100::2/21307 
19:18:53.326611 CONNECT flow>4507 srcPort>41485 dst>fd10:23:100::2/21307 
19:18:53.366339 ON flow>4508 srcPort>33697 dst>fd10:23:100::2/21308 
19:18:53.366750 CONNECT flow>4508 srcPort>33697 dst>fd10:23:100::2/21308 
19:18:53.385933 SHUTDOWN flow>4481 srcPort>40453 dst>fd10:23:100::2/21281 
19:18:53.386419 OFF flow>4481 srcPort>40453 dst>fd10:23:100::2/21281 
19:18:53.400812 SHUTDOWN flow>4482 srcPort>35913 dst>fd10:23:100::2/21282 
19:18:53.401254 OFF flow>4482 srcPort>35913 dst>fd10:23:100::2/21282 
19:18:53.420667 ON flow>4509 srcPort>43065 dst>fd10:23:100::2/21309 
19:18:53.421012 CONNECT flow>4509 srcPort>43065 dst>fd10:23:100::2/21309 
19:18:53.426427 SHUTDOWN flow>4483 srcPort>40885 dst>fd10:23:100::2/21283 
19:18:53.426866 OFF flow>4483 srcPort>40885 dst>fd10:23:100::2/21283 
19:18:53.479233 SHUTDOWN flow>4484 srcPort>45683 dst>fd10:23:100::2/21284 
19:18:53.479736 OFF flow>4484 srcPort>45683 dst>fd10:23:100::2/21284 
19:18:53.690791 ON flow>4510 srcPort>42313 dst>fd10:23:100::2/21310 
19:18:53.691163 CONNECT flow>4510 srcPort>42313 dst>fd10:23:100::2/21310 
19:18:53.832672 ON flow>4511 srcPort>38353 dst>fd10:23:100::2/21311 
19:18:53.833029 CONNECT flow>4511 srcPort>38353 dst>fd10:23:100::2/21311 
19:18:54.123541 ON flow>4512 srcPort>38787 dst>fd10:23:100::2/21312 
19:18:54.123999 CONNECT flow>4512 srcPort>38787 dst>fd10:23:100::2/21312 
19:18:54.236454 ON flow>4513 srcPort>37339 dst>fd10:23:100::2/21313 
19:18:54.236876 CONNECT flow>4513 srcPort>37339 dst>fd10:23:100::2/21313 
19:18:54.325145 ON flow>4514 srcPort>33197 dst>fd10:23:100::2/21314 
19:18:54.325552 CONNECT flow>4514 srcPort>33197 dst>fd10:23:100::2/21314 
19:18:54.343369 ON flow>4515 srcPort>44999 dst>fd10:23:100::2/21315 
19:18:54.343685 CONNECT flow>4515 srcPort>44999 dst>fd10:23:100::2/21315 
19:18:54.513266 ON flow>4516 srcPort>35931 dst>fd10:23:100::2/21316 
19:18:54.513651 CONNECT flow>4516 srcPort>35931 dst>fd10:23:100::2/21316 
19:18:54.620709 ON flow>4517 srcPort>45875 dst>fd10:23:100::2/21317 
19:18:54.621185 CONNECT flow>4517 srcPort>45875 dst>fd10:23:100::2/21317 
19:18:54.679370 ON flow>4518 srcPort>45401 dst>fd10:23:100::2/21318 
19:18:54.679689 CONNECT flow>4518 srcPort>45401 dst>fd10:23:100::2/21318 
19:18:54.789386 ON flow>4519 srcPort>36883 dst>fd10:23:100::2/21319 
19:18:54.789723 CONNECT flow>4519 srcPort>36883 dst>fd10:23:100::2/21319 
19:18:55.581160 SHUTDOWN flow>4485 srcPort>35399 dst>fd10:23:100::2/21285 
19:18:55.581698 OFF flow>4485 srcPort>35399 dst>fd10:23:100::2/21285 
19:18:55.642287 SHUTDOWN flow>4486 srcPort>44245 dst>fd10:23:100::2/21286 
19:18:55.642815 OFF flow>4486 srcPort>44245 dst>fd10:23:100::2/21286 
19:18:55.655879 SHUTDOWN flow>4487 srcPort>43109 dst>fd10:23:100::2/21287 
19:18:55.656294 OFF flow>4487 srcPort>43109 dst>fd10:23:100::2/21287 
19:18:55.698040 SHUTDOWN flow>4488 srcPort>40931 dst>fd10:23:100::2/21288 
19:18:55.698461 OFF flow>4488 srcPort>40931 dst>fd10:23:100::2/21288 
19:18:55.712482 SHUTDOWN flow>4489 srcPort>35133 dst>fd10:23:100::2/21289 
19:18:55.715734 OFF flow>4489 srcPort>35133 dst>fd10:23:100::2/21289 
19:18:56.517032 ON flow>4520 srcPort>46393 dst>fd10:23:100::2/21320 
19:18:56.517447 CONNECT flow>4520 srcPort>46393 dst>fd10:23:100::2/21320 
19:18:56.645433 SHUTDOWN flow>4490 srcPort>36785 dst>fd10:23:100::2/21290 
19:18:56.645866 OFF flow>4490 srcPort>36785 dst>fd10:23:100::2/21290 
19:18:56.677420 ON flow>4521 srcPort>44405 dst>fd10:23:100::2/21321 
19:18:56.677751 CONNECT flow>4521 srcPort>44405 dst>fd10:23:100::2/21321 
19:18:56.684384 SHUTDOWN flow>4491 srcPort>39779 dst>fd10:23:100::2/21291 
19:18:56.684834 OFF flow>4491 srcPort>39779 dst>fd10:23:100::2/21291 
19:18:56.751986 SHUTDOWN flow>4492 srcPort>38125 dst>fd10:23:100::2/21292 
19:18:56.752452 OFF flow>4492 srcPort>38125 dst>fd10:23:100::2/21292 
19:18:56.827475 ON flow>4522 srcPort>35993 dst>fd10:23:100::2/21322 
19:18:56.827873 CONNECT flow>4522 srcPort>35993 dst>fd10:23:100::2/21322 
19:18:56.830483 ON flow>4523 srcPort>42897 dst>fd10:23:100::2/21323 
19:18:56.830845 CONNECT flow>4523 srcPort>42897 dst>fd10:23:100::2/21323 
19:18:56.868279 ON flow>4524 srcPort>39413 dst>fd10:23:100::2/21324 
19:18:56.869122 CONNECT flow>4524 srcPort>39413 dst>fd10:23:100::2/21324 
19:18:56.873288 SHUTDOWN flow>4493 srcPort>37399 dst>fd10:23:100::2/21293 
19:18:56.873834 OFF flow>4493 srcPort>37399 dst>fd10:23:100::2/21293 
19:18:56.876200 SHUTDOWN flow>4494 srcPort>35781 dst>fd10:23:100::2/21294 
19:18:56.876618 OFF flow>4494 srcPort>35781 dst>fd10:23:100::2/21294 
19:18:56.881260 SHUTDOWN flow>4495 srcPort>34167 dst>fd10:23:100::2/21295 
19:18:56.881761 OFF flow>4495 srcPort>34167 dst>fd10:23:100::2/21295 
19:18:56.946180 ON flow>4525 srcPort>36877 dst>fd10:23:100::2/21325 
19:18:56.946548 CONNECT flow>4525 srcPort>36877 dst>fd10:23:100::2/21325 
19:18:56.953939 ON flow>4526 srcPort>35663 dst>fd10:23:100::2/21326 
19:18:56.954329 CONNECT flow>4526 srcPort>35663 dst>fd10:23:100::2/21326 
19:18:56.969516 SHUTDOWN flow>4496 srcPort>35585 dst>fd10:23:100::2/21296 
19:18:56.970037 OFF flow>4496 srcPort>35585 dst>fd10:23:100::2/21296 
19:18:57.490805 ON flow>4527 srcPort>33451 dst>fd10:23:100::2/21327 
19:18:57.491301 CONNECT flow>4527 srcPort>33451 dst>fd10:23:100::2/21327 
19:18:57.546179 SHUTDOWN flow>4497 srcPort>33995 dst>fd10:23:100::2/21297 
19:18:57.547059 OFF flow>4497 srcPort>33995 dst>fd10:23:100::2/21297 
19:18:57.550381 SHUTDOWN flow>4498 srcPort>37259 dst>fd10:23:100::2/21298 
19:18:57.551059 OFF flow>4498 srcPort>37259 dst>fd10:23:100::2/21298 
19:18:57.587163 ON flow>4528 srcPort>43003 dst>fd10:23:100::2/21328 
19:18:57.587589 CONNECT flow>4528 srcPort>43003 dst>fd10:23:100::2/21328 
19:18:57.678608 ON flow>4529 srcPort>33411 dst>fd10:23:100::2/21329 
19:18:57.679465 CONNECT flow>4529 srcPort>33411 dst>fd10:23:100::2/21329 
19:18:57.704129 SHUTDOWN flow>4499 srcPort>42463 dst>fd10:23:100::2/21299 
19:18:57.704760 OFF flow>4499 srcPort>42463 dst>fd10:23:100::2/21299 
19:18:57.707781 SHUTDOWN flow>4500 srcPort>40957 dst>fd10:23:100::2/21300 
19:18:57.708337 OFF flow>4500 srcPort>40957 dst>fd10:23:100::2/21300 
19:18:57.720862 SHUTDOWN flow>4501 srcPort>35103 dst>fd10:23:100::2/21301 
19:18:57.721313 OFF flow>4501 srcPort>35103 dst>fd10:23:100::2/21301 
19:18:57.724347 ON flow>4530 srcPort>41495 dst>fd10:23:100::2/21330 
19:18:57.724769 CONNECT flow>4530 srcPort>41495 dst>fd10:23:100::2/21330 
19:18:57.734193 SHUTDOWN flow>4502 srcPort>37639 dst>fd10:23:100::2/21302 
19:18:57.734679 OFF flow>4502 srcPort>37639 dst>fd10:23:100::2/21302 
19:18:57.750599 SHUTDOWN flow>4503 srcPort>36129 dst>fd10:23:100::2/21303 
19:18:57.751033 OFF flow>4503 srcPort>36129 dst>fd10:23:100::2/21303 
19:18:57.797110 SHUTDOWN flow>4504 srcPort>36231 dst>fd10:23:100::2/21304 
19:18:57.797542 OFF flow>4504 srcPort>36231 dst>fd10:23:100::2/21304 
19:18:57.830192 SHUTDOWN flow>4505 srcPort>37611 dst>fd10:23:100::2/21305 
19:18:57.830769 OFF flow>4505 srcPort>37611 dst>fd10:23:100::2/21305 
19:18:57.871536 SHUTDOWN flow>4506 srcPort>35415 dst>fd10:23:100::2/21306 
19:18:57.872081 OFF flow>4506 srcPort>35415 dst>fd10:23:100::2/21306 
19:18:57.875160 ON flow>4531 srcPort>44907 dst>fd10:23:100::2/21331 
19:18:57.875524 CONNECT flow>4531 srcPort>44907 dst>fd10:23:100::2/21331 
19:18:57.884566 ON flow>4532 srcPort>41511 dst>fd10:23:100::2/21332 
19:18:57.884954 CONNECT flow>4532 srcPort>41511 dst>fd10:23:100::2/21332 
19:18:57.905495 ON flow>4533 srcPort>43501 dst>fd10:23:100::2/21333 
19:18:57.905850 CONNECT flow>4533 srcPort>43501 dst>fd10:23:100::2/21333 
19:18:57.920807 ON flow>4534 srcPort>43747 dst>fd10:23:100::2/21334 
19:18:57.921446 CONNECT flow>4534 srcPort>43747 dst>fd10:23:100::2/21334 
19:18:57.963561 ON flow>4535 srcPort>33673 dst>fd10:23:100::2/21335 
19:18:57.963979 CONNECT flow>4535 srcPort>33673 dst>fd10:23:100::2/21335 
19:18:58.126020 SHUTDOWN flow>4507 srcPort>41485 dst>fd10:23:100::2/21307 
19:18:58.126694 OFF flow>4507 srcPort>41485 dst>fd10:23:100::2/21307 
19:18:58.166190 SHUTDOWN flow>4508 srcPort>33697 dst>fd10:23:100::2/21308 
19:18:58.166709 OFF flow>4508 srcPort>33697 dst>fd10:23:100::2/21308 
19:18:58.220675 SHUTDOWN flow>4509 srcPort>43065 dst>fd10:23:100::2/21309 
19:18:58.221286 OFF flow>4509 srcPort>43065 dst>fd10:23:100::2/21309 
19:18:58.490699 SHUTDOWN flow>4510 srcPort>42313 dst>fd10:23:100::2/21310 
19:18:58.491334 OFF flow>4510 srcPort>42313 dst>fd10:23:100::2/21310 
19:18:58.632840 SHUTDOWN flow>4511 srcPort>38353 dst>fd10:23:100::2/21311 
19:18:58.633343 OFF flow>4511 srcPort>38353 dst>fd10:23:100::2/21311 
19:18:58.923303 SHUTDOWN flow>4512 srcPort>38787 dst>fd10:23:100::2/21312 
19:18:58.923845 OFF flow>4512 srcPort>38787 dst>fd10:23:100::2/21312 
19:18:59.036489 SHUTDOWN flow>4513 srcPort>37339 dst>fd10:23:100::2/21313 
19:18:59.037067 OFF flow>4513 srcPort>37339 dst>fd10:23:100::2/21313 
19:18:59.064703 ON flow>4536 srcPort>34209 dst>fd10:23:100::2/21336 
19:18:59.065109 CONNECT flow>4536 srcPort>34209 dst>fd10:23:100::2/21336 
19:18:59.082385 ON flow>4537 srcPort>42365 dst>fd10:23:100::2/21337 
19:18:59.082805 CONNECT flow>4537 srcPort>42365 dst>fd10:23:100::2/21337 
19:18:59.125092 SHUTDOWN flow>4514 srcPort>33197 dst>fd10:23:100::2/21314 
19:18:59.125577 OFF flow>4514 srcPort>33197 dst>fd10:23:100::2/21314 
19:18:59.143363 SHUTDOWN flow>4515 srcPort>44999 dst>fd10:23:100::2/21315 
19:18:59.144120 OFF flow>4515 srcPort>44999 dst>fd10:23:100::2/21315 
19:18:59.302368 ON flow>4538 srcPort>43245 dst>fd10:23:100::2/21338 
19:18:59.302771 CONNECT flow>4538 srcPort>43245 dst>fd10:23:100::2/21338 
19:18:59.313201 SHUTDOWN flow>4516 srcPort>35931 dst>fd10:23:100::2/21316 
19:18:59.313733 OFF flow>4516 srcPort>35931 dst>fd10:23:100::2/21316 
19:18:59.331245 ON flow>4539 srcPort>46269 dst>fd10:23:100::2/21339 
19:18:59.331592 CONNECT flow>4539 srcPort>46269 dst>fd10:23:100::2/21339 
19:18:59.331841 ON flow>4540 srcPort>42137 dst>fd10:23:100::2/21340 
19:18:59.332180 CONNECT flow>4540 srcPort>42137 dst>fd10:23:100::2/21340 
19:18:59.420409 SHUTDOWN flow>4517 srcPort>45875 dst>fd10:23:100::2/21317 
19:18:59.421155 OFF flow>4517 srcPort>45875 dst>fd10:23:100::2/21317 
19:18:59.479287 SHUTDOWN flow>4518 srcPort>45401 dst>fd10:23:100::2/21318 
19:18:59.479749 OFF flow>4518 srcPort>45401 dst>fd10:23:100::2/21318 
19:18:59.589290 SHUTDOWN flow>4519 srcPort>36883 dst>fd10:23:100::2/21319 
19:18:59.589799 OFF flow>4519 srcPort>36883 dst>fd10:23:100::2/21319 
19:18:59.797644 ON flow>4541 srcPort>34019 dst>fd10:23:100::2/21341 
19:18:59.798019 CONNECT flow>4541 srcPort>34019 dst>fd10:23:100::2/21341 
19:18:59.873922 ON flow>4542 srcPort>36917 dst>fd10:23:100::2/21342 
19:18:59.874267 CONNECT flow>4542 srcPort>36917 dst>fd10:23:100::2/21342 
19:19:00.018932 ON flow>4543 srcPort>38615 dst>fd10:23:100::2/21343 
19:19:00.019326 CONNECT flow>4543 srcPort>38615 dst>fd10:23:100::2/21343 
19:19:00.050095 ON flow>4544 srcPort>38961 dst>fd10:23:100::2/21344 
19:19:00.050529 CONNECT flow>4544 srcPort>38961 dst>fd10:23:100::2/21344 
19:19:00.089248 ON flow>4545 srcPort>36299 dst>fd10:23:100::2/21345 
19:19:00.089657 CONNECT flow>4545 srcPort>36299 dst>fd10:23:100::2/21345 
19:19:00.153484 ON flow>4546 srcPort>33199 dst>fd10:23:100::2/21346 
19:19:00.153887 CONNECT flow>4546 srcPort>33199 dst>fd10:23:100::2/21346 
19:19:00.624618 ON flow>4547 srcPort>43375 dst>fd10:23:100::2/21347 
19:19:00.624968 CONNECT flow>4547 srcPort>43375 dst>fd10:23:100::2/21347 
19:19:00.755016 ON flow>4548 srcPort>35727 dst>fd10:23:100::2/21348 
19:19:00.755429 CONNECT flow>4548 srcPort>35727 dst>fd10:23:100::2/21348 
19:19:00.831239 ON flow>4549 srcPort>36355 dst>fd10:23:100::2/21349 
19:19:00.831719 CONNECT flow>4549 srcPort>36355 dst>fd10:23:100::2/21349 
19:19:01.135078 ON flow>4550 srcPort>38721 dst>fd10:23:100::2/21350 
19:19:01.135500 CONNECT flow>4550 srcPort>38721 dst>fd10:23:100::2/21350 
19:19:01.179807 ON flow>4551 srcPort>35899 dst>fd10:23:100::2/21351 
19:19:01.180201 CONNECT flow>4551 srcPort>35899 dst>fd10:23:100::2/21351 
19:19:01.214754 ON flow>4552 srcPort>43555 dst>fd10:23:100::2/21352 
19:19:01.215232 CONNECT flow>4552 srcPort>43555 dst>fd10:23:100::2/21352 
19:19:01.313162 ON flow>4553 srcPort>34427 dst>fd10:23:100::2/21353 
19:19:01.313607 CONNECT flow>4553 srcPort>34427 dst>fd10:23:100::2/21353 
19:19:01.313904 ON flow>4554 srcPort>45503 dst>fd10:23:100::2/21354 
19:19:01.314375 CONNECT flow>4554 srcPort>45503 dst>fd10:23:100::2/21354 
19:19:01.316643 SHUTDOWN flow>4520 srcPort>46393 dst>fd10:23:100::2/21320 
19:19:01.317117 OFF flow>4520 srcPort>46393 dst>fd10:23:100::2/21320 
19:19:01.448876 ON flow>4555 srcPort>33119 dst>fd10:23:100::2/21355 
19:19:01.449280 CONNECT flow>4555 srcPort>33119 dst>fd10:23:100::2/21355 
19:19:01.477037 SHUTDOWN flow>4521 srcPort>44405 dst>fd10:23:100::2/21321 
19:19:01.477516 OFF flow>4521 srcPort>44405 dst>fd10:23:100::2/21321 
19:19:01.507327 ON flow>4556 srcPort>41005 dst>fd10:23:100::2/21356 
19:19:01.507757 CONNECT flow>4556 srcPort>41005 dst>fd10:23:100::2/21356 
19:19:01.584351 ON flow>4557 srcPort>39907 dst>fd10:23:100::2/21357 
19:19:01.584757 CONNECT flow>4557 srcPort>39907 dst>fd10:23:100::2/21357 
19:19:01.627038 SHUTDOWN flow>4522 srcPort>35993 dst>fd10:23:100::2/21322 
19:19:01.627523 OFF flow>4522 srcPort>35993 dst>fd10:23:100::2/21322 
19:19:01.630344 SHUTDOWN flow>4523 srcPort>42897 dst>fd10:23:100::2/21323 
19:19:01.630796 OFF flow>4523 srcPort>42897 dst>fd10:23:100::2/21323 
19:19:01.668192 SHUTDOWN flow>4524 srcPort>39413 dst>fd10:23:100::2/21324 
19:19:01.668707 OFF flow>4524 srcPort>39413 dst>fd10:23:100::2/21324 
19:19:01.745949 SHUTDOWN flow>4525 srcPort>36877 dst>fd10:23:100::2/21325 
19:19:01.746386 OFF flow>4525 srcPort>36877 dst>fd10:23:100::2/21325 
19:19:01.753855 SHUTDOWN flow>4526 srcPort>35663 dst>fd10:23:100::2/21326 
19:19:01.754383 OFF flow>4526 srcPort>35663 dst>fd10:23:100::2/21326 
19:19:02.290585 SHUTDOWN flow>4527 srcPort>33451 dst>fd10:23:100::2/21327 
19:19:02.291051 OFF flow>4527 srcPort>33451 dst>fd10:23:100::2/21327 
19:19:02.387115 SHUTDOWN flow>4528 srcPort>43003 dst>fd10:23:100::2/21328 
19:19:02.387567 OFF flow>4528 srcPort>43003 dst>fd10:23:100::2/21328 
19:19:02.454726 ON flow>4558 srcPort>45847 dst>fd10:23:100::2/21358 
19:19:02.455224 CONNECT flow>4558 srcPort>45847 dst>fd10:23:100::2/21358 
19:19:02.478386 SHUTDOWN flow>4529 srcPort>33411 dst>fd10:23:100::2/21329 
19:19:02.478918 OFF flow>4529 srcPort>33411 dst>fd10:23:100::2/21329 
19:19:02.513308 ON flow>4559 srcPort>45505 dst>fd10:23:100::2/21359 
19:19:02.513705 CONNECT flow>4559 srcPort>45505 dst>fd10:23:100::2/21359 
19:19:02.524294 SHUTDOWN flow>4530 srcPort>41495 dst>fd10:23:100::2/21330 
19:19:02.524728 OFF flow>4530 srcPort>41495 dst>fd10:23:100::2/21330 
19:19:02.531897 ON flow>4560 srcPort>41715 dst>fd10:23:100::2/21360 
19:19:02.532319 CONNECT flow>4560 srcPort>41715 dst>fd10:23:100::2/21360 
19:19:02.645221 ON flow>4561 srcPort>33015 dst>fd10:23:100::2/21361 
19:19:02.645671 CONNECT flow>4561 srcPort>33015 dst>fd10:23:100::2/21361 
19:19:02.675097 SHUTDOWN flow>4531 srcPort>44907 dst>fd10:23:100::2/21331 
19:19:02.675644 OFF flow>4531 srcPort>44907 dst>fd10:23:100::2/21331 
19:19:02.684485 SHUTDOWN flow>4532 srcPort>41511 dst>fd10:23:100::2/21332 
19:19:02.685055 OFF flow>4532 srcPort>41511 dst>fd10:23:100::2/21332 
19:19:02.705435 SHUTDOWN flow>4533 srcPort>43501 dst>fd10:23:100::2/21333 
19:19:02.705862 OFF flow>4533 srcPort>43501 dst>fd10:23:100::2/21333 
19:19:02.718913 ON flow>4562 srcPort>41103 dst>fd10:23:100::2/21362 
19:19:02.719315 CONNECT flow>4562 srcPort>41103 dst>fd10:23:100::2/21362 
19:19:02.720692 SHUTDOWN flow>4534 srcPort>43747 dst>fd10:23:100::2/21334 
19:19:02.721090 OFF flow>4534 srcPort>43747 dst>fd10:23:100::2/21334 
19:19:02.736426 ON flow>4563 srcPort>43705 dst>fd10:23:100::2/21363 
19:19:02.736751 CONNECT flow>4563 srcPort>43705 dst>fd10:23:100::2/21363 
19:19:02.763507 SHUTDOWN flow>4535 srcPort>33673 dst>fd10:23:100::2/21335 
19:19:02.763976 OFF flow>4535 srcPort>33673 dst>fd10:23:100::2/21335 
19:19:02.819643 ON flow>4564 srcPort>44677 dst>fd10:23:100::2/21364 
19:19:02.820097 CONNECT flow>4564 srcPort>44677 dst>fd10:23:100::2/21364 
19:19:02.860280 ON flow>4565 srcPort>37261 dst>fd10:23:100::2/21365 
19:19:02.860721 CONNECT flow>4565 srcPort>37261 dst>fd10:23:100::2/21365 
19:19:02.864491 ON flow>4566 srcPort>42417 dst>fd10:23:100::2/21366 
19:19:02.864879 CONNECT flow>4566 srcPort>42417 dst>fd10:23:100::2/21366 
19:19:03.087262 ON flow>4567 srcPort>44913 dst>fd10:23:100::2/21367 
19:19:03.087660 CONNECT flow>4567 srcPort>44913 dst>fd10:23:100::2/21367 
19:19:03.151406 ON flow>4568 srcPort>42575 dst>fd10:23:100::2/21368 
19:19:03.151762 CONNECT flow>4568 srcPort>42575 dst>fd10:23:100::2/21368 
19:19:03.395929 ON flow>4569 srcPort>40387 dst>fd10:23:100::2/21369 
19:19:03.396372 CONNECT flow>4569 srcPort>40387 dst>fd10:23:100::2/21369 
19:19:03.416290 ON flow>4570 srcPort>36537 dst>fd10:23:100::2/21370 
19:19:03.416698 CONNECT flow>4570 srcPort>36537 dst>fd10:23:100::2/21370 
19:19:03.864326 SHUTDOWN flow>4536 srcPort>34209 dst>fd10:23:100::2/21336 
19:19:03.864946 OFF flow>4536 srcPort>34209 dst>fd10:23:100::2/21336 
19:19:03.882332 SHUTDOWN flow>4537 srcPort>42365 dst>fd10:23:100::2/21337 
19:19:03.882915 OFF flow>4537 srcPort>42365 dst>fd10:23:100::2/21337 
19:19:04.102298 SHUTDOWN flow>4538 srcPort>43245 dst>fd10:23:100::2/21338 
19:19:04.102807 OFF flow>4538 srcPort>43245 dst>fd10:23:100::2/21338 
19:19:04.131191 SHUTDOWN flow>4539 srcPort>46269 dst>fd10:23:100::2/21339 
19:19:04.131671 OFF flow>4539 srcPort>46269 dst>fd10:23:100::2/21339 
19:19:04.131784 SHUTDOWN flow>4540 srcPort>42137 dst>fd10:23:100::2/21340 
19:19:04.132263 OFF flow>4540 srcPort>42137 dst>fd10:23:100::2/21340 
19:19:04.391021 ON flow>4571 srcPort>35469 dst>fd10:23:100::2/21371 
19:19:04.391380 CONNECT flow>4571 srcPort>35469 dst>fd10:23:100::2/21371 
19:19:04.597523 SHUTDOWN flow>4541 srcPort>34019 dst>fd10:23:100::2/21341 
19:19:04.598054 OFF flow>4541 srcPort>34019 dst>fd10:23:100::2/21341 
19:19:04.598604 ON flow>4572 srcPort>42459 dst>fd10:23:100::2/21372 
19:19:04.598992 CONNECT flow>4572 srcPort>42459 dst>fd10:23:100::2/21372 
19:19:04.673512 SHUTDOWN flow>4542 srcPort>36917 dst>fd10:23:100::2/21342 
19:19:04.674087 OFF flow>4542 srcPort>36917 dst>fd10:23:100::2/21342 
19:19:04.818612 SHUTDOWN flow>4543 srcPort>38615 dst>fd10:23:100::2/21343 
19:19:04.819066 OFF flow>4543 srcPort>38615 dst>fd10:23:100::2/21343 
19:19:04.837075 ON flow>4573 srcPort>36709 dst>fd10:23:100::2/21373 
19:19:04.837464 CONNECT flow>4573 srcPort>36709 dst>fd10:23:100::2/21373 
19:19:04.849696 SHUTDOWN flow>4544 srcPort>38961 dst>fd10:23:100::2/21344 
19:19:04.850242 OFF flow>4544 srcPort>38961 dst>fd10:23:100::2/21344 
19:19:04.889017 SHUTDOWN flow>4545 srcPort>36299 dst>fd10:23:100::2/21345 
19:19:04.889430 OFF flow>4545 srcPort>36299 dst>fd10:23:100::2/21345 
19:19:04.953217 SHUTDOWN flow>4546 srcPort>33199 dst>fd10:23:100::2/21346 
19:19:04.953724 OFF flow>4546 srcPort>33199 dst>fd10:23:100::2/21346 
19:19:05.424309 SHUTDOWN flow>4547 srcPort>43375 dst>fd10:23:100::2/21347 
19:19:05.424769 OFF flow>4547 srcPort>43375 dst>fd10:23:100::2/21347 
19:19:05.554616 SHUTDOWN flow>4548 srcPort>35727 dst>fd10:23:100::2/21348 
19:19:05.555142 OFF flow>4548 srcPort>35727 dst>fd10:23:100::2/21348 
19:19:05.611558 ON flow>4574 srcPort>41249 dst>fd10:23:100::2/21374 
19:19:05.611970 CONNECT flow>4574 srcPort>41249 dst>fd10:23:100::2/21374 
19:19:05.617085 ON flow>4575 srcPort>37269 dst>fd10:23:100::2/21375 
19:19:05.617451 CONNECT flow>4575 srcPort>37269 dst>fd10:23:100::2/21375 
19:19:05.630913 SHUTDOWN flow>4549 srcPort>36355 dst>fd10:23:100::2/21349 
19:19:05.631534 OFF flow>4549 srcPort>36355 dst>fd10:23:100::2/21349 
19:19:05.712990 ON flow>4576 srcPort>38687 dst>fd10:23:100::2/21376 
19:19:05.713557 CONNECT flow>4576 srcPort>38687 dst>fd10:23:100::2/21376 
19:19:05.745853 ON flow>4577 srcPort>36633 dst>fd10:23:100::2/21377 
19:19:05.746259 CONNECT flow>4577 srcPort>36633 dst>fd10:23:100::2/21377 
19:19:05.814247 ON flow>4578 srcPort>36587 dst>fd10:23:100::2/21378 
19:19:05.814629 CONNECT flow>4578 srcPort>36587 dst>fd10:23:100::2/21378 
19:19:05.934628 SHUTDOWN flow>4550 srcPort>38721 dst>fd10:23:100::2/21350 
19:19:05.935261 OFF flow>4550 srcPort>38721 dst>fd10:23:100::2/21350 
19:19:05.979816 SHUTDOWN flow>4551 srcPort>35899 dst>fd10:23:100::2/21351 
19:19:05.980242 OFF flow>4551 srcPort>35899 dst>fd10:23:100::2/21351 
19:19:06.013752 ON flow>4579 srcPort>34369 dst>fd10:23:100::2/21379 
19:19:06.014131 CONNECT flow>4579 srcPort>34369 dst>fd10:23:100::2/21379 
19:19:06.014686 SHUTDOWN flow>4552 srcPort>43555 dst>fd10:23:100::2/21352 
19:19:06.015087 OFF flow>4552 srcPort>43555 dst>fd10:23:100::2/21352 
19:19:06.112994 SHUTDOWN flow>4553 srcPort>34427 dst>fd10:23:100::2/21353 
19:19:06.113622 OFF flow>4553 srcPort>34427 dst>fd10:23:100::2/21353 
19:19:06.113807 SHUTDOWN flow>4554 srcPort>45503 dst>fd10:23:100::2/21354 
19:19:06.114216 OFF flow>4554 srcPort>45503 dst>fd10:23:100::2/21354 
19:19:06.248697 SHUTDOWN flow>4555 srcPort>33119 dst>fd10:23:100::2/21355 
19:19:06.249410 OFF flow>4555 srcPort>33119 dst>fd10:23:100::2/21355 
19:19:06.306996 SHUTDOWN flow>4556 srcPort>41005 dst>fd10:23:100::2/21356 
19:19:06.307538 OFF flow>4556 srcPort>41005 dst>fd10:23:100::2/21356 
19:19:06.384148 SHUTDOWN flow>4557 srcPort>39907 dst>fd10:23:100::2/21357 
19:19:06.385054 OFF flow>4557 srcPort>39907 dst>fd10:23:100::2/21357 
19:19:06.594645 ON flow>4580 srcPort>39703 dst>fd10:23:100::2/21380 
19:19:06.595046 CONNECT flow>4580 srcPort>39703 dst>fd10:23:100::2/21380 
19:19:06.675113 ON flow>4581 srcPort>39005 dst>fd10:23:100::2/21381 
19:19:06.675486 CONNECT flow>4581 srcPort>39005 dst>fd10:23:100::2/21381 
19:19:06.766044 ON flow>4582 srcPort>40275 dst>fd10:23:100::2/21382 
19:19:06.766507 CONNECT flow>4582 srcPort>40275 dst>fd10:23:100::2/21382 
19:19:06.786158 ON flow>4583 srcPort>45555 dst>fd10:23:100::2/21383 
19:19:06.786604 CONNECT flow>4583 srcPort>45555 dst>fd10:23:100::2/21383 
19:19:06.965827 ON flow>4584 srcPort>44843 dst>fd10:23:100::2/21384 
19:19:06.966189 CONNECT flow>4584 srcPort>44843 dst>fd10:23:100::2/21384 
19:19:07.251773 ON flow>4585 srcPort>42545 dst>fd10:23:100::2/21385 
19:19:07.252221 CONNECT flow>4585 srcPort>42545 dst>fd10:23:100::2/21385 
19:19:07.254263 SHUTDOWN flow>4558 srcPort>45847 dst>fd10:23:100::2/21358 
19:19:07.254723 OFF flow>4558 srcPort>45847 dst>fd10:23:100::2/21358 
19:19:07.312991 SHUTDOWN flow>4559 srcPort>45505 dst>fd10:23:100::2/21359 
19:19:07.313453 OFF flow>4559 srcPort>45505 dst>fd10:23:100::2/21359 
19:19:07.331836 SHUTDOWN flow>4560 srcPort>41715 dst>fd10:23:100::2/21360 
19:19:07.332406 OFF flow>4560 srcPort>41715 dst>fd10:23:100::2/21360 
19:19:07.395479 ON flow>4586 srcPort>44921 dst>fd10:23:100::2/21386 
19:19:07.395828 CONNECT flow>4586 srcPort>44921 dst>fd10:23:100::2/21386 
19:19:07.444946 SHUTDOWN flow>4561 srcPort>33015 dst>fd10:23:100::2/21361 
19:19:07.445398 OFF flow>4561 srcPort>33015 dst>fd10:23:100::2/21361 
19:19:07.518726 SHUTDOWN flow>4562 srcPort>41103 dst>fd10:23:100::2/21362 
19:19:07.519238 OFF flow>4562 srcPort>41103 dst>fd10:23:100::2/21362 
19:19:07.536347 SHUTDOWN flow>4563 srcPort>43705 dst>fd10:23:100::2/21363 
19:19:07.536894 OFF flow>4563 srcPort>43705 dst>fd10:23:100::2/21363 
19:19:07.619548 SHUTDOWN flow>4564 srcPort>44677 dst>fd10:23:100::2/21364 
19:19:07.620175 OFF flow>4564 srcPort>44677 dst>fd10:23:100::2/21364 
19:19:07.660127 SHUTDOWN flow>4565 srcPort>37261 dst>fd10:23:100::2/21365 
19:19:07.660608 OFF flow>4565 srcPort>37261 dst>fd10:23:100::2/21365 
19:19:07.664461 SHUTDOWN flow>4566 srcPort>42417 dst>fd10:23:100::2/21366 
19:19:07.664955 OFF flow>4566 srcPort>42417 dst>fd10:23:100::2/21366 
19:19:07.886939 SHUTDOWN flow>4567 srcPort>44913 dst>fd10:23:100::2/21367 
19:19:07.887444 OFF flow>4567 srcPort>44913 dst>fd10:23:100::2/21367 
19:19:07.951234 SHUTDOWN flow>4568 srcPort>42575 dst>fd10:23:100::2/21368 
19:19:07.951682 OFF flow>4568 srcPort>42575 dst>fd10:23:100::2/21368 
19:19:08.195585 SHUTDOWN flow>4569 srcPort>40387 dst>fd10:23:100::2/21369 
19:19:08.196431 OFF flow>4569 srcPort>40387 dst>fd10:23:100::2/21369 
19:19:08.216101 SHUTDOWN flow>4570 srcPort>36537 dst>fd10:23:100::2/21370 
19:19:08.216549 OFF flow>4570 srcPort>36537 dst>fd10:23:100::2/21370 
19:19:08.368186 ON flow>4587 srcPort>35317 dst>fd10:23:100::2/21387 
19:19:08.368702 CONNECT flow>4587 srcPort>35317 dst>fd10:23:100::2/21387 
19:19:08.416019 ON flow>4588 srcPort>34919 dst>fd10:23:100::2/21388 
19:19:08.416442 CONNECT flow>4588 srcPort>34919 dst>fd10:23:100::2/21388 
19:19:09.190610 SHUTDOWN flow>4571 srcPort>35469 dst>fd10:23:100::2/21371 
19:19:09.191217 OFF flow>4571 srcPort>35469 dst>fd10:23:100::2/21371 
19:19:09.398202 SHUTDOWN flow>4572 srcPort>42459 dst>fd10:23:100::2/21372 
19:19:09.398739 OFF flow>4572 srcPort>42459 dst>fd10:23:100::2/21372 
19:19:09.589424 ON flow>4589 srcPort>44293 dst>fd10:23:100::2/21389 
19:19:09.589874 CONNECT flow>4589 srcPort>44293 dst>fd10:23:100::2/21389 
19:19:09.636727 SHUTDOWN flow>4573 srcPort>36709 dst>fd10:23:100::2/21373 
19:19:09.637788 OFF flow>4573 srcPort>36709 dst>fd10:23:100::2/21373 
19:19:09.664299 ON flow>4590 srcPort>42487 dst>fd10:23:100::2/21390 
19:19:09.664623 CONNECT flow>4590 srcPort>42487 dst>fd10:23:100::2/21390 
19:19:09.698922 ON flow>4591 srcPort>37161 dst>fd10:23:100::2/21391 
19:19:09.699292 CONNECT flow>4591 srcPort>37161 dst>fd10:23:100::2/21391 
19:19:09.823790 ON flow>4592 srcPort>38249 dst>fd10:23:100::2/21392 
19:19:09.824185 CONNECT flow>4592 srcPort>38249 dst>fd10:23:100::2/21392 
19:19:09.931183 ON flow>4593 srcPort>43027 dst>fd10:23:100::2/21393 
19:19:09.931495 CONNECT flow>4593 srcPort>43027 dst>fd10:23:100::2/21393 
19:19:10.411319 SHUTDOWN flow>4574 srcPort>41249 dst>fd10:23:100::2/21374 
19:19:10.411811 OFF flow>4574 srcPort>41249 dst>fd10:23:100::2/21374 
19:19:10.416900 SHUTDOWN flow>4575 srcPort>37269 dst>fd10:23:100::2/21375 
19:19:10.417609 OFF flow>4575 srcPort>37269 dst>fd10:23:100::2/21375 
19:19:10.512664 SHUTDOWN flow>4576 srcPort>38687 dst>fd10:23:100::2/21376 
19:19:10.513100 OFF flow>4576 srcPort>38687 dst>fd10:23:100::2/21376 
19:19:10.545527 SHUTDOWN flow>4577 srcPort>36633 dst>fd10:23:100::2/21377 
19:19:10.546089 OFF flow>4577 srcPort>36633 dst>fd10:23:100::2/21377 
19:19:10.599887 ON flow>4594 srcPort>44613 dst>fd10:23:100::2/21394 
19:19:10.600263 CONNECT flow>4594 srcPort>44613 dst>fd10:23:100::2/21394 
19:19:10.613899 SHUTDOWN flow>4578 srcPort>36587 dst>fd10:23:100::2/21378 
19:19:10.614642 OFF flow>4578 srcPort>36587 dst>fd10:23:100::2/21378 
19:19:10.714519 ON flow>4595 srcPort>38571 dst>fd10:23:100::2/21395 
19:19:10.714907 CONNECT flow>4595 srcPort>38571 dst>fd10:23:100::2/21395 
19:19:10.780776 ON flow>4596 srcPort>44021 dst>fd10:23:100::2/21396 
19:19:10.781182 CONNECT flow>4596 srcPort>44021 dst>fd10:23:100::2/21396 
19:19:10.813462 SHUTDOWN flow>4579 srcPort>34369 dst>fd10:23:100::2/21379 
19:19:10.813962 OFF flow>4579 srcPort>34369 dst>fd10:23:100::2/21379 
19:19:11.394196 SHUTDOWN flow>4580 srcPort>39703 dst>fd10:23:100::2/21380 
19:19:11.394719 OFF flow>4580 srcPort>39703 dst>fd10:23:100::2/21380 
19:19:11.474824 SHUTDOWN flow>4581 srcPort>39005 dst>fd10:23:100::2/21381 
19:19:11.475336 OFF flow>4581 srcPort>39005 dst>fd10:23:100::2/21381 
19:19:11.565702 SHUTDOWN flow>4582 srcPort>40275 dst>fd10:23:100::2/21382 
19:19:11.566272 OFF flow>4582 srcPort>40275 dst>fd10:23:100::2/21382 
19:19:11.586027 SHUTDOWN flow>4583 srcPort>45555 dst>fd10:23:100::2/21383 
19:19:11.586459 OFF flow>4583 srcPort>45555 dst>fd10:23:100::2/21383 
19:19:11.765510 SHUTDOWN flow>4584 srcPort>44843 dst>fd10:23:100::2/21384 
19:19:11.765994 OFF flow>4584 srcPort>44843 dst>fd10:23:100::2/21384 
19:19:12.051233 SHUTDOWN flow>4585 srcPort>42545 dst>fd10:23:100::2/21385 
19:19:12.051694 OFF flow>4585 srcPort>42545 dst>fd10:23:100::2/21385 
19:19:12.195298 SHUTDOWN flow>4586 srcPort>44921 dst>fd10:23:100::2/21386 
19:19:12.196130 OFF flow>4586 srcPort>44921 dst>fd10:23:100::2/21386 
19:19:13.167805 SHUTDOWN flow>4587 srcPort>35317 dst>fd10:23:100::2/21387 
19:19:13.168260 OFF flow>4587 srcPort>35317 dst>fd10:23:100::2/21387 
19:19:13.215910 SHUTDOWN flow>4588 srcPort>34919 dst>fd10:23:100::2/21388 
19:19:13.216387 OFF flow>4588 srcPort>34919 dst>fd10:23:100::2/21388 
19:19:13.247834 ON flow>4597 srcPort>35305 dst>fd10:23:100::2/21397 
19:19:13.248288 CONNECT flow>4597 srcPort>35305 dst>fd10:23:100::2/21397 
19:19:13.465565 ON flow>4598 srcPort>44741 dst>fd10:23:100::2/21398 
19:19:13.465997 CONNECT flow>4598 srcPort>44741 dst>fd10:23:100::2/21398 
19:19:13.547173 ON flow>4599 srcPort>45501 dst>fd10:23:100::2/21399 
19:19:13.547517 CONNECT flow>4599 srcPort>45501 dst>fd10:23:100::2/21399 
19:19:13.576568 ON flow>4600 srcPort>43557 dst>fd10:23:100::2/21400 
19:19:13.576901 CONNECT flow>4600 srcPort>43557 dst>fd10:23:100::2/21400 
19:19:13.607876 ON flow>4601 srcPort>36387 dst>fd10:23:100::2/21401 
19:19:13.608299 CONNECT flow>4601 srcPort>36387 dst>fd10:23:100::2/21401 
19:19:13.656127 ON flow>4602 srcPort>42563 dst>fd10:23:100::2/21402 
19:19:13.656567 CONNECT flow>4602 srcPort>42563 dst>fd10:23:100::2/21402 
19:19:13.755692 ON flow>4603 srcPort>34743 dst>fd10:23:100::2/21403 
19:19:13.756133 CONNECT flow>4603 srcPort>34743 dst>fd10:23:100::2/21403 
19:19:13.850538 ON flow>4604 srcPort>42919 dst>fd10:23:100::2/21404 
19:19:13.851141 CONNECT flow>4604 srcPort>42919 dst>fd10:23:100::2/21404 
19:19:14.072266 ON flow>4605 srcPort>36087 dst>fd10:23:100::2/21405 
19:19:14.072766 CONNECT flow>4605 srcPort>36087 dst>fd10:23:100::2/21405 
19:19:14.174175 ON flow>4606 srcPort>36571 dst>fd10:23:100::2/21406 
19:19:14.174694 CONNECT flow>4606 srcPort>36571 dst>fd10:23:100::2/21406 
19:19:14.180940 ON flow>4607 srcPort>42205 dst>fd10:23:100::2/21407 
19:19:14.181604 CONNECT flow>4607 srcPort>42205 dst>fd10:23:100::2/21407 
19:19:14.237984 ON flow>4608 srcPort>41857 dst>fd10:23:100::2/21408 
19:19:14.238369 CONNECT flow>4608 srcPort>41857 dst>fd10:23:100::2/21408 
19:19:14.325585 ON flow>4609 srcPort>37335 dst>fd10:23:100::2/21409 
19:19:14.325969 CONNECT flow>4609 srcPort>37335 dst>fd10:23:100::2/21409 
19:19:14.389143 SHUTDOWN flow>4589 srcPort>44293 dst>fd10:23:100::2/21389 
19:19:14.389649 OFF flow>4589 srcPort>44293 dst>fd10:23:100::2/21389 
19:19:14.443066 ON flow>4610 srcPort>33377 dst>fd10:23:100::2/21410 
19:19:14.443446 CONNECT flow>4610 srcPort>33377 dst>fd10:23:100::2/21410 
19:19:14.464165 SHUTDOWN flow>4590 srcPort>42487 dst>fd10:23:100::2/21390 
19:19:14.464729 OFF flow>4590 srcPort>42487 dst>fd10:23:100::2/21390 
19:19:14.498811 SHUTDOWN flow>4591 srcPort>37161 dst>fd10:23:100::2/21391 
19:19:14.499299 OFF flow>4591 srcPort>37161 dst>fd10:23:100::2/21391 
19:19:14.623739 SHUTDOWN flow>4592 srcPort>38249 dst>fd10:23:100::2/21392 
19:19:14.624316 OFF flow>4592 srcPort>38249 dst>fd10:23:100::2/21392 
19:19:14.693050 ON flow>4611 srcPort>33283 dst>fd10:23:100::2/21411 
19:19:14.693676 CONNECT flow>4611 srcPort>33283 dst>fd10:23:100::2/21411 
19:19:14.702119 ON flow>4612 srcPort>37361 dst>fd10:23:100::2/21412 
19:19:14.702552 CONNECT flow>4612 srcPort>37361 dst>fd10:23:100::2/21412 
19:19:14.731073 SHUTDOWN flow>4593 srcPort>43027 dst>fd10:23:100::2/21393 
19:19:14.731739 OFF flow>4593 srcPort>43027 dst>fd10:23:100::2/21393 
19:19:14.819081 ON flow>4613 srcPort>33047 dst>fd10:23:100::2/21413 
19:19:14.819530 CONNECT flow>4613 srcPort>33047 dst>fd10:23:100::2/21413 
19:19:15.139251 ON flow>4614 srcPort>34277 dst>fd10:23:100::2/21414 
19:19:15.139659 CONNECT flow>4614 srcPort>34277 dst>fd10:23:100::2/21414 
19:19:15.399664 SHUTDOWN flow>4594 srcPort>44613 dst>fd10:23:100::2/21394 
19:19:15.400139 OFF flow>4594 srcPort>44613 dst>fd10:23:100::2/21394 
19:19:15.514426 SHUTDOWN flow>4595 srcPort>38571 dst>fd10:23:100::2/21395 
19:19:15.514970 OFF flow>4595 srcPort>38571 dst>fd10:23:100::2/21395 
19:19:15.580712 SHUTDOWN flow>4596 srcPort>44021 dst>fd10:23:100::2/21396 
19:19:15.581147 OFF flow>4596 srcPort>44021 dst>fd10:23:100::2/21396 
19:19:16.078885 ON flow>4615 srcPort>44145 dst>fd10:23:100::2/21415 
19:19:16.079357 CONNECT flow>4615 srcPort>44145 dst>fd10:23:100::2/21415 
19:19:16.157039 ON flow>4616 srcPort>46871 dst>fd10:23:100::2/21416 
19:19:16.157444 CONNECT flow>4616 srcPort>46871 dst>fd10:23:100::2/21416 
19:19:16.230647 ON flow>4617 srcPort>39883 dst>fd10:23:100::2/21417 
19:19:16.230975 CONNECT flow>4617 srcPort>39883 dst>fd10:23:100::2/21417 
19:19:16.456211 ON flow>4618 srcPort>42669 dst>fd10:23:100::2/21418 
19:19:16.456618 CONNECT flow>4618 srcPort>42669 dst>fd10:23:100::2/21418 
19:19:18.047620 SHUTDOWN flow>4597 srcPort>35305 dst>fd10:23:100::2/21397 
19:19:18.048226 OFF flow>4597 srcPort>35305 dst>fd10:23:100::2/21397 
19:19:18.265440 SHUTDOWN flow>4598 srcPort>44741 dst>fd10:23:100::2/21398 
19:19:18.265923 OFF flow>4598 srcPort>44741 dst>fd10:23:100::2/21398 
19:19:18.347114 SHUTDOWN flow>4599 srcPort>45501 dst>fd10:23:100::2/21399 
19:19:18.347673 OFF flow>4599 srcPort>45501 dst>fd10:23:100::2/21399 
19:19:18.376522 SHUTDOWN flow>4600 srcPort>43557 dst>fd10:23:100::2/21400 
19:19:18.377127 OFF flow>4600 srcPort>43557 dst>fd10:23:100::2/21400 
19:19:18.407821 SHUTDOWN flow>4601 srcPort>36387 dst>fd10:23:100::2/21401 
19:19:18.408261 OFF flow>4601 srcPort>36387 dst>fd10:23:100::2/21401 
19:19:18.456009 SHUTDOWN flow>4602 srcPort>42563 dst>fd10:23:100::2/21402 
19:19:18.456500 OFF flow>4602 srcPort>42563 dst>fd10:23:100::2/21402 
19:19:18.555423 SHUTDOWN flow>4603 srcPort>34743 dst>fd10:23:100::2/21403 
19:19:18.556023 OFF flow>4603 srcPort>34743 dst>fd10:23:100::2/21403 
19:19:18.650381 SHUTDOWN flow>4604 srcPort>42919 dst>fd10:23:100::2/21404 
19:19:18.650844 OFF flow>4604 srcPort>42919 dst>fd10:23:100::2/21404 
19:19:18.872190 SHUTDOWN flow>4605 srcPort>36087 dst>fd10:23:100::2/21405 
19:19:18.872732 OFF flow>4605 srcPort>36087 dst>fd10:23:100::2/21405 
19:19:18.974074 SHUTDOWN flow>4606 srcPort>36571 dst>fd10:23:100::2/21406 
19:19:18.974619 OFF flow>4606 srcPort>36571 dst>fd10:23:100::2/21406 
19:19:18.980811 SHUTDOWN flow>4607 srcPort>42205 dst>fd10:23:100::2/21407 
19:19:18.981337 OFF flow>4607 srcPort>42205 dst>fd10:23:100::2/21407 
19:19:19.037939 SHUTDOWN flow>4608 srcPort>41857 dst>fd10:23:100::2/21408 
19:19:19.038486 OFF flow>4608 srcPort>41857 dst>fd10:23:100::2/21408 
19:19:19.117262 ON flow>4619 srcPort>36765 dst>fd10:23:100::2/21419 
19:19:19.117615 CONNECT flow>4619 srcPort>36765 dst>fd10:23:100::2/21419 
19:19:19.125505 SHUTDOWN flow>4609 srcPort>37335 dst>fd10:23:100::2/21409 
19:19:19.126120 OFF flow>4609 srcPort>37335 dst>fd10:23:100::2/21409 
19:19:19.243015 SHUTDOWN flow>4610 srcPort>33377 dst>fd10:23:100::2/21410 
19:19:19.243497 OFF flow>4610 srcPort>33377 dst>fd10:23:100::2/21410 
19:19:19.285761 ON flow>4620 srcPort>39707 dst>fd10:23:100::2/21420 
19:19:19.286338 CONNECT flow>4620 srcPort>39707 dst>fd10:23:100::2/21420 
19:19:19.339587 ON flow>4621 srcPort>34787 dst>fd10:23:100::2/21421 
19:19:19.340008 CONNECT flow>4621 srcPort>34787 dst>fd10:23:100::2/21421 
19:19:19.361296 ON flow>4622 srcPort>40775 dst>fd10:23:100::2/21422 
19:19:19.361794 CONNECT flow>4622 srcPort>40775 dst>fd10:23:100::2/21422 
19:19:19.434577 ON flow>4623 srcPort>37921 dst>fd10:23:100::2/21423 
19:19:19.434981 CONNECT flow>4623 srcPort>37921 dst>fd10:23:100::2/21423 
19:19:19.470590 ON flow>4624 srcPort>33099 dst>fd10:23:100::2/21424 
19:19:19.471104 CONNECT flow>4624 srcPort>33099 dst>fd10:23:100::2/21424 
19:19:19.492971 SHUTDOWN flow>4611 srcPort>33283 dst>fd10:23:100::2/21411 
19:19:19.493479 OFF flow>4611 srcPort>33283 dst>fd10:23:100::2/21411 
19:19:19.502026 SHUTDOWN flow>4612 srcPort>37361 dst>fd10:23:100::2/21412 
19:19:19.502480 OFF flow>4612 srcPort>37361 dst>fd10:23:100::2/21412 
19:19:19.615829 ON flow>4625 srcPort>38227 dst>fd10:23:100::2/21425 
19:19:19.616280 CONNECT flow>4625 srcPort>38227 dst>fd10:23:100::2/21425 
19:19:19.619111 SHUTDOWN flow>4613 srcPort>33047 dst>fd10:23:100::2/21413 
19:19:19.619720 OFF flow>4613 srcPort>33047 dst>fd10:23:100::2/21413 
19:19:19.939191 SHUTDOWN flow>4614 srcPort>34277 dst>fd10:23:100::2/21414 
19:19:19.939719 OFF flow>4614 srcPort>34277 dst>fd10:23:100::2/21414 
19:19:20.878519 SHUTDOWN flow>4615 srcPort>44145 dst>fd10:23:100::2/21415 
19:19:20.879239 OFF flow>4615 srcPort>44145 dst>fd10:23:100::2/21415 
19:19:20.956806 SHUTDOWN flow>4616 srcPort>46871 dst>fd10:23:100::2/21416 
19:19:20.957303 OFF flow>4616 srcPort>46871 dst>fd10:23:100::2/21416 
19:19:21.030235 SHUTDOWN flow>4617 srcPort>39883 dst>fd10:23:100::2/21417 
19:19:21.030772 OFF flow>4617 srcPort>39883 dst>fd10:23:100::2/21417 
19:19:21.180084 SHUTDOWN flow>4003 srcPort>45481 dst>fd10:23:100::2/20002 
19:19:21.180205 SHUTDOWN flow>4004 srcPort>43653 dst>fd10:23:100::2/20003 
19:19:21.180245 SHUTDOWN flow>4002 srcPort>46781 dst>fd10:23:100::2/20001 
19:19:21.180429 SHUTDOWN flow>4001 srcPort>41889 dst>fd10:23:100::2/20000 
19:19:21.180606 OFF flow>4003 srcPort>45481 dst>fd10:23:100::2/20002 
19:19:21.180895 OFF flow>4004 srcPort>43653 dst>fd10:23:100::2/20003 
19:19:21.180949 OFF flow>4002 srcPort>46781 dst>fd10:23:100::2/20001 
19:19:21.180991 OFF flow>4001 srcPort>41889 dst>fd10:23:100::2/20000 
19:19:21.256056 SHUTDOWN flow>4618 srcPort>42669 dst>fd10:23:100::2/21418 
19:19:21.256591 OFF flow>4618 srcPort>42669 dst>fd10:23:100::2/21418 
19:19:23.916869 SHUTDOWN flow>4619 srcPort>36765 dst>fd10:23:100::2/21419 
19:19:23.917968 OFF flow>4619 srcPort>36765 dst>fd10:23:100::2/21419 
19:19:24.085416 SHUTDOWN flow>4620 srcPort>39707 dst>fd10:23:100::2/21420 
19:19:24.086354 OFF flow>4620 srcPort>39707 dst>fd10:23:100::2/21420 
19:19:24.139362 SHUTDOWN flow>4621 srcPort>34787 dst>fd10:23:100::2/21421 
19:19:24.140012 OFF flow>4621 srcPort>34787 dst>fd10:23:100::2/21421 
19:19:24.161343 SHUTDOWN flow>4622 srcPort>40775 dst>fd10:23:100::2/21422 
19:19:24.161911 OFF flow>4622 srcPort>40775 dst>fd10:23:100::2/21422 
19:19:24.234358 SHUTDOWN flow>4623 srcPort>37921 dst>fd10:23:100::2/21423 
19:19:24.234839 OFF flow>4623 srcPort>37921 dst>fd10:23:100::2/21423 
19:19:24.270441 SHUTDOWN flow>4624 srcPort>33099 dst>fd10:23:100::2/21424 
19:19:24.271050 OFF flow>4624 srcPort>33099 dst>fd10:23:100::2/21424 
19:19:24.415328 SHUTDOWN flow>4625 srcPort>38227 dst>fd10:23:100::2/21425 
19:19:24.415910 OFF flow>4625 srcPort>38227 dst>fd10:23:100::2/21425 
19:19:24.416026 STOP
