19:11:26.657159 START Mgen Version 5.1.1
19:11:31.819377 ON flow>2204 srcPort>37169 dst>fd10:43:100::2/21004 
19:11:31.819613 CONNECT flow>2204 srcPort>37169 dst>fd10:43:100::2/21004 
19:11:32.011841 ON flow>2212 srcPort>43253 dst>fd10:43:100::2/21012 
19:11:32.013257 CONNECT flow>2212 srcPort>43253 dst>fd10:43:100::2/21012 
19:11:32.133952 ON flow>2220 srcPort>44193 dst>fd10:43:100::2/21020 
19:11:32.134186 CONNECT flow>2220 srcPort>44193 dst>fd10:43:100::2/21020 
19:11:32.265206 ON flow>2228 srcPort>37263 dst>fd10:43:100::2/21028 
19:11:32.265475 CONNECT flow>2228 srcPort>37263 dst>fd10:43:100::2/21028 
19:11:32.447072 ON flow>2236 srcPort>36879 dst>fd10:43:100::2/21036 
19:11:32.447347 CONNECT flow>2236 srcPort>36879 dst>fd10:43:100::2/21036 
19:11:32.784777 ON flow>2244 srcPort>35669 dst>fd10:43:100::2/21044 
19:11:32.784989 CONNECT flow>2244 srcPort>35669 dst>fd10:43:100::2/21044 
19:11:32.930163 ON flow>2252 srcPort>40801 dst>fd10:43:100::2/21052 
19:11:32.930436 CONNECT flow>2252 srcPort>40801 dst>fd10:43:100::2/21052 
19:11:33.045278 ON flow>2260 srcPort>32991 dst>fd10:43:100::2/21060 
19:11:33.045534 CONNECT flow>2260 srcPort>32991 dst>fd10:43:100::2/21060 
19:11:33.210865 ON flow>2268 srcPort>42445 dst>fd10:43:100::2/21068 
19:11:33.211064 CONNECT flow>2268 srcPort>42445 dst>fd10:43:100::2/21068 
19:11:33.284266 ON flow>2276 srcPort>45857 dst>fd10:43:100::2/21076 
19:11:33.284480 CONNECT flow>2276 srcPort>45857 dst>fd10:43:100::2/21076 
19:11:33.312460 ON flow>2284 srcPort>45335 dst>fd10:43:100::2/21084 
19:11:33.312688 CONNECT flow>2284 srcPort>45335 dst>fd10:43:100::2/21084 
19:11:33.423164 ON flow>2292 srcPort>36991 dst>fd10:43:100::2/21092 
19:11:33.423572 CONNECT flow>2292 srcPort>36991 dst>fd10:43:100::2/21092 
19:11:33.521478 ON flow>2300 srcPort>38813 dst>fd10:43:100::2/21100 
19:11:33.521688 CONNECT flow>2300 srcPort>38813 dst>fd10:43:100::2/21100 
19:11:33.609864 ON flow>2308 srcPort>39563 dst>fd10:43:100::2/21108 
19:11:33.610131 CONNECT flow>2308 srcPort>39563 dst>fd10:43:100::2/21108 
19:11:33.685560 ON flow>2316 srcPort>45763 dst>fd10:43:100::2/21116 
19:11:33.685742 CONNECT flow>2316 srcPort>45763 dst>fd10:43:100::2/21116 
19:11:33.746467 ON flow>2324 srcPort>41861 dst>fd10:43:100::2/21124 
19:11:33.746677 CONNECT flow>2324 srcPort>41861 dst>fd10:43:100::2/21124 
19:11:33.937971 ON flow>2332 srcPort>45403 dst>fd10:43:100::2/21132 
19:11:33.938167 CONNECT flow>2332 srcPort>45403 dst>fd10:43:100::2/21132 
19:11:34.086576 ON flow>2340 srcPort>38409 dst>fd10:43:100::2/21140 
19:11:34.086793 CONNECT flow>2340 srcPort>38409 dst>fd10:43:100::2/21140 
19:11:34.158582 ON flow>2348 srcPort>33141 dst>fd10:43:100::2/21148 
19:11:34.158873 CONNECT flow>2348 srcPort>33141 dst>fd10:43:100::2/21148 
19:11:34.220384 ON flow>2356 srcPort>38709 dst>fd10:43:100::2/21156 
19:11:34.220543 CONNECT flow>2356 srcPort>38709 dst>fd10:43:100::2/21156 
19:11:34.303977 ON flow>2364 srcPort>43187 dst>fd10:43:100::2/21164 
19:11:34.304220 CONNECT flow>2364 srcPort>43187 dst>fd10:43:100::2/21164 
19:11:34.382874 ON flow>2372 srcPort>39987 dst>fd10:43:100::2/21172 
19:11:34.383177 CONNECT flow>2372 srcPort>39987 dst>fd10:43:100::2/21172 
19:11:34.455679 ON flow>2380 srcPort>43819 dst>fd10:43:100::2/21180 
19:11:34.455842 CONNECT flow>2380 srcPort>43819 dst>fd10:43:100::2/21180 
19:11:34.513577 ON flow>2388 srcPort>37843 dst>fd10:43:100::2/21188 
19:11:34.513786 CONNECT flow>2388 srcPort>37843 dst>fd10:43:100::2/21188 
19:11:34.630192 ON flow>2396 srcPort>46207 dst>fd10:43:100::2/21196 
19:11:34.631310 CONNECT flow>2396 srcPort>46207 dst>fd10:43:100::2/21196 
19:11:34.749210 ON flow>2404 srcPort>37917 dst>fd10:43:100::2/21204 
19:11:34.749498 CONNECT flow>2404 srcPort>37917 dst>fd10:43:100::2/21204 
19:11:34.888021 ON flow>2412 srcPort>45827 dst>fd10:43:100::2/21212 
19:11:34.888242 CONNECT flow>2412 srcPort>45827 dst>fd10:43:100::2/21212 
19:11:35.123215 ON flow>2420 srcPort>37837 dst>fd10:43:100::2/21220 
19:11:35.123564 CONNECT flow>2420 srcPort>37837 dst>fd10:43:100::2/21220 
19:11:35.338850 ON flow>2428 srcPort>32871 dst>fd10:43:100::2/21228 
19:11:35.339206 CONNECT flow>2428 srcPort>32871 dst>fd10:43:100::2/21228 
19:11:35.492029 ON flow>2436 srcPort>39879 dst>fd10:43:100::2/21236 
19:11:35.492301 CONNECT flow>2436 srcPort>39879 dst>fd10:43:100::2/21236 
19:11:35.587028 ON flow>2444 srcPort>45337 dst>fd10:43:100::2/21244 
19:11:35.587447 CONNECT flow>2444 srcPort>45337 dst>fd10:43:100::2/21244 
19:11:35.730523 ON flow>2452 srcPort>46507 dst>fd10:43:100::2/21252 
19:11:35.730822 CONNECT flow>2452 srcPort>46507 dst>fd10:43:100::2/21252 
19:11:36.023851 ON flow>2460 srcPort>32993 dst>fd10:43:100::2/21260 
19:11:36.024391 CONNECT flow>2460 srcPort>32993 dst>fd10:43:100::2/21260 
19:11:36.426261 ON flow>2468 srcPort>34829 dst>fd10:43:100::2/21268 
19:11:36.426812 CONNECT flow>2468 srcPort>34829 dst>fd10:43:100::2/21268 
19:11:36.590829 ON flow>2476 srcPort>39491 dst>fd10:43:100::2/21276 
19:11:36.591771 CONNECT flow>2476 srcPort>39491 dst>fd10:43:100::2/21276 
19:11:36.619333 SHUTDOWN flow>2204 srcPort>37169 dst>fd10:43:100::2/21004 
19:11:36.620616 OFF flow>2204 srcPort>37169 dst>fd10:43:100::2/21004 
19:11:36.806519 ON flow>2484 srcPort>40259 dst>fd10:43:100::2/21284 
19:11:36.806868 CONNECT flow>2484 srcPort>40259 dst>fd10:43:100::2/21284 
19:11:36.811729 SHUTDOWN flow>2212 srcPort>43253 dst>fd10:43:100::2/21012 
19:11:36.812820 OFF flow>2212 srcPort>43253 dst>fd10:43:100::2/21012 
19:11:36.921424 ON flow>2492 srcPort>39391 dst>fd10:43:100::2/21292 
19:11:36.921818 CONNECT flow>2492 srcPort>39391 dst>fd10:43:100::2/21292 
19:11:36.933849 SHUTDOWN flow>2220 srcPort>44193 dst>fd10:43:100::2/21020 
19:11:36.936848 OFF flow>2220 srcPort>44193 dst>fd10:43:100::2/21020 
19:11:37.037424 ON flow>2500 srcPort>36457 dst>fd10:43:100::2/21300 
19:11:37.038332 CONNECT flow>2500 srcPort>36457 dst>fd10:43:100::2/21300 
19:11:37.065128 SHUTDOWN flow>2228 srcPort>37263 dst>fd10:43:100::2/21028 
19:11:37.066826 OFF flow>2228 srcPort>37263 dst>fd10:43:100::2/21028 
19:11:37.114059 ON flow>2508 srcPort>42637 dst>fd10:43:100::2/21308 
19:11:37.114495 CONNECT flow>2508 srcPort>42637 dst>fd10:43:100::2/21308 
19:11:37.162027 ON flow>2516 srcPort>41279 dst>fd10:43:100::2/21316 
19:11:37.162686 CONNECT flow>2516 srcPort>41279 dst>fd10:43:100::2/21316 
19:11:37.247031 SHUTDOWN flow>2236 srcPort>36879 dst>fd10:43:100::2/21036 
19:11:37.248478 OFF flow>2236 srcPort>36879 dst>fd10:43:100::2/21036 
19:11:37.275619 ON flow>2524 srcPort>40021 dst>fd10:43:100::2/21324 
19:11:37.275961 CONNECT flow>2524 srcPort>40021 dst>fd10:43:100::2/21324 
19:11:37.378004 ON flow>2532 srcPort>37637 dst>fd10:43:100::2/21332 
19:11:37.379306 CONNECT flow>2532 srcPort>37637 dst>fd10:43:100::2/21332 
19:11:37.509344 ON flow>2540 srcPort>39591 dst>fd10:43:100::2/21340 
19:11:37.512286 CONNECT flow>2540 srcPort>39591 dst>fd10:43:100::2/21340 
19:11:37.579428 ON flow>2548 srcPort>33245 dst>fd10:43:100::2/21348 
19:11:37.582330 CONNECT flow>2548 srcPort>33245 dst>fd10:43:100::2/21348 
19:11:37.584729 SHUTDOWN flow>2244 srcPort>35669 dst>fd10:43:100::2/21044 
19:11:37.587966 OFF flow>2244 srcPort>35669 dst>fd10:43:100::2/21044 
19:11:37.661638 ON flow>2556 srcPort>35147 dst>fd10:43:100::2/21356 
19:11:37.664214 CONNECT flow>2556 srcPort>35147 dst>fd10:43:100::2/21356 
19:11:37.730134 SHUTDOWN flow>2252 srcPort>40801 dst>fd10:43:100::2/21052 
19:11:37.734923 OFF flow>2252 srcPort>40801 dst>fd10:43:100::2/21052 
19:11:37.845234 SHUTDOWN flow>2260 srcPort>32991 dst>fd10:43:100::2/21060 
19:11:37.846600 OFF flow>2260 srcPort>32991 dst>fd10:43:100::2/21060 
19:11:37.861117 ON flow>2564 srcPort>35075 dst>fd10:43:100::2/21364 
19:11:37.862093 CONNECT flow>2564 srcPort>35075 dst>fd10:43:100::2/21364 
19:11:38.010840 SHUTDOWN flow>2268 srcPort>42445 dst>fd10:43:100::2/21068 
19:11:38.014556 OFF flow>2268 srcPort>42445 dst>fd10:43:100::2/21068 
19:11:38.084237 SHUTDOWN flow>2276 srcPort>45857 dst>fd10:43:100::2/21076 
19:11:38.085635 OFF flow>2276 srcPort>45857 dst>fd10:43:100::2/21076 
19:11:38.100154 ON flow>2572 srcPort>42661 dst>fd10:43:100::2/21372 
19:11:38.101075 CONNECT flow>2572 srcPort>42661 dst>fd10:43:100::2/21372 
19:11:38.112439 SHUTDOWN flow>2284 srcPort>45335 dst>fd10:43:100::2/21084 
19:11:38.113732 OFF flow>2284 srcPort>45335 dst>fd10:43:100::2/21084 
19:11:38.223197 SHUTDOWN flow>2292 srcPort>36991 dst>fd10:43:100::2/21092 
19:11:38.224918 OFF flow>2292 srcPort>36991 dst>fd10:43:100::2/21092 
19:11:38.321464 SHUTDOWN flow>2300 srcPort>38813 dst>fd10:43:100::2/21100 
19:11:38.322947 OFF flow>2300 srcPort>38813 dst>fd10:43:100::2/21100 
19:11:38.323542 ON flow>2580 srcPort>38853 dst>fd10:43:100::2/21380 
19:11:38.323942 CONNECT flow>2580 srcPort>38853 dst>fd10:43:100::2/21380 
19:11:38.409837 SHUTDOWN flow>2308 srcPort>39563 dst>fd10:43:100::2/21108 
19:11:38.410799 OFF flow>2308 srcPort>39563 dst>fd10:43:100::2/21108 
19:11:38.485545 SHUTDOWN flow>2316 srcPort>45763 dst>fd10:43:100::2/21116 
19:11:38.486780 OFF flow>2316 srcPort>45763 dst>fd10:43:100::2/21116 
19:11:38.517541 ON flow>2588 srcPort>45235 dst>fd10:43:100::2/21388 
19:11:38.519174 CONNECT flow>2588 srcPort>45235 dst>fd10:43:100::2/21388 
19:11:38.546437 SHUTDOWN flow>2324 srcPort>41861 dst>fd10:43:100::2/21124 
19:11:38.547108 OFF flow>2324 srcPort>41861 dst>fd10:43:100::2/21124 
19:11:38.698356 ON flow>2596 srcPort>45929 dst>fd10:43:100::2/21396 
19:11:38.698804 CONNECT flow>2596 srcPort>45929 dst>fd10:43:100::2/21396 
19:11:38.737947 SHUTDOWN flow>2332 srcPort>45403 dst>fd10:43:100::2/21132 
19:11:38.738469 OFF flow>2332 srcPort>45403 dst>fd10:43:100::2/21132 
19:11:38.886555 SHUTDOWN flow>2340 srcPort>38409 dst>fd10:43:100::2/21140 
19:11:38.887220 OFF flow>2340 srcPort>38409 dst>fd10:43:100::2/21140 
19:11:38.958537 SHUTDOWN flow>2348 srcPort>33141 dst>fd10:43:100::2/21148 
19:11:38.959128 OFF flow>2348 srcPort>33141 dst>fd10:43:100::2/21148 
19:11:38.999441 ON flow>2604 srcPort>34053 dst>fd10:43:100::2/21404 
19:11:38.999827 CONNECT flow>2604 srcPort>34053 dst>fd10:43:100::2/21404 
19:11:39.020347 SHUTDOWN flow>2356 srcPort>38709 dst>fd10:43:100::2/21156 
19:11:39.021140 OFF flow>2356 srcPort>38709 dst>fd10:43:100::2/21156 
19:11:39.103990 SHUTDOWN flow>2364 srcPort>43187 dst>fd10:43:100::2/21164 
19:11:39.104594 OFF flow>2364 srcPort>43187 dst>fd10:43:100::2/21164 
19:11:39.140056 ON flow>2612 srcPort>38211 dst>fd10:43:100::2/21412 
19:11:39.140278 CONNECT flow>2612 srcPort>38211 dst>fd10:43:100::2/21412 
19:11:39.182843 SHUTDOWN flow>2372 srcPort>39987 dst>fd10:43:100::2/21172 
19:11:39.183351 OFF flow>2372 srcPort>39987 dst>fd10:43:100::2/21172 
19:11:39.255641 SHUTDOWN flow>2380 srcPort>43819 dst>fd10:43:100::2/21180 
19:11:39.256186 OFF flow>2380 srcPort>43819 dst>fd10:43:100::2/21180 
19:11:39.313545 SHUTDOWN flow>2388 srcPort>37843 dst>fd10:43:100::2/21188 
19:11:39.313944 OFF flow>2388 srcPort>37843 dst>fd10:43:100::2/21188 
19:11:39.316170 ON flow>2620 srcPort>43991 dst>fd10:43:100::2/21420 
19:11:39.316433 CONNECT flow>2620 srcPort>43991 dst>fd10:43:100::2/21420 
19:11:39.405743 ON flow>2628 srcPort>33211 dst>fd10:43:100::2/21428 
19:11:39.405996 CONNECT flow>2628 srcPort>33211 dst>fd10:43:100::2/21428 
19:11:39.430137 SHUTDOWN flow>2396 srcPort>46207 dst>fd10:43:100::2/21196 
19:11:39.430634 OFF flow>2396 srcPort>46207 dst>fd10:43:100::2/21196 
19:11:39.549183 SHUTDOWN flow>2404 srcPort>37917 dst>fd10:43:100::2/21204 
19:11:39.550137 OFF flow>2404 srcPort>37917 dst>fd10:43:100::2/21204 
19:11:39.578834 ON flow>2636 srcPort>38487 dst>fd10:43:100::2/21436 
19:11:39.579230 CONNECT flow>2636 srcPort>38487 dst>fd10:43:100::2/21436 
19:11:39.687986 SHUTDOWN flow>2412 srcPort>45827 dst>fd10:43:100::2/21212 
19:11:39.688497 OFF flow>2412 srcPort>45827 dst>fd10:43:100::2/21212 
19:11:39.692327 ON flow>2644 srcPort>34209 dst>fd10:43:100::2/21444 
19:11:39.692899 CONNECT flow>2644 srcPort>34209 dst>fd10:43:100::2/21444 
19:11:39.881657 ON flow>2652 srcPort>46357 dst>fd10:43:100::2/21452 
19:11:39.882441 CONNECT flow>2652 srcPort>46357 dst>fd10:43:100::2/21452 
19:11:39.923197 SHUTDOWN flow>2420 srcPort>37837 dst>fd10:43:100::2/21220 
19:11:39.924093 OFF flow>2420 srcPort>37837 dst>fd10:43:100::2/21220 
19:11:40.056841 ON flow>2660 srcPort>40183 dst>fd10:43:100::2/21460 
19:11:40.057375 CONNECT flow>2660 srcPort>40183 dst>fd10:43:100::2/21460 
19:11:40.138794 SHUTDOWN flow>2428 srcPort>32871 dst>fd10:43:100::2/21228 
19:11:40.139199 OFF flow>2428 srcPort>32871 dst>fd10:43:100::2/21228 
19:11:40.178225 ON flow>2668 srcPort>40803 dst>fd10:43:100::2/21468 
19:11:40.178713 CONNECT flow>2668 srcPort>40803 dst>fd10:43:100::2/21468 
19:11:40.293376 SHUTDOWN flow>2436 srcPort>39879 dst>fd10:43:100::2/21236 
19:11:40.293674 OFF flow>2436 srcPort>39879 dst>fd10:43:100::2/21236 
19:11:40.322519 ON flow>2676 srcPort>32995 dst>fd10:43:100::2/21476 
19:11:40.322956 CONNECT flow>2676 srcPort>32995 dst>fd10:43:100::2/21476 
19:11:40.387003 SHUTDOWN flow>2444 srcPort>45337 dst>fd10:43:100::2/21244 
19:11:40.388027 OFF flow>2444 srcPort>45337 dst>fd10:43:100::2/21244 
19:11:40.430544 ON flow>2684 srcPort>36129 dst>fd10:43:100::2/21484 
19:11:40.430773 CONNECT flow>2684 srcPort>36129 dst>fd10:43:100::2/21484 
19:11:40.530484 SHUTDOWN flow>2452 srcPort>46507 dst>fd10:43:100::2/21252 
19:11:40.531249 OFF flow>2452 srcPort>46507 dst>fd10:43:100::2/21252 
19:11:40.804050 ON flow>2692 srcPort>44369 dst>fd10:43:100::2/21492 
19:11:40.804357 CONNECT flow>2692 srcPort>44369 dst>fd10:43:100::2/21492 
19:11:40.823790 SHUTDOWN flow>2460 srcPort>32993 dst>fd10:43:100::2/21260 
19:11:40.824059 OFF flow>2460 srcPort>32993 dst>fd10:43:100::2/21260 
19:11:41.063412 ON flow>2700 srcPort>37549 dst>fd10:43:100::2/21500 
19:11:41.064031 CONNECT flow>2700 srcPort>37549 dst>fd10:43:100::2/21500 
19:11:41.226194 SHUTDOWN flow>2468 srcPort>34829 dst>fd10:43:100::2/21268 
19:11:41.227298 OFF flow>2468 srcPort>34829 dst>fd10:43:100::2/21268 
19:11:41.235140 ON flow>2708 srcPort>42385 dst>fd10:43:100::2/21508 
19:11:41.235447 CONNECT flow>2708 srcPort>42385 dst>fd10:43:100::2/21508 
19:11:41.390792 SHUTDOWN flow>2476 srcPort>39491 dst>fd10:43:100::2/21276 
19:11:41.391126 OFF flow>2476 srcPort>39491 dst>fd10:43:100::2/21276 
19:11:41.403146 ON flow>2716 srcPort>36075 dst>fd10:43:100::2/21516 
19:11:41.403515 CONNECT flow>2716 srcPort>36075 dst>fd10:43:100::2/21516 
19:11:41.606482 SHUTDOWN flow>2484 srcPort>40259 dst>fd10:43:100::2/21284 
19:11:41.607395 OFF flow>2484 srcPort>40259 dst>fd10:43:100::2/21284 
19:11:41.631200 ON flow>2724 srcPort>43489 dst>fd10:43:100::2/21524 
19:11:41.631578 CONNECT flow>2724 srcPort>43489 dst>fd10:43:100::2/21524 
19:11:41.721401 SHUTDOWN flow>2492 srcPort>39391 dst>fd10:43:100::2/21292 
19:11:41.721766 OFF flow>2492 srcPort>39391 dst>fd10:43:100::2/21292 
19:11:41.797003 ON flow>2732 srcPort>34677 dst>fd10:43:100::2/21532 
19:11:41.797959 CONNECT flow>2732 srcPort>34677 dst>fd10:43:100::2/21532 
19:11:41.837396 SHUTDOWN flow>2500 srcPort>36457 dst>fd10:43:100::2/21300 
19:11:41.837698 OFF flow>2500 srcPort>36457 dst>fd10:43:100::2/21300 
19:11:41.913979 SHUTDOWN flow>2508 srcPort>42637 dst>fd10:43:100::2/21308 
19:11:41.915044 OFF flow>2508 srcPort>42637 dst>fd10:43:100::2/21308 
19:11:41.962004 SHUTDOWN flow>2516 srcPort>41279 dst>fd10:43:100::2/21316 
19:11:41.962647 OFF flow>2516 srcPort>41279 dst>fd10:43:100::2/21316 
19:11:42.004441 ON flow>2740 srcPort>41911 dst>fd10:43:100::2/21540 
19:11:42.004714 CONNECT flow>2740 srcPort>41911 dst>fd10:43:100::2/21540 
19:11:42.075582 SHUTDOWN flow>2524 srcPort>40021 dst>fd10:43:100::2/21324 
19:11:42.076813 OFF flow>2524 srcPort>40021 dst>fd10:43:100::2/21324 
19:11:42.177902 SHUTDOWN flow>2532 srcPort>37637 dst>fd10:43:100::2/21332 
19:11:42.178420 OFF flow>2532 srcPort>37637 dst>fd10:43:100::2/21332 
19:11:42.254246 ON flow>2748 srcPort>40909 dst>fd10:43:100::2/21548 
19:11:42.254501 CONNECT flow>2748 srcPort>40909 dst>fd10:43:100::2/21548 
19:11:42.309205 SHUTDOWN flow>2540 srcPort>39591 dst>fd10:43:100::2/21340 
19:11:42.309519 OFF flow>2540 srcPort>39591 dst>fd10:43:100::2/21340 
19:11:42.379398 SHUTDOWN flow>2548 srcPort>33245 dst>fd10:43:100::2/21348 
19:11:42.379972 OFF flow>2548 srcPort>33245 dst>fd10:43:100::2/21348 
19:11:42.461619 SHUTDOWN flow>2556 srcPort>35147 dst>fd10:43:100::2/21356 
19:11:42.462388 OFF flow>2556 srcPort>35147 dst>fd10:43:100::2/21356 
19:11:42.561071 ON flow>2756 srcPort>46753 dst>fd10:43:100::2/21556 
19:11:42.561308 CONNECT flow>2756 srcPort>46753 dst>fd10:43:100::2/21556 
19:11:42.661100 SHUTDOWN flow>2564 srcPort>35075 dst>fd10:43:100::2/21364 
19:11:42.661547 OFF flow>2564 srcPort>35075 dst>fd10:43:100::2/21364 
19:11:42.829348 ON flow>2764 srcPort>44823 dst>fd10:43:100::2/21564 
19:11:42.829951 CONNECT flow>2764 srcPort>44823 dst>fd10:43:100::2/21564 
19:11:42.900102 SHUTDOWN flow>2572 srcPort>42661 dst>fd10:43:100::2/21372 
19:11:42.900536 OFF flow>2572 srcPort>42661 dst>fd10:43:100::2/21372 
19:11:42.963843 ON flow>2772 srcPort>34359 dst>fd10:43:100::2/21572 
19:11:42.964057 CONNECT flow>2772 srcPort>34359 dst>fd10:43:100::2/21572 
19:11:43.107646 ON flow>2780 srcPort>37403 dst>fd10:43:100::2/21580 
19:11:43.107855 CONNECT flow>2780 srcPort>37403 dst>fd10:43:100::2/21580 
19:11:43.123498 SHUTDOWN flow>2580 srcPort>38853 dst>fd10:43:100::2/21380 
19:11:43.123880 OFF flow>2580 srcPort>38853 dst>fd10:43:100::2/21380 
19:11:43.225041 ON flow>2788 srcPort>45901 dst>fd10:43:100::2/21588 
19:11:43.225565 CONNECT flow>2788 srcPort>45901 dst>fd10:43:100::2/21588 
19:11:43.317495 SHUTDOWN flow>2588 srcPort>45235 dst>fd10:43:100::2/21388 
19:11:43.317768 OFF flow>2588 srcPort>45235 dst>fd10:43:100::2/21388 
19:11:43.371245 ON flow>2796 srcPort>34907 dst>fd10:43:100::2/21596 
19:11:43.371471 CONNECT flow>2796 srcPort>34907 dst>fd10:43:100::2/21596 
19:11:43.498303 SHUTDOWN flow>2596 srcPort>45929 dst>fd10:43:100::2/21396 
19:11:43.498777 OFF flow>2596 srcPort>45929 dst>fd10:43:100::2/21396 
19:11:43.593857 ON flow>2804 srcPort>46365 dst>fd10:43:100::2/21604 
19:11:43.594660 CONNECT flow>2804 srcPort>46365 dst>fd10:43:100::2/21604 
19:11:43.731645 ON flow>2812 srcPort>45863 dst>fd10:43:100::2/21612 
19:11:43.732174 CONNECT flow>2812 srcPort>45863 dst>fd10:43:100::2/21612 
19:11:43.799403 SHUTDOWN flow>2604 srcPort>34053 dst>fd10:43:100::2/21404 
19:11:43.800822 OFF flow>2604 srcPort>34053 dst>fd10:43:100::2/21404 
19:11:43.815051 ON flow>2820 srcPort>43703 dst>fd10:43:100::2/21620 
19:11:43.815243 CONNECT flow>2820 srcPort>43703 dst>fd10:43:100::2/21620 
19:11:43.868150 ON flow>2828 srcPort>36847 dst>fd10:43:100::2/21628 
19:11:43.868471 CONNECT flow>2828 srcPort>36847 dst>fd10:43:100::2/21628 
19:11:43.940013 SHUTDOWN flow>2612 srcPort>38211 dst>fd10:43:100::2/21412 
19:11:43.940457 OFF flow>2612 srcPort>38211 dst>fd10:43:100::2/21412 
19:11:43.944766 ON flow>2836 srcPort>44027 dst>fd10:43:100::2/21636 
19:11:43.945088 CONNECT flow>2836 srcPort>44027 dst>fd10:43:100::2/21636 
19:11:44.009662 ON flow>2844 srcPort>42521 dst>fd10:43:100::2/21644 
19:11:44.010395 CONNECT flow>2844 srcPort>42521 dst>fd10:43:100::2/21644 
19:11:44.100859 ON flow>2852 srcPort>46465 dst>fd10:43:100::2/21652 
19:11:44.101300 CONNECT flow>2852 srcPort>46465 dst>fd10:43:100::2/21652 
19:11:44.116100 SHUTDOWN flow>2620 srcPort>43991 dst>fd10:43:100::2/21420 
19:11:44.116571 OFF flow>2620 srcPort>43991 dst>fd10:43:100::2/21420 
19:11:44.174256 ON flow>2860 srcPort>33363 dst>fd10:43:100::2/21660 
19:11:44.174542 CONNECT flow>2860 srcPort>33363 dst>fd10:43:100::2/21660 
19:11:44.205704 SHUTDOWN flow>2628 srcPort>33211 dst>fd10:43:100::2/21428 
19:11:44.206353 OFF flow>2628 srcPort>33211 dst>fd10:43:100::2/21428 
19:11:44.279477 ON flow>2868 srcPort>36153 dst>fd10:43:100::2/21668 
19:11:44.279732 CONNECT flow>2868 srcPort>36153 dst>fd10:43:100::2/21668 
19:11:44.378799 SHUTDOWN flow>2636 srcPort>38487 dst>fd10:43:100::2/21436 
19:11:44.379960 OFF flow>2636 srcPort>38487 dst>fd10:43:100::2/21436 
19:11:44.386076 ON flow>2876 srcPort>39323 dst>fd10:43:100::2/21676 
19:11:44.386976 CONNECT flow>2876 srcPort>39323 dst>fd10:43:100::2/21676 
19:11:44.461664 ON flow>2884 srcPort>44851 dst>fd10:43:100::2/21684 
19:11:44.462207 CONNECT flow>2884 srcPort>44851 dst>fd10:43:100::2/21684 
19:11:44.492283 SHUTDOWN flow>2644 srcPort>34209 dst>fd10:43:100::2/21444 
19:11:44.492716 OFF flow>2644 srcPort>34209 dst>fd10:43:100::2/21444 
19:11:44.514764 ON flow>2892 srcPort>38979 dst>fd10:43:100::2/21692 
19:11:44.515510 CONNECT flow>2892 srcPort>38979 dst>fd10:43:100::2/21692 
19:11:44.577774 ON flow>2900 srcPort>45739 dst>fd10:43:100::2/21700 
19:11:44.578208 CONNECT flow>2900 srcPort>45739 dst>fd10:43:100::2/21700 
19:11:44.619386 ON flow>2908 srcPort>43787 dst>fd10:43:100::2/21708 
19:11:44.620569 CONNECT flow>2908 srcPort>43787 dst>fd10:43:100::2/21708 
19:11:44.681587 SHUTDOWN flow>2652 srcPort>46357 dst>fd10:43:100::2/21452 
19:11:44.682224 OFF flow>2652 srcPort>46357 dst>fd10:43:100::2/21452 
19:11:44.758457 ON flow>2916 srcPort>40323 dst>fd10:43:100::2/21716 
19:11:44.758898 CONNECT flow>2916 srcPort>40323 dst>fd10:43:100::2/21716 
19:11:44.856776 SHUTDOWN flow>2660 srcPort>40183 dst>fd10:43:100::2/21460 
19:11:44.858759 OFF flow>2660 srcPort>40183 dst>fd10:43:100::2/21460 
19:11:44.937543 ON flow>2924 srcPort>44029 dst>fd10:43:100::2/21724 
19:11:44.937963 CONNECT flow>2924 srcPort>44029 dst>fd10:43:100::2/21724 
19:11:44.978199 SHUTDOWN flow>2668 srcPort>40803 dst>fd10:43:100::2/21468 
19:11:44.979170 OFF flow>2668 srcPort>40803 dst>fd10:43:100::2/21468 
19:11:45.108857 ON flow>2932 srcPort>36315 dst>fd10:43:100::2/21732 
19:11:45.109954 CONNECT flow>2932 srcPort>36315 dst>fd10:43:100::2/21732 
19:11:45.122482 SHUTDOWN flow>2676 srcPort>32995 dst>fd10:43:100::2/21476 
19:11:45.124171 OFF flow>2676 srcPort>32995 dst>fd10:43:100::2/21476 
19:11:45.230497 SHUTDOWN flow>2684 srcPort>36129 dst>fd10:43:100::2/21484 
19:11:45.231506 OFF flow>2684 srcPort>36129 dst>fd10:43:100::2/21484 
19:11:45.603990 SHUTDOWN flow>2692 srcPort>44369 dst>fd10:43:100::2/21492 
19:11:45.604486 OFF flow>2692 srcPort>44369 dst>fd10:43:100::2/21492 
19:11:45.614691 ON flow>2940 srcPort>33669 dst>fd10:43:100::2/21740 
19:11:45.614861 CONNECT flow>2940 srcPort>33669 dst>fd10:43:100::2/21740 
19:11:45.863315 SHUTDOWN flow>2700 srcPort>37549 dst>fd10:43:100::2/21500 
19:11:45.863865 OFF flow>2700 srcPort>37549 dst>fd10:43:100::2/21500 
19:11:45.888117 ON flow>2948 srcPort>39175 dst>fd10:43:100::2/21748 
19:11:45.888855 CONNECT flow>2948 srcPort>39175 dst>fd10:43:100::2/21748 
19:11:46.035085 SHUTDOWN flow>2708 srcPort>42385 dst>fd10:43:100::2/21508 
19:11:46.035675 OFF flow>2708 srcPort>42385 dst>fd10:43:100::2/21508 
19:11:46.098677 ON flow>2956 srcPort>39673 dst>fd10:43:100::2/21756 
19:11:46.099639 CONNECT flow>2956 srcPort>39673 dst>fd10:43:100::2/21756 
19:11:46.203115 SHUTDOWN flow>2716 srcPort>36075 dst>fd10:43:100::2/21516 
19:11:46.203960 OFF flow>2716 srcPort>36075 dst>fd10:43:100::2/21516 
19:11:46.265088 ON flow>2964 srcPort>44161 dst>fd10:43:100::2/21764 
19:11:46.265393 CONNECT flow>2964 srcPort>44161 dst>fd10:43:100::2/21764 
19:11:46.394878 ON flow>2972 srcPort>34545 dst>fd10:43:100::2/21772 
19:11:46.395386 CONNECT flow>2972 srcPort>34545 dst>fd10:43:100::2/21772 
19:11:46.431094 SHUTDOWN flow>2724 srcPort>43489 dst>fd10:43:100::2/21524 
19:11:46.432344 OFF flow>2724 srcPort>43489 dst>fd10:43:100::2/21524 
19:11:46.570905 ON flow>2980 srcPort>35677 dst>fd10:43:100::2/21780 
19:11:46.571354 CONNECT flow>2980 srcPort>35677 dst>fd10:43:100::2/21780 
19:11:46.596893 SHUTDOWN flow>2732 srcPort>34677 dst>fd10:43:100::2/21532 
19:11:46.598162 OFF flow>2732 srcPort>34677 dst>fd10:43:100::2/21532 
19:11:46.684043 ON flow>2988 srcPort>44425 dst>fd10:43:100::2/21788 
19:11:46.684496 CONNECT flow>2988 srcPort>44425 dst>fd10:43:100::2/21788 
19:11:46.770269 ON flow>2996 srcPort>35331 dst>fd10:43:100::2/21796 
19:11:46.770967 CONNECT flow>2996 srcPort>35331 dst>fd10:43:100::2/21796 
19:11:46.804403 SHUTDOWN flow>2740 srcPort>41911 dst>fd10:43:100::2/21540 
19:11:46.805135 OFF flow>2740 srcPort>41911 dst>fd10:43:100::2/21540 
19:11:46.892384 ON flow>3004 srcPort>36401 dst>fd10:43:100::2/21804 
19:11:46.893867 CONNECT flow>3004 srcPort>36401 dst>fd10:43:100::2/21804 
19:11:47.054201 SHUTDOWN flow>2748 srcPort>40909 dst>fd10:43:100::2/21548 
19:11:47.054947 OFF flow>2748 srcPort>40909 dst>fd10:43:100::2/21548 
19:11:47.104158 ON flow>3012 srcPort>36993 dst>fd10:43:100::2/21812 
19:11:47.105759 CONNECT flow>3012 srcPort>36993 dst>fd10:43:100::2/21812 
19:11:47.360999 SHUTDOWN flow>2756 srcPort>46753 dst>fd10:43:100::2/21556 
19:11:47.361855 OFF flow>2756 srcPort>46753 dst>fd10:43:100::2/21556 
19:11:47.423475 ON flow>3020 srcPort>35809 dst>fd10:43:100::2/21820 
19:11:47.425665 CONNECT flow>3020 srcPort>35809 dst>fd10:43:100::2/21820 
19:11:47.583970 ON flow>3028 srcPort>39139 dst>fd10:43:100::2/21828 
19:11:47.584640 CONNECT flow>3028 srcPort>39139 dst>fd10:43:100::2/21828 
19:11:47.629287 SHUTDOWN flow>2764 srcPort>44823 dst>fd10:43:100::2/21564 
19:11:47.632140 OFF flow>2764 srcPort>44823 dst>fd10:43:100::2/21564 
19:11:47.696378 ON flow>3036 srcPort>35735 dst>fd10:43:100::2/21836 
19:11:47.697146 CONNECT flow>3036 srcPort>35735 dst>fd10:43:100::2/21836 
19:11:47.763798 SHUTDOWN flow>2772 srcPort>34359 dst>fd10:43:100::2/21572 
19:11:47.764958 OFF flow>2772 srcPort>34359 dst>fd10:43:100::2/21572 
19:11:47.802374 ON flow>3044 srcPort>42023 dst>fd10:43:100::2/21844 
19:11:47.802774 CONNECT flow>3044 srcPort>42023 dst>fd10:43:100::2/21844 
19:11:47.907607 SHUTDOWN flow>2780 srcPort>37403 dst>fd10:43:100::2/21580 
19:11:47.909416 OFF flow>2780 srcPort>37403 dst>fd10:43:100::2/21580 
19:11:47.973658 ON flow>3052 srcPort>45263 dst>fd10:43:100::2/21852 
19:11:47.974465 CONNECT flow>3052 srcPort>45263 dst>fd10:43:100::2/21852 
19:11:48.025016 SHUTDOWN flow>2788 srcPort>45901 dst>fd10:43:100::2/21588 
19:11:48.025574 OFF flow>2788 srcPort>45901 dst>fd10:43:100::2/21588 
19:11:48.171216 SHUTDOWN flow>2796 srcPort>34907 dst>fd10:43:100::2/21596 
19:11:48.171923 OFF flow>2796 srcPort>34907 dst>fd10:43:100::2/21596 
19:11:48.362906 ON flow>3060 srcPort>35371 dst>fd10:43:100::2/21860 
19:11:48.364052 CONNECT flow>3060 srcPort>35371 dst>fd10:43:100::2/21860 
19:11:48.393864 SHUTDOWN flow>2804 srcPort>46365 dst>fd10:43:100::2/21604 
19:11:48.394328 OFF flow>2804 srcPort>46365 dst>fd10:43:100::2/21604 
19:11:48.531605 SHUTDOWN flow>2812 srcPort>45863 dst>fd10:43:100::2/21612 
19:11:48.532230 OFF flow>2812 srcPort>45863 dst>fd10:43:100::2/21612 
19:11:48.615002 SHUTDOWN flow>2820 srcPort>43703 dst>fd10:43:100::2/21620 
19:11:48.615885 OFF flow>2820 srcPort>43703 dst>fd10:43:100::2/21620 
19:11:48.668111 SHUTDOWN flow>2828 srcPort>36847 dst>fd10:43:100::2/21628 
19:11:48.668904 OFF flow>2828 srcPort>36847 dst>fd10:43:100::2/21628 
19:11:48.683569 ON flow>3068 srcPort>33371 dst>fd10:43:100::2/21868 
19:11:48.683803 CONNECT flow>3068 srcPort>33371 dst>fd10:43:100::2/21868 
19:11:48.744727 SHUTDOWN flow>2836 srcPort>44027 dst>fd10:43:100::2/21636 
19:11:48.745200 OFF flow>2836 srcPort>44027 dst>fd10:43:100::2/21636 
19:11:48.809633 SHUTDOWN flow>2844 srcPort>42521 dst>fd10:43:100::2/21644 
19:11:48.810061 OFF flow>2844 srcPort>42521 dst>fd10:43:100::2/21644 
19:11:48.900825 SHUTDOWN flow>2852 srcPort>46465 dst>fd10:43:100::2/21652 
19:11:48.902874 OFF flow>2852 srcPort>46465 dst>fd10:43:100::2/21652 
19:11:48.974226 SHUTDOWN flow>2860 srcPort>33363 dst>fd10:43:100::2/21660 
19:11:48.974889 OFF flow>2860 srcPort>33363 dst>fd10:43:100::2/21660 
19:11:49.075962 ON flow>3076 srcPort>33593 dst>fd10:43:100::2/21876 
19:11:49.076273 CONNECT flow>3076 srcPort>33593 dst>fd10:43:100::2/21876 
19:11:49.079434 SHUTDOWN flow>2868 srcPort>36153 dst>fd10:43:100::2/21668 
19:11:49.079819 OFF flow>2868 srcPort>36153 dst>fd10:43:100::2/21668 
19:11:49.186030 SHUTDOWN flow>2876 srcPort>39323 dst>fd10:43:100::2/21676 
19:11:49.186277 OFF flow>2876 srcPort>39323 dst>fd10:43:100::2/21676 
19:11:49.261638 SHUTDOWN flow>2884 srcPort>44851 dst>fd10:43:100::2/21684 
19:11:49.261984 OFF flow>2884 srcPort>44851 dst>fd10:43:100::2/21684 
19:11:49.314752 SHUTDOWN flow>2892 srcPort>38979 dst>fd10:43:100::2/21692 
19:11:49.315071 OFF flow>2892 srcPort>38979 dst>fd10:43:100::2/21692 
19:11:49.377739 SHUTDOWN flow>2900 srcPort>45739 dst>fd10:43:100::2/21700 
19:11:49.378485 OFF flow>2900 srcPort>45739 dst>fd10:43:100::2/21700 
19:11:49.419333 SHUTDOWN flow>2908 srcPort>43787 dst>fd10:43:100::2/21708 
19:11:49.419751 OFF flow>2908 srcPort>43787 dst>fd10:43:100::2/21708 
19:11:49.558409 SHUTDOWN flow>2916 srcPort>40323 dst>fd10:43:100::2/21716 
19:11:49.558727 OFF flow>2916 srcPort>40323 dst>fd10:43:100::2/21716 
19:11:49.609877 ON flow>3084 srcPort>40375 dst>fd10:43:100::2/21884 
19:11:49.610136 CONNECT flow>3084 srcPort>40375 dst>fd10:43:100::2/21884 
19:11:49.701062 ON flow>3092 srcPort>40069 dst>fd10:43:100::2/21892 
19:11:49.701542 CONNECT flow>3092 srcPort>40069 dst>fd10:43:100::2/21892 
19:11:49.737507 SHUTDOWN flow>2924 srcPort>44029 dst>fd10:43:100::2/21724 
19:11:49.737886 OFF flow>2924 srcPort>44029 dst>fd10:43:100::2/21724 
19:11:49.778271 ON flow>3100 srcPort>40337 dst>fd10:43:100::2/21900 
19:11:49.778548 CONNECT flow>3100 srcPort>40337 dst>fd10:43:100::2/21900 
19:11:49.890667 ON flow>3108 srcPort>41719 dst>fd10:43:100::2/21908 
19:11:49.891073 CONNECT flow>3108 srcPort>41719 dst>fd10:43:100::2/21908 
19:11:49.908809 SHUTDOWN flow>2932 srcPort>36315 dst>fd10:43:100::2/21732 
19:11:49.909460 OFF flow>2932 srcPort>36315 dst>fd10:43:100::2/21732 
19:11:50.000982 ON flow>3116 srcPort>38353 dst>fd10:43:100::2/21916 
19:11:50.001331 CONNECT flow>3116 srcPort>38353 dst>fd10:43:100::2/21916 
19:11:50.139474 ON flow>3124 srcPort>44189 dst>fd10:43:100::2/21924 
19:11:50.140044 CONNECT flow>3124 srcPort>44189 dst>fd10:43:100::2/21924 
19:11:50.216085 ON flow>3132 srcPort>34503 dst>fd10:43:100::2/21932 
19:11:50.216707 CONNECT flow>3132 srcPort>34503 dst>fd10:43:100::2/21932 
19:11:50.350302 ON flow>3140 srcPort>43707 dst>fd10:43:100::2/21940 
19:11:50.350509 CONNECT flow>3140 srcPort>43707 dst>fd10:43:100::2/21940 
19:11:50.414638 SHUTDOWN flow>2940 srcPort>33669 dst>fd10:43:100::2/21740 
19:11:50.415535 OFF flow>2940 srcPort>33669 dst>fd10:43:100::2/21740 
19:11:50.440584 ON flow>3148 srcPort>35815 dst>fd10:43:100::2/21948 
19:11:50.440787 CONNECT flow>3148 srcPort>35815 dst>fd10:43:100::2/21948 
19:11:50.576797 ON flow>3156 srcPort>45271 dst>fd10:43:100::2/21956 
19:11:50.577922 CONNECT flow>3156 srcPort>45271 dst>fd10:43:100::2/21956 
19:11:50.636915 ON flow>3164 srcPort>38503 dst>fd10:43:100::2/21964 
19:11:50.637225 CONNECT flow>3164 srcPort>38503 dst>fd10:43:100::2/21964 
19:11:50.688028 SHUTDOWN flow>2948 srcPort>39175 dst>fd10:43:100::2/21748 
19:11:50.688995 OFF flow>2948 srcPort>39175 dst>fd10:43:100::2/21748 
19:11:50.722564 ON flow>3172 srcPort>41293 dst>fd10:43:100::2/21972 
19:11:50.723331 CONNECT flow>3172 srcPort>41293 dst>fd10:43:100::2/21972 
19:11:50.898644 SHUTDOWN flow>2956 srcPort>39673 dst>fd10:43:100::2/21756 
19:11:50.901319 OFF flow>2956 srcPort>39673 dst>fd10:43:100::2/21756 
19:11:50.945509 ON flow>3180 srcPort>33821 dst>fd10:43:100::2/21980 
19:11:50.946272 CONNECT flow>3180 srcPort>33821 dst>fd10:43:100::2/21980 
19:11:51.065028 SHUTDOWN flow>2964 srcPort>44161 dst>fd10:43:100::2/21764 
19:11:51.065373 OFF flow>2964 srcPort>44161 dst>fd10:43:100::2/21764 
19:11:51.194850 SHUTDOWN flow>2972 srcPort>34545 dst>fd10:43:100::2/21772 
19:11:51.195134 OFF flow>2972 srcPort>34545 dst>fd10:43:100::2/21772 
19:11:51.332353 ON flow>3188 srcPort>40933 dst>fd10:43:100::2/21988 
19:11:51.332739 CONNECT flow>3188 srcPort>40933 dst>fd10:43:100::2/21988 
19:11:51.370847 SHUTDOWN flow>2980 srcPort>35677 dst>fd10:43:100::2/21780 
19:11:51.371782 OFF flow>2980 srcPort>35677 dst>fd10:43:100::2/21780 
19:11:51.484010 SHUTDOWN flow>2988 srcPort>44425 dst>fd10:43:100::2/21788 
19:11:51.484586 OFF flow>2988 srcPort>44425 dst>fd10:43:100::2/21788 
19:11:51.497078 ON flow>3196 srcPort>43911 dst>fd10:43:100::2/21996 
19:11:51.497324 CONNECT flow>3196 srcPort>43911 dst>fd10:43:100::2/21996 
19:11:51.561870 ON flow>3204 srcPort>43641 dst>fd10:43:100::2/22004 
19:11:51.562548 CONNECT flow>3204 srcPort>43641 dst>fd10:43:100::2/22004 
19:11:51.570210 SHUTDOWN flow>2996 srcPort>35331 dst>fd10:43:100::2/21796 
19:11:51.570830 OFF flow>2996 srcPort>35331 dst>fd10:43:100::2/21796 
19:11:51.605761 ON flow>3212 srcPort>33683 dst>fd10:43:100::2/22012 
19:11:51.606432 CONNECT flow>3212 srcPort>33683 dst>fd10:43:100::2/22012 
19:11:51.663461 ON flow>3220 srcPort>35531 dst>fd10:43:100::2/22020 
19:11:51.663729 CONNECT flow>3220 srcPort>35531 dst>fd10:43:100::2/22020 
19:11:51.692315 SHUTDOWN flow>3004 srcPort>36401 dst>fd10:43:100::2/21804 
19:11:51.694570 OFF flow>3004 srcPort>36401 dst>fd10:43:100::2/21804 
19:11:51.732375 ON flow>3228 srcPort>45551 dst>fd10:43:100::2/22028 
19:11:51.732600 CONNECT flow>3228 srcPort>45551 dst>fd10:43:100::2/22028 
19:11:51.795275 ON flow>3236 srcPort>34033 dst>fd10:43:100::2/22036 
19:11:51.797195 CONNECT flow>3236 srcPort>34033 dst>fd10:43:100::2/22036 
19:11:51.879571 ON flow>3244 srcPort>35863 dst>fd10:43:100::2/22044 
19:11:51.879968 CONNECT flow>3244 srcPort>35863 dst>fd10:43:100::2/22044 
19:11:51.904112 SHUTDOWN flow>3012 srcPort>36993 dst>fd10:43:100::2/21812 
19:11:51.905314 OFF flow>3012 srcPort>36993 dst>fd10:43:100::2/21812 
19:11:51.907071 ON flow>3252 srcPort>37479 dst>fd10:43:100::2/22052 
19:11:51.907567 CONNECT flow>3252 srcPort>37479 dst>fd10:43:100::2/22052 
19:11:52.000806 ON flow>3260 srcPort>43583 dst>fd10:43:100::2/22060 
19:11:52.001579 CONNECT flow>3260 srcPort>43583 dst>fd10:43:100::2/22060 
19:11:52.079311 ON flow>3268 srcPort>36325 dst>fd10:43:100::2/22068 
19:11:52.079623 CONNECT flow>3268 srcPort>36325 dst>fd10:43:100::2/22068 
19:11:52.223408 SHUTDOWN flow>3020 srcPort>35809 dst>fd10:43:100::2/21820 
19:11:52.225660 OFF flow>3020 srcPort>35809 dst>fd10:43:100::2/21820 
19:11:52.230333 ON flow>3276 srcPort>41401 dst>fd10:43:100::2/22076 
19:11:52.231211 CONNECT flow>3276 srcPort>41401 dst>fd10:43:100::2/22076 
19:11:52.383917 SHUTDOWN flow>3028 srcPort>39139 dst>fd10:43:100::2/21828 
19:11:52.384917 OFF flow>3028 srcPort>39139 dst>fd10:43:100::2/21828 
19:11:52.496328 SHUTDOWN flow>3036 srcPort>35735 dst>fd10:43:100::2/21836 
19:11:52.496807 OFF flow>3036 srcPort>35735 dst>fd10:43:100::2/21836 
19:11:52.567930 ON flow>3284 srcPort>40235 dst>fd10:43:100::2/22084 
19:11:52.568549 CONNECT flow>3284 srcPort>40235 dst>fd10:43:100::2/22084 
19:11:52.602321 SHUTDOWN flow>3044 srcPort>42023 dst>fd10:43:100::2/21844 
19:11:52.602905 OFF flow>3044 srcPort>42023 dst>fd10:43:100::2/21844 
19:11:52.651328 ON flow>3292 srcPort>33667 dst>fd10:43:100::2/22092 
19:11:52.651817 CONNECT flow>3292 srcPort>33667 dst>fd10:43:100::2/22092 
19:11:52.773620 SHUTDOWN flow>3052 srcPort>45263 dst>fd10:43:100::2/21852 
19:11:52.773879 OFF flow>3052 srcPort>45263 dst>fd10:43:100::2/21852 
19:11:52.794493 ON flow>3300 srcPort>35097 dst>fd10:43:100::2/22100 
19:11:52.795128 CONNECT flow>3300 srcPort>35097 dst>fd10:43:100::2/22100 
19:11:52.926707 ON flow>3308 srcPort>34253 dst>fd10:43:100::2/22108 
19:11:52.927045 CONNECT flow>3308 srcPort>34253 dst>fd10:43:100::2/22108 
19:11:53.018317 ON flow>3316 srcPort>46473 dst>fd10:43:100::2/22116 
19:11:53.020507 CONNECT flow>3316 srcPort>46473 dst>fd10:43:100::2/22116 
19:11:53.111088 ON flow>3324 srcPort>33551 dst>fd10:43:100::2/22124 
19:11:53.112098 CONNECT flow>3324 srcPort>33551 dst>fd10:43:100::2/22124 
19:11:53.162831 SHUTDOWN flow>3060 srcPort>35371 dst>fd10:43:100::2/21860 
19:11:53.166019 OFF flow>3060 srcPort>35371 dst>fd10:43:100::2/21860 
19:11:53.208103 ON flow>3332 srcPort>34997 dst>fd10:43:100::2/22132 
19:11:53.208351 CONNECT flow>3332 srcPort>34997 dst>fd10:43:100::2/22132 
19:11:53.313388 ON flow>3340 srcPort>38153 dst>fd10:43:100::2/22140 
19:11:53.314678 CONNECT flow>3340 srcPort>38153 dst>fd10:43:100::2/22140 
19:11:53.376090 ON flow>3348 srcPort>45273 dst>fd10:43:100::2/22148 
19:11:53.378814 CONNECT flow>3348 srcPort>45273 dst>fd10:43:100::2/22148 
19:11:53.483531 SHUTDOWN flow>3068 srcPort>33371 dst>fd10:43:100::2/21868 
19:11:53.486411 OFF flow>3068 srcPort>33371 dst>fd10:43:100::2/21868 
19:11:53.512136 ON flow>3356 srcPort>39529 dst>fd10:43:100::2/22156 
19:11:53.512990 CONNECT flow>3356 srcPort>39529 dst>fd10:43:100::2/22156 
19:11:53.628299 ON flow>3364 srcPort>34005 dst>fd10:43:100::2/22164 
19:11:53.629158 CONNECT flow>3364 srcPort>34005 dst>fd10:43:100::2/22164 
19:11:53.763714 ON flow>3372 srcPort>46227 dst>fd10:43:100::2/22172 
19:11:53.764339 CONNECT flow>3372 srcPort>46227 dst>fd10:43:100::2/22172 
19:11:53.875913 SHUTDOWN flow>3076 srcPort>33593 dst>fd10:43:100::2/21876 
19:11:53.879554 OFF flow>3076 srcPort>33593 dst>fd10:43:100::2/21876 
19:11:53.956523 ON flow>3380 srcPort>36807 dst>fd10:43:100::2/22180 
19:11:53.960951 CONNECT flow>3380 srcPort>36807 dst>fd10:43:100::2/22180 
19:11:54.134609 ON flow>3388 srcPort>40441 dst>fd10:43:100::2/22188 
19:11:54.138859 CONNECT flow>3388 srcPort>40441 dst>fd10:43:100::2/22188 
19:11:54.259558 ON flow>3396 srcPort>41877 dst>fd10:43:100::2/22196 
19:11:54.261187 CONNECT flow>3396 srcPort>41877 dst>fd10:43:100::2/22196 
19:11:54.409820 SHUTDOWN flow>3084 srcPort>40375 dst>fd10:43:100::2/21884 
19:11:54.416329 ON flow>3404 srcPort>43153 dst>fd10:43:100::2/22204 
19:11:54.419192 OFF flow>3084 srcPort>40375 dst>fd10:43:100::2/21884 
19:11:54.427525 CONNECT flow>3404 srcPort>43153 dst>fd10:43:100::2/22204 
19:11:54.476025 ON flow>3412 srcPort>38939 dst>fd10:43:100::2/22212 
19:11:54.492192 CONNECT flow>3412 srcPort>38939 dst>fd10:43:100::2/22212 
19:11:54.501061 SHUTDOWN flow>3092 srcPort>40069 dst>fd10:43:100::2/21892 
19:11:54.519212 OFF flow>3092 srcPort>40069 dst>fd10:43:100::2/21892 
19:11:54.578242 SHUTDOWN flow>3100 srcPort>40337 dst>fd10:43:100::2/21900 
19:11:54.585737 ON flow>3420 srcPort>39347 dst>fd10:43:100::2/22220 
19:11:54.608082 OFF flow>3100 srcPort>40337 dst>fd10:43:100::2/21900 
19:11:54.618696 CONNECT flow>3420 srcPort>39347 dst>fd10:43:100::2/22220 
19:11:54.691110 SHUTDOWN flow>3108 srcPort>41719 dst>fd10:43:100::2/21908 
19:11:54.754618 OFF flow>3108 srcPort>41719 dst>fd10:43:100::2/21908 
19:11:54.766723 ON flow>3428 srcPort>37379 dst>fd10:43:100::2/22228 
19:11:54.804982 SHUTDOWN flow>3116 srcPort>38353 dst>fd10:43:100::2/21916 
19:11:54.853779 CONNECT flow>3428 srcPort>37379 dst>fd10:43:100::2/22228 
19:11:54.902328 OFF flow>3116 srcPort>38353 dst>fd10:43:100::2/21916 
19:11:54.933618 ON flow>3436 srcPort>44289 dst>fd10:43:100::2/22236 
19:11:54.939445 SHUTDOWN flow>3124 srcPort>44189 dst>fd10:43:100::2/21924 
19:11:55.016103 SHUTDOWN flow>3132 srcPort>34503 dst>fd10:43:100::2/21932 
19:11:55.025692 ON flow>3444 srcPort>41209 dst>fd10:43:100::2/22244 
19:11:55.031380 CONNECT flow>3436 srcPort>44289 dst>fd10:43:100::2/22236 
19:11:55.116499 CONNECT flow>3444 srcPort>41209 dst>fd10:43:100::2/22244 
19:11:55.121664 OFF flow>3124 srcPort>44189 dst>fd10:43:100::2/21924 
19:11:55.144700 OFF flow>3132 srcPort>34503 dst>fd10:43:100::2/21932 
19:11:55.150233 SHUTDOWN flow>3140 srcPort>43707 dst>fd10:43:100::2/21940 
19:11:55.240531 SHUTDOWN flow>3148 srcPort>35815 dst>fd10:43:100::2/21948 
19:11:55.376739 SHUTDOWN flow>3156 srcPort>45271 dst>fd10:43:100::2/21956 
19:11:55.398084 ON flow>3452 srcPort>36471 dst>fd10:43:100::2/22252 
19:11:55.436906 SHUTDOWN flow>3164 srcPort>38503 dst>fd10:43:100::2/21964 
19:11:55.490378 CONNECT flow>3452 srcPort>36471 dst>fd10:43:100::2/22252 
19:11:55.522523 SHUTDOWN flow>3172 srcPort>41293 dst>fd10:43:100::2/21972 
19:11:55.592855 OFF flow>3148 srcPort>35815 dst>fd10:43:100::2/21948 
19:11:55.624828 OFF flow>3156 srcPort>45271 dst>fd10:43:100::2/21956 
19:11:55.784080 OFF flow>3140 srcPort>43707 dst>fd10:43:100::2/21940 
19:11:55.828310 ON flow>3460 srcPort>45107 dst>fd10:43:100::2/22260 
19:11:55.936317 CONNECT flow>3460 srcPort>45107 dst>fd10:43:100::2/22260 
19:11:56.078455 SHUTDOWN flow>3180 srcPort>33821 dst>fd10:43:100::2/21980 
19:11:56.105936 ON flow>3468 srcPort>37535 dst>fd10:43:100::2/22268 
19:11:56.132235 SHUTDOWN flow>3188 srcPort>40933 dst>fd10:43:100::2/21988 
19:11:56.158739 ON flow>3476 srcPort>42127 dst>fd10:43:100::2/22276 
19:11:56.177663 OFF flow>3164 srcPort>38503 dst>fd10:43:100::2/21964 
19:11:56.210951 CONNECT flow>3468 srcPort>37535 dst>fd10:43:100::2/22268 
19:11:56.249373 ON flow>3484 srcPort>40917 dst>fd10:43:100::2/22284 
19:11:56.264604 CONNECT flow>3476 srcPort>42127 dst>fd10:43:100::2/22276 
19:11:56.361846 SHUTDOWN flow>3204 srcPort>43641 dst>fd10:43:100::2/22004 
19:11:56.363183 CONNECT flow>3484 srcPort>40917 dst>fd10:43:100::2/22284 
19:11:56.386739 ON flow>3492 srcPort>40685 dst>fd10:43:100::2/22292 
19:11:56.405735 SHUTDOWN flow>3212 srcPort>33683 dst>fd10:43:100::2/22012 
19:11:56.450426 ON flow>3500 srcPort>33345 dst>fd10:43:100::2/22300 
19:11:56.463434 SHUTDOWN flow>3220 srcPort>35531 dst>fd10:43:100::2/22020 
19:11:56.467051 OFF flow>3204 srcPort>43641 dst>fd10:43:100::2/22004 
19:11:56.468529 OFF flow>3172 srcPort>41293 dst>fd10:43:100::2/21972 
19:11:56.492126 CONNECT flow>3492 srcPort>40685 dst>fd10:43:100::2/22292 
19:11:56.532346 SHUTDOWN flow>3228 srcPort>45551 dst>fd10:43:100::2/22028 
19:11:56.554903 CONNECT flow>3500 srcPort>33345 dst>fd10:43:100::2/22300 
19:11:56.579676 OFF flow>3188 srcPort>40933 dst>fd10:43:100::2/21988 
19:11:56.652800 SHUTDOWN flow>3196 srcPort>43911 dst>fd10:43:100::2/21996 
19:11:56.679570 SHUTDOWN flow>3244 srcPort>35863 dst>fd10:43:100::2/22044 
19:11:56.725242 ON flow>3508 srcPort>33735 dst>fd10:43:100::2/22308 
19:11:56.776789 SHUTDOWN flow>3236 srcPort>34033 dst>fd10:43:100::2/22036 
19:11:56.800667 SHUTDOWN flow>3260 srcPort>43583 dst>fd10:43:100::2/22060 
19:11:56.801143 OFF flow>3180 srcPort>33821 dst>fd10:43:100::2/21980 
19:11:56.817257 OFF flow>3220 srcPort>35531 dst>fd10:43:100::2/22020 
19:11:56.822504 CONNECT flow>3508 srcPort>33735 dst>fd10:43:100::2/22308 
19:11:56.834407 SHUTDOWN flow>3252 srcPort>37479 dst>fd10:43:100::2/22052 
19:11:56.854446 ON flow>3516 srcPort>46721 dst>fd10:43:100::2/22316 
19:11:56.879247 SHUTDOWN flow>3268 srcPort>36325 dst>fd10:43:100::2/22068 
19:11:56.925809 ON flow>3524 srcPort>41045 dst>fd10:43:100::2/22324 
19:11:56.956860 CONNECT flow>3516 srcPort>46721 dst>fd10:43:100::2/22316 
19:11:57.025192 CONNECT flow>3524 srcPort>41045 dst>fd10:43:100::2/22324 
19:11:57.030324 SHUTDOWN flow>3276 srcPort>41401 dst>fd10:43:100::2/22076 
19:11:57.033128 ON flow>3532 srcPort>39165 dst>fd10:43:100::2/22332 
19:11:57.116592 ON flow>3540 srcPort>36675 dst>fd10:43:100::2/22340 
19:11:57.125999 CONNECT flow>3532 srcPort>39165 dst>fd10:43:100::2/22332 
19:11:57.156508 OFF flow>3276 srcPort>41401 dst>fd10:43:100::2/22076 
19:11:57.201850 ON flow>3548 srcPort>39281 dst>fd10:43:100::2/22348 
19:11:57.202352 OFF flow>3212 srcPort>33683 dst>fd10:43:100::2/22012 
19:11:57.215250 CONNECT flow>3540 srcPort>36675 dst>fd10:43:100::2/22340 
19:11:57.262372 ON flow>3556 srcPort>44171 dst>fd10:43:100::2/22356 
19:11:57.273796 OFF flow>3196 srcPort>43911 dst>fd10:43:100::2/21996 
19:11:57.283421 OFF flow>3252 srcPort>37479 dst>fd10:43:100::2/22052 
19:11:57.293257 CONNECT flow>3548 srcPort>39281 dst>fd10:43:100::2/22348 
19:11:57.309992 OFF flow>3228 srcPort>45551 dst>fd10:43:100::2/22028 
19:11:57.355054 CONNECT flow>3556 srcPort>44171 dst>fd10:43:100::2/22356 
19:11:57.368819 SHUTDOWN flow>3284 srcPort>40235 dst>fd10:43:100::2/22084 
19:11:57.416620 OFF flow>3244 srcPort>35863 dst>fd10:43:100::2/22044 
19:11:57.423559 ON flow>3564 srcPort>38995 dst>fd10:43:100::2/22364 
19:11:57.521419 CONNECT flow>3564 srcPort>38995 dst>fd10:43:100::2/22364 
19:11:57.586867 ON flow>3572 srcPort>46701 dst>fd10:43:100::2/22372 
19:11:57.590830 SHUTDOWN flow>3292 srcPort>33667 dst>fd10:43:100::2/22092 
19:11:57.639488 ON flow>3580 srcPort>41763 dst>fd10:43:100::2/22380 
19:11:57.681952 CONNECT flow>3572 srcPort>46701 dst>fd10:43:100::2/22372 
19:11:57.734265 CONNECT flow>3580 srcPort>41763 dst>fd10:43:100::2/22380 
19:11:57.743448 OFF flow>3236 srcPort>34033 dst>fd10:43:100::2/22036 
19:11:57.757355 SHUTDOWN flow>3308 srcPort>34253 dst>fd10:43:100::2/22108 
19:11:57.818284 SHUTDOWN flow>3316 srcPort>46473 dst>fd10:43:100::2/22116 
19:11:57.834824 ON flow>3588 srcPort>34579 dst>fd10:43:100::2/22388 
19:11:57.859606 OFF flow>3268 srcPort>36325 dst>fd10:43:100::2/22068 
19:11:57.911058 SHUTDOWN flow>3324 srcPort>33551 dst>fd10:43:100::2/22124 
19:11:57.927744 CONNECT flow>3588 srcPort>34579 dst>fd10:43:100::2/22388 
19:11:57.946247 ON flow>3596 srcPort>44655 dst>fd10:43:100::2/22396 
19:11:57.947446 SHUTDOWN flow>3300 srcPort>35097 dst>fd10:43:100::2/22100 
19:11:58.008048 SHUTDOWN flow>3332 srcPort>34997 dst>fd10:43:100::2/22132 
19:11:58.042794 CONNECT flow>3596 srcPort>44655 dst>fd10:43:100::2/22396 
19:11:58.068854 ON flow>3604 srcPort>33855 dst>fd10:43:100::2/22404 
19:11:58.141557 OFF flow>3260 srcPort>43583 dst>fd10:43:100::2/22060 
19:11:58.158867 ON flow>3612 srcPort>36661 dst>fd10:43:100::2/22412 
19:11:58.166859 CONNECT flow>3604 srcPort>33855 dst>fd10:43:100::2/22404 
19:11:58.257846 CONNECT flow>3612 srcPort>36661 dst>fd10:43:100::2/22412 
19:11:58.348696 ON flow>3620 srcPort>44301 dst>fd10:43:100::2/22420 
19:11:58.428202 SHUTDOWN flow>3364 srcPort>34005 dst>fd10:43:100::2/22164 
19:11:58.442674 OFF flow>3284 srcPort>40235 dst>fd10:43:100::2/22084 
19:11:58.444180 CONNECT flow>3620 srcPort>44301 dst>fd10:43:100::2/22420 
19:11:58.493579 SHUTDOWN flow>3340 srcPort>38153 dst>fd10:43:100::2/22140 
19:11:58.500429 SHUTDOWN flow>3356 srcPort>39529 dst>fd10:43:100::2/22156 
19:11:58.529104 OFF flow>3292 srcPort>33667 dst>fd10:43:100::2/22092 
19:11:58.644073 ON flow>3628 srcPort>35671 dst>fd10:43:100::2/22428 
19:11:58.730576 OFF flow>3308 srcPort>34253 dst>fd10:43:100::2/22108 
19:11:58.735748 CONNECT flow>3628 srcPort>35671 dst>fd10:43:100::2/22428 
19:11:58.743588 SHUTDOWN flow>3348 srcPort>45273 dst>fd10:43:100::2/22148 
19:11:58.743789 OFF flow>3324 srcPort>33551 dst>fd10:43:100::2/22124 
19:11:58.756259 SHUTDOWN flow>3380 srcPort>36807 dst>fd10:43:100::2/22180 
19:11:58.782985 OFF flow>3332 srcPort>34997 dst>fd10:43:100::2/22132 
19:11:58.934547 SHUTDOWN flow>3388 srcPort>40441 dst>fd10:43:100::2/22188 
19:11:58.950161 ON flow>3636 srcPort>46221 dst>fd10:43:100::2/22436 
19:11:59.034127 SHUTDOWN flow>3372 srcPort>46227 dst>fd10:43:100::2/22172 
19:11:59.041272 CONNECT flow>3636 srcPort>46221 dst>fd10:43:100::2/22436 
19:11:59.065853 ON flow>3644 srcPort>45687 dst>fd10:43:100::2/22444 
19:11:59.126143 ON flow>3652 srcPort>34493 dst>fd10:43:100::2/22452 
19:11:59.156158 CONNECT flow>3644 srcPort>45687 dst>fd10:43:100::2/22444 
19:11:59.223158 CONNECT flow>3652 srcPort>34493 dst>fd10:43:100::2/22452 
19:11:59.226806 OFF flow>3380 srcPort>36807 dst>fd10:43:100::2/22180 
19:11:59.261234 ON flow>3660 srcPort>36231 dst>fd10:43:100::2/22460 
19:11:59.310215 SHUTDOWN flow>3404 srcPort>43153 dst>fd10:43:100::2/22204 
19:11:59.315846 OFF flow>3300 srcPort>35097 dst>fd10:43:100::2/22100 
19:11:59.319790 ON flow>3668 srcPort>39931 dst>fd10:43:100::2/22468 
19:11:59.351615 CONNECT flow>3660 srcPort>36231 dst>fd10:43:100::2/22460 
19:11:59.380389 ON flow>3676 srcPort>44155 dst>fd10:43:100::2/22476 
19:11:59.385455 SHUTDOWN flow>3420 srcPort>39347 dst>fd10:43:100::2/22220 
19:11:59.395461 OFF flow>3364 srcPort>34005 dst>fd10:43:100::2/22164 
19:11:59.412167 CONNECT flow>3668 srcPort>39931 dst>fd10:43:100::2/22468 
19:11:59.439228 OFF flow>3340 srcPort>38153 dst>fd10:43:100::2/22140 
19:11:59.474017 CONNECT flow>3676 srcPort>44155 dst>fd10:43:100::2/22476 
19:11:59.559154 ON flow>3684 srcPort>44961 dst>fd10:43:100::2/22484 
19:11:59.608597 SHUTDOWN flow>3428 srcPort>37379 dst>fd10:43:100::2/22228 
19:11:59.659872 CONNECT flow>3684 srcPort>44961 dst>fd10:43:100::2/22484 
19:11:59.733257 SHUTDOWN flow>3436 srcPort>44289 dst>fd10:43:100::2/22236 
19:11:59.758370 ON flow>3692 srcPort>46013 dst>fd10:43:100::2/22492 
19:11:59.799081 SHUTDOWN flow>3412 srcPort>38939 dst>fd10:43:100::2/22212 
19:11:59.825559 SHUTDOWN flow>3444 srcPort>41209 dst>fd10:43:100::2/22244 
19:11:59.832399 OFF flow>3356 srcPort>39529 dst>fd10:43:100::2/22156 
19:11:59.852984 CONNECT flow>3692 srcPort>46013 dst>fd10:43:100::2/22492 
19:11:59.934455 ON flow>3700 srcPort>33289 dst>fd10:43:100::2/22500 
19:11:59.959198 SHUTDOWN flow>3396 srcPort>41877 dst>fd10:43:100::2/22196 
19:12:00.010683 OFF flow>3388 srcPort>40441 dst>fd10:43:100::2/22188 
19:12:00.031717 CONNECT flow>3700 srcPort>33289 dst>fd10:43:100::2/22500 
19:12:00.071797 ON flow>3708 srcPort>38665 dst>fd10:43:100::2/22508 
19:12:00.103000 OFF flow>3428 srcPort>37379 dst>fd10:43:100::2/22228 
19:12:00.146296 OFF flow>3444 srcPort>41209 dst>fd10:43:100::2/22244 
19:12:00.161660 CONNECT flow>3708 srcPort>38665 dst>fd10:43:100::2/22508 
19:12:00.226066 OFF flow>3316 srcPort>46473 dst>fd10:43:100::2/22116 
19:12:00.333988 ON flow>3716 srcPort>38959 dst>fd10:43:100::2/22516 
19:12:00.366900 OFF flow>3348 srcPort>45273 dst>fd10:43:100::2/22148 
19:12:00.381392 OFF flow>3420 srcPort>39347 dst>fd10:43:100::2/22220 
19:12:00.427315 CONNECT flow>3716 srcPort>38959 dst>fd10:43:100::2/22516 
19:12:00.467131 OFF flow>3372 srcPort>46227 dst>fd10:43:100::2/22172 
19:12:00.496451 ON flow>3724 srcPort>38115 dst>fd10:43:100::2/22524 
19:12:00.540434 SHUTDOWN flow>3452 srcPort>36471 dst>fd10:43:100::2/22252 
19:12:00.592596 CONNECT flow>3724 srcPort>38115 dst>fd10:43:100::2/22524 
19:12:00.628154 SHUTDOWN flow>3460 srcPort>45107 dst>fd10:43:100::2/22260 
19:12:00.641209 ON flow>3732 srcPort>42437 dst>fd10:43:100::2/22532 
19:12:00.731417 CONNECT flow>3732 srcPort>42437 dst>fd10:43:100::2/22532 
19:12:00.746002 OFF flow>3460 srcPort>45107 dst>fd10:43:100::2/22260 
19:12:00.832126 ON flow>3740 srcPort>36117 dst>fd10:43:100::2/22540 
19:12:00.905858 SHUTDOWN flow>3468 srcPort>37535 dst>fd10:43:100::2/22268 
19:12:00.930478 CONNECT flow>3740 srcPort>36117 dst>fd10:43:100::2/22540 
19:12:00.945352 OFF flow>3404 srcPort>43153 dst>fd10:43:100::2/22204 
19:12:00.958662 SHUTDOWN flow>3476 srcPort>42127 dst>fd10:43:100::2/22276 
19:12:01.049300 SHUTDOWN flow>3484 srcPort>40917 dst>fd10:43:100::2/22284 
19:12:01.059921 ON flow>3748 srcPort>34697 dst>fd10:43:100::2/22548 
19:12:01.114924 OFF flow>3436 srcPort>44289 dst>fd10:43:100::2/22236 
19:12:01.155358 CONNECT flow>3748 srcPort>34697 dst>fd10:43:100::2/22548 
19:12:01.186755 SHUTDOWN flow>3492 srcPort>40685 dst>fd10:43:100::2/22292 
19:12:01.250467 SHUTDOWN flow>3500 srcPort>33345 dst>fd10:43:100::2/22300 
19:12:01.271301 OFF flow>3484 srcPort>40917 dst>fd10:43:100::2/22284 
19:12:01.277559 ON flow>3756 srcPort>36475 dst>fd10:43:100::2/22556 
19:12:01.303881 OFF flow>3412 srcPort>38939 dst>fd10:43:100::2/22212 
19:12:01.343576 OFF flow>3500 srcPort>33345 dst>fd10:43:100::2/22300 
19:12:01.373550 CONNECT flow>3756 srcPort>36475 dst>fd10:43:100::2/22556 
19:12:01.439463 ON flow>3764 srcPort>40371 dst>fd10:43:100::2/22564 
19:12:01.489706 OFF flow>3468 srcPort>37535 dst>fd10:43:100::2/22268 
19:12:01.525183 SHUTDOWN flow>3508 srcPort>33735 dst>fd10:43:100::2/22308 
19:12:01.527652 CONNECT flow>3764 srcPort>40371 dst>fd10:43:100::2/22564 
19:12:01.654445 SHUTDOWN flow>3516 srcPort>46721 dst>fd10:43:100::2/22316 
19:12:01.741497 OFF flow>3516 srcPort>46721 dst>fd10:43:100::2/22316 
19:12:01.774110 ON flow>3772 srcPort>45285 dst>fd10:43:100::2/22572 
19:12:01.833009 SHUTDOWN flow>3532 srcPort>39165 dst>fd10:43:100::2/22332 
19:12:01.860179 OFF flow>3492 srcPort>40685 dst>fd10:43:100::2/22292 
19:12:01.861813 CONNECT flow>3772 srcPort>45285 dst>fd10:43:100::2/22572 
19:12:01.916491 SHUTDOWN flow>3540 srcPort>36675 dst>fd10:43:100::2/22340 
19:12:01.920562 OFF flow>3532 srcPort>39165 dst>fd10:43:100::2/22332 
19:12:01.972140 OFF flow>3476 srcPort>42127 dst>fd10:43:100::2/22276 
19:12:01.983665 ON flow>3780 srcPort>32999 dst>fd10:43:100::2/22580 
19:12:02.001662 SHUTDOWN flow>3548 srcPort>39281 dst>fd10:43:100::2/22348 
19:12:02.005263 OFF flow>3540 srcPort>36675 dst>fd10:43:100::2/22340 
19:12:02.042049 ON flow>3788 srcPort>38799 dst>fd10:43:100::2/22588 
19:12:02.061938 SHUTDOWN flow>3524 srcPort>41045 dst>fd10:43:100::2/22324 
19:12:02.062169 SHUTDOWN flow>3556 srcPort>44171 dst>fd10:43:100::2/22356 
19:12:02.068226 CONNECT flow>3780 srcPort>32999 dst>fd10:43:100::2/22580 
19:12:02.085256 OFF flow>3548 srcPort>39281 dst>fd10:43:100::2/22348 
19:12:02.123062 CONNECT flow>3788 srcPort>38799 dst>fd10:43:100::2/22588 
19:12:02.176241 OFF flow>3556 srcPort>44171 dst>fd10:43:100::2/22356 
19:12:02.187726 ON flow>3796 srcPort>46673 dst>fd10:43:100::2/22596 
19:12:02.223259 SHUTDOWN flow>3564 srcPort>38995 dst>fd10:43:100::2/22364 
19:12:02.243132 OFF flow>3452 srcPort>36471 dst>fd10:43:100::2/22252 
19:12:02.255719 CONNECT flow>3796 srcPort>46673 dst>fd10:43:100::2/22596 
19:12:02.287251 ON flow>3804 srcPort>34173 dst>fd10:43:100::2/22604 
19:12:02.290354 OFF flow>3564 srcPort>38995 dst>fd10:43:100::2/22364 
19:12:02.355321 CONNECT flow>3804 srcPort>34173 dst>fd10:43:100::2/22604 
19:12:02.383938 OFF flow>3508 srcPort>33735 dst>fd10:43:100::2/22308 
19:12:02.386822 SHUTDOWN flow>3572 srcPort>46701 dst>fd10:43:100::2/22372 
19:12:02.403872 ON flow>3812 srcPort>39895 dst>fd10:43:100::2/22612 
19:12:02.439443 SHUTDOWN flow>3580 srcPort>41763 dst>fd10:43:100::2/22380 
19:12:02.474211 CONNECT flow>3812 srcPort>39895 dst>fd10:43:100::2/22612 
19:12:02.508567 OFF flow>3580 srcPort>41763 dst>fd10:43:100::2/22380 
19:12:02.582121 OFF flow>3572 srcPort>46701 dst>fd10:43:100::2/22372 
19:12:02.604622 ON flow>3820 srcPort>42007 dst>fd10:43:100::2/22620 
19:12:02.634382 SHUTDOWN flow>3588 srcPort>34579 dst>fd10:43:100::2/22388 
19:12:02.671017 CONNECT flow>3820 srcPort>42007 dst>fd10:43:100::2/22620 
19:12:02.701284 OFF flow>3588 srcPort>34579 dst>fd10:43:100::2/22388 
19:12:02.746186 SHUTDOWN flow>3596 srcPort>44655 dst>fd10:43:100::2/22396 
19:12:02.779489 ON flow>3828 srcPort>33531 dst>fd10:43:100::2/22628 
19:12:02.804821 OFF flow>3596 srcPort>44655 dst>fd10:43:100::2/22396 
19:12:02.836739 CONNECT flow>3828 srcPort>33531 dst>fd10:43:100::2/22628 
19:12:02.850832 OFF flow>3396 srcPort>41877 dst>fd10:43:100::2/22196 
19:12:02.870488 ON flow>3836 srcPort>36729 dst>fd10:43:100::2/22636 
19:12:02.924770 SHUTDOWN flow>3604 srcPort>33855 dst>fd10:43:100::2/22404 
19:12:02.925562 CONNECT flow>3836 srcPort>36729 dst>fd10:43:100::2/22636 
19:12:02.958787 SHUTDOWN flow>3612 srcPort>36661 dst>fd10:43:100::2/22412 
19:12:03.000095 ON flow>3844 srcPort>42853 dst>fd10:43:100::2/22644 
19:12:03.005063 OFF flow>3612 srcPort>36661 dst>fd10:43:100::2/22412 
19:12:03.045426 CONNECT flow>3844 srcPort>42853 dst>fd10:43:100::2/22644 
19:12:03.096208 OFF flow>3524 srcPort>41045 dst>fd10:43:100::2/22324 
19:12:03.100641 ON flow>3852 srcPort>33601 dst>fd10:43:100::2/22652 
19:12:03.144769 CONNECT flow>3852 srcPort>33601 dst>fd10:43:100::2/22652 
19:12:03.148272 SHUTDOWN flow>3620 srcPort>44301 dst>fd10:43:100::2/22420 
19:12:03.206147 OFF flow>3604 srcPort>33855 dst>fd10:43:100::2/22404 
19:12:03.221643 ON flow>3860 srcPort>41899 dst>fd10:43:100::2/22660 
19:12:03.262683 CONNECT flow>3860 srcPort>41899 dst>fd10:43:100::2/22660 
19:12:03.349380 ON flow>3868 srcPort>38147 dst>fd10:43:100::2/22668 
19:12:03.390476 CONNECT flow>3868 srcPort>38147 dst>fd10:43:100::2/22668 
19:12:03.414512 OFF flow>3620 srcPort>44301 dst>fd10:43:100::2/22420 
19:12:03.417353 ON flow>3876 srcPort>46839 dst>fd10:43:100::2/22676 
19:12:03.444083 SHUTDOWN flow>3628 srcPort>35671 dst>fd10:43:100::2/22428 
19:12:03.454086 CONNECT flow>3876 srcPort>46839 dst>fd10:43:100::2/22676 
19:12:03.477357 OFF flow>3628 srcPort>35671 dst>fd10:43:100::2/22428 
19:12:03.645606 ON flow>3884 srcPort>38465 dst>fd10:43:100::2/22684 
19:12:03.672983 CONNECT flow>3884 srcPort>38465 dst>fd10:43:100::2/22684 
19:12:03.750063 SHUTDOWN flow>3636 srcPort>46221 dst>fd10:43:100::2/22436 
19:12:03.772969 OFF flow>3636 srcPort>46221 dst>fd10:43:100::2/22436 
19:12:03.865756 SHUTDOWN flow>3644 srcPort>45687 dst>fd10:43:100::2/22444 
19:12:03.877341 OFF flow>3644 srcPort>45687 dst>fd10:43:100::2/22444 
19:12:03.926062 SHUTDOWN flow>3652 srcPort>34493 dst>fd10:43:100::2/22452 
19:12:03.930937 OFF flow>3652 srcPort>34493 dst>fd10:43:100::2/22452 
19:12:03.931225 ON flow>3892 srcPort>44835 dst>fd10:43:100::2/22692 
19:12:03.935658 CONNECT flow>3892 srcPort>44835 dst>fd10:43:100::2/22692 
19:12:04.049384 ON flow>3900 srcPort>42205 dst>fd10:43:100::2/22700 
19:12:04.050021 CONNECT flow>3900 srcPort>42205 dst>fd10:43:100::2/22700 
19:12:04.061070 SHUTDOWN flow>3660 srcPort>36231 dst>fd10:43:100::2/22460 
19:12:04.061592 OFF flow>3660 srcPort>36231 dst>fd10:43:100::2/22460 
19:12:04.119673 SHUTDOWN flow>3668 srcPort>39931 dst>fd10:43:100::2/22468 
19:12:04.120576 OFF flow>3668 srcPort>39931 dst>fd10:43:100::2/22468 
19:12:04.142066 ON flow>3908 srcPort>36687 dst>fd10:43:100::2/22708 
19:12:04.144044 CONNECT flow>3908 srcPort>36687 dst>fd10:43:100::2/22708 
19:12:04.180165 SHUTDOWN flow>3676 srcPort>44155 dst>fd10:43:100::2/22476 
19:12:04.181433 OFF flow>3676 srcPort>44155 dst>fd10:43:100::2/22476 
19:12:04.249946 ON flow>3916 srcPort>43315 dst>fd10:43:100::2/22716 
19:12:04.250263 CONNECT flow>3916 srcPort>43315 dst>fd10:43:100::2/22716 
19:12:04.345168 ON flow>3924 srcPort>35223 dst>fd10:43:100::2/22724 
19:12:04.345674 CONNECT flow>3924 srcPort>35223 dst>fd10:43:100::2/22724 
19:12:04.359078 SHUTDOWN flow>3684 srcPort>44961 dst>fd10:43:100::2/22484 
19:12:04.360170 OFF flow>3684 srcPort>44961 dst>fd10:43:100::2/22484 
19:12:04.558169 SHUTDOWN flow>3692 srcPort>46013 dst>fd10:43:100::2/22492 
19:12:04.558767 OFF flow>3692 srcPort>46013 dst>fd10:43:100::2/22492 
19:12:04.626696 ON flow>3932 srcPort>45057 dst>fd10:43:100::2/22732 
19:12:04.627359 CONNECT flow>3932 srcPort>45057 dst>fd10:43:100::2/22732 
19:12:04.734301 SHUTDOWN flow>3700 srcPort>33289 dst>fd10:43:100::2/22500 
19:12:04.735401 OFF flow>3700 srcPort>33289 dst>fd10:43:100::2/22500 
19:12:04.871567 SHUTDOWN flow>3708 srcPort>38665 dst>fd10:43:100::2/22508 
19:12:04.872056 OFF flow>3708 srcPort>38665 dst>fd10:43:100::2/22508 
19:12:04.889622 ON flow>3940 srcPort>42687 dst>fd10:43:100::2/22740 
19:12:04.889961 CONNECT flow>3940 srcPort>42687 dst>fd10:43:100::2/22740 
19:12:05.026719 ON flow>3948 srcPort>42131 dst>fd10:43:100::2/22748 
19:12:05.027314 CONNECT flow>3948 srcPort>42131 dst>fd10:43:100::2/22748 
19:12:05.133868 SHUTDOWN flow>3716 srcPort>38959 dst>fd10:43:100::2/22516 
19:12:05.134381 OFF flow>3716 srcPort>38959 dst>fd10:43:100::2/22516 
19:12:05.296174 SHUTDOWN flow>3724 srcPort>38115 dst>fd10:43:100::2/22524 
19:12:05.296498 OFF flow>3724 srcPort>38115 dst>fd10:43:100::2/22524 
19:12:05.441072 SHUTDOWN flow>3732 srcPort>42437 dst>fd10:43:100::2/22532 
19:12:05.441563 OFF flow>3732 srcPort>42437 dst>fd10:43:100::2/22532 
19:12:05.512595 ON flow>3956 srcPort>44901 dst>fd10:43:100::2/22756 
19:12:05.512813 CONNECT flow>3956 srcPort>44901 dst>fd10:43:100::2/22756 
19:12:05.631978 SHUTDOWN flow>3740 srcPort>36117 dst>fd10:43:100::2/22540 
19:12:05.632975 OFF flow>3740 srcPort>36117 dst>fd10:43:100::2/22540 
19:12:05.859679 SHUTDOWN flow>3748 srcPort>34697 dst>fd10:43:100::2/22548 
19:12:05.860121 OFF flow>3748 srcPort>34697 dst>fd10:43:100::2/22548 
19:12:05.920207 ON flow>3964 srcPort>43185 dst>fd10:43:100::2/22764 
19:12:05.920791 CONNECT flow>3964 srcPort>43185 dst>fd10:43:100::2/22764 
19:12:06.077380 SHUTDOWN flow>3756 srcPort>36475 dst>fd10:43:100::2/22556 
19:12:06.077903 OFF flow>3756 srcPort>36475 dst>fd10:43:100::2/22556 
19:12:06.239385 SHUTDOWN flow>3764 srcPort>40371 dst>fd10:43:100::2/22564 
19:12:06.239683 OFF flow>3764 srcPort>40371 dst>fd10:43:100::2/22564 
19:12:06.323999 ON flow>3972 srcPort>41749 dst>fd10:43:100::2/22772 
19:12:06.324355 CONNECT flow>3972 srcPort>41749 dst>fd10:43:100::2/22772 
19:12:06.385554 ON flow>3980 srcPort>37985 dst>fd10:43:100::2/22780 
19:12:06.385808 CONNECT flow>3980 srcPort>37985 dst>fd10:43:100::2/22780 
19:12:06.570587 ON flow>3988 srcPort>45917 dst>fd10:43:100::2/22788 
19:12:06.571093 CONNECT flow>3988 srcPort>45917 dst>fd10:43:100::2/22788 
19:12:06.573982 SHUTDOWN flow>3772 srcPort>45285 dst>fd10:43:100::2/22572 
19:12:06.574425 OFF flow>3772 srcPort>45285 dst>fd10:43:100::2/22572 
19:12:06.747282 ON flow>3996 srcPort>44145 dst>fd10:43:100::2/22796 
19:12:06.748045 CONNECT flow>3996 srcPort>44145 dst>fd10:43:100::2/22796 
19:12:06.783588 SHUTDOWN flow>3780 srcPort>32999 dst>fd10:43:100::2/22580 
19:12:06.784071 OFF flow>3780 srcPort>32999 dst>fd10:43:100::2/22580 
19:12:06.841990 SHUTDOWN flow>3788 srcPort>38799 dst>fd10:43:100::2/22588 
19:12:06.842854 OFF flow>3788 srcPort>38799 dst>fd10:43:100::2/22588 
19:12:06.885748 ON flow>4004 srcPort>37349 dst>fd10:43:100::2/22804 
19:12:06.885975 CONNECT flow>4004 srcPort>37349 dst>fd10:43:100::2/22804 
19:12:06.987643 SHUTDOWN flow>3796 srcPort>46673 dst>fd10:43:100::2/22596 
19:12:06.988475 OFF flow>3796 srcPort>46673 dst>fd10:43:100::2/22596 
19:12:07.034352 ON flow>4012 srcPort>35721 dst>fd10:43:100::2/22812 
19:12:07.034920 CONNECT flow>4012 srcPort>35721 dst>fd10:43:100::2/22812 
19:12:07.087167 SHUTDOWN flow>3804 srcPort>34173 dst>fd10:43:100::2/22604 
19:12:07.087677 OFF flow>3804 srcPort>34173 dst>fd10:43:100::2/22604 
19:12:07.133156 ON flow>4020 srcPort>33733 dst>fd10:43:100::2/22820 
19:12:07.133339 CONNECT flow>4020 srcPort>33733 dst>fd10:43:100::2/22820 
19:12:07.203748 SHUTDOWN flow>3812 srcPort>39895 dst>fd10:43:100::2/22612 
19:12:07.204281 OFF flow>3812 srcPort>39895 dst>fd10:43:100::2/22612 
19:12:07.299097 ON flow>4028 srcPort>44041 dst>fd10:43:100::2/22828 
19:12:07.300121 CONNECT flow>4028 srcPort>44041 dst>fd10:43:100::2/22828 
19:12:07.404538 SHUTDOWN flow>3820 srcPort>42007 dst>fd10:43:100::2/22620 
19:12:07.404916 OFF flow>3820 srcPort>42007 dst>fd10:43:100::2/22620 
19:12:07.469855 ON flow>4036 srcPort>45103 dst>fd10:43:100::2/22836 
19:12:07.470078 CONNECT flow>4036 srcPort>45103 dst>fd10:43:100::2/22836 
19:12:07.538055 ON flow>4044 srcPort>41129 dst>fd10:43:100::2/22844 
19:12:07.538920 CONNECT flow>4044 srcPort>41129 dst>fd10:43:100::2/22844 
19:12:07.579411 SHUTDOWN flow>3828 srcPort>33531 dst>fd10:43:100::2/22628 
19:12:07.580048 OFF flow>3828 srcPort>33531 dst>fd10:43:100::2/22628 
19:12:07.670317 SHUTDOWN flow>3836 srcPort>36729 dst>fd10:43:100::2/22636 
19:12:07.670660 OFF flow>3836 srcPort>36729 dst>fd10:43:100::2/22636 
19:12:07.763513 ON flow>4052 srcPort>34799 dst>fd10:43:100::2/22852 
19:12:07.763814 CONNECT flow>4052 srcPort>34799 dst>fd10:43:100::2/22852 
19:12:07.800009 SHUTDOWN flow>3844 srcPort>42853 dst>fd10:43:100::2/22644 
19:12:07.800265 OFF flow>3844 srcPort>42853 dst>fd10:43:100::2/22644 
19:12:07.900416 SHUTDOWN flow>3852 srcPort>33601 dst>fd10:43:100::2/22652 
19:12:07.900798 OFF flow>3852 srcPort>33601 dst>fd10:43:100::2/22652 
19:12:07.904977 ON flow>4060 srcPort>43251 dst>fd10:43:100::2/22860 
19:12:07.905369 CONNECT flow>4060 srcPort>43251 dst>fd10:43:100::2/22860 
19:12:08.021516 SHUTDOWN flow>3860 srcPort>41899 dst>fd10:43:100::2/22660 
19:12:08.021873 OFF flow>3860 srcPort>41899 dst>fd10:43:100::2/22660 
19:12:08.127990 ON flow>4068 srcPort>42387 dst>fd10:43:100::2/22868 
19:12:08.128192 CONNECT flow>4068 srcPort>42387 dst>fd10:43:100::2/22868 
19:12:08.149234 SHUTDOWN flow>3868 srcPort>38147 dst>fd10:43:100::2/22668 
19:12:08.149662 OFF flow>3868 srcPort>38147 dst>fd10:43:100::2/22668 
19:12:08.217225 SHUTDOWN flow>3876 srcPort>46839 dst>fd10:43:100::2/22676 
19:12:08.217813 OFF flow>3876 srcPort>46839 dst>fd10:43:100::2/22676 
19:12:08.445413 SHUTDOWN flow>3884 srcPort>38465 dst>fd10:43:100::2/22684 
19:12:08.445997 OFF flow>3884 srcPort>38465 dst>fd10:43:100::2/22684 
19:12:08.494887 ON flow>4076 srcPort>33939 dst>fd10:43:100::2/22876 
19:12:08.495084 CONNECT flow>4076 srcPort>33939 dst>fd10:43:100::2/22876 
19:12:08.603321 ON flow>4084 srcPort>37319 dst>fd10:43:100::2/22884 
19:12:08.603667 CONNECT flow>4084 srcPort>37319 dst>fd10:43:100::2/22884 
19:12:08.731087 SHUTDOWN flow>3892 srcPort>44835 dst>fd10:43:100::2/22692 
19:12:08.731804 OFF flow>3892 srcPort>44835 dst>fd10:43:100::2/22692 
19:12:08.812374 ON flow>4092 srcPort>39431 dst>fd10:43:100::2/22892 
19:12:08.812625 CONNECT flow>4092 srcPort>39431 dst>fd10:43:100::2/22892 
19:12:08.849284 SHUTDOWN flow>3900 srcPort>42205 dst>fd10:43:100::2/22700 
19:12:08.849852 OFF flow>3900 srcPort>42205 dst>fd10:43:100::2/22700 
19:12:08.876309 ON flow>4100 srcPort>35513 dst>fd10:43:100::2/22900 
19:12:08.876525 CONNECT flow>4100 srcPort>35513 dst>fd10:43:100::2/22900 
19:12:08.942051 SHUTDOWN flow>3908 srcPort>36687 dst>fd10:43:100::2/22708 
19:12:08.942773 OFF flow>3908 srcPort>36687 dst>fd10:43:100::2/22708 
19:12:08.955508 ON flow>4108 srcPort>36243 dst>fd10:43:100::2/22908 
19:12:08.956045 CONNECT flow>4108 srcPort>36243 dst>fd10:43:100::2/22908 
19:12:09.049895 SHUTDOWN flow>3916 srcPort>43315 dst>fd10:43:100::2/22716 
19:12:09.050513 OFF flow>3916 srcPort>43315 dst>fd10:43:100::2/22716 
19:12:09.145093 SHUTDOWN flow>3924 srcPort>35223 dst>fd10:43:100::2/22724 
19:12:09.145427 OFF flow>3924 srcPort>35223 dst>fd10:43:100::2/22724 
19:12:09.146464 ON flow>4116 srcPort>44955 dst>fd10:43:100::2/22916 
19:12:09.146707 CONNECT flow>4116 srcPort>44955 dst>fd10:43:100::2/22916 
19:12:09.245819 ON flow>4124 srcPort>35907 dst>fd10:43:100::2/22924 
19:12:09.245985 CONNECT flow>4124 srcPort>35907 dst>fd10:43:100::2/22924 
19:12:09.384158 ON flow>4132 srcPort>38973 dst>fd10:43:100::2/22932 
19:12:09.384474 CONNECT flow>4132 srcPort>38973 dst>fd10:43:100::2/22932 
19:12:09.426591 SHUTDOWN flow>3932 srcPort>45057 dst>fd10:43:100::2/22732 
19:12:09.427058 OFF flow>3932 srcPort>45057 dst>fd10:43:100::2/22732 
19:12:09.570279 ON flow>4140 srcPort>36373 dst>fd10:43:100::2/22940 
19:12:09.570433 CONNECT flow>4140 srcPort>36373 dst>fd10:43:100::2/22940 
19:12:09.654881 ON flow>4148 srcPort>43611 dst>fd10:43:100::2/22948 
19:12:09.655265 CONNECT flow>4148 srcPort>43611 dst>fd10:43:100::2/22948 
19:12:09.689525 SHUTDOWN flow>3940 srcPort>42687 dst>fd10:43:100::2/22740 
19:12:09.690405 OFF flow>3940 srcPort>42687 dst>fd10:43:100::2/22740 
19:12:09.722818 ON flow>4156 srcPort>46723 dst>fd10:43:100::2/22956 
19:12:09.723114 CONNECT flow>4156 srcPort>46723 dst>fd10:43:100::2/22956 
19:12:09.806479 ON flow>4164 srcPort>44379 dst>fd10:43:100::2/22964 
19:12:09.807033 CONNECT flow>4164 srcPort>44379 dst>fd10:43:100::2/22964 
19:12:09.826613 SHUTDOWN flow>3948 srcPort>42131 dst>fd10:43:100::2/22748 
19:12:09.827060 OFF flow>3948 srcPort>42131 dst>fd10:43:100::2/22748 
19:12:09.909342 ON flow>4172 srcPort>42989 dst>fd10:43:100::2/22972 
19:12:09.909623 CONNECT flow>4172 srcPort>42989 dst>fd10:43:100::2/22972 
19:12:09.982909 ON flow>4180 srcPort>37635 dst>fd10:43:100::2/22980 
19:12:09.983225 CONNECT flow>4180 srcPort>37635 dst>fd10:43:100::2/22980 
19:12:10.076645 ON flow>4188 srcPort>43119 dst>fd10:43:100::2/22988 
19:12:10.077055 CONNECT flow>4188 srcPort>43119 dst>fd10:43:100::2/22988 
19:12:10.312524 SHUTDOWN flow>3956 srcPort>44901 dst>fd10:43:100::2/22756 
19:12:10.312830 OFF flow>3956 srcPort>44901 dst>fd10:43:100::2/22756 
19:12:10.404260 ON flow>4196 srcPort>41589 dst>fd10:43:100::2/22996 
19:12:10.404752 CONNECT flow>4196 srcPort>41589 dst>fd10:43:100::2/22996 
19:12:10.720092 SHUTDOWN flow>3964 srcPort>43185 dst>fd10:43:100::2/22764 
19:12:10.720802 OFF flow>3964 srcPort>43185 dst>fd10:43:100::2/22764 
19:12:11.116466 ON flow>4204 srcPort>46119 dst>fd10:43:100::2/23004 
19:12:11.117146 CONNECT flow>4204 srcPort>46119 dst>fd10:43:100::2/23004 
19:12:11.123904 SHUTDOWN flow>3972 srcPort>41749 dst>fd10:43:100::2/22772 
19:12:11.124518 OFF flow>3972 srcPort>41749 dst>fd10:43:100::2/22772 
19:12:11.185515 SHUTDOWN flow>3980 srcPort>37985 dst>fd10:43:100::2/22780 
19:12:11.185839 OFF flow>3980 srcPort>37985 dst>fd10:43:100::2/22780 
19:12:11.370502 SHUTDOWN flow>3988 srcPort>45917 dst>fd10:43:100::2/22788 
19:12:11.372699 OFF flow>3988 srcPort>45917 dst>fd10:43:100::2/22788 
19:12:11.530876 ON flow>4212 srcPort>36347 dst>fd10:43:100::2/23012 
19:12:11.531339 CONNECT flow>4212 srcPort>36347 dst>fd10:43:100::2/23012 
19:12:11.547213 SHUTDOWN flow>3996 srcPort>44145 dst>fd10:43:100::2/22796 
19:12:11.548284 OFF flow>3996 srcPort>44145 dst>fd10:43:100::2/22796 
19:12:11.685700 SHUTDOWN flow>4004 srcPort>37349 dst>fd10:43:100::2/22804 
19:12:11.686630 OFF flow>4004 srcPort>37349 dst>fd10:43:100::2/22804 
19:12:11.776550 ON flow>4220 srcPort>43117 dst>fd10:43:100::2/23020 
19:12:11.776902 CONNECT flow>4220 srcPort>43117 dst>fd10:43:100::2/23020 
19:12:11.834349 SHUTDOWN flow>4012 srcPort>35721 dst>fd10:43:100::2/22812 
19:12:11.834813 OFF flow>4012 srcPort>35721 dst>fd10:43:100::2/22812 
19:12:11.910738 ON flow>4228 srcPort>41497 dst>fd10:43:100::2/23028 
19:12:11.910969 CONNECT flow>4228 srcPort>41497 dst>fd10:43:100::2/23028 
19:12:11.933103 SHUTDOWN flow>4020 srcPort>33733 dst>fd10:43:100::2/22820 
19:12:11.933437 OFF flow>4020 srcPort>33733 dst>fd10:43:100::2/22820 
19:12:12.058097 ON flow>4236 srcPort>44875 dst>fd10:43:100::2/23036 
19:12:12.058367 CONNECT flow>4236 srcPort>44875 dst>fd10:43:100::2/23036 
19:12:12.099009 SHUTDOWN flow>4028 srcPort>44041 dst>fd10:43:100::2/22828 
19:12:12.099332 OFF flow>4028 srcPort>44041 dst>fd10:43:100::2/22828 
19:12:12.269812 SHUTDOWN flow>4036 srcPort>45103 dst>fd10:43:100::2/22836 
19:12:12.270114 OFF flow>4036 srcPort>45103 dst>fd10:43:100::2/22836 
19:12:12.338006 SHUTDOWN flow>4044 srcPort>41129 dst>fd10:43:100::2/22844 
19:12:12.338845 OFF flow>4044 srcPort>41129 dst>fd10:43:100::2/22844 
19:12:12.455050 ON flow>4244 srcPort>39575 dst>fd10:43:100::2/23044 
19:12:12.455601 CONNECT flow>4244 srcPort>39575 dst>fd10:43:100::2/23044 
19:12:12.563429 SHUTDOWN flow>4052 srcPort>34799 dst>fd10:43:100::2/22852 
19:12:12.563735 OFF flow>4052 srcPort>34799 dst>fd10:43:100::2/22852 
19:12:12.613131 ON flow>4252 srcPort>32839 dst>fd10:43:100::2/23052 
19:12:12.613963 CONNECT flow>4252 srcPort>32839 dst>fd10:43:100::2/23052 
19:12:12.704959 SHUTDOWN flow>4060 srcPort>43251 dst>fd10:43:100::2/22860 
19:12:12.705867 OFF flow>4060 srcPort>43251 dst>fd10:43:100::2/22860 
19:12:12.748933 ON flow>4260 srcPort>41665 dst>fd10:43:100::2/23060 
19:12:12.749415 CONNECT flow>4260 srcPort>41665 dst>fd10:43:100::2/23060 
19:12:12.927934 SHUTDOWN flow>4068 srcPort>42387 dst>fd10:43:100::2/22868 
19:12:12.928547 OFF flow>4068 srcPort>42387 dst>fd10:43:100::2/22868 
19:12:12.972735 ON flow>4268 srcPort>43265 dst>fd10:43:100::2/23068 
19:12:12.973504 CONNECT flow>4268 srcPort>43265 dst>fd10:43:100::2/23068 
19:12:13.294839 SHUTDOWN flow>4076 srcPort>33939 dst>fd10:43:100::2/22876 
19:12:13.295179 OFF flow>4076 srcPort>33939 dst>fd10:43:100::2/22876 
19:12:13.403272 SHUTDOWN flow>4084 srcPort>37319 dst>fd10:43:100::2/22884 
19:12:13.404096 OFF flow>4084 srcPort>37319 dst>fd10:43:100::2/22884 
19:12:13.605734 ON flow>4276 srcPort>39719 dst>fd10:43:100::2/23076 
19:12:13.605925 CONNECT flow>4276 srcPort>39719 dst>fd10:43:100::2/23076 
19:12:13.612258 SHUTDOWN flow>4092 srcPort>39431 dst>fd10:43:100::2/22892 
19:12:13.612976 OFF flow>4092 srcPort>39431 dst>fd10:43:100::2/22892 
19:12:13.676269 SHUTDOWN flow>4100 srcPort>35513 dst>fd10:43:100::2/22900 
19:12:13.676693 OFF flow>4100 srcPort>35513 dst>fd10:43:100::2/22900 
19:12:13.755459 SHUTDOWN flow>4108 srcPort>36243 dst>fd10:43:100::2/22908 
19:12:13.756010 OFF flow>4108 srcPort>36243 dst>fd10:43:100::2/22908 
19:12:13.778126 ON flow>4284 srcPort>43141 dst>fd10:43:100::2/23084 
19:12:13.778332 CONNECT flow>4284 srcPort>43141 dst>fd10:43:100::2/23084 
19:12:13.876711 ON flow>4292 srcPort>33093 dst>fd10:43:100::2/23092 
19:12:13.876907 CONNECT flow>4292 srcPort>33093 dst>fd10:43:100::2/23092 
19:12:13.946398 SHUTDOWN flow>4116 srcPort>44955 dst>fd10:43:100::2/22916 
19:12:13.946678 OFF flow>4116 srcPort>44955 dst>fd10:43:100::2/22916 
19:12:13.966340 ON flow>4300 srcPort>39091 dst>fd10:43:100::2/23100 
19:12:13.966646 CONNECT flow>4300 srcPort>39091 dst>fd10:43:100::2/23100 
19:12:14.045698 SHUTDOWN flow>4124 srcPort>35907 dst>fd10:43:100::2/22924 
19:12:14.046126 OFF flow>4124 srcPort>35907 dst>fd10:43:100::2/22924 
19:12:14.181136 ON flow>4308 srcPort>41245 dst>fd10:43:100::2/23108 
19:12:14.181325 CONNECT flow>4308 srcPort>41245 dst>fd10:43:100::2/23108 
19:12:14.184093 SHUTDOWN flow>4132 srcPort>38973 dst>fd10:43:100::2/22932 
19:12:14.184469 OFF flow>4132 srcPort>38973 dst>fd10:43:100::2/22932 
19:12:14.318365 ON flow>4316 srcPort>42967 dst>fd10:43:100::2/23116 
19:12:14.318626 CONNECT flow>4316 srcPort>42967 dst>fd10:43:100::2/23116 
19:12:14.370207 SHUTDOWN flow>4140 srcPort>36373 dst>fd10:43:100::2/22940 
19:12:14.370590 OFF flow>4140 srcPort>36373 dst>fd10:43:100::2/22940 
19:12:14.394398 ON flow>4324 srcPort>44111 dst>fd10:43:100::2/23124 
19:12:14.394687 CONNECT flow>4324 srcPort>44111 dst>fd10:43:100::2/23124 
19:12:14.454821 SHUTDOWN flow>4148 srcPort>43611 dst>fd10:43:100::2/22948 
19:12:14.455528 OFF flow>4148 srcPort>43611 dst>fd10:43:100::2/22948 
19:12:14.522703 SHUTDOWN flow>4156 srcPort>46723 dst>fd10:43:100::2/22956 
19:12:14.522995 OFF flow>4156 srcPort>46723 dst>fd10:43:100::2/22956 
19:12:14.543699 ON flow>4332 srcPort>39681 dst>fd10:43:100::2/23132 
19:12:14.544081 CONNECT flow>4332 srcPort>39681 dst>fd10:43:100::2/23132 
19:12:14.606408 SHUTDOWN flow>4164 srcPort>44379 dst>fd10:43:100::2/22964 
19:12:14.606835 OFF flow>4164 srcPort>44379 dst>fd10:43:100::2/22964 
19:12:14.709218 SHUTDOWN flow>4172 srcPort>42989 dst>fd10:43:100::2/22972 
19:12:14.709926 OFF flow>4172 srcPort>42989 dst>fd10:43:100::2/22972 
19:12:14.782809 SHUTDOWN flow>4180 srcPort>37635 dst>fd10:43:100::2/22980 
19:12:14.784526 OFF flow>4180 srcPort>37635 dst>fd10:43:100::2/22980 
19:12:14.876504 SHUTDOWN flow>4188 srcPort>43119 dst>fd10:43:100::2/22988 
19:12:14.877100 OFF flow>4188 srcPort>43119 dst>fd10:43:100::2/22988 
19:12:14.878364 ON flow>4340 srcPort>42237 dst>fd10:43:100::2/23140 
19:12:14.878587 CONNECT flow>4340 srcPort>42237 dst>fd10:43:100::2/23140 
19:12:15.204107 SHUTDOWN flow>4196 srcPort>41589 dst>fd10:43:100::2/22996 
19:12:15.205001 OFF flow>4196 srcPort>41589 dst>fd10:43:100::2/22996 
19:12:15.271009 ON flow>4348 srcPort>46075 dst>fd10:43:100::2/23148 
19:12:15.271217 CONNECT flow>4348 srcPort>46075 dst>fd10:43:100::2/23148 
19:12:15.443172 ON flow>4356 srcPort>37567 dst>fd10:43:100::2/23156 
19:12:15.443649 CONNECT flow>4356 srcPort>37567 dst>fd10:43:100::2/23156 
19:12:15.702625 ON flow>4364 srcPort>33663 dst>fd10:43:100::2/23164 
19:12:15.702861 CONNECT flow>4364 srcPort>33663 dst>fd10:43:100::2/23164 
19:12:15.916351 SHUTDOWN flow>4204 srcPort>46119 dst>fd10:43:100::2/23004 
19:12:15.916702 OFF flow>4204 srcPort>46119 dst>fd10:43:100::2/23004 
19:12:15.983861 ON flow>4372 srcPort>43951 dst>fd10:43:100::2/23172 
19:12:15.984364 CONNECT flow>4372 srcPort>43951 dst>fd10:43:100::2/23172 
19:12:16.111345 ON flow>4380 srcPort>40543 dst>fd10:43:100::2/23180 
19:12:16.111745 CONNECT flow>4380 srcPort>40543 dst>fd10:43:100::2/23180 
19:12:16.203193 ON flow>4388 srcPort>43401 dst>fd10:43:100::2/23188 
19:12:16.203446 CONNECT flow>4388 srcPort>43401 dst>fd10:43:100::2/23188 
19:12:16.283855 ON flow>4396 srcPort>39121 dst>fd10:43:100::2/23196 
19:12:16.284399 CONNECT flow>4396 srcPort>39121 dst>fd10:43:100::2/23196 
19:12:16.330758 SHUTDOWN flow>4212 srcPort>36347 dst>fd10:43:100::2/23012 
19:12:16.331230 OFF flow>4212 srcPort>36347 dst>fd10:43:100::2/23012 
19:12:16.384899 ON flow>4404 srcPort>36047 dst>fd10:43:100::2/23204 
19:12:16.385248 CONNECT flow>4404 srcPort>36047 dst>fd10:43:100::2/23204 
19:12:16.422429 ON flow>4412 srcPort>36201 dst>fd10:43:100::2/23212 
19:12:16.422909 CONNECT flow>4412 srcPort>36201 dst>fd10:43:100::2/23212 
19:12:16.541607 ON flow>4420 srcPort>37977 dst>fd10:43:100::2/23220 
19:12:16.542477 CONNECT flow>4420 srcPort>37977 dst>fd10:43:100::2/23220 
19:12:16.576423 SHUTDOWN flow>4220 srcPort>43117 dst>fd10:43:100::2/23020 
19:12:16.577185 OFF flow>4220 srcPort>43117 dst>fd10:43:100::2/23020 
19:12:16.610012 ON flow>4428 srcPort>46229 dst>fd10:43:100::2/23228 
19:12:16.610275 CONNECT flow>4428 srcPort>46229 dst>fd10:43:100::2/23228 
19:12:16.634603 ON flow>4436 srcPort>44861 dst>fd10:43:100::2/23236 
19:12:16.634990 CONNECT flow>4436 srcPort>44861 dst>fd10:43:100::2/23236 
19:12:16.710652 SHUTDOWN flow>4228 srcPort>41497 dst>fd10:43:100::2/23028 
19:12:16.711402 OFF flow>4228 srcPort>41497 dst>fd10:43:100::2/23028 
19:12:16.806673 ON flow>4444 srcPort>45555 dst>fd10:43:100::2/23244 
19:12:16.807116 CONNECT flow>4444 srcPort>45555 dst>fd10:43:100::2/23244 
19:12:16.858016 SHUTDOWN flow>4236 srcPort>44875 dst>fd10:43:100::2/23036 
19:12:16.858369 OFF flow>4236 srcPort>44875 dst>fd10:43:100::2/23036 
19:12:16.988615 ON flow>4452 srcPort>37193 dst>fd10:43:100::2/23252 
19:12:16.989173 CONNECT flow>4452 srcPort>37193 dst>fd10:43:100::2/23252 
19:12:17.106593 ON flow>4460 srcPort>37027 dst>fd10:43:100::2/23260 
19:12:17.107805 CONNECT flow>4460 srcPort>37027 dst>fd10:43:100::2/23260 
19:12:17.254824 SHUTDOWN flow>4244 srcPort>39575 dst>fd10:43:100::2/23044 
19:12:17.255123 OFF flow>4244 srcPort>39575 dst>fd10:43:100::2/23044 
19:12:17.326021 ON flow>4468 srcPort>45925 dst>fd10:43:100::2/23268 
19:12:17.326204 CONNECT flow>4468 srcPort>45925 dst>fd10:43:100::2/23268 
19:12:17.413070 SHUTDOWN flow>4252 srcPort>32839 dst>fd10:43:100::2/23052 
19:12:17.413856 OFF flow>4252 srcPort>32839 dst>fd10:43:100::2/23052 
19:12:17.425523 ON flow>4476 srcPort>33811 dst>fd10:43:100::2/23276 
19:12:17.425875 CONNECT flow>4476 srcPort>33811 dst>fd10:43:100::2/23276 
19:12:17.548803 SHUTDOWN flow>4260 srcPort>41665 dst>fd10:43:100::2/23060 
19:12:17.549178 OFF flow>4260 srcPort>41665 dst>fd10:43:100::2/23060 
19:12:17.689240 ON flow>4484 srcPort>35049 dst>fd10:43:100::2/23284 
19:12:17.689467 CONNECT flow>4484 srcPort>35049 dst>fd10:43:100::2/23284 
19:12:17.772623 SHUTDOWN flow>4268 srcPort>43265 dst>fd10:43:100::2/23068 
19:12:17.772951 OFF flow>4268 srcPort>43265 dst>fd10:43:100::2/23068 
19:12:17.884556 ON flow>4492 srcPort>39611 dst>fd10:43:100::2/23292 
19:12:17.884792 CONNECT flow>4492 srcPort>39611 dst>fd10:43:100::2/23292 
19:12:18.013539 ON flow>4500 srcPort>45557 dst>fd10:43:100::2/23300 
19:12:18.013958 CONNECT flow>4500 srcPort>45557 dst>fd10:43:100::2/23300 
19:12:18.252535 ON flow>4508 srcPort>41553 dst>fd10:43:100::2/23308 
19:12:18.253135 CONNECT flow>4508 srcPort>41553 dst>fd10:43:100::2/23308 
19:12:18.405611 SHUTDOWN flow>4276 srcPort>39719 dst>fd10:43:100::2/23076 
19:12:18.406317 OFF flow>4276 srcPort>39719 dst>fd10:43:100::2/23076 
19:12:18.578015 SHUTDOWN flow>4284 srcPort>43141 dst>fd10:43:100::2/23084 
19:12:18.579099 OFF flow>4284 srcPort>43141 dst>fd10:43:100::2/23084 
19:12:18.588844 ON flow>4516 srcPort>34905 dst>fd10:43:100::2/23316 
19:12:18.589151 CONNECT flow>4516 srcPort>34905 dst>fd10:43:100::2/23316 
19:12:18.676627 SHUTDOWN flow>4292 srcPort>33093 dst>fd10:43:100::2/23092 
19:12:18.677318 OFF flow>4292 srcPort>33093 dst>fd10:43:100::2/23092 
19:12:18.698201 ON flow>4524 srcPort>38515 dst>fd10:43:100::2/23324 
19:12:18.698505 CONNECT flow>4524 srcPort>38515 dst>fd10:43:100::2/23324 
19:12:18.766230 SHUTDOWN flow>4300 srcPort>39091 dst>fd10:43:100::2/23100 
19:12:18.770179 OFF flow>4300 srcPort>39091 dst>fd10:43:100::2/23100 
19:12:18.788374 ON flow>4532 srcPort>34345 dst>fd10:43:100::2/23332 
19:12:18.788627 CONNECT flow>4532 srcPort>34345 dst>fd10:43:100::2/23332 
19:12:18.859974 ON flow>4540 srcPort>35035 dst>fd10:43:100::2/23340 
19:12:18.860282 CONNECT flow>4540 srcPort>35035 dst>fd10:43:100::2/23340 
19:12:18.954021 ON flow>4548 srcPort>32891 dst>fd10:43:100::2/23348 
19:12:18.954244 CONNECT flow>4548 srcPort>32891 dst>fd10:43:100::2/23348 
19:12:18.981055 SHUTDOWN flow>4308 srcPort>41245 dst>fd10:43:100::2/23108 
19:12:18.981992 OFF flow>4308 srcPort>41245 dst>fd10:43:100::2/23108 
19:12:19.108220 ON flow>4556 srcPort>45163 dst>fd10:43:100::2/23356 
19:12:19.108943 CONNECT flow>4556 srcPort>45163 dst>fd10:43:100::2/23356 
19:12:19.118234 SHUTDOWN flow>4316 srcPort>42967 dst>fd10:43:100::2/23116 
19:12:19.118554 OFF flow>4316 srcPort>42967 dst>fd10:43:100::2/23116 
19:12:19.194333 SHUTDOWN flow>4324 srcPort>44111 dst>fd10:43:100::2/23124 
19:12:19.195443 OFF flow>4324 srcPort>44111 dst>fd10:43:100::2/23124 
19:12:19.211347 ON flow>4564 srcPort>37125 dst>fd10:43:100::2/23364 
19:12:19.211846 CONNECT flow>4564 srcPort>37125 dst>fd10:43:100::2/23364 
19:12:19.274324 ON flow>4572 srcPort>33883 dst>fd10:43:100::2/23372 
19:12:19.274534 CONNECT flow>4572 srcPort>33883 dst>fd10:43:100::2/23372 
19:12:19.343643 SHUTDOWN flow>4332 srcPort>39681 dst>fd10:43:100::2/23132 
19:12:19.344760 OFF flow>4332 srcPort>39681 dst>fd10:43:100::2/23132 
19:12:19.440836 ON flow>4580 srcPort>42711 dst>fd10:43:100::2/23380 
19:12:19.441103 CONNECT flow>4580 srcPort>42711 dst>fd10:43:100::2/23380 
19:12:19.678326 SHUTDOWN flow>4340 srcPort>42237 dst>fd10:43:100::2/23140 
19:12:19.678745 OFF flow>4340 srcPort>42237 dst>fd10:43:100::2/23140 
19:12:19.928730 ON flow>4588 srcPort>41431 dst>fd10:43:100::2/23388 
19:12:19.928900 CONNECT flow>4588 srcPort>41431 dst>fd10:43:100::2/23388 
19:12:20.070910 SHUTDOWN flow>4348 srcPort>46075 dst>fd10:43:100::2/23148 
19:12:20.071714 OFF flow>4348 srcPort>46075 dst>fd10:43:100::2/23148 
19:12:20.143811 ON flow>4596 srcPort>40825 dst>fd10:43:100::2/23396 
19:12:20.144171 CONNECT flow>4596 srcPort>40825 dst>fd10:43:100::2/23396 
19:12:20.243113 SHUTDOWN flow>4356 srcPort>37567 dst>fd10:43:100::2/23156 
19:12:20.244876 OFF flow>4356 srcPort>37567 dst>fd10:43:100::2/23156 
19:12:20.254742 ON flow>4604 srcPort>38803 dst>fd10:43:100::2/23404 
19:12:20.254925 CONNECT flow>4604 srcPort>38803 dst>fd10:43:100::2/23404 
19:12:20.362898 ON flow>4612 srcPort>37723 dst>fd10:43:100::2/23412 
19:12:20.363287 CONNECT flow>4612 srcPort>37723 dst>fd10:43:100::2/23412 
19:12:20.502562 SHUTDOWN flow>4364 srcPort>33663 dst>fd10:43:100::2/23164 
19:12:20.503749 OFF flow>4364 srcPort>33663 dst>fd10:43:100::2/23164 
19:12:20.589484 ON flow>4620 srcPort>46199 dst>fd10:43:100::2/23420 
19:12:20.589831 CONNECT flow>4620 srcPort>46199 dst>fd10:43:100::2/23420 
19:12:20.783729 SHUTDOWN flow>4372 srcPort>43951 dst>fd10:43:100::2/23172 
19:12:20.784104 OFF flow>4372 srcPort>43951 dst>fd10:43:100::2/23172 
19:12:20.911226 SHUTDOWN flow>4380 srcPort>40543 dst>fd10:43:100::2/23180 
19:12:20.912190 OFF flow>4380 srcPort>40543 dst>fd10:43:100::2/23180 
19:12:20.912883 ON flow>4628 srcPort>43091 dst>fd10:43:100::2/23428 
19:12:20.913555 CONNECT flow>4628 srcPort>43091 dst>fd10:43:100::2/23428 
19:12:21.003134 SHUTDOWN flow>4388 srcPort>43401 dst>fd10:43:100::2/23188 
19:12:21.003825 OFF flow>4388 srcPort>43401 dst>fd10:43:100::2/23188 
19:12:21.083757 SHUTDOWN flow>4396 srcPort>39121 dst>fd10:43:100::2/23196 
19:12:21.084298 OFF flow>4396 srcPort>39121 dst>fd10:43:100::2/23196 
19:12:21.119315 ON flow>4636 srcPort>43693 dst>fd10:43:100::2/23436 
19:12:21.119689 CONNECT flow>4636 srcPort>43693 dst>fd10:43:100::2/23436 
19:12:21.184870 SHUTDOWN flow>4404 srcPort>36047 dst>fd10:43:100::2/23204 
19:12:21.185655 OFF flow>4404 srcPort>36047 dst>fd10:43:100::2/23204 
19:12:21.198099 ON flow>4644 srcPort>40239 dst>fd10:43:100::2/23444 
19:12:21.199456 CONNECT flow>4644 srcPort>40239 dst>fd10:43:100::2/23444 
19:12:21.222350 SHUTDOWN flow>4412 srcPort>36201 dst>fd10:43:100::2/23212 
19:12:21.222734 OFF flow>4412 srcPort>36201 dst>fd10:43:100::2/23212 
19:12:21.341550 SHUTDOWN flow>4420 srcPort>37977 dst>fd10:43:100::2/23220 
19:12:21.342257 OFF flow>4420 srcPort>37977 dst>fd10:43:100::2/23220 
19:12:21.391199 ON flow>4652 srcPort>34049 dst>fd10:43:100::2/23452 
19:12:21.391391 CONNECT flow>4652 srcPort>34049 dst>fd10:43:100::2/23452 
19:12:21.409945 SHUTDOWN flow>4428 srcPort>46229 dst>fd10:43:100::2/23228 
19:12:21.411160 OFF flow>4428 srcPort>46229 dst>fd10:43:100::2/23228 
19:12:21.434555 SHUTDOWN flow>4436 srcPort>44861 dst>fd10:43:100::2/23236 
19:12:21.434823 OFF flow>4436 srcPort>44861 dst>fd10:43:100::2/23236 
19:12:21.493006 ON flow>4660 srcPort>44603 dst>fd10:43:100::2/23460 
19:12:21.493568 CONNECT flow>4660 srcPort>44603 dst>fd10:43:100::2/23460 
19:12:21.606630 SHUTDOWN flow>4444 srcPort>45555 dst>fd10:43:100::2/23244 
19:12:21.607691 OFF flow>4444 srcPort>45555 dst>fd10:43:100::2/23244 
19:12:21.701705 ON flow>4668 srcPort>43419 dst>fd10:43:100::2/23468 
19:12:21.702091 CONNECT flow>4668 srcPort>43419 dst>fd10:43:100::2/23468 
19:12:21.788527 SHUTDOWN flow>4452 srcPort>37193 dst>fd10:43:100::2/23252 
19:12:21.789125 OFF flow>4452 srcPort>37193 dst>fd10:43:100::2/23252 
19:12:21.898828 ON flow>4676 srcPort>34435 dst>fd10:43:100::2/23476 
19:12:21.898999 CONNECT flow>4676 srcPort>34435 dst>fd10:43:100::2/23476 
19:12:21.906525 SHUTDOWN flow>4460 srcPort>37027 dst>fd10:43:100::2/23260 
19:12:21.906866 OFF flow>4460 srcPort>37027 dst>fd10:43:100::2/23260 
19:12:22.003316 ON flow>4684 srcPort>33719 dst>fd10:43:100::2/23484 
19:12:22.003928 CONNECT flow>4684 srcPort>33719 dst>fd10:43:100::2/23484 
19:12:22.125830 SHUTDOWN flow>4468 srcPort>45925 dst>fd10:43:100::2/23268 
19:12:22.126413 OFF flow>4468 srcPort>45925 dst>fd10:43:100::2/23268 
19:12:22.225438 SHUTDOWN flow>4476 srcPort>33811 dst>fd10:43:100::2/23276 
19:12:22.226457 OFF flow>4476 srcPort>33811 dst>fd10:43:100::2/23276 
19:12:22.402275 ON flow>4692 srcPort>45859 dst>fd10:43:100::2/23492 
19:12:22.403013 CONNECT flow>4692 srcPort>45859 dst>fd10:43:100::2/23492 
19:12:22.489122 SHUTDOWN flow>4484 srcPort>35049 dst>fd10:43:100::2/23284 
19:12:22.489382 OFF flow>4484 srcPort>35049 dst>fd10:43:100::2/23284 
19:12:22.684423 SHUTDOWN flow>4492 srcPort>39611 dst>fd10:43:100::2/23292 
19:12:22.684761 OFF flow>4492 srcPort>39611 dst>fd10:43:100::2/23292 
19:12:22.747467 ON flow>4700 srcPort>40327 dst>fd10:43:100::2/23500 
19:12:22.747836 CONNECT flow>4700 srcPort>40327 dst>fd10:43:100::2/23500 
19:12:22.813427 SHUTDOWN flow>4500 srcPort>45557 dst>fd10:43:100::2/23300 
19:12:22.813861 OFF flow>4500 srcPort>45557 dst>fd10:43:100::2/23300 
19:12:23.022052 ON flow>4708 srcPort>39565 dst>fd10:43:100::2/23508 
19:12:23.022343 CONNECT flow>4708 srcPort>39565 dst>fd10:43:100::2/23508 
19:12:23.052432 SHUTDOWN flow>4508 srcPort>41553 dst>fd10:43:100::2/23308 
19:12:23.053009 OFF flow>4508 srcPort>41553 dst>fd10:43:100::2/23308 
19:12:23.268563 ON flow>4716 srcPort>46151 dst>fd10:43:100::2/23516 
19:12:23.268837 CONNECT flow>4716 srcPort>46151 dst>fd10:43:100::2/23516 
19:12:23.388730 SHUTDOWN flow>4516 srcPort>34905 dst>fd10:43:100::2/23316 
19:12:23.390098 OFF flow>4516 srcPort>34905 dst>fd10:43:100::2/23316 
19:12:23.458042 ON flow>4724 srcPort>38943 dst>fd10:43:100::2/23524 
19:12:23.458729 CONNECT flow>4724 srcPort>38943 dst>fd10:43:100::2/23524 
19:12:23.498129 SHUTDOWN flow>4524 srcPort>38515 dst>fd10:43:100::2/23324 
19:12:23.498560 OFF flow>4524 srcPort>38515 dst>fd10:43:100::2/23324 
19:12:23.588228 SHUTDOWN flow>4532 srcPort>34345 dst>fd10:43:100::2/23332 
19:12:23.589913 OFF flow>4532 srcPort>34345 dst>fd10:43:100::2/23332 
19:12:23.659954 SHUTDOWN flow>4540 srcPort>35035 dst>fd10:43:100::2/23340 
19:12:23.660262 OFF flow>4540 srcPort>35035 dst>fd10:43:100::2/23340 
19:12:23.689828 ON flow>4732 srcPort>46449 dst>fd10:43:100::2/23532 
19:12:23.690420 CONNECT flow>4732 srcPort>46449 dst>fd10:43:100::2/23532 
19:12:23.753930 SHUTDOWN flow>4548 srcPort>32891 dst>fd10:43:100::2/23348 
19:12:23.754327 OFF flow>4548 srcPort>32891 dst>fd10:43:100::2/23348 
19:12:23.908229 SHUTDOWN flow>4556 srcPort>45163 dst>fd10:43:100::2/23356 
19:12:23.908861 OFF flow>4556 srcPort>45163 dst>fd10:43:100::2/23356 
19:12:24.011315 SHUTDOWN flow>4564 srcPort>37125 dst>fd10:43:100::2/23364 
19:12:24.011918 OFF flow>4564 srcPort>37125 dst>fd10:43:100::2/23364 
19:12:24.051849 ON flow>4740 srcPort>39477 dst>fd10:43:100::2/23540 
19:12:24.052366 CONNECT flow>4740 srcPort>39477 dst>fd10:43:100::2/23540 
19:12:24.074136 SHUTDOWN flow>4572 srcPort>33883 dst>fd10:43:100::2/23372 
19:12:24.074461 OFF flow>4572 srcPort>33883 dst>fd10:43:100::2/23372 
19:12:24.207781 ON flow>4748 srcPort>43479 dst>fd10:43:100::2/23548 
19:12:24.208319 CONNECT flow>4748 srcPort>43479 dst>fd10:43:100::2/23548 
19:12:24.240737 SHUTDOWN flow>4580 srcPort>42711 dst>fd10:43:100::2/23380 
19:12:24.241344 OFF flow>4580 srcPort>42711 dst>fd10:43:100::2/23380 
19:12:24.389929 ON flow>4756 srcPort>35157 dst>fd10:43:100::2/23556 
19:12:24.390158 CONNECT flow>4756 srcPort>35157 dst>fd10:43:100::2/23556 
19:12:24.543500 ON flow>4764 srcPort>39597 dst>fd10:43:100::2/23564 
19:12:24.543835 CONNECT flow>4764 srcPort>39597 dst>fd10:43:100::2/23564 
19:12:24.677008 ON flow>4772 srcPort>42495 dst>fd10:43:100::2/23572 
19:12:24.677260 CONNECT flow>4772 srcPort>42495 dst>fd10:43:100::2/23572 
19:12:24.728529 SHUTDOWN flow>4588 srcPort>41431 dst>fd10:43:100::2/23388 
19:12:24.729217 OFF flow>4588 srcPort>41431 dst>fd10:43:100::2/23388 
19:12:24.851331 ON flow>4780 srcPort>33701 dst>fd10:43:100::2/23580 
19:12:24.852037 CONNECT flow>4780 srcPort>33701 dst>fd10:43:100::2/23580 
19:12:24.943657 SHUTDOWN flow>4596 srcPort>40825 dst>fd10:43:100::2/23396 
19:12:24.943956 OFF flow>4596 srcPort>40825 dst>fd10:43:100::2/23396 
19:12:25.054652 SHUTDOWN flow>4604 srcPort>38803 dst>fd10:43:100::2/23404 
19:12:25.055114 OFF flow>4604 srcPort>38803 dst>fd10:43:100::2/23404 
19:12:25.155453 ON flow>4788 srcPort>34375 dst>fd10:43:100::2/23588 
19:12:25.156256 CONNECT flow>4788 srcPort>34375 dst>fd10:43:100::2/23588 
19:12:25.162761 SHUTDOWN flow>4612 srcPort>37723 dst>fd10:43:100::2/23412 
19:12:25.163256 OFF flow>4612 srcPort>37723 dst>fd10:43:100::2/23412 
19:12:25.324576 ON flow>4796 srcPort>46263 dst>fd10:43:100::2/23596 
19:12:25.325635 CONNECT flow>4796 srcPort>46263 dst>fd10:43:100::2/23596 
19:12:25.389355 SHUTDOWN flow>4620 srcPort>46199 dst>fd10:43:100::2/23420 
19:12:25.389786 OFF flow>4620 srcPort>46199 dst>fd10:43:100::2/23420 
19:12:25.423418 ON flow>4804 srcPort>41883 dst>fd10:43:100::2/23604 
19:12:25.423630 CONNECT flow>4804 srcPort>41883 dst>fd10:43:100::2/23604 
19:12:25.558141 ON flow>4812 srcPort>34067 dst>fd10:43:100::2/23612 
19:12:25.559028 CONNECT flow>4812 srcPort>34067 dst>fd10:43:100::2/23612 
19:12:25.667914 ON flow>4820 srcPort>45459 dst>fd10:43:100::2/23620 
19:12:25.668271 CONNECT flow>4820 srcPort>45459 dst>fd10:43:100::2/23620 
19:12:25.712742 SHUTDOWN flow>4628 srcPort>43091 dst>fd10:43:100::2/23428 
19:12:25.713204 OFF flow>4628 srcPort>43091 dst>fd10:43:100::2/23428 
19:12:25.789617 ON flow>4828 srcPort>32975 dst>fd10:43:100::2/23628 
19:12:25.789810 CONNECT flow>4828 srcPort>32975 dst>fd10:43:100::2/23628 
19:12:25.919249 SHUTDOWN flow>4636 srcPort>43693 dst>fd10:43:100::2/23436 
19:12:25.919624 OFF flow>4636 srcPort>43693 dst>fd10:43:100::2/23436 
19:12:25.978354 ON flow>4836 srcPort>38457 dst>fd10:43:100::2/23636 
19:12:25.978986 CONNECT flow>4836 srcPort>38457 dst>fd10:43:100::2/23636 
19:12:25.998038 SHUTDOWN flow>4644 srcPort>40239 dst>fd10:43:100::2/23444 
19:12:25.999014 OFF flow>4644 srcPort>40239 dst>fd10:43:100::2/23444 
19:12:26.191161 SHUTDOWN flow>4652 srcPort>34049 dst>fd10:43:100::2/23452 
19:12:26.192625 OFF flow>4652 srcPort>34049 dst>fd10:43:100::2/23452 
19:12:26.197265 ON flow>4844 srcPort>39549 dst>fd10:43:100::2/23644 
19:12:26.197682 CONNECT flow>4844 srcPort>39549 dst>fd10:43:100::2/23644 
19:12:26.292950 SHUTDOWN flow>4660 srcPort>44603 dst>fd10:43:100::2/23460 
19:12:26.293285 OFF flow>4660 srcPort>44603 dst>fd10:43:100::2/23460 
19:12:26.492362 ON flow>4852 srcPort>45587 dst>fd10:43:100::2/23652 
19:12:26.492585 CONNECT flow>4852 srcPort>45587 dst>fd10:43:100::2/23652 
19:12:26.501539 SHUTDOWN flow>4668 srcPort>43419 dst>fd10:43:100::2/23468 
19:12:26.502346 OFF flow>4668 srcPort>43419 dst>fd10:43:100::2/23468 
19:12:26.698747 SHUTDOWN flow>4676 srcPort>34435 dst>fd10:43:100::2/23476 
19:12:26.699415 OFF flow>4676 srcPort>34435 dst>fd10:43:100::2/23476 
19:12:26.763100 ON flow>4860 srcPort>44323 dst>fd10:43:100::2/23660 
19:12:26.764103 CONNECT flow>4860 srcPort>44323 dst>fd10:43:100::2/23660 
19:12:26.803257 SHUTDOWN flow>4684 srcPort>33719 dst>fd10:43:100::2/23484 
19:12:26.803595 OFF flow>4684 srcPort>33719 dst>fd10:43:100::2/23484 
19:12:27.118468 ON flow>4868 srcPort>36137 dst>fd10:43:100::2/23668 
19:12:27.118690 CONNECT flow>4868 srcPort>36137 dst>fd10:43:100::2/23668 
19:12:27.196354 ON flow>4876 srcPort>40121 dst>fd10:43:100::2/23676 
19:12:27.196590 CONNECT flow>4876 srcPort>40121 dst>fd10:43:100::2/23676 
19:12:27.202161 SHUTDOWN flow>4692 srcPort>45859 dst>fd10:43:100::2/23492 
19:12:27.202573 OFF flow>4692 srcPort>45859 dst>fd10:43:100::2/23492 
19:12:27.277256 ON flow>4884 srcPort>46203 dst>fd10:43:100::2/23684 
19:12:27.277555 CONNECT flow>4884 srcPort>46203 dst>fd10:43:100::2/23684 
19:12:27.400625 ON flow>4892 srcPort>33487 dst>fd10:43:100::2/23692 
19:12:27.401561 CONNECT flow>4892 srcPort>33487 dst>fd10:43:100::2/23692 
19:12:27.547373 SHUTDOWN flow>4700 srcPort>40327 dst>fd10:43:100::2/23500 
19:12:27.547662 OFF flow>4700 srcPort>40327 dst>fd10:43:100::2/23500 
19:12:27.605215 ON flow>4900 srcPort>45637 dst>fd10:43:100::2/23700 
19:12:27.605415 CONNECT flow>4900 srcPort>45637 dst>fd10:43:100::2/23700 
19:12:27.744738 ON flow>4908 srcPort>45375 dst>fd10:43:100::2/23708 
19:12:27.745338 CONNECT flow>4908 srcPort>45375 dst>fd10:43:100::2/23708 
19:12:27.819753 ON flow>4916 srcPort>40205 dst>fd10:43:100::2/23716 
19:12:27.820126 CONNECT flow>4916 srcPort>40205 dst>fd10:43:100::2/23716 
19:12:27.821952 SHUTDOWN flow>4708 srcPort>39565 dst>fd10:43:100::2/23508 
19:12:27.822963 OFF flow>4708 srcPort>39565 dst>fd10:43:100::2/23508 
19:12:27.957834 ON flow>4924 srcPort>42449 dst>fd10:43:100::2/23724 
19:12:27.958160 CONNECT flow>4924 srcPort>42449 dst>fd10:43:100::2/23724 
19:12:28.068466 SHUTDOWN flow>4716 srcPort>46151 dst>fd10:43:100::2/23516 
19:12:28.068790 OFF flow>4716 srcPort>46151 dst>fd10:43:100::2/23516 
19:12:28.123670 ON flow>4932 srcPort>34833 dst>fd10:43:100::2/23732 
19:12:28.124732 CONNECT flow>4932 srcPort>34833 dst>fd10:43:100::2/23732 
19:12:28.257960 SHUTDOWN flow>4724 srcPort>38943 dst>fd10:43:100::2/23524 
19:12:28.258665 OFF flow>4724 srcPort>38943 dst>fd10:43:100::2/23524 
19:12:28.277403 ON flow>4940 srcPort>34609 dst>fd10:43:100::2/23740 
19:12:28.277653 CONNECT flow>4940 srcPort>34609 dst>fd10:43:100::2/23740 
19:12:28.489772 SHUTDOWN flow>4732 srcPort>46449 dst>fd10:43:100::2/23532 
19:12:28.490643 OFF flow>4732 srcPort>46449 dst>fd10:43:100::2/23532 
19:12:28.678047 ON flow>4948 srcPort>46349 dst>fd10:43:100::2/23748 
19:12:28.678660 CONNECT flow>4948 srcPort>46349 dst>fd10:43:100::2/23748 
19:12:28.829764 ON flow>4956 srcPort>35547 dst>fd10:43:100::2/23756 
19:12:28.829997 CONNECT flow>4956 srcPort>35547 dst>fd10:43:100::2/23756 
19:12:28.851641 SHUTDOWN flow>4740 srcPort>39477 dst>fd10:43:100::2/23540 
19:12:28.852597 OFF flow>4740 srcPort>39477 dst>fd10:43:100::2/23540 
19:12:28.990176 ON flow>4964 srcPort>33385 dst>fd10:43:100::2/23764 
19:12:28.990372 CONNECT flow>4964 srcPort>33385 dst>fd10:43:100::2/23764 
19:12:29.007640 SHUTDOWN flow>4748 srcPort>43479 dst>fd10:43:100::2/23548 
19:12:29.007986 OFF flow>4748 srcPort>43479 dst>fd10:43:100::2/23548 
19:12:29.189832 SHUTDOWN flow>4756 srcPort>35157 dst>fd10:43:100::2/23556 
19:12:29.191392 OFF flow>4756 srcPort>35157 dst>fd10:43:100::2/23556 
19:12:29.343445 SHUTDOWN flow>4764 srcPort>39597 dst>fd10:43:100::2/23564 
19:12:29.346128 OFF flow>4764 srcPort>39597 dst>fd10:43:100::2/23564 
19:12:29.476961 SHUTDOWN flow>4772 srcPort>42495 dst>fd10:43:100::2/23572 
19:12:29.477339 OFF flow>4772 srcPort>42495 dst>fd10:43:100::2/23572 
19:12:29.651275 SHUTDOWN flow>4780 srcPort>33701 dst>fd10:43:100::2/23580 
19:12:29.651892 OFF flow>4780 srcPort>33701 dst>fd10:43:100::2/23580 
19:12:29.725545 ON flow>4972 srcPort>33465 dst>fd10:43:100::2/23772 
19:12:29.725847 CONNECT flow>4972 srcPort>33465 dst>fd10:43:100::2/23772 
19:12:29.955348 SHUTDOWN flow>4788 srcPort>34375 dst>fd10:43:100::2/23588 
19:12:29.956144 OFF flow>4788 srcPort>34375 dst>fd10:43:100::2/23588 
19:12:30.097678 ON flow>4980 srcPort>46301 dst>fd10:43:100::2/23780 
19:12:30.098044 CONNECT flow>4980 srcPort>46301 dst>fd10:43:100::2/23780 
19:12:30.124454 SHUTDOWN flow>4796 srcPort>46263 dst>fd10:43:100::2/23596 
19:12:30.124848 OFF flow>4796 srcPort>46263 dst>fd10:43:100::2/23596 
19:12:30.204462 ON flow>4988 srcPort>33317 dst>fd10:43:100::2/23788 
19:12:30.204720 CONNECT flow>4988 srcPort>33317 dst>fd10:43:100::2/23788 
19:12:30.223367 SHUTDOWN flow>4804 srcPort>41883 dst>fd10:43:100::2/23604 
19:12:30.223810 OFF flow>4804 srcPort>41883 dst>fd10:43:100::2/23604 
19:12:30.357968 SHUTDOWN flow>4812 srcPort>34067 dst>fd10:43:100::2/23612 
19:12:30.358666 OFF flow>4812 srcPort>34067 dst>fd10:43:100::2/23612 
19:12:30.467855 SHUTDOWN flow>4820 srcPort>45459 dst>fd10:43:100::2/23620 
19:12:30.468724 OFF flow>4820 srcPort>45459 dst>fd10:43:100::2/23620 
19:12:30.486395 ON flow>4996 srcPort>38889 dst>fd10:43:100::2/23796 
19:12:30.486591 CONNECT flow>4996 srcPort>38889 dst>fd10:43:100::2/23796 
19:12:30.589573 SHUTDOWN flow>4828 srcPort>32975 dst>fd10:43:100::2/23628 
19:12:30.590157 OFF flow>4828 srcPort>32975 dst>fd10:43:100::2/23628 
19:12:30.755325 ON flow>5004 srcPort>35611 dst>fd10:43:100::2/23804 
19:12:30.755623 CONNECT flow>5004 srcPort>35611 dst>fd10:43:100::2/23804 
19:12:30.778166 SHUTDOWN flow>4836 srcPort>38457 dst>fd10:43:100::2/23636 
19:12:30.778730 OFF flow>4836 srcPort>38457 dst>fd10:43:100::2/23636 
19:12:30.853013 ON flow>5012 srcPort>33073 dst>fd10:43:100::2/23812 
19:12:30.853473 CONNECT flow>5012 srcPort>33073 dst>fd10:43:100::2/23812 
19:12:30.997173 SHUTDOWN flow>4844 srcPort>39549 dst>fd10:43:100::2/23644 
19:12:30.997957 OFF flow>4844 srcPort>39549 dst>fd10:43:100::2/23644 
19:12:31.047961 ON flow>5020 srcPort>45805 dst>fd10:43:100::2/23820 
19:12:31.048611 CONNECT flow>5020 srcPort>45805 dst>fd10:43:100::2/23820 
19:12:31.159642 ON flow>5028 srcPort>45631 dst>fd10:43:100::2/23828 
19:12:31.159831 CONNECT flow>5028 srcPort>45631 dst>fd10:43:100::2/23828 
19:12:31.187032 ON flow>5036 srcPort>33479 dst>fd10:43:100::2/23836 
19:12:31.187298 CONNECT flow>5036 srcPort>33479 dst>fd10:43:100::2/23836 
19:12:31.292276 SHUTDOWN flow>4852 srcPort>45587 dst>fd10:43:100::2/23652 
19:12:31.292614 OFF flow>4852 srcPort>45587 dst>fd10:43:100::2/23652 
19:12:31.348643 ON flow>5044 srcPort>44455 dst>fd10:43:100::2/23844 
19:12:31.349313 CONNECT flow>5044 srcPort>44455 dst>fd10:43:100::2/23844 
19:12:31.507946 ON flow>5052 srcPort>33405 dst>fd10:43:100::2/23852 
19:12:31.508508 CONNECT flow>5052 srcPort>33405 dst>fd10:43:100::2/23852 
19:12:31.562394 SHUTDOWN flow>4860 srcPort>44323 dst>fd10:43:100::2/23660 
19:12:31.563273 OFF flow>4860 srcPort>44323 dst>fd10:43:100::2/23660 
19:12:31.651372 ON flow>5060 srcPort>40245 dst>fd10:43:100::2/23860 
19:12:31.651623 CONNECT flow>5060 srcPort>40245 dst>fd10:43:100::2/23860 
19:12:31.813975 ON flow>5068 srcPort>33499 dst>fd10:43:100::2/23868 
19:12:31.814525 CONNECT flow>5068 srcPort>33499 dst>fd10:43:100::2/23868 
19:12:31.918393 SHUTDOWN flow>4868 srcPort>36137 dst>fd10:43:100::2/23668 
19:12:31.918834 OFF flow>4868 srcPort>36137 dst>fd10:43:100::2/23668 
19:12:31.994181 ON flow>5076 srcPort>44863 dst>fd10:43:100::2/23876 
19:12:31.995027 CONNECT flow>5076 srcPort>44863 dst>fd10:43:100::2/23876 
19:12:31.996298 SHUTDOWN flow>4876 srcPort>40121 dst>fd10:43:100::2/23676 
19:12:31.997042 OFF flow>4876 srcPort>40121 dst>fd10:43:100::2/23676 
19:12:32.077194 SHUTDOWN flow>4884 srcPort>46203 dst>fd10:43:100::2/23684 
19:12:32.077595 OFF flow>4884 srcPort>46203 dst>fd10:43:100::2/23684 
19:12:32.096434 ON flow>5084 srcPort>43755 dst>fd10:43:100::2/23884 
19:12:32.096867 CONNECT flow>5084 srcPort>43755 dst>fd10:43:100::2/23884 
19:12:32.200504 SHUTDOWN flow>4892 srcPort>33487 dst>fd10:43:100::2/23692 
19:12:32.201228 OFF flow>4892 srcPort>33487 dst>fd10:43:100::2/23692 
19:12:32.267919 ON flow>5092 srcPort>34107 dst>fd10:43:100::2/23892 
19:12:32.268245 CONNECT flow>5092 srcPort>34107 dst>fd10:43:100::2/23892 
19:12:32.378440 ON flow>5100 srcPort>44431 dst>fd10:43:100::2/23900 
19:12:32.378843 CONNECT flow>5100 srcPort>44431 dst>fd10:43:100::2/23900 
19:12:32.405096 SHUTDOWN flow>4900 srcPort>45637 dst>fd10:43:100::2/23700 
19:12:32.405740 OFF flow>4900 srcPort>45637 dst>fd10:43:100::2/23700 
19:12:32.479406 ON flow>5108 srcPort>40509 dst>fd10:43:100::2/23908 
19:12:32.479690 CONNECT flow>5108 srcPort>40509 dst>fd10:43:100::2/23908 
19:12:32.544690 SHUTDOWN flow>4908 srcPort>45375 dst>fd10:43:100::2/23708 
19:12:32.545532 OFF flow>4908 srcPort>45375 dst>fd10:43:100::2/23708 
19:12:32.619668 SHUTDOWN flow>4916 srcPort>40205 dst>fd10:43:100::2/23716 
19:12:32.620664 OFF flow>4916 srcPort>40205 dst>fd10:43:100::2/23716 
19:12:32.730735 ON flow>5116 srcPort>33307 dst>fd10:43:100::2/23916 
19:12:32.731041 CONNECT flow>5116 srcPort>33307 dst>fd10:43:100::2/23916 
19:12:32.757770 SHUTDOWN flow>4924 srcPort>42449 dst>fd10:43:100::2/23724 
19:12:32.758370 OFF flow>4924 srcPort>42449 dst>fd10:43:100::2/23724 
19:12:32.841876 ON flow>5124 srcPort>45095 dst>fd10:43:100::2/23924 
19:12:32.842182 CONNECT flow>5124 srcPort>45095 dst>fd10:43:100::2/23924 
19:12:32.923581 SHUTDOWN flow>4932 srcPort>34833 dst>fd10:43:100::2/23732 
19:12:32.923860 OFF flow>4932 srcPort>34833 dst>fd10:43:100::2/23732 
19:12:33.061958 ON flow>5132 srcPort>39385 dst>fd10:43:100::2/23932 
19:12:33.062350 CONNECT flow>5132 srcPort>39385 dst>fd10:43:100::2/23932 
19:12:33.077279 SHUTDOWN flow>4940 srcPort>34609 dst>fd10:43:100::2/23740 
19:12:33.078217 OFF flow>4940 srcPort>34609 dst>fd10:43:100::2/23740 
19:12:33.330116 ON flow>5140 srcPort>37443 dst>fd10:43:100::2/23940 
19:12:33.330541 CONNECT flow>5140 srcPort>37443 dst>fd10:43:100::2/23940 
19:12:33.477870 SHUTDOWN flow>4948 srcPort>46349 dst>fd10:43:100::2/23748 
19:12:33.478429 OFF flow>4948 srcPort>46349 dst>fd10:43:100::2/23748 
19:12:33.527602 ON flow>5148 srcPort>40957 dst>fd10:43:100::2/23948 
19:12:33.527843 CONNECT flow>5148 srcPort>40957 dst>fd10:43:100::2/23948 
19:12:33.629667 SHUTDOWN flow>4956 srcPort>35547 dst>fd10:43:100::2/23756 
19:12:33.630409 OFF flow>4956 srcPort>35547 dst>fd10:43:100::2/23756 
19:12:33.790088 SHUTDOWN flow>4964 srcPort>33385 dst>fd10:43:100::2/23764 
19:12:33.790359 OFF flow>4964 srcPort>33385 dst>fd10:43:100::2/23764 
19:12:33.861219 ON flow>5156 srcPort>37037 dst>fd10:43:100::2/23956 
19:12:33.861573 CONNECT flow>5156 srcPort>37037 dst>fd10:43:100::2/23956 
19:12:33.966175 ON flow>5164 srcPort>41631 dst>fd10:43:100::2/23964 
19:12:33.966511 CONNECT flow>5164 srcPort>41631 dst>fd10:43:100::2/23964 
19:12:34.078754 ON flow>5172 srcPort>34957 dst>fd10:43:100::2/23972 
19:12:34.079041 CONNECT flow>5172 srcPort>34957 dst>fd10:43:100::2/23972 
19:12:34.171995 ON flow>5180 srcPort>38443 dst>fd10:43:100::2/23980 
19:12:34.172314 CONNECT flow>5180 srcPort>38443 dst>fd10:43:100::2/23980 
19:12:34.253044 ON flow>5188 srcPort>42523 dst>fd10:43:100::2/23988 
19:12:34.253264 CONNECT flow>5188 srcPort>42523 dst>fd10:43:100::2/23988 
19:12:34.334566 ON flow>5196 srcPort>35411 dst>fd10:43:100::2/23996 
19:12:34.334942 CONNECT flow>5196 srcPort>35411 dst>fd10:43:100::2/23996 
19:12:34.440065 ON flow>5204 srcPort>34527 dst>fd10:43:100::2/24004 
19:12:34.440854 CONNECT flow>5204 srcPort>34527 dst>fd10:43:100::2/24004 
19:12:34.525272 SHUTDOWN flow>4972 srcPort>33465 dst>fd10:43:100::2/23772 
19:12:34.528197 OFF flow>4972 srcPort>33465 dst>fd10:43:100::2/23772 
19:12:34.563919 ON flow>5212 srcPort>36241 dst>fd10:43:100::2/24012 
19:12:34.564322 CONNECT flow>5212 srcPort>36241 dst>fd10:43:100::2/24012 
19:12:34.644675 ON flow>5220 srcPort>40559 dst>fd10:43:100::2/24020 
19:12:34.645581 CONNECT flow>5220 srcPort>40559 dst>fd10:43:100::2/24020 
19:12:34.781587 ON flow>5228 srcPort>39927 dst>fd10:43:100::2/24028 
19:12:34.781978 CONNECT flow>5228 srcPort>39927 dst>fd10:43:100::2/24028 
19:12:34.897579 SHUTDOWN flow>4980 srcPort>46301 dst>fd10:43:100::2/23780 
19:12:34.899068 OFF flow>4980 srcPort>46301 dst>fd10:43:100::2/23780 
19:12:34.906428 ON flow>5236 srcPort>38753 dst>fd10:43:100::2/24036 
19:12:34.906911 CONNECT flow>5236 srcPort>38753 dst>fd10:43:100::2/24036 
19:12:35.004271 SHUTDOWN flow>4988 srcPort>33317 dst>fd10:43:100::2/23788 
19:12:35.004972 OFF flow>4988 srcPort>33317 dst>fd10:43:100::2/23788 
19:12:35.035385 ON flow>5244 srcPort>45135 dst>fd10:43:100::2/24044 
19:12:35.036671 CONNECT flow>5244 srcPort>45135 dst>fd10:43:100::2/24044 
19:12:35.176677 ON flow>5252 srcPort>42001 dst>fd10:43:100::2/24052 
19:12:35.176921 CONNECT flow>5252 srcPort>42001 dst>fd10:43:100::2/24052 
19:12:35.286287 SHUTDOWN flow>4996 srcPort>38889 dst>fd10:43:100::2/23796 
19:12:35.287135 OFF flow>4996 srcPort>38889 dst>fd10:43:100::2/23796 
19:12:35.550357 ON flow>5260 srcPort>39583 dst>fd10:43:100::2/24060 
19:12:35.550741 CONNECT flow>5260 srcPort>39583 dst>fd10:43:100::2/24060 
19:12:35.555173 SHUTDOWN flow>5004 srcPort>35611 dst>fd10:43:100::2/23804 
19:12:35.556429 OFF flow>5004 srcPort>35611 dst>fd10:43:100::2/23804 
19:12:35.652964 SHUTDOWN flow>5012 srcPort>33073 dst>fd10:43:100::2/23812 
19:12:35.653774 OFF flow>5012 srcPort>33073 dst>fd10:43:100::2/23812 
19:12:35.847934 SHUTDOWN flow>5020 srcPort>45805 dst>fd10:43:100::2/23820 
19:12:35.848347 OFF flow>5020 srcPort>45805 dst>fd10:43:100::2/23820 
19:12:35.959561 SHUTDOWN flow>5028 srcPort>45631 dst>fd10:43:100::2/23828 
19:12:35.960663 OFF flow>5028 srcPort>45631 dst>fd10:43:100::2/23828 
19:12:35.986874 SHUTDOWN flow>5036 srcPort>33479 dst>fd10:43:100::2/23836 
19:12:35.987203 OFF flow>5036 srcPort>33479 dst>fd10:43:100::2/23836 
19:12:36.018761 ON flow>5268 srcPort>42407 dst>fd10:43:100::2/24068 
19:12:36.019444 CONNECT flow>5268 srcPort>42407 dst>fd10:43:100::2/24068 
19:12:36.148582 SHUTDOWN flow>5044 srcPort>44455 dst>fd10:43:100::2/23844 
19:12:36.149341 OFF flow>5044 srcPort>44455 dst>fd10:43:100::2/23844 
19:12:36.184825 ON flow>5276 srcPort>44149 dst>fd10:43:100::2/24076 
19:12:36.185342 CONNECT flow>5276 srcPort>44149 dst>fd10:43:100::2/24076 
19:12:36.307937 SHUTDOWN flow>5052 srcPort>33405 dst>fd10:43:100::2/23852 
19:12:36.308635 OFF flow>5052 srcPort>33405 dst>fd10:43:100::2/23852 
19:12:36.383481 ON flow>5284 srcPort>37961 dst>fd10:43:100::2/24084 
19:12:36.383888 CONNECT flow>5284 srcPort>37961 dst>fd10:43:100::2/24084 
19:12:36.451176 SHUTDOWN flow>5060 srcPort>40245 dst>fd10:43:100::2/23860 
19:12:36.451652 OFF flow>5060 srcPort>40245 dst>fd10:43:100::2/23860 
19:12:36.505026 ON flow>5292 srcPort>33725 dst>fd10:43:100::2/24092 
19:12:36.505401 CONNECT flow>5292 srcPort>33725 dst>fd10:43:100::2/24092 
19:12:36.613873 SHUTDOWN flow>5068 srcPort>33499 dst>fd10:43:100::2/23868 
19:12:36.614126 OFF flow>5068 srcPort>33499 dst>fd10:43:100::2/23868 
19:12:36.635573 ON flow>5300 srcPort>36575 dst>fd10:43:100::2/24100 
19:12:36.636097 CONNECT flow>5300 srcPort>36575 dst>fd10:43:100::2/24100 
19:12:36.692800 ON flow>5308 srcPort>34409 dst>fd10:43:100::2/24108 
19:12:36.693826 CONNECT flow>5308 srcPort>34409 dst>fd10:43:100::2/24108 
19:12:36.794067 SHUTDOWN flow>5076 srcPort>44863 dst>fd10:43:100::2/23876 
19:12:36.796250 OFF flow>5076 srcPort>44863 dst>fd10:43:100::2/23876 
19:12:36.817390 ON flow>5316 srcPort>42033 dst>fd10:43:100::2/24116 
19:12:36.818351 CONNECT flow>5316 srcPort>42033 dst>fd10:43:100::2/24116 
19:12:36.896378 SHUTDOWN flow>5084 srcPort>43755 dst>fd10:43:100::2/23884 
19:12:36.897274 OFF flow>5084 srcPort>43755 dst>fd10:43:100::2/23884 
19:12:36.919407 ON flow>5324 srcPort>33945 dst>fd10:43:100::2/24124 
19:12:36.920328 CONNECT flow>5324 srcPort>33945 dst>fd10:43:100::2/24124 
19:12:37.067804 SHUTDOWN flow>5092 srcPort>34107 dst>fd10:43:100::2/23892 
19:12:37.068483 OFF flow>5092 srcPort>34107 dst>fd10:43:100::2/23892 
19:12:37.078580 ON flow>5332 srcPort>37989 dst>fd10:43:100::2/24132 
19:12:37.079503 CONNECT flow>5332 srcPort>37989 dst>fd10:43:100::2/24132 
19:12:37.178274 SHUTDOWN flow>5100 srcPort>44431 dst>fd10:43:100::2/23900 
19:12:37.179745 OFF flow>5100 srcPort>44431 dst>fd10:43:100::2/23900 
19:12:37.279272 SHUTDOWN flow>5108 srcPort>40509 dst>fd10:43:100::2/23908 
19:12:37.279547 OFF flow>5108 srcPort>40509 dst>fd10:43:100::2/23908 
19:12:37.356212 ON flow>5340 srcPort>46659 dst>fd10:43:100::2/24140 
19:12:37.356534 CONNECT flow>5340 srcPort>46659 dst>fd10:43:100::2/24140 
19:12:37.491990 ON flow>5348 srcPort>39689 dst>fd10:43:100::2/24148 
19:12:37.492230 CONNECT flow>5348 srcPort>39689 dst>fd10:43:100::2/24148 
19:12:37.530580 SHUTDOWN flow>5116 srcPort>33307 dst>fd10:43:100::2/23916 
19:12:37.531020 OFF flow>5116 srcPort>33307 dst>fd10:43:100::2/23916 
19:12:37.555605 ON flow>5356 srcPort>44199 dst>fd10:43:100::2/24156 
19:12:37.556627 CONNECT flow>5356 srcPort>44199 dst>fd10:43:100::2/24156 
19:12:37.641782 SHUTDOWN flow>5124 srcPort>45095 dst>fd10:43:100::2/23924 
19:12:37.642275 OFF flow>5124 srcPort>45095 dst>fd10:43:100::2/23924 
19:12:37.677378 ON flow>5364 srcPort>37603 dst>fd10:43:100::2/24164 
19:12:37.677691 CONNECT flow>5364 srcPort>37603 dst>fd10:43:100::2/24164 
19:12:37.759730 ON flow>5372 srcPort>34449 dst>fd10:43:100::2/24172 
19:12:37.760698 CONNECT flow>5372 srcPort>34449 dst>fd10:43:100::2/24172 
19:12:37.841419 ON flow>5380 srcPort>35357 dst>fd10:43:100::2/24180 
19:12:37.841996 CONNECT flow>5380 srcPort>35357 dst>fd10:43:100::2/24180 
19:12:37.861896 SHUTDOWN flow>5132 srcPort>39385 dst>fd10:43:100::2/23932 
19:12:37.863631 OFF flow>5132 srcPort>39385 dst>fd10:43:100::2/23932 
19:12:37.954820 ON flow>5388 srcPort>45887 dst>fd10:43:100::2/24188 
19:12:37.955278 CONNECT flow>5388 srcPort>45887 dst>fd10:43:100::2/24188 
19:12:37.992062 ON flow>5396 srcPort>38361 dst>fd10:43:100::2/24196 
19:12:37.992269 CONNECT flow>5396 srcPort>38361 dst>fd10:43:100::2/24196 
19:12:38.130041 SHUTDOWN flow>5140 srcPort>37443 dst>fd10:43:100::2/23940 
19:12:38.132165 OFF flow>5140 srcPort>37443 dst>fd10:43:100::2/23940 
19:12:38.169606 ON flow>5404 srcPort>44353 dst>fd10:43:100::2/24204 
19:12:38.169965 CONNECT flow>5404 srcPort>44353 dst>fd10:43:100::2/24204 
19:12:38.315988 ON flow>5412 srcPort>36633 dst>fd10:43:100::2/24212 
19:12:38.316570 CONNECT flow>5412 srcPort>36633 dst>fd10:43:100::2/24212 
19:12:38.327512 SHUTDOWN flow>5148 srcPort>40957 dst>fd10:43:100::2/23948 
19:12:38.327855 OFF flow>5148 srcPort>40957 dst>fd10:43:100::2/23948 
19:12:38.457781 ON flow>5420 srcPort>35413 dst>fd10:43:100::2/24220 
19:12:38.458167 CONNECT flow>5420 srcPort>35413 dst>fd10:43:100::2/24220 
19:12:38.628282 ON flow>5428 srcPort>35201 dst>fd10:43:100::2/24228 
19:12:38.629152 CONNECT flow>5428 srcPort>35201 dst>fd10:43:100::2/24228 
19:12:38.661112 SHUTDOWN flow>5156 srcPort>37037 dst>fd10:43:100::2/23956 
19:12:38.661993 OFF flow>5156 srcPort>37037 dst>fd10:43:100::2/23956 
19:12:38.715468 ON flow>5436 srcPort>38103 dst>fd10:43:100::2/24236 
19:12:38.716447 CONNECT flow>5436 srcPort>38103 dst>fd10:43:100::2/24236 
19:12:38.766084 SHUTDOWN flow>5164 srcPort>41631 dst>fd10:43:100::2/23964 
19:12:38.766776 OFF flow>5164 srcPort>41631 dst>fd10:43:100::2/23964 
19:12:38.849192 ON flow>5444 srcPort>37763 dst>fd10:43:100::2/24244 
19:12:38.849608 CONNECT flow>5444 srcPort>37763 dst>fd10:43:100::2/24244 
19:12:38.878680 SHUTDOWN flow>5172 srcPort>34957 dst>fd10:43:100::2/23972 
19:12:38.880282 OFF flow>5172 srcPort>34957 dst>fd10:43:100::2/23972 
19:12:38.971917 SHUTDOWN flow>5180 srcPort>38443 dst>fd10:43:100::2/23980 
19:12:38.972542 OFF flow>5180 srcPort>38443 dst>fd10:43:100::2/23980 
19:12:38.993444 ON flow>5452 srcPort>42849 dst>fd10:43:100::2/24252 
19:12:38.994367 CONNECT flow>5452 srcPort>42849 dst>fd10:43:100::2/24252 
19:12:39.052997 SHUTDOWN flow>5188 srcPort>42523 dst>fd10:43:100::2/23988 
19:12:39.053969 OFF flow>5188 srcPort>42523 dst>fd10:43:100::2/23988 
19:12:39.134513 SHUTDOWN flow>5196 srcPort>35411 dst>fd10:43:100::2/23996 
19:12:39.134849 OFF flow>5196 srcPort>35411 dst>fd10:43:100::2/23996 
19:12:39.224384 ON flow>5460 srcPort>34847 dst>fd10:43:100::2/24260 
19:12:39.225214 CONNECT flow>5460 srcPort>34847 dst>fd10:43:100::2/24260 
19:12:39.240028 SHUTDOWN flow>5204 srcPort>34527 dst>fd10:43:100::2/24004 
19:12:39.240574 OFF flow>5204 srcPort>34527 dst>fd10:43:100::2/24004 
19:12:39.363893 SHUTDOWN flow>5212 srcPort>36241 dst>fd10:43:100::2/24012 
19:12:39.365331 OFF flow>5212 srcPort>36241 dst>fd10:43:100::2/24012 
19:12:39.373575 ON flow>5468 srcPort>33967 dst>fd10:43:100::2/24268 
19:12:39.373762 CONNECT flow>5468 srcPort>33967 dst>fd10:43:100::2/24268 
19:12:39.444621 SHUTDOWN flow>5220 srcPort>40559 dst>fd10:43:100::2/24020 
19:12:39.445047 OFF flow>5220 srcPort>40559 dst>fd10:43:100::2/24020 
19:12:39.575404 ON flow>5476 srcPort>33831 dst>fd10:43:100::2/24276 
19:12:39.575729 CONNECT flow>5476 srcPort>33831 dst>fd10:43:100::2/24276 
19:12:39.581486 SHUTDOWN flow>5228 srcPort>39927 dst>fd10:43:100::2/24028 
19:12:39.581772 OFF flow>5228 srcPort>39927 dst>fd10:43:100::2/24028 
19:12:39.706278 SHUTDOWN flow>5236 srcPort>38753 dst>fd10:43:100::2/24036 
19:12:39.706704 OFF flow>5236 srcPort>38753 dst>fd10:43:100::2/24036 
19:12:39.835281 SHUTDOWN flow>5244 srcPort>45135 dst>fd10:43:100::2/24044 
19:12:39.836828 OFF flow>5244 srcPort>45135 dst>fd10:43:100::2/24044 
19:12:39.916077 ON flow>5484 srcPort>40163 dst>fd10:43:100::2/24284 
19:12:39.916325 CONNECT flow>5484 srcPort>40163 dst>fd10:43:100::2/24284 
19:12:39.976584 SHUTDOWN flow>5252 srcPort>42001 dst>fd10:43:100::2/24052 
19:12:39.976899 OFF flow>5252 srcPort>42001 dst>fd10:43:100::2/24052 
19:12:40.017920 ON flow>5492 srcPort>45383 dst>fd10:43:100::2/24292 
19:12:40.018477 CONNECT flow>5492 srcPort>45383 dst>fd10:43:100::2/24292 
19:12:40.186214 ON flow>5500 srcPort>36279 dst>fd10:43:100::2/24300 
19:12:40.186683 CONNECT flow>5500 srcPort>36279 dst>fd10:43:100::2/24300 
19:12:40.350189 SHUTDOWN flow>5260 srcPort>39583 dst>fd10:43:100::2/24060 
19:12:40.350855 OFF flow>5260 srcPort>39583 dst>fd10:43:100::2/24060 
19:12:40.395878 ON flow>5508 srcPort>35061 dst>fd10:43:100::2/24308 
19:12:40.396902 CONNECT flow>5508 srcPort>35061 dst>fd10:43:100::2/24308 
19:12:40.532073 ON flow>5516 srcPort>42161 dst>fd10:43:100::2/24316 
19:12:40.532352 CONNECT flow>5516 srcPort>42161 dst>fd10:43:100::2/24316 
19:12:40.651916 ON flow>5524 srcPort>42369 dst>fd10:43:100::2/24324 
19:12:40.652202 CONNECT flow>5524 srcPort>42369 dst>fd10:43:100::2/24324 
19:12:40.756428 ON flow>5532 srcPort>43189 dst>fd10:43:100::2/24332 
19:12:40.756946 CONNECT flow>5532 srcPort>43189 dst>fd10:43:100::2/24332 
19:12:40.818591 SHUTDOWN flow>5268 srcPort>42407 dst>fd10:43:100::2/24068 
19:12:40.820258 OFF flow>5268 srcPort>42407 dst>fd10:43:100::2/24068 
19:12:40.953734 ON flow>5540 srcPort>41505 dst>fd10:43:100::2/24340 
19:12:40.954469 CONNECT flow>5540 srcPort>41505 dst>fd10:43:100::2/24340 
19:12:40.984709 SHUTDOWN flow>5276 srcPort>44149 dst>fd10:43:100::2/24076 
19:12:40.987950 OFF flow>5276 srcPort>44149 dst>fd10:43:100::2/24076 
19:12:41.153756 ON flow>5548 srcPort>37689 dst>fd10:43:100::2/24348 
19:12:41.154790 CONNECT flow>5548 srcPort>37689 dst>fd10:43:100::2/24348 
19:12:41.183302 SHUTDOWN flow>5284 srcPort>37961 dst>fd10:43:100::2/24084 
19:12:41.184199 OFF flow>5284 srcPort>37961 dst>fd10:43:100::2/24084 
19:12:41.297682 ON flow>5556 srcPort>37481 dst>fd10:43:100::2/24356 
19:12:41.298285 CONNECT flow>5556 srcPort>37481 dst>fd10:43:100::2/24356 
19:12:41.304898 SHUTDOWN flow>5292 srcPort>33725 dst>fd10:43:100::2/24092 
19:12:41.305354 OFF flow>5292 srcPort>33725 dst>fd10:43:100::2/24092 
19:12:41.408391 ON flow>5564 srcPort>35705 dst>fd10:43:100::2/24364 
19:12:41.408940 CONNECT flow>5564 srcPort>35705 dst>fd10:43:100::2/24364 
19:12:41.435396 SHUTDOWN flow>5300 srcPort>36575 dst>fd10:43:100::2/24100 
19:12:41.437904 OFF flow>5300 srcPort>36575 dst>fd10:43:100::2/24100 
19:12:41.492685 SHUTDOWN flow>5308 srcPort>34409 dst>fd10:43:100::2/24108 
19:12:41.493631 OFF flow>5308 srcPort>34409 dst>fd10:43:100::2/24108 
19:12:41.551696 ON flow>5572 srcPort>35461 dst>fd10:43:100::2/24372 
19:12:41.552001 CONNECT flow>5572 srcPort>35461 dst>fd10:43:100::2/24372 
19:12:41.594385 ON flow>5580 srcPort>39057 dst>fd10:43:100::2/24380 
19:12:41.595309 CONNECT flow>5580 srcPort>39057 dst>fd10:43:100::2/24380 
19:12:41.617299 SHUTDOWN flow>5316 srcPort>42033 dst>fd10:43:100::2/24116 
19:12:41.618141 OFF flow>5316 srcPort>42033 dst>fd10:43:100::2/24116 
19:12:41.633976 ON flow>5588 srcPort>46639 dst>fd10:43:100::2/24388 
19:12:41.634232 CONNECT flow>5588 srcPort>46639 dst>fd10:43:100::2/24388 
19:12:41.719312 SHUTDOWN flow>5324 srcPort>33945 dst>fd10:43:100::2/24124 
19:12:41.720066 OFF flow>5324 srcPort>33945 dst>fd10:43:100::2/24124 
19:12:41.726875 ON flow>5596 srcPort>44903 dst>fd10:43:100::2/24396 
19:12:41.727276 CONNECT flow>5596 srcPort>44903 dst>fd10:43:100::2/24396 
19:12:41.775801 ON flow>5604 srcPort>35329 dst>fd10:43:100::2/24404 
19:12:41.776268 CONNECT flow>5604 srcPort>35329 dst>fd10:43:100::2/24404 
19:12:41.867986 ON flow>5612 srcPort>43759 dst>fd10:43:100::2/24412 
19:12:41.869110 CONNECT flow>5612 srcPort>43759 dst>fd10:43:100::2/24412 
19:12:41.878497 SHUTDOWN flow>5332 srcPort>37989 dst>fd10:43:100::2/24132 
19:12:41.879724 OFF flow>5332 srcPort>37989 dst>fd10:43:100::2/24132 
19:12:41.928181 ON flow>5620 srcPort>41003 dst>fd10:43:100::2/24420 
19:12:41.928369 CONNECT flow>5620 srcPort>41003 dst>fd10:43:100::2/24420 
19:12:42.087062 ON flow>5628 srcPort>40489 dst>fd10:43:100::2/24428 
19:12:42.087681 CONNECT flow>5628 srcPort>40489 dst>fd10:43:100::2/24428 
19:12:42.156100 SHUTDOWN flow>5340 srcPort>46659 dst>fd10:43:100::2/24140 
19:12:42.156873 OFF flow>5340 srcPort>46659 dst>fd10:43:100::2/24140 
19:12:42.286485 ON flow>5636 srcPort>40407 dst>fd10:43:100::2/24436 
19:12:42.287593 CONNECT flow>5636 srcPort>40407 dst>fd10:43:100::2/24436 
19:12:42.291797 SHUTDOWN flow>5348 srcPort>39689 dst>fd10:43:100::2/24148 
19:12:42.292920 OFF flow>5348 srcPort>39689 dst>fd10:43:100::2/24148 
19:12:42.355522 SHUTDOWN flow>5356 srcPort>44199 dst>fd10:43:100::2/24156 
19:12:42.356238 OFF flow>5356 srcPort>44199 dst>fd10:43:100::2/24156 
19:12:42.427855 ON flow>5644 srcPort>42713 dst>fd10:43:100::2/24444 
19:12:42.428455 CONNECT flow>5644 srcPort>42713 dst>fd10:43:100::2/24444 
19:12:42.477198 SHUTDOWN flow>5364 srcPort>37603 dst>fd10:43:100::2/24164 
19:12:42.478407 OFF flow>5364 srcPort>37603 dst>fd10:43:100::2/24164 
19:12:42.546835 ON flow>5652 srcPort>34127 dst>fd10:43:100::2/24452 
19:12:42.548637 CONNECT flow>5652 srcPort>34127 dst>fd10:43:100::2/24452 
19:12:42.559611 SHUTDOWN flow>5372 srcPort>34449 dst>fd10:43:100::2/24172 
19:12:42.559917 OFF flow>5372 srcPort>34449 dst>fd10:43:100::2/24172 
19:12:42.621834 ON flow>5660 srcPort>41783 dst>fd10:43:100::2/24460 
19:12:42.623847 CONNECT flow>5660 srcPort>41783 dst>fd10:43:100::2/24460 
19:12:42.641322 SHUTDOWN flow>5380 srcPort>35357 dst>fd10:43:100::2/24180 
19:12:42.642333 OFF flow>5380 srcPort>35357 dst>fd10:43:100::2/24180 
19:12:42.692240 ON flow>5668 srcPort>44633 dst>fd10:43:100::2/24468 
19:12:42.692861 CONNECT flow>5668 srcPort>44633 dst>fd10:43:100::2/24468 
19:12:42.732273 ON flow>5676 srcPort>34027 dst>fd10:43:100::2/24476 
19:12:42.733885 CONNECT flow>5676 srcPort>34027 dst>fd10:43:100::2/24476 
19:12:42.754730 SHUTDOWN flow>5388 srcPort>45887 dst>fd10:43:100::2/24188 
19:12:42.755351 OFF flow>5388 srcPort>45887 dst>fd10:43:100::2/24188 
19:12:42.783365 ON flow>5684 srcPort>35227 dst>fd10:43:100::2/24484 
19:12:42.785221 CONNECT flow>5684 srcPort>35227 dst>fd10:43:100::2/24484 
19:12:42.791993 SHUTDOWN flow>5396 srcPort>38361 dst>fd10:43:100::2/24196 
19:12:42.792521 OFF flow>5396 srcPort>38361 dst>fd10:43:100::2/24196 
19:12:42.838075 ON flow>5692 srcPort>44767 dst>fd10:43:100::2/24492 
19:12:42.840184 CONNECT flow>5692 srcPort>44767 dst>fd10:43:100::2/24492 
19:12:42.899490 ON flow>5700 srcPort>35163 dst>fd10:43:100::2/24500 
19:12:42.900754 CONNECT flow>5700 srcPort>35163 dst>fd10:43:100::2/24500 
19:12:42.969440 SHUTDOWN flow>5404 srcPort>44353 dst>fd10:43:100::2/24204 
19:12:42.973341 OFF flow>5404 srcPort>44353 dst>fd10:43:100::2/24204 
19:12:42.999087 ON flow>5708 srcPort>33889 dst>fd10:43:100::2/24508 
19:12:43.002098 CONNECT flow>5708 srcPort>33889 dst>fd10:43:100::2/24508 
19:12:43.115836 SHUTDOWN flow>5412 srcPort>36633 dst>fd10:43:100::2/24212 
19:12:43.117913 OFF flow>5412 srcPort>36633 dst>fd10:43:100::2/24212 
19:12:43.128586 ON flow>5716 srcPort>35869 dst>fd10:43:100::2/24516 
19:12:43.130105 CONNECT flow>5716 srcPort>35869 dst>fd10:43:100::2/24516 
19:12:43.214280 ON flow>5724 srcPort>43889 dst>fd10:43:100::2/24524 
19:12:43.214785 CONNECT flow>5724 srcPort>43889 dst>fd10:43:100::2/24524 
19:12:43.257629 SHUTDOWN flow>5420 srcPort>35413 dst>fd10:43:100::2/24220 
19:12:43.258738 OFF flow>5420 srcPort>35413 dst>fd10:43:100::2/24220 
19:12:43.428156 SHUTDOWN flow>5428 srcPort>35201 dst>fd10:43:100::2/24228 
19:12:43.429075 ON flow>5732 srcPort>43395 dst>fd10:43:100::2/24532 
19:12:43.430076 OFF flow>5428 srcPort>35201 dst>fd10:43:100::2/24228 
19:12:43.430708 CONNECT flow>5732 srcPort>43395 dst>fd10:43:100::2/24532 
19:12:43.515324 SHUTDOWN flow>5436 srcPort>38103 dst>fd10:43:100::2/24236 
19:12:43.518838 OFF flow>5436 srcPort>38103 dst>fd10:43:100::2/24236 
19:12:43.620105 ON flow>5740 srcPort>41773 dst>fd10:43:100::2/24540 
19:12:43.620873 CONNECT flow>5740 srcPort>41773 dst>fd10:43:100::2/24540 
19:12:43.649046 SHUTDOWN flow>5444 srcPort>37763 dst>fd10:43:100::2/24244 
19:12:43.654114 OFF flow>5444 srcPort>37763 dst>fd10:43:100::2/24244 
19:12:43.737508 ON flow>5748 srcPort>43635 dst>fd10:43:100::2/24548 
19:12:43.737749 CONNECT flow>5748 srcPort>43635 dst>fd10:43:100::2/24548 
19:12:43.793390 SHUTDOWN flow>5452 srcPort>42849 dst>fd10:43:100::2/24252 
19:12:43.794882 OFF flow>5452 srcPort>42849 dst>fd10:43:100::2/24252 
19:12:43.803275 ON flow>5756 srcPort>39749 dst>fd10:43:100::2/24556 
19:12:43.804676 CONNECT flow>5756 srcPort>39749 dst>fd10:43:100::2/24556 
19:12:43.980050 ON flow>5764 srcPort>44347 dst>fd10:43:100::2/24564 
19:12:43.988084 CONNECT flow>5764 srcPort>44347 dst>fd10:43:100::2/24564 
19:12:44.024237 SHUTDOWN flow>5460 srcPort>34847 dst>fd10:43:100::2/24260 
19:12:44.034066 OFF flow>5460 srcPort>34847 dst>fd10:43:100::2/24260 
19:12:44.066253 ON flow>5772 srcPort>46121 dst>fd10:43:100::2/24572 
19:12:44.073976 CONNECT flow>5772 srcPort>46121 dst>fd10:43:100::2/24572 
19:12:44.173463 SHUTDOWN flow>5468 srcPort>33967 dst>fd10:43:100::2/24268 
19:12:44.192207 OFF flow>5468 srcPort>33967 dst>fd10:43:100::2/24268 
19:12:44.208042 ON flow>5780 srcPort>44869 dst>fd10:43:100::2/24580 
19:12:44.232027 CONNECT flow>5780 srcPort>44869 dst>fd10:43:100::2/24580 
19:12:44.323141 ON flow>5788 srcPort>32831 dst>fd10:43:100::2/24588 
19:12:44.366715 CONNECT flow>5788 srcPort>32831 dst>fd10:43:100::2/24588 
19:12:44.375255 SHUTDOWN flow>5476 srcPort>33831 dst>fd10:43:100::2/24276 
19:12:44.432916 OFF flow>5476 srcPort>33831 dst>fd10:43:100::2/24276 
19:12:44.463250 ON flow>5796 srcPort>42561 dst>fd10:43:100::2/24596 
19:12:44.555547 CONNECT flow>5796 srcPort>42561 dst>fd10:43:100::2/24596 
19:12:44.562924 ON flow>5804 srcPort>34739 dst>fd10:43:100::2/24604 
19:12:44.664112 CONNECT flow>5804 srcPort>34739 dst>fd10:43:100::2/24604 
19:12:44.670529 ON flow>5812 srcPort>44687 dst>fd10:43:100::2/24612 
19:12:44.715938 SHUTDOWN flow>5484 srcPort>40163 dst>fd10:43:100::2/24284 
19:12:44.769281 CONNECT flow>5812 srcPort>44687 dst>fd10:43:100::2/24612 
19:12:44.817735 SHUTDOWN flow>5492 srcPort>45383 dst>fd10:43:100::2/24292 
19:12:44.838959 ON flow>5820 srcPort>37191 dst>fd10:43:100::2/24620 
19:12:44.879573 OFF flow>5484 srcPort>40163 dst>fd10:43:100::2/24284 
19:12:44.945356 CONNECT flow>5820 srcPort>37191 dst>fd10:43:100::2/24620 
19:12:44.986038 SHUTDOWN flow>5500 srcPort>36279 dst>fd10:43:100::2/24300 
19:12:45.029240 OFF flow>5492 srcPort>45383 dst>fd10:43:100::2/24292 
19:12:45.199818 ON flow>5828 srcPort>42167 dst>fd10:43:100::2/24628 
19:12:45.298805 CONNECT flow>5828 srcPort>42167 dst>fd10:43:100::2/24628 
19:12:45.331949 SHUTDOWN flow>5516 srcPort>42161 dst>fd10:43:100::2/24316 
19:12:45.423740 SHUTDOWN flow>5508 srcPort>35061 dst>fd10:43:100::2/24308 
19:12:45.426163 ON flow>5836 srcPort>42693 dst>fd10:43:100::2/24636 
19:12:45.451741 SHUTDOWN flow>5524 srcPort>42369 dst>fd10:43:100::2/24324 
19:12:45.520499 CONNECT flow>5836 srcPort>42693 dst>fd10:43:100::2/24636 
19:12:45.553206 OFF flow>5516 srcPort>42161 dst>fd10:43:100::2/24316 
19:12:45.556313 SHUTDOWN flow>5532 srcPort>43189 dst>fd10:43:100::2/24332 
19:12:45.753525 SHUTDOWN flow>5540 srcPort>41505 dst>fd10:43:100::2/24340 
19:12:45.756978 ON flow>5844 srcPort>42251 dst>fd10:43:100::2/24644 
19:12:45.855883 CONNECT flow>5844 srcPort>42251 dst>fd10:43:100::2/24644 
19:12:45.953650 SHUTDOWN flow>5548 srcPort>37689 dst>fd10:43:100::2/24348 
19:12:45.998807 ON flow>5852 srcPort>44647 dst>fd10:43:100::2/24652 
19:12:46.033789 OFF flow>5500 srcPort>36279 dst>fd10:43:100::2/24300 
19:12:46.051244 OFF flow>5548 srcPort>37689 dst>fd10:43:100::2/24348 
19:12:46.084201 OFF flow>5508 srcPort>35061 dst>fd10:43:100::2/24308 
19:12:46.089315 CONNECT flow>5852 srcPort>44647 dst>fd10:43:100::2/24652 
19:12:46.097540 SHUTDOWN flow>5556 srcPort>37481 dst>fd10:43:100::2/24356 
19:12:46.099554 ON flow>5860 srcPort>35629 dst>fd10:43:100::2/24660 
19:12:46.161868 ON flow>5868 srcPort>45645 dst>fd10:43:100::2/24668 
19:12:46.171486 OFF flow>5524 srcPort>42369 dst>fd10:43:100::2/24324 
19:12:46.191348 CONNECT flow>5860 srcPort>35629 dst>fd10:43:100::2/24660 
19:12:46.211432 SHUTDOWN flow>5564 srcPort>35705 dst>fd10:43:100::2/24364 
19:12:46.250158 CONNECT flow>5868 srcPort>45645 dst>fd10:43:100::2/24668 
19:12:46.273673 ON flow>5876 srcPort>42767 dst>fd10:43:100::2/24676 
19:12:46.285002 OFF flow>5556 srcPort>37481 dst>fd10:43:100::2/24356 
19:12:46.351678 SHUTDOWN flow>5572 srcPort>35461 dst>fd10:43:100::2/24372 
19:12:46.360099 ON flow>5884 srcPort>40389 dst>fd10:43:100::2/24684 
19:12:46.366975 CONNECT flow>5876 srcPort>42767 dst>fd10:43:100::2/24676 
19:12:46.394392 SHUTDOWN flow>5580 srcPort>39057 dst>fd10:43:100::2/24380 
19:12:46.433952 SHUTDOWN flow>5588 srcPort>46639 dst>fd10:43:100::2/24388 
19:12:46.441671 ON flow>5892 srcPort>37327 dst>fd10:43:100::2/24692 
19:12:46.466159 CONNECT flow>5884 srcPort>40389 dst>fd10:43:100::2/24684 
19:12:46.526826 SHUTDOWN flow>5596 srcPort>44903 dst>fd10:43:100::2/24396 
19:12:46.542996 CONNECT flow>5892 srcPort>37327 dst>fd10:43:100::2/24692 
19:12:46.575727 SHUTDOWN flow>5604 srcPort>35329 dst>fd10:43:100::2/24404 
19:12:46.597110 OFF flow>5588 srcPort>46639 dst>fd10:43:100::2/24388 
19:12:46.597330 OFF flow>5532 srcPort>43189 dst>fd10:43:100::2/24332 
19:12:46.604404 OFF flow>5540 srcPort>41505 dst>fd10:43:100::2/24340 
19:12:46.616713 ON flow>5900 srcPort>41779 dst>fd10:43:100::2/24700 
19:12:46.667966 SHUTDOWN flow>5612 srcPort>43759 dst>fd10:43:100::2/24412 
19:12:46.705444 OFF flow>5580 srcPort>39057 dst>fd10:43:100::2/24380 
19:12:46.710252 CONNECT flow>5900 srcPort>41779 dst>fd10:43:100::2/24700 
19:12:46.807859 ON flow>5908 srcPort>35493 dst>fd10:43:100::2/24708 
19:12:46.896542 CONNECT flow>5908 srcPort>35493 dst>fd10:43:100::2/24708 
19:12:46.987346 SHUTDOWN flow>5620 srcPort>41003 dst>fd10:43:100::2/24420 
19:12:47.026207 SHUTDOWN flow>5628 srcPort>40489 dst>fd10:43:100::2/24428 
19:12:47.038590 OFF flow>5612 srcPort>43759 dst>fd10:43:100::2/24412 
19:12:47.086243 SHUTDOWN flow>5636 srcPort>40407 dst>fd10:43:100::2/24436 
19:12:47.227828 SHUTDOWN flow>5644 srcPort>42713 dst>fd10:43:100::2/24444 
19:12:47.251670 ON flow>5916 srcPort>44557 dst>fd10:43:100::2/24716 
19:12:47.351943 CONNECT flow>5916 srcPort>44557 dst>fd10:43:100::2/24716 
19:12:47.390353 SHUTDOWN flow>5652 srcPort>34127 dst>fd10:43:100::2/24452 
19:12:47.400716 OFF flow>5564 srcPort>35705 dst>fd10:43:100::2/24364 
19:12:47.409656 OFF flow>5572 srcPort>35461 dst>fd10:43:100::2/24372 
19:12:47.492211 SHUTDOWN flow>5668 srcPort>44633 dst>fd10:43:100::2/24468 
19:12:47.532123 SHUTDOWN flow>5676 srcPort>34027 dst>fd10:43:100::2/24476 
19:12:47.583320 SHUTDOWN flow>5684 srcPort>35227 dst>fd10:43:100::2/24484 
19:12:47.599999 SHUTDOWN flow>5660 srcPort>41783 dst>fd10:43:100::2/24460 
19:12:47.611096 OFF flow>5644 srcPort>42713 dst>fd10:43:100::2/24444 
19:12:47.621823 OFF flow>5676 srcPort>34027 dst>fd10:43:100::2/24476 
19:12:47.653955 OFF flow>5636 srcPort>40407 dst>fd10:43:100::2/24436 
19:12:47.699479 SHUTDOWN flow>5700 srcPort>35163 dst>fd10:43:100::2/24500 
19:12:47.701325 OFF flow>5620 srcPort>41003 dst>fd10:43:100::2/24420 
19:12:47.759076 ON flow>5924 srcPort>42399 dst>fd10:43:100::2/24724 
19:12:47.787979 SHUTDOWN flow>5692 srcPort>44767 dst>fd10:43:100::2/24492 
19:12:47.799058 SHUTDOWN flow>5708 srcPort>33889 dst>fd10:43:100::2/24508 
19:12:47.820028 OFF flow>5628 srcPort>40489 dst>fd10:43:100::2/24428 
19:12:47.836517 CONNECT flow>5924 srcPort>42399 dst>fd10:43:100::2/24724 
19:12:47.875359 OFF flow>5708 srcPort>33889 dst>fd10:43:100::2/24508 
19:12:47.915215 ON flow>5932 srcPort>34555 dst>fd10:43:100::2/24732 
19:12:47.928535 SHUTDOWN flow>5716 srcPort>35869 dst>fd10:43:100::2/24516 
19:12:47.940443 OFF flow>5604 srcPort>35329 dst>fd10:43:100::2/24404 
19:12:47.987740 OFF flow>5596 srcPort>44903 dst>fd10:43:100::2/24396 
19:12:47.988240 CONNECT flow>5932 srcPort>34555 dst>fd10:43:100::2/24732 
19:12:48.074417 ON flow>5940 srcPort>39075 dst>fd10:43:100::2/24740 
19:12:48.148209 OFF flow>5684 srcPort>35227 dst>fd10:43:100::2/24484 
19:12:48.150855 CONNECT flow>5940 srcPort>39075 dst>fd10:43:100::2/24740 
19:12:48.162398 OFF flow>5668 srcPort>44633 dst>fd10:43:100::2/24468 
19:12:48.229107 SHUTDOWN flow>5732 srcPort>43395 dst>fd10:43:100::2/24532 
19:12:48.274018 SHUTDOWN flow>5724 srcPort>43889 dst>fd10:43:100::2/24524 
19:12:48.295445 OFF flow>5700 srcPort>35163 dst>fd10:43:100::2/24500 
19:12:48.303220 OFF flow>5732 srcPort>43395 dst>fd10:43:100::2/24532 
19:12:48.377811 ON flow>5948 srcPort>39727 dst>fd10:43:100::2/24748 
19:12:48.404049 OFF flow>5660 srcPort>41783 dst>fd10:43:100::2/24460 
19:12:48.419589 OFF flow>5716 srcPort>35869 dst>fd10:43:100::2/24516 
19:12:48.420030 SHUTDOWN flow>5740 srcPort>41773 dst>fd10:43:100::2/24540 
19:12:48.424066 OFF flow>5652 srcPort>34127 dst>fd10:43:100::2/24452 
19:12:48.443144 CONNECT flow>5948 srcPort>39727 dst>fd10:43:100::2/24748 
19:12:48.529242 ON flow>5956 srcPort>45729 dst>fd10:43:100::2/24756 
19:12:48.537398 SHUTDOWN flow>5748 srcPort>43635 dst>fd10:43:100::2/24548 
19:12:48.590305 CONNECT flow>5956 srcPort>45729 dst>fd10:43:100::2/24756 
19:12:48.599441 OFF flow>5748 srcPort>43635 dst>fd10:43:100::2/24548 
19:12:48.603124 SHUTDOWN flow>5756 srcPort>39749 dst>fd10:43:100::2/24556 
19:12:48.617951 ON flow>5964 srcPort>34043 dst>fd10:43:100::2/24764 
19:12:48.650090 OFF flow>5692 srcPort>44767 dst>fd10:43:100::2/24492 
19:12:48.672331 CONNECT flow>5964 srcPort>34043 dst>fd10:43:100::2/24764 
19:12:48.700475 OFF flow>5756 srcPort>39749 dst>fd10:43:100::2/24556 
19:12:48.728775 OFF flow>5724 srcPort>43889 dst>fd10:43:100::2/24524 
19:12:48.779645 ON flow>5972 srcPort>41067 dst>fd10:43:100::2/24772 
19:12:48.779932 SHUTDOWN flow>5764 srcPort>44347 dst>fd10:43:100::2/24564 
19:12:48.830042 CONNECT flow>5972 srcPort>41067 dst>fd10:43:100::2/24772 
19:12:48.835642 ON flow>5980 srcPort>37897 dst>fd10:43:100::2/24780 
19:12:48.866126 SHUTDOWN flow>5772 srcPort>46121 dst>fd10:43:100::2/24572 
19:12:48.883027 CONNECT flow>5980 srcPort>37897 dst>fd10:43:100::2/24780 
19:12:48.947880 ON flow>5988 srcPort>33921 dst>fd10:43:100::2/24788 
19:12:48.994500 CONNECT flow>5988 srcPort>33921 dst>fd10:43:100::2/24788 
19:12:49.071658 OFF flow>5764 srcPort>44347 dst>fd10:43:100::2/24564 
19:12:49.076030 SHUTDOWN flow>5780 srcPort>44869 dst>fd10:43:100::2/24580 
19:12:49.123078 SHUTDOWN flow>5788 srcPort>32831 dst>fd10:43:100::2/24588 
19:12:49.134249 ON flow>5996 srcPort>35827 dst>fd10:43:100::2/24796 
19:12:49.147368 OFF flow>5740 srcPort>41773 dst>fd10:43:100::2/24540 
19:12:49.160624 OFF flow>5788 srcPort>32831 dst>fd10:43:100::2/24588 
19:12:49.171391 CONNECT flow>5996 srcPort>35827 dst>fd10:43:100::2/24796 
19:12:49.188176 OFF flow>5772 srcPort>46121 dst>fd10:43:100::2/24572 
19:12:49.231637 OFF flow>5780 srcPort>44869 dst>fd10:43:100::2/24580 
19:12:49.263189 SHUTDOWN flow>5796 srcPort>42561 dst>fd10:43:100::2/24596 
19:12:49.351933 ON flow>6004 srcPort>37459 dst>fd10:43:100::2/24804 
19:12:49.362135 SHUTDOWN flow>5804 srcPort>34739 dst>fd10:43:100::2/24604 
19:12:49.368254 OFF flow>5796 srcPort>42561 dst>fd10:43:100::2/24596 
19:12:49.374085 CONNECT flow>6004 srcPort>37459 dst>fd10:43:100::2/24804 
19:12:49.383251 OFF flow>5804 srcPort>34739 dst>fd10:43:100::2/24604 
19:12:49.470443 SHUTDOWN flow>5812 srcPort>44687 dst>fd10:43:100::2/24612 
19:12:49.470818 OFF flow>5812 srcPort>44687 dst>fd10:43:100::2/24612 
19:12:49.592503 ON flow>6012 srcPort>45467 dst>fd10:43:100::2/24812 
19:12:49.593010 CONNECT flow>6012 srcPort>45467 dst>fd10:43:100::2/24812 
19:12:49.638779 SHUTDOWN flow>5820 srcPort>37191 dst>fd10:43:100::2/24620 
19:12:49.639605 OFF flow>5820 srcPort>37191 dst>fd10:43:100::2/24620 
19:12:49.770759 ON flow>6020 srcPort>40363 dst>fd10:43:100::2/24820 
19:12:49.770997 CONNECT flow>6020 srcPort>40363 dst>fd10:43:100::2/24820 
19:12:49.836169 ON flow>6028 srcPort>41907 dst>fd10:43:100::2/24828 
19:12:49.836435 CONNECT flow>6028 srcPort>41907 dst>fd10:43:100::2/24828 
19:12:49.917020 ON flow>6036 srcPort>36337 dst>fd10:43:100::2/24836 
19:12:49.917257 CONNECT flow>6036 srcPort>36337 dst>fd10:43:100::2/24836 
19:12:49.996018 ON flow>6044 srcPort>44819 dst>fd10:43:100::2/24844 
19:12:49.996259 CONNECT flow>6044 srcPort>44819 dst>fd10:43:100::2/24844 
19:12:49.999644 SHUTDOWN flow>5828 srcPort>42167 dst>fd10:43:100::2/24628 
19:12:50.000241 OFF flow>5828 srcPort>42167 dst>fd10:43:100::2/24628 
19:12:50.044817 ON flow>6052 srcPort>45085 dst>fd10:43:100::2/24852 
19:12:50.045077 CONNECT flow>6052 srcPort>45085 dst>fd10:43:100::2/24852 
19:12:50.093013 ON flow>6060 srcPort>37703 dst>fd10:43:100::2/24860 
19:12:50.102794 CONNECT flow>6060 srcPort>37703 dst>fd10:43:100::2/24860 
19:12:50.156789 ON flow>6068 srcPort>34353 dst>fd10:43:100::2/24868 
19:12:50.157041 CONNECT flow>6068 srcPort>34353 dst>fd10:43:100::2/24868 
19:12:50.226026 SHUTDOWN flow>5836 srcPort>42693 dst>fd10:43:100::2/24636 
19:12:50.227176 OFF flow>5836 srcPort>42693 dst>fd10:43:100::2/24636 
19:12:50.247962 ON flow>6076 srcPort>39693 dst>fd10:43:100::2/24876 
19:12:50.248165 CONNECT flow>6076 srcPort>39693 dst>fd10:43:100::2/24876 
19:12:50.331711 ON flow>6084 srcPort>45571 dst>fd10:43:100::2/24884 
19:12:50.332985 CONNECT flow>6084 srcPort>45571 dst>fd10:43:100::2/24884 
19:12:50.399001 ON flow>6092 srcPort>40927 dst>fd10:43:100::2/24892 
19:12:50.400604 CONNECT flow>6092 srcPort>40927 dst>fd10:43:100::2/24892 
19:12:50.537833 ON flow>6100 srcPort>43895 dst>fd10:43:100::2/24900 
19:12:50.539283 CONNECT flow>6100 srcPort>43895 dst>fd10:43:100::2/24900 
19:12:50.556789 SHUTDOWN flow>5844 srcPort>42251 dst>fd10:43:100::2/24644 
19:12:50.557272 OFF flow>5844 srcPort>42251 dst>fd10:43:100::2/24644 
19:12:50.641336 ON flow>6108 srcPort>37309 dst>fd10:43:100::2/24908 
19:12:50.642963 CONNECT flow>6108 srcPort>37309 dst>fd10:43:100::2/24908 
19:12:50.798425 SHUTDOWN flow>5852 srcPort>44647 dst>fd10:43:100::2/24652 
19:12:50.800286 OFF flow>5852 srcPort>44647 dst>fd10:43:100::2/24652 
19:12:50.899229 SHUTDOWN flow>5860 srcPort>35629 dst>fd10:43:100::2/24660 
19:12:50.900386 OFF flow>5860 srcPort>35629 dst>fd10:43:100::2/24660 
19:12:50.961634 SHUTDOWN flow>5868 srcPort>45645 dst>fd10:43:100::2/24668 
19:12:50.963338 OFF flow>5868 srcPort>45645 dst>fd10:43:100::2/24668 
19:12:51.043911 ON flow>6116 srcPort>33309 dst>fd10:43:100::2/24916 
19:12:51.044297 CONNECT flow>6116 srcPort>33309 dst>fd10:43:100::2/24916 
19:12:51.073123 SHUTDOWN flow>5876 srcPort>42767 dst>fd10:43:100::2/24676 
19:12:51.074096 OFF flow>5876 srcPort>42767 dst>fd10:43:100::2/24676 
19:12:51.159926 SHUTDOWN flow>5884 srcPort>40389 dst>fd10:43:100::2/24684 
19:12:51.160533 OFF flow>5884 srcPort>40389 dst>fd10:43:100::2/24684 
19:12:51.192881 ON flow>6124 srcPort>36625 dst>fd10:43:100::2/24924 
19:12:51.195344 CONNECT flow>6124 srcPort>36625 dst>fd10:43:100::2/24924 
19:12:51.241366 SHUTDOWN flow>5892 srcPort>37327 dst>fd10:43:100::2/24692 
19:12:51.242038 OFF flow>5892 srcPort>37327 dst>fd10:43:100::2/24692 
19:12:51.416534 SHUTDOWN flow>5900 srcPort>41779 dst>fd10:43:100::2/24700 
19:12:51.416857 OFF flow>5900 srcPort>41779 dst>fd10:43:100::2/24700 
19:12:51.446477 ON flow>6132 srcPort>46851 dst>fd10:43:100::2/24932 
19:12:51.446887 CONNECT flow>6132 srcPort>46851 dst>fd10:43:100::2/24932 
19:12:51.549945 ON flow>6140 srcPort>40061 dst>fd10:43:100::2/24940 
19:12:51.550119 CONNECT flow>6140 srcPort>40061 dst>fd10:43:100::2/24940 
19:12:51.607462 SHUTDOWN flow>5908 srcPort>35493 dst>fd10:43:100::2/24708 
19:12:51.609451 OFF flow>5908 srcPort>35493 dst>fd10:43:100::2/24708 
19:12:51.649553 ON flow>6148 srcPort>34883 dst>fd10:43:100::2/24948 
19:12:51.649835 CONNECT flow>6148 srcPort>34883 dst>fd10:43:100::2/24948 
19:12:51.728872 ON flow>6156 srcPort>41983 dst>fd10:43:100::2/24956 
19:12:51.729135 CONNECT flow>6156 srcPort>41983 dst>fd10:43:100::2/24956 
19:12:51.851314 ON flow>6164 srcPort>42371 dst>fd10:43:100::2/24964 
19:12:51.852762 CONNECT flow>6164 srcPort>42371 dst>fd10:43:100::2/24964 
19:12:51.944854 ON flow>6172 srcPort>46607 dst>fd10:43:100::2/24972 
19:12:51.945220 CONNECT flow>6172 srcPort>46607 dst>fd10:43:100::2/24972 
19:12:52.037374 ON flow>6180 srcPort>40687 dst>fd10:43:100::2/24980 
19:12:52.037733 CONNECT flow>6180 srcPort>40687 dst>fd10:43:100::2/24980 
19:12:52.051471 SHUTDOWN flow>5916 srcPort>44557 dst>fd10:43:100::2/24716 
19:12:52.051794 OFF flow>5916 srcPort>44557 dst>fd10:43:100::2/24716 
19:12:52.196324 ON flow>6188 srcPort>44035 dst>fd10:43:100::2/24988 
19:12:52.197494 CONNECT flow>6188 srcPort>44035 dst>fd10:43:100::2/24988 
19:12:52.322186 ON flow>6196 srcPort>44055 dst>fd10:43:100::2/24996 
19:12:52.323813 CONNECT flow>6196 srcPort>44055 dst>fd10:43:100::2/24996 
19:12:52.483876 ON flow>6204 srcPort>36513 dst>fd10:43:100::2/25004 
19:12:52.487810 CONNECT flow>6204 srcPort>36513 dst>fd10:43:100::2/25004 
19:12:52.558801 SHUTDOWN flow>5924 srcPort>42399 dst>fd10:43:100::2/24724 
19:12:52.561254 OFF flow>5924 srcPort>42399 dst>fd10:43:100::2/24724 
19:12:52.610695 ON flow>6212 srcPort>40047 dst>fd10:43:100::2/25012 
19:12:52.611539 CONNECT flow>6212 srcPort>40047 dst>fd10:43:100::2/25012 
19:12:52.715013 SHUTDOWN flow>5932 srcPort>34555 dst>fd10:43:100::2/24732 
19:12:52.716409 OFF flow>5932 srcPort>34555 dst>fd10:43:100::2/24732 
19:12:52.780627 ON flow>6220 srcPort>45971 dst>fd10:43:100::2/25020 
19:12:52.781143 CONNECT flow>6220 srcPort>45971 dst>fd10:43:100::2/25020 
19:12:52.874106 SHUTDOWN flow>5940 srcPort>39075 dst>fd10:43:100::2/24740 
19:12:52.877481 OFF flow>5940 srcPort>39075 dst>fd10:43:100::2/24740 
19:12:52.942892 ON flow>6228 srcPort>44287 dst>fd10:43:100::2/25028 
19:12:52.943799 CONNECT flow>6228 srcPort>44287 dst>fd10:43:100::2/25028 
19:12:53.057887 ON flow>6236 srcPort>32843 dst>fd10:43:100::2/25036 
19:12:53.063338 CONNECT flow>6236 srcPort>32843 dst>fd10:43:100::2/25036 
19:12:53.146019 ON flow>6244 srcPort>44825 dst>fd10:43:100::2/25044 
19:12:53.150042 CONNECT flow>6244 srcPort>44825 dst>fd10:43:100::2/25044 
19:12:53.177616 SHUTDOWN flow>5948 srcPort>39727 dst>fd10:43:100::2/24748 
19:12:53.181477 OFF flow>5948 srcPort>39727 dst>fd10:43:100::2/24748 
19:12:53.214536 ON flow>6252 srcPort>39133 dst>fd10:43:100::2/25052 
19:12:53.215651 CONNECT flow>6252 srcPort>39133 dst>fd10:43:100::2/25052 
19:12:53.302173 ON flow>6260 srcPort>45711 dst>fd10:43:100::2/25060 
19:12:53.305354 CONNECT flow>6260 srcPort>45711 dst>fd10:43:100::2/25060 
19:12:53.329009 SHUTDOWN flow>5956 srcPort>45729 dst>fd10:43:100::2/24756 
19:12:53.333831 OFF flow>5956 srcPort>45729 dst>fd10:43:100::2/24756 
19:12:53.353331 ON flow>6268 srcPort>46125 dst>fd10:43:100::2/25068 
19:12:53.357563 CONNECT flow>6268 srcPort>46125 dst>fd10:43:100::2/25068 
19:12:53.417812 SHUTDOWN flow>5964 srcPort>34043 dst>fd10:43:100::2/24764 
19:12:53.425013 OFF flow>5964 srcPort>34043 dst>fd10:43:100::2/24764 
19:12:53.474493 ON flow>6276 srcPort>41995 dst>fd10:43:100::2/25076 
19:12:53.484092 CONNECT flow>6276 srcPort>41995 dst>fd10:43:100::2/25076 
19:12:53.534719 ON flow>6284 srcPort>35365 dst>fd10:43:100::2/25084 
19:12:53.550125 CONNECT flow>6284 srcPort>35365 dst>fd10:43:100::2/25084 
19:12:53.579450 SHUTDOWN flow>5972 srcPort>41067 dst>fd10:43:100::2/24772 
19:12:53.595451 OFF flow>5972 srcPort>41067 dst>fd10:43:100::2/24772 
19:12:53.635466 SHUTDOWN flow>5980 srcPort>37897 dst>fd10:43:100::2/24780 
19:12:53.660057 OFF flow>5980 srcPort>37897 dst>fd10:43:100::2/24780 
19:12:53.667089 ON flow>6292 srcPort>44131 dst>fd10:43:100::2/25092 
19:12:53.699458 CONNECT flow>6292 srcPort>44131 dst>fd10:43:100::2/25092 
19:12:53.747808 SHUTDOWN flow>5988 srcPort>33921 dst>fd10:43:100::2/24788 
19:12:53.774039 ON flow>6300 srcPort>35275 dst>fd10:43:100::2/25100 
19:12:53.797188 OFF flow>5988 srcPort>33921 dst>fd10:43:100::2/24788 
19:12:53.828338 CONNECT flow>6300 srcPort>35275 dst>fd10:43:100::2/25100 
19:12:53.889415 ON flow>6308 srcPort>39211 dst>fd10:43:100::2/25108 
19:12:53.933952 SHUTDOWN flow>5996 srcPort>35827 dst>fd10:43:100::2/24796 
19:12:53.975955 CONNECT flow>6308 srcPort>39211 dst>fd10:43:100::2/25108 
19:12:54.036235 OFF flow>5996 srcPort>35827 dst>fd10:43:100::2/24796 
19:12:54.088141 ON flow>6316 srcPort>39591 dst>fd10:43:100::2/25116 
19:12:54.151568 SHUTDOWN flow>6004 srcPort>37459 dst>fd10:43:100::2/24804 
19:12:54.182518 CONNECT flow>6316 srcPort>39591 dst>fd10:43:100::2/25116 
19:12:54.342612 OFF flow>6004 srcPort>37459 dst>fd10:43:100::2/24804 
19:12:54.392352 SHUTDOWN flow>6012 srcPort>45467 dst>fd10:43:100::2/24812 
19:12:54.421039 ON flow>6324 srcPort>35109 dst>fd10:43:100::2/25124 
19:12:54.498854 OFF flow>6012 srcPort>45467 dst>fd10:43:100::2/24812 
19:12:54.526000 CONNECT flow>6324 srcPort>35109 dst>fd10:43:100::2/25124 
19:12:54.570643 SHUTDOWN flow>6020 srcPort>40363 dst>fd10:43:100::2/24820 
19:12:54.595403 ON flow>6332 srcPort>41451 dst>fd10:43:100::2/25132 
19:12:54.636110 SHUTDOWN flow>6028 srcPort>41907 dst>fd10:43:100::2/24828 
19:12:54.695476 CONNECT flow>6332 srcPort>41451 dst>fd10:43:100::2/25132 
19:12:54.702083 ON flow>6340 srcPort>35915 dst>fd10:43:100::2/25140 
19:12:54.711188 OFF flow>6020 srcPort>40363 dst>fd10:43:100::2/24820 
19:12:54.717186 SHUTDOWN flow>6036 srcPort>36337 dst>fd10:43:100::2/24836 
19:12:54.795984 SHUTDOWN flow>6044 srcPort>44819 dst>fd10:43:100::2/24844 
19:12:54.802598 CONNECT flow>6340 srcPort>35915 dst>fd10:43:100::2/25140 
19:12:54.892939 SHUTDOWN flow>6060 srcPort>37703 dst>fd10:43:100::2/24860 
19:12:54.907728 ON flow>6348 srcPort>46493 dst>fd10:43:100::2/25148 
19:12:54.953716 OFF flow>6028 srcPort>41907 dst>fd10:43:100::2/24828 
19:12:54.956654 SHUTDOWN flow>6068 srcPort>34353 dst>fd10:43:100::2/24868 
19:12:55.010972 CONNECT flow>6348 srcPort>46493 dst>fd10:43:100::2/25148 
19:12:55.013306 ON flow>6356 srcPort>44977 dst>fd10:43:100::2/25156 
19:12:55.047845 SHUTDOWN flow>6076 srcPort>39693 dst>fd10:43:100::2/24876 
19:12:55.077254 OFF flow>6044 srcPort>44819 dst>fd10:43:100::2/24844 
19:12:55.116963 CONNECT flow>6356 srcPort>44977 dst>fd10:43:100::2/25156 
19:12:55.125550 SHUTDOWN flow>6052 srcPort>45085 dst>fd10:43:100::2/24852 
19:12:55.131663 SHUTDOWN flow>6084 srcPort>45571 dst>fd10:43:100::2/24884 
19:12:55.158383 ON flow>6364 srcPort>40379 dst>fd10:43:100::2/25164 
19:12:55.172860 OFF flow>6060 srcPort>37703 dst>fd10:43:100::2/24860 
19:12:55.255230 CONNECT flow>6364 srcPort>40379 dst>fd10:43:100::2/25164 
19:12:55.267055 ON flow>6372 srcPort>36791 dst>fd10:43:100::2/25172 
19:12:55.311619 ON flow>6380 srcPort>33751 dst>fd10:43:100::2/25180 
19:12:55.337869 SHUTDOWN flow>6100 srcPort>43895 dst>fd10:43:100::2/24900 
19:12:55.364063 CONNECT flow>6372 srcPort>36791 dst>fd10:43:100::2/25172 
19:12:55.389505 OFF flow>6084 srcPort>45571 dst>fd10:43:100::2/24884 
19:12:55.398931 OFF flow>6076 srcPort>39693 dst>fd10:43:100::2/24876 
19:12:55.409611 CONNECT flow>6380 srcPort>33751 dst>fd10:43:100::2/25180 
19:12:55.423445 ON flow>6388 srcPort>33657 dst>fd10:43:100::2/25188 
19:12:55.433334 OFF flow>6036 srcPort>36337 dst>fd10:43:100::2/24836 
19:12:55.473882 SHUTDOWN flow>6108 srcPort>37309 dst>fd10:43:100::2/24908 
19:12:55.523132 CONNECT flow>6388 srcPort>33657 dst>fd10:43:100::2/25188 
19:12:55.542286 ON flow>6396 srcPort>44763 dst>fd10:43:100::2/25196 
19:12:55.592574 ON flow>6404 srcPort>36979 dst>fd10:43:100::2/25204 
19:12:55.605198 SHUTDOWN flow>6092 srcPort>40927 dst>fd10:43:100::2/24892 
19:12:55.643968 CONNECT flow>6396 srcPort>44763 dst>fd10:43:100::2/25196 
19:12:55.694767 CONNECT flow>6404 srcPort>36979 dst>fd10:43:100::2/25204 
19:12:55.785069 ON flow>6412 srcPort>45955 dst>fd10:43:100::2/25212 
19:12:55.843802 SHUTDOWN flow>6116 srcPort>33309 dst>fd10:43:100::2/24916 
19:12:55.854675 OFF flow>6068 srcPort>34353 dst>fd10:43:100::2/24868 
19:12:55.858913 OFF flow>6052 srcPort>45085 dst>fd10:43:100::2/24852 
19:12:55.879406 CONNECT flow>6412 srcPort>45955 dst>fd10:43:100::2/25212 
19:12:55.992918 SHUTDOWN flow>6124 srcPort>36625 dst>fd10:43:100::2/24924 
19:12:56.043397 ON flow>6420 srcPort>32967 dst>fd10:43:100::2/25220 
19:12:56.119872 OFF flow>6108 srcPort>37309 dst>fd10:43:100::2/24908 
19:12:56.142072 CONNECT flow>6420 srcPort>32967 dst>fd10:43:100::2/25220 
19:12:56.157460 OFF flow>6124 srcPort>36625 dst>fd10:43:100::2/24924 
19:12:56.246402 SHUTDOWN flow>6132 srcPort>46851 dst>fd10:43:100::2/24932 
19:12:56.424819 ON flow>6428 srcPort>34815 dst>fd10:43:100::2/25228 
19:12:56.461496 OFF flow>6116 srcPort>33309 dst>fd10:43:100::2/24916 
19:12:56.507822 CONNECT flow>6428 srcPort>34815 dst>fd10:43:100::2/25228 
19:12:56.510444 SHUTDOWN flow>6148 srcPort>34883 dst>fd10:43:100::2/24948 
19:12:56.584365 OFF flow>6092 srcPort>40927 dst>fd10:43:100::2/24892 
19:12:56.641995 SHUTDOWN flow>6156 srcPort>41983 dst>fd10:43:100::2/24956 
19:12:56.667953 ON flow>6436 srcPort>46705 dst>fd10:43:100::2/25236 
19:12:56.720829 SHUTDOWN flow>6164 srcPort>42371 dst>fd10:43:100::2/24964 
19:12:56.744722 SHUTDOWN flow>6172 srcPort>46607 dst>fd10:43:100::2/24972 
19:12:56.745591 CONNECT flow>6436 srcPort>46705 dst>fd10:43:100::2/25236 
19:12:56.798667 OFF flow>6100 srcPort>43895 dst>fd10:43:100::2/24900 
19:12:56.815908 SHUTDOWN flow>6140 srcPort>40061 dst>fd10:43:100::2/24940 
19:12:56.914393 SHUTDOWN flow>6180 srcPort>40687 dst>fd10:43:100::2/24980 
19:12:56.920618 ON flow>6444 srcPort>43645 dst>fd10:43:100::2/25244 
19:12:56.994951 OFF flow>6132 srcPort>46851 dst>fd10:43:100::2/24932 
19:12:56.996278 SHUTDOWN flow>6188 srcPort>44035 dst>fd10:43:100::2/24988 
19:12:57.007464 CONNECT flow>6444 srcPort>43645 dst>fd10:43:100::2/25244 
19:12:57.103062 OFF flow>6172 srcPort>46607 dst>fd10:43:100::2/24972 
19:12:57.122110 SHUTDOWN flow>6196 srcPort>44055 dst>fd10:43:100::2/24996 
19:12:57.154207 OFF flow>6188 srcPort>44035 dst>fd10:43:100::2/24988 
19:12:57.161493 ON flow>6452 srcPort>46517 dst>fd10:43:100::2/25252 
19:12:57.250750 CONNECT flow>6452 srcPort>46517 dst>fd10:43:100::2/25252 
19:12:57.273972 OFF flow>6156 srcPort>41983 dst>fd10:43:100::2/24956 
19:12:57.331146 ON flow>6460 srcPort>43769 dst>fd10:43:100::2/25260 
19:12:57.410542 SHUTDOWN flow>6212 srcPort>40047 dst>fd10:43:100::2/25012 
19:12:57.418983 CONNECT flow>6460 srcPort>43769 dst>fd10:43:100::2/25260 
19:12:57.462383 ON flow>6468 srcPort>42209 dst>fd10:43:100::2/25268 
19:12:57.542309 ON flow>6476 srcPort>36053 dst>fd10:43:100::2/25276 
19:12:57.551605 CONNECT flow>6468 srcPort>42209 dst>fd10:43:100::2/25268 
19:12:57.580476 SHUTDOWN flow>6220 srcPort>45971 dst>fd10:43:100::2/25020 
19:12:57.581145 OFF flow>6180 srcPort>40687 dst>fd10:43:100::2/24980 
19:12:57.613178 OFF flow>6148 srcPort>34883 dst>fd10:43:100::2/24948 
19:12:57.634655 CONNECT flow>6476 srcPort>36053 dst>fd10:43:100::2/25276 
19:12:57.645310 SHUTDOWN flow>6204 srcPort>36513 dst>fd10:43:100::2/25004 
19:12:57.694974 ON flow>6484 srcPort>34989 dst>fd10:43:100::2/25284 
19:12:57.759239 OFF flow>6140 srcPort>40061 dst>fd10:43:100::2/24940 
19:12:57.788477 CONNECT flow>6484 srcPort>34989 dst>fd10:43:100::2/25284 
19:12:57.794854 OFF flow>6196 srcPort>44055 dst>fd10:43:100::2/24996 
19:12:57.815077 ON flow>6492 srcPort>35203 dst>fd10:43:100::2/25292 
19:12:57.876202 SHUTDOWN flow>6236 srcPort>32843 dst>fd10:43:100::2/25036 
19:12:57.910778 CONNECT flow>6492 srcPort>35203 dst>fd10:43:100::2/25292 
19:12:57.945880 SHUTDOWN flow>6244 srcPort>44825 dst>fd10:43:100::2/25044 
19:12:58.014361 SHUTDOWN flow>6252 srcPort>39133 dst>fd10:43:100::2/25052 
19:12:58.030973 ON flow>6500 srcPort>44701 dst>fd10:43:100::2/25300 
19:12:58.032575 OFF flow>6212 srcPort>40047 dst>fd10:43:100::2/25012 
19:12:58.102164 SHUTDOWN flow>6260 srcPort>45711 dst>fd10:43:100::2/25060 
19:12:58.113948 OFF flow>6164 srcPort>42371 dst>fd10:43:100::2/24964 
19:12:58.119879 CONNECT flow>6500 srcPort>44701 dst>fd10:43:100::2/25300 
19:12:58.148898 ON flow>6508 srcPort>45825 dst>fd10:43:100::2/25308 
19:12:58.219707 OFF flow>6260 srcPort>45711 dst>fd10:43:100::2/25060 
19:12:58.239739 CONNECT flow>6508 srcPort>45825 dst>fd10:43:100::2/25308 
19:12:58.260864 SHUTDOWN flow>6228 srcPort>44287 dst>fd10:43:100::2/25028 
19:12:58.274382 SHUTDOWN flow>6276 srcPort>41995 dst>fd10:43:100::2/25076 
19:12:58.372760 ON flow>6516 srcPort>35261 dst>fd10:43:100::2/25316 
19:12:58.463356 CONNECT flow>6516 srcPort>35261 dst>fd10:43:100::2/25316 
19:12:58.483663 OFF flow>6204 srcPort>36513 dst>fd10:43:100::2/25004 
19:12:58.488487 OFF flow>6220 srcPort>45971 dst>fd10:43:100::2/25020 
19:12:58.514916 ON flow>6524 srcPort>45293 dst>fd10:43:100::2/25324 
19:12:58.518046 SHUTDOWN flow>6292 srcPort>44131 dst>fd10:43:100::2/25092 
19:12:58.571646 OFF flow>6236 srcPort>32843 dst>fd10:43:100::2/25036 
19:12:58.573862 SHUTDOWN flow>6300 srcPort>35275 dst>fd10:43:100::2/25100 
19:12:58.612494 CONNECT flow>6524 srcPort>45293 dst>fd10:43:100::2/25324 
19:12:58.650725 ON flow>6532 srcPort>36391 dst>fd10:43:100::2/25332 
19:12:58.689168 SHUTDOWN flow>6308 srcPort>39211 dst>fd10:43:100::2/25108 
19:12:58.723431 ON flow>6540 srcPort>42877 dst>fd10:43:100::2/25340 
19:12:58.747830 CONNECT flow>6532 srcPort>36391 dst>fd10:43:100::2/25332 
19:12:58.763324 SHUTDOWN flow>6284 srcPort>35365 dst>fd10:43:100::2/25084 
19:12:58.770607 OFF flow>6244 srcPort>44825 dst>fd10:43:100::2/25044 
19:12:58.803455 ON flow>6548 srcPort>36127 dst>fd10:43:100::2/25348 
19:12:58.821506 CONNECT flow>6540 srcPort>42877 dst>fd10:43:100::2/25340 
19:12:58.887883 SHUTDOWN flow>6316 srcPort>39591 dst>fd10:43:100::2/25116 
19:12:58.900805 CONNECT flow>6548 srcPort>36127 dst>fd10:43:100::2/25348 
19:12:58.943724 ON flow>6556 srcPort>38111 dst>fd10:43:100::2/25356 
19:12:58.988157 SHUTDOWN flow>6268 srcPort>46125 dst>fd10:43:100::2/25068 
19:12:59.034313 CONNECT flow>6556 srcPort>38111 dst>fd10:43:100::2/25356 
19:12:59.061121 OFF flow>6316 srcPort>39591 dst>fd10:43:100::2/25116 
19:12:59.098419 OFF flow>6252 srcPort>39133 dst>fd10:43:100::2/25052 
19:12:59.186850 ON flow>6564 srcPort>39011 dst>fd10:43:100::2/25364 
19:12:59.220878 SHUTDOWN flow>6324 srcPort>35109 dst>fd10:43:100::2/25124 
19:12:59.268013 ON flow>6572 srcPort>45139 dst>fd10:43:100::2/25372 
19:12:59.281502 CONNECT flow>6564 srcPort>39011 dst>fd10:43:100::2/25364 
19:12:59.311051 OFF flow>6324 srcPort>35109 dst>fd10:43:100::2/25124 
19:12:59.331083 OFF flow>6276 srcPort>41995 dst>fd10:43:100::2/25076 
19:12:59.355799 CONNECT flow>6572 srcPort>45139 dst>fd10:43:100::2/25372 
19:12:59.395114 SHUTDOWN flow>6332 srcPort>41451 dst>fd10:43:100::2/25132 
19:12:59.428551 ON flow>6580 srcPort>45387 dst>fd10:43:100::2/25380 
19:12:59.491853 OFF flow>6332 srcPort>41451 dst>fd10:43:100::2/25132 
19:12:59.501800 SHUTDOWN flow>6340 srcPort>35915 dst>fd10:43:100::2/25140 
19:12:59.515263 OFF flow>6228 srcPort>44287 dst>fd10:43:100::2/25028 
19:12:59.523885 CONNECT flow>6580 srcPort>45387 dst>fd10:43:100::2/25380 
19:12:59.597283 OFF flow>6340 srcPort>35915 dst>fd10:43:100::2/25140 
19:12:59.629720 ON flow>6588 srcPort>34941 dst>fd10:43:100::2/25388 
19:12:59.685172 OFF flow>6284 srcPort>35365 dst>fd10:43:100::2/25084 
19:12:59.707280 SHUTDOWN flow>6348 srcPort>46493 dst>fd10:43:100::2/25148 
19:12:59.721088 CONNECT flow>6588 srcPort>34941 dst>fd10:43:100::2/25388 
19:12:59.754896 ON flow>6596 srcPort>39387 dst>fd10:43:100::2/25396 
19:12:59.797374 OFF flow>6348 srcPort>46493 dst>fd10:43:100::2/25148 
19:12:59.813084 SHUTDOWN flow>6356 srcPort>44977 dst>fd10:43:100::2/25156 
19:12:59.841487 CONNECT flow>6596 srcPort>39387 dst>fd10:43:100::2/25396 
19:12:59.861936 OFF flow>6308 srcPort>39211 dst>fd10:43:100::2/25108 
19:12:59.883254 OFF flow>6292 srcPort>44131 dst>fd10:43:100::2/25092 
19:12:59.900616 OFF flow>6356 srcPort>44977 dst>fd10:43:100::2/25156 
19:12:59.909573 ON flow>6604 srcPort>41457 dst>fd10:43:100::2/25404 
19:12:59.958149 SHUTDOWN flow>6364 srcPort>40379 dst>fd10:43:100::2/25164 
19:12:59.999629 CONNECT flow>6604 srcPort>41457 dst>fd10:43:100::2/25404 
19:13:00.047921 OFF flow>6364 srcPort>40379 dst>fd10:43:100::2/25164 
19:13:00.066880 SHUTDOWN flow>6372 srcPort>36791 dst>fd10:43:100::2/25172 
19:13:00.103151 ON flow>6612 srcPort>42859 dst>fd10:43:100::2/25412 
19:13:00.183890 SHUTDOWN flow>6380 srcPort>33751 dst>fd10:43:100::2/25180 
19:13:00.183972 CONNECT flow>6612 srcPort>42859 dst>fd10:43:100::2/25412 
19:13:00.190625 OFF flow>6372 srcPort>36791 dst>fd10:43:100::2/25172 
19:13:00.223232 SHUTDOWN flow>6388 srcPort>33657 dst>fd10:43:100::2/25188 
19:13:00.245021 ON flow>6620 srcPort>46435 dst>fd10:43:100::2/25420 
19:13:00.300288 OFF flow>6388 srcPort>33657 dst>fd10:43:100::2/25188 
19:13:00.322322 CONNECT flow>6620 srcPort>46435 dst>fd10:43:100::2/25420 
19:13:00.342087 SHUTDOWN flow>6396 srcPort>44763 dst>fd10:43:100::2/25196 
19:13:00.355634 ON flow>6628 srcPort>45975 dst>fd10:43:100::2/25428 
19:13:00.371952 OFF flow>6300 srcPort>35275 dst>fd10:43:100::2/25100 
19:13:00.392309 SHUTDOWN flow>6404 srcPort>36979 dst>fd10:43:100::2/25204 
19:13:00.427617 CONNECT flow>6628 srcPort>45975 dst>fd10:43:100::2/25428 
19:13:00.485041 OFF flow>6380 srcPort>33751 dst>fd10:43:100::2/25180 
19:13:00.584788 SHUTDOWN flow>6412 srcPort>45955 dst>fd10:43:100::2/25212 
19:13:00.642268 ON flow>6636 srcPort>35793 dst>fd10:43:100::2/25436 
19:13:00.650135 OFF flow>6412 srcPort>45955 dst>fd10:43:100::2/25212 
19:13:00.707691 CONNECT flow>6636 srcPort>35793 dst>fd10:43:100::2/25436 
19:13:00.733745 OFF flow>6268 srcPort>46125 dst>fd10:43:100::2/25068 
19:13:00.781698 OFF flow>6404 srcPort>36979 dst>fd10:43:100::2/25204 
19:13:00.843217 SHUTDOWN flow>6420 srcPort>32967 dst>fd10:43:100::2/25220 
19:13:00.869798 ON flow>6644 srcPort>34505 dst>fd10:43:100::2/25444 
19:13:00.887859 OFF flow>6420 srcPort>32967 dst>fd10:43:100::2/25220 
19:13:00.912071 CONNECT flow>6644 srcPort>34505 dst>fd10:43:100::2/25444 
19:13:00.961773 ON flow>6652 srcPort>38273 dst>fd10:43:100::2/25452 
19:13:00.997794 CONNECT flow>6652 srcPort>38273 dst>fd10:43:100::2/25452 
19:13:01.078530 OFF flow>6396 srcPort>44763 dst>fd10:43:100::2/25196 
19:13:01.118966 ON flow>6660 srcPort>44757 dst>fd10:43:100::2/25460 
19:13:01.142469 CONNECT flow>6660 srcPort>44757 dst>fd10:43:100::2/25460 
19:13:01.224486 SHUTDOWN flow>6428 srcPort>34815 dst>fd10:43:100::2/25228 
19:13:01.239105 OFF flow>6428 srcPort>34815 dst>fd10:43:100::2/25228 
19:13:01.333076 ON flow>6668 srcPort>44691 dst>fd10:43:100::2/25468 
19:13:01.337981 CONNECT flow>6668 srcPort>44691 dst>fd10:43:100::2/25468 
19:13:01.467570 SHUTDOWN flow>6436 srcPort>46705 dst>fd10:43:100::2/25236 
19:13:01.467906 OFF flow>6436 srcPort>46705 dst>fd10:43:100::2/25236 
19:13:01.492269 ON flow>6676 srcPort>36031 dst>fd10:43:100::2/25476 
19:13:01.493744 CONNECT flow>6676 srcPort>36031 dst>fd10:43:100::2/25476 
19:13:01.720379 SHUTDOWN flow>6444 srcPort>43645 dst>fd10:43:100::2/25244 
19:13:01.720981 OFF flow>6444 srcPort>43645 dst>fd10:43:100::2/25244 
19:13:01.740654 ON flow>6684 srcPort>34881 dst>fd10:43:100::2/25484 
19:13:01.741269 CONNECT flow>6684 srcPort>34881 dst>fd10:43:100::2/25484 
19:13:01.961158 SHUTDOWN flow>6452 srcPort>46517 dst>fd10:43:100::2/25252 
19:13:01.965440 OFF flow>6452 srcPort>46517 dst>fd10:43:100::2/25252 
19:13:01.977874 ON flow>6692 srcPort>38921 dst>fd10:43:100::2/25492 
19:13:01.978286 CONNECT flow>6692 srcPort>38921 dst>fd10:43:100::2/25492 
19:13:02.064203 ON flow>6700 srcPort>33753 dst>fd10:43:100::2/25500 
19:13:02.064736 CONNECT flow>6700 srcPort>33753 dst>fd10:43:100::2/25500 
19:13:02.130883 SHUTDOWN flow>6460 srcPort>43769 dst>fd10:43:100::2/25260 
19:13:02.131193 OFF flow>6460 srcPort>43769 dst>fd10:43:100::2/25260 
19:13:02.171272 ON flow>6708 srcPort>39671 dst>fd10:43:100::2/25508 
19:13:02.171777 CONNECT flow>6708 srcPort>39671 dst>fd10:43:100::2/25508 
19:13:02.262070 SHUTDOWN flow>6468 srcPort>42209 dst>fd10:43:100::2/25268 
19:13:02.263500 OFF flow>6468 srcPort>42209 dst>fd10:43:100::2/25268 
19:13:02.272274 ON flow>6716 srcPort>41113 dst>fd10:43:100::2/25516 
19:13:02.272614 CONNECT flow>6716 srcPort>41113 dst>fd10:43:100::2/25516 
19:13:02.342077 SHUTDOWN flow>6476 srcPort>36053 dst>fd10:43:100::2/25276 
19:13:02.342649 OFF flow>6476 srcPort>36053 dst>fd10:43:100::2/25276 
19:13:02.382023 ON flow>6724 srcPort>37039 dst>fd10:43:100::2/25524 
19:13:02.382491 CONNECT flow>6724 srcPort>37039 dst>fd10:43:100::2/25524 
19:13:02.494797 SHUTDOWN flow>6484 srcPort>34989 dst>fd10:43:100::2/25284 
19:13:02.495432 OFF flow>6484 srcPort>34989 dst>fd10:43:100::2/25284 
19:13:02.614879 SHUTDOWN flow>6492 srcPort>35203 dst>fd10:43:100::2/25292 
19:13:02.615171 OFF flow>6492 srcPort>35203 dst>fd10:43:100::2/25292 
19:13:02.628948 ON flow>6732 srcPort>34261 dst>fd10:43:100::2/25532 
19:13:02.629320 CONNECT flow>6732 srcPort>34261 dst>fd10:43:100::2/25532 
19:13:02.803717 ON flow>6740 srcPort>42381 dst>fd10:43:100::2/25540 
19:13:02.807270 CONNECT flow>6740 srcPort>42381 dst>fd10:43:100::2/25540 
19:13:02.830680 SHUTDOWN flow>6500 srcPort>44701 dst>fd10:43:100::2/25300 
19:13:02.831452 OFF flow>6500 srcPort>44701 dst>fd10:43:100::2/25300 
19:13:02.946709 ON flow>6748 srcPort>35327 dst>fd10:43:100::2/25548 
19:13:02.946991 CONNECT flow>6748 srcPort>35327 dst>fd10:43:100::2/25548 
19:13:02.948073 SHUTDOWN flow>6508 srcPort>45825 dst>fd10:43:100::2/25308 
19:13:02.949252 OFF flow>6508 srcPort>45825 dst>fd10:43:100::2/25308 
19:13:03.172571 SHUTDOWN flow>6516 srcPort>35261 dst>fd10:43:100::2/25316 
19:13:03.174384 OFF flow>6516 srcPort>35261 dst>fd10:43:100::2/25316 
19:13:03.202526 ON flow>6756 srcPort>40235 dst>fd10:43:100::2/25556 
19:13:03.202722 CONNECT flow>6756 srcPort>40235 dst>fd10:43:100::2/25556 
19:13:03.314686 SHUTDOWN flow>6524 srcPort>45293 dst>fd10:43:100::2/25324 
19:13:03.315522 OFF flow>6524 srcPort>45293 dst>fd10:43:100::2/25324 
19:13:03.337140 ON flow>6764 srcPort>35979 dst>fd10:43:100::2/25564 
19:13:03.337335 CONNECT flow>6764 srcPort>35979 dst>fd10:43:100::2/25564 
19:13:03.393429 ON flow>6772 srcPort>41981 dst>fd10:43:100::2/25572 
19:13:03.393640 CONNECT flow>6772 srcPort>41981 dst>fd10:43:100::2/25572 
19:13:03.450485 SHUTDOWN flow>6532 srcPort>36391 dst>fd10:43:100::2/25332 
19:13:03.451371 OFF flow>6532 srcPort>36391 dst>fd10:43:100::2/25332 
19:13:03.490503 ON flow>6780 srcPort>35289 dst>fd10:43:100::2/25580 
19:13:03.491784 CONNECT flow>6780 srcPort>35289 dst>fd10:43:100::2/25580 
19:13:03.523180 SHUTDOWN flow>6540 srcPort>42877 dst>fd10:43:100::2/25340 
19:13:03.524323 OFF flow>6540 srcPort>42877 dst>fd10:43:100::2/25340 
19:13:03.568218 ON flow>6788 srcPort>39413 dst>fd10:43:100::2/25588 
19:13:03.569109 CONNECT flow>6788 srcPort>39413 dst>fd10:43:100::2/25588 
19:13:03.603307 SHUTDOWN flow>6548 srcPort>36127 dst>fd10:43:100::2/25348 
19:13:03.604098 OFF flow>6548 srcPort>36127 dst>fd10:43:100::2/25348 
19:13:03.659805 ON flow>6796 srcPort>37197 dst>fd10:43:100::2/25596 
19:13:03.660144 CONNECT flow>6796 srcPort>37197 dst>fd10:43:100::2/25596 
19:13:03.704126 ON flow>6804 srcPort>42851 dst>fd10:43:100::2/25604 
19:13:03.704838 CONNECT flow>6804 srcPort>42851 dst>fd10:43:100::2/25604 
19:13:03.742790 ON flow>6812 srcPort>39809 dst>fd10:43:100::2/25612 
19:13:03.743277 SHUTDOWN flow>6556 srcPort>38111 dst>fd10:43:100::2/25356 
19:13:03.744442 CONNECT flow>6812 srcPort>39809 dst>fd10:43:100::2/25612 
19:13:03.744477 OFF flow>6556 srcPort>38111 dst>fd10:43:100::2/25356 
19:13:03.831187 ON flow>6820 srcPort>39361 dst>fd10:43:100::2/25620 
19:13:03.831602 CONNECT flow>6820 srcPort>39361 dst>fd10:43:100::2/25620 
19:13:03.951466 ON flow>6828 srcPort>43989 dst>fd10:43:100::2/25628 
19:13:03.952549 CONNECT flow>6828 srcPort>43989 dst>fd10:43:100::2/25628 
19:13:03.986686 SHUTDOWN flow>6564 srcPort>39011 dst>fd10:43:100::2/25364 
19:13:03.987435 OFF flow>6564 srcPort>39011 dst>fd10:43:100::2/25364 
19:13:04.067888 SHUTDOWN flow>6572 srcPort>45139 dst>fd10:43:100::2/25372 
19:13:04.069316 OFF flow>6572 srcPort>45139 dst>fd10:43:100::2/25372 
19:13:04.228277 SHUTDOWN flow>6580 srcPort>45387 dst>fd10:43:100::2/25380 
19:13:04.229139 OFF flow>6580 srcPort>45387 dst>fd10:43:100::2/25380 
19:13:04.264734 ON flow>6836 srcPort>40179 dst>fd10:43:100::2/25636 
19:13:04.265498 CONNECT flow>6836 srcPort>40179 dst>fd10:43:100::2/25636 
19:13:04.429483 SHUTDOWN flow>6588 srcPort>34941 dst>fd10:43:100::2/25388 
19:13:04.430463 OFF flow>6588 srcPort>34941 dst>fd10:43:100::2/25388 
19:13:04.554481 SHUTDOWN flow>6596 srcPort>39387 dst>fd10:43:100::2/25396 
19:13:04.554742 OFF flow>6596 srcPort>39387 dst>fd10:43:100::2/25396 
19:13:04.709203 SHUTDOWN flow>6604 srcPort>41457 dst>fd10:43:100::2/25404 
19:13:04.709487 OFF flow>6604 srcPort>41457 dst>fd10:43:100::2/25404 
19:13:04.902888 SHUTDOWN flow>6612 srcPort>42859 dst>fd10:43:100::2/25412 
19:13:04.903232 OFF flow>6612 srcPort>42859 dst>fd10:43:100::2/25412 
19:13:05.032420 ON flow>6844 srcPort>39933 dst>fd10:43:100::2/25644 
19:13:05.032805 CONNECT flow>6844 srcPort>39933 dst>fd10:43:100::2/25644 
19:13:05.044585 SHUTDOWN flow>6620 srcPort>46435 dst>fd10:43:100::2/25420 
19:13:05.045104 OFF flow>6620 srcPort>46435 dst>fd10:43:100::2/25420 
19:13:05.152504 ON flow>6852 srcPort>43937 dst>fd10:43:100::2/25652 
19:13:05.153148 CONNECT flow>6852 srcPort>43937 dst>fd10:43:100::2/25652 
19:13:05.153691 SHUTDOWN flow>6628 srcPort>45975 dst>fd10:43:100::2/25428 
19:13:05.155170 OFF flow>6628 srcPort>45975 dst>fd10:43:100::2/25428 
19:13:05.373833 ON flow>6860 srcPort>33035 dst>fd10:43:100::2/25660 
19:13:05.374323 CONNECT flow>6860 srcPort>33035 dst>fd10:43:100::2/25660 
19:13:05.441892 SHUTDOWN flow>6636 srcPort>35793 dst>fd10:43:100::2/25436 
19:13:05.442342 OFF flow>6636 srcPort>35793 dst>fd10:43:100::2/25436 
19:13:05.583743 ON flow>6868 srcPort>38017 dst>fd10:43:100::2/25668 
19:13:05.584385 CONNECT flow>6868 srcPort>38017 dst>fd10:43:100::2/25668 
19:13:05.669614 SHUTDOWN flow>6644 srcPort>34505 dst>fd10:43:100::2/25444 
19:13:05.670157 OFF flow>6644 srcPort>34505 dst>fd10:43:100::2/25444 
19:13:05.761622 SHUTDOWN flow>6652 srcPort>38273 dst>fd10:43:100::2/25452 
19:13:05.762222 OFF flow>6652 srcPort>38273 dst>fd10:43:100::2/25452 
19:13:05.900412 ON flow>6876 srcPort>40821 dst>fd10:43:100::2/25676 
19:13:05.900975 CONNECT flow>6876 srcPort>40821 dst>fd10:43:100::2/25676 
19:13:05.918877 SHUTDOWN flow>6660 srcPort>44757 dst>fd10:43:100::2/25460 
19:13:05.919211 OFF flow>6660 srcPort>44757 dst>fd10:43:100::2/25460 
19:13:06.132940 SHUTDOWN flow>6668 srcPort>44691 dst>fd10:43:100::2/25468 
19:13:06.133516 OFF flow>6668 srcPort>44691 dst>fd10:43:100::2/25468 
19:13:06.292112 SHUTDOWN flow>6676 srcPort>36031 dst>fd10:43:100::2/25476 
19:13:06.294514 OFF flow>6676 srcPort>36031 dst>fd10:43:100::2/25476 
19:13:06.540488 SHUTDOWN flow>6684 srcPort>34881 dst>fd10:43:100::2/25484 
19:13:06.540987 OFF flow>6684 srcPort>34881 dst>fd10:43:100::2/25484 
19:13:06.777699 SHUTDOWN flow>6692 srcPort>38921 dst>fd10:43:100::2/25492 
19:13:06.777965 OFF flow>6692 srcPort>38921 dst>fd10:43:100::2/25492 
19:13:06.863997 SHUTDOWN flow>6700 srcPort>33753 dst>fd10:43:100::2/25500 
19:13:06.864654 OFF flow>6700 srcPort>33753 dst>fd10:43:100::2/25500 
19:13:06.965792 ON flow>6884 srcPort>46227 dst>fd10:43:100::2/25684 
19:13:06.966203 CONNECT flow>6884 srcPort>46227 dst>fd10:43:100::2/25684 
19:13:06.971016 SHUTDOWN flow>6708 srcPort>39671 dst>fd10:43:100::2/25508 
19:13:06.971529 OFF flow>6708 srcPort>39671 dst>fd10:43:100::2/25508 
19:13:07.028177 ON flow>6892 srcPort>42215 dst>fd10:43:100::2/25692 
19:13:07.028425 CONNECT flow>6892 srcPort>42215 dst>fd10:43:100::2/25692 
19:13:07.072007 SHUTDOWN flow>6716 srcPort>41113 dst>fd10:43:100::2/25516 
19:13:07.072391 OFF flow>6716 srcPort>41113 dst>fd10:43:100::2/25516 
19:13:07.095965 ON flow>6900 srcPort>46419 dst>fd10:43:100::2/25700 
19:13:07.096223 CONNECT flow>6900 srcPort>46419 dst>fd10:43:100::2/25700 
19:13:07.136192 ON flow>6908 srcPort>36255 dst>fd10:43:100::2/25708 
19:13:07.136719 CONNECT flow>6908 srcPort>36255 dst>fd10:43:100::2/25708 
19:13:07.181901 SHUTDOWN flow>6724 srcPort>37039 dst>fd10:43:100::2/25524 
19:13:07.182342 OFF flow>6724 srcPort>37039 dst>fd10:43:100::2/25524 
19:13:07.233829 ON flow>6916 srcPort>44311 dst>fd10:43:100::2/25716 
19:13:07.234468 CONNECT flow>6916 srcPort>44311 dst>fd10:43:100::2/25716 
19:13:07.322071 ON flow>6924 srcPort>44123 dst>fd10:43:100::2/25724 
19:13:07.322979 CONNECT flow>6924 srcPort>44123 dst>fd10:43:100::2/25724 
19:13:07.391901 ON flow>6932 srcPort>46833 dst>fd10:43:100::2/25732 
19:13:07.392812 CONNECT flow>6932 srcPort>46833 dst>fd10:43:100::2/25732 
19:13:07.428711 SHUTDOWN flow>6732 srcPort>34261 dst>fd10:43:100::2/25532 
19:13:07.428951 OFF flow>6732 srcPort>34261 dst>fd10:43:100::2/25532 
19:13:07.534648 ON flow>6940 srcPort>37627 dst>fd10:43:100::2/25740 
19:13:07.534919 CONNECT flow>6940 srcPort>37627 dst>fd10:43:100::2/25740 
19:13:07.603501 SHUTDOWN flow>6740 srcPort>42381 dst>fd10:43:100::2/25540 
19:13:07.604942 OFF flow>6740 srcPort>42381 dst>fd10:43:100::2/25540 
19:13:07.746220 SHUTDOWN flow>6748 srcPort>35327 dst>fd10:43:100::2/25548 
19:13:07.746710 OFF flow>6748 srcPort>35327 dst>fd10:43:100::2/25548 
19:13:07.836796 ON flow>6948 srcPort>33089 dst>fd10:43:100::2/25748 
19:13:07.837478 CONNECT flow>6948 srcPort>33089 dst>fd10:43:100::2/25748 
19:13:07.938787 ON flow>6956 srcPort>46317 dst>fd10:43:100::2/25756 
19:13:07.939346 CONNECT flow>6956 srcPort>46317 dst>fd10:43:100::2/25756 
19:13:08.002326 SHUTDOWN flow>6756 srcPort>40235 dst>fd10:43:100::2/25556 
19:13:08.002606 OFF flow>6756 srcPort>40235 dst>fd10:43:100::2/25556 
19:13:08.045683 ON flow>6964 srcPort>42513 dst>fd10:43:100::2/25764 
19:13:08.045921 CONNECT flow>6964 srcPort>42513 dst>fd10:43:100::2/25764 
19:13:08.105897 ON flow>6972 srcPort>33379 dst>fd10:43:100::2/25772 
19:13:08.106100 CONNECT flow>6972 srcPort>33379 dst>fd10:43:100::2/25772 
19:13:08.137008 SHUTDOWN flow>6764 srcPort>35979 dst>fd10:43:100::2/25564 
19:13:08.138339 OFF flow>6764 srcPort>35979 dst>fd10:43:100::2/25564 
19:13:08.174765 ON flow>6980 srcPort>44193 dst>fd10:43:100::2/25780 
19:13:08.175196 CONNECT flow>6980 srcPort>44193 dst>fd10:43:100::2/25780 
19:13:08.193315 SHUTDOWN flow>6772 srcPort>41981 dst>fd10:43:100::2/25572 
19:13:08.193657 OFF flow>6772 srcPort>41981 dst>fd10:43:100::2/25572 
19:13:08.289066 ON flow>6988 srcPort>44657 dst>fd10:43:100::2/25788 
19:13:08.289939 CONNECT flow>6988 srcPort>44657 dst>fd10:43:100::2/25788 
19:13:08.290409 SHUTDOWN flow>6780 srcPort>35289 dst>fd10:43:100::2/25580 
19:13:08.290771 OFF flow>6780 srcPort>35289 dst>fd10:43:100::2/25580 
19:13:08.368107 SHUTDOWN flow>6788 srcPort>39413 dst>fd10:43:100::2/25588 
19:13:08.368750 OFF flow>6788 srcPort>39413 dst>fd10:43:100::2/25588 
19:13:08.388796 ON flow>6996 srcPort>35151 dst>fd10:43:100::2/25796 
19:13:08.389081 CONNECT flow>6996 srcPort>35151 dst>fd10:43:100::2/25796 
19:13:08.459816 SHUTDOWN flow>6796 srcPort>37197 dst>fd10:43:100::2/25596 
19:13:08.460494 OFF flow>6796 srcPort>37197 dst>fd10:43:100::2/25596 
19:13:08.504006 SHUTDOWN flow>6804 srcPort>42851 dst>fd10:43:100::2/25604 
19:13:08.504654 OFF flow>6804 srcPort>42851 dst>fd10:43:100::2/25604 
19:13:08.542712 SHUTDOWN flow>6812 srcPort>39809 dst>fd10:43:100::2/25612 
19:13:08.543010 OFF flow>6812 srcPort>39809 dst>fd10:43:100::2/25612 
19:13:08.575098 ON flow>7004 srcPort>36129 dst>fd10:43:100::2/25804 
19:13:08.575363 CONNECT flow>7004 srcPort>36129 dst>fd10:43:100::2/25804 
19:13:08.631125 SHUTDOWN flow>6820 srcPort>39361 dst>fd10:43:100::2/25620 
19:13:08.631401 OFF flow>6820 srcPort>39361 dst>fd10:43:100::2/25620 
19:13:08.651392 ON flow>7012 srcPort>34711 dst>fd10:43:100::2/25812 
19:13:08.651606 CONNECT flow>7012 srcPort>34711 dst>fd10:43:100::2/25812 
19:13:08.680280 ON flow>7020 srcPort>34381 dst>fd10:43:100::2/25820 
19:13:08.680508 CONNECT flow>7020 srcPort>34381 dst>fd10:43:100::2/25820 
19:13:08.710480 ON flow>7028 srcPort>39569 dst>fd10:43:100::2/25828 
19:13:08.711383 CONNECT flow>7028 srcPort>39569 dst>fd10:43:100::2/25828 
19:13:08.751414 SHUTDOWN flow>6828 srcPort>43989 dst>fd10:43:100::2/25628 
19:13:08.751940 OFF flow>6828 srcPort>43989 dst>fd10:43:100::2/25628 
19:13:08.784985 ON flow>7036 srcPort>33311 dst>fd10:43:100::2/25836 
19:13:08.785434 CONNECT flow>7036 srcPort>33311 dst>fd10:43:100::2/25836 
19:13:08.971637 ON flow>7044 srcPort>34343 dst>fd10:43:100::2/25844 
19:13:08.972564 CONNECT flow>7044 srcPort>34343 dst>fd10:43:100::2/25844 
19:13:09.064623 SHUTDOWN flow>6836 srcPort>40179 dst>fd10:43:100::2/25636 
19:13:09.065020 OFF flow>6836 srcPort>40179 dst>fd10:43:100::2/25636 
19:13:09.149124 ON flow>7052 srcPort>44849 dst>fd10:43:100::2/25852 
19:13:09.149578 CONNECT flow>7052 srcPort>44849 dst>fd10:43:100::2/25852 
19:13:09.431634 ON flow>7060 srcPort>37373 dst>fd10:43:100::2/25860 
19:13:09.432039 CONNECT flow>7060 srcPort>37373 dst>fd10:43:100::2/25860 
19:13:09.664012 ON flow>7068 srcPort>45633 dst>fd10:43:100::2/25868 
19:13:09.664287 CONNECT flow>7068 srcPort>45633 dst>fd10:43:100::2/25868 
19:13:09.832215 SHUTDOWN flow>6844 srcPort>39933 dst>fd10:43:100::2/25644 
19:13:09.832890 OFF flow>6844 srcPort>39933 dst>fd10:43:100::2/25644 
19:13:09.879574 ON flow>7076 srcPort>46445 dst>fd10:43:100::2/25876 
19:13:09.879911 CONNECT flow>7076 srcPort>46445 dst>fd10:43:100::2/25876 
19:13:09.952313 SHUTDOWN flow>6852 srcPort>43937 dst>fd10:43:100::2/25652 
19:13:09.953042 OFF flow>6852 srcPort>43937 dst>fd10:43:100::2/25652 
19:13:10.118124 ON flow>7084 srcPort>44443 dst>fd10:43:100::2/25884 
19:13:10.118639 CONNECT flow>7084 srcPort>44443 dst>fd10:43:100::2/25884 
19:13:10.173606 SHUTDOWN flow>6860 srcPort>33035 dst>fd10:43:100::2/25660 
19:13:10.174561 OFF flow>6860 srcPort>33035 dst>fd10:43:100::2/25660 
19:13:10.265195 ON flow>7092 srcPort>35567 dst>fd10:43:100::2/25892 
19:13:10.265381 CONNECT flow>7092 srcPort>35567 dst>fd10:43:100::2/25892 
19:13:10.372553 ON flow>7100 srcPort>35233 dst>fd10:43:100::2/25900 
19:13:10.373040 CONNECT flow>7100 srcPort>35233 dst>fd10:43:100::2/25900 
19:13:10.383561 SHUTDOWN flow>6868 srcPort>38017 dst>fd10:43:100::2/25668 
19:13:10.384356 OFF flow>6868 srcPort>38017 dst>fd10:43:100::2/25668 
19:13:10.540792 ON flow>7108 srcPort>45653 dst>fd10:43:100::2/25908 
19:13:10.541669 CONNECT flow>7108 srcPort>45653 dst>fd10:43:100::2/25908 
19:13:10.695616 ON flow>7116 srcPort>36733 dst>fd10:43:100::2/25916 
19:13:10.695823 CONNECT flow>7116 srcPort>36733 dst>fd10:43:100::2/25916 
19:13:10.700205 SHUTDOWN flow>6876 srcPort>40821 dst>fd10:43:100::2/25676 
19:13:10.700797 OFF flow>6876 srcPort>40821 dst>fd10:43:100::2/25676 
19:13:10.948088 ON flow>7124 srcPort>44569 dst>fd10:43:100::2/25924 
19:13:10.949653 CONNECT flow>7124 srcPort>44569 dst>fd10:43:100::2/25924 
19:13:11.064955 ON flow>7132 srcPort>40063 dst>fd10:43:100::2/25932 
19:13:11.065359 CONNECT flow>7132 srcPort>40063 dst>fd10:43:100::2/25932 
19:13:11.100612 ON flow>7140 srcPort>46273 dst>fd10:43:100::2/25940 
19:13:11.100960 CONNECT flow>7140 srcPort>46273 dst>fd10:43:100::2/25940 
19:13:11.246412 ON flow>7148 srcPort>33953 dst>fd10:43:100::2/25948 
19:13:11.246768 CONNECT flow>7148 srcPort>33953 dst>fd10:43:100::2/25948 
19:13:11.383579 ON flow>7156 srcPort>39527 dst>fd10:43:100::2/25956 
19:13:11.384461 CONNECT flow>7156 srcPort>39527 dst>fd10:43:100::2/25956 
19:13:11.563022 ON flow>7164 srcPort>33501 dst>fd10:43:100::2/25964 
19:13:11.563240 CONNECT flow>7164 srcPort>33501 dst>fd10:43:100::2/25964 
19:13:11.715362 ON flow>7172 srcPort>34809 dst>fd10:43:100::2/25972 
19:13:11.715884 CONNECT flow>7172 srcPort>34809 dst>fd10:43:100::2/25972 
19:13:11.765599 SHUTDOWN flow>6884 srcPort>46227 dst>fd10:43:100::2/25684 
19:13:11.768045 OFF flow>6884 srcPort>46227 dst>fd10:43:100::2/25684 
19:13:11.828109 SHUTDOWN flow>6892 srcPort>42215 dst>fd10:43:100::2/25692 
19:13:11.829546 OFF flow>6892 srcPort>42215 dst>fd10:43:100::2/25692 
19:13:11.859610 ON flow>7180 srcPort>46221 dst>fd10:43:100::2/25980 
19:13:11.860584 CONNECT flow>7180 srcPort>46221 dst>fd10:43:100::2/25980 
19:13:11.895905 SHUTDOWN flow>6900 srcPort>46419 dst>fd10:43:100::2/25700 
19:13:11.897903 OFF flow>6900 srcPort>46419 dst>fd10:43:100::2/25700 
19:13:11.936124 SHUTDOWN flow>6908 srcPort>36255 dst>fd10:43:100::2/25708 
19:13:11.936818 OFF flow>6908 srcPort>36255 dst>fd10:43:100::2/25708 
19:13:12.024571 ON flow>7188 srcPort>43149 dst>fd10:43:100::2/25988 
19:13:12.025482 CONNECT flow>7188 srcPort>43149 dst>fd10:43:100::2/25988 
19:13:12.033724 SHUTDOWN flow>6916 srcPort>44311 dst>fd10:43:100::2/25716 
19:13:12.034515 OFF flow>6916 srcPort>44311 dst>fd10:43:100::2/25716 
19:13:12.114210 ON flow>7196 srcPort>44833 dst>fd10:43:100::2/25996 
19:13:12.114612 CONNECT flow>7196 srcPort>44833 dst>fd10:43:100::2/25996 
19:13:12.122019 SHUTDOWN flow>6924 srcPort>44123 dst>fd10:43:100::2/25724 
19:13:12.122330 OFF flow>6924 srcPort>44123 dst>fd10:43:100::2/25724 
19:13:12.191821 SHUTDOWN flow>6932 srcPort>46833 dst>fd10:43:100::2/25732 
19:13:12.192345 OFF flow>6932 srcPort>46833 dst>fd10:43:100::2/25732 
19:13:12.246710 ON flow>7204 srcPort>37995 dst>fd10:43:100::2/26004 
19:13:12.247259 CONNECT flow>7204 srcPort>37995 dst>fd10:43:100::2/26004 
19:13:12.330212 ON flow>7212 srcPort>35965 dst>fd10:43:100::2/26012 
19:13:12.330658 CONNECT flow>7212 srcPort>35965 dst>fd10:43:100::2/26012 
19:13:12.334433 SHUTDOWN flow>6940 srcPort>37627 dst>fd10:43:100::2/25740 
19:13:12.335983 OFF flow>6940 srcPort>37627 dst>fd10:43:100::2/25740 
19:13:12.517399 ON flow>7220 srcPort>41307 dst>fd10:43:100::2/26020 
19:13:12.517651 CONNECT flow>7220 srcPort>41307 dst>fd10:43:100::2/26020 
19:13:12.636612 SHUTDOWN flow>6948 srcPort>33089 dst>fd10:43:100::2/25748 
19:13:12.639258 OFF flow>6948 srcPort>33089 dst>fd10:43:100::2/25748 
19:13:12.682919 ON flow>7228 srcPort>37163 dst>fd10:43:100::2/26028 
19:13:12.683707 CONNECT flow>7228 srcPort>37163 dst>fd10:43:100::2/26028 
19:13:12.738614 SHUTDOWN flow>6956 srcPort>46317 dst>fd10:43:100::2/25756 
19:13:12.740071 OFF flow>6956 srcPort>46317 dst>fd10:43:100::2/25756 
19:13:12.845617 SHUTDOWN flow>6964 srcPort>42513 dst>fd10:43:100::2/25764 
19:13:12.846329 OFF flow>6964 srcPort>42513 dst>fd10:43:100::2/25764 
19:13:12.904060 ON flow>7236 srcPort>42539 dst>fd10:43:100::2/26036 
19:13:12.904864 CONNECT flow>7236 srcPort>42539 dst>fd10:43:100::2/26036 
19:13:12.905840 SHUTDOWN flow>6972 srcPort>33379 dst>fd10:43:100::2/25772 
19:13:12.906615 OFF flow>6972 srcPort>33379 dst>fd10:43:100::2/25772 
19:13:12.974627 SHUTDOWN flow>6980 srcPort>44193 dst>fd10:43:100::2/25780 
19:13:12.974956 OFF flow>6980 srcPort>44193 dst>fd10:43:100::2/25780 
19:13:13.088923 SHUTDOWN flow>6988 srcPort>44657 dst>fd10:43:100::2/25788 
19:13:13.089837 OFF flow>6988 srcPort>44657 dst>fd10:43:100::2/25788 
19:13:13.123402 ON flow>7244 srcPort>42131 dst>fd10:43:100::2/26044 
19:13:13.124459 CONNECT flow>7244 srcPort>42131 dst>fd10:43:100::2/26044 
19:13:13.188732 SHUTDOWN flow>6996 srcPort>35151 dst>fd10:43:100::2/25796 
19:13:13.189333 OFF flow>6996 srcPort>35151 dst>fd10:43:100::2/25796 
19:13:13.308366 ON flow>7252 srcPort>44927 dst>fd10:43:100::2/26052 
19:13:13.308848 CONNECT flow>7252 srcPort>44927 dst>fd10:43:100::2/26052 
19:13:13.375039 SHUTDOWN flow>7004 srcPort>36129 dst>fd10:43:100::2/25804 
19:13:13.380054 OFF flow>7004 srcPort>36129 dst>fd10:43:100::2/25804 
19:13:13.447986 ON flow>7260 srcPort>41375 dst>fd10:43:100::2/26060 
19:13:13.448695 CONNECT flow>7260 srcPort>41375 dst>fd10:43:100::2/26060 
19:13:13.451345 SHUTDOWN flow>7012 srcPort>34711 dst>fd10:43:100::2/25812 
19:13:13.451645 OFF flow>7012 srcPort>34711 dst>fd10:43:100::2/25812 
19:13:13.480231 SHUTDOWN flow>7020 srcPort>34381 dst>fd10:43:100::2/25820 
19:13:13.481885 OFF flow>7020 srcPort>34381 dst>fd10:43:100::2/25820 
19:13:13.510426 SHUTDOWN flow>7028 srcPort>39569 dst>fd10:43:100::2/25828 
19:13:13.511665 OFF flow>7028 srcPort>39569 dst>fd10:43:100::2/25828 
19:13:13.537723 ON flow>7268 srcPort>35591 dst>fd10:43:100::2/26068 
19:13:13.538326 CONNECT flow>7268 srcPort>35591 dst>fd10:43:100::2/26068 
19:13:13.584932 SHUTDOWN flow>7036 srcPort>33311 dst>fd10:43:100::2/25836 
19:13:13.586264 OFF flow>7036 srcPort>33311 dst>fd10:43:100::2/25836 
19:13:13.597527 ON flow>7276 srcPort>38129 dst>fd10:43:100::2/26076 
19:13:13.597894 CONNECT flow>7276 srcPort>38129 dst>fd10:43:100::2/26076 
19:13:13.660096 ON flow>7284 srcPort>42015 dst>fd10:43:100::2/26084 
19:13:13.661458 CONNECT flow>7284 srcPort>42015 dst>fd10:43:100::2/26084 
19:13:13.727673 ON flow>7292 srcPort>46823 dst>fd10:43:100::2/26092 
19:13:13.728165 CONNECT flow>7292 srcPort>46823 dst>fd10:43:100::2/26092 
19:13:13.771427 SHUTDOWN flow>7044 srcPort>34343 dst>fd10:43:100::2/25844 
19:13:13.772050 OFF flow>7044 srcPort>34343 dst>fd10:43:100::2/25844 
19:13:13.795523 ON flow>7300 srcPort>34705 dst>fd10:43:100::2/26100 
19:13:13.796172 CONNECT flow>7300 srcPort>34705 dst>fd10:43:100::2/26100 
19:13:13.909124 ON flow>7308 srcPort>43095 dst>fd10:43:100::2/26108 
19:13:13.909816 CONNECT flow>7308 srcPort>43095 dst>fd10:43:100::2/26108 
19:13:13.948933 SHUTDOWN flow>7052 srcPort>44849 dst>fd10:43:100::2/25852 
19:13:13.950082 OFF flow>7052 srcPort>44849 dst>fd10:43:100::2/25852 
19:13:14.040449 ON flow>7316 srcPort>45195 dst>fd10:43:100::2/26116 
19:13:14.040756 CONNECT flow>7316 srcPort>45195 dst>fd10:43:100::2/26116 
19:13:14.108942 ON flow>7324 srcPort>42975 dst>fd10:43:100::2/26124 
19:13:14.109316 CONNECT flow>7324 srcPort>42975 dst>fd10:43:100::2/26124 
19:13:14.231343 SHUTDOWN flow>7060 srcPort>37373 dst>fd10:43:100::2/25860 
19:13:14.231933 OFF flow>7060 srcPort>37373 dst>fd10:43:100::2/25860 
19:13:14.279811 ON flow>7332 srcPort>39073 dst>fd10:43:100::2/26132 
19:13:14.280448 CONNECT flow>7332 srcPort>39073 dst>fd10:43:100::2/26132 
19:13:14.463739 SHUTDOWN flow>7068 srcPort>45633 dst>fd10:43:100::2/25868 
19:13:14.464721 OFF flow>7068 srcPort>45633 dst>fd10:43:100::2/25868 
19:13:14.474097 ON flow>7340 srcPort>39745 dst>fd10:43:100::2/26140 
19:13:14.474750 CONNECT flow>7340 srcPort>39745 dst>fd10:43:100::2/26140 
19:13:14.679344 SHUTDOWN flow>7076 srcPort>46445 dst>fd10:43:100::2/25876 
19:13:14.680424 OFF flow>7076 srcPort>46445 dst>fd10:43:100::2/25876 
19:13:14.917950 SHUTDOWN flow>7084 srcPort>44443 dst>fd10:43:100::2/25884 
19:13:14.918395 OFF flow>7084 srcPort>44443 dst>fd10:43:100::2/25884 
19:13:14.939454 ON flow>7348 srcPort>38875 dst>fd10:43:100::2/26148 
19:13:14.939818 CONNECT flow>7348 srcPort>38875 dst>fd10:43:100::2/26148 
19:13:15.065105 SHUTDOWN flow>7092 srcPort>35567 dst>fd10:43:100::2/25892 
19:13:15.066754 OFF flow>7092 srcPort>35567 dst>fd10:43:100::2/25892 
19:13:15.100553 ON flow>7356 srcPort>37903 dst>fd10:43:100::2/26156 
19:13:15.100819 CONNECT flow>7356 srcPort>37903 dst>fd10:43:100::2/26156 
19:13:15.172392 SHUTDOWN flow>7100 srcPort>35233 dst>fd10:43:100::2/25900 
19:13:15.174149 OFF flow>7100 srcPort>35233 dst>fd10:43:100::2/25900 
19:13:15.249500 ON flow>7364 srcPort>42723 dst>fd10:43:100::2/26164 
19:13:15.250885 CONNECT flow>7364 srcPort>42723 dst>fd10:43:100::2/26164 
19:13:15.340552 SHUTDOWN flow>7108 srcPort>45653 dst>fd10:43:100::2/25908 
19:13:15.341059 OFF flow>7108 srcPort>45653 dst>fd10:43:100::2/25908 
19:13:15.378484 ON flow>7372 srcPort>43947 dst>fd10:43:100::2/26172 
19:13:15.380130 CONNECT flow>7372 srcPort>43947 dst>fd10:43:100::2/26172 
19:13:15.495318 SHUTDOWN flow>7116 srcPort>36733 dst>fd10:43:100::2/25916 
19:13:15.495596 OFF flow>7116 srcPort>36733 dst>fd10:43:100::2/25916 
19:13:15.556256 ON flow>7380 srcPort>42887 dst>fd10:43:100::2/26180 
19:13:15.556509 CONNECT flow>7380 srcPort>42887 dst>fd10:43:100::2/26180 
19:13:15.747944 SHUTDOWN flow>7124 srcPort>44569 dst>fd10:43:100::2/25924 
19:13:15.750773 OFF flow>7124 srcPort>44569 dst>fd10:43:100::2/25924 
19:13:15.847787 ON flow>7388 srcPort>36995 dst>fd10:43:100::2/26188 
19:13:15.849063 CONNECT flow>7388 srcPort>36995 dst>fd10:43:100::2/26188 
19:13:15.864823 SHUTDOWN flow>7132 srcPort>40063 dst>fd10:43:100::2/25932 
19:13:15.865112 OFF flow>7132 srcPort>40063 dst>fd10:43:100::2/25932 
19:13:15.900517 SHUTDOWN flow>7140 srcPort>46273 dst>fd10:43:100::2/25940 
19:13:15.902051 OFF flow>7140 srcPort>46273 dst>fd10:43:100::2/25940 
19:13:16.046229 SHUTDOWN flow>7148 srcPort>33953 dst>fd10:43:100::2/25948 
19:13:16.046723 OFF flow>7148 srcPort>33953 dst>fd10:43:100::2/25948 
19:13:16.054504 ON flow>7396 srcPort>44375 dst>fd10:43:100::2/26196 
19:13:16.055271 CONNECT flow>7396 srcPort>44375 dst>fd10:43:100::2/26196 
19:13:16.183438 SHUTDOWN flow>7156 srcPort>39527 dst>fd10:43:100::2/25956 
19:13:16.183952 OFF flow>7156 srcPort>39527 dst>fd10:43:100::2/25956 
19:13:16.208521 ON flow>7404 srcPort>35913 dst>fd10:43:100::2/26204 
19:13:16.209059 CONNECT flow>7404 srcPort>35913 dst>fd10:43:100::2/26204 
19:13:16.362827 SHUTDOWN flow>7164 srcPort>33501 dst>fd10:43:100::2/25964 
19:13:16.363223 OFF flow>7164 srcPort>33501 dst>fd10:43:100::2/25964 
19:13:16.515234 SHUTDOWN flow>7172 srcPort>34809 dst>fd10:43:100::2/25972 
19:13:16.515792 OFF flow>7172 srcPort>34809 dst>fd10:43:100::2/25972 
19:13:16.659561 SHUTDOWN flow>7180 srcPort>46221 dst>fd10:43:100::2/25980 
19:13:16.660435 OFF flow>7180 srcPort>46221 dst>fd10:43:100::2/25980 
19:13:16.728568 ON flow>7412 srcPort>42043 dst>fd10:43:100::2/26212 
19:13:16.728799 CONNECT flow>7412 srcPort>42043 dst>fd10:43:100::2/26212 
19:13:16.815401 ON flow>7420 srcPort>34029 dst>fd10:43:100::2/26220 
19:13:16.815706 CONNECT flow>7420 srcPort>34029 dst>fd10:43:100::2/26220 
19:13:16.824361 SHUTDOWN flow>7188 srcPort>43149 dst>fd10:43:100::2/25988 
19:13:16.824896 OFF flow>7188 srcPort>43149 dst>fd10:43:100::2/25988 
19:13:16.914135 SHUTDOWN flow>7196 srcPort>44833 dst>fd10:43:100::2/25996 
19:13:16.915200 OFF flow>7196 srcPort>44833 dst>fd10:43:100::2/25996 
19:13:16.960392 ON flow>7428 srcPort>43531 dst>fd10:43:100::2/26228 
19:13:16.960669 CONNECT flow>7428 srcPort>43531 dst>fd10:43:100::2/26228 
19:13:17.018843 ON flow>7436 srcPort>41663 dst>fd10:43:100::2/26236 
19:13:17.019343 CONNECT flow>7436 srcPort>41663 dst>fd10:43:100::2/26236 
19:13:17.046638 SHUTDOWN flow>7204 srcPort>37995 dst>fd10:43:100::2/26004 
19:13:17.046946 OFF flow>7204 srcPort>37995 dst>fd10:43:100::2/26004 
19:13:17.114425 ON flow>7444 srcPort>39631 dst>fd10:43:100::2/26244 
19:13:17.114985 CONNECT flow>7444 srcPort>39631 dst>fd10:43:100::2/26244 
19:13:17.130146 SHUTDOWN flow>7212 srcPort>35965 dst>fd10:43:100::2/26012 
19:13:17.130569 OFF flow>7212 srcPort>35965 dst>fd10:43:100::2/26012 
19:13:17.216684 ON flow>7452 srcPort>34037 dst>fd10:43:100::2/26252 
19:13:17.217272 CONNECT flow>7452 srcPort>34037 dst>fd10:43:100::2/26252 
19:13:17.317356 SHUTDOWN flow>7220 srcPort>41307 dst>fd10:43:100::2/26020 
19:13:17.318370 OFF flow>7220 srcPort>41307 dst>fd10:43:100::2/26020 
19:13:17.365525 ON flow>7460 srcPort>42137 dst>fd10:43:100::2/26260 
19:13:17.365720 CONNECT flow>7460 srcPort>42137 dst>fd10:43:100::2/26260 
19:13:17.482651 SHUTDOWN flow>7228 srcPort>37163 dst>fd10:43:100::2/26028 
19:13:17.483922 OFF flow>7228 srcPort>37163 dst>fd10:43:100::2/26028 
19:13:17.544039 ON flow>7468 srcPort>35933 dst>fd10:43:100::2/26268 
19:13:17.544455 CONNECT flow>7468 srcPort>35933 dst>fd10:43:100::2/26268 
19:13:17.672334 ON flow>7476 srcPort>34503 dst>fd10:43:100::2/26276 
19:13:17.672878 CONNECT flow>7476 srcPort>34503 dst>fd10:43:100::2/26276 
19:13:17.703755 SHUTDOWN flow>7236 srcPort>42539 dst>fd10:43:100::2/26036 
19:13:17.704650 OFF flow>7236 srcPort>42539 dst>fd10:43:100::2/26036 
19:13:17.788242 ON flow>7484 srcPort>35553 dst>fd10:43:100::2/26284 
19:13:17.788717 CONNECT flow>7484 srcPort>35553 dst>fd10:43:100::2/26284 
19:13:17.886017 ON flow>7492 srcPort>43735 dst>fd10:43:100::2/26292 
19:13:17.886432 CONNECT flow>7492 srcPort>43735 dst>fd10:43:100::2/26292 
19:13:17.923246 SHUTDOWN flow>7244 srcPort>42131 dst>fd10:43:100::2/26044 
19:13:17.924853 OFF flow>7244 srcPort>42131 dst>fd10:43:100::2/26044 
19:13:18.000263 ON flow>7500 srcPort>37075 dst>fd10:43:100::2/26300 
19:13:18.000995 CONNECT flow>7500 srcPort>37075 dst>fd10:43:100::2/26300 
19:13:18.105585 ON flow>7508 srcPort>44771 dst>fd10:43:100::2/26308 
19:13:18.105924 CONNECT flow>7508 srcPort>44771 dst>fd10:43:100::2/26308 
19:13:18.108248 SHUTDOWN flow>7252 srcPort>44927 dst>fd10:43:100::2/26052 
19:13:18.109402 OFF flow>7252 srcPort>44927 dst>fd10:43:100::2/26052 
19:13:18.173001 ON flow>7516 srcPort>46691 dst>fd10:43:100::2/26316 
19:13:18.173924 CONNECT flow>7516 srcPort>46691 dst>fd10:43:100::2/26316 
19:13:18.245642 ON flow>7524 srcPort>40879 dst>fd10:43:100::2/26324 
19:13:18.246540 CONNECT flow>7524 srcPort>40879 dst>fd10:43:100::2/26324 
19:13:18.247962 SHUTDOWN flow>7260 srcPort>41375 dst>fd10:43:100::2/26060 
19:13:18.248873 OFF flow>7260 srcPort>41375 dst>fd10:43:100::2/26060 
19:13:18.337656 SHUTDOWN flow>7268 srcPort>35591 dst>fd10:43:100::2/26068 
19:13:18.338093 OFF flow>7268 srcPort>35591 dst>fd10:43:100::2/26068 
19:13:18.397369 SHUTDOWN flow>7276 srcPort>38129 dst>fd10:43:100::2/26076 
19:13:18.397594 OFF flow>7276 srcPort>38129 dst>fd10:43:100::2/26076 
19:13:18.460030 SHUTDOWN flow>7284 srcPort>42015 dst>fd10:43:100::2/26084 
19:13:18.460366 OFF flow>7284 srcPort>42015 dst>fd10:43:100::2/26084 
19:13:18.518965 ON flow>7532 srcPort>43315 dst>fd10:43:100::2/26332 
19:13:18.519140 CONNECT flow>7532 srcPort>43315 dst>fd10:43:100::2/26332 
19:13:18.527533 SHUTDOWN flow>7292 srcPort>46823 dst>fd10:43:100::2/26092 
19:13:18.528303 OFF flow>7292 srcPort>46823 dst>fd10:43:100::2/26092 
19:13:18.595442 SHUTDOWN flow>7300 srcPort>34705 dst>fd10:43:100::2/26100 
19:13:18.596210 OFF flow>7300 srcPort>34705 dst>fd10:43:100::2/26100 
19:13:18.709042 SHUTDOWN flow>7308 srcPort>43095 dst>fd10:43:100::2/26108 
19:13:18.709362 OFF flow>7308 srcPort>43095 dst>fd10:43:100::2/26108 
19:13:18.749087 ON flow>7540 srcPort>43183 dst>fd10:43:100::2/26340 
19:13:18.749407 CONNECT flow>7540 srcPort>43183 dst>fd10:43:100::2/26340 
19:13:18.840236 SHUTDOWN flow>7316 srcPort>45195 dst>fd10:43:100::2/26116 
19:13:18.840994 OFF flow>7316 srcPort>45195 dst>fd10:43:100::2/26116 
19:13:18.908735 SHUTDOWN flow>7324 srcPort>42975 dst>fd10:43:100::2/26124 
19:13:18.909021 OFF flow>7324 srcPort>42975 dst>fd10:43:100::2/26124 
19:13:18.939840 ON flow>7548 srcPort>41211 dst>fd10:43:100::2/26348 
19:13:18.940050 CONNECT flow>7548 srcPort>41211 dst>fd10:43:100::2/26348 
19:13:19.079635 SHUTDOWN flow>7332 srcPort>39073 dst>fd10:43:100::2/26132 
19:13:19.079929 OFF flow>7332 srcPort>39073 dst>fd10:43:100::2/26132 
19:13:19.143698 ON flow>7556 srcPort>33023 dst>fd10:43:100::2/26356 
19:13:19.144062 CONNECT flow>7556 srcPort>33023 dst>fd10:43:100::2/26356 
19:13:19.248588 ON flow>7564 srcPort>41747 dst>fd10:43:100::2/26364 
19:13:19.248800 CONNECT flow>7564 srcPort>41747 dst>fd10:43:100::2/26364 
19:13:19.273954 SHUTDOWN flow>7340 srcPort>39745 dst>fd10:43:100::2/26140 
19:13:19.274353 OFF flow>7340 srcPort>39745 dst>fd10:43:100::2/26140 
19:13:19.336774 ON flow>7572 srcPort>38327 dst>fd10:43:100::2/26372 
19:13:19.337028 CONNECT flow>7572 srcPort>38327 dst>fd10:43:100::2/26372 
19:13:19.449838 ON flow>7580 srcPort>36061 dst>fd10:43:100::2/26380 
19:13:19.450085 CONNECT flow>7580 srcPort>36061 dst>fd10:43:100::2/26380 
19:13:19.630945 ON flow>7588 srcPort>46765 dst>fd10:43:100::2/26388 
19:13:19.631209 CONNECT flow>7588 srcPort>46765 dst>fd10:43:100::2/26388 
19:13:19.739334 SHUTDOWN flow>7348 srcPort>38875 dst>fd10:43:100::2/26148 
19:13:19.739914 OFF flow>7348 srcPort>38875 dst>fd10:43:100::2/26148 
19:13:19.846282 ON flow>7596 srcPort>42591 dst>fd10:43:100::2/26396 
19:13:19.847049 CONNECT flow>7596 srcPort>42591 dst>fd10:43:100::2/26396 
19:13:19.900240 SHUTDOWN flow>7356 srcPort>37903 dst>fd10:43:100::2/26156 
19:13:19.901503 OFF flow>7356 srcPort>37903 dst>fd10:43:100::2/26156 
19:13:19.974588 ON flow>7604 srcPort>44205 dst>fd10:43:100::2/26404 
19:13:19.974919 CONNECT flow>7604 srcPort>44205 dst>fd10:43:100::2/26404 
19:13:20.049150 SHUTDOWN flow>7364 srcPort>42723 dst>fd10:43:100::2/26164 
19:13:20.049994 OFF flow>7364 srcPort>42723 dst>fd10:43:100::2/26164 
19:13:20.113888 ON flow>7612 srcPort>40189 dst>fd10:43:100::2/26412 
19:13:20.114187 CONNECT flow>7612 srcPort>40189 dst>fd10:43:100::2/26412 
19:13:20.178243 SHUTDOWN flow>7372 srcPort>43947 dst>fd10:43:100::2/26172 
19:13:20.178604 OFF flow>7372 srcPort>43947 dst>fd10:43:100::2/26172 
19:13:20.355949 SHUTDOWN flow>7380 srcPort>42887 dst>fd10:43:100::2/26180 
19:13:20.356397 OFF flow>7380 srcPort>42887 dst>fd10:43:100::2/26180 
19:13:20.370524 ON flow>7620 srcPort>33331 dst>fd10:43:100::2/26420 
19:13:20.371305 CONNECT flow>7620 srcPort>33331 dst>fd10:43:100::2/26420 
19:13:20.467423 ON flow>7628 srcPort>41335 dst>fd10:43:100::2/26428 
19:13:20.467673 CONNECT flow>7628 srcPort>41335 dst>fd10:43:100::2/26428 
19:13:20.647452 SHUTDOWN flow>7388 srcPort>36995 dst>fd10:43:100::2/26188 
19:13:20.647824 OFF flow>7388 srcPort>36995 dst>fd10:43:100::2/26188 
19:13:20.648983 ON flow>7636 srcPort>33099 dst>fd10:43:100::2/26436 
19:13:20.649359 CONNECT flow>7636 srcPort>33099 dst>fd10:43:100::2/26436 
19:13:20.823108 ON flow>7644 srcPort>37835 dst>fd10:43:100::2/26444 
19:13:20.823454 CONNECT flow>7644 srcPort>37835 dst>fd10:43:100::2/26444 
19:13:20.854256 SHUTDOWN flow>7396 srcPort>44375 dst>fd10:43:100::2/26196 
19:13:20.854929 OFF flow>7396 srcPort>44375 dst>fd10:43:100::2/26196 
19:13:20.996077 ON flow>7652 srcPort>46025 dst>fd10:43:100::2/26452 
19:13:20.996518 CONNECT flow>7652 srcPort>46025 dst>fd10:43:100::2/26452 
19:13:21.008242 SHUTDOWN flow>7404 srcPort>35913 dst>fd10:43:100::2/26204 
19:13:21.008829 OFF flow>7404 srcPort>35913 dst>fd10:43:100::2/26204 
19:13:21.136499 ON flow>7660 srcPort>40499 dst>fd10:43:100::2/26460 
19:13:21.136860 CONNECT flow>7660 srcPort>40499 dst>fd10:43:100::2/26460 
19:13:21.230159 ON flow>7668 srcPort>37173 dst>fd10:43:100::2/26468 
19:13:21.231693 CONNECT flow>7668 srcPort>37173 dst>fd10:43:100::2/26468 
19:13:21.376345 ON flow>7676 srcPort>40795 dst>fd10:43:100::2/26476 
19:13:21.376515 CONNECT flow>7676 srcPort>40795 dst>fd10:43:100::2/26476 
19:13:21.476012 ON flow>7684 srcPort>36729 dst>fd10:43:100::2/26484 
19:13:21.476926 CONNECT flow>7684 srcPort>36729 dst>fd10:43:100::2/26484 
19:13:21.528388 SHUTDOWN flow>7412 srcPort>42043 dst>fd10:43:100::2/26212 
19:13:21.529586 OFF flow>7412 srcPort>42043 dst>fd10:43:100::2/26212 
19:13:21.615153 SHUTDOWN flow>7420 srcPort>34029 dst>fd10:43:100::2/26220 
19:13:21.615801 OFF flow>7420 srcPort>34029 dst>fd10:43:100::2/26220 
19:13:21.637041 ON flow>7692 srcPort>34849 dst>fd10:43:100::2/26492 
19:13:21.637309 CONNECT flow>7692 srcPort>34849 dst>fd10:43:100::2/26492 
19:13:21.760209 SHUTDOWN flow>7428 srcPort>43531 dst>fd10:43:100::2/26228 
19:13:21.760550 OFF flow>7428 srcPort>43531 dst>fd10:43:100::2/26228 
19:13:21.818750 SHUTDOWN flow>7436 srcPort>41663 dst>fd10:43:100::2/26236 
19:13:21.819323 OFF flow>7436 srcPort>41663 dst>fd10:43:100::2/26236 
19:13:21.914352 SHUTDOWN flow>7444 srcPort>39631 dst>fd10:43:100::2/26244 
19:13:21.915398 OFF flow>7444 srcPort>39631 dst>fd10:43:100::2/26244 
19:13:22.016473 SHUTDOWN flow>7452 srcPort>34037 dst>fd10:43:100::2/26252 
19:13:22.016843 OFF flow>7452 srcPort>34037 dst>fd10:43:100::2/26252 
19:13:22.165366 SHUTDOWN flow>7460 srcPort>42137 dst>fd10:43:100::2/26260 
19:13:22.165718 OFF flow>7460 srcPort>42137 dst>fd10:43:100::2/26260 
19:13:22.343979 SHUTDOWN flow>7468 srcPort>35933 dst>fd10:43:100::2/26268 
19:13:22.344584 OFF flow>7468 srcPort>35933 dst>fd10:43:100::2/26268 
19:13:22.472255 SHUTDOWN flow>7476 srcPort>34503 dst>fd10:43:100::2/26276 
19:13:22.472610 OFF flow>7476 srcPort>34503 dst>fd10:43:100::2/26276 
19:13:22.588160 SHUTDOWN flow>7484 srcPort>35553 dst>fd10:43:100::2/26284 
19:13:22.588885 OFF flow>7484 srcPort>35553 dst>fd10:43:100::2/26284 
19:13:22.685968 SHUTDOWN flow>7492 srcPort>43735 dst>fd10:43:100::2/26292 
19:13:22.686413 OFF flow>7492 srcPort>43735 dst>fd10:43:100::2/26292 
19:13:22.800166 SHUTDOWN flow>7500 srcPort>37075 dst>fd10:43:100::2/26300 
19:13:22.800554 OFF flow>7500 srcPort>37075 dst>fd10:43:100::2/26300 
19:13:22.905372 SHUTDOWN flow>7508 srcPort>44771 dst>fd10:43:100::2/26308 
19:13:22.905614 OFF flow>7508 srcPort>44771 dst>fd10:43:100::2/26308 
19:13:22.972862 SHUTDOWN flow>7516 srcPort>46691 dst>fd10:43:100::2/26316 
19:13:22.973355 OFF flow>7516 srcPort>46691 dst>fd10:43:100::2/26316 
19:13:23.045563 SHUTDOWN flow>7524 srcPort>40879 dst>fd10:43:100::2/26324 
19:13:23.046005 OFF flow>7524 srcPort>40879 dst>fd10:43:100::2/26324 
19:13:23.318768 SHUTDOWN flow>7532 srcPort>43315 dst>fd10:43:100::2/26332 
19:13:23.319071 OFF flow>7532 srcPort>43315 dst>fd10:43:100::2/26332 
19:13:23.548848 SHUTDOWN flow>7540 srcPort>43183 dst>fd10:43:100::2/26340 
19:13:23.549168 OFF flow>7540 srcPort>43183 dst>fd10:43:100::2/26340 
19:13:23.739648 SHUTDOWN flow>7548 srcPort>41211 dst>fd10:43:100::2/26348 
19:13:23.739904 OFF flow>7548 srcPort>41211 dst>fd10:43:100::2/26348 
19:13:23.943459 SHUTDOWN flow>7556 srcPort>33023 dst>fd10:43:100::2/26356 
19:13:23.944109 OFF flow>7556 srcPort>33023 dst>fd10:43:100::2/26356 
19:13:24.048453 SHUTDOWN flow>7564 srcPort>41747 dst>fd10:43:100::2/26364 
19:13:24.048738 OFF flow>7564 srcPort>41747 dst>fd10:43:100::2/26364 
19:13:24.136685 SHUTDOWN flow>7572 srcPort>38327 dst>fd10:43:100::2/26372 
19:13:24.137153 OFF flow>7572 srcPort>38327 dst>fd10:43:100::2/26372 
19:13:24.249756 SHUTDOWN flow>7580 srcPort>36061 dst>fd10:43:100::2/26380 
19:13:24.250355 OFF flow>7580 srcPort>36061 dst>fd10:43:100::2/26380 
19:13:24.430661 SHUTDOWN flow>7588 srcPort>46765 dst>fd10:43:100::2/26388 
19:13:24.430942 OFF flow>7588 srcPort>46765 dst>fd10:43:100::2/26388 
19:13:24.646051 SHUTDOWN flow>7596 srcPort>42591 dst>fd10:43:100::2/26396 
19:13:24.646353 OFF flow>7596 srcPort>42591 dst>fd10:43:100::2/26396 
19:13:24.774456 SHUTDOWN flow>7604 srcPort>44205 dst>fd10:43:100::2/26404 
19:13:24.774727 OFF flow>7604 srcPort>44205 dst>fd10:43:100::2/26404 
19:13:24.913751 SHUTDOWN flow>7612 srcPort>40189 dst>fd10:43:100::2/26412 
19:13:24.914064 OFF flow>7612 srcPort>40189 dst>fd10:43:100::2/26412 
19:13:25.170355 SHUTDOWN flow>7620 srcPort>33331 dst>fd10:43:100::2/26420 
19:13:25.170854 OFF flow>7620 srcPort>33331 dst>fd10:43:100::2/26420 
19:13:25.267353 SHUTDOWN flow>7628 srcPort>41335 dst>fd10:43:100::2/26428 
19:13:25.267683 OFF flow>7628 srcPort>41335 dst>fd10:43:100::2/26428 
19:13:25.448756 SHUTDOWN flow>7636 srcPort>33099 dst>fd10:43:100::2/26436 
19:13:25.449062 OFF flow>7636 srcPort>33099 dst>fd10:43:100::2/26436 
19:13:25.622860 SHUTDOWN flow>7644 srcPort>37835 dst>fd10:43:100::2/26444 
19:13:25.623174 OFF flow>7644 srcPort>37835 dst>fd10:43:100::2/26444 
19:13:25.795862 SHUTDOWN flow>7652 srcPort>46025 dst>fd10:43:100::2/26452 
19:13:25.796282 OFF flow>7652 srcPort>46025 dst>fd10:43:100::2/26452 
19:13:25.936261 SHUTDOWN flow>7660 srcPort>40499 dst>fd10:43:100::2/26460 
19:13:25.936573 OFF flow>7660 srcPort>40499 dst>fd10:43:100::2/26460 
19:13:26.029976 SHUTDOWN flow>7668 srcPort>37173 dst>fd10:43:100::2/26468 
19:13:26.030276 OFF flow>7668 srcPort>37173 dst>fd10:43:100::2/26468 
19:13:26.176161 SHUTDOWN flow>7676 srcPort>40795 dst>fd10:43:100::2/26476 
19:13:26.176460 OFF flow>7676 srcPort>40795 dst>fd10:43:100::2/26476 
19:13:26.275874 SHUTDOWN flow>7684 srcPort>36729 dst>fd10:43:100::2/26484 
19:13:26.276268 OFF flow>7684 srcPort>36729 dst>fd10:43:100::2/26484 
19:13:26.436869 SHUTDOWN flow>7692 srcPort>34849 dst>fd10:43:100::2/26492 
19:13:26.437238 OFF flow>7692 srcPort>34849 dst>fd10:43:100::2/26492 
19:13:26.437404 STOP
